date,product,role,contract,expire,spot,future,basis_raw,dpv_pts,basis_adj,annualized_rate,announced_ratio
2015-01-05,IF,current,IF1501,2015-01-16,3641.541,3671.4,29.858999999999924,0.09237732683232315,29.951377326832247,27.291774464546165,1.0
2015-01-05,IF,next,IF1502,2015-02-20,3641.541,3726.8,85.25900000000001,0.09237732683232315,85.35137732683233,18.597748163241043,1.0
2015-01-05,IF,q1,IF1503,2015-03-20,3641.541,3766.0,124.45899999999983,0.1298441003612055,124.58884410036104,16.875439693247692,0.7114480101548257
2015-01-05,IF,q2,IF1506,2015-06-19,3641.541,3801.8,160.25900000000001,22.262055075005453,182.52105507500548,11.08757796740895,0.004149541743611939
2015-01-06,IF,current,IF1501,2015-01-16,3641.059,3656.8,15.740999999999985,0.09236509962644157,15.833365099626427,15.87224557845299,1.0
2015-01-06,IF,next,IF1502,2015-02-20,3641.059,3712.4,71.3409999999999,0.09236509962644157,71.43336509962634,15.913061594542574,1.0
2015-01-06,IF,q1,IF1503,2015-03-20,3641.059,3757.6,116.54099999999971,0.12982691399522087,116.67082691399493,16.02155127313165,0.7114480101548257
2015-01-06,IF,q2,IF1506,2015-06-19,3641.059,3796.0,154.9409999999998,22.259108434957696,177.20010843495749,10.831417181495468,0.004149541743611939
2015-01-07,IF,current,IF1501,2015-01-16,3643.79,3663.2,19.409999999999854,0.09243437867055478,19.502434378670408,21.706301979882056,1.0
2015-01-07,IF,next,IF1502,2015-02-20,3643.79,3719.6,75.80999999999995,0.09243437867055478,75.9024343786705,17.2799528589081,1.0
2015-01-07,IF,q1,IF1503,2015-03-20,3643.79,3765.8,122.01000000000022,0.12992429151701354,122.13992429151723,16.99278939358462,0.7114480101548257
2015-01-07,IF,q2,IF1506,2015-06-19,3643.79,3799.4,155.61000000000013,22.27580402410796,177.8858040241081,10.931838611442316,0.004149541743611939
2015-01-08,IF,current,IF1501,2015-01-16,3559.259,3562.0,2.7409999999999854,0.0902900260971626,2.831290026097148,3.629339911500747,1.0
2015-01-08,IF,next,IF1502,2015-02-20,3559.259,3611.6,52.340999999999894,0.0902900260971626,52.43129002609706,12.50418413098712,1.0
2015-01-08,IF,q1,IF1503,2015-03-20,3559.259,3657.0,97.74099999999999,0.12691022366836566,97.86791022366835,14.135632271377292,0.7114480101548257
2015-01-08,IF,q2,IF1506,2015-06-19,3559.259,3690.4,131.14100000000008,21.75903549739213,152.9000354973922,9.678896465779513,0.004149541743611939
2015-01-09,IF,current,IF1501,2015-01-16,3546.723,3528.0,-18.722999999999956,0.0,-18.722999999999956,-27.525992706103974,
2015-01-09,IF,next,IF1502,2015-02-20,3546.723,3573.0,26.277000000000044,0.0,26.277000000000044,6.438609467306673,
2015-01-09,IF,q1,IF1503,2015-03-20,3546.723,3613.0,66.27700000000004,0.03649121825366741,66.31349121825372,9.749210466217734,0.0
2015-01-09,IF,q2,IF1506,2015-06-19,3546.723,3658.0,111.27700000000004,21.59242638543239,132.86942638543243,8.493071440961106,0.0
2015-01-12,IF,current,IF1501,2015-01-16,3513.576,3537.6,24.023999999999887,0.0,24.023999999999887,62.39199038244767,
2015-01-12,IF,next,IF1502,2015-02-20,3513.576,3576.0,62.42399999999998,0.0,62.42399999999998,16.62763564484204,
2015-01-12,IF,q1,IF1503,2015-03-20,3513.576,3617.0,103.42399999999998,0.036150178253798716,103.46015017825378,16.041383230918914,0.0
2015-01-12,IF,q2,IF1506,2015-06-19,3513.576,3666.0,152.42399999999998,21.390627666615632,173.81462766661562,11.428066214064687,0.0
2015-01-13,IF,current,IF1501,2015-01-16,3514.04,3529.6,15.559999999999945,0.0,15.559999999999945,53.87341445553627,
2015-01-13,IF,next,IF1502,2015-02-20,3514.04,3577.4,63.36000000000013,0.0,63.36000000000013,17.31879755734743,
2015-01-13,IF,q1,IF1503,2015-03-20,3514.04,3612.4,98.36000000000013,0.03615495221705147,98.39615495221717,15.48532611758583,0.0
2015-01-13,IF,q2,IF1506,2015-06-19,3514.04,3660.8,146.76000000000022,21.393452495575445,168.15345249557566,11.12480225110545,0.0
2015-01-14,IF,current,IF1501,2015-01-16,3502.423,3504.2,1.7770000000000437,0.0,1.7770000000000437,9.259375580848115,
2015-01-14,IF,next,IF1502,2015-02-20,3502.423,3559.0,56.577000000000226,0.0,56.577000000000226,15.93538129059402,
2015-01-14,IF,q1,IF1503,2015-03-20,3502.423,3594.6,92.17700000000013,0.03603542822759617,92.21303542822773,14.784383853166409,0.0
2015-01-14,IF,q2,IF1506,2015-06-19,3502.423,3640.4,137.97700000000032,21.322728275691468,159.2997282756918,10.641790499918073,0.0
2015-01-15,IF,current,IF1501,2015-01-16,3604.121,3625.0,20.878999999999905,0.0,20.878999999999905,211.447812101757,
2015-01-15,IF,next,IF1502,2015-02-20,3604.121,3683.6,79.47899999999981,0.0,79.47899999999981,22.35853762956344,
2015-01-15,IF,q1,IF1503,2015-03-20,3604.121,3736.2,132.07899999999972,0.037081769854489924,132.11608176985422,20.905916556178326,0.0
2015-01-15,IF,q2,IF1506,2015-06-19,3604.121,3787.6,183.47899999999981,21.941865033353597,205.4208650333534,13.421663833038938,0.0
2015-01-16,IF,current,IF1501,2015-01-16,3635.146,3641.2,6.053999999999633,0.0,6.053999999999633,,
2015-01-16,IF,next,IF1502,2015-02-20,3635.146,3667.2,32.05399999999963,0.0,32.05399999999963,9.195708468694923,
2015-01-16,IF,q1,IF1503,2015-03-20,3635.146,3715.8,80.654,0.03740097720344839,80.69140097720344,12.860495818114847,0.0
2015-01-16,IF,q2,IF1506,2015-06-19,3635.146,3770.0,134.85399999999981,22.130745030073964,156.98474503007378,10.235468763854314,0.0
2015-01-19,IF,current,IF1502,2015-02-20,3355.155,3316.2,-38.95500000000038,0.0,-38.95500000000038,-13.243217340182623,
2015-01-19,IF,next,IF1503,2015-03-20,3355.155,3359.6,4.444999999999709,0.03452022990796955,4.479520229907679,0.8121954047410143,0.0
2015-01-19,IF,q1,IF1503,2015-03-20,3355.155,3359.6,4.444999999999709,0.03452022990796955,4.479520229907679,0.8121954047410143,0.0
2015-01-19,IF,q2,IF1506,2015-06-19,3355.155,3409.6,54.44499999999971,20.42616165660961,74.87116165660932,5.394086422110974,0.0
2015-01-20,IF,current,IF1502,2015-02-20,3396.222,3394.4,-1.8220000000001164,0.0,-1.8220000000001164,-0.6316601401546382,
2015-01-20,IF,next,IF1503,2015-03-20,3396.222,3432.8,36.577999999999975,0.03494275652198011,36.61294275652195,6.669287178782533,0.0
2015-01-20,IF,q1,IF1503,2015-03-20,3396.222,3432.8,36.577999999999975,0.03494275652198011,36.61294275652195,6.669287178782533,0.0
2015-01-20,IF,q2,IF1506,2015-06-19,3396.222,3494.0,97.77799999999979,20.67617728353355,118.45417728353334,8.48703347592112,0.0
2015-01-21,IF,current,IF1502,2015-02-20,3548.885,3546.0,-2.8850000000002183,0.0,-2.8850000000002183,-0.9890665190147325,
2015-01-21,IF,next,IF1503,2015-03-20,3548.885,3581.0,32.11499999999978,0.036513462453133916,32.15151346245292,5.7013061916024395,0.0
2015-01-21,IF,q1,IF1503,2015-03-20,3548.885,3581.0,32.11499999999978,0.036513462453133916,32.15151346245292,5.7013061916024395,0.0
2015-01-21,IF,q2,IF1506,2015-06-19,3548.885,3650.0,101.11499999999978,21.6055886272667,122.72058862726648,8.470949628720662,0.0
2015-01-22,IF,current,IF1502,2015-02-20,3567.613,3561.2,-6.413000000000011,0.0,-6.413000000000011,-2.262446762795918,
2015-01-22,IF,next,IF1503,2015-03-20,3567.613,3595.0,27.38700000000017,0.03670614948718046,27.42370614948735,4.922281169147778,0.0
2015-01-22,IF,q1,IF1503,2015-03-20,3567.613,3595.0,27.38700000000017,0.03670614948718046,27.42370614948735,4.922281169147778,0.0
2015-01-22,IF,q2,IF1506,2015-06-19,3567.613,3654.6,86.98700000000008,21.719604568558527,108.7066045685586,7.514660110185243,0.0
2015-01-23,IF,current,IF1502,2015-02-20,3571.732,3597.0,25.26800000000003,0.0,25.26800000000003,9.222036495779328,
2015-01-23,IF,next,IF1503,2015-03-20,3571.732,3632.2,60.46799999999985,0.03674852869976258,60.50474852869961,11.041178547958243,0.0
2015-01-23,IF,q1,IF1503,2015-03-20,3571.732,3632.2,60.46799999999985,0.03674852869976258,60.50474852869961,11.041178547958243,0.0
2015-01-23,IF,q2,IF1506,2015-06-19,3571.732,3691.6,119.86799999999994,21.74468101357033,141.61268101357027,9.844616662311827,0.0
2015-01-26,IF,current,IF1502,2015-02-20,3607.985,3626.8,18.815000000000055,0.0,18.815000000000055,7.613640300611029,
2015-01-26,IF,next,IF1503,2015-03-20,3607.985,3658.0,50.01499999999987,0.037121525445025796,50.052121525444896,9.55376956305454,0.0
2015-01-26,IF,q1,IF1503,2015-03-20,3607.985,3658.0,50.01499999999987,0.037121525445025796,50.052121525444896,9.55376956305454,0.0
2015-01-26,IF,q2,IF1506,2015-06-19,3607.985,3713.0,105.01499999999987,21.965389040036193,126.98038904003607,8.920769179644664,0.0
2015-01-27,IF,current,IF1502,2015-02-20,3574.931,3574.6,-0.33100000000013097,0.0,-0.33100000000013097,-0.1408127410944526,
2015-01-27,IF,next,IF1503,2015-03-20,3574.931,3605.0,30.06899999999996,0.03678144229555043,30.10578144229551,5.911147024418019,0.0
2015-01-27,IF,q1,IF1503,2015-03-20,3574.931,3605.0,30.06899999999996,0.03678144229555043,30.10578144229551,5.911147024418019,0.0
2015-01-27,IF,q2,IF1506,2015-06-19,3574.931,3660.0,85.06899999999996,21.76415650461009,106.83315650461005,7.627728446799063,0.0
2015-01-28,IF,current,IF1502,2015-02-20,3525.323,3523.6,-1.7229999999999563,0.0,-1.7229999999999563,-0.7756242724302007,
2015-01-28,IF,next,IF1503,2015-03-20,3525.323,3556.2,30.876999999999953,0.03627103977606189,30.913271039776014,6.275794808977533,0.0
2015-01-28,IF,q1,IF1503,2015-03-20,3525.323,3556.2,30.876999999999953,0.03627103977606189,30.913271039776014,6.275794808977533,0.0
2015-01-28,IF,q2,IF1506,2015-06-19,3525.323,3605.4,80.07700000000023,21.462143325647837,101.53914332564807,7.403534433874359,0.0
2015-01-29,IF,current,IF1502,2015-02-20,3481.798,3493.6,11.802000000000135,0.0,11.802000000000135,5.623701004219984,
2015-01-29,IF,next,IF1503,2015-03-20,3481.798,3519.0,37.202000000000226,0.03582322350326842,37.2378232235035,7.807348660995715,0.0
2015-01-29,IF,q1,IF1503,2015-03-20,3481.798,3519.0,37.202000000000226,0.03582322350326842,37.2378232235035,7.807348660995715,0.0
2015-01-29,IF,q2,IF1506,2015-06-19,3481.798,3561.6,79.80200000000013,21.197163410829017,100.99916341082915,7.50910119055115,0.0
2015-01-30,IF,current,IF1502,2015-02-20,3434.39,3429.2,-5.190000000000055,0.0,-5.190000000000055,-2.6265841345084224,
2015-01-30,IF,next,IF1503,2015-03-20,3434.39,3452.0,17.610000000000127,0.03533545615437485,17.645335456154502,3.827164174831864,0.0
2015-01-30,IF,q1,IF1503,2015-03-20,3434.39,3452.0,17.610000000000127,0.03533545615437485,17.645335456154502,3.827164174831864,0.0
2015-01-30,IF,q2,IF1506,2015-06-19,3434.39,3492.6,58.210000000000036,20.908543817452095,79.11854381745214,6.006113061743557,0.0
2015-02-02,IF,current,IF1502,2015-02-20,3353.96,3397.0,43.039999999999964,0.0,43.039999999999964,26.021644729083075,
2015-02-02,IF,next,IF1503,2015-03-20,3353.96,3412.8,58.840000000000146,0.034507934894850927,58.87450793489499,13.928503072705666,0.0
2015-02-02,IF,q1,IF1503,2015-03-20,3353.96,3412.8,58.840000000000146,0.034507934894850927,58.87450793489499,13.928503072705666,0.0
2015-02-02,IF,q2,IF1506,2015-06-19,3353.96,3449.0,95.03999999999996,20.4188865044394,115.45888650443936,9.1715298377698,0.0
2015-02-03,IF,current,IF1502,2015-02-20,3437.445,3455.4,17.954999999999927,0.0,17.954999999999927,11.214853234443147,
2015-02-03,IF,next,IF1503,2015-03-20,3437.445,3482.0,44.554999999999836,0.03536688817536013,44.5903668881752,10.521693301716793,0.0
2015-02-03,IF,q1,IF1503,2015-03-20,3437.445,3482.0,44.554999999999836,0.03536688817536013,44.5903668881752,10.521693301716793,0.0
2015-02-03,IF,q2,IF1506,2015-06-19,3437.445,3529.2,91.75499999999965,20.92714263743536,112.68214263743502,8.797783986503951,0.0
2015-02-04,IF,current,IF1502,2015-02-20,3401.768,3392.0,-9.768000000000029,0.0,-9.768000000000029,-6.550490803605674,
2015-02-04,IF,next,IF1503,2015-03-20,3401.768,3417.8,16.032000000000153,0.03499981772930722,16.06699981772946,3.9180528087100943,0.0
2015-02-04,IF,q1,IF1503,2015-03-20,3401.768,3417.8,16.032000000000153,0.03499981772930722,16.06699981772946,3.9180528087100943,0.0
2015-02-04,IF,q2,IF1506,2015-06-19,3401.768,3465.0,63.23199999999997,20.709941295195474,83.94194129519545,6.671652434143034,0.0
2015-02-05,IF,current,IF1502,2015-02-20,3366.946,3355.2,-11.746000000000095,0.0,-11.746000000000095,-8.488978835221465,
2015-02-05,IF,next,IF1503,2015-03-20,3366.946,3382.0,15.054000000000087,0.03464154413364463,15.088641544133733,3.8039815252414533,0.0
2015-02-05,IF,q1,IF1503,2015-03-20,3366.946,3382.0,15.054000000000087,0.03464154413364463,15.088641544133733,3.8039815252414533,0.0
2015-02-05,IF,q2,IF1506,2015-06-19,3366.946,3426.4,59.45400000000018,20.497945187353523,79.9519451873537,6.468162904585746,0.0
2015-02-06,IF,current,IF1502,2015-02-20,3312.42,3344.6,32.179999999999836,0.0,32.179999999999836,25.328266688057887,
2015-02-06,IF,next,IF1503,2015-03-20,3312.42,3370.8,58.38000000000011,0.03408054171916246,58.41408054171927,15.32553770766901,0.0
2015-02-06,IF,q1,IF1503,2015-03-20,3312.42,3370.8,58.38000000000011,0.03408054171916246,58.41408054171927,15.32553770766901,0.0
2015-02-06,IF,q2,IF1506,2015-06-19,3312.42,3424.4,111.98000000000002,20.165991256614614,132.14599125661462,10.948378882945661,0.0
2015-02-09,IF,current,IF1502,2015-02-20,3345.921,3376.2,30.278999999999996,0.0,30.278999999999996,30.027973545318993,
2015-02-09,IF,next,IF1503,2015-03-20,3345.921,3408.8,62.87900000000036,0.03442522392375416,62.913425223924115,17.597699811380977,0.0
2015-02-09,IF,q1,IF1503,2015-03-20,3345.921,3408.8,62.87900000000036,0.03442522392375416,62.913425223924115,17.597699811380977,0.0
2015-02-09,IF,q2,IF1506,2015-06-19,3345.921,3464.4,118.47900000000027,20.36994512511192,138.84894512511218,11.651354444978493,0.0
2015-02-10,IF,current,IF1502,2015-02-20,3406.943,3437.4,30.45699999999988,0.0,30.45699999999988,32.62985321445048,
2015-02-10,IF,next,IF1503,2015-03-20,3406.943,3474.2,67.2569999999996,0.03505306182377491,67.29205306182338,18.971784326706665,0.0
2015-02-10,IF,q1,IF1503,2015-03-20,3406.943,3474.2,67.2569999999996,0.03505306182377491,67.29205306182338,18.971784326706665,0.0
2015-02-10,IF,q2,IF1506,2015-06-19,3406.943,3529.6,122.6569999999997,20.741446661288233,143.39844666128792,11.90920396792237,0.0
2015-02-11,IF,current,IF1502,2015-02-20,3434.124,3447.0,12.876000000000204,0.0,12.876000000000204,15.206012751238502,
2015-02-11,IF,next,IF1503,2015-03-20,3434.124,3486.2,52.07600000000002,0.03533271935647564,52.1113327193565,14.969501835241324,0.0
2015-02-11,IF,q1,IF1503,2015-03-20,3434.124,3486.2,52.07600000000002,0.03533271935647564,52.1113327193565,14.969501835241324,0.0
2015-02-11,IF,q2,IF1506,2015-06-19,3434.124,3544.8,110.67600000000039,20.906536565475317,131.5825365654757,10.926100132813762,0.0005580402192873005
2015-02-12,IF,current,IF1502,2015-02-20,3442.874,3455.8,12.926000000000386,0.0,12.926000000000386,17.129547871923794,
2015-02-12,IF,next,IF1503,2015-03-20,3442.874,3490.0,47.126000000000204,0.03542274560316014,47.16142274560336,13.888525257084334,0.0
2015-02-12,IF,q1,IF1503,2015-03-20,3442.874,3490.0,47.126000000000204,0.03542274560316014,47.16142274560336,13.888525257084334,0.0
2015-02-12,IF,q2,IF1506,2015-06-19,3442.874,3550.6,107.72600000000011,20.95980551993005,128.68580551993017,10.742334212997564,0.0005580402192873005
2015-02-13,IF,current,IF1502,2015-02-20,3469.828,3466.0,-3.8279999999999745,0.0,-3.8279999999999745,-5.752528861455261,
2015-02-13,IF,next,IF1503,2015-03-20,3469.828,3500.0,30.172000000000025,0.03570006759780403,30.20770006759783,9.078927193157872,0.0
2015-02-13,IF,q1,IF1503,2015-03-20,3469.828,3500.0,30.172000000000025,0.03570006759780403,30.20770006759783,9.078927193157872,0.0
2015-02-13,IF,q2,IF1506,2015-06-19,3469.828,3558.0,88.17200000000003,21.12389825117267,109.2958982511727,9.12469245803658,0.0005580402192873005
2015-02-16,IF,current,IF1502,2015-02-20,3499.483,3506.8,7.317000000000007,0.0,7.317000000000007,19.079282568310823,
2015-02-16,IF,next,IF1503,2015-03-20,3499.483,3544.8,45.31700000000001,0.049883539506497696,45.3668835395065,14.786927536796037,1.0
2015-02-16,IF,q1,IF1503,2015-03-20,3499.483,3544.8,45.31700000000001,0.049883539506497696,45.3668835395065,14.786927536796037,1.0
2015-02-16,IF,q2,IF1506,2015-06-19,3499.483,3608.8,109.31700000000001,21.208027958517963,130.52502795851797,11.068216862867438,0.005837019331644061
2015-02-17,IF,current,IF1502,2015-02-20,3522.322,3519.0,-3.3220000000001164,0.0,-3.3220000000001164,-11.474722261811408,
2015-02-17,IF,next,IF1503,2015-03-20,3522.322,3558.0,35.677999999999884,0.050209099070235796,35.72820909907012,11.942998086764826,1.0
2015-02-17,IF,q1,IF1503,2015-03-20,3522.322,3558.0,35.677999999999884,0.050209099070235796,35.72820909907012,11.942998086764826,1.0
2015-02-17,IF,q2,IF1506,2015-06-19,3522.322,3614.8,92.47800000000007,21.119715691850253,113.59771569185031,9.648806050622419,0.032405169923618526
2015-02-25,IF,current,IF1503,2015-03-20,3478.729,3487.8,9.071000000000367,0.049587700670041604,9.12058770067041,4.1607081591215085,1.0
2015-02-25,IF,next,IF1504,2015-04-17,3478.729,,,1.5139521865910008,,,0.38121878687869787
2015-02-25,IF,q1,IF1506,2015-06-19,3478.729,3536.0,57.271000000000186,20.858333635878417,78.1293336358786,7.190871626999121,0.032405169923618526
2015-02-25,IF,q2,IF1509,2015-09-18,3478.729,3555.8,77.07100000000037,50.9737737436285,128.04477374362887,6.553605012891209,0.0132601099772146
2015-02-26,IF,current,IF1503,2015-03-20,3566.295,3612.6,46.304999999999836,0.050835914197704404,46.35583591419754,21.565390958559234,1.0
2015-02-26,IF,next,IF1504,2015-04-17,3566.295,3644.6,78.30499999999984,1.5520611445382935,79.85706114453814,16.346279440010665,0.38121878687869787
2015-02-26,IF,q1,IF1506,2015-06-19,3566.295,3676.8,110.50500000000011,21.383376214118726,131.88837621411884,11.945481983664333,0.032405169923618526
2015-02-26,IF,q2,IF1509,2015-09-18,3566.295,3701.2,134.90499999999975,52.25687727702664,187.16187727702638,9.389940167502697,0.0132601099772146
2015-02-27,IF,current,IF1503,2015-03-20,3572.843,3587.2,14.356999999999971,0.05092925296136993,14.40792925296134,7.009083025866289,1.0
2015-02-27,IF,next,IF1504,2015-04-17,3572.843,3615.0,42.15700000000015,1.5549108516921988,43.71191085169235,9.113446402611114,0.38121878687869787
2015-02-27,IF,q1,IF1506,2015-06-19,3572.843,3646.0,73.15700000000015,21.422637785988144,94.5796377859883,8.626975320665435,0.032405169923618526
2015-02-27,IF,q2,IF1509,2015-09-18,3572.843,3673.6,100.75700000000006,52.352825041417965,153.10982504141802,7.705236161735001,0.0132601099772146
2015-03-02,IF,current,IF1503,2015-03-20,3601.265,3606.2,4.934999999999945,0.05133439565240563,4.986334395652351,2.8076739923534713,1.0
2015-03-02,IF,next,IF1504,2015-04-17,3601.265,3630.0,28.735000000000127,1.5672801822860132,30.30228018228614,6.676598522858688,0.38121878687869787
2015-03-02,IF,q1,IF1506,2015-06-19,3601.265,3666.8,65.53500000000031,21.593055073048717,87.12805507304903,8.10157218370474,0.032405169923618526
2015-03-02,IF,q2,IF1509,2015-09-18,3601.265,3693.8,92.53500000000031,52.76929226187159,145.3042922618719,7.363532907961959,0.0132601099772146
2015-03-03,IF,current,IF1503,2015-03-20,3507.9,3539.6,31.699999999999818,0.05000352001562609,31.750003520015444,19.43302979125375,1.0
2015-03-03,IF,next,IF1504,2015-04-17,3507.9,3562.0,54.09999999999991,1.3933918396339786,55.49339183963389,12.831411019233647,0.5358905249782724
2015-03-03,IF,q1,IF1506,2015-06-19,3507.9,3590.8,82.90000000000009,20.89184626491696,103.79184626491706,9.99965788508444,0.04097393714160881
2015-03-03,IF,q2,IF1509,2015-09-18,3507.9,3612.0,104.09999999999991,51.25982041696403,155.35982041696394,8.123277588689168,0.01669965264543863
2015-03-04,IF,current,IF1503,2015-03-20,3530.822,3533.2,2.3779999999997017,0.0503302627066373,2.428330262706339,1.5689344894188477,1.0
2015-03-04,IF,next,IF1504,2015-04-17,3530.822,3550.2,19.3779999999997,1.4024968106274762,20.780496810627177,4.8822531049291324,0.5358905249782724
2015-03-04,IF,q1,IF1506,2015-06-19,3530.822,3580.0,49.177999999999884,21.028361815555357,70.20636181555524,6.782811233190972,0.04097393714160881
2015-03-04,IF,q2,IF1509,2015-09-18,3530.822,3599.2,68.3779999999997,51.526307944877914,119.90430794487762,6.260177352223216,0.018457709768128695
2015-03-05,IF,current,IF1503,2015-03-20,3496.344,3506.6,10.255999999999858,0.04983879448830189,10.30583879448816,7.172503925983214,1.0
2015-03-05,IF,next,IF1504,2015-04-17,3496.344,3524.4,28.05600000000004,1.3888016186759098,29.44480161867595,7.148565254007469,0.5358905249782724
2015-03-05,IF,q1,IF1506,2015-06-19,3496.344,3555.0,58.65599999999995,20.823022702261987,79.47902270226194,7.827541193089937,0.04097393714160881
2015-03-05,IF,q2,IF1509,2015-09-18,3496.344,3574.8,78.45600000000013,51.02316050631446,129.4791605063146,6.8613939869390626,0.018457709768128695
2015-03-06,IF,current,IF1503,2015-03-20,3478.52,3490.2,11.679999999999836,0.04958472147004068,11.729584721469877,8.791297167712756,1.0
2015-03-06,IF,next,IF1504,2015-04-17,3478.52,3507.6,29.079999999999927,1.3817216517014703,30.461721651701396,7.61033044901349,0.5358905249782724
2015-03-06,IF,q1,IF1506,2015-06-19,3478.52,3535.6,57.07999999999993,20.71686908675816,77.79686908675808,7.774476944126402,0.04097393714160881
2015-03-06,IF,q2,IF1509,2015-09-18,3478.52,3546.2,67.67999999999984,50.76304971262123,118.44304971262108,6.340914096398887,0.018457709768128695
2015-03-09,IF,current,IF1503,2015-03-20,3537.75,3564.4,26.65000000000009,0.050429018197577245,26.700429018197667,25.04328403811397,1.0
2015-03-09,IF,next,IF1504,2015-04-17,3537.75,3586.6,48.84999999999991,1.4052487187961766,50.25524871879608,13.294822533053255,0.5358905249782724
2015-03-09,IF,q1,IF1506,2015-06-19,3537.75,3619.0,81.25,21.016899579279265,102.26689957927927,10.344288935843773,0.05316694360529378
2015-03-09,IF,q2,IF1509,2015-09-18,3537.75,3634.0,96.25,51.57468723297886,147.82468723297887,7.90233405428237,0.023403393058634776
2015-03-10,IF,current,IF1503,2015-03-20,3520.611,3527.8,7.189000000000306,0.050184709542955445,7.239184709543261,7.5052382071841794,1.0
2015-03-10,IF,next,IF1504,2015-04-17,3520.611,3545.2,24.588999999999942,1.4136076145668168,26.00260761456676,7.0942767868813466,0.6251915012243381
2015-03-10,IF,q1,IF1506,2015-06-19,3520.611,3576.2,55.58899999999994,19.972060303163218,75.56106030316316,7.75624453043215,0.0829190610182603
2015-03-10,IF,q2,IF1509,2015-09-18,3520.611,3589.2,68.58899999999994,50.38180755757039,118.97080755757034,6.424125309042175,0.034640453935894384
2015-03-11,IF,current,IF1503,2015-03-20,3524.653,3542.2,17.547000000000025,0.05024232641570072,17.597242326415728,20.247835426452667,1.0
2015-03-11,IF,next,IF1504,2015-04-17,3524.653,3561.2,36.547000000000025,1.4152305720529121,37.96223057205294,10.62494022992175,0.6251915012243381
2015-03-11,IF,q1,IF1506,2015-06-19,3524.653,3592.6,67.94700000000012,19.994990149075015,87.94199014907514,9.106946529037732,0.0829190610182603
2015-03-11,IF,q2,IF1509,2015-09-18,3524.653,3603.2,78.54700000000003,50.439650717791075,128.9866507177911,6.993392376467137,0.034640453935894384
2015-03-12,IF,current,IF1503,2015-03-20,3592.844,3592.0,-0.8440000000000509,0.051214358125095394,-0.7927856418749555,-1.0067468810375524,1.0
2015-03-12,IF,next,IF1504,2015-04-17,3592.844,3610.4,17.55600000000004,1.3987825165484813,18.954782516548523,5.3489779642071635,0.8149472459997551
2015-03-12,IF,q1,IF1506,2015-06-19,3592.844,3647.6,54.75599999999986,20.28798328017601,75.04398328017587,7.700788347436674,0.0965030667505666
2015-03-12,IF,q2,IF1509,2015-09-18,3592.844,3660.0,67.15599999999995,51.28047225012257,118.43647225012252,6.332662834540683,0.04092774487209109
2015-03-13,IF,current,IF1503,2015-03-20,3617.657,3622.8,5.143000000000029,0.05156805616156956,5.194568056161598,7.48715591531434,1.0
2015-03-13,IF,next,IF1504,2015-04-17,3617.657,3643.0,25.342999999999847,1.3333401603289459,26.67634016032879,7.689952884280002,0.9640930138414509
2015-03-13,IF,q1,IF1506,2015-06-19,3617.657,3676.4,58.74299999999994,20.22412375301308,78.96712375301303,8.129909679970211,0.10682706850329847
2015-03-13,IF,q2,IF1509,2015-09-18,3617.657,3691.0,73.34299999999985,51.43065391951904,124.77365391951889,6.6608026415764865,0.044767051020634545
2015-03-16,IF,current,IF1503,2015-03-20,3705.671,3713.8,8.12900000000036,0.05282265572559798,8.181822655725957,20.147263945854707,1.0
2015-03-16,IF,next,IF1504,2015-04-17,3705.671,3738.0,32.32900000000018,1.3657790015101832,33.69477900151036,10.371429978159895,0.9640930138414509
2015-03-16,IF,q1,IF1506,2015-06-19,3705.671,3768.0,62.32900000000018,20.711901039685042,83.04090103968522,8.609827557328984,0.10948715344020138
2015-03-16,IF,q2,IF1509,2015-09-18,3705.671,3783.0,77.32900000000018,52.67765507569407,130.00665507569425,6.884598945056671,0.04580793479798239
2015-03-17,IF,current,IF1503,2015-03-20,3757.122,3765.0,7.878000000000156,0.05355606634400899,7.931556066344165,25.68471260906283,1.0
2015-03-17,IF,next,IF1504,2015-04-17,3757.122,3791.6,34.478000000000065,1.3847420166852218,35.86274201668529,11.2387850509067,0.9640930138414509
2015-03-17,IF,q1,IF1506,2015-06-19,3757.122,3823.0,65.87800000000016,20.23546414836633,86.11346414836649,8.899810788330596,0.12832770648048608
2015-03-17,IF,q2,IF1509,2015-09-18,3757.122,3839.2,82.07799999999997,52.64504334071187,134.72304334071185,7.074695028479006,0.05212563940037904
2015-03-18,IF,current,IF1503,2015-03-20,3846.055,3813.0,-33.054999999999836,0.05482376583531424,-33.00017623416452,-156.58986059052782,1.0
2015-03-18,IF,next,IF1504,2015-04-17,3846.055,3851.2,5.144999999999982,1.3929863951217216,6.537986395121703,2.068236183326744,1.0
2015-03-18,IF,q1,IF1506,2015-06-19,3846.055,3890.8,44.745000000000346,20.539573613495563,65.28457361349591,6.662005660772108,0.1357926652671747
2015-03-18,IF,q2,IF1509,2015-09-18,3846.055,3902.2,56.14499999999998,53.62580826971809,109.77080826971807,5.6616942581490886,0.05532284066138211
2015-03-19,IF,current,IF1503,2015-03-20,3839.739,3829.8,-9.93899999999985,0.0547337341261952,-9.884266265873656,-93.95839631401729,1.0
2015-03-19,IF,next,IF1504,2015-04-17,3839.739,3854.8,15.06100000000015,1.3906988297926797,16.45169882979283,5.3926708370420595,1.0
2015-03-19,IF,q1,IF1506,2015-06-19,3839.739,3892.6,52.860999999999876,20.505843480426005,73.36684348042589,7.580592765593954,0.1357926652671747
2015-03-19,IF,q2,IF1509,2015-09-18,3839.739,3911.0,71.26099999999997,51.32558182557965,122.58658182557961,6.3677060242721035,0.12522258445842877
2015-03-20,IF,current,IF1503,2015-03-20,3892.574,3886.6,-5.97400000000016,0.0,-5.97400000000016,,
2015-03-20,IF,next,IF1504,2015-04-17,3892.574,3919.0,26.42599999999993,1.354348041962975,27.780348041962906,9.30327027393007,1.0
2015-03-20,IF,q1,IF1506,2015-06-19,3892.574,3957.0,64.42599999999993,20.576739446685696,85.00273944668562,8.758858632478617,0.14833059022277764
2015-03-20,IF,q2,IF1509,2015-09-18,3892.574,3974.2,81.62599999999975,51.85471537731369,133.48071537731343,6.877064926156266,0.14052875756062305
2015-03-23,IF,current,IF1504,2015-04-17,3972.061,3994.2,22.13899999999967,1.3820040512800775,23.521004051279746,8.645553508586206,1.0
2015-03-23,IF,next,IF1505,2015-05-15,3972.061,4017.8,45.73900000000003,5.99783054249429,51.736830542494324,8.97017478113766,0.390739089674549
2015-03-23,IF,q1,IF1506,2015-06-19,3972.061,4034.2,62.13899999999967,20.110702435568438,82.24970243556811,8.588723435156425,0.19935647845361948
2015-03-23,IF,q2,IF1509,2015-09-18,3972.061,4051.0,78.93899999999985,50.761257659026995,129.70025765902685,6.658321522081639,0.1996864582059243
2015-03-24,IF,current,IF1504,2015-04-17,3973.046,3963.6,-9.445999999999913,1.3823467635371427,-8.06365323646277,-3.086667667692193,1.0
2015-03-24,IF,next,IF1505,2015-05-15,3973.046,3987.2,14.153999999999996,5.999317897065218,20.153317897065214,3.5605122388507287,0.390739089674549
2015-03-24,IF,q1,IF1506,2015-06-19,3973.046,4002.0,28.95400000000018,20.149244381263145,49.10324438126332,5.185136652285771,0.2087007313231037
2015-03-24,IF,q2,IF1509,2015-09-18,3973.046,4018.0,44.95400000000018,50.55031629101536,95.50431629101554,4.929152657856408,0.2209444281809862
2015-03-25,IF,current,IF1504,2015-04-17,3940.412,3951.8,11.388000000000375,1.3709923759259066,12.758992375926281,5.138540376436792,1.0
2015-03-25,IF,next,IF1505,2015-05-15,3940.412,3970.8,30.388000000000375,5.9500404056259475,36.33804040562632,6.5999790785556,0.390739089674549
2015-03-25,IF,q1,IF1506,2015-06-19,3940.412,3988.4,47.988000000000284,19.8546386067742,67.84263860677449,7.307275993814945,0.21564632023975333
2015-03-25,IF,q2,IF1509,2015-09-18,3940.412,4005.2,64.78800000000001,49.05630506895057,113.84430506895058,5.957846030933976,0.258948310070601
2015-03-26,IF,current,IF1504,2015-04-17,3949.999,3934.0,-15.998999999999796,1.3743279925842666,-14.62467200741553,-6.142700384465768,1.0
2015-03-26,IF,next,IF1505,2015-05-15,3949.999,3953.4,3.4010000000002947,5.964516820114771,9.365516820115065,1.7308427872219707,0.390739089674549
2015-03-26,IF,q1,IF1506,2015-06-19,3949.999,3961.8,11.801000000000386,19.895530319296302,31.696530319296688,3.4457889785447273,0.22562182981274356
2015-03-26,IF,q2,IF1509,2015-09-18,3949.999,3974.6,24.601000000000113,48.66221120763033,73.26321120763043,3.846530330937642,0.28180424489986755
2015-03-27,IF,current,IF1504,2015-04-17,3971.697,3985.6,13.902999999999793,1.381877404314015,15.284877404313807,6.68897265609822,1.0
2015-03-27,IF,next,IF1505,2015-05-15,3971.697,3999.6,27.902999999999793,5.931286573702086,33.83428657370188,6.345673151598949,0.43021667709273853
2015-03-27,IF,q1,IF1506,2015-06-19,3971.697,4005.8,34.103000000000065,18.716569351664837,52.8195693516649,5.778728964493638,0.3161625297950199
2015-03-27,IF,q2,IF1509,2015-09-18,3971.697,4019.6,47.90299999999979,46.222755625208585,94.12575562520837,4.942960985219892,0.3727996315036066
2015-03-30,IF,current,IF1504,2015-04-17,4088.178,4140.6,52.42200000000048,1.4224047813853022,53.844404781385784,26.707371223407012,1.0
2015-03-30,IF,next,IF1505,2015-05-15,4088.178,4154.4,66.22199999999975,5.992467885315248,72.214467885315,14.016173069582788,0.4491962231294601
2015-03-30,IF,q1,IF1506,2015-06-19,4088.178,4154.8,66.6220000000003,18.54629693823383,85.16829693823414,9.387631029032185,0.3572973534379505
2015-03-30,IF,q2,IF1509,2015-09-18,4088.178,4166.6,78.42200000000048,46.17661960581181,124.59861960581229,6.4676699833715485,0.4216719779871651
2015-03-31,IF,current,IF1504,2015-04-17,4051.204,4035.8,-15.403999999999996,1.4095403722556263,-13.99445962774437,-7.416789681357609,1.0
2015-03-31,IF,next,IF1505,2015-05-15,4051.204,4051.6,0.3959999999997308,4.88820391455405,5.284203914553781,1.05797597664087,0.9095348160919011
2015-03-31,IF,q1,IF1506,2015-06-19,4051.204,4048.8,-2.4039999999999964,16.648670268282192,14.244670268282196,1.604246739957739,0.5414502040017514
2015-03-31,IF,q2,IF1509,2015-09-18,4051.204,4064.2,12.99599999999964,43.05714975887959,56.05314975887923,2.9533346644214022,0.5375393275634603
2015-04-01,IF,current,IF1504,2015-04-17,4123.895,4122.8,-1.0950000000002547,1.4348318409645915,0.33983184096433683,0.1879876638953934,1.0
2015-04-01,IF,next,IF1505,2015-05-15,4123.895,4135.2,11.304999999999382,4.975913254975527,16.28091325497491,3.2750003544011848,0.9095348160919011
2015-04-01,IF,q1,IF1506,2015-06-19,4123.895,4140.0,16.104999999999563,16.947398372438812,33.052398372438375,3.7030634430909557,0.5414502040017514
2015-04-01,IF,q2,IF1509,2015-09-18,4123.895,4150.2,26.30499999999938,43.829726818223605,70.13472681822299,3.6514844352460605,0.5375393275634603
2015-04-02,IF,current,IF1504,2015-04-17,4124.776,4106.2,-18.576000000000022,1.43513836837421,-17.14086163162581,-10.111926070722259,1.0
2015-04-02,IF,next,IF1505,2015-05-15,4124.776,4125.4,0.6239999999997963,4.9769762741788846,5.600976274178681,1.1526243049179807,0.9095348160919011
2015-04-02,IF,q1,IF1506,2015-06-19,4124.776,4124.0,-0.7759999999998399,16.951018895746536,16.175018895746696,1.835027976079417,0.5414502040017514
2015-04-02,IF,q2,IF1509,2015-09-18,4124.776,4135.0,10.22400000000016,43.81469367846853,54.03869367846869,2.829506090079474,0.5390147876414563
2015-04-03,IF,current,IF1504,2015-04-17,4170.538,4206.0,35.462000000000444,1.4510603971131137,36.913060397113554,23.07558922844426,1.0
2015-04-03,IF,next,IF1505,2015-05-15,4170.538,4223.8,53.262000000000626,4.889993879961577,58.151993879962205,12.117585746551853,0.9699934116219613
2015-04-03,IF,q1,IF1506,2015-06-19,4170.538,4224.0,53.462000000000444,16.996881567163864,70.45888156716431,8.008400825902035,0.555764646001036
2015-04-03,IF,q2,IF1509,2015-09-18,4170.538,4231.0,60.462000000000444,44.033619700606565,104.49561970060701,5.443642373101384,0.5561173013559763
2015-04-07,IF,current,IF1504,2015-04-17,4260.044,4239.8,-20.243999999999687,1.4822023293779694,-18.761797670621718,-16.075083144157496,1.0
2015-04-07,IF,next,IF1505,2015-05-15,4260.044,4255.2,-4.844000000000051,4.994940482107353,0.15094048210730193,0.03403305345719756,0.9699934116219613
2015-04-07,IF,q1,IF1506,2015-06-19,4260.044,4257.0,-3.043999999999869,17.36166013567243,14.317660135672561,1.6804591848901749,0.555764646001036
2015-04-07,IF,q2,IF1509,2015-09-18,4260.044,4265.0,4.956000000000131,44.978647216222654,49.934647216222785,2.6087767640830783,0.5561173013559763
2015-04-08,IF,current,IF1504,2015-04-17,4295.803,4247.6,-48.20299999999952,1.4946440020687273,-46.708355997930795,-44.096140502317006,1.0
2015-04-08,IF,next,IF1505,2015-05-15,4295.803,4262.4,-33.40300000000025,5.036868236069443,-28.366131763930802,-6.513987177487614,0.9699934116219613
2015-04-08,IF,q1,IF1506,2015-06-19,4295.803,4255.8,-40.0029999999997,17.50739468789572,-22.495605312103983,-2.6546892716882144,0.555764646001036
2015-04-08,IF,q2,IF1509,2015-09-18,4295.803,4254.4,-41.40300000000025,45.35619999403549,3.953199994035245,0.20606758865234268,0.5561173013559763
2015-04-09,IF,current,IF1504,2015-04-17,4262.138,4226.2,-35.9380000000001,1.2827957217190862,-34.65520427828102,-37.097430801080854,1.0
2015-04-09,IF,next,IF1505,2015-05-15,4262.138,4235.0,-27.13799999999992,4.719199166473979,-22.418800833525943,-5.333044839778749,1.0
2015-04-09,IF,q1,IF1506,2015-06-19,4262.138,4234.2,-27.938000000000102,17.091997609590187,-10.846002390409915,-1.308207709898878,0.5573074763981334
2015-04-09,IF,q2,IF1509,2015-09-18,4262.138,4230.0,-32.13799999999992,44.6942868472544,12.556286847254484,0.6637607552377087,0.5587975793598257
2015-04-10,IF,current,IF1504,2015-04-17,4344.416,4377.0,32.58399999999983,1.2736002714900923,33.85760027148992,40.636808587305175,1.0
2015-04-10,IF,next,IF1505,2015-05-15,4344.416,4389.0,44.58399999999983,4.7763414093528915,49.36034140935273,11.848723651835067,1.0
2015-04-10,IF,q1,IF1506,2015-06-19,4344.416,4388.0,43.58399999999983,17.289866358224288,60.87386635822412,7.306246264745958,0.5620287437101104
2015-04-10,IF,q2,IF1509,2015-09-18,4344.416,4389.8,45.384000000000015,45.364727589120534,90.74872758912055,4.735612173915817,0.5644318072808275
2015-04-13,IF,current,IF1504,2015-04-17,4421.073,4421.0,-0.07300000000032014,1.1278443574441912,1.054844357443871,2.177176165531608,1.0
2015-04-13,IF,next,IF1505,2015-05-15,4421.073,4432.8,11.726999999999862,4.692391185048754,16.419391185048617,4.236158975535142,1.0
2015-04-13,IF,q1,IF1506,2015-06-19,4421.073,4434.8,13.726999999999862,17.372377847044934,31.099377847044796,3.8321462638957158,0.5615250997006594
2015-04-13,IF,q2,IF1509,2015-09-18,4421.073,4440.0,18.92699999999968,45.94261858058937,64.86961858058905,3.3896076872126932,0.5649001040442002
2015-04-14,IF,current,IF1504,2015-04-17,4438.184,4416.6,-21.583999999999833,0.8381797943715744,-20.74582020562826,-56.87179241970976,1.0
2015-04-14,IF,next,IF1505,2015-05-15,4438.184,4423.2,-14.984000000000378,4.41652258525635,-10.56747741474403,-2.803478278489704,1.0
2015-04-14,IF,q1,IF1506,2015-06-19,4438.184,4427.6,-10.583999999999833,17.03768010849458,6.453680108494748,0.8041759120535535,0.5650848810303906
2015-04-14,IF,q2,IF1509,2015-09-18,4438.184,4427.0,-11.184000000000196,45.59060471151398,34.406604711513786,1.802310972135394,0.5728646037289304
2015-04-15,IF,current,IF1504,2015-04-17,4380.513,4382.4,1.8869999999997162,0.03002952702650942,1.9170295270262256,7.986687602166372,1.0
2015-04-15,IF,next,IF1505,2015-05-15,4380.513,4388.4,7.886999999999716,3.561874334255557,11.448874334255272,3.179870433746896,1.0
2015-04-15,IF,q1,IF1506,2015-06-19,4380.513,4381.8,1.287000000000262,16.005790309288848,17.29279030928911,2.2167647638496732,0.5485319390371334
2015-04-15,IF,q2,IF1509,2015-09-18,4380.513,4384.8,4.287000000000262,44.11854967117324,48.4055496711735,2.5854637242520027,0.568853231226737
2015-04-16,IF,current,IF1504,2015-04-17,4513.546,4521.2,7.653999999999542,0.0,7.653999999999542,61.89612335843775,
2015-04-16,IF,next,IF1505,2015-05-15,4513.546,4560.8,47.253999999999905,3.6391043702619847,50.89310437026189,14.191749485037192,1.0
2015-04-16,IF,q1,IF1506,2015-06-19,4513.546,4562.6,49.05400000000009,16.460194792454427,65.51419479245452,8.278095363949257,0.5481144328262941
2015-04-16,IF,q2,IF1509,2015-09-18,4513.546,4553.0,39.45399999999972,45.426718249135384,84.8807182491351,4.4284560529190555,0.5687161211659071
2015-04-17,IF,current,IF1504,2015-04-17,4596.136,4599.2,3.063999999999396,0.0,3.063999999999396,,
2015-04-17,IF,next,IF1505,2015-05-15,4596.136,4604.4,8.263999999999214,3.705693617372779,11.969693617371993,3.3948844438806676,1.0
2015-04-17,IF,q1,IF1506,2015-06-19,4596.136,4617.0,20.863999999999578,16.169336826878183,37.03333682687776,4.668230472261427,0.6026859533408502
2015-04-17,IF,q2,IF1509,2015-09-18,4596.136,4610.0,13.863999999999578,45.449177308257134,59.31317730825671,3.058654775024247,0.5990347929635012
2015-04-20,IF,current,IF1505,2015-05-15,4521.919,4516.4,-5.519000000000233,3.6458552089356577,-1.873144791064575,-0.6047855777501278,1.0
2015-04-20,IF,next,IF1506,2015-06-19,4521.919,4525.0,3.081000000000131,15.908239315559888,18.98923931556002,2.5546205604963323,0.6103163838431526
2015-04-20,IF,q1,IF1506,2015-06-19,4521.919,4525.0,3.081000000000131,15.908239315559888,18.98923931556002,2.5546205604963323,0.6103163838431526
2015-04-20,IF,q2,IF1509,2015-09-18,4521.919,4521.8,-0.11899999999968713,44.66318024867908,44.544180248679396,2.381135497604162,0.6055058845720183
2015-04-21,IF,current,IF1505,2015-05-15,4619.164,4618.8,-0.363999999999578,3.6585636473535463,3.2945636473539683,1.0847162416584821,1.0
2015-04-21,IF,next,IF1506,2015-06-19,4619.164,4630.0,10.83600000000024,15.302615159967162,26.1386151599674,3.5007415214381594,0.6696129890015127
2015-04-21,IF,q1,IF1506,2015-06-19,4619.164,4630.0,10.83600000000024,15.302615159967162,26.1386151599674,3.5007415214381594,0.6696129890015127
2015-04-21,IF,q2,IF1509,2015-09-18,4619.164,4625.6,6.436000000000604,43.27623029847768,49.71223029847828,2.6187948091825817,0.7060571924730297
2015-04-22,IF,current,IF1505,2015-05-15,4739.814,4761.0,21.185999999999694,3.4698751669806716,24.655875166980366,8.255134462117155,1.0
2015-04-22,IF,next,IF1506,2015-06-19,4739.814,4773.6,33.78600000000006,15.32701972071399,49.11301972071405,6.520789924660883,0.6752624562904204
2015-04-22,IF,q1,IF1506,2015-06-19,4739.814,4773.6,33.78600000000006,15.32701972071399,49.11301972071405,6.520789924660883,0.6752624562904204
2015-04-22,IF,q2,IF1509,2015-09-18,4739.814,4770.0,30.185999999999694,44.03275258089687,74.21875258089656,3.8358264311959314,0.7092477667954998
2015-04-23,IF,current,IF1505,2015-05-15,4740.892,4716.0,-24.891999999999825,3.2656588473891444,-21.62634115261068,-7.568209949350248,1.0
2015-04-23,IF,next,IF1506,2015-06-19,4740.892,4727.2,-13.692000000000007,15.050899151426377,1.3588991514263693,0.18354610559208587,0.6748915359069423
2015-04-23,IF,q1,IF1506,2015-06-19,4740.892,4727.2,-13.692000000000007,15.050899151426377,1.3588991514263693,0.18354610559208587,0.6748915359069423
2015-04-23,IF,q2,IF1509,2015-09-18,4740.892,4727.0,-13.891999999999825,43.75914288317901,29.867142883179184,1.5536914173649865,0.7110275139008024
2015-04-24,IF,current,IF1505,2015-05-15,4702.641,4722.0,19.35900000000038,3.23324869939107,22.592248699391448,8.350090913228463,1.0
2015-04-24,IF,next,IF1506,2015-06-19,4702.641,4736.8,34.15900000000056,14.58532640853492,48.74432640853548,6.755960237144045,0.6939921661192434
2015-04-24,IF,q1,IF1506,2015-06-19,4702.641,4736.8,34.15900000000056,14.58532640853492,48.74432640853548,6.755960237144045,0.6939921661192434
2015-04-24,IF,q2,IF1509,2015-09-18,4702.641,4733.4,30.759000000000015,43.06194304754145,73.82094304754146,3.8977438295578892,0.7177857938674443
2015-04-27,IF,current,IF1505,2015-05-15,4807.592,4804.0,-3.5919999999996435,3.290160219601795,-0.3018397803978483,-0.1273119680580385,1.0
2015-04-27,IF,next,IF1506,2015-06-19,4807.592,4811.2,3.6080000000001746,14.633700406479873,18.24170040648005,2.613092057024311,0.7466268056382575
2015-04-27,IF,q1,IF1506,2015-06-19,4807.592,4811.2,3.6080000000001746,14.633700406479873,18.24170040648005,2.613092057024311,0.7466268056382575
2015-04-27,IF,q2,IF1509,2015-09-18,4807.592,4816.8,9.208000000000538,43.05888509855277,52.26688509855331,2.7556838256166207,0.75289999476151
2015-04-28,IF,current,IF1505,2015-05-15,4741.861,4721.0,-20.860999999999876,3.2451760526020488,-17.61582394739783,-7.9762376501549115,1.0
2015-04-28,IF,next,IF1506,2015-06-19,4741.861,4726.8,-15.060999999999694,13.372705655326676,-1.688294344673018,-0.24991301119217008,0.9294659824119231
2015-04-28,IF,q1,IF1506,2015-06-19,4741.861,4726.8,-15.060999999999694,13.372705655326676,-1.688294344673018,-0.24991301119217008,0.9294659824119231
2015-04-28,IF,q2,IF1509,2015-09-18,4741.861,4726.8,-15.060999999999694,41.05176010658092,25.990760106581227,1.3990298749856804,0.8817545506116432
2015-04-29,IF,current,IF1505,2015-05-15,4774.326,4771.0,-3.326000000000022,3.2673940468763907,-0.05860595312363115,-0.02800287005187404,1.0
2015-04-29,IF,next,IF1506,2015-06-19,4774.326,4778.2,3.8739999999997963,13.063501748589346,16.937501748589142,2.538984042135173,1.0
2015-04-29,IF,q1,IF1506,2015-06-19,4774.326,4778.2,3.8739999999997963,13.063501748589346,16.937501748589142,2.538984042135173,1.0
2015-04-29,IF,q2,IF1509,2015-09-18,4774.326,4781.0,6.673999999999978,40.89502336232574,47.569023362325716,2.5610419068264982,0.906012760914784
2015-04-30,IF,current,IF1505,2015-05-15,4749.886,4767.8,17.91399999999976,0.8044109170432168,18.718410917042977,9.589310823769505,1.0
2015-04-30,IF,next,IF1506,2015-06-19,4749.886,4772.6,22.713999999999942,10.550371881346564,33.264371881346506,5.112331427192768,1.0
2015-04-30,IF,q1,IF1506,2015-06-19,4749.886,4772.6,22.713999999999942,10.550371881346564,33.264371881346506,5.112331427192768,1.0
2015-04-30,IF,q2,IF1509,2015-09-18,4749.886,4772.0,22.113999999999578,37.01206962539631,59.126069625395886,3.222326744318085,0.9749621398094729
2015-05-04,IF,current,IF1505,2015-05-15,4787.741,4757.6,-30.14099999999962,0.8108218025391362,-29.330178197460487,-20.327512290001934,1.0
2015-05-04,IF,next,IF1506,2015-06-19,4787.741,4763.0,-24.740999999999985,10.634454810403886,-14.1065451895961,-2.337895250373536,1.0
2015-05-04,IF,q1,IF1506,2015-06-19,4787.741,4763.0,-24.740999999999985,10.634454810403886,-14.1065451895961,-2.337895250373536,1.0
2015-05-04,IF,q2,IF1509,2015-09-18,4787.741,4762.2,-25.541000000000167,37.30704341964513,11.766043419644966,0.654744856558651,0.9749621398094729
2015-05-05,IF,current,IF1505,2015-05-15,4596.837,4618.0,21.162999999999556,0.7450584076850564,21.908058407684614,17.395529401640484,1.0
2015-05-05,IF,next,IF1506,2015-06-19,4596.837,4611.8,14.962999999999738,10.176988765858981,25.139988765858718,4.4359467653946645,1.0
2015-05-05,IF,q1,IF1506,2015-06-19,4596.837,4611.8,14.962999999999738,10.176988765858981,25.139988765858718,4.4359467653946645,1.0
2015-05-05,IF,q2,IF1509,2015-09-18,4596.837,4608.0,11.162999999999556,35.78604786173294,46.949047861732495,2.7410795582875083,0.9749387482061291
2015-05-06,IF,current,IF1505,2015-05-15,4553.327,4582.0,28.672999999999774,0.7380062778578781,29.411006277857652,26.195783853135286,1.0
2015-05-06,IF,next,IF1506,2015-06-19,4553.327,4571.0,17.672999999999774,10.080661490995302,27.75366149099508,5.056286038065833,1.0
2015-05-06,IF,q1,IF1506,2015-06-19,4553.327,4571.0,17.672999999999774,10.080661490995302,27.75366149099508,5.056286038065833,1.0
2015-05-06,IF,q2,IF1509,2015-09-18,4553.327,4566.8,13.472999999999956,35.44732561805451,48.92032561805447,2.9048224640998774,0.9749387482061291
2015-05-07,IF,current,IF1505,2015-05-15,4470.089,4503.2,33.110999999999876,0.7245150072866376,33.83551500728652,34.535003043730164,1.0
2015-05-07,IF,next,IF1506,2015-06-19,4470.089,4508.4,38.310999999999694,9.896379953300455,48.20737995330015,9.154228890596176,1.0
2015-05-07,IF,q1,IF1506,2015-06-19,4470.089,4508.4,38.310999999999694,9.896379953300455,48.20737995330015,9.154228890596176,1.0
2015-05-07,IF,q2,IF1509,2015-09-18,4470.089,4511.6,41.51100000000042,34.79932373068828,76.31032373068871,4.650023974062946,0.9749387482061291
2015-05-08,IF,current,IF1505,2015-05-15,4558.404,4541.4,-17.004000000000815,0.44719585412899693,-16.55680414587182,-18.93906449100297,1.0
2015-05-08,IF,next,IF1506,2015-06-19,4558.404,4554.0,-4.404000000000451,9.800268210712765,5.396268210712314,1.0287842061085177,1.0
2015-05-08,IF,q1,IF1506,2015-06-19,4558.404,4554.0,-4.404000000000451,9.800268210712765,5.396268210712314,1.0287842061085177,1.0
2015-05-08,IF,q2,IF1509,2015-09-18,4558.404,4555.0,-3.404000000000451,35.195216393314894,31.791216393314443,1.9139718924641318,0.9747310865834972
2015-05-11,IF,current,IF1505,2015-05-15,4690.532,4658.0,-32.53200000000015,0.32731913083515357,-32.204680869164996,-62.65125425668785,1.0
2015-05-11,IF,next,IF1506,2015-06-19,4690.532,4664.0,-26.532000000000153,9.951495747666739,-16.580504252333412,-3.3082924102522635,1.0
2015-05-11,IF,q1,IF1506,2015-06-19,4690.532,4664.0,-26.532000000000153,9.951495747666739,-16.580504252333412,-3.3082924102522635,1.0
2015-05-11,IF,q2,IF1509,2015-09-18,4690.532,4652.4,-38.13200000000052,36.082531322582255,-2.049468677418261,-0.12267856696092425,0.9746380582964932
2015-05-12,IF,current,IF1505,2015-05-15,4747.421,4704.0,-43.42100000000028,0.30330203302977454,-43.1176979669705,-110.50181953488878,1.0
2015-05-12,IF,next,IF1506,2015-06-19,4747.421,4702.4,-45.02100000000064,10.04420523515167,-34.97679476484897,-7.076712137728027,1.0
2015-05-12,IF,q1,IF1506,2015-06-19,4747.421,4702.4,-45.02100000000064,10.04420523515167,-34.97679476484897,-7.076712137728027,1.0
2015-05-12,IF,q2,IF1509,2015-09-18,4747.421,4699.4,-48.02100000000064,36.49217042121179,-11.528829578788852,-0.6871168947084626,0.9746186074351368
2015-05-13,IF,current,IF1505,2015-05-15,4718.436,4674.2,-44.235999999999876,0.3014502466751689,-43.93454975332471,-169.9303610344987,1.0
2015-05-13,IF,next,IF1506,2015-06-19,4718.436,4653.2,-65.23599999999988,9.982881141766889,-55.25311885823299,-11.551805532570219,1.0
2015-05-13,IF,q1,IF1506,2015-06-19,4718.436,4653.2,-65.23599999999988,9.982881141766889,-55.25311885823299,-11.551805532570219,1.0
2015-05-13,IF,q2,IF1509,2015-09-18,4718.436,4634.2,-84.23599999999988,36.26937038732837,-47.966629612671504,-2.8988385612284158,0.9746186074351368
2015-05-14,IF,current,IF1505,2015-05-15,4700.778,4691.0,-9.778000000000247,0.08961436104281126,-9.688385638957437,-75.22713810819113,1.0
2015-05-14,IF,next,IF1506,2015-06-19,4700.778,4664.0,-36.77800000000025,9.734814033173041,-27.043185966827206,-5.83281868914508,1.0
2015-05-14,IF,q1,IF1506,2015-06-19,4700.778,4664.0,-36.77800000000025,9.734814033173041,-27.043185966827206,-5.83281868914508,1.0
2015-05-14,IF,q2,IF1509,2015-09-18,4700.778,4638.0,-62.77800000000025,35.92293025277887,-26.85506974722138,-1.6418961577849123,0.974469731599325
2015-05-15,IF,current,IF1505,2015-05-15,4617.47,4634.6,17.13000000000011,0.0,17.13000000000011,,
2015-05-15,IF,next,IF1506,2015-06-19,4617.47,4563.0,-54.470000000000255,9.474265776871652,-44.9957342231286,-10.162301613803935,1.0
2015-05-15,IF,q1,IF1506,2015-06-19,4617.47,4563.0,-54.470000000000255,9.474265776871652,-44.9957342231286,-10.162301613803935,1.0
2015-05-15,IF,q2,IF1509,2015-09-18,4617.47,4523.2,-94.27000000000044,35.198271675585296,-59.07172832441514,-3.7059359962173204,0.9744058837908528
2015-05-18,IF,current,IF1506,2015-06-19,4575.14,4536.8,-38.340000000000146,9.37965352409514,-28.960346475905006,-7.220084019085568,1.0
2015-05-18,IF,next,IF1507,2015-07-17,4575.14,4527.0,-48.14000000000033,30.430532662164097,-17.70946733783623,-2.3547387177624524,1.0
2015-05-18,IF,q1,IF1509,2015-09-18,4575.14,4496.8,-78.34000000000015,34.86783825457324,-43.4721617454269,-2.8196460960545693,0.9744001889724818
2015-05-18,IF,q2,IF1512,2015-12-18,4575.14,4525.0,-50.14000000000033,36.77866968820647,-13.361330311793857,-0.4981090169392046,0.9270546292995725
2015-05-19,IF,current,IF1506,2015-06-19,4731.222,4774.0,42.77800000000025,9.616441815328109,52.394441815328356,13.038963269814484,1.0
2015-05-19,IF,next,IF1507,2015-07-17,4731.222,4756.6,25.37800000000061,31.385476751389714,56.76347675139033,7.422265993808455,1.0
2015-05-19,IF,q1,IF1509,2015-09-18,4731.222,4753.8,22.57800000000043,35.974162089877545,58.552162089877974,3.70256459144802,0.9743409818721787
2015-05-19,IF,q2,IF1512,2015-12-18,4731.222,4791.6,60.37800000000061,37.95018199683057,98.32818199683118,3.5613769529452033,0.9268947060550375
2015-05-20,IF,current,IF1506,2015-06-19,4754.919,4775.0,20.08100000000013,9.255122787369247,29.336122787369376,7.5063913233080815,1.0
2015-05-20,IF,next,IF1507,2015-07-17,4754.919,4761.0,6.081000000000131,31.13319103889985,37.21419103889998,4.925273258108038,1.0
2015-05-20,IF,q1,IF1509,2015-09-18,4754.919,4761.0,6.081000000000131,35.74485946219455,41.82585946219468,2.6534398358125615,0.9740470384502199
2015-05-20,IF,q2,IF1512,2015-12-18,4754.919,4792.4,37.48099999999977,37.73077654660723,75.211776546607,2.7233265965473,0.9261013093543998
2015-05-21,IF,current,IF1506,2015-06-19,4840.976,4891.8,50.824000000000524,9.289803205280325,60.113803205280846,15.629178175645963,1.0
2015-05-21,IF,next,IF1507,2015-07-17,4840.976,4878.4,37.42399999999998,31.563832128175036,68.98783212817501,9.125519072790093,1.0
2015-05-21,IF,q1,IF1509,2015-09-18,4840.976,4874.0,33.02400000000034,36.25896492794038,69.28296492794072,4.353165249923839,0.9739519677237968
2015-05-21,IF,q2,IF1512,2015-12-18,4840.976,4900.8,59.824000000000524,38.28082417383538,98.10482417383591,3.505644259908251,0.925844901836038
2015-05-22,IF,current,IF1506,2015-06-19,4951.335,5022.8,71.46500000000015,9.334046934141652,80.7990469341418,21.272511158939786,1.0
2015-05-22,IF,next,IF1507,2015-07-17,4951.335,5011.4,60.0649999999996,32.11585353614524,92.18085353614484,12.134538152947231,1.0
2015-05-22,IF,q1,IF1509,2015-09-18,4951.335,5011.0,59.664999999999964,36.91802057046356,96.58302057046353,5.983074017092256,0.9738337613745518
2015-05-22,IF,q2,IF1512,2015-12-18,4951.335,5047.8,96.46500000000015,38.98597183675232,135.45097183675247,4.754812371710492,0.9255262349474043
2015-05-25,IF,current,IF1506,2015-06-19,5099.495,5156.4,56.904999999999745,9.613351888010138,66.51835188800989,19.044394348164758,1.0
2015-05-25,IF,next,IF1507,2015-07-17,5099.495,5145.0,45.50500000000011,33.07686402319878,78.58186402319889,10.61236432400256,1.0
2015-05-25,IF,q1,IF1509,2015-09-18,5099.495,5161.0,61.50500000000011,38.02272746824363,99.52772746824374,6.141179518064679,0.9738337613745518
2015-05-25,IF,q2,IF1512,2015-12-18,5099.495,5191.2,91.70499999999993,40.15255854262725,131.85755854262717,4.559323193763334,0.9255262349474043
2015-05-26,IF,current,IF1506,2015-06-19,5198.918,5274.2,75.28200000000015,9.73719674019117,85.01919674019132,24.870565062904944,1.0
2015-05-26,IF,next,IF1507,2015-07-17,5198.918,5267.0,68.08200000000033,33.65816844088911,101.74016844088945,13.736275909468326,1.0
2015-05-26,IF,q1,IF1509,2015-09-18,5198.918,5284.0,85.08200000000033,38.70045958736258,123.78245958736292,7.556856311989378,0.9737907713808034
2015-05-26,IF,q2,IF1512,2015-12-18,5198.918,5315.4,116.48199999999997,40.87181520386428,157.35381520386426,5.362779663578996,0.9254103781308405
2015-05-27,IF,current,IF1506,2015-06-19,5181.434,5290.0,108.5659999999998,7.895450194002873,116.46145019400268,35.66951888542235,1.0
2015-05-27,IF,next,IF1507,2015-07-17,5181.434,5280.0,98.5659999999998,31.735975488503414,130.30197548850322,17.99797804982842,1.0
2015-05-27,IF,q1,IF1509,2015-09-18,5181.434,5304.2,122.76599999999962,36.761309372253166,159.52730937225277,9.85764293174036,0.9725010321755054
2015-05-27,IF,q2,IF1512,2015-12-18,5181.434,5328.6,147.16600000000017,38.925362703625744,186.09136270362592,6.394627469672367,0.921943932668424
2015-05-28,IF,current,IF1506,2015-06-19,4834.007,4943.2,109.19300000000021,5.880757407371601,115.07375740737182,39.49473486271395,1.0
2015-05-28,IF,next,IF1507,2015-07-17,4834.007,4939.8,105.79300000000057,28.122720955936078,133.91572095593665,20.223072969864084,1.0
2015-05-28,IF,q1,IF1509,2015-09-18,4834.007,4942.6,108.59300000000076,32.81109470949225,141.404094709493,9.448636287625614,0.9712562154720936
2015-05-28,IF,q2,IF1512,2015-12-18,4834.007,4965.0,130.9930000000004,34.8300433156558,165.8230433156562,6.137624340348485,0.9186153267057118
2015-05-29,IF,current,IF1506,2015-06-19,4840.829,4897.0,56.17100000000028,5.749498135889046,61.920498135889325,22.232498390353037,1.0
2015-05-29,IF,next,IF1507,2015-07-17,4840.829,4896.0,55.17100000000028,28.02285069057791,83.19385069057819,12.80171838254211,1.0
2015-05-29,IF,q1,IF1509,2015-09-18,4840.829,4911.0,70.17100000000028,32.717840918985424,102.8888409189857,6.926652095169063,0.9711336083766935
2015-05-29,IF,q2,IF1512,2015-12-18,4840.829,4930.0,89.17100000000028,34.73963876955247,123.91063876955275,4.6024139851060175,0.9182883825202982
2015-06-01,IF,current,IF1506,2015-06-19,5076.179,5249.0,172.8209999999999,5.972468392035671,178.79346839203558,71.42250539572842,1.0
2015-06-01,IF,next,IF1507,2015-07-17,5076.179,5243.8,167.6210000000001,29.328700247717407,196.9497002477175,30.786011610571855,1.0
2015-06-01,IF,q1,IF1509,2015-09-18,5076.179,5276.2,200.02099999999973,34.25195012963793,234.27295012963765,15.454379937473007,0.9710859439106342
2015-06-01,IF,q2,IF1512,2015-12-18,5076.179,5294.8,218.6210000000001,36.372043153228226,254.9930431532283,9.167570799899721,0.918161324043135
2015-06-02,IF,current,IF1506,2015-06-19,5161.87,5264.2,102.32999999999993,5.844455568412121,108.17445556841204,44.99472464603901,1.0
2015-06-02,IF,next,IF1507,2015-07-17,5161.87,5269.6,107.73000000000047,29.59496407665974,137.32496407666022,21.57857601906156,1.0
2015-06-02,IF,q1,IF1509,2015-09-18,5161.87,5290.0,128.1300000000001,34.6013233614661,162.7313233614662,10.654503156825946,0.9708947222741303
2015-06-02,IF,q2,IF1512,2015-12-18,5161.87,5321.2,159.32999999999993,36.75720568470176,196.0872056847017,6.967580306408193,0.917651832679704
2015-06-03,IF,current,IF1506,2015-06-19,5143.59,5182.6,39.01000000000022,4.0651900365010265,43.07519003650125,19.104414867975184,1.0
2015-06-03,IF,next,IF1507,2015-07-17,5143.59,5190.0,46.409999999999854,27.731589627722308,74.14158962772217,11.957371926699317,1.0
2015-06-03,IF,q1,IF1509,2015-09-18,5143.59,5205.0,61.409999999999854,32.720219630751664,94.13021963075153,6.242690664674004,0.9693304412861862
2015-06-03,IF,q2,IF1512,2015-12-18,5143.59,5239.6,96.01000000000022,34.868467215245595,130.87846721524582,4.690612223770361,0.9134986569151263
2015-06-04,IF,current,IF1506,2015-06-19,5181.416,5250.4,68.98399999999947,4.015505779795417,72.99950577979489,34.28254568458395,1.0
2015-06-04,IF,next,IF1507,2015-07-17,5181.416,5242.2,60.78399999999965,27.85594825369932,88.63994825369898,14.521298098506735,1.0
2015-06-04,IF,q1,IF1509,2015-09-18,5181.416,5278.0,96.58399999999983,32.88126467973181,129.46526467973163,8.60382960661756,0.9692562143926298
2015-06-04,IF,q2,IF1512,2015-12-18,5181.416,5300.0,118.58399999999983,35.045310493309124,153.62931049330896,5.493539579359343,0.9133022326170558
2015-06-05,IF,current,IF1506,2015-06-19,5230.552,5230.4,-0.15200000000004366,4.007065182326481,3.8550651823264372,1.921538234190674,1.0
2015-06-05,IF,next,IF1507,2015-07-17,5230.552,5240.8,10.248000000000502,28.073589480464864,38.32158948046536,6.3670691154812555,1.0
2015-06-05,IF,q1,IF1509,2015-09-18,5230.552,5253.0,22.44800000000032,33.14656159519509,55.59456159519541,3.6947780185571837,0.9692130664824998
2015-06-05,IF,q2,IF1512,2015-12-18,5230.552,5278.0,47.44800000000032,35.331129319210795,82.77912931921111,2.9472034927136628,0.91318807857308
2015-06-08,IF,current,IF1506,2015-06-19,5353.751,5335.4,-18.351000000000568,4.082524297713417,-14.268475702287152,-8.843406547764038,1.0
2015-06-08,IF,next,IF1507,2015-07-17,5353.751,5334.8,-18.951000000000022,28.715904967226443,9.764904967226421,1.7070180366269074,1.0
2015-06-08,IF,q1,IF1509,2015-09-18,5353.751,5322.0,-31.751000000000204,33.908364488173575,2.1573644881733713,0.14419760587488567,0.969195886155768
2015-06-08,IF,q2,IF1512,2015-12-18,5353.751,5359.0,5.248999999999796,36.14438692653509,41.39338692653489,1.4622052874302698,0.9131426310379733
2015-06-09,IF,current,IF1506,2015-06-19,5317.461,5250.4,-67.0610000000006,3.968630032202409,-63.09236996779819,-43.307727199590815,1.0
2015-06-09,IF,next,IF1507,2015-07-17,5317.461,5249.0,-68.46100000000024,28.43503517661227,-40.025964823387966,-7.230140950300888,1.0
2015-06-09,IF,q1,IF1509,2015-09-18,5317.461,5252.2,-65.26100000000042,33.59229799976468,-31.66870200023574,-2.152273412212758,0.969116821393402
2015-06-09,IF,q2,IF1512,2015-12-18,5317.461,5291.0,-26.46100000000024,35.81316372757165,9.352163727571408,0.33434853437762674,0.9129335195241026
2015-06-10,IF,current,IF1506,2015-06-19,5309.112,5252.8,-56.3119999999999,3.8618081464945795,-52.450191853505316,-40.06595961084231,1.0
2015-06-10,IF,next,IF1507,2015-07-17,5309.112,5252.6,-56.511999999999716,28.28979833749891,-28.222201662500805,-5.243969341568514,1.0
2015-06-10,IF,q1,IF1509,2015-09-18,5309.112,5254.0,-55.11200000000008,33.43896368945022,-21.67303631054986,-1.4900153271113323,0.9690239189771316
2015-06-10,IF,q2,IF1512,2015-12-18,5309.112,5278.0,-31.11200000000008,35.65634241322247,4.544342413222388,0.16357188470123304,0.9126878948318187
2015-06-11,IF,current,IF1506,2015-06-19,5306.59,5299.6,-6.989999999999782,3.643101530954683,-3.3468984690450987,-2.8775963971247567,1.0
2015-06-11,IF,next,IF1507,2015-07-17,5306.59,5298.2,-8.390000000000327,28.059487636141704,19.669487636141376,3.758096058753572,1.0
2015-06-11,IF,q1,IF1509,2015-09-18,5306.59,5290.0,-16.590000000000146,33.206206967926626,16.61620696792648,1.1544470773995623,0.968821611958755
2015-06-11,IF,q2,IF1512,2015-12-18,5306.59,5310.6,4.010000000000218,35.42253236505191,39.432532365052126,1.4275074967107955,0.9121533321930929
2015-06-12,IF,current,IF1506,2015-06-19,5335.115,5361.6,26.485000000000582,3.363418768688236,29.848418768688816,29.172414011617686,1.0
2015-06-12,IF,next,IF1507,2015-07-17,5335.115,5370.0,34.88500000000022,27.91105251381926,62.796052513819475,12.274770442112098,1.0
2015-06-12,IF,q1,IF1509,2015-09-18,5335.115,5352.8,17.6850000000004,33.085437478136406,50.770437478136806,3.544328028948429,0.9685395958264285
2015-06-12,IF,q2,IF1512,2015-12-18,5335.115,5368.4,33.284999999999854,35.31367649247217,68.59867649247202,2.483150325744335,0.9114088753364304
2015-06-15,IF,current,IF1506,2015-06-19,5221.167,5199.8,-21.36700000000019,2.4791855115440256,-18.887814488456165,-33.01011195527025,1.0
2015-06-15,IF,next,IF1507,2015-07-17,5221.167,5193.6,-27.567000000000007,26.50252807082617,-1.0644719291738376,-0.23254634341592761,1.0
2015-06-15,IF,q1,IF1509,2015-09-18,5221.167,5198.6,-22.567000000000007,31.566397925738165,8.999397925738158,0.662239574710612,0.9677299267234807
2015-06-15,IF,q2,IF1512,2015-12-18,5221.167,5213.0,-8.167000000000371,33.74704595483641,25.580045954836038,0.9614211153971131,0.9092762098128044
2015-06-16,IF,current,IF1506,2015-06-19,5064.821,5069.2,4.378999999999905,2.036975509852099,6.415975509852005,15.412397668124116,1.0
2015-06-16,IF,next,IF1507,2015-07-17,5064.821,5070.0,5.179000000000087,25.340947569057626,30.519947569057713,7.094974723977645,1.0
2015-06-16,IF,q1,IF1509,2015-09-18,5064.821,5063.0,-1.8209999999999127,30.253181631370754,28.43218163137084,2.1797721249098094,0.967337423454408
2015-06-16,IF,q2,IF1512,2015-12-18,5064.821,5095.2,30.378999999999905,32.36853092615205,62.74753092615195,2.4442953193821375,0.9082448443647101
2015-06-17,IF,current,IF1506,2015-06-19,5138.831,5113.8,-25.03099999999995,1.9850866908327347,-23.045913309167215,-81.84505734714796,1.0
2015-06-17,IF,next,IF1507,2015-07-17,5138.831,5122.0,-16.83100000000013,25.629589436532765,8.798589436532634,2.083148965419315,1.0
2015-06-17,IF,q1,IF1509,2015-09-18,5138.831,5122.2,-16.631000000000313,30.613603813086385,13.982603813086072,1.067907491059678,0.9672503040788979
2015-06-17,IF,q2,IF1512,2015-12-18,5138.831,5149.8,10.969000000000051,32.759863776044654,43.728863776044705,1.688025096506291,0.9080161438407374
2015-06-18,IF,current,IF1506,2015-06-19,4930.549,4934.0,3.451000000000022,1.6367788934868595,5.087778893486881,37.663945660467256,1.0
2015-06-18,IF,next,IF1507,2015-07-17,4930.549,4940.0,9.451000000000022,24.32294611095491,33.77394611095493,8.62147143179121,1.0
2015-06-18,IF,q1,IF1509,2015-09-18,4930.549,4945.4,14.850999999999658,29.10495336130076,43.955953361300416,3.5369381206827444,0.9669489116123864
2015-06-18,IF,q2,IF1512,2015-12-18,4930.549,4970.0,39.45100000000002,31.164223244685502,70.61522324468552,2.8565697441099323,0.9072255610912244
2015-06-19,IF,current,IF1506,2015-06-19,4637.052,4768.0,130.94800000000032,0.0,130.94800000000032,,
2015-06-19,IF,next,IF1507,2015-07-17,4637.052,4598.0,-39.05199999999968,21.33574518133673,-17.71625481866295,-4.980406431262776,1.0
2015-06-19,IF,q1,IF1509,2015-09-18,4637.052,4602.6,-34.451999999999316,25.833097562223873,-8.618902437775443,-0.7455237285392465,0.9649794569643171
2015-06-19,IF,q2,IF1512,2015-12-18,4637.052,4608.8,-28.251999999999498,27.769786870308835,-0.4822131296906633,-0.020855400846743463,0.902082845668418
2015-06-23,IF,current,IF1507,2015-07-17,4786.091,4730.8,-55.29100000000017,20.79978251075948,-34.49121748924068,-10.959965714167756,1.0
2015-06-23,IF,next,IF1508,2015-08-21,4786.091,4730.8,-55.29100000000017,24.51361469650704,-30.777385303493126,-3.9782458879901355,0.9978779997840017
2015-06-23,IF,q1,IF1509,2015-09-18,4786.091,4752.0,-34.09100000000035,25.441683820900618,-8.649316179099731,-0.7581836822843627,0.9632977664236404
2015-06-23,IF,q2,IF1512,2015-12-18,4786.091,4775.2,-10.891000000000531,27.44062005608229,16.54962005608176,0.7090550232815246,0.8977233734008421
2015-06-24,IF,current,IF1507,2015-07-17,4880.126,4858.2,-21.926000000000386,21.16046708464919,-0.7655329153511943,-0.24894182089203173,1.0
2015-06-24,IF,next,IF1508,2015-08-21,4880.126,4861.6,-18.52599999999984,24.947267003268273,6.421267003268433,0.8280461922616053,0.9978739186023559
2015-06-24,IF,q1,IF1509,2015-09-18,4880.126,4866.6,-13.52599999999984,25.893570419511356,12.367570419511516,1.0755925114175482,0.9632297577926883
2015-06-24,IF,q2,IF1512,2015-12-18,4880.126,4879.2,-0.9260000000003856,27.931780870096652,27.005780870096267,1.1411567468749941,0.8975476857462042
2015-06-25,IF,current,IF1507,2015-07-17,4706.516,4587.2,-119.3159999999998,20.36753206689298,-98.94846793310683,-34.880260391400114,1.0
2015-06-25,IF,next,IF1508,2015-08-21,4706.516,4586.8,-119.71599999999944,24.0196169527708,-95.69638304722864,-13.020090195908931,0.9978703644409803
2015-06-25,IF,q1,IF1509,2015-09-18,4706.516,4586.0,-120.51599999999962,24.932255718532737,-95.58374428146689,-8.720842404254121,0.9631705391770465
2015-06-25,IF,q2,IF1512,2015-12-18,4706.516,4613.4,-93.11599999999999,26.89795703383625,-66.21804296616374,-2.9178099336896306,0.8973947440825274
2015-06-26,IF,current,IF1507,2015-07-17,4336.195,4212.4,-123.79500000000007,18.42064667591276,-105.37435332408731,-42.23764423185795,1.0
2015-06-26,IF,next,IF1508,2015-08-21,4336.195,4204.6,-131.59499999999935,21.785375962229644,-109.80962403776971,-16.505794651509785,0.9978367058656435
2015-06-26,IF,q1,IF1509,2015-09-18,4336.195,4213.2,-122.99499999999989,22.626205920717638,-100.36879407928225,-10.057811228655654,0.9626100862718162
2015-06-26,IF,q2,IF1512,2015-12-18,4336.195,4227.6,-108.59499999999935,24.437240710552096,-84.15775928944726,-4.047996937492533,0.8959490615276975
2015-06-29,IF,current,IF1507,2015-07-17,4191.549,4014.2,-177.34900000000016,17.80617411204419,-159.54282588795598,-77.18325538827443,1.0
2015-06-29,IF,next,IF1508,2015-08-21,4191.549,3990.6,-200.94900000000007,21.058663374019783,-179.8903366259803,-29.556314684926342,0.9978367058656435
2015-06-29,IF,q1,IF1509,2015-09-18,4191.549,3995.0,-196.54899999999998,21.871445080486026,-174.67755491951397,-18.778910938406344,0.9626100862718162
2015-06-29,IF,q2,IF1512,2015-12-18,4191.549,4008.6,-182.94900000000007,23.62206770292248,-159.32693229707758,-8.066387186321327,0.8959490615276975
2015-06-30,IF,current,IF1507,2015-07-17,4472.998,4381.4,-91.59799999999996,17.391104745116323,-74.20689525488363,-35.61963793047096,1.0
2015-06-30,IF,next,IF1508,2015-08-21,4472.998,4376.2,-96.79799999999977,20.86198817361454,-75.93601182638523,-11.91622242407519,0.9976696838945606
2015-06-30,IF,q1,IF1509,2015-09-18,4472.998,4381.4,-91.59799999999996,21.729345550913504,-69.86865444908645,-7.126668420686907,0.9598385437661076
2015-06-30,IF,q2,IF1512,2015-12-18,4472.998,4375.0,-97.99799999999959,23.597516837689117,-74.40048316231048,-3.5503715596390637,0.8888468529296074
2015-07-01,IF,current,IF1507,2015-07-17,4253.021,4059.0,-194.02099999999973,15.893541423685708,-178.127458576314,-95.544617550023,1.0
2015-07-01,IF,next,IF1508,2015-08-21,4253.021,4046.8,-206.22099999999955,19.193730717299285,-187.02726928270027,-31.47241680318006,0.9975917034848943
2015-07-01,IF,q1,IF1509,2015-09-18,4253.021,4046.0,-207.02099999999973,20.01843243640522,-187.0025675635945,-20.314952702231537,0.9585499694869138
2015-07-01,IF,q2,IF1512,2015-12-18,4253.021,4060.0,-193.02099999999973,21.794729164964835,-171.22627083503488,-8.644040920945335,0.8855711812952368
2015-07-02,IF,current,IF1507,2015-07-17,4107.996,4130.0,22.003999999999905,15.256365620623713,37.26036562062362,22.07083202536001,1.0
2015-07-02,IF,next,IF1508,2015-08-21,4107.996,4109.8,1.8040000000000873,18.444020799708746,20.248020799708833,3.598118202595,0.9975792706470445
2015-07-02,IF,q1,IF1509,2015-09-18,4107.996,4111.2,3.2039999999997235,19.240600775043998,22.44460077504372,2.556702138354689,0.95834484281126
2015-07-02,IF,q2,IF1512,2015-12-18,4107.996,4114.4,6.403999999999542,20.956327044849854,27.360327044849395,1.4384588154375675,0.8850512617276226
2015-07-03,IF,current,IF1507,2015-07-17,3885.917,3931.8,45.883000000000266,9.59341434289831,55.47641434289858,37.22028478580103,1.0
2015-07-03,IF,next,IF1508,2015-08-21,3885.917,3928.4,42.483000000000175,12.6087443117066,55.091744311706776,10.56062903702244,0.9966503956655398
2015-07-03,IF,q1,IF1509,2015-09-18,3885.917,3923.0,37.083000000000084,13.36226103081121,50.445261030811295,6.1535961769448075,0.9432623997837358
2015-07-03,IF,q2,IF1512,2015-12-18,3885.917,3945.6,59.68299999999999,14.985234830976827,74.66823483097681,4.174706491308802,0.8479384786851167
2015-07-06,IF,current,IF1507,2015-07-17,3998.537,4040.6,42.0630000000001,9.82177458835735,51.88477458835745,43.05652684458083,1.0
2015-07-06,IF,next,IF1508,2015-08-21,3998.537,4039.2,40.66300000000001,12.924493572702303,53.587493572702314,10.63401719289501,0.9966375223079342
2015-07-06,IF,q1,IF1509,2015-09-18,3998.537,4036.2,37.66300000000001,13.699848394088963,51.36284839408897,6.33591184078363,0.9430566842625783
2015-07-06,IF,q2,IF1512,2015-12-18,3998.537,4066.0,67.46300000000019,15.369858533264049,82.83285853326424,4.582584165710344,0.8474470490760903
2015-07-07,IF,current,IF1507,2015-07-17,3928.003,3696.8,-231.20299999999997,7.778532815104221,-223.42446718489575,-207.61168085280727,1.0
2015-07-07,IF,next,IF1508,2015-08-21,3928.003,3619.2,-308.80300000000034,10.826519986077987,-297.97648001392236,-61.53051150650097,0.9960567459644988
2015-07-07,IF,q1,IF1509,2015-09-18,3928.003,3610.6,-317.40300000000025,11.588197585777893,-305.81480241422236,-38.92751640136506,0.933867747798042
2015-07-07,IF,q2,IF1512,2015-12-18,3928.003,3649.4,-278.60300000000007,13.228748826571751,-265.3742511734283,-15.036127070897518,0.8258825074847999
2015-07-08,IF,current,IF1507,2015-07-17,3663.038,3463.4,-199.63799999999992,6.827179763951365,-192.81082023604856,-213.47171205418297,1.0
2015-07-08,IF,next,IF1508,2015-08-21,3663.038,3410.8,-252.23799999999983,9.669563751639103,-242.56843624836074,-54.932966490117366,0.9958827582258135
2015-07-08,IF,q1,IF1509,2015-09-18,3663.038,3412.2,-250.8380000000002,10.37986208681083,-240.45813791318938,-33.278092429439006,0.9311494783850659
2015-07-08,IF,q2,IF1512,2015-12-18,3663.038,3433.0,-230.038,11.909749293102438,-218.12825070689757,-13.334469813532,0.8196450075653804
2015-07-09,IF,current,IF1507,2015-07-17,3897.626,3810.0,-87.6260000000002,5.315131760169832,-82.31086823983037,-96.35181424390797,1.0
2015-07-09,IF,next,IF1508,2015-08-21,3897.626,3751.8,-145.82600000000002,8.339547486240763,-137.48645251375925,-29.94223064723401,0.9949204001074541
2015-07-09,IF,q1,IF1509,2015-09-18,3897.626,3753.4,-144.2260000000001,9.0953346931772,-135.13066530682292,-17.82330615111604,0.9163937252932773
2015-07-09,IF,q2,IF1512,2015-12-18,3897.626,3776.2,-121.42600000000039,10.723198819159386,-110.70280118084099,-6.399356376655399,0.7868598979543387
2015-07-10,IF,current,IF1507,2015-07-17,4106.556,4166.6,60.04400000000078,4.14262726038732,64.1866272603881,81.50075478625486,1.0
2015-07-10,IF,next,IF1508,2015-08-21,4106.556,4125.0,18.444000000000415,7.329165051953501,25.773165051953917,5.454231653902165,0.9939103115429837
2015-07-10,IF,q1,IF1509,2015-09-18,4106.556,4067.0,-39.555999999999585,8.125465797424734,-31.43053420257485,-3.990881543679292,0.9013977382240013
2015-07-10,IF,q2,IF1512,2015-12-18,4106.556,4052.0,-54.555999999999585,9.840590643609799,-44.715409356389785,-2.4685757011943723,0.755293250905442
2015-07-13,IF,current,IF1507,2015-07-17,4211.812,4085.4,-126.41199999999981,4.068797905453777,-122.34320209454603,-265.0597223030688,1.0
2015-07-13,IF,next,IF1508,2015-08-21,4211.812,4038.0,-173.8119999999999,7.337010516939396,-166.4749894830605,-36.99203948282804,0.9937609040645512
2015-07-13,IF,q1,IF1509,2015-09-18,4211.812,4030.2,-181.61200000000008,8.153721414193614,-173.45827858580645,-22.435932061140797,0.8992208937044867
2015-07-13,IF,q2,IF1512,2015-12-18,4211.812,4034.6,-177.212,9.91280698581626,-167.29919301418374,-9.17615299485837,0.7508495409938042
2015-07-14,IF,current,IF1507,2015-07-17,4112.149,4001.6,-110.54900000000043,3.799151508017442,-106.74984849198299,-315.84211158669746,1.0
2015-07-14,IF,next,IF1508,2015-08-21,4112.149,3930.8,-181.34900000000016,6.990029263745376,-174.35897073625478,-40.72721581492778,0.9936061612961782
2015-07-14,IF,q1,IF1509,2015-09-18,4112.149,3895.8,-216.34900000000016,7.7874145457648565,-208.5615854542353,-28.048807765534807,0.8969772964431206
2015-07-14,IF,q2,IF1512,2015-12-18,4112.149,3885.8,-226.34900000000016,9.50487533799929,-216.84412466200087,-12.25947942353106,0.7463050739437458
2015-07-15,IF,current,IF1507,2015-07-17,3966.759,3858.4,-108.35899999999992,3.294477402373136,-105.06452259762679,-483.37384182066245,1.0
2015-07-15,IF,next,IF1508,2015-08-21,3966.759,3699.2,-267.5590000000002,6.372537816875038,-261.1864621831252,-64.95401293521151,0.9932345728496922
2015-07-15,IF,q1,IF1509,2015-09-18,3966.759,3650.2,-316.5590000000002,7.14173057810969,-309.4172694218905,-43.80142515454054,0.8916348223144027
2015-07-15,IF,q2,IF1512,2015-12-18,3966.759,3621.2,-345.5590000000002,8.798468467408709,-336.7605315325915,-19.863402211528978,0.7356263921134228
2015-07-16,IF,current,IF1507,2015-07-17,3997.356,4008.0,10.643999999999778,3.0690725950238735,13.713072595023652,125.21455424995003,1.0
2015-07-16,IF,next,IF1508,2015-08-21,3997.356,3859.0,-138.35600000000022,6.1708751664106565,-132.18512483358955,-33.5274189602245,0.9929595909196333
2015-07-16,IF,q1,IF1509,2015-09-18,3997.356,3787.6,-209.7560000000003,6.946000980526891,-202.80999901947342,-28.935395687998124,0.8877218155195091
2015-07-16,IF,q2,IF1512,2015-12-18,3997.356,3748.8,-248.55600000000004,8.61551786880187,-239.94048213119817,-14.134871533613932,0.7279299075042256
2015-07-17,IF,current,IF1507,2015-07-17,4151.496,4124.4,-27.09600000000046,0.0,-27.09600000000046,,
2015-07-17,IF,next,IF1508,2015-08-21,4151.496,4090.4,-61.096000000000004,3.2214095937169342,-57.87459040628307,-14.538115897287094,0.9859934716812155
2015-07-17,IF,q1,IF1509,2015-09-18,4151.496,4018.0,-133.4960000000001,4.026424637861187,-129.4695753621389,-18.06822186629801,0.7988396220034688
2015-07-17,IF,q2,IF1512,2015-12-18,4151.496,3980.0,-171.4960000000001,5.7603189128784775,-165.7356810871216,-9.462012929577797,0.5773825165920597
2015-07-20,IF,current,IF1508,2015-08-21,4160.612,3950.0,-210.61200000000008,3.228483277482093,-207.38351672251798,-56.85385317391337,0.9859934716812155
2015-07-20,IF,next,IF1509,2015-09-18,4160.612,3878.4,-282.212,4.035266001793308,-278.17673399820666,-40.67290577658024,0.7988396220034688
2015-07-20,IF,q1,IF1509,2015-09-18,4160.612,3878.4,-282.212,4.035266001793308,-278.17673399820666,-40.67290577658024,0.7988396220034688
2015-07-20,IF,q2,IF1512,2015-12-18,4160.612,3828.8,-331.8119999999999,5.7729676224544475,-326.0390323775454,-18.942107430827352,0.5773825165920597
2015-07-21,IF,current,IF1508,2015-08-21,4166.006,3969.0,-197.0060000000003,3.1056788226968535,-193.90032117730345,-54.801167128323684,0.9854207501721489
2015-07-21,IF,next,IF1509,2015-09-18,4166.006,3900.2,-265.8060000000005,3.913507495540383,-261.8924925044601,-38.89054333775622,0.7923121381866214
2015-07-21,IF,q1,IF1509,2015-09-18,4166.006,3900.2,-265.8060000000005,3.913507495540383,-261.8924925044601,-38.89054333775622,0.7923121381866214
2015-07-21,IF,q2,IF1512,2015-12-18,4166.006,3841.6,-324.4060000000004,5.653461948847742,-318.75253805115267,-18.61810030817218,0.5678895376646079
2015-07-22,IF,current,IF1508,2015-08-21,4157.16,3945.2,-211.96000000000004,2.560263266810575,-209.39973673318946,-61.28454995526926,0.9823524694569943
2015-07-22,IF,next,IF1509,2015-09-18,4157.16,3876.2,-280.96000000000004,3.366376615086647,-277.59362338491337,-42.02208691854509,0.7590696937445697
2015-07-22,IF,q1,IF1509,2015-09-18,4157.16,3876.2,-280.96000000000004,3.366376615086647,-277.59362338491337,-42.02208691854509,0.7590696937445697
2015-07-22,IF,q2,IF1512,2015-12-18,4157.16,3830.2,-326.96000000000004,5.102636489679055,-321.85736351032097,-18.96589341698672,0.5222601449353876
2015-07-23,IF,current,IF1508,2015-08-21,4250.805,4183.8,-67.00500000000011,2.0195570034612773,-64.98544299653884,-19.24153732807094,0.9771236414717835
2015-07-23,IF,next,IF1509,2015-09-18,4250.805,4142.6,-108.20499999999993,2.8438290188320288,-105.3611709811679,-15.871845041085317,0.7083747693348865
2015-07-23,IF,q1,IF1509,2015-09-18,4250.805,4142.6,-108.20499999999993,2.8438290188320288,-105.3611709811679,-15.871845041085317,0.7083747693348865
2015-07-23,IF,q2,IF1512,2015-12-18,4250.805,4110.4,-140.40500000000065,4.619200223264087,-135.78579977673655,-7.877969969012362,0.4603728907138928
2015-07-24,IF,current,IF1508,2015-08-21,4176.279,4012.2,-164.07900000000063,1.9841497087865148,-162.09485029121413,-50.59580922591375,0.9771236414717835
2015-07-24,IF,next,IF1509,2015-09-18,4176.279,3953.6,-222.67900000000054,2.7939704152363625,-219.88502958476417,-34.31713280378081,0.7083747693348865
2015-07-24,IF,q1,IF1509,2015-09-18,4176.279,3953.6,-222.67900000000054,2.7939704152363625,-219.88502958476417,-34.31713280378081,0.7083747693348865
2015-07-24,IF,q2,IF1512,2015-12-18,4176.279,3912.0,-264.27900000000045,4.538215441360665,-259.7407845586398,-15.442804494503118,0.4603728907138928
2015-07-27,IF,current,IF1508,2015-08-21,3818.731,3647.8,-170.93100000000004,1.282346800022644,-169.6486531999774,-64.86108439478114,0.967634270364487
2015-07-27,IF,next,IF1509,2015-09-18,3818.731,3593.8,-224.93100000000004,2.0228355068743493,-222.9081644931257,-40.1998010570917,0.6316879798399245
2015-07-27,IF,q1,IF1509,2015-09-18,3818.731,3593.8,-224.93100000000004,2.0228355068743493,-222.9081644931257,-40.1998010570917,0.6316879798399245
2015-07-27,IF,q2,IF1512,2015-12-18,3818.731,3557.8,-260.93100000000004,3.617748718577084,-257.31325128142294,-17.07943335352172,0.3810293841470502
2015-07-28,IF,current,IF1508,2015-08-21,3811.093,3654.0,-157.09299999999985,1.262098247392893,-155.83090175260696,-62.1850030289884,1.0
2015-07-28,IF,next,IF1509,2015-09-18,3811.093,3597.8,-213.29299999999967,2.001105872507515,-211.29189412749216,-38.9155175312894,0.6491323164829603
2015-07-28,IF,q1,IF1509,2015-09-18,3811.093,3597.8,-213.29299999999967,2.001105872507515,-211.29189412749216,-38.9155175312894,0.6491323164829603
2015-07-28,IF,q2,IF1512,2015-12-18,3811.093,3565.0,-246.09299999999985,3.592829033088298,-242.50017096691155,-16.241245434121037,0.38951166878446974
2015-07-29,IF,current,IF1508,2015-08-21,3930.379,3821.4,-108.97899999999981,1.301601521529344,-107.67739847847047,-43.4765577974317,1.0
2015-07-29,IF,next,IF1509,2015-09-18,3930.379,3762.0,-168.3789999999999,2.063739850504885,-166.31526014949503,-30.284496464722853,0.6491323164829603
2015-07-29,IF,q1,IF1509,2015-09-18,3930.379,3762.0,-168.3789999999999,2.063739850504885,-166.31526014949503,-30.284496464722853,0.6491323164829603
2015-07-29,IF,q2,IF1512,2015-12-18,3930.379,3719.8,-210.57899999999972,3.45065406596172,-207.128345934038,-13.545954933859722,0.5186922979596372
2015-07-30,IF,current,IF1508,2015-08-21,3815.412,3653.8,-161.61199999999963,1.2635285463466288,-160.348471453653,-69.72580976192842,1.0
2015-07-30,IF,next,IF1509,2015-09-18,3815.412,3589.8,-225.61199999999963,2.003373667143689,-223.60862633285595,-42.78287566925534,0.6491323164829603
2015-07-30,IF,q1,IF1509,2015-09-18,3815.412,3589.8,-225.61199999999963,2.003373667143689,-223.60862633285595,-42.78287566925534,0.6491323164829603
2015-07-30,IF,q2,IF1512,2015-12-18,3815.412,3543.6,-271.8119999999999,3.349719437010817,-268.46228056298906,-18.214430026825767,0.5186922979596372
2015-07-31,IF,current,IF1508,2015-08-21,3816.699,3693.4,-123.29899999999998,1.2286378972737226,-122.07036210272625,-55.589899827916724,1.0
2015-07-31,IF,next,IF1509,2015-09-18,3816.699,3625.2,-191.49900000000025,1.9687325797617523,-189.5302674202385,-36.9902655160576,0.6428381431895703
2015-07-31,IF,q1,IF1509,2015-09-18,3816.699,3625.2,-191.49900000000025,1.9687325797617523,-189.5302674202385,-36.9902655160576,0.6428381431895703
2015-07-31,IF,q2,IF1512,2015-12-18,3816.699,3547.8,-268.8989999999999,3.3155324937700166,-265.58346750622985,-18.141698894361312,0.5135654365518222
2015-08-03,IF,current,IF1508,2015-08-21,3829.235,3638.2,-191.0350000000003,1.232673375229994,-189.8023266247703,-100.51013847419358,1.0
2015-08-03,IF,next,IF1509,2015-09-18,3829.235,3528.8,-300.43499999999995,1.9751989088120374,-298.4598010911879,-61.8456072581892,0.6428381431895703
2015-08-03,IF,q1,IF1509,2015-09-18,3829.235,3528.8,-300.43499999999995,1.9751989088120374,-298.4598010911879,-61.8456072581892,0.6428381431895703
2015-08-03,IF,q2,IF1512,2015-12-18,3829.235,3430.0,-399.2350000000001,3.326422405534581,-395.90857759446556,-27.545787231859176,0.5135654365518222
2015-08-04,IF,current,IF1508,2015-08-21,3948.155,3837.6,-110.55500000000029,1.2709550470997935,-109.2840449529005,-59.430106717469265,1.0
2015-08-04,IF,next,IF1509,2015-09-18,3948.155,3752.0,-196.1550000000002,2.0365403136189837,-194.11845968638121,-39.87980196405614,0.6428381431895703
2015-08-04,IF,q1,IF1509,2015-09-18,3948.155,3752.0,-196.1550000000002,2.0365403136189837,-194.11845968638121,-39.87980196405614,0.6428381431895703
2015-08-04,IF,q2,IF1512,2015-12-18,3948.155,3640.0,-308.1550000000002,3.4297271524268904,-304.7252728475733,-20.714203400695695,0.5135654365518222
2015-08-05,IF,current,IF1508,2015-08-21,3866.9,3762.6,-104.30000000000018,1.2447981580333576,-103.05520184196682,-60.79667930434891,1.0
2015-08-05,IF,next,IF1509,2015-09-18,3866.9,3666.8,-200.0999999999999,1.9946272977462254,-198.10537270225367,-42.498490120299905,0.6428381431895703
2015-08-05,IF,q1,IF1509,2015-09-18,3866.9,3666.8,-200.0999999999999,1.9946272977462254,-198.10537270225367,-42.498490120299905,0.6428381431895703
2015-08-05,IF,q2,IF1512,2015-12-18,3866.9,3550.2,-316.7000000000003,3.3591416562215874,-313.3408583437787,-21.90852722402369,0.5135654365518222
2015-08-06,IF,current,IF1508,2015-08-21,3831.852,3766.8,-65.05199999999968,1.193872451280629,-63.858127548719054,-40.551699378929484,1.0
2015-08-06,IF,next,IF1509,2015-09-18,3831.852,3680.6,-151.25199999999995,1.9369054463586066,-149.31509455364136,-33.076488384109254,0.6355279784022225
2015-08-06,IF,q1,IF1509,2015-09-18,3831.852,3680.6,-151.25199999999995,1.9369054463586066,-149.31509455364136,-33.076488384109254,0.6355279784022225
2015-08-06,IF,q2,IF1512,2015-12-18,3831.852,3573.0,-258.85199999999986,3.289052404788494,-255.56294759521137,-18.166749505736092,0.507702379123609
2015-08-07,IF,current,IF1508,2015-08-21,3906.945,3854.6,-52.345000000000255,1.1533432674116866,-51.19165673258857,-34.160696450980836,1.0
2015-08-07,IF,next,IF1509,2015-09-18,3906.945,3799.4,-107.54500000000007,1.9109375181695263,-105.63406248183054,-23.496883240015475,0.6233354921855001
2015-08-07,IF,q1,IF1509,2015-09-18,3906.945,3799.4,-107.54500000000007,1.9109375181695263,-105.63406248183054,-23.496883240015475,0.6233354921855001
2015-08-07,IF,q2,IF1512,2015-12-18,3906.945,3722.6,-184.34500000000025,3.289582569831975,-181.0554174301683,-12.717901294667008,0.49813569333792646
2015-08-10,IF,current,IF1508,2015-08-21,4084.365,4032.8,-51.5649999999996,1.2057182464564853,-50.359281753543115,-40.91241921113861,1.0
2015-08-10,IF,next,IF1509,2015-09-18,4084.365,3990.4,-93.96499999999969,1.9977159433773644,-91.96728405662233,-21.073519466317038,0.6233354921855001
2015-08-10,IF,q1,IF1509,2015-09-18,4084.365,3990.4,-93.96499999999969,1.9977159433773644,-91.96728405662233,-21.073519466317038,0.6233354921855001
2015-08-10,IF,q2,IF1512,2015-12-18,4084.365,3932.0,-152.36499999999978,3.438967252631346,-148.92603274736842,-10.237539410897876,0.49813569333792646
2015-08-11,IF,current,IF1508,2015-08-21,4066.669,4001.2,-65.46900000000005,1.2004943279062836,-64.26850567209377,-57.6835846987159,1.0
2015-08-11,IF,next,IF1509,2015-09-18,4066.669,3965.4,-101.26899999999978,1.9890606000537374,-99.27993939994604,-23.449411403689947,0.6233354921855001
2015-08-11,IF,q1,IF1509,2015-09-18,4066.669,3965.4,-101.26899999999978,1.9890606000537374,-99.27993939994604,-23.449411403689947,0.6233354921855001
2015-08-11,IF,q2,IF1512,2015-12-18,4066.669,3895.0,-171.66899999999987,3.42406751558469,-168.2449324844152,-11.705940739979017,0.49813569333792646
2015-08-12,IF,current,IF1508,2015-08-21,4016.126,3966.8,-49.32600000000002,1.1400126505054013,-48.18598734949462,-48.65906814058439,1.0
2015-08-12,IF,next,IF1509,2015-09-18,4016.126,3922.4,-93.72600000000011,1.918778148335312,-91.8072218516648,-22.55073265095124,0.6186433279362571
2015-08-12,IF,q1,IF1509,2015-09-18,4016.126,3922.4,-93.72600000000011,1.918778148335312,-91.8072218516648,-22.55073265095124,0.6186433279362571
2015-08-12,IF,q2,IF1512,2015-12-18,4016.126,3843.2,-172.92600000000039,3.3359499377392843,-169.5900500622611,-12.041370891517506,0.4937269110215887
2015-08-13,IF,current,IF1508,2015-08-21,4075.463,4015.6,-59.863000000000284,1.1568559792861814,-58.7061440207141,-65.72180439241089,1.0
2015-08-13,IF,next,IF1509,2015-09-18,4075.463,3958.2,-117.26300000000037,1.947127492700447,-115.31587250729993,-28.688147051679554,0.6186433279362571
2015-08-13,IF,q1,IF1509,2015-09-18,4075.463,3958.2,-117.26300000000037,1.947127492700447,-115.31587250729993,-28.688147051679554,0.6186433279362571
2015-08-13,IF,q2,IF1512,2015-12-18,4075.463,3877.2,-198.26300000000037,3.385237550093985,-194.87776244990638,-13.742776175913555,0.4937269110215887
2015-08-14,IF,current,IF1508,2015-08-21,4073.54,4008.6,-64.94000000000005,0.6045251368028822,-64.33547486319718,-82.35184814705555,1.0
2015-08-14,IF,next,IF1509,2015-09-18,4073.54,3921.6,-151.94000000000005,1.3944237620029016,-150.54557623799715,-38.5408095919863,0.46773734786137905
2015-08-14,IF,q1,IF1509,2015-09-18,4073.54,3921.6,-151.94000000000005,1.3944237620029016,-150.54557623799715,-38.5408095919863,0.46773734786137905
2015-08-14,IF,q2,IF1512,2015-12-18,4073.54,3825.8,-247.73999999999978,2.8318552497123655,-244.90814475028742,-17.416206385650394,0.39507995957990527
2015-08-17,IF,current,IF1508,2015-08-21,4077.872,4003.8,-74.07199999999966,0.6051680181524283,-73.46683198184724,-164.39575392125013,1.0
2015-08-17,IF,next,IF1509,2015-09-18,4077.872,3897.0,-180.87199999999984,1.3959066598600471,-179.47609334013978,-50.201408716628904,0.46773734786137905
2015-08-17,IF,q1,IF1509,2015-09-18,4077.872,3897.0,-180.87199999999984,1.3959066598600471,-179.47609334013978,-50.201408716628904,0.46773734786137905
2015-08-17,IF,q2,IF1512,2015-12-18,4077.872,3783.8,-294.07199999999966,2.834866781928019,-291.2371332180716,-21.193413461008596,0.39507995957990527
2015-08-18,IF,current,IF1508,2015-08-21,3825.412,3755.0,-70.41199999999981,0.5677022227908373,-69.84429777720896,-222.13876299407985,1.0
2015-08-18,IF,next,IF1509,2015-09-18,3825.412,3612.0,-213.4119999999998,1.3094864398658277,-212.10251356013399,-65.28279951953976,0.46773734786137905
2015-08-18,IF,q1,IF1509,2015-09-18,3825.412,3612.0,-213.4119999999998,1.3094864398658277,-212.10251356013399,-65.28279951953976,0.46773734786137905
2015-08-18,IF,q2,IF1512,2015-12-18,3825.412,3473.2,-352.212,2.86021874068058,-349.3517812593194,-27.322332982363946,0.47425647072077315
2015-08-19,IF,current,IF1508,2015-08-21,3886.136,3808.2,-77.93600000000015,0.5767138403046503,-77.3592861596955,-363.29324872172333,1.0
2015-08-19,IF,next,IF1509,2015-09-18,3886.136,3683.2,-202.93600000000015,1.3302730256177449,-201.6057269743824,-63.11847238975474,0.46773734786137905
2015-08-19,IF,q1,IF1509,2015-09-18,3886.136,3683.2,-202.93600000000015,1.3302730256177449,-201.6057269743824,-63.11847238975474,0.46773734786137905
2015-08-19,IF,q2,IF1512,2015-12-18,3886.136,3560.0,-326.13599999999997,2.905621411767796,-323.23037858823216,-25.090058264827896,0.47425647072077315
2015-08-20,IF,current,IF1508,2015-08-21,3761.454,3748.4,-13.054000000000087,0.3340282148463978,-12.719971785153689,-123.43071858863877,1.0
2015-08-20,IF,next,IF1509,2015-09-18,3761.454,3601.0,-160.45400000000018,1.0634103599470017,-159.39058964005318,-53.33370921385939,0.35552859684539573
2015-08-20,IF,q1,IF1509,2015-09-18,3761.454,3601.0,-160.45400000000018,1.0634103599470017,-159.39058964005318,-53.33370921385939,0.35552859684539573
2015-08-20,IF,q2,IF1512,2015-12-18,3761.454,3469.0,-292.4540000000002,2.588215587679035,-289.86578441232115,-23.439741500338528,0.4287183494382544
2015-08-21,IF,current,IF1508,2015-08-21,3589.536,3645.4,55.86400000000003,0.0,55.86400000000003,,
2015-08-21,IF,next,IF1509,2015-09-18,3589.536,3469.2,-120.33600000000024,0.6836664071915018,-119.65233359280874,-43.45279262653525,0.7747322276200554
2015-08-21,IF,q1,IF1509,2015-09-18,3589.536,3469.2,-120.33600000000024,0.6836664071915018,-119.65233359280874,-43.45279262653525,0.7747322276200554
2015-08-21,IF,q2,IF1512,2015-12-18,3589.536,3333.8,-255.73599999999988,2.138780110012893,-253.59721988998697,-21.6696590385946,0.5740495759588782
2015-08-24,IF,current,IF1509,2015-09-18,3275.534,3132.2,-143.3340000000003,0.62386129054385,-142.71013870945643,-63.61002588152233,0.7747322276200554
2015-08-24,IF,next,IF1510,2015-10-16,3275.534,3132.2,-143.3340000000003,1.50319704359481,-141.83080295640548,-29.81984932469084,0.6878780940467907
2015-08-24,IF,q1,IF1512,2015-12-18,3275.534,3007.0,-268.5340000000001,1.9516859473957,-266.58231405260443,-25.608497420783966,0.6398591691910744
2015-08-24,IF,q2,IF1603,2016-03-18,3275.534,2962.8,-312.7339999999999,2.137231147739855,-310.5967688522601,-16.720041100718074,0.584309352848021
2015-08-25,IF,current,IF1509,2015-09-18,3042.927,2821.6,-221.32700000000023,0.5501089074239288,-220.7768910925763,-110.34272435825545,0.7626726179688883
2015-08-25,IF,next,IF1510,2015-10-16,3042.927,2819.0,-223.92700000000013,1.3669999868705471,-222.56000001312958,-51.33872748482495,0.6811539253083105
2015-08-25,IF,q1,IF1512,2015-12-18,3042.927,2706.4,-336.52700000000004,1.783640142208923,-334.7433598577911,-34.91527453896792,0.6793083519915182
2015-08-25,IF,q2,IF1603,2016-03-18,3042.927,2666.6,-376.3270000000002,1.9560091360424894,-374.37099086395773,-21.79898634091142,0.6194458007498492
2015-08-26,IF,current,IF1509,2015-09-18,3025.692,2749.6,-276.0920000000001,0.5469931156157615,-275.54500688438435,-144.52163197966857,0.7626726179688883
2015-08-26,IF,next,IF1510,2015-10-16,3025.692,2674.4,-351.2919999999999,1.3876321828538494,-349.90436781714607,-82.7651173476221,0.7639350390141362
2015-08-26,IF,q1,IF1512,2015-12-18,3025.692,2600.2,-425.4920000000002,1.80191250731976,-423.69008749268045,-44.834424519070254,0.743086201835839
2015-08-26,IF,q2,IF1603,2016-03-18,3025.692,2609.8,-415.8919999999998,1.9733052110192808,-413.91869478898053,-24.35731027093369,0.6785449679186252
2015-08-27,IF,current,IF1509,2015-09-18,3205.638,3030.8,-174.83799999999974,0.579524259956492,-174.25847574004325,-90.1881787439332,0.7626726179688883
2015-08-27,IF,next,IF1510,2015-10-16,3205.638,2960.8,-244.83799999999974,1.4968282392089567,-243.3411717607908,-55.41457126019136,0.8627586399953656
2015-08-27,IF,q1,IF1512,2015-12-18,3205.638,2888.2,-317.4380000000001,1.9357469231861268,-315.502253076814,-31.790869648771285,0.8197894063609308
2015-08-27,IF,q2,IF1603,2016-03-18,3205.638,2854.0,-351.6379999999999,2.117332809621998,-349.52066719037794,-19.508374320935694,0.7494829409019829
2015-08-28,IF,current,IF1509,2015-09-18,3342.286,3188.4,-153.88599999999997,0.5950692721629394,-153.29093072783704,-79.71616933477283,1.0
2015-08-28,IF,next,IF1510,2015-10-16,3342.286,3102.6,-239.68600000000015,1.5514755312601307,-238.13452446874,-53.07323229907285,0.9543765077927553
2015-08-28,IF,q1,IF1512,2015-12-18,3342.286,3034.0,-308.28600000000006,2.0949620231795683,-306.1910379768205,-29.855455875949303,0.9512657557765994
2015-08-28,IF,q2,IF1603,2016-03-18,3342.286,3017.0,-325.28600000000006,2.284288443078572,-323.00171155692146,-17.376329381386338,0.8724229369288271
2015-08-31,IF,current,IF1509,2015-09-18,3366.536,3070.2,-296.33600000000024,0.5993868050879946,-295.73661319491225,-178.132101457375,1.0
2015-08-31,IF,next,IF1510,2015-10-16,3366.536,2966.2,-400.33600000000024,1.538896241849825,-398.7971037581504,-93.99478643027632,1.0
2015-08-31,IF,q1,IF1512,2015-12-18,3366.536,2864.0,-502.53600000000006,2.086326007154319,-500.44967399284576,-49.77869583643593,1.0
2015-08-31,IF,q2,IF1603,2016-03-18,3366.536,2852.0,-514.5360000000001,2.2535532502445204,-512.2824467497555,-27.770844135286353,0.9728757232964615
2015-09-01,IF,current,IF1509,2015-09-18,3362.083,2999.0,-363.0830000000001,0.598593981413138,-362.4844060185869,-231.48605859344485,1.0
2015-09-01,IF,next,IF1510,2015-10-16,3362.083,2866.6,-495.4830000000002,1.5368607059265622,-493.9461392940736,-119.16576773145093,1.0
2015-09-01,IF,q1,IF1512,2015-12-18,3362.083,2720.0,-642.0830000000001,2.0835663724111115,-639.9994336275889,-64.3339575148496,1.0
2015-09-01,IF,q2,IF1603,2016-03-18,3362.083,2706.0,-656.0830000000001,2.250572419912292,-653.8324275800878,-35.66956503586868,0.9728757232964615
2015-09-02,IF,current,IF1509,2015-09-18,3365.832,2965.8,-400.0319999999997,0.5992614631012219,-399.43273853689846,-270.7223458530609,1.0
2015-09-02,IF,next,IF1510,2015-10-16,3365.832,2818.4,-547.4319999999998,1.5385744324426889,-545.8934255675571,-134.54129910399993,1.0
2015-09-02,IF,q1,IF1512,2015-12-18,3365.832,2675.4,-690.4319999999998,2.085889720862107,-688.3461102791376,-69.76273754632264,1.0
2015-09-02,IF,q2,IF1603,2016-03-18,3365.832,2638.8,-727.0319999999997,2.253081993888381,-724.7789180061113,-39.695455651073786,0.9728757232964615
2015-09-07,IF,current,IF1509,2015-09-18,3250.485,3096.2,-154.2850000000003,0.5787247839133312,-153.70627521608696,-156.90746696645897,1.0
2015-09-07,IF,next,IF1510,2015-10-16,3250.485,2972.2,-278.2850000000003,1.4858475152766013,-276.7991524847237,-79.6975273133198,1.0
2015-09-07,IF,q1,IF1512,2015-12-18,3250.485,2822.0,-428.4850000000001,2.0144063189477275,-426.4705936810524,-46.949786013406715,1.0
2015-09-07,IF,q2,IF1603,2016-03-18,3250.485,2801.8,-448.68499999999995,2.1758689158889317,-446.509131084111,-25.97871908580315,0.9728757232964615
2015-09-08,IF,current,IF1509,2015-09-18,3334.023,3338.0,3.9769999999998618,0.5935981062017133,4.570598106201575,5.003769646350895,1.0
2015-09-08,IF,next,IF1510,2015-10-16,3334.023,3246.0,-88.02300000000014,1.5240340412046327,-86.49896595879551,-24.920203937405635,1.0
2015-09-08,IF,q1,IF1512,2015-12-18,3334.023,3098.2,-235.82300000000032,2.0661768932073397,-233.75682310679298,-25.33770033296332,1.0
2015-09-08,IF,q2,IF1603,2016-03-18,3334.023,3061.8,-272.22299999999996,2.231789105490031,-269.99121089450995,-15.394751072330656,0.9728757232964615
2015-09-09,IF,current,IF1509,2015-09-18,3399.305,3328.2,-71.10500000000002,0.1434364641113169,-70.9615635358887,-84.66100077188777,1.0
2015-09-09,IF,next,IF1510,2015-10-16,3399.305,3244.8,-154.50499999999965,1.0920908453303724,-153.41290915466928,-44.52079520186045,1.0
2015-09-09,IF,q1,IF1512,2015-12-18,3399.305,3146.0,-253.30499999999984,1.6448491518948625,-251.66015084810496,-27.02198098127656,1.0
2015-09-09,IF,q2,IF1603,2016-03-18,3399.305,3115.0,-284.30499999999984,1.8137041421794573,-282.4912958578204,-15.880875278101689,0.965969649981864
2015-09-10,IF,current,IF1509,2015-09-18,3357.561,3296.6,-60.96100000000024,0.13485473332626377,-60.826145266673976,-82.65502481688345,1.0
2015-09-10,IF,next,IF1510,2015-10-16,3357.561,3195.6,-161.96100000000024,1.071859489551502,-160.88914051044873,-48.583990553388965,1.0
2015-09-10,IF,q1,IF1512,2015-12-18,3357.561,3075.2,-282.36100000000033,1.6178298371804956,-280.7431701628198,-30.827830175700388,1.0
2015-09-10,IF,q2,IF1603,2016-03-18,3357.561,3063.2,-294.36100000000033,1.7846112616290029,-292.57638873837135,-16.7399681353135,0.9658395950569045
2015-09-11,IF,current,IF1509,2015-09-18,3347.188,3311.4,-35.78800000000001,0.1344381070464156,-35.6535618929536,-55.54150482190706,1.0
2015-09-11,IF,next,IF1510,2015-10-16,3347.188,3203.0,-144.1880000000001,1.0685480386247377,-143.11945196137538,-44.59060643134477,1.0
2015-09-11,IF,q1,IF1512,2015-12-18,3347.188,3068.0,-279.1880000000001,1.6128316409001977,-277.5751683590999,-30.886400230694854,1.0
2015-09-11,IF,q2,IF1603,2016-03-18,3347.188,3041.8,-305.3879999999999,1.7790978033130176,-303.6089021966869,-17.517230952979848,0.9658395950569045
2015-09-14,IF,current,IF1509,2015-09-18,3281.132,3130.6,-150.53200000000015,0.13178500133527596,-150.40021499866486,-418.2708778137597,1.0
2015-09-14,IF,next,IF1510,2015-10-16,3281.132,2980.0,-301.13200000000006,1.0474604841642783,-300.0845395158358,-104.31885333636384,1.0
2015-09-14,IF,q1,IF1512,2015-12-18,3281.132,2809.0,-472.13200000000006,1.5810027723480566,-470.55099722765203,-55.10008323446169,1.0
2015-09-14,IF,q2,IF1603,2016-03-18,3281.132,2800.0,-481.13200000000006,1.7439877095580074,-479.3880122904421,-28.671036101180107,0.9658395950569045
2015-09-15,IF,current,IF1509,2015-09-18,3152.232,3142.2,-10.032000000000153,0.12660779826264218,-9.905392201737511,-38.2318322766661,1.0
2015-09-15,IF,next,IF1510,2015-10-16,3152.232,2973.8,-178.4319999999998,1.006310766198413,-177.42568923380136,-66.27191163260693,1.0
2015-09-15,IF,q1,IF1512,2015-12-18,3152.232,2799.8,-352.4319999999998,1.5188927269869847,-350.9131072730128,-43.22613720388549,1.0
2015-09-15,IF,q2,IF1603,2016-03-18,3152.232,2764.2,-388.03200000000015,1.6754747647078683,-386.3565252352923,-24.181944165942802,0.9658395950569045
2015-09-16,IF,current,IF1509,2015-09-18,3309.248,3304.8,-4.447999999999865,0.13291426620409033,-4.315085733795775,-23.797042301384757,1.0
2015-09-16,IF,next,IF1510,2015-10-16,3309.248,3193.6,-115.64800000000014,1.0564361666338538,-114.59156383336628,-42.13033776775338,1.0
2015-09-16,IF,q1,IF1512,2015-12-18,3309.248,3001.8,-307.44799999999987,1.5945503754153327,-305.8534496245845,-36.273877663663775,1.0
2015-09-16,IF,q2,IF1603,2016-03-18,3309.248,2951.6,-357.64800000000014,1.7589319295534034,-355.88906807044674,-21.333414630380403,0.9658395950569045
2015-09-17,IF,current,IF1509,2015-09-18,3236.999,3240.6,3.6010000000001128,0.13001242179140826,3.731012421791521,42.07043418777408,1.0
2015-09-17,IF,next,IF1510,2015-10-16,3236.999,3118.0,-118.9989999999998,1.0333715741333431,-117.96562842586646,-45.86778698571419,1.0
2015-09-17,IF,q1,IF1512,2015-12-18,3236.999,2936.0,-300.9989999999998,1.5597374299747424,-299.43926257002505,-36.700435387859024,1.0
2015-09-17,IF,q2,IF1603,2016-03-18,3236.999,2863.0,-373.9989999999998,1.7205301316288282,-372.27846986837096,-22.93861169429543,0.9658395950569045
2015-09-18,IF,current,IF1509,2015-09-18,3251.273,3255.0,3.7269999999998618,0.0,3.7269999999998618,,
2015-09-18,IF,next,IF1510,2015-10-16,3251.273,3139.0,-112.27300000000014,0.9073426409190178,-111.36565735908113,-44.651153273617325,1.0
2015-09-18,IF,q1,IF1512,2015-12-18,3251.273,2980.8,-270.47299999999996,1.4360295806490069,-269.03697041935095,-33.19020986246901,1.0
2015-09-18,IF,q2,IF1603,2016-03-18,3251.273,2906.0,-345.27300000000014,1.5975313202185848,-343.67546867978155,-21.19905846450147,0.9630472482954964
2015-09-21,IF,current,IF1510,2015-10-16,3308.247,3232.2,-76.04700000000003,0.9232425483164342,-75.12375745168359,-33.15371732505404,1.0
2015-09-21,IF,next,IF1511,2015-11-20,3308.247,3157.4,-150.84699999999975,1.3739834465107696,-149.47301655348897,-27.48568000012468,1.0
2015-09-21,IF,q1,IF1512,2015-12-18,3308.247,3097.8,-210.44699999999966,1.4611939852769469,-208.98580601472273,-26.201675002506065,1.0
2015-09-21,IF,q2,IF1603,2016-03-18,3308.247,3001.2,-307.047,1.6255258163553699,-305.42147418364465,-18.825281331763033,0.9630472482954964
2015-09-22,IF,current,IF1510,2015-10-16,3339.03,3232.8,-106.23000000000002,0.9318332537156456,-105.29816674628437,-47.96032438362063,1.0
2015-09-22,IF,next,IF1511,2015-11-20,3339.03,3160.0,-179.0300000000002,1.3867682634950944,-177.6432317365051,-32.913130908679285,1.0
2015-09-22,IF,q1,IF1512,2015-12-18,3339.03,3101.6,-237.4300000000003,1.4747902900416094,-235.9552097099587,-29.64714390834854,1.0
2015-09-22,IF,q2,IF1603,2016-03-18,3339.03,3009.8,-329.23,1.6406512169693106,-327.5893487830307,-20.11788465408227,0.9630472482954964
2015-09-23,IF,current,IF1510,2015-10-16,3263.028,3161.0,-102.02799999999979,0.45158390997347947,-101.57641609002631,-49.40115621715621,1.0
2015-09-23,IF,next,IF1511,2015-11-20,3263.028,3077.8,-185.2279999999996,0.8961638254251572,-184.33183617457445,-35.550394108087204,1.0
2015-09-23,IF,q1,IF1512,2015-12-18,3263.028,3027.0,-236.0279999999998,0.9821823209876472,-235.04581767901215,-30.572161185383013,1.0
2015-09-23,IF,q2,IF1603,2016-03-18,3263.028,2960.0,-303.0279999999998,1.1442679712127255,-301.88373202878705,-19.078248790582514,0.9482231307958274
2015-09-24,IF,current,IF1510,2015-10-16,3284.999,3187.0,-97.9989999999998,0.43227182753091425,-97.56672817246888,-49.276140339977886,1.0
2015-09-24,IF,next,IF1511,2015-11-20,3284.999,3115.8,-169.19899999999961,0.8798452402257625,-168.31915475977385,-32.81076140321582,1.0
2015-09-24,IF,q1,IF1512,2015-12-18,3284.999,3069.0,-215.9989999999998,0.9664429255365488,-215.03255707446326,-28.10883954685029,1.0
2015-09-24,IF,q2,IF1603,2016-03-18,3284.999,2981.2,-303.799,1.1296199497311716,-302.6693800502688,-19.107921223932728,0.9471985783478105
2015-09-25,IF,current,IF1510,2015-10-16,3231.951,3118.0,-113.95100000000002,0.4252912604418954,-113.52570873955813,-61.05243976830494,1.0
2015-09-25,IF,next,IF1511,2015-11-20,3231.951,3033.6,-198.3510000000001,0.8656370074976867,-197.48536299250242,-39.82676048586187,1.0
2015-09-25,IF,q1,IF1512,2015-12-18,3231.951,2994.0,-237.95100000000002,0.9508362649823561,-237.00016373501768,-31.86379187181566,1.0
2015-09-25,IF,q2,IF1603,2016-03-18,3231.951,2924.0,-307.951,1.1113782153825953,-306.8396217846174,-19.80165486974725,0.9471985783478105
2015-09-28,IF,current,IF1510,2015-10-16,3242.752,3150.0,-92.75199999999995,0.4267125601163128,-92.32528743988364,-57.73342093306606,1.0
2015-09-28,IF,next,IF1511,2015-11-20,3242.752,3070.0,-172.75199999999995,0.8685299181012146,-171.88347008189874,-36.50374078949867,1.0
2015-09-28,IF,q1,IF1512,2015-12-18,3242.752,3024.8,-217.95199999999977,0.9540139067529381,-216.99798609324682,-30.15433900467649,1.0
2015-09-28,IF,q2,IF1603,2016-03-18,3242.752,2940.4,-302.35199999999986,1.1150923793981844,-301.2369076206017,-19.713278721556105,0.9471985783478105
2015-09-29,IF,current,IF1510,2015-10-16,3178.854,3082.8,-96.05399999999963,0.41830424546064,-95.63569575453899,-64.5941790387848,1.0
2015-09-29,IF,next,IF1511,2015-11-20,3178.854,3002.4,-176.45399999999972,0.8514156507422456,-175.60258434925748,-38.77482461354783,1.0
2015-09-29,IF,q1,IF1512,2015-12-18,3178.854,2941.0,-237.85399999999981,0.9352151886845507,-236.91878481131528,-34.00413972147277,1.0
2015-09-29,IF,q2,IF1603,2016-03-18,3178.854,2890.0,-288.8539999999998,1.0931196312944795,-287.76088036870533,-19.322260177821455,0.9471985783478105
2015-09-30,IF,current,IF1510,2015-10-16,3202.948,3121.4,-81.54799999999977,0.27941564001729224,-81.26858435998248,-57.882287839580925,1.0
2015-09-30,IF,next,IF1511,2015-11-20,3202.948,3038.0,-164.94799999999987,0.7158097963150991,-164.23219020368478,-36.6970442109771,1.0
2015-09-30,IF,q1,IF1512,2015-12-18,3202.948,2989.2,-213.74800000000005,0.8002444895892257,-212.94775551041081,-30.717718217163625,1.0
2015-09-30,IF,q2,IF1603,2016-03-18,3202.948,2923.6,-279.34799999999996,0.9593457627677316,-278.38865423723223,-18.66145864530202,0.9393797875515296
2015-10-08,IF,current,IF1510,2015-10-16,3296.482,3214.8,-81.68199999999979,0.2875752674834195,-81.39442473251637,-112.65405448660297,1.0
2015-10-08,IF,next,IF1511,2015-11-20,3296.482,3140.0,-156.48199999999997,0.7367132120085591,-155.7452867879914,-40.10408508194765,1.0
2015-10-08,IF,q1,IF1512,2015-12-18,3296.482,3083.0,-213.48199999999997,0.8236136070676358,-212.65838639293233,-33.163955312727836,1.0
2015-10-08,IF,q2,IF1603,2016-03-18,3296.482,3018.0,-278.48199999999997,0.9873610307566959,-277.4946389692433,-18.966261687941497,0.9393797875515296
2015-10-09,IF,current,IF1510,2015-10-16,3340.116,3310.0,-30.115999999999985,0.2913817676315688,-29.824618232368415,-46.55948499485164,1.0
2015-10-09,IF,next,IF1511,2015-11-20,3340.116,3237.8,-102.3159999999998,0.7464647423650973,-101.56953525763471,-26.42685546951682,1.0
2015-10-09,IF,q1,IF1512,2015-12-18,3340.116,3168.0,-172.11599999999999,0.8345153975614984,-171.2814846024385,-26.73890961523922,1.0
2015-10-09,IF,q2,IF1603,2016-03-18,3340.116,3103.0,-237.11599999999999,1.0004302697866791,-236.1155697302133,-16.026181779636754,0.9393797875515296
2015-10-12,IF,current,IF1510,2015-10-16,3447.693,3421.0,-26.69300000000021,0.05196387695013329,-26.64103612305008,-70.51076027443045,1.0
2015-10-12,IF,next,IF1511,2015-11-20,3447.693,3354.6,-93.0930000000003,0.5217039657398529,-92.57129603426046,-25.129046755661488,1.0
2015-10-12,IF,q1,IF1512,2015-12-18,3447.693,3312.4,-135.29300000000012,0.6125905180530197,-134.6804094819471,-21.281091685709875,1.0
2015-10-12,IF,q2,IF1603,2016-03-18,3447.693,3244.6,-203.0930000000003,0.7838491041520207,-202.3091508958483,-13.555723996385046,0.9201382452193789
2015-10-13,IF,current,IF1510,2015-10-16,3445.043,3414.8,-30.242999999999938,0.033436986671552114,-30.209563013328385,-106.68943270920819,1.0
2015-10-13,IF,next,IF1511,2015-11-20,3445.043,3344.6,-100.44300000000021,0.5028160191736925,-99.94018398082652,-27.864725264220354,1.0
2015-10-13,IF,q1,IF1512,2015-12-18,3445.043,3283.8,-161.24299999999994,0.593632713363288,-160.64936728663665,-25.788928693242756,1.0
2015-10-13,IF,q2,IF1603,2016-03-18,3445.043,3214.8,-230.24299999999994,0.7647596649886969,-229.47824033501124,-15.486029279107075,0.918207703797983
2015-10-14,IF,current,IF1510,2015-10-16,3406.112,3377.0,-29.11200000000008,0.0,-29.11200000000008,-155.9825396228901,
2015-10-14,IF,next,IF1511,2015-11-20,3406.112,3298.8,-107.3119999999999,0.46407477501846284,-106.84792522498144,-30.945557381425736,1.0
2015-10-14,IF,q1,IF1512,2015-12-18,3406.112,3228.6,-177.51200000000017,0.5538651874689059,-176.95813481253126,-29.17367332000371,1.0
2015-10-14,IF,q2,IF1603,2016-03-18,3406.112,3155.2,-250.91200000000026,0.7230583044937804,-250.1889416955065,-17.186104642383867,0.9144680578126625
2015-10-15,IF,current,IF1510,2015-10-16,3486.815,3493.8,6.985000000000127,0.0,6.985000000000127,73.11902122710974,
2015-10-15,IF,next,IF1511,2015-11-20,3486.815,3425.0,-61.815000000000055,0.4750703695756339,-61.33992963042442,-17.836298483720427,1.0
2015-10-15,IF,q1,IF1512,2015-12-18,3486.815,3339.0,-147.81500000000005,0.5669882386851616,-147.2480117613149,-24.084266503277316,1.0
2015-10-15,IF,q2,IF1603,2016-03-18,3486.815,3258.0,-228.81500000000005,0.7401901470014729,-228.07480985299858,-15.403151327046544,0.9144680578126625
2015-10-16,IF,current,IF1510,2015-10-16,3534.065,3516.2,-17.865000000000236,0.0,-17.865000000000236,,
2015-10-16,IF,next,IF1511,2015-11-20,3534.065,3436.6,-97.46500000000015,0.4815080713069987,-96.98349192869314,-28.61858151931719,1.0
2015-10-16,IF,q1,IF1512,2015-12-18,3534.065,3348.0,-186.06500000000005,0.5746715239405806,-185.49032847605946,-30.40878390153742,1.0
2015-10-16,IF,q2,IF1603,2016-03-18,3534.065,3257.8,-276.2649999999999,0.7502204997577332,-275.5147795002421,-18.47747023769423,0.9144680578126625
2015-10-19,IF,current,IF1511,2015-11-20,3534.182,3381.4,-152.7819999999997,0.4815240122827144,-152.300475987717,-49.15358926718819,1.0
2015-10-19,IF,next,IF1512,2015-12-18,3534.182,3290.0,-244.1819999999998,0.5746905492183559,-243.60730945078143,-41.931752972132934,1.0
2015-10-19,IF,q1,IF1512,2015-12-18,3534.182,3290.0,-244.1819999999998,0.5746905492183559,-243.60730945078143,-41.931752972132934,1.0
2015-10-19,IF,q2,IF1603,2016-03-18,3534.182,3198.6,-335.5819999999999,0.750245336821701,-334.8317546631782,-22.900957737110964,0.9144680578126625
2015-10-20,IF,current,IF1511,2015-11-20,3577.703,3466.6,-111.10300000000007,0.2690055374056996,-110.83399446259436,-36.47538385783979,1.0
2015-10-20,IF,next,IF1512,2015-12-18,3577.703,3358.0,-219.70299999999997,0.36331935562283035,-219.33968064437715,-37.927461352450685,1.0
2015-10-20,IF,q1,IF1512,2015-12-18,3577.703,3358.0,-219.70299999999997,0.36331935562283035,-219.33968064437715,-37.927461352450685,1.0
2015-10-20,IF,q2,IF1603,2016-03-18,3577.703,3252.0,-325.703,0.5410359786696486,-325.16196402133033,-22.11551506050774,0.879933772154907
2015-10-21,IF,current,IF1511,2015-11-20,3473.254,3342.8,-130.45399999999972,0.2611520740588293,-130.1928479259409,-45.60602199260255,1.0
2015-10-21,IF,next,IF1512,2015-12-18,3473.254,3236.0,-237.2539999999999,0.35271245410656443,-236.90128754589335,-42.92356129312894,1.0
2015-10-21,IF,q1,IF1512,2015-12-18,3473.254,3236.0,-237.2539999999999,0.35271245410656443,-236.90128754589335,-42.92356129312894,1.0
2015-10-21,IF,q2,IF1603,2016-03-18,3473.254,3127.6,-345.654,0.5252407416317877,-345.12875925836823,-24.341716590929337,0.879933772154907
2015-10-22,IF,current,IF1511,2015-11-20,3524.534,3405.0,-119.5340000000001,0.12680438713565662,-119.40719561286446,-42.64063473130165,1.0
2015-10-22,IF,next,IF1512,2015-12-18,3524.534,3304.4,-220.13400000000001,0.21971658777838649,-219.91428341222164,-39.95487184696822,1.0
2015-10-22,IF,q1,IF1512,2015-12-18,3524.534,3304.4,-220.13400000000001,0.21971658777838649,-219.91428341222164,-39.95487184696822,1.0
2015-10-22,IF,q2,IF1603,2016-03-18,3524.534,3190.0,-334.5340000000001,0.3947921265510836,-334.13920787344904,-23.38066629322178,0.8379026371439934
2015-10-23,IF,current,IF1511,2015-11-20,3571.241,3476.8,-94.4409999999998,0.12848479439231666,-94.31251520560748,-34.425876097059344,1.0
2015-10-23,IF,next,IF1512,2015-12-18,3571.241,3370.8,-200.4409999999998,0.22262826423415769,-200.21837173576566,-36.541772015643495,1.0
2015-10-23,IF,q1,IF1512,2015-12-18,3571.241,3370.8,-200.4409999999998,0.22262826423415769,-200.21837173576566,-36.541772015643495,1.0
2015-10-23,IF,q2,IF1603,2016-03-18,3571.241,3250.0,-321.241,0.40002389785895615,-320.84097610214104,-22.307258487174124,0.8379026371439934
2015-10-26,IF,current,IF1511,2015-11-20,3589.261,3470.2,-119.06100000000015,0.12913311132050762,-118.93186688867964,-48.37779299345249,1.0
2015-10-26,IF,next,IF1512,2015-12-18,3589.261,3370.0,-219.26099999999997,0.22375161640263344,-219.03724838359733,-42.02714901638108,1.0
2015-10-26,IF,q1,IF1512,2015-12-18,3589.261,3370.0,-219.26099999999997,0.22375161640263344,-219.03724838359733,-42.02714901638108,1.0
2015-10-26,IF,q2,IF1603,2016-03-18,3589.261,3253.4,-335.8609999999999,0.40204236444785857,-335.458957635552,-23.68998171384964,0.8379026371439934
2015-10-27,IF,current,IF1511,2015-11-20,3592.879,3478.6,-114.279,0.12926327839299345,-114.149736721607,-48.31855584266656,1.0
2015-10-27,IF,next,IF1512,2015-12-18,3592.879,3379.0,-213.8789999999999,0.22397715958496114,-213.65502284041494,-41.74072965780767,1.0
2015-10-27,IF,q1,IF1512,2015-12-18,3592.879,3379.0,-213.8789999999999,0.22397715958496114,-213.65502284041494,-41.74072965780767,1.0
2015-10-27,IF,q2,IF1603,2016-03-18,3592.879,3250.4,-342.4789999999998,0.4024476259416792,-342.0765523740581,-24.301749623543174,0.8379026371439934
2015-10-28,IF,current,IF1511,2015-11-20,3524.92,3413.0,-111.92000000000007,0.126818274501599,-111.79318172549847,-50.330480925878476,1.0
2015-10-28,IF,next,IF1512,2015-12-18,3524.92,3318.0,-206.92000000000007,0.21974065070496981,-206.7002593492951,-41.96763006079776,1.0
2015-10-28,IF,q1,IF1512,2015-12-18,3524.92,3318.0,-206.92000000000007,0.21974065070496981,-206.7002593492951,-41.96763006079776,1.0
2015-10-28,IF,q2,IF1603,2016-03-18,3524.92,3195.0,-329.9200000000001,0.3948353634047637,-329.5251646365953,-24.029450571959295,0.8379026371439934
2015-10-29,IF,current,IF1511,2015-11-20,3533.307,3440.0,-93.30699999999979,0.127120018900974,-93.17987998109882,-43.753314327575566,1.0
2015-10-29,IF,next,IF1512,2015-12-18,3533.307,3338.8,-194.5069999999996,0.22026348947505894,-194.28673651052455,-40.14067208218333,1.0
2015-10-29,IF,q1,IF1512,2015-12-18,3533.307,3338.8,-194.5069999999996,0.22026348947505894,-194.28673651052455,-40.14067208218333,1.0
2015-10-29,IF,q2,IF1603,2016-03-18,3533.307,3221.8,-311.5069999999996,0.39577481286542543,-311.1112251871342,-22.793344743114073,0.8379026371439934
2015-10-30,IF,current,IF1511,2015-11-20,3534.079,3439.2,-94.87900000000036,0.12714779363285875,-94.7518522063675,-46.59990428074503,1.0
2015-10-30,IF,next,IF1512,2015-12-18,3534.079,3342.2,-191.87900000000036,0.22031161532822563,-191.65868838467213,-40.39699334326196,1.0
2015-10-30,IF,q1,IF1512,2015-12-18,3534.079,3342.2,-191.87900000000036,0.22031161532822563,-191.65868838467213,-40.39699334326196,1.0
2015-10-30,IF,q2,IF1603,2016-03-18,3534.079,3204.2,-329.87900000000036,0.39586128657278574,-329.4831387134276,-24.306463201465554,0.8379026371439934
2015-11-02,IF,current,IF1511,2015-11-20,3475.962,3403.0,-72.96199999999999,0.12505688159536302,-72.83694311840462,-42.49100958432944,1.0
2015-11-02,IF,next,IF1512,2015-12-18,3475.962,3299.8,-176.1619999999998,0.2166886487369212,-175.9453113512629,-40.16406958970041,1.0
2015-11-02,IF,q1,IF1512,2015-12-18,3475.962,3299.8,-176.1619999999998,0.2166886487369212,-175.9453113512629,-40.16406958970041,1.0
2015-11-02,IF,q2,IF1603,2016-03-18,3475.962,3169.6,-306.3620000000001,0.38935145179213976,-305.9726485482079,-23.451999872159718,0.8379026371439934
2015-11-03,IF,current,IF1511,2015-11-20,3465.493,3376.6,-88.89300000000003,0.12468023176621591,-88.76831976823381,-54.9967361666195,1.0
2015-11-03,IF,next,IF1512,2015-12-18,3465.493,3282.0,-183.49299999999994,0.2160360197773334,-183.2769639802226,-42.89663314716534,1.0
2015-11-03,IF,q1,IF1512,2015-12-18,3465.493,3282.0,-183.49299999999994,0.2160360197773334,-183.2769639802226,-42.89663314716534,1.0
2015-11-03,IF,q2,IF1603,2016-03-18,3465.493,3160.0,-305.49299999999994,0.3881787921517835,-305.10482120784815,-23.628600551049807,0.8379026371439934
2015-11-04,IF,current,IF1511,2015-11-20,3628.538,3591.2,-37.33800000000019,0.0,-37.33800000000019,-23.47427875910365,
2015-11-04,IF,next,IF1512,2015-12-18,3628.538,3492.0,-136.538,0.09565390791967668,-136.44234609208033,-31.19303918222794,1.0
2015-11-04,IF,q1,IF1512,2015-12-18,3628.538,3492.0,-136.538,0.09565390791967668,-136.44234609208033,-31.19303918222794,1.0
2015-11-04,IF,q2,IF1603,2016-03-18,3628.538,3342.2,-286.3380000000002,0.2758956775570825,-286.06210432244313,-21.315118401567375,0.7612026478157549
2015-11-05,IF,current,IF1511,2015-11-20,3705.97,3638.4,-67.56999999999971,0.0,-67.56999999999971,-44.3663422351861,
2015-11-05,IF,next,IF1512,2015-12-18,3705.97,3543.2,-162.76999999999998,0.09769513592887388,-162.6723048640711,-37.25942338755987,1.0
2015-11-05,IF,q1,IF1512,2015-12-18,3705.97,3543.2,-162.76999999999998,0.09769513592887388,-162.6723048640711,-37.25942338755987,1.0
2015-11-05,IF,q2,IF1603,2016-03-18,3705.97,3400.2,-305.77,0.28178321521125616,-305.48821678478873,-22.453323322012196,0.7612026478157549
2015-11-06,IF,current,IF1511,2015-11-20,3793.374,3753.0,-40.373999999999796,0.0,-40.373999999999796,-27.748591547863512,
2015-11-06,IF,next,IF1512,2015-12-18,3793.374,3675.0,-118.3739999999998,0.09999924137514768,-118.27400075862465,-27.096125706170564,1.0
2015-11-06,IF,q1,IF1512,2015-12-18,3793.374,3675.0,-118.3739999999998,0.09999924137514768,-118.27400075862465,-27.096125706170564,1.0
2015-11-06,IF,q2,IF1603,2016-03-18,3793.374,3547.0,-246.3739999999998,0.28842897331030304,-246.0855710266895,-17.80334920139432,0.7612026478157549
2015-11-09,IF,current,IF1511,2015-11-20,3840.355,3775.4,-64.95499999999993,0.0,-64.95499999999993,-56.12306674773549,
2015-11-09,IF,next,IF1512,2015-12-18,3840.355,3691.2,-149.1550000000002,0.10123773364062054,-149.05376226635957,-36.32451528985,1.0
2015-11-09,IF,q1,IF1512,2015-12-18,3840.355,3691.2,-149.1550000000002,0.10123773364062054,-149.05376226635957,-36.32451528985,1.0
2015-11-09,IF,q2,IF1603,2016-03-18,3840.355,3616.8,-223.55499999999984,0.2920011709357129,-223.26299882906412,-16.322808813369598,0.7612026478157549
2015-11-10,IF,current,IF1511,2015-11-20,3833.238,3776.0,-57.23799999999983,0.0,-57.23799999999983,-54.50188587298764,
2015-11-10,IF,next,IF1512,2015-12-18,3833.238,3688.4,-144.83799999999974,0.10105011844610849,-144.73694988155364,-36.267940897052156,1.0
2015-11-10,IF,q1,IF1512,2015-12-18,3833.238,3688.4,-144.83799999999974,0.10105011844610849,-144.73694988155364,-36.267940897052156,1.0
2015-11-10,IF,q2,IF1603,2016-03-18,3833.238,3600.6,-232.63799999999992,0.2914600302511799,-232.34653996974873,-17.150373355282817,0.7612026478157549
2015-11-11,IF,current,IF1511,2015-11-20,3833.646,3806.0,-27.646000000000186,0.0,-27.646000000000186,-29.24628118738393,
2015-11-11,IF,next,IF1512,2015-12-18,3833.646,3723.2,-110.44600000000037,0.10106087396098287,-110.34493912603938,-28.394325219389533,1.0
2015-11-11,IF,q1,IF1512,2015-12-18,3833.646,3723.2,-110.44600000000037,0.10106087396098287,-110.34493912603938,-28.394325219389533,1.0
2015-11-11,IF,q2,IF1603,2016-03-18,3833.646,3627.0,-206.64600000000019,0.2914910525076489,-206.35450894749255,-15.349168374455651,0.7612026478157549
2015-11-12,IF,current,IF1511,2015-11-20,3795.324,3756.8,-38.52399999999989,0.0,-38.52399999999989,-46.311131803239846,
2015-11-12,IF,next,IF1512,2015-12-18,3795.324,3666.2,-129.12400000000025,0.10005064640947373,-129.02394935359078,-34.46766301116016,1.0
2015-11-12,IF,q1,IF1512,2015-12-18,3795.324,3666.2,-129.12400000000025,0.10005064640947373,-129.02394935359078,-34.46766301116016,1.0
2015-11-12,IF,q2,IF1603,2016-03-18,3795.324,3569.4,-225.92399999999998,0.2885772414478384,-225.63542275855215,-17.08628191748117,0.7612026478157549
2015-11-13,IF,current,IF1511,2015-11-20,3746.242,3722.2,-24.04200000000037,0.0,-24.04200000000037,-33.46336332326077,
2015-11-13,IF,next,IF1512,2015-12-18,3746.242,3628.0,-118.24200000000019,0.09875676851470908,-118.14324323148549,-32.88803154848604,1.0
2015-11-13,IF,q1,IF1512,2015-12-18,3746.242,3628.0,-118.24200000000019,0.09875676851470908,-118.14324323148549,-32.88803154848604,1.0
2015-11-13,IF,q2,IF1603,2016-03-18,3746.242,3526.4,-219.8420000000001,0.284845294408602,-219.5571547055915,-16.97751351369933,0.7612026478157549
2015-11-16,IF,current,IF1511,2015-11-20,3764.126,3734.4,-29.726000000000113,0.0,-29.726000000000113,-72.06181461513272,
2015-11-16,IF,next,IF1512,2015-12-18,3764.126,3650.0,-114.1260000000002,0.0992282185833691,-114.02677178141684,-34.55298429520653,1.0
2015-11-16,IF,q1,IF1512,2015-12-18,3764.126,3650.0,-114.1260000000002,0.0992282185833691,-114.02677178141684,-34.55298429520653,1.0
2015-11-16,IF,q2,IF1603,2016-03-18,3764.126,3526.0,-238.1260000000002,0.28620510331715715,-237.83979489668306,-18.750295744981287,0.7612026478157549
2015-11-17,IF,current,IF1511,2015-11-20,3758.387,3699.2,-59.18700000000035,0.0,-59.18700000000035,-191.6004126238209,
2015-11-17,IF,next,IF1512,2015-12-18,3758.387,3605.6,-152.78700000000026,0.09907692961311412,-152.68792307038714,-47.833742473353006,1.0
2015-11-17,IF,q1,IF1512,2015-12-18,3758.387,3605.6,-152.78700000000026,0.09907692961311412,-152.68792307038714,-47.833742473353006,1.0
2015-11-17,IF,q2,IF1603,2016-03-18,3758.387,3481.0,-277.38700000000017,0.28576873878314923,-277.10123126121704,-22.058196035052703,0.7612026478157549
2015-11-18,IF,current,IF1511,2015-11-20,3715.58,3698.8,-16.779999999999745,0.0,-16.779999999999745,-82.41916470645103,
2015-11-18,IF,next,IF1512,2015-12-18,3715.58,3596.2,-119.38000000000011,0.09794847048265508,-119.28205152951746,-39.05890763422658,1.0
2015-11-18,IF,q1,IF1512,2015-12-18,3715.58,3596.2,-119.38000000000011,0.09794847048265508,-119.28205152951746,-39.05890763422658,1.0
2015-11-18,IF,q2,IF1603,2016-03-18,3715.58,3459.0,-256.5799999999999,0.2825139110070074,-256.2974860889929,-20.80775492254491,0.7612026478157549
2015-11-19,IF,current,IF1511,2015-11-20,3774.969,3775.0,0.03099999999994907,0.0,0.03099999999994907,0.29973756075828467,
2015-11-19,IF,next,IF1512,2015-12-18,3774.969,3688.8,-86.16899999999987,0.09951405693577799,-86.0694859430641,-28.696615987025453,1.0
2015-11-19,IF,q1,IF1512,2015-12-18,3774.969,3688.8,-86.16899999999987,0.09951405693577799,-86.0694859430641,-28.696615987025453,1.0
2015-11-19,IF,q2,IF1603,2016-03-18,3774.969,3533.4,-241.56899999999996,0.28702955019679616,-241.28197044980317,-19.441201418735307,0.7612026478157549
2015-11-20,IF,current,IF1511,2015-11-20,3774.383,3774.8,0.4170000000003711,0.0,0.4170000000003711,,
2015-11-20,IF,next,IF1512,2015-12-18,3774.383,3644.8,-129.58299999999963,0.0994986090639241,-129.48350139093571,-44.72015502523528,1.0
2015-11-20,IF,q1,IF1512,2015-12-18,3774.383,3644.8,-129.58299999999963,0.0994986090639241,-129.48350139093571,-44.72015502523528,1.0
2015-11-20,IF,q2,IF1603,2016-03-18,3774.383,3489.8,-284.58299999999963,0.28698499372059316,-284.29601500627905,-23.10312393210007,0.7612026478157549
2015-11-23,IF,current,IF1512,2015-12-18,3753.335,3619.2,-134.13500000000022,0.09894375103187555,-134.03605624896835,-52.138336205932546,1.0
2015-11-23,IF,next,IF1601,2016-01-15,3753.335,3544.4,-208.93499999999995,0.09894375103187555,-208.83605624896808,-38.31820437169115,1.0
2015-11-23,IF,q1,IF1603,2016-03-18,3753.335,3456.0,-297.33500000000004,0.2853846102545191,-297.0496153897455,-24.902705979058968,0.7612026478157549
2015-11-23,IF,q2,IF1606,2016-06-17,3753.335,3382.2,-371.1350000000002,9.931672532357528,-361.2033274676427,-16.96902669222173,0.021873004799931817
2015-11-24,IF,current,IF1512,2015-12-18,3753.889,3655.6,-98.28900000000021,0.09895835533393538,-98.19004164466628,-39.780262105404994,1.0
2015-11-24,IF,next,IF1601,2016-01-15,3753.889,3565.8,-188.08899999999994,0.09895835533393538,-187.990041644666,-35.151425218519066,1.0
2015-11-24,IF,q1,IF1603,2016-03-18,3753.889,3476.8,-277.08899999999994,0.28542673361256765,-276.8035732663874,-23.403741337891915,0.7612026478157549
2015-11-24,IF,q2,IF1606,2016-06-17,3753.889,3390.8,-363.08899999999994,9.933138467741106,-353.1558615322588,-16.669041824950234,0.021873004799931817
2015-11-25,IF,current,IF1512,2015-12-18,3781.607,3695.0,-86.60699999999997,0.09968904494493507,-86.50731095505503,-36.3029107197653,1.0
2015-11-25,IF,next,IF1601,2016-01-15,3781.607,3616.2,-165.40700000000015,0.09968904494493507,-165.30731095505521,-31.285158274420677,1.0
2015-11-25,IF,q1,IF1603,2016-03-18,3781.607,3522.6,-259.00700000000006,0.287534270143955,-258.7194657298561,-21.9048722972817,0.7612026478157549
2015-11-25,IF,q2,IF1606,2016-06-17,3781.607,3429.0,-352.60699999999997,10.006482866589566,-342.6005171334104,-16.130603806819433,0.021873004799931817
2015-11-26,IF,current,IF1512,2015-12-18,3759.429,3662.0,-97.42900000000009,0.09910439835453348,-97.32989560164556,-42.953104041985476,1.0
2015-11-26,IF,next,IF1601,2016-01-15,3759.429,3583.0,-176.4290000000001,0.09910439835453348,-176.32989560164555,-34.23946130893847,1.0
2015-11-26,IF,q1,IF1603,2016-03-18,3759.429,3485.0,-274.4290000000001,0.2858479671930527,-274.14315203280705,-23.5542855450096,0.7612026478157549
2015-11-26,IF,q2,IF1606,2016-06-17,3759.429,3393.0,-366.4290000000001,9.947797821576899,-356.4812021784232,-16.96592112258616,0.021873004799931817
2015-11-27,IF,current,IF1512,2015-12-18,3556.992,3487.4,-69.5920000000001,0.09376784402947595,-69.49823215597063,-33.95974642797338,1.0
2015-11-27,IF,next,IF1601,2016-01-15,3556.992,3407.0,-149.9920000000002,0.09376784402947595,-149.8982321559707,-31.391379912640527,1.0
2015-11-27,IF,q1,IF1603,2016-03-18,3556.992,3324.6,-232.39200000000028,0.2704556815734387,-232.12154431842683,-21.26705746944172,0.7612026478157549
2015-11-27,IF,q2,IF1606,2016-06-17,3556.992,3232.0,-324.9920000000002,9.412130743516224,-315.57986925648396,-15.952297120909423,0.021873004799931817
2015-11-30,IF,current,IF1512,2015-12-18,3566.412,3485.8,-80.61199999999963,0.09401616988760485,-80.51798383011202,-45.78062723044101,1.0
2015-11-30,IF,next,IF1601,2016-01-15,3566.412,3415.0,-151.4119999999998,0.09401616988760485,-151.3179838301122,-33.666197468998654,1.0
2015-11-30,IF,q1,IF1603,2016-03-18,3566.412,3321.0,-245.4119999999998,0.271171930730148,-245.14082806926965,-23.01709461129716,0.7612026478157549
2015-11-30,IF,q2,IF1606,2016-06-17,3566.412,3244.4,-322.0119999999997,9.43705693722257,-312.57494306277715,-15.995046873147814,0.021873004799931817
2015-12-01,IF,current,IF1512,2015-12-18,3591.696,3524.8,-66.89599999999973,0.09468269547114322,-66.80131730452858,-39.93276650977033,1.0
2015-12-01,IF,next,IF1601,2016-01-15,3591.696,3455.0,-136.6959999999999,0.09468269547114322,-136.60131730452878,-30.8486147653136,1.0
2015-12-01,IF,q1,IF1603,2016-03-18,3591.696,3345.0,-246.6959999999999,0.2730943982119143,-246.422905601788,-23.187323013730225,0.7612026478157549
2015-12-01,IF,q2,IF1606,2016-06-17,3591.696,3265.2,-326.4960000000001,9.503960746317182,-316.9920392536829,-16.18782768461326,0.021873004799931817
2015-12-02,IF,current,IF1512,2015-12-18,3721.955,3692.0,-29.954999999999927,0.09811652540256716,-29.85688347459736,-18.299795517792457,1.0
2015-12-02,IF,next,IF1601,2016-01-15,3721.955,3618.0,-103.95499999999993,0.09811652540256716,-103.85688347459735,-23.14751403754456,1.0
2015-12-02,IF,q1,IF1603,2016-03-18,3721.955,3517.0,-204.95499999999993,0.2829986337643346,-204.6720013662356,-18.7584264607286,0.7612026478157549
2015-12-02,IF,q2,IF1606,2016-06-17,3721.955,3426.6,-295.355,9.848638141858043,-285.506361858142,-14.140746804254542,0.021873004799931817
2015-12-03,IF,current,IF1512,2015-12-18,3749.299,3699.6,-49.69900000000007,0.09883735579159868,-49.60016264420847,-32.19101200008516,1.0
2015-12-03,IF,next,IF1601,2016-01-15,3749.299,3627.8,-121.4989999999998,0.09883735579159868,-121.4001626442082,-27.484864575420126,1.0
2015-12-03,IF,q1,IF1603,2016-03-18,3749.299,3531.6,-217.69900000000007,0.2850777332272921,-217.41392226677277,-19.967526716421126,0.7612026478157549
2015-12-03,IF,q2,IF1606,2016-06-17,3749.299,3425.0,-324.299,9.92099290201795,-314.37800709798205,-15.535624612153514,0.021873004799931817
2015-12-04,IF,current,IF1512,2015-12-18,3677.592,3638.0,-39.5920000000001,0.09694704769087154,-39.49505295230923,-27.99909429786989,1.0
2015-12-04,IF,next,IF1601,2016-01-15,3677.592,3565.0,-112.5920000000001,0.09694704769087154,-112.49505295230922,-26.583579125373387,1.0
2015-12-04,IF,q1,IF1603,2016-03-18,3677.592,3476.0,-201.5920000000001,0.27962549561793376,-201.31237450438218,-19.02876009604719,0.7612026478157549
2015-12-04,IF,q2,IF1606,2016-06-17,3677.592,3368.0,-309.5920000000001,9.731249529183454,-299.86075047081664,-15.184233396812102,0.021873004799931817
2015-12-07,IF,current,IF1512,2015-12-18,3687.607,3620.0,-67.60699999999997,0.09721105867485891,-67.50978894132511,-60.7466452402322,1.0
2015-12-07,IF,next,IF1601,2016-01-15,3687.607,3552.0,-135.60699999999997,0.09721105867485891,-135.5097889413251,-34.39175161810596,1.0
2015-12-07,IF,q1,IF1603,2016-03-18,3687.607,3465.0,-222.60699999999997,0.280386985565327,-222.32661301443466,-21.574439113588245,0.7612026478157549
2015-12-07,IF,q2,IF1606,2016-06-17,3687.607,3369.0,-318.60699999999997,9.757750148076136,-308.84924985192384,-15.839354381084247,0.021873004799931817
2015-12-08,IF,current,IF1512,2015-12-18,3623.02,3579.2,-43.820000000000164,0.095508444853312,-43.724491555146855,-44.05010024131416,1.0
2015-12-08,IF,next,IF1601,2016-01-15,3623.02,3508.4,-114.61999999999989,0.095508444853312,-114.52449155514658,-30.362456718739516,1.0
2015-12-08,IF,q1,IF1603,2016-03-18,3623.02,3418.0,-205.01999999999998,0.27547611674532857,-204.74452388325466,-20.422695124096172,0.7612026478157549
2015-12-08,IF,q2,IF1606,2016-06-17,3623.02,3323.4,-299.6199999999999,9.586846955622658,-290.03315304437723,-15.218384349301726,0.021873004799931817
2015-12-09,IF,current,IF1512,2015-12-18,3635.938,3593.2,-42.738000000000284,0.09584898343455502,-42.64215101656573,-47.56341072264492,1.0
2015-12-09,IF,next,IF1601,2016-01-15,3635.938,3523.8,-112.13799999999992,0.09584898343455502,-112.04215101656537,-30.39877684787801,1.0
2015-12-09,IF,q1,IF1603,2016-03-18,3635.938,3401.0,-234.9380000000001,0.2764583361302937,-234.6615416638698,-23.55690958077736,0.7612026478157549
2015-12-09,IF,q2,IF1606,2016-06-17,3635.938,3308.8,-327.1379999999999,9.621029181769003,-317.5169708182309,-16.688218249076904,0.021873004799931817
2015-12-10,IF,current,IF1512,2015-12-18,3623.084,3567.0,-56.08399999999983,0.09551013199290014,-55.98848986800693,-70.50553755385788,1.0
2015-12-10,IF,next,IF1601,2016-01-15,3623.084,3484.2,-138.88400000000001,0.09551013199290014,-138.7884898680071,-38.8387649259141,1.0
2015-12-10,IF,q1,IF1603,2016-03-18,3623.084,3370.0,-253.08399999999983,0.2754809829816374,-252.8085190170182,-25.725923344241853,0.7612026478157549
2015-12-10,IF,q2,IF1606,2016-06-17,3623.084,3272.0,-351.08399999999983,9.587016305558667,-341.49698369444116,-18.107051318779224,0.021873004799931817
2015-12-11,IF,current,IF1512,2015-12-18,3608.059,3593.0,-15.059000000000196,0.09511404961302893,-14.963885950387168,-21.625471407564152,1.0
2015-12-11,IF,next,IF1601,2016-01-15,3608.059,3512.4,-95.6590000000001,0.09511404961302893,-95.56388595038707,-27.621355710243794,1.0
2015-12-11,IF,q1,IF1603,2016-03-18,3608.059,3394.8,-213.25900000000001,0.27433855797319184,-212.98466144202683,-21.985760161570447,0.7612026478157549
2015-12-11,IF,q2,IF1606,2016-06-17,3608.059,3282.0,-326.0590000000002,9.54725876198777,-316.5117412380124,-16.94132035002204,0.021873004799931817
2015-12-14,IF,current,IF1512,2015-12-18,3711.322,3711.8,0.4780000000000655,0.09783622297693184,0.5758362229769973,1.4158042699245985,1.0
2015-12-14,IF,next,IF1601,2016-01-15,3711.322,3650.2,-61.1220000000003,0.09783622297693184,-61.02416377702337,-18.75495761568715,1.0
2015-12-14,IF,q1,IF1603,2016-03-18,3711.322,3526.0,-185.32200000000012,0.28219015422258403,-185.03980984577754,-19.156042706674278,0.7612026478157549
2015-12-14,IF,q2,IF1606,2016-06-17,3711.322,3419.8,-291.52199999999993,9.820502237645774,-281.70149776235417,-14.894997692307003,0.021873004799931817
2015-12-15,IF,current,IF1512,2015-12-18,3694.389,3670.4,-23.989000000000033,0.09738984274808929,-23.891610157251943,-78.68182178791459,1.0
2015-12-15,IF,next,IF1601,2016-01-15,3694.389,3601.6,-92.78900000000021,0.09738984274808929,-92.69161015725213,-29.541257249930364,1.0
2015-12-15,IF,q1,IF1603,2016-03-18,3694.389,3493.6,-200.78900000000021,0.28090265454418073,-200.50809734545604,-21.07435562044698,0.7612026478157549
2015-12-15,IF,q2,IF1606,2016-06-17,3694.389,3380.0,-314.3890000000001,9.775695949107606,-304.6133040508925,-16.26774592768681,0.021873004799931817
2015-12-16,IF,current,IF1512,2015-12-18,3685.44,3675.0,-10.440000000000055,0.0,-10.440000000000055,-51.69803334201642,
2015-12-16,IF,next,IF1601,2016-01-15,3685.44,3600.2,-85.24000000000024,0.0,-85.24000000000024,-28.140104483227773,
2015-12-16,IF,q1,IF1603,2016-03-18,3685.44,3490.0,-195.44000000000005,0.18306828466244007,-195.2569317153376,-20.79347292481212,0.6344734219362836
2015-12-16,IF,q2,IF1606,2016-06-17,3685.44,3387.6,-297.84000000000015,9.654862131903709,-288.18513786809643,-15.5116242568074,0.012030411147350234
2015-12-17,IF,current,IF1512,2015-12-18,3755.888,3754.4,-1.487999999999829,0.0,-1.487999999999829,-14.46049509463375,
2015-12-17,IF,next,IF1601,2016-01-15,3755.888,3692.8,-63.08799999999974,0.0,-63.08799999999974,-21.14116876460778,
2015-12-17,IF,q1,IF1603,2016-03-18,3755.888,3585.0,-170.88799999999992,0.1865676753777684,-170.70143232462215,-18.031405043079687,0.6344734219362836
2015-12-17,IF,q2,IF1606,2016-06-17,3755.888,3460.0,-295.8879999999999,9.839416955064133,-286.0485830449358,-15.190390636746812,0.012030411147350234
2015-12-18,IF,current,IF1512,2015-12-18,3767.913,3772.0,4.086999999999989,0.0,4.086999999999989,,
2015-12-18,IF,next,IF1601,2016-01-15,3767.913,3704.8,-63.11299999999983,0.0,-63.11299999999983,-21.83497962172384,
2015-12-18,IF,q1,IF1603,2016-03-18,3767.913,3596.0,-171.913,0.18716499784755922,-171.72583500215245,-18.28042306434744,0.6344734219362836
2015-12-18,IF,q2,IF1606,2016-06-17,3767.913,3463.0,-304.913,9.870919222672924,-295.0420807773271,-15.703793370191818,0.012030411147350234
2015-12-21,IF,current,IF1601,2016-01-15,3865.965,3800.2,-65.76500000000033,0.0,-65.76500000000033,-24.836463858312346,
2015-12-21,IF,next,IF1602,2016-02-19,3865.965,3744.8,-121.16499999999996,0.0,-121.16499999999996,-19.066056814620232,
2015-12-21,IF,q1,IF1603,2016-03-18,3865.965,3704.4,-161.56500000000005,0.19203557271724142,-161.37296442728282,-17.31342745306512,0.6344734219362836
2015-12-21,IF,q2,IF1606,2016-06-17,3865.965,3576.0,-289.96500000000015,10.127789105714685,-279.8372108942855,-14.760034723660162,0.012030411147350234
2015-12-22,IF,current,IF1601,2016-01-15,3876.733,3819.0,-57.733000000000175,0.0,-57.733000000000175,-22.648521534326353,
2015-12-22,IF,next,IF1602,2016-02-19,3876.733,3762.0,-114.73300000000017,0.0,-114.73300000000017,-18.308944626960013,
2015-12-22,IF,q1,IF1603,2016-03-18,3876.733,3722.4,-154.33300000000008,0.1925704557405019,-154.14042954425958,-16.681084626044704,0.6344734219362836
2015-12-22,IF,q2,IF1606,2016-06-17,3876.733,3597.2,-279.53300000000036,10.155998371212519,-269.37700162878787,-14.248445501229737,0.012030411147350234
2015-12-23,IF,current,IF1601,2016-01-15,3866.381,3805.0,-61.38099999999986,0.0,-61.38099999999986,-25.193838439840597,
2015-12-23,IF,next,IF1602,2016-02-19,3866.381,3757.0,-109.38099999999986,0.0,-109.38099999999986,-17.803365686823444,
2015-12-23,IF,q1,IF1603,2016-03-18,3866.381,3708.0,-158.38099999999986,0.19205623684592604,-158.18894376315393,-17.364644297393106,0.6344734219362836
2015-12-23,IF,q2,IF1606,2016-06-17,3866.381,3596.0,-270.38099999999986,10.12887891389142,-260.25212108610845,-13.880631598507412,0.012030411147350234
2015-12-24,IF,current,IF1601,2016-01-15,3829.402,3775.2,-54.202000000000226,0.0,-54.202000000000226,-23.48305178055107,
2015-12-24,IF,next,IF1602,2016-02-19,3829.402,3723.2,-106.20200000000023,0.0,-106.20200000000023,-17.75905059318642,
2015-12-24,IF,q1,IF1603,2016-03-18,3829.402,3684.4,-145.00199999999995,0.1902193646953735,-144.8117806353046,-16.238536009749634,0.6344734219362836
2015-12-24,IF,q2,IF1606,2016-06-17,3829.402,3564.0,-265.40200000000004,10.032003874065602,-255.36999612593445,-13.829902130512759,0.012030411147350234
2015-12-25,IF,current,IF1601,2016-01-15,3838.201,3806.8,-31.40099999999984,0.0,-31.40099999999984,-14.219663996603693,
2015-12-25,IF,next,IF1602,2016-02-19,3838.201,3753.6,-84.60100000000011,0.0,-84.60100000000011,-14.366554334774492,
2015-12-25,IF,q1,IF1603,2016-03-18,3838.201,3712.2,-126.0010000000002,0.19065644082108574,-125.81034355917912,-14.243024208694068,0.6344734219362836
2015-12-25,IF,q2,IF1606,2016-06-17,3838.201,3600.0,-238.20100000000002,10.055054888842296,-228.14594511115772,-12.397663825998924,0.012030411147350234
2015-12-28,IF,current,IF1601,2016-01-15,3727.632,3647.6,-80.03200000000015,0.0,-80.03200000000015,-43.536247974883636,
2015-12-28,IF,next,IF1602,2016-02-19,3727.632,3599.0,-128.63200000000006,0.0,-128.63200000000006,-23.764735542361834,
2015-12-28,IF,q1,IF1603,2016-03-18,3727.632,3560.4,-167.23199999999997,0.18516410417557222,-167.0468358958244,-20.193568325392867,0.6344734219362836
2015-12-28,IF,q2,IF1606,2016-06-17,3727.632,3465.0,-262.63200000000006,9.765393830444259,-252.8666061695558,-14.39537113016494,0.012030411147350234
2015-12-29,IF,current,IF1601,2016-01-15,3761.875,3695.8,-66.07499999999982,0.0,-66.07499999999982,-37.71175591020581,
2015-12-29,IF,next,IF1602,2016-02-19,3761.875,3649.6,-112.27500000000009,0.0,-112.27500000000009,-20.949237670453837,
2015-12-29,IF,q1,IF1603,2016-03-18,3761.875,3616.6,-145.2750000000001,0.18686506994131413,-145.08813493005877,-17.59666697108206,0.6344734219362836
2015-12-29,IF,q2,IF1606,2016-06-17,3761.875,3523.0,-238.875,9.85510128572308,-229.0198987142769,-12.994680669997027,0.012030411147350234
2015-12-30,IF,current,IF1601,2016-01-15,3765.175,3696.8,-68.375,0.0,-68.375,-41.42714980047408,
2015-12-30,IF,next,IF1602,2016-02-19,3765.175,3646.8,-118.375,0.0,-118.375,-22.500776921417472,
2015-12-30,IF,q1,IF1603,2016-03-18,3765.175,3613.6,-151.57500000000027,0.18702899211597607,-151.3879710078843,-18.57684575418234,0.6344734219362836
2015-12-30,IF,q2,IF1606,2016-06-17,3765.175,3521.6,-243.57500000000027,9.863746398663539,-233.71125360133672,-13.327184239852595,0.012030411147350234
2015-12-31,IF,current,IF1601,2016-01-15,3731.005,3658.2,-72.80500000000029,0.0,-72.80500000000029,-47.48287213052088,
2015-12-31,IF,next,IF1602,2016-02-19,3731.005,3608.4,-122.60500000000002,0.0,-122.60500000000002,-23.988617008017954,
2015-12-31,IF,q1,IF1603,2016-03-18,3731.005,3560.0,-171.0050000000001,0.1853316525074312,-170.81966834749267,-21.42448075079888,0.6344734219362836
2015-12-31,IF,q2,IF1606,2016-06-17,3731.005,3464.8,-266.2049999999999,9.774230183761885,-256.43076981623807,-14.84398356822746,0.012030411147350234
2016-01-04,IF,current,IF1601,2016-01-15,3469.066,3425.0,-44.0659999999998,0.0,-44.0659999999998,-42.14938545418258,
2016-01-04,IF,next,IF1602,2016-02-19,3469.066,3369.4,-99.66599999999971,0.0,-99.66599999999971,-22.796569551523625,
2016-01-04,IF,q1,IF1603,2016-03-18,3469.066,3326.0,-143.0659999999998,0.17232025538356135,-142.89367974461624,-20.317094582863472,0.6344734219362836
2016-01-04,IF,q2,IF1606,2016-06-17,3469.066,3231.2,-237.86599999999999,9.088020414516224,-228.77797958548376,-14.588497927317679,0.012030411147350234
2016-01-05,IF,current,IF1601,2016-01-15,3478.78,3408.8,-69.98000000000002,0.0,-69.98000000000002,-73.42430392263957,
2016-01-05,IF,next,IF1602,2016-02-19,3478.78,3354.8,-123.98000000000002,0.0,-123.98000000000002,-28.907132832646955,
2016-01-05,IF,q1,IF1603,2016-03-18,3478.78,3312.0,-166.7800000000002,0.17280278265770257,-166.6071972173425,-23.946210628056743,0.6344734219362836
2016-01-05,IF,q2,IF1606,2016-06-17,3478.78,3222.0,-256.7800000000002,9.1134684833355,-247.6665315166647,-15.844895302443183,0.012030411147350234
2016-01-06,IF,current,IF1601,2016-01-15,3539.808,3465.0,-74.80799999999999,0.0,-74.80799999999999,-85.7074733996872,
2016-01-06,IF,next,IF1602,2016-02-19,3539.808,3413.2,-126.60800000000017,0.0,-126.60800000000017,-29.67027898380111,
2016-01-06,IF,q1,IF1603,2016-03-18,3539.808,3363.6,-176.20800000000008,0.17583425007445044,-176.03216574992564,-25.209991183264297,0.6344734219362836
2016-01-06,IF,q2,IF1606,2016-06-17,3539.808,3253.0,-286.808,9.273345438647707,-277.5346545613523,-17.55669534128238,0.012030411147350234
2016-01-07,IF,current,IF1601,2016-01-15,3294.384,3245.2,-49.1840000000002,0.0,-49.1840000000002,-68.11652800645004,
2016-01-07,IF,next,IF1602,2016-02-19,3294.384,3190.4,-103.98399999999992,0.0,-103.98399999999992,-26.79271401636632,
2016-01-07,IF,q1,IF1603,2016-03-18,3294.384,3143.2,-151.1840000000002,0.16364320892468417,-151.0203567910755,-23.566537985336648,0.6344734219362836
2016-01-07,IF,q2,IF1606,2016-06-17,3294.384,3038.0,-256.384,8.630400530072249,-247.75359946992776,-16.944298855586954,0.012030411147350234
2016-01-08,IF,current,IF1601,2016-01-15,3361.563,3309.0,-52.5630000000001,0.0,-52.5630000000001,-81.53305471294172,
2016-01-08,IF,next,IF1602,2016-02-19,3361.563,3260.0,-101.5630000000001,0.0,-101.5630000000001,-26.256560812138108,
2016-01-08,IF,q1,IF1603,2016-03-18,3361.563,3198.0,-163.5630000000001,0.16698021734032464,-163.39601978265978,-25.345160323452774,0.6344734219362836
2016-01-08,IF,q2,IF1606,2016-06-17,3361.563,3091.4,-270.163,8.806391451959232,-261.35660854804075,-17.62622134129418,0.012030411147350234
2016-01-11,IF,current,IF1601,2016-01-15,3192.45,3151.8,-40.649999999999636,0.0,-40.649999999999636,-116.1901517643179,
2016-01-11,IF,next,IF1602,2016-02-19,3192.45,3087.0,-105.44999999999982,0.0,-105.44999999999982,-30.91368216115662,
2016-01-11,IF,q1,IF1603,2016-03-18,3192.45,3046.4,-146.04999999999973,0.158579801969536,-145.8914201980302,-24.895663753441145,0.6344734219362836
2016-01-11,IF,q2,IF1606,2016-06-17,3192.45,2950.2,-242.25,8.363360850535077,-233.8866391494649,-16.92454830424764,0.012030411147350234
2016-01-12,IF,current,IF1601,2016-01-15,3215.71,3196.6,-19.110000000000127,0.0,-19.110000000000127,-72.30285069238258,
2016-01-12,IF,next,IF1602,2016-02-19,3215.71,3133.2,-82.51000000000022,0.0,-82.51000000000022,-24.645576347304228,
2016-01-12,IF,q1,IF1603,2016-03-18,3215.71,3088.0,-127.71000000000004,0.1597352049339713,-127.55026479506607,-21.935796944130775,0.6344734219362836
2016-01-12,IF,q2,IF1606,2016-06-17,3215.71,2975.0,-240.71000000000004,8.424295798109338,-232.2857042018907,-16.793407182237733,0.012030411147350234
2016-01-13,IF,current,IF1601,2016-01-15,3155.879,3152.8,-3.0789999999997235,0.0,-3.0789999999997235,-17.805419662792822,
2016-01-13,IF,next,IF1602,2016-02-19,3155.879,3080.8,-75.07899999999972,0.0,-75.07899999999972,-23.468713128392647,
2016-01-13,IF,q1,IF1603,2016-03-18,3155.879,3015.8,-140.07899999999972,0.15676319656057805,-139.92223680343915,-24.896936032599328,0.6344734219362836
2016-01-13,IF,q2,IF1606,2016-06-17,3155.879,2907.6,-248.279,8.267554661036442,-240.01144533896354,-17.79425765997156,0.012030411147350234
2016-01-14,IF,current,IF1601,2016-01-15,3221.571,3204.6,-16.971000000000004,0.0,-16.971000000000004,-192.27932583202423,
2016-01-14,IF,next,IF1602,2016-02-19,3221.571,3113.2,-108.3710000000001,0.0,-108.3710000000001,-34.10638870842141,
2016-01-14,IF,q1,IF1603,2016-03-18,3221.571,3045.0,-176.5709999999999,0.16002634065084814,-176.41097365934905,-31.229913422705106,0.6344734219362836
2016-01-14,IF,q2,IF1606,2016-06-17,3221.571,2937.6,-283.971,8.43965004263783,-275.5313499573622,-20.140232470719173,0.012030411147350234
2016-01-15,IF,current,IF1601,2016-01-15,3118.73,3132.8,14.070000000000164,0.0,14.070000000000164,,
2016-01-15,IF,next,IF1602,2016-02-19,3118.73,3027.8,-90.92999999999984,0.0,-90.92999999999984,-30.40564588790945,
2016-01-15,IF,q1,IF1603,2016-03-18,3118.73,2952.8,-165.92999999999984,0.1549178799343611,-165.77508212006546,-30.79596297507135,0.6344734219362836
2016-01-15,IF,q2,IF1606,2016-06-17,3118.73,2844.6,-274.1300000000001,8.17023426690763,-265.95976573309247,-20.212047372383797,0.012030411147350234
2016-01-18,IF,current,IF1602,2016-02-19,3130.729,3042.0,-88.72899999999981,0.0,-88.72899999999981,-32.3268208858064,
2016-01-18,IF,next,IF1603,2016-03-18,3130.729,2990.8,-139.92899999999963,0.1555139108961091,-139.77348608910353,-27.159447752968923,0.6344734219362836
2016-01-18,IF,q1,IF1603,2016-03-18,3130.729,2990.8,-139.92899999999963,0.1555139108961091,-139.77348608910353,-27.159447752968923,0.6344734219362836
2016-01-18,IF,q2,IF1606,2016-06-17,3130.729,2842.0,-288.7289999999998,8.201668421505374,-280.52733157849445,-21.659360095455433,0.012030411147350234
2016-01-19,IF,current,IF1602,2016-02-19,3223.125,3134.0,-89.125,0.0,-89.125,-32.55768857863099,
2016-01-19,IF,next,IF1603,2016-03-18,3223.125,3073.6,-149.5250000000001,0.16010353309309802,-149.364896466907,-28.668980302131274,0.6344734219362836
2016-01-19,IF,q1,IF1603,2016-03-18,3223.125,3073.6,-149.5250000000001,0.16010353309309802,-149.364896466907,-28.668980302131274,0.6344734219362836
2016-01-19,IF,q2,IF1606,2016-06-17,3223.125,2923.6,-299.5250000000001,8.443721104913427,-291.08127889508665,-21.975498270923744,0.012030411147350234
2016-01-20,IF,current,IF1602,2016-02-19,3174.378,3074.0,-100.37800000000016,0.0,-100.37800000000016,-38.4725973613309,
2016-01-20,IF,next,IF1603,2016-03-18,3174.378,3010.6,-163.77800000000025,0.1576821045330238,-163.62031789546722,-32.437207753958646,0.6344734219362836
2016-01-20,IF,q1,IF1603,2016-03-18,3174.378,3010.6,-163.77800000000025,0.1576821045330238,-163.62031789546722,-32.437207753958646,0.6344734219362836
2016-01-20,IF,q2,IF1606,2016-06-17,3174.378,2845.0,-329.37800000000016,8.316017068395697,-321.06198293160446,-24.77632214128198,0.012030411147350234
2016-01-21,IF,current,IF1602,2016-02-19,3081.345,3011.0,-70.3449999999998,0.0,-70.3449999999998,-28.733449975187085,
2016-01-21,IF,next,IF1603,2016-03-18,3081.345,2953.2,-128.14499999999998,0.15306084038898649,-127.991939159611,-26.598693270142665,0.6344734219362836
2016-01-21,IF,q1,IF1603,2016-03-18,3081.345,2953.2,-128.14499999999998,0.15306084038898649,-127.991939159611,-26.598693270142665,0.6344734219362836
2016-01-21,IF,q2,IF1606,2016-06-17,3081.345,2788.0,-293.3449999999998,8.072295616217014,-285.2727043837828,-22.832372538457722,0.012030411147350234
2016-01-22,IF,current,IF1602,2016-02-19,3113.463,3042.0,-71.46300000000019,0.0,-71.46300000000019,-29.92074259433956,
2016-01-22,IF,next,IF1603,2016-03-18,3113.463,2974.8,-138.663,0.15465625020892343,-138.5083437497911,-28.995931464574596,0.6344734219362836
2016-01-22,IF,q1,IF1603,2016-03-18,3113.463,2974.8,-138.663,0.15465625020892343,-138.5083437497911,-28.995931464574596,0.6344734219362836
2016-01-22,IF,q2,IF1606,2016-06-17,3113.463,2801.2,-312.2630000000004,8.15643614270842,-304.106563857292,-24.252561514478277,0.012030411147350234
2016-01-25,IF,current,IF1602,2016-02-19,3128.886,3044.2,-84.68600000000015,0.0,-84.68600000000015,-39.516160064636495,
2016-01-25,IF,next,IF1603,2016-03-18,3128.886,2973.0,-155.88599999999997,0.15542236284522973,-155.73057763715474,-34.27686936329553,0.6344734219362836
2016-01-25,IF,q1,IF1603,2016-03-18,3128.886,2973.0,-155.88599999999997,0.15542236284522973,-155.73057763715474,-34.27686936329553,0.6344734219362836
2016-01-25,IF,q2,IF1606,2016-06-17,3128.886,2781.6,-347.28600000000006,8.196840256914689,-339.08915974308536,-27.469739342227857,0.012030411147350234
2016-01-26,IF,current,IF1602,2016-02-19,2940.509,2899.0,-41.509000000000015,0.0,-41.509000000000015,-21.468484141124332,
2016-01-26,IF,next,IF1603,2016-03-18,2940.509,2820.2,-120.3090000000002,0.14606503936150556,-120.1629349606387,-28.68385610779599,0.6344734219362836
2016-01-26,IF,q1,IF1603,2016-03-18,2940.509,2820.2,-120.3090000000002,0.14606503936150556,-120.1629349606387,-28.68385610779599,0.6344734219362836
2016-01-26,IF,q2,IF1606,2016-06-17,2940.509,2660.8,-279.70899999999983,7.703343153767812,-272.005656846232,-23.61088413839419,0.012030411147350234
2016-01-27,IF,current,IF1602,2016-02-19,2930.352,2867.6,-62.75199999999995,0.0,-62.75199999999995,-33.9838680309307,
2016-01-27,IF,next,IF1603,2016-03-18,2930.352,2798.0,-132.35199999999986,0.14556050677725063,-132.2064394932226,-32.28906771169822,0.6344734219362836
2016-01-27,IF,q1,IF1603,2016-03-18,2930.352,2798.0,-132.35199999999986,0.14556050677725063,-132.2064394932226,-32.28906771169822,0.6344734219362836
2016-01-27,IF,q2,IF1606,2016-06-17,2930.352,2654.2,-276.15200000000004,7.676734544029559,-268.4752654559705,-23.549896820411124,0.012030411147350234
2016-01-28,IF,current,IF1602,2016-02-19,2853.756,2816.8,-36.955999999999676,0.0,-36.955999999999676,-21.485145764516346,
2016-01-28,IF,next,IF1603,2016-03-18,2853.756,2753.8,-99.95599999999968,0.14175572408318854,-99.8142442759165,-25.53280600072993,0.6344734219362836
2016-01-28,IF,q1,IF1603,2016-03-18,2853.756,2753.8,-99.95599999999968,0.14175572408318854,-99.8142442759165,-25.53280600072993,0.6344734219362836
2016-01-28,IF,q2,IF1606,2016-06-17,2853.756,2618.0,-235.75599999999986,7.476073613487942,-228.2799263865119,-20.707355432375564,0.012030411147350234
2016-01-29,IF,current,IF1602,2016-02-19,2946.09,2903.8,-42.289999999999964,0.0,-42.289999999999964,-24.949695229625558,
2016-01-29,IF,next,IF1603,2016-03-18,2946.09,2843.2,-102.89000000000033,0.14634226653022925,-102.7436577334701,-25.97800507273292,0.6344734219362836
2016-01-29,IF,q1,IF1603,2016-03-18,2946.09,2843.2,-102.89000000000033,0.14634226653022925,-102.7436577334701,-25.97800507273292,0.6344734219362836
2016-01-29,IF,q2,IF1606,2016-06-17,2946.09,2710.0,-236.09000000000015,7.717963873561963,-228.3720361264382,-20.209787303110698,0.012030411147350234
2016-02-01,IF,current,IF1602,2016-02-19,2901.048,2883.8,-17.247999999999593,0.0,-17.247999999999593,-12.056026343276736,
2016-02-01,IF,next,IF1603,2016-03-18,2901.048,2825.0,-76.04799999999977,0.14410487786625273,-75.90389512213352,-20.760804610863516,0.6344734219362836
2016-02-01,IF,q1,IF1603,2016-03-18,2901.048,2825.0,-76.04799999999977,0.14410487786625273,-75.90389512213352,-20.760804610863516,0.6344734219362836
2016-02-01,IF,q2,IF1606,2016-06-17,2901.048,2688.0,-213.04799999999977,7.59996594111829,-205.4480340588815,-18.86771782455272,0.012030411147350234
2016-02-02,IF,current,IF1602,2016-02-19,2961.334,2948.8,-12.53399999999965,0.0,-12.53399999999965,-9.087538012975536,
2016-02-02,IF,next,IF1603,2016-03-18,2961.334,2886.4,-74.93399999999974,0.14709948763039482,-74.78690051236934,-20.484175702958204,0.6344734219362836
2016-02-02,IF,q1,IF1603,2016-03-18,2961.334,2886.4,-74.93399999999974,0.14709948763039482,-74.78690051236934,-20.484175702958204,0.6344734219362836
2016-02-02,IF,q2,IF1606,2016-06-17,2961.334,2757.8,-203.53399999999965,7.757899055884491,-195.77610094411517,-17.74296672412869,0.012030411147350234
2016-02-03,IF,current,IF1602,2016-02-19,2948.639,2939.4,-9.239000000000033,0.0,-9.239000000000033,-7.1478633871423645,
2016-02-03,IF,next,IF1603,2016-03-18,2948.639,2879.4,-69.23900000000003,0.17347333479424454,-69.0655266652058,-19.430318092824976,0.9780897170763732
2016-02-03,IF,q1,IF1603,2016-03-18,2948.639,2879.4,-69.23900000000003,0.17347333479424454,-69.0655266652058,-19.430318092824976,0.9780897170763732
2016-02-03,IF,q2,IF1606,2016-06-17,2948.639,2746.0,-202.63900000000012,7.751646019178105,-194.887353980822,-17.86985998499522,0.02188857495935911
2016-02-04,IF,current,IF1602,2016-02-19,2984.76,2978.8,-5.960000000000036,0.0,-5.960000000000036,-4.858905461969054,
2016-02-04,IF,next,IF1603,2016-03-18,2984.76,2939.0,-45.76000000000022,0.1755983932792279,-45.58440160672099,-12.963768024084176,0.9780897170763732
2016-02-04,IF,q1,IF1603,2016-03-18,2984.76,2939.0,-45.76000000000022,0.1755983932792279,-45.58440160672099,-12.963768024084176,0.9780897170763732
2016-02-04,IF,q2,IF1606,2016-06-17,2984.76,2781.4,-203.36000000000013,7.846604135739248,-195.51339586426087,-17.84247796979182,0.02188857495935911
2016-02-05,IF,current,IF1602,2016-02-19,2963.789,2937.2,-26.589000000000397,0.0,-26.589000000000397,-23.38942530273662,
2016-02-05,IF,next,IF1603,2016-03-18,2963.789,2884.0,-79.78900000000021,0.28153552511737456,-79.50746447488284,-23.31332382244825,1.0
2016-02-05,IF,q1,IF1603,2016-03-18,2963.789,2884.0,-79.78900000000021,0.28153552511737456,-79.50746447488284,-23.31332382244825,1.0
2016-02-05,IF,q2,IF1606,2016-06-17,2963.789,2753.6,-210.1890000000003,7.898644585289664,-202.29035541471063,-18.731351736022,0.03564352365489425
2016-02-15,IF,current,IF1602,2016-02-19,2946.707,2929.8,-16.906999999999698,0.0,-16.906999999999698,-52.3555192287517,
2016-02-15,IF,next,IF1603,2016-03-18,2946.707,2876.0,-70.70699999999988,0.2799128759206689,-70.42708712407921,-27.261243228764464,1.0
2016-02-15,IF,q1,IF1603,2016-03-18,2946.707,2876.0,-70.70699999999988,0.2799128759206689,-70.42708712407921,-27.261243228764464,1.0
2016-02-15,IF,q2,IF1606,2016-06-17,2946.707,2736.6,-210.10699999999997,7.853120208619827,-202.25387979138014,-20.367965916859234,0.03564352365489425
2016-02-16,IF,current,IF1602,2016-02-19,3037.035,3016.6,-20.434999999999945,0.0,-20.434999999999945,-81.8646585677586,
2016-02-16,IF,next,IF1603,2016-03-18,3037.035,2962.8,-74.23499999999967,0.28849329136616864,-73.9465067086335,-28.668108277137268,1.0
2016-02-16,IF,q1,IF1603,2016-03-18,3037.035,2962.8,-74.23499999999967,0.28849329136616864,-73.9465067086335,-28.668108277137268,1.0
2016-02-16,IF,q2,IF1606,2016-06-17,3037.035,2823.2,-213.83500000000004,8.093848805729825,-205.7411511942702,-20.267696971031583,0.03564352365489425
2016-02-17,IF,current,IF1602,2016-02-19,3063.32,3045.6,-17.720000000000255,0.0,-17.720000000000255,-105.56846819790444,
2016-02-17,IF,next,IF1603,2016-03-18,3063.32,2987.8,-75.51999999999998,0.2909901497045018,-75.22900985029548,-29.8788989237797,1.0
2016-02-17,IF,q1,IF1603,2016-03-18,3063.32,2987.8,-75.51999999999998,0.2909901497045018,-75.22900985029548,-29.8788989237797,1.0
2016-02-17,IF,q2,IF1606,2016-06-17,3063.32,2835.8,-227.51999999999998,8.178667136746057,-219.3413328632539,-21.599097553178044,0.038145611758666535
2016-02-18,IF,current,IF1602,2016-02-19,3053.699,3050.6,-3.09900000000016,0.0,-3.09900000000016,-37.041470033557935,
2016-02-18,IF,next,IF1603,2016-03-18,3053.699,2981.8,-71.89899999999989,0.2900762340083594,-71.60892376599153,-29.51452419371291,1.0
2016-02-18,IF,q1,IF1603,2016-03-18,3053.699,2981.8,-71.89899999999989,0.2900762340083594,-71.60892376599153,-29.51452419371291,1.0
2016-02-18,IF,q2,IF1606,2016-06-17,3053.699,2821.8,-231.8989999999999,8.152980314434762,-223.74601968556513,-22.28644047356754,0.038145611758666535
2016-02-19,IF,current,IF1602,2016-02-19,3051.585,3048.6,-2.9850000000001273,0.0,-2.9850000000001273,,
2016-02-19,IF,next,IF1603,2016-03-18,3051.585,2980.8,-70.78499999999985,0.28987542143361195,-70.49512457856625,-30.113999857189768,1.0
2016-02-19,IF,q1,IF1603,2016-03-18,3051.585,2980.8,-70.78499999999985,0.28987542143361195,-70.49512457856625,-30.113999857189768,1.0
2016-02-19,IF,q2,IF1606,2016-06-17,3051.585,2825.4,-226.18499999999995,8.147336208586506,-218.03766379141345,-21.915528670468138,0.038145611758666535
2016-02-22,IF,current,IF1603,2016-03-18,3118.868,3042.0,-76.86799999999994,0.2962667518341473,-76.57173324816578,-35.84464957873243,1.0
2016-02-22,IF,next,IF1604,2016-04-15,3118.868,2984.0,-134.86799999999994,0.4122899208760143,-134.45571007912392,-29.68925165838486,0.7704226241040083
2016-02-22,IF,q1,IF1606,2016-06-17,3118.868,2870.0,-248.86799999999994,8.326973093065334,-240.5410269069346,-24.267611932916797,0.038145611758666535
2016-02-22,IF,q2,IF1609,2016-09-16,3118.868,2728.2,-390.6680000000001,30.012673556116965,-360.65532644388315,-20.390030485422397,0.010583445094920386
2016-02-23,IF,current,IF1603,2016-03-18,3089.363,3022.4,-66.96299999999974,0.29346402003758953,-66.66953597996215,-32.820116197479045,1.0
2016-02-23,IF,next,IF1604,2016-04-15,3089.363,2956.2,-133.163,0.40838959097572775,-132.75461040902428,-30.162698463737243,0.7704226241040083
2016-02-23,IF,q1,IF1606,2016-06-17,3089.363,2846.0,-243.36299999999983,8.248198569388508,-235.11480143061132,-24.154945047746693,0.038145611758666535
2016-02-23,IF,q2,IF1609,2016-09-16,3089.363,2707.0,-382.36299999999983,29.728748768895052,-352.63425123110477,-20.224658450476817,0.010583445094920386
2016-02-24,IF,current,IF1603,2016-03-18,3109.545,3039.8,-69.74499999999989,0.29538114368165425,-69.44961885631824,-35.44361814231056,1.0
2016-02-24,IF,next,IF1604,2016-04-15,3109.545,2980.0,-129.54500000000007,0.41105749329898084,-129.1339425067011,-29.72119400921489,0.7704226241040083
2016-02-24,IF,q1,IF1606,2016-06-17,3109.545,2859.6,-249.94500000000016,8.30208189210824,-241.64291810789192,-24.88085147149512,0.038145611758666535
2016-02-24,IF,q2,IF1609,2016-09-16,3109.545,2698.8,-410.7449999999999,29.922958904658913,-380.822041095341,-21.805408829877738,0.010583445094920386
2016-02-25,IF,current,IF1603,2016-03-18,2918.75,2847.0,-71.75,0.27725719136427623,-71.47274280863573,-40.62690461382447,1.0
2016-02-25,IF,next,IF1604,2016-04-15,2918.75,2796.0,-122.75,0.3858358887124645,-122.36416411128754,-30.604142116056497,0.7704226241040083
2016-02-25,IF,q1,IF1606,2016-06-17,2918.75,2678.0,-240.75,7.792683985146035,-232.95731601485397,-25.78065084093057,0.038145611758666535
2016-02-25,IF,q2,IF1609,2016-09-16,2918.75,2545.6,-373.1500000000001,28.157664690313034,-344.99233530968706,-21.14828943830638,0.013336704426592842
2016-02-26,IF,current,IF1603,2016-03-18,2948.031,2880.0,-68.03099999999995,0.18712719297130984,-67.84387280702865,-39.999278250410356,1.0
2016-02-26,IF,next,IF1604,2016-04-15,2948.031,2822.6,-125.43100000000004,0.2967951555313361,-125.1342048444687,-31.618464599835107,0.698553636515907
2016-02-26,IF,q1,IF1606,2016-06-17,2948.031,2711.0,-237.03099999999995,7.777949005836142,-229.2530509941638,-25.34299394992969,0.026655784840084722
2016-02-26,IF,q2,IF1609,2016-09-16,2948.031,2565.2,-382.83100000000013,28.347231895166907,-354.48376810483325,-21.620271035319576,0.0101027971512271
2016-02-29,IF,current,IF1603,2016-03-18,2877.467,2789.0,-88.4670000000001,0.18264812092463614,-88.28435187907546,-62.21480450198143,1.0
2016-02-29,IF,next,IF1604,2016-04-15,2877.467,2730.0,-147.4670000000001,0.28969107373744957,-147.17730892626264,-40.58499893353203,0.698553636515907
2016-02-29,IF,q1,IF1606,2016-06-17,2877.467,2631.0,-246.4670000000001,7.714089398832234,-238.75291060116786,-27.784634592251667,0.04410559431117131
2016-02-29,IF,q2,IF1609,2016-09-16,2877.467,2500.0,-377.4670000000001,27.786553710139735,-349.68044628986036,-22.17807587294642,0.015547036158323242
2016-03-01,IF,current,IF1603,2016-03-18,2930.694,2864.2,-66.49400000000014,0.18602672145505253,-66.30797327854509,-48.57795426545818,1.0
2016-03-01,IF,next,IF1604,2016-04-15,2930.694,2800.2,-130.49400000000014,0.2950497405029844,-130.19895025949717,-36.03440523319086,0.698553636515907
2016-03-01,IF,q1,IF1606,2016-06-17,2930.694,2698.4,-232.29399999999987,7.763383051224945,-224.53061694877493,-25.892513029306386,0.060395376101460625
2016-03-01,IF,q2,IF1609,2016-09-16,2930.694,2551.8,-378.8939999999998,28.207145124730218,-350.68685487526955,-21.947689120334925,0.019935868508834904
2016-03-02,IF,current,IF1603,2016-03-18,3051.333,3009.0,-42.333000000000084,0.19368431984288015,-42.1393156801572,-31.504366745733297,1.0
2016-03-02,IF,next,IF1604,2016-04-15,3051.333,2949.0,-102.33300000000008,0.30719515918010987,-102.02580484081997,-27.737071847629814,0.698553636515907
2016-03-02,IF,q1,IF1606,2016-06-17,3051.333,2841.2,-210.13300000000027,8.082954718521744,-202.05004528147853,-22.58803400917789,0.060395376101460625
2016-03-02,IF,q2,IF1609,2016-09-16,3051.333,2675.2,-376.13300000000027,29.368263201439124,-346.76473679856116,-20.949467819685314,0.019935868508834904
2016-03-03,IF,current,IF1603,2016-03-18,3058.422,3008.6,-49.822000000000116,0.1941342963427791,-49.627865703657335,-39.484786559506674,1.0
2016-03-03,IF,next,IF1604,2016-04-15,3058.422,2950.8,-107.62199999999984,0.3079088493881035,-107.31409115061174,-29.78404996141823,0.698553636515907
2016-03-03,IF,q1,IF1606,2016-06-17,3058.422,2836.0,-222.42200000000003,8.10173341819156,-214.32026658180845,-24.129750478909596,0.060395376101460625
2016-03-03,IF,q2,IF1609,2016-09-16,3058.422,2692.6,-365.8220000000001,29.436492928523975,-336.3855070714761,-20.378232154915146,0.019935868508834904
2016-03-04,IF,current,IF1603,2016-03-18,3093.89,3052.4,-41.48999999999978,0.19638563877449247,-41.29361436122529,-34.79708448829151,1.0
2016-03-04,IF,next,IF1604,2016-04-15,3093.89,2972.0,-121.88999999999987,0.3114796159697254,-121.57852038403014,-34.15038145088346,0.698553636515907
2016-03-04,IF,q1,IF1606,2016-06-17,3093.89,2864.2,-229.69000000000005,8.195687843341661,-221.4943121566584,-24.886354021937958,0.060395376101460625
2016-03-04,IF,q2,IF1609,2016-09-16,3093.89,2705.0,-388.8899999999999,29.77786293279052,-359.11213706720935,-21.615336842894532,0.019935868508834904
2016-03-07,IF,current,IF1603,2016-03-18,3104.84,3083.8,-21.039999999999964,0.19708069346117518,-20.84291930653879,-22.275091753774042,1.0
2016-03-07,IF,next,IF1604,2016-04-15,3104.84,3023.2,-81.64000000000033,0.31258201514838674,-81.32741798485193,-24.514668053806936,0.698553636515907
2016-03-07,IF,q1,IF1606,2016-06-17,3104.84,2918.0,-186.84000000000015,8.2246942986082,-178.61530570139195,-20.586008088638856,0.060395376101460625
2016-03-07,IF,q2,IF1609,2016-09-16,3104.84,2769.8,-335.03999999999996,29.883253751182274,-305.1567462488177,-18.58742829610878,0.019935868508834904
2016-03-08,IF,current,IF1603,2016-03-18,3107.673,3075.4,-32.27299999999968,0.19726051902531871,-32.07573948097436,-37.673348870861396,1.0
2016-03-08,IF,next,IF1604,2016-04-15,3107.673,3015.6,-92.07299999999987,0.3128672294747016,-91.76013277052516,-28.361420994559435,0.698553636515907
2016-03-08,IF,q1,IF1606,2016-06-17,3107.673,2903.0,-204.67299999999977,8.2529107368271,-196.42008926317268,-22.84136638732838,0.08554223975534776
2016-03-08,IF,q2,IF1609,2016-09-16,3107.673,2759.6,-348.07299999999987,29.931232463440782,-318.1417675365591,-19.461531377142308,0.026897586920554703
2016-03-09,IF,current,IF1603,2016-03-18,3071.907,3016.6,-55.307000000000244,0.19499026095007738,-55.112009739050166,-72.75930465181295,1.0
2016-03-09,IF,next,IF1604,2016-04-15,3071.907,2961.8,-110.10699999999997,0.30926646152730425,-109.79773353847267,-35.259524582790874,0.698553636515907
2016-03-09,IF,q1,IF1606,2016-06-17,3071.907,2855.0,-216.90700000000015,8.157928541012625,-208.74907145898752,-24.803293551051656,0.08554223975534776
2016-03-09,IF,q2,IF1609,2016-09-16,3071.907,2710.2,-361.70700000000033,29.586755917714314,-332.12024408228604,-20.660783272143433,0.026897586920554703
2016-03-10,IF,current,IF1603,2016-03-18,3013.146,2983.0,-30.146000000000186,0.19126038803280238,-29.954739611967383,-45.35741032117301,1.0
2016-03-10,IF,next,IF1604,2016-04-15,3013.146,2926.2,-86.94600000000037,0.35422361527459423,-86.59177638472578,-29.137134392301185,1.0
2016-03-10,IF,q1,IF1606,2016-06-17,3013.146,2829.2,-183.94600000000037,8.140173141138762,-175.8058268588616,-21.51150319350588,0.12715692247251426
2016-03-10,IF,q2,IF1609,2016-09-16,3013.146,2690.8,-322.346,29.138028283141452,-293.20797171685854,-18.69368247229297,0.03921898280948747
2016-03-11,IF,current,IF1603,2016-03-18,3018.284,2986.6,-31.684000000000196,0.07855446567552048,-31.605445534324677,-54.600502518405946,1.0
2016-03-11,IF,next,IF1604,2016-04-15,3018.284,2931.0,-87.2840000000001,0.24179557691681594,-87.04220442308329,-30.074235761990593,1.0
2016-03-11,IF,q1,IF1606,2016-06-17,3018.284,2824.6,-193.6840000000002,8.041021661123622,-185.64297833887656,-22.907896622950002,0.11488743061245242
2016-03-11,IF,q2,IF1609,2016-09-16,3018.284,2682.8,-335.4839999999999,29.074682230317563,-306.4093177696824,-19.605274465869996,0.03548380677903021
2016-03-14,IF,current,IF1603,2016-03-18,3065.69,3042.0,-23.690000000000055,0.07978826375410211,-23.61021173624595,-70.27559280072163,1.0
2016-03-14,IF,next,IF1604,2016-04-15,3065.69,2993.6,-72.09000000000015,0.24559328485924897,-71.84440671514089,-26.730532574871425,1.0
2016-03-14,IF,q1,IF1606,2016-06-17,3065.69,2888.0,-177.69000000000005,8.261204104848897,-169.42879589515115,-21.233825613133256,0.12905260009665898
2016-03-14,IF,q2,IF1609,2016-09-16,3065.69,2750.0,-315.69000000000005,29.65639906085401,-286.033600939146,-18.3091733497713,0.04506096276234492
2016-03-15,IF,current,IF1603,2016-03-18,3074.78,3046.6,-28.18000000000029,0.08002484192003696,-28.099975158080255,-111.18942854122132,1.0
2016-03-15,IF,next,IF1604,2016-04-15,3074.78,2981.4,-93.38000000000011,0.24632148730612738,-93.13367851269398,-35.66349321518025,1.0
2016-03-15,IF,q1,IF1606,2016-06-17,3074.78,2881.0,-193.7800000000002,8.392967235489495,-185.3870327645107,-23.41155802430231,0.15252973594386152
2016-03-15,IF,q2,IF1609,2016-09-16,3074.78,2735.0,-339.7800000000002,29.851600543757915,-309.9283994562423,-19.8869628293386,0.05196352231554465
2016-03-16,IF,current,IF1603,2016-03-18,3090.033,3062.0,-28.0329999999999,0.0804218195619516,-27.95257818043795,-165.09032485834055,1.0
2016-03-16,IF,next,IF1604,2016-04-15,3090.033,2987.2,-102.83300000000008,0.24754340940978367,-102.5854565905903,-40.391900513215084,1.0
2016-03-16,IF,q1,IF1606,2016-06-17,3090.033,2886.0,-204.0329999999999,8.434602061149516,-195.59839793885038,-24.84346062632626,0.15252973594386152
2016-03-16,IF,q2,IF1609,2016-09-16,3090.033,2730.0,-360.0329999999999,30.328703825641213,-329.70429617435866,-21.165889776068262,0.07608895384943783
2016-03-17,IF,current,IF1603,2016-03-18,3124.204,3123.0,-1.2040000000001783,0.0,-1.2040000000001783,-14.066302968694266,
2016-03-17,IF,next,IF1604,2016-04-15,3124.204,3067.8,-56.403999999999996,0.16896969692199287,-56.235030303078005,-22.654913898977,1.0
2016-03-17,IF,q1,IF1606,2016-06-17,3124.204,2965.0,-159.20400000000018,8.446564592510446,-150.75743540748974,-19.14451611679179,0.14437153266249556
2016-03-17,IF,q2,IF1609,2016-09-16,3124.204,2809.0,-315.2040000000002,30.627713560104237,-284.57628643989597,-18.16774804735084,0.0775755643809793
2016-03-18,IF,current,IF1603,2016-03-18,3171.963,3176.8,4.836999999999989,0.0,4.836999999999989,,
2016-03-18,IF,next,IF1604,2016-04-15,3171.963,3125.0,-46.96300000000019,0.1715526984658413,-46.791447301534355,-19.229730549752897,1.0
2016-03-18,IF,q1,IF1606,2016-06-17,3171.963,3048.0,-123.96300000000019,8.90752050767792,-115.05547949232228,-14.548916992341216,0.22959575046611105
2016-03-18,IF,q2,IF1609,2016-09-16,3171.963,2921.0,-250.9630000000002,31.431559235653108,-219.53144076434708,-13.880019982458514,0.10380545490175097
2016-03-21,IF,current,IF1604,2016-04-15,3249.437,3210.2,-39.23700000000008,0.1757428084264375,-39.061257191573645,-17.550558912112322,1.0
2016-03-21,IF,next,IF1605,2016-05-20,3249.437,3181.4,-68.03699999999981,4.178138738362424,-63.85886126163739,-11.955139900900601,0.257389923175373
2016-03-21,IF,q1,IF1606,2016-06-17,3249.437,3143.8,-105.63699999999972,9.26361741111864,-96.37338258888107,-12.301531229221608,0.30416559465216314
2016-03-21,IF,q2,IF1609,2016-09-16,3249.437,3048.6,-200.837,32.64679773153455,-168.19020226846544,-10.554372188680787,0.13650297430842412
2016-03-22,IF,current,IF1604,2016-04-15,3225.79,3194.6,-31.190000000000055,0.17446388220295325,-31.0155361177971,-14.622607540834883,1.0
2016-03-22,IF,next,IF1605,2016-05-20,3225.79,3155.0,-70.78999999999996,4.14773333375047,-66.6422666662495,-12.78069649220657,0.257389923175373
2016-03-22,IF,q1,IF1606,2016-06-17,3225.79,3123.0,-102.78999999999996,9.196203652698113,-93.59379634730185,-12.172634559398556,0.30416559465216314
2016-03-22,IF,q2,IF1609,2016-09-16,3225.79,3032.6,-193.19000000000005,32.409437100344974,-160.78056289965508,-10.220457007530722,0.1370115953194147
2016-03-23,IF,current,IF1604,2016-04-15,3236.092,3196.0,-40.0920000000001,0.1750210563880226,-39.91697894361207,-19.57500283140551,1.0
2016-03-23,IF,next,IF1605,2016-05-20,3236.092,3155.0,-81.0920000000001,4.1821798963453745,-76.90982010365472,-14.956356435496449,0.2635260688673674
2016-03-23,IF,q1,IF1606,2016-06-17,3236.092,3115.6,-120.49200000000019,9.246773193300202,-111.24522680669999,-14.589988150955454,0.3068336400921935
2016-03-23,IF,q2,IF1609,2016-09-16,3236.092,3021.2,-214.89200000000028,32.61577657754898,-182.2762234224513,-11.615255305954324,0.14593189753297062
2016-03-24,IF,current,IF1604,2016-04-15,3181.851,3144.8,-37.05099999999993,0.1720874818420756,-36.878912518157854,-19.22952033141546,1.0
2016-03-24,IF,next,IF1605,2016-05-20,3181.851,3097.4,-84.45100000000002,4.115157796344718,-80.3358422036553,-16.167673164188926,0.26621838058891695
2016-03-24,IF,q1,IF1606,2016-06-17,3181.851,3056.8,-125.05099999999993,9.107690236332832,-115.9433097636671,-15.64731385959212,0.33260228689942267
2016-03-24,IF,q2,IF1609,2016-09-16,3181.851,2952.0,-229.8510000000001,32.98989433475896,-196.86110566524115,-12.830993294578628,0.25747794808521574
2016-03-25,IF,current,IF1604,2016-04-15,3197.817,3162.8,-35.016999999999825,0.17295098825236652,-34.84404901174746,-18.93863084200107,1.0
2016-03-25,IF,next,IF1605,2016-05-20,3197.817,3122.4,-75.41699999999992,4.148258441303878,-71.26874155869604,-14.526143185516451,0.29662563849988216
2016-03-25,IF,q1,IF1606,2016-06-17,3197.817,3076.2,-121.61700000000019,9.205934153782339,-112.41106584621785,-15.27457154806869,0.35098476528343403
2016-03-25,IF,q2,IF1609,2016-09-16,3197.817,2973.0,-224.817,33.1451623522387,-191.67183764776132,-12.50142487675327,0.2862464637228736
2016-03-28,IF,current,IF1604,2016-04-15,3169.728,3129.8,-39.927999999999884,0.1714318205485796,-39.75656817945131,-25.433565742864523,1.0
2016-03-28,IF,next,IF1605,2016-05-20,3169.728,3088.2,-81.52800000000025,4.732162734796001,-76.79583726520424,-16.685248465697498,0.6935316371434285
2016-03-28,IF,q1,IF1606,2016-06-17,3169.728,3044.0,-125.72800000000007,9.745412811571166,-115.9825871884289,-16.488404817200557,0.540253560140556
2016-03-28,IF,q2,IF1609,2016-09-16,3169.728,2935.0,-234.72800000000007,33.445594385533646,-201.28240561446643,-13.475603858078863,0.4028080029780752
2016-03-29,IF,current,IF1604,2016-04-15,3135.41,3104.0,-31.409999999999854,0.14809168511999998,-31.261908314879854,-21.407457425928435,1.0
2016-03-29,IF,next,IF1605,2016-05-20,3135.41,3051.8,-83.60999999999967,4.772303230803489,-78.83769676919619,-17.649366013938433,0.7361669460031444
2016-03-29,IF,q1,IF1606,2016-06-17,3135.41,2999.4,-136.00999999999976,9.81521963079096,-126.1947803692088,-18.363266221467534,0.5714265318896977
2016-03-29,IF,q2,IF1609,2016-09-16,3135.41,2885.0,-250.40999999999985,33.33149918361889,-217.07850081638097,-14.778121353348483,0.4186594095936775
2016-03-30,IF,current,IF1604,2016-04-15,3216.275,3190.0,-26.27500000000009,0.1519111008,-26.12308889920009,-18.52866951715889,1.0
2016-03-30,IF,next,IF1605,2016-05-20,3216.275,3136.2,-80.07500000000027,4.992333003564151,-75.08266699643612,-16.70741283719196,0.7705932738155936
2016-03-30,IF,q1,IF1606,2016-06-17,3216.275,3093.6,-122.67500000000018,10.239172228276653,-112.43582777172352,-16.151665795738463,0.598134280775382
2016-03-30,IF,q2,IF1609,2016-09-16,3216.275,2977.8,-238.4749999999999,34.97777280531311,-203.4972271946868,-13.584675353075268,0.49004938538438675
2016-03-31,IF,current,IF1604,2016-04-15,3218.088,3191.0,-27.088000000000193,0.151996732416,-26.936003267584194,-20.367458757432427,1.0
2016-03-31,IF,next,IF1605,2016-05-20,3218.088,3144.0,-74.08800000000019,5.2865601501905335,-68.80143984980965,-15.607109280529633,0.8713859106870419
2016-03-31,IF,q1,IF1606,2016-06-17,3218.088,3088.6,-129.48800000000028,10.495082008768573,-118.9929179912317,-17.30300209906435,0.6684244305984789
2016-03-31,IF,q2,IF1609,2016-09-16,3218.088,2972.8,-245.288,36.160045271412905,-209.1279547285871,-14.035255856054402,0.6646242234035292
2016-04-01,IF,current,IF1604,2016-04-15,3221.895,3206.6,-15.295000000000073,0.15217654464,-15.142823455360073,-12.253504229224518,1.0
2016-04-01,IF,next,IF1605,2016-05-20,3221.895,3158.2,-63.695000000000164,5.29281415396289,-58.40218584603727,-13.50250987340642,0.8713859106870419
2016-04-01,IF,q1,IF1606,2016-06-17,3221.895,3105.0,-116.89499999999998,10.519816729443763,-106.37518327055622,-15.650603096009311,0.6701255554591726
2016-04-01,IF,q2,IF1609,2016-09-16,3221.895,2982.8,-239.0949999999998,36.38152163515597,-202.71347836484384,-13.669569129489679,0.6963497725215418
2016-04-05,IF,current,IF1604,2016-04-15,3264.486,3236.2,-28.286000000000058,0.154188202752,-28.13181179724806,-31.453990937610214,1.0
2016-04-05,IF,next,IF1605,2016-05-20,3264.486,3191.0,-73.48599999999988,5.362781129184439,-68.12321887081544,-16.926248037446793,0.8713859106870419
2016-04-05,IF,q1,IF1606,2016-06-17,3264.486,3139.6,-124.88599999999997,11.050791698079566,-113.8352083019204,-17.435395388725883,0.7025290641016919
2016-04-05,IF,q2,IF1609,2016-09-16,3264.486,3022.6,-241.88599999999997,37.27473574925389,-204.61126425074607,-13.949663926385854,0.706670320036635
2016-04-06,IF,current,IF1604,2016-04-15,3257.528,3239.4,-18.1279999999997,0.153859562496,-17.974140437503703,-22.377436236205465,1.0
2016-04-06,IF,next,IF1605,2016-05-20,3257.528,3193.8,-63.72799999999961,5.3513507750347,-58.37664922496491,-14.865899545963709,0.8713859106870419
2016-04-06,IF,q1,IF1606,2016-06-17,3257.528,3139.0,-118.52799999999979,11.027237788326165,-107.50076221167363,-16.729530544864456,0.7025290641016919
2016-04-06,IF,q2,IF1609,2016-09-16,3257.528,3015.0,-242.5279999999998,37.19528752636572,-205.33271247363407,-14.114816841293251,0.706670320036635
2016-04-07,IF,current,IF1604,2016-04-15,3209.29,3202.8,-6.489999999999782,0.15158118528,-6.338418814719781,-9.011038529443898,1.0
2016-04-07,IF,next,IF1605,2016-05-20,3209.29,3151.4,-57.88999999999987,5.2721071096890375,-52.617892890310834,-13.917104830158733,0.8713859106870419
2016-04-07,IF,q1,IF1606,2016-06-17,3209.29,3102.6,-106.69000000000005,10.863944672677343,-95.8260553273227,-15.350027705427182,0.7025290641016919
2016-04-07,IF,q2,IF1609,2016-09-16,3209.29,2972.0,-237.28999999999996,36.50780528905623,-200.78219471094374,-14.095941352493767,0.7278301188537291
2016-04-08,IF,current,IF1604,2016-04-15,3185.726,3180.0,-5.726000000000113,0.150468210432,-5.575531789568113,-9.125836861014058,1.0
2016-04-08,IF,next,IF1605,2016-05-20,3185.726,3131.4,-54.32600000000002,5.233397011214699,-49.09260298878532,-13.392178027945251,0.8713859106870419
2016-04-08,IF,q1,IF1606,2016-06-17,3185.726,3072.0,-113.72600000000011,10.784176875978707,-102.94182312402141,-16.849160213970432,0.7025290641016919
2016-04-08,IF,q2,IF1609,2016-09-16,3185.726,2946.0,-239.7260000000001,36.418831358213055,-203.30716864178706,-14.468091964522875,0.7328224017828905
2016-04-11,IF,current,IF1604,2016-04-15,3230.096,3213.8,-16.29599999999982,0.15256389427199998,-16.143436105727822,-45.6051010449121,1.0
2016-04-11,IF,next,IF1605,2016-05-20,3230.096,3169.0,-61.096000000000004,5.439015178814142,-55.65698482118586,-16.12621711055348,0.9237658232652816
2016-04-11,IF,q1,IF1606,2016-06-17,3230.096,3131.6,-98.4960000000001,11.067104926034952,-87.42889507396514,-14.745436105331075,0.730296695640285
2016-04-11,IF,q2,IF1609,2016-09-16,3230.096,2998.8,-231.29599999999982,37.123440075044165,-194.17255992495566,-13.88699259191372,0.7430415557574636
2016-04-12,IF,current,IF1604,2016-04-15,3218.45,3215.4,-3.049999999999727,0.1520138304,-2.897986169599727,-10.955221218328704,1.0
2016-04-12,IF,next,IF1605,2016-05-20,3218.45,3165.0,-53.44999999999982,5.42099306851137,-48.029006931488446,-14.33395736423735,0.9861721118760655
2016-04-12,IF,q1,IF1606,2016-06-17,3218.45,3116.2,-102.25,11.05133597118865,-91.19866402881135,-15.670780905035759,0.763652014382055
2016-04-12,IF,q2,IF1609,2016-09-16,3218.45,2995.8,-222.64999999999964,37.0521698876027,-185.59783011239693,-13.406621237450295,0.7594932646329444
2016-04-13,IF,current,IF1604,2016-04-15,3261.383,3251.6,-9.782999999999902,0.15404164185599997,-9.628958358143901,-53.88158644235473,1.0
2016-04-13,IF,next,IF1605,2016-05-20,3261.383,3213.8,-47.58299999999963,5.4933072245213745,-42.089692775478255,-12.731075480364373,0.9861721118760655
2016-04-13,IF,q1,IF1606,2016-06-17,3261.383,3181.4,-79.98299999999972,11.215800312309165,-68.76719968769055,-11.84020015954395,0.7683261552143108
2016-04-13,IF,q2,IF1609,2016-09-16,3261.383,3052.0,-209.3829999999998,37.56347628080836,-171.81952371919147,-12.326477117675996,0.7608907686591097
2016-04-14,IF,current,IF1604,2016-04-15,3275.832,3269.2,-6.632000000000062,0.15472409702399997,-6.477275902976062,-72.17115238468463,1.0
2016-04-14,IF,next,IF1605,2016-05-20,3275.832,3233.0,-42.83199999999988,5.517644383354639,-37.314355616645244,-11.549008177392892,0.9861721118760655
2016-04-14,IF,q1,IF1606,2016-06-17,3275.832,3192.0,-83.83199999999988,11.26548999877425,-72.56651000122562,-12.633611166590347,0.7683261552143108
2016-04-14,IF,q2,IF1609,2016-09-16,3275.832,3075.0,-200.83199999999988,37.72989484274402,-163.10210515725586,-11.724629066880816,0.7608907686591097
2016-04-15,IF,current,IF1604,2016-04-15,3272.205,3270.2,-2.005000000000109,0.0,-2.005000000000109,,
2016-04-15,IF,next,IF1605,2016-05-20,3272.205,3237.6,-34.60500000000002,5.46472154093335,-29.140278459066668,-9.287054917367284,1.0
2016-04-15,IF,q1,IF1606,2016-06-17,3272.205,3193.0,-79.20499999999993,11.289086880726686,-67.91591311927324,-12.024952102481222,0.7818074930390284
2016-04-15,IF,q2,IF1609,2016-09-16,3272.205,3082.4,-189.80499999999984,37.732613438084734,-152.0723865619151,-11.01493658900745,0.765739510530104
2016-04-18,IF,current,IF1605,2016-05-20,3228.453,3191.6,-36.853000000000065,5.118040621282104,-31.73495937871796,-11.212084562281122,1.0
2016-04-18,IF,next,IF1606,2016-06-17,3228.453,3145.0,-83.45299999999997,10.878609349707752,-72.57439065029223,-13.675101040321099,0.7894958539353384
2016-04-18,IF,q1,IF1606,2016-06-17,3228.453,3145.0,-83.45299999999997,10.878609349707752,-72.57439065029223,-13.675101040321099,0.7894958539353384
2016-04-18,IF,q2,IF1609,2016-09-16,3228.453,3039.8,-188.6529999999998,37.052336492695176,-151.6006635073046,-11.350697531232077,0.7732867735145804
2016-04-19,IF,current,IF1605,2016-05-20,3238.303,3192.6,-45.702999999999975,5.097597307067684,-40.60540269293229,-14.763778139870896,1.0
2016-04-19,IF,next,IF1606,2016-06-17,3238.303,3148.2,-90.10300000000007,11.089223027156033,-79.01377697284403,-15.09475932253849,0.8189834454091162
2016-04-19,IF,q1,IF1606,2016-06-17,3238.303,3148.2,-90.10300000000007,11.089223027156033,-79.01377697284403,-15.09475932253849,0.8189834454091162
2016-04-19,IF,q2,IF1609,2016-09-16,3238.303,3038.6,-199.70299999999997,37.69057072394651,-162.01242927605347,-12.173976449138026,0.7931268354639257
2016-04-20,IF,current,IF1605,2016-05-20,3181.026,3114.8,-66.22599999999966,5.007434317082831,-61.218565682916825,-23.41464302635339,1.0
2016-04-20,IF,next,IF1606,2016-06-17,3181.026,3070.6,-110.42599999999993,10.91006176005093,-99.51593823994901,-19.68748743632497,0.8227833896520945
2016-04-20,IF,q1,IF1606,2016-06-17,3181.026,3070.6,-110.42599999999993,10.91006176005093,-99.51593823994901,-19.68748743632497,0.8227833896520945
2016-04-20,IF,q2,IF1609,2016-09-16,3181.026,2958.8,-222.22599999999966,37.03513558239661,-185.19086441760305,-14.261294099380278,0.7962089694804639
2016-04-21,IF,current,IF1605,2016-05-20,3160.603,3115.0,-45.603000000000065,4.975285308851594,-40.62771469114847,-16.178837482495226,1.0
2016-04-21,IF,next,IF1606,2016-06-17,3160.603,3071.8,-88.80299999999988,10.840016374906163,-77.96298362509373,-15.795613986606636,0.8227833896520945
2016-04-21,IF,q1,IF1606,2016-06-17,3160.603,3071.8,-88.80299999999988,10.840016374906163,-77.96298362509373,-15.795613986606636,0.8227833896520945
2016-04-21,IF,q2,IF1609,2016-09-16,3160.603,2964.4,-196.20299999999997,36.78566613427958,-159.4173338657204,-12.43932293697102,0.7968241265678354
2016-04-22,IF,current,IF1605,2016-05-20,3174.901,3141.2,-33.70100000000002,4.7944626309089005,-28.906537369091122,-11.868633451335803,1.0
2016-04-22,IF,next,IF1606,2016-06-17,3174.901,3099.0,-75.90099999999984,10.652056129432646,-65.24894387056719,-13.395167120822386,0.8371165558946367
2016-04-22,IF,q1,IF1606,2016-06-17,3174.901,3099.0,-75.90099999999984,10.652056129432646,-65.24894387056719,-13.395167120822386,0.8371165558946367
2016-04-22,IF,q2,IF1609,2016-09-16,3174.901,2990.0,-184.90099999999984,36.79585434253525,-148.1051456574646,-11.58285153299227,0.8131882883084716
2016-04-25,IF,current,IF1605,2016-05-20,3162.033,3127.6,-34.43299999999999,4.545573135036356,-29.887426864963636,-13.799869648054564,1.0
2016-04-25,IF,next,IF1606,2016-06-17,3162.033,3084.8,-77.23299999999972,11.006393635919098,-66.22660636408062,-14.423913124395165,0.864816174649396
2016-04-25,IF,q1,IF1606,2016-06-17,3162.033,3084.8,-77.23299999999972,11.006393635919098,-66.22660636408062,-14.423913124395165,0.864816174649396
2016-04-25,IF,q2,IF1609,2016-09-16,3162.033,2970.8,-191.23299999999972,37.03643024196197,-154.19656975803775,-12.360575362627062,0.8269287344347823
2016-04-26,IF,current,IF1605,2016-05-20,3179.161,3143.0,-36.16100000000006,4.560209682468002,-31.600790317532056,-15.117049836286997,1.0
2016-04-26,IF,next,IF1606,2016-06-17,3179.161,3102.0,-77.16100000000006,11.076040417984931,-66.08495958201513,-14.590817567322082,0.8708405397551088
2016-04-26,IF,q1,IF1606,2016-06-17,3179.161,3102.0,-77.16100000000006,11.076040417984931,-66.08495958201513,-14.590817567322082,0.8708405397551088
2016-04-26,IF,q2,IF1609,2016-09-16,3179.161,2989.8,-189.36099999999988,37.264847282144004,-152.0961527178559,-12.211317789233714,0.844054586005262
2016-04-27,IF,current,IF1605,2016-05-20,3165.916,3125.8,-40.115999999999985,4.252030803068073,-35.86396919693191,-17.97728044980422,1.0
2016-04-27,IF,next,IF1606,2016-06-17,3165.916,3086.8,-79.11599999999999,10.740715326709632,-68.37528467329035,-15.456901811789848,0.8673630847932663
2016-04-27,IF,q1,IF1606,2016-06-17,3165.916,3086.8,-79.11599999999999,10.740715326709632,-68.37528467329035,-15.456901811789848,0.8673630847932663
2016-04-27,IF,q2,IF1609,2016-09-16,3165.916,2972.0,-193.91600000000017,36.85787797716921,-157.05812202283096,-12.751625001593403,0.8503612021032108
2016-04-28,IF,current,IF1605,2016-05-20,3160.581,3121.2,-39.38100000000031,4.059117120296237,-35.32188287970408,-18.541595604634356,1.0
2016-04-28,IF,next,IF1606,2016-06-17,3160.581,3082.4,-78.18100000000004,10.825322272608714,-67.35567772739132,-15.557153808428154,0.9991588217788471
2016-04-28,IF,q1,IF1606,2016-06-17,3160.581,3082.4,-78.18100000000004,10.825322272608714,-67.35567772739132,-15.557153808428154,0.9991588217788471
2016-04-28,IF,q2,IF1609,2016-09-16,3160.581,2970.4,-190.18100000000004,37.118459225855915,-153.0625407741441,-12.536483833746557,0.9046502612116329
2016-04-29,IF,current,IF1605,2016-05-20,3156.745,3128.0,-28.74499999999989,4.054190566199551,-24.69080943380034,-13.594692729886434,1.0
2016-04-29,IF,next,IF1606,2016-06-17,3156.745,3089.8,-66.94499999999971,10.82125525118556,-56.12374474881415,-13.243535009998295,1.0
2016-04-29,IF,q1,IF1606,2016-06-17,3156.745,3089.8,-66.94499999999971,10.82125525118556,-56.12374474881415,-13.243535009998295,1.0
2016-04-29,IF,q2,IF1609,2016-09-16,3156.745,2978.0,-178.7449999999999,37.021968526224335,-141.72303147377556,-11.704847531222393,0.9771115520320154
2016-05-03,IF,current,IF1605,2016-05-20,3213.54,3200.0,-13.539999999999964,4.032928586340435,-9.507071413659528,-6.351948805560823,1.0
2016-05-03,IF,next,IF1606,2016-06-17,3213.54,3155.0,-58.539999999999964,10.921743820953917,-47.61825617904604,-12.019049608394347,1.0
2016-05-03,IF,q1,IF1606,2016-06-17,3213.54,3155.0,-58.539999999999964,10.921743820953917,-47.61825617904604,-12.019049608394347,1.0
2016-05-03,IF,q2,IF1609,2016-09-16,3213.54,3041.0,-172.53999999999996,37.579760864107776,-134.96023913589218,-11.271353875412968,0.9775071720737695
2016-05-04,IF,current,IF1605,2016-05-20,3209.461,3188.2,-21.260999999999967,4.0278095227209745,-17.233190477278992,-12.24916450964592,1.0
2016-05-04,IF,next,IF1606,2016-06-17,3209.461,3143.8,-65.6609999999996,10.907880669088476,-54.753119330911126,-14.15197170588525,1.0
2016-05-04,IF,q1,IF1606,2016-06-17,3209.461,3143.8,-65.6609999999996,10.907880669088476,-54.753119330911126,-14.15197170588525,1.0
2016-05-04,IF,q2,IF1609,2016-09-16,3209.461,3030.4,-179.0609999999997,37.532060245922004,-141.5289397540777,-11.922634940706812,0.9775071720737695
2016-05-05,IF,current,IF1605,2016-05-20,3213.92,3192.6,-21.320000000000164,4.0334054787590174,-17.286594521241145,-13.088081429641516,1.0
2016-05-05,IF,next,IF1606,2016-06-17,3213.92,3146.8,-67.11999999999989,10.923035313405222,-56.19696468659467,-14.842334182503098,1.0
2016-05-05,IF,q1,IF1606,2016-06-17,3213.92,3146.8,-67.11999999999989,10.923035313405222,-56.19696468659467,-14.842334182503098,1.0
2016-05-05,IF,q2,IF1609,2016-09-16,3213.92,3027.0,-186.92000000000007,37.584204657907875,-149.33579534209218,-12.65659616207363,0.9775071720737695
2016-05-06,IF,current,IF1605,2016-05-20,3130.354,3088.4,-41.95399999999972,1.3584602754430875,-40.59553972455664,-33.81035225560334,1.0
2016-05-06,IF,next,IF1606,2016-06-17,3130.354,3044.0,-86.35399999999981,8.06895098815656,-78.28504901184326,-21.73346383532615,1.0
2016-05-06,IF,q1,IF1606,2016-06-17,3130.354,3044.0,-86.35399999999981,8.06895098815656,-78.28504901184326,-21.73346383532615,1.0
2016-05-06,IF,q2,IF1609,2016-09-16,3130.354,2937.6,-192.7539999999999,34.03689608394029,-158.7171039160596,-13.914624815802924,0.9758087746412563
2016-05-09,IF,current,IF1605,2016-05-20,3065.615,3022.0,-43.61499999999978,1.3189102141843876,-42.2960897858154,-45.78073766845424,1.0
2016-05-09,IF,next,IF1606,2016-06-17,3065.615,2985.0,-80.61499999999978,7.890620949217905,-72.72437905078188,-22.201926817574925,1.0
2016-05-09,IF,q1,IF1606,2016-06-17,3065.615,2985.0,-80.61499999999978,7.890620949217905,-72.72437905078188,-22.201926817574925,1.0
2016-05-09,IF,q2,IF1609,2016-09-16,3065.615,2875.0,-190.61499999999978,33.32152173705565,-157.29347826294412,-14.405973645387157,0.9758004578863729
2016-05-10,IF,current,IF1605,2016-05-20,3069.112,3035.2,-33.91200000000026,1.3204147178546146,-32.591585282145644,-38.76016459478559,1.0
2016-05-10,IF,next,IF1606,2016-06-17,3069.112,2992.6,-76.51200000000017,7.899621916873471,-68.6123780831267,-21.473310435637448,1.0
2016-05-10,IF,q1,IF1606,2016-06-17,3069.112,2992.6,-76.51200000000017,7.899621916873471,-68.6123780831267,-21.473310435637448,1.0
2016-05-10,IF,q2,IF1609,2016-09-16,3069.112,2882.4,-186.712,33.35953217264997,-153.35246782735,-14.137778922176016,0.9758004578863729
2016-05-11,IF,current,IF1605,2016-05-20,3082.809,3052.4,-30.409000000000106,1.3263075364909025,-29.082692463509204,-38.25941697682161,1.0
2016-05-11,IF,next,IF1606,2016-06-17,3082.809,3006.0,-76.8090000000002,7.934876779320791,-68.87412322067941,-22.039442542760632,1.0
2016-05-11,IF,q1,IF1606,2016-06-17,3082.809,3006.0,-76.8090000000002,7.934876779320791,-68.87412322067941,-22.039442542760632,1.0
2016-05-11,IF,q2,IF1609,2016-09-16,3082.809,2896.0,-186.8090000000002,33.50841090766153,-153.30058909233867,-14.180126342034876,0.9758004578863729
2016-05-12,IF,current,IF1605,2016-05-20,3090.137,3066.6,-23.537000000000262,1.294953286613258,-22.242046713387005,-32.839753748726416,1.0
2016-05-12,IF,next,IF1606,2016-06-17,3090.137,3029.8,-60.33699999999999,7.919231447968899,-52.41776855203109,-17.19852327429293,1.0
2016-05-12,IF,q1,IF1606,2016-06-17,3090.137,3029.8,-60.33699999999999,7.919231447968899,-52.41776855203109,-17.19852327429293,1.0
2016-05-12,IF,q2,IF1609,2016-09-16,3090.137,2923.0,-167.13700000000017,33.55355521916214,-133.58344478083802,-12.42407453056043,0.9757755707333601
2016-05-13,IF,current,IF1605,2016-05-20,3074.935,3068.0,-6.934999999999945,1.2739625682441702,-5.6610374317557755,-9.599639214630823,1.0
2016-05-13,IF,next,IF1606,2016-06-17,3074.935,3027.6,-47.335000000000036,7.865652440922341,-39.4693475590777,-13.38593857297644,1.0
2016-05-13,IF,q1,IF1606,2016-06-17,3074.935,3027.6,-47.335000000000036,7.865652440922341,-39.4693475590777,-13.38593857297644,1.0
2016-05-13,IF,q2,IF1609,2016-09-16,3074.935,2922.0,-152.93499999999995,33.373867567104156,-119.56113243289579,-11.263578739219437,0.9757649586826516
2016-05-16,IF,current,IF1605,2016-05-20,3095.309,3082.4,-12.909000000000106,1.1195027076593482,-11.789497292340757,-34.7555487328113,1.0
2016-05-16,IF,next,IF1606,2016-06-17,3095.309,3041.8,-53.509000000000015,7.754868004197194,-45.75413199580282,-16.860451349998527,1.0
2016-05-16,IF,q1,IF1606,2016-06-17,3095.309,3041.8,-53.509000000000015,7.754868004197194,-45.75413199580282,-16.860451349998527,1.0
2016-05-16,IF,q2,IF1609,2016-09-16,3095.309,2935.6,-159.7090000000003,33.43209625585347,-126.27690374414681,-12.106195060235375,0.9756468712456339
2016-05-17,IF,current,IF1605,2016-05-20,3086.025,3081.4,-4.625,0.9230427239449671,-3.7019572760550328,-14.59498228044261,1.0
2016-05-17,IF,next,IF1606,2016-06-17,3086.025,3038.2,-47.82500000000027,7.538506055472837,-40.286493944527436,-15.370613559151035,1.0
2016-05-17,IF,q1,IF1606,2016-06-17,3086.025,3038.2,-47.82500000000027,7.538506055472837,-40.286493944527436,-15.370613559151035,1.0
2016-05-17,IF,q2,IF1609,2016-09-16,3086.025,2930.2,-155.82500000000027,33.1387186078602,-122.68628139214007,-11.894045541403832,0.9755049634631893
2016-05-18,IF,current,IF1605,2016-05-20,3068.036,3058.6,-9.43600000000015,0.23341687819493329,-9.202583121805215,-54.740929367499334,1.0
2016-05-18,IF,next,IF1606,2016-06-17,3068.036,3019.0,-49.03600000000006,6.810317472910608,-42.22568252708945,-16.745103515069193,1.0
2016-05-18,IF,q1,IF1606,2016-06-17,3068.036,3019.0,-49.03600000000006,6.810317472910608,-42.22568252708945,-16.745103515069193,1.0
2016-05-18,IF,q2,IF1609,2016-09-16,3068.036,2914.0,-154.03600000000006,32.26130173855211,-121.77469826144795,-11.973030945995585,0.9749854366061553
2016-05-19,IF,current,IF1605,2016-05-20,3062.5,3056.2,-6.300000000000182,0.01545015864312375,-6.284549841357058,-74.9015736194392,1.0
2016-05-19,IF,next,IF1606,2016-06-17,3062.5,3014.2,-48.30000000000018,6.58048331709262,-41.71951668290756,-17.14581121943562,1.0
2016-05-19,IF,q1,IF1606,2016-06-17,3062.5,3014.2,-48.30000000000018,6.58048331709262,-41.71951668290756,-17.14581121943562,1.0
2016-05-19,IF,q2,IF1609,2016-09-16,3062.5,2911.0,-151.5,31.98554352940013,-119.51445647059987,-11.870143295719442,0.9748153032869695
2016-05-20,IF,current,IF1605,2016-05-20,3078.218,3066.0,-12.217999999999847,0.0,-12.217999999999847,,
2016-05-20,IF,next,IF1606,2016-06-17,3078.218,3034.2,-44.01800000000003,6.598727588224028,-37.419272411776,-15.846406717757574,1.0
2016-05-20,IF,q1,IF1606,2016-06-17,3078.218,3034.2,-44.01800000000003,6.598727588224028,-37.419272411776,-15.846406717757574,1.0
2016-05-20,IF,q2,IF1609,2016-09-16,3078.218,2931.8,-146.41799999999967,32.13417693895344,-114.28382306104623,-11.387576034942175,0.9748031323009457
2016-05-23,IF,current,IF1606,2016-06-17,3087.223,3043.0,-44.222999999999956,6.192855103105559,-38.0301448968944,-17.985099084020113,1.0
2016-05-23,IF,next,IF1607,2016-07-15,3087.223,3007.4,-79.82299999999987,24.893363418301934,-54.929636581697935,-12.253374850068894,1.0
2016-05-23,IF,q1,IF1609,2016-09-16,3087.223,2940.8,-146.42299999999977,31.803005700271484,-114.61999429972829,-11.682270463924693,0.9744662738087538
2016-05-23,IF,q2,IF1612,2016-12-16,3087.223,2876.8,-210.42299999999977,32.917648900440355,-177.50535109955942,-10.138319366665623,0.9414693180061084
2016-05-24,IF,current,IF1606,2016-06-17,3063.556,3028.6,-34.95600000000013,6.081770171006719,-28.874229828993414,-14.333960664750645,1.0
2016-05-24,IF,next,IF1607,2016-07-15,3063.556,2991.6,-71.95600000000013,24.638918278568024,-47.3170817214321,-10.841307158389892,1.0
2016-05-24,IF,q1,IF1609,2016-09-16,3063.556,2923.0,-140.55600000000004,31.495590462851926,-109.06040953714812,-11.298904160950064,0.9744147048322261
2016-05-24,IF,q2,IF1612,2016-12-16,3063.556,2859.6,-203.95600000000013,32.60168868242873,-171.3543113175714,-9.910483813884555,0.9413551176236261
2016-05-25,IF,current,IF1606,2016-06-17,3059.226,3021.6,-37.626000000000204,6.067795397801968,-31.558204602198238,-16.37064362287596,1.0
2016-05-25,IF,next,IF1607,2016-07-15,3059.226,2985.0,-74.22600000000011,24.59871501425499,-49.62728498574512,-11.60998458612873,1.0
2016-05-25,IF,q1,IF1609,2016-09-16,3059.226,2916.8,-142.42599999999993,31.445696045330674,-110.98030395466925,-11.615084173009164,0.9744103284084239
2016-05-25,IF,q2,IF1612,2016-12-16,3059.226,2856.2,-203.0260000000003,32.550230916533636,-170.47576908346667,-9.921791586509746,0.9413454266770892
2016-05-26,IF,current,IF1606,2016-06-17,3064.211,3026.0,-38.210999999999785,6.0278147548577765,-32.183185245142006,-17.42531113745228,1.0
2016-05-26,IF,next,IF1607,2016-07-15,3064.211,2987.0,-77.21099999999979,24.58893045172068,-52.6220695482791,-12.536379110395382,1.0
2016-05-26,IF,q1,IF1609,2016-09-16,3064.211,2920.6,-143.61099999999988,31.447068618764717,-112.16393138123516,-11.823579524158626,0.9743697488469334
2016-05-26,IF,q2,IF1612,2016-12-16,3064.211,2859.6,-204.61099999999988,32.553403326374976,-172.05759667362491,-10.046571561525711,0.9412555745657618
2016-05-27,IF,current,IF1606,2016-06-17,3062.499,3033.6,-28.898999999999887,5.904039661337323,-22.994960338662565,-13.050593996869312,1.0
2016-05-27,IF,next,IF1607,2016-07-15,3062.499,2990.6,-71.89899999999989,24.454785109521854,-47.44421489047804,-11.539954412063071,1.0
2016-05-27,IF,q1,IF1609,2016-09-16,3062.499,2931.2,-131.29899999999998,31.309091578114966,-99.98990842188502,-10.64032900616808,0.9742711810100247
2016-05-27,IF,q2,IF1612,2016-12-16,3062.499,2866.4,-196.0989999999997,32.414808167384344,-163.68419183261537,-9.610093419506464,0.9410373638691972
2016-05-30,IF,current,IF1606,2016-06-17,3066.71,3036.6,-30.110000000000127,5.793365968304033,-24.316634031696093,-16.078706535612493,1.0
2016-05-30,IF,next,IF1607,2016-07-15,3066.71,2998.0,-68.71000000000004,24.369619078395495,-44.34038092160454,-11.472597128508669,1.0
2016-05-30,IF,q1,IF1609,2016-09-16,3066.71,2941.6,-125.11000000000013,31.233350361344222,-93.8766496386559,-10.25064607476859,0.974173324888168
2016-05-30,IF,q2,IF1612,2016-12-16,3066.71,2883.6,-183.11000000000013,32.340587333985944,-150.76941266601418,-8.972292069203672,0.9408207851850942
2016-05-31,IF,current,IF1606,2016-06-17,3169.56,3158.8,-10.759999999999764,5.671899486769814,-5.08810051322995,-3.4466774889684664,1.0
2016-05-31,IF,next,IF1607,2016-07-15,3169.56,3122.0,-47.559999999999945,24.87115497803618,-22.688845021963765,-5.806223670033959,1.0
2016-05-31,IF,q1,IF1609,2016-09-16,3169.56,3080.0,-89.55999999999995,31.965079126450267,-57.59492087354968,-6.141215219160468,0.9739182002296962
2016-05-31,IF,q2,IF1612,2016-12-16,3169.56,3040.0,-129.55999999999995,33.109450136101096,-96.45054986389886,-5.581430464758814,0.9402563982507214
2016-06-01,IF,current,IF1606,2016-06-17,3160.547,3131.8,-28.746999999999844,5.545123854412953,-23.20187614558689,-16.746873233373872,1.0
2016-06-01,IF,next,IF1607,2016-07-15,3160.547,3099.2,-61.34700000000021,24.689784105411647,-36.65721589458856,-9.621380989318409,1.0
2016-06-01,IF,q1,IF1609,2016-09-16,3160.547,3064.2,-96.34700000000021,31.763535883417976,-64.58346411658223,-6.970568022830484,0.9738273453709716
2016-06-01,IF,q2,IF1612,2016-12-16,3160.547,3025.8,-134.74699999999984,32.90465274551836,-101.84234725448148,-5.940100892183456,0.9400555012135029
2016-06-02,IF,current,IF1606,2016-06-17,3167.1,3135.4,-31.699999999999818,4.975931390746187,-26.72406860925363,-20.532527217070456,1.0
2016-06-02,IF,next,IF1607,2016-07-15,3167.1,3102.6,-64.5,24.160285706925624,-40.33971429307438,-10.811736448039657,1.0
2016-06-02,IF,q1,IF1609,2016-09-16,3167.1,3054.8,-112.29999999999973,31.248704026958144,-81.05129597304159,-8.812217066073833,0.9733409831852885
2016-06-02,IF,q2,IF1612,2016-12-16,3167.1,3007.8,-159.29999999999973,32.39218685254439,-126.90781314745533,-7.424260853027999,0.9389808857093694
2016-06-03,IF,current,IF1606,2016-06-17,3189.326,3177.4,-11.92599999999993,4.932348218422005,-6.993651781577926,-5.7170227464001195,1.0
2016-06-03,IF,next,IF1607,2016-07-15,3189.326,3140.4,-48.92599999999993,24.251334045772992,-24.67466595422694,-6.723508257956781,1.0
2016-06-03,IF,q1,IF1609,2016-09-16,3189.326,3099.0,-90.32600000000002,31.389497301418864,-58.93650269858116,-6.423755658116546,0.9732743106709169
2016-06-03,IF,q2,IF1612,2016-12-16,3189.326,3051.0,-138.32600000000002,32.54100483392358,-105.78499516607644,-6.176777398380183,0.9388336808977839
2016-06-06,IF,current,IF1606,2016-06-17,3178.788,3157.4,-21.38799999999992,3.4162002467923736,-17.971799753207545,-18.759885585669053,1.0
2016-06-06,IF,next,IF1607,2016-07-15,3178.788,3123.8,-54.98799999999983,22.67135331679945,-32.316646683200375,-9.514653625095667,1.0
2016-06-06,IF,q1,IF1609,2016-09-16,3178.788,3081.6,-97.1880000000001,29.7859310360693,-67.4020689639308,-7.587598737482416,0.9719285563381544
2016-06-06,IF,q2,IF1612,2016-12-16,3178.788,3032.8,-145.98799999999983,30.933633819113613,-115.05436618088622,-6.845057408758064,0.9358679656053485
2016-06-07,IF,current,IF1606,2016-06-17,3177.054,3160.0,-17.054000000000087,3.1518275614196716,-13.902172438580415,-15.971692454965671,1.0
2016-06-07,IF,next,IF1607,2016-07-15,3177.054,3122.0,-55.05400000000009,22.396477120206935,-32.65752287979315,-9.87342680814936,1.0
2016-06-07,IF,q1,IF1609,2016-09-16,3177.054,3074.2,-102.85400000000027,29.507173901910264,-73.34682609809,-8.343114804838427,0.9716788200652859
2016-06-07,IF,q2,IF1612,2016-12-16,3177.054,3025.8,-151.2539999999999,30.654250623504176,-120.59974937649574,-7.21628113825814,0.9353187677824186
2016-06-08,IF,current,IF1606,2016-06-17,3163.986,3148.0,-15.985999999999876,1.6234864257832886,-14.362513574216587,-18.409680610993906,1.0
2016-06-08,IF,next,IF1607,2016-07-15,3163.986,3107.8,-56.185999999999694,20.788978034962444,-35.397021965037254,-11.03629530294211,1.0
2016-06-08,IF,q1,IF1609,2016-09-16,3163.986,3057.8,-106.1859999999997,27.87042678199488,-78.31557321800481,-9.034548264300714,0.9701389347188206
2016-06-08,IF,q2,IF1612,2016-12-16,3163.986,3002.2,-161.78600000000006,29.01278529653352,-132.77321470346655,-8.019280684257252,0.931940379804691
2016-06-13,IF,current,IF1606,2016-06-17,3066.341,3028.8,-37.54099999999971,1.4677823517213613,-36.07321764827835,-107.34882749196517,1.0
2016-06-13,IF,next,IF1607,2016-07-15,3066.341,2996.8,-69.54099999999971,20.041800285549776,-49.49919971444994,-18.41283297398902,1.0
2016-06-13,IF,q1,IF1609,2016-09-16,3066.341,2936.6,-129.74099999999999,26.904705694241272,-102.83629430575871,-12.885320569232508,0.9700217299715608
2016-06-13,IF,q2,IF1612,2016-12-16,3066.341,2899.0,-167.3409999999999,28.011809439273303,-139.3291905607266,-8.916647216786519,0.9316838035215718
2016-06-14,IF,current,IF1606,2016-06-17,3075.983,3050.4,-25.583000000000084,1.3958577063846875,-24.187142293615395,-95.66922115813189,1.0
2016-06-14,IF,next,IF1607,2016-07-15,3075.983,3009.6,-66.38300000000027,20.028280977687952,-46.35471902231231,-17.743577700195555,1.0
2016-06-14,IF,q1,IF1609,2016-09-16,3075.983,2948.0,-127.98300000000017,26.91276654786527,-101.0702334521349,-12.758638980259018,0.9699364716306101
2016-06-14,IF,q2,IF1612,2016-12-16,3075.983,2897.0,-178.98300000000017,28.02335154116995,-150.95964845883023,-9.682735776458228,0.9314972118486634
2016-06-15,IF,current,IF1606,2016-06-17,3116.368,3100.0,-16.367999999999938,1.3354877812923749,-15.032512218707563,-88.0330397409462,1.0
2016-06-15,IF,next,IF1607,2016-07-15,3116.368,3053.6,-62.76800000000003,20.21253867693933,-42.5554613230607,-16.61415188334321,1.0
2016-06-15,IF,q1,IF1609,2016-09-16,3116.368,2996.4,-119.96799999999985,27.18741159638081,-92.78058840361903,-11.68471979130246,0.9698494501289276
2016-06-15,IF,q2,IF1612,2016-12-16,3116.368,2940.0,-176.36799999999994,28.3125776114124,-148.05542238858754,-9.424332995108834,0.9313068046672767
2016-06-16,IF,current,IF1606,2016-06-17,3094.675,3088.0,-6.675000000000182,0.4702170691501985,-6.204782930849984,-73.18202298335832,1.0
2016-06-16,IF,next,IF1607,2016-07-15,3094.675,3028.8,-65.875,19.21586504156111,-46.65913495843889,-18.976516959003487,1.0
2016-06-16,IF,q1,IF1609,2016-09-16,3094.675,2972.0,-122.67500000000018,26.142185954871923,-96.53281404512826,-12.375562765940446,0.968862229748249
2016-06-16,IF,q2,IF1612,2016-12-16,3094.675,2915.6,-179.07500000000027,27.259519702865706,-151.81548029713457,-9.784593464766418,0.9291497741270877
2016-06-17,IF,current,IF1606,2016-06-17,3110.357,3113.4,3.04300000000012,0.0,3.04300000000012,,
2016-06-17,IF,next,IF1607,2016-07-15,3110.357,3036.4,-73.95699999999988,18.840639934895936,-55.11636006510395,-23.09963525978683,1.0
2016-06-17,IF,q1,IF1609,2016-09-16,3110.357,2975.4,-134.95699999999988,25.802059385068464,-109.15494061493142,-14.076174127331619,0.9682918990839814
2016-06-17,IF,q2,IF1612,2016-12-16,3110.357,2915.8,-194.5569999999998,26.92505512594875,-167.63194487405104,-10.808564559961034,0.9279061812641416
2016-06-20,IF,current,IF1607,2016-07-15,3112.674,3049.2,-63.47400000000016,18.79022511768819,-44.683774882311965,-20.95892834526695,1.0
2016-06-20,IF,next,IF1608,2016-08-19,3112.674,3010.2,-102.47400000000016,24.371910095492858,-78.1020899045073,-15.264079917109408,1.0
2016-06-20,IF,q1,IF1609,2016-09-16,3112.674,2974.6,-138.07400000000007,25.75683034199084,-112.31716965800922,-14.966584608155593,0.9682125577875467
2016-06-20,IF,q2,IF1612,2016-12-16,3112.674,2916.0,-196.67399999999998,26.880662636723827,-169.79333736327615,-11.123125571139155,0.9277333272227049
2016-06-21,IF,current,IF1607,2016-07-15,3106.318,3037.8,-68.51800000000003,18.66286007779416,-49.855139922205865,-24.40875616459361,1.0
2016-06-21,IF,next,IF1608,2016-08-19,3106.318,2997.8,-108.51800000000003,24.233147398883432,-84.2848526011166,-16.785893803143292,1.0
2016-06-21,IF,q1,IF1609,2016-09-16,3106.318,2967.4,-138.91800000000012,25.61523967396946,-113.30276032603066,-15.302704395942229,0.968102117612576
2016-06-21,IF,q2,IF1612,2016-12-16,3106.318,2905.6,-200.7180000000003,26.736777132151836,-173.98122286784846,-11.484955794581477,0.9274927807848204
2016-06-22,IF,current,IF1607,2016-07-15,3133.961,3076.0,-57.960999999999785,18.523535448685536,-39.43746455131425,-19.970108616719838,1.0
2016-06-22,IF,next,IF1608,2016-08-19,3133.961,3036.2,-97.76099999999997,24.143392534498464,-73.61760746550151,-14.78267340898519,1.0
2016-06-22,IF,q1,IF1609,2016-09-16,3133.961,3004.0,-129.96099999999979,25.53778399362174,-104.42321600637804,-14.141578542494287,0.9677206529381585
2016-06-22,IF,q2,IF1612,2016-12-16,3133.961,2942.0,-191.96099999999979,26.669301968916834,-165.29169803108294,-10.876196655814383,0.9266624611962055
2016-06-23,IF,current,IF1607,2016-07-15,3117.317,3061.6,-55.7170000000001,17.593470748309706,-38.12352925169039,-20.29001247032011,1.0
2016-06-23,IF,next,IF1608,2016-08-19,3117.317,3021.4,-95.91699999999992,23.183481610338657,-72.73351838966126,-14.940723802600603,1.0
2016-06-23,IF,q1,IF1609,2016-09-16,3117.317,2990.6,-126.7170000000001,24.570467664147166,-102.14653233585292,-14.070728998342188,0.9666280251113721
2016-06-23,IF,q2,IF1612,2016-12-16,3117.317,2929.6,-187.7170000000001,25.69597631603945,-162.02102368396066,-10.778804636954712,0.9242887813308078
2016-06-24,IF,current,IF1607,2016-07-15,3077.155,3013.2,-63.95500000000038,16.211765661845067,-47.74323433815532,-26.967211029152843,1.0
2016-06-24,IF,next,IF1608,2016-08-19,3077.155,2983.0,-94.1550000000002,21.72975753567333,-72.42524246432687,-15.340708671460272,1.0
2016-06-24,IF,q1,IF1609,2016-09-16,3077.155,2956.4,-120.75500000000011,23.0988743339993,-97.6561256660008,-13.789981898125554,0.9649592882098609
2016-06-24,IF,q2,IF1612,2016-12-16,3077.155,2891.2,-185.95500000000038,24.209882478411178,-161.7451175215892,-10.963181973586467,0.920676643336097
2016-06-27,IF,current,IF1607,2016-07-15,3120.544,3078.0,-42.54399999999987,16.31858368667276,-26.22541631332711,-17.041681326440365,1.0
2016-06-27,IF,next,IF1608,2016-08-19,3120.544,3044.2,-76.34400000000005,21.914381244456994,-54.42961875554306,-12.012184018430712,1.0
2016-06-27,IF,q1,IF1609,2016-09-16,3120.544,3016.0,-104.54399999999987,23.302803085513204,-81.24119691448666,-11.731508191681723,0.9647761755343298
2016-06-27,IF,q2,IF1612,2016-12-16,3120.544,2951.0,-169.54399999999987,24.429476847151996,-145.11452315284788,-9.868360040933657,0.9202812397798841
2016-06-28,IF,current,IF1607,2016-07-15,3136.401,3094.0,-42.40099999999984,16.084304007930054,-26.316695992069786,-18.015392271560472,1.0
2016-06-28,IF,next,IF1608,2016-08-19,3136.401,3055.6,-80.80099999999993,21.708536531500307,-59.09246346849962,-13.22482800533917,1.0
2016-06-28,IF,q1,IF1609,2016-09-16,3136.401,3032.8,-103.60099999999966,23.104013618415458,-80.49698638158421,-11.709838772720007,0.9642925764777814
2016-06-28,IF,q2,IF1612,2016-12-16,3136.401,2965.0,-171.40099999999984,24.236412556766478,-147.16458744323336,-10.015404350508524,0.9192378932689683
2016-06-29,IF,current,IF1607,2016-07-15,3151.39,3111.0,-40.38999999999987,16.16117161279782,-24.228828387202054,-17.538931950125082,1.0
2016-06-29,IF,next,IF1608,2016-08-19,3151.39,3074.0,-77.38999999999987,21.812282593968295,-55.57771740603158,-12.621798481330911,1.0
2016-06-29,IF,q1,IF1609,2016-09-16,3151.39,3044.6,-106.78999999999996,23.214428728003302,-83.57557127199667,-12.253015261490916,0.9642925764777814
2016-06-29,IF,q2,IF1612,2016-12-16,3151.39,2979.8,-171.5899999999997,24.352239451290927,-147.23776054870876,-10.031387195580868,0.9192378932689683
2016-06-30,IF,current,IF1607,2016-07-15,3153.921,3111.2,-42.721000000000004,15.231831726294853,-27.48916827370515,-21.20861919687141,1.0
2016-06-30,IF,next,IF1608,2016-08-19,3153.921,3073.0,-80.92099999999982,20.88748132753246,-60.033518672467366,-13.895233466818347,1.0
2016-06-30,IF,q1,IF1609,2016-09-16,3153.921,3043.4,-110.52099999999973,22.29075357793683,-88.2302464220629,-13.09076248184523,0.962783080510834
2016-06-30,IF,q2,IF1612,2016-12-16,3153.921,2978.2,-175.721,23.429478119869763,-152.29152188013023,-10.428721643010677,0.9159896898631054
2015-01-05,IH,q2,IH1506,2015-06-19,2649.639,,,19.717141825418903,,,0.0
2015-01-06,IH,q2,IH1506,2015-06-19,2629.402,,,19.56654931107223,,,0.0
2015-01-07,IH,q2,IH1506,2015-06-19,2635.231,,,19.609925491638855,,,0.0
2015-01-08,IH,q2,IH1506,2015-06-19,2558.107,,,19.03601151839812,,,0.0
2015-01-09,IH,q2,IH1506,2015-06-19,2569.019,,,19.11721256186063,,,0.0
2015-01-12,IH,q2,IH1506,2015-06-19,2543.852,,,18.92993372564169,,,0.0
2015-01-13,IH,q2,IH1506,2015-06-19,2527.828,,,18.810692017389922,,,0.0
2015-01-14,IH,q2,IH1506,2015-06-19,2534.23,,,18.858332145711678,,,0.0
2015-01-15,IH,q2,IH1506,2015-06-19,2632.89,,,19.592505069832974,,,0.0
2015-01-16,IH,q2,IH1506,2015-06-19,2653.034,,,19.742405529831956,,,0.0
2015-01-19,IH,q2,IH1506,2015-06-19,2410.201,,,17.935377213562475,,,0.0
2015-01-20,IH,q2,IH1506,2015-06-19,2403.724,,,17.887178976895807,,,0.0
2015-01-21,IH,q2,IH1506,2015-06-19,2542.318,,,18.918518549627077,,,0.0
2015-01-22,IH,q2,IH1506,2015-06-19,2544.308,,,18.933327024378762,,,0.0
2015-01-23,IH,q2,IH1506,2015-06-19,2564.514,,,19.08368885394287,,,0.0
2015-01-26,IH,q2,IH1506,2015-06-19,2562.363,,,19.06768230661077,,,0.0
2015-01-27,IH,q2,IH1506,2015-06-19,2522.103,,,18.768089747061577,,,0.0
2015-01-28,IH,q2,IH1506,2015-06-19,2486.285,,,18.501552084420418,,,0.0
2015-01-29,IH,q2,IH1506,2015-06-19,2442.038,,,18.17229048525566,,,0.0
2015-01-30,IH,q2,IH1506,2015-06-19,2405.38,,,17.89950200915148,,,0.0
2015-02-02,IH,q2,IH1506,2015-06-19,2332.533,,,17.357415094459974,,,0.0
2015-02-03,IH,q2,IH1506,2015-06-19,2405.76,,,17.90232975809904,,,0.0
2015-02-04,IH,q2,IH1506,2015-06-19,2372.455,,,17.654492445734757,,,0.0
2015-02-05,IH,q2,IH1506,2015-06-19,2348.921,,,17.479365488545717,,,0.0
2015-02-06,IH,q2,IH1506,2015-06-19,2325.241,,,17.30315208044525,,,0.0
2015-02-09,IH,q2,IH1506,2015-06-19,2366.766,,,17.612158067411972,,,0.0
2015-02-10,IH,q2,IH1506,2015-06-19,2403.548,,,17.885869282646407,,,0.0
2015-02-11,IH,q2,IH1506,2015-06-19,2415.128,,,17.972041211100947,,,0.0
2015-02-12,IH,q2,IH1506,2015-06-19,2416.449,,,17.98187135941601,,,0.0
2015-02-13,IH,q2,IH1506,2015-06-19,2427.474,,,18.063913286118193,,,0.0
2015-02-16,IH,q2,IH1506,2015-06-19,2431.21,,,18.09171452313945,,,0.0
2015-02-17,IH,q2,IH1506,2015-06-19,2445.26,,,18.18005858903651,,,0.0027015081859776227
2015-02-25,IH,q1,IH1506,2015-06-19,2407.457,,,17.899000233343717,,,0.0027015081859776227
2015-02-25,IH,q2,IH1509,2015-09-18,2407.457,,,56.154306951141486,,,0.0008610968290155435
2015-02-26,IH,q1,IH1506,2015-06-19,2478.061,,,18.423927994244536,,,0.0027015081859776227
2015-02-26,IH,q2,IH1509,2015-09-18,2478.061,,,57.80115617336162,,,0.0008610968290155435
2015-02-27,IH,q1,IH1506,2015-06-19,2474.595,,,18.398158921397638,,,0.0027015081859776227
2015-02-27,IH,q2,IH1509,2015-09-18,2474.595,,,57.72031118718215,,,0.0008610968290155435
2015-03-02,IH,q1,IH1506,2015-06-19,2479.237,,,18.432671338061027,,,0.0027015081859776227
2015-03-02,IH,q2,IH1509,2015-09-18,2479.237,,,57.82858655528518,,,0.0008610968290155435
2015-03-03,IH,q1,IH1506,2015-06-19,2396.805,,,17.819804571495727,,,0.0027015081859776227
2015-03-03,IH,q2,IH1509,2015-09-18,2396.805,,,55.90584740331008,,,0.0008610968290155435
2015-03-04,IH,q1,IH1506,2015-06-19,2397.993,,,17.828637133106263,,,0.0027015081859776227
2015-03-04,IH,q2,IH1509,2015-09-18,2397.993,,,55.8055140554416,,,0.0038605935557055643
2015-03-05,IH,q1,IH1506,2015-06-19,2366.899,,,17.597458959101246,,,0.0027015081859776227
2015-03-05,IH,q2,IH1509,2015-09-18,2366.899,,,55.08190199567333,,,0.0038605935557055643
2015-03-06,IH,q1,IH1506,2015-06-19,2371.623,,,17.632581030690613,,,0.0027015081859776227
2015-03-06,IH,q2,IH1509,2015-09-18,2371.623,,,55.19183778297459,,,0.0038605935557055643
2015-03-09,IH,q1,IH1506,2015-06-19,2429.867,,,17.965701539375996,,,0.029519322922849034
2015-03-09,IH,q2,IH1509,2015-09-18,2429.867,,,56.44736516251593,,,0.01239804542298578
2015-03-10,IH,q1,IH1506,2015-06-19,2395.428,,,15.912962317963036,,,0.07996876370392227
2015-03-10,IH,q2,IH1509,2015-09-18,2395.428,,,53.84921748314321,,,0.026734635363215388
2015-03-11,IH,q1,IH1506,2015-06-19,2408.503,,,15.99982027499926,,,0.07996876370392227
2015-03-11,IH,q2,IH1509,2015-09-18,2408.503,,,54.14314346154544,,,0.026734635363215388
2015-03-12,IH,q1,IH1506,2015-06-19,2485.114,,,16.508751437255636,,,0.07996876370392227
2015-03-12,IH,q2,IH1509,2015-09-18,2485.114,,,55.865358614996545,,,0.026734635363215388
2015-03-13,IH,q1,IH1506,2015-06-19,2495.277,,,16.576264815256334,,,0.07996876370392227
2015-03-13,IH,q2,IH1509,2015-09-18,2495.277,,,56.09382283820893,,,0.026734635363215388
2015-03-16,IH,q1,IH1506,2015-06-19,2550.861,,,16.93484760650445,,,0.08044194862098494
2015-03-16,IH,q2,IH1509,2015-09-18,2550.861,,,57.33268623363357,,,0.026864501620553358
2015-03-17,IH,q1,IH1506,2015-06-19,2583.198,,,15.939642509814373,,,0.1115573511802159
2015-03-17,IH,q2,IH1509,2015-09-18,2583.198,,,56.84960034206109,,,0.03444847347282986
2015-03-18,IH,q1,IH1506,2015-06-19,2649.642,,,16.349635706976226,,,0.1115573511802159
2015-03-18,IH,q2,IH1509,2015-09-18,2649.642,,,58.31186333743655,,,0.03444847347282986
2015-03-19,IH,q1,IH1506,2015-06-19,2630.243,,,16.2299340329087,,,0.1115573511802159
2015-03-19,IH,q2,IH1509,2015-09-18,2630.243,,,54.53863160856079,,,0.1265164915533345
2015-03-20,IH,q1,IH1506,2015-06-19,2680.679,,,16.54114974677384,,,0.1115573511802159
2015-03-20,IH,q2,IH1509,2015-09-18,2680.679,,,55.64932315965659,,,0.14487969517222163
2015-03-23,IH,next,IH1505,2015-05-15,2720.671,,,0.8907072805255658,,,0.6666672099196331
2015-03-23,IH,q1,IH1506,2015-06-19,2720.671,,,15.577305853493202,,,0.2092978446012252
2015-03-23,IH,q2,IH1509,2015-09-18,2720.671,,,52.99800106968299,,,0.24456112431059632
2015-03-24,IH,next,IH1505,2015-05-15,2683.647,,,0.8785861727715675,,,0.6666672099196331
2015-03-24,IH,q1,IH1506,2015-06-19,2683.647,,,15.36532352563374,,,0.2092978446012252
2015-03-24,IH,q2,IH1509,2015-09-18,2683.647,,,51.81278561762327,,,0.2760580352365041
2015-03-25,IH,next,IH1505,2015-05-15,2649.161,,,0.8672959685255544,,,0.6666672099196331
2015-03-25,IH,q1,IH1506,2015-06-19,2649.161,,,14.96505872667793,,,0.22521173437387013
2015-03-25,IH,q2,IH1509,2015-09-18,2649.161,,,49.488932770917756,,,0.33877604039153636
2015-03-26,IH,next,IH1505,2015-05-15,2687.762,,,0.879933362659416,,,0.6666672099196331
2015-03-26,IH,q1,IH1506,2015-06-19,2687.762,,,15.183115021447668,,,0.22521173437387013
2015-03-26,IH,q2,IH1509,2015-09-18,2687.762,,,49.39990333353844,,,0.36327368866740645
2015-03-27,IH,next,IH1505,2015-05-15,2689.24,,,0.880417237909535,,,0.6666672099196331
2015-03-27,IH,q1,IH1506,2015-06-19,2689.24,,,13.529499475054122,,,0.3987718654258291
2015-03-27,IH,q2,IH1509,2015-09-18,2689.24,,,45.28583452777901,,,0.5187992772545063
2015-03-30,IH,next,IH1505,2015-05-15,2784.456,,,0.9115895422500901,,,0.6666672099196331
2015-03-30,IH,q1,IH1506,2015-06-19,2784.456,,,13.951114381799849,,,0.4117943579519985
2015-03-30,IH,q2,IH1509,2015-09-18,2784.456,,,46.66595620311703,,,0.5367264969245502
2015-03-31,IH,next,IH1505,2015-05-15,2754.658,,,0.9018341195822627,,,0.6666672099196331
2015-03-31,IH,q1,IH1506,2015-06-19,2754.658,,,13.729857121691424,,,0.4221648133505772
2015-03-31,IH,q2,IH1509,2015-09-18,2754.658,,,46.094599370025,,,0.5400105003809775
2015-04-01,IH,next,IH1505,2015-05-15,2799.451,,,0.9164986825583012,,,0.6666672099196331
2015-04-01,IH,q1,IH1506,2015-06-19,2799.451,,,13.95311586744205,,,0.4221648133505772
2015-04-01,IH,q2,IH1509,2015-09-18,2799.451,,,46.84413538850045,,,0.5400105003809775
2015-04-02,IH,next,IH1505,2015-05-15,2781.641,,,0.9106679530558511,,,0.6666672099196331
2015-04-02,IH,q1,IH1506,2015-06-19,2781.641,,,13.864346678912177,,,0.4221648133505772
2015-04-02,IH,q2,IH1509,2015-09-18,2781.641,,,46.54611479400917,,,0.5400105003809775
2015-04-03,IH,next,IH1505,2015-05-15,2817.181,,,0.7329919737924436,,,1.0
2015-04-03,IH,q1,IH1506,2015-06-19,2817.181,,,13.852175069880923,,,0.4364617165467254
2015-04-03,IH,q2,IH1509,2015-09-18,2817.181,,,46.95150606919287,,,0.5447036985017051
2015-04-07,IH,next,IH1505,2015-05-15,2889.452,,,0.7517958997517461,,,1.0
2015-04-07,IH,q1,IH1506,2015-06-19,2889.452,,,14.207534042014899,,,0.4364617165467254
2015-04-07,IH,q2,IH1509,2015-09-18,2889.452,,,48.15598398350744,,,0.5447036985017051
2015-04-08,IH,next,IH1505,2015-05-15,2952.079,,,0.7680905887840445,,,1.0
2015-04-08,IH,q1,IH1506,2015-06-19,2952.079,,,14.515473137196015,,,0.4364617165467254
2015-04-08,IH,q2,IH1509,2015-09-18,2952.079,,,49.19973373568713,,,0.5447036985017051
2015-04-09,IH,next,IH1505,2015-05-15,2931.772,,,0.7628069850639415,,,1.0
2015-04-09,IH,q1,IH1506,2015-06-19,2931.772,,,14.415622925532626,,,0.4364617165467254
2015-04-09,IH,q2,IH1509,2015-09-18,2931.772,,,48.86129462448089,,,0.5447036985017051
2015-04-10,IH,next,IH1505,2015-05-15,2986.605,,,0.7770737818721555,,,1.0
2015-04-10,IH,q1,IH1506,2015-06-19,2986.605,,,14.685238656863621,,,0.4381802911622916
2015-04-10,IH,q2,IH1509,2015-09-18,2986.605,,,49.775148555872605,,,0.5452107322145405
2015-04-13,IH,next,IH1505,2015-05-15,3041.125,,,0.791259140360362,,,1.0
2015-04-13,IH,q1,IH1506,2015-06-19,3041.125,,,14.953315356518313,,,0.4381802911622916
2015-04-13,IH,q2,IH1509,2015-09-18,3041.125,,,50.68378598843103,,,0.5452107322145405
2015-04-14,IH,next,IH1505,2015-05-15,3052.407,,,0.7941945624891945,,,1.0
2015-04-14,IH,q1,IH1506,2015-06-19,3052.407,,,15.008789335342676,,,0.4381802911622916
2015-04-14,IH,q2,IH1509,2015-09-18,3052.407,,,50.7129043307861,,,0.553882377510955
2015-04-15,IH,next,IH1505,2015-05-15,3053.304,,,0.794427949623529,,,1.0
2015-04-15,IH,q1,IH1506,2015-06-19,3053.304,,,15.013199914938976,,,0.4381802911622916
2015-04-15,IH,q2,IH1509,2015-09-18,3053.304,,,50.727807151800704,,,0.553882377510955
2015-04-16,IH,next,IH1505,2015-05-15,3183.302,3283.8,100.49800000000005,0.8282516516182075,101.32625165161825,40.06258807173598,1.0
2015-04-16,IH,q1,IH1506,2015-06-19,3183.302,3295.0,111.69799999999987,15.652404515117091,127.35040451511696,22.815782974731157,0.4381802911622916
2015-04-16,IH,q2,IH1509,2015-09-18,3183.302,3298.8,115.49800000000005,52.88760305621107,168.38560305621112,12.456277671083118,0.553882377510955
2015-04-17,IH,next,IH1505,2015-05-15,3235.332,3254.0,18.66800000000012,0.8417891461549165,19.509789146155036,7.8608327393852235,1.0
2015-04-17,IH,q1,IH1506,2015-06-19,3235.332,3267.8,32.4680000000003,15.908237799838911,48.37623779983922,8.662944900952297,0.4381802911622916
2015-04-17,IH,q2,IH1509,2015-09-18,3235.332,3284.6,49.26800000000003,53.752033131338926,103.02003313133895,7.547010870796422,0.553882377510955
2015-04-20,IH,current,IH1505,2015-05-15,3164.461,3146.8,-17.660999999999603,0.8233494810518777,-16.837650518947726,-7.768454014021245,1.0
2015-04-20,IH,next,IH1506,2015-06-19,3164.461,3154.0,-10.460999999999785,15.559762675458357,5.0987626754585715,0.9801818680139518,0.4381802911622916
2015-04-20,IH,q1,IH1506,2015-06-19,3164.461,3154.0,-10.460999999999785,15.559762675458357,5.0987626754585715,0.9801818680139518,0.4381802911622916
2015-04-20,IH,q2,IH1509,2015-09-18,3164.461,3167.6,3.1390000000001237,52.47377134382355,55.612771343823674,4.248060637261376,0.5575146012266214
2015-04-21,IH,current,IH1505,2015-05-15,3214.364,3234.0,19.635999999999967,0.8363335592733921,20.47233355927336,9.686210798796145,1.0
2015-04-21,IH,next,IH1506,2015-06-19,3214.364,3238.8,24.43600000000015,14.121583086487753,38.5575830864879,7.420883274274678,0.5431199644594509
2015-04-21,IH,q1,IH1506,2015-06-19,3214.364,3238.8,24.43600000000015,14.121583086487753,38.5575830864879,7.420883274274678,0.5431199644594509
2015-04-21,IH,q2,IH1509,2015-09-18,3214.364,3248.8,34.43600000000015,48.93021025492675,83.3662102549269,6.310977172684512,0.7245978381929589
2015-04-22,IH,current,IH1505,2015-05-15,3299.221,3308.0,8.778999999999996,0.858412190330504,9.637412190330501,4.635686462996321,1.0
2015-04-22,IH,next,IH1506,2015-06-19,3299.221,3316.4,17.179000000000087,14.494383172591906,31.673383172591993,6.041543651122532,0.5431199644594509
2015-04-22,IH,q1,IH1506,2015-06-19,3299.221,3316.4,17.179000000000087,14.494383172591906,31.673383172591993,6.041543651122532,0.5431199644594509
2015-04-22,IH,q2,IH1509,2015-09-18,3299.221,3332.0,32.778999999999996,50.221934170327216,83.00093417032721,6.162801341735774,0.7245978381929589
2015-04-23,IH,current,IH1505,2015-05-15,3273.398,3267.8,-5.597999999999956,0.8516933988367227,-4.7463066011632336,-2.4056207444826727,1.0
2015-04-23,IH,next,IH1506,2015-06-19,3273.398,3271.8,-1.5979999999999563,14.38093564765622,12.782935647656263,2.5006320817322343,0.5431199644594509
2015-04-23,IH,q1,IH1506,2015-06-19,3273.398,3271.8,-1.5979999999999563,14.38093564765622,12.782935647656263,2.5006320817322343,0.5431199644594509
2015-04-23,IH,q2,IH1509,2015-09-18,3273.398,3286.0,12.601999999999862,49.82884713369634,62.430847133696204,4.703612808257268,0.7245978381929589
2015-04-24,IH,current,IH1505,2015-05-15,3223.958,3233.0,9.041999999999916,0.8388297868841011,9.880829786884018,5.326937634117038,1.0
2015-04-24,IH,next,IH1506,2015-06-19,3223.958,3236.8,12.842000000000098,14.163732161120173,27.00573216112027,5.459733168497995,0.5431199644594509
2015-04-24,IH,q1,IH1506,2015-06-19,3223.958,3236.8,12.842000000000098,14.163732161120173,27.00573216112027,5.459733168497995,0.5431199644594509
2015-04-24,IH,q2,IH1509,2015-09-18,3223.958,3243.6,19.641999999999825,49.07625358952911,68.71825358952893,5.292468332145998,0.7245978381929589
2015-04-27,IH,current,IH1505,2015-05-15,3308.454,3357.6,49.14599999999973,0.8608144906775622,50.00681449067729,30.649574442217176,1.0
2015-04-27,IH,next,IH1506,2015-06-19,3308.454,3358.0,49.54599999999982,14.220603722619797,63.76660372261962,13.2734916447244,0.6326406085073033
2015-04-27,IH,q1,IH1506,2015-06-19,3308.454,3358.0,49.54599999999982,14.220603722619797,63.76660372261962,13.2734916447244,0.6326406085073033
2015-04-27,IH,q2,IH1509,2015-09-18,3308.454,3366.6,58.14599999999973,50.04813967994469,108.19413967994441,8.289131121695215,0.7511739273455987
2015-04-28,IH,current,IH1505,2015-05-15,3282.33,3286.8,4.470000000000255,0.8540173830996841,5.324017383099939,3.482580514149611,1.0
2015-04-28,IH,next,IH1506,2015-06-19,3282.33,3292.0,9.670000000000073,12.082218864619865,21.752218864619937,4.651690840152643,1.0
2015-04-28,IH,q1,IH1506,2015-06-19,3282.33,3292.0,9.670000000000073,12.082218864619865,21.752218864619937,4.651690840152643,1.0
2015-04-28,IH,q2,IH1509,2015-09-18,3282.33,3304.4,22.070000000000164,47.62685575508478,69.69685575508495,5.419856287617537,0.8494100276148497
2015-04-29,IH,current,IH1505,2015-05-15,3283.282,3295.2,11.917999999999665,0.8542650804819434,12.772265080481608,8.874269622544961,1.0
2015-04-29,IH,next,IH1506,2015-06-19,3283.282,3302.6,19.317999999999756,12.085723165637472,31.403723165637228,6.845349756174503,1.0
2015-04-29,IH,q1,IH1506,2015-06-19,3283.282,3302.6,19.317999999999756,12.085723165637472,31.403723165637228,6.845349756174503,1.0
2015-04-29,IH,q2,IH1509,2015-09-18,3283.282,3310.4,27.117999999999938,47.64066934685613,74.75866934685607,5.852722013874125,0.8494100276148497
2015-04-30,IH,current,IH1505,2015-05-15,3250.49,3269.4,18.91000000000031,0.20157783338928248,19.111577833389592,14.307024293131605,1.0
2015-04-30,IH,next,IH1506,2015-06-19,3250.49,3276.0,25.51000000000022,11.320860974836526,36.830860974836746,8.271530911225947,1.0
2015-04-30,IH,q1,IH1506,2015-06-19,3250.49,3276.0,25.51000000000022,11.320860974836526,36.830860974836746,8.271530911225947,1.0
2015-04-30,IH,q2,IH1509,2015-09-18,3250.49,3279.4,28.91000000000031,44.203863537594145,73.11386353759445,5.82270317198046,0.9630453168649383
2015-05-04,IH,current,IH1505,2015-05-15,3272.005,3273.2,1.194999999999709,0.20291207748336385,1.397912077483073,1.4176403883616024,1.0
2015-05-04,IH,next,IH1506,2015-06-19,3272.005,3279.2,7.194999999999709,11.395793776929013,18.59079377692872,4.508364355892529,1.0
2015-05-04,IH,q1,IH1506,2015-06-19,3272.005,3279.2,7.194999999999709,11.395793776929013,18.59079377692872,4.508364355892529,1.0
2015-05-04,IH,q2,IH1509,2015-09-18,3272.005,3287.0,14.99499999999989,44.496449001327726,59.49144900132762,4.844097608421814,0.9630453168649383
2015-05-05,IH,current,IH1505,2015-05-15,3148.813,3163.0,14.186999999999898,0.13202778342585209,14.31902778342575,16.598143938526675,1.0
2015-05-05,IH,next,IH1506,2015-06-19,3148.813,3173.0,24.186999999999898,10.90349402589081,35.090494025890706,9.039053636649118,1.0
2015-05-05,IH,q1,IH1506,2015-06-19,3148.813,3173.0,24.186999999999898,10.90349402589081,35.090494025890706,9.039053636649118,1.0
2015-05-05,IH,q2,IH1509,2015-09-18,3148.813,3178.0,29.186999999999898,42.75789934590242,71.94489934590231,6.132069884292707,0.9629906559980991
2015-05-06,IH,current,IH1505,2015-05-15,3139.02,3153.0,13.980000000000018,0.13161716898698594,14.111617168987005,18.231947361774825,1.0
2015-05-06,IH,next,IH1506,2015-06-19,3139.02,3161.0,21.980000000000018,10.869583496114812,32.84958349611483,8.681124259454682,1.0
2015-05-06,IH,q1,IH1506,2015-06-19,3139.02,3161.0,21.980000000000018,10.869583496114812,32.84958349611483,8.681124259454682,1.0
2015-05-06,IH,q2,IH1509,2015-09-18,3139.02,3165.2,26.179999999999836,42.62491967759744,68.80491967759727,5.926311911531483,0.9629906559980991
2015-05-07,IH,current,IH1505,2015-05-15,3094.883,3111.2,16.317000000000007,0.12976653184941478,16.446766531849423,24.24594800564771,1.0
2015-05-07,IH,next,IH1506,2015-06-19,3094.883,3121.8,26.91700000000037,10.716748915013698,37.63374891501407,10.321852685418145,1.0
2015-05-07,IH,q1,IH1506,2015-06-19,3094.883,3121.8,26.91700000000037,10.716748915013698,37.63374891501407,10.321852685418145,1.0
2015-05-07,IH,q2,IH1509,2015-09-18,3094.883,3130.4,35.51700000000028,42.025581005078585,77.54258100507886,6.824708134110156,0.9629906559980991
2015-05-08,IH,current,IH1505,2015-05-15,3110.455,3099.8,-10.654999999999745,0.13041945618741368,-10.524580543812332,-17.64313258942824,1.0
2015-05-08,IH,next,IH1506,2015-06-19,3110.455,3112.6,2.144999999999982,10.770670570244151,12.915670570244133,3.608582267698478,1.0
2015-05-08,IH,q1,IH1506,2015-06-19,3110.455,3112.6,2.144999999999982,10.770670570244151,12.915670570244133,3.608582267698478,1.0
2015-05-08,IH,q2,IH1509,2015-09-18,3110.455,3121.2,10.74499999999989,42.23703402201367,52.98203402201356,4.674615858194127,0.9629906559980991
2015-05-11,IH,current,IH1505,2015-05-15,3169.134,3160.0,-9.134000000000015,0.0,-9.134000000000015,-26.299850369217626,
2015-05-11,IH,next,IH1506,2015-06-19,3169.134,3178.0,8.865999999999985,10.840980362710628,19.706980362710613,5.819795688898602,1.0
2015-05-11,IH,q1,IH1506,2015-06-19,3169.134,3178.0,8.865999999999985,10.840980362710628,19.706980362710613,5.819795688898602,1.0
2015-05-11,IH,q2,IH1509,2015-09-18,3169.134,3190.0,20.865999999999985,42.90095945623879,63.76695945623877,5.649429830048488,0.9628760246374839
2015-05-12,IH,current,IH1505,2015-05-15,3188.313,3175.0,-13.313000000000102,0.0,-13.313000000000102,-50.80267631607517,
2015-05-12,IH,next,IH1506,2015-06-19,3188.313,3175.2,-13.113000000000284,10.906587926914739,-2.206412073085545,-0.6647141794655271,1.0
2015-05-12,IH,q1,IH1506,2015-06-19,3188.313,3175.2,-13.113000000000284,10.906587926914739,-2.206412073085545,-0.6647141794655271,1.0
2015-05-12,IH,q2,IH1509,2015-09-18,3188.313,3185.0,-3.313000000000102,43.160587954563944,39.84758795456384,3.536260435825146,0.9628760246374839
2015-05-13,IH,current,IH1505,2015-05-15,3141.296,3125.4,-15.89599999999973,0.0,-15.89599999999973,-92.3510551059165,
2015-05-13,IH,next,IH1506,2015-06-19,3141.296,3112.4,-28.89599999999973,10.745752072793843,-18.15024792720589,-5.699868559527014,1.0
2015-05-13,IH,q1,IH1506,2015-06-19,3141.296,3112.4,-28.89599999999973,10.745752072793843,-18.15024792720589,-5.699868559527014,1.0
2015-05-13,IH,q2,IH1509,2015-09-18,3141.296,3121.6,-19.695999999999913,42.52411300249376,22.82811300249385,2.072259060708506,0.9628760246374839
2015-05-14,IH,current,IH1505,2015-05-15,3128.572,3129.4,0.8279999999999745,0.0,0.8279999999999745,9.659998235616463,
2015-05-14,IH,next,IH1506,2015-06-19,3128.572,3113.4,-15.172000000000025,10.702225786390326,-4.4697742136097,-1.4485376750226446,1.0
2015-05-14,IH,q1,IH1506,2015-06-19,3128.572,3113.4,-15.172000000000025,10.702225786390326,-4.4697742136097,-1.4485376750226446,1.0
2015-05-14,IH,q2,IH1509,2015-09-18,3128.572,3124.8,-3.7719999999999345,42.35186663862238,38.57986663862245,3.544081589822956,0.9628760246374839
2015-05-15,IH,current,IH1505,2015-05-15,3060.411,3073.2,12.78899999999976,0.0,12.78899999999976,,
2015-05-15,IH,next,IH1506,2015-06-19,3060.411,3041.4,-19.010999999999967,10.469060491864212,-8.541939508135755,-2.9107275558456043,1.0
2015-05-15,IH,q1,IH1506,2015-06-19,3060.411,3041.4,-19.010999999999967,10.469060491864212,-8.541939508135755,-2.9107275558456043,1.0
2015-05-15,IH,q2,IH1509,2015-09-18,3060.411,3044.6,-15.81100000000015,41.42916273986118,25.618162739861027,2.4248816399116166,0.9628760246374839
2015-05-18,IH,current,IH1506,2015-06-19,2998.389,2969.4,-28.989000000000033,10.256895501663092,-18.73210449833694,-7.1259288549336235,1.0
2015-05-18,IH,next,IH1507,2015-07-17,2998.389,2954.0,-44.389000000000124,35.88708936907226,-8.501910630927867,-1.7249248292381183,1.0
2015-05-18,IH,q1,IH1509,2015-09-18,2998.389,2964.4,-33.98900000000003,40.58956324441704,6.60056324441701,0.6532520386787023,0.9628760246374839
2015-05-18,IH,q2,IH1512,2015-12-18,2998.389,3014.0,15.610999999999876,41.27933940936797,56.89033940936785,3.2361574247020597,0.9467864035073814
2015-05-19,IH,current,IH1506,2015-06-19,3116.086,3143.0,26.914000000000215,10.659513650895642,37.573513650895855,14.197227612415464,1.0
2015-05-19,IH,next,IH1507,2015-07-17,3116.086,3128.2,12.114000000000033,37.29578008847914,49.409780088479174,9.809442789086281,1.0
2015-05-19,IH,q1,IH1509,2015-09-18,3116.086,3145.0,28.914000000000215,42.18284211022736,71.09684211022758,6.826119860933852,0.9628760246374839
2015-05-19,IH,q2,IH1512,2015-12-18,3116.086,3192.0,75.91400000000021,42.8996943434557,118.81369434345592,6.533867538361108,0.9467864035073814
2015-05-20,IH,current,IH1506,2015-06-19,3122.85,3145.2,22.34999999999991,10.682651956556866,33.032651956556776,12.869566757014933,1.0
2015-05-20,IH,next,IH1507,2015-07-17,3122.85,3129.0,6.150000000000091,37.37673698649752,43.52673698649761,8.771419012181969,1.0
2015-05-20,IH,q1,IH1509,2015-09-18,3122.85,3146.6,23.75,42.27440721595089,66.02440721595089,6.377652918450094,0.9628760246374839
2015-05-20,IH,q2,IH1512,2015-12-18,3122.85,3196.0,73.15000000000009,42.99281550010514,116.14281550010523,6.403217135281664,0.9467864035073814
2015-05-21,IH,current,IH1506,2015-06-19,3150.901,3191.4,40.49900000000025,10.778608877329036,51.277608877329286,20.482731589806335,1.0
2015-05-21,IH,next,IH1507,2015-07-17,3150.901,3179.0,28.09900000000016,37.71247352498263,65.81147352498279,13.374725134520402,1.0
2015-05-21,IH,q1,IH1509,2015-09-18,3150.901,3202.0,51.09900000000016,42.65413707707602,93.75313707707619,9.050293612613453,0.9628760246374839
2015-05-21,IH,q2,IH1512,2015-12-18,3150.901,3246.6,95.69900000000007,43.37899846361394,139.077998463614,7.635440250869448,0.9467864035073814
2015-05-22,IH,current,IH1506,2015-06-19,3248.855,3303.0,54.14499999999998,11.113690129951665,65.25869012995165,26.184413868701817,1.0
2015-05-22,IH,next,IH1507,2015-07-17,3248.855,3295.0,46.14499999999998,38.88486441624394,85.02986441624392,17.058702501083918,1.0
2015-05-22,IH,q1,IH1509,2015-09-18,3248.855,3315.0,66.14499999999998,43.980152506709615,110.1251525067096,10.396857634988896,0.9628760246374839
2015-05-22,IH,q2,IH1512,2015-12-18,3248.855,3366.4,117.54500000000007,44.727548105606765,162.27254810560683,8.681370610136053,0.9467864035073814
2015-05-25,IH,current,IH1506,2015-06-19,3349.945,3413.6,63.654999999999745,11.459499018078963,75.1144990180787,32.73700570200254,1.0
2015-05-25,IH,next,IH1507,2015-07-17,3349.945,3409.0,59.054999999999836,40.09478943408503,99.14978943408487,20.383141262747838,1.0
2015-05-25,IH,q1,IH1509,2015-09-18,3349.945,3435.0,85.05499999999984,45.34862035673778,130.40362035673763,12.248611140401437,0.9628760246374839
2015-05-25,IH,q2,IH1512,2015-12-18,3349.945,3486.4,136.45499999999993,46.11927160142169,182.57427160142163,9.61002281860506,0.9467864035073814
2015-05-26,IH,current,IH1506,2015-06-19,3386.593,3417.8,31.207000000000335,11.584864574831254,42.79186457483159,19.21674498260928,1.0
2015-05-26,IH,next,IH1507,2015-07-17,3386.593,3422.8,36.207000000000335,40.53342166332471,76.74042166332504,15.905623409218487,1.0
2015-05-26,IH,q1,IH1509,2015-09-18,3386.593,3453.8,67.20700000000033,45.84472887160406,113.0517288716044,10.595201633421942,0.9628760246374839
2015-05-26,IH,q2,IH1512,2015-12-18,3386.593,3515.0,128.40700000000015,46.623810949276326,175.03081094927649,9.157504540697143,0.9467864035073814
2015-05-27,IH,current,IH1506,2015-06-19,3344.738,3396.8,52.06200000000035,8.224941763886767,60.28694176388712,28.603961030103946,1.0
2015-05-27,IH,next,IH1507,2015-07-17,3344.738,3392.0,47.26200000000017,36.81572280520275,84.07772280520292,17.990429206629535,1.0
2015-05-27,IH,q1,IH1509,2015-09-18,3344.738,3429.0,84.26200000000017,42.06138741538941,126.32338741538959,12.09232112372235,0.9600368798881392
2015-05-27,IH,q2,IH1512,2015-12-18,3344.738,3486.0,141.26200000000017,42.83084079532298,184.09284079532316,9.799722967880564,0.9427898772990266
2015-05-28,IH,current,IH1506,2015-06-19,3124.621,3164.6,39.978999999999814,5.182456599739859,45.16145659973967,23.97953610563704,1.0
2015-05-28,IH,next,IH1507,2015-07-17,3124.621,3152.0,27.378999999999905,31.89168011682784,59.27068011682775,13.847310277081368,1.0
2015-05-28,IH,q1,IH1509,2015-09-18,3124.621,3184.0,59.378999999999905,36.792127864886446,96.17112786488636,9.941725851642904,0.9573201072510134
2015-05-28,IH,q2,IH1512,2015-12-18,3124.621,3238.0,113.3789999999999,37.510943565686155,150.88994356568605,8.64023681364239,0.9389751481971769
2015-05-29,IH,current,IH1506,2015-06-19,3111.334,3118.6,7.266000000000076,5.151685199407724,12.4176851994078,6.9369342903257625,1.0
2015-05-29,IH,next,IH1507,2015-07-17,3111.334,3112.6,1.2660000000000764,31.74733159694375,33.01333159694383,7.90386481567628,1.0
2015-05-29,IH,q1,IH1509,2015-09-18,3111.334,3140.6,29.266000000000076,36.62694089796239,65.89294089796246,6.901875136125665,0.9573099301638414
2015-05-29,IH,q2,IH1512,2015-12-18,3111.334,3212.6,101.26600000000008,37.342699938701074,138.60869993870114,8.010150607380943,0.9389608756383662
2015-06-01,IH,current,IH1506,2015-06-19,3244.319,3336.0,91.68100000000004,5.3718791278780325,97.05287912787807,60.66039485169734,1.0
2015-06-01,IH,next,IH1507,2015-07-17,3244.319,3336.4,92.08100000000013,33.10427973957954,125.18527973957967,30.61714894689199,1.0
2015-06-01,IH,q1,IH1509,2015-09-18,3244.319,3368.2,123.88099999999986,38.19245386934879,162.07345386934864,16.728411527941457,0.9573099301638414
2015-06-01,IH,q2,IH1512,2015-12-18,3244.319,3436.0,191.68100000000004,38.93880596632401,230.61980596632407,12.97286567346002,0.9389608756383662
2015-06-02,IH,current,IH1506,2015-06-19,3258.31,3295.6,37.289999999999964,5.209240693970062,42.49924069397002,28.004815295441066,1.0
2015-06-02,IH,next,IH1507,2015-07-17,3258.31,3307.0,48.690000000000055,33.061236208934254,81.7512362089343,20.350837101483776,1.0
2015-06-02,IH,q1,IH1509,2015-09-18,3258.31,3332.2,73.88999999999987,38.17135289251823,112.0613528925181,11.623383550734466,0.9571021302160023
2015-06-02,IH,q2,IH1512,2015-12-18,3258.31,3399.0,140.69000000000005,38.92092360399737,179.61092360399743,10.110674588458783,0.9386694811863031
2015-06-03,IH,current,IH1506,2015-06-19,3238.428,3244.8,6.372000000000298,2.8004654513890745,9.172465451389373,6.461371631847925,1.0
2015-06-03,IH,next,IH1507,2015-07-17,3238.428,3251.0,12.572000000000116,30.482509864454272,43.05450986445439,11.028706815695939,1.0
2015-06-03,IH,q1,IH1509,2015-09-18,3238.428,3291.6,53.172000000000025,35.56144494165241,88.73344494165244,9.346783508548477,0.9542347620405985
2015-06-03,IH,q2,IH1512,2015-12-18,3238.428,3354.2,115.77199999999993,36.30644182041287,152.07844182041282,8.65687372230387,0.9346541619134531
2015-06-04,IH,current,IH1506,2015-06-19,3299.03,3373.2,74.16999999999962,2.8528716828338005,77.02287168283343,56.8113418474202,1.0
2015-06-04,IH,next,IH1507,2015-07-17,3299.03,3368.0,68.9699999999998,31.05294127833955,100.02294127833935,25.735805476432756,1.0
2015-06-04,IH,q1,IH1509,2015-09-18,3299.03,3404.2,105.16999999999962,36.22692050150862,141.39692050150825,14.75844786138982,0.9542347620405985
2015-06-04,IH,q2,IH1512,2015-12-18,3299.03,3480.0,180.9699999999998,36.985858805197054,217.95585880519684,12.240775167076388,0.9346541619134531
2015-06-05,IH,current,IH1506,2015-06-19,3303.988,3304.8,0.8120000000003529,2.8571591666710163,3.669159166671369,2.895295658794008,1.0
2015-06-05,IH,next,IH1507,2015-07-17,3303.988,3304.8,0.8120000000003529,31.09960968779869,31.911609687799043,8.393707367931933,1.0
2015-06-05,IH,q1,IH1509,2015-09-18,3303.988,3326.8,22.812000000000353,36.281364708395635,59.09336470839599,6.217328622421647,0.9542347620405985
2015-06-05,IH,q2,IH1512,2015-12-18,3303.988,3393.0,89.01200000000017,37.041443594652186,126.05344359465235,7.104819454681042,0.9346541619134531
2015-06-08,IH,current,IH1506,2015-06-19,3458.707,3535.0,76.29300000000012,2.9909540863584283,79.28395408635855,76.0626947940132,1.0
2015-06-08,IH,next,IH1507,2015-07-17,3458.707,3550.0,91.29300000000012,32.555940797744164,123.84894079774429,33.512496470855204,1.0
2015-06-08,IH,q1,IH1509,2015-09-18,3458.707,3556.0,97.29300000000012,37.98034680709523,135.27334680709535,13.995588180329058,0.9542347620405985
2015-06-08,IH,q2,IH1512,2015-12-18,3458.707,3625.0,166.29300000000012,38.77601863291533,205.06901863291546,11.213000349105293,0.9346541619134531
2015-06-09,IH,current,IH1506,2015-06-19,3413.996,3415.8,1.8040000000000873,2.923440511841463,4.72744051184155,5.0542407982380935,1.0
2015-06-09,IH,next,IH1507,2015-07-17,3413.996,3425.8,11.804000000000087,32.106238121677755,43.91023812167784,12.354126732560236,1.0
2015-06-09,IH,q1,IH1509,2015-09-18,3413.996,3452.8,38.80400000000009,37.46052237249764,76.26452237249774,8.072927224703076,0.9541995171215547
2015-06-09,IH,q2,IH1512,2015-12-18,3413.996,3515.8,101.80400000000009,38.24590848085043,140.04990848085052,7.798506835829633,0.9346048709198719
2015-06-10,IH,current,IH1506,2015-06-19,3370.383,3365.0,-5.382999999999811,2.886094243409121,-2.49690575659069,-3.0045072067002536,1.0
2015-06-10,IH,next,IH1507,2015-07-17,3370.383,3379.4,9.01700000000028,31.696088442767547,40.71308844276783,11.916423614740406,1.0
2015-06-10,IH,q1,IH1509,2015-09-18,3370.383,3390.6,20.2170000000001,36.981972965224834,57.19897296522493,6.194436991970083,0.9541995171215547
2015-06-10,IH,q2,IH1512,2015-12-18,3370.383,3468.4,98.01700000000028,37.75732594982949,135.77432594982977,7.698354342215097,0.9346048709198719
2015-06-11,IH,current,IH1506,2015-06-19,3347.116,3361.0,13.884000000000015,2.703874627136539,16.587874627136554,22.611160768348192,1.0
2015-06-11,IH,next,IH1507,2015-07-17,3347.116,3380.2,33.08399999999983,31.314982784452724,64.39898278445256,19.507364877973544,1.0
2015-06-11,IH,q1,IH1509,2015-09-18,3347.116,3392.6,45.483999999999924,36.564376891671145,82.04837689167107,9.037678753001165,0.9539962255984556
2015-06-11,IH,q2,IH1512,2015-12-18,3347.116,3456.8,109.6840000000002,37.33437732794739,147.01837732794758,8.438011728793397,0.9343205925093023
2015-06-12,IH,current,IH1506,2015-06-19,3350.248,3405.2,54.95199999999977,2.4589089280897927,57.41090892808956,89.35364852628686,1.0
2015-06-12,IH,next,IH1507,2015-07-17,3350.248,3427.0,76.75199999999995,31.096789384528172,107.84878938452812,33.57091187224073,1.0
2015-06-12,IH,q1,IH1509,2015-09-18,3350.248,3442.4,92.15200000000004,36.35109551222746,128.5030955122275,14.285762366822235,0.9536830097048233
2015-06-12,IH,q2,IH1512,2015-12-18,3350.248,3497.8,147.55200000000013,37.12181646173551,184.67381646173564,10.645337333336276,0.9338826996761627
2015-06-15,IH,current,IH1506,2015-06-19,3262.479,3263.8,1.3210000000003674,0.9947654804596554,2.3157654804600227,6.477086905141063,1.0
2015-06-15,IH,next,IH1507,2015-07-17,3262.479,3276.2,13.721000000000004,28.88239755833587,42.60339755833587,14.894961880207308,1.0
2015-06-15,IH,q1,IH1509,2015-09-18,3262.479,3302.4,39.92100000000028,33.999052624226586,73.92005262422686,8.705301190918028,0.9517761602755306
2015-06-15,IH,q2,IH1512,2015-12-18,3262.479,3357.2,94.721,34.74958240967235,129.47058240967235,7.7875939130636755,0.9312194713075171
2015-06-16,IH,current,IH1506,2015-06-19,3179.652,3193.4,13.748000000000047,0.38750922802320487,14.135509228023253,54.0883181370004,1.0
2015-06-16,IH,next,IH1507,2015-07-17,3179.652,3207.2,27.547999999999774,27.56713708514758,55.11513708514735,20.409035060642246,1.0
2015-06-16,IH,q1,IH1509,2015-09-18,3179.652,3229.8,50.14800000000014,32.5538917933218,82.70189179332195,10.09952303644393,0.9509140101463386
2015-06-16,IH,q2,IH1512,2015-12-18,3179.652,3292.6,112.94799999999987,33.28536731649059,146.23336731649044,9.073775415116652,0.930016829819423
2015-06-17,IH,current,IH1506,2015-06-19,3211.707,3205.4,-6.306999999999789,0.39141582167064926,-5.91558417832914,-33.614340054839005,1.0
2015-06-17,IH,next,IH1507,2015-07-17,3211.707,3221.6,9.893000000000029,27.84504944136279,37.73804944136282,14.296019786463948,1.0
2015-06-17,IH,q1,IH1509,2015-09-18,3211.707,3251.4,39.69300000000021,32.88207707945844,72.57507707945865,8.868731428724749,0.9509140101463386
2015-06-17,IH,q2,IH1512,2015-12-18,3211.707,3311.2,99.49299999999994,33.62092682090494,133.11392682090488,8.22171878936732,0.930016829819423
2015-06-18,IH,current,IH1506,2015-06-19,3068.488,3085.4,16.912000000000262,0.37396149518200983,17.28596149518227,205.61840051978461,1.0
2015-06-18,IH,next,IH1507,2015-07-17,3068.488,3103.6,35.11200000000008,26.60336078920911,61.715360789209186,25.314171005013623,1.0
2015-06-18,IH,q1,IH1509,2015-09-18,3068.488,3129.0,60.51200000000017,31.415773273649577,91.92777327364975,11.885770722060393,0.9509140101463386
2015-06-18,IH,q2,IH1512,2015-12-18,3068.488,3174.4,105.91200000000026,32.1216756381653,138.03367563816556,8.972271323720173,0.930016829819423
2015-06-19,IH,current,IH1506,2015-06-19,2903.057,2993.0,89.94300000000021,0.0,89.94300000000021,,
2015-06-19,IH,next,IH1507,2015-07-17,2903.057,2860.0,-43.05699999999979,24.815297053897694,-18.241702946102095,-8.191145667834268,1.0
2015-06-19,IH,q1,IH1509,2015-09-18,2903.057,2885.6,-17.45699999999988,29.368258561272754,11.911258561272874,1.6457109590446994,0.9503226699794318
2015-06-19,IH,q2,IH1512,2015-12-18,2903.057,2899.6,-3.45699999999988,30.036103702144715,26.579103702144835,1.836141916456347,0.9291924866607175
2015-06-23,IH,current,IH1507,2015-07-17,3003.163,2982.6,-20.563000000000102,25.67100196319761,5.108001963197509,2.5867459250007006,1.0
2015-06-23,IH,next,IH1508,2015-08-21,3003.163,3003.6,0.43699999999989814,28.87171793420478,29.30871793420468,6.03752260024509,1.0
2015-06-23,IH,q1,IH1509,2015-09-18,3003.163,3023.8,20.63700000000017,30.380963062608682,51.01796306260886,7.1271815587613085,0.9503226699794318
2015-06-23,IH,q2,IH1512,2015-12-18,3003.163,3085.4,82.23700000000008,31.0718374811256,113.30883748112568,7.736735351580249,0.9291924866607175
2015-06-24,IH,current,IH1507,2015-07-17,3045.244,3044.2,-1.0440000000003238,26.030709855714043,24.98670985571372,13.021229879224222,1.0
2015-06-24,IH,next,IH1508,2015-08-21,3045.244,3050.8,5.55600000000004,29.276274983685372,34.83227498368541,7.198211697030637,1.0
2015-06-24,IH,q1,IH1509,2015-09-18,3045.244,3083.2,37.955999999999676,30.80666799658584,68.76266799658552,9.583519613929784,0.9503226699794318
2015-06-24,IH,q2,IH1512,2015-12-18,3045.244,3139.0,93.75599999999986,31.507223103898404,125.26322310389827,8.482445619717167,0.9291924866607175
2015-06-25,IH,current,IH1507,2015-07-17,2943.99,2919.2,-24.789999999999964,25.165191855931273,0.375191855931309,0.2114400515424919,1.0
2015-06-25,IH,next,IH1508,2015-08-21,2943.99,2931.6,-12.389999999999873,28.302842330276288,15.912842330276415,3.461221860409216,1.0
2015-06-25,IH,q1,IH1509,2015-09-18,2943.99,2950.0,6.010000000000218,29.78234995792414,35.79234995792436,5.220688982776033,0.9503226699794318
2015-06-25,IH,q2,IH1512,2015-12-18,2943.99,2986.8,42.8100000000004,30.45961169142632,73.26961169142672,5.161402835516895,0.9291924866607175
2015-06-26,IH,current,IH1507,2015-07-17,2736.695,2690.0,-46.695000000000164,23.39323663673037,-23.301763363269792,-14.79912227738981,1.0
2015-06-26,IH,next,IH1508,2015-08-21,2736.695,2706.0,-30.695000000000164,26.309955907138093,-4.385044092862071,-1.0443652274880673,1.0
2015-06-26,IH,q1,IH1509,2015-09-18,2736.695,2720.0,-16.695000000000164,27.685287048563755,10.99028704856359,1.7450031501873746,0.9503226699794318
2015-06-26,IH,q2,IH1512,2015-12-18,2736.695,2769.8,33.10500000000002,28.314860790243163,61.41986079024318,4.680984949977725,0.9291924866607175
2015-06-29,IH,current,IH1507,2015-07-17,2678.368,2654.8,-23.567999999999756,22.89465812750279,-0.673341872496966,-0.5097834524220067,1.0
2015-06-29,IH,next,IH1508,2015-08-21,2678.368,2674.2,-4.16800000000012,25.7492135525112,21.58121355251108,5.549100744048237,1.0
2015-06-29,IH,q1,IH1509,2015-09-18,2678.368,2688.6,10.231999999999971,27.095232352047855,37.32723235204783,6.2800541448648595,0.9503226699794318
2015-06-29,IH,q2,IH1512,2015-12-18,2678.368,2751.2,72.83199999999988,27.71138803010273,100.5433880301026,7.966135432964509,0.9291924866607175
2015-06-30,IH,current,IH1507,2015-07-17,2870.025,2847.8,-22.22499999999991,21.74971942672634,-0.47528057327356876,-0.3555562576978015,1.0
2015-06-30,IH,next,IH1508,2015-08-21,2870.025,2878.6,8.574999999999818,24.808539362470707,33.38353936247053,8.164624582673657,1.0
2015-06-30,IH,q1,IH1509,2015-09-18,2870.025,2882.8,12.775000000000091,26.25087574236331,39.0258757423634,6.203972372175608,0.9450556852255797
2015-06-30,IH,q2,IH1512,2015-12-18,2870.025,2933.0,62.97499999999991,26.91112190715823,89.88612190715814,6.685035497452005,0.9218693835232397
2015-07-01,IH,current,IH1507,2015-07-17,2736.847,2696.2,-40.64700000000039,20.740465453742637,-19.906534546257753,-16.592736800285326,1.0
2015-07-01,IH,next,IH1508,2015-08-21,2736.847,2709.8,-27.047000000000025,23.657346722958813,-3.389653277041212,-0.8863953029619752,1.0
2015-07-01,IH,q1,IH1509,2015-09-18,2736.847,2725.0,-11.847000000000207,25.032754252266024,13.185754252265816,2.2259747370277383,0.9450556852255797
2015-07-01,IH,q2,IH1512,2015-12-18,2736.847,2753.2,16.35299999999961,25.66236296138197,42.015362961381584,3.296108835094733,0.9218693835232397
2015-07-02,IH,current,IH1507,2015-07-17,2714.247,2740.4,26.153000000000247,20.569197378013673,46.72219737801392,41.886637541277764,1.0
2015-07-02,IH,next,IH1508,2015-08-21,2714.247,2740.6,26.353000000000065,23.461991982288662,49.81499198228873,13.397802096519138,1.0
2015-07-02,IH,q1,IH1509,2015-09-18,2714.247,2760.0,45.753000000000156,24.826041839733932,70.57904183973409,12.168152766845644,0.9450556852255797
2015-07-02,IH,q2,IH1512,2015-12-18,2714.247,2805.4,91.15300000000025,25.450451443154154,116.6034514431544,9.27829547816274,0.9218693835232397
2015-07-03,IH,current,IH1507,2015-07-17,2582.266,2596.0,13.733999999999924,13.673381544125759,27.407381544125684,27.671416897312767,1.0
2015-07-03,IH,next,IH1508,2015-08-21,2582.266,2611.6,29.333999999999833,16.42551322248914,45.75951322248898,13.200099452446167,1.0
2015-07-03,IH,q1,IH1509,2015-09-18,2582.266,2625.4,43.134000000000015,17.723235783916216,60.85723578391623,11.17154873626468,0.9267784631853312
2015-07-03,IH,q2,IH1512,2015-12-18,2582.266,2677.0,94.73399999999992,18.317283300220193,113.05128330022012,9.511699083511745,0.8967221259438449
2015-07-06,IH,current,IH1507,2015-07-17,2749.998,2756.8,6.802000000000135,14.561540871305569,21.363540871305702,25.777514344065246,1.0
2015-07-06,IH,next,IH1508,2015-08-21,2749.998,2758.0,8.001999999999953,17.49243823479792,25.494438234797872,7.356108081676409,1.0
2015-07-06,IH,q1,IH1509,2015-09-18,2749.998,2781.6,31.60199999999986,18.874454823514707,50.47645482351457,9.053523051497265,0.9267784631853312
2015-07-06,IH,q2,IH1512,2015-12-18,2749.998,2826.0,76.00199999999995,19.507088906037925,95.50908890603787,7.682830370037255,0.8967221259438449
2015-07-07,IH,current,IH1507,2015-07-17,2812.446,2747.0,-65.44599999999991,11.496728763192621,-53.94927123680729,-70.01550963621938,1.0
2015-07-07,IH,next,IH1508,2015-08-21,2812.446,2720.0,-92.44599999999991,14.494182058200332,-77.95181794179958,-22.481350989104897,1.0
2015-07-07,IH,q1,IH1509,2015-09-18,2812.446,2726.0,-86.44599999999991,15.907582004989445,-70.53841799501046,-12.540403974869289,0.9111492905492615
2015-07-07,IH,q2,IH1512,2015-12-18,2812.446,2752.2,-60.246000000000095,16.554582182755432,-43.69141781724466,-3.457490232765163,0.8755389835992734
2015-07-08,IH,current,IH1507,2015-07-17,2608.977,2500.2,-108.77700000000004,10.664987316523765,-98.11201268347628,-152.51139358653194,1.0
2015-07-08,IH,next,IH1508,2015-08-21,2608.977,2480.8,-128.17699999999968,13.445587088128029,-114.73141291187164,-36.47978578370786,1.0
2015-07-08,IH,q1,IH1509,2015-09-18,2608.977,2490.8,-118.17699999999968,14.756733312081847,-103.42026668791783,-20.09535907767788,0.9111492905492615
2015-07-08,IH,q2,IH1512,2015-12-18,2608.977,2512.6,-96.37699999999995,15.356925665210538,-81.02007433478941,-6.9538872833848835,0.8755389835992734
2015-07-09,IH,current,IH1507,2015-07-17,2781.077,2751.4,-29.677000000000135,7.573230442408545,-22.10376955759159,-36.26237195392707,1.0
2015-07-09,IH,next,IH1508,2015-08-21,2781.077,2706.0,-75.07700000000023,10.537251233321562,-64.53974876667866,-19.698749884372386,1.0
2015-07-09,IH,q1,IH1509,2015-09-18,2781.077,2701.0,-80.07700000000023,11.93488663105593,-68.1421133689443,-12.59612903925029,0.882894958206175
2015-07-09,IH,q2,IH1512,2015-12-18,2781.077,2723.6,-57.47700000000032,12.574670404106467,-44.902329595893846,-3.637757208009182,0.8379743480099844
2015-07-10,IH,current,IH1507,2015-07-17,2898.41,2853.0,-45.409999999999854,5.211763171305646,-40.198236828694206,-72.31726775553979,1.0
2015-07-10,IH,next,IH1508,2015-08-21,2898.41,2809.8,-88.60999999999967,8.300835318747158,-80.30916468125251,-24.079577545601087,1.0
2015-07-10,IH,q1,IH1509,2015-09-18,2898.41,2780.0,-118.40999999999985,9.757436632967247,-108.65256336703261,-19.546769055628484,0.8507188548579756
2015-07-10,IH,q2,IH1512,2015-12-18,2898.41,2805.0,-93.40999999999985,10.424212736486641,-82.98578726351322,-6.490989212779636,0.7963033303889437
2015-07-13,IH,current,IH1507,2015-07-17,2869.051,2799.0,-70.05099999999993,5.158971414809373,-64.89202858519056,-206.3887190711716,1.0
2015-07-13,IH,next,IH1508,2015-08-21,2869.051,2772.6,-96.45100000000002,8.21675327924167,-88.23424672075835,-28.78241107052453,1.0
2015-07-13,IH,q1,IH1509,2015-09-18,2869.051,2757.0,-112.05099999999993,9.658600173630132,-102.3923998263698,-19.44229441504129,0.8507188548579756
2015-07-13,IH,q2,IH1512,2015-12-18,2869.051,2773.0,-96.05099999999993,10.318622270772504,-85.73237772922742,-6.903071599432284,0.7963033303889437
2015-07-14,IH,current,IH1507,2015-07-17,2763.073,2712.6,-50.472999999999956,4.8507392571283,-45.62226074287166,-200.8889519163163,1.0
2015-07-14,IH,next,IH1508,2015-08-21,2763.073,2660.6,-102.47299999999996,7.795571715492597,-94.67742828450736,-32.912688654458265,1.0
2015-07-14,IH,q1,IH1509,2015-09-18,2763.073,2634.4,-128.67299999999977,9.184159169678184,-119.48884083032159,-23.915745205838714,0.8488062512276513
2015-07-14,IH,q2,IH1512,2015-12-18,2763.073,2623.4,-139.67299999999977,9.819801141890412,-129.85319885810935,-10.925806523538812,0.7938624828396342
2015-07-15,IH,current,IH1507,2015-07-17,2757.951,2708.0,-49.95100000000002,4.841747280993392,-45.10925271900663,-298.49836422832425,1.0
2015-07-15,IH,next,IH1508,2015-08-21,2757.951,2614.8,-143.15099999999984,7.781120805825443,-135.3698791941744,-48.42020634244815,1.0
2015-07-15,IH,q1,IH1509,2015-09-18,2757.951,2591.2,-166.7510000000002,9.167134189423557,-157.58386581057664,-32.085197151999644,0.8488062512276513
2015-07-15,IH,q2,IH1512,2015-12-18,2757.951,2585.8,-172.15099999999984,9.801597851044038,-162.3494021489558,-13.773122618085798,0.7938624828396342
2015-07-16,IH,current,IH1507,2015-07-17,2742.847,2760.6,17.7529999999997,4.815231309196894,22.568231309196594,300.3231470022482,1.0
2015-07-16,IH,next,IH1508,2015-08-21,2742.847,2692.4,-50.447000000000116,7.738507268220466,-42.70849273177965,-15.787124196844832,1.0
2015-07-16,IH,q1,IH1509,2015-09-18,2742.847,2663.2,-79.64700000000039,9.116930108641466,-70.53006989135892,-14.665120032183943,0.8488062512276513
2015-07-16,IH,q2,IH1512,2015-12-18,2742.847,2674.8,-68.04700000000003,9.747919111304947,-58.29908088869508,-5.005198336448012,0.7938624828396342
2015-07-17,IH,current,IH1507,2015-07-17,2807.065,2792.2,-14.865000000000236,0.0,-14.865000000000236,,
2015-07-17,IH,next,IH1508,2015-08-21,2807.065,2742.0,-65.06500000000005,2.9917183240321106,-62.07328167596794,-23.06094272001773,1.0
2015-07-17,IH,q1,IH1509,2015-09-18,2807.065,2704.8,-102.26499999999987,4.4024140393040065,-97.86258596069587,-20.19837976035128,0.6795631436122447
2015-07-17,IH,q2,IH1512,2015-12-18,2807.065,2703.4,-103.66499999999996,5.048176323806775,-98.61682367619319,-8.326657184364311,0.5926334842789501
2015-07-20,IH,current,IH1508,2015-08-21,2783.761,2690.4,-93.36099999999988,2.9668813488201917,-90.39411865117968,-37.03830594167453,1.0
2015-07-20,IH,next,IH1509,2015-09-18,2783.761,2658.0,-125.76099999999997,4.3658655957261265,-121.39513440427385,-26.528393336425047,0.6795631436122447
2015-07-20,IH,q1,IH1509,2015-09-18,2783.761,2658.0,-125.76099999999997,4.3658655957261265,-121.39513440427385,-26.528393336425047,0.6795631436122447
2015-07-20,IH,q2,IH1512,2015-12-18,2783.761,2653.0,-130.76099999999997,5.0062668200902625,-125.7547331799097,-10.919639757806966,0.5926334842789501
2015-07-21,IH,current,IH1508,2015-08-21,2772.774,2666.0,-106.77399999999989,2.9551716060012185,-103.81882839399867,-44.08520057811153,1.0
2015-07-21,IH,next,IH1509,2015-09-18,2772.774,2619.2,-153.57400000000007,4.348634315705951,-149.2253656842941,-33.294234310249735,0.6795631436122447
2015-07-21,IH,q1,IH1509,2015-09-18,2772.774,2619.2,-153.57400000000007,4.348634315705951,-149.2253656842941,-33.294234310249735,0.6795631436122447
2015-07-21,IH,q2,IH1512,2015-12-18,2772.774,2618.2,-154.57400000000007,4.986507992535622,-149.58749200746445,-13.127511674283474,0.5926334842789501
2015-07-22,IH,current,IH1508,2015-08-21,2739.786,2632.6,-107.18600000000015,2.920013601440166,-104.26598639855999,-46.30177324734413,1.0
2015-07-22,IH,next,IH1509,2015-09-18,2739.786,2585.0,-154.78600000000006,4.296898130641281,-150.4891018693588,-34.56633057844661,0.6795631436122447
2015-07-22,IH,q1,IH1509,2015-09-18,2739.786,2585.0,-154.78600000000006,4.296898130641281,-150.4891018693588,-34.56633057844661,0.6795631436122447
2015-07-22,IH,q2,IH1512,2015-12-18,2739.786,2577.6,-162.18600000000015,4.927182953546594,-157.25881704645354,-14.060635770410352,0.5926334842789501
2015-07-23,IH,current,IH1508,2015-08-21,2790.764,2745.8,-44.96399999999994,2.1152653852364964,-42.848734614763444,-19.324566287828358,1.0
2015-07-23,IH,next,IH1509,2015-09-18,2790.764,2709.6,-81.16400000000021,3.5177690027640764,-77.64623099723613,-17.81620808130286,0.6013087793924027
2015-07-23,IH,q1,IH1509,2015-09-18,2790.764,2709.6,-81.16400000000021,3.5177690027640764,-77.64623099723613,-17.81620808130286,0.6013087793924027
2015-07-23,IH,q2,IH1512,2015-12-18,2790.764,2702.0,-88.76400000000012,4.159781259747112,-84.60421874025302,-7.476529588941089,0.5085039941174914
2015-07-24,IH,current,IH1508,2015-08-21,2741.044,2666.2,-74.84400000000005,2.077580007700467,-72.76641999229959,-34.60587501017515,1.0
2015-07-24,IH,next,IH1509,2015-09-18,2741.044,2632.4,-108.64399999999978,3.4550967471317726,-105.188903252868,-25.01259536205966,0.6013087793924027
2015-07-24,IH,q1,IH1509,2015-09-18,2741.044,2632.4,-108.64399999999978,3.4550967471317726,-105.188903252868,-25.01259536205966,0.6013087793924027
2015-07-24,IH,q2,IH1512,2015-12-18,2741.044,2623.0,-118.04399999999987,4.08567097158422,-113.95832902841565,-10.322992106322554,0.5085039941174914
2015-07-27,IH,current,IH1508,2015-08-21,2493.29,2435.0,-58.289999999999964,0.9316930797634264,-57.35830692023654,-33.58739982254184,1.0
2015-07-27,IH,next,IH1509,2015-09-18,2493.29,2399.0,-94.28999999999996,2.1847005875804046,-92.10529941241955,-25.44068603568441,0.4264625940322987
2015-07-27,IH,q1,IH1509,2015-09-18,2493.29,2399.0,-94.28999999999996,2.1847005875804046,-92.10529941241955,-25.44068603568441,0.4264625940322987
2015-07-27,IH,q2,IH1512,2015-12-18,2493.29,2378.0,-115.28999999999996,2.758279270770109,-112.53172072922986,-11.440171549931376,0.3377805466026283
2015-07-28,IH,current,IH1508,2015-08-21,2485.674,2422.4,-63.27399999999989,0.9288471314399349,-62.34515286855995,-38.145222042097345,1.0
2015-07-28,IH,next,IH1509,2015-09-18,2485.674,2390.0,-95.67399999999998,2.178027204349809,-93.49597279565018,-26.402086880515736,0.4264625940322987
2015-07-28,IH,q1,IH1509,2015-09-18,2485.674,2390.0,-95.67399999999998,2.178027204349809,-93.49597279565018,-26.402086880515736,0.4264625940322987
2015-07-28,IH,q2,IH1512,2015-12-18,2485.674,2360.0,-125.67399999999998,2.7498538349298394,-122.92414616507014,-12.622630160501277,0.3377805466026283
2015-07-29,IH,current,IH1508,2015-08-21,2531.445,2478.4,-53.04500000000007,0.9459508473950993,-52.09904915260498,-32.66076325147652,1.0
2015-07-29,IH,next,IH1509,2015-09-18,2531.445,2445.2,-86.24500000000035,2.2181332211365214,-84.02686677886382,-23.755947786223537,0.4264625940322987
2015-07-29,IH,q1,IH1509,2015-09-18,2531.445,2445.2,-86.24500000000035,2.2181332211365214,-84.02686677886382,-23.755947786223537,0.4264625940322987
2015-07-29,IH,q2,IH1512,2015-12-18,2531.445,2420.8,-110.64499999999998,2.8004894210439373,-107.84451057895605,-10.950502985092646,0.3377805466026283
2015-07-30,IH,current,IH1508,2015-08-21,2467.367,2410.4,-56.9670000000001,0.9220061682101346,-56.04499383178997,-37.685411114916754,1.0
2015-07-30,IH,next,IH1509,2015-09-18,2467.367,2372.6,-94.76700000000028,2.161986024359982,-92.6050139756403,-27.39829956476577,0.4264625940322987
2015-07-30,IH,q1,IH1509,2015-09-18,2467.367,2372.6,-94.76700000000028,2.161986024359982,-92.6050139756403,-27.39829956476577,0.4264625940322987
2015-07-30,IH,q2,IH1512,2015-12-18,2467.367,2348.0,-119.36700000000019,2.7296011492775536,-116.63739885072263,-12.237080744793184,0.3377805466026283
2015-07-31,IH,current,IH1508,2015-08-21,2461.24,2412.2,-49.039999999999964,0.919716629688859,-48.12028337031111,-33.98190968037705,1.0
2015-07-31,IH,next,IH1509,2015-09-18,2461.24,2369.0,-92.23999999999978,2.156617350639675,-90.0833826493601,-27.263870200334097,0.4264625940322987
2015-07-31,IH,q1,IH1509,2015-09-18,2461.24,2369.0,-92.23999999999978,2.156617350639675,-90.0833826493601,-27.263870200334097,0.4264625940322987
2015-07-31,IH,q2,IH1512,2015-12-18,2461.24,2327.4,-133.8399999999997,2.722822965796286,-131.1171770342034,-13.88898325857937,0.3377805466026283
2015-08-03,IH,current,IH1508,2015-08-21,2479.724,2405.2,-74.52400000000034,0.9266237343122071,-73.59737626568814,-60.18376403757517,1.0
2015-08-03,IH,next,IH1509,2015-09-18,2479.724,2337.6,-142.12400000000025,2.1728136237009057,-139.95118637629935,-44.782493524480294,0.4264625940322987
2015-08-03,IH,q1,IH1509,2015-09-18,2479.724,2337.6,-142.12400000000025,2.1728136237009057,-139.95118637629935,-44.782493524480294,0.4264625940322987
2015-08-03,IH,q2,IH1512,2015-12-18,2479.724,2271.4,-208.32400000000007,2.7432714631796293,-205.58072853682043,-22.087743623015715,0.3377805466026283
2015-08-04,IH,current,IH1508,2015-08-21,2534.711,2483.6,-51.110999999999876,0.9471712868941174,-50.16382871310576,-42.491901861984175,1.0
2015-08-04,IH,next,IH1509,2015-09-18,2534.711,2422.0,-112.71099999999979,2.220994994985146,-110.49000500501464,-35.3569581409043,0.4264625940322987
2015-08-04,IH,q1,IH1509,2015-09-18,2534.711,2422.0,-112.71099999999979,2.220994994985146,-110.49000500501464,-35.3569581409043,0.4264625940322987
2015-08-04,IH,q2,IH1512,2015-12-18,2534.711,2364.0,-170.71099999999979,2.804102534680271,-167.9068974653195,-17.77845609096868,0.3377805466026283
2015-08-05,IH,current,IH1508,2015-08-21,2487.062,2448.8,-38.261999999999716,0.9293657995430081,-37.33263420045671,-34.243244346056464,1.0
2015-08-05,IH,next,IH1509,2015-09-18,2487.062,2397.4,-89.66199999999981,2.179243414423872,-87.48275658557594,-29.179378349502727,0.4264625940322987
2015-08-05,IH,q1,IH1509,2015-09-18,2487.062,2397.4,-89.66199999999981,2.179243414423872,-87.48275658557594,-29.179378349502727,0.4264625940322987
2015-08-05,IH,q2,IH1512,2015-12-18,2487.062,2323.0,-164.0619999999999,2.751389352911233,-161.31061064708865,-17.536197145597484,0.3377805466026283
2015-08-06,IH,current,IH1508,2015-08-21,2467.525,2439.6,-27.925000000000182,0.9220652096800809,-27.0029347903201,-26.628764175889707,1.0
2015-08-06,IH,next,IH1509,2015-09-18,2467.525,2393.6,-73.92500000000018,2.162124469022592,-71.7628755309776,-24.686679566458363,0.4264625940322987
2015-08-06,IH,q1,IH1509,2015-09-18,2467.525,2393.6,-73.92500000000018,2.162124469022592,-71.7628755309776,-24.686679566458363,0.4264625940322987
2015-08-06,IH,q2,IH1512,2015-12-18,2467.525,2323.2,-144.32500000000027,2.729775941670248,-141.59522405833002,-15.630580579425379,0.3377805466026283
2015-08-07,IH,current,IH1508,2015-08-21,2503.796,2464.8,-38.99599999999964,0.9356189638346714,-38.06038103616497,-39.631363960391724,1.0
2015-08-07,IH,next,IH1509,2015-09-18,2503.796,2437.6,-66.19599999999991,2.193906281411896,-64.00209371858801,-22.2146161908564,0.4264625940322987
2015-08-07,IH,q1,IH1509,2015-09-18,2503.796,2437.6,-66.19599999999991,2.193906281411896,-64.00209371858801,-22.2146161908564,0.4264625940322987
2015-08-07,IH,q2,IH1512,2015-12-18,2503.796,2399.6,-104.19599999999991,2.7699018586033373,-101.42609814139658,-11.117112504676586,0.3377805466026283
2015-08-10,IH,current,IH1508,2015-08-21,2617.659,2575.4,-42.259000000000015,0.9781673112555904,-41.280832688744425,-52.32817126569862,1.0
2015-08-10,IH,next,IH1509,2015-09-18,2617.659,2546.0,-71.6590000000001,2.2936766903910635,-69.36532330960904,-24.8003380981479,0.4264625940322987
2015-08-10,IH,q1,IH1509,2015-09-18,2617.659,2546.0,-71.6590000000001,2.2936766903910635,-69.36532330960904,-24.8003380981479,0.4264625940322987
2015-08-10,IH,q2,IH1512,2015-12-18,2617.659,2513.0,-104.6590000000001,2.8958663282830366,-101.76313367171707,-10.915079757017399,0.3377805466026283
2015-08-11,IH,current,IH1508,2015-08-21,2590.71,2562.4,-28.309999999999945,0.9680970038278365,-27.34190299617211,-38.52146551950168,1.0
2015-08-11,IH,next,IH1509,2015-09-18,2590.71,2534.0,-56.710000000000036,2.2700631130957207,-54.43993688690431,-20.18403912818867,0.4264625940322987
2015-08-11,IH,q1,IH1509,2015-09-18,2590.71,2534.0,-56.710000000000036,2.2700631130957207,-54.43993688690431,-20.18403912818867,0.4264625940322987
2015-08-11,IH,q2,IH1512,2015-12-18,2590.71,2500.6,-90.11000000000013,2.8660531625189325,-87.24394683748119,-9.528392906712572,0.3377805466026283
2015-08-12,IH,current,IH1508,2015-08-21,2561.127,2548.0,-13.126999999999953,0.9570424227808498,-12.169957577219103,-19.271179860727862,1.0
2015-08-12,IH,next,IH1509,2015-09-18,2561.127,2520.8,-40.32699999999977,2.244141540602192,-38.08285845939758,-14.668630347879386,0.4264625940322987
2015-08-12,IH,q1,IH1509,2015-09-18,2561.127,2520.8,-40.32699999999977,2.244141540602192,-38.08285845939758,-14.668630347879386,0.4264625940322987
2015-08-12,IH,q2,IH1512,2015-12-18,2561.127,2483.4,-77.72699999999986,2.8333260526892725,-74.89367394731059,-8.338672471743019,0.3377805466026283
2015-08-13,IH,current,IH1508,2015-08-21,2580.778,2553.2,-27.577999999999975,0.964385612185384,-26.61361438781459,-47.04961668318781,1.0
2015-08-13,IH,next,IH1509,2015-09-18,2580.778,2524.0,-56.77799999999979,2.2613603764562407,-54.516639623543554,-21.41750091401529,0.4264625940322987
2015-08-13,IH,q1,IH1509,2015-09-18,2580.778,2524.0,-56.77799999999979,2.2613603764562407,-54.516639623543554,-21.41750091401529,0.4264625940322987
2015-08-13,IH,q2,IH1512,2015-12-18,2580.778,2485.4,-95.3779999999997,2.8550655799604296,-92.52293442003928,-10.303573983398737,0.3377805466026283
2015-08-14,IH,current,IH1508,2015-08-21,2577.038,2549.2,-27.838000000000193,0.0,-27.838000000000193,-56.32640485483207,
2015-08-14,IH,next,IH1509,2015-09-18,2577.038,2506.4,-70.63799999999992,1.295095220343261,-69.34290477965666,-28.06118635267608,0.0
2015-08-14,IH,q1,IH1509,2015-09-18,2577.038,2506.4,-70.63799999999992,1.295095220343261,-69.34290477965666,-28.06118635267608,0.0
2015-08-14,IH,q2,IH1512,2015-12-18,2577.038,2457.0,-120.03800000000001,1.8879400408694855,-118.15005995913053,-13.281142704378155,0.0
2015-08-17,IH,current,IH1508,2015-08-21,2550.467,2502.6,-47.86700000000019,0.0,-47.86700000000019,-171.2574108976912,
2015-08-17,IH,next,IH1509,2015-09-18,2550.467,2459.2,-91.26700000000028,1.2817419150758413,-89.98525808492444,-40.243388761006095,0.0
2015-08-17,IH,q1,IH1509,2015-09-18,2550.467,2459.2,-91.26700000000028,1.2817419150758413,-89.98525808492444,-40.243388761006095,0.0
2015-08-17,IH,q2,IH1512,2015-12-18,2550.467,2405.0,-145.4670000000001,1.8684741056267986,-143.5985258943733,-16.707752224291756,0.0
2015-08-18,IH,current,IH1508,2015-08-21,2407.967,2402.6,-5.367000000000189,0.0,-5.367000000000189,-27.11768890520605,
2015-08-18,IH,next,IH1509,2015-09-18,2407.967,2336.0,-71.9670000000001,1.210128276123325,-70.75687172387677,-34.59786212000925,0.0
2015-08-18,IH,q1,IH1509,2015-09-18,2407.967,2336.0,-71.9670000000001,1.210128276123325,-70.75687172387677,-34.59786212000925,0.0
2015-08-18,IH,q2,IH1512,2015-12-18,2407.967,2247.0,-160.9670000000001,1.7640784949202815,-159.20292150507981,-19.78033015135546,0.0
2015-08-19,IH,current,IH1508,2015-08-21,2430.281,2391.0,-39.28099999999995,0.0,-39.28099999999995,-294.97751494580217,
2015-08-19,IH,next,IH1509,2015-09-18,2430.281,2340.6,-89.68100000000004,1.2213422181555105,-88.45965778184453,-44.285379743293404,0.0
2015-08-19,IH,q1,IH1509,2015-09-18,2430.281,2340.6,-89.68100000000004,1.2213422181555105,-88.45965778184453,-44.285379743293404,0.0
2015-08-19,IH,q2,IH1512,2015-12-18,2430.281,2275.6,-154.68100000000004,1.7804257486557566,-152.9005742513443,-18.978422864395654,0.0
2015-08-20,IH,current,IH1508,2015-08-21,2356.917,2357.0,0.08300000000008367,0.0,0.08300000000008367,1.2853655856371073,
2015-08-20,IH,next,IH1509,2015-09-18,2356.917,2283.0,-73.91699999999992,1.1844730040634937,-72.73252699593642,-38.84000297337112,0.0
2015-08-20,IH,q1,IH1509,2015-09-18,2356.917,2283.0,-73.91699999999992,1.1844730040634937,-72.73252699593642,-38.84000297337112,0.0
2015-08-20,IH,q2,IH1512,2015-12-18,2356.917,2217.0,-139.91699999999992,1.726679225260157,-138.19032077473975,-17.833843633717272,0.0
2015-08-21,IH,current,IH1508,2015-08-21,2271.359,2300.8,29.44100000000026,0.0,29.44100000000026,,
2015-08-21,IH,next,IH1509,2015-09-18,2271.359,2224.4,-46.95899999999983,1.1198663531106423,-45.83913364688919,-26.307855751799686,0.7600997211217841
2015-08-21,IH,q1,IH1509,2015-09-18,2271.359,2224.4,-46.95899999999983,1.1198663531106423,-45.83913364688919,-26.307855751799686,0.7600997211217841
2015-08-21,IH,q2,IH1512,2015-12-18,2271.359,2158.0,-113.35899999999992,1.642390048417279,-111.71660995158264,-15.08613082245596,0.5182752437603685
2015-08-24,IH,current,IH1509,2015-09-18,2058.252,2005.2,-53.05199999999991,1.0147964989342002,-52.037203501065704,-36.91205795575854,0.7600997211217841
2015-08-24,IH,next,IH1510,2015-10-16,2058.252,2005.2,-53.05199999999991,1.265638931878817,-51.78636106812109,-17.327417661368745,0.6094522824848625
2015-08-24,IH,q1,IH1512,2015-12-18,2058.252,1943.6,-114.65200000000004,1.4882951580683466,-113.1637048419317,-17.299895764960564,0.6678801289086304
2015-08-24,IH,q2,IH1603,2016-03-18,2058.252,1931.6,-126.65200000000004,1.4882951580683466,-125.1637048419317,-10.722656230407328,0.6678801289086304
2015-08-25,IH,current,IH1509,2015-09-18,1914.052,1809.8,-104.25199999999995,0.9437004158761918,-103.30829958412376,-82.08486792287857,0.7600997211217841
2015-08-25,IH,next,IH1510,2015-10-16,1914.052,1804.8,-109.25199999999995,1.1769689663075822,-108.07503103369237,-39.63338421407902,0.6094522824848625
2015-08-25,IH,q1,IH1512,2015-12-18,1914.052,1750.2,-163.85199999999986,1.3840260200845351,-162.4679739799153,-26.94071121172988,0.6678801289086304
2015-08-25,IH,q2,IH1603,2016-03-18,1914.052,1740.4,-173.65199999999982,1.3840260200845351,-172.26797397991527,-15.94690686662546,0.6678801289086304
2015-08-26,IH,current,IH1509,2015-09-18,1942.45,1829.6,-112.85000000000014,0.9577017096811942,-111.89229829031895,-91.41456022250343,0.7600997211217841
2015-08-26,IH,next,IH1510,2015-10-16,1942.45,1785.0,-157.45000000000005,1.194431169374794,-156.25556883062526,-57.57160592437407,0.6094522824848625
2015-08-26,IH,q1,IH1512,2015-12-18,1942.45,1758.8,-183.6500000000001,1.4045602432500295,-182.24543975675007,-30.039647664716146,0.6678801289086304
2015-08-26,IH,q2,IH1603,2016-03-18,1942.45,1755.2,-187.25,1.4045602432500295,-185.84543975674998,-17.03495786656498,0.6678801289086304
2015-08-27,IH,current,IH1509,2015-09-18,2094.722,2034.2,-60.52200000000016,1.0327775956687741,-59.489222404331386,-47.11748293086788,0.7600997211217841
2015-08-27,IH,next,IH1510,2015-10-16,2094.722,2004.8,-89.92200000000025,1.3361382281663474,-88.5858617718339,-30.871723834207472,0.8145673643660871
2015-08-27,IH,q1,IH1512,2015-12-18,2094.722,1965.6,-129.1220000000003,1.562739681941776,-127.55926031805852,-19.669803403861973,0.8414555948868884
2015-08-27,IH,q2,IH1603,2016-03-18,2094.722,1958.0,-136.7220000000002,1.562739681941776,-135.15926031805844,-11.544685581491484,0.8414555948868884
2015-08-28,IH,current,IH1509,2015-09-18,2159.958,2073.0,-86.95800000000008,1.048624553934164,-85.90937544606592,-69.13036103967907,1.0
2015-08-28,IH,next,IH1510,2015-10-16,2159.958,2008.0,-151.95800000000008,1.3614327571459477,-150.59656724285415,-51.9357670840215,1.0
2015-08-28,IH,q1,IH1512,2015-12-18,2159.958,2001.8,-158.15800000000013,1.5950912678666387,-156.56290873213348,-23.62209526727434,1.0
2015-08-28,IH,q2,IH1603,2016-03-18,2159.958,2026.8,-133.15800000000013,1.5950912678666387,-131.56290873213348,-10.951786954156272,1.0
2015-08-31,IH,current,IH1509,2015-09-18,2210.447,2052.8,-157.64699999999993,1.0731361440222964,-156.57386385597763,-143.63474976235787,1.0
2015-08-31,IH,next,IH1510,2015-10-16,2210.447,2012.0,-198.44700000000012,1.3932562363411642,-197.05374376365896,-70.73585654821176,1.0
2015-08-31,IH,q1,IH1512,2015-12-18,2210.447,1968.8,-241.64700000000016,1.632376512775715,-240.01462348722444,-36.36000742513976,1.0
2015-08-31,IH,q2,IH1603,2016-03-18,2210.447,1964.8,-245.64700000000016,1.632376512775715,-244.01462348722444,-20.14645399162181,1.0
2015-09-01,IH,current,IH1509,2015-09-18,2230.321,2036.0,-194.3209999999999,1.0827846484769605,-193.23821535152294,-186.02426077392624,1.0
2015-09-01,IH,next,IH1510,2015-10-16,2230.321,1956.4,-273.9209999999998,1.405782921867234,-272.5152170781326,-99.1068642222038,1.0
2015-09-01,IH,q1,IH1512,2015-12-18,2230.321,1891.0,-339.3209999999999,1.6470531147548189,-337.6739468852451,-51.168099840666706,1.0
2015-09-01,IH,q2,IH1603,2016-03-18,2230.321,1861.0,-369.3209999999999,1.6470531147548189,-367.6739468852451,-30.236761311570458,1.0
2015-09-02,IH,current,IH1509,2015-09-18,2243.631,2007.8,-235.8309999999999,1.0892464374621462,-234.74175356253775,-238.67767262733457,1.0
2015-09-02,IH,next,IH1510,2015-10-16,2243.631,1928.6,-315.03099999999995,1.41417228406669,-313.61682771593325,-115.95463509851547,1.0
2015-09-02,IH,q1,IH1512,2015-12-18,2243.631,1827.0,-416.63099999999986,1.6568823173482512,-414.9741176826516,-63.09263490562898,1.0
2015-09-02,IH,q2,IH1603,2016-03-18,2243.631,1804.0,-439.63099999999986,1.6568823173482512,-437.9741176826516,-35.985263622741655,1.0
2015-09-07,IH,current,IH1509,2015-09-18,2133.978,2052.4,-81.57799999999997,1.0360116855769046,-80.54198831442307,-125.236980524228,1.0
2015-09-07,IH,next,IH1510,2015-10-16,2133.978,1985.4,-148.57799999999997,1.3450574280744325,-147.23294257192555,-64.57186223695818,1.0
2015-09-07,IH,q1,IH1512,2015-12-18,2133.978,1882.0,-251.97800000000007,1.5759054915047024,-250.40209450849537,-41.98950086370077,1.0
2015-09-07,IH,q2,IH1603,2016-03-18,2133.978,1875.6,-258.37800000000016,1.5759054915047024,-256.80209450849543,-22.75852854177436,1.0
2015-09-08,IH,current,IH1509,2015-09-18,2180.131,2170.4,-9.730999999999767,1.058418218036204,-8.672581781963563,-14.51973459584172,1.0
2015-09-08,IH,next,IH1510,2015-10-16,2180.131,2133.0,-47.13099999999986,1.3741479039265354,-45.756852096073324,-20.159642042595223,1.0
2015-09-08,IH,q1,IH1512,2015-12-18,2180.131,2069.8,-110.33099999999968,1.6099886761248887,-108.72101132387479,-18.02197504119203,1.0
2015-09-08,IH,q2,IH1603,2016-03-18,2180.131,2020.4,-159.73099999999977,1.6099886761248887,-158.12101132387488,-13.787915996890005,1.0
2015-09-09,IH,current,IH1509,2015-09-18,2211.2,2177.8,-33.399999999999636,0.24483668101247213,-33.155163318987164,-60.80978961363521,1.0
2015-09-09,IH,next,IH1510,2015-10-16,2211.2,2136.6,-74.59999999999991,0.5650658238670532,-74.03493417613285,-33.02933343554251,1.0
2015-09-09,IH,q1,IH1512,2015-12-18,2211.2,2110.0,-101.19999999999982,0.8042675578385432,-100.39573244216128,-16.572197151496415,1.0
2015-09-09,IH,q2,IH1603,2016-03-18,2211.2,2090.2,-121.0,0.8042675578385432,-120.19573244216146,-10.387726818014748,1.0
2015-09-10,IH,current,IH1509,2015-09-18,2208.481,2181.6,-26.881000000000313,0.24453561781797464,-26.63646438218234,-55.02826093758873,1.0
2015-09-10,IH,next,IH1510,2015-10-16,2208.481,2123.2,-85.2810000000004,0.5643709912082732,-84.71662900879213,-38.89245542802336,1.0
2015-09-10,IH,q1,IH1512,2015-12-18,2208.481,2082.0,-126.48100000000022,0.803278590992594,-125.67772140900763,-20.98081240906653,1.0
2015-09-10,IH,q2,IH1603,2016-03-18,2208.481,2070.0,-138.48100000000022,0.803278590992594,-137.67772140900763,-11.97593047087873,1.0
2015-09-11,IH,current,IH1509,2015-09-18,2195.391,2176.2,-19.19100000000026,0.24308621832699542,-18.947913781673265,-45.003298340612815,1.0
2015-09-11,IH,next,IH1510,2015-10-16,2195.391,2123.8,-71.5909999999999,0.5610258792173091,-71.02997412078258,-33.74073951693166,1.0
2015-09-11,IH,q1,IH1512,2015-12-18,2195.391,2062.2,-133.19100000000026,0.79851743762243,-132.39248256237784,-22.460438726398923,1.0
2015-09-11,IH,q2,IH1603,2016-03-18,2195.391,2048.0,-147.39100000000008,0.79851743762243,-146.59248256237765,-12.895283086866371,1.0
2015-09-14,IH,current,IH1509,2015-09-18,2228.154,2134.0,-94.154,0.24671392463126984,-93.90728607536873,-384.5802334298885,1.0
2015-09-14,IH,next,IH1510,2015-10-16,2228.154,2057.6,-170.5540000000001,0.5693983699858313,-169.98460163001425,-87.01763263860353,1.0
2015-09-14,IH,q1,IH1512,2015-12-18,2228.154,1976.4,-251.7539999999999,0.8104341425778678,-250.94356585742204,-43.271317652927536,1.0
2015-09-14,IH,q2,IH1603,2016-03-18,2228.154,1963.6,-264.5540000000001,0.8104341425778678,-263.7435658574222,-23.22825525485123,1.0
2015-09-15,IH,current,IH1509,2015-09-18,2175.173,2160.0,-15.172999999999774,0.24084756600395352,-14.932152433995821,-83.52187218225056,1.0
2015-09-15,IH,next,IH1510,2015-10-16,2175.173,2094.4,-80.77299999999968,0.5558592272514334,-80.21714077274825,-43.42147228549417,1.0
2015-09-15,IH,q1,IH1512,2015-12-18,2175.173,1989.6,-185.57299999999987,0.7911636561985969,-184.78183634380127,-32.986063131279565,1.0
2015-09-15,IH,q2,IH1603,2016-03-18,2175.173,1965.2,-209.97299999999973,0.7911636561985969,-209.18183634380114,-18.973668280324148,1.0
2015-09-16,IH,current,IH1509,2015-09-18,2241.949,2243.6,1.65099999999984,0.24824138574494886,1.8992413857447887,15.460278217676848,1.0
2015-09-16,IH,next,IH1510,2015-10-16,2241.949,2200.4,-41.54899999999998,0.5729236427066372,-40.976076357293344,-22.237002819737157,1.0
2015-09-16,IH,q1,IH1512,2015-12-18,2241.949,2111.6,-130.34900000000016,0.8154517217024982,-129.53354827829767,-22.67600004041158,1.0
2015-09-16,IH,q2,IH1603,2016-03-18,2241.949,2073.2,-168.74900000000025,0.8154517217024982,-167.93354827829776,-14.858903997093472,1.0
2015-09-17,IH,current,IH1509,2015-09-18,2194.823,2195.2,0.3769999999999527,0.2430233261260117,0.6200233261259644,10.31101432944602,1.0
2015-09-17,IH,next,IH1510,2015-10-16,2194.823,2155.0,-39.822999999999865,0.5608807284448974,-39.262119271554965,-22.514852284165123,1.0
2015-09-17,IH,q1,IH1512,2015-12-18,2194.823,2071.6,-123.22299999999996,0.7983108421209592,-122.424689157879,-22.129649962773982,1.0
2015-09-17,IH,q2,IH1603,2016-03-18,2194.823,2044.2,-150.62299999999982,0.7983108421209592,-149.82468915787885,-13.615251169108125,1.0
2015-09-18,IH,current,IH1509,2015-09-18,2198.99,2207.6,8.610000000000127,0.0,8.610000000000127,,
2015-09-18,IH,next,IH1510,2015-10-16,2198.99,2151.0,-47.98999999999978,0.3184608732117381,-47.67153912678804,-28.259908576985726,1.0
2015-09-18,IH,q1,IH1512,2015-12-18,2198.99,2084.2,-114.78999999999996,0.556341761863134,-114.23365823813683,-20.836381606021,1.0
2015-09-18,IH,q2,IH1603,2016-03-18,2198.99,2058.0,-140.98999999999978,0.556341761863134,-140.43365823813664,-12.807649420100878,1.0
2015-09-21,IH,current,IH1510,2015-10-16,2214.448,2185.6,-28.847999999999956,0.3206995228545773,-28.527300477145378,-18.808235143309872,1.0
2015-09-21,IH,next,IH1511,2015-11-20,2214.448,2150.2,-64.24800000000005,0.5602526168260399,-63.687747383174006,-17.495727900631454,1.0
2015-09-21,IH,q1,IH1512,2015-12-18,2214.448,2125.8,-88.64799999999968,0.5602526168260399,-88.08774738317365,-16.49909829511914,1.0
2015-09-21,IH,q2,IH1603,2016-03-18,2214.448,2098.0,-116.44799999999987,0.5602526168260399,-115.88774738317383,-10.671165809645169,1.0
2015-09-22,IH,current,IH1510,2015-10-16,2237.314,2194.2,-43.11400000000003,0.32401100964026514,-42.78998899035977,-29.08686111538456,1.0
2015-09-22,IH,next,IH1511,2015-11-20,2237.314,2162.0,-75.31399999999985,0.566037686665722,-74.74796231333413,-20.668705181762032,1.0
2015-09-22,IH,q1,IH1512,2015-12-18,2237.314,2138.6,-98.71399999999994,0.566037686665722,-98.14796231333422,-18.404666788696712,1.0
2015-09-22,IH,q2,IH1603,2016-03-18,2237.314,2107.0,-130.31399999999985,0.566037686665722,-129.74796231333414,-11.891769097050936,1.0
2015-09-23,IH,current,IH1510,2015-10-16,2178.546,2139.2,-39.346000000000004,0.0,-39.346000000000004,-28.661497762428628,
2015-09-23,IH,next,IH1511,2015-11-20,2178.546,2111.4,-67.14599999999973,0.23566931111462266,-66.91033068888511,-19.328195630640856,1.0
2015-09-23,IH,q1,IH1512,2015-12-18,2178.546,2077.0,-101.54599999999982,0.23566931111462266,-101.3103306888852,-19.737012295230183,1.0
2015-09-23,IH,q2,IH1603,2016-03-18,2178.546,2054.0,-124.54599999999982,0.23566931111462266,-124.3103306888852,-11.766846426701377,1.0
2015-09-24,IH,current,IH1510,2015-10-16,2188.088,2153.0,-35.08800000000019,0.0,-35.08800000000019,-26.605045966241818,
2015-09-24,IH,next,IH1511,2015-11-20,2188.088,2115.8,-72.28800000000001,0.2367015392918821,-72.05129846070813,-21.08604049389596,1.0
2015-09-24,IH,q1,IH1512,2015-12-18,2188.088,2091.8,-96.28800000000001,0.2367015392918821,-96.05129846070813,-18.85004514183345,1.0
2015-09-24,IH,q2,IH1603,2016-03-18,2188.088,2069.6,-118.48800000000028,0.2367015392918821,-118.2512984607084,-11.20782472324908,1.0
2015-09-25,IH,current,IH1510,2015-10-16,2183.404,2131.0,-52.403999999999996,0.0,-52.403999999999996,-41.71611980977541,
2015-09-25,IH,next,IH1511,2015-11-20,2183.404,2097.8,-85.60399999999981,0.23619483663182309,-85.36780516336799,-25.48383893471364,1.0
2015-09-25,IH,q1,IH1512,2015-12-18,2183.404,2065.8,-117.60399999999981,0.23619483663182309,-117.36780516336799,-23.35761307345544,1.0
2015-09-25,IH,q2,IH1603,2016-03-18,2183.404,2031.0,-152.404,0.23619483663182309,-152.16780516336817,-14.535952350322024,1.0
2015-09-28,IH,current,IH1510,2015-10-16,2169.941,2136.2,-33.740999999999985,0.0,-33.740999999999985,-31.53046557487046,
2015-09-28,IH,next,IH1511,2015-11-20,2169.941,2094.6,-75.3409999999999,0.23473844510484307,-75.10626155489506,-23.83664971704491,1.0
2015-09-28,IH,q1,IH1512,2015-12-18,2169.941,2069.6,-100.3409999999999,0.23473844510484307,-100.10626155489506,-20.788404702393713,1.0
2015-09-28,IH,q2,IH1603,2016-03-18,2169.941,2032.0,-137.9409999999998,0.23473844510484307,-137.70626155489495,-13.466978913448935,1.0
2015-09-29,IH,current,IH1510,2015-10-16,2127.203,2094.2,-33.003000000000156,0.0,-33.003000000000156,-33.31105792580281,
2015-09-29,IH,next,IH1511,2015-11-20,2127.203,2050.0,-77.20299999999997,0.23011516195249435,-76.97288483804748,-25.39910115074487,1.0
2015-09-29,IH,q1,IH1512,2015-12-18,2127.203,2023.6,-103.60300000000007,0.23011516195249435,-103.37288483804757,-22.17178083490819,1.0
2015-09-29,IH,q2,IH1603,2016-03-18,2127.203,1991.0,-136.20299999999997,0.23011516195249435,-135.9728848380475,-13.64395030790888,1.0
2015-09-30,IH,current,IH1510,2015-10-16,2146.118,2112.6,-33.51800000000003,0.0,-33.51800000000003,-35.62848711021485,
2015-09-30,IH,next,IH1511,2015-11-20,2146.118,2081.0,-65.11799999999994,0.23216133633657118,-64.88583866366336,-21.63809452306044,1.0
2015-09-30,IH,q1,IH1512,2015-12-18,2146.118,2042.4,-103.71799999999985,0.23216133633657118,-103.48583866366327,-22.27886693893912,1.0
2015-09-30,IH,q2,IH1603,2016-03-18,2146.118,2022.0,-124.11799999999994,0.23216133633657118,-123.88583866366336,-12.39401482179263,1.0
2015-10-08,IH,current,IH1510,2015-10-16,2191.343,2171.0,-20.342999999999847,0.0,-20.342999999999847,-42.35527596546926,
2015-10-08,IH,next,IH1511,2015-11-20,2191.343,2150.0,-41.34299999999985,0.2370536565332339,-41.10594634346661,-15.922772829228165,1.0
2015-10-08,IH,q1,IH1512,2015-12-18,2191.343,2109.8,-81.54299999999967,0.2370536565332339,-81.30594634346643,-19.07420579324408,1.0
2015-10-08,IH,q2,IH1603,2016-03-18,2191.343,2083.2,-108.14300000000003,0.2370536565332339,-107.9059463434668,-11.094631115123022,1.0
2015-10-09,IH,current,IH1510,2015-10-16,2219.294,2207.4,-11.893999999999778,0.0,-11.893999999999778,-27.945244877746315,
2015-10-09,IH,next,IH1511,2015-11-20,2219.294,2179.0,-40.29399999999987,0.24007732136058427,-40.05392267863928,-15.68461237555227,1.0
2015-10-09,IH,q1,IH1512,2015-12-18,2219.294,2146.4,-72.89399999999978,0.24007732136058427,-72.65392267863919,-17.07021742545365,1.0
2015-10-09,IH,q2,IH1603,2016-03-18,2219.294,2116.8,-102.49399999999969,0.24007732136058427,-102.2539226786391,-10.445569592870209,1.0
2015-10-12,IH,current,IH1510,2015-10-16,2283.429,2276.2,-7.229000000000269,0.0,-7.229000000000269,-28.88840642735222,
2015-10-12,IH,next,IH1511,2015-11-20,2283.429,2253.0,-30.429000000000087,0.24701527505462442,-30.181984724945462,-12.370536642204348,1.0
2015-10-12,IH,q1,IH1512,2015-12-18,2283.429,2217.0,-66.42900000000009,0.24701527505462442,-66.18198472494547,-15.789571216290687,1.0
2015-10-12,IH,q2,IH1603,2016-03-18,2283.429,2181.8,-101.6289999999999,0.24701527505462442,-101.38198472494528,-10.256733092084186,1.0
2015-10-13,IH,current,IH1510,2015-10-16,2270.948,2262.0,-8.947999999999865,0.0,-8.947999999999865,-47.9391572741127,
2015-10-13,IH,next,IH1511,2015-11-20,2270.948,2241.8,-29.147999999999683,0.24566511367541935,-28.902334886324265,-12.224609830817185,1.0
2015-10-13,IH,q1,IH1512,2015-12-18,2270.948,2209.0,-61.947999999999865,0.24566511367541935,-61.702334886324444,-15.02599837594751,1.0
2015-10-13,IH,q2,IH1603,2016-03-18,2270.948,2182.8,-88.14799999999968,0.24566511367541935,-87.90233488632427,-8.998837992927188,1.0
2015-10-14,IH,current,IH1510,2015-10-16,2253.908,2240.0,-13.907999999999902,0.0,-13.907999999999902,-112.61373578690798,
2015-10-14,IH,next,IH1511,2015-11-20,2253.908,2215.4,-38.50799999999981,0.24382177180364195,-38.26417822819617,-16.747398180682598,1.0
2015-10-14,IH,q1,IH1512,2015-12-18,2253.908,2190.6,-63.30799999999999,0.24382177180364195,-63.064178228196354,-15.711804395054601,1.0
2015-10-14,IH,q2,IH1603,2016-03-18,2253.908,2159.6,-94.30799999999999,0.24382177180364195,-94.06417822819635,-9.764642480257443,1.0
2015-10-15,IH,current,IH1510,2015-10-16,2297.901,2297.0,-0.9009999999998399,0.0,-0.9009999999998399,-14.311539095894105,
2015-10-15,IH,next,IH1511,2015-11-20,2297.901,2287.0,-10.90099999999984,0.24858081751755645,-10.652419182482284,-4.700102157971841,1.0
2015-10-15,IH,q1,IH1512,2015-12-18,2297.901,2262.2,-35.70100000000002,0.24858081751755645,-35.452419182482465,-8.798881159375245,1.0
2015-10-15,IH,q2,IH1603,2016-03-18,2297.901,2238.2,-59.70100000000002,0.24858081751755645,-59.452419182482465,-6.092553947053336,1.0
2015-10-16,IH,current,IH1510,2015-10-16,2323.775,2316.6,-7.175000000000182,0.0,-7.175000000000182,,
2015-10-16,IH,next,IH1511,2015-11-20,2323.775,2291.0,-32.77500000000009,0.25137979800994903,-32.52362020199014,-14.595857877470191,1.0
2015-10-16,IH,q1,IH1512,2015-12-18,2323.775,2272.6,-51.17500000000018,0.25137979800994903,-50.92362020199023,-12.696309780371692,1.0
2015-10-16,IH,q2,IH1603,2016-03-18,2323.775,2245.8,-77.97499999999991,0.25137979800994903,-77.72362020198996,-7.927405788226735,1.0
2015-10-19,IH,current,IH1511,2015-11-20,2318.472,2263.2,-55.27200000000039,0.2508061335764962,-55.02119386642389,-27.068926971682107,1.0
2015-10-19,IH,next,IH1512,2015-12-18,2318.472,2239.4,-79.07200000000012,0.2508061335764962,-78.82119386642363,-20.68153490836826,1.0
2015-10-19,IH,q1,IH1512,2015-12-18,2318.472,2239.4,-79.07200000000012,0.2508061335764962,-78.82119386642363,-20.68153490836826,1.0
2015-10-19,IH,q2,IH1603,2016-03-18,2318.472,2206.0,-112.47200000000021,0.2508061335764962,-112.22119386642372,-11.70008310373037,1.0
2015-10-20,IH,current,IH1511,2015-11-20,2337.08,2298.0,-39.07999999999993,0.25281909751722587,-38.8271809024827,-19.561108001611863,1.0
2015-10-20,IH,next,IH1512,2015-12-18,2337.08,2264.2,-72.88000000000011,0.25281909751722587,-72.62718090248288,-19.225004974631716,1.0
2015-10-20,IH,q1,IH1512,2015-12-18,2337.08,2264.2,-72.88000000000011,0.25281909751722587,-72.62718090248288,-19.225004974631716,1.0
2015-10-20,IH,q2,IH1603,2016-03-18,2337.08,2223.8,-113.27999999999975,0.25281909751722587,-113.02718090248251,-11.768223888900144,1.0
2015-10-21,IH,current,IH1511,2015-11-20,2340.36,2251.0,-89.36000000000013,0.2531739191920751,-89.10682608080805,-46.3233455814418,1.0
2015-10-21,IH,next,IH1512,2015-12-18,2340.36,2215.8,-124.55999999999995,0.2531739191920751,-124.30682608080787,-33.42544377161461,1.0
2015-10-21,IH,q1,IH1512,2015-12-18,2340.36,2215.8,-124.55999999999995,0.2531739191920751,-124.30682608080787,-33.42544377161461,1.0
2015-10-21,IH,q2,IH1603,2016-03-18,2340.36,2174.6,-165.76000000000022,0.2531739191920751,-165.50682608080814,-17.32366749964096,1.0
2015-10-22,IH,current,IH1511,2015-11-20,2331.791,2291.0,-40.79100000000017,0.0,-40.79100000000017,-22.017580714448396,
2015-10-22,IH,next,IH1512,2015-12-18,2331.791,2256.6,-75.19100000000026,0.0,-75.19100000000026,-20.648772899036707,
2015-10-22,IH,q1,IH1512,2015-12-18,2331.791,2256.6,-75.19100000000026,0.0,-75.19100000000026,-20.648772899036707,
2015-10-22,IH,q2,IH1603,2016-03-18,2331.791,2219.6,-112.19100000000026,0.0,-112.19100000000026,-11.865868918505736,
2015-10-23,IH,current,IH1511,2015-11-20,2343.965,2320.0,-23.965000000000146,0.0,-23.965000000000146,-13.327882150848872,
2015-10-23,IH,next,IH1512,2015-12-18,2343.965,2292.6,-51.36500000000024,0.0,-51.36500000000024,-14.283051672821848,
2015-10-23,IH,q1,IH1512,2015-12-18,2343.965,2292.6,-51.36500000000024,0.0,-51.36500000000024,-14.283051672821848,
2015-10-23,IH,q2,IH1603,2016-03-18,2343.965,2249.6,-94.36500000000024,0.0,-94.36500000000024,-9.996209544990009,
2015-10-26,IH,current,IH1511,2015-11-20,2350.02,2316.4,-33.61999999999989,0.0,-33.61999999999989,-20.88714138603069,
2015-10-26,IH,next,IH1512,2015-12-18,2350.02,2290.0,-60.01999999999998,0.0,-60.01999999999998,-17.58901128581322,
2015-10-26,IH,q1,IH1512,2015-12-18,2350.02,2290.0,-60.01999999999998,0.0,-60.01999999999998,-17.58901128581322,
2015-10-26,IH,q2,IH1603,2016-03-18,2350.02,2263.0,-87.01999999999998,0.0,-87.01999999999998,-9.385942578266473,
2015-10-27,IH,current,IH1511,2015-11-20,2349.904,2314.8,-35.103999999999814,0.0,-35.103999999999814,-22.718942277358163,
2015-10-27,IH,next,IH1512,2015-12-18,2349.904,2292.2,-57.70400000000018,0.0,-57.70400000000018,-17.236350604437185,
2015-10-27,IH,q1,IH1512,2015-12-18,2349.904,2292.2,-57.70400000000018,0.0,-57.70400000000018,-17.236350604437185,
2015-10-27,IH,q2,IH1603,2016-03-18,2349.904,2253.8,-96.10399999999981,0.0,-96.10399999999981,-10.43874216054865,
2015-10-28,IH,current,IH1511,2015-11-20,2310.703,2279.0,-31.702999999999975,0.0,-31.702999999999975,-21.7731498200745,
2015-10-28,IH,next,IH1512,2015-12-18,2310.703,2249.4,-61.302999999999884,0.0,-61.302999999999884,-18.987172166338308,
2015-10-28,IH,q1,IH1512,2015-12-18,2310.703,2249.4,-61.302999999999884,0.0,-61.302999999999884,-18.987172166338308,
2015-10-28,IH,q2,IH1603,2016-03-18,2310.703,2222.8,-87.90299999999979,0.0,-87.90299999999979,-9.778316473933495,
2015-10-29,IH,current,IH1511,2015-11-20,2307.345,2287.4,-19.94499999999971,0.0,-19.94499999999971,-14.341404593512328,
2015-10-29,IH,next,IH1512,2015-12-18,2307.345,2261.0,-46.3449999999998,0.0,-46.3449999999998,-14.662675065930694,
2015-10-29,IH,q1,IH1512,2015-12-18,2307.345,2261.0,-46.3449999999998,0.0,-46.3449999999998,-14.662675065930694,
2015-10-29,IH,q2,IH1603,2016-03-18,2307.345,2225.0,-82.3449999999998,0.0,-82.3449999999998,-9.238435892876087,
2015-10-30,IH,current,IH1511,2015-11-20,2312.974,2286.2,-26.774000000000342,0.0,-26.774000000000342,-20.119448772343524,
2015-10-30,IH,next,IH1512,2015-12-18,2312.974,2263.8,-49.17399999999998,0.0,-49.17399999999998,-15.83658624995263,
2015-10-30,IH,q1,IH1512,2015-12-18,2312.974,2263.8,-49.17399999999998,0.0,-49.17399999999998,-15.83658624995263,
2015-10-30,IH,q2,IH1603,2016-03-18,2312.974,2225.0,-87.97400000000016,0.0,-87.97400000000016,-9.916271679417326,
2015-11-02,IH,current,IH1511,2015-11-20,2280.092,2266.6,-13.49200000000019,0.0,-13.49200000000019,-11.99897976826293,
2015-11-02,IH,next,IH1512,2015-12-18,2280.092,2243.8,-36.291999999999916,0.0,-36.291999999999916,-12.629715398974337,
2015-11-02,IH,q1,IH1512,2015-12-18,2280.092,2243.8,-36.291999999999916,0.0,-36.291999999999916,-12.629715398974337,
2015-11-02,IH,q2,IH1603,2016-03-18,2280.092,2208.2,-71.89200000000028,0.0,-71.89200000000028,-8.40041017169358,
2015-11-03,IH,current,IH1511,2015-11-20,2271.653,2251.0,-20.652999999999793,0.0,-20.652999999999793,-19.520237414055977,
2015-11-03,IH,next,IH1512,2015-12-18,2271.653,2228.0,-43.65299999999979,0.0,-43.65299999999979,-15.586638158791494,
2015-11-03,IH,q1,IH1512,2015-12-18,2271.653,2228.0,-43.65299999999979,0.0,-43.65299999999979,-15.586638158791494,
2015-11-03,IH,q2,IH1603,2016-03-18,2271.653,2195.0,-76.65299999999979,0.0,-76.65299999999979,-9.05609813646712,
2015-11-04,IH,current,IH1511,2015-11-20,2370.503,2367.2,-3.3030000000003383,0.0,-3.3030000000003383,-3.178637086728332,
2015-11-04,IH,next,IH1512,2015-12-18,2370.503,2351.0,-19.503000000000156,0.0,-19.503000000000156,-6.824975543165365,
2015-11-04,IH,q1,IH1512,2015-12-18,2370.503,2351.0,-19.503000000000156,0.0,-19.503000000000156,-6.824975543165365,
2015-11-04,IH,q2,IH1603,2016-03-18,2370.503,2309.8,-60.702999999999975,0.0,-60.702999999999975,-6.923548543322909,
2015-11-05,IH,current,IH1511,2015-11-20,2440.651,2424.0,-16.65099999999984,0.0,-16.65099999999984,-16.60107624290935,
2015-11-05,IH,next,IH1512,2015-12-18,2440.651,2402.0,-38.65099999999984,0.0,-38.65099999999984,-13.442481934837897,
2015-11-05,IH,q1,IH1512,2015-12-18,2440.651,2402.0,-38.65099999999984,0.0,-38.65099999999984,-13.442481934837897,
2015-11-05,IH,q2,IH1603,2016-03-18,2440.651,2362.0,-78.65099999999984,0.0,-78.65099999999984,-8.777819230845395,
2015-11-06,IH,current,IH1511,2015-11-20,2493.484,2486.8,-6.683999999999742,0.0,-6.683999999999742,-6.98867241864884,
2015-11-06,IH,next,IH1512,2015-12-18,2493.484,2472.0,-21.483999999999924,0.0,-21.483999999999924,-7.487763726424144,
2015-11-06,IH,q1,IH1512,2015-12-18,2493.484,2472.0,-21.483999999999924,0.0,-21.483999999999924,-7.487763726424144,
2015-11-06,IH,q2,IH1603,2016-03-18,2493.484,2429.0,-64.48399999999992,0.0,-64.48399999999992,-7.097192860313218,
2015-11-09,IH,current,IH1511,2015-11-20,2534.084,2507.0,-27.083999999999833,0.0,-27.083999999999833,-35.46434781310951,
2015-11-09,IH,next,IH1512,2015-12-18,2534.084,2482.2,-51.884000000000015,0.0,-51.884000000000015,-19.161994063378554,
2015-11-09,IH,q1,IH1512,2015-12-18,2534.084,2482.2,-51.884000000000015,0.0,-51.884000000000015,-19.161994063378554,
2015-11-09,IH,q2,IH1603,2016-03-18,2534.084,2476.0,-58.08399999999983,0.0,-58.08399999999983,-6.435540416181924,
2015-11-10,IH,current,IH1511,2015-11-20,2522.683,2497.0,-25.682999999999993,0.0,-25.682999999999993,-37.160019709174705,
2015-11-10,IH,next,IH1512,2015-12-18,2522.683,2473.6,-49.083000000000084,0.0,-49.083000000000084,-18.688639499253302,
2015-11-10,IH,q1,IH1512,2015-12-18,2522.683,2473.6,-49.083000000000084,0.0,-49.083000000000084,-18.688639499253302,
2015-11-10,IH,q2,IH1603,2016-03-18,2522.683,2452.6,-70.08300000000008,0.0,-70.08300000000008,-7.86055403969173,
2015-11-11,IH,current,IH1511,2015-11-20,2505.83,2498.4,-7.429999999999836,0.0,-7.429999999999836,-12.025068651016674,
2015-11-11,IH,next,IH1512,2015-12-18,2505.83,2479.4,-26.429999999999836,0.0,-26.429999999999836,-10.404870976018994,
2015-11-11,IH,q1,IH1512,2015-12-18,2505.83,2479.4,-26.429999999999836,0.0,-26.429999999999836,-10.404870976018994,
2015-11-11,IH,q2,IH1603,2016-03-18,2505.83,2462.0,-43.82999999999993,0.0,-43.82999999999993,-4.98772799331957,
2015-11-12,IH,current,IH1511,2015-11-20,2476.429,2462.0,-14.429000000000087,0.0,-14.429000000000087,-26.58356548885528,
2015-11-12,IH,next,IH1512,2015-12-18,2476.429,2440.8,-35.628999999999905,0.0,-35.628999999999905,-14.587071635093164,
2015-11-12,IH,q1,IH1512,2015-12-18,2476.429,2440.8,-35.628999999999905,0.0,-35.628999999999905,-14.587071635093164,
2015-11-12,IH,q2,IH1603,2016-03-18,2476.429,2418.0,-58.42900000000009,0.0,-58.42900000000009,-6.78096832744781,
2015-11-13,IH,current,IH1511,2015-11-20,2447.773,2436.2,-11.57300000000032,0.0,-11.57300000000032,-24.65299215712823,
2015-11-13,IH,next,IH1512,2015-12-18,2447.773,2414.4,-33.37300000000005,0.0,-33.37300000000005,-14.218341091502962,
2015-11-13,IH,q1,IH1512,2015-12-18,2447.773,2414.4,-33.37300000000005,0.0,-33.37300000000005,-14.218341091502962,
2015-11-13,IH,q2,IH1603,2016-03-18,2447.773,2391.6,-56.17300000000023,0.0,-56.17300000000023,-6.647813053574561,
2015-11-16,IH,current,IH1511,2015-11-20,2447.293,2433.4,-13.893000000000029,0.0,-13.893000000000029,-51.80157218608489,
2015-11-16,IH,next,IH1512,2015-12-18,2447.293,2413.4,-33.89300000000003,0.0,-33.89300000000003,-15.79672034570443,
2015-11-16,IH,q1,IH1512,2015-12-18,2447.293,2413.4,-33.89300000000003,0.0,-33.89300000000003,-15.79672034570443,
2015-11-16,IH,q2,IH1603,2016-03-18,2447.293,2366.0,-81.29300000000012,0.0,-81.29300000000012,-9.857231038672214,
2015-11-17,IH,current,IH1511,2015-11-20,2453.257,2418.0,-35.25700000000006,0.0,-35.25700000000006,-174.85333443119387,
2015-11-17,IH,next,IH1512,2015-12-18,2453.257,2383.0,-70.25700000000006,0.0,-70.25700000000006,-33.71923594344307,
2015-11-17,IH,q1,IH1512,2015-12-18,2453.257,2383.0,-70.25700000000006,0.0,-70.25700000000006,-33.71923594344307,
2015-11-17,IH,q2,IH1603,2016-03-18,2453.257,2355.4,-97.85699999999997,0.0,-97.85699999999997,-11.93388599085309,
2015-11-18,IH,current,IH1511,2015-11-20,2439.447,2425.0,-14.447000000000116,0.0,-14.447000000000116,-108.08095031374,
2015-11-18,IH,next,IH1512,2015-12-18,2439.447,2383.0,-56.447000000000116,0.0,-56.447000000000116,-28.15276713670495,
2015-11-18,IH,q1,IH1512,2015-12-18,2439.447,2383.0,-56.447000000000116,0.0,-56.447000000000116,-28.15276713670495,
2015-11-18,IH,q2,IH1603,2016-03-18,2439.447,2340.2,-99.2470000000003,0.0,-99.2470000000003,-12.272512839221045,
2015-11-19,IH,current,IH1511,2015-11-20,2468.488,2471.6,3.11200000000008,0.0,3.11200000000008,46.01521255116611,
2015-11-19,IH,next,IH1512,2015-12-18,2468.488,2438.6,-29.88799999999992,0.0,-29.88799999999992,-15.23914848782481,
2015-11-19,IH,q1,IH1512,2015-12-18,2468.488,2438.6,-29.88799999999992,0.0,-29.88799999999992,-15.23914848782481,
2015-11-19,IH,q2,IH1603,2016-03-18,2468.488,2393.8,-74.68799999999965,0.0,-74.68799999999965,-9.203042510232942,
2015-11-20,IH,current,IH1511,2015-11-20,2466.757,2468.6,1.8429999999998472,0.0,1.8429999999998472,,
2015-11-20,IH,next,IH1512,2015-12-18,2466.757,2413.2,-53.557000000000244,0.0,-53.557000000000244,-28.302493922182165,
2015-11-20,IH,q1,IH1512,2015-12-18,2466.757,2413.2,-53.557000000000244,0.0,-53.557000000000244,-28.302493922182165,
2015-11-20,IH,q2,IH1603,2016-03-18,2466.757,2363.0,-103.75700000000006,0.0,-103.75700000000006,-12.901402955548596,
2015-11-23,IH,current,IH1512,2015-12-18,2456.84,2409.2,-47.64000000000033,0.0,-47.64000000000033,-28.310512691099333,
2015-11-23,IH,next,IH1601,2016-01-15,2456.84,2382.8,-74.03999999999996,0.0,-74.03999999999996,-20.754225476935694,
2015-11-23,IH,q1,IH1603,2016-03-18,2456.84,2344.6,-112.24000000000024,0.0,-112.24000000000024,-14.374927366749244,
2015-11-23,IH,q2,IH1606,2016-06-17,2456.84,2316.2,-140.64000000000033,5.9207784526978156,-134.7192215473025,-9.668858607810146,0.0
2015-11-24,IH,current,IH1512,2015-12-18,2447.904,2405.0,-42.903999999999996,0.0,-42.903999999999996,-26.65538899128942,
2015-11-24,IH,next,IH1601,2016-01-15,2447.904,2381.6,-66.30400000000009,0.0,-66.30400000000009,-19.012309180551096,
2015-11-24,IH,q1,IH1603,2016-03-18,2447.904,2348.4,-99.5039999999999,0.0,-99.5039999999999,-12.901528960214966,
2015-11-24,IH,q2,IH1606,2016-06-17,2447.904,2302.2,-145.70400000000018,5.899243441767796,-139.80475655823238,-10.119363805829419,0.0
2015-11-25,IH,current,IH1512,2015-12-18,2459.563,2430.0,-29.563000000000102,0.0,-29.563000000000102,-19.074606201253665,
2015-11-25,IH,next,IH1601,2016-01-15,2459.563,2396.4,-63.16300000000001,0.0,-63.16300000000001,-18.379237351050875,
2015-11-25,IH,q1,IH1603,2016-03-18,2459.563,2360.0,-99.5630000000001,0.0,-99.5630000000001,-12.960687403812177,
2015-11-25,IH,q2,IH1606,2016-06-17,2459.563,2333.2,-126.36300000000028,5.92734065443936,-120.43565934556092,-8.7183870767782,0.0
2015-11-26,IH,current,IH1512,2015-12-18,2450.962,2415.0,-35.96199999999999,0.0,-35.96199999999999,-24.34318739855096,
2015-11-26,IH,next,IH1601,2016-01-15,2450.962,2388.0,-62.96199999999999,0.0,-62.96199999999999,-18.752742800581974,
2015-11-26,IH,q1,IH1603,2016-03-18,2450.962,2358.2,-92.76200000000017,0.0,-92.76200000000017,-12.22497407248865,
2015-11-26,IH,q2,IH1606,2016-06-17,2450.962,2342.0,-108.96199999999999,5.906612965427599,-103.05538703457239,-7.523099706863985,0.0
2015-11-27,IH,current,IH1512,2015-12-18,2334.44,2318.0,-16.440000000000055,0.0,-16.440000000000055,-12.240317041468536,
2015-11-27,IH,next,IH1601,2016-01-15,2334.44,2284.0,-50.440000000000055,0.0,-50.440000000000055,-16.09493200134702,
2015-11-27,IH,q1,IH1603,2016-03-18,2334.44,2255.0,-79.44000000000005,0.0,-79.44000000000005,-11.08999527571006,
2015-11-27,IH,q2,IH1606,2016-06-17,2334.44,2227.0,-107.44000000000005,5.6258047130117905,-101.81419528698827,-7.841920649601835,0.0
2015-11-30,IH,current,IH1512,2015-12-18,2336.29,2306.0,-30.289999999999964,0.0,-30.289999999999964,-26.29013901908103,
2015-11-30,IH,next,IH1601,2016-01-15,2336.29,2284.8,-51.48999999999978,0.0,-51.48999999999978,-17.487638800052103,
2015-11-30,IH,q1,IH1603,2016-03-18,2336.29,2261.0,-75.28999999999996,0.0,-75.28999999999996,-10.791378206826067,
2015-11-30,IH,q2,IH1606,2016-06-17,2336.29,2233.8,-102.48999999999978,5.630263057933515,-96.85973694206626,-7.566227648077548,0.0
2015-12-01,IH,current,IH1512,2015-12-18,2344.833,2321.8,-23.0329999999999,0.0,-23.0329999999999,-21.09028910901234,
2015-12-01,IH,next,IH1601,2016-01-15,2344.833,2289.0,-55.833000000000084,0.0,-55.833000000000084,-19.313429428307575,
2015-12-01,IH,q1,IH1603,2016-03-18,2344.833,2255.0,-89.83300000000008,0.0,-89.83300000000008,-12.947713910479713,
2015-12-01,IH,q2,IH1606,2016-06-17,2344.833,2223.2,-121.63300000000027,5.6508509718071895,-115.98214902819308,-9.072333823486309,0.0
2015-12-02,IH,current,IH1512,2015-12-18,2458.411,2448.0,-10.411000000000058,0.0,-10.411000000000058,-9.660749870546516,
2015-12-02,IH,next,IH1601,2016-01-15,2458.411,2418.4,-40.01099999999997,0.0,-40.01099999999997,-13.500974077084003,
2015-12-02,IH,q1,IH1603,2016-03-18,2458.411,2389.0,-69.41100000000006,0.0,-69.41100000000006,-9.631255356467877,
2015-12-02,IH,q2,IH1606,2016-06-17,2458.411,2359.2,-99.21100000000024,5.9245644310070205,-93.28643556899323,-6.995063848333627,0.0
2015-12-03,IH,current,IH1512,2015-12-18,2461.449,2438.2,-23.24900000000025,0.0,-23.24900000000025,-22.98344051274972,
2015-12-03,IH,next,IH1601,2016-01-15,2461.449,2409.6,-51.84900000000016,0.0,-51.84900000000016,-17.88026502483554,
2015-12-03,IH,q1,IH1603,2016-03-18,2461.449,2375.6,-85.84900000000016,0.0,-85.84900000000016,-12.009678959081013,
2015-12-03,IH,q2,IH1606,2016-06-17,2461.449,2347.6,-113.84900000000016,5.931885756343346,-107.91711424365681,-8.123180808802893,0.0
2015-12-04,IH,current,IH1512,2015-12-18,2397.562,2378.0,-19.561999999999898,0.0,-19.561999999999898,-21.271995707067557,
2015-12-04,IH,next,IH1601,2016-01-15,2397.562,2348.2,-49.36200000000008,0.0,-49.36200000000008,-17.892312512222265,
2015-12-04,IH,q1,IH1603,2016-03-18,2397.562,2312.6,-84.96199999999999,0.0,-84.96199999999999,-12.318517528977154,
2015-12-04,IH,q2,IH1606,2016-06-17,2397.562,2282.8,-114.76199999999972,5.7779234417410485,-108.98407655825866,-8.465059111272629,0.0
2015-12-07,IH,current,IH1512,2015-12-18,2395.584,2368.0,-27.583999999999833,0.0,-27.583999999999833,-38.20727107574884,
2015-12-07,IH,next,IH1601,2016-01-15,2395.584,2337.0,-58.58399999999983,0.0,-58.58399999999983,-22.88736916952828,
2015-12-07,IH,q1,IH1603,2016-03-18,2395.584,2299.0,-96.58399999999983,0.0,-96.58399999999983,-14.427346972023269,
2015-12-07,IH,q2,IH1606,2016-06-17,2395.584,2273.4,-122.18399999999974,5.773156627549064,-116.41084337245067,-9.190043927576417,0.0
2015-12-08,IH,current,IH1512,2015-12-18,2364.344,2337.0,-27.34400000000005,0.0,-27.34400000000005,-42.21280828847249,
2015-12-08,IH,next,IH1601,2016-01-15,2364.344,2307.8,-56.54399999999987,0.0,-56.54399999999987,-22.971276599344204,
2015-12-08,IH,q1,IH1603,2016-03-18,2364.344,2270.2,-94.14400000000023,0.0,-94.14400000000023,-14.389757426864893,
2015-12-08,IH,q2,IH1606,2016-06-17,2364.344,2220.0,-144.34400000000005,5.697870846276259,-138.6461291537238,-11.14778849622885,0.0
2015-12-09,IH,current,IH1512,2015-12-18,2369.738,2352.0,-17.73799999999983,0.0,-17.73799999999983,-30.356707975499297,
2015-12-09,IH,next,IH1601,2016-01-15,2369.738,2319.2,-50.53800000000001,0.0,-50.53800000000001,-21.03821352995735,
2015-12-09,IH,q1,IH1603,2016-03-18,2369.738,2268.4,-101.33799999999974,0.0,-101.33799999999974,-15.608632684288267,
2015-12-09,IH,q2,IH1606,2016-06-17,2369.738,2230.0,-139.73799999999983,5.710869934118304,-134.02713006588152,-10.808162921098313,0.0
2015-12-10,IH,current,IH1512,2015-12-18,2357.209,2329.0,-28.208999999999833,0.0,-28.208999999999833,-54.59997925512725,
2015-12-10,IH,next,IH1601,2016-01-15,2357.209,2299.8,-57.40899999999965,0.0,-57.40899999999965,-24.69290895386106,
2015-12-10,IH,q1,IH1603,2016-03-18,2357.209,2247.8,-109.40899999999965,0.0,-109.40899999999965,-17.112467166111063,
2015-12-10,IH,q2,IH1606,2016-06-17,2357.209,2229.0,-128.20899999999983,5.680676094375443,-122.52832390562439,-9.985680484074914,0.0
2015-12-11,IH,current,IH1512,2015-12-18,2342.453,2340.0,-2.4529999999999745,0.0,-2.4529999999999745,-5.4603626442633955,
2015-12-11,IH,next,IH1601,2016-01-15,2342.453,2307.8,-34.65299999999979,0.0,-34.65299999999979,-15.427472214566675,
2015-12-11,IH,q1,IH1603,2016-03-18,2342.453,2257.8,-84.65299999999979,0.0,-84.65299999999979,-13.459789148122791,
2015-12-11,IH,q2,IH1606,2016-06-17,2342.453,2214.2,-128.25300000000016,5.645115371313294,-122.60788462868686,-10.108310505935965,0.0
2015-12-14,IH,current,IH1512,2015-12-18,2414.917,2413.8,-1.1169999999997344,0.0,-1.1169999999997344,-4.220693713281896,
2015-12-14,IH,next,IH1601,2016-01-15,2414.917,2384.8,-30.116999999999734,0.0,-30.116999999999734,-14.225003644017454,
2015-12-14,IH,q1,IH1603,2016-03-18,2414.917,2335.0,-79.91699999999992,0.0,-79.91699999999992,-12.714703085687384,
2015-12-14,IH,q2,IH1606,2016-06-17,2414.917,2287.0,-127.91699999999992,5.819747536939177,-122.09725246306074,-9.921643147061648,0.0
2015-12-15,IH,current,IH1512,2015-12-18,2383.832,2372.6,-11.231999999999971,0.0,-11.231999999999971,-57.32618741589158,
2015-12-15,IH,next,IH1601,2016-01-15,2383.832,2341.0,-42.83199999999988,0.0,-42.83199999999988,-21.155528496325022,
2015-12-15,IH,q1,IH1603,2016-03-18,2383.832,2282.2,-101.63200000000006,0.0,-101.63200000000006,-16.554643683658142,
2015-12-15,IH,q2,IH1606,2016-06-17,2383.832,2245.8,-138.0319999999997,5.7448352926733275,-132.28716470732638,-10.948716211493892,0.0
2015-12-16,IH,current,IH1512,2015-12-18,2376.535,2374.0,-2.5349999999998545,0.0,-2.5349999999998545,-19.46689192458657,
2015-12-16,IH,next,IH1601,2016-01-15,2376.535,2343.0,-33.534999999999854,0.0,-33.534999999999854,-17.168237230533737,
2015-12-16,IH,q1,IH1603,2016-03-18,2376.535,2293.4,-83.13499999999976,0.0,-83.13499999999976,-13.729338170139279,
2015-12-16,IH,q2,IH1606,2016-06-17,2376.535,2241.0,-135.53499999999985,5.727250134352339,-129.8077498656475,-10.83506319187236,0.0
2015-12-17,IH,current,IH1512,2015-12-18,2408.321,2403.6,-4.721000000000004,0.0,-4.721000000000004,-71.55047022386141,
2015-12-17,IH,next,IH1601,2016-01-15,2408.321,2378.2,-30.121000000000095,0.0,-30.121000000000095,-15.741636514859758,
2015-12-17,IH,q1,IH1603,2016-03-18,2408.321,2330.4,-77.92099999999982,0.0,-77.92099999999982,-12.836457342110386,
2015-12-17,IH,q2,IH1606,2016-06-17,2408.321,2284.6,-123.721,5.803851729856097,-117.91714827014391,-9.765722282819093,0.0
2015-12-18,IH,current,IH1512,2015-12-18,2422.835,2430.2,7.364999999999782,0.0,7.364999999999782,,
2015-12-18,IH,next,IH1601,2016-01-15,2422.835,2397.0,-25.835000000000036,0.0,-25.835000000000036,-13.900149146410259,
2015-12-18,IH,q1,IH1603,2016-03-18,2422.835,2347.2,-75.63500000000022,0.0,-75.63500000000022,-12.52132951051783,
2015-12-18,IH,q2,IH1606,2016-06-17,2422.835,2301.8,-121.03499999999985,5.838829253204161,-115.19617074679569,-9.535328963247833,0.0
2015-12-21,IH,current,IH1601,2016-01-15,2500.064,2466.2,-33.86400000000003,0.0,-33.86400000000003,-19.776069732614864,
2015-12-21,IH,next,IH1602,2016-02-19,2500.064,2433.2,-66.86400000000003,0.0,-66.86400000000003,-16.2698234925186,
2015-12-21,IH,q1,IH1603,2016-03-18,2500.064,2422.8,-77.26399999999967,0.0,-77.26399999999967,-12.818471847120657,
2015-12-21,IH,q2,IH1606,2016-06-17,2500.064,2369.6,-130.46399999999994,6.024944669398703,-124.43905533060124,-10.149517869698839,0.0
2015-12-22,IH,current,IH1601,2016-01-15,2496.054,2465.0,-31.054000000000087,0.0,-31.054000000000087,-18.921048315995357,
2015-12-22,IH,next,IH1602,2016-02-19,2496.054,2441.8,-54.253999999999905,0.0,-54.253999999999905,-13.446790515845104,
2015-12-22,IH,q1,IH1603,2016-03-18,2496.054,2428.0,-68.05400000000009,0.0,-68.05400000000009,-11.438611025481716,
2015-12-22,IH,q2,IH1606,2016-06-17,2496.054,2383.0,-113.05400000000009,6.015280905541343,-107.03871909445874,-8.793459927369009,0.0
2015-12-23,IH,current,IH1601,2016-01-15,2503.059,2470.8,-32.259000000000015,0.0,-32.259000000000015,-20.452426584743957,
2015-12-23,IH,next,IH1602,2016-02-19,2503.059,2440.2,-62.85900000000038,0.0,-62.85900000000038,-15.803790068678955,
2015-12-23,IH,q1,IH1603,2016-03-18,2503.059,2429.6,-73.45900000000029,0.0,-73.45900000000029,-12.45570571012105,
2015-12-23,IH,q2,IH1606,2016-06-17,2503.059,2371.6,-131.4590000000003,6.03216236833955,-125.42683763166073,-10.333298714801307,0.0
2015-12-24,IH,current,IH1601,2016-01-15,2481.754,2458.0,-23.753999999999905,0.0,-23.753999999999905,-15.879916161934378,
2015-12-24,IH,next,IH1602,2016-02-19,2481.754,2432.8,-48.95399999999972,0.0,-48.95399999999972,-12.63128289190028,
2015-12-24,IH,q1,IH1603,2016-03-18,2481.754,2417.2,-64.55400000000009,0.0,-64.55400000000009,-11.169619172095045,
2015-12-24,IH,q2,IH1606,2016-06-17,2481.754,2367.8,-113.95399999999972,5.980819104254494,-107.97318089574523,-9.022717544212638,0.0
2015-12-25,IH,current,IH1601,2016-01-15,2492.336,2480.8,-11.535999999999603,0.0,-11.535999999999603,-8.044929201626898,
2015-12-25,IH,next,IH1602,2016-02-19,2492.336,2449.8,-42.5359999999996,0.0,-42.5359999999996,-11.123844113657583,
2015-12-25,IH,q1,IH1603,2016-03-18,2492.336,2433.2,-59.13599999999997,0.0,-59.13599999999997,-10.310006355483365,
2015-12-25,IH,q2,IH1606,2016-06-17,2492.336,2384.0,-108.33599999999979,6.006320837206761,-102.32967916279303,-8.56347112437476,0.0
2015-12-28,IH,current,IH1601,2016-01-15,2411.408,2379.8,-31.60799999999972,0.0,-31.60799999999972,-26.57949214732614,
2015-12-28,IH,next,IH1602,2016-02-19,2411.408,2365.0,-46.4079999999999,0.0,-46.4079999999999,-13.253761460148707,
2015-12-28,IH,q1,IH1603,2016-03-18,2411.408,2331.0,-80.4079999999999,0.0,-80.4079999999999,-15.025758630601372,
2015-12-28,IH,q2,IH1606,2016-06-17,2411.408,2295.2,-116.20800000000008,5.8112911410849435,-110.39670885891513,-9.715157520415755,0.0
2015-12-29,IH,current,IH1601,2016-01-15,2432.88,2411.0,-21.88000000000011,0.0,-21.88000000000011,-19.30947973546733,
2015-12-29,IH,next,IH1602,2016-02-19,2432.88,2392.0,-40.88000000000011,0.0,-40.88000000000011,-11.79450502475069,
2015-12-29,IH,q1,IH1603,2016-03-18,2432.88,2370.0,-62.88000000000011,0.0,-62.88000000000011,-11.792196902436638,
2015-12-29,IH,q2,IH1606,2016-06-17,2432.88,2330.6,-102.2800000000002,5.863036861171041,-96.41696313882916,-8.459204306861649,0.0
2015-12-30,IH,current,IH1601,2016-01-15,2432.773,2404.6,-28.17300000000023,0.0,-28.17300000000023,-26.41827094019891,
2015-12-30,IH,next,IH1602,2016-02-19,2432.773,2382.0,-50.77300000000014,0.0,-50.77300000000014,-14.936674821566323,
2015-12-30,IH,q1,IH1603,2016-03-18,2432.773,2362.6,-70.17300000000023,0.0,-70.17300000000023,-13.327056215950142,
2015-12-30,IH,q2,IH1606,2016-06-17,2432.773,2324.6,-108.17300000000023,5.862779000140433,-102.3102209998598,-9.029451688874921,0.0
2015-12-31,IH,current,IH1601,2016-01-15,2420.801,2388.8,-32.00099999999975,0.0,-32.00099999999975,-32.16666714860057,
2015-12-31,IH,next,IH1602,2016-02-19,2420.801,2368.4,-52.40099999999984,0.0,-52.40099999999984,-15.801682996660976,
2015-12-31,IH,q1,IH1603,2016-03-18,2420.801,2348.8,-72.00099999999975,0.0,-72.00099999999975,-13.918027810227079,
2015-12-31,IH,q2,IH1606,2016-06-17,2420.801,2305.0,-115.80099999999993,5.833927483706437,-109.9670725162935,-9.81091997754969,0.0
2016-01-04,IH,current,IH1601,2016-01-15,2270.461,2254.0,-16.460999999999785,0.0,-16.460999999999785,-24.057048726708015,
2016-01-04,IH,next,IH1602,2016-02-19,2270.461,2228.0,-42.460999999999785,0.0,-42.460999999999785,-14.83922447237915,
2016-01-04,IH,q1,IH1603,2016-03-18,2270.461,2210.0,-60.460999999999785,0.0,-60.460999999999785,-13.134768546885248,
2016-01-04,IH,q2,IH1606,2016-06-17,2270.461,2202.6,-67.86099999999988,5.471620686121494,-62.38937931387838,-6.078627617532596,0.0
2016-01-05,IH,current,IH1601,2016-01-15,2288.113,2261.0,-27.11299999999983,0.0,-27.11299999999983,-43.25068298637322,
2016-01-05,IH,next,IH1602,2016-02-19,2288.113,2239.2,-48.91300000000001,0.0,-48.91300000000001,-17.339125199576156,
2016-01-05,IH,q1,IH1603,2016-03-18,2288.113,2219.0,-69.11299999999983,0.0,-69.11299999999983,-15.102619494753938,
2016-01-05,IH,q2,IH1606,2016-06-17,2288.113,2170.0,-118.11299999999983,5.514160526423273,-112.59883947357656,-10.952303302225685,0.0
2016-01-06,IH,current,IH1601,2016-01-15,2317.647,2288.0,-29.646999999999935,0.0,-29.646999999999935,-51.878070972652566,
2016-01-06,IH,next,IH1602,2016-02-19,2317.647,2264.0,-53.646999999999935,0.0,-53.646999999999935,-19.20164071577766,
2016-01-06,IH,q1,IH1603,2016-03-18,2317.647,2233.0,-84.64699999999993,0.0,-84.64699999999993,-18.51503977477539,
2016-01-06,IH,q2,IH1606,2016-06-17,2317.647,2188.0,-129.64699999999993,5.585334990703396,-124.06166500929653,-11.986587943708127,0.0
2016-01-07,IH,current,IH1601,2016-01-15,2180.589,2145.8,-34.78899999999976,0.0,-34.78899999999976,-72.7898803947002,
2016-01-07,IH,next,IH1602,2016-02-19,2180.589,2132.4,-48.18899999999985,0.0,-48.18899999999985,-18.758517207538716,
2016-01-07,IH,q1,IH1603,2016-03-18,2180.589,2101.0,-79.58899999999994,0.0,-79.58899999999994,-18.76349547346423,
2016-01-07,IH,q2,IH1606,2016-06-17,2180.589,2074.2,-106.38900000000012,5.255036699740266,-101.13396330025986,-10.449633529639128,0.0
2016-01-08,IH,current,IH1601,2016-01-15,2219.612,2194.2,-25.412000000000262,0.0,-25.412000000000262,-59.69756361536608,
2016-01-08,IH,next,IH1602,2016-02-19,2219.612,2161.0,-58.61200000000008,0.0,-58.61200000000008,-22.948433801772165,
2016-01-08,IH,q1,IH1603,2016-03-18,2219.612,2140.0,-79.61200000000008,0.0,-79.61200000000008,-18.702354928956716,
2016-01-08,IH,q2,IH1606,2016-06-17,2219.612,2090.0,-129.61200000000008,5.349078858594578,-124.2629211414055,-12.692041486511329,0.0
2016-01-11,IH,current,IH1601,2016-01-15,2120.234,2109.6,-10.634000000000015,0.0,-10.634000000000015,-45.76629277711806,
2016-01-11,IH,next,IH1602,2016-02-19,2120.234,2078.6,-41.634000000000015,0.0,-41.634000000000015,-18.377761061351652,
2016-01-11,IH,q1,IH1603,2016-03-18,2120.234,2056.0,-64.23399999999992,0.0,-64.23399999999992,-16.504380768222426,
2016-01-11,IH,q2,IH1606,2016-06-17,2120.234,2010.0,-110.23399999999992,5.1095862090642035,-105.12441379093572,-11.453957570007987,0.0
2016-01-12,IH,current,IH1601,2016-01-15,2131.368,2121.2,-10.16800000000012,0.0,-10.16800000000012,-58.042846972774356,
2016-01-12,IH,next,IH1602,2016-02-19,2131.368,2088.6,-42.76800000000003,0.0,-42.76800000000003,-19.273907402984484,
2016-01-12,IH,q1,IH1603,2016-03-18,2131.368,2068.6,-62.76800000000003,0.0,-62.76800000000003,-16.28653806410065,
2016-01-12,IH,q2,IH1606,2016-06-17,2131.368,2023.8,-107.56799999999998,5.136418215744467,-102.43158178425551,-11.172970453106338,0.0
2016-01-13,IH,current,IH1601,2016-01-15,2105.507,2098.8,-6.70699999999988,0.0,-6.70699999999988,-58.13457281310288,
2016-01-13,IH,next,IH1602,2016-02-19,2105.507,2065.0,-40.50700000000006,0.0,-40.50700000000006,-18.97861565319335,
2016-01-13,IH,q1,IH1603,2016-03-18,2105.507,2045.0,-60.50700000000006,0.0,-60.50700000000006,-16.137209561548705,
2016-01-13,IH,q2,IH1606,2016-06-17,2105.507,2000.0,-105.50700000000006,5.074095373571099,-100.43290462642896,-11.160601451290187,0.0
2016-01-14,IH,current,IH1601,2016-01-15,2132.076,2129.0,-3.076000000000022,0.0,-3.076000000000022,-52.65947367729893,
2016-01-14,IH,next,IH1602,2016-02-19,2132.076,2087.6,-44.47600000000011,0.0,-44.47600000000011,-21.1501476599438,
2016-01-14,IH,q1,IH1603,2016-03-18,2132.076,2062.0,-70.07600000000002,0.0,-70.07600000000002,-18.74474397254132,
2016-01-14,IH,q2,IH1606,2016-06-17,2132.076,2016.0,-116.07600000000002,5.138124436395592,-110.93787556360444,-12.25288421925637,0.0
2016-01-15,IH,current,IH1601,2016-01-15,2070.928,2079.0,8.072000000000116,0.0,8.072000000000116,,
2016-01-15,IH,next,IH1602,2016-02-19,2070.928,2031.0,-39.927999999999884,0.0,-39.927999999999884,-20.106541608399656,
2016-01-15,IH,q1,IH1603,2016-03-18,2070.928,2000.8,-70.12799999999993,0.0,-70.12799999999993,-19.619085881167404,
2016-01-15,IH,q2,IH1606,2016-06-17,2070.928,1954.0,-116.92799999999988,4.990762882193622,-111.93723711780626,-12.810961524143893,0.0
2016-01-18,IH,current,IH1602,2016-02-19,2069.275,2028.0,-41.27500000000009,0.0,-41.27500000000009,-22.751590230878012,
2016-01-18,IH,next,IH1603,2016-03-18,2069.275,2001.2,-68.07500000000005,0.0,-68.07500000000005,-20.01294736884498,
2016-01-18,IH,q1,IH1603,2016-03-18,2069.275,2001.2,-68.07500000000005,0.0,-68.07500000000005,-20.01294736884498,
2016-01-18,IH,q2,IH1606,2016-06-17,2069.275,1950.0,-119.27500000000009,4.986779290758157,-114.28822070924193,-13.350550620393825,0.0
2016-01-19,IH,current,IH1602,2016-02-19,2128.574,2085.0,-43.57400000000007,0.0,-43.57400000000007,-24.102930397412546,
2016-01-19,IH,next,IH1603,2016-03-18,2128.574,2057.0,-71.57400000000007,0.0,-71.57400000000007,-20.80211000814377,
2016-01-19,IH,q1,IH1603,2016-03-18,2128.574,2057.0,-71.57400000000007,0.0,-71.57400000000007,-20.80211000814377,
2016-01-19,IH,q2,IH1606,2016-06-17,2128.574,1993.8,-134.77400000000011,5.129684909954576,-129.64431509004555,-14.820618563685242,0.0
2016-01-20,IH,current,IH1602,2016-02-19,2088.723,2039.2,-49.52299999999991,0.0,-49.52299999999991,-28.846804163756147,
2016-01-20,IH,next,IH1603,2016-03-18,2088.723,2013.6,-75.12300000000005,0.0,-75.12300000000005,-22.633772421945267,
2016-01-20,IH,q1,IH1603,2016-03-18,2088.723,2013.6,-75.12300000000005,0.0,-75.12300000000005,-22.633772421945267,
2016-01-20,IH,q2,IH1606,2016-06-17,2088.723,1944.8,-143.923,5.03364734050827,-138.88935265949172,-16.289010407336576,0.0
2016-01-21,IH,current,IH1602,2016-02-19,2040.978,2000.0,-40.978000000000065,0.0,-40.978000000000065,-25.270119825245413,
2016-01-21,IH,next,IH1603,2016-03-18,2040.978,1965.8,-75.17800000000011,0.0,-75.17800000000011,-23.586877587908393,
2016-01-21,IH,q1,IH1603,2016-03-18,2040.978,1965.8,-75.17800000000011,0.0,-75.17800000000011,-23.586877587908393,
2016-01-21,IH,q2,IH1606,2016-06-17,2040.978,1892.8,-148.1780000000001,4.918585892785155,-143.25941410721495,-17.31075446167708,0.0
2016-01-22,IH,current,IH1602,2016-02-19,2061.962,2029.6,-32.36200000000008,0.0,-32.36200000000008,-20.459241524057507,
2016-01-22,IH,next,IH1603,2016-03-18,2061.962,2000.6,-61.36200000000008,0.0,-61.36200000000008,-19.396514096768055,
2016-01-22,IH,q1,IH1603,2016-03-18,2061.962,2000.6,-61.36200000000008,0.0,-61.36200000000008,-19.396514096768055,
2016-01-22,IH,q2,IH1606,2016-06-17,2061.962,1923.0,-138.962,4.969155573778387,-133.9928444262216,-16.13527898158937,0.0
2016-01-25,IH,current,IH1602,2016-02-19,2065.444,2025.8,-39.644000000000005,0.0,-39.644000000000005,-28.023146597051294,
2016-01-25,IH,next,IH1603,2016-03-18,2065.444,1992.6,-72.84400000000005,0.0,-72.84400000000005,-24.288313284405806,
2016-01-25,IH,q1,IH1603,2016-03-18,2065.444,1992.6,-72.84400000000005,0.0,-72.84400000000005,-24.288313284405806,
2016-01-25,IH,q2,IH1606,2016-06-17,2065.444,1904.8,-160.644,4.977546901895925,-155.66645309810409,-19.10345755790415,0.0
2016-01-26,IH,current,IH1602,2016-02-19,1951.614,1925.0,-26.614000000000033,0.0,-26.614000000000033,-20.739479391587366,
2016-01-26,IH,next,IH1603,2016-03-18,1951.614,1891.8,-59.81400000000008,0.0,-59.81400000000008,-21.512874432688523,
2016-01-26,IH,q1,IH1603,2016-03-18,1951.614,1891.8,-59.81400000000008,0.0,-59.81400000000008,-21.512874432688523,
2016-01-26,IH,q2,IH1606,2016-06-17,1951.614,1811.6,-140.01400000000012,4.70322614382027,-135.31077385617985,-17.69682188942027,0.0
2016-01-27,IH,current,IH1602,2016-02-19,1953.465,1927.0,-26.464999999999918,0.0,-26.464999999999918,-21.49964516785607,
2016-01-27,IH,next,IH1603,2016-03-18,1953.465,1890.0,-63.46499999999992,0.0,-63.46499999999992,-23.251519434320368,
2016-01-27,IH,q1,IH1603,2016-03-18,1953.465,1890.0,-63.46499999999992,0.0,-63.46499999999992,-23.251519434320368,
2016-01-27,IH,q2,IH1606,2016-06-17,1953.465,1810.6,-142.865,4.707686898658169,-138.15731310134183,-18.17911613465959,0.0
2016-01-28,IH,current,IH1602,2016-02-19,1912.721,1899.4,-13.320999999999913,0.0,-13.320999999999913,-11.554612512750085,
2016-01-28,IH,next,IH1603,2016-03-18,1912.721,1868.0,-44.721000000000004,0.0,-44.721000000000004,-17.068004167884393,
2016-01-28,IH,q1,IH1603,2016-03-18,1912.721,1868.0,-44.721000000000004,0.0,-44.721000000000004,-17.068004167884393,
2016-01-28,IH,q2,IH1606,2016-06-17,1912.721,1797.2,-115.52099999999996,4.609497274068567,-110.91150272593138,-15.010622921153846,0.0
2016-01-29,IH,current,IH1602,2016-02-19,1973.005,1955.4,-17.605000000000018,0.0,-17.605000000000018,-15.508914912362966,
2016-01-29,IH,next,IH1603,2016-03-18,1973.005,1925.8,-47.205000000000155,0.0,-47.205000000000155,-17.82200661593124,
2016-01-29,IH,q1,IH1603,2016-03-18,1973.005,1925.8,-47.205000000000155,0.0,-47.205000000000155,-17.82200661593124,
2016-01-29,IH,q2,IH1606,2016-06-17,1973.005,1854.8,-118.20500000000015,4.754776660696282,-113.45022333930388,-14.99139330211165,0.0
2016-02-01,IH,current,IH1602,2016-02-19,1937.073,1925.8,-11.273000000000138,0.0,-11.273000000000138,-11.800865991570356,
2016-02-01,IH,next,IH1603,2016-03-18,1937.073,1897.8,-39.27300000000014,0.0,-39.27300000000014,-16.087298588711185,
2016-02-01,IH,q1,IH1603,2016-03-18,1937.073,1897.8,-39.27300000000014,0.0,-39.27300000000014,-16.087298588711185,
2016-02-01,IH,q2,IH1606,2016-06-17,1937.073,1835.8,-101.27300000000014,4.6681835527355116,-96.60481644726462,-13.286943529963619,0.0
2016-02-02,IH,current,IH1602,2016-02-19,1969.616,1960.6,-9.016000000000076,0.0,-9.016000000000076,-9.828251980559326,
2016-02-02,IH,next,IH1603,2016-03-18,1969.616,1935.0,-34.615999999999985,0.0,-34.615999999999985,-14.255277283603613,
2016-02-02,IH,q1,IH1603,2016-03-18,1969.616,1935.0,-34.615999999999985,0.0,-34.615999999999985,-14.255277283603613,
2016-02-02,IH,q2,IH1606,2016-06-17,1969.616,1873.8,-95.81600000000003,4.7466094547829165,-91.06939054521712,-12.409229674943898,0.0
2016-02-03,IH,current,IH1602,2016-02-19,1952.367,1940.2,-12.166999999999916,0.0,-12.166999999999916,-14.21657339526831,
2016-02-03,IH,next,IH1603,2016-03-18,1952.367,1914.2,-38.166999999999916,0.0,-38.166999999999916,-16.216859516492697,
2016-02-03,IH,q1,IH1603,2016-03-18,1952.367,1914.2,-38.166999999999916,0.0,-38.166999999999916,-16.216859516492697,
2016-02-03,IH,q2,IH1606,2016-06-17,1952.367,1859.0,-93.36699999999996,4.705040810699221,-88.66195918930075,-12.27820729595097,0.0
2016-02-04,IH,current,IH1602,2016-02-19,1974.236,1968.8,-5.436000000000149,0.0,-5.436000000000149,-6.700110827682386,
2016-02-04,IH,next,IH1603,2016-03-18,1974.236,1944.0,-30.236000000000104,0.0,-30.236000000000104,-13.000189369692986,
2016-02-04,IH,q1,IH1603,2016-03-18,1974.236,1944.0,-30.236000000000104,0.0,-30.236000000000104,-13.000189369692986,
2016-02-04,IH,q2,IH1606,2016-06-17,1974.236,1880.2,-94.03600000000006,4.75774326750636,-89.2782567324937,-12.317844029232408,0.0
2016-02-05,IH,current,IH1602,2016-02-19,1967.26,1950.0,-17.25999999999999,0.0,-17.25999999999999,-22.87409173890878,
2016-02-05,IH,next,IH1603,2016-03-18,1967.26,1927.6,-39.66000000000008,0.0,-39.66000000000008,-17.520016963405265,
2016-02-05,IH,q1,IH1603,2016-03-18,1967.26,1927.6,-39.66000000000008,0.0,-39.66000000000008,-17.520016963405265,
2016-02-05,IH,q2,IH1606,2016-06-17,1967.26,1875.6,-91.66000000000008,4.740931692277195,-86.91906830772288,-12.12535672581163,0.0
2016-02-15,IH,current,IH1602,2016-02-19,1948.275,1937.0,-11.275000000000091,0.0,-11.275000000000091,-52.80793265837771,
2016-02-15,IH,next,IH1603,2016-03-18,1948.275,1909.8,-38.475000000000136,0.0,-38.475000000000136,-22.525334911652696,
2016-02-15,IH,q1,IH1603,2016-03-18,1948.275,1909.8,-38.475000000000136,0.0,-38.475000000000136,-22.525334911652696,
2016-02-15,IH,q2,IH1606,2016-06-17,1948.275,1848.6,-99.67500000000018,4.695179433715601,-94.97982056628459,-14.466678833649851,0.0
2016-02-16,IH,current,IH1602,2016-02-19,2000.903,1988.6,-12.303000000000111,0.0,-12.303000000000111,-74.80947352270519,
2016-02-16,IH,next,IH1603,2016-03-18,2000.903,1962.0,-38.90300000000002,0.0,-38.90300000000002,-22.89223673575898,
2016-02-16,IH,q1,IH1603,2016-03-18,2000.903,1962.0,-38.90300000000002,0.0,-38.90300000000002,-22.89223673575898,
2016-02-16,IH,q2,IH1606,2016-06-17,2000.903,1901.6,-99.30300000000011,4.822008502115895,-94.48099149788422,-14.127048644392687,0.0
2016-02-17,IH,current,IH1602,2016-02-19,2014.443,2000.8,-13.643000000000029,0.0,-13.643000000000029,-123.59979905115237,
2016-02-17,IH,next,IH1603,2016-03-18,2014.443,1974.6,-39.843000000000075,0.0,-39.843000000000075,-24.064046488284898,
2016-02-17,IH,q1,IH1603,2016-03-18,2014.443,1974.6,-39.843000000000075,0.0,-39.843000000000075,-24.064046488284898,
2016-02-17,IH,q2,IH1606,2016-06-17,2014.443,1913.2,-101.24299999999994,4.854638767110575,-96.38836123288937,-14.433681159114666,0.0
2016-02-18,IH,current,IH1602,2016-02-19,2009.273,2006.8,-2.4729999999999563,0.0,-2.4729999999999563,-44.9239600591848,
2016-02-18,IH,next,IH1603,2016-03-18,2009.273,1975.6,-33.673,0.0,-33.673,-21.09296968742357,
2016-02-18,IH,q1,IH1603,2016-03-18,2009.273,1975.6,-33.673,0.0,-33.673,-21.09296968742357,
2016-02-18,IH,q2,IH1606,2016-06-17,2009.273,1910.8,-98.47299999999996,4.842179500491484,-93.63082049950847,-14.173969673907177,0.0
2016-02-19,IH,current,IH1602,2016-02-19,2004.107,2002.4,-1.70699999999988,0.0,-1.70699999999988,,
2016-02-19,IH,next,IH1603,2016-03-18,2004.107,1973.6,-30.507000000000062,0.0,-30.507000000000062,-19.84327861308236,
2016-02-19,IH,q1,IH1603,2016-03-18,2004.107,1973.6,-30.507000000000062,0.0,-30.507000000000062,-19.84327861308236,
2016-02-19,IH,q2,IH1606,2016-06-17,2004.107,1911.0,-93.10699999999997,4.829729873537088,-88.27727012646288,-13.510576869121508,0.0
2016-02-22,IH,current,IH1603,2016-03-18,2053.863,2017.0,-36.86299999999983,0.0,-36.86299999999983,-26.204269710297012,
2016-02-22,IH,next,IH1604,2016-04-15,2053.863,1989.4,-64.46299999999974,0.0,-64.46299999999974,-21.615039653900517,
2016-02-22,IH,q1,IH1606,2016-06-17,2053.863,1945.2,-108.66299999999978,4.949637662685927,-103.71336233731385,-15.889056820178213,0.0
2016-02-22,IH,q2,IH1609,2016-09-16,2053.863,1882.8,-171.06299999999987,29.25811069214065,-141.8048893078592,-12.17425104149826,0.0
2016-02-23,IH,current,IH1603,2016-03-18,2029.522,1998.2,-31.32199999999989,0.0,-31.32199999999989,-23.471310814401868,
2016-02-23,IH,next,IH1604,2016-04-15,2029.522,1967.8,-61.72199999999998,0.0,-61.72199999999998,-21.346945809824255,
2016-02-23,IH,q1,IH1606,2016-06-17,2029.522,1921.6,-107.92200000000003,4.890977893096895,-103.03102210690314,-16.11273516364922,0.0
2016-02-23,IH,q2,IH1609,2016-09-16,2029.522,1859.0,-170.52199999999993,28.91136328378995,-141.61063671621,-12.363110648335612,0.0
2016-02-24,IH,current,IH1603,2016-03-18,2041.388,2010.8,-30.587999999999965,0.0,-30.587999999999965,-23.778833855669017,
2016-02-24,IH,next,IH1604,2016-04-15,2041.388,1980.6,-60.78800000000001,0.0,-60.78800000000001,-21.311547464226287,
2016-02-24,IH,q1,IH1606,2016-06-17,2041.388,1926.0,-115.38799999999992,4.919573958416456,-110.46842604158347,-17.326092226920135,0.0
2016-02-24,IH,q2,IH1609,2016-09-16,2041.388,1857.0,-184.38799999999992,29.08039926207718,-155.30760073792274,-13.545846704239493,0.0
2016-02-25,IH,current,IH1603,2016-03-18,1932.602,1908.4,-24.201999999999998,0.0,-24.201999999999998,-20.7768170486309,
2016-02-25,IH,next,IH1604,2016-04-15,1932.602,1882.8,-49.802000000000135,0.0,-49.802000000000135,-18.811664274382466,
2016-02-25,IH,q1,IH1606,2016-06-17,1932.602,1828.8,-103.80200000000013,4.657408817521981,-99.14459118247815,-16.57070640395856,0.0
2016-02-25,IH,q2,IH1609,2016-09-16,1932.602,1774.2,-158.40200000000004,27.530698610302835,-130.8713013896972,-12.116151454340068,0.0
2016-02-26,IH,current,IH1603,2016-03-18,1955.395,1931.4,-23.99499999999989,0.0,-23.99499999999989,-21.32847595401187,
2016-02-26,IH,next,IH1604,2016-04-15,1955.395,1904.0,-51.39499999999998,0.0,-51.39499999999998,-19.578668561720207,
2016-02-26,IH,q1,IH1606,2016-06-17,1955.395,1847.8,-107.59500000000003,4.712338036873807,-102.88266196312622,-17.146778353031465,0.0
2016-02-26,IH,q2,IH1609,2016-09-16,1955.395,1785.8,-169.59500000000003,27.855394131379928,-141.7396058686201,-13.033274642705726,0.0
2016-02-29,IH,current,IH1603,2016-03-18,1944.611,1905.2,-39.41100000000006,0.0,-39.41100000000006,-41.09652264643166,
2016-02-29,IH,next,IH1604,2016-04-15,1944.611,1874.0,-70.6110000000001,0.0,-70.6110000000001,-28.812082970970003,
2016-02-29,IH,q1,IH1606,2016-06-17,1944.611,1823.2,-121.41100000000006,4.686349500854411,-116.72465049914565,-20.100007092377727,0.0
2016-02-29,IH,q2,IH1609,2016-09-16,1944.611,1764.8,-179.81100000000015,27.70177168153588,-152.10922831846426,-14.275314789497607,0.0
2016-03-01,IH,current,IH1603,2016-03-18,1973.194,1948.0,-25.19399999999996,0.0,-25.19399999999996,-27.413928888897853,
2016-03-01,IH,next,IH1604,2016-04-15,1973.194,1918.6,-54.59400000000005,0.0,-54.59400000000005,-22.44168591633668,
2016-03-01,IH,q1,IH1606,2016-06-17,1973.194,1861.0,-112.19399999999996,4.755232134853149,-107.43876786514681,-18.401801508009346,0.0
2016-03-01,IH,q2,IH1609,2016-09-16,1973.194,1801.8,-171.394,28.108948098810767,-143.28505190118923,-13.318977558715462,0.0
2016-03-02,IH,current,IH1603,2016-03-18,2043.407,2027.8,-15.606999999999971,0.0,-15.606999999999971,-17.42358167022034,
2016-03-02,IH,next,IH1604,2016-04-15,2043.407,1994.6,-48.807000000000016,0.0,-48.807000000000016,-19.813784038128485,
2016-03-02,IH,q1,IH1606,2016-06-17,2043.407,1942.0,-101.40699999999993,4.924439579171572,-96.48256042082835,-16.106568727493105,0.0
2016-03-02,IH,q2,IH1609,2016-09-16,2043.407,1869.6,-173.80700000000002,29.10916073520729,-144.69783926479272,-13.053736544969324,0.0
2016-03-03,IH,current,IH1603,2016-03-18,2053.273,2027.8,-25.473000000000184,0.0,-25.473000000000184,-30.188046109796623,
2016-03-03,IH,next,IH1604,2016-04-15,2053.273,1998.6,-54.67300000000023,0.0,-54.67300000000023,-22.602195004846525,
2016-03-03,IH,q1,IH1606,2016-06-17,2053.273,1937.4,-115.87300000000005,4.948215812143323,-110.92478418785673,-18.602396431861454,0.0
2016-03-03,IH,q2,IH1609,2016-09-16,2053.273,1871.0,-182.27300000000014,29.249705903063504,-153.02329409693664,-13.808213348834746,0.0
2016-03-04,IH,current,IH1603,2016-03-18,2122.269,2101.0,-21.268999999999778,0.0,-21.268999999999778,-26.12831899658849,
2016-03-04,IH,next,IH1604,2016-04-15,2122.269,2070.0,-52.26899999999978,0.0,-52.26899999999978,-21.403625082399927,
2016-03-04,IH,q1,IH1606,2016-06-17,2122.269,2007.0,-115.26899999999978,5.114490388478101,-110.15450961152168,-18.042861542104415,0.0
2016-03-04,IH,q2,IH1609,2016-09-16,2122.269,1938.6,-183.66899999999987,30.232581881312747,-153.43641811868713,-13.46371203662953,0.0
2016-03-07,IH,current,IH1603,2016-03-18,2107.673,2105.0,-2.6729999999997744,0.0,-2.6729999999997744,-4.208195483834187,
2016-03-07,IH,next,IH1604,2016-04-15,2107.673,2074.2,-33.472999999999956,0.0,-33.472999999999956,-14.863451243050903,
2016-03-07,IH,q1,IH1606,2016-06-17,2107.673,2017.8,-89.87299999999982,5.079315252003777,-84.79368474799604,-14.396368966925152,0.0
2016-03-07,IH,q2,IH1609,2016-09-16,2107.673,1948.8,-158.87299999999982,30.02465594678718,-128.84834405321263,-11.56141963675747,0.0
2016-03-08,IH,current,IH1603,2016-03-18,2115.158,2100.8,-14.35799999999972,0.0,-14.35799999999972,-24.776730627215073,
2016-03-08,IH,next,IH1604,2016-04-15,2115.158,2071.8,-43.35799999999972,0.0,-43.35799999999972,-19.689545650963066,
2016-03-08,IH,q1,IH1606,2016-06-17,2115.158,2017.4,-97.75799999999981,5.144781175649741,-92.61321882435007,-15.823467341698565,0.07266429150553454
2016-03-08,IH,q2,IH1609,2016-09-16,2115.158,1952.0,-163.1579999999999,30.178710505909546,-132.97928949409035,-11.951786586722823,0.01238760281047775
2016-03-09,IH,current,IH1603,2016-03-18,2111.919,2077.4,-34.51899999999978,0.0,-34.51899999999978,-66.28744862952668,
2016-03-09,IH,next,IH1604,2016-04-15,2111.919,2041.4,-70.51899999999978,0.0,-70.51899999999978,-32.93972947851708,
2016-03-09,IH,q1,IH1606,2016-06-17,2111.919,1978.4,-133.51899999999978,5.136902829810835,-128.38209717018896,-22.188097870760657,0.07266429150553454
2016-03-09,IH,q2,IH1609,2016-09-16,2111.919,1913.4,-198.51899999999978,30.13249701106489,-168.3865029889349,-15.236650913559039,0.01238760281047775
2016-03-10,IH,current,IH1603,2016-03-18,2061.451,2045.8,-15.651000000000067,0.0,-15.651000000000067,-34.639526964259794,
2016-03-10,IH,next,IH1604,2016-04-15,2061.451,2019.2,-42.250999999999976,0.0,-42.250999999999976,-20.780420899863458,
2016-03-10,IH,q1,IH1606,2016-06-17,2061.451,1958.0,-103.45100000000002,5.0141475479961,-98.43685245200392,-17.60525711934004,0.07266429150553454
2016-03-10,IH,q2,IH1609,2016-09-16,2061.451,1900.2,-161.25099999999998,29.412428268298513,-131.83857173170145,-12.285949807625547,0.01238760281047775
2016-03-11,IH,current,IH1603,2016-03-18,2070.724,2052.8,-17.923999999999978,0.0,-17.923999999999978,-45.13438639956702,
2016-03-11,IH,next,IH1604,2016-04-15,2070.724,2020.2,-50.524000000000115,0.0,-50.524000000000115,-25.444875456948584,
2016-03-11,IH,q1,IH1606,2016-06-17,2070.724,1961.8,-108.9240000000002,5.036702627021781,-103.88729737297842,-18.685598804630416,0.07266429150553454
2016-03-11,IH,q2,IH1609,2016-09-16,2070.724,1901.6,-169.12400000000025,29.544733837206984,-139.57926616279326,-13.017564970533051,0.01238760281047775
2016-03-14,IH,current,IH1603,2016-03-18,2078.41,2067.4,-11.009999999999764,0.0,-11.009999999999764,-48.33803243825706,
2016-03-14,IH,next,IH1604,2016-04-15,2078.41,2042.6,-35.809999999999945,0.0,-35.809999999999945,-19.652417593256356,
2016-03-14,IH,q1,IH1606,2016-06-17,2078.41,1982.4,-96.00999999999976,5.05539758414368,-90.95460241585609,-16.813677602128287,0.07266429150553454
2016-03-14,IH,q2,IH1609,2016-09-16,2078.41,1934.6,-143.80999999999995,29.65439636310264,-114.1556036368973,-10.778192399107898,0.01238760281047775
2016-03-15,IH,current,IH1603,2016-03-18,2101.117,2080.2,-20.91700000000037,0.0,-20.91700000000037,-121.12136861805945,
2016-03-15,IH,next,IH1604,2016-04-15,2101.117,2047.4,-53.7170000000001,0.0,-53.7170000000001,-30.101815122085572,
2016-03-15,IH,q1,IH1606,2016-06-17,2101.117,1996.0,-105.11700000000019,5.110628704540114,-100.00637129546007,-18.48172243359782,0.07266429150553454
2016-03-15,IH,q2,IH1609,2016-09-16,2101.117,1927.8,-173.31700000000023,29.97837593316677,-143.33862406683346,-13.459661278595894,0.01238760281047775
2016-03-16,IH,current,IH1603,2016-03-18,2136.128,2105.4,-30.728000000000065,0.0,-30.728000000000065,-262.52453036522206,
2016-03-16,IH,next,IH1604,2016-04-15,2136.128,2063.6,-72.52800000000025,0.0,-72.52800000000025,-41.30950954249947,
2016-03-16,IH,q1,IH1606,2016-06-17,2136.128,2008.0,-128.12800000000016,5.195787323300828,-122.93221267669932,-22.58646899728455,0.07266429150553454
2016-03-16,IH,q2,IH1609,2016-09-16,2136.128,1938.0,-198.12800000000016,31.10536801315647,-167.0226319868437,-15.510403350686161,0.05804594734771881
2016-03-17,IH,current,IH1603,2016-03-18,2131.481,2130.0,-1.481000000000222,0.0,-1.481000000000222,-25.361004860004893,
2016-03-17,IH,next,IH1604,2016-04-15,2131.481,2100.4,-31.08100000000013,0.0,-31.08100000000013,-18.35305576506315,
2016-03-17,IH,q1,IH1606,2016-06-17,2131.481,2047.0,-84.48100000000022,5.184484244229078,-79.29651575577114,-14.759704969198731,0.07266429150553454
2016-03-17,IH,q2,IH1609,2016-09-16,2131.481,1981.8,-149.68100000000027,31.12211574853832,-118.55888425146195,-11.09415968274882,0.0653784285397322
2016-03-18,IH,current,IH1603,2016-03-18,2141.177,2146.6,5.4229999999997744,0.0,5.4229999999997744,,
2016-03-18,IH,next,IH1604,2016-04-15,2141.177,2120.0,-21.177000000000135,0.0,-21.177000000000135,-12.892783802019785,
2016-03-18,IH,q1,IH1606,2016-06-17,2141.177,2080.2,-60.97700000000032,5.620689418741821,-55.3563105812585,-10.36969636000772,0.2599694337408951
2016-03-18,IH,q2,IH1609,2016-09-16,2141.177,2025.0,-116.17700000000013,31.676309905859625,-84.50069009414051,-7.914603495847973,0.09870902594243998
2016-03-21,IH,current,IH1604,2016-04-15,2193.385,2177.0,-16.38500000000022,0.0,-16.38500000000022,-10.906475607337661,
2016-03-21,IH,next,IH1605,2016-05-20,2193.385,2161.4,-31.985000000000127,1.1810501984515105,-30.803949801548615,-8.543447439737546,0.3282401095483494
2016-03-21,IH,q1,IH1606,2016-06-17,2193.385,2138.8,-54.585000000000036,5.75773785199777,-48.82726214800227,-9.233315941518384,0.2599694337408951
2016-03-21,IH,q2,IH1609,2016-09-16,2193.385,2077.4,-115.98500000000013,32.44866865413925,-83.53633134586087,-7.766053228188474,0.09870902594243998
2016-03-22,IH,current,IH1604,2016-04-15,2173.256,2162.2,-11.05600000000004,0.0,-11.05600000000004,-7.736931743583543,
2016-03-22,IH,next,IH1605,2016-05-20,2173.256,2142.4,-30.855999999999767,1.1702115360896221,-29.685788463910146,-8.450425044754532,0.3282401095483494
2016-03-22,IH,q1,IH1606,2016-06-17,2173.256,2124.0,-49.25599999999986,5.704898288846356,-43.5511017111535,-8.407403096388489,0.2599694337408951
2016-03-22,IH,q2,IH1609,2016-09-16,2173.256,2068.2,-105.05600000000004,32.15088269711885,-72.9051173028812,-6.878915709975056,0.09870902594243998
2016-03-23,IH,current,IH1604,2016-04-15,2175.283,2160.8,-14.48299999999972,0.0,-14.48299999999972,-10.565931561248528,
2016-03-23,IH,next,IH1605,2016-05-20,2175.283,2141.0,-34.2829999999999,1.2105910713746522,-33.07240892862525,-9.567862695176718,0.3652252876093751
2016-03-23,IH,q1,IH1606,2016-06-17,2175.283,2121.6,-53.68299999999999,5.74950733508078,-47.933492664919214,-9.352284770717997,0.26822338440481547
2016-03-23,IH,q2,IH1609,2016-09-16,2175.283,2066.4,-108.88299999999981,32.22015796325354,-76.66284203674627,-7.2675620362134765,0.10037853238083891
2016-03-24,IH,current,IH1604,2016-04-15,2137.59,2124.0,-13.590000000000146,0.0,-13.590000000000146,-10.547881237536522,
2016-03-24,IH,next,IH1605,2016-05-20,2137.59,2105.6,-31.990000000000236,1.1896141183743645,-30.80038588162587,-9.226771325268867,0.3652252876093751
2016-03-24,IH,q1,IH1606,2016-06-17,2137.59,2081.8,-55.789999999999964,5.666395733908477,-50.12360426609149,-10.069127082986746,0.3399945011510191
2016-03-24,IH,q2,IH1609,2016-09-16,2137.59,2026.6,-110.99000000000024,33.394163331691416,-77.59583666830882,-7.528253032602965,0.2822381007469894
2016-03-25,IH,current,IH1604,2016-04-15,2149.204,2134.2,-15.00400000000036,0.0,-15.00400000000036,-12.1339719041941,
2016-03-25,IH,next,IH1605,2016-05-20,2149.204,2116.0,-33.20400000000018,1.2191877521480246,-31.984812247852155,-9.699983667097573,0.41266424568401555
2016-03-25,IH,q1,IH1606,2016-06-17,2149.204,2090.8,-58.403999999999996,5.720292713919167,-52.68370728608083,-10.651536657192672,0.35020728011529223
2016-03-25,IH,q2,IH1609,2016-09-16,2149.204,2041.6,-107.60400000000027,33.2069476328701,-74.39705236713017,-7.219928631119113,0.3131241845064512
2016-03-28,IH,current,IH1604,2016-04-15,2123.035,2110.8,-12.234999999999673,0.0,-12.234999999999673,-11.686034903386167,
2016-03-28,IH,next,IH1605,2016-05-20,2123.035,2086.2,-36.835000000000036,1.204342756379376,-35.63065724362066,-11.5580261933857,0.41266424568401555
2016-03-28,IH,q1,IH1606,2016-06-17,2123.035,2064.6,-58.434999999999945,5.6506416523956675,-52.784358347604275,-11.20355726291537,0.35020728011529223
2016-03-28,IH,q2,IH1609,2016-09-16,2123.035,2004.4,-118.63499999999976,32.6396519054911,-85.99534809450867,-8.595719252099567,0.40389368822109456
2016-03-29,IH,current,IH1604,2016-04-15,2106.862,2103.0,-3.86200000000008,0.0,-3.86200000000008,-3.9356831042900575,
2016-03-29,IH,next,IH1605,2016-05-20,2106.862,2075.0,-31.86200000000008,1.1951682324554072,-30.66683176754467,-10.216975252179457,0.41266424568401555
2016-03-29,IH,q1,IH1606,2016-06-17,2106.862,2046.6,-60.26200000000017,5.6075958112087845,-54.65440418879139,-11.835645576756367,0.35020728011529223
2016-03-29,IH,q2,IH1609,2016-09-16,2106.862,1989.2,-117.66200000000003,32.39100735169547,-85.27099264830457,-8.638970333044782,0.40389368822109456
2016-03-30,IH,current,IH1604,2016-04-15,2157.53,2154.6,-2.930000000000291,0.0,-2.930000000000291,-3.09801601831755,
2016-03-30,IH,next,IH1605,2016-05-20,2157.53,2135.0,-22.5300000000002,1.2239108762555473,-21.306089123744652,-7.067561308230551,0.41266424568401555
2016-03-30,IH,q1,IH1606,2016-06-17,2157.53,2111.0,-46.5300000000002,5.742453084519674,-40.787546915480526,-8.73446917126364,0.35020728011529223
2016-03-30,IH,q2,IH1609,2016-09-16,2157.53,2049.0,-108.5300000000002,33.7629801313162,-74.767019868684,-7.4404151839398205,0.4831854057583629
2016-03-31,IH,current,IH1604,2016-04-15,2156.541,2158.4,1.8589999999999236,0.0,1.8589999999999236,2.09760290514601,
2016-03-31,IH,next,IH1605,2016-05-20,2156.541,2132.2,-24.34100000000035,1.6493128319397143,-22.691687168060636,-7.681250499148527,1.0
2016-03-31,IH,q1,IH1606,2016-06-17,2156.541,2107.2,-49.34100000000035,6.165783765067934,-43.175216234932414,-9.368607916239615,0.5116311622946199
2016-03-31,IH,q2,IH1609,2016-09-16,2156.541,2046.0,-110.54100000000017,35.18715070943003,-75.35384929057014,-7.54664433632517,0.734395469847042
2016-04-01,IH,current,IH1604,2016-04-15,2167.782,2164.6,-3.1820000000002437,0.0,-3.1820000000002437,-3.8269201291593005,
2016-04-01,IH,next,IH1605,2016-05-20,2167.782,2140.4,-27.382000000000062,1.6579098980487448,-25.72409010195132,-8.839367712620765,1.0
2016-04-01,IH,q1,IH1606,2016-06-17,2167.782,2118.8,-48.98199999999997,6.197922998823809,-42.784077001176165,-9.35553656838409,0.5116311622946199
2016-04-01,IH,q2,IH1609,2016-09-16,2167.782,2056.4,-111.38200000000006,35.679332776052256,-75.7026672239478,-7.587158522688865,0.7928935350319566
2016-04-05,IH,current,IH1604,2016-04-15,2180.262,2173.0,-7.262000000000171,0.0,-7.262000000000171,-12.157392093244125,
2016-04-05,IH,next,IH1605,2016-05-20,2180.262,2156.0,-24.26200000000017,1.6674545457705399,-22.594545454229632,-8.405726866051282,1.0
2016-04-05,IH,q1,IH1606,2016-06-17,2180.262,2132.8,-47.46199999999999,6.574725804130393,-40.887274195869594,-9.376688259454504,0.5558796879016107
2016-04-05,IH,q2,IH1609,2016-09-16,2180.262,2070.0,-110.26200000000017,36.225861132184434,-74.03613886781574,-7.557603304924111,0.7982758055072984
2016-04-06,IH,current,IH1604,2016-04-15,2168.037,2164.2,-3.836999999999989,0.0,-3.836999999999989,-7.177537406726279,
2016-04-06,IH,next,IH1605,2016-05-20,2168.037,2145.2,-22.83699999999999,1.6581049208988292,-21.17889507910116,-8.103577635051185,1.0
2016-04-06,IH,q1,IH1606,2016-06-17,2168.037,2124.2,-43.83699999999999,6.537860499430547,-37.29913950056944,-8.721526225046903,0.5558796879016107
2016-04-06,IH,q2,IH1609,2016-09-16,2168.037,2067.2,-100.83699999999999,36.022738226615765,-64.81426177338423,-6.6943613209296355,0.7982758055072984
2016-04-07,IH,current,IH1604,2016-04-15,2139.404,2140.8,1.3960000000001855,0.0,1.3960000000001855,2.9771141869421793,
2016-04-07,IH,next,IH1605,2016-05-20,2139.404,2120.0,-19.403999999999996,1.6362065316185281,-17.76779346838147,-7.049610182630777,1.0
2016-04-07,IH,q1,IH1606,2016-06-17,2139.404,2094.6,-44.80400000000009,6.451515773911474,-38.35248422608861,-9.215846070781662,0.5558796879016107
2016-04-07,IH,q2,IH1609,2016-09-16,2139.404,2040.0,-99.404,35.54699032026422,-63.857009679735775,-6.725020674704453,0.7982758055072984
2016-04-08,IH,current,IH1604,2016-04-15,2123.804,2124.2,0.3959999999997308,0.0,0.3959999999997308,0.972244681173846,
2016-04-08,IH,next,IH1605,2016-05-20,2123.804,2104.0,-19.804000000000087,1.6242757219662844,-18.179724278033802,-7.439032085243022,1.0
2016-04-08,IH,q1,IH1606,2016-06-17,2123.804,2079.4,-44.403999999999996,6.40447293110431,-37.99952706889569,-9.329504565626399,0.5558796879016107
2016-04-08,IH,q2,IH1609,2016-09-16,2123.804,2026.6,-97.20400000000018,35.28779053892506,-61.91620946107512,-6.609322060498131,0.7982758055072984
2016-04-11,IH,current,IH1604,2016-04-15,2148.439,2145.0,-3.438999999999851,0.0,-3.438999999999851,-14.606360711194796,
2016-04-11,IH,next,IH1605,2016-05-20,2148.439,2127.4,-21.03899999999976,1.6431164588754525,-19.395883541124306,-8.449184581504765,1.0
2016-04-11,IH,q1,IH1606,2016-06-17,2148.439,2105.4,-43.03899999999976,6.478761420370623,-36.560238579629136,-9.27051915267674,0.5558796879016107
2016-04-11,IH,q2,IH1609,2016-09-16,2148.439,2046.0,-102.43899999999985,35.697110193623146,-66.7418898063767,-7.176476213344293,0.7982758055072984
2016-04-12,IH,current,IH1604,2016-04-15,2143.896,2143.8,-0.09600000000000364,0.0,-0.09600000000000364,-0.5448025463921964,
2016-04-12,IH,next,IH1605,2016-05-20,2143.896,2125.4,-18.496000000000095,1.639641992961982,-16.85635800703811,-7.55212727395765,1.0
2016-04-12,IH,q1,IH1606,2016-06-17,2143.896,2103.0,-40.896000000000186,6.465061700186461,-34.430938299813725,-8.881658551330684,0.5558796879016107
2016-04-12,IH,q2,IH1609,2016-09-16,2143.896,2047.2,-96.69600000000014,35.62162656499342,-61.07437343500672,-6.622904889868295,0.7982758055072984
2016-04-13,IH,current,IH1604,2016-04-15,2171.315,2169.0,-2.3150000000000546,0.0,-2.3150000000000546,-19.45767887202041,
2016-04-13,IH,next,IH1605,2016-05-20,2171.315,2157.4,-13.914999999999964,1.6606119205167815,-12.254388079483181,-5.567496305497474,1.0
2016-04-13,IH,q1,IH1606,2016-06-17,2171.315,2144.4,-26.914999999999964,6.579044323614228,-20.335955676385737,-5.259219074354477,0.5715013991333954
2016-04-13,IH,q2,IH1609,2016-09-16,2171.315,2095.4,-75.91499999999996,36.10850220749867,-39.8064977925013,-4.289428205495161,0.800912005242386
2016-04-14,IH,current,IH1604,2016-04-15,2178.868,2178.2,-0.66800000000012,0.0,-0.66800000000012,-11.190214368196871,
2016-04-14,IH,next,IH1605,2016-05-20,2178.868,2172.2,-6.66800000000012,1.666388420856743,-5.001611579143377,-2.3273912906295746,1.0
2016-04-14,IH,q1,IH1606,2016-06-17,2178.868,2161.2,-17.66800000000012,6.601929774033103,-11.066070225967017,-2.8965123980648735,0.5715013991333954
2016-04-14,IH,q2,IH1609,2016-09-16,2178.868,2119.4,-59.46799999999985,36.23410697565678,-23.233893024343068,-2.511031906027682,0.800912005242386
2016-04-15,IH,current,IH1604,2016-04-15,2182.067,2181.8,-0.2669999999998254,0.0,-0.2669999999998254,,
2016-04-15,IH,next,IH1605,2016-05-20,2182.067,2173.0,-9.067000000000007,1.6688350016309434,-7.398164998369063,-3.535743500353051,1.0
2016-04-15,IH,q1,IH1606,2016-06-17,2182.067,2162.6,-19.4670000000001,6.6116226849148685,-12.85537731508523,-3.413257566528615,0.5715013991333954
2016-04-15,IH,q2,IH1609,2016-09-16,2182.067,2121.8,-60.266999999999825,36.28730565874136,-23.979694341258465,-2.604639996608762,0.800912005242386
2016-04-18,IH,current,IH1605,2016-05-20,2158.23,2149.8,-8.429999999999836,1.650604571523217,-6.77939542847662,-3.582911881776337,1.0
2016-04-18,IH,next,IH1606,2016-06-17,2158.23,2134.2,-24.0300000000002,6.565350541351117,-17.464649458649085,-4.9227044479403,0.5741180705977934
2016-04-18,IH,q1,IH1606,2016-06-17,2158.23,2134.2,-24.0300000000002,6.565350541351117,-17.464649458649085,-4.9227044479403,0.5741180705977934
2016-04-18,IH,q2,IH1609,2016-09-16,2158.23,2096.0,-62.23000000000002,35.87650053584265,-26.353499464157366,-2.951593091511258,0.8035233110342433
2016-04-19,IH,current,IH1605,2016-05-20,2163.607,2155.0,-8.606999999999971,1.6547168768757883,-6.952283123124182,-3.78338243012013,1.0
2016-04-19,IH,next,IH1606,2016-06-17,2163.607,2138.8,-24.80699999999979,7.0125179068414765,-17.79448209315831,-5.08800849065722,0.6567559481912649
2016-04-19,IH,q1,IH1606,2016-06-17,2163.607,2138.8,-24.80699999999979,7.0125179068414765,-17.79448209315831,-5.08800849065722,0.6567559481912649
2016-04-19,IH,q2,IH1609,2016-09-16,2163.607,2096.8,-66.80699999999979,36.64064424409746,-30.16635575590233,-3.3927048214407245,0.8247811909808157
2016-04-20,IH,current,IH1605,2016-05-20,2154.886,2123.0,-31.885999999999967,1.6480470954028896,-30.237952904597076,-17.072601226821178,1.0
2016-04-20,IH,next,IH1606,2016-06-17,2154.886,2100.2,-54.68600000000015,6.984252067127719,-47.70174793287243,-13.930761738910801,0.6567559481912649
2016-04-20,IH,q1,IH1606,2016-06-17,2154.886,2100.2,-54.68600000000015,6.984252067127719,-47.70174793287243,-13.930761738910801,0.6567559481912649
2016-04-20,IH,q2,IH1609,2016-09-16,2154.886,2062.2,-92.68600000000015,36.49295427154109,-56.19304572845906,-6.3879994258615165,0.8247811909808157
2016-04-21,IH,current,IH1605,2016-05-20,2147.718,2136.4,-11.317999999999756,1.6425650413267816,-9.675434958672975,-5.670065912004622,1.0
2016-04-21,IH,next,IH1606,2016-06-17,2147.718,2118.0,-29.717999999999847,6.961019692506893,-22.756980307492952,-6.785086450905818,0.6567559481912649
2016-04-21,IH,q1,IH1606,2016-06-17,2147.718,2118.0,-29.717999999999847,6.961019692506893,-22.756980307492952,-6.785086450905818,0.6567559481912649
2016-04-21,IH,q2,IH1609,2016-09-16,2147.718,2082.8,-64.91799999999967,36.37156432505742,-28.546435674942245,-3.277976092611585,0.8247811909808157
2016-04-22,IH,current,IH1605,2016-05-20,2157.724,2147.8,-9.923999999999978,1.268852412901956,-8.655147587098021,-5.228937113648418,1.0
2016-04-22,IH,next,IH1606,2016-06-17,2157.724,2130.4,-27.32400000000007,6.612085204061205,-20.711914795938863,-6.256467546125391,0.636958664452243
2016-04-22,IH,q1,IH1606,2016-06-17,2157.724,2130.4,-27.32400000000007,6.612085204061205,-20.711914795938863,-6.256467546125391,0.636958664452243
2016-04-22,IH,q2,IH1609,2016-09-16,2157.724,2093.6,-64.12400000000025,36.159650576575416,-27.964349423424835,-3.2179875361582075,0.8229332098694998
2016-04-25,IH,current,IH1605,2016-05-20,2148.28,2136.8,-11.480000000000018,1.2063448953983713,-10.273655104601646,-6.982114274078986,1.0
2016-04-25,IH,next,IH1606,2016-06-17,2148.28,2119.0,-29.2800000000002,7.6861201323594734,-21.593879867640727,-6.9224015910304955,0.7311944285097496
2016-04-25,IH,q1,IH1606,2016-06-17,2148.28,2119.0,-29.2800000000002,7.6861201323594734,-21.593879867640727,-6.9224015910304955,0.7311944285097496
2016-04-25,IH,q2,IH1609,2016-09-16,2148.28,2076.6,-71.68000000000029,37.104360712927146,-34.575639287073145,-4.079526004453982,0.8369256930285927
2016-04-26,IH,current,IH1605,2016-05-20,2155.791,2141.4,-14.391000000000076,1.2105626214440157,-13.18043737855606,-9.29832646727845,1.0
2016-04-26,IH,next,IH1606,2016-06-17,2155.791,2124.4,-31.391000000000076,7.7129930019640645,-23.67800699803601,-7.709531920055138,0.7311944285097496
2016-04-26,IH,q1,IH1606,2016-06-17,2155.791,2124.4,-31.391000000000076,7.7129930019640645,-23.67800699803601,-7.709531920055138,0.7311944285097496
2016-04-26,IH,q2,IH1609,2016-09-16,2155.791,2076.6,-79.19100000000026,37.05686110340865,-42.13413889659161,-4.988664471699272,0.8459245736776364
2016-04-27,IH,current,IH1605,2016-05-20,2145.38,2131.6,-13.7800000000002,1.2047164297436823,-12.575283570256518,-9.302048249977867,1.0
2016-04-27,IH,next,IH1606,2016-06-17,2145.38,2113.6,-31.7800000000002,7.675744507029515,-24.104255492970687,-8.041039262786391,0.7311944285097496
2016-04-27,IH,q1,IH1606,2016-06-17,2145.38,2113.6,-31.7800000000002,7.675744507029515,-24.104255492970687,-8.041039262786391,0.7311944285097496
2016-04-27,IH,q2,IH1609,2016-09-16,2145.38,2069.0,-76.38000000000011,36.87790174188075,-39.50209825811936,-4.732825119596517,0.8459245736776364
2016-04-28,IH,current,IH1605,2016-05-20,2142.057,2124.6,-17.45699999999988,1.2028504327193608,-16.254149567280518,-12.589353029391395,1.0
2016-04-28,IH,next,IH1606,2016-06-17,2142.057,2106.8,-35.25699999999961,8.343215427067234,-26.91378457293237,-9.172054122855103,1.0
2016-04-28,IH,q1,IH1606,2016-06-17,2142.057,2106.8,-35.25699999999961,8.343215427067234,-26.91378457293237,-9.172054122855103,1.0
2016-04-28,IH,q2,IH1609,2016-09-16,2142.057,2066.6,-75.45699999999988,37.500141155848965,-37.956858844150915,-4.587044922990584,0.9036512823751182
2016-04-29,IH,current,IH1605,2016-05-20,2135.509,2124.6,-10.909000000000106,1.1991734695790495,-9.709826530421056,-7.902848105653335,1.0
2016-04-29,IH,next,IH1606,2016-06-17,2135.509,2103.2,-32.3090000000002,8.31771126232445,-23.991288737675745,-8.368525732685235,1.0
2016-04-29,IH,q1,IH1606,2016-06-17,2135.509,2103.2,-32.3090000000002,8.31771126232445,-23.991288737675745,-8.368525732685235,1.0
2016-04-29,IH,q2,IH1609,2016-09-16,2135.509,2056.8,-78.70899999999983,36.05473341071632,-42.654266589283516,-5.207459508010397,0.9604052390522163
2016-05-03,IH,current,IH1605,2016-05-20,2158.272,2155.0,-3.2719999999999345,1.211955801888596,-2.0600441981113384,-2.049341358464327,1.0
2016-05-03,IH,next,IH1606,2016-06-17,2158.272,2135.6,-22.672000000000025,8.406372120913336,-14.26562787908669,-5.361237730788171,1.0
2016-05-03,IH,q1,IH1606,2016-06-17,2158.272,2135.6,-22.672000000000025,8.406372120913336,-14.26562787908669,-5.361237730788171,1.0
2016-05-03,IH,q2,IH1609,2016-09-16,2158.272,2085.8,-72.47199999999975,36.43905110576145,-36.0329488942383,-4.48071772586812,0.9604052390522163
2016-05-04,IH,current,IH1605,2016-05-20,2152.934,2149.2,-3.7340000000003783,1.2089583020042067,-2.525041697996172,-2.6755355127253164,1.0
2016-05-04,IH,next,IH1606,2016-06-17,2152.934,2126.2,-26.73400000000038,8.385580851610191,-18.348419148390185,-7.069816214822125,1.0
2016-05-04,IH,q1,IH1606,2016-06-17,2152.934,2126.2,-26.73400000000038,8.385580851610191,-18.348419148390185,-7.069816214822125,1.0
2016-05-04,IH,q2,IH1609,2016-09-16,2152.934,2080.4,-72.5340000000001,36.34892731469038,-36.18507268530973,-4.544204097202218,0.9604052390522163
2016-05-05,IH,current,IH1605,2016-05-20,2152.882,2146.2,-6.682000000000244,1.2089291019303983,-5.473070898069846,-6.186036137591358,1.0
2016-05-05,IH,next,IH1606,2016-06-17,2152.882,2124.4,-28.48199999999997,8.385378313954934,-20.096621686045037,-7.923685677332555,1.0
2016-05-05,IH,q1,IH1606,2016-06-17,2152.882,2124.4,-28.48199999999997,8.385378313954934,-20.096621686045037,-7.923685677332555,1.0
2016-05-05,IH,q2,IH1609,2016-09-16,2152.882,2074.4,-78.48199999999997,36.34804937592385,-42.13395062407612,-5.330893684860845,0.9604052390522163
2016-05-06,IH,current,IH1605,2016-05-20,2107.009,2091.2,-15.809000000000196,0.06497621016068544,-15.744023789839511,-19.481131388792026,1.0
2016-05-06,IH,next,IH1606,2016-06-17,2107.009,2074.2,-32.8090000000002,7.0885116746118735,-25.720488325388324,-10.608558928756736,1.0
2016-05-06,IH,q1,IH1606,2016-06-17,2107.009,2074.2,-32.8090000000002,7.0885116746118735,-25.720488325388324,-10.608558928756736,1.0
2016-05-06,IH,q2,IH1609,2016-09-16,2107.009,2035.0,-72.00900000000001,34.45536206009889,-37.55363793990112,-4.891328689138425,0.9591202547524531
2016-05-09,IH,current,IH1605,2016-05-20,2072.467,2060.2,-12.26700000000028,0.06391099959377737,-12.203089000406504,-19.538100267364158,1.0
2016-05-09,IH,next,IH1606,2016-06-17,2072.467,2037.8,-34.667000000000144,6.972303642152381,-27.69469635784776,-12.50654186979468,1.0
2016-05-09,IH,q1,IH1606,2016-06-17,2072.467,2037.8,-34.667000000000144,6.972303642152381,-27.69469635784776,-12.50654186979468,1.0
2016-05-09,IH,q2,IH1609,2016-09-16,2072.467,1997.8,-74.66700000000014,33.89050585099873,-40.776494149001415,-5.524230251039542,0.9591202547524531
2016-05-10,IH,current,IH1605,2016-05-20,2072.382,2064.4,-7.981999999999971,0.06390837835302156,-7.9180916216469495,-13.945804595393785,1.0
2016-05-10,IH,next,IH1606,2016-06-17,2072.382,2042.6,-29.782000000000153,6.972017680634257,-22.809982319365897,-10.572176500492457,1.0
2016-05-10,IH,q1,IH1606,2016-06-17,2072.382,2042.6,-29.782000000000153,6.972017680634257,-22.809982319365897,-10.572176500492457,1.0
2016-05-10,IH,q2,IH1609,2016-09-16,2072.382,1993.8,-78.58200000000011,33.88911586843334,-44.692884131566764,-6.101993268601272,0.9591202547524531
2016-05-11,IH,current,IH1605,2016-05-20,2078.413,2070.8,-7.612999999999829,0.0640943630941779,-7.548905636905651,-14.729991678322529,1.0
2016-05-11,IH,next,IH1606,2016-06-17,2078.413,2047.8,-30.613000000000056,6.992307491408479,-23.620692508591578,-11.211195253868302,1.0
2016-05-11,IH,q1,IH1606,2016-06-17,2078.413,2047.8,-30.613000000000056,6.992307491408479,-23.620692508591578,-11.211195253868302,1.0
2016-05-11,IH,q2,IH1609,2016-09-16,2078.413,1995.6,-82.8130000000001,33.98773921963139,-48.82526078036871,-6.698778476367312,0.9591202547524531
2016-05-12,IH,current,IH1605,2016-05-20,2084.838,2076.0,-8.838000000000193,0.0,-8.838000000000193,-19.34125097489631,
2016-05-12,IH,next,IH1606,2016-06-17,2084.838,2051.8,-33.03800000000001,6.949630319868348,-26.088369680131663,-12.68717672447992,1.0
2016-05-12,IH,q1,IH1606,2016-06-17,2084.838,2051.8,-33.03800000000001,6.949630319868348,-26.088369680131663,-12.68717672447992,1.0
2016-05-12,IH,q2,IH1609,2016-09-16,2084.838,1998.8,-86.03800000000024,34.028513050781214,-52.009486949219024,-7.1696738326476215,0.9590430177324873
2016-05-13,IH,current,IH1605,2016-05-20,2076.188,2073.2,-2.9880000000002838,0.0,-2.9880000000002838,-7.504275005099342,
2016-05-13,IH,next,IH1606,2016-06-17,2076.188,2049.0,-27.188000000000102,6.9207962798772975,-20.267203720122804,-10.180098413665297,1.0
2016-05-13,IH,q1,IH1606,2016-06-17,2076.188,2049.0,-27.188000000000102,6.9207962798772975,-20.267203720122804,-10.180098413665297,1.0
2016-05-13,IH,q2,IH1609,2016-09-16,2076.188,1993.0,-83.1880000000001,33.88732863362782,-49.300671366372285,-6.878733375525234,0.9590430177324873
2016-05-16,IH,current,IH1605,2016-05-20,2082.616,2077.8,-4.8159999999998035,0.0,-4.8159999999998035,-21.101345615321407,
2016-05-16,IH,next,IH1606,2016-06-17,2082.616,2056.0,-26.615999999999985,6.942223471676426,-19.673776528323557,-10.775102732630048,1.0
2016-05-16,IH,q1,IH1606,2016-06-17,2082.616,2056.0,-26.615999999999985,6.942223471676426,-19.673776528323557,-10.775102732630048,1.0
2016-05-16,IH,q2,IH1609,2016-09-16,2082.616,1999.6,-83.01600000000008,33.99224579356562,-49.023754206434454,-6.985300899917498,0.9590430177324873
2016-05-17,IH,current,IH1605,2016-05-20,2075.465,2075.6,0.13499999999976353,0.0,0.13499999999976353,0.7913889176628481,
2016-05-17,IH,next,IH1606,2016-06-17,2075.465,2053.4,-22.065000000000055,6.91838622081215,-15.146613779187906,-8.592732820781142,1.0
2016-05-17,IH,q1,IH1606,2016-06-17,2075.465,2053.4,-22.065000000000055,6.91838622081215,-15.146613779187906,-8.592732820781142,1.0
2016-05-17,IH,q2,IH1609,2016-09-16,2075.465,1995.0,-80.46500000000015,33.8755279014195,-46.58947209858064,-6.715918378623638,0.9590430177324873
2016-05-18,IH,current,IH1605,2016-05-20,2078.759,2068.8,-9.958999999999833,0.0,-9.958999999999833,-87.4328144821006,
2016-05-18,IH,next,IH1606,2016-06-17,2078.759,2049.0,-29.759000000000015,6.929366489913943,-22.829633510086072,-13.361844304192097,1.0
2016-05-18,IH,q1,IH1606,2016-06-17,2078.759,2049.0,-29.759000000000015,6.929366489913943,-22.829633510086072,-13.361844304192097,1.0
2016-05-18,IH,q2,IH1609,2016-09-16,2078.759,1993.0,-85.75900000000001,33.92929223322335,-51.829707766776664,-7.521112966193042,0.9590430177324873
2016-05-19,IH,current,IH1605,2016-05-20,2073.804,2066.4,-7.403999999999996,0.0,-7.403999999999996,-130.3141473350422,
2016-05-19,IH,next,IH1606,2016-06-17,2073.804,2050.4,-23.403999999999996,6.912849418450862,-16.491150581549135,-10.008710234022438,1.0
2016-05-19,IH,q1,IH1606,2016-06-17,2073.804,2050.4,-23.403999999999996,6.912849418450862,-16.491150581549135,-10.008710234022438,1.0
2016-05-19,IH,q2,IH1609,2016-09-16,2073.804,1993.8,-80.00400000000013,33.84841722894646,-46.15558277105367,-6.7696801431228915,0.9590430177324873
2016-05-20,IH,current,IH1605,2016-05-20,2083.117,2077.8,-5.317000000000007,0.0,-5.317000000000007,,
2016-05-20,IH,next,IH1606,2016-06-17,2083.117,2061.0,-22.11700000000019,6.9438935126053885,-15.1731064873948,-9.495015450231383,1.0
2016-05-20,IH,q1,IH1606,2016-06-17,2083.117,2061.0,-22.11700000000019,6.9438935126053885,-15.1731064873948,-9.495015450231383,1.0
2016-05-20,IH,q2,IH1609,2016-09-16,2083.117,2001.8,-81.31700000000023,34.00042306443197,-47.316576935568264,-6.966995956315196,0.9590430177324873
2016-05-23,IH,current,IH1606,2016-06-17,2082.412,2064.2,-18.21199999999999,6.941543455010741,-11.270456544989248,-7.901830452227659,1.0
2016-05-23,IH,next,IH1607,2016-07-15,2082.412,2040.4,-42.011999999999716,26.50638027059019,-15.505619729409528,-5.127899038660574,1.0
2016-05-23,IH,q1,IH1609,2016-09-16,2082.412,2000.6,-81.8119999999999,33.98891612638651,-47.823083873613385,-7.226130420690578,0.9590430177324873
2016-05-23,IH,q2,IH1612,2016-12-16,2082.412,1972.4,-110.01199999999972,34.311335182875126,-75.70066481712459,-6.409963474594941,0.9500310179586157
2016-05-24,IH,current,IH1606,2016-06-17,2066.643,2052.8,-13.842999999999847,6.888978833436306,-6.954021166563542,-5.1174330500310825,1.0
2016-05-24,IH,next,IH1607,2016-07-15,2066.643,2026.8,-39.843000000000075,26.305661531701375,-13.5373384682987,-4.597876977793144,1.0
2016-05-24,IH,q1,IH1609,2016-09-16,2066.643,1988.8,-77.84300000000007,33.73153611782097,-44.1114638821791,-6.774559059429638,0.9590430177324873
2016-05-24,IH,q2,IH1612,2016-12-16,2066.643,1958.0,-108.64300000000003,34.05151366604813,-74.5914863339519,-6.39513098085927,0.9500310179586157
2016-05-25,IH,current,IH1606,2016-06-17,2071.907,2057.0,-14.907000000000153,6.906525930142998,-8.000474069857155,-6.127883395424898,1.0
2016-05-25,IH,next,IH1607,2016-07-15,2071.907,2033.8,-38.1070000000002,26.37266536463376,-11.734334635366437,-4.0533200761601575,1.0
2016-05-25,IH,q1,IH1609,2016-09-16,2071.907,1995.6,-76.30700000000024,33.81745458856034,-42.489545411439906,-6.565984302323079,0.9590430177324873
2016-05-25,IH,q2,IH1612,2016-12-16,2071.907,1961.0,-110.90700000000015,34.138247159901724,-76.76875284009843,-6.597102487104503,0.9500310179586157
2016-05-26,IH,current,IH1606,2016-06-17,2076.137,2057.2,-18.937000000000353,6.920626275710876,-12.016373724289476,-9.602572665583986,1.0
2016-05-26,IH,next,IH1607,2016-07-15,2076.137,2035.6,-40.53700000000026,26.426507730382994,-14.110492269617268,-4.961454546024951,1.0
2016-05-26,IH,q1,IH1609,2016-09-16,2076.137,1997.6,-78.53700000000026,33.88649621683304,-44.650503783167224,-6.946799685745514,0.9590430177324873
2016-05-26,IH,q2,IH1612,2016-12-16,2076.137,1967.8,-108.33700000000022,34.207943717462655,-74.12905628253756,-6.388444997100009,0.9500310179586157
2016-05-27,IH,current,IH1606,2016-06-17,2074.92,2062.2,-12.720000000000255,6.9165695096219615,-5.803430490378293,-4.861351232791251,1.0
2016-05-27,IH,next,IH1607,2016-07-15,2074.92,2039.8,-35.12000000000012,26.41101691262488,-8.708983087375238,-3.12653197634171,1.0
2016-05-27,IH,q1,IH1609,2016-09-16,2074.92,2004.2,-70.72000000000003,33.86663246704394,-36.853367532956085,-5.78829508638929,0.9590430177324873
2016-05-27,IH,q2,IH1612,2016-12-16,2074.92,1974.4,-100.51999999999998,34.18789154002727,-66.33210845997272,-5.748033252653634,0.9500310179586157
2016-05-30,IH,current,IH1606,2016-06-17,2092.161,2075.0,-17.161000000000058,6.974040918117418,-10.186959081882641,-9.87347018196646,1.0
2016-05-30,IH,next,IH1607,2016-07-15,2092.161,2050.4,-41.76099999999997,26.630472285646764,-15.130527714353203,-5.738442126023636,1.0
2016-05-30,IH,q1,IH1609,2016-09-16,2092.161,2019.2,-72.96100000000001,34.14803830937247,-38.812961690627546,-6.212237458350505,0.9590430177324873
2016-05-30,IH,q2,IH1612,2016-12-16,2092.161,1991.0,-101.16100000000006,34.47196679981638,-66.68903320018367,-5.817309738128911,0.9500310179586157
2016-05-31,IH,current,IH1606,2016-06-17,2155.656,2144.0,-11.655999999999949,6.725498955429515,-4.930501044570434,-4.910837244980614,1.0
2016-05-31,IH,next,IH1607,2016-07-15,2155.656,2124.0,-31.65599999999995,26.978483413127964,-4.677516586871985,-1.76001443459364,1.0
2016-05-31,IH,q1,IH1609,2016-09-16,2155.656,2096.4,-59.25599999999986,34.72420006898783,-24.53179993101203,-3.84608666294596,0.9585002180000287
2016-05-31,IH,q2,IH1612,2016-12-16,2155.656,2076.0,-79.65599999999995,35.057959466087944,-44.598040533912005,-3.7946883039276202,0.949375087508921
2016-06-01,IH,current,IH1606,2016-06-17,2138.963,2126.4,-12.563000000000102,6.673417939690926,-5.889582060309176,-6.281365818427111,1.0
2016-06-01,IH,next,IH1607,2016-07-15,2138.963,2105.2,-33.763000000000375,26.769567044460917,-6.993432955539458,-2.7122350970709355,1.0
2016-06-01,IH,q1,IH1609,2016-09-16,2138.963,2083.2,-55.763000000000375,34.45530230805027,-21.307697691950104,-3.3981484011906122,0.9585002180000287
2016-06-01,IH,q2,IH1612,2016-12-16,2138.963,2060.6,-78.36300000000028,34.786477134321004,-43.57652286567928,-3.755579634525943,0.949375087508921
2016-06-02,IH,current,IH1606,2016-06-17,2137.652,2126.6,-11.052000000000135,5.5883433993102605,-5.463656600689874,-6.21939292660609,1.0
2016-06-02,IH,next,IH1607,2016-07-15,2137.652,2105.0,-32.652000000000044,25.672175296407016,-6.979824703593028,-2.7716087196687478,1.0
2016-06-02,IH,q1,IH1609,2016-09-16,2137.652,2076.4,-61.25199999999995,33.353199866575984,-27.89880013342397,-4.4940253652578175,0.9571552012280228
2016-06-02,IH,q2,IH1612,2016-12-16,2137.652,2051.0,-86.65200000000004,33.684171711216244,-52.9678282887838,-4.59094193338761,0.9477504450335288
2016-06-03,IH,current,IH1606,2016-06-17,2152.637,2142.8,-9.836999999999989,5.481013509006041,-4.355986490993948,-5.275705595418851,1.0
2016-06-03,IH,next,IH1607,2016-07-15,2152.637,2118.0,-34.63700000000017,25.7056336265325,-8.931366373467672,-3.6057090358030854,1.0
2016-06-03,IH,q1,IH1609,2016-09-16,2152.637,2095.0,-57.63700000000017,33.44050239266227,-24.196497607337903,-3.907376605521212,0.9569674962529561
2016-06-03,IH,q2,IH1612,2016-12-16,2152.637,2068.4,-84.23700000000008,33.77379435914272,-50.46320564085736,-4.365568706630598,0.9475237963449035
2016-06-06,IH,current,IH1606,2016-06-17,2136.323,2129.8,-6.5229999999996835,2.6756742562363267,-3.847325743763357,-5.975747268357084,1.0
2016-06-06,IH,next,IH1607,2016-07-15,2136.323,2107.0,-29.322999999999865,22.747019830680358,-6.575980169319507,-2.880857894137971,1.0
2016-06-06,IH,q1,IH1609,2016-09-16,2136.323,2086.2,-50.12300000000005,30.423269029716067,-19.69973097028398,-3.2997882499434654,0.9530582099995392
2016-06-06,IH,q2,IH1612,2016-12-16,2136.323,2058.6,-77.72299999999996,30.754035105792727,-46.96896489420723,-4.157953503655808,0.9428078697333016
2016-06-07,IH,current,IH1606,2016-06-17,2139.069,2132.6,-6.469000000000051,2.679113530872056,-3.7898864691279948,-6.466872088893432,1.0
2016-06-07,IH,next,IH1607,2016-07-15,2139.069,2106.2,-32.86900000000014,22.776258534965734,-10.092741465034408,-4.532038833541674,1.0
2016-06-07,IH,q1,IH1609,2016-09-16,2139.069,2081.8,-57.26899999999978,30.462374678419753,-26.806625321580025,-4.528859431011513,0.9530582099995392
2016-06-07,IH,q2,IH1612,2016-12-16,2139.069,2053.4,-85.66899999999987,30.79356591663009,-54.87543408336978,-4.876910780760514,0.9428078697333016
2016-06-08,IH,current,IH1606,2016-06-17,2132.963,2127.4,-5.563000000000102,1.2335149736656106,-4.329485026334491,-8.23196044715517,1.0
2016-06-08,IH,next,IH1607,2016-07-15,2132.963,2100.8,-32.16300000000001,21.273292418603887,-10.889707581396124,-5.036444312834641,1.0
2016-06-08,IH,q1,IH1609,2016-09-16,2132.963,2074.8,-58.16300000000001,28.937468444571312,-29.2255315554287,-5.0011739621041125,0.9507255942878283
2016-06-08,IH,q2,IH1612,2016-12-16,2132.963,2048.8,-84.16300000000001,29.267714293128243,-54.89528570687177,-4.918257071311557,0.9399979652872917
2016-06-13,IH,current,IH1606,2016-06-17,2084.3,2060.6,-23.700000000000273,1.2053726481008962,-22.494627351899375,-98.48077272277588,1.0
2016-06-13,IH,next,IH1607,2016-07-15,2084.3,2038.0,-46.30000000000018,20.787947745974066,-25.512052254026116,-13.961370533151914,1.0
2016-06-13,IH,q1,IH1609,2016-09-16,2084.3,2014.0,-70.30000000000018,28.27726757520875,-42.02273242479143,-7.746282273260426,0.9507255942878283
2016-06-13,IH,q2,IH1612,2016-12-16,2084.3,1990.0,-94.30000000000018,28.59997895001798,-65.7000210499822,-6.185647971146162,0.9399979652872917
2016-06-14,IH,current,IH1606,2016-06-17,2095.023,2084.0,-11.023000000000138,1.2115738719677032,-9.811426128032435,-56.979017043915334,1.0
2016-06-14,IH,next,IH1607,2016-07-15,2095.023,2058.8,-36.222999999999956,20.894894521236782,-15.328105478763174,-8.614515479641526,1.0
2016-06-14,IH,q1,IH1609,2016-09-16,2095.023,2031.6,-63.42300000000023,28.422744301308143,-35.00025569869209,-6.487052800457556,0.9507255942878283
2016-06-14,IH,q2,IH1612,2016-12-16,2095.023,2005.6,-89.42300000000023,28.747115914121537,-60.67588408587869,-5.714108122568562,0.9399979652872917
2016-06-15,IH,current,IH1606,2016-06-17,2106.631,2092.6,-14.030999999999949,1.2182869006579853,-12.812713099341964,-110.99808844690449,1.0
2016-06-15,IH,next,IH1607,2016-07-15,2106.631,2063.8,-42.830999999999676,21.010667921148148,-21.82033207885153,-12.602145651486202,1.0
2016-06-15,IH,q1,IH1609,2016-09-16,2106.631,2036.2,-70.43099999999981,28.58022763960542,-41.850772360394394,-7.796953111718391,0.9507255942878283
2016-06-15,IH,q2,IH1612,2016-12-16,2106.631,2007.0,-99.63099999999986,28.906396514635762,-70.7246034853641,-6.659737202938755,0.9399979652872917
2016-06-16,IH,current,IH1606,2016-06-17,2094.815,2092.6,-2.2150000000001455,0.2949668797976849,-1.9200331202024605,-33.45460524551801,1.0
2016-06-16,IH,next,IH1607,2016-07-15,2094.815,2053.6,-41.215000000000146,19.976333311525927,-21.23866668847422,-12.760757066759476,1.0
2016-06-16,IH,q1,IH1609,2016-09-16,2094.815,2021.4,-73.41499999999996,27.50343570469306,-45.9115642953069,-8.695237572492402,0.949083641691548
2016-06-16,IH,q2,IH1612,2016-12-16,2094.815,1996.0,-98.81500000000005,27.82777511294571,-70.98722488705434,-6.758904315722034,0.9380218437044965
2016-06-17,IH,current,IH1606,2016-06-17,2102.201,2103.4,1.1990000000000691,0.0,1.1990000000000691,,
2016-06-17,IH,next,IH1607,2016-07-15,2102.201,2065.0,-37.20100000000002,19.750759944981084,-17.450240055018938,-10.820865539230265,1.0
2016-06-17,IH,q1,IH1609,2016-09-16,2102.201,2037.0,-65.20100000000002,27.304401759660824,-37.8965982403392,-7.23065202118475,0.9485316576957723
2016-06-17,IH,q2,IH1612,2016-12-16,2102.201,2009.8,-92.40100000000007,27.62988473947915,-64.77111526052092,-6.17914822463342,0.9373578539209884
2016-06-20,IH,current,IH1607,2016-07-15,2104.22,2069.0,-35.2199999999998,19.769729008514453,-15.450270991485347,-10.720074729623619,1.0
2016-06-20,IH,next,IH1608,2016-08-19,2104.22,2051.0,-53.2199999999998,25.874391473535006,-27.345608526464794,-7.905658717687672,1.0
2016-06-20,IH,q1,IH1609,2016-09-16,2104.22,2037.8,-66.41999999999985,27.330625506653973,-39.08937449334587,-7.70509094390798,0.9485316576957723
2016-06-20,IH,q2,IH1612,2016-12-16,2104.22,2011.4,-92.81999999999971,27.656421087472992,-65.16357891252672,-6.3147130151366095,0.9373578539209884
2016-06-21,IH,current,IH1607,2016-07-15,2104.558,2068.8,-35.75799999999981,19.77290461201831,-15.985095387981502,-11.55143545702005,1.0
2016-06-21,IH,next,IH1608,2016-08-19,2104.558,2050.4,-54.1579999999999,25.87854766647969,-28.27945233352021,-8.312869223214225,1.0
2016-06-21,IH,q1,IH1609,2016-09-16,2104.558,2038.2,-66.35799999999995,27.3350156138772,-39.022984386122744,-7.779168756648638,0.9485316576957723
2016-06-21,IH,q2,IH1612,2016-12-16,2104.558,2007.0,-97.55799999999999,27.660863527107427,-69.89713647289257,-6.810380033414523,0.9373578539209884
2016-06-22,IH,current,IH1607,2016-07-15,2115.769,2080.0,-35.76899999999978,19.82908269560868,-15.939917304391098,-11.955915661013028,1.0
2016-06-22,IH,next,IH1608,2016-08-19,2115.769,2064.2,-51.56899999999996,25.967250567292286,-25.601749432707674,-7.614936112442675,1.0
2016-06-22,IH,q1,IH1609,2016-09-16,2115.769,2050.4,-65.36899999999969,27.431477132964165,-37.937522867035526,-7.610183587692608,0.9484394355153313
2016-06-22,IH,q2,IH1612,2016-12-16,2115.769,2019.0,-96.76899999999978,27.759060841052612,-69.00993915894716,-6.726094937536133,0.9372469348409589
2016-06-23,IH,current,IH1607,2016-07-15,2105.532,2074.2,-31.332000000000335,19.733141068921203,-11.598858931079132,-9.139524551695859,1.0
2016-06-23,IH,next,IH1608,2016-08-19,2105.532,2058.0,-47.53200000000015,25.841609845617395,-21.690390154382758,-6.596651279589685,1.0
2016-06-23,IH,q1,IH1609,2016-09-16,2105.532,2042.0,-63.53200000000015,27.29875185368739,-36.23324814631276,-7.389573289569716,0.9484394355153313
2016-06-23,IH,q2,IH1612,2016-12-16,2105.532,2011.0,-94.53200000000015,27.624750570966487,-66.90724942903367,-6.590092746155583,0.9372469348409589
2016-06-24,IH,current,IH1607,2016-07-15,2076.3,2047.0,-29.300000000000182,18.254885378139647,-11.045114621860534,-9.245995823566863,1.0
2016-06-24,IH,next,IH1608,2016-08-19,2076.3,2031.4,-44.90000000000009,24.278547673965267,-20.621452326034824,-6.47342293210683,1.0
2016-06-24,IH,q1,IH1609,2016-09-16,2076.3,2017.4,-58.90000000000009,25.715459557211748,-33.18454044278835,-6.944792626545931,0.9460247799044968
2016-06-24,IH,q2,IH1612,2016-12-16,2076.3,1992.0,-84.30000000000018,26.036932295069256,-58.263067704930926,-5.852724203713965,0.9343444032521929
2016-06-27,IH,current,IH1607,2016-07-15,2095.893,2072.6,-23.29300000000012,18.427147560489928,-4.865852439510192,-4.707715253967907,1.0
2016-06-27,IH,next,IH1608,2016-08-19,2095.893,2053.6,-42.29300000000012,24.5076521312094,-17.78534786879072,-5.844000598968908,1.0
2016-06-27,IH,q1,IH1609,2016-09-16,2095.893,2040.0,-55.89300000000003,25.95812343001647,-29.934876569983558,-6.43600258952292,0.9460247799044968
2016-06-27,IH,q2,IH1612,2016-12-16,2095.893,2011.2,-84.69299999999998,26.282629744598363,-58.41037025540162,-5.9140537806451325,0.9343444032521929
2016-06-28,IH,current,IH1607,2016-07-15,2102.053,2078.6,-23.452999999999975,18.481306445973402,-4.971693554026572,-5.078139567868675,1.0
2016-06-28,IH,next,IH1608,2016-08-19,2102.053,2060.6,-41.452999999999975,24.579682114194338,-16.873317885805637,-5.634382771655082,1.0
2016-06-28,IH,q1,IH1609,2016-09-16,2102.053,2048.2,-53.853000000000065,26.034416466125137,-27.81858353387493,-6.038015567319396,0.9460247799044968
2016-06-28,IH,q2,IH1612,2016-12-16,2102.053,2014.6,-87.45299999999997,26.359876531159856,-61.09312346884012,-6.203623347227838,0.9343444032521929
2016-06-29,IH,current,IH1607,2016-07-15,2122.97,2099.8,-23.169999999999618,18.665209271891886,-4.504790728107732,-4.840649584542299,1.0
2016-06-29,IH,next,IH1608,2016-08-19,2122.97,2084.2,-38.76999999999998,24.824268340508613,-13.945731659491369,-4.701323493358268,1.0
2016-06-29,IH,q1,IH1609,2016-09-16,2122.97,2067.0,-55.9699999999998,26.29347838759997,-29.67652161239983,-6.458548302271507,0.9460247799044968
2016-06-29,IH,q2,IH1612,2016-12-16,2122.97,2035.8,-87.16999999999985,26.622177023774583,-60.54782297622526,-6.123484437679351,0.9343444032521929
2016-06-30,IH,current,IH1607,2016-07-15,2122.633,2100.8,-21.83299999999963,18.430111694563085,-3.4028883054365444,-3.900985965651587,1.0
2016-06-30,IH,next,IH1608,2016-08-19,2122.633,2084.4,-38.23299999999972,24.588193074891176,-13.644806925108544,-4.6926195227009275,1.0
2016-06-30,IH,q1,IH1609,2016-09-16,2122.633,2071.4,-51.23299999999972,26.057169899758073,-25.175830100241647,-5.550181033981297,0.9455439326120139
2016-06-30,IH,q2,IH1612,2016-12-16,2122.633,2037.0,-85.63299999999981,26.385816358351097,-59.24718364164872,-6.028356935179839,0.9337667845913991
2015-01-05,IC,q2,IC1506,2015-06-19,5417.017,,,17.16504877595202,,,0.004439911666342967
2015-01-06,IC,q2,IC1506,2015-06-19,5479.864,,,17.364193770406025,,,0.004439911666342967
2015-01-07,IC,q2,IC1506,2015-06-19,5488.242,,,17.390741366369806,,,0.004439911666342967
2015-01-08,IC,q2,IC1506,2015-06-19,5444.037,,,17.250667783225992,,,0.004439911666342967
2015-01-09,IC,q2,IC1506,2015-06-19,5409.058,,,17.139828876659145,,,0.004439911666342967
2015-01-12,IC,q2,IC1506,2015-06-19,5332.221,,,16.89635338954182,,,0.004439911666342967
2015-01-13,IC,q2,IC1506,2015-06-19,5405.091,,,17.127258536101934,,,0.004439911666342967
2015-01-14,IC,q2,IC1506,2015-06-19,5379.738,,,17.04692179696733,,,0.004439911666342967
2015-01-15,IC,q2,IC1506,2015-06-19,5449.038,,,17.266514587644092,,,0.004439911666342967
2015-01-16,IC,q2,IC1506,2015-06-19,5520.123,,,17.49176355626253,,,0.004439911666342967
2015-01-19,IC,q2,IC1506,2015-06-19,5281.895,,,16.736884027585127,,,0.004439911666342967
2015-01-20,IC,q2,IC1506,2015-06-19,5472.514,,,17.34090362594031,,,0.004439911666342967
2015-01-21,IC,q2,IC1506,2015-06-19,5611.694,,,17.78192706903399,,,0.004439911666342967
2015-01-22,IC,q2,IC1506,2015-06-19,5690.156,,,18.030551737750876,,,0.004439911666342967
2015-01-23,IC,q2,IC1506,2015-06-19,5633.289,,,17.850355731583264,,,0.004439911666342967
2015-01-26,IC,q2,IC1506,2015-06-19,5758.979,,,18.16761072682883,,,0.0
2015-01-27,IC,q2,IC1506,2015-06-19,5773.816,,,18.21441639157495,,,0.0
2015-01-28,IC,q2,IC1506,2015-06-19,5739.919,,,18.107482940210165,,,0.0
2015-01-29,IC,q2,IC1506,2015-06-19,5701.205,,,17.985353499960695,,,0.0
2015-01-30,IC,q2,IC1506,2015-06-19,5632.728,,,17.769331965632986,,,0.0
2015-02-02,IC,q2,IC1506,2015-06-19,5609.389,,,17.695705396278687,,,0.0
2015-02-03,IC,q2,IC1506,2015-06-19,5707.476,,,18.005136361969384,,,0.0
2015-02-04,IC,q2,IC1506,2015-06-19,5683.519,,,17.92956021380447,,,0.0
2015-02-05,IC,q2,IC1506,2015-06-19,5654.217,,,17.837122417188517,,,0.0
2015-02-06,IC,q2,IC1506,2015-06-19,5534.785,,,17.46035527073311,,,0.0
2015-02-09,IC,q2,IC1506,2015-06-19,5504.974,,,17.36631175305793,,,0.005718612577133922
2015-02-10,IC,q2,IC1506,2015-06-19,5580.704,,,17.614983422783844,,,0.010661147305934328
2015-02-11,IC,q2,IC1506,2015-06-19,5641.786,,,17.80778318737098,,,0.010661147305934328
2015-02-12,IC,q2,IC1506,2015-06-19,5681.341,,,17.925683054994504,,,0.012849720272227897
2015-02-13,IC,q2,IC1506,2015-06-19,5769.272,,,18.17012970162014,,,0.015419724859007425
2015-02-16,IC,q2,IC1506,2015-06-19,5869.713,,,18.48646528041768,,,0.020688627002042114
2015-02-17,IC,q2,IC1506,2015-06-19,5911.098,,,18.62360496737421,,,0.022769186698303714
2015-02-25,IC,q1,IC1506,2015-06-19,5906.538,,,18.609238154533138,,,0.022769186698303714
2015-02-25,IC,q2,IC1509,2015-09-18,5906.538,,,28.816974414861644,,,0.01604800335679656
2015-02-26,IC,q1,IC1506,2015-06-19,5969.557,,,18.80778687787336,,,0.022769186698303714
2015-02-26,IC,q2,IC1509,2015-09-18,5969.557,,,29.12443318523613,,,0.01604800335679656
2015-02-27,IC,q1,IC1506,2015-06-19,6018.463,,,18.88500459201116,,,0.02414418282734931
2015-02-27,IC,q2,IC1509,2015-09-18,6018.463,,,29.286170722923295,,,0.016917020190597935
2015-03-02,IC,q1,IC1506,2015-06-19,6139.792,,,19.228005111984636,,,0.028646641956671288
2015-03-02,IC,q2,IC1509,2015-09-18,6139.792,,,29.83885319749174,,,0.0198092480662026
2015-03-03,IC,q1,IC1506,2015-06-19,6118.656,,,19.061965497448327,,,0.04294059237147688
2015-03-03,IC,q2,IC1509,2015-09-18,6118.656,,,29.63628614275301,,,0.028973297594857776
2015-03-04,IC,q1,IC1506,2015-06-19,6210.421,,,19.347848747605443,,,0.04294059237147688
2015-03-04,IC,q2,IC1509,2015-09-18,6210.421,,,30.080758555957765,,,0.028973297594857776
2015-03-05,IC,q1,IC1506,2015-06-19,6208.988,,,19.32427426513425,,,0.04320122726119254
2015-03-05,IC,q2,IC1509,2015-09-18,6208.988,,,30.054707548987604,,,0.0291319969657576
2015-03-06,IC,q1,IC1506,2015-06-19,6133.026,,,19.012547095591295,,,0.05135305002251097
2015-03-06,IC,q2,IC1509,2015-09-18,6133.026,,,29.611702114273562,,,0.03433019050146702
2015-03-09,IC,q1,IC1506,2015-06-19,6212.236,,,19.24168526601663,,,0.05234594954374644
2015-03-09,IC,q2,IC1509,2015-09-18,6212.236,,,29.97773177497301,,,0.03495817764647548
2015-03-10,IC,q1,IC1506,2015-06-19,6276.485,,,19.371390841664088,,,0.06690712158075465
2015-03-10,IC,q2,IC1509,2015-09-18,6276.485,,,30.218473095584752,,,0.04425266485403548
2015-03-11,IC,q1,IC1506,2015-06-19,6262.892,,,19.32943816979269,,,0.06690712158075465
2015-03-11,IC,q2,IC1509,2015-09-18,6262.892,,,30.15302886927205,,,0.04425266485403548
2015-03-12,IC,q1,IC1506,2015-06-19,6260.137,,,19.320935292502494,,,0.06690712158075465
2015-03-12,IC,q2,IC1509,2015-09-18,6260.137,,,30.139764774260538,,,0.04425266485403548
2015-03-13,IC,q1,IC1506,2015-06-19,6329.576,,,19.5176399240622,,,0.07057593715588813
2015-03-13,IC,q2,IC1509,2015-09-18,6329.576,,,30.456474559123404,,,0.04659068075151431
2015-03-16,IC,q1,IC1506,2015-06-19,6516.765,,,19.735403519930443,,,0.0865396619930336
2015-03-16,IC,q2,IC1509,2015-09-18,6516.765,,,30.87224115881944,,,0.057009586389866106
2015-03-17,IC,q1,IC1506,2015-06-19,6618.054,,,19.80699271592599,,,0.09834879853978325
2015-03-17,IC,q2,IC1509,2015-09-18,6618.054,,,31.116928379311084,,,0.0643033441918877
2015-03-18,IC,q1,IC1506,2015-06-19,6728.068,,,19.964885216923804,,,0.10646109701714848
2015-03-18,IC,q2,IC1509,2015-09-18,6728.068,,,31.089494668732968,,,0.07158820004112373
2015-03-19,IC,q1,IC1506,2015-06-19,6782.463,,,20.12629707117001,,,0.10646109701714848
2015-03-19,IC,q2,IC1509,2015-09-18,6782.463,,,31.10724270514375,,,0.09121345019745129
2015-03-20,IC,q1,IC1506,2015-06-19,6850.897,,,20.013955344984968,,,0.14646370213353543
2015-03-20,IC,q2,IC1509,2015-09-18,6850.897,,,31.102454689000133,,,0.12011802712777216
2015-03-23,IC,next,IC1505,2015-05-15,7017.154,,,3.5018875462770382,,,0.37465504209906847
2015-03-23,IC,q1,IC1506,2015-06-19,7017.154,,,20.445365348564664,,,0.15050387219881695
2015-03-23,IC,q2,IC1509,2015-09-18,7017.154,,,31.71986494747364,,,0.12344475234458113
2015-03-24,IC,next,IC1505,2015-05-15,7046.123,,,3.516344430125974,,,0.37465504209906847
2015-03-24,IC,q1,IC1506,2015-06-19,7046.123,,,20.431075196797114,,,0.1578773134209549
2015-03-24,IC,q2,IC1509,2015-09-18,7046.123,,,31.59509448548987,,,0.13027462548463048
2015-03-25,IC,next,IC1505,2015-05-15,7124.872,,,3.3974324245343457,,,0.481458856835909
2015-03-25,IC,q1,IC1506,2015-06-19,7124.872,,,20.308500668977768,,,0.1838676624101064
2015-03-25,IC,q2,IC1509,2015-09-18,7124.872,,,31.512754986277294,,,0.15253852432825157
2015-03-26,IC,next,IC1505,2015-05-15,7074.437,,,3.243366881240796,,,0.579771819802033
2015-03-26,IC,q1,IC1506,2015-06-19,7074.437,,,19.420857690403402,,,0.23304936007284624
2015-03-26,IC,q2,IC1509,2015-09-18,7074.437,,,30.56765384243142,,,0.18590117151024413
2015-03-27,IC,next,IC1505,2015-05-15,7155.945,,,3.2709706154347393,,,0.6848002325254039
2015-03-27,IC,q1,IC1506,2015-06-19,7155.945,,,18.934545679503593,,,0.2981993644232005
2015-03-27,IC,q2,IC1509,2015-09-18,7155.945,,,29.569076576139146,,,0.24585378533186014
2015-03-30,IC,next,IC1505,2015-05-15,7245.497,,,3.138865863986555,,,0.7718201974468577
2015-03-30,IC,q1,IC1506,2015-06-19,7245.497,,,18.58262454772958,,,0.3368871406432789
2015-03-30,IC,q2,IC1509,2015-09-18,7245.497,,,28.846241127696373,,,0.2969850072712889
2015-03-31,IC,next,IC1505,2015-05-15,7253.104,,,3.0259044070032313,,,0.9305800309770755
2015-03-31,IC,q1,IC1506,2015-06-19,7253.104,,,16.841552777624994,,,0.455942769219293
2015-03-31,IC,q2,IC1509,2015-09-18,7253.104,,,27.04747874740786,,,0.37427069647880795
2015-04-01,IC,next,IC1505,2015-05-15,7425.733,,,3.0979230698924662,,,0.9305800309770755
2015-04-01,IC,q1,IC1506,2015-06-19,7425.733,,,17.242393633408753,,,0.455942769219293
2015-04-01,IC,q2,IC1509,2015-09-18,7425.733,,,27.681890820829885,,,0.37455999867148393
2015-04-02,IC,next,IC1505,2015-05-15,7560.648,,,3.1542079229803086,,,0.9305800309770755
2015-04-02,IC,q1,IC1506,2015-06-19,7560.648,,,17.068611982583548,,,0.4813964816150545
2015-04-02,IC,q2,IC1509,2015-09-18,7560.648,,,27.441578757037043,,,0.4055941356491757
2015-04-03,IC,next,IC1505,2015-05-15,7679.01,,,3.2035870711935033,,,0.9305800309770755
2015-04-03,IC,q1,IC1506,2015-06-19,7679.01,,,17.335821228600892,,,0.4813964816150545
2015-04-03,IC,q2,IC1509,2015-09-18,7679.01,,,27.871176874135,,,0.4055941356491757
2015-04-07,IC,next,IC1505,2015-05-15,7863.284,,,3.0957825545731152,,,0.9367233071487049
2015-04-07,IC,q1,IC1506,2015-06-19,7863.284,,,17.367779078513017,,,0.48969713697919015
2015-04-07,IC,q2,IC1509,2015-09-18,7863.284,,,28.1321465917466,,,0.41021392473917906
2015-04-08,IC,next,IC1505,2015-05-15,7807.997,,,3.0463562896639713,,,0.9361487796168281
2015-04-08,IC,q1,IC1506,2015-06-19,7807.997,,,17.1185071687441,,,0.49375163205312667
2015-04-08,IC,q2,IC1509,2015-09-18,7807.997,,,27.80719007148872,,,0.4123464644383568
2015-04-09,IC,next,IC1505,2015-05-15,7746.151,,,2.8874678242688825,,,0.9331688298869818
2015-04-09,IC,q1,IC1506,2015-06-19,7746.151,,,16.722895843077698,,,0.4994350425188061
2015-04-09,IC,q2,IC1509,2015-09-18,7746.151,,,27.326915254941987,,,0.4150498892621957
2015-04-10,IC,next,IC1505,2015-05-15,7952.189,,,2.8846031185866696,,,1.0
2015-04-10,IC,q1,IC1506,2015-06-19,7952.189,,,16.995064130972512,,,0.5275150506410635
2015-04-10,IC,q2,IC1509,2015-09-18,7952.189,,,27.726927941221795,,,0.44247795763533665
2015-04-13,IC,next,IC1505,2015-05-15,8122.893,,,2.9465248474031274,,,1.0
2015-04-13,IC,q1,IC1506,2015-06-19,8122.893,,,17.340803319117526,,,0.5294343991847845
2015-04-13,IC,q2,IC1509,2015-09-18,8122.893,,,28.12939783326055,,,0.45599390878327223
2015-04-14,IC,next,IC1505,2015-05-15,8119.959,,,2.9132487408243266,,,1.0
2015-04-14,IC,q1,IC1506,2015-06-19,8119.959,,,17.265927699704534,,,0.5329464878140638
2015-04-14,IC,q2,IC1509,2015-09-18,8119.959,,,27.829875439944907,,,0.48702919283118656
2015-04-15,IC,next,IC1505,2015-05-15,7802.747,,,2.7994405972641974,,,1.0
2015-04-15,IC,q1,IC1506,2015-06-19,7802.747,,,16.470278750046706,,,0.5547156993562113
2015-04-15,IC,q2,IC1509,2015-09-18,7802.747,,,26.516369290167518,,,0.5163711608813661
2015-04-16,IC,next,IC1505,2015-05-15,7912.088,7707.8,-204.28799999999956,2.547935082294319,-201.74006491770524,-32.09193573653395,1.0
2015-04-16,IC,q1,IC1506,2015-06-19,7912.088,7652.4,-259.6880000000001,16.410344628390416,-243.27765537160968,-17.535736183561298,0.5489106898549215
2015-04-16,IC,q2,IC1509,2015-09-18,7912.088,7643.2,-268.8879999999999,26.597212459604645,-242.29078754039529,-7.2111903393687005,0.5123703549385025
2015-04-17,IC,next,IC1505,2015-05-15,7980.76,7758.2,-222.5600000000004,2.5700495731810884,-219.98995042681932,-35.932995598069176,1.0
2015-04-17,IC,q1,IC1506,2015-06-19,7980.76,7674.8,-305.96000000000004,16.47549913582566,-289.4845008641744,-21.01519289116986,0.5597235602898322
2015-04-17,IC,q2,IC1509,2015-09-18,7980.76,7608.8,-371.96000000000004,26.99642735029948,-344.96357264970055,-10.244744455963728,0.526039446079663
2015-04-20,IC,current,IC1505,2015-05-15,7839.901,7622.2,-217.70100000000002,2.5246886535658244,-215.1763113464342,-40.071604802891514,1.0
2015-04-20,IC,next,IC1506,2015-06-19,7839.901,7505.0,-334.90099999999984,16.163637883835296,-318.73736211616455,-24.732271740931438,0.5640053944744388
2015-04-20,IC,q1,IC1506,2015-06-19,7839.901,7505.0,-334.90099999999984,16.163637883835296,-318.73736211616455,-24.732271740931438,0.5640053944744388
2015-04-20,IC,q2,IC1509,2015-09-18,7839.901,7419.4,-420.5010000000002,26.102556690436806,-394.3984433095634,-12.160194759047267,0.5531069785544744
2015-04-21,IC,current,IC1505,2015-05-15,8112.687,8140.4,27.712999999999738,2.513776237156147,30.226776237155885,5.6664196289927835,1.0
2015-04-21,IC,next,IC1506,2015-06-19,8112.687,8075.0,-37.6869999999999,15.181673652988858,-22.505326347011042,-1.7161745101721706,0.6772247975181833
2015-04-21,IC,q1,IC1506,2015-06-19,8112.687,8075.0,-37.6869999999999,15.181673652988858,-22.505326347011042,-1.7161745101721706,0.6772247975181833
2015-04-21,IC,q2,IC1509,2015-09-18,8112.687,8024.0,-88.6869999999999,25.228064018063694,-63.45893598193621,-1.9033982726402665,0.6464487664978784
2015-04-22,IC,current,IC1505,2015-05-15,8323.427,8189.8,-133.6269999999995,2.4770133331213118,-131.1499866668782,-25.005244434414138,1.0
2015-04-22,IC,next,IC1506,2015-06-19,8323.427,8126.6,-196.82699999999932,15.217759332761824,-181.6092406672375,-13.730951670288608,0.7000261016675047
2015-04-22,IC,q1,IC1506,2015-06-19,8323.427,8126.6,-196.82699999999932,15.217759332761824,-181.6092406672375,-13.730951670288608,0.7000261016675047
2015-04-22,IC,q2,IC1509,2015-09-18,8323.427,8029.0,-294.4269999999997,25.496862688135582,-268.9301373118641,-7.914871980033541,0.6701283442302953
2015-04-23,IC,current,IC1505,2015-05-15,8410.703,8265.6,-145.10299999999916,2.466068042675219,-142.63693195732392,-28.13648717723295,1.0
2015-04-23,IC,next,IC1506,2015-06-19,8410.703,8204.0,-206.70299999999952,15.271439308339188,-191.43156069166034,-14.574687491797816,0.7156333178198354
2015-04-23,IC,q1,IC1506,2015-06-19,8410.703,8204.0,-206.70299999999952,15.271439308339188,-191.43156069166034,-14.574687491797816,0.7156333178198354
2015-04-23,IC,q2,IC1509,2015-09-18,8410.703,8102.0,-308.7029999999995,25.629074455087476,-283.0739255449121,-8.300394218733489,0.6806024511605477
2015-04-24,IC,current,IC1505,2015-05-15,8419.095,8327.2,-91.89499999999862,2.3489955875003816,-89.54600441249823,-18.486486238701232,1.0
2015-04-24,IC,next,IC1506,2015-06-19,8419.095,8240.0,-179.09499999999935,15.167143748943625,-163.92785625105572,-12.690893127814837,0.7133922093828082
2015-04-24,IC,q1,IC1506,2015-06-19,8419.095,8240.0,-179.09499999999935,15.167143748943625,-163.92785625105572,-12.690893127814837,0.7133922093828082
2015-04-24,IC,q2,IC1509,2015-09-18,8419.095,8120.0,-299.09499999999935,25.46625713836252,-273.62874286163685,-8.06996841234628,0.6990848471629554
2015-04-27,IC,current,IC1505,2015-05-15,8513.016,8347.2,-165.8159999999989,2.313647420766878,-163.50235257923202,-38.9458256832307,1.0
2015-04-27,IC,next,IC1506,2015-06-19,8513.016,8262.6,-250.41599999999926,14.753736947845463,-235.6622630521538,-19.064419644042204,0.7652973287299222
2015-04-27,IC,q1,IC1506,2015-06-19,8513.016,8262.6,-250.41599999999926,14.753736947845463,-235.6622630521538,-19.064419644042204,0.7652973287299222
2015-04-27,IC,q2,IC1509,2015-09-18,8513.016,8187.0,-326.0159999999996,24.6976811908234,-301.3183188091762,-8.971652803756733,0.7528577765807023
2015-04-28,IC,current,IC1505,2015-05-15,8266.483,8147.0,-119.48300000000017,2.10374209036376,-117.37925790963641,-30.48698840779317,1.0
2015-04-28,IC,next,IC1506,2015-06-19,8266.483,8054.0,-212.48300000000017,12.894487009310843,-199.58851299068934,-16.94744707718218,0.8604391095074975
2015-04-28,IC,q1,IC1506,2015-06-19,8266.483,8054.0,-212.48300000000017,12.894487009310843,-199.58851299068934,-16.94744707718218,0.8604391095074975
2015-04-28,IC,q2,IC1509,2015-09-18,8266.483,7993.4,-273.08300000000054,21.808952304070047,-251.2740476959305,-7.758605782351061,0.8562862548164881
2015-04-29,IC,current,IC1505,2015-05-15,8428.254,8302.2,-126.05400000000009,1.792149117449434,-124.26185088255065,-33.63357906938004,1.0
2015-04-29,IC,next,IC1506,2015-06-19,8428.254,8209.0,-219.25400000000081,12.316780895934023,-206.9372191040668,-17.57210062701107,0.9092939335924417
2015-04-29,IC,q1,IC1506,2015-06-19,8428.254,8209.0,-219.25400000000081,12.316780895934023,-206.9372191040668,-17.57210062701107,0.9092939335924417
2015-04-29,IC,q2,IC1509,2015-09-18,8428.254,8118.0,-310.2540000000008,20.751115752544806,-289.502884247456,-8.829168386219969,0.9394636314659975
2015-04-30,IC,current,IC1505,2015-05-15,8469.673,8338.8,-130.8730000000014,1.1884397382367924,-129.68456026176463,-37.2583172105496,1.0
2015-04-30,IC,next,IC1506,2015-06-19,8469.673,8234.6,-235.07300000000032,10.976106112940176,-224.09689388706013,-19.314881759609126,1.0
2015-04-30,IC,q1,IC1506,2015-06-19,8469.673,8234.6,-235.07300000000032,10.976106112940176,-224.09689388706013,-19.314881759609126,1.0
2015-04-30,IC,q2,IC1509,2015-09-18,8469.673,8154.0,-315.6730000000007,19.40543097085464,-296.26756902914605,-9.05505770982245,0.9991036300096636
2015-05-04,IC,current,IC1505,2015-05-15,8510.481,8347.2,-163.28099999999904,1.1941657974173494,-162.08683420258168,-63.19661441200062,1.0
2015-05-04,IC,next,IC1506,2015-06-19,8510.481,8226.4,-284.08100000000013,11.02899043778446,-273.0520095622157,-25.458118486413024,1.0
2015-05-04,IC,q1,IC1506,2015-06-19,8510.481,8226.4,-284.08100000000013,11.02899043778446,-273.0520095622157,-25.458118486413024,1.0
2015-05-04,IC,q2,IC1509,2015-09-18,8510.481,8140.4,-370.08100000000013,19.49892889303636,-350.5820711069638,-10.975085018249658,0.9991036300096636
2015-05-05,IC,current,IC1505,2015-05-15,8199.344,8145.0,-54.34399999999914,1.1505079637753917,-53.19349203622375,-23.679485326169598,1.0
2015-05-05,IC,next,IC1506,2015-06-19,8199.344,8019.4,-179.9439999999995,10.625778563174675,-169.31822143682484,-16.749619325763156,1.0
2015-05-05,IC,q1,IC1506,2015-06-19,8199.344,8019.4,-179.9439999999995,10.625778563174675,-169.31822143682484,-16.749619325763156,1.0
2015-05-05,IC,q2,IC1509,2015-09-18,8199.344,7935.4,-263.9439999999995,18.786062224396517,-245.157937775603,-8.024552230327556,0.9991036300096636
2015-05-06,IC,current,IC1505,2015-05-15,8082.999,8040.8,-42.198999999999614,1.1341827737302554,-41.06481722626936,-20.60381890927739,1.0
2015-05-06,IC,next,IC1506,2015-06-19,8082.999,7933.0,-149.9989999999998,10.475003549108605,-139.5239964508912,-14.319127969192241,1.0
2015-05-06,IC,q1,IC1506,2015-06-19,8082.999,7933.0,-149.9989999999998,10.475003549108605,-139.5239964508912,-14.319127969192241,1.0
2015-05-06,IC,q2,IC1509,2015-09-18,8082.999,7835.2,-247.79899999999998,18.519496458952673,-229.2795035410473,-7.669230726210359,0.9991036300096636
2015-05-07,IC,current,IC1505,2015-05-15,7903.478,7911.4,7.921999999999571,0.746874729182157,8.668874729181727,5.004346308282458,1.0
2015-05-07,IC,next,IC1506,2015-06-19,7903.478,7834.4,-69.07800000000043,9.88023865761339,-59.19776134238704,-6.357867072549187,1.0
2015-05-07,IC,q1,IC1506,2015-06-19,7903.478,7834.4,-69.07800000000043,9.88023865761339,-59.19776134238704,-6.357867072549187,1.0
2015-05-07,IC,q2,IC1509,2015-09-18,7903.478,7716.0,-187.47800000000007,17.7460657762495,-169.73193422375056,-5.849697086850723,0.9990853390895078
2015-05-08,IC,current,IC1505,2015-05-15,8201.293,8171.2,-30.092999999999847,0.5911159935453609,-29.501884006454485,-18.756951168476704,1.0
2015-05-08,IC,next,IC1506,2015-06-19,8201.293,8085.0,-116.29299999999967,10.068638883176426,-106.22436111682325,-11.256033422221316,1.0
2015-05-08,IC,q1,IC1506,2015-06-19,8201.293,8085.0,-116.29299999999967,10.068638883176426,-106.22436111682325,-11.256033422221316,1.0
2015-05-08,IC,q2,IC1509,2015-09-18,8201.293,7976.6,-224.6929999999993,18.23086225967985,-206.46213774031946,-6.908747420810977,0.9990761125337891
2015-05-11,IC,current,IC1505,2015-05-15,8558.218,8489.8,-68.41800000000148,0.481854374893301,-67.93614562510818,-72.43532810558368,1.0
2015-05-11,IC,next,IC1506,2015-06-19,8558.218,8394.0,-164.21800000000076,10.371844525160169,-153.8461554748406,-16.824089130655658,1.0
2015-05-11,IC,q1,IC1506,2015-06-19,8558.218,8394.0,-164.21800000000076,10.371844525160169,-153.8461554748406,-16.824089130655658,1.0
2015-05-11,IC,q2,IC1509,2015-09-18,8558.218,8211.6,-346.6180000000004,18.889292569122556,-327.7287074308778,-10.751787005935329,0.9990695102166547
2015-05-12,IC,current,IC1505,2015-05-15,8745.678,8647.8,-97.87800000000061,0.11378897658665336,-97.76421102341396,-136.00598689450226,1.0
2015-05-12,IC,next,IC1506,2015-06-19,8745.678,8557.6,-188.07799999999952,10.220410387423073,-177.85758961257645,-19.533865217283807,1.0
2015-05-12,IC,q1,IC1506,2015-06-19,8745.678,8557.6,-188.07799999999952,10.220410387423073,-177.85758961257645,-19.533865217283807,1.0
2015-05-12,IC,q2,IC1509,2015-09-18,8745.678,8323.8,-421.8780000000006,18.924425402491025,-402.9535745975096,-13.036610302054207,0.9990508939566223
2015-05-13,IC,current,IC1505,2015-05-15,8824.929,8695.8,-129.12900000000081,0.10824726219456837,-129.02075273780625,-266.8156012886862,1.0
2015-05-13,IC,next,IC1506,2015-06-19,8824.929,8571.6,-253.32899999999972,10.30645217901305,-243.0225478209867,-27.166049646055995,1.0
2015-05-13,IC,q1,IC1506,2015-06-19,8824.929,8571.6,-253.32899999999972,10.30645217901305,-243.0225478209867,-27.166049646055995,1.0
2015-05-13,IC,q2,IC1509,2015-09-18,8824.929,8367.4,-457.52900000000045,19.08934065523052,-438.43965934476995,-14.167117844237847,0.9990505671605311
2015-05-14,IC,current,IC1505,2015-05-15,8813.393,8760.4,-52.99300000000039,0.04678453616696252,-52.94621546383343,-219.27274370153702,1.0
2015-05-14,IC,next,IC1506,2015-06-19,8813.393,8603.0,-210.39300000000003,10.231658298488856,-200.16134170151116,-23.026473497352768,1.0
2015-05-14,IC,q1,IC1506,2015-06-19,8813.393,8603.0,-210.39300000000003,10.231658298488856,-200.16134170151116,-23.026473497352768,1.0
2015-05-14,IC,q2,IC1509,2015-09-18,8813.393,8345.0,-468.39300000000003,19.003065730330597,-449.3899342696694,-14.654444072763676,0.9990475034241225
2015-05-15,IC,current,IC1505,2015-05-15,8742.885,8755.2,12.31500000000051,0.0,12.31500000000051,,
2015-05-15,IC,next,IC1506,2015-06-19,8742.885,8579.8,-163.08500000000095,10.103393783018374,-152.98160621698258,-18.24774782799259,1.0
2015-05-15,IC,q1,IC1506,2015-06-19,8742.885,8579.8,-163.08500000000095,10.103393783018374,-152.98160621698258,-18.24774782799259,1.0
2015-05-15,IC,q2,IC1509,2015-09-18,8742.885,8348.6,-394.28499999999985,18.804629103483226,-375.4803708965166,-12.440985720645402,0.999045152640757
2015-05-18,IC,current,IC1506,2015-06-19,8903.595,8798.4,-105.19499999999971,10.205429652083009,-94.9895703479167,-12.16895856989143,1.0
2015-05-18,IC,next,IC1507,2015-07-17,8903.595,8705.6,-197.99499999999898,15.490913058472348,-182.50408694152662,-12.469493452486931,1.0
2015-05-18,IC,q1,IC1509,2015-09-18,8903.595,8557.6,-345.994999999999,19.066609376294664,-326.92839062370433,-10.896198156922617,0.9990409618463254
2015-05-18,IC,q2,IC1512,2015-12-18,8903.595,8378.2,-525.3949999999986,19.813652439776124,-505.58134756022247,-9.685114006714972,0.9613736704193856
2015-05-19,IC,current,IC1506,2015-06-19,9124.833,9120.8,-4.033000000001266,10.459015854663827,6.426015854662561,0.8291785111881075,1.0
2015-05-19,IC,next,IC1507,2015-07-17,9124.833,9043.6,-81.23300000000017,15.875833826233048,-65.35716617376713,-4.431075411615567,1.0
2015-05-19,IC,q1,IC1509,2015-09-18,9124.833,8969.0,-155.83300000000054,19.540379637092993,-136.29262036290754,-4.4686922868922325,0.9990409618463254
2015-05-19,IC,q2,IC1512,2015-12-18,9124.833,8800.4,-324.4330000000009,20.305985350074852,-304.127014649926,-5.711409966061458,0.9613736704193856
2015-05-20,IC,current,IC1506,2015-06-19,9277.331,9286.8,9.468999999999141,10.416695879271957,19.885695879271097,2.607890493481351,1.0
2015-05-20,IC,next,IC1507,2015-07-17,9277.331,9203.0,-74.33100000000013,15.924041963194396,-58.40695803680573,-3.9619264314782527,1.0
2015-05-20,IC,q1,IC1509,2015-09-18,9277.331,9156.2,-121.1309999999994,19.649831186077837,-101.48116881392157,-3.2996654008885082,0.9990303652185891
2015-05-20,IC,q2,IC1512,2015-12-18,9277.331,8990.8,-286.53100000000086,20.428232019805282,-266.10276798019555,-4.938366794833648,0.9609631419536854
2015-05-21,IC,current,IC1506,2015-06-19,9619.223,9734.6,115.37700000000041,10.323251285832903,125.7002512858333,16.447163867934446,1.0
2015-05-21,IC,next,IC1507,2015-07-17,9619.223,9666.6,47.37700000000041,16.03355634225771,63.41055634225812,4.221235475782194,1.0
2015-05-21,IC,q1,IC1509,2015-09-18,9619.223,9594.2,-25.02299999999923,19.89664987486019,-5.126350125139037,-0.16209883373426218,0.9990071034704382
2015-05-21,IC,q2,IC1512,2015-12-18,9619.223,9435.0,-184.22299999999996,20.703736654776765,-163.51926334522318,-2.9406229214446347,0.9600631466524928
2015-05-22,IC,current,IC1506,2015-06-19,9778.171,9741.2,-36.97099999999955,9.930018677223426,-27.040981322776123,-3.6049533857512395,1.0
2015-05-22,IC,next,IC1507,2015-07-17,9778.171,9680.2,-97.97099999999955,15.734680790149438,-82.23631920985011,-5.481644579177451,1.0
2015-05-22,IC,q1,IC1509,2015-09-18,9778.171,9611.8,-166.371000000001,19.661608063878415,-146.70939193612259,-4.601995527312634,0.9989786312858979
2015-05-22,IC,q2,IC1512,2015-12-18,9778.171,9449.4,-328.77100000000064,20.482031142318704,-308.28896885768194,-5.479916323091794,0.9589637949505373
2015-05-25,IC,current,IC1506,2015-06-19,10040.09,9966.6,-73.48999999999978,10.196005083261905,-63.29399491673787,-9.204024324327502,1.0
2015-05-25,IC,next,IC1507,2015-07-17,10040.09,9912.2,-127.88999999999942,16.15615141669863,-111.73384858330078,-7.6641526634636445,1.0
2015-05-25,IC,q1,IC1509,2015-09-18,10040.09,9804.0,-236.09000000000015,20.18826573047915,-215.901734269521,-6.7663335110554845,0.9989786312858979
2015-05-25,IC,q2,IC1512,2015-12-18,10040.09,9646.6,-393.4899999999998,21.030664737984498,-372.45933526201526,-6.541295625577906,0.9589637949505373
2015-05-26,IC,current,IC1506,2015-06-19,10373.58,10532.2,158.6200000000008,10.506158879352508,169.1261588793533,24.794979164603724,1.0
2015-05-26,IC,next,IC1507,2015-07-17,10373.58,10482.2,108.6200000000008,16.664276466108458,125.28427646610926,8.477297599013344,1.0
2015-05-26,IC,q1,IC1509,2015-09-18,10373.58,10395.0,21.420000000000073,20.83032083455011,42.25032083455018,1.2926959100707773,0.998977233113288
2015-05-26,IC,q2,IC1512,2015-12-18,10373.58,10200.6,-172.97999999999956,21.700700830772984,-151.2792991692266,-2.5839046735159044,0.9589098727471708
2015-05-27,IC,current,IC1506,2015-06-19,10497.34,10552.0,54.659999999999854,10.052704367436286,64.71270436743615,9.783073448633568,1.0
2015-05-27,IC,next,IC1507,2015-07-17,10497.34,10582.0,84.65999999999985,16.28429019105327,100.94429019105313,6.882166623151326,1.0
2015-05-27,IC,q1,IC1509,2015-09-18,10497.34,10582.4,85.05999999999949,20.500036750159893,105.56003675015938,3.219647173926348,0.9989483564037542
2015-05-27,IC,q2,IC1512,2015-12-18,10497.34,10404.0,-93.34000000000015,21.380800647440314,-71.95919935255984,-1.220523264903501,0.9577975285149317
2015-05-28,IC,current,IC1506,2015-06-19,9868.424,9977.2,108.77599999999984,9.140780007682686,117.91678000768252,19.824306063462483,1.0
2015-05-28,IC,next,IC1507,2015-07-17,9868.424,10059.0,190.5759999999991,14.999019437847052,205.57501943784615,15.207064896038888,1.0
2015-05-28,IC,q1,IC1509,2015-09-18,9868.424,10036.0,167.5759999999991,18.962192443751903,186.53819244375103,6.10568485300142,0.9989311833555302
2015-05-28,IC,q2,IC1512,2015-12-18,9868.424,9840.0,-28.424000000000888,19.79018806762001,-8.633811932380876,-0.1565371708973986,0.9571372071923093
2015-05-29,IC,current,IC1506,2015-06-19,9966.845,10121.0,154.15500000000065,8.45169669439331,162.60669669439397,28.35660885735886,1.0
2015-05-29,IC,next,IC1507,2015-07-17,9966.845,10170.0,203.15500000000065,14.368362250447298,217.52336225044795,16.25717151366652,1.0
2015-05-29,IC,q1,IC1509,2015-09-18,9966.845,10245.0,278.15500000000065,18.371061268855684,296.5260612688563,9.695718687731725,0.998885789065514
2015-05-29,IC,q2,IC1512,2015-12-18,9966.845,10035.0,68.15500000000065,19.20731476219684,87.3623147621975,1.5760255535208305,0.9553960175437328
2015-06-01,IC,current,IC1506,2015-06-19,10488.31,11025.6,537.2900000000009,7.859034077407354,545.1490340774083,105.39744695562861,1.0
2015-06-01,IC,next,IC1507,2015-07-17,10488.31,11022.6,534.2900000000009,14.08525937921717,548.375259379218,41.48655475630665,1.0
2015-06-01,IC,q1,IC1509,2015-09-18,10488.31,11130.0,641.6900000000005,18.29737947757957,659.9873794775801,21.07154996121254,0.9988227720155477
2015-06-01,IC,q2,IC1512,2015-12-18,10488.31,10906.0,417.6900000000005,19.177385725970613,436.86738572597113,7.601634381038483,0.952989085768177
2015-06-02,IC,current,IC1506,2015-06-19,10886.4,11250.4,364.0,8.137338009491348,372.1373380094914,73.39439623181451,1.0
2015-06-02,IC,next,IC1507,2015-07-17,10886.4,11312.0,425.60000000000036,14.599883369575325,440.1998833695757,32.797896137463084,1.0
2015-06-02,IC,q1,IC1509,2015-09-18,10886.4,11430.0,543.6000000000004,18.971876973770133,562.5718769737705,17.464768740969554,0.9988215315902292
2015-06-02,IC,q2,IC1512,2015-12-18,10886.4,11387.6,501.2000000000007,19.885284379013136,521.0852843790138,8.779389340807695,0.9529418264735379
2015-06-03,IC,current,IC1506,2015-06-19,10979.99,11103.2,123.21000000000095,7.9198942368358844,131.12989423683683,27.24411144525487,1.0
2015-06-03,IC,next,IC1507,2015-07-17,10979.99,11134.4,154.40999999999985,14.437997873324388,168.84799787332423,12.756577113905996,1.0
2015-06-03,IC,q1,IC1509,2015-09-18,10979.99,11248.4,268.40999999999985,18.847577353604645,287.2575773536045,8.924391946705097,0.9988035615333812
2015-06-03,IC,q2,IC1512,2015-12-18,10979.99,11115.2,135.21000000000095,19.768837290360054,154.978837290361,2.6019450943632427,0.9522576927797333
2015-06-04,IC,current,IC1506,2015-06-19,10965.41,10869.2,-96.20999999999913,7.211419261484593,-88.99858073851453,-19.749668560535845,1.0
2015-06-04,IC,next,IC1507,2015-07-17,10965.41,10918.2,-47.20999999999913,13.720867703294417,-33.48913229670471,-2.5924084553784312,1.0
2015-06-04,IC,q1,IC1509,2015-09-18,10965.41,10895.4,-70.01000000000022,18.124591834997624,-51.885408165002595,-1.6293236521149403,0.998757487984945
2015-06-04,IC,q2,IC1512,2015-12-18,10965.41,10697.0,-268.40999999999985,19.04462845826387,-249.36537154173598,-4.213450615070649,0.9505080055273958
2015-06-05,IC,current,IC1506,2015-06-19,11144.52,10949.0,-195.52000000000044,7.085622085011008,-188.43437791498943,-44.082234355649454,1.0
2015-06-05,IC,next,IC1507,2015-07-17,11144.52,10944.6,-199.92000000000007,13.701396447184276,-186.2186035528158,-14.521292441482187,1.0
2015-06-05,IC,q1,IC1509,2015-09-18,11144.52,10900.4,-244.1200000000008,18.177051407669023,-225.9429485923318,-7.0475958234096945,0.9987408371849317
2015-06-05,IC,q2,IC1512,2015-12-18,11144.52,10691.8,-452.72000000000116,19.11211599246094,-433.60788400754024,-7.245570645554221,0.9498772165054923
2015-06-08,IC,current,IC1506,2015-06-19,11030.92,10602.6,-428.3199999999997,6.4935729272654035,-421.8264270727343,-126.88848987585311,1.0
2015-06-08,IC,next,IC1507,2015-07-17,11030.92,10529.8,-501.1200000000008,13.041910381654139,-488.07808961834667,-41.41005760095528,1.0
2015-06-08,IC,q1,IC1509,2015-09-18,11030.92,10451.0,-579.9200000000001,17.471943421812927,-562.4480565781871,-18.24581966951633,0.9987033747410139
2015-06-08,IC,q2,IC1512,2015-12-18,11030.92,10195.0,-835.9200000000001,18.397476565427265,-817.5225234345728,-14.015982519415141,0.9484609911904722
2015-06-09,IC,current,IC1506,2015-06-19,11013.74,10700.4,-313.34000000000015,5.8456353922218005,-307.4943646077783,-101.9049324587643,1.0
2015-06-09,IC,next,IC1507,2015-07-17,11013.74,10603.0,-410.7399999999998,12.383774201577628,-398.35622579842214,-34.74129931684951,1.0
2015-06-09,IC,q1,IC1509,2015-09-18,11013.74,10478.0,-535.7399999999998,16.806907729489936,-518.9330922705099,-17.027388190986006,0.9986541676555032
2015-06-09,IC,q2,IC1512,2015-12-18,11013.74,10230.0,-783.7399999999998,17.730999410433228,-766.0090005895665,-13.221803194577475,0.9466070163862533
2015-06-10,IC,current,IC1506,2015-06-19,11208.06,10987.8,-220.26000000000022,4.147086076627803,-216.11291392337242,-78.19889692678595,1.0
2015-06-10,IC,next,IC1507,2015-07-17,11208.06,10853.2,-354.85999999999876,10.800579990919287,-344.0594200090795,-30.28266875688881,1.0
2015-06-10,IC,q1,IC1509,2015-09-18,11208.06,10775.0,-433.0599999999995,15.301752705079311,-417.7582472949202,-13.604652389677241,0.998495704260072
2015-06-10,IC,q2,IC1512,2015-12-18,11208.06,10543.8,-664.2600000000002,16.24214852026228,-648.0178514797379,-11.048823091722912,0.9406843143080005
2015-06-11,IC,current,IC1506,2015-06-19,11366.29,11258.8,-107.4900000000016,3.276000709835576,-104.21399929016603,-41.83215207085007,1.0
2015-06-11,IC,next,IC1507,2015-07-17,11366.29,11133.8,-232.4900000000016,10.02342545087659,-222.466574549125,-19.844328103939763,1.0
2015-06-11,IC,q1,IC1509,2015-09-18,11366.29,11044.8,-321.4900000000016,14.58814355634979,-306.9018564436518,-9.954935554732183,0.9983998427577827
2015-06-11,IC,q2,IC1512,2015-12-18,11366.29,10811.8,-554.4900000000016,15.541815427320861,-538.9481845726807,-9.108933770456714,0.9371363532721035
2015-06-12,IC,current,IC1506,2015-06-19,11545.89,11427.8,-118.09000000000015,2.716012295323506,-115.37398770467664,-52.10450956042981,1.0
2015-06-12,IC,next,IC1507,2015-07-17,11545.89,11400.0,-145.88999999999942,9.570053837756266,-136.31994616224316,-12.312799582292614,1.0
2015-06-12,IC,q1,IC1509,2015-09-18,11545.89,11375.6,-170.28999999999905,14.206899556702547,-156.0831004432965,-5.034951094427189,0.9983309395625807
2015-06-12,IC,q2,IC1512,2015-12-18,11545.89,11168.4,-377.4899999999998,15.175640501929722,-362.3143594980701,-6.060231177377326,0.9346022252510885
2015-06-15,IC,current,IC1506,2015-06-19,11332.89,11228.6,-104.28999999999905,2.3943654475904266,-101.89563455240862,-82.0441798420993,1.0
2015-06-15,IC,next,IC1507,2015-07-17,11332.89,11222.6,-110.28999999999905,9.121962787927185,-101.16803721207187,-10.182291758326382,1.0
2015-06-15,IC,q1,IC1509,2015-09-18,11332.89,11177.8,-155.09000000000015,13.673267406262292,-141.41673259373786,-4.794346125277779,0.998297793190737
2015-06-15,IC,q2,IC1512,2015-12-18,11332.89,10969.2,-363.6899999999987,14.624136899281506,-349.0658631007172,-6.044308546897038,0.9333879169340321
2015-06-16,IC,current,IC1506,2015-06-19,10879.84,10839.0,-40.840000000000146,2.110303718539492,-38.729696281460654,-43.31049948875823,1.0
2015-06-16,IC,next,IC1507,2015-07-17,10879.84,10714.2,-165.63999999999942,8.56895483465281,-157.07104516534662,-16.998272829602662,1.0
2015-06-16,IC,q1,IC1509,2015-09-18,10879.84,10663.2,-216.63999999999942,12.938313933589363,-203.70168606641005,-7.270045450277241,0.9982730141412084
2015-06-16,IC,q2,IC1512,2015-12-18,10879.84,10448.8,-431.0400000000009,13.851170931665772,-417.1888290683351,-7.565389604792594,0.9324821498564919
2015-06-17,IC,current,IC1506,2015-06-19,11100.55,11033.4,-67.14999999999964,1.4030870377057514,-65.74691296229389,-108.09204603031955,1.0
2015-06-17,IC,next,IC1507,2015-07-17,11100.55,10988.8,-111.75,7.9927592798500955,-103.75724072014991,-11.37222716077273,1.0
2015-06-17,IC,q1,IC1509,2015-09-18,11100.55,10903.0,-197.54999999999927,12.450755826279098,-185.09924417372017,-6.544403435149743,0.9981689814736374
2015-06-17,IC,q2,IC1512,2015-12-18,11100.55,10685.0,-415.5499999999993,13.38213117279128,-402.167868827208,-7.186838965966381,0.928697985486994
2015-06-18,IC,current,IC1506,2015-06-19,10731.38,10672.6,-58.779999999998836,0.6576174195681553,-58.12238258043068,-197.6881784249295,1.0
2015-06-18,IC,next,IC1507,2015-07-17,10731.38,10585.0,-146.3799999999992,7.028137520455315,-139.35186247954388,-16.343763547534078,1.0
2015-06-18,IC,q1,IC1509,2015-09-18,10731.38,10495.4,-235.97999999999956,11.337874873867289,-224.64212512613227,-8.305019613652982,0.9980561270731173
2015-06-18,IC,q2,IC1512,2015-12-18,10731.38,10265.8,-465.5799999999999,12.238275553658278,-453.34172444634163,-8.42581449645727,0.9246266302991561
2015-06-19,IC,current,IC1506,2015-06-19,9987.407,10210.0,222.59300000000076,0.0,222.59300000000076,,
2015-06-19,IC,next,IC1507,2015-07-17,9987.407,9990.0,2.5930000000007567,5.928871873816893,8.521871873817648,1.1122875730062016,1.0
2015-06-19,IC,q1,IC1509,2015-09-18,9987.407,9915.6,-71.80699999999888,9.939828620444839,-61.86717137955404,-2.484614320257151,0.9979364366346035
2015-06-19,IC,q2,IC1512,2015-12-18,9987.407,9650.0,-337.40699999999924,10.777807338200551,-326.6291926617987,-6.558789996415923,0.9203464900590332
2015-06-23,IC,current,IC1507,2015-07-17,10046.88,9862.6,-184.27999999999884,5.912976548898518,-178.36702345110032,-27.00007513097417,1.0
2015-06-23,IC,next,IC1508,2015-08-21,10046.88,9835.0,-211.8799999999992,9.808633882085093,-202.0713661179141,-12.442693843303045,1.0
2015-06-23,IC,q1,IC1509,2015-09-18,10046.88,9782.2,-264.6799999999985,9.947817736261904,-254.73218226373658,-10.637172764684202,0.9979258156509874
2015-06-23,IC,q2,IC1512,2015-12-18,10046.88,9502.0,-544.8799999999992,10.790786448746086,-534.0892135512531,-10.90072677189378,0.9199685468300672
2015-06-24,IC,current,IC1507,2015-07-17,10267.63,10058.0,-209.6299999999992,5.777583074077903,-203.8524169259213,-31.507263361932118,1.0
2015-06-24,IC,next,IC1508,2015-08-21,10267.63,9973.8,-293.8299999999999,9.758835771825511,-284.07116422817444,-17.410923681122746,1.0
2015-06-24,IC,q1,IC1509,2015-09-18,10267.63,9909.4,-358.22999999999956,9.901077772990194,-348.32892222700934,-14.398383573544304,0.9978702349508412
2015-06-24,IC,q2,IC1512,2015-12-18,10267.63,9655.0,-612.6299999999992,10.762568190051406,-601.8674318099478,-12.08788254248887,0.9179956520724338
2015-06-25,IC,current,IC1507,2015-07-17,9906.104,9381.6,-524.503999999999,5.332583928145782,-519.1714160718532,-86.95169934261396,1.0
2015-06-25,IC,next,IC1508,2015-08-21,9906.104,9259.4,-646.7039999999997,9.173655652990597,-637.5303443470091,-41.21126885400673,1.0
2015-06-25,IC,q1,IC1509,2015-09-18,9906.104,9188.0,-718.1039999999994,9.310889275229174,-708.7931107247701,-30.72490461312495,0.9978149786821349
2015-06-25,IC,q2,IC1512,2015-12-18,9906.104,8939.0,-967.1039999999994,10.142046384163928,-956.9619536158355,-20.034199085608087,0.9160424269189924
2015-06-26,IC,current,IC1507,2015-07-17,9078.065,8629.0,-449.0650000000005,4.204529734445096,-444.8604702655554,-85.17342241825435,1.0
2015-06-26,IC,next,IC1508,2015-08-21,9078.065,8519.4,-558.6650000000009,7.72453101727065,-550.9404689827302,-39.556351172283435,1.0
2015-06-26,IC,q1,IC1509,2015-09-18,9078.065,8448.6,-629.4650000000001,7.850293450500427,-621.6147065494997,-29.753740510330513,0.9976250670440263
2015-06-26,IC,q2,IC1512,2015-12-18,9078.065,8219.6,-858.4650000000001,8.61197516312143,-849.8530248368787,-19.525643346459574,0.9093906312465687
2015-06-29,IC,current,IC1507,2015-07-17,8484.643,7768.4,-716.2430000000004,3.847025522624485,-712.395974477376,-170.25828028634416,1.0
2015-06-29,IC,next,IC1508,2015-08-21,8484.643,7667.6,-817.0429999999997,7.136928629103328,-809.9060713708964,-65.73824048717711,1.0
2015-06-29,IC,q1,IC1509,2015-09-18,8484.643,7603.8,-880.8429999999998,7.254470125971437,-873.5885298740284,-46.396070008160315,0.9975980064635273
2015-06-29,IC,q2,IC1512,2015-12-18,8484.643,7397.8,-1086.8429999999998,7.966361637126933,-1078.8766383628729,-26.983770409945812,0.9084504652525865
2015-06-30,IC,current,IC1507,2015-07-17,8906.02,8346.0,-560.0200000000004,3.869868745197641,-556.1501312548028,-134.0763940028952,1.0
2015-06-30,IC,next,IC1508,2015-08-21,8906.02,8205.8,-700.2200000000012,7.323159928381505,-692.8968400716196,-54.610284052062354,1.0
2015-06-30,IC,q1,IC1509,2015-09-18,8906.02,8099.6,-806.4200000000001,7.446538946442409,-798.9734610535577,-40.93092555436499,0.997543746660445
2015-06-30,IC,q2,IC1512,2015-12-18,8906.02,7876.2,-1029.8200000000006,8.193785475987738,-1021.6262145240129,-24.485282338380767,0.9065710082422715
2015-07-01,IC,current,IC1507,2015-07-17,8411.91,7509.4,-902.5100000000002,3.619033707559348,-898.8909662924409,-243.77281935430014,1.0
2015-07-01,IC,next,IC1508,2015-08-21,8411.91,7380.0,-1031.9099999999999,6.88073474087571,-1025.0292652591243,-87.20960829547917,1.0
2015-07-01,IC,q1,IC1509,2015-09-18,8411.91,7282.4,-1129.5100000000002,6.997268635456757,-1122.5127313645435,-61.654166525111556,0.9975310628905117
2015-07-01,IC,q2,IC1512,2015-12-18,8411.91,7086.8,-1325.1099999999997,7.703057591056187,-1317.4069424089435,-33.62554045250158,0.9061327579014729
2015-07-02,IC,current,IC1507,2015-07-17,7835.104,7667.8,-167.3040000000001,3.342547412473284,-163.9614525875268,-50.921196191267136,1.0
2015-07-02,IC,next,IC1508,2015-08-21,7835.104,7510.0,-325.10400000000027,6.38059308972627,-318.723406910274,-29.695596515949248,1.0
2015-07-02,IC,q1,IC1509,2015-09-18,7835.104,7419.0,-416.10400000000027,6.4891362367128105,-409.6148637632875,-24.464097777230414,0.9975202846478718
2015-07-02,IC,q2,IC1512,2015-12-18,7835.104,7249.8,-585.3040000000001,7.146529131926017,-578.157470868074,-15.937035361242183,0.905760671575136
2015-07-03,IC,current,IC1507,2015-07-17,7355.491,7404.8,49.3090000000002,3.010301186044235,52.319301186044434,18.544498576356297,1.0
2015-07-03,IC,next,IC1508,2015-08-21,7355.491,7275.8,-79.6909999999998,5.862377895762859,-73.82862210423694,-7.476698691465837,1.0
2015-07-03,IC,q1,IC1509,2015-09-18,7355.491,7226.8,-128.6909999999998,5.964276752596308,-122.7267232474035,-7.909146313463859,0.9974672178397642
2015-07-03,IC,q2,IC1512,2015-12-18,7355.491,7062.0,-293.491,6.581428423359668,-286.9095715766403,-8.47455594944823,0.9039330303620787
2015-07-06,IC,current,IC1507,2015-07-17,7235.999,7440.0,204.0010000000002,2.8792466843216595,206.88024668432186,94.86821005487786,1.0
2015-07-06,IC,next,IC1508,2015-08-21,7235.999,7323.8,87.80100000000039,5.684990613509699,93.48599061351008,10.25139738793171,1.0
2015-07-06,IC,q1,IC1509,2015-09-18,7235.999,7217.8,-18.198999999999614,5.785234095032274,-12.413765904967342,-0.8461867056405737,0.9974312518968835
2015-07-06,IC,q2,IC1512,2015-12-18,7235.999,6996.2,-239.79899999999998,6.392359965010498,-233.4066400349895,-7.135487159013435,0.9026984271082266
2015-07-07,IC,current,IC1507,2015-07-17,6763.526,6516.2,-247.32600000000002,2.6237041549949756,-244.70229584500504,-132.05588029590905,1.0
2015-07-07,IC,next,IC1508,2015-08-21,6763.526,6430.4,-333.1260000000002,5.2462476371603906,-327.87975236283984,-39.32074930293149,1.0
2015-07-07,IC,q1,IC1509,2015-09-18,6763.526,6334.2,-429.326,5.3399457420949625,-423.98605425790504,-31.343566525648388,0.9973987608786993
2015-07-07,IC,q2,IC1512,2015-12-18,6763.526,6192.0,-571.5259999999998,5.907429458838199,-565.6185705411616,-18.612277217923992,0.9015859272524375
2015-07-08,IC,current,IC1507,2015-07-17,6602.374,5956.6,-645.7739999999994,2.45253783880742,-643.321462161192,-395.1648194840137,1.0
2015-07-08,IC,next,IC1508,2015-08-21,6602.374,5870.6,-731.7739999999994,5.012594959977414,-726.761405040022,-91.31285505638097,1.0
2015-07-08,IC,q1,IC1509,2015-09-18,6602.374,5786.0,-816.3739999999998,5.1040605552703555,-811.2699394447294,-62.29104693952303,0.9973433871990505
2015-07-08,IC,q2,IC1512,2015-12-18,6602.374,5605.2,-997.174,5.6580230501064674,-991.5159769498935,-33.628295488187774,0.8996960594861159
2015-07-09,IC,current,IC1507,2015-07-17,6896.352,6552.2,-344.15200000000004,2.0451030190906376,-342.1068969809094,-226.33164859847628,1.0
2015-07-09,IC,next,IC1508,2015-08-21,6896.352,6457.6,-438.7519999999995,4.719149513229704,-434.0328504867698,-53.42291599279202,1.0
2015-07-09,IC,q1,IC1509,2015-09-18,6896.352,6364.6,-531.7519999999995,4.814687715250625,-526.9373122847488,-39.280232277597655,0.9970583211763905
2015-07-09,IC,q2,IC1512,2015-12-18,6896.352,6165.6,-730.7519999999995,5.393316002467921,-725.3586839975316,-23.697975398657274,0.8900877397429917
2015-07-10,IC,current,IC1507,2015-07-17,7244.784,7207.4,-37.384000000000015,1.0233759331045835,-36.36062406689543,-26.169818539038044,1.0
2015-07-10,IC,next,IC1508,2015-08-21,7244.784,7103.2,-141.58399999999983,3.8325262282163766,-137.75147377178345,-16.52396956233187,1.0
2015-07-10,IC,q1,IC1509,2015-09-18,7244.784,7001.0,-243.78399999999965,3.9328914122136447,-239.851108587786,-17.26279498553558,0.9962168161813739
2015-07-10,IC,q2,IC1512,2015-12-18,7244.784,6782.0,-462.78399999999965,4.540754374716033,-458.24324562528363,-14.33961921901231,0.8628549879022176
2015-07-13,IC,current,IC1507,2015-07-17,7695.635,7569.6,-126.03499999999985,1.005281714094507,-125.02971828590535,-148.2523767510915,1.0
2015-07-13,IC,next,IC1508,2015-08-21,7695.635,7400.0,-295.6350000000002,3.989248569603608,-291.6457514303966,-35.46822464346205,1.0
2015-07-13,IC,q1,IC1509,2015-09-18,7695.635,7131.2,-564.4350000000004,4.095859591098634,-560.3391404089018,-39.66656194863269,0.9961412791808756
2015-07-13,IC,q2,IC1512,2015-12-18,7695.635,6970.4,-725.2350000000006,4.7415505446780735,-720.4934494553225,-21.62824861033895,0.8604895748716026
2015-07-14,IC,current,IC1507,2015-07-17,7859.057,7645.0,-214.0569999999998,0.6378198142219479,-213.41918018577783,-330.3958764510336,1.0
2015-07-14,IC,next,IC1508,2015-08-21,7859.057,7510.2,-348.85699999999997,3.6851532186202585,-345.1718467813797,-42.18656796905371,1.0
2015-07-14,IC,q1,IC1509,2015-09-18,7859.057,7336.2,-522.857,3.794028197066824,-519.0629718029331,-36.52569927765962,0.9957458397846071
2015-07-14,IC,q2,IC1512,2015-12-18,7859.057,7076.8,-782.2569999999996,4.453430833569877,-777.8035691664297,-23.008733035533727,0.8483095245977857
2015-07-15,IC,current,IC1507,2015-07-17,7405.295,7136.0,-269.2950000000001,0.384157403882586,-268.9108425961175,-662.7180790743846,1.0
2015-07-15,IC,next,IC1508,2015-08-21,7405.295,6836.4,-568.8950000000004,3.2555455135404987,-565.63945448646,-75.35090473431251,1.0
2015-07-15,IC,q1,IC1509,2015-09-18,7405.295,6665.8,-739.4949999999999,3.3581343271240445,-736.1368656728758,-55.82075569328323,0.9954711466579859
2015-07-15,IC,q2,IC1512,2015-12-18,7405.295,6421.0,-984.2950000000001,3.979464729369871,-980.3155352706302,-30.973607257719145,0.8400440904983352
2015-07-16,IC,current,IC1507,2015-07-17,7578.759,7531.8,-46.95899999999983,0.19729528793693607,-46.761704712062894,-225.20866833083036,1.0
2015-07-16,IC,next,IC1508,2015-08-21,7578.759,7226.6,-352.15899999999965,3.1359437116071467,-349.0230562883925,-46.69242005674576,1.0
2015-07-16,IC,q1,IC1509,2015-09-18,7578.759,6985.4,-593.3590000000004,3.2409355983916193,-590.1180644016088,-44.40723192333237,0.995197452674052
2015-07-16,IC,q2,IC1512,2015-12-18,7578.759,6643.0,-935.759,3.876820242824309,-931.8821797571757,-28.95503379578066,0.8319629618551191
2015-07-17,IC,current,IC1507,2015-07-17,7994.697,7934.4,-60.29700000000048,0.0,-60.29700000000048,,
2015-07-17,IC,next,IC1508,2015-08-21,7994.697,7857.6,-137.09699999999975,3.099927539161881,-133.99707246083787,-17.47906195040674,1.0
2015-07-17,IC,q1,IC1509,2015-09-18,7994.697,7599.0,-395.6970000000001,3.21068159827633,-392.4863184017238,-28.442962505085873,0.9948861412637487
2015-07-17,IC,q2,IC1512,2015-12-18,7994.697,7249.4,-745.2970000000005,3.8814649097910636,-741.4155350902095,-21.980208954706182,0.8229528542376049
2015-07-20,IC,current,IC1508,2015-08-21,8116.496,7589.0,-527.4960000000001,3.1471548542611747,-524.3488451457389,-73.68763583378326,1.0
2015-07-20,IC,next,IC1509,2015-09-18,8116.496,7315.0,-801.4960000000001,3.259596248573703,-798.2364037514263,-59.82801103852176,0.9948861412637487
2015-07-20,IC,q1,IC1509,2015-09-18,8116.496,7315.0,-801.4960000000001,3.259596248573703,-798.2364037514263,-59.82801103852176,0.9948861412637487
2015-07-20,IC,q2,IC1512,2015-12-18,8116.496,6991.0,-1125.496,3.940598926320726,-1121.5554010736794,-33.40166141311586,0.8229528542376049
2015-07-21,IC,current,IC1508,2015-08-21,8220.463,7715.0,-505.46299999999974,2.8655920783993944,-502.59740792160034,-71.9871758778865,1.0
2015-07-21,IC,next,IC1509,2015-09-18,8220.463,7470.0,-750.4629999999997,2.9794737733592083,-747.4835262266405,-56.253066192962976,0.9943336855822291
2015-07-21,IC,q1,IC1509,2015-09-18,8220.463,7470.0,-750.4629999999997,2.9794737733592083,-747.4835262266405,-56.253066192962976,0.9943336855822291
2015-07-21,IC,q2,IC1512,2015-12-18,8220.463,7100.8,-1119.6629999999996,3.669199649564941,-1115.9938003504346,-33.034452124972255,0.8074216235442868
2015-07-22,IC,current,IC1508,2015-08-21,8320.236,7773.0,-547.2360000000008,2.4516274544690115,-544.7843725455318,-79.66372427381431,1.0
2015-07-22,IC,next,IC1509,2015-09-18,8320.236,7518.8,-801.4360000000006,2.5668913487467018,-798.8691086512539,-60.42335749099268,0.9933430987256587
2015-07-22,IC,q1,IC1509,2015-09-18,8320.236,7518.8,-801.4360000000006,2.5668913487467018,-798.8691086512539,-60.42335749099268,0.9933430987256587
2015-07-22,IC,q2,IC1512,2015-12-18,8320.236,7185.0,-1135.2360000000008,3.2649885320000633,-1131.9710114680008,-33.32777005426871,0.7809533728726997
2015-07-23,IC,current,IC1508,2015-08-21,8551.991,8386.0,-165.99099999999999,2.3211618310004907,-163.6698381689995,-24.087752734072872,1.0
2015-07-23,IC,next,IC1509,2015-09-18,8551.991,8225.0,-326.991,2.4396363293786325,-324.55136367062136,-24.3015632758104,0.9928007691375942
2015-07-23,IC,q1,IC1509,2015-09-18,8551.991,8225.0,-326.991,2.4396363293786325,-324.55136367062136,-24.3015632758104,0.9928007691375942
2015-07-23,IC,q2,IC1512,2015-12-18,8551.991,7839.8,-712.1909999999998,3.1571785755731034,-709.0338214244267,-20.44705973430835,0.7671637084333943
2015-07-24,IC,current,IC1508,2015-08-21,8425.074,7980.0,-445.0740000000005,1.8889007992234361,-443.1850992007771,-68.57191199587412,1.0
2015-07-24,IC,next,IC1509,2015-09-18,8425.074,7740.0,-685.0740000000005,2.005617060495077,-683.0683829395055,-52.843952929103445,0.9913728039715745
2015-07-24,IC,q1,IC1509,2015-09-18,8425.074,7740.0,-685.0740000000005,2.005617060495077,-683.0683829395055,-52.843952929103445,0.9913728039715745
2015-07-24,IC,q2,IC1512,2015-12-18,8425.074,7419.0,-1006.0740000000005,2.712510522183079,-1003.3614894778175,-29.570538523282487,0.7330162197328544
2015-07-27,IC,current,IC1508,2015-08-21,7794.181,7341.4,-452.78099999999995,1.7474546478988933,-451.03354535210104,-84.48725738009773,1.0
2015-07-27,IC,next,IC1509,2015-09-18,7794.181,7131.2,-662.9809999999998,1.8554308705403155,-661.1255691294594,-58.41581790124999,0.9913728039715745
2015-07-27,IC,q1,IC1509,2015-09-18,7794.181,7131.2,-662.9809999999998,1.8554308705403155,-661.1255691294594,-58.41581790124999,0.9913728039715745
2015-07-27,IC,q2,IC1512,2015-12-18,7794.181,6823.8,-970.3809999999994,2.509390181534243,-967.8716098184651,-31.47586228321949,0.7330162197328544
2015-07-28,IC,current,IC1508,2015-08-21,7649.82,7221.0,-428.8199999999997,1.3701887697925927,-427.4498112302071,-84.97976700705901,1.0
2015-07-28,IC,next,IC1509,2015-09-18,7649.82,6939.0,-710.8199999999997,1.4761650959116304,-709.3438349040881,-65.08712717322665,0.9893570936288
2015-07-28,IC,q1,IC1509,2015-09-18,7649.82,6939.0,-710.8199999999997,1.4761650959116304,-709.3438349040881,-65.08712717322665,0.9893570936288
2015-07-28,IC,q2,IC1512,2015-12-18,7649.82,6649.0,-1000.8199999999997,2.118012009195729,-998.701987990804,-33.32280295316272,0.6895401927215637
2015-07-29,IC,current,IC1508,2015-08-21,8022.796,7702.8,-319.9960000000001,1.4369939399275977,-318.5590060600725,-63.0128563939264,1.0
2015-07-29,IC,next,IC1509,2015-09-18,8022.796,7419.2,-603.5960000000005,1.5481372668663373,-602.0478627331341,-53.70663693256896,0.9893570936288
2015-07-29,IC,q1,IC1509,2015-09-18,8022.796,7419.2,-603.5960000000005,1.5481372668663373,-602.0478627331341,-53.70663693256896,0.9893570936288
2015-07-29,IC,q2,IC1512,2015-12-18,8022.796,7111.2,-911.5960000000005,2.221278183712487,-909.374721816288,-29.135444524677734,0.6895401927215637
2015-07-30,IC,current,IC1508,2015-08-21,7800.58,7232.0,-568.5799999999999,1.3971919749574113,-567.1828080250425,-120.6330606938205,1.0
2015-07-30,IC,next,IC1509,2015-09-18,7800.58,6948.2,-852.3800000000001,1.5052568457645206,-850.8747431542356,-79.62722803978576,0.9893570936288
2015-07-30,IC,q1,IC1509,2015-09-18,7800.58,6948.2,-852.3800000000001,1.5052568457645206,-850.8747431542356,-79.62722803978576,0.9893570936288
2015-07-30,IC,q2,IC1512,2015-12-18,7800.58,6658.6,-1141.9799999999996,2.1597530554564703,-1139.820246944543,-37.825373390107266,0.6895401927215637
2015-07-31,IC,current,IC1508,2015-08-21,7727.061,7399.0,-328.0609999999997,1.3840237032639098,-326.6769762967358,-73.48145651971784,1.0
2015-07-31,IC,next,IC1509,2015-09-18,7727.061,7100.0,-627.0609999999997,1.4910700829797325,-625.56992991702,-60.305692438802005,0.9893570936288
2015-07-31,IC,q1,IC1509,2015-09-18,7727.061,7100.0,-627.0609999999997,1.4910700829797325,-625.56992991702,-60.305692438802005,0.9893570936288
2015-07-31,IC,q2,IC1512,2015-12-18,7727.061,6780.6,-946.4609999999993,2.165377806018473,-944.2956221939809,-31.86093116689913,0.7281340009188381
2015-08-03,IC,current,IC1508,2015-08-21,7540.205,7065.2,-475.0050000000001,1.3505552042968276,-473.6544447957033,-127.37928975437649,1.0
2015-08-03,IC,next,IC1509,2015-09-18,7540.205,6767.4,-772.8050000000003,1.4550129855366996,-771.3499870144636,-81.17145969081719,0.9893570936288
2015-08-03,IC,q1,IC1509,2015-09-18,7540.205,6767.4,-772.8050000000003,1.4550129855366996,-771.3499870144636,-81.17145969081719,0.9893570936288
2015-08-03,IC,q2,IC1512,2015-12-18,7540.205,6410.0,-1130.205,2.1130145808127465,-1128.0919854191873,-39.85966621723037,0.7281340009188381
2015-08-04,IC,current,IC1508,2015-08-21,7942.095,7657.6,-284.4949999999999,1.3177841145773677,-283.1772158854225,-76.55387400796508,1.0
2015-08-04,IC,next,IC1509,2015-09-18,7942.095,7290.8,-651.2950000000001,1.4278094550152312,-649.8671905449849,-66.3697045927553,0.9885762476035463
2015-08-04,IC,q1,IC1509,2015-09-18,7942.095,7290.8,-651.2950000000001,1.4278094550152312,-649.8671905449849,-66.3697045927553,0.9885762476035463
2015-08-04,IC,q2,IC1512,2015-12-18,7942.095,6957.0,-985.0950000000003,2.120882279936293,-982.974117720064,-33.21704242948337,0.7147059262258463
2015-08-05,IC,current,IC1508,2015-08-21,7839.338,7486.4,-352.9380000000001,1.256846077122291,-351.6811539228778,-102.33933431452567,1.0
2015-08-05,IC,next,IC1509,2015-09-18,7839.338,7140.0,-699.3379999999997,1.36544787957586,-697.9725521204239,-73.85827196237591,1.0
2015-08-05,IC,q1,IC1509,2015-09-18,7839.338,7140.0,-699.3379999999997,1.36544787957586,-697.9725521204239,-73.85827196237591,1.0
2015-08-05,IC,q2,IC1512,2015-12-18,7839.338,6802.0,-1037.3379999999997,2.049553538494701,-1035.2884464615051,-35.70598955038838,0.7164520952783132
2015-08-06,IC,current,IC1508,2015-08-21,7792.028,7545.4,-246.6280000000006,1.2219610098116094,-245.406038990189,-76.6366207713995,1.0
2015-08-06,IC,next,IC1509,2015-09-18,7792.028,7235.8,-556.2280000000001,1.3299074059956597,-554.8980925940044,-60.448723793687364,1.0
2015-08-06,IC,q1,IC1509,2015-09-18,7792.028,7235.8,-556.2280000000001,1.3299074059956597,-554.8980925940044,-60.448723793687364,1.0
2015-08-06,IC,q2,IC1512,2015-12-18,7792.028,6895.0,-897.0280000000002,2.009884522590716,-895.0181154774095,-31.28739371477849,0.7126006916450657
2015-08-07,IC,current,IC1508,2015-08-21,8013.319,7851.2,-162.1190000000006,0.7969857440044674,-161.32201425599612,-52.486309002227216,1.0
2015-08-07,IC,next,IC1509,2015-09-18,8013.319,7637.6,-375.71900000000005,0.907997781887696,-374.8110022181124,-40.648401626155454,1.0
2015-08-07,IC,q1,IC1509,2015-09-18,8013.319,7637.6,-375.71900000000005,0.907997781887696,-374.8110022181124,-40.648401626155454,1.0
2015-08-07,IC,q2,IC1512,2015-12-18,8013.319,7285.6,-727.719,1.6072860221219945,-726.111713977878,-24.86750619201255,0.6304054283572638
2015-08-10,IC,current,IC1508,2015-08-21,8394.086,8330.0,-64.08599999999933,0.7621798594650959,-63.32382014053424,-25.031903252854015,1.0
2015-08-10,IC,next,IC1509,2015-09-18,8394.086,8143.0,-251.08599999999933,0.878466830322874,-250.20753316967645,-27.89685365812583,1.0
2015-08-10,IC,q1,IC1509,2015-09-18,8394.086,8143.0,-251.08599999999933,0.878466830322874,-250.20753316967645,-27.89685365812583,1.0
2015-08-10,IC,q2,IC1512,2015-12-18,8394.086,7780.0,-614.0859999999993,1.6109829859027731,-612.4750170140966,-20.486344718462433,0.6137319557487048
2015-08-11,IC,current,IC1508,2015-08-21,8435.327,8200.6,-234.72699999999895,0.7659245267920926,-233.96107547320685,-101.23590057352907,1.0
2015-08-11,IC,next,IC1509,2015-09-18,8435.327,7968.0,-467.3269999999993,0.8827828273890639,-466.44421717261025,-53.113761380218286,1.0
2015-08-11,IC,q1,IC1509,2015-09-18,8435.327,7968.0,-467.3269999999993,0.8827828273890639,-466.44421717261025,-53.113761380218286,1.0
2015-08-11,IC,q2,IC1512,2015-12-18,8435.327,7620.0,-815.3269999999993,1.6188979094955998,-813.7081020905038,-27.294168701272444,0.6137319557487048
2015-08-12,IC,current,IC1508,2015-08-21,8336.337,8082.2,-254.13699999999972,0.7569362719316528,-253.38006372806805,-123.26720058454777,1.0
2015-08-12,IC,next,IC1509,2015-09-18,8336.337,7832.2,-504.1369999999997,0.8724232204546506,-503.26457677954505,-59.55417878624173,1.0
2015-08-12,IC,q1,IC1509,2015-09-18,8336.337,7832.2,-504.1369999999997,0.8724232204546506,-503.26457677954505,-59.55417878624173,1.0
2015-08-12,IC,q2,IC1512,2015-12-18,8336.337,7445.6,-890.7369999999992,1.5998998666146338,-889.1371001333846,-30.414197651787646,0.6137319557487048
2015-08-13,IC,current,IC1508,2015-08-21,8534.429,8345.8,-188.62900000000081,0.7321795672372998,-187.89682043276352,-100.44951375475542,1.0
2015-08-13,IC,next,IC1509,2015-09-18,8534.429,8060.0,-474.4290000000001,0.8504107714935792,-473.57858922850653,-56.26106557737584,1.0
2015-08-13,IC,q1,IC1509,2015-09-18,8534.429,8060.0,-474.4290000000001,0.8504107714935792,-473.57858922850653,-56.26106557737584,1.0
2015-08-13,IC,q2,IC1512,2015-12-18,8534.429,7665.0,-869.4290000000001,1.595174063309937,-867.8338259366901,-29.224779799755453,0.6033817352230799
2015-08-14,IC,current,IC1508,2015-08-21,8625.242,8397.0,-228.2420000000002,0.7254398852594246,-227.51656011474077,-137.54238422176672,1.0
2015-08-14,IC,next,IC1509,2015-09-18,8625.242,8070.0,-555.2420000000002,0.8449291620068017,-554.3970708379934,-67.03080856194862,1.0
2015-08-14,IC,q1,IC1509,2015-09-18,8625.242,8070.0,-555.2420000000002,0.8449291620068017,-554.3970708379934,-67.03080856194862,1.0
2015-08-14,IC,q2,IC1512,2015-12-18,8625.242,7662.0,-963.2420000000002,1.5976173177853201,-961.6443826822149,-32.297248824651184,0.599774413714951
2015-08-17,IC,current,IC1508,2015-08-21,8820.457,8659.0,-161.45700000000033,0.7418587575879829,-160.71514124241236,-166.26413618217433,1.0
2015-08-17,IC,next,IC1509,2015-09-18,8820.457,8338.8,-481.65700000000106,0.8640524337203557,-480.7929475662807,-62.17415444775581,1.0
2015-08-17,IC,q1,IC1509,2015-09-18,8820.457,8338.8,-481.65700000000106,0.8640524337203557,-480.7929475662807,-62.17415444775581,1.0
2015-08-17,IC,q2,IC1512,2015-12-18,8820.457,7819.0,-1001.4570000000003,1.633776171611272,-999.823223828389,-33.63720377640868,0.599774413714951
2015-08-18,IC,current,IC1508,2015-08-21,8161.269,7802.0,-359.26900000000023,0.6864166880107595,-358.5825833119895,-534.5681858580087,1.0
2015-08-18,IC,next,IC1509,2015-09-18,8161.269,7450.2,-711.0690000000004,0.7994783424142868,-710.2695216575861,-102.46998131683614,1.0
2015-08-18,IC,q1,IC1509,2015-09-18,8161.269,7450.2,-711.0690000000004,0.7994783424142868,-710.2695216575861,-102.46998131683614,1.0
2015-08-18,IC,q2,IC1512,2015-12-18,8161.269,7000.0,-1161.2690000000002,1.5116775493956554,-1159.7573224506045,-42.51502750112443,0.599774413714951
2015-08-19,IC,current,IC1508,2015-08-21,8340.983,8151.2,-189.78300000000036,0.3770173891029492,-189.4059826108974,-414.41868214440404,1.0
2015-08-19,IC,next,IC1509,2015-09-18,8340.983,7710.6,-630.3829999999998,0.49256870071045733,-629.8904312992894,-91.87966111597822,1.0
2015-08-19,IC,q1,IC1509,2015-09-18,8340.983,7710.6,-630.3829999999998,0.49256870071045733,-629.8904312992894,-91.87966111597822,1.0
2015-08-19,IC,q2,IC1512,2015-12-18,8340.983,7251.0,-1089.9830000000002,1.2204507835146237,-1088.7625492164855,-39.375259760667504,0.4933555547036045
2015-08-20,IC,current,IC1508,2015-08-21,8049.512,8003.0,-46.511999999999716,0.3638427266657729,-46.14815727333394,-209.25588290031607,1.0
2015-08-20,IC,next,IC1509,2015-09-18,8049.512,7557.0,-492.5119999999997,0.4753561621206079,-492.0366438378791,-76.93478809682473,1.0
2015-08-20,IC,q1,IC1509,2015-09-18,8049.512,7557.0,-492.5119999999997,0.4753561621206079,-492.0366438378791,-76.93478809682473,1.0
2015-08-20,IC,q2,IC1512,2015-12-18,8049.512,7050.0,-999.5119999999997,1.171628609116838,-998.3403713908829,-37.72425744128674,0.5284450188013844
2015-08-21,IC,current,IC1508,2015-08-21,7612.902,7749.4,136.4979999999996,0.0,136.4979999999996,,
2015-08-21,IC,next,IC1509,2015-09-18,7612.902,7207.4,-405.5020000000004,0.10546488480307681,-405.3965351151973,-69.41680589320931,1.0
2015-08-21,IC,q1,IC1509,2015-09-18,7612.902,7207.4,-405.5020000000004,0.10546488480307681,-405.3965351151973,-69.41680589320931,1.0
2015-08-21,IC,q2,IC1512,2015-12-18,7612.902,6680.0,-932.902,0.7559002689797258,-932.1460997310203,-37.556027690998675,0.42505966599661416
2015-08-24,IC,current,IC1509,2015-09-18,7006.189,6523.6,-482.58899999999994,0.09705982236387438,-482.4919401776361,-100.54513697237523,1.0
2015-08-24,IC,next,IC1510,2015-10-16,7006.189,6523.6,-482.58899999999994,0.5671724981680387,-482.0218275018319,-47.380741280873686,0.34917394005720714
2015-08-24,IC,q1,IC1512,2015-12-18,7006.189,6033.6,-972.5889999999999,0.6956585214971632,-971.8933414785027,-43.64873213250966,0.42505966599661416
2015-08-24,IC,q2,IC1603,2016-03-18,7006.189,5839.6,-1166.589,0.8321783752279461,-1165.756821624772,-29.339224867856313,0.3553281214670917
2015-08-25,IC,current,IC1509,2015-09-18,6481.412,5871.4,-610.0120000000006,0.013311088970624309,-609.9986889110301,-143.13336960920319,1.0
2015-08-25,IC,next,IC1510,2015-10-16,6481.412,5871.4,-610.0120000000006,0.44821142327636754,-609.5637885767243,-66.01445642688077,0.5680105758944178
2015-08-25,IC,q1,IC1512,2015-12-18,6481.412,5434.2,-1047.2120000000004,0.5670735969113733,-1046.6449264030891,-51.253646332020075,0.6082611539353155
2015-08-25,IC,q2,IC1603,2016-03-18,6481.412,5257.0,-1224.4120000000003,0.6933678516351527,-1223.718632148365,-33.45319390207257,0.4974687528562574
2015-08-26,IC,current,IC1509,2015-09-18,6238.526,5400.2,-838.326,0.012812266004931174,-838.313187733995,-213.25014603359568,1.0
2015-08-26,IC,next,IC1510,2015-10-16,6238.526,5284.4,-954.1260000000002,0.43141504005710857,-953.6945849599431,-109.40823594069423,0.5680105758944178
2015-08-26,IC,q1,IC1512,2015-12-18,6238.526,4950.0,-1288.5259999999998,0.5458229438654914,-1287.9801770561344,-66.10209175894022,0.6082611539353155
2015-08-26,IC,q2,IC1603,2016-03-18,6238.526,4800.0,-1438.5259999999998,0.6673844171594157,-1437.8586155828405,-41.036772631613324,0.4974687528562574
2015-08-27,IC,current,IC1509,2015-09-18,6456.055,5928.2,-527.8550000000005,0.013259012465839838,-527.8417409875346,-135.6459066583443,1.0
2015-08-27,IC,next,IC1510,2015-10-16,6456.055,5696.2,-759.8550000000005,0.4464579015036398,-759.4085420984968,-85.86795430520692,0.5680105758944178
2015-08-27,IC,q1,IC1512,2015-12-18,6456.055,5438.6,-1017.4549999999999,0.5648550548410834,-1016.8901449451588,-50.87696989029952,0.6082611539353155
2015-08-27,IC,q2,IC1603,2016-03-18,6456.055,5297.0,-1159.0550000000003,0.6906552129980914,-1158.3643447870022,-32.102633204240036,0.4974687528562574
2015-08-28,IC,current,IC1509,2015-09-18,6842.894,6402.6,-440.29399999999987,0.01405347644163822,-440.27994652355824,-111.83111684638438,1.0
2015-08-28,IC,next,IC1510,2015-10-16,6842.894,6137.4,-705.4940000000006,0.4943086023264414,-704.9996913976742,-76.7442592779089,0.8276839983017215
2015-08-28,IC,q1,IC1512,2015-12-18,6842.894,5848.0,-994.8940000000002,0.6165340209742026,-994.277465979026,-47.352468733355316,0.8618449606019052
2015-08-28,IC,q2,IC1603,2016-03-18,6842.894,5605.0,-1237.8940000000002,0.7498719723162592,-1237.144128027684,-32.507031499100705,0.7085966119989155
2015-08-31,IC,current,IC1509,2015-09-18,6581.313,5961.4,-619.9130000000005,0.013516258939645616,-619.8994837410609,-190.99811809376644,1.0
2015-08-31,IC,next,IC1510,2015-10-16,6581.313,5663.8,-917.5129999999999,0.48354723008246775,-917.0294527699175,-110.56197074201502,1.0
2015-08-31,IC,q1,IC1512,2015-12-18,6581.313,5367.8,-1213.513,0.6011003788930371,-1212.9118996211068,-61.7139120858515,1.0
2015-08-31,IC,q2,IC1603,2016-03-18,6581.313,5222.2,-1359.1130000000003,0.7293412653602022,-1358.38365873464,-37.66801817799455,0.8241688869697641
2015-09-01,IC,current,IC1509,2015-09-18,6169.207,5373.0,-796.2070000000003,0.012669903295022485,-796.1943300967054,-277.098184852319,1.0
2015-09-01,IC,next,IC1510,2015-10-16,6169.207,5095.6,-1073.607,0.45326866487817413,-1073.1537313351218,-141.09543016084004,1.0
2015-09-01,IC,q1,IC1512,2015-12-18,6169.207,4851.0,-1318.2070000000003,0.5634609180826953,-1317.6435390819177,-72.18346127745909,1.0
2015-09-01,IC,q2,IC1603,2016-03-18,6169.207,4690.0,-1479.2070000000003,0.6836716685027769,-1478.5233283314976,-43.95807104844938,0.8241688869697641
2015-09-02,IC,current,IC1509,2015-09-18,6122.553,5377.0,-745.5529999999999,0.0,-745.5529999999999,-277.79143459435954,
2015-09-02,IC,next,IC1510,2015-10-16,6122.553,5009.0,-1113.5529999999999,0.43726677829536426,-1113.1157332217044,-150.81618678957875,1.0
2015-09-02,IC,q1,IC1512,2015-12-18,6122.553,4724.8,-1397.7529999999997,0.5466257138010298,-1397.2063742861988,-77.84614158130894,1.0
2015-09-02,IC,q2,IC1603,2016-03-18,6122.553,4617.0,-1505.5529999999999,0.6659273826568037,-1504.8870726173432,-45.3105185476252,0.8208488313248143
2015-09-07,IC,current,IC1509,2015-09-18,6143.557,5795.0,-348.5569999999998,0.0,-348.5569999999998,-188.25828424803404,
2015-09-07,IC,next,IC1510,2015-10-16,6143.557,5436.8,-706.7569999999996,0.4387668635394309,-706.3182331364602,-107.59913569940353,1.0
2015-09-07,IC,q1,IC1512,2015-12-18,6143.557,5050.0,-1093.5569999999998,0.5485009652676446,-1093.008499034732,-63.66435443520098,1.0
2015-09-07,IC,q2,IC1603,2016-03-18,6143.557,4927.0,-1216.5569999999998,0.6682119098377565,-1215.888788090162,-37.429111443567024,0.8208488313248143
2015-09-08,IC,current,IC1509,2015-09-18,6374.855,6383.0,8.145000000000437,0.0,8.145000000000437,4.66351783687654,
2015-09-08,IC,next,IC1510,2015-10-16,6374.855,5996.8,-378.0549999999994,0.4552859416570333,-377.59971405834233,-56.89454304256619,1.0
2015-09-08,IC,q1,IC1512,2015-12-18,6374.855,5553.4,-821.4549999999999,0.5691514086939,-820.8858485913061,-46.53545328720026,1.0
2015-09-08,IC,q2,IC1603,2016-03-18,6374.855,5363.2,-1011.6549999999997,0.693369335466208,-1010.9616306645336,-30.14782584536521,0.8208488313248143
2015-09-09,IC,current,IC1509,2015-09-18,6551.007,6369.0,-182.0069999999996,0.0,-182.0069999999996,-112.67573061668206,
2015-09-09,IC,next,IC1510,2015-10-16,6551.007,6190.8,-360.2069999999994,0.4678665461091769,-359.73913345389025,-54.17148749995558,1.0
2015-09-09,IC,q1,IC1512,2015-12-18,6551.007,5934.6,-616.4069999999992,0.5848783795731197,-615.8221216204262,-34.31153018023879,1.0
2015-09-09,IC,q2,IC1603,2016-03-18,6551.007,5851.0,-700.0069999999996,0.7125287351986009,-699.294471264801,-20.39912449123374,0.8208488313248143
2015-09-10,IC,current,IC1509,2015-09-18,6440.309,6319.0,-121.3090000000002,0.0,-121.3090000000002,-85.93878220749981,
2015-09-10,IC,next,IC1510,2015-10-16,6440.309,6099.4,-340.90900000000056,0.4599606026532787,-340.4490393973473,-53.596418786406986,1.0
2015-09-10,IC,q1,IC1512,2015-12-18,6440.309,5829.8,-610.509,0.5749951865217331,-609.9340048134783,-34.9167498547543,1.0
2015-09-10,IC,q2,IC1603,2016-03-18,6440.309,5701.0,-739.3090000000002,0.700488524292245,-738.6085114757079,-22.031642032657405,0.8208488313248143
2015-09-11,IC,current,IC1509,2015-09-18,6493.319,6420.0,-73.31900000000041,0.0,-73.31900000000041,-58.87685701036964,
2015-09-11,IC,next,IC1510,2015-10-16,6493.319,6189.6,-303.71900000000005,0.4637465252769681,-303.2552534747231,-48.704199993111125,1.0
2015-09-11,IC,q1,IC1512,2015-12-18,6493.319,5879.0,-614.3190000000004,0.5797279555297912,-613.7392720444706,-35.203347565151155,1.0
2015-09-11,IC,q2,IC1603,2016-03-18,6493.319,5740.0,-753.3190000000004,0.7062542253902407,-752.6127457746102,-22.38390686318647,0.8208488313248143
2015-09-14,IC,current,IC1509,2015-09-18,6049.79,5758.2,-291.59000000000015,0.0,-291.59000000000015,-439.8101008464759,
2015-09-14,IC,next,IC1510,2015-10-16,6049.79,5542.4,-507.3900000000003,0.4320701156304424,-506.9579298843699,-95.58164643307609,1.0
2015-09-14,IC,q1,IC1512,2015-12-18,6049.79,5262.4,-787.3900000000003,0.5401293834608426,-786.8498706165395,-49.97132180143303,1.0
2015-09-14,IC,q2,IC1603,2016-03-18,6049.79,5139.2,-910.5900000000001,0.6580132210081815,-909.9319867789919,-29.515391796531393,0.8208488313248143
2015-09-15,IC,current,IC1509,2015-09-18,5708.03,5663.6,-44.42999999999938,0.0,-44.42999999999938,-94.70255061728697,
2015-09-15,IC,next,IC1510,2015-10-16,5708.03,5311.0,-397.02999999999975,0.40766194894732444,-396.6223380510524,-81.81295777749779,1.0
2015-09-15,IC,q1,IC1512,2015-12-18,5708.03,4990.0,-718.0299999999997,0.5096168172243984,-717.5203831827754,-48.81047194053965,1.0
2015-09-15,IC,q2,IC1603,2016-03-18,5708.03,4856.8,-851.2299999999996,0.6208412533181037,-850.6091587466815,-29.40119236882917,0.8208488313248143
2015-09-16,IC,current,IC1509,2015-09-18,6084.837,6050.8,-34.03700000000026,0.0,-34.03700000000026,-102.08576663598461,
2015-09-16,IC,next,IC1510,2015-10-16,6084.837,5804.6,-280.2370000000001,0.43457313827131094,-279.80242686172875,-55.94665658506601,1.0
2015-09-16,IC,q1,IC1512,2015-12-18,6084.837,5457.6,-627.2370000000001,0.5432584035594167,-626.6937415964406,-40.42186289799481,1.0
2015-09-16,IC,q2,IC1603,2016-03-18,6084.837,5333.8,-751.0370000000003,0.661825153216849,-750.3751748467835,-24.462709056015864,0.8208488313248143
2015-09-17,IC,current,IC1509,2015-09-18,5965.409,5955.0,-10.40899999999965,0.0,-10.40899999999965,-63.68859201439285,
2015-09-17,IC,next,IC1510,2015-10-16,5965.409,5699.0,-266.40899999999965,0.4260437067093042,-265.98295629329033,-56.11880960490432,1.0
2015-09-17,IC,q1,IC1512,2015-12-18,5965.409,5273.0,-692.4089999999997,0.5325957901450731,-691.8764042098546,-46.01435425040628,1.0
2015-09-17,IC,q2,IC1603,2016-03-18,5965.409,5152.8,-812.6089999999995,0.6488354125880725,-811.9601645874114,-27.147901986011817,0.8208488313248143
2015-09-18,IC,current,IC1509,2015-09-18,6036.881,6010.2,-26.681000000000495,0.0,-26.681000000000495,,
2015-09-18,IC,next,IC1510,2015-10-16,6036.881,5830.0,-206.8810000000003,0.43114816741031026,-206.44985183259,-44.579664280572885,1.0
2015-09-18,IC,q1,IC1512,2015-12-18,6036.881,5468.8,-568.0810000000001,0.5389768591234531,-567.5420231408767,-37.70829370485401,1.0
2015-09-18,IC,q2,IC1603,2016-03-18,6036.881,5280.0,-756.8810000000003,0.6566091569547194,-756.2243908430456,-25.122308370111273,0.8208488313248143
2015-09-21,IC,current,IC1510,2015-10-16,6250.439,6170.2,-80.23900000000049,0.44640027198812304,-79.79259972801236,-18.63824214633533,1.0
2015-09-21,IC,next,IC1511,2015-11-20,6250.439,5984.8,-265.6390000000001,0.528485447202441,-265.11051455279767,-25.802277731151136,1.0
2015-09-21,IC,q1,IC1512,2015-12-18,6250.439,5841.2,-409.2390000000005,0.5580434632325428,-408.68095653676795,-27.11964950416797,1.0
2015-09-21,IC,q2,IC1603,2016-03-18,6250.439,5583.4,-667.0390000000007,0.6798370685767865,-666.3591629314238,-21.738906084485315,0.8208488313248143
2015-09-22,IC,current,IC1510,2015-10-16,6295.926,6077.8,-218.1260000000002,0.44964890927134804,-217.67635109072884,-52.58153456968048,1.0
2015-09-22,IC,next,IC1511,2015-11-20,6295.926,5918.0,-377.9260000000004,0.532331451864977,-377.3936685481354,-37.083084247067724,1.0
2015-09-22,IC,q1,IC1512,2015-12-18,6295.926,5788.4,-507.52600000000075,0.5621045736620757,-506.9638954263387,-33.78244109454119,1.0
2015-09-22,IC,q2,IC1603,2016-03-18,6295.926,5600.0,-695.9260000000004,0.6847845208658742,-695.2412154791346,-22.64377117337056,0.8208488313248143
2015-09-23,IC,current,IC1510,2015-10-16,6224.601,5980.4,-244.20100000000002,0.44455494716731775,-243.7564450528327,-62.145490159536145,1.0
2015-09-23,IC,next,IC1511,2015-11-20,6224.601,5762.0,-462.60099999999966,0.5263007995345224,-462.07469920046515,-46.71598842880819,1.0
2015-09-23,IC,q1,IC1512,2015-12-18,6224.601,5625.0,-599.6009999999997,0.5557366289441028,-599.0452633710555,-40.84534170187482,1.0
2015-09-23,IC,q2,IC1603,2016-03-18,6224.601,5449.2,-775.4009999999998,0.6770267651440377,-774.7239732348557,-25.665815914496008,0.8208488313248143
2015-09-24,IC,current,IC1510,2015-10-16,6315.11,6100.0,-215.10999999999967,0.45101901188619153,-214.65898098811348,-56.39470474973475,1.0
2015-09-24,IC,next,IC1511,2015-11-20,6315.11,5869.6,-445.5099999999993,0.5339534923039175,-444.9760465076954,-45.12048114934944,1.0
2015-09-24,IC,q1,IC1512,2015-12-18,6315.11,5720.0,-595.1099999999997,0.5638173342855539,-594.5461826657141,-40.42766087964109,1.0
2015-09-24,IC,q2,IC1603,2016-03-18,6315.11,5511.6,-803.5099999999993,0.6868710933967919,-802.8231289066025,-26.36447652489155,0.8208488313248143
2015-09-25,IC,current,IC1510,2015-10-16,6108.376,5787.4,-320.97600000000057,0.43625427074893824,-320.53974572925165,-91.2073201898951,1.0
2015-09-25,IC,next,IC1511,2015-11-20,6108.376,5550.2,-558.1760000000004,0.5164737744085907,-557.6595262255918,-59.50427947283866,1.0
2015-09-25,IC,q1,IC1512,2015-12-18,6108.376,5444.0,-664.3760000000002,0.545359981557543,-663.8306400184426,-47.22207974418116,1.0
2015-09-25,IC,q2,IC1603,2016-03-18,6108.376,5232.0,-876.3760000000002,0.6643854029460646,-875.7116145970541,-29.90130641484739,0.8208488313248143
2015-09-28,IC,current,IC1510,2015-10-16,6219.692,5994.4,-225.29200000000037,0.4442043511635507,-224.8477956488368,-73.30609994820165,1.0
2015-09-28,IC,next,IC1511,2015-11-20,6219.692,5768.4,-451.29200000000037,0.525885735078999,-450.7661142649214,-49.911356924285826,1.0
2015-09-28,IC,q1,IC1512,2015-12-18,6219.692,5632.6,-587.0919999999996,0.5552983500710496,-586.5367016499285,-42.49464047976079,1.0
2015-09-28,IC,q2,IC1603,2016-03-18,6219.692,5362.0,-857.692,0.6764928314203995,-857.0155071685796,-29.24046124123969,0.8208488313248143
2015-09-29,IC,current,IC1510,2015-10-16,6103.606,5914.0,-189.60599999999977,0.272232121087289,-189.33376787891248,-66.60173296187345,1.0
2015-09-29,IC,next,IC1511,2015-11-20,6103.606,5671.0,-432.60599999999977,0.35238898174126254,-432.2536110182585,-49.709759223817336,1.0
2015-09-29,IC,q1,IC1512,2015-12-18,6103.606,5519.6,-584.0059999999994,0.381252631796791,-583.6247473682026,-43.62647113636471,1.0
2015-09-29,IC,q2,IC1603,2016-03-18,6103.606,5274.0,-829.6059999999998,0.5001851068342655,-829.1058148931655,-28.994807105430304,0.7622230781915655
2015-09-30,IC,current,IC1510,2015-10-16,6123.727,5917.8,-205.92699999999968,0.007836048765748197,-205.91916395123394,-76.71032571565526,1.0
2015-09-30,IC,next,IC1511,2015-11-20,6123.727,5700.0,-423.72699999999986,0.08825715258895948,-423.6387428474109,-49.51109571123604,1.0
2015-09-30,IC,q1,IC1512,2015-12-18,6123.727,5560.0,-563.7269999999999,0.11721595385555354,-563.6097840461443,-42.5234483561149,1.0
2015-09-30,IC,q2,IC1603,2016-03-18,6123.727,5289.8,-833.9269999999997,0.2365404988153378,-833.6904595011844,-29.230278507913688,0.49554285394088715
2015-10-08,IC,current,IC1510,2015-10-16,6372.492,6195.2,-177.29200000000037,0.0,-177.29200000000037,-126.93538885572578,
2015-10-08,IC,next,IC1511,2015-11-20,6372.492,6005.6,-366.8919999999998,0.08368806133006639,-366.80831193866976,-48.860091759223444,1.0
2015-10-08,IC,q1,IC1512,2015-12-18,6372.492,5890.0,-482.4920000000002,0.1138232599437473,-482.37817674005646,-38.91462667938272,1.0
2015-10-08,IC,q2,IC1603,2016-03-18,6372.492,5594.2,-778.2920000000004,0.23799514222391194,-778.0540048577765,-27.509221073632702,0.47825875301546894
2015-10-09,IC,current,IC1510,2015-10-16,6470.051,6406.8,-63.251000000000204,0.0,-63.251000000000204,-50.97468099003961,
2015-10-09,IC,next,IC1511,2015-11-20,6470.051,6157.0,-313.0510000000004,0.08496927495501876,-312.96603072504536,-42.03713136795748,1.0
2015-10-09,IC,q1,IC1512,2015-12-18,6470.051,6011.0,-459.0510000000004,0.11556582524109911,-458.9354341747593,-36.986114610177864,1.0
2015-10-09,IC,q2,IC1603,2016-03-18,6470.051,5748.0,-722.0510000000004,0.2416387039702778,-721.8093612960301,-25.291919720595075,0.47825875301546894
2015-10-12,IC,current,IC1510,2015-10-16,6718.722,6642.6,-76.12199999999939,0.0,-76.12199999999939,-103.38472852426315,
2015-10-12,IC,next,IC1511,2015-11-20,6718.722,6467.8,-250.92199999999957,0.08823499798754808,-250.83376500201203,-34.94037668203612,1.0
2015-10-12,IC,q1,IC1512,2015-12-18,6718.722,6324.0,-394.72199999999975,0.1200075010993774,-394.60199249890036,-31.995629850771735,1.0
2015-10-12,IC,q2,IC1603,2016-03-18,6718.722,6039.0,-679.7219999999998,0.250925885501767,-679.471074114498,-23.36254112316619,0.47825875301546894
2015-10-13,IC,current,IC1510,2015-10-16,6802.077,6688.6,-113.47699999999986,0.0,-113.47699999999986,-202.97283217072254,
2015-10-13,IC,next,IC1511,2015-11-20,6802.077,6491.0,-311.0770000000002,0.08932967466225677,-310.98767032533794,-43.914798558373896,1.0
2015-10-13,IC,q1,IC1512,2015-12-18,6802.077,6348.0,-454.0770000000002,0.1214963594349565,-453.95550364056527,-36.90801349949665,1.0
2015-10-13,IC,q2,IC1603,2016-03-18,6802.077,6055.0,-747.0770000000002,0.2540389667076868,-746.8229610332926,-25.52521036660916,0.47825875301546894
2015-10-14,IC,current,IC1510,2015-10-16,6724.496,6645.2,-79.29600000000028,0.0,-79.29600000000028,-215.20601692677116,
2015-10-14,IC,next,IC1511,2015-11-20,6724.496,6400.0,-324.4960000000001,0.08831082622964236,-324.40768917377045,-47.59074902895815,1.0
2015-10-14,IC,q1,IC1512,2015-12-18,6724.496,6220.0,-504.4960000000001,0.12011063430110056,-504.375889365699,-42.11861542508285,1.0
2015-10-14,IC,q2,IC1603,2016-03-18,6724.496,5933.0,-791.4960000000001,0.2511415286051559,-791.244858471395,-27.530837783620065,0.47825875301546894
2015-10-15,IC,current,IC1510,2015-10-16,6929.237,6954.8,25.563000000000102,0.0,25.563000000000102,134.65400303092588,
2015-10-15,IC,next,IC1511,2015-11-20,6929.237,6814.0,-115.23700000000008,0.09099962950546901,-115.1460003704946,-16.848211480663796,1.0
2015-10-15,IC,q1,IC1512,2015-12-18,6929.237,6610.0,-319.2370000000001,0.12376764761145745,-319.11323235238865,-26.2646905172924,1.0
2015-10-15,IC,q2,IC1603,2016-03-18,6929.237,6299.8,-629.4369999999999,0.2587880448211144,-629.1782119551788,-21.382054168412466,0.47825875301546894
2015-10-16,IC,current,IC1510,2015-10-16,7047.56,6979.8,-67.76000000000022,0.0,-67.76000000000022,,
2015-10-16,IC,next,IC1511,2015-11-20,7047.56,6779.0,-268.5600000000004,0.09255353062935547,-268.46744646937105,-39.726259042165125,1.0
2015-10-16,IC,q1,IC1512,2015-12-18,7047.56,6599.8,-447.7600000000002,0.1258810923339183,-447.6341189076663,-36.799059082499106,1.0
2015-10-16,IC,q2,IC1603,2016-03-18,7047.56,6280.0,-767.5600000000004,0.2632070851609626,-767.2967929148394,-25.804577018745693,0.47825875301546894
2015-10-19,IC,current,IC1511,2015-11-20,7047.372,6685.0,-362.3720000000003,0.09255106168070397,-362.2794489383196,-58.63533192873468,1.0
2015-10-19,IC,next,IC1512,2015-12-18,7047.372,6492.0,-555.3720000000003,0.12587773434259097,-555.2461222656577,-47.92917478717955,1.0
2015-10-19,IC,q1,IC1512,2015-12-18,7047.372,6492.0,-555.3720000000003,0.12587773434259097,-555.2461222656577,-47.92917478717955,1.0
2015-10-19,IC,q2,IC1603,2016-03-18,7047.372,6083.0,-964.3720000000003,0.2632000638752963,-964.108799936125,-33.06852070133054,0.47825875301546894
2015-10-20,IC,current,IC1511,2015-11-20,7162.075,6850.0,-312.0749999999998,0.09405742241034358,-311.9809425775895,-51.28854419029094,1.0
2015-10-20,IC,next,IC1512,2015-12-18,7162.075,6609.8,-552.2749999999996,0.1279265198703449,-552.1470734801293,-47.69323297504439,1.0
2015-10-20,IC,q1,IC1512,2015-12-18,7162.075,6609.8,-552.2749999999996,0.1279265198703449,-552.1470734801293,-47.69323297504439,1.0
2015-10-20,IC,q2,IC1603,2016-03-18,7162.075,6308.8,-853.2749999999996,0.2674839071188044,-853.0075160928808,-28.98114893369138,0.47825875301546894
2015-10-21,IC,current,IC1511,2015-11-20,6712.739,6478.8,-233.9389999999994,0.08815642500998486,-233.8508435749894,-42.38486351838951,1.0
2015-10-21,IC,next,IC1512,2015-12-18,6712.739,6268.0,-444.7389999999996,0.119900634811551,-444.61909936518805,-41.682448660440585,1.0
2015-10-21,IC,q1,IC1512,2015-12-18,6712.739,6268.0,-444.7389999999996,0.119900634811551,-444.61909936518805,-41.682448660440585,1.0
2015-10-21,IC,q2,IC1603,2016-03-18,6712.739,5980.2,-732.5389999999998,0.25070243682016397,-732.2882975631796,-26.723228695495965,0.47825875301546894
2015-10-22,IC,current,IC1511,2015-11-20,6964.298,6666.2,-298.09799999999996,0.09146007529626693,-298.0065399247037,-53.85714350560274,1.0
2015-10-22,IC,next,IC1512,2015-12-18,6964.298,6458.2,-506.09799999999996,0.12439389513234687,-505.9736061048676,-46.52308710881535,1.0
2015-10-22,IC,q1,IC1512,2015-12-18,6964.298,6458.2,-506.09799999999996,0.12439389513234687,-505.9736061048676,-46.52308710881535,1.0
2015-10-22,IC,q2,IC1603,2016-03-18,6964.298,6145.8,-818.4979999999996,0.2600974772506117,-818.237902522749,-28.975663935178353,0.47825875301546894
2015-10-23,IC,current,IC1511,2015-11-20,7138.234,6908.0,-230.23400000000038,0.09374432557629968,-230.14025567442408,-42.027798733034366,1.0
2015-10-23,IC,next,IC1512,2015-12-18,7138.234,6697.0,-441.2340000000004,0.12750068012973498,-441.10649931987064,-40.27703697234817,1.0
2015-10-23,IC,q1,IC1512,2015-12-18,7138.234,6697.0,-441.2340000000004,0.12750068012973498,-441.10649931987064,-40.27703697234817,1.0
2015-10-23,IC,q2,IC1603,2016-03-18,7138.234,6360.0,-778.2340000000004,0.266593510993433,-777.967406489007,-27.061143947045192,0.47825875301546894
2015-10-26,IC,current,IC1511,2015-11-20,7186.755,6865.0,-321.7550000000001,0.09438153758438006,-321.66061846241575,-65.34583451851734,1.0
2015-10-26,IC,next,IC1512,2015-12-18,7186.755,6639.0,-547.7550000000001,0.1283673455403358,-547.6266326544597,-52.4769657617874,1.0
2015-10-26,IC,q1,IC1512,2015-12-18,7186.755,6639.0,-547.7550000000001,0.1283673455403358,-547.6266326544597,-52.4769657617874,1.0
2015-10-26,IC,q2,IC1603,2016-03-18,7186.755,6302.0,-884.7550000000001,0.2684056375988248,-884.4865943624013,-31.19527277593338,0.47825875301546894
2015-10-27,IC,current,IC1511,2015-11-20,7231.436,6903.4,-328.03600000000006,0.09496832000298312,-327.9410316799971,-68.96882615661153,1.0
2015-10-27,IC,next,IC1512,2015-12-18,7231.436,6684.4,-547.0360000000001,0.1291654221919105,-546.9068345778081,-53.085794870771906,1.0
2015-10-27,IC,q1,IC1512,2015-12-18,7231.436,6684.4,-547.0360000000001,0.1291654221919105,-546.9068345778081,-53.085794870771906,1.0
2015-10-27,IC,q2,IC1603,2016-03-18,7231.436,6319.8,-911.6359999999995,0.27007435070975633,-911.3659256492898,-32.16807458861045,0.47825875301546894
2015-10-28,IC,current,IC1511,2015-11-20,7048.895,6683.4,-365.4950000000008,0.09257106279132218,-365.4024289372095,-82.26505965278582,1.0
2015-10-28,IC,next,IC1512,2015-12-18,7048.895,6462.0,-586.8950000000004,0.12590493764467348,-586.7690950623557,-59.57566223396239,1.0
2015-10-28,IC,q1,IC1512,2015-12-18,7048.895,6462.0,-586.8950000000004,0.12590493764467348,-586.7690950623557,-59.57566223396239,1.0
2015-10-28,IC,q2,IC1603,2016-03-18,7048.895,6115.4,-933.4950000000008,0.263256943758646,-933.2317430562422,-34.0308644535953,0.47825875301546894
2015-10-29,IC,current,IC1511,2015-11-20,7108.975,6782.0,-326.97500000000036,0.09336007574335263,-326.881639924257,-76.28756004164632,1.0
2015-10-29,IC,next,IC1512,2015-12-18,7108.975,6521.0,-587.9750000000004,0.12697806593693658,-587.8480219340635,-60.36440640343598,1.0
2015-10-29,IC,q1,IC1512,2015-12-18,7108.975,6521.0,-587.9750000000004,0.12697806593693658,-587.8480219340635,-60.36440640343598,1.0
2015-10-29,IC,q2,IC1603,2016-03-18,7108.975,6105.0,-1003.9750000000004,0.2655007673907216,-1003.7094992326097,-36.54894111550505,0.47825875301546894
2015-10-30,IC,current,IC1511,2015-11-20,7084.971,6783.8,-301.17099999999937,0.09304483827829704,-301.0779551617211,-73.86087538848629,1.0
2015-10-30,IC,next,IC1512,2015-12-18,7084.971,6529.4,-555.5709999999999,0.12654931474639924,-555.4444506852535,-58.3981836701014,1.0
2015-10-30,IC,q1,IC1512,2015-12-18,7084.971,6529.4,-555.5709999999999,0.12654931474639924,-555.4444506852535,-58.3981836701014,1.0
2015-10-30,IC,q2,IC1603,2016-03-18,7084.971,6115.0,-969.9709999999995,0.26460428366128846,-969.7063957163383,-35.68346437998965,0.47825875301546894
2015-11-02,IC,current,IC1511,2015-11-20,6936.432,6668.8,-267.6319999999996,0.091094119322211,-267.54090588067737,-78.21218511064097,1.0
2015-11-02,IC,next,IC1512,2015-12-18,6936.432,6406.4,-530.0320000000002,0.12389616222635147,-529.9081038377738,-60.61770095257701,1.0
2015-11-02,IC,q1,IC1512,2015-12-18,6936.432,6406.4,-530.0320000000002,0.12389616222635147,-529.9081038377738,-60.61770095257701,1.0
2015-11-02,IC,q2,IC1603,2016-03-18,6936.432,6022.2,-914.232,0.2590567583869064,-913.972943241613,-35.10504252801621,0.7545842142222673
2015-11-03,IC,current,IC1511,2015-11-20,6920.103,6656.2,-263.90300000000025,0.09087967537258208,-263.81212032462764,-81.85140317954726,1.0
2015-11-03,IC,next,IC1512,2015-12-18,6920.103,6384.6,-535.5029999999997,0.12360449924558642,-535.3793955007541,-62.75227064548196,1.0
2015-11-03,IC,q1,IC1512,2015-12-18,6920.103,6384.6,-535.5029999999997,0.12360449924558642,-535.3793955007541,-62.75227064548196,1.0
2015-11-03,IC,q2,IC1603,2016-03-18,6920.103,5968.8,-951.3029999999999,0.25844691491007277,-951.0445530850898,-36.8843606675892,0.7545842142222673
2015-11-04,IC,current,IC1511,2015-11-20,7267.988,7090.6,-177.38799999999992,0.09544834665782029,-177.2925516533421,-55.64795008731256,1.0
2015-11-04,IC,next,IC1512,2015-12-18,7267.988,6826.0,-441.9880000000003,0.12981830144189055,-441.8581816985584,-50.43231306680179,1.0
2015-11-04,IC,q1,IC1512,2015-12-18,7267.988,6826.0,-441.9880000000003,0.12981830144189055,-441.8581816985584,-50.43231306680179,1.0
2015-11-04,IC,q2,IC1603,2016-03-18,7267.988,6428.0,-839.9880000000003,0.2714394679101496,-839.7165605320902,-31.237596632960145,0.7545842142222673
2015-11-05,IC,current,IC1511,2015-11-20,7276.451,7066.4,-210.05100000000039,0.09555948874525427,-209.95544051125512,-70.21164189942608,1.0
2015-11-05,IC,next,IC1512,2015-12-18,7276.451,6797.4,-479.0510000000004,0.129969464636588,-478.9210305353638,-55.86871828530586,1.0
2015-11-05,IC,q1,IC1512,2015-12-18,7276.451,6797.4,-479.0510000000004,0.129969464636588,-478.9210305353638,-55.86871828530586,1.0
2015-11-05,IC,q2,IC1603,2016-03-18,7276.451,6358.0,-918.451,0.27175553780692485,-918.1792444621931,-34.37129760885343,0.7545842142222673
2015-11-06,IC,current,IC1511,2015-11-20,7446.847,7293.8,-153.04699999999957,0.029216463065989372,-153.0177835369336,-53.571561409029655,1.0
2015-11-06,IC,next,IC1512,2015-12-18,7446.847,7072.4,-374.4470000000001,0.06443223319025064,-374.38256776680987,-43.69047452306729,1.0
2015-11-06,IC,q1,IC1512,2015-12-18,7446.847,7072.4,-374.4470000000001,0.06443223319025064,-374.38256776680987,-43.69047452306729,1.0
2015-11-06,IC,q2,IC1603,2016-03-18,7446.847,6650.0,-796.8469999999998,0.2095385760530423,-796.6374614239467,-29.358206263725627,0.674261021008782
2015-11-09,IC,current,IC1511,2015-11-20,7543.801,7353.8,-190.0010000000002,0.029596845926023956,-189.97140315407418,-83.55995285670143,1.0
2015-11-09,IC,next,IC1512,2015-12-18,7543.801,7170.0,-373.8010000000004,0.06527110670769065,-373.7357288932927,-46.366322544098374,1.0
2015-11-09,IC,q1,IC1512,2015-12-18,7543.801,7170.0,-373.8010000000004,0.06527110670769065,-373.7357288932927,-46.366322544098374,1.0
2015-11-09,IC,q2,IC1603,2016-03-18,7543.801,6858.6,-685.201,0.2122666572265439,-684.9887333427735,-25.49427798350463,0.674261021008782
2015-11-10,IC,current,IC1511,2015-11-20,7575.008,7394.0,-181.0079999999998,0.029719281389368416,-180.97828071861045,-87.2039639592365,1.0
2015-11-10,IC,next,IC1512,2015-12-18,7575.008,7160.2,-414.808,0.06554111852627215,-414.74245888147374,-52.59018155900155,1.0
2015-11-10,IC,q1,IC1512,2015-12-18,7575.008,7160.2,-414.808,0.06554111852627215,-414.74245888147374,-52.59018155900155,1.0
2015-11-10,IC,q2,IC1603,2016-03-18,7575.008,6830.2,-744.808,0.21314475641978461,-744.5948552435802,-27.812503915763955,0.674261021008782
2015-11-11,IC,current,IC1511,2015-11-20,7684.666,7545.0,-139.66600000000017,0.030149506276074194,-139.6358504937241,-73.6923308344888,1.0
2015-11-11,IC,next,IC1512,2015-12-18,7684.666,7319.0,-365.66600000000017,0.06648991065630738,-365.5995100893439,-46.9322903779055,1.0
2015-11-11,IC,q1,IC1512,2015-12-18,7684.666,7319.0,-365.66600000000017,0.06648991065630738,-365.5995100893439,-46.9322903779055,1.0
2015-11-11,IC,q2,IC1603,2016-03-18,7684.666,6965.0,-719.6660000000002,0.21623030137227586,-719.4497696986278,-26.696748875048616,0.674261021008782
2015-11-12,IC,current,IC1511,2015-11-20,7682.452,7519.0,-163.45200000000023,0.030140820016073405,-163.42185917998415,-97.05393961572135,1.0
2015-11-12,IC,next,IC1512,2015-12-18,7682.452,7254.6,-427.85199999999986,0.0664707545001136,-427.78552924549973,-56.4568441077751,1.0
2015-11-12,IC,q1,IC1512,2015-12-18,7682.452,7254.6,-427.85199999999986,0.0664707545001136,-427.78552924549973,-56.4568441077751,1.0
2015-11-12,IC,q2,IC1603,2016-03-18,7682.452,6894.0,-788.4520000000002,0.21616800407955838,-788.2358319959206,-29.488009743750883,0.674261021008782
2015-11-13,IC,current,IC1511,2015-11-20,7567.108,7468.0,-99.10800000000017,0.029688287056032266,-99.07831171294414,-68.27213584903923,1.0
2015-11-13,IC,next,IC1512,2015-12-18,7567.108,7156.0,-411.1080000000002,0.06547276548474962,-411.04252723451543,-56.647616968671,1.0
2015-11-13,IC,q1,IC1512,2015-12-18,7567.108,7156.0,-411.1080000000002,0.06547276548474962,-411.04252723451543,-56.647616968671,1.0
2015-11-13,IC,q2,IC1603,2016-03-18,7567.108,6775.0,-792.1080000000002,0.21292246707359302,-791.8950775329266,-30.315171558518767,0.674261021008782
2015-11-16,IC,current,IC1511,2015-11-20,7718.855,7638.0,-80.85499999999956,0.03028364111941972,-80.82471635888014,-95.54856734253737,1.0
2015-11-16,IC,next,IC1512,2015-12-18,7718.855,7370.0,-348.85499999999956,0.0667857235849927,-348.7882142764146,-51.54087710017035,1.0
2015-11-16,IC,q1,IC1512,2015-12-18,7718.855,7370.0,-348.85499999999956,0.0667857235849927,-348.7882142764146,-51.54087710017035,1.0
2015-11-16,IC,q2,IC1603,2016-03-18,7718.855,6940.0,-778.8549999999996,0.21719230775923096,-778.6378076922404,-29.9343862315722,0.674261021008782
2015-11-17,IC,current,IC1511,2015-11-20,7650.381,7547.6,-102.78099999999995,0.030014994792728636,-102.75098500520723,-163.4084608635859,1.0
2015-11-17,IC,next,IC1512,2015-12-18,7650.381,7248.0,-402.3810000000003,0.06619326710838332,-402.31480673289195,-61.917601252212386,1.0
2015-11-17,IC,q1,IC1512,2015-12-18,7650.381,7248.0,-402.3810000000003,0.06619326710838332,-402.31480673289195,-61.917601252212386,1.0
2015-11-17,IC,q2,IC1603,2016-03-18,7650.381,6782.6,-867.781,0.21526559374769616,-867.5657344062522,-33.927539147062646,0.674261021008782
2015-11-18,IC,current,IC1511,2015-11-20,7526.942,7499.0,-27.942000000000007,0.0,-27.942000000000007,-67.74882814295636,
2015-11-18,IC,next,IC1512,2015-12-18,7526.942,7176.0,-350.942,0.035594535406816785,-350.9064054645932,-56.72105971436853,1.0
2015-11-18,IC,q1,IC1512,2015-12-18,7526.942,7176.0,-350.942,0.035594535406816785,-350.9064054645932,-56.72105971436853,1.0
2015-11-18,IC,q2,IC1603,2016-03-18,7526.942,6697.8,-829.1419999999998,0.18226157805726292,-828.9597384219426,-33.22173904254931,0.6214835735221651
2015-11-19,IC,current,IC1511,2015-11-20,7718.622,7697.0,-21.6220000000003,0.0,-21.6220000000003,-102.2466186321873,
2015-11-19,IC,next,IC1512,2015-12-18,7718.622,7435.6,-283.02199999999993,0.036500980620129,-282.9854990193798,-46.14442888098223,1.0
2015-11-19,IC,q1,IC1512,2015-12-18,7718.622,7435.6,-283.02199999999993,0.036500980620129,-282.9854990193798,-46.14442888098223,1.0
2015-11-19,IC,q2,IC1603,2016-03-18,7718.622,6939.0,-779.6220000000003,0.18690302464765995,-779.4350969753526,-30.7150907674975,0.6214835735221651
2015-11-20,IC,current,IC1511,2015-11-20,7806.266,7804.0,-2.2659999999996217,0.0,-2.2659999999996217,,
2015-11-20,IC,next,IC1512,2015-12-18,7806.266,7442.6,-363.66599999999926,0.036915444749279325,-363.62908455524996,-60.72256379987666,1.0
2015-11-20,IC,q1,IC1512,2015-12-18,7806.266,7442.6,-363.66599999999926,0.036915444749279325,-363.62908455524996,-60.72256379987666,1.0
2015-11-20,IC,q2,IC1603,2016-03-18,7806.266,6916.0,-890.2659999999996,0.18902528542066055,-890.0769747145789,-34.972777403275444,0.6214835735221651
2015-11-23,IC,current,IC1512,2015-12-18,7744.182,7356.6,-387.5819999999994,0.036621852592438366,-387.545378147407,-73.06339805743386,1.0
2015-11-23,IC,next,IC1601,2016-01-15,7744.182,7151.8,-592.3819999999996,0.11654181083243836,-592.2654581891671,-52.669336639159184,1.0
2015-11-23,IC,q1,IC1603,2016-03-18,7744.182,6841.8,-902.3819999999996,0.18752194876520245,-902.1944780512345,-36.6572168683514,0.6214835735221651
2015-11-23,IC,q2,IC1606,2016-06-17,7744.182,6517.0,-1227.1819999999998,13.144587767527625,-1214.0374122324722,-27.642609480935626,0.008866144217952817
2015-11-24,IC,current,IC1512,2015-12-18,7798.498,7471.0,-327.4979999999996,0.03687871026254618,-327.46112128973704,-63.86021880471622,1.0
2015-11-24,IC,next,IC1601,2016-01-15,7798.498,7232.0,-566.4979999999996,0.11735920962254619,-566.380640790377,-50.97848869016129,1.0
2015-11-24,IC,q1,IC1603,2016-03-18,7798.498,6921.8,-876.6979999999994,0.18883718672953886,-876.5091628132699,-35.673072745306186,0.6214835735221651
2015-11-24,IC,q2,IC1606,2016-06-17,7798.498,6548.2,-1250.2979999999998,13.236781033282618,-1237.0612189667172,-28.106441973306584,0.008866144217952817
2015-11-25,IC,current,IC1512,2015-12-18,7922.384,7631.0,-291.384,0.03746456101221436,-291.3465354389878,-58.36049912513738,1.0
2015-11-25,IC,next,IC1601,2016-01-15,7922.384,7385.0,-537.384,0.11922356389221436,-537.2647764361078,-48.53501499963908,1.0
2015-11-25,IC,q1,IC1603,2016-03-18,7922.384,7066.0,-856.384,0.1918370315349329,-856.192162968465,-34.60217294457158,0.6214835735221651
2015-11-25,IC,q2,IC1606,2016-06-17,7922.384,6685.0,-1237.384,13.447058942578645,-1223.9369410574213,-27.50693222510398,0.008866144217952817
2015-11-26,IC,current,IC1512,2015-12-18,7874.08,7531.8,-342.27999999999975,0.03723613379193142,-342.24276386620784,-72.11151756555331,1.0
2015-11-26,IC,next,IC1601,2016-01-15,7874.08,7304.0,-570.0799999999999,0.11849663939193143,-569.961503360608,-52.84069979645163,1.0
2015-11-26,IC,q1,IC1603,2016-03-18,7874.08,6955.0,-919.0799999999999,0.19066737149683535,-918.8893326285031,-37.694484460789326,0.6214835735221651
2015-11-26,IC,q2,IC1606,2016-06-17,7874.08,6602.0,-1272.08,13.365070145372865,-1258.7149298546271,-28.60159532343865,0.008866144217952817
2015-11-27,IC,current,IC1512,2015-12-18,7376.124,7092.6,-283.52399999999943,0.03488132456488585,-283.48911867543455,-66.80081398056603,1.0
2015-11-27,IC,next,IC1601,2016-01-15,7376.124,6846.6,-529.5239999999994,0.11100292424488585,-529.4129970757546,-53.46421251690477,1.0
2015-11-27,IC,q1,IC1603,2016-03-18,7376.124,6500.0,-876.1239999999998,0.17860958675994187,-875.9453904132398,-38.70113164893733,0.6214835735221651
2015-11-27,IC,q2,IC1606,2016-06-17,7376.124,6088.0,-1288.1239999999998,12.519864499848651,-1275.6041355001512,-31.094568613740186,0.008866144217952817
2015-11-30,IC,current,IC1512,2015-12-18,7408.399,7118.2,-290.1990000000005,0.03503395143915365,-290.16396604856135,-79.42175391270615,1.0
2015-11-30,IC,next,IC1601,2016-01-15,7408.399,6874.2,-534.1990000000005,0.11148862911915366,-534.0875113708813,-57.203564450932106,1.0
2015-11-30,IC,q1,IC1603,2016-03-18,7408.399,6550.0,-858.3990000000003,0.17939111163841154,-858.2196088883619,-38.791844953504686,0.6214835735221651
2015-11-30,IC,q2,IC1606,2016-06-17,7408.399,6161.0,-1247.3990000000003,12.574646472973376,-1234.824353527027,-30.418912982235756,0.008866144217952817
2015-12-01,IC,current,IC1512,2015-12-18,7443.945,7137.6,-306.34499999999935,0.035202046710190775,-306.30979795328915,-88.3490077410729,1.0
2015-12-01,IC,next,IC1601,2016-01-15,7443.945,6913.8,-530.1449999999995,0.11202355911019078,-530.0329764408893,-57.75373628452376,1.0
2015-12-01,IC,q1,IC1603,2016-03-18,7443.945,6547.8,-896.1449999999995,0.1802518423380268,-895.9647481576615,-40.67774560367227,0.6214835735221651
2015-12-01,IC,q2,IC1606,2016-06-17,7443.945,6162.8,-1281.1449999999995,12.634980478138095,-1268.5100195218615,-31.255793885610235,0.008866144217952817
2015-12-02,IC,current,IC1512,2015-12-18,7405.86,7280.2,-125.65999999999985,0.035021944634079566,-125.62497805536577,-38.69665119092221,1.0
2015-12-02,IC,next,IC1601,2016-01-15,7405.86,7054.0,-351.8599999999997,0.11145041983407958,-351.7485495801656,-39.40007108521939,1.0
2015-12-02,IC,q1,IC1603,2016-03-18,7405.86,6702.0,-703.8599999999997,0.1793296308741533,-703.6806703691256,-32.41225225822446,0.6214835735221651
2015-12-02,IC,q2,IC1606,2016-06-17,7405.86,6299.0,-1106.8599999999997,12.570336901175894,-1094.2896630988237,-27.23858061888247,0.008866144217952817
2015-12-03,IC,current,IC1512,2015-12-18,7570.508,7377.8,-192.70799999999963,0.03580055686008869,-192.67219944313953,-61.92922394529398,1.0
2015-12-03,IC,next,IC1601,2016-01-15,7570.508,7129.0,-441.5079999999998,0.1139281994200887,-441.3940718005797,-49.49096046259965,1.0
2015-12-03,IC,q1,IC1603,2016-03-18,7570.508,6749.8,-820.7079999999996,0.18331650951676437,-820.5246834904829,-37.3210304884635,0.6214835735221651
2015-12-03,IC,q2,IC1606,2016-06-17,7570.508,6369.0,-1201.5079999999998,12.849802193539619,-1188.6581978064603,-29.09099699543381,0.008866144217952817
2015-12-04,IC,current,IC1512,2015-12-18,7511.675,7315.8,-195.875,0.03552233852100899,-195.83947766147898,-67.97172339481048,1.0
2015-12-04,IC,next,IC1601,2016-01-15,7511.675,7061.0,-450.6750000000002,0.113042824521009,-450.56195717547917,-52.126828718865696,1.0
2015-12-04,IC,q1,IC1603,2016-03-18,7511.675,6648.8,-862.875,0.1818918943912801,-862.6931081056088,-39.9229940894924,0.6214835735221651
2015-12-04,IC,q2,IC1606,2016-06-17,7511.675,6221.0,-1290.6750000000002,12.749941997572252,-1277.925058002428,-31.681474760811874,0.008866144217952817
2015-12-07,IC,current,IC1512,2015-12-18,7602.228,7339.4,-262.82800000000043,0.03595055916688264,-262.7920494408335,-114.70213737568923,1.0
2015-12-07,IC,next,IC1601,2016-01-15,7602.228,7081.2,-521.0280000000002,0.11440555212688265,-520.9135944478734,-64.12879189730714,1.0
2015-12-07,IC,q1,IC1603,2016-03-18,7602.228,6687.4,-914.8280000000004,0.18408459531521695,-914.6439154046852,-43.053042892099484,0.6214835735221651
2015-12-07,IC,q2,IC1606,2016-06-17,7602.228,6286.8,-1315.4279999999999,12.903642137382102,-1302.5243578626178,-32.402649163645066,0.008866144217952817
2015-12-08,IC,current,IC1512,2015-12-18,7404.142,7230.0,-174.14199999999983,0.035013820297286634,-174.10698617970255,-85.82905346168594,1.0
2015-12-08,IC,next,IC1601,2016-01-15,7404.142,6954.2,-449.942,0.11142456573728664,-449.8305754342627,-58.35572917852348,1.0
2015-12-08,IC,q1,IC1603,2016-03-18,7404.142,6563.2,-840.942,0.17928803026249687,-840.7627119697376,-41.03648876119092,0.6214835735221651
2015-12-08,IC,q2,IC1606,2016-06-17,7404.142,6140.2,-1263.942,12.567420853776103,-1251.3745791462238,-32.12951906600976,0.008866144217952817
2015-12-09,IC,current,IC1512,2015-12-18,7374.274,7212.0,-162.27400000000034,0.03487257600663967,-162.2391274239937,-89.22502670132182,1.0
2015-12-09,IC,next,IC1601,2016-01-15,7374.274,6949.2,-425.0740000000005,0.11097508368663969,-424.9630249163139,-56.849024234299364,1.0
2015-12-09,IC,q1,IC1603,2016-03-18,7374.274,6524.6,-849.674,0.1785647898265517,-849.4954352101735,-42.04696406069443,0.6214835735221651
2015-12-09,IC,q2,IC1606,2016-06-17,7374.274,6126.4,-1247.8740000000007,12.516724402241195,-1235.3572755977596,-32.013473947783595,0.008866144217952817
2015-12-10,IC,current,IC1512,2015-12-18,7350.21,7170.0,-180.21000000000004,0.0347587785441337,-180.1752412214559,-111.84027913119388,1.0
2015-12-10,IC,next,IC1601,2016-01-15,7350.21,6902.4,-447.8100000000004,0.1106129457441337,-447.69938705425625,-61.75570957791362,1.0
2015-12-10,IC,q1,IC1603,2016-03-18,7350.21,6481.2,-869.0100000000002,0.17798209068865875,-868.8320179093115,-43.58065362729466,0.6214835735221651
2015-12-10,IC,q2,IC1606,2016-06-17,7350.21,6072.4,-1277.8100000000004,12.475879370443415,-1265.334120629557,-33.07080263369405,0.008866144217952817
2015-12-11,IC,current,IC1512,2015-12-18,7290.702,7227.4,-63.30200000000059,0.034477368163531745,-63.26752263183706,-45.24872082790328,1.0
2015-12-11,IC,next,IC1601,2016-01-15,7290.702,6935.0,-355.7020000000002,0.10971741280353176,-355.5922825871967,-50.863682515200004,1.0
2015-12-11,IC,q1,IC1603,2016-03-18,7290.702,6529.0,-761.7020000000002,0.1765411307361267,-761.5254588692641,-38.90289029630653,0.6214835735221651
2015-12-11,IC,q2,IC1606,2016-06-17,7290.702,6110.0,-1180.7020000000002,12.374873463186841,-1168.3271265368135,-30.947542883633428,0.008866144217952817
2015-12-14,IC,current,IC1512,2015-12-18,7441.03,7422.0,-19.029999999999745,0.03518826181976504,-18.99481173817998,-23.293503333663796,1.0
2015-12-14,IC,next,IC1601,2016-01-15,7441.03,7160.2,-280.8299999999999,0.11197969141976505,-280.71802030858015,-43.03086963961632,1.0
2015-12-14,IC,q1,IC1603,2016-03-18,7441.03,6740.0,-701.0299999999997,0.18018125689973896,-700.8498187431001,-36.18771564254037,0.6214835735221651
2015-12-14,IC,q2,IC1606,2016-06-17,7441.03,6339.8,-1101.2299999999996,12.630032702718774,-1088.5999672972807,-28.70880938016656,0.008866144217952817
2015-12-15,IC,current,IC1512,2015-12-18,7498.181,7446.0,-52.180999999999585,0.03545852606426632,-52.14554147393532,-84.61217744226408,1.0
2015-12-15,IC,next,IC1601,2016-01-15,7498.181,7172.6,-325.5809999999992,0.11283975398426632,-325.468160246015,-51.10739674827865,1.0
2015-12-15,IC,q1,IC1603,2016-03-18,7498.181,6740.0,-758.1809999999996,0.18156514313767605,-757.9994348568619,-39.25346264516214,0.6214835735221651
2015-12-15,IC,q2,IC1606,2016-06-17,7498.181,6322.2,-1175.9809999999998,12.72703795588844,-1163.2539620441114,-30.60833857994039,0.008866144217952817
2015-12-16,IC,current,IC1512,2015-12-18,7529.403,7492.6,-36.802999999999884,0.0,-36.802999999999884,-89.20425032369735,
2015-12-16,IC,next,IC1601,2016-01-15,7529.403,7231.8,-297.60300000000007,0.07770343896000001,-297.5252965610401,-48.07673474456502,1.0
2015-12-16,IC,q1,IC1603,2016-03-18,7529.403,6809.6,-719.8029999999999,0.1467149967321918,-719.6562850032677,-37.51236934252601,0.5296216521194287
2015-12-16,IC,q2,IC1606,2016-06-17,7529.403,6400.8,-1128.603,12.74442644604824,-1115.8585735539518,-29.398397200946192,0.0060970526440673285
2015-12-17,IC,current,IC1512,2015-12-18,7716.246,7693.6,-22.64599999999973,0.0,-22.64599999999973,-107.1219087623684,
2015-12-17,IC,next,IC1601,2016-01-15,7716.246,7461.0,-255.2460000000001,0.07963165872000001,-255.1663683412801,-41.62097352760756,1.0
2015-12-17,IC,q1,IC1603,2016-03-18,7716.246,7026.2,-690.0460000000003,0.15035574622248113,-689.8956442537778,-35.471730423315684,0.5296216521194287
2015-12-17,IC,q2,IC1606,2016-06-17,7716.246,6640.0,-1076.246,13.060680851670968,-1063.1853191483292,-27.48176875716919,0.0060970526440673285
2015-12-18,IC,current,IC1512,2015-12-18,7699.37,7700.8,1.430000000000291,0.0,1.430000000000291,,
2015-12-18,IC,next,IC1601,2016-01-15,7699.37,7487.6,-211.76999999999953,0.0794574984,-211.69054250159954,-35.841080881146226,1.0
2015-12-18,IC,q1,IC1603,2016-03-18,7699.37,7044.0,-655.3699999999999,0.15002690709873487,-655.2199730929011,-34.13370330112908,0.5296216521194287
2015-12-18,IC,q2,IC1606,2016-06-17,7699.37,6616.4,-1082.9700000000003,13.032116177857718,-1069.9378838221426,-27.86922238086656,0.0060970526440673285
2015-12-21,IC,current,IC1601,2016-01-15,7788.564,7585.0,-203.5640000000003,0.08037798048000001,-203.4836220195203,-38.14388482247815,1.0
2015-12-21,IC,next,IC1602,2016-02-19,7788.564,7384.0,-404.5640000000003,0.08037798048000001,-404.4836220195203,-31.592584982530138,1.0
2015-12-21,IC,q1,IC1603,2016-03-18,7788.564,7200.0,-588.5640000000003,0.15176490643527338,-588.4122350935651,-31.335345964981364,0.5296216521194287
2015-12-21,IC,q2,IC1606,2016-06-17,7788.564,6749.6,-1038.964,13.183087824936354,-1025.7809121750636,-26.855735687576747,0.0060970526440673285
2015-12-22,IC,current,IC1601,2016-01-15,7856.608,7650.0,-206.60800000000017,0.08108019456000001,-206.52691980544017,-39.97819719028538,1.0
2015-12-22,IC,next,IC1602,2016-02-19,7856.608,7459.4,-397.20800000000054,0.08108019456000001,-397.12691980544054,-31.270519427719428,1.0
2015-12-22,IC,q1,IC1603,2016-03-18,7856.608,7325.4,-531.2080000000005,0.15309078515867885,-531.0549092148418,-28.358153886967898,0.5296216521194287
2015-12-22,IC,q2,IC1606,2016-06-17,7856.608,6873.8,-982.808,13.298260535587506,-969.5097394644125,-25.304045133663323,0.0060970526440673285
2015-12-23,IC,current,IC1601,2016-01-15,7773.283,7516.4,-256.8830000000007,0.08022028056000001,-256.8027797194407,-52.42763528312344,1.0
2015-12-23,IC,next,IC1602,2016-02-19,7773.283,7338.2,-435.08300000000054,0.08022028056000001,-435.0027797194405,-35.217005389640335,1.0
2015-12-23,IC,q1,IC1603,2016-03-18,7773.283,7192.2,-581.0830000000005,0.15146714685658375,-580.931532853144,-31.718663860738438,0.5296216521194287
2015-12-23,IC,q2,IC1606,2016-06-17,7773.283,6797.8,-975.4830000000002,13.157222881789858,-962.3257771182103,-25.529201895858915,0.0060970526440673285
2015-12-24,IC,current,IC1601,2016-01-15,7753.037,7533.4,-219.63700000000063,0.08001134184000001,-219.55698865816063,-46.983524509186545,1.0
2015-12-24,IC,next,IC1602,2016-02-19,7753.037,7349.4,-403.6370000000006,0.08001134184000001,-403.5569886581606,-33.33120578227753,1.0
2015-12-24,IC,q1,IC1603,2016-03-18,7753.037,7200.0,-553.0370000000003,0.1510726412332508,-552.885927358767,-30.62228669206357,0.5296216521194287
2015-12-24,IC,q2,IC1606,2016-06-17,7753.037,6835.0,-918.0370000000003,13.122954074843717,-904.9140459251565,-24.205589807953654,0.0060970526440673285
2015-12-25,IC,current,IC1601,2016-01-15,7792.124,7595.8,-196.32399999999961,0.08041471968000001,-196.24358528031962,-43.77369265202406,1.0
2015-12-25,IC,next,IC1602,2016-02-19,7792.124,7390.4,-401.72400000000016,0.08041471968000001,-401.64358528032017,-33.596173664614255,1.0
2015-12-25,IC,q1,IC1603,2016-03-18,7792.124,7242.0,-550.1239999999998,0.1518342752004154,-549.9721657247994,-30.668916534541772,0.5296216521194287
2015-12-25,IC,q2,IC1606,2016-06-17,7792.124,6868.0,-924.1239999999998,13.189113556079704,-910.93488644392,-24.38295265849985,0.0060970526440673285
2015-12-28,IC,current,IC1601,2016-01-15,7603.361,7305.0,-298.3609999999999,0.0,-298.3609999999999,-79.57136397384727,
2015-12-28,IC,next,IC1602,2016-02-19,7603.361,7088.8,-514.5609999999997,0.0,-514.5609999999997,-46.60668895401328,
2015-12-28,IC,q1,IC1603,2016-03-18,7603.361,6945.0,-658.3609999999999,0.069689427822409,-658.2913105721775,-39.0139890001707,0.0
2015-12-28,IC,q2,IC1606,2016-06-17,7603.361,6552.0,-1051.3609999999999,12.791142632410224,-1038.5698573675897,-28.986415987397525,0.0
2015-12-29,IC,current,IC1601,2016-01-15,7674.388,7418.2,-256.1880000000001,0.0,-256.1880000000001,-71.67355962225955,
2015-12-29,IC,next,IC1602,2016-02-19,7674.388,7208.4,-465.9880000000003,0.0,-465.9880000000003,-42.62069246032791,
2015-12-29,IC,q1,IC1603,2016-03-18,7674.388,7053.0,-621.3879999999999,0.07034043347503319,-621.3176595665249,-36.93795286050523,0.0
2015-12-29,IC,q2,IC1606,2016-06-17,7674.388,6668.4,-1005.9880000000003,12.910631433185593,-993.0773685668147,-27.620789396377425,0.0
2015-12-30,IC,current,IC1601,2016-01-15,7741.047,7511.4,-229.64699999999993,0.0,-229.64699999999993,-67.67588657580814,
2015-12-30,IC,next,IC1602,2016-02-19,7741.047,7297.0,-444.04699999999957,0.0,-444.04699999999957,-41.053664076352284,
2015-12-30,IC,q1,IC1603,2016-03-18,7741.047,7142.4,-598.6469999999999,0.0709514037511011,-598.5760485962488,-35.72608308352631,0.0
2015-12-30,IC,q2,IC1606,2016-06-17,7741.047,6730.2,-1010.8469999999998,13.022771942722603,-997.8242280572772,-27.67567892536761,0.0
2015-12-31,IC,current,IC1601,2016-01-15,7617.689,7349.0,-268.6890000000003,0.0,-268.6890000000003,-85.82785409065673,
2015-12-31,IC,next,IC1602,2016-02-19,7617.689,7147.2,-470.4890000000005,0.0,-470.4890000000005,-45.08676712845593,
2015-12-31,IC,q1,IC1603,2016-03-18,7617.689,6980.0,-637.6890000000003,0.06982075265649744,-637.6191792473438,-39.16845088691706,0.0
2015-12-31,IC,q2,IC1606,2016-06-17,7617.689,6550.8,-1066.8890000000001,12.815246642681101,-1054.073753357319,-29.885045482163576,0.0
2016-01-04,IC,current,IC1601,2016-01-15,6983.404,6881.2,-102.20400000000063,0.0,-102.20400000000063,-48.56248536465262,
2016-01-04,IC,next,IC1602,2016-02-19,6983.404,6685.0,-298.40400000000045,0.0,-298.40400000000045,-33.90568366895601,
2016-01-04,IC,q1,IC1603,2016-03-18,6983.404,6525.0,-458.40400000000045,0.06400714486826581,-458.3399928551322,-32.37290934105349,0.0
2016-01-04,IC,q2,IC1606,2016-06-17,6983.404,6226.0,-757.4040000000005,11.748188284594681,-745.6558117154058,-23.620014509215128,0.0
2016-01-05,IC,current,IC1601,2016-01-15,6889.741,6699.0,-190.74099999999999,0.0,-190.74099999999999,-101.04946615554924,
2016-01-05,IC,next,IC1602,2016-02-19,6889.741,6533.6,-356.1409999999996,0.0,-356.1409999999996,-41.92754447840956,
2016-01-05,IC,q1,IC1603,2016-03-18,6889.741,6364.6,-525.1409999999996,0.06314866650874423,-525.0778513334909,-38.10577577106969,0.0
2016-01-05,IC,q2,IC1606,2016-06-17,6889.741,6030.0,-859.741,11.59061891594581,-848.1503810840542,-27.398007599683872,0.0
2016-01-06,IC,current,IC1601,2016-01-15,7065.607,6814.4,-251.20700000000033,0.0,-251.20700000000033,-144.18916088093295,
2016-01-06,IC,next,IC1602,2016-02-19,7065.607,6632.2,-433.40700000000015,0.0,-433.40700000000015,-50.88463125930751,
2016-01-06,IC,q1,IC1603,2016-03-18,7065.607,6468.0,-597.607,0.06476058535797627,-597.542239414642,-42.87256828636873,0.0
2016-01-06,IC,q2,IC1606,2016-06-17,7065.607,6120.6,-945.0069999999996,11.886478482549508,-933.1205215174501,-29.572873332835336,0.0
2016-01-07,IC,current,IC1601,2016-01-15,6462.243,6360.0,-102.2430000000004,0.0,-102.2430000000004,-72.18603316217012,
2016-01-07,IC,next,IC1602,2016-02-19,6462.243,6327.0,-135.2430000000004,0.0,-135.2430000000004,-17.764619915666238,
2016-01-07,IC,q1,IC1603,2016-03-18,6462.243,6039.2,-423.0430000000006,0.05923038734046271,-422.9837696126601,-33.64921478319501,0.0
2016-01-07,IC,q2,IC1606,2016-06-17,6462.243,5820.0,-642.2430000000004,10.871438557013741,-631.3715614429866,-22.013017630341267,0.0
2016-01-08,IC,current,IC1601,2016-01-15,6570.432,6399.8,-170.6319999999996,0.0,-170.6319999999996,-135.41331833279727,
2016-01-08,IC,next,IC1602,2016-02-19,6570.432,6182.2,-388.23199999999997,0.0,-388.23199999999997,-51.350062710959534,
2016-01-08,IC,q1,IC1603,2016-03-18,6570.432,6025.6,-544.8319999999994,0.06022200532449353,-544.771777994675,-43.233012677760954,0.0
2016-01-08,IC,q2,IC1606,2016-06-17,6570.432,5685.8,-884.6319999999996,11.053445031552807,-873.5785549684468,-30.14220558880021,0.0
2016-01-11,IC,current,IC1601,2016-01-15,6128.656,5940.4,-188.2560000000003,0.0,-188.2560000000003,-280.2957124694228,
2016-01-11,IC,next,IC1602,2016-02-19,6128.656,5700.0,-428.65599999999995,0.0,-428.65599999999995,-65.45938477898763,
2016-01-11,IC,q1,IC1603,2016-03-18,6128.656,5512.6,-616.0559999999996,0.05617285960253287,-615.9998271403971,-54.75621333330752,0.0
2016-01-11,IC,q2,IC1606,2016-06-17,6128.656,5193.8,-934.8559999999998,10.310244777405245,-924.5457552225945,-34.84969177047055,0.0
2016-01-12,IC,current,IC1601,2016-01-15,6136.663,6074.8,-61.862999999999374,0.0,-61.862999999999374,-122.65077942197453,
2016-01-12,IC,next,IC1602,2016-02-19,6136.663,5820.4,-316.2629999999999,0.0,-316.2629999999999,-49.50230022579475,
2016-01-12,IC,q1,IC1603,2016-03-18,6136.663,5609.0,-527.6629999999996,0.056246248627277846,-527.6067537513723,-47.54742486396204,0.0
2016-01-12,IC,q2,IC1606,2016-06-17,6136.663,5205.2,-931.4629999999997,10.323714962374458,-921.1392850376253,-34.896851260732056,0.0
2016-01-13,IC,current,IC1601,2016-01-15,5924.044,5904.4,-19.644000000000233,0.0,-19.644000000000233,-60.516599809185124,
2016-01-13,IC,next,IC1602,2016-02-19,5924.044,5630.0,-294.04399999999987,0.0,-294.04399999999987,-48.96493551236829,
2016-01-13,IC,q1,IC1603,2016-03-18,5924.044,5422.8,-501.2439999999997,0.05429746618038722,-501.1897025338193,-47.50763068264856,0.0
2016-01-13,IC,q2,IC1606,2016-06-17,5924.044,5098.0,-826.0439999999999,9.966025783160104,-816.0779742168397,-32.23158384550799,0.0
2016-01-14,IC,current,IC1601,2016-01-15,6124.82,6078.0,-46.81999999999971,0.0,-46.81999999999971,-279.01717928036896,
2016-01-14,IC,next,IC1602,2016-02-19,6124.82,5800.0,-324.8199999999997,0.0,-324.8199999999997,-53.769970201391814,
2016-01-14,IC,q1,IC1603,2016-03-18,6124.82,5555.0,-569.8199999999997,0.05613770032953152,-569.7638622996702,-53.05355140522998,0.0
2016-01-14,IC,q2,IC1606,2016-06-17,6124.82,5183.6,-941.2199999999993,10.303791470356174,-930.9162085296432,-35.79137873948525,0.0
2016-01-15,IC,current,IC1601,2016-01-15,5893.682,5942.8,49.11800000000039,0.0,49.11800000000039,,
2016-01-15,IC,next,IC1602,2016-02-19,5893.682,5570.0,-323.6819999999998,0.0,-323.6819999999998,-57.27388849861352,
2016-01-15,IC,q1,IC1603,2016-03-18,5893.682,5327.6,-566.0819999999994,0.0540191799846451,-566.0279808200148,-55.64210047821439,0.0
2016-01-15,IC,q2,IC1606,2016-06-17,5893.682,4882.8,-1010.8819999999996,9.914947756928647,-1000.967052243071,-40.2536463544716,0.0
2016-01-18,IC,current,IC1602,2016-02-19,5978.908,5695.2,-283.70800000000054,0.0,-283.70800000000054,-54.124338006204574,
2016-01-18,IC,next,IC1603,2016-03-18,5978.908,5480.6,-498.308,0.05480032810790173,-498.2531996718921,-50.695550057034,0.0
2016-01-18,IC,q1,IC1603,2016-03-18,5978.908,5480.6,-498.308,0.05480032810790173,-498.2531996718921,-50.695550057034,0.0
2016-01-18,IC,q2,IC1606,2016-06-17,5978.908,4983.2,-995.7080000000005,10.096700610964552,-985.6112993890359,-39.84737529192944,0.013045036325184141
2016-01-19,IC,current,IC1602,2016-02-19,6197.095,5928.8,-268.2950000000001,0.0,-268.2950000000001,-50.97480768109117,
2016-01-19,IC,next,IC1603,2016-03-18,6197.095,5726.6,-470.4949999999999,0.05680014466117179,-470.4381998553387,-46.962940152671756,0.0
2016-01-19,IC,q1,IC1603,2016-03-18,6197.095,5726.6,-470.4949999999999,0.05680014466117179,-470.4381998553387,-46.962940152671756,0.0
2016-01-19,IC,q2,IC1606,2016-06-17,6197.095,5235.0,-962.0950000000003,10.465157328513062,-951.6298426714872,-37.366421156481955,0.013045036325184141
2016-01-20,IC,current,IC1602,2016-02-19,6138.503,5835.0,-303.5029999999997,0.0,-303.5029999999997,-60.15505463356995,
2016-01-20,IC,next,IC1603,2016-03-18,6138.503,5621.8,-516.7029999999995,0.05626311334634001,-516.6467368866532,-52.96586743448475,0.0
2016-01-20,IC,q1,IC1603,2016-03-18,6138.503,5621.8,-516.7029999999995,0.05626311334634001,-516.6467368866532,-52.96586743448475,0.0
2016-01-20,IC,q2,IC1606,2016-06-17,6138.503,5116.6,-1021.9029999999993,10.36621185515946,-1011.5367881448399,-40.36693781985024,0.013045036325184141
2016-01-21,IC,current,IC1602,2016-02-19,5886.884,5679.0,-207.88400000000001,0.0,-207.88400000000001,-44.44577189703004,
2016-01-21,IC,next,IC1603,2016-03-18,5886.884,5489.0,-397.884,0.053956872180196944,-397.8300431278198,-43.274305573308645,0.0
2016-01-21,IC,q1,IC1603,2016-03-18,5886.884,5489.0,-397.884,0.053956872180196944,-397.8300431278198,-43.274305573308645,0.0
2016-01-21,IC,q2,IC1606,2016-06-17,5886.884,4981.2,-905.6840000000002,9.941297855641439,-895.7427021443588,-37.525712712969195,0.013045036325184141
2016-01-22,IC,current,IC1602,2016-02-19,5980.611,5779.8,-200.8109999999997,0.0,-200.8109999999997,-43.77002318707181,
2016-01-22,IC,next,IC1603,2016-03-18,5980.611,5567.8,-412.8109999999997,0.05481593713864242,-412.75618406286105,-44.98346143149214,0.0
2016-01-22,IC,q1,IC1603,2016-03-18,5980.611,5567.8,-412.8109999999997,0.05481593713864242,-412.75618406286105,-44.98346143149214,0.0
2016-01-22,IC,q2,IC1606,2016-06-17,5980.611,5038.0,-942.6109999999999,10.099576500866265,-932.5114234991336,-38.71543427474589,0.013045036325184141
2016-01-25,IC,current,IC1602,2016-02-19,6041.326,5800.0,-241.32600000000002,0.0,-241.32600000000002,-58.32096463590941,
2016-01-25,IC,next,IC1603,2016-03-18,6041.326,5598.0,-443.326,0.05537242703965298,-443.2706275729604,-50.530509569103955,0.0
2016-01-25,IC,q1,IC1603,2016-03-18,6041.326,5598.0,-443.326,0.05537242703965298,-443.2706275729604,-50.530509569103955,0.0
2016-01-25,IC,q2,IC1606,2016-06-17,6041.326,5008.6,-1032.7259999999997,10.20210712645788,-1022.5238928735417,-42.90140995569088,0.013045036325184141
2016-01-26,IC,current,IC1602,2016-02-19,5589.307,5401.2,-188.10699999999997,0.0,-188.10699999999997,-51.18333915695332,
2016-01-26,IC,next,IC1603,2016-03-18,5589.307,5202.0,-387.3069999999998,0.051229397993043525,-387.25577060200675,-48.63282014338769,0.0
2016-01-26,IC,q1,IC1603,2016-03-18,5589.307,5202.0,-387.3069999999998,0.051229397993043525,-387.25577060200675,-48.63282014338769,0.0
2016-01-26,IC,q2,IC1606,2016-06-17,5589.307,4661.0,-928.3069999999998,9.438773669333672,-918.8682263306661,-41.96160553212647,0.013045036325184141
2016-01-27,IC,current,IC1602,2016-02-19,5514.189,5280.4,-233.78900000000067,0.0,-233.78900000000067,-67.28332638958705,
2016-01-27,IC,next,IC1603,2016-03-18,5514.189,5090.0,-424.1890000000003,0.05054089583733059,-424.13845910416296,-55.04890631652037,0.0
2016-01-27,IC,q1,IC1603,2016-03-18,5514.189,5090.0,-424.1890000000003,0.05054089583733059,-424.13845910416296,-55.04890631652037,0.0
2016-01-27,IC,q2,IC1606,2016-06-17,5514.189,4643.8,-870.3890000000001,9.311920411766499,-861.0770795882336,-40.13884779661164,0.013045036325184141
2016-01-28,IC,current,IC1602,2016-02-19,5271.233,5155.0,-116.23300000000017,0.0,-116.23300000000017,-36.583682344598294,
2016-01-28,IC,next,IC1603,2016-03-18,5271.233,4978.0,-293.2330000000002,0.04831405633490249,-293.1846859436653,-40.60242086412717,0.0
2016-01-28,IC,q1,IC1603,2016-03-18,5271.233,4978.0,-293.2330000000002,0.04831405633490249,-293.1846859436653,-40.60242086412717,0.0
2016-01-28,IC,q2,IC1606,2016-06-17,5271.233,4566.0,-705.2330000000002,8.901635792294599,-696.3313642077055,-34.196172213187815,0.013045036325184141
2016-01-29,IC,current,IC1602,2016-02-19,5469.125,5329.8,-139.32499999999982,0.0,-139.32499999999982,-44.277671299818294,
2016-01-29,IC,next,IC1603,2016-03-18,5469.125,5160.0,-309.125,0.050127856870038484,-309.07487214312994,-42.09617470699102,0.0
2016-01-29,IC,q1,IC1603,2016-03-18,5469.125,5160.0,-309.125,0.050127856870038484,-309.07487214312994,-42.09617470699102,0.0
2016-01-29,IC,q2,IC1606,2016-06-17,5469.125,4751.8,-717.3249999999998,9.235819940521163,-708.0891800594786,-33.754753237715576,0.013045036325184141
2016-02-01,IC,current,IC1602,2016-02-19,5399.477,5323.0,-76.47699999999986,0.0,-76.47699999999986,-28.72099670229373,
2016-02-01,IC,next,IC1603,2016-03-18,5399.477,5154.8,-244.67699999999968,0.04948949059110274,-244.62751050940858,-35.9491505565922,0.0
2016-02-01,IC,q1,IC1603,2016-03-18,5399.477,5154.8,-244.67699999999968,0.04948949059110274,-244.62751050940858,-35.9491505565922,0.0
2016-02-01,IC,q2,IC1606,2016-06-17,5399.477,4751.4,-648.0770000000002,9.118203980524378,-638.9587960194758,-31.527784606658177,0.013045036325184141
2016-02-02,IC,current,IC1602,2016-02-19,5586.627,5523.6,-63.027000000000044,0.0,-63.027000000000044,-24.222608108718966,
2016-02-02,IC,next,IC1603,2016-03-18,5586.627,5346.2,-240.4270000000006,0.05827860919266452,-240.36872139080793,-34.89865005908848,0.5241811412710977
2016-02-02,IC,q1,IC1603,2016-03-18,5586.627,5346.2,-240.4270000000006,0.05827860919266452,-240.36872139080793,-34.89865005908848,0.5241811412710977
2016-02-02,IC,q2,IC1606,2016-06-17,5586.627,4939.0,-647.6270000000004,9.441321675169698,-638.1856783248307,-30.65853044460975,0.01627088449283901
2016-02-03,IC,current,IC1602,2016-02-19,5610.173,5556.8,-53.37299999999959,0.0,-53.37299999999959,-21.70292364424396,
2016-02-03,IC,next,IC1603,2016-03-18,5610.173,5362.0,-248.17299999999977,0.09062410377224149,-248.08237589622755,-36.68257775251359,1.0
2016-02-03,IC,q1,IC1603,2016-03-18,5610.173,5362.0,-248.17299999999977,0.09062410377224149,-248.08237589622755,-36.68257775251359,1.0
2016-02-03,IC,q2,IC1606,2016-06-17,5610.173,4948.2,-661.973,9.596327849083623,-652.3766721509163,-31.439907908442922,0.0531201185407126
2016-02-04,IC,current,IC1602,2016-02-19,5721.485,5695.0,-26.484999999999673,0.0,-26.484999999999673,-11.264004595543385,
2016-02-04,IC,next,IC1603,2016-03-18,5721.485,5524.8,-196.6849999999995,0.09242218562089317,-196.5925778143786,-29.166395633564964,1.0
2016-02-04,IC,q1,IC1603,2016-03-18,5721.485,5524.8,-196.6849999999995,0.09242218562089317,-196.5925778143786,-29.166395633564964,1.0
2016-02-04,IC,q2,IC1606,2016-06-17,5721.485,5075.0,-646.4849999999997,9.78672954356563,-636.698270456434,-30.311886949790868,0.0531201185407126
2016-02-05,IC,current,IC1602,2016-02-19,5664.197,5617.0,-47.197000000000116,0.0,-47.197000000000116,-21.724053988336163,
2016-02-05,IC,next,IC1603,2016-03-18,5664.197,5458.0,-206.19700000000012,0.09149678213388766,-206.10550321786624,-31.62239887562139,1.0
2016-02-05,IC,q1,IC1603,2016-03-18,5664.197,5458.0,-206.19700000000012,0.09149678213388766,-206.10550321786624,-31.62239887562139,1.0
2016-02-05,IC,q2,IC1606,2016-06-17,5664.197,5012.0,-652.1970000000001,9.688737123399923,-642.5082628766002,-31.130177075668968,0.05782935097009895
2016-02-15,IC,current,IC1602,2016-02-19,5668.04,5651.4,-16.640000000000327,0.0,-16.640000000000327,-26.788801772747366,
2016-02-15,IC,next,IC1603,2016-03-18,5668.04,5480.0,-188.03999999999996,0.0915588601537271,-187.94844113984624,-37.822367286599444,1.0
2016-02-15,IC,q1,IC1603,2016-03-18,5668.04,5480.0,-188.03999999999996,0.0915588601537271,-187.94844113984624,-37.822367286599444,1.0
2016-02-15,IC,q2,IC1606,2016-06-17,5668.04,5030.0,-638.04,9.695310661849456,-628.3446893381505,-32.89673492737239,0.05782935097009895
2016-02-16,IC,current,IC1602,2016-02-19,5902.534,5881.0,-21.53399999999965,0.0,-21.53399999999965,-44.38720725708582,
2016-02-16,IC,next,IC1603,2016-03-18,5902.534,5706.0,-196.53399999999965,0.09534676626463812,-196.438653233735,-39.184979257357824,1.0
2016-02-16,IC,q1,IC1603,2016-03-18,5902.534,5706.0,-196.53399999999965,0.09534676626463812,-196.438653233735,-39.184979257357824,1.0
2016-02-16,IC,q2,IC1606,2016-06-17,5902.534,5258.0,-644.5339999999997,10.096417954377335,-634.4375820456223,-32.157585845118604,0.05782935097009895
2016-02-17,IC,current,IC1602,2016-02-19,5971.412,5947.0,-24.412000000000262,0.0,-24.412000000000262,-74.6086520240112,
2016-02-17,IC,next,IC1603,2016-03-18,5971.412,5771.4,-200.01200000000063,0.09645938917655626,-199.91554061082408,-40.73250588132857,1.0
2016-02-17,IC,q1,IC1603,2016-03-18,5971.412,5771.4,-200.01200000000063,0.09645938917655626,-199.91554061082408,-40.73250588132857,1.0
2016-02-17,IC,q2,IC1606,2016-06-17,5971.412,5304.8,-666.6120000000001,10.21423533177179,-656.3977646682283,-33.15870423668492,0.05782935097009895
2016-02-18,IC,current,IC1602,2016-02-19,5957.131,5950.2,-6.931000000000495,0.0,-6.931000000000495,-42.46700299187949,
2016-02-18,IC,next,IC1603,2016-03-18,5957.131,5746.0,-211.1310000000003,0.09622870059957808,-211.03477129940075,-44.58735747024421,1.0
2016-02-18,IC,q1,IC1603,2016-03-18,5957.131,5746.0,-211.1310000000003,0.09622870059957808,-211.03477129940075,-44.58735747024421,1.0
2016-02-18,IC,q2,IC1606,2016-06-17,5957.131,5258.2,-698.9310000000005,10.189807358158008,-688.7411926418425,-35.166611706523454,0.05782935097009895
2016-02-19,IC,current,IC1602,2016-02-19,5979.516,5969.2,-10.315999999999804,0.0,-10.315999999999804,,
2016-02-19,IC,next,IC1603,2016-03-18,5979.516,5767.8,-211.71599999999944,0.0965902973922156,-211.61940970260721,-46.13433866879362,1.0
2016-02-19,IC,q1,IC1603,2016-03-18,5979.516,5767.8,-211.71599999999944,0.0965902973922156,-211.61940970260721,-46.13433866879362,1.0
2016-02-19,IC,q2,IC1606,2016-06-17,5979.516,5291.0,-688.5159999999996,10.232771645387496,-678.2832283546121,-34.79292567422287,0.05978595960093414
2016-02-22,IC,current,IC1603,2016-03-18,6103.723,5869.2,-234.52300000000014,0.098596679023805,-234.42440332097632,-56.07391240536725,1.0
2016-02-22,IC,next,IC1604,2016-04-15,6103.723,5703.8,-399.9229999999998,0.8330923891349662,-399.0899076108648,-45.02906445353437,0.27975061268983176
2016-02-22,IC,q1,IC1606,2016-06-17,6103.723,5380.0,-723.723,10.445327622787449,-713.2776723772125,-36.770428307569134,0.07769203847223388
2016-02-22,IC,q2,IC1609,2016-09-16,6103.723,4989.6,-1114.1229999999996,16.78911244879543,-1097.3338875512043,-31.700527864982973,0.049480497265091135
2016-02-23,IC,current,IC1603,2016-03-18,6070.5,5845.0,-225.5,0.09806001026160727,-225.4019399897384,-56.469612673485514,1.0
2016-02-23,IC,next,IC1604,2016-04-15,6070.5,5655.0,-415.5,0.8304862992664644,-414.66951370073355,-47.94763214941354,0.2899614735785479
2016-02-23,IC,q1,IC1606,2016-06-17,6070.5,5340.0,-730.5,10.396224464055827,-720.1037755359441,-37.65005791667037,0.08653481807770329
2016-02-23,IC,q2,IC1609,2016-09-16,6070.5,4960.0,-1110.5,16.705479616408162,-1093.7945203835918,-31.925442390104863,0.054996663558286064
2016-02-24,IC,current,IC1603,2016-03-18,6111.043,5881.8,-229.24299999999948,0.09871492287111823,-229.14428507712836,-59.50572064742457,1.0
2016-02-24,IC,next,IC1604,2016-04-15,6111.043,5688.2,-422.84299999999985,0.8360328614987617,-422.00696713850107,-49.42275715103544,0.2899614735785479
2016-02-24,IC,q1,IC1606,2016-06-17,6111.043,5349.0,-762.0429999999997,10.465657645580613,-751.5773423544191,-39.377337915558996,0.08653481807770329
2016-02-24,IC,q2,IC1609,2016-09-16,6111.043,4949.4,-1161.643,16.81705037006734,-1144.8259496299327,-33.35516771889883,0.054996663558286064
2016-02-25,IC,current,IC1603,2016-03-18,5626.052,5361.0,-265.0519999999997,0.09088060569184352,-264.96111939430784,-78.13553526516412,1.0
2016-02-25,IC,next,IC1604,2016-04-15,5626.052,5160.0,-466.0519999999997,0.7696827452369147,-465.28231725476275,-60.37201426435036,0.2899614735785479
2016-02-25,IC,q1,IC1606,2016-06-17,5626.052,4834.6,-791.4519999999993,9.640031723069502,-781.8119682769299,-44.886215847886426,0.08740114989268659
2016-02-25,IC,q2,IC1609,2016-09-16,5626.052,4457.8,-1168.2519999999995,15.48735856079327,-1152.7646414392061,-36.660602835623244,0.055546009229432744
2016-02-26,IC,current,IC1603,2016-03-18,5648.938,5417.8,-231.13799999999992,0.09125029540353895,-231.04674970459638,-71.08969074168301,1.0
2016-02-26,IC,next,IC1604,2016-04-15,5648.938,5237.6,-411.33799999999974,0.7804132383109235,-410.5575867616888,-54.13823067382859,0.31677271243675253
2016-02-26,IC,q1,IC1606,2016-06-17,5648.938,4910.0,-738.9380000000001,9.686845566725177,-729.2511544332749,-42.07122512107354,0.08972008941800941
2016-02-26,IC,q2,IC1609,2016-09-16,5648.938,4538.0,-1110.938,15.55795851982935,-1095.3800414801708,-34.86541523992863,0.05700540977600899
2016-02-29,IC,current,IC1603,2016-03-18,5350.434,5075.2,-275.2340000000004,0.08642840176987931,-275.1475715982305,-104.2790419050888,1.0
2016-02-29,IC,next,IC1604,2016-04-15,5350.434,4923.4,-427.03400000000056,0.866738356335863,-426.1672616436647,-63.20131368942407,0.7247980513686858
2016-02-29,IC,q1,IC1606,2016-06-17,5350.434,4622.8,-727.634,9.37168508790959,-718.2623149120905,-44.953181752679946,0.15758239387811337
2016-02-29,IC,q2,IC1609,2016-09-16,5350.434,4255.6,-1094.8339999999998,14.93255376130076,-1079.901446238699,-36.83477152293862,0.10002682989649285
2016-03-01,IC,current,IC1603,2016-03-18,5473.635,5227.4,-246.23500000000058,0.08841853294922868,-246.14658146705136,-96.55214306771164,1.0
2016-03-01,IC,next,IC1604,2016-04-15,5473.635,5040.0,-433.6350000000002,0.8866961826054581,-432.74830381739474,-64.12684761420441,0.7247980513686858
2016-03-01,IC,q1,IC1606,2016-06-17,5473.635,4735.0,-738.6350000000002,9.587480848499395,-729.0475191515009,-45.014155988340235,0.15758239387811337
2016-03-01,IC,q2,IC1609,2016-09-16,5473.635,4371.0,-1102.6350000000002,15.347622244233946,-1087.2873777557663,-36.43412135622411,0.10914073202767839
2016-03-02,IC,current,IC1603,2016-03-18,5753.148,5587.8,-165.34799999999996,0.09293365487464711,-165.2550663451253,-65.52727656229547,1.0
2016-03-02,IC,next,IC1604,2016-04-15,5753.148,5403.8,-349.34799999999996,0.9319756194127351,-348.4160243805872,-50.238048684948545,0.7247980513686858
2016-03-02,IC,q1,IC1606,2016-06-17,5753.148,5100.0,-653.1480000000001,10.077068761176548,-643.0709312388236,-38.12961489354698,0.15758239387811337
2016-03-02,IC,q2,IC1609,2016-09-16,5753.148,4678.8,-1074.348,16.131353701730212,-1058.2166462982698,-33.90757388094559,0.10914073202767839
2016-03-03,IC,current,IC1603,2016-03-18,5776.977,5603.8,-173.17699999999968,0.0933185773661262,-173.08368142263356,-72.90496248500585,1.0
2016-03-03,IC,next,IC1604,2016-04-15,5776.977,5423.0,-353.97699999999986,0.9358357751109696,-353.0411642248889,-51.87392586286889,0.8457515841367987
2016-03-03,IC,q1,IC1606,2016-06-17,5776.977,5068.0,-708.9769999999999,10.118807035858525,-698.8581929641414,-41.655794448411285,0.1687687563306565
2016-03-03,IC,q2,IC1609,2016-09-16,5776.977,4658.6,-1118.3769999999995,16.19816825740626,-1102.1788317425933,-35.34907595696554,0.11612872235422053
2016-03-04,IC,current,IC1603,2016-03-18,5621.561,5452.0,-169.5609999999997,0.09080806018388125,-169.4701919398158,-78.59614089654453,1.0
2016-03-04,IC,next,IC1604,2016-04-15,5621.561,5267.8,-353.7609999999995,0.9106593112225645,-352.85034068877695,-54.547793478665966,0.8457515841367987
2016-03-04,IC,q1,IC1606,2016-06-17,5621.561,4907.8,-713.7609999999995,9.846584294745831,-703.9144157052536,-43.52777792374373,0.1687687563306565
2016-03-04,IC,q2,IC1609,2016-09-16,5621.561,4500.0,-1121.5609999999997,15.762394578907442,-1105.7986054210924,-36.63160127793348,0.11612872235422053
2016-03-07,IC,current,IC1603,2016-03-18,5752.548,5595.0,-157.54799999999977,0.09292396275601487,-157.45507603724377,-90.82315705791902,1.0
2016-03-07,IC,next,IC1604,2016-04-15,5752.548,5404.2,-348.34799999999996,1.0776813439929642,-347.27031865600696,-56.49833791798737,0.9284488872287208
2016-03-07,IC,q1,IC1606,2016-06-17,5752.548,5052.0,-700.5479999999998,10.301075697083673,-690.2469243029161,-42.937516535820706,0.2074611107080306
2016-03-07,IC,q2,IC1609,2016-09-16,5752.548,4643.2,-1109.348,16.330358663068328,-1093.0176413369315,-35.93374452521316,0.1530773074450514
2016-03-08,IC,current,IC1603,2016-03-18,5764.325,5661.0,-103.32499999999982,0.09311420289123454,-103.23188579710859,-65.36695678322204,1.0
2016-03-08,IC,next,IC1604,2016-04-15,5764.325,5470.2,-294.125,1.0798876451291226,-293.04511235487087,-48.830963231659645,0.9284488872287208
2016-03-08,IC,q1,IC1606,2016-06-17,5764.325,5131.2,-633.125,10.309397907899356,-622.8156020921007,-39.046536326201505,0.22172338750930642
2016-03-08,IC,q2,IC1609,2016-09-16,5764.325,4748.8,-1015.5249999999996,16.35102442416649,-999.1739755758332,-32.952190582915456,0.16202727740333647
2016-03-09,IC,current,IC1603,2016-03-18,5617.038,5500.0,-117.03799999999956,0.09073499776292528,-116.94726500223663,-84.43705210590502,1.0
2016-03-09,IC,next,IC1604,2016-04-15,5617.038,5323.0,-294.03799999999956,1.052294924110073,-292.9857050758895,-51.455311285250374,0.9284488872287208
2016-03-09,IC,q1,IC1606,2016-06-17,5617.038,4990.0,-627.0379999999996,10.045977595952898,-616.9920224040467,-40.09267663446056,0.22172338750930642
2016-03-09,IC,q2,IC1609,2016-09-16,5617.038,4621.6,-995.4379999999992,15.93323164975453,-979.5047683502447,-33.32412000809148,0.16202727740333647
2016-03-10,IC,current,IC1603,2016-03-18,5521.948,5396.0,-125.94800000000032,0.08919895849502706,-125.85880104150529,-103.99061703439942,1.0
2016-03-10,IC,next,IC1604,2016-04-15,5521.948,5196.2,-325.7480000000005,1.0473085711313002,-324.7006914288692,-59.618530137239645,0.9345864901363228
2016-03-10,IC,q1,IC1606,2016-06-17,5521.948,4879.0,-642.9480000000003,9.888738528061827,-633.0592614719385,-42.26780781081435,0.22329018909639514
2016-03-10,IC,q2,IC1609,2016-09-16,5521.948,4480.0,-1041.9480000000003,15.640830711116756,-1026.3071692888836,-35.70461164014493,0.17611424212902443
2016-03-11,IC,current,IC1603,2016-03-18,5508.982,5413.2,-95.78200000000015,0.08898951181138451,-95.69301048818876,-90.57402938429561,1.0
2016-03-11,IC,next,IC1604,2016-04-15,5508.982,5232.2,-276.78200000000015,1.1003146346358936,-275.6816853653643,-52.18688584173366,0.9935932795741128
2016-03-11,IC,q1,IC1606,2016-06-17,5508.982,4890.4,-618.5820000000003,9.961096655834691,-608.6209033441656,-41.14739064473189,0.24575650672024824
2016-03-11,IC,q2,IC1609,2016-09-16,5508.982,4481.4,-1027.5820000000003,15.656589532302625,-1011.9254104676977,-35.47384046315382,0.19354288525539473
2016-03-14,IC,current,IC1603,2016-03-18,5690.59,5629.6,-60.98999999999978,0.0919231222789885,-60.89807687772079,-97.6515530918942,1.0
2016-03-14,IC,next,IC1604,2016-04-15,5690.59,5444.8,-245.78999999999996,1.136587387054935,-244.65341261294503,-49.038465038184164,0.9935932795741128
2016-03-14,IC,q1,IC1606,2016-06-17,5690.59,5095.4,-595.1900000000005,10.289472178113185,-584.9005278218873,-39.49062217394512,0.24575650672024824
2016-03-14,IC,q2,IC1609,2016-09-16,5690.59,4676.6,-1013.9899999999998,16.172721534872686,-997.8172784651271,-34.40912618484571,0.19354288525539473
2016-03-15,IC,current,IC1603,2016-03-18,5639.801,5608.0,-31.801000000000386,0.030839311604766547,-31.77016068839562,-68.53733935685794,1.0
2016-03-15,IC,next,IC1604,2016-04-15,5639.801,5400.6,-239.20100000000002,1.0649499176342434,-238.13605008236578,-49.71558295262861,1.0
2016-03-15,IC,q1,IC1606,2016-06-17,5639.801,5059.4,-580.4010000000007,10.212377760390007,-570.1886222396107,-39.25724131903935,0.2770818344981838
2016-03-15,IC,q2,IC1609,2016-09-16,5639.801,4631.0,-1008.8010000000004,16.04311861599577,-992.7578813840046,-34.729673417139175,0.21353125017615124
2016-03-16,IC,current,IC1603,2016-03-18,5562.804,5565.4,2.595999999999549,0.030418279998220107,2.626418279997769,8.61654187527716,1.0
2016-03-16,IC,next,IC1604,2016-04-15,5562.804,5350.4,-212.40400000000045,1.0504107612334974,-211.35358923876694,-46.22612389492178,1.0
2016-03-16,IC,q1,IC1606,2016-06-17,5562.804,5006.0,-556.8040000000001,10.067711176553512,-546.7362888234466,-38.573945109541455,0.2791229682839404
2016-03-16,IC,q2,IC1609,2016-09-16,5562.804,4565.0,-997.8040000000001,15.81884823875254,-981.9851517612475,-35.01758602402901,0.21480924227379677
2016-03-17,IC,current,IC1603,2016-03-18,5745.975,5760.0,14.024999999999636,0.0,14.024999999999636,89.09062430657751,
2016-03-17,IC,next,IC1604,2016-04-15,5745.975,5577.6,-168.375,1.053578608443848,-167.32142139155616,-36.65073425935966,1.0
2016-03-17,IC,q1,IC1606,2016-06-17,5745.975,5226.0,-519.9750000000004,10.51915541057536,-509.455844589425,-35.176113501594806,0.3020095836834716
2016-03-17,IC,q2,IC1609,2016-09-16,5745.975,4780.0,-965.9750000000004,16.46166391778713,-949.5133360822132,-32.959385912738846,0.23353062965539412
2016-03-18,IC,current,IC1603,2016-03-18,5949.263,5944.6,-4.662999999999556,0.0,-4.662999999999556,,
2016-03-18,IC,next,IC1604,2016-04-15,5949.263,5799.6,-149.66299999999956,1.0908533769824047,-148.57214662301715,-32.55435260120291,1.0
2016-03-18,IC,q1,IC1606,2016-06-17,5949.263,5514.0,-435.2629999999999,10.901687074825311,-424.3613129251746,-28.610410446331656,0.308342112633694
2016-03-18,IC,q2,IC1609,2016-09-16,5949.263,5149.2,-800.0630000000001,17.06971733041493,-782.9932826695851,-26.394676554607845,0.23896197498589267
2016-03-21,IC,current,IC1604,2016-04-15,6099.481,5929.8,-169.68099999999959,1.1183972614238122,-168.56260273857578,-40.34792468380845,1.0
2016-03-21,IC,next,IC1605,2016-05-20,6099.481,5803.6,-295.8809999999994,5.592126252792759,-290.28887374720665,-28.952036771033047,0.519276923504022
2016-03-21,IC,q1,IC1606,2016-06-17,6099.481,5703.0,-396.48099999999977,11.44597789211228,-385.03502210788747,-26.182887726874355,0.34927388663504166
2016-03-21,IC,q2,IC1609,2016-09-16,6099.481,5378.8,-720.6809999999996,17.769749988150735,-702.9112500118489,-23.498895225110168,0.26637762021529066
2016-03-22,IC,current,IC1604,2016-04-15,6075.492,5921.6,-153.89199999999983,1.1139986524430983,-152.77800134755674,-38.24379606613081,1.0
2016-03-22,IC,next,IC1605,2016-05-20,6075.492,5779.6,-295.8919999999998,5.565343639364144,-290.3266563606357,-29.562850824382984,0.5960879585314471
2016-03-22,IC,q1,IC1606,2016-06-17,6075.492,5655.0,-420.4920000000002,11.438761956254432,-409.05323804374575,-28.246978108785303,0.3929578788111237
2016-03-22,IC,q2,IC1609,2016-09-16,6075.492,5338.4,-737.0920000000006,17.73766292492781,-719.3543370750727,-24.279194551715996,0.29472545382407794
2016-03-23,IC,current,IC1604,2016-04-15,6118.966,5949.2,-169.76600000000053,1.1219700196041957,-168.64402998039634,-43.73790330421175,1.0
2016-03-23,IC,next,IC1605,2016-05-20,6118.966,5803.0,-315.96600000000035,5.605167204168068,-310.36083279583227,-31.919327989029846,0.5960879585314471
2016-03-23,IC,q1,IC1606,2016-06-17,6118.966,5687.8,-431.16600000000017,11.520613555645264,-419.6453864443549,-29.10709249945352,0.3929578788111237
2016-03-23,IC,q2,IC1609,2016-09-16,6118.966,5354.8,-764.1660000000002,17.860977643953053,-746.3050223560471,-25.151154342492127,0.29658787023217476
2016-03-24,IC,current,IC1604,2016-04-15,6018.424,5843.4,-175.02400000000034,1.1035346974090658,-173.92046530259128,-47.94442247478577,1.0
2016-03-24,IC,next,IC1605,2016-05-20,6018.424,5697.2,-321.22400000000016,5.513067538792992,-315.71093246120716,-33.59114820440508,0.5960879585314471
2016-03-24,IC,q1,IC1606,2016-06-17,6018.424,5560.0,-458.424,11.331315963844347,-447.0926840361556,-31.899855915610974,0.3929578788111237
2016-03-24,IC,q2,IC1609,2016-09-16,6018.424,5216.2,-802.2240000000002,17.567500214224182,-784.656499785776,-27.038151216034166,0.29658787023217476
2016-03-25,IC,current,IC1604,2016-04-15,6077.431,5910.4,-167.03099999999995,1.1143541863467041,-165.91664581365325,-47.45079491802456,1.0
2016-03-25,IC,next,IC1605,2016-05-20,6077.431,5753.8,-323.6309999999994,5.667291867468638,-317.96370813253077,-34.100626172818075,0.6367221976843828
2016-03-25,IC,q1,IC1606,2016-06-17,6077.431,5620.8,-456.6309999999994,11.661158918958849,-444.96984108104056,-31.814427916950084,0.4354011373377883
2016-03-25,IC,q2,IC1609,2016-09-16,6077.431,5260.2,-817.2309999999998,18.02597301151985,-799.20502698848,-27.427927063335545,0.33659966085615994
2016-03-28,IC,current,IC1604,2016-04-15,6037.778,5857.0,-180.77800000000025,1.1070834355062247,-179.67091656449404,-60.3421808358052,1.0
2016-03-28,IC,next,IC1605,2016-05-20,6037.778,5709.0,-328.77800000000025,6.456319061537742,-322.3216809384625,-36.764560069458405,0.7861372550884927
2016-03-28,IC,q1,IC1606,2016-06-17,6037.778,5575.0,-462.77800000000025,12.380090266637499,-450.3979097333627,-33.61453216416423,0.5448206017241699
2016-03-28,IC,q2,IC1609,2016-09-16,6037.778,5176.4,-861.3780000000006,18.73610305157755,-842.6418969484231,-29.616267617280617,0.4304315989007653
2016-03-29,IC,current,IC1604,2016-04-15,5921.867,5788.8,-133.067,1.0527866026961321,-132.01421339730388,-47.86366895878883,1.0
2016-03-29,IC,next,IC1605,2016-05-20,5921.867,5605.0,-316.8670000000002,6.15768633790406,-310.7093136620961,-36.82859433931156,0.832479087854417
2016-03-29,IC,q1,IC1606,2016-06-17,5921.867,5464.4,-457.46700000000055,12.044615869185082,-445.4223841308155,-34.31754930660965,0.5949462292303102
2016-03-29,IC,q2,IC1609,2016-09-16,5921.867,5084.2,-837.6670000000004,18.56676131027237,-819.100238689728,-29.52399732235057,0.4929554359000185
2016-03-30,IC,current,IC1604,2016-04-15,6137.503,6020.8,-116.70299999999952,1.0911222647194403,-115.61187773528007,-42.971807277912156,1.0
2016-03-30,IC,next,IC1605,2016-05-20,6137.503,5844.4,-293.10300000000007,6.393101952727477,-286.7098980472726,-33.432869816689006,0.8619272404918679
2016-03-30,IC,q1,IC1606,2016-06-17,6137.503,5680.0,-457.5029999999997,12.646691342096045,-444.85630865790364,-33.488354593876494,0.6575958482927367
2016-03-30,IC,q2,IC1609,2016-09-16,6137.503,5278.4,-859.1030000000001,19.743589648188262,-839.3594103518118,-29.362984068737756,0.5678266156503695
2016-03-31,IC,current,IC1604,2016-04-15,6155.814,6020.0,-135.8140000000003,0.973762104734513,-134.8402378952658,-53.301033063238556,1.0
2016-03-31,IC,next,IC1605,2016-05-20,6155.814,5845.6,-310.21399999999994,6.3322120520619265,-303.881787947938,-36.03645353839391,0.893552062172068
2016-03-31,IC,q1,IC1606,2016-06-17,6155.814,5683.8,-472.0140000000001,13.300099360274336,-458.7139006397258,-34.870218903562595,0.7573914483591065
2016-03-31,IC,q2,IC1609,2016-09-16,6155.814,5308.8,-847.0140000000001,20.474883680432416,-826.5391163195677,-28.99907080834786,0.6634871416190041
2016-04-01,IC,current,IC1604,2016-04-15,6124.528,6028.0,-96.52800000000025,0.8437399128127104,-95.68426008718754,-40.731716015880785,1.0
2016-04-01,IC,next,IC1605,2016-05-20,6124.528,5847.6,-276.9279999999999,6.191960770519258,-270.73603922948064,-32.92836984327789,0.9081604518935952
2016-04-01,IC,q1,IC1606,2016-06-17,6124.528,5680.0,-444.52800000000025,13.124434838122916,-431.40356516187734,-33.38975594105156,0.7631623533650861
2016-04-01,IC,q2,IC1609,2016-09-16,6124.528,5290.8,-833.7280000000001,20.28325348283152,-813.4447465171686,-28.856191864399154,0.667244568725842
2016-04-05,IC,current,IC1604,2016-04-15,6286.583,6190.4,-96.18299999999999,0.8660652694068616,-95.31693473059313,-55.341162562661616,1.0
2016-04-05,IC,next,IC1605,2016-05-20,6286.583,6026.2,-260.3829999999998,6.355800041507405,-254.02719995849242,-32.775242832358565,0.9081604518935952
2016-04-05,IC,q1,IC1606,2016-06-17,6286.583,5850.0,-436.58299999999963,13.471707360624567,-423.11129263937505,-33.651929246728706,0.7631623533650861
2016-04-05,IC,q2,IC1609,2016-09-16,6286.583,5440.6,-845.9829999999993,20.81994833395478,-825.1630516660445,-29.212863938314097,0.667244568725842
2016-04-06,IC,current,IC1604,2016-04-15,6323.434,6223.4,-100.03400000000056,0.5508359275861622,-99.4831640724144,-63.803860171249525,1.0
2016-04-06,IC,next,IC1605,2016-05-20,6323.434,6048.0,-275.4340000000002,6.072750695733314,-269.3612493042669,-35.33640107432758,0.9033163923178529
2016-04-06,IC,q1,IC1606,2016-06-17,6323.434,5863.6,-459.83399999999983,13.23037038874529,-446.6036296112545,-35.803841536125766,0.757428535090065
2016-04-06,IC,q2,IC1609,2016-09-16,6323.434,5434.4,-889.0340000000006,20.640282287512818,-868.3937177124877,-30.751686811588986,0.6627443308062034
2016-04-07,IC,current,IC1604,2016-04-15,6228.974,6156.0,-72.97400000000016,0.5265703706954283,-72.44742962930474,-53.06514326174789,1.0
2016-04-07,IC,next,IC1605,2016-05-20,6228.974,5970.4,-258.5740000000005,5.965998301943645,-252.60800169805688,-34.42349754691795,0.9030564983683764
2016-04-07,IC,q1,IC1606,2016-06-17,6228.974,5790.0,-438.97400000000016,13.016696857453134,-425.957303142547,-35.15475425119514,0.7571296767588631
2016-04-07,IC,q2,IC1609,2016-09-16,6228.974,5361.0,-867.9740000000002,20.315918856087666,-847.6580811439125,-30.660698073540022,0.6624781055607245
2016-04-08,IC,current,IC1604,2016-04-15,6168.742,6114.2,-54.54200000000037,0.5214786193784816,-54.02052138062189,-45.66221652862815,1.0
2016-04-08,IC,next,IC1605,2016-05-20,6168.742,5925.8,-242.942,5.867968563662903,-237.0740314363371,-33.398806848749565,0.9471830945245846
2016-04-08,IC,q1,IC1606,2016-06-17,6168.742,5735.6,-433.1419999999998,12.867584988726083,-420.27441501127373,-35.52476142255699,0.7925317398288773
2016-04-08,IC,q2,IC1609,2016-09-16,6168.742,5315.0,-853.7420000000002,20.108753896121492,-833.6332461038787,-30.636941550136655,0.6877006890266213
2016-04-11,IC,current,IC1604,2016-04-15,6304.3,6237.0,-67.30000000000018,0.5329381031250393,-66.76706189687515,-96.64029944783492,1.0
2016-04-11,IC,next,IC1605,2016-05-20,6304.3,6067.0,-237.30000000000018,5.995713350060934,-231.30428664993926,-34.338005613274056,0.9493319249611142
2016-04-11,IC,q1,IC1606,2016-06-17,6304.3,5878.0,-426.3000000000002,13.184309566825645,-413.11569043317456,-35.6987393840188,0.7961148677859229
2016-04-11,IC,q2,IC1609,2016-09-16,6304.3,5424.8,-879.5,21.06185198209418,-858.4381480179059,-31.45632005104569,0.7176917449269028
2016-04-12,IC,current,IC1604,2016-04-15,6252.773,6239.8,-12.972999999999956,0.19515226828282556,-12.77784773171713,-24.86317895583689,1.0
2016-04-12,IC,next,IC1605,2016-05-20,6252.773,6036.8,-215.97299999999996,5.67442360977538,-210.29857639022458,-32.30523749956597,0.954495424370212
2016-04-12,IC,q1,IC1606,2016-06-17,6252.773,5854.0,-398.77300000000014,12.804265199180794,-385.96873480081933,-34.13723900853585,0.7951449714117105
2016-04-12,IC,q2,IC1609,2016-09-16,6252.773,5430.0,-822.7730000000001,20.663963030715244,-802.109036969285,-29.823180636569457,0.7249699644698908
2016-04-13,IC,current,IC1604,2016-04-15,6344.226,6306.0,-38.22599999999966,0.051512356760099985,-38.17448764323956,-109.81393151648791,1.0
2016-04-13,IC,next,IC1605,2016-05-20,6344.226,6131.2,-213.02599999999984,5.628260650251143,-207.3977393497487,-32.24901937547207,0.9669655799935731
2016-04-13,IC,q1,IC1606,2016-06-17,6344.226,5966.0,-378.22599999999966,12.862383236723916,-365.36361676327573,-32.33896826175138,0.7990014927559612
2016-04-13,IC,q2,IC1609,2016-09-16,6344.226,5566.6,-777.6259999999993,20.837036935964957,-756.7889630640343,-27.910293944726632,0.7269155606873292
2016-04-14,IC,current,IC1604,2016-04-15,6401.855,6381.2,-20.654999999999745,0.05198027918400604,-20.60301972081574,-117.46754961019496,1.0
2016-04-14,IC,next,IC1605,2016-05-20,6401.855,6214.6,-187.2549999999992,5.782195858102651,-181.47280414189655,-28.740616548637615,0.9753225367823833
2016-04-14,IC,q1,IC1606,2016-06-17,6401.855,6062.4,-339.4549999999999,13.082030991785413,-326.3729690082145,-29.075101495972238,0.8040152339760165
2016-04-14,IC,q2,IC1609,2016-09-16,6401.855,5674.4,-727.4549999999999,21.17932381034974,-706.2756761896502,-25.979427868875238,0.7362446255957554
2016-04-15,IC,current,IC1604,2016-04-15,6384.35,6376.6,-7.75,0.0,-7.75,,
2016-04-15,IC,next,IC1605,2016-05-20,6384.35,6214.6,-169.75,5.812731849076719,-163.93726815092327,-26.778474092378573,0.9935119216072359
2016-04-15,IC,q1,IC1606,2016-06-17,6384.35,6051.0,-333.35000000000036,13.11921618563182,-320.2307838143685,-29.060207143993228,0.8156559448910216
2016-04-15,IC,q2,IC1609,2016-09-16,6384.35,5655.4,-728.9500000000007,21.39968207665422,-707.5503179233465,-26.267139851825316,0.7572369129084682
2016-04-18,IC,current,IC1605,2016-05-20,6281.202,6093.2,-188.0020000000004,5.718819130512014,-182.2831808694884,-33.10142758969704,0.9935119216072359
2016-04-18,IC,next,IC1606,2016-06-17,6281.202,5912.6,-368.60199999999986,12.915595887303631,-355.6864041126962,-34.448167060257504,0.8231468514285499
2016-04-18,IC,q1,IC1606,2016-06-17,6281.202,5912.6,-368.60199999999986,12.915595887303631,-355.6864041126962,-34.448167060257504,0.8231468514285499
2016-04-18,IC,q2,IC1609,2016-09-16,6281.202,5510.6,-770.6019999999999,21.08463269292846,-749.5173673070714,-28.843958188097446,0.7759807882385997
2016-04-19,IC,current,IC1605,2016-05-20,6308.229,6102.6,-205.6289999999999,5.739859863547622,-199.88914013645228,-37.30894081662636,1.0
2016-04-19,IC,next,IC1606,2016-06-17,6308.229,5932.2,-376.02900000000045,13.203105996313443,-362.825894003687,-35.582108222193995,0.8665746595531385
2016-04-19,IC,q1,IC1606,2016-06-17,6308.229,5932.2,-376.02900000000045,13.203105996313443,-362.825894003687,-35.582108222193995,0.8665746595531385
2016-04-19,IC,q2,IC1609,2016-09-16,6308.229,5527.4,-780.8290000000006,21.33673089652645,-759.4922691034742,-29.296619618889135,0.8137782993379107
2016-04-20,IC,current,IC1605,2016-05-20,6022.213,5791.2,-231.01299999999992,5.218642036310323,-225.7943579636896,-45.61719568135872,1.0
2016-04-20,IC,next,IC1606,2016-06-17,6022.213,5611.4,-410.8130000000001,12.712060770876821,-398.1009392291233,-41.60082669650933,0.8817250605895915
2016-04-20,IC,q1,IC1606,2016-06-17,6022.213,5611.4,-410.8130000000001,12.712060770876821,-398.1009392291233,-41.60082669650933,0.8817250605895915
2016-04-20,IC,q2,IC1609,2016-09-16,6022.213,5175.8,-846.4129999999996,20.519117359905977,-825.8938826400936,-33.59500680015849,0.8260845524948152
2016-04-21,IC,current,IC1605,2016-05-20,5970.682,5788.4,-182.28200000000015,5.1258917214512945,-177.15610827854886,-37.344535042759524,1.0
2016-04-21,IC,next,IC1606,2016-06-17,5970.682,5605.4,-365.28200000000015,12.727992834316634,-352.5540071656835,-37.811135770829274,0.906764125124291
2016-04-21,IC,q1,IC1606,2016-06-17,5970.682,5605.4,-365.28200000000015,12.727992834316634,-352.5540071656835,-37.811135770829274,0.906764125124291
2016-04-21,IC,q2,IC1609,2016-09-16,5970.682,5180.0,-790.6819999999998,20.51235862441528,-770.1696413755845,-31.812192623855946,0.8457771331103605
2016-04-22,IC,current,IC1605,2016-05-20,6011.32,5850.0,-161.3199999999997,5.160779861160684,-156.15922013883903,-33.86356036294634,1.0
2016-04-22,IC,next,IC1606,2016-06-17,6011.32,5677.2,-334.1199999999999,12.826678139716098,-321.2933218602838,-34.83667435503933,0.9142795893787248
2016-04-22,IC,q1,IC1606,2016-06-17,6011.32,5677.2,-334.1199999999999,12.826678139716098,-321.2933218602838,-34.83667435503933,0.9142795893787248
2016-04-22,IC,q2,IC1609,2016-09-16,6011.32,5260.0,-751.3199999999997,20.76577632652393,-730.5542236734758,-30.175754536850757,0.8533084594643621
2016-04-25,IC,current,IC1605,2016-05-20,5978.077,5815.4,-162.6770000000006,4.817313982416647,-157.85968601758395,-38.553391263724535,1.0
2016-04-25,IC,next,IC1606,2016-06-17,5978.077,5640.8,-337.27700000000004,12.665343024899274,-324.61165697510074,-37.3955221613376,0.9292145874501745
2016-04-25,IC,q1,IC1606,2016-06-17,5978.077,5640.8,-337.27700000000004,12.665343024899274,-324.61165697510074,-37.3955221613376,0.9292145874501745
2016-04-25,IC,q2,IC1609,2016-09-16,5978.077,5228.6,-749.4769999999999,20.551127681305385,-728.9258723186945,-30.90667127437323,0.877538085044217
2016-04-26,IC,current,IC1605,2016-05-20,6046.773,5885.0,-161.77300000000014,4.872671282320294,-156.90032871767986,-39.462247040661985,1.0
2016-04-26,IC,next,IC1606,2016-06-17,6046.773,5724.8,-321.97299999999996,12.997704057804267,-308.9752959421957,-35.866550707454095,0.9715658877032045
2016-04-26,IC,q1,IC1606,2016-06-17,6046.773,5724.8,-321.97299999999996,12.997704057804267,-308.9752959421957,-35.866550707454095,0.9715658877032045
2016-04-26,IC,q2,IC1609,2016-09-16,6046.773,5309.2,-737.5730000000003,21.18921904823044,-716.3837809517698,-30.239799448457354,0.9320495817565458
2016-04-27,IC,current,IC1605,2016-05-20,6016.699,5865.8,-150.89899999999943,4.559530434091231,-146.3394695659082,-38.59830375683793,1.0
2016-04-27,IC,next,IC1606,2016-06-17,6016.699,5699.2,-317.4989999999998,12.64415285587251,-304.8548471441273,-36.26248044298646,0.9709161965201444
2016-04-27,IC,q1,IC1606,2016-06-17,6016.699,5699.2,-317.4989999999998,12.64415285587251,-304.8548471441273,-36.26248044298646,0.9709161965201444
2016-04-27,IC,q2,IC1609,2016-09-16,6016.699,5284.4,-732.299,20.973373315931983,-711.325626684068,-30.388879694696474,0.9404045619277959
2016-04-28,IC,current,IC1605,2016-05-20,5990.329,5833.0,-157.32899999999972,4.47050049156087,-152.85849950843885,-42.335929614505,1.0
2016-04-28,IC,next,IC1606,2016-06-17,5990.329,5667.8,-322.52899999999954,12.470037773644364,-310.05896222635516,-37.78474311264695,0.9789970925985112
2016-04-28,IC,q1,IC1606,2016-06-17,5990.329,5667.8,-322.52899999999954,12.470037773644364,-310.05896222635516,-37.78474311264695,0.9789970925985112
2016-04-28,IC,q2,IC1609,2016-09-16,5990.329,5278.0,-712.3289999999997,20.762752910181458,-691.5662470898183,-29.88524807540392,0.9476877887345798
2016-04-29,IC,current,IC1605,2016-05-20,5985.594,5844.8,-140.79399999999987,3.4081365636647787,-137.3858634363351,-39.894071502393366,1.0
2016-04-29,IC,next,IC1606,2016-06-17,5985.594,5693.0,-292.59400000000005,11.760491283723313,-280.83350871627675,-34.94929784966119,0.998928120786808
2016-04-29,IC,q1,IC1606,2016-06-17,5985.594,5693.0,-292.59400000000005,11.760491283723313,-280.83350871627675,-34.94929784966119,0.998928120786808
2016-04-29,IC,q2,IC1609,2016-09-16,5985.594,5287.8,-697.7939999999999,20.398982079105977,-677.3950179208939,-29.50526852366893,0.9953846889786494
2016-05-03,IC,current,IC1605,2016-05-20,6167.454,6085.0,-82.45399999999972,3.502060096068885,-78.95193990393084,-27.48532201545379,1.0
2016-05-03,IC,next,IC1606,2016-06-17,6167.454,5929.0,-238.45399999999972,12.128270733072052,-226.32572926692768,-29.765169507341323,1.0
2016-05-03,IC,q1,IC1606,2016-06-17,6167.454,5929.0,-238.45399999999972,12.128270733072052,-226.32572926692768,-29.765169507341323,1.0
2016-05-03,IC,q2,IC1609,2016-09-16,6167.454,5517.2,-650.2539999999999,21.13757801297641,-629.1164219870235,-27.37657153289047,0.9984598918656872
2016-05-04,IC,current,IC1605,2016-05-20,6169.783,6062.8,-106.98300000000017,3.262932182870461,-103.72006781712972,-38.350036736758355,1.0
2016-05-04,IC,next,IC1606,2016-06-17,6169.783,5913.4,-256.3830000000007,11.892400313901728,-244.490599686099,-32.872479574840106,1.0
2016-05-04,IC,q1,IC1606,2016-06-17,6169.783,5913.4,-256.3830000000007,11.892400313901728,-244.490599686099,-32.872479574840106,1.0
2016-05-04,IC,q2,IC1609,2016-09-16,6169.783,5523.8,-645.9830000000002,20.90510975564708,-625.0778902443531,-27.391974838611905,0.9984421775555663
2016-05-05,IC,current,IC1605,2016-05-20,6203.817,6132.8,-71.01699999999983,3.280931297897977,-67.73606870210185,-26.568229501576397,1.0
2016-05-05,IC,next,IC1606,2016-06-17,6203.817,5976.6,-227.21699999999964,11.95800164093111,-215.25899835906853,-29.452810655814897,1.0
2016-05-05,IC,q1,IC1606,2016-06-17,6203.817,5976.6,-227.21699999999964,11.95800164093111,-215.25899835906853,-29.452810655814897,1.0
2016-05-05,IC,q2,IC1609,2016-09-16,6203.817,5615.0,-588.817,21.020427345491598,-567.7965726545084,-24.929975647334388,0.9984421775555663
2016-05-06,IC,current,IC1605,2016-05-20,5961.489,5887.8,-73.6889999999994,2.900516720759868,-70.78848327923953,-30.957985253255675,1.0
2016-05-06,IC,next,IC1606,2016-06-17,5961.489,5734.6,-226.8889999999992,11.23865103423466,-215.65034896576455,-31.436847793476748,1.0
2016-05-06,IC,q1,IC1606,2016-06-17,5961.489,5734.6,-226.8889999999992,11.23865103423466,-215.65034896576455,-31.436847793476748,1.0
2016-05-06,IC,q2,IC1609,2016-09-16,5961.489,5372.6,-588.8889999999992,19.947088299720505,-568.9419117002788,-26.191140135037156,0.9984224767965063
2016-05-09,IC,current,IC1605,2016-05-20,5743.647,5652.8,-90.84699999999975,2.7945273675154403,-88.05247263248431,-50.86909305795805,1.0
2016-05-09,IC,next,IC1606,2016-06-17,5743.647,5493.8,-249.84699999999975,10.827973396718304,-239.01902660328145,-38.94690849362994,1.0
2016-05-09,IC,q1,IC1606,2016-06-17,5743.647,5493.8,-249.84699999999975,10.827973396718304,-239.01902660328145,-38.94690849362994,1.0
2016-05-09,IC,q2,IC1609,2016-09-16,5743.647,5160.0,-583.6469999999999,19.218190937100577,-564.4288090628994,-27.591222535887617,0.9984224767965063
2016-05-10,IC,current,IC1605,2016-05-20,5738.896,5650.0,-88.89599999999973,2.7538779125616326,-86.1421220874381,-54.78732244305334,1.0
2016-05-10,IC,next,IC1606,2016-06-17,5738.896,5492.0,-246.89599999999973,10.780678877733797,-236.11532112226593,-39.51892132197876,1.0
2016-05-10,IC,q1,IC1606,2016-06-17,5738.896,5492.0,-246.89599999999973,10.780678877733797,-236.11532112226593,-39.51892132197876,1.0
2016-05-10,IC,q2,IC1609,2016-09-16,5738.896,5143.0,-595.8959999999997,19.163956241685597,-576.7320437583141,-28.434715117044234,0.9984193209285833
2016-05-11,IC,current,IC1605,2016-05-20,5723.41,5640.4,-83.01000000000022,2.6192735423742253,-80.39072645762599,-56.964127556888656,1.0
2016-05-11,IC,next,IC1606,2016-06-17,5723.41,5479.0,-244.40999999999985,10.624414759792352,-233.7855852402075,-40.29526463678109,1.0
2016-05-11,IC,q1,IC1606,2016-06-17,5723.41,5479.0,-244.40999999999985,10.624414759792352,-233.7855852402075,-40.29526463678109,1.0
2016-05-11,IC,q2,IC1609,2016-09-16,5723.41,5127.4,-596.0100000000002,18.985070449948676,-577.0249295500515,-28.748991434652922,0.9984087326055033
2016-05-12,IC,current,IC1605,2016-05-20,5726.456,5670.0,-56.45600000000013,2.4492921321233236,-54.006707867876806,-43.029336931461266,1.0
2016-05-12,IC,next,IC1606,2016-06-17,5726.456,5512.0,-214.45600000000013,10.45869368737296,-203.99730631262716,-36.11843035791,1.0
2016-05-12,IC,q1,IC1606,2016-06-17,5726.456,5512.0,-214.45600000000013,10.45869368737296,-203.99730631262716,-36.11843035791,1.0
2016-05-12,IC,q2,IC1609,2016-09-16,5726.456,5168.4,-558.0560000000005,18.823798920237603,-539.232201079763,-27.06319297221396,0.9983942454093437
2016-05-13,IC,current,IC1605,2016-05-20,5714.311,5659.2,-55.110999999999876,1.861676228302229,-53.24932377169765,-48.58979293184038,1.0
2016-05-13,IC,next,IC1606,2016-06-17,5714.311,5488.0,-226.3109999999997,9.854090980215126,-216.45690901978458,-39.50321109440159,1.0
2016-05-13,IC,q1,IC1606,2016-06-17,5714.311,5488.0,-226.3109999999997,9.854090980215126,-216.45690901978458,-39.50321109440159,1.0
2016-05-13,IC,q2,IC1609,2016-09-16,5714.311,5122.2,-592.1109999999999,18.20145501275392,-573.9095449872459,-29.09389680399897,0.9983428634906807
2016-05-16,IC,current,IC1605,2016-05-20,5812.542,5772.2,-40.34200000000055,1.5883191755997403,-38.75368082440081,-60.83867222338477,1.0
2016-05-16,IC,next,IC1606,2016-06-17,5812.542,5606.4,-206.14200000000073,9.718126325912927,-196.42387367408782,-38.54526658207483,1.0
2016-05-16,IC,q1,IC1606,2016-06-17,5812.542,5606.4,-206.14200000000073,9.718126325912927,-196.42387367408782,-38.54526658207483,1.0
2016-05-16,IC,q2,IC1609,2016-09-16,5812.542,5215.8,-596.7420000000002,18.208984458839385,-578.5330155411608,-29.5358719957166,0.9983150737439468
2016-05-17,IC,current,IC1605,2016-05-20,5790.342,5779.2,-11.141999999999825,1.433912723836251,-9.708087276163575,-20.398633079011596,1.0
2016-05-17,IC,next,IC1606,2016-06-17,5790.342,5606.8,-183.54199999999946,9.532669480236247,-174.0093305197632,-35.38339422377735,1.0
2016-05-17,IC,q1,IC1606,2016-06-17,5790.342,5606.8,-183.54199999999946,9.532669480236247,-174.0093305197632,-35.38339422377735,1.0
2016-05-17,IC,q2,IC1609,2016-09-16,5790.342,5205.4,-584.942,17.991098247396238,-566.9509017526037,-29.29370262963492,0.9983011811958057
2016-05-18,IC,current,IC1605,2016-05-20,5631.193,5632.8,1.606999999999971,0.9624228850497977,2.5694228850497685,8.327181762755826,1.0
2016-05-18,IC,next,IC1606,2016-06-17,5631.193,5460.2,-170.9930000000004,8.838583283752047,-162.15441671624833,-35.03482719761789,1.0
2016-05-18,IC,q1,IC1606,2016-06-17,5631.193,5460.2,-170.9930000000004,8.838583283752047,-162.15441671624833,-35.03482719761789,1.0
2016-05-18,IC,q2,IC1609,2016-09-16,5631.193,5117.8,-513.393,17.06453001792249,-496.32846998207754,-26.58742448198051,0.9982581666568505
2016-05-19,IC,current,IC1605,2016-05-20,5666.733,5641.2,-25.533000000000357,0.48347537921178757,-25.04952462078857,-161.34651988346423,1.0
2016-05-19,IC,next,IC1606,2016-06-17,5666.733,5469.0,-197.73300000000017,8.409344381502988,-189.32365561849718,-42.050096590503074,1.0
2016-05-19,IC,q1,IC1606,2016-06-17,5666.733,5469.0,-197.73300000000017,8.409344381502988,-189.32365561849718,-42.050096590503074,1.0
2016-05-19,IC,q2,IC1609,2016-09-16,5666.733,5121.2,-545.5330000000004,16.68720731654462,-528.8457926834558,-28.38624335066039,0.9982075394420089
2016-05-20,IC,current,IC1605,2016-05-20,5732.902,5691.0,-41.902000000000044,0.0,-41.902000000000044,,
2016-05-20,IC,next,IC1606,2016-06-17,5732.902,5562.8,-170.10199999999986,8.018417358815604,-162.08358264118425,-36.85524841895845,1.0
2016-05-20,IC,q1,IC1606,2016-06-17,5732.902,5562.8,-170.10199999999986,8.018417358815604,-162.08358264118425,-36.85524841895845,1.0
2016-05-20,IC,q2,IC1609,2016-09-16,5732.902,5218.6,-514.3019999999997,16.392938794010455,-497.90906120598925,-26.639214514433284,0.9981540572842351
2016-05-23,IC,current,IC1606,2016-06-17,5809.476,5635.2,-174.27599999999984,7.850381586875811,-166.42561841312403,-41.82501190867492,1.0
2016-05-23,IC,next,IC1607,2016-07-15,5809.476,5504.0,-305.47599999999966,12.980018873547618,-292.495981126452,-34.67367995503917,1.0
2016-05-23,IC,q1,IC1609,2016-09-16,5809.476,5292.0,-517.4759999999997,16.33676096144912,-501.13923903855056,-27.142904740977013,0.9981229686487414
2016-05-23,IC,q2,IC1612,2016-12-16,5809.476,5030.4,-779.076,17.229653734716965,-761.846346265283,-23.1234667821412,0.946397217263306
2016-05-24,IC,current,IC1606,2016-06-17,5743.178,5598.6,-144.57799999999952,7.008637936333323,-137.5693620636662,-36.429320399232914,1.0
2016-05-24,IC,next,IC1607,2016-07-15,5743.178,5464.6,-278.5779999999995,12.079735572814345,-266.4982644271852,-32.571040243117935,1.0
2016-05-24,IC,q1,IC1609,2016-09-16,5743.178,5242.2,-500.97800000000007,15.398170369844223,-485.5798296301558,-26.835110367693698,0.9980312812597295
2016-05-24,IC,q2,IC1612,2016-12-16,5743.178,4990.0,-753.1779999999999,16.28087341083981,-736.89712658916,-22.73422900804109,0.9439208398389309
2016-05-25,IC,current,IC1606,2016-06-17,5715.183,5556.0,-159.183,6.718698018228847,-152.46430198177114,-42.33534050657274,1.0
2016-05-25,IC,next,IC1607,2016-07-15,5715.183,5421.4,-293.78300000000036,11.765076696263295,-282.01792330373706,-35.3158169868302,1.0
2016-05-25,IC,q1,IC1609,2016-09-16,5715.183,5218.8,-496.3829999999998,15.067335852882435,-481.3156641471174,-26.964220370837605,0.9979978611570842
2016-05-25,IC,q2,IC1612,2016-12-16,5715.183,4970.0,-745.183,15.945736176526642,-729.2372638234733,-22.718398607714406,0.9430213060120736
2016-05-26,IC,current,IC1606,2016-06-17,5744.388,5627.8,-116.58799999999974,6.527691582726616,-110.06030841727312,-31.787556332691924,1.0
2016-05-26,IC,next,IC1607,2016-07-15,5744.388,5492.4,-251.98800000000028,11.599857622126745,-240.38814237787355,-30.548657913749505,1.0
2016-05-26,IC,q1,IC1609,2016-09-16,5744.388,5305.0,-439.3879999999999,14.918991562750014,-424.4690084372499,-23.868033650954327,0.9979676204465098
2016-05-26,IC,q2,IC1612,2016-12-16,5744.388,5074.8,-669.5879999999997,15.80188057581187,-653.7861194241879,-20.363603230532075,0.9422087730576484
2016-05-27,IC,current,IC1606,2016-06-17,5739.59,5630.6,-108.98999999999978,6.28959112649032,-102.70040887350946,-31.10032103573264,1.0
2016-05-27,IC,next,IC1607,2016-07-15,5739.59,5510.2,-229.39000000000033,11.35752063927403,-218.03247936072628,-28.2967858177259,1.0
2016-05-27,IC,q1,IC1609,2016-09-16,5739.59,5349.2,-390.3900000000003,14.673882273317885,-375.71611772668246,-21.333091576326986,0.9979353979276187
2016-05-27,IC,q2,IC1612,2016-12-16,5739.59,5134.8,-604.79,15.556033853343415,-589.2339661466566,-18.458811289899437,0.9413444765947978
2016-05-30,IC,current,IC1606,2016-06-17,5711.315,5611.0,-100.3149999999996,5.789670104071364,-94.52532989592824,-33.5608110216433,1.0
2016-05-30,IC,next,IC1607,2016-07-15,5711.315,5519.6,-191.71499999999924,10.832633424675151,-180.88236657532408,-25.130154027953168,1.0
2016-05-30,IC,q1,IC1609,2016-09-16,5711.315,5403.4,-307.91499999999996,14.13265763301393,-293.78234236698603,-17.224869566856192,0.9978668922445042
2016-05-30,IC,q2,IC1612,2016-12-16,5711.315,5210.8,-500.5149999999994,15.010463460829767,-485.50453653916964,-15.513866407018082,0.9395120402652513
2016-05-31,IC,current,IC1606,2016-06-17,5947.322,5923.2,-24.1220000000003,5.621314021829995,-18.500685978170303,-6.678982754049202,1.0
2016-05-31,IC,next,IC1607,2016-07-15,5947.322,5844.4,-102.92200000000048,10.872666241383627,-92.04933375861685,-12.553925511682271,1.0
2016-05-31,IC,q1,IC1609,2016-09-16,5947.322,5735.0,-212.32200000000012,14.309056385297211,-198.01294361470292,-11.252298282999156,0.997806129558569
2016-05-31,IC,q2,IC1612,2016-12-16,5947.322,5580.0,-367.3220000000001,15.223135526702885,-352.0988644732972,-10.858828142127873,0.9378924692882292
2016-06-01,IC,current,IC1606,2016-06-17,5973.78,5899.8,-73.97999999999956,5.431511641490636,-68.54848835850893,-26.1771004402319,1.0
2016-06-01,IC,next,IC1607,2016-07-15,5973.78,5824.6,-149.17999999999938,10.706225682890297,-138.47377431710908,-19.22907942015122,1.0
2016-06-01,IC,q1,IC1609,2016-09-16,5973.78,5701.2,-272.5799999999999,14.15790338150962,-258.4220966184903,-14.756708821560963,0.9977728431721914
2016-06-01,IC,q2,IC1612,2016-12-16,5973.78,5510.0,-463.77999999999975,15.076049009633739,-448.703950990366,-13.846446860954392,0.9370075343546012
2016-06-02,IC,current,IC1606,2016-06-17,6013.894,5937.8,-76.09400000000005,5.411713950136522,-70.68228604986354,-28.599367185609626,1.0
2016-06-02,IC,next,IC1607,2016-07-15,6013.894,5849.0,-164.89400000000023,10.721847755748575,-154.17215224425166,-21.760785850755575,1.0
2016-06-02,IC,q1,IC1609,2016-09-16,6013.894,5692.8,-321.09400000000005,14.196703509000379,-306.8972964909997,-17.572125358945513,0.9977640155664523
2016-06-02,IC,q2,IC1612,2016-12-16,6013.894,5494.0,-519.8940000000002,15.121014495361088,-504.77298550463917,-15.551309814637992,0.9367731183177009
2016-06-03,IC,current,IC1606,2016-06-17,6032.603,6003.6,-29.0029999999997,5.3358581665842735,-23.667141833415428,-10.228357440391141,1.0
2016-06-03,IC,next,IC1607,2016-07-15,6032.603,5899.6,-133.0029999999997,10.662511600471982,-122.34048839952771,-17.624184809895898,1.0
2016-06-03,IC,q1,IC1609,2016-09-16,6032.603,5761.8,-270.8029999999999,14.148177500408712,-256.65482249959115,-14.789321452802975,0.9977493665714923
2016-06-03,IC,q2,IC1612,2016-12-16,6032.603,5580.0,-452.60300000000007,15.075363983784136,-437.5276360162159,-13.506335621411534,0.9363843655355926
2016-06-06,IC,current,IC1606,2016-06-17,6051.86,5974.0,-77.85999999999967,5.251449757706285,-72.60855024229339,-39.81063198066693,1.0
2016-06-06,IC,next,IC1607,2016-07-15,6051.86,5876.8,-175.0599999999995,10.595106691604913,-164.46489330839458,-25.433878500572032,1.0
2016-06-06,IC,q1,IC1609,2016-09-16,6051.86,5741.6,-310.2599999999993,14.091899375159771,-296.16810062483955,-17.512256113396223,0.9977331652663087
2016-06-06,IC,q2,IC1612,2016-12-16,6051.86,5556.2,-495.65999999999985,15.022045580915462,-480.6379544190844,-15.019820597866104,0.9359547800903188
2016-06-07,IC,current,IC1606,2016-06-17,6045.357,6016.6,-28.756999999999607,5.030000550453278,-23.72699944954633,-14.325630064666836,1.0
2016-06-07,IC,next,IC1607,2016-07-15,6045.357,5914.2,-131.15700000000015,10.36791548089493,-120.78908451910522,-19.191768879938685,1.0
2016-06-07,IC,q1,IC1609,2016-09-16,6045.357,5763.0,-282.35699999999997,13.860950700988777,-268.4960492990112,-16.050458308623732,0.9976978720752228
2016-06-07,IC,q2,IC1612,2016-12-16,6045.357,5575.0,-470.35699999999997,14.790097422160219,-455.56690257783976,-14.325897771707238,0.9350202790818549
2016-06-08,IC,current,IC1606,2016-06-17,6023.878,5995.8,-28.07799999999952,3.3003647123186384,-24.77763528768088,-16.68145942605139,1.0
2016-06-08,IC,next,IC1607,2016-07-15,6023.878,5899.8,-124.07799999999952,8.619314166479738,-115.45868583351978,-18.907825377980096,1.0
2016-06-08,IC,q1,IC1609,2016-09-16,6023.878,5736.8,-287.0779999999995,12.099938721083955,-274.97806127891556,-16.661524746484606,0.9973721926931636
2016-06-08,IC,q2,IC1612,2016-12-16,6023.878,5539.4,-484.47800000000007,13.025784207535258,-471.4522157924648,-14.956191278163205,0.9264810641281117
2016-06-13,IC,current,IC1606,2016-06-17,5746.444,5732.0,-14.444000000000415,3.08991451563104,-11.354085484369374,-18.02959013345828,1.0
2016-06-13,IC,next,IC1607,2016-07-15,5746.444,5626.0,-120.44400000000041,8.163895957016031,-112.28010404298439,-22.286738315735622,1.0
2016-06-13,IC,q1,IC1609,2016-09-16,5746.444,5450.0,-296.4440000000004,11.484217863943442,-284.95978213605696,-19.052573708771398,0.9973588183264964
2016-06-13,IC,q2,IC1612,2016-12-16,5746.444,5260.0,-486.4440000000004,12.367422875822031,-474.07657712417836,-16.189343577282862,0.9261336070733622
2016-06-14,IC,current,IC1606,2016-06-17,5762.761,5723.4,-39.361000000000786,2.407623380781072,-36.95337661921971,-78.01805688867537,1.0
2016-06-14,IC,next,IC1607,2016-07-15,5762.761,5623.8,-138.96100000000024,7.496012367976844,-131.4649876320234,-26.86028813646374,1.0
2016-06-14,IC,q1,IC1609,2016-09-16,5762.761,5439.0,-323.7610000000004,10.825762312931827,-312.9352376870686,-21.08574118798855,0.9971902179100665
2016-06-14,IC,q2,IC1612,2016-12-16,5762.761,5232.6,-530.1610000000001,11.711475181178429,-518.4495248188216,-17.749944867021476,0.9217749355114826
2016-06-15,IC,current,IC1606,2016-06-17,5952.846,5920.0,-32.84599999999955,2.259801463963621,-30.58619853603593,-93.76995865215659,1.0
2016-06-15,IC,next,IC1607,2016-07-15,5952.846,5827.0,-125.84599999999955,7.5160312518851375,-118.32996874811441,-24.18475610548958,1.0
2016-06-15,IC,q1,IC1609,2016-09-16,5952.846,5627.6,-325.2459999999992,10.955613188534167,-314.290386811465,-20.721269819039144,0.9971319383890338
2016-06-15,IC,q2,IC1612,2016-12-16,5952.846,5428.2,-524.6459999999997,11.87054134621593,-512.7754586537837,-17.0874645148387,0.9202774748268691
2016-06-16,IC,current,IC1606,2016-06-17,5930.545,5912.8,-17.74499999999989,0.772928324508792,-16.972071675491097,-104.45593384004759,1.0
2016-06-16,IC,next,IC1607,2016-07-15,5930.545,5788.8,-141.7449999999999,6.009466828546863,-135.73553317145303,-28.806720186924935,1.0
2016-06-16,IC,q1,IC1609,2016-09-16,5930.545,5599.6,-330.9449999999997,9.436163144306455,-321.50883685569323,-21.508164319000382,0.9966825859180569
2016-06-16,IC,q2,IC1612,2016-12-16,5930.545,5400.2,-530.3450000000003,10.347663729219752,-519.9973362707805,-17.488327919994088,0.9088872357974448
2016-06-17,IC,current,IC1606,2016-06-17,5964.272,5962.4,-1.8720000000002983,0.0,-1.8720000000002983,,
2016-06-17,IC,next,IC1607,2016-07-15,5964.272,5810.6,-153.67199999999957,5.2663186901972985,-148.40568130980228,-32.43604684580701,1.0
2016-06-17,IC,q1,IC1609,2016-09-16,5964.272,5601.4,-362.8720000000003,8.712502622464587,-354.15949737753573,-23.817321747208833,0.9963866083344645
2016-06-17,IC,q2,IC1612,2016-12-16,5964.272,5404.2,-560.0720000000001,9.629186909757241,-550.4428130902429,-18.508713842048472,0.9015320835974378
2016-06-20,IC,current,IC1607,2016-07-15,5985.569,5848.2,-137.3690000000006,4.103915533075682,-133.26508446692492,-32.50601961512939,1.0
2016-06-20,IC,next,IC1608,2016-08-19,5985.569,5743.2,-242.3690000000006,6.7935659039370755,-235.57543409606353,-23.942316774746946,1.0
2016-06-20,IC,q1,IC1609,2016-09-16,5985.569,5653.0,-332.5690000000004,7.562404970391281,-325.0065950296091,-22.52147987969962,0.9958222155372566
2016-06-20,IC,q2,IC1612,2016-12-16,5985.569,5440.0,-545.5690000000004,8.482362519746172,-537.0866374802542,-18.296951601734026,0.8878199740784434
2016-06-21,IC,current,IC1607,2016-07-15,5916.803,5777.6,-139.20299999999952,3.9604749216015835,-135.24252507839793,-34.762242417636166,1.0
2016-06-21,IC,next,IC1608,2016-08-19,5916.803,5672.2,-244.60300000000007,6.619224888941998,-237.98377511105807,-24.88290563405586,1.0
2016-06-21,IC,q1,IC1609,2016-09-16,5916.803,5573.0,-343.8029999999999,7.379231046236894,-336.423768953763,-23.854656875623405,0.9957676992598439
2016-06-21,IC,q2,IC1612,2016-12-16,5916.803,5323.0,-593.8029999999999,8.28861954178271,-585.5143804582171,-20.291928269413802,0.8865167334773966
2016-06-22,IC,current,IC1607,2016-07-15,6008.886,5922.0,-86.88600000000042,3.8533769491156957,-83.03262305088472,-21.92905018795636,1.0
2016-06-22,IC,next,IC1608,2016-08-19,6008.886,5813.0,-195.88600000000042,6.5535049500398905,-189.33249504996053,-19.828783196578847,1.0
2016-06-22,IC,q1,IC1609,2016-09-16,6008.886,5730.6,-278.28600000000006,7.325339056817333,-270.96066094318275,-19.138446898953056,0.9956702107999514
2016-06-22,IC,q2,IC1612,2016-12-16,6008.886,5497.2,-511.6860000000006,8.248880333997985,-503.4371196660026,-17.27710081313933,0.8841953801683328
2016-06-23,IC,current,IC1607,2016-07-15,5978.174,5888.0,-90.17399999999998,3.726016701771148,-86.44798329822883,-23.99145009819624,1.0
2016-06-23,IC,next,IC1608,2016-08-19,5978.174,5792.0,-186.17399999999998,6.412344086214286,-179.7616559137857,-19.255132762956674,1.0
2016-06-23,IC,q1,IC1609,2016-09-16,5978.174,5717.6,-260.5739999999996,7.180233273902341,-253.39376672609728,-18.201254184860485,0.9956052870186175
2016-06-23,IC,q2,IC1612,2016-12-16,5978.174,5513.2,-464.97400000000016,8.099054241910082,-456.87494575809006,-15.849259930763335,0.8826559245068375
2016-06-24,IC,current,IC1607,2016-07-15,5903.62,5787.0,-116.61999999999989,3.2719316893109056,-113.34806831068899,-33.371005887591394,1.0
2016-06-24,IC,next,IC1608,2016-08-19,5903.62,5702.2,-201.42000000000007,5.924757798645661,-195.49524220135442,-21.58353791024295,1.0
2016-06-24,IC,q1,IC1609,2016-09-16,5903.62,5639.8,-263.8199999999997,6.683070615605984,-257.13692938439374,-18.926034894752977,0.9953372421228268
2016-06-24,IC,q2,IC1612,2016-12-16,5903.62,5431.0,-472.6199999999999,7.590432937805013,-465.0295670621949,-16.429221584403287,0.8763543700279299
2016-06-27,IC,current,IC1607,2016-07-15,6044.219,5965.2,-79.01900000000023,3.235653498271017,-75.78334650172921,-25.424589340961965,1.0
2016-06-27,IC,next,IC1608,2016-08-19,6044.219,5880.8,-163.41899999999987,5.951658589001318,-157.46734141099856,-17.941853172370152,1.0
2016-06-27,IC,q1,IC1609,2016-09-16,6044.219,5811.0,-233.21900000000005,6.728031176704303,-226.49096882329576,-16.885679557689333,0.9952580964564229
2016-06-27,IC,q2,IC1612,2016-12-16,6044.219,5603.6,-440.6189999999997,7.657002991915902,-432.9619970080838,-15.201064574029486,0.8745102370856873
2016-06-28,IC,current,IC1607,2016-07-15,6107.511,6037.0,-70.51100000000042,2.7576906613728163,-67.7533093386276,-23.81826911794642,1.0
2016-06-28,IC,next,IC1608,2016-08-19,6107.511,5949.0,-158.51100000000042,5.502136381769664,-153.00886361823075,-17.584978945991576,1.0
2016-06-28,IC,q1,IC1609,2016-09-16,6107.511,5882.4,-225.1110000000008,6.286638749982073,-218.8243612500187,-16.3468579623223,0.9948720206004412
2016-06-28,IC,q2,IC1612,2016-12-16,6107.511,5676.4,-431.1110000000008,7.2253382875227885,-423.885661712478,-14.814302984588053,0.8656205075934268
2016-06-29,IC,current,IC1607,2016-07-15,6120.202,6050.4,-69.80200000000059,2.6045810949895816,-67.197418905011,-25.04723077392811,1.0
2016-06-29,IC,next,IC1608,2016-08-19,6120.202,5958.2,-162.0020000000004,5.35472959032004,-156.64727040968037,-18.318072078606882,1.0
2016-06-29,IC,q1,IC1609,2016-09-16,6120.202,5886.4,-233.8020000000006,6.140862102064732,-227.66113789793584,-17.186558430907624,0.994739380014493
2016-06-29,IC,q2,IC1612,2016-12-16,6120.202,5685.2,-435.0020000000004,7.0815121945583455,-427.92048780544206,-15.012093703960824,0.862606346262649
2016-06-30,IC,current,IC1607,2016-07-15,6123.494,6051.6,-71.89399999999932,2.4974887146650704,-69.39651128533426,-27.576550924626808,1.0
2016-06-30,IC,next,IC1608,2016-08-19,6123.494,5950.8,-172.6939999999995,5.249116489412553,-167.44488351058695,-19.961604430857363,1.0
2016-06-30,IC,q1,IC1609,2016-09-16,6123.494,5879.8,-243.6939999999995,6.035671854557944,-237.65832814544157,-18.161512033080314,0.9946448184886701
2016-06-30,IC,q2,IC1612,2016-12-16,6123.494,5663.8,-459.6939999999995,6.9768279140285445,-452.71717208597096,-15.967386262031189,0.8604698023528462
