date,product,role,contract,expire,spot,future,basis_raw,dpv_pts,basis_adj,annualized_rate,announced_ratio,calibre
2015-01-05,IC,current,IC1501,2015-01-16,5417.017,,,0.0,,,,y
2015-01-05,IC,current,IC1501,2015-01-16,5417.017,,,0.0,,,,d
2015-01-05,IC,current,IC1501,2015-01-16,5417.017,,,0.0,,,,p
2015-01-05,IC,next,IC1502,2015-02-20,5417.017,,,0.054436643081211024,,,1.0,y
2015-01-05,IC,next,IC1502,2015-02-20,5417.017,,,0.054436643081211024,,,1.0,d
2015-01-05,IC,next,IC1502,2015-02-20,5417.017,,,0.054436643081211024,,,1.0,p
2015-01-05,IC,q1,IC1503,2015-03-20,5417.017,,,0.054436643081211024,,,1.0,y
2015-01-05,IC,q1,IC1503,2015-03-20,5417.017,,,0.054436643081211024,,,1.0,d
2015-01-05,IC,q1,IC1503,2015-03-20,5417.017,,,0.054436643081211024,,,1.0,p
2015-01-05,IC,q2,IC1506,2015-06-19,5417.017,,,5.159062266751667,,,0.01055165459661845,y
2015-01-05,IC,q2,IC1506,2015-06-19,5417.017,,,5.154870099963754,,,0.010560235665607518,d
2015-01-05,IC,q2,IC1506,2015-06-19,5417.017,,,5.173591528564843,,,0.010522021845105305,p
2015-01-06,IC,current,IC1501,2015-01-16,5479.864,,,0.0,,,,y
2015-01-06,IC,current,IC1501,2015-01-16,5479.864,,,0.0,,,,d
2015-01-06,IC,current,IC1501,2015-01-16,5479.864,,,0.0,,,,p
2015-01-06,IC,next,IC1502,2015-02-20,5479.864,,,0.05506820464133255,,,1.0,y
2015-01-06,IC,next,IC1502,2015-02-20,5479.864,,,0.05506820464133255,,,1.0,d
2015-01-06,IC,next,IC1502,2015-02-20,5479.864,,,0.05506820464133255,,,1.0,p
2015-01-06,IC,q1,IC1503,2015-03-20,5479.864,,,0.05506820464133255,,,1.0,y
2015-01-06,IC,q1,IC1503,2015-03-20,5479.864,,,0.05506820464133255,,,1.0,d
2015-01-06,IC,q1,IC1503,2015-03-20,5479.864,,,0.05506820464133255,,,1.0,p
2015-01-06,IC,q2,IC1506,2015-06-19,5479.864,,,5.21891653456706,,,0.01055165459661845,y
2015-01-06,IC,q2,IC1506,2015-06-19,5479.864,,,5.214675731212912,,,0.010560235665607518,d
2015-01-06,IC,q2,IC1506,2015-06-19,5479.864,,,5.233614361573436,,,0.010522021845105305,p
2015-01-07,IC,current,IC1501,2015-01-16,5488.242,,,0.0,,,,y
2015-01-07,IC,current,IC1501,2015-01-16,5488.242,,,0.0,,,,d
2015-01-07,IC,current,IC1501,2015-01-16,5488.242,,,0.0,,,,p
2015-01-07,IC,next,IC1502,2015-02-20,5488.242,,,0.05515239677064181,,,1.0,y
2015-01-07,IC,next,IC1502,2015-02-20,5488.242,,,0.05515239677064181,,,1.0,d
2015-01-07,IC,next,IC1502,2015-02-20,5488.242,,,0.05515239677064181,,,1.0,p
2015-01-07,IC,q1,IC1503,2015-03-20,5488.242,,,0.05515239677064181,,,1.0,y
2015-01-07,IC,q1,IC1503,2015-03-20,5488.242,,,0.05515239677064181,,,1.0,d
2015-01-07,IC,q1,IC1503,2015-03-20,5488.242,,,0.05515239677064181,,,1.0,p
2015-01-07,IC,q2,IC1506,2015-06-19,5488.242,,,5.226895579800045,,,0.01055165459661845,y
2015-01-07,IC,q2,IC1506,2015-06-19,5488.242,,,5.22264829280862,,,0.010560235665607518,d
2015-01-07,IC,q2,IC1506,2015-06-19,5488.242,,,5.241615877874072,,,0.010522021845105305,p
2015-01-08,IC,current,IC1501,2015-01-16,5444.037,,,0.0,,,,y
2015-01-08,IC,current,IC1501,2015-01-16,5444.037,,,0.0,,,,d
2015-01-08,IC,current,IC1501,2015-01-16,5444.037,,,0.0,,,,p
2015-01-08,IC,next,IC1502,2015-02-20,5444.037,,,0.0547081722449656,,,1.0,y
2015-01-08,IC,next,IC1502,2015-02-20,5444.037,,,0.0547081722449656,,,1.0,d
2015-01-08,IC,next,IC1502,2015-02-20,5444.037,,,0.0547081722449656,,,1.0,p
2015-01-08,IC,q1,IC1503,2015-03-20,5444.037,,,0.0547081722449656,,,1.0,y
2015-01-08,IC,q1,IC1503,2015-03-20,5444.037,,,0.0547081722449656,,,1.0,d
2015-01-08,IC,q1,IC1503,2015-03-20,5444.037,,,0.0547081722449656,,,1.0,p
2015-01-08,IC,q2,IC1506,2015-06-19,5444.037,,,5.184795592389676,,,0.01055165459661845,y
2015-01-08,IC,q2,IC1506,2015-06-19,5444.037,,,5.1805825151363525,,,0.010560235665607518,d
2015-01-08,IC,q2,IC1506,2015-06-19,5444.037,,,5.199397325944069,,,0.010522021845105305,p
2015-01-09,IC,current,IC1501,2015-01-16,5409.058,,,0.0,,,,y
2015-01-09,IC,current,IC1501,2015-01-16,5409.058,,,0.0,,,,d
2015-01-09,IC,current,IC1501,2015-01-16,5409.058,,,0.0,,,,p
2015-01-09,IC,next,IC1502,2015-02-20,5409.058,,,0.054356661563286425,,,1.0,y
2015-01-09,IC,next,IC1502,2015-02-20,5409.058,,,0.054356661563286425,,,1.0,d
2015-01-09,IC,next,IC1502,2015-02-20,5409.058,,,0.054356661563286425,,,1.0,p
2015-01-09,IC,q1,IC1503,2015-03-20,5409.058,,,0.054356661563286425,,,1.0,y
2015-01-09,IC,q1,IC1503,2015-03-20,5409.058,,,0.054356661563286425,,,1.0,d
2015-01-09,IC,q1,IC1503,2015-03-20,5409.058,,,0.054356661563286425,,,1.0,p
2015-01-09,IC,q2,IC1506,2015-06-19,5409.058,,,5.151482269018398,,,0.01055165459661845,y
2015-01-09,IC,q2,IC1506,2015-06-19,5409.058,,,5.14729626160851,,,0.010560235665607518,d
2015-01-09,IC,q2,IC1506,2015-06-19,5409.058,,,5.165990183585522,,,0.010522021845105305,p
2015-01-12,IC,current,IC1501,2015-01-16,5332.221,,,0.0,,,,y
2015-01-12,IC,current,IC1501,2015-01-16,5332.221,,,0.0,,,,d
2015-01-12,IC,current,IC1501,2015-01-16,5332.221,,,0.0,,,,p
2015-01-12,IC,next,IC1502,2015-02-20,5332.221,,,0.053584511809200173,,,1.0,y
2015-01-12,IC,next,IC1502,2015-02-20,5332.221,,,0.053584511809200173,,,1.0,d
2015-01-12,IC,next,IC1502,2015-02-20,5332.221,,,0.053584511809200173,,,1.0,p
2015-01-12,IC,q1,IC1503,2015-03-20,5332.221,,,0.053584511809200173,,,1.0,y
2015-01-12,IC,q1,IC1503,2015-03-20,5332.221,,,0.053584511809200173,,,1.0,d
2015-01-12,IC,q1,IC1503,2015-03-20,5332.221,,,0.053584511809200173,,,1.0,p
2015-01-12,IC,q2,IC1506,2015-06-19,5332.221,,,5.078304195663561,,,0.01055165459661845,y
2015-01-12,IC,q2,IC1506,2015-06-19,5332.221,,,5.074177651519061,,,0.010560235665607518,d
2015-01-12,IC,q2,IC1506,2015-06-19,5332.221,,,5.09260602173402,,,0.010522021845105305,p
2015-01-13,IC,current,IC1501,2015-01-16,5405.091,,,0.0,,,,y
2015-01-13,IC,current,IC1501,2015-01-16,5405.091,,,0.0,,,,d
2015-01-13,IC,current,IC1501,2015-01-16,5405.091,,,0.0,,,,p
2015-01-13,IC,next,IC1502,2015-02-20,5405.091,,,0.05431679641922224,,,1.0,y
2015-01-13,IC,next,IC1502,2015-02-20,5405.091,,,0.05431679641922224,,,1.0,d
2015-01-13,IC,next,IC1502,2015-02-20,5405.091,,,0.05431679641922224,,,1.0,p
2015-01-13,IC,q1,IC1503,2015-03-20,5405.091,,,0.05431679641922224,,,1.0,y
2015-01-13,IC,q1,IC1503,2015-03-20,5405.091,,,0.05431679641922224,,,1.0,d
2015-01-13,IC,q1,IC1503,2015-03-20,5405.091,,,0.05431679641922224,,,1.0,p
2015-01-13,IC,q2,IC1506,2015-06-19,5405.091,,,5.14770417491011,,,0.01055165459661845,y
2015-01-13,IC,q2,IC1506,2015-06-19,5405.091,,,5.143521237515627,,,0.010560235665607518,d
2015-01-13,IC,q2,IC1506,2015-06-19,5405.091,,,5.1622014493811035,,,0.010522021845105305,p
2015-01-14,IC,current,IC1501,2015-01-16,5379.738,,,0.0,,,,y
2015-01-14,IC,current,IC1501,2015-01-16,5379.738,,,0.0,,,,d
2015-01-14,IC,current,IC1501,2015-01-16,5379.738,,,0.0,,,,p
2015-01-14,IC,next,IC1502,2015-02-20,5379.738,,,0.054062019258279616,,,1.0,y
2015-01-14,IC,next,IC1502,2015-02-20,5379.738,,,0.054062019258279616,,,1.0,d
2015-01-14,IC,next,IC1502,2015-02-20,5379.738,,,0.054062019258279616,,,1.0,p
2015-01-14,IC,q1,IC1503,2015-03-20,5379.738,,,0.054062019258279616,,,1.0,y
2015-01-14,IC,q1,IC1503,2015-03-20,5379.738,,,0.054062019258279616,,,1.0,d
2015-01-14,IC,q1,IC1503,2015-03-20,5379.738,,,0.054062019258279616,,,1.0,p
2015-01-14,IC,q2,IC1506,2015-06-19,5379.738,,,5.123558467844956,,,0.01055165459661845,y
2015-01-14,IC,q2,IC1506,2015-06-19,5379.738,,,5.11939515084387,,,0.010560235665607518,d
2015-01-14,IC,q2,IC1506,2015-06-19,5379.738,,,5.137987741721758,,,0.010522021845105305,p
2015-01-15,IC,current,IC1501,2015-01-16,5449.038,,,0.0,,,,y
2015-01-15,IC,current,IC1501,2015-01-16,5449.038,,,0.0,,,,d
2015-01-15,IC,current,IC1501,2015-01-16,5449.038,,,0.0,,,,p
2015-01-15,IC,next,IC1502,2015-02-20,5449.038,,,0.054758428253401444,,,1.0,y
2015-01-15,IC,next,IC1502,2015-02-20,5449.038,,,0.054758428253401444,,,1.0,d
2015-01-15,IC,next,IC1502,2015-02-20,5449.038,,,0.054758428253401444,,,1.0,p
2015-01-15,IC,q1,IC1503,2015-03-20,5449.038,,,0.054758428253401444,,,1.0,y
2015-01-15,IC,q1,IC1503,2015-03-20,5449.038,,,0.054758428253401444,,,1.0,d
2015-01-15,IC,q1,IC1503,2015-03-20,5449.038,,,0.054758428253401444,,,1.0,p
2015-01-15,IC,q2,IC1506,2015-06-19,5449.038,,,5.189558448108243,,,0.01055165459661845,y
2015-01-15,IC,q2,IC1506,2015-06-19,5449.038,,,5.185341500638875,,,0.010560235665607518,d
2015-01-15,IC,q2,IC1506,2015-06-19,5449.038,,,5.204173595103709,,,0.010522021845105305,p
2015-01-16,IC,current,IC1501,2015-01-16,5520.123,,,0.0,,,,y
2015-01-16,IC,current,IC1501,2015-01-16,5520.123,,,0.0,,,,d
2015-01-16,IC,current,IC1501,2015-01-16,5520.123,,,0.0,,,,p
2015-01-16,IC,next,IC1502,2015-02-20,5520.123,,,0.055472775055973395,,,1.0,y
2015-01-16,IC,next,IC1502,2015-02-20,5520.123,,,0.055472775055973395,,,1.0,d
2015-01-16,IC,next,IC1502,2015-02-20,5520.123,,,0.055472775055973395,,,1.0,p
2015-01-16,IC,q1,IC1503,2015-03-20,5520.123,,,0.055472775055973395,,,1.0,y
2015-01-16,IC,q1,IC1503,2015-03-20,5520.123,,,0.055472775055973395,,,1.0,d
2015-01-16,IC,q1,IC1503,2015-03-20,5520.123,,,0.055472775055973395,,,1.0,p
2015-01-16,IC,q2,IC1506,2015-06-19,5520.123,,,5.257258427863159,,,0.01055165459661845,y
2015-01-16,IC,q2,IC1506,2015-06-19,5520.123,,,5.25298646853466,,,0.010560235665607518,d
2015-01-16,IC,q2,IC1506,2015-06-19,5520.123,,,5.2720642356182275,,,0.010522021845105305,p
2015-01-19,IC,current,IC1502,2015-02-20,5281.895,,,0.053078776180217474,,,1.0,y
2015-01-19,IC,current,IC1502,2015-02-20,5281.895,,,0.053078776180217474,,,1.0,d
2015-01-19,IC,current,IC1502,2015-02-20,5281.895,,,0.053078776180217474,,,1.0,p
2015-01-19,IC,next,IC1503,2015-03-20,5281.895,,,0.053078776180217474,,,1.0,y
2015-01-19,IC,next,IC1503,2015-03-20,5281.895,,,0.053078776180217474,,,1.0,d
2015-01-19,IC,next,IC1503,2015-03-20,5281.895,,,0.053078776180217474,,,1.0,p
2015-01-19,IC,q1,IC1503,2015-03-20,5281.895,,,0.053078776180217474,,,1.0,y
2015-01-19,IC,q1,IC1503,2015-03-20,5281.895,,,0.053078776180217474,,,1.0,d
2015-01-19,IC,q1,IC1503,2015-03-20,5281.895,,,0.053078776180217474,,,1.0,p
2015-01-19,IC,q2,IC1506,2015-06-19,5281.895,,,5.030374686186936,,,0.01055165459661845,y
2015-01-19,IC,q2,IC1506,2015-06-19,5281.895,,,5.026287088751624,,,0.010560235665607518,d
2015-01-19,IC,q2,IC1506,2015-06-19,5281.895,,,5.044541530286688,,,0.010522021845105305,p
2015-01-20,IC,current,IC1502,2015-02-20,5472.514,,,0.05499434308124388,,,1.0,y
2015-01-20,IC,current,IC1502,2015-02-20,5472.514,,,0.05499434308124388,,,1.0,d
2015-01-20,IC,current,IC1502,2015-02-20,5472.514,,,0.05499434308124388,,,1.0,p
2015-01-20,IC,next,IC1503,2015-03-20,5472.514,,,0.05499434308124388,,,1.0,y
2015-01-20,IC,next,IC1503,2015-03-20,5472.514,,,0.05499434308124388,,,1.0,d
2015-01-20,IC,next,IC1503,2015-03-20,5472.514,,,0.05499434308124388,,,1.0,p
2015-01-20,IC,q1,IC1503,2015-03-20,5472.514,,,0.05499434308124388,,,1.0,y
2015-01-20,IC,q1,IC1503,2015-03-20,5472.514,,,0.05499434308124388,,,1.0,d
2015-01-20,IC,q1,IC1503,2015-03-20,5472.514,,,0.05499434308124388,,,1.0,p
2015-01-20,IC,q2,IC1506,2015-06-19,5472.514,,,5.211916536660349,,,0.01055165459661845,y
2015-01-20,IC,q2,IC1506,2015-06-19,5472.514,,,5.2076814213861695,,,0.010560235665607518,d
2015-01-20,IC,q2,IC1506,2015-06-19,5472.514,,,5.226594649851108,,,0.010522021845105305,p
2015-01-21,IC,current,IC1502,2015-02-20,5611.694,,,0.05639298960275987,,,1.0,y
2015-01-21,IC,current,IC1502,2015-02-20,5611.694,,,0.05639298960275987,,,1.0,d
2015-01-21,IC,current,IC1502,2015-02-20,5611.694,,,0.05639298960275987,,,1.0,p
2015-01-21,IC,next,IC1503,2015-03-20,5611.694,,,0.05639298960275987,,,1.0,y
2015-01-21,IC,next,IC1503,2015-03-20,5611.694,,,0.05639298960275987,,,1.0,d
2015-01-21,IC,next,IC1503,2015-03-20,5611.694,,,0.05639298960275987,,,1.0,p
2015-01-21,IC,q1,IC1503,2015-03-20,5611.694,,,0.05639298960275987,,,1.0,y
2015-01-21,IC,q1,IC1503,2015-03-20,5611.694,,,0.05639298960275987,,,1.0,d
2015-01-21,IC,q1,IC1503,2015-03-20,5611.694,,,0.05639298960275987,,,1.0,p
2015-01-21,IC,q2,IC1506,2015-06-19,5611.694,,,5.344468877974119,,,0.01055165459661845,y
2015-01-21,IC,q2,IC1506,2015-06-19,5611.694,,,5.340126052908086,,,0.010560235665607518,d
2015-01-21,IC,q2,IC1506,2015-06-19,5611.694,,,5.359520293050245,,,0.010522021845105305,p
2015-01-22,IC,current,IC1502,2015-02-20,5690.156,,,0.05718146929360041,,,1.0,y
2015-01-22,IC,current,IC1502,2015-02-20,5690.156,,,0.05718146929360041,,,1.0,d
2015-01-22,IC,current,IC1502,2015-02-20,5690.156,,,0.05718146929360041,,,1.0,p
2015-01-22,IC,next,IC1503,2015-03-20,5690.156,,,0.05718146929360041,,,1.0,y
2015-01-22,IC,next,IC1503,2015-03-20,5690.156,,,0.05718146929360041,,,1.0,d
2015-01-22,IC,next,IC1503,2015-03-20,5690.156,,,0.05718146929360041,,,1.0,p
2015-01-22,IC,q1,IC1503,2015-03-20,5690.156,,,0.05718146929360041,,,1.0,y
2015-01-22,IC,q1,IC1503,2015-03-20,5690.156,,,0.05718146929360041,,,1.0,d
2015-01-22,IC,q1,IC1503,2015-03-20,5690.156,,,0.05718146929360041,,,1.0,p
2015-01-22,IC,q2,IC1506,2015-06-19,5690.156,,,5.419194569913773,,,0.01055165459661845,y
2015-01-22,IC,q2,IC1506,2015-06-19,5690.156,,,5.414791024013651,,,0.010560235665607518,d
2015-01-22,IC,q2,IC1506,2015-06-19,5690.156,,,5.434456431983214,,,0.010522021845105305,p
2015-01-23,IC,current,IC1502,2015-02-20,5633.289,,,0.056610001900734695,,,1.0,y
2015-01-23,IC,current,IC1502,2015-02-20,5633.289,,,0.056610001900734695,,,1.0,d
2015-01-23,IC,current,IC1502,2015-02-20,5633.289,,,0.056610001900734695,,,1.0,p
2015-01-23,IC,next,IC1503,2015-03-20,5633.289,,,0.056610001900734695,,,1.0,y
2015-01-23,IC,next,IC1503,2015-03-20,5633.289,,,0.056610001900734695,,,1.0,d
2015-01-23,IC,next,IC1503,2015-03-20,5633.289,,,0.056610001900734695,,,1.0,p
2015-01-23,IC,q1,IC1503,2015-03-20,5633.289,,,0.056610001900734695,,,1.0,y
2015-01-23,IC,q1,IC1503,2015-03-20,5633.289,,,0.056610001900734695,,,1.0,d
2015-01-23,IC,q1,IC1503,2015-03-20,5633.289,,,0.056610001900734695,,,1.0,p
2015-01-23,IC,q2,IC1506,2015-06-19,5633.289,,,5.365035538490507,,,0.01055165459661845,y
2015-01-23,IC,q2,IC1506,2015-06-19,5633.289,,,5.360676001303801,,,0.010560235665607518,d
2015-01-23,IC,q2,IC1506,2015-06-19,5633.289,,,5.380144874634419,,,0.010522021845105305,p
2015-01-26,IC,current,IC1502,2015-02-20,5758.979,,,0.0,,,,y
2015-01-26,IC,current,IC1502,2015-02-20,5758.979,,,0.0,,,,d
2015-01-26,IC,current,IC1502,2015-02-20,5758.979,,,0.0,,,,p
2015-01-26,IC,next,IC1503,2015-03-20,5758.979,,,0.0,,,,y
2015-01-26,IC,next,IC1503,2015-03-20,5758.979,,,0.0,,,,d
2015-01-26,IC,next,IC1503,2015-03-20,5758.979,,,0.0,,,,p
2015-01-26,IC,q1,IC1503,2015-03-20,5758.979,,,0.0,,,,y
2015-01-26,IC,q1,IC1503,2015-03-20,5758.979,,,0.0,,,,d
2015-01-26,IC,q1,IC1503,2015-03-20,5758.979,,,0.0,,,,p
2015-01-26,IC,q2,IC1506,2015-06-19,5758.979,,,5.426867179774415,,,0.0,y
2015-01-26,IC,q2,IC1506,2015-06-19,5758.979,,,5.422410372550791,,,0.0,d
2015-01-26,IC,q2,IC1506,2015-06-19,5758.979,,,5.442313635576119,,,0.0,p
2015-01-27,IC,current,IC1502,2015-02-20,5773.816,,,0.0,,,,y
2015-01-27,IC,current,IC1502,2015-02-20,5773.816,,,0.0,,,,d
2015-01-27,IC,current,IC1502,2015-02-20,5773.816,,,0.0,,,,p
2015-01-27,IC,next,IC1503,2015-03-20,5773.816,,,0.0,,,,y
2015-01-27,IC,next,IC1503,2015-03-20,5773.816,,,0.0,,,,d
2015-01-27,IC,next,IC1503,2015-03-20,5773.816,,,0.0,,,,p
2015-01-27,IC,q1,IC1503,2015-03-20,5773.816,,,0.0,,,,y
2015-01-27,IC,q1,IC1503,2015-03-20,5773.816,,,0.0,,,,d
2015-01-27,IC,q1,IC1503,2015-03-20,5773.816,,,0.0,,,,p
2015-01-27,IC,q2,IC1506,2015-06-19,5773.816,,,5.440848551879836,,,0.0,y
2015-01-27,IC,q2,IC1506,2015-06-19,5773.816,,,5.43638026247356,,,0.0,d
2015-01-27,IC,q2,IC1506,2015-06-19,5773.816,,,5.456334802767567,,,0.0,p
2015-01-28,IC,current,IC1502,2015-02-20,5739.919,,,0.0,,,,y
2015-01-28,IC,current,IC1502,2015-02-20,5739.919,,,0.0,,,,d
2015-01-28,IC,current,IC1502,2015-02-20,5739.919,,,0.0,,,,p
2015-01-28,IC,next,IC1503,2015-03-20,5739.919,,,0.0,,,,y
2015-01-28,IC,next,IC1503,2015-03-20,5739.919,,,0.0,,,,d
2015-01-28,IC,next,IC1503,2015-03-20,5739.919,,,0.0,,,,p
2015-01-28,IC,q1,IC1503,2015-03-20,5739.919,,,0.0,,,,y
2015-01-28,IC,q1,IC1503,2015-03-20,5739.919,,,0.0,,,,d
2015-01-28,IC,q1,IC1503,2015-03-20,5739.919,,,0.0,,,,p
2015-01-28,IC,q2,IC1506,2015-06-19,5739.919,,,5.408906341846979,,,0.0,y
2015-01-28,IC,q2,IC1506,2015-06-19,5739.919,,,5.404464284936855,,,0.0,d
2015-01-28,IC,q2,IC1506,2015-06-19,5739.919,,,5.424301675835672,,,0.0,p
2015-01-29,IC,current,IC1502,2015-02-20,5701.205,,,0.0,,,,y
2015-01-29,IC,current,IC1502,2015-02-20,5701.205,,,0.0,,,,d
2015-01-29,IC,current,IC1502,2015-02-20,5701.205,,,0.0,,,,p
2015-01-29,IC,next,IC1503,2015-03-20,5701.205,,,0.0,,,,y
2015-01-29,IC,next,IC1503,2015-03-20,5701.205,,,0.0,,,,d
2015-01-29,IC,next,IC1503,2015-03-20,5701.205,,,0.0,,,,p
2015-01-29,IC,q1,IC1503,2015-03-20,5701.205,,,0.0,,,,y
2015-01-29,IC,q1,IC1503,2015-03-20,5701.205,,,0.0,,,,d
2015-01-29,IC,q1,IC1503,2015-03-20,5701.205,,,0.0,,,,p
2015-01-29,IC,q2,IC1506,2015-06-19,5701.205,,,5.372424921095526,,,0.0,y
2015-01-29,IC,q2,IC1506,2015-06-19,5701.205,,,5.368012824502127,,,0.0,d
2015-01-29,IC,q2,IC1506,2015-06-19,5701.205,,,5.387716418260033,,,0.0,p
2015-01-30,IC,current,IC1502,2015-02-20,5632.728,,,0.0,,,,y
2015-01-30,IC,current,IC1502,2015-02-20,5632.728,,,0.0,,,,d
2015-01-30,IC,current,IC1502,2015-02-20,5632.728,,,0.0,,,,p
2015-01-30,IC,next,IC1503,2015-03-20,5632.728,,,0.0,,,,y
2015-01-30,IC,next,IC1503,2015-03-20,5632.728,,,0.0,,,,d
2015-01-30,IC,next,IC1503,2015-03-20,5632.728,,,0.0,,,,p
2015-01-30,IC,q1,IC1503,2015-03-20,5632.728,,,0.0,,,,y
2015-01-30,IC,q1,IC1503,2015-03-20,5632.728,,,0.0,,,,d
2015-01-30,IC,q1,IC1503,2015-03-20,5632.728,,,0.0,,,,p
2015-01-30,IC,q2,IC1506,2015-06-19,5632.728,,,5.307896888631888,,,0.0,y
2015-01-30,IC,q2,IC1506,2015-06-19,5632.728,,,5.303537785596592,,,0.0,d
2015-01-30,IC,q2,IC1506,2015-06-19,5632.728,,,5.3230047200886474,,,0.0,p
2015-02-02,IC,current,IC1502,2015-02-20,5609.389,,,0.0,,,,y
2015-02-02,IC,current,IC1502,2015-02-20,5609.389,,,0.0,,,,d
2015-02-02,IC,current,IC1502,2015-02-20,5609.389,,,0.0,,,,p
2015-02-02,IC,next,IC1503,2015-03-20,5609.389,,,0.0,,,,y
2015-02-02,IC,next,IC1503,2015-03-20,5609.389,,,0.0,,,,d
2015-02-02,IC,next,IC1503,2015-03-20,5609.389,,,0.0,,,,p
2015-02-02,IC,q1,IC1503,2015-03-20,5609.389,,,0.0,,,,y
2015-02-02,IC,q1,IC1503,2015-03-20,5609.389,,,0.0,,,,d
2015-02-02,IC,q1,IC1503,2015-03-20,5609.389,,,0.0,,,,p
2015-02-02,IC,q2,IC1506,2015-06-19,5609.389,,,4.981076281370345,,,0.0,y
2015-02-02,IC,q2,IC1506,2015-06-19,5609.389,,,4.9767352401171445,,,0.0,d
2015-02-02,IC,q2,IC1506,2015-06-19,5609.389,,,4.996121514086607,,,0.0,p
2015-02-03,IC,current,IC1502,2015-02-20,5707.476,,,0.0,,,,y
2015-02-03,IC,current,IC1502,2015-02-20,5707.476,,,0.0,,,,d
2015-02-03,IC,current,IC1502,2015-02-20,5707.476,,,0.0,,,,p
2015-02-03,IC,next,IC1503,2015-03-20,5707.476,,,0.0,,,,y
2015-02-03,IC,next,IC1503,2015-03-20,5707.476,,,0.0,,,,d
2015-02-03,IC,next,IC1503,2015-03-20,5707.476,,,0.0,,,,p
2015-02-03,IC,q1,IC1503,2015-03-20,5707.476,,,0.0,,,,y
2015-02-03,IC,q1,IC1503,2015-03-20,5707.476,,,0.0,,,,d
2015-02-03,IC,q1,IC1503,2015-03-20,5707.476,,,0.0,,,,p
2015-02-03,IC,q2,IC1506,2015-06-19,5707.476,,,5.068176468077092,,,0.0,y
2015-02-03,IC,q2,IC1506,2015-06-19,5707.476,,,5.06375951842934,,,0.0,d
2015-02-03,IC,q2,IC1506,2015-06-19,5707.476,,,5.083484785015439,,,0.0,p
2015-02-04,IC,current,IC1502,2015-02-20,5683.519,,,0.0,,,,y
2015-02-04,IC,current,IC1502,2015-02-20,5683.519,,,0.0,,,,d
2015-02-04,IC,current,IC1502,2015-02-20,5683.519,,,0.0,,,,p
2015-02-04,IC,next,IC1503,2015-03-20,5683.519,,,0.0,,,,y
2015-02-04,IC,next,IC1503,2015-03-20,5683.519,,,0.0,,,,d
2015-02-04,IC,next,IC1503,2015-03-20,5683.519,,,0.0,,,,p
2015-02-04,IC,q1,IC1503,2015-03-20,5683.519,,,0.0,,,,y
2015-02-04,IC,q1,IC1503,2015-03-20,5683.519,,,0.0,,,,d
2015-02-04,IC,q1,IC1503,2015-03-20,5683.519,,,0.0,,,,p
2015-02-04,IC,q2,IC1506,2015-06-19,5683.519,,,5.0469029132437955,,,0.0,y
2015-02-04,IC,q2,IC1506,2015-06-19,5683.519,,,5.04250450364119,,,0.0,d
2015-02-04,IC,q2,IC1506,2015-06-19,5683.519,,,5.062146973871841,,,0.0,p
2015-02-05,IC,current,IC1502,2015-02-20,5654.217,,,0.0,,,,y
2015-02-05,IC,current,IC1502,2015-02-20,5654.217,,,0.0,,,,d
2015-02-05,IC,current,IC1502,2015-02-20,5654.217,,,0.0,,,,p
2015-02-05,IC,next,IC1503,2015-03-20,5654.217,,,0.0,,,,y
2015-02-05,IC,next,IC1503,2015-03-20,5654.217,,,0.0,,,,d
2015-02-05,IC,next,IC1503,2015-03-20,5654.217,,,0.0,,,,p
2015-02-05,IC,q1,IC1503,2015-03-20,5654.217,,,0.0,,,,y
2015-02-05,IC,q1,IC1503,2015-03-20,5654.217,,,0.0,,,,d
2015-02-05,IC,q1,IC1503,2015-03-20,5654.217,,,0.0,,,,p
2015-02-05,IC,q2,IC1506,2015-06-19,5654.217,,,5.020883056678898,,,0.0,y
2015-02-05,IC,q2,IC1506,2015-06-19,5654.217,,,5.016507323555103,,,0.0,d
2015-02-05,IC,q2,IC1506,2015-06-19,5654.217,,,5.036048524895354,,,0.0,p
2015-02-06,IC,current,IC1502,2015-02-20,5534.785,,,0.0,,,,y
2015-02-06,IC,current,IC1502,2015-02-20,5534.785,,,0.0,,,,d
2015-02-06,IC,current,IC1502,2015-02-20,5534.785,,,0.0,,,,p
2015-02-06,IC,next,IC1503,2015-03-20,5534.785,,,0.0,,,,y
2015-02-06,IC,next,IC1503,2015-03-20,5534.785,,,0.0,,,,d
2015-02-06,IC,next,IC1503,2015-03-20,5534.785,,,0.0,,,,p
2015-02-06,IC,q1,IC1503,2015-03-20,5534.785,,,0.0,,,,y
2015-02-06,IC,q1,IC1503,2015-03-20,5534.785,,,0.0,,,,d
2015-02-06,IC,q1,IC1503,2015-03-20,5534.785,,,0.0,,,,p
2015-02-06,IC,q2,IC1506,2015-06-19,5534.785,,,4.914828742664195,,,0.0,y
2015-02-06,IC,q2,IC1506,2015-06-19,5534.785,,,4.910545436583515,,,0.0,d
2015-02-06,IC,q2,IC1506,2015-06-19,5534.785,,,4.929673876128725,,,0.0,p
2015-02-09,IC,current,IC1502,2015-02-20,5504.974,,,0.0,,,,y
2015-02-09,IC,current,IC1502,2015-02-20,5504.974,,,0.0,,,,d
2015-02-09,IC,current,IC1502,2015-02-20,5504.974,,,0.0,,,,p
2015-02-09,IC,next,IC1503,2015-03-20,5504.974,,,0.0,,,,y
2015-02-09,IC,next,IC1503,2015-03-20,5504.974,,,0.0,,,,d
2015-02-09,IC,next,IC1503,2015-03-20,5504.974,,,0.0,,,,p
2015-02-09,IC,q1,IC1503,2015-03-20,5504.974,,,0.0,,,,y
2015-02-09,IC,q1,IC1503,2015-03-20,5504.974,,,0.0,,,,d
2015-02-09,IC,q1,IC1503,2015-03-20,5504.974,,,0.0,,,,p
2015-02-09,IC,q2,IC1506,2015-06-19,5504.974,,,4.88835689964815,,,0.0,y
2015-02-09,IC,q2,IC1506,2015-06-19,5504.974,,,4.884096663955493,,,0.0,d
2015-02-09,IC,q2,IC1506,2015-06-19,5504.974,,,4.903122075485833,,,0.0,p
2015-02-10,IC,current,IC1502,2015-02-20,5580.704,,,0.0,,,,y
2015-02-10,IC,current,IC1502,2015-02-20,5580.704,,,0.0,,,,d
2015-02-10,IC,current,IC1502,2015-02-20,5580.704,,,0.0,,,,p
2015-02-10,IC,next,IC1503,2015-03-20,5580.704,,,0.0,,,,y
2015-02-10,IC,next,IC1503,2015-03-20,5580.704,,,0.0,,,,d
2015-02-10,IC,next,IC1503,2015-03-20,5580.704,,,0.0,,,,p
2015-02-10,IC,q1,IC1503,2015-03-20,5580.704,,,0.0,,,,y
2015-02-10,IC,q1,IC1503,2015-03-20,5580.704,,,0.0,,,,d
2015-02-10,IC,q1,IC1503,2015-03-20,5580.704,,,0.0,,,,p
2015-02-10,IC,q2,IC1506,2015-06-19,5580.704,,,4.984821208191438,,,0.05226695228809142,y
2015-02-10,IC,q2,IC1506,2015-06-19,5580.704,,,4.980502365927886,,,0.052312275571957945,d
2015-02-10,IC,q2,IC1506,2015-06-19,5580.704,,,4.99978950338376,,,0.05211047626642656,p
2015-02-11,IC,current,IC1502,2015-02-20,5641.786,,,0.0,,,,y
2015-02-11,IC,current,IC1502,2015-02-20,5641.786,,,0.0,,,,d
2015-02-11,IC,current,IC1502,2015-02-20,5641.786,,,0.0,,,,p
2015-02-11,IC,next,IC1503,2015-03-20,5641.786,,,0.0,,,,y
2015-02-11,IC,next,IC1503,2015-03-20,5641.786,,,0.0,,,,d
2015-02-11,IC,next,IC1503,2015-03-20,5641.786,,,0.0,,,,p
2015-02-11,IC,q1,IC1503,2015-03-20,5641.786,,,0.0,,,,y
2015-02-11,IC,q1,IC1503,2015-03-20,5641.786,,,0.0,,,,d
2015-02-11,IC,q1,IC1503,2015-03-20,5641.786,,,0.0,,,,p
2015-02-11,IC,q2,IC1506,2015-06-19,5641.786,,,5.039381143468196,,,0.05226695228809142,y
2015-02-11,IC,q2,IC1506,2015-06-19,5641.786,,,5.03501503055149,,,0.052312275571957945,d
2015-02-11,IC,q2,IC1506,2015-06-19,5641.786,,,5.0545132698558195,,,0.05211047626642656,p
2015-02-12,IC,current,IC1502,2015-02-20,5681.341,,,0.0,,,,y
2015-02-12,IC,current,IC1502,2015-02-20,5681.341,,,0.0,,,,d
2015-02-12,IC,current,IC1502,2015-02-20,5681.341,,,0.0,,,,p
2015-02-12,IC,next,IC1503,2015-03-20,5681.341,,,0.0,,,,y
2015-02-12,IC,next,IC1503,2015-03-20,5681.341,,,0.0,,,,d
2015-02-12,IC,next,IC1503,2015-03-20,5681.341,,,0.0,,,,p
2015-02-12,IC,q1,IC1503,2015-03-20,5681.341,,,0.0,,,,y
2015-02-12,IC,q1,IC1503,2015-03-20,5681.341,,,0.0,,,,d
2015-02-12,IC,q1,IC1503,2015-03-20,5681.341,,,0.0,,,,p
2015-02-12,IC,q2,IC1506,2015-06-19,5681.341,,,5.074712636213558,,,0.052266952288091424,y
2015-02-12,IC,q2,IC1506,2015-06-19,5681.341,,,5.0703159121399555,,,0.052312275571957945,d
2015-02-12,IC,q2,IC1506,2015-06-19,5681.341,,,5.089950855115017,,,0.052110476266426564,p
2015-02-13,IC,current,IC1502,2015-02-20,5769.272,,,0.0,,,,y
2015-02-13,IC,current,IC1502,2015-02-20,5769.272,,,0.0,,,,d
2015-02-13,IC,current,IC1502,2015-02-20,5769.272,,,0.0,,,,p
2015-02-13,IC,next,IC1503,2015-03-20,5769.272,,,0.0,,,,y
2015-02-13,IC,next,IC1503,2015-03-20,5769.272,,,0.0,,,,d
2015-02-13,IC,next,IC1503,2015-03-20,5769.272,,,0.0,,,,p
2015-02-13,IC,q1,IC1503,2015-03-20,5769.272,,,0.0,,,,y
2015-02-13,IC,q1,IC1503,2015-03-20,5769.272,,,0.0,,,,d
2015-02-13,IC,q1,IC1503,2015-03-20,5769.272,,,0.0,,,,p
2015-02-13,IC,q2,IC1506,2015-06-19,5769.272,,,5.15325475449424,,,0.052266952288091424,y
2015-02-13,IC,q2,IC1506,2015-06-19,5769.272,,,5.148789981636994,,,0.05231227557195795,d
2015-02-13,IC,q2,IC1506,2015-06-19,5769.272,,,5.168728817684261,,,0.052110476266426564,p
2015-02-16,IC,current,IC1502,2015-02-20,5869.713,,,0.0,,,,y
2015-02-16,IC,current,IC1502,2015-02-20,5869.713,,,0.0,,,,d
2015-02-16,IC,current,IC1502,2015-02-20,5869.713,,,0.0,,,,p
2015-02-16,IC,next,IC1503,2015-03-20,5869.713,,,0.0,,,,y
2015-02-16,IC,next,IC1503,2015-03-20,5869.713,,,0.0,,,,d
2015-02-16,IC,next,IC1503,2015-03-20,5869.713,,,0.0,,,,p
2015-02-16,IC,q1,IC1503,2015-03-20,5869.713,,,0.0,,,,y
2015-02-16,IC,q1,IC1503,2015-03-20,5869.713,,,0.0,,,,d
2015-02-16,IC,q1,IC1503,2015-03-20,5869.713,,,0.0,,,,p
2015-02-16,IC,q2,IC1506,2015-06-19,5869.713,,,5.242971110526016,,,0.052266952288091424,y
2015-02-16,IC,q2,IC1506,2015-06-19,5869.713,,,5.238428607540852,,,0.052312275571957945,d
2015-02-16,IC,q2,IC1506,2015-06-19,5869.713,,,5.258714571723424,,,0.052110476266426564,p
2015-02-17,IC,current,IC1502,2015-02-20,5911.098,,,0.0,,,,y
2015-02-17,IC,current,IC1502,2015-02-20,5911.098,,,0.0,,,,d
2015-02-17,IC,current,IC1502,2015-02-20,5911.098,,,0.0,,,,p
2015-02-17,IC,next,IC1503,2015-03-20,5911.098,,,0.0,,,,y
2015-02-17,IC,next,IC1503,2015-03-20,5911.098,,,0.0,,,,d
2015-02-17,IC,next,IC1503,2015-03-20,5911.098,,,0.0,,,,p
2015-02-17,IC,q1,IC1503,2015-03-20,5911.098,,,0.0,,,,y
2015-02-17,IC,q1,IC1503,2015-03-20,5911.098,,,0.0,,,,d
2015-02-17,IC,q1,IC1503,2015-03-20,5911.098,,,0.0,,,,p
2015-02-17,IC,q2,IC1506,2015-06-19,5911.098,,,5.279937203997558,,,0.052266952288091424,y
2015-02-17,IC,q2,IC1506,2015-06-19,5911.098,,,5.275362673639669,,,0.052312275571957945,d
2015-02-17,IC,q2,IC1506,2015-06-19,5911.098,,,5.295791666046567,,,0.052110476266426564,p
2015-02-25,IC,current,IC1503,2015-03-20,5906.538,,,0.0,,,,y
2015-02-25,IC,current,IC1503,2015-03-20,5906.538,,,0.0,,,,d
2015-02-25,IC,current,IC1503,2015-03-20,5906.538,,,0.0,,,,p
2015-02-25,IC,next,IC1504,2015-04-17,5906.538,,,0.0,,,,y
2015-02-25,IC,next,IC1504,2015-04-17,5906.538,,,0.0,,,,d
2015-02-25,IC,next,IC1504,2015-04-17,5906.538,,,0.0,,,,p
2015-02-25,IC,q1,IC1506,2015-06-19,5906.538,,,5.275864100548718,,,0.052266952288091424,y
2015-02-25,IC,q1,IC1506,2015-06-19,5906.538,,,5.271293099122075,,,0.052312275571957945,d
2015-02-25,IC,q1,IC1506,2015-06-19,5906.538,,,5.291706331985589,,,0.052110476266426564,p
2015-02-25,IC,q2,IC1509,2015-09-18,5906.538,,,11.26287923712608,,,0.03333731106876301,y
2015-02-25,IC,q2,IC1509,2015-09-18,5906.538,,,11.297714743388935,,,0.03323451841246921,d
2015-02-25,IC,q2,IC1509,2015-09-18,5906.538,,,11.271096324227027,,,0.033313006814688406,p
2015-02-26,IC,current,IC1503,2015-03-20,5969.557,,,0.0,,,,y
2015-02-26,IC,current,IC1503,2015-03-20,5969.557,,,0.0,,,,d
2015-02-26,IC,current,IC1503,2015-03-20,5969.557,,,0.0,,,,p
2015-02-26,IC,next,IC1504,2015-04-17,5969.557,,,0.0,,,,y
2015-02-26,IC,next,IC1504,2015-04-17,5969.557,,,0.0,,,,d
2015-02-26,IC,next,IC1504,2015-04-17,5969.557,,,0.0,,,,p
2015-02-26,IC,q1,IC1506,2015-06-19,5969.557,,,5.3321542115667935,,,0.052266952288091424,y
2015-02-26,IC,q1,IC1506,2015-06-19,5969.557,,,5.327534440465104,,,0.052312275571957945,d
2015-02-26,IC,q1,IC1506,2015-06-19,5969.557,,,5.348165469526971,,,0.052110476266426564,p
2015-02-26,IC,q2,IC1509,2015-09-18,5969.557,,,11.383046987954815,,,0.03333731106876301,y
2015-02-26,IC,q2,IC1509,2015-09-18,5969.557,,,11.4182541668911,,,0.03323451841246921,d
2015-02-26,IC,q2,IC1509,2015-09-18,5969.557,,,11.391351746143634,,,0.033313006814688406,p
2015-02-27,IC,current,IC1503,2015-03-20,6018.463,,,0.0,,,,y
2015-02-27,IC,current,IC1503,2015-03-20,6018.463,,,0.0,,,,d
2015-02-27,IC,current,IC1503,2015-03-20,6018.463,,,0.0,,,,p
2015-02-27,IC,next,IC1504,2015-04-17,6018.463,,,0.0,,,,y
2015-02-27,IC,next,IC1504,2015-04-17,6018.463,,,0.0,,,,d
2015-02-27,IC,next,IC1504,2015-04-17,6018.463,,,0.0,,,,p
2015-02-27,IC,q1,IC1506,2015-06-19,6018.463,,,5.3415065585966595,,,0.05923522779475833,y
2015-02-27,IC,q1,IC1506,2015-06-19,6018.463,,,5.336848939707354,,,0.059286924052045366,d
2015-02-27,IC,q1,IC1506,2015-06-19,6018.463,,,5.35764898987201,,,0.05905675387913522,p
2015-02-27,IC,q2,IC1509,2015-09-18,6018.463,,,11.441971683841059,,,0.03653354365921468,y
2015-02-27,IC,q2,IC1509,2015-09-18,6018.463,,,11.477467299975123,,,0.03642055874644151,d
2015-02-27,IC,q2,IC1509,2015-09-18,6018.463,,,11.450344479323766,,,0.03650682936342475,p
2015-03-02,IC,current,IC1503,2015-03-20,6139.792,,,0.0,,,,y
2015-03-02,IC,current,IC1503,2015-03-20,6139.792,,,0.0,,,,d
2015-03-02,IC,current,IC1503,2015-03-20,6139.792,,,0.0,,,,p
2015-03-02,IC,next,IC1504,2015-04-17,6139.792,,,0.0,,,,y
2015-03-02,IC,next,IC1504,2015-04-17,6139.792,,,0.0,,,,d
2015-03-02,IC,next,IC1504,2015-04-17,6139.792,,,0.0,,,,p
2015-03-02,IC,q1,IC1506,2015-06-19,6139.792,,,5.408027285255106,,,0.06088154257235778,y
2015-03-02,IC,q1,IC1506,2015-06-19,6139.792,,,5.40367173075623,,,0.06093061529362253,d
2015-03-02,IC,q1,IC1506,2015-06-19,6139.792,,,5.423122818151884,,,0.06071207576153221,p
2015-03-02,IC,q2,IC1509,2015-09-18,6139.792,,,11.552195562933436,,,0.036783840026074696,y
2015-03-02,IC,q2,IC1509,2015-09-18,6139.792,,,11.586320123184327,,,0.03667550257709319,d
2015-03-02,IC,q2,IC1509,2015-09-18,6139.792,,,11.559845208177803,,,0.03675949858188945,p
2015-03-03,IC,current,IC1503,2015-03-20,6118.656,,,0.0,,,,y
2015-03-03,IC,current,IC1503,2015-03-20,6118.656,,,0.0,,,,d
2015-03-03,IC,current,IC1503,2015-03-20,6118.656,,,0.0,,,,p
2015-03-03,IC,next,IC1504,2015-04-17,6118.656,,,0.0,,,,y
2015-03-03,IC,next,IC1504,2015-04-17,6118.656,,,0.0,,,,d
2015-03-03,IC,next,IC1504,2015-04-17,6118.656,,,0.0,,,,p
2015-03-03,IC,q1,IC1506,2015-06-19,6118.656,,,5.389410357401337,,,0.06088154257235778,y
2015-03-03,IC,q1,IC1506,2015-06-19,6118.656,,,5.385069796732852,,,0.06093061529362253,d
2015-03-03,IC,q1,IC1506,2015-06-19,6118.656,,,5.40445392450134,,,0.060712075761532217,p
2015-03-03,IC,q2,IC1509,2015-09-18,6118.656,,,11.512427569910518,,,0.036783840026074696,y
2015-03-03,IC,q2,IC1509,2015-09-18,6118.656,,,11.546434657663081,,,0.03667550257709319,d
2015-03-03,IC,q2,IC1509,2015-09-18,6118.656,,,11.520050881542625,,,0.03675949858188945,p
2015-03-04,IC,current,IC1503,2015-03-20,6210.421,,,0.0,,,,y
2015-03-04,IC,current,IC1503,2015-03-20,6210.421,,,0.0,,,,d
2015-03-04,IC,current,IC1503,2015-03-20,6210.421,,,0.0,,,,p
2015-03-04,IC,next,IC1504,2015-04-17,6210.421,,,0.0,,,,y
2015-03-04,IC,next,IC1504,2015-04-17,6210.421,,,0.0,,,,d
2015-03-04,IC,next,IC1504,2015-04-17,6210.421,,,0.0,,,,p
2015-03-04,IC,q1,IC1506,2015-06-19,6210.421,,,5.470238441452301,,,0.06088154257235778,y
2015-03-04,IC,q1,IC1506,2015-06-19,6210.421,,,5.46583278290125,,,0.06093061529362253,d
2015-03-04,IC,q1,IC1506,2015-06-19,6210.421,,,5.485507625572598,,,0.060712075761532217,p
2015-03-04,IC,q2,IC1509,2015-09-18,6210.421,,,11.68508606157157,,,0.036783840026074696,y
2015-03-04,IC,q2,IC1509,2015-09-18,6210.421,,,11.719603173160676,,,0.03667550257709319,d
2015-03-04,IC,q2,IC1509,2015-09-18,6210.421,,,11.692823704388813,,,0.03675949858188945,p
2015-03-05,IC,current,IC1503,2015-03-20,6208.988,,,0.0,,,,y
2015-03-05,IC,current,IC1503,2015-03-20,6208.988,,,0.0,,,,d
2015-03-05,IC,current,IC1503,2015-03-20,6208.988,,,0.0,,,,p
2015-03-05,IC,next,IC1504,2015-04-17,6208.988,,,0.0,,,,y
2015-03-05,IC,next,IC1504,2015-04-17,6208.988,,,0.0,,,,d
2015-03-05,IC,next,IC1504,2015-04-17,6208.988,,,0.0,,,,p
2015-03-05,IC,q1,IC1506,2015-06-19,6208.988,,,5.468976232064788,,,0.06088154257235778,y
2015-03-05,IC,q1,IC1506,2015-06-19,6208.988,,,5.464571590080684,,,0.06093061529362252,d
2015-03-05,IC,q1,IC1506,2015-06-19,6208.988,,,5.484241892955206,,,0.06071207576153221,p
2015-03-05,IC,q2,IC1509,2015-09-18,6208.988,,,11.682389830780416,,,0.036783840026074696,y
2015-03-05,IC,q2,IC1509,2015-09-18,6208.988,,,11.71689897784974,,,0.03667550257709319,d
2015-03-05,IC,q2,IC1509,2015-09-18,6208.988,,,11.690125688204661,,,0.036759498581889455,p
2015-03-06,IC,current,IC1503,2015-03-20,6133.026,,,0.0,,,,y
2015-03-06,IC,current,IC1503,2015-03-20,6133.026,,,0.0,,,,d
2015-03-06,IC,current,IC1503,2015-03-20,6133.026,,,0.0,,,,p
2015-03-06,IC,next,IC1504,2015-04-17,6133.026,,,0.0,,,,y
2015-03-06,IC,next,IC1504,2015-04-17,6133.026,,,0.0,,,,d
2015-03-06,IC,next,IC1504,2015-04-17,6133.026,,,0.0,,,,p
2015-03-06,IC,q1,IC1506,2015-06-19,6133.026,,,5.460636517355681,,,0.09774369649097096,y
2015-03-06,IC,q1,IC1506,2015-06-19,6133.026,,,5.456285762641836,,,0.09782163574612662,d
2015-03-06,IC,q1,IC1506,2015-06-19,6133.026,,,5.475715415100065,,,0.09747453217310283,p
2015-03-06,IC,q2,IC1509,2015-09-18,6133.026,,,11.598033972412207,,,0.05426112959128773,y
2015-03-06,IC,q2,IC1509,2015-09-18,6133.026,,,11.632120927679955,,,0.05410212189968488,d
2015-03-06,IC,q2,IC1509,2015-09-18,6133.026,,,11.605675187810785,,,0.05422540388190267,p
2015-03-09,IC,current,IC1503,2015-03-20,6212.236,,,0.0,,,,y
2015-03-09,IC,current,IC1503,2015-03-20,6212.236,,,0.0,,,,d
2015-03-09,IC,current,IC1503,2015-03-20,6212.236,,,0.0,,,,p
2015-03-09,IC,next,IC1504,2015-04-17,6212.236,,,0.0,,,,y
2015-03-09,IC,next,IC1504,2015-04-17,6212.236,,,0.0,,,,d
2015-03-09,IC,next,IC1504,2015-04-17,6212.236,,,0.0,,,,p
2015-03-09,IC,q1,IC1506,2015-06-19,6212.236,,,5.53116239129454,,,0.09774369649097096,y
2015-03-09,IC,q1,IC1506,2015-06-19,6212.236,,,5.5267554451866125,,,0.09782163574612662,d
2015-03-09,IC,q1,IC1506,2015-06-19,6212.236,,,5.546436037844869,,,0.09747453217310283,p
2015-03-09,IC,q2,IC1509,2015-09-18,6212.236,,,11.74782630509672,,,0.05426112959128774,y
2015-03-09,IC,q2,IC1509,2015-09-18,6212.236,,,11.78235350433649,,,0.05410212189968488,d
2015-03-09,IC,q2,IC1509,2015-09-18,6212.236,,,11.755566209245636,,,0.05422540388190266,p
2015-03-10,IC,current,IC1503,2015-03-20,6276.485,,,0.0,,,,y
2015-03-10,IC,current,IC1503,2015-03-20,6276.485,,,0.0,,,,d
2015-03-10,IC,current,IC1503,2015-03-20,6276.485,,,0.0,,,,p
2015-03-10,IC,next,IC1504,2015-04-17,6276.485,,,0.0,,,,y
2015-03-10,IC,next,IC1504,2015-04-17,6276.485,,,0.0,,,,d
2015-03-10,IC,next,IC1504,2015-04-17,6276.485,,,0.0,,,,p
2015-03-10,IC,q1,IC1506,2015-06-19,6276.485,,,5.5910779955502905,,,0.11660308059214583,y
2015-03-10,IC,q1,IC1506,2015-06-19,6276.485,,,5.586625471347698,,,0.11669601290720723,d
2015-03-10,IC,q1,IC1506,2015-06-19,6276.485,,,5.606509607206456,,,0.11628213697772703,p
2015-03-10,IC,q2,IC1509,2015-09-18,6276.485,,,11.872036704301966,,,0.06315279235088846,y
2015-03-10,IC,q2,IC1509,2015-09-18,6276.485,,,11.90692099525943,,,0.06296777051493088,d
2015-03-10,IC,q2,IC1509,2015-09-18,6276.485,,,11.879856657100298,,,0.06311122182781555,p
2015-03-11,IC,current,IC1503,2015-03-20,6262.892,,,0.0,,,,y
2015-03-11,IC,current,IC1503,2015-03-20,6262.892,,,0.0,,,,d
2015-03-11,IC,current,IC1503,2015-03-20,6262.892,,,0.0,,,,p
2015-03-11,IC,next,IC1504,2015-04-17,6262.892,,,0.0,,,,y
2015-03-11,IC,next,IC1504,2015-04-17,6262.892,,,0.0,,,,d
2015-03-11,IC,next,IC1504,2015-04-17,6262.892,,,0.0,,,,p
2015-03-11,IC,q1,IC1506,2015-06-19,6262.892,,,5.5789693832946226,,,0.11660308059214583,y
2015-03-11,IC,q1,IC1506,2015-06-19,6262.892,,,5.574526501935355,,,0.11669601290720723,d
2015-03-11,IC,q1,IC1506,2015-06-19,6262.892,,,5.594367574669016,,,0.11628213697772703,p
2015-03-11,IC,q2,IC1509,2015-09-18,6262.892,,,11.84632540332354,,,0.06315279235088846,y
2015-03-11,IC,q2,IC1509,2015-09-18,6262.892,,,11.88113414528073,,,0.06296777051493088,d
2015-03-11,IC,q2,IC1509,2015-09-18,6262.892,,,11.85412842042962,,,0.06311122182781555,p
2015-03-12,IC,current,IC1503,2015-03-20,6260.137,,,0.0,,,,y
2015-03-12,IC,current,IC1503,2015-03-20,6260.137,,,0.0,,,,d
2015-03-12,IC,current,IC1503,2015-03-20,6260.137,,,0.0,,,,p
2015-03-12,IC,next,IC1504,2015-04-17,6260.137,,,0.0,,,,y
2015-03-12,IC,next,IC1504,2015-04-17,6260.137,,,0.0,,,,d
2015-03-12,IC,next,IC1504,2015-04-17,6260.137,,,0.0,,,,p
2015-03-12,IC,q1,IC1506,2015-06-19,6260.137,,,5.576515235809566,,,0.11660308059214583,y
2015-03-12,IC,q1,IC1506,2015-06-19,6260.137,,,5.572074308841041,,,0.11669601290720723,d
2015-03-12,IC,q1,IC1506,2015-06-19,6260.137,,,5.59190665363314,,,0.11628213697772703,p
2015-03-12,IC,q2,IC1509,2015-09-18,6260.137,,,11.841114292148996,,,0.06315279235088846,y
2015-03-12,IC,q2,IC1509,2015-09-18,6260.137,,,11.875907721997326,,,0.06296777051493088,d
2015-03-12,IC,q2,IC1509,2015-09-18,6260.137,,,11.848913876765401,,,0.06311122182781555,p
2015-03-13,IC,current,IC1503,2015-03-20,6329.576,,,0.0,,,,y
2015-03-13,IC,current,IC1503,2015-03-20,6329.576,,,0.0,,,,d
2015-03-13,IC,current,IC1503,2015-03-20,6329.576,,,0.0,,,,p
2015-03-13,IC,next,IC1504,2015-04-17,6329.576,,,0.0,,,,y
2015-03-13,IC,next,IC1504,2015-04-17,6329.576,,,0.0,,,,d
2015-03-13,IC,next,IC1504,2015-04-17,6329.576,,,0.0,,,,p
2015-03-13,IC,q1,IC1506,2015-06-19,6329.576,,,5.617766228030262,,,0.13170142563219225,y
2015-03-13,IC,q1,IC1506,2015-06-19,6329.576,,,5.61327604119286,,,0.13180677659008225,d
2015-03-13,IC,q1,IC1506,2015-06-19,6329.576,,,5.633328371296784,,,0.13133759872223677,p
2015-03-13,IC,q2,IC1509,2015-09-18,6329.576,,,11.951853778610817,,,0.07015736466465287,y
2015-03-13,IC,q2,IC1509,2015-09-18,6329.576,,,11.9870331458556,,,0.06995146787047261,d
2015-03-13,IC,q2,IC1509,2015-09-18,6329.576,,,11.959739878163905,,,0.07011110379545638,p
2015-03-16,IC,current,IC1503,2015-03-20,6516.765,,,0.0,,,,y
2015-03-16,IC,current,IC1503,2015-03-20,6516.765,,,0.0,,,,d
2015-03-16,IC,current,IC1503,2015-03-20,6516.765,,,0.0,,,,p
2015-03-16,IC,next,IC1504,2015-04-17,6516.765,,,0.0,,,,y
2015-03-16,IC,next,IC1504,2015-04-17,6516.765,,,0.0,,,,d
2015-03-16,IC,next,IC1504,2015-04-17,6516.765,,,0.0,,,,p
2015-03-16,IC,q1,IC1506,2015-06-19,6516.765,,,5.78390437732474,,,0.13170142563219228,y
2015-03-16,IC,q1,IC1506,2015-06-19,6516.765,,,5.779281399035921,,,0.13180677659008228,d
2015-03-16,IC,q1,IC1506,2015-06-19,6516.765,,,5.7999267507924515,,,0.1313375987222368,p
2015-03-16,IC,q2,IC1509,2015-09-18,6516.765,,,12.111243977620138,,,0.07247906276756662,y
2015-03-16,IC,q2,IC1509,2015-09-18,6516.765,,,12.147463729019439,,,0.0722629539819257,d
2015-03-16,IC,q2,IC1509,2015-09-18,6516.765,,,12.119363298338317,,,0.07243050569889259,p
2015-03-17,IC,current,IC1503,2015-03-20,6618.054,,,0.0,,,,y
2015-03-17,IC,current,IC1503,2015-03-20,6618.054,,,0.0,,,,d
2015-03-17,IC,current,IC1503,2015-03-20,6618.054,,,0.0,,,,p
2015-03-17,IC,next,IC1504,2015-04-17,6618.054,,,0.0,,,,y
2015-03-17,IC,next,IC1504,2015-04-17,6618.054,,,0.0,,,,d
2015-03-17,IC,next,IC1504,2015-04-17,6618.054,,,0.0,,,,p
2015-03-17,IC,q1,IC1506,2015-06-19,6618.054,,,5.873802645940358,,,0.13170142563219225,y
2015-03-17,IC,q1,IC1506,2015-06-19,6618.054,,,5.869107813465005,,,0.13180677659008228,d
2015-03-17,IC,q1,IC1506,2015-06-19,6618.054,,,5.890074052507493,,,0.1313375987222368,p
2015-03-17,IC,q2,IC1509,2015-09-18,6618.054,,,12.299487038594282,,,0.07247906276756662,y
2015-03-17,IC,q2,IC1509,2015-09-18,6618.054,,,12.336269747595932,,,0.07226295398192571,d
2015-03-17,IC,q2,IC1509,2015-09-18,6618.054,,,12.307732556570798,,,0.0724305056988926,p
2015-03-18,IC,current,IC1503,2015-03-20,6728.068,,,0.0,,,,y
2015-03-18,IC,current,IC1503,2015-03-20,6728.068,,,0.0,,,,d
2015-03-18,IC,current,IC1503,2015-03-20,6728.068,,,0.0,,,,p
2015-03-18,IC,next,IC1504,2015-04-17,6728.068,,,0.0,,,,y
2015-03-18,IC,next,IC1504,2015-04-17,6728.068,,,0.0,,,,d
2015-03-18,IC,next,IC1504,2015-04-17,6728.068,,,0.0,,,,p
2015-03-18,IC,q1,IC1506,2015-06-19,6728.068,,,5.971444720829815,,,0.13170142563219228,y
2015-03-18,IC,q1,IC1506,2015-06-19,6728.068,,,5.966671844672749,,,0.13180677659008228,d
2015-03-18,IC,q1,IC1506,2015-06-19,6728.068,,,5.987986612122837,,,0.13133759872223677,p
2015-03-18,IC,q2,IC1509,2015-09-18,6728.068,,,12.102509979881917,,,0.07900111448393615,y
2015-03-18,IC,q2,IC1509,2015-09-18,6728.068,,,12.139904139462255,,,0.07875776987032969,d
2015-03-18,IC,q2,IC1509,2015-09-18,6728.068,,,12.110892565705667,,,0.07894643365684263,p
2015-03-19,IC,current,IC1503,2015-03-20,6782.463,,,0.0,,,,y
2015-03-19,IC,current,IC1503,2015-03-20,6782.463,,,0.0,,,,d
2015-03-19,IC,current,IC1503,2015-03-20,6782.463,,,0.0,,,,p
2015-03-19,IC,next,IC1504,2015-04-17,6782.463,,,0.0,,,,y
2015-03-19,IC,next,IC1504,2015-04-17,6782.463,,,0.0,,,,d
2015-03-19,IC,next,IC1504,2015-04-17,6782.463,,,0.0,,,,p
2015-03-19,IC,q1,IC1506,2015-06-19,6782.463,,,6.019722582407542,,,0.13170142563219228,y
2015-03-19,IC,q1,IC1506,2015-06-19,6782.463,,,6.014911118561029,,,0.13180677659008228,d
2015-03-19,IC,q1,IC1506,2015-06-19,6782.463,,,6.036398211376355,,,0.13133759872223677,p
2015-03-19,IC,q2,IC1509,2015-09-18,6782.463,,,12.200356201167981,,,0.07900111448393614,y
2015-03-19,IC,q2,IC1509,2015-09-18,6782.463,,,12.2380526845819,,,0.07875776987032969,d
2015-03-19,IC,q2,IC1509,2015-09-18,6782.463,,,12.208806558416734,,,0.07894643365684262,p
2015-03-20,IC,current,IC1503,2015-03-20,6850.897,,,0.0,,,,y
2015-03-20,IC,current,IC1503,2015-03-20,6850.897,,,0.0,,,,d
2015-03-20,IC,current,IC1503,2015-03-20,6850.897,,,0.0,,,,p
2015-03-20,IC,next,IC1504,2015-04-17,6850.897,,,0.0,,,,y
2015-03-20,IC,next,IC1504,2015-04-17,6850.897,,,0.0,,,,d
2015-03-20,IC,next,IC1504,2015-04-17,6850.897,,,0.0,,,,p
2015-03-20,IC,q1,IC1506,2015-06-19,6850.897,,,5.807879335215715,,,0.18223314011785632,y
2015-03-20,IC,q1,IC1506,2015-06-19,6850.897,,,5.803019324445044,,,0.18238575981016295,d
2015-03-20,IC,q1,IC1506,2015-06-19,6850.897,,,5.824723218695146,,,0.18170615992274872,p
2015-03-20,IC,q2,IC1509,2015-09-18,6850.897,,,12.05087458883745,,,0.10216266829329756,y
2015-03-20,IC,q2,IC1509,2015-09-18,6850.897,,,12.088951423923907,,,0.10184088429928648,d
2015-03-20,IC,q2,IC1509,2015-09-18,6850.897,,,12.059410208880557,,,0.102090357815087,p
2015-03-23,IC,current,IC1504,2015-04-17,7017.154,,,0.0,,,,y
2015-03-23,IC,current,IC1504,2015-04-17,7017.154,,,0.0,,,,d
2015-03-23,IC,current,IC1504,2015-04-17,7017.154,,,0.0,,,,p
2015-03-23,IC,next,IC1505,2015-05-15,7017.154,,,0.7867750410413836,,,0.15401488223471563,y
2015-03-23,IC,next,IC1505,2015-05-15,7017.154,,,0.7867750410413836,,,0.15401488223471563,d
2015-03-23,IC,next,IC1505,2015-05-15,7017.154,,,0.7867750410413836,,,0.15401488223471563,p
2015-03-23,IC,q1,IC1506,2015-06-19,7017.154,,,5.948824469062417,,,0.18223314011785632,y
2015-03-23,IC,q1,IC1506,2015-06-19,7017.154,,,5.943846515953582,,,0.18238575981016295,d
2015-03-23,IC,q1,IC1506,2015-06-19,7017.154,,,5.966077118508645,,,0.18170615992274872,p
2015-03-23,IC,q2,IC1509,2015-09-18,7017.154,,,12.12465440508844,,,0.10712401583780222,y
2015-03-23,IC,q2,IC1509,2015-09-18,7017.154,,,12.16365528564967,,,0.10678053923896616,d
2015-03-23,IC,q2,IC1509,2015-09-18,7017.154,,,12.13339716685058,,,0.10704682725355046,p
2015-03-24,IC,current,IC1504,2015-04-17,7046.123,,,0.0,,,,y
2015-03-24,IC,current,IC1504,2015-04-17,7046.123,,,0.0,,,,d
2015-03-24,IC,current,IC1504,2015-04-17,7046.123,,,0.0,,,,p
2015-03-24,IC,next,IC1505,2015-05-15,7046.123,,,0.7900230937653123,,,0.15401488223471563,y
2015-03-24,IC,next,IC1505,2015-05-15,7046.123,,,0.7900230937653123,,,0.15401488223471563,d
2015-03-24,IC,next,IC1505,2015-05-15,7046.123,,,0.7900230937653123,,,0.15401488223471563,p
2015-03-24,IC,q1,IC1506,2015-06-19,7046.123,,,5.898245024771833,,,0.1909341810039794,y
2015-03-24,IC,q1,IC1506,2015-06-19,7046.123,,,5.893246521120196,,,0.19109612657974148,d
2015-03-24,IC,q1,IC1506,2015-06-19,7046.123,,,5.915568898535184,,,0.19037502605108197,p
2015-03-24,IC,q2,IC1509,2015-09-18,7046.123,,,11.830624390562702,,,0.1207368193081686,y
2015-03-24,IC,q2,IC1509,2015-09-18,7046.123,,,11.869786278921248,,,0.1203384733120904,d
2015-03-24,IC,q2,IC1509,2015-09-18,7046.123,,,11.839403245171813,,,0.12064729359806958,p
2015-03-25,IC,current,IC1504,2015-04-17,7124.872,,,0.0,,,,y
2015-03-25,IC,current,IC1504,2015-04-17,7124.872,,,0.0,,,,d
2015-03-25,IC,current,IC1504,2015-04-17,7124.872,,,0.0,,,,p
2015-03-25,IC,next,IC1505,2015-05-15,7124.872,,,0.6390892319052222,,,0.557546047134494,y
2015-03-25,IC,next,IC1505,2015-05-15,7124.872,,,0.6390892319052222,,,0.557546047134494,d
2015-03-25,IC,next,IC1505,2015-05-15,7124.872,,,0.6390892319052222,,,0.557546047134494,p
2015-03-25,IC,q1,IC1506,2015-06-19,7124.872,,,5.804401759945718,,,0.23638085807781195,y
2015-03-25,IC,q1,IC1506,2015-06-19,7124.872,,,5.799347391932354,,,0.23658687364599504,d
2015-03-25,IC,q1,IC1506,2015-06-19,7124.872,,,5.8219192490823755,,,0.23566961511199025,p
2015-03-25,IC,q2,IC1509,2015-09-18,7124.872,,,11.747310076634106,,,0.14527966229770947,y
2015-03-25,IC,q2,IC1509,2015-09-18,7124.872,,,11.786909646756984,,,0.14479157743517987,d
2015-03-25,IC,q2,IC1509,2015-09-18,7124.872,,,11.756187045627765,,,0.14516996320457487,p
2015-03-26,IC,current,IC1504,2015-04-17,7074.437,,,0.0,,,,y
2015-03-26,IC,current,IC1504,2015-04-17,7074.437,,,0.0,,,,d
2015-03-26,IC,current,IC1504,2015-04-17,7074.437,,,0.0,,,,p
2015-03-26,IC,next,IC1505,2015-05-15,7074.437,,,0.6345652958385616,,,0.557546047134494,y
2015-03-26,IC,next,IC1505,2015-05-15,7074.437,,,0.6345652958385616,,,0.557546047134494,d
2015-03-26,IC,next,IC1505,2015-05-15,7074.437,,,0.6345652958385616,,,0.557546047134494,p
2015-03-26,IC,q1,IC1506,2015-06-19,7074.437,,,5.670951493736569,,,0.2732418807961054,y
2015-03-26,IC,q1,IC1506,2015-06-19,7074.437,,,5.6659329041976445,,,0.27348390428416036,d
2015-03-26,IC,q1,IC1506,2015-06-19,7074.437,,,5.68834498140841,,,0.27240637779820503,p
2015-03-26,IC,q2,IC1509,2015-09-18,7074.437,,,11.571791604715129,,,0.16261688574409855,y
2015-03-26,IC,q2,IC1509,2015-09-18,7074.437,,,11.611110860424056,,,0.16206620846696093,d
2015-03-26,IC,q2,IC1509,2015-09-18,7074.437,,,11.580605736098343,,,0.16249311617377205,p
2015-03-27,IC,current,IC1504,2015-04-17,7155.945,,,0.0,,,,y
2015-03-27,IC,current,IC1504,2015-04-17,7155.945,,,0.0,,,,d
2015-03-27,IC,current,IC1504,2015-04-17,7155.945,,,0.0,,,,p
2015-03-27,IC,next,IC1505,2015-05-15,7155.945,,,0.5716063003017738,,,0.6434751993116353,y
2015-03-27,IC,next,IC1505,2015-05-15,7155.945,,,0.5716063003017738,,,0.6434751993116353,d
2015-03-27,IC,next,IC1505,2015-05-15,7155.945,,,0.5716063003017738,,,0.6434751993116353,p
2015-03-27,IC,q1,IC1506,2015-06-19,7155.945,,,5.557843762507825,,,0.32491335308015584,y
2015-03-27,IC,q1,IC1506,2015-06-19,7155.945,,,5.552767351378839,,,0.3252103930346792,d
2015-03-27,IC,q1,IC1506,2015-06-19,7155.945,,,5.5754376489383475,,,0.32388805444105423,p
2015-03-27,IC,q2,IC1509,2015-09-18,7155.945,,,10.97442299232569,,,0.2177141950668294,y
2015-03-27,IC,q2,IC1509,2015-09-18,7155.945,,,11.014195264139552,,,0.21692802885710857,d
2015-03-27,IC,q2,IC1509,2015-09-18,7155.945,,,10.983338675566783,,,0.21753746640010593,p
2015-03-30,IC,current,IC1504,2015-04-17,7245.497,,,0.0,,,,y
2015-03-30,IC,current,IC1504,2015-04-17,7245.497,,,0.0,,,,d
2015-03-30,IC,current,IC1504,2015-04-17,7245.497,,,0.0,,,,p
2015-03-30,IC,next,IC1505,2015-05-15,7245.497,,,0.578759581581133,,,0.6434751993116353,y
2015-03-30,IC,next,IC1505,2015-05-15,7245.497,,,0.578759581581133,,,0.6434751993116353,d
2015-03-30,IC,next,IC1505,2015-05-15,7245.497,,,0.578759581581133,,,0.6434751993116353,p
2015-03-30,IC,q1,IC1506,2015-06-19,7245.497,,,5.486405151393421,,,0.3633605573619712,y
2015-03-30,IC,q1,IC1506,2015-06-19,7245.497,,,5.481265212279043,,,0.3637012909461122,d
2015-03-30,IC,q1,IC1506,2015-06-19,7245.497,,,5.504219213875831,,,0.3621845635614025,p
2015-03-30,IC,q2,IC1509,2015-09-18,7245.497,,,10.53599632415998,,,0.28636698539475663,y
2015-03-30,IC,q2,IC1509,2015-09-18,7245.497,,,10.576266320101887,,,0.2852766197599745,d
2015-03-30,IC,q2,IC1509,2015-09-18,7245.497,,,10.545023581381255,,,0.2861218357830096,p
2015-03-31,IC,current,IC1504,2015-04-17,7253.104,,,0.0,,,,y
2015-03-31,IC,current,IC1504,2015-04-17,7253.104,,,0.0,,,,d
2015-03-31,IC,current,IC1504,2015-04-17,7253.104,,,0.0,,,,p
2015-03-31,IC,next,IC1505,2015-05-15,7253.104,,,0.5822205617712001,,,0.673027377894146,y
2015-03-31,IC,next,IC1505,2015-05-15,7253.104,,,0.5822205617712001,,,0.673027377894146,d
2015-03-31,IC,next,IC1505,2015-05-15,7253.104,,,0.5822205617712001,,,0.673027377894146,p
2015-03-31,IC,q1,IC1506,2015-06-19,7253.104,,,4.100115654988877,,,0.604121884300258,y
2015-03-31,IC,q1,IC1506,2015-06-19,7253.104,,,4.100115654988877,,,0.604121884300258,d
2015-03-31,IC,q1,IC1506,2015-06-19,7253.104,,,4.100115654988877,,,0.604121884300258,p
2015-03-31,IC,q2,IC1509,2015-09-18,7253.104,,,9.101329158938462,,,0.39724812475966337,y
2015-03-31,IC,q2,IC1509,2015-09-18,7253.104,,,9.146786769589117,,,0.3952738849482505,d
2015-03-31,IC,q2,IC1509,2015-09-18,7253.104,,,9.092533128467846,,,0.39763241883485806,p
2015-04-01,IC,current,IC1504,2015-04-17,7425.733,,,0.0,,,,y
2015-04-01,IC,current,IC1504,2015-04-17,7425.733,,,0.0,,,,d
2015-04-01,IC,current,IC1504,2015-04-17,7425.733,,,0.0,,,,p
2015-04-01,IC,next,IC1505,2015-05-15,7425.733,,,0.5960778225188745,,,0.673027377894146,y
2015-04-01,IC,next,IC1505,2015-05-15,7425.733,,,0.5960778225188745,,,0.673027377894146,d
2015-04-01,IC,next,IC1505,2015-05-15,7425.733,,,0.5960778225188745,,,0.673027377894146,p
2015-04-01,IC,q1,IC1506,2015-06-19,7425.733,,,4.197701304581806,,,0.604121884300258,y
2015-04-01,IC,q1,IC1506,2015-06-19,7425.733,,,4.197701304581806,,,0.604121884300258,d
2015-04-01,IC,q1,IC1506,2015-06-19,7425.733,,,4.197701304581806,,,0.604121884300258,p
2015-04-01,IC,q2,IC1509,2015-09-18,7425.733,,,9.3179472236151,,,0.39724812475966337,y
2015-04-01,IC,q2,IC1509,2015-09-18,7425.733,,,9.364486757518064,,,0.3952738849482505,d
2015-04-01,IC,q2,IC1509,2015-09-18,7425.733,,,9.308941841404303,,,0.39763241883485806,p
2015-04-02,IC,current,IC1504,2015-04-17,7560.648,,,0.0,,,,y
2015-04-02,IC,current,IC1504,2015-04-17,7560.648,,,0.0,,,,d
2015-04-02,IC,current,IC1504,2015-04-17,7560.648,,,0.0,,,,p
2015-04-02,IC,next,IC1505,2015-05-15,7560.648,,,0.6069077081914585,,,0.673027377894146,y
2015-04-02,IC,next,IC1505,2015-05-15,7560.648,,,0.6069077081914585,,,0.673027377894146,d
2015-04-02,IC,next,IC1505,2015-05-15,7560.648,,,0.6069077081914585,,,0.673027377894146,p
2015-04-02,IC,q1,IC1506,2015-06-19,7560.648,,,4.273967562944133,,,0.604121884300258,y
2015-04-02,IC,q1,IC1506,2015-06-19,7560.648,,,4.273967562944133,,,0.604121884300258,d
2015-04-02,IC,q1,IC1506,2015-06-19,7560.648,,,4.273967562944133,,,0.604121884300258,p
2015-04-02,IC,q2,IC1509,2015-09-18,7560.648,,,9.487241062980727,,,0.39724812475966337,y
2015-04-02,IC,q2,IC1509,2015-09-18,7560.648,,,9.534626153977719,,,0.3952738849482505,d
2015-04-02,IC,q2,IC1509,2015-09-18,7560.648,,,9.478072065791993,,,0.39763241883485795,p
2015-04-03,IC,current,IC1504,2015-04-17,7679.01,,,0.0,,,,y
2015-04-03,IC,current,IC1504,2015-04-17,7679.01,,,0.0,,,,d
2015-04-03,IC,current,IC1504,2015-04-17,7679.01,,,0.0,,,,p
2015-04-03,IC,next,IC1505,2015-05-15,7679.01,,,0.6164088528231035,,,0.673027377894146,y
2015-04-03,IC,next,IC1505,2015-05-15,7679.01,,,0.6164088528231035,,,0.673027377894146,d
2015-04-03,IC,next,IC1505,2015-05-15,7679.01,,,0.6164088528231035,,,0.673027377894146,p
2015-04-03,IC,q1,IC1506,2015-06-19,7679.01,,,4.340876556549601,,,0.604121884300258,y
2015-04-03,IC,q1,IC1506,2015-06-19,7679.01,,,4.340876556549601,,,0.604121884300258,d
2015-04-03,IC,q1,IC1506,2015-06-19,7679.01,,,4.340876556549601,,,0.604121884300258,p
2015-04-03,IC,q2,IC1509,2015-09-18,7679.01,,,9.635763891539407,,,0.39724812475966337,y
2015-04-03,IC,q2,IC1509,2015-09-18,7679.01,,,9.68389079648417,,,0.3952738849482505,d
2015-04-03,IC,q2,IC1509,2015-09-18,7679.01,,,9.626451353632303,,,0.39763241883485795,p
2015-04-07,IC,current,IC1504,2015-04-17,7863.284,,,0.0,,,,y
2015-04-07,IC,current,IC1504,2015-04-17,7863.284,,,0.0,,,,d
2015-04-07,IC,current,IC1504,2015-04-17,7863.284,,,0.0,,,,p
2015-04-07,IC,next,IC1505,2015-05-15,7863.284,,,0.6312008800434254,,,0.673027377894146,y
2015-04-07,IC,next,IC1505,2015-05-15,7863.284,,,0.6312008800434254,,,0.673027377894146,d
2015-04-07,IC,next,IC1505,2015-05-15,7863.284,,,0.6312008800434254,,,0.673027377894146,p
2015-04-07,IC,q1,IC1506,2015-06-19,7863.284,,,4.210491700214205,,,0.6619249174159616,y
2015-04-07,IC,q1,IC1506,2015-06-19,7863.284,,,4.210491700214204,,,0.6619249174159617,d
2015-04-07,IC,q1,IC1506,2015-06-19,7863.284,,,4.210491700214204,,,0.6619249174159617,p
2015-04-07,IC,q2,IC1509,2015-09-18,7863.284,,,9.632440996155738,,,0.41747729240294434,y
2015-04-07,IC,q2,IC1509,2015-09-18,7863.284,,,9.68172280743371,,,0.41535225354919364,d
2015-04-07,IC,q2,IC1509,2015-09-18,7863.284,,,9.622904984309896,,,0.4178909999488689,p
2015-04-08,IC,current,IC1504,2015-04-17,7807.997,,,0.0,,,,y
2015-04-08,IC,current,IC1504,2015-04-17,7807.997,,,0.0,,,,d
2015-04-08,IC,current,IC1504,2015-04-17,7807.997,,,0.0,,,,p
2015-04-08,IC,next,IC1505,2015-05-15,7807.997,,,0.6267628865721276,,,0.673027377894146,y
2015-04-08,IC,next,IC1505,2015-05-15,7807.997,,,0.6267628865721276,,,0.673027377894146,d
2015-04-08,IC,next,IC1505,2015-05-15,7807.997,,,0.6267628865721276,,,0.673027377894146,p
2015-04-08,IC,q1,IC1506,2015-06-19,7807.997,,,4.180887599099488,,,0.6619249174159616,y
2015-04-08,IC,q1,IC1506,2015-06-19,7807.997,,,4.180887599099487,,,0.6619249174159617,d
2015-04-08,IC,q1,IC1506,2015-06-19,7807.997,,,4.180887599099487,,,0.6619249174159617,p
2015-04-08,IC,q2,IC1509,2015-09-18,7807.997,,,9.564714997024272,,,0.4174772924029443,y
2015-04-08,IC,q2,IC1509,2015-09-18,7807.997,,,9.613650306319089,,,0.4153522535491936,d
2015-04-08,IC,q2,IC1509,2015-09-18,7807.997,,,9.555246033181138,,,0.41789099994886886,p
2015-04-09,IC,current,IC1504,2015-04-17,7746.151,,,0.0,,,,y
2015-04-09,IC,current,IC1504,2015-04-17,7746.151,,,0.0,,,,d
2015-04-09,IC,current,IC1504,2015-04-17,7746.151,,,0.0,,,,p
2015-04-09,IC,next,IC1505,2015-05-15,7746.151,,,0.6217983895976872,,,0.673027377894146,y
2015-04-09,IC,next,IC1505,2015-05-15,7746.151,,,0.6217983895976872,,,0.673027377894146,d
2015-04-09,IC,next,IC1505,2015-05-15,7746.151,,,0.6217983895976872,,,0.673027377894146,p
2015-04-09,IC,q1,IC1506,2015-06-19,7746.151,,,4.147771401122733,,,0.6619249174159616,y
2015-04-09,IC,q1,IC1506,2015-06-19,7746.151,,,4.147771401122733,,,0.6619249174159616,d
2015-04-09,IC,q1,IC1506,2015-06-19,7746.151,,,4.147771401122733,,,0.6619249174159616,p
2015-04-09,IC,q2,IC1509,2015-09-18,7746.151,,,9.48895429121125,,,0.41747729240294434,y
2015-04-09,IC,q2,IC1509,2015-09-18,7746.151,,,9.537501991092455,,,0.41535225354919364,d
2015-04-09,IC,q2,IC1509,2015-09-18,7746.151,,,9.479560329643071,,,0.4178909999488689,p
2015-04-10,IC,current,IC1504,2015-04-17,7952.189,,,0.0,,,,y
2015-04-10,IC,current,IC1504,2015-04-17,7952.189,,,0.0,,,,d
2015-04-10,IC,current,IC1504,2015-04-17,7952.189,,,0.0,,,,p
2015-04-10,IC,next,IC1505,2015-05-15,7952.189,,,0.5679415787265899,,,1.0,y
2015-04-10,IC,next,IC1505,2015-05-15,7952.189,,,0.5679415787265899,,,1.0,d
2015-04-10,IC,next,IC1505,2015-05-15,7952.189,,,0.5679415787265899,,,1.0,p
2015-04-10,IC,q1,IC1506,2015-06-19,7952.189,,,4.1503923281752275,,,0.7192146078444377,y
2015-04-10,IC,q1,IC1506,2015-06-19,7952.189,,,4.1503923281752275,,,0.7192146078444377,d
2015-04-10,IC,q1,IC1506,2015-06-19,7952.189,,,4.1503923281752275,,,0.7192146078444377,p
2015-04-10,IC,q2,IC1509,2015-09-18,7952.189,,,9.514730729295593,,,0.458244194427454,y
2015-04-10,IC,q2,IC1509,2015-09-18,7952.189,,,9.564569737723211,,,0.45585637804948337,d
2015-04-10,IC,q2,IC1509,2015-09-18,7952.189,,,9.505086900012003,,,0.4587091274499231,p
2015-04-13,IC,current,IC1504,2015-04-17,8122.893,,,0.0,,,,y
2015-04-13,IC,current,IC1504,2015-04-17,8122.893,,,0.0,,,,d
2015-04-13,IC,current,IC1504,2015-04-17,8122.893,,,0.0,,,,p
2015-04-13,IC,next,IC1505,2015-05-15,8122.893,,,0.5801331777007772,,,1.0,y
2015-04-13,IC,next,IC1505,2015-05-15,8122.893,,,0.5801331777007772,,,1.0,d
2015-04-13,IC,next,IC1505,2015-05-15,8122.893,,,0.5801331777007772,,,1.0,p
2015-04-13,IC,q1,IC1506,2015-06-19,8122.893,,,4.2394858560062225,,,0.7192146078444377,y
2015-04-13,IC,q1,IC1506,2015-06-19,8122.893,,,4.239485856006222,,,0.7192146078444378,d
2015-04-13,IC,q1,IC1506,2015-06-19,8122.893,,,4.239485856006222,,,0.7192146078444378,p
2015-04-13,IC,q2,IC1509,2015-09-18,8122.893,,,9.12889242912351,,,0.5675068341186094,y
2015-04-13,IC,q2,IC1509,2015-09-18,8122.893,,,9.179801296189378,,,0.5643595840807345,d
2015-04-13,IC,q2,IC1509,2015-09-18,8122.893,,,9.119041582598,,,0.5681198834916651,p
2015-04-14,IC,current,IC1504,2015-04-17,8119.959,,,0.0,,,,y
2015-04-14,IC,current,IC1504,2015-04-17,8119.959,,,0.0,,,,d
2015-04-14,IC,current,IC1504,2015-04-17,8119.959,,,0.0,,,,p
2015-04-14,IC,next,IC1505,2015-05-15,8119.959,,,0.5799236328079203,,,1.0,y
2015-04-14,IC,next,IC1505,2015-05-15,8119.959,,,0.5799236328079203,,,1.0,d
2015-04-14,IC,next,IC1505,2015-05-15,8119.959,,,0.5799236328079203,,,1.0,p
2015-04-14,IC,q1,IC1506,2015-06-19,8119.959,,,4.237954547948671,,,0.7192146078444377,y
2015-04-14,IC,q1,IC1506,2015-06-19,8119.959,,,4.237954547948671,,,0.7192146078444377,d
2015-04-14,IC,q1,IC1506,2015-06-19,8119.959,,,4.237954547948671,,,0.7192146078444377,p
2015-04-14,IC,q2,IC1509,2015-09-18,8119.959,,,8.844717609816843,,,0.671515371651859,y
2015-04-14,IC,q2,IC1509,2015-09-18,8119.959,,,8.895608088530683,,,0.6676737299802654,d
2015-04-14,IC,q2,IC1509,2015-09-18,8119.959,,,8.834870321430497,,,0.6722638382710554,p
2015-04-15,IC,current,IC1504,2015-04-17,7802.747,,,0.0,,,,y
2015-04-15,IC,current,IC1504,2015-04-17,7802.747,,,0.0,,,,d
2015-04-15,IC,current,IC1504,2015-04-17,7802.747,,,0.0,,,,p
2015-04-15,IC,next,IC1505,2015-05-15,7802.747,,,0.5572685017401074,,,1.0,y
2015-04-15,IC,next,IC1505,2015-05-15,7802.747,,,0.5572685017401074,,,1.0,d
2015-04-15,IC,next,IC1505,2015-05-15,7802.747,,,0.5572685017401074,,,1.0,p
2015-04-15,IC,q1,IC1506,2015-06-19,7802.747,,,4.072395825538386,,,0.7192146078444377,y
2015-04-15,IC,q1,IC1506,2015-06-19,7802.747,,,4.072395825538386,,,0.7192146078444377,d
2015-04-15,IC,q1,IC1506,2015-06-19,7802.747,,,4.072395825538386,,,0.7192146078444377,p
2015-04-15,IC,q2,IC1509,2015-09-18,7802.747,,,8.499192396888398,,,0.6715153716518591,y
2015-04-15,IC,q2,IC1509,2015-09-18,7802.747,,,8.548094802690324,,,0.6676737299802654,d
2015-04-15,IC,q2,IC1509,2015-09-18,7802.747,,,8.4897297998587,,,0.6722638382710554,p
2015-04-16,IC,current,IC1504,2015-04-17,7912.088,,,0.0,,,,y
2015-04-16,IC,current,IC1504,2015-04-17,7912.088,,,0.0,,,,d
2015-04-16,IC,current,IC1504,2015-04-17,7912.088,,,0.0,,,,p
2015-04-16,IC,next,IC1505,2015-05-15,7912.088,7707.8,-204.28799999999956,0.5650775842656289,-203.72292241573393,-32.4073601190303,1.0,y
2015-04-16,IC,next,IC1505,2015-05-15,7912.088,7707.8,-204.28799999999956,0.5650775842656289,-203.72292241573393,-32.4073601190303,1.0,d
2015-04-16,IC,next,IC1505,2015-05-15,7912.088,7707.8,-204.28799999999956,0.5650775842656289,-203.72292241573393,-32.4073601190303,1.0,p
2015-04-16,IC,q1,IC1506,2015-06-19,7912.088,7652.4,-259.6880000000001,4.129462885634041,-255.55853711436606,-18.420956414796812,0.7192146078444377,y
2015-04-16,IC,q1,IC1506,2015-06-19,7912.088,7652.4,-259.6880000000001,4.129462885634041,-255.55853711436606,-18.420956414796812,0.7192146078444377,d
2015-04-16,IC,q1,IC1506,2015-06-19,7912.088,7652.4,-259.6880000000001,4.129462885634041,-255.55853711436606,-18.420956414796812,0.7192146078444377,p
2015-04-16,IC,q2,IC1509,2015-09-18,7912.088,7643.2,-268.8879999999999,8.618292784978411,-260.2697072150215,-7.74628873574638,0.671515371651859,y
2015-04-16,IC,q2,IC1509,2015-09-18,7912.088,7643.2,-268.8879999999999,8.667880467126318,-260.2201195328736,-7.744812880151181,0.6676737299802652,d
2015-04-16,IC,q2,IC1509,2015-09-18,7912.088,7643.2,-268.8879999999999,8.608697587234907,-260.279302412765,-7.746574313245938,0.6722638382710554,p
2015-04-17,IC,current,IC1504,2015-04-17,7980.76,,,0.0,,,,y
2015-04-17,IC,current,IC1504,2015-04-17,7980.76,,,0.0,,,,d
2015-04-17,IC,current,IC1504,2015-04-17,7980.76,,,0.0,,,,p
2015-04-17,IC,next,IC1505,2015-05-15,7980.76,7758.2,-222.5600000000004,0.5699821060387297,-221.99001789396166,-36.25968513708325,1.0,y
2015-04-17,IC,next,IC1505,2015-05-15,7980.76,7758.2,-222.5600000000004,0.5699821060387297,-221.99001789396166,-36.25968513708325,1.0,d
2015-04-17,IC,next,IC1505,2015-05-15,7980.76,7758.2,-222.5600000000004,0.5699821060387297,-221.99001789396166,-36.25968513708325,1.0,p
2015-04-17,IC,q1,IC1506,2015-06-19,7980.76,7674.8,-305.96000000000004,4.104562250733024,-301.855437749267,-21.913263855620873,0.755850212650326,y
2015-04-17,IC,q1,IC1506,2015-06-19,7980.76,7674.8,-305.96000000000004,4.104562250733024,-301.855437749267,-21.913263855620873,0.755850212650326,d
2015-04-17,IC,q1,IC1506,2015-06-19,7980.76,7674.8,-305.96000000000004,4.104562250733024,-301.855437749267,-21.913263855620873,0.755850212650326,p
2015-04-17,IC,q2,IC1509,2015-09-18,7980.76,7608.8,-371.96000000000004,9.186598476076394,-362.77340152392367,-10.773661594139762,0.7182314627156902,y
2015-04-17,IC,q2,IC1509,2015-09-18,7980.76,7608.8,-371.96000000000004,9.236616548446003,-362.723383451554,-10.77217615506667,0.7143420998638472,d
2015-04-17,IC,q2,IC1509,2015-09-18,7980.76,7608.8,-371.96000000000004,9.176919997987746,-362.7830800020123,-10.77394902603867,0.718988948612483,p
2015-04-20,IC,current,IC1505,2015-05-15,7839.901,7622.2,-217.70100000000002,0.5599220228543575,-217.14107797714567,-40.437497086587285,1.0,y
2015-04-20,IC,current,IC1505,2015-05-15,7839.901,7622.2,-217.70100000000002,0.5599220228543575,-217.14107797714567,-40.437497086587285,1.0,d
2015-04-20,IC,current,IC1505,2015-05-15,7839.901,7622.2,-217.70100000000002,0.5599220228543575,-217.14107797714567,-40.437497086587285,1.0,p
2015-04-20,IC,next,IC1506,2015-06-19,7839.901,7505.0,-334.90099999999984,3.9831632057449258,-330.9178367942549,-25.677409793376864,0.7835884159322611,y
2015-04-20,IC,next,IC1506,2015-06-19,7839.901,7505.0,-334.90099999999984,3.9831632057449258,-330.9178367942549,-25.677409793376864,0.7835884159322611,d
2015-04-20,IC,next,IC1506,2015-06-19,7839.901,7505.0,-334.90099999999984,3.9831632057449258,-330.9178367942549,-25.677409793376864,0.7835884159322611,p
2015-04-20,IC,q1,IC1506,2015-06-19,7839.901,7505.0,-334.90099999999984,3.9831632057449258,-330.9178367942549,-25.677409793376864,0.7835884159322611,y
2015-04-20,IC,q1,IC1506,2015-06-19,7839.901,7505.0,-334.90099999999984,3.9831632057449258,-330.9178367942549,-25.677409793376864,0.7835884159322611,d
2015-04-20,IC,q1,IC1506,2015-06-19,7839.901,7505.0,-334.90099999999984,3.9831632057449258,-330.9178367942549,-25.677409793376864,0.7835884159322611,p
2015-04-20,IC,q2,IC1509,2015-09-18,7839.901,7419.4,-420.5010000000002,8.975502392126387,-411.52549760787383,-12.688260524643514,0.7359605703778355,y
2015-04-20,IC,q2,IC1509,2015-09-18,7839.901,7419.4,-420.5010000000002,9.02463765438068,-411.4763623456195,-12.686745573535857,0.7319535822837727,d
2015-04-20,IC,q2,IC1509,2015-09-18,7839.901,7419.4,-420.5010000000002,8.965994737461207,-411.535005262539,-12.68855366710995,0.7367409923115118,p
2015-04-21,IC,current,IC1505,2015-05-15,8112.687,8140.4,27.712999999999738,0.5794042700059924,28.29240427000573,5.303795338581047,1.0,y
2015-04-21,IC,current,IC1505,2015-05-15,8112.687,8140.4,27.712999999999738,0.5794042700059924,28.29240427000573,5.303795338581047,1.0,d
2015-04-21,IC,current,IC1505,2015-05-15,8112.687,8140.4,27.712999999999738,0.5794042700059924,28.29240427000573,5.303795338581047,1.0,p
2015-04-21,IC,next,IC1506,2015-06-19,8112.687,8075.0,-37.6869999999999,4.121755664787755,-33.56524433521214,-2.559563716943938,0.7835884159322613,y
2015-04-21,IC,next,IC1506,2015-06-19,8112.687,8075.0,-37.6869999999999,4.121755664787755,-33.56524433521214,-2.559563716943938,0.7835884159322613,d
2015-04-21,IC,next,IC1506,2015-06-19,8112.687,8075.0,-37.6869999999999,4.121755664787755,-33.56524433521214,-2.559563716943938,0.7835884159322613,p
2015-04-21,IC,q1,IC1506,2015-06-19,8112.687,8075.0,-37.6869999999999,4.121755664787755,-33.56524433521214,-2.559563716943938,0.7835884159322613,y
2015-04-21,IC,q1,IC1506,2015-06-19,8112.687,8075.0,-37.6869999999999,4.121755664787755,-33.56524433521214,-2.559563716943938,0.7835884159322613,d
2015-04-21,IC,q1,IC1506,2015-06-19,8112.687,8075.0,-37.6869999999999,4.121755664787755,-33.56524433521214,-2.559563716943938,0.7835884159322613,p
2015-04-21,IC,q2,IC1509,2015-09-18,8112.687,8024.0,-88.6869999999999,9.087541580337978,-79.59945841966191,-2.3875198869110075,0.7609447532507108,y
2015-04-21,IC,q2,IC1509,2015-09-18,8112.687,8024.0,-88.6869999999999,9.138386483013662,-79.54861351698624,-2.3859948361293024,0.7567109465505322,d
2015-04-21,IC,q2,IC1509,2015-09-18,8112.687,8024.0,-88.6869999999999,9.077703110897781,-79.60929688910211,-2.387814983660553,0.7617694697686532,p
2015-04-22,IC,current,IC1505,2015-05-15,8323.427,8189.8,-133.6269999999995,0.5555654226845951,-133.0714345773149,-25.37159044701803,1.0,y
2015-04-22,IC,current,IC1505,2015-05-15,8323.427,8189.8,-133.6269999999995,0.5555654226845951,-133.0714345773149,-25.37159044701803,1.0,d
2015-04-22,IC,current,IC1505,2015-05-15,8323.427,8189.8,-133.6269999999995,0.5555654226845951,-133.0714345773149,-25.37159044701803,1.0,p
2015-04-22,IC,next,IC1506,2015-06-19,8323.427,8126.6,-196.82699999999932,4.189935051737729,-192.63706494826158,-14.564733705139075,0.7815797444872906,y
2015-04-22,IC,next,IC1506,2015-06-19,8323.427,8126.6,-196.82699999999932,4.189935051737729,-192.63706494826158,-14.564733705139075,0.7815797444872906,d
2015-04-22,IC,next,IC1506,2015-06-19,8323.427,8126.6,-196.82699999999932,4.189935051737729,-192.63706494826158,-14.564733705139075,0.7815797444872906,p
2015-04-22,IC,q1,IC1506,2015-06-19,8323.427,8126.6,-196.82699999999932,4.189935051737729,-192.63706494826158,-14.564733705139075,0.7815797444872906,y
2015-04-22,IC,q1,IC1506,2015-06-19,8323.427,8126.6,-196.82699999999932,4.189935051737729,-192.63706494826158,-14.564733705139075,0.7815797444872906,d
2015-04-22,IC,q1,IC1506,2015-06-19,8323.427,8126.6,-196.82699999999932,4.189935051737729,-192.63706494826158,-14.564733705139075,0.7815797444872906,p
2015-04-22,IC,q2,IC1509,2015-09-18,8323.427,8029.0,-294.4269999999997,9.28471518632328,-285.1422848136764,-8.392011036596259,0.7599434505519376,y
2015-04-22,IC,q2,IC1509,2015-09-18,8323.427,8029.0,-294.4269999999997,9.33688086654035,-285.0901191334593,-8.390475750574407,0.755697603615343,d
2015-04-22,IC,q2,IC1509,2015-09-18,8323.427,8029.0,-294.4269999999997,9.274621146928292,-285.1523788530714,-8.392308113860903,0.7607705354545242,p
2015-04-23,IC,current,IC1505,2015-05-15,8410.703,8265.6,-145.10299999999916,0.5613908510604576,-144.5416091489387,-28.512202811628896,1.0,y
2015-04-23,IC,current,IC1505,2015-05-15,8410.703,8265.6,-145.10299999999916,0.5613908510604576,-144.5416091489387,-28.512202811628896,1.0,d
2015-04-23,IC,current,IC1505,2015-05-15,8410.703,8265.6,-145.10299999999916,0.5613908510604576,-144.5416091489387,-28.512202811628896,1.0,p
2015-04-23,IC,next,IC1506,2015-06-19,8410.703,8204.0,-206.70299999999952,4.209125513844924,-202.4938744861546,-15.416919388713973,0.8024224056684577,y
2015-04-23,IC,next,IC1506,2015-06-19,8410.703,8204.0,-206.70299999999952,4.209125513844924,-202.4938744861546,-15.416919388713973,0.8024224056684577,d
2015-04-23,IC,next,IC1506,2015-06-19,8410.703,8204.0,-206.70299999999952,4.209125513844924,-202.4938744861546,-15.416919388713973,0.8024224056684577,p
2015-04-23,IC,q1,IC1506,2015-06-19,8410.703,8204.0,-206.70299999999952,4.209125513844924,-202.4938744861546,-15.416919388713973,0.8024224056684577,y
2015-04-23,IC,q1,IC1506,2015-06-19,8410.703,8204.0,-206.70299999999952,4.209125513844924,-202.4938744861546,-15.416919388713973,0.8024224056684577,d
2015-04-23,IC,q1,IC1506,2015-06-19,8410.703,8204.0,-206.70299999999952,4.209125513844924,-202.4938744861546,-15.416919388713973,0.8024224056684577,p
2015-04-23,IC,q2,IC1509,2015-09-18,8410.703,8102.0,-308.7029999999995,9.276888195606094,-299.42611180439343,-8.779878834035216,0.7799815680211966,y
2015-04-23,IC,q2,IC1509,2015-09-18,8410.703,8102.0,-308.7029999999995,9.329600863489013,-299.3733991365105,-8.778333174459162,0.7755746367975039,d
2015-04-23,IC,q2,IC1509,2015-09-18,8410.703,8102.0,-308.7029999999995,9.266688314304611,-299.43631168569493,-8.780177918578676,0.7808400968873158,p
2015-04-24,IC,current,IC1505,2015-05-15,8419.095,8327.2,-91.89499999999862,0.5619509935386903,-91.33304900645993,-18.855415880073455,1.0,y
2015-04-24,IC,current,IC1505,2015-05-15,8419.095,8327.2,-91.89499999999862,0.5619509935386903,-91.33304900645993,-18.855415880073455,1.0,d
2015-04-24,IC,current,IC1505,2015-05-15,8419.095,8327.2,-91.89499999999862,0.5619509935386903,-91.33304900645993,-18.855415880073455,1.0,p
2015-04-24,IC,next,IC1506,2015-06-19,8419.095,8240.0,-179.09499999999935,4.21332527946644,-174.8816747205329,-13.538910924892106,0.8024224056684577,y
2015-04-24,IC,next,IC1506,2015-06-19,8419.095,8240.0,-179.09499999999935,4.21332527946644,-174.8816747205329,-13.538910924892106,0.8024224056684577,d
2015-04-24,IC,next,IC1506,2015-06-19,8419.095,8240.0,-179.09499999999935,4.21332527946644,-174.8816747205329,-13.538910924892106,0.8024224056684577,p
2015-04-24,IC,q1,IC1506,2015-06-19,8419.095,8240.0,-179.09499999999935,4.21332527946644,-174.8816747205329,-13.538910924892106,0.8024224056684577,y
2015-04-24,IC,q1,IC1506,2015-06-19,8419.095,8240.0,-179.09499999999935,4.21332527946644,-174.8816747205329,-13.538910924892106,0.8024224056684577,d
2015-04-24,IC,q1,IC1506,2015-06-19,8419.095,8240.0,-179.09499999999935,4.21332527946644,-174.8816747205329,-13.538910924892106,0.8024224056684577,p
2015-04-24,IC,q2,IC1509,2015-09-18,8419.095,8120.0,-299.09499999999935,9.059250086356354,-290.035749913643,-8.553850431706298,0.8526995095607125,y
2015-04-24,IC,q2,IC1509,2015-09-18,8419.095,8120.0,-299.09499999999935,9.112015349689246,-289.9829846503101,-8.55229425743925,0.8477617529350793,d
2015-04-24,IC,q2,IC1509,2015-09-18,8419.095,8120.0,-299.09499999999935,9.04904002785519,-290.04595997214415,-8.554151550838487,0.8536616129274484,p
2015-04-27,IC,current,IC1505,2015-05-15,8513.016,8347.2,-165.8159999999989,0.5682199570394166,-165.24778004295948,-39.36158186454993,1.0,y
2015-04-27,IC,current,IC1505,2015-05-15,8513.016,8347.2,-165.8159999999989,0.5682199570394166,-165.24778004295948,-39.36158186454993,1.0,d
2015-04-27,IC,current,IC1505,2015-05-15,8513.016,8347.2,-165.8159999999989,0.5682199570394166,-165.24778004295948,-39.36158186454993,1.0,p
2015-04-27,IC,next,IC1506,2015-06-19,8513.016,8262.6,-250.41599999999926,4.119400912077028,-246.29659908792223,-19.92470776228361,0.8861934174303473,y
2015-04-27,IC,next,IC1506,2015-06-19,8513.016,8262.6,-250.41599999999926,4.119400912077028,-246.29659908792223,-19.92470776228361,0.8861934174303473,d
2015-04-27,IC,next,IC1506,2015-06-19,8513.016,8262.6,-250.41599999999926,4.119400912077028,-246.29659908792223,-19.92470776228361,0.8861934174303473,p
2015-04-27,IC,q1,IC1506,2015-06-19,8513.016,8262.6,-250.41599999999926,4.119400912077028,-246.29659908792223,-19.92470776228361,0.8861934174303473,y
2015-04-27,IC,q1,IC1506,2015-06-19,8513.016,8262.6,-250.41599999999926,4.119400912077028,-246.29659908792223,-19.92470776228361,0.8861934174303473,d
2015-04-27,IC,q1,IC1506,2015-06-19,8513.016,8262.6,-250.41599999999926,4.119400912077028,-246.29659908792223,-19.92470776228361,0.8861934174303473,p
2015-04-27,IC,q2,IC1509,2015-09-18,8513.016,8187.0,-326.0159999999996,9.019385460992408,-316.9966145390072,-9.438468848657559,0.8917456048589392,y
2015-04-27,IC,q2,IC1509,2015-09-18,8513.016,8187.0,-326.0159999999996,9.072739358412159,-316.9432606415875,-9.43688025409328,0.8865015322975419,d
2015-04-27,IC,q2,IC1509,2015-09-18,8513.016,8187.0,-326.0159999999996,9.009061502018037,-317.0069384979816,-9.438776241105002,0.892767503204075,p
2015-04-28,IC,current,IC1505,2015-05-15,8266.483,8147.0,-119.48300000000017,0.4473897849304982,-119.03561021506968,-30.917193832791177,1.0,y
2015-04-28,IC,current,IC1505,2015-05-15,8266.483,8147.0,-119.48300000000017,0.4473897849304982,-119.03561021506968,-30.917193832791177,1.0,d
2015-04-28,IC,current,IC1505,2015-05-15,8266.483,8147.0,-119.48300000000017,0.4473897849304982,-119.03561021506968,-30.917193832791177,1.0,p
2015-04-28,IC,next,IC1506,2015-06-19,8266.483,8054.0,-212.48300000000017,3.798026455681196,-208.68497354431898,-17.71984515516929,0.9224722196843915,y
2015-04-28,IC,next,IC1506,2015-06-19,8266.483,8054.0,-212.48300000000017,3.798026455681196,-208.68497354431898,-17.71984515516929,0.9224722196843915,d
2015-04-28,IC,next,IC1506,2015-06-19,8266.483,8054.0,-212.48300000000017,3.798026455681196,-208.68497354431898,-17.71984515516929,0.9224722196843915,p
2015-04-28,IC,q1,IC1506,2015-06-19,8266.483,8054.0,-212.48300000000017,3.798026455681196,-208.68497354431898,-17.71984515516929,0.9224722196843915,y
2015-04-28,IC,q1,IC1506,2015-06-19,8266.483,8054.0,-212.48300000000017,3.798026455681196,-208.68497354431898,-17.71984515516929,0.9224722196843915,d
2015-04-28,IC,q1,IC1506,2015-06-19,8266.483,8054.0,-212.48300000000017,3.798026455681196,-208.68497354431898,-17.71984515516929,0.9224722196843915,p
2015-04-28,IC,q2,IC1509,2015-09-18,8266.483,7993.4,-273.08300000000054,8.515911225105656,-264.5670887748949,-8.169055911705797,0.9193055982931618,y
2015-04-28,IC,q2,IC1509,2015-09-18,8266.483,7993.4,-273.08300000000054,8.567720018370476,-264.51527998163004,-8.167456208088623,0.9137465798393561,d
2015-04-28,IC,q2,IC1509,2015-09-18,8266.483,7993.4,-273.08300000000054,8.505886243200965,-264.5771137567996,-8.169365453750775,0.9203890858598026,p
2015-04-29,IC,current,IC1505,2015-05-15,8428.254,8302.2,-126.05400000000009,0.4561449826243653,-125.59785501737572,-33.995191264808625,1.0,y
2015-04-29,IC,current,IC1505,2015-05-15,8428.254,8302.2,-126.05400000000009,0.4561449826243653,-125.59785501737572,-33.995191264808625,1.0,d
2015-04-29,IC,current,IC1505,2015-05-15,8428.254,8302.2,-126.05400000000009,0.4561449826243653,-125.59785501737572,-33.995191264808625,1.0,p
2015-04-29,IC,next,IC1506,2015-06-19,8428.254,8209.0,-219.25400000000081,3.625782291209062,-215.62821770879177,-18.31009789348946,1.0,y
2015-04-29,IC,next,IC1506,2015-06-19,8428.254,8209.0,-219.25400000000081,3.625782291209062,-215.62821770879177,-18.31009789348946,1.0,d
2015-04-29,IC,next,IC1506,2015-06-19,8428.254,8209.0,-219.25400000000081,3.625782291209062,-215.62821770879177,-18.31009789348946,1.0,p
2015-04-29,IC,q1,IC1506,2015-06-19,8428.254,8209.0,-219.25400000000081,3.625782291209062,-215.62821770879177,-18.31009789348946,1.0,y
2015-04-29,IC,q1,IC1506,2015-06-19,8428.254,8209.0,-219.25400000000081,3.625782291209062,-215.62821770879177,-18.31009789348946,1.0,d
2015-04-29,IC,q1,IC1506,2015-06-19,8428.254,8209.0,-219.25400000000081,3.625782291209062,-215.62821770879177,-18.31009789348946,1.0,p
2015-04-29,IC,q2,IC1509,2015-09-18,8428.254,8118.0,-310.2540000000008,8.273687204864673,-301.9803127951361,-9.20970109821993,0.9940466652111459,y
2015-04-29,IC,q2,IC1509,2015-09-18,8428.254,8118.0,-310.2540000000008,8.273687204864673,-301.9803127951361,-9.20970109821993,0.9940466652111459,d
2015-04-29,IC,q2,IC1509,2015-09-18,8428.254,8118.0,-310.2540000000008,8.273687204864673,-301.9803127951361,-9.20970109821993,0.9940466652111459,p
2015-04-30,IC,current,IC1505,2015-05-15,8469.673,8338.8,-130.8730000000014,0.33811955518452763,-130.53488044481688,-37.502613825711386,1.0,y
2015-04-30,IC,current,IC1505,2015-05-15,8469.673,8338.8,-130.8730000000014,0.33811955518452763,-130.53488044481688,-37.502613825711386,1.0,d
2015-04-30,IC,current,IC1505,2015-05-15,8469.673,8338.8,-130.8730000000014,0.33811955518452763,-130.53488044481688,-37.502613825711386,1.0,p
2015-04-30,IC,next,IC1506,2015-06-19,8469.673,8234.6,-235.07300000000032,3.3370924492225384,-231.73590755077777,-19.97328734085339,1.0,y
2015-04-30,IC,next,IC1506,2015-06-19,8469.673,8234.6,-235.07300000000032,3.3370924492225384,-231.73590755077777,-19.97328734085339,1.0,d
2015-04-30,IC,next,IC1506,2015-06-19,8469.673,8234.6,-235.07300000000032,3.3370924492225384,-231.73590755077777,-19.97328734085339,1.0,p
2015-04-30,IC,q1,IC1506,2015-06-19,8469.673,8234.6,-235.07300000000032,3.3370924492225384,-231.73590755077777,-19.97328734085339,1.0,y
2015-04-30,IC,q1,IC1506,2015-06-19,8469.673,8234.6,-235.07300000000032,3.3370924492225384,-231.73590755077777,-19.97328734085339,1.0,d
2015-04-30,IC,q1,IC1506,2015-06-19,8469.673,8234.6,-235.07300000000032,3.3370924492225384,-231.73590755077777,-19.97328734085339,1.0,p
2015-04-30,IC,q2,IC1509,2015-09-18,8469.673,8154.0,-315.6730000000007,8.081966729448185,-307.5910332705525,-9.40114561447245,1.0,y
2015-04-30,IC,q2,IC1509,2015-09-18,8469.673,8154.0,-315.6730000000007,8.081966729448185,-307.5910332705525,-9.40114561447245,1.0,d
2015-04-30,IC,q2,IC1509,2015-09-18,8469.673,8154.0,-315.6730000000007,8.081966729448185,-307.5910332705525,-9.40114561447245,1.0,p
2015-05-04,IC,current,IC1505,2015-05-15,8510.481,8347.2,-163.28099999999904,0.3397486597329523,-162.9412513402661,-63.529746159948516,1.0,y
2015-05-04,IC,current,IC1505,2015-05-15,8510.481,8347.2,-163.28099999999904,0.3397486597329523,-162.9412513402661,-63.529746159948516,1.0,d
2015-05-04,IC,current,IC1505,2015-05-15,8510.481,8347.2,-163.28099999999904,0.3397486597329523,-162.9412513402661,-63.529746159948516,1.0,p
2015-05-04,IC,next,IC1506,2015-06-19,8510.481,8226.4,-284.08100000000013,3.353171000149814,-280.7278289998503,-26.17377672689592,1.0,y
2015-05-04,IC,next,IC1506,2015-06-19,8510.481,8226.4,-284.08100000000013,3.353171000149814,-280.7278289998503,-26.17377672689592,1.0,d
2015-05-04,IC,next,IC1506,2015-06-19,8510.481,8226.4,-284.08100000000013,3.353171000149814,-280.7278289998503,-26.17377672689592,1.0,p
2015-05-04,IC,q1,IC1506,2015-06-19,8510.481,8226.4,-284.08100000000013,3.353171000149814,-280.7278289998503,-26.17377672689592,1.0,y
2015-05-04,IC,q1,IC1506,2015-06-19,8510.481,8226.4,-284.08100000000013,3.353171000149814,-280.7278289998503,-26.17377672689592,1.0,d
2015-05-04,IC,q1,IC1506,2015-06-19,8510.481,8226.4,-284.08100000000013,3.353171000149814,-280.7278289998503,-26.17377672689592,1.0,p
2015-05-04,IC,q2,IC1509,2015-09-18,8510.481,8140.4,-370.08100000000013,8.120906709574372,-361.96009329042573,-11.331277679239804,1.0,y
2015-05-04,IC,q2,IC1509,2015-09-18,8510.481,8140.4,-370.08100000000013,8.120906709574372,-361.96009329042573,-11.331277679239804,1.0,d
2015-05-04,IC,q2,IC1509,2015-09-18,8510.481,8140.4,-370.08100000000013,8.120906709574372,-361.96009329042573,-11.331277679239804,1.0,p
2015-05-05,IC,current,IC1505,2015-05-15,8199.344,8145.0,-54.34399999999914,0.32732769566014236,-54.016672304339,-24.045930248912274,1.0,y
2015-05-05,IC,current,IC1505,2015-05-15,8199.344,8145.0,-54.34399999999914,0.32732769566014236,-54.016672304339,-24.045930248912274,1.0,d
2015-05-05,IC,current,IC1505,2015-05-15,8199.344,8145.0,-54.34399999999914,0.32732769566014236,-54.016672304339,-24.045930248912274,1.0,p
2015-05-05,IC,next,IC1506,2015-06-19,8199.344,8019.4,-179.9439999999995,3.2305815054463287,-176.71341849455317,-17.481181082701227,1.0,y
2015-05-05,IC,next,IC1506,2015-06-19,8199.344,8019.4,-179.9439999999995,3.2305815054463287,-176.71341849455317,-17.481181082701227,1.0,d
2015-05-05,IC,next,IC1506,2015-06-19,8199.344,8019.4,-179.9439999999995,3.2305815054463287,-176.71341849455317,-17.481181082701227,1.0,p
2015-05-05,IC,q1,IC1506,2015-06-19,8199.344,8019.4,-179.9439999999995,3.2305815054463287,-176.71341849455317,-17.481181082701227,1.0,y
2015-05-05,IC,q1,IC1506,2015-06-19,8199.344,8019.4,-179.9439999999995,3.2305815054463287,-176.71341849455317,-17.481181082701227,1.0,d
2015-05-05,IC,q1,IC1506,2015-06-19,8199.344,8019.4,-179.9439999999995,3.2305815054463287,-176.71341849455317,-17.481181082701227,1.0,p
2015-05-05,IC,q2,IC1509,2015-09-18,8199.344,7935.4,-263.9439999999995,7.824012262492375,-256.11998773750713,-8.383363955001453,1.0,y
2015-05-05,IC,q2,IC1509,2015-09-18,8199.344,7935.4,-263.9439999999995,7.824012262492375,-256.11998773750713,-8.383363955001453,1.0,d
2015-05-05,IC,q2,IC1509,2015-09-18,8199.344,7935.4,-263.9439999999995,7.824012262492375,-256.11998773750713,-8.383363955001453,1.0,p
2015-05-06,IC,current,IC1505,2015-05-15,8082.999,8040.8,-42.198999999999614,0.32268306302226557,-41.87631693697735,-21.010979934547027,1.0,y
2015-05-06,IC,current,IC1505,2015-05-15,8082.999,8040.8,-42.198999999999614,0.32268306302226557,-41.87631693697735,-21.010979934547027,1.0,d
2015-05-06,IC,current,IC1505,2015-05-15,8082.999,8040.8,-42.198999999999614,0.32268306302226557,-41.87631693697735,-21.010979934547027,1.0,p
2015-05-06,IC,next,IC1506,2015-06-19,8082.999,7933.0,-149.9989999999998,3.1847410082978795,-146.8142589917019,-15.067316129697089,1.0,y
2015-05-06,IC,next,IC1506,2015-06-19,8082.999,7933.0,-149.9989999999998,3.1847410082978795,-146.8142589917019,-15.067316129697089,1.0,d
2015-05-06,IC,next,IC1506,2015-06-19,8082.999,7933.0,-149.9989999999998,3.1847410082978795,-146.8142589917019,-15.067316129697089,1.0,p
2015-05-06,IC,q1,IC1506,2015-06-19,8082.999,7933.0,-149.9989999999998,3.1847410082978795,-146.8142589917019,-15.067316129697089,1.0,y
2015-05-06,IC,q1,IC1506,2015-06-19,8082.999,7933.0,-149.9989999999998,3.1847410082978795,-146.8142589917019,-15.067316129697089,1.0,d
2015-05-06,IC,q1,IC1506,2015-06-19,8082.999,7933.0,-149.9989999999998,3.1847410082978795,-146.8142589917019,-15.067316129697089,1.0,p
2015-05-06,IC,q2,IC1509,2015-09-18,8082.999,7835.2,-247.79899999999998,7.712993050872559,-240.0860069491274,-8.03070031551147,1.0,y
2015-05-06,IC,q2,IC1509,2015-09-18,8082.999,7835.2,-247.79899999999998,7.712993050872559,-240.0860069491274,-8.03070031551147,1.0,d
2015-05-06,IC,q2,IC1509,2015-09-18,8082.999,7835.2,-247.79899999999998,7.712993050872559,-240.0860069491274,-8.03070031551147,1.0,p
2015-05-07,IC,current,IC1505,2015-05-15,7903.478,7911.4,7.921999999999571,0.14414280825557738,8.066142808255147,4.656402733412316,1.0,y
2015-05-07,IC,current,IC1505,2015-05-15,7903.478,7911.4,7.921999999999571,0.14414280825557738,8.066142808255147,4.656402733412316,1.0,d
2015-05-07,IC,current,IC1505,2015-05-15,7903.478,7911.4,7.921999999999571,0.14414280825557738,8.066142808255147,4.656402733412316,1.0,p
2015-05-07,IC,next,IC1506,2015-06-19,7903.478,7834.4,-69.07800000000043,2.9426352991257376,-66.13536470087469,-7.102968896589831,1.0,y
2015-05-07,IC,next,IC1506,2015-06-19,7903.478,7834.4,-69.07800000000043,2.9426352991257376,-66.13536470087469,-7.102968896589831,1.0,d
2015-05-07,IC,next,IC1506,2015-06-19,7903.478,7834.4,-69.07800000000043,2.9426352991257376,-66.13536470087469,-7.102968896589831,1.0,p
2015-05-07,IC,q1,IC1506,2015-06-19,7903.478,7834.4,-69.07800000000043,2.9426352991257376,-66.13536470087469,-7.102968896589831,1.0,y
2015-05-07,IC,q1,IC1506,2015-06-19,7903.478,7834.4,-69.07800000000043,2.9426352991257376,-66.13536470087469,-7.102968896589831,1.0,d
2015-05-07,IC,q1,IC1506,2015-06-19,7903.478,7834.4,-69.07800000000043,2.9426352991257376,-66.13536470087469,-7.102968896589831,1.0,p
2015-05-07,IC,q2,IC1509,2015-09-18,7903.478,7716.0,-187.47800000000007,7.370316212725262,-180.1076837872748,-6.207290325113291,1.0,y
2015-05-07,IC,q2,IC1509,2015-09-18,7903.478,7716.0,-187.47800000000007,7.370316212725262,-180.1076837872748,-6.207290325113291,1.0,d
2015-05-07,IC,q2,IC1509,2015-09-18,7903.478,7716.0,-187.47800000000007,7.370316212725262,-180.1076837872748,-6.207290325113291,1.0,p
2015-05-08,IC,current,IC1505,2015-05-15,8201.293,8171.2,-30.092999999999847,0.14957432719453498,-29.94342567280531,-19.037678171293823,1.0,y
2015-05-08,IC,current,IC1505,2015-05-15,8201.293,8171.2,-30.092999999999847,0.14957432719453498,-29.94342567280531,-19.037678171293823,1.0,d
2015-05-08,IC,current,IC1505,2015-05-15,8201.293,8171.2,-30.092999999999847,0.14957432719453498,-29.94342567280531,-19.037678171293823,1.0,p
2015-05-08,IC,next,IC1506,2015-06-19,8201.293,8085.0,-116.29299999999967,3.0535182460522843,-113.23948175394739,-11.999388633042898,1.0,y
2015-05-08,IC,next,IC1506,2015-06-19,8201.293,8085.0,-116.29299999999967,3.0535182460522843,-113.23948175394739,-11.999388633042898,1.0,d
2015-05-08,IC,next,IC1506,2015-06-19,8201.293,8085.0,-116.29299999999967,3.0535182460522843,-113.23948175394739,-11.999388633042898,1.0,p
2015-05-08,IC,q1,IC1506,2015-06-19,8201.293,8085.0,-116.29299999999967,3.0535182460522843,-113.23948175394739,-11.999388633042898,1.0,y
2015-05-08,IC,q1,IC1506,2015-06-19,8201.293,8085.0,-116.29299999999967,3.0535182460522843,-113.23948175394739,-11.999388633042898,1.0,d
2015-05-08,IC,q1,IC1506,2015-06-19,8201.293,8085.0,-116.29299999999967,3.0535182460522843,-113.23948175394739,-11.999388633042898,1.0,p
2015-05-08,IC,q2,IC1509,2015-09-18,8201.293,7976.6,-224.6929999999993,7.648040870514247,-217.04495912948505,-7.262875498615058,1.0,y
2015-05-08,IC,q2,IC1509,2015-09-18,8201.293,7976.6,-224.6929999999993,7.648040870514247,-217.04495912948505,-7.262875498615058,1.0,d
2015-05-08,IC,q2,IC1509,2015-09-18,8201.293,7976.6,-224.6929999999993,7.648040870514247,-217.04495912948505,-7.262875498615058,1.0,p
2015-05-11,IC,current,IC1505,2015-05-15,8558.218,8489.8,-68.41800000000148,0.15608388815448476,-68.261916111847,-72.78267327621286,1.0,y
2015-05-11,IC,current,IC1505,2015-05-15,8558.218,8489.8,-68.41800000000148,0.15608388815448476,-68.261916111847,-72.78267327621286,1.0,d
2015-05-11,IC,current,IC1505,2015-05-15,8558.218,8489.8,-68.41800000000148,0.15608388815448476,-68.261916111847,-72.78267327621286,1.0,p
2015-05-11,IC,next,IC1506,2015-06-19,8558.218,8394.0,-164.21800000000076,3.186409120695126,-161.03159087930564,-17.609863759304453,1.0,y
2015-05-11,IC,next,IC1506,2015-06-19,8558.218,8394.0,-164.21800000000076,3.186409120695126,-161.03159087930564,-17.609863759304453,1.0,d
2015-05-11,IC,next,IC1506,2015-06-19,8558.218,8394.0,-164.21800000000076,3.186409120695126,-161.03159087930564,-17.609863759304453,1.0,p
2015-05-11,IC,q1,IC1506,2015-06-19,8558.218,8394.0,-164.21800000000076,3.186409120695126,-161.03159087930564,-17.609863759304453,1.0,y
2015-05-11,IC,q1,IC1506,2015-06-19,8558.218,8394.0,-164.21800000000076,3.186409120695126,-161.03159087930564,-17.609863759304453,1.0,d
2015-05-11,IC,q1,IC1506,2015-06-19,8558.218,8394.0,-164.21800000000076,3.186409120695126,-161.03159087930564,-17.609863759304453,1.0,p
2015-05-11,IC,q2,IC1509,2015-09-18,8558.218,8211.6,-346.6180000000004,7.9808880188490665,-338.63711198115135,-11.109658744479484,1.0,y
2015-05-11,IC,q2,IC1509,2015-09-18,8558.218,8211.6,-346.6180000000004,7.9808880188490665,-338.63711198115135,-11.109658744479484,1.0,d
2015-05-11,IC,q2,IC1509,2015-09-18,8558.218,8211.6,-346.6180000000004,7.9808880188490665,-338.63711198115135,-11.109658744479484,1.0,p
2015-05-12,IC,current,IC1505,2015-05-15,8745.678,8647.8,-97.87800000000061,0.15950276410195885,-97.71849723589865,-135.94239154891903,1.0,y
2015-05-12,IC,current,IC1505,2015-05-15,8745.678,8647.8,-97.87800000000061,0.15950276410195885,-97.71849723589865,-135.94239154891903,1.0,d
2015-05-12,IC,current,IC1505,2015-05-15,8745.678,8647.8,-97.87800000000061,0.15950276410195885,-97.71849723589865,-135.94239154891903,1.0,p
2015-05-12,IC,next,IC1506,2015-06-19,8745.678,8557.6,-188.07799999999952,3.256204521299026,-184.8217954787005,-20.298734790916356,1.0,y
2015-05-12,IC,next,IC1506,2015-06-19,8745.678,8557.6,-188.07799999999952,3.256204521299026,-184.8217954787005,-20.298734790916356,1.0,d
2015-05-12,IC,next,IC1506,2015-06-19,8745.678,8557.6,-188.07799999999952,3.256204521299026,-184.8217954787005,-20.298734790916356,1.0,p
2015-05-12,IC,q1,IC1506,2015-06-19,8745.678,8557.6,-188.07799999999952,3.256204521299026,-184.8217954787005,-20.298734790916356,1.0,y
2015-05-12,IC,q1,IC1506,2015-06-19,8745.678,8557.6,-188.07799999999952,3.256204521299026,-184.8217954787005,-20.298734790916356,1.0,d
2015-05-12,IC,q1,IC1506,2015-06-19,8745.678,8557.6,-188.07799999999952,3.256204521299026,-184.8217954787005,-20.298734790916356,1.0,p
2015-05-12,IC,q2,IC1509,2015-09-18,8745.678,8323.8,-421.8780000000006,8.155702129451697,-413.7222978705489,-13.385006885709041,1.0,y
2015-05-12,IC,q2,IC1509,2015-09-18,8745.678,8323.8,-421.8780000000006,8.155702129451697,-413.7222978705489,-13.385006885709041,1.0,d
2015-05-12,IC,q2,IC1509,2015-09-18,8745.678,8323.8,-421.8780000000006,8.155702129451697,-413.7222978705489,-13.385006885709041,1.0,p
2015-05-13,IC,current,IC1505,2015-05-15,8824.929,8695.8,-129.12900000000081,0.14871959654969727,-128.9802804034511,-266.73190428648013,1.0,y
2015-05-13,IC,current,IC1505,2015-05-15,8824.929,8695.8,-129.12900000000081,0.14871959654969727,-128.9802804034511,-266.73190428648013,1.0,d
2015-05-13,IC,current,IC1505,2015-05-15,8824.929,8695.8,-129.12900000000081,0.14871959654969727,-128.9802804034511,-266.73190428648013,1.0,p
2015-05-13,IC,next,IC1506,2015-06-19,8824.929,8571.6,-253.32899999999972,3.2734828386264527,-250.05551716137327,-27.952223587417468,1.0,y
2015-05-13,IC,next,IC1506,2015-06-19,8824.929,8571.6,-253.32899999999972,3.2734828386264527,-250.05551716137327,-27.952223587417468,1.0,d
2015-05-13,IC,next,IC1506,2015-06-19,8824.929,8571.6,-253.32899999999972,3.2734828386264527,-250.05551716137327,-27.952223587417468,1.0,p
2015-05-13,IC,q1,IC1506,2015-06-19,8824.929,8571.6,-253.32899999999972,3.2734828386264527,-250.05551716137327,-27.952223587417468,1.0,y
2015-05-13,IC,q1,IC1506,2015-06-19,8824.929,8571.6,-253.32899999999972,3.2734828386264527,-250.05551716137327,-27.952223587417468,1.0,d
2015-05-13,IC,q1,IC1506,2015-06-19,8824.929,8571.6,-253.32899999999972,3.2734828386264527,-250.05551716137327,-27.952223587417468,1.0,p
2015-05-13,IC,q2,IC1509,2015-09-18,8824.929,8367.4,-457.52900000000045,8.217378386532191,-449.3116216134683,-14.51841902645512,1.0,y
2015-05-13,IC,q2,IC1509,2015-09-18,8824.929,8367.4,-457.52900000000045,8.217378386532191,-449.3116216134683,-14.51841902645512,1.0,d
2015-05-13,IC,q2,IC1509,2015-09-18,8824.929,8367.4,-457.52900000000045,8.217378386532191,-449.3116216134683,-14.51841902645512,1.0,p
2015-05-14,IC,current,IC1505,2015-05-15,8813.393,8760.4,-52.99300000000039,0.010552434146074447,-52.982447565854315,-219.42279620955088,1.0,y
2015-05-14,IC,current,IC1505,2015-05-15,8813.393,8760.4,-52.99300000000039,0.010552434146074447,-52.982447565854315,-219.42279620955088,1.0,d
2015-05-14,IC,current,IC1505,2015-05-15,8813.393,8760.4,-52.99300000000039,0.010552434146074447,-52.982447565854315,-219.42279620955088,1.0,p
2015-05-14,IC,next,IC1506,2015-06-19,8813.393,8603.0,-210.39300000000003,3.1312309670132046,-207.26176903298682,-23.843303562430556,1.0,y
2015-05-14,IC,next,IC1506,2015-06-19,8813.393,8603.0,-210.39300000000003,3.1312309670132046,-207.26176903298682,-23.843303562430556,1.0,d
2015-05-14,IC,next,IC1506,2015-06-19,8813.393,8603.0,-210.39300000000003,3.1312309670132046,-207.26176903298682,-23.843303562430556,1.0,p
2015-05-14,IC,q1,IC1506,2015-06-19,8813.393,8603.0,-210.39300000000003,3.1312309670132046,-207.26176903298682,-23.843303562430556,1.0,y
2015-05-14,IC,q1,IC1506,2015-06-19,8813.393,8603.0,-210.39300000000003,3.1312309670132046,-207.26176903298682,-23.843303562430556,1.0,d
2015-05-14,IC,q1,IC1506,2015-06-19,8813.393,8603.0,-210.39300000000003,3.1312309670132046,-207.26176903298682,-23.843303562430556,1.0,p
2015-05-14,IC,q2,IC1509,2015-09-18,8813.393,8345.0,-468.39300000000003,8.068663825072866,-460.32433617492717,-15.011010984860032,1.0,y
2015-05-14,IC,q2,IC1509,2015-09-18,8813.393,8345.0,-468.39300000000003,8.068663825072866,-460.32433617492717,-15.011010984860032,1.0,d
2015-05-14,IC,q2,IC1509,2015-09-18,8813.393,8345.0,-468.39300000000003,8.068663825072866,-460.32433617492717,-15.011010984860032,1.0,p
2015-05-15,IC,current,IC1505,2015-05-15,8742.885,8755.2,12.31500000000051,0.0,12.31500000000051,,,y
2015-05-15,IC,current,IC1505,2015-05-15,8742.885,8755.2,12.31500000000051,0.0,12.31500000000051,,,d
2015-05-15,IC,current,IC1505,2015-05-15,8742.885,8755.2,12.31500000000051,0.0,12.31500000000051,,,p
2015-05-15,IC,next,IC1506,2015-06-19,8742.885,8579.8,-163.08500000000095,3.095712801508572,-159.98928719849238,-19.083628680415064,1.0,y
2015-05-15,IC,next,IC1506,2015-06-19,8742.885,8579.8,-163.08500000000095,3.095712801508572,-159.98928719849238,-19.083628680415064,1.0,d
2015-05-15,IC,next,IC1506,2015-06-19,8742.885,8579.8,-163.08500000000095,3.095712801508572,-159.98928719849238,-19.083628680415064,1.0,p
2015-05-15,IC,q1,IC1506,2015-06-19,8742.885,8579.8,-163.08500000000095,3.095712801508572,-159.98928719849238,-19.083628680415064,1.0,y
2015-05-15,IC,q1,IC1506,2015-06-19,8742.885,8579.8,-163.08500000000095,3.095712801508572,-159.98928719849238,-19.083628680415064,1.0,d
2015-05-15,IC,q1,IC1506,2015-06-19,8742.885,8579.8,-163.08500000000095,3.095712801508572,-159.98928719849238,-19.083628680415064,1.0,p
2015-05-15,IC,q2,IC1509,2015-09-18,8742.885,8348.6,-394.28499999999985,7.993645717156036,-386.2913542828438,-12.799191635948763,1.0,y
2015-05-15,IC,q2,IC1509,2015-09-18,8742.885,8348.6,-394.28499999999985,7.993645717156036,-386.2913542828438,-12.799191635948763,1.0,d
2015-05-15,IC,q2,IC1509,2015-09-18,8742.885,8348.6,-394.28499999999985,7.993645717156036,-386.2913542828438,-12.799191635948763,1.0,p
2015-05-18,IC,current,IC1506,2015-06-19,8903.595,8798.4,-105.19499999999971,3.1526175880098743,-102.04238241198983,-13.072482793599205,1.0,y
2015-05-18,IC,current,IC1506,2015-06-19,8903.595,8798.4,-105.19499999999971,3.1526175880098743,-102.04238241198983,-13.072482793599205,1.0,d
2015-05-18,IC,current,IC1506,2015-06-19,8903.595,8798.4,-105.19499999999971,3.1526175880098743,-102.04238241198983,-13.072482793599205,1.0,p
2015-05-18,IC,next,IC1507,2015-07-17,8903.595,8705.6,-197.99499999999898,6.256763059146187,-191.7382369408528,-13.10041177812844,1.0,y
2015-05-18,IC,next,IC1507,2015-07-17,8903.595,8705.6,-197.99499999999898,6.256763059146187,-191.7382369408528,-13.10041177812844,1.0,d
2015-05-18,IC,next,IC1507,2015-07-17,8903.595,8705.6,-197.99499999999898,6.256763059146187,-191.7382369408528,-13.10041177812844,1.0,p
2015-05-18,IC,q1,IC1509,2015-09-18,8903.595,8557.6,-345.994999999999,8.14058334737811,-337.8544166526209,-11.260351739459898,1.0,y
2015-05-18,IC,q1,IC1509,2015-09-18,8903.595,8557.6,-345.994999999999,8.14058334737811,-337.8544166526209,-11.260351739459898,1.0,d
2015-05-18,IC,q1,IC1509,2015-09-18,8903.595,8557.6,-345.994999999999,8.14058334737811,-337.8544166526209,-11.260351739459898,1.0,p
2015-05-18,IC,q2,IC1512,2015-12-18,8903.595,8378.2,-525.3949999999986,8.546974001649165,-516.8480259983495,-9.900942904827673,0.9524521012708546,y
2015-05-18,IC,q2,IC1512,2015-12-18,8903.595,8378.2,-525.3949999999986,8.546974001649165,-516.8480259983495,-9.900942904827673,0.9524521012708546,d
2015-05-18,IC,q2,IC1512,2015-12-18,8903.595,8378.2,-525.3949999999986,8.546974001649165,-516.8480259983495,-9.900942904827673,0.9524521012708546,p
2015-05-19,IC,current,IC1506,2015-06-19,9124.833,9120.8,-4.033000000001266,3.2309543508496184,-0.8020456491516477,-0.10349165521991767,1.0,y
2015-05-19,IC,current,IC1506,2015-06-19,9124.833,9120.8,-4.033000000001266,3.2309543508496184,-0.8020456491516477,-0.10349165521991767,1.0,d
2015-05-19,IC,current,IC1506,2015-06-19,9124.833,9120.8,-4.033000000001266,3.2309543508496184,-0.8020456491516477,-0.10349165521991767,1.0,p
2015-05-19,IC,next,IC1507,2015-07-17,9124.833,9043.6,-81.23300000000017,6.4122321416549255,-74.82076785834525,-5.0726872682001485,1.0,y
2015-05-19,IC,next,IC1507,2015-07-17,9124.833,9043.6,-81.23300000000017,6.4122321416549255,-74.82076785834525,-5.0726872682001485,1.0,d
2015-05-19,IC,next,IC1507,2015-07-17,9124.833,9043.6,-81.23300000000017,6.4122321416549255,-74.82076785834525,-5.0726872682001485,1.0,p
2015-05-19,IC,q1,IC1509,2015-09-18,9124.833,8969.0,-155.83300000000054,8.342861907735724,-147.49013809226483,-4.835830734860147,1.0,y
2015-05-19,IC,q1,IC1509,2015-09-18,9124.833,8969.0,-155.83300000000054,8.342861907735724,-147.49013809226483,-4.835830734860147,1.0,d
2015-05-19,IC,q1,IC1509,2015-09-18,9124.833,8969.0,-155.83300000000054,8.342861907735724,-147.49013809226483,-4.835830734860147,1.0,p
2015-05-19,IC,q2,IC1512,2015-12-18,9124.833,8800.4,-324.4330000000009,8.75935062414568,-315.67364937585523,-5.928252145385955,0.9524521012708546,y
2015-05-19,IC,q2,IC1512,2015-12-18,9124.833,8800.4,-324.4330000000009,8.75935062414568,-315.67364937585523,-5.928252145385955,0.9524521012708546,d
2015-05-19,IC,q2,IC1512,2015-12-18,9124.833,8800.4,-324.4330000000009,8.75935062414568,-315.67364937585523,-5.928252145385955,0.9524521012708546,p
2015-05-20,IC,current,IC1506,2015-06-19,9277.331,9286.8,9.468999999999141,3.2849514022582156,12.753951402257357,1.6726047113564364,1.0,y
2015-05-20,IC,current,IC1506,2015-06-19,9277.331,9286.8,9.468999999999141,3.2849514022582156,12.753951402257357,1.6726047113564364,1.0,d
2015-05-20,IC,current,IC1506,2015-06-19,9277.331,9286.8,9.468999999999141,3.2849514022582156,12.753951402257357,1.6726047113564364,1.0,p
2015-05-20,IC,next,IC1507,2015-07-17,9277.331,9203.0,-74.33100000000013,6.519396029162575,-67.81160397083755,-4.599872946022891,1.0,y
2015-05-20,IC,next,IC1507,2015-07-17,9277.331,9203.0,-74.33100000000013,6.519396029162575,-67.81160397083755,-4.599872946022891,1.0,d
2015-05-20,IC,next,IC1507,2015-07-17,9277.331,9203.0,-74.33100000000013,6.519396029162575,-67.81160397083755,-4.599872946022891,1.0,p
2015-05-20,IC,q1,IC1509,2015-09-18,9277.331,9156.2,-121.1309999999994,8.482291281972588,-112.64870871802681,-3.6627785327660622,1.0,y
2015-05-20,IC,q1,IC1509,2015-09-18,9277.331,9156.2,-121.1309999999994,8.482291281972588,-112.64870871802681,-3.6627785327660622,1.0,d
2015-05-20,IC,q1,IC1509,2015-09-18,9277.331,9156.2,-121.1309999999994,8.482291281972588,-112.64870871802681,-3.6627785327660622,1.0,p
2015-05-20,IC,q2,IC1512,2015-12-18,9277.331,8990.8,-286.53100000000086,8.905740530841065,-277.6252594691598,-5.152202561348821,0.9524521012708546,y
2015-05-20,IC,q2,IC1512,2015-12-18,9277.331,8990.8,-286.53100000000086,8.905740530841065,-277.6252594691598,-5.152202561348821,0.9524521012708546,d
2015-05-20,IC,q2,IC1512,2015-12-18,9277.331,8990.8,-286.53100000000086,8.905740530841065,-277.6252594691598,-5.152202561348821,0.9524521012708546,p
2015-05-21,IC,current,IC1506,2015-06-19,9619.223,9734.6,115.37700000000041,3.141017406978282,118.51801740697869,15.50740936199683,1.0,y
2015-05-21,IC,current,IC1506,2015-06-19,9619.223,9734.6,115.37700000000041,3.141017406978282,118.51801740697869,15.50740936199683,1.0,d
2015-05-21,IC,current,IC1506,2015-06-19,9619.223,9734.6,115.37700000000041,3.141017406978282,118.51801740697869,15.50740936199683,1.0,p
2015-05-21,IC,next,IC1507,2015-07-17,9619.223,9666.6,47.37700000000041,6.494659111402197,53.87165911140261,3.586231878378117,1.0,y
2015-05-21,IC,next,IC1507,2015-07-17,9619.223,9666.6,47.37700000000041,6.494659111402197,53.87165911140261,3.586231878378117,1.0,d
2015-05-21,IC,next,IC1507,2015-07-17,9619.223,9666.6,47.37700000000041,6.494659111402197,53.87165911140261,3.586231878378117,1.0,p
2015-05-21,IC,q1,IC1509,2015-09-18,9619.223,9594.2,-25.02299999999923,8.529891783646066,-16.493108216353164,-0.5215238017811579,1.0,y
2015-05-21,IC,q1,IC1509,2015-09-18,9619.223,9594.2,-25.02299999999923,8.529891783646066,-16.493108216353164,-0.5215238017811579,1.0,d
2015-05-21,IC,q1,IC1509,2015-09-18,9619.223,9594.2,-25.02299999999923,8.529891783646066,-16.493108216353164,-0.5215238017811579,1.0,p
2015-05-21,IC,q2,IC1512,2015-12-18,9619.223,9435.0,-184.22299999999996,8.96894615758706,-175.2540538424129,-3.151653678362455,0.9510472728649857,y
2015-05-21,IC,q2,IC1512,2015-12-18,9619.223,9435.0,-184.22299999999996,8.96894615758706,-175.2540538424129,-3.151653678362455,0.9510472728649857,d
2015-05-21,IC,q2,IC1512,2015-12-18,9619.223,9435.0,-184.22299999999996,8.96894615758706,-175.2540538424129,-3.151653678362455,0.9510472728649857,p
2015-05-22,IC,current,IC1506,2015-06-19,9778.171,9741.2,-36.97099999999955,2.8637896960485514,-34.107210303951,-4.546983772374971,1.0,y
2015-05-22,IC,current,IC1506,2015-06-19,9778.171,9741.2,-36.97099999999955,2.8637896960485514,-34.107210303951,-4.546983772374971,1.0,d
2015-05-22,IC,current,IC1506,2015-06-19,9778.171,9741.2,-36.97099999999955,2.8637896960485514,-34.107210303951,-4.546983772374971,1.0,p
2015-05-22,IC,next,IC1507,2015-07-17,9778.171,9680.2,-97.97099999999955,6.272846961753745,-91.6981530382458,-6.11234413641506,1.0,y
2015-05-22,IC,next,IC1507,2015-07-17,9778.171,9680.2,-97.97099999999955,6.272846961753745,-91.6981530382458,-6.11234413641506,1.0,d
2015-05-22,IC,next,IC1507,2015-07-17,9778.171,9680.2,-97.97099999999955,6.272846961753745,-91.6981530382458,-6.11234413641506,1.0,p
2015-05-22,IC,q1,IC1509,2015-09-18,9778.171,9611.8,-166.371000000001,8.341709810030318,-158.02929018997068,-4.957079277891634,1.0,y
2015-05-22,IC,q1,IC1509,2015-09-18,9778.171,9611.8,-166.371000000001,8.341709810030318,-158.02929018997068,-4.957079277891634,1.0,d
2015-05-22,IC,q1,IC1509,2015-09-18,9778.171,9611.8,-166.371000000001,8.341709810030318,-158.02929018997068,-4.957079277891634,1.0,p
2015-05-22,IC,q2,IC1512,2015-12-18,9778.171,9449.4,-328.77100000000064,8.788019116581687,-319.982980883419,-5.6877804176771924,0.9492138898845531,y
2015-05-22,IC,q2,IC1512,2015-12-18,9778.171,9449.4,-328.77100000000064,8.788019116581687,-319.982980883419,-5.6877804176771924,0.9492138898845531,d
2015-05-22,IC,q2,IC1512,2015-12-18,9778.171,9449.4,-328.77100000000064,8.788019116581687,-319.982980883419,-5.6877804176771924,0.9492138898845531,p
2015-05-25,IC,current,IC1506,2015-06-19,10040.09,9966.6,-73.48999999999978,2.940499433830734,-70.54950056616904,-10.25909835734608,1.0,y
2015-05-25,IC,current,IC1506,2015-06-19,10040.09,9966.6,-73.48999999999978,2.940499433830734,-70.54950056616904,-10.25909835734608,1.0,d
2015-05-25,IC,current,IC1506,2015-06-19,10040.09,9966.6,-73.48999999999978,2.940499433830734,-70.54950056616904,-10.25909835734608,1.0,p
2015-05-25,IC,next,IC1507,2015-07-17,10040.09,9912.2,-127.88999999999942,6.4408720252728395,-121.44912797472658,-8.33055219563923,1.0,y
2015-05-25,IC,next,IC1507,2015-07-17,10040.09,9912.2,-127.88999999999942,6.4408720252728395,-121.44912797472658,-8.33055219563923,1.0,d
2015-05-25,IC,next,IC1507,2015-07-17,10040.09,9912.2,-127.88999999999942,6.4408720252728395,-121.44912797472658,-8.33055219563923,1.0,p
2015-05-25,IC,q1,IC1509,2015-09-18,10040.09,9804.0,-236.09000000000015,8.565151626678169,-227.524848373322,-7.130600462080496,1.0,y
2015-05-25,IC,q1,IC1509,2015-09-18,10040.09,9804.0,-236.09000000000015,8.565151626678169,-227.524848373322,-7.130600462080496,1.0,d
2015-05-25,IC,q1,IC1509,2015-09-18,10040.09,9804.0,-236.09000000000015,8.565151626678169,-227.524848373322,-7.130600462080496,1.0,p
2015-05-25,IC,q2,IC1512,2015-12-18,10040.09,9646.6,-393.4899999999998,9.023415815923103,-384.4665841840767,-6.752172243273239,0.9492138898845531,y
2015-05-25,IC,q2,IC1512,2015-12-18,10040.09,9646.6,-393.4899999999998,9.023415815923103,-384.4665841840767,-6.752172243273239,0.9492138898845531,d
2015-05-25,IC,q2,IC1512,2015-12-18,10040.09,9646.6,-393.4899999999998,9.023415815923103,-384.4665841840767,-6.752172243273239,0.9492138898845531,p
2015-05-26,IC,current,IC1506,2015-06-19,10373.58,10532.2,158.6200000000008,3.038170585801305,161.6581705858021,23.700124203271585,1.0,y
2015-05-26,IC,current,IC1506,2015-06-19,10373.58,10532.2,158.6200000000008,3.038170585801305,161.6581705858021,23.700124203271585,1.0,d
2015-05-26,IC,current,IC1506,2015-06-19,10373.58,10532.2,158.6200000000008,3.038170585801305,161.6581705858021,23.700124203271585,1.0,p
2015-05-26,IC,next,IC1507,2015-07-17,10373.58,10482.2,108.6200000000008,6.654810985153502,115.2748109851543,7.800012148016945,1.0,y
2015-05-26,IC,next,IC1507,2015-07-17,10373.58,10482.2,108.6200000000008,6.654810985153502,115.2748109851543,7.800012148016945,1.0,d
2015-05-26,IC,next,IC1507,2015-07-17,10373.58,10482.2,108.6200000000008,6.654810985153502,115.2748109851543,7.800012148016945,1.0,p
2015-05-26,IC,q1,IC1509,2015-09-18,10373.58,10395.0,21.420000000000073,8.849650313042623,30.269650313042696,0.926133870371579,1.0,y
2015-05-26,IC,q1,IC1509,2015-09-18,10373.58,10395.0,21.420000000000073,8.849650313042623,30.269650313042696,0.926133870371579,1.0,d
2015-05-26,IC,q1,IC1509,2015-09-18,10373.58,10395.0,21.420000000000073,8.849650313042623,30.269650313042696,0.926133870371579,1.0,p
2015-05-26,IC,q2,IC1512,2015-12-18,10373.58,10200.6,-172.97999999999956,9.323136131224281,-163.65686386877528,-2.795317916765615,0.9492138898845531,y
2015-05-26,IC,q2,IC1512,2015-12-18,10373.58,10200.6,-172.97999999999956,9.323136131224281,-163.65686386877528,-2.795317916765615,0.9492138898845531,d
2015-05-26,IC,q2,IC1512,2015-12-18,10373.58,10200.6,-172.97999999999956,9.323136131224281,-163.65686386877528,-2.795317916765615,0.9492138898845531,p
2015-05-27,IC,current,IC1506,2015-06-19,10497.34,10552.0,54.659999999999854,2.9785345611231144,57.63853456112297,8.713621577014782,1.0,y
2015-05-27,IC,current,IC1506,2015-06-19,10497.34,10552.0,54.659999999999854,2.9785345611231144,57.63853456112297,8.713621577014782,1.0,d
2015-05-27,IC,current,IC1506,2015-06-19,10497.34,10552.0,54.659999999999854,2.9785345611231144,57.63853456112297,8.713621577014782,1.0,p
2015-05-27,IC,next,IC1507,2015-07-17,10497.34,10582.0,84.65999999999985,6.638322592808974,91.29832259280883,6.224525104973414,1.0,y
2015-05-27,IC,next,IC1507,2015-07-17,10497.34,10582.0,84.65999999999985,6.638322592808974,91.29832259280883,6.224525104973414,1.0,d
2015-05-27,IC,next,IC1507,2015-07-17,10497.34,10582.0,84.65999999999985,6.638322592808974,91.29832259280883,6.224525104973414,1.0,p
2015-05-27,IC,q1,IC1509,2015-09-18,10497.34,10582.4,85.05999999999949,8.85934702894612,93.91934702894561,2.864598853394167,1.0,y
2015-05-27,IC,q1,IC1509,2015-09-18,10497.34,10582.4,85.05999999999949,8.85934702894612,93.91934702894561,2.864598853394167,1.0,d
2015-05-27,IC,q1,IC1509,2015-09-18,10497.34,10582.4,85.05999999999949,8.85934702894612,93.91934702894561,2.864598853394167,1.0,p
2015-05-27,IC,q2,IC1512,2015-12-18,10497.34,10404.0,-93.34000000000015,9.338481678568625,-84.00151832143152,-1.42477693360936,0.9486924463618001,y
2015-05-27,IC,q2,IC1512,2015-12-18,10497.34,10404.0,-93.34000000000015,9.338481678568625,-84.00151832143152,-1.42477693360936,0.9486924463618001,d
2015-05-27,IC,q2,IC1512,2015-12-18,10497.34,10404.0,-93.34000000000015,9.338481678568625,-84.00151832143152,-1.42477693360936,0.9486924463618001,p
2015-05-28,IC,current,IC1506,2015-06-19,9868.424,9977.2,108.77599999999984,2.8000847784121325,111.57608477841197,18.75830101420651,1.0,y
2015-05-28,IC,current,IC1506,2015-06-19,9868.424,9977.2,108.77599999999984,2.8000847784121325,111.57608477841197,18.75830101420651,1.0,d
2015-05-28,IC,current,IC1506,2015-06-19,9868.424,9977.2,108.77599999999984,2.8000847784121325,111.57608477841197,18.75830101420651,1.0,p
2015-05-28,IC,next,IC1507,2015-07-17,9868.424,10059.0,190.5759999999991,6.240607810609003,196.8166078106081,14.559176186769426,1.0,y
2015-05-28,IC,next,IC1507,2015-07-17,9868.424,10059.0,190.5759999999991,6.240607810609003,196.8166078106081,14.559176186769426,1.0,d
2015-05-28,IC,next,IC1507,2015-07-17,9868.424,10059.0,190.5759999999991,6.240607810609003,196.8166078106081,14.559176186769426,1.0,p
2015-05-28,IC,q1,IC1509,2015-09-18,9868.424,10036.0,167.5759999999991,8.32856636488678,175.90456636488588,5.757629750549489,1.0,y
2015-05-28,IC,q1,IC1509,2015-09-18,9868.424,10036.0,167.5759999999991,8.32856636488678,175.90456636488588,5.757629750549489,1.0,d
2015-05-28,IC,q1,IC1509,2015-09-18,9868.424,10036.0,167.5759999999991,8.32856636488678,175.90456636488588,5.757629750549489,1.0,p
2015-05-28,IC,q2,IC1512,2015-12-18,9868.424,9840.0,-28.424000000000888,8.778995128322693,-19.645004871678196,-0.3561779558047545,0.9486924463618001,y
2015-05-28,IC,q2,IC1512,2015-12-18,9868.424,9840.0,-28.424000000000888,8.778995128322693,-19.645004871678196,-0.3561779558047545,0.9486924463618001,d
2015-05-28,IC,q2,IC1512,2015-12-18,9868.424,9840.0,-28.424000000000888,8.778995128322693,-19.645004871678196,-0.3561779558047545,0.9486924463618001,p
2015-05-29,IC,current,IC1506,2015-06-19,9966.845,10121.0,154.15500000000065,2.4703480310695967,156.62534803107025,27.31353518368276,1.0,y
2015-05-29,IC,current,IC1506,2015-06-19,9966.845,10121.0,154.15500000000065,2.4703480310695967,156.62534803107025,27.31353518368276,1.0,d
2015-05-29,IC,current,IC1506,2015-06-19,9966.845,10121.0,154.15500000000065,2.4703480310695967,156.62534803107025,27.31353518368276,1.0,p
2015-05-29,IC,next,IC1507,2015-07-17,9966.845,10170.0,203.15500000000065,5.945184517709836,209.1001845177105,15.627643523318774,1.0,y
2015-05-29,IC,next,IC1507,2015-07-17,9966.845,10170.0,203.15500000000065,5.945184517709836,209.1001845177105,15.627643523318774,1.0,d
2015-05-29,IC,next,IC1507,2015-07-17,9966.845,10170.0,203.15500000000065,5.945184517709836,209.1001845177105,15.627643523318774,1.0,p
2015-05-29,IC,q1,IC1509,2015-09-18,9966.845,10245.0,278.15500000000065,8.053966961280429,286.2089669612811,9.3583734855832,1.0,y
2015-05-29,IC,q1,IC1509,2015-09-18,9966.845,10245.0,278.15500000000065,8.053966961280429,286.2089669612811,9.3583734855832,1.0,d
2015-05-29,IC,q1,IC1509,2015-09-18,9966.845,10245.0,278.15500000000065,8.053966961280429,286.2089669612811,9.3583734855832,1.0,p
2015-05-29,IC,q2,IC1512,2015-12-18,9966.845,10035.0,68.15500000000065,8.50888799717303,76.66388799717369,1.3830247841382337,0.9465357828139538,y
2015-05-29,IC,q2,IC1512,2015-12-18,9966.845,10035.0,68.15500000000065,8.50888799717303,76.66388799717369,1.3830247841382337,0.9465357828139538,d
2015-05-29,IC,q2,IC1512,2015-12-18,9966.845,10035.0,68.15500000000065,8.50888799717303,76.66388799717369,1.3830247841382337,0.9465357828139538,p
2015-06-01,IC,current,IC1506,2015-06-19,10488.31,11025.6,537.2900000000009,2.261503992339107,539.55150399234,104.31523760856088,1.0,y
2015-06-01,IC,current,IC1506,2015-06-19,10488.31,11025.6,537.2900000000009,2.261503992339107,539.55150399234,104.31523760856088,1.0,d
2015-06-01,IC,current,IC1506,2015-06-19,10488.31,11025.6,537.2900000000009,2.261503992339107,539.55150399234,104.31523760856088,1.0,p
2015-06-01,IC,next,IC1507,2015-07-17,10488.31,11022.6,534.2900000000009,6.004782875992613,540.2947828759935,40.875237733566486,1.0,y
2015-06-01,IC,next,IC1507,2015-07-17,10488.31,11022.6,534.2900000000009,6.004782875992613,540.2947828759935,40.875237733566486,1.0,d
2015-06-01,IC,next,IC1507,2015-07-17,10488.31,11022.6,534.2900000000009,6.004782875992613,540.2947828759935,40.875237733566486,1.0,p
2015-06-01,IC,q1,IC1509,2015-09-18,10488.31,11130.0,641.6900000000005,8.2000404492866,649.8900404492871,20.749170184831975,1.0,y
2015-06-01,IC,q1,IC1509,2015-09-18,10488.31,11130.0,641.6900000000005,8.2000404492866,649.8900404492871,20.749170184831975,1.0,d
2015-06-01,IC,q1,IC1509,2015-09-18,10488.31,11130.0,641.6900000000005,8.2000404492866,649.8900404492871,20.749170184831975,1.0,p
2015-06-01,IC,q2,IC1512,2015-12-18,10488.31,10906.0,417.6900000000005,8.551562797491439,426.24156279749195,7.416741611426654,0.9588937885940619,y
2015-06-01,IC,q2,IC1512,2015-12-18,10488.31,10906.0,417.6900000000005,8.551562797491439,426.24156279749195,7.416741611426654,0.9588937885940619,d
2015-06-01,IC,q2,IC1512,2015-12-18,10488.31,10906.0,417.6900000000005,8.551562797491439,426.24156279749195,7.416741611426654,0.9588937885940619,p
2015-06-02,IC,current,IC1506,2015-06-19,10886.4,11250.4,364.0,2.3473407119164533,366.34734071191644,72.25247008671883,1.0,y
2015-06-02,IC,current,IC1506,2015-06-19,10886.4,11250.4,364.0,2.3473407119164533,366.34734071191644,72.25247008671883,1.0,d
2015-06-02,IC,current,IC1506,2015-06-19,10886.4,11250.4,364.0,2.3473407119164533,366.34734071191644,72.25247008671883,1.0,p
2015-06-02,IC,next,IC1507,2015-07-17,10886.4,11312.0,425.60000000000036,6.232697956220401,431.8326979562208,32.17448370934185,1.0,y
2015-06-02,IC,next,IC1507,2015-07-17,10886.4,11312.0,425.60000000000036,6.232697956220401,431.8326979562208,32.17448370934185,1.0,d
2015-06-02,IC,next,IC1507,2015-07-17,10886.4,11312.0,425.60000000000036,6.232697956220401,431.8326979562208,32.17448370934185,1.0,p
2015-06-02,IC,q1,IC1509,2015-09-18,10886.4,11430.0,543.6000000000004,8.511277827134558,552.1112778271349,17.140024557220585,1.0,y
2015-06-02,IC,q1,IC1509,2015-09-18,10886.4,11430.0,543.6000000000004,8.511277827134558,552.1112778271349,17.140024557220585,1.0,d
2015-06-02,IC,q1,IC1509,2015-09-18,10886.4,11430.0,543.6000000000004,8.511277827134558,552.1112778271349,17.140024557220585,1.0,p
2015-06-02,IC,q2,IC1512,2015-12-18,10886.4,11387.6,501.2000000000007,8.876142413659664,510.07614241366036,8.59390426471838,0.9588937885940619,y
2015-06-02,IC,q2,IC1512,2015-12-18,10886.4,11387.6,501.2000000000007,8.876142413659664,510.07614241366036,8.59390426471838,0.9588937885940619,d
2015-06-02,IC,q2,IC1512,2015-12-18,10886.4,11387.6,501.2000000000007,8.876142413659664,510.07614241366036,8.59390426471838,0.9588937885940619,p
2015-06-03,IC,current,IC1506,2015-06-19,10979.99,11103.2,123.21000000000095,2.2565355702540466,125.46653557025499,26.067467663417197,1.0,y
2015-06-03,IC,current,IC1506,2015-06-19,10979.99,11103.2,123.21000000000095,2.2565355702540466,125.46653557025499,26.067467663417197,1.0,d
2015-06-03,IC,current,IC1506,2015-06-19,10979.99,11103.2,123.21000000000095,2.2565355702540466,125.46653557025499,26.067467663417197,1.0,p
2015-06-03,IC,next,IC1507,2015-07-17,10979.99,11134.4,154.40999999999985,6.175295094879717,160.58529509487957,12.132324493264369,1.0,y
2015-06-03,IC,next,IC1507,2015-07-17,10979.99,11134.4,154.40999999999985,6.175295094879717,160.58529509487957,12.132324493264369,1.0,d
2015-06-03,IC,next,IC1507,2015-07-17,10979.99,11134.4,154.40999999999985,6.175295094879717,160.58529509487957,12.132324493264369,1.0,p
2015-06-03,IC,q1,IC1509,2015-09-18,10979.99,11248.4,268.40999999999985,8.473463837240713,276.8834638372406,8.602093555231589,1.0,y
2015-06-03,IC,q1,IC1509,2015-09-18,10979.99,11248.4,268.40999999999985,8.473463837240713,276.8834638372406,8.602093555231589,1.0,d
2015-06-03,IC,q1,IC1509,2015-09-18,10979.99,11248.4,268.40999999999985,8.473463837240713,276.8834638372406,8.602093555231589,1.0,p
2015-06-03,IC,q2,IC1512,2015-12-18,10979.99,11115.2,135.21000000000095,8.841465151853424,144.05146515185436,2.4184850631281436,0.9583777905254123,y
2015-06-03,IC,q2,IC1512,2015-12-18,10979.99,11115.2,135.21000000000095,8.841465151853424,144.05146515185436,2.4184850631281436,0.9583777905254123,d
2015-06-03,IC,q2,IC1512,2015-12-18,10979.99,11115.2,135.21000000000095,8.841465151853424,144.05146515185436,2.4184850631281436,0.9583777905254123,p
2015-06-04,IC,current,IC1506,2015-06-19,10965.41,10869.2,-96.20999999999913,2.1265712789694473,-94.08342872102968,-20.878046805470312,1.0,y
2015-06-04,IC,current,IC1506,2015-06-19,10965.41,10869.2,-96.20999999999913,2.1265712789694473,-94.08342872102968,-20.878046805470312,1.0,d
2015-06-04,IC,current,IC1506,2015-06-19,10965.41,10869.2,-96.20999999999913,2.1265712789694473,-94.08342872102968,-20.878046805470312,1.0,p
2015-06-04,IC,next,IC1507,2015-07-17,10965.41,10918.2,-47.20999999999913,6.0401272001429245,-41.1698727998562,-3.1869779547469417,1.0,y
2015-06-04,IC,next,IC1507,2015-07-17,10965.41,10918.2,-47.20999999999913,6.0401272001429245,-41.1698727998562,-3.1869779547469417,1.0,d
2015-06-04,IC,next,IC1507,2015-07-17,10965.41,10918.2,-47.20999999999913,6.0401272001429245,-41.1698727998562,-3.1869779547469417,1.0,p
2015-06-04,IC,q1,IC1509,2015-09-18,10965.41,10895.4,-70.01000000000022,8.335244273033945,-61.674755726966275,-1.9367321526081414,1.0,y
2015-06-04,IC,q1,IC1509,2015-09-18,10965.41,10895.4,-70.01000000000022,8.335244273033945,-61.674755726966275,-1.9367321526081414,1.0,d
2015-06-04,IC,q1,IC1509,2015-09-18,10965.41,10895.4,-70.01000000000022,8.335244273033945,-61.674755726966275,-1.9367321526081414,1.0,p
2015-06-04,IC,q2,IC1512,2015-12-18,10965.41,10697.0,-268.40999999999985,8.702756929718275,-259.7072430702816,-4.388194063543562,0.9577705479249521,y
2015-06-04,IC,q2,IC1512,2015-12-18,10965.41,10697.0,-268.40999999999985,8.702756929718275,-259.7072430702816,-4.388194063543562,0.9577705479249521,d
2015-06-04,IC,q2,IC1512,2015-12-18,10965.41,10697.0,-268.40999999999985,8.702756929718275,-259.7072430702816,-4.388194063543562,0.9577705479249521,p
2015-06-05,IC,current,IC1506,2015-06-19,11144.52,10949.0,-195.52000000000044,2.161306886828726,-193.3586931131717,-45.234225934942316,1.0,y
2015-06-05,IC,current,IC1506,2015-06-19,11144.52,10949.0,-195.52000000000044,2.161306886828726,-193.3586931131717,-45.234225934942316,1.0,d
2015-06-05,IC,current,IC1506,2015-06-19,11144.52,10949.0,-195.52000000000044,2.161306886828726,-193.3586931131717,-45.234225934942316,1.0,p
2015-06-05,IC,next,IC1507,2015-07-17,11144.52,10944.6,-199.92000000000007,6.138787184841865,-193.7812128151582,-15.111023320266211,1.0,y
2015-06-05,IC,next,IC1507,2015-07-17,11144.52,10944.6,-199.92000000000007,6.138787184841865,-193.7812128151582,-15.111023320266211,1.0,d
2015-06-05,IC,next,IC1507,2015-07-17,11144.52,10944.6,-199.92000000000007,6.138787184841865,-193.7812128151582,-15.111023320266211,1.0,p
2015-06-05,IC,q1,IC1509,2015-09-18,11144.52,10900.4,-244.1200000000008,8.471392907854087,-235.6486070921467,-7.350334009013146,1.0,y
2015-06-05,IC,q1,IC1509,2015-09-18,11144.52,10900.4,-244.1200000000008,8.471392907854087,-235.6486070921467,-7.350334009013146,1.0,d
2015-06-05,IC,q1,IC1509,2015-09-18,11144.52,10900.4,-244.1200000000008,8.471392907854087,-235.6486070921467,-7.350334009013146,1.0,p
2015-06-05,IC,q2,IC1512,2015-12-18,11144.52,10691.8,-452.72000000000116,8.844908549555731,-443.87509145044544,-7.417135277111603,0.9577705479249521,y
2015-06-05,IC,q2,IC1512,2015-12-18,11144.52,10691.8,-452.72000000000116,8.844908549555731,-443.87509145044544,-7.417135277111603,0.9577705479249521,d
2015-06-05,IC,q2,IC1512,2015-12-18,11144.52,10691.8,-452.72000000000116,8.844908549555731,-443.87509145044544,-7.417135277111603,0.9577705479249521,p
2015-06-08,IC,current,IC1506,2015-06-19,11030.92,10602.6,-428.3199999999997,1.7208458653820768,-426.5991541346176,-128.32416125774014,1.0,y
2015-06-08,IC,current,IC1506,2015-06-19,11030.92,10602.6,-428.3199999999997,1.7208458653820768,-426.5991541346176,-128.32416125774014,1.0,d
2015-06-08,IC,current,IC1506,2015-06-19,11030.92,10602.6,-428.3199999999997,1.7208458653820768,-426.5991541346176,-128.32416125774014,1.0,p
2015-06-08,IC,next,IC1507,2015-07-17,11030.92,10529.8,-501.1200000000008,5.657782312080462,-495.4622176879203,-42.03654990863698,1.0,y
2015-06-08,IC,next,IC1507,2015-07-17,11030.92,10529.8,-501.1200000000008,5.657782312080462,-495.4622176879203,-42.03654990863698,1.0,d
2015-06-08,IC,next,IC1507,2015-07-17,11030.92,10529.8,-501.1200000000008,5.657782312080462,-495.4622176879203,-42.03654990863698,1.0,p
2015-06-08,IC,q1,IC1509,2015-09-18,11030.92,10451.0,-579.9200000000001,7.966610967068741,-571.9533890329313,-18.554172734016525,1.0,y
2015-06-08,IC,q1,IC1509,2015-09-18,11030.92,10451.0,-579.9200000000001,7.966610967068741,-571.9533890329313,-18.554172734016525,1.0,d
2015-06-08,IC,q1,IC1509,2015-09-18,11030.92,10451.0,-579.9200000000001,7.966610967068741,-571.9533890329313,-18.554172734016525,1.0,p
2015-06-08,IC,q2,IC1512,2015-12-18,11030.92,10195.0,-835.9200000000001,8.336319232867494,-827.5836807671326,-14.188475632761795,0.955650898739445,y
2015-06-08,IC,q2,IC1512,2015-12-18,11030.92,10195.0,-835.9200000000001,8.336319232867494,-827.5836807671326,-14.188475632761795,0.955650898739445,d
2015-06-08,IC,q2,IC1512,2015-12-18,11030.92,10195.0,-835.9200000000001,8.336319232867494,-827.5836807671326,-14.188475632761795,0.955650898739445,p
2015-06-09,IC,current,IC1506,2015-06-19,11013.74,10700.4,-313.34000000000015,1.5861658704327763,-311.7538341295674,-103.316538666513,1.0,y
2015-06-09,IC,current,IC1506,2015-06-19,11013.74,10700.4,-313.34000000000015,1.5861658704327763,-311.7538341295674,-103.316538666513,1.0,d
2015-06-09,IC,current,IC1506,2015-06-19,11013.74,10700.4,-313.34000000000015,1.5861658704327763,-311.7538341295674,-103.316538666513,1.0,p
2015-06-09,IC,next,IC1507,2015-07-17,11013.74,10603.0,-410.7399999999998,5.516970773420003,-405.2230292265798,-35.34016449780519,1.0,y
2015-06-09,IC,next,IC1507,2015-07-17,11013.74,10603.0,-410.7399999999998,5.516970773420003,-405.2230292265798,-35.34016449780519,1.0,d
2015-06-09,IC,next,IC1507,2015-07-17,11013.74,10603.0,-410.7399999999998,5.516970773420003,-405.2230292265798,-35.34016449780519,1.0,p
2015-06-09,IC,q1,IC1509,2015-09-18,11013.74,10478.0,-535.7399999999998,7.822203565480015,-527.9177964345198,-17.322196997478574,1.0,y
2015-06-09,IC,q1,IC1509,2015-09-18,11013.74,10478.0,-535.7399999999998,7.822203565480015,-527.9177964345198,-17.322196997478574,1.0,d
2015-06-09,IC,q1,IC1509,2015-09-18,11013.74,10478.0,-535.7399999999998,7.822203565480015,-527.9177964345198,-17.322196997478574,1.0,p
2015-06-09,IC,q2,IC1512,2015-12-18,11013.74,10230.0,-783.7399999999998,8.19133603270472,-775.548663967295,-13.386463859955777,0.954936231922252,y
2015-06-09,IC,q2,IC1512,2015-12-18,11013.74,10230.0,-783.7399999999998,8.19133603270472,-775.548663967295,-13.386463859955777,0.954936231922252,d
2015-06-09,IC,q2,IC1512,2015-12-18,11013.74,10230.0,-783.7399999999998,8.19133603270472,-775.548663967295,-13.386463859955777,0.954936231922252,p
2015-06-10,IC,current,IC1506,2015-06-19,11208.06,10987.8,-220.26000000000022,1.4662020548486645,-218.79379794515157,-79.16895544613067,1.0,y
2015-06-10,IC,current,IC1506,2015-06-19,11208.06,10987.8,-220.26000000000022,1.4662020548486645,-218.79379794515157,-79.16895544613067,1.0,d
2015-06-10,IC,current,IC1506,2015-06-19,11208.06,10987.8,-220.26000000000022,1.4662020548486645,-218.79379794515157,-79.16895544613067,1.0,p
2015-06-10,IC,next,IC1507,2015-07-17,11208.06,10853.2,-354.85999999999876,5.466359785190494,-349.3936402148083,-30.752164472373433,1.0,y
2015-06-10,IC,next,IC1507,2015-07-17,11208.06,10853.2,-354.85999999999876,5.466359785190494,-349.3936402148083,-30.752164472373433,1.0,d
2015-06-10,IC,next,IC1507,2015-07-17,11208.06,10853.2,-354.85999999999876,5.466359785190494,-349.3936402148083,-30.752164472373433,1.0,p
2015-06-10,IC,q1,IC1509,2015-09-18,11208.06,10775.0,-433.0599999999995,7.812264759102725,-425.24773524089676,-13.848553930200886,1.0,y
2015-06-10,IC,q1,IC1509,2015-09-18,11208.06,10775.0,-433.0599999999995,7.812264759102725,-425.24773524089676,-13.848553930200886,1.0,d
2015-06-10,IC,q1,IC1509,2015-09-18,11208.06,10775.0,-433.0599999999995,7.812264759102725,-425.24773524089676,-13.848553930200886,1.0,p
2015-06-10,IC,q2,IC1512,2015-12-18,11208.06,10543.8,-664.2600000000002,8.187909984121887,-656.0720900158783,-11.186149334389137,0.9541219644881761,y
2015-06-10,IC,q2,IC1512,2015-12-18,11208.06,10543.8,-664.2600000000002,8.187909984121887,-656.0720900158783,-11.186149334389137,0.9541219644881761,d
2015-06-10,IC,q2,IC1512,2015-12-18,11208.06,10543.8,-664.2600000000002,8.187909984121887,-656.0720900158783,-11.186149334389137,0.9541219644881761,p
2015-06-11,IC,current,IC1506,2015-06-19,11366.29,11258.8,-107.4900000000016,1.22988212929579,-106.26011787070581,-42.65347688516615,1.0,y
2015-06-11,IC,current,IC1506,2015-06-19,11366.29,11258.8,-107.4900000000016,1.22988212929579,-106.26011787070581,-42.65347688516615,1.0,d
2015-06-11,IC,current,IC1506,2015-06-19,11366.29,11258.8,-107.4900000000016,1.22988212929579,-106.26011787070581,-42.65347688516615,1.0,p
2015-06-11,IC,next,IC1507,2015-07-17,11366.29,11133.8,-232.4900000000016,5.286512162397597,-227.203487837604,-20.266867362644142,1.0,y
2015-06-11,IC,next,IC1507,2015-07-17,11366.29,11133.8,-232.4900000000016,5.286512162397597,-227.203487837604,-20.266867362644142,1.0,d
2015-06-11,IC,next,IC1507,2015-07-17,11366.29,11133.8,-232.4900000000016,5.286512162397597,-227.203487837604,-20.266867362644142,1.0,p
2015-06-11,IC,q1,IC1509,2015-09-18,11366.29,11044.8,-321.4900000000016,7.665535494350573,-313.824464505651,-10.179483291023,1.0,y
2015-06-11,IC,q1,IC1509,2015-09-18,11366.29,11044.8,-321.4900000000016,7.665535494350573,-313.824464505651,-10.179483291023,1.0,d
2015-06-11,IC,q1,IC1509,2015-09-18,11366.29,11044.8,-321.4900000000016,7.665535494350573,-313.824464505651,-10.179483291023,1.0,p
2015-06-11,IC,q2,IC1512,2015-12-18,11366.29,10811.8,-554.4900000000016,8.046483897971097,-546.4435161020305,-9.235614739876059,0.9526565381288368,y
2015-06-11,IC,q2,IC1512,2015-12-18,11366.29,10811.8,-554.4900000000016,8.046483897971097,-546.4435161020305,-9.235614739876059,0.9526565381288368,d
2015-06-11,IC,q2,IC1512,2015-12-18,11366.29,10811.8,-554.4900000000016,8.046483897971097,-546.4435161020305,-9.235614739876059,0.9526565381288368,p
2015-06-12,IC,current,IC1506,2015-06-19,11545.89,11427.8,-118.09000000000015,0.7235433725446014,-117.36645662745555,-53.00433644603191,1.0,y
2015-06-12,IC,current,IC1506,2015-06-19,11545.89,11427.8,-118.09000000000015,0.7235433725446014,-117.36645662745555,-53.00433644603191,1.0,d
2015-06-12,IC,current,IC1506,2015-06-19,11545.89,11427.8,-118.09000000000015,0.7235433725446014,-117.36645662745555,-53.00433644603191,1.0,p
2015-06-12,IC,next,IC1507,2015-07-17,11545.89,11400.0,-145.88999999999942,4.844272663534873,-141.04572733646455,-12.739645382236715,1.0,y
2015-06-12,IC,next,IC1507,2015-07-17,11545.89,11400.0,-145.88999999999942,4.844272663534873,-141.04572733646455,-12.739645382236715,1.0,d
2015-06-12,IC,next,IC1507,2015-07-17,11545.89,11400.0,-145.88999999999942,4.844272663534873,-141.04572733646455,-12.739645382236715,1.0,p
2015-06-12,IC,q1,IC1509,2015-09-18,11545.89,11375.6,-170.28999999999905,7.260887205145419,-163.02911279485363,-5.259016559503485,1.0,y
2015-06-12,IC,q1,IC1509,2015-09-18,11545.89,11375.6,-170.28999999999905,7.260887205145419,-163.02911279485363,-5.259016559503485,1.0,d
2015-06-12,IC,q1,IC1509,2015-09-18,11545.89,11375.6,-170.28999999999905,7.260887205145419,-163.02911279485363,-5.259016559503485,1.0,p
2015-06-12,IC,q2,IC1512,2015-12-18,11545.89,11168.4,-377.4899999999998,7.647855016443404,-369.84214498355635,-6.186144266659661,0.9494017851455111,y
2015-06-12,IC,q2,IC1512,2015-12-18,11545.89,11168.4,-377.4899999999998,7.647855016443404,-369.84214498355635,-6.186144266659661,0.9494017851455111,d
2015-06-12,IC,q2,IC1512,2015-12-18,11545.89,11168.4,-377.4899999999998,7.647855016443404,-369.84214498355635,-6.186144266659661,0.9494017851455111,p
2015-06-15,IC,current,IC1506,2015-06-19,11332.89,11228.6,-104.28999999999905,0.7101953553409038,-103.57980464465815,-83.40023748421679,1.0,y
2015-06-15,IC,current,IC1506,2015-06-19,11332.89,11228.6,-104.28999999999905,0.7101953553409038,-103.57980464465815,-83.40023748421679,1.0,d
2015-06-15,IC,current,IC1506,2015-06-19,11332.89,11228.6,-104.28999999999905,0.7101953553409038,-103.57980464465815,-83.40023748421679,1.0,p
2015-06-15,IC,next,IC1507,2015-07-17,11332.89,11222.6,-110.28999999999905,4.754904925116014,-105.53509507488305,-10.621824426054474,1.0,y
2015-06-15,IC,next,IC1507,2015-07-17,11332.89,11222.6,-110.28999999999905,4.754904925116014,-105.53509507488305,-10.621824426054474,1.0,d
2015-06-15,IC,next,IC1507,2015-07-17,11332.89,11222.6,-110.28999999999905,4.754904925116014,-105.53509507488305,-10.621824426054474,1.0,p
2015-06-15,IC,q1,IC1509,2015-09-18,11332.89,11177.8,-155.09000000000015,7.126937464181669,-147.96306253581847,-5.0162814720854865,1.0,y
2015-06-15,IC,q1,IC1509,2015-09-18,11332.89,11177.8,-155.09000000000015,7.126937464181669,-147.96306253581847,-5.0162814720854865,1.0,d
2015-06-15,IC,q1,IC1509,2015-09-18,11332.89,11177.8,-155.09000000000015,7.126937464181669,-147.96306253581847,-5.0162814720854865,1.0,p
2015-06-15,IC,q2,IC1512,2015-12-18,11332.89,10969.2,-363.6899999999987,7.506766445661729,-356.18323355433694,-6.167550569712181,0.9494017851455111,y
2015-06-15,IC,q2,IC1512,2015-12-18,11332.89,10969.2,-363.6899999999987,7.506766445661729,-356.18323355433694,-6.167550569712181,0.9494017851455111,d
2015-06-15,IC,q2,IC1512,2015-12-18,11332.89,10969.2,-363.6899999999987,7.506766445661729,-356.18323355433694,-6.167550569712181,0.9494017851455111,p
2015-06-16,IC,current,IC1506,2015-06-19,10879.84,10839.0,-40.840000000000146,0.6742674333155421,-40.1657325666846,-44.91638475945688,1.0,y
2015-06-16,IC,current,IC1506,2015-06-19,10879.84,10839.0,-40.840000000000146,0.6742674333155421,-40.1657325666846,-44.91638475945688,1.0,d
2015-06-16,IC,current,IC1506,2015-06-19,10879.84,10839.0,-40.840000000000146,0.6742674333155421,-40.1657325666846,-44.91638475945688,1.0,p
2015-06-16,IC,next,IC1507,2015-07-17,10879.84,10714.2,-165.63999999999942,4.557283412966101,-161.0827165870333,-17.432417042858305,1.0,y
2015-06-16,IC,next,IC1507,2015-07-17,10879.84,10714.2,-165.63999999999942,4.557283412966101,-161.0827165870333,-17.432417042858305,1.0,d
2015-06-16,IC,next,IC1507,2015-07-17,10879.84,10714.2,-165.63999999999942,4.557283412966101,-161.0827165870333,-17.432417042858305,1.0,p
2015-06-16,IC,q1,IC1509,2015-09-18,10879.84,10663.2,-216.63999999999942,6.834490241923948,-209.80550975807546,-7.487888888472541,1.0,y
2015-06-16,IC,q1,IC1509,2015-09-18,10879.84,10663.2,-216.63999999999942,6.834490241923948,-209.80550975807546,-7.487888888472541,1.0,d
2015-06-16,IC,q1,IC1509,2015-09-18,10879.84,10663.2,-216.63999999999942,6.834490241923948,-209.80550975807546,-7.487888888472541,1.0,p
2015-06-16,IC,q2,IC1512,2015-12-18,10879.84,10448.8,-431.0400000000009,7.199134965896917,-423.84086503410396,-7.686019018237149,0.9493488140310843,y
2015-06-16,IC,q2,IC1512,2015-12-18,10879.84,10448.8,-431.0400000000009,7.199134965896917,-423.84086503410396,-7.686019018237149,0.9493488140310843,d
2015-06-16,IC,q2,IC1512,2015-12-18,10879.84,10448.8,-431.0400000000009,7.199134965896917,-423.84086503410396,-7.686019018237149,0.9493488140310843,p
2015-06-17,IC,current,IC1506,2015-06-19,11100.55,11033.4,-67.14999999999964,0.4714217190358886,-66.67857828096375,-109.6237622124659,1.0,y
2015-06-17,IC,current,IC1506,2015-06-19,11100.55,11033.4,-67.14999999999964,0.4714217190358886,-66.67857828096375,-109.6237622124659,1.0,d
2015-06-17,IC,current,IC1506,2015-06-19,11100.55,11033.4,-67.14999999999964,0.4714217190358886,-66.67857828096375,-109.6237622124659,1.0,p
2015-06-17,IC,next,IC1507,2015-07-17,11100.55,10988.8,-111.75,4.433209119669539,-107.31679088033046,-11.762368732876787,1.0,y
2015-06-17,IC,next,IC1507,2015-07-17,11100.55,10988.8,-111.75,4.433209119669539,-107.31679088033046,-11.762368732876787,1.0,d
2015-06-17,IC,next,IC1507,2015-07-17,11100.55,10988.8,-111.75,4.433209119669539,-107.31679088033046,-11.762368732876787,1.0,p
2015-06-17,IC,q1,IC1509,2015-09-18,11100.55,10903.0,-197.54999999999927,6.756611694081297,-190.79338830591797,-6.7457266581879685,1.0,y
2015-06-17,IC,q1,IC1509,2015-09-18,11100.55,10903.0,-197.54999999999927,6.756611694081297,-190.79338830591797,-6.7457266581879685,1.0,d
2015-06-17,IC,q1,IC1509,2015-09-18,11100.55,10903.0,-197.54999999999927,6.756611694081297,-190.79338830591797,-6.7457266581879685,1.0,p
2015-06-17,IC,q2,IC1512,2015-12-18,11100.55,10685.0,-415.5499999999993,7.1286536534022185,-408.42134634659703,-7.298590150963334,0.947810347169362,y
2015-06-17,IC,q2,IC1512,2015-12-18,11100.55,10685.0,-415.5499999999993,7.1286536534022185,-408.42134634659703,-7.298590150963334,0.947810347169362,d
2015-06-17,IC,q2,IC1512,2015-12-18,11100.55,10685.0,-415.5499999999993,7.1286536534022185,-408.42134634659703,-7.298590150963334,0.947810347169362,p
2015-06-18,IC,current,IC1506,2015-06-19,10731.38,10672.6,-58.779999999998836,0.2933361371206896,-58.486663862878146,-198.92718653100093,1.0,y
2015-06-18,IC,current,IC1506,2015-06-19,10731.38,10672.6,-58.779999999998836,0.2933361371206896,-58.486663862878146,-198.92718653100093,1.0,d
2015-06-18,IC,current,IC1506,2015-06-19,10731.38,10672.6,-58.779999999998836,0.2933361371206896,-58.486663862878146,-198.92718653100093,1.0,p
2015-06-18,IC,next,IC1507,2015-07-17,10731.38,10585.0,-146.3799999999992,4.123366727984381,-142.25663327201482,-16.684447095978918,1.0,y
2015-06-18,IC,next,IC1507,2015-07-17,10731.38,10585.0,-146.3799999999992,4.123366727984381,-142.25663327201482,-16.684447095978918,1.0,d
2015-06-18,IC,next,IC1507,2015-07-17,10731.38,10585.0,-146.3799999999992,4.123366727984381,-142.25663327201482,-16.684447095978918,1.0,p
2015-06-18,IC,q1,IC1509,2015-09-18,10731.38,10495.4,-235.97999999999956,6.369500110473613,-229.61049988952595,-8.488700434134872,1.0,y
2015-06-18,IC,q1,IC1509,2015-09-18,10731.38,10495.4,-235.97999999999956,6.369500110473613,-229.61049988952595,-8.488700434134872,1.0,d
2015-06-18,IC,q1,IC1509,2015-09-18,10731.38,10495.4,-235.97999999999956,6.369500110473613,-229.61049988952595,-8.488700434134872,1.0,p
2015-06-18,IC,q2,IC1512,2015-12-18,10731.38,10265.8,-465.5799999999999,6.729169103579121,-458.8508308964208,-8.528206812201633,0.9465507572228781,y
2015-06-18,IC,q2,IC1512,2015-12-18,10731.38,10265.8,-465.5799999999999,6.729169103579121,-458.8508308964208,-8.528206812201633,0.9465507572228781,d
2015-06-18,IC,q2,IC1512,2015-12-18,10731.38,10265.8,-465.5799999999999,6.729169103579121,-458.8508308964208,-8.528206812201633,0.9465507572228781,p
2015-06-19,IC,current,IC1506,2015-06-19,9987.407,10210.0,222.59300000000076,0.0,222.59300000000076,,,y
2015-06-19,IC,current,IC1506,2015-06-19,9987.407,10210.0,222.59300000000076,0.0,222.59300000000076,,,d
2015-06-19,IC,current,IC1506,2015-06-19,9987.407,10210.0,222.59300000000076,0.0,222.59300000000076,,,p
2015-06-19,IC,next,IC1507,2015-07-17,9987.407,9990.0,2.5930000000007567,3.5645065530627154,6.157506553063472,0.8036870444765978,1.0,y
2015-06-19,IC,next,IC1507,2015-07-17,9987.407,9990.0,2.5930000000007567,3.5645065530627154,6.157506553063472,0.8036870444765978,1.0,d
2015-06-19,IC,next,IC1507,2015-07-17,9987.407,9990.0,2.5930000000007567,3.5645065530627154,6.157506553063472,0.8036870444765978,1.0,p
2015-06-19,IC,q1,IC1509,2015-09-18,9987.407,9915.6,-71.80699999999888,5.654922535648985,-66.1520774643499,-2.6566981376006935,1.0,y
2015-06-19,IC,q1,IC1509,2015-09-18,9987.407,9915.6,-71.80699999999888,5.654922535648985,-66.1520774643499,-2.6566981376006935,1.0,d
2015-06-19,IC,q1,IC1509,2015-09-18,9987.407,9915.6,-71.80699999999888,5.654922535648985,-66.1520774643499,-2.6566981376006935,1.0,p
2015-06-19,IC,q2,IC1512,2015-12-18,9987.407,9650.0,-337.40699999999924,5.989656802763271,-331.417343197236,-6.654937170455192,0.9441146165570188,y
2015-06-19,IC,q2,IC1512,2015-12-18,9987.407,9650.0,-337.40699999999924,5.989656802763271,-331.417343197236,-6.654937170455192,0.9441146165570188,d
2015-06-19,IC,q2,IC1512,2015-12-18,9987.407,9650.0,-337.40699999999924,5.989656802763271,-331.417343197236,-6.654937170455192,0.9441146165570188,p
2015-06-23,IC,current,IC1507,2015-07-17,10046.88,9862.6,-184.27999999999884,3.585732472686327,-180.69426752731252,-27.352358662369596,1.0,y
2015-06-23,IC,current,IC1507,2015-07-17,10046.88,9862.6,-184.27999999999884,3.585732472686327,-180.69426752731252,-27.352358662369596,1.0,d
2015-06-23,IC,current,IC1507,2015-07-17,10046.88,9862.6,-184.27999999999884,3.585732472686327,-180.69426752731252,-27.352358662369596,1.0,p
2015-06-23,IC,next,IC1508,2015-08-21,10046.88,9835.0,-211.8799999999992,5.358841409380115,-206.52115859061908,-12.716693106374263,1.0,y
2015-06-23,IC,next,IC1508,2015-08-21,10046.88,9835.0,-211.8799999999992,5.358841409380115,-206.52115859061908,-12.716693106374263,1.0,d
2015-06-23,IC,next,IC1508,2015-08-21,10046.88,9835.0,-211.8799999999992,5.358841409380115,-206.52115859061908,-12.716693106374263,1.0,p
2015-06-23,IC,q1,IC1509,2015-09-18,10046.88,9782.2,-264.6799999999985,5.68859646202073,-258.99140353797776,-10.815030435177576,1.0,y
2015-06-23,IC,q1,IC1509,2015-09-18,10046.88,9782.2,-264.6799999999985,5.68859646202073,-258.99140353797776,-10.815030435177576,1.0,d
2015-06-23,IC,q1,IC1509,2015-09-18,10046.88,9782.2,-264.6799999999985,5.68859646202073,-258.99140353797776,-10.815030435177576,1.0,p
2015-06-23,IC,q2,IC1512,2015-12-18,10046.88,9502.0,-544.8799999999992,6.025324004373332,-538.8546759956258,-10.9979895563309,0.9441146165570188,y
2015-06-23,IC,q2,IC1512,2015-12-18,10046.88,9502.0,-544.8799999999992,6.025324004373332,-538.8546759956258,-10.9979895563309,0.9441146165570188,d
2015-06-23,IC,q2,IC1512,2015-12-18,10046.88,9502.0,-544.8799999999992,6.025324004373332,-538.8546759956258,-10.9979895563309,0.9441146165570188,p
2015-06-24,IC,current,IC1507,2015-07-17,10267.63,10058.0,-209.6299999999992,3.664518169673403,-205.96548183032579,-31.833856950803437,1.0,y
2015-06-24,IC,current,IC1507,2015-07-17,10267.63,10058.0,-209.6299999999992,3.664518169673403,-205.96548183032579,-31.833856950803437,1.0,d
2015-06-24,IC,current,IC1507,2015-07-17,10267.63,10058.0,-209.6299999999992,3.664518169673403,-205.96548183032579,-31.833856950803437,1.0,p
2015-06-24,IC,next,IC1508,2015-08-21,10267.63,9973.8,-293.8299999999999,5.476585847565965,-288.35341415243397,-17.673385824428813,1.0,y
2015-06-24,IC,next,IC1508,2015-08-21,10267.63,9973.8,-293.8299999999999,5.476585847565965,-288.35341415243397,-17.673385824428813,1.0,d
2015-06-24,IC,next,IC1508,2015-08-21,10267.63,9973.8,-293.8299999999999,5.476585847565965,-288.35341415243397,-17.673385824428813,1.0,p
2015-06-24,IC,q1,IC1509,2015-09-18,10267.63,9909.4,-358.22999999999956,5.813586276668768,-352.4164137233308,-14.567342470328882,1.0,y
2015-06-24,IC,q1,IC1509,2015-09-18,10267.63,9909.4,-358.22999999999956,5.813586276668768,-352.4164137233308,-14.567342470328882,1.0,d
2015-06-24,IC,q1,IC1509,2015-09-18,10267.63,9909.4,-358.22999999999956,5.813586276668768,-352.4164137233308,-14.567342470328882,1.0,p
2015-06-24,IC,q2,IC1512,2015-12-18,10267.63,9655.0,-612.6299999999992,6.157712394994641,-606.4722876050046,-12.180366290626488,0.9441146165570188,y
2015-06-24,IC,q2,IC1512,2015-12-18,10267.63,9655.0,-612.6299999999992,6.157712394994641,-606.4722876050046,-12.180366290626488,0.9441146165570188,d
2015-06-24,IC,q2,IC1512,2015-12-18,10267.63,9655.0,-612.6299999999992,6.157712394994641,-606.4722876050046,-12.180366290626488,0.9441146165570188,p
2015-06-25,IC,current,IC1507,2015-07-17,9906.104,9381.6,-524.503999999999,3.434579311444214,-521.0694206885548,-87.26958033851126,1.0,y
2015-06-25,IC,current,IC1507,2015-07-17,9906.104,9381.6,-524.503999999999,3.434579311444214,-521.0694206885548,-87.26958033851126,1.0,d
2015-06-25,IC,current,IC1507,2015-07-17,9906.104,9381.6,-524.503999999999,3.434579311444214,-521.0694206885548,-87.26958033851126,1.0,p
2015-06-25,IC,next,IC1508,2015-08-21,9906.104,9259.4,-646.7039999999997,5.182843601474359,-641.5211563985254,-41.46924312904975,1.0,y
2015-06-25,IC,next,IC1508,2015-08-21,9906.104,9259.4,-646.7039999999997,5.182843601474359,-641.5211563985254,-41.46924312904975,1.0,d
2015-06-25,IC,next,IC1508,2015-08-21,9906.104,9259.4,-646.7039999999997,5.182843601474359,-641.5211563985254,-41.46924312904975,1.0,p
2015-06-25,IC,q1,IC1509,2015-09-18,9906.104,9188.0,-718.1039999999994,5.507978155284439,-712.5960218447149,-30.8897539600564,1.0,y
2015-06-25,IC,q1,IC1509,2015-09-18,9906.104,9188.0,-718.1039999999994,5.507978155284439,-712.5960218447149,-30.8897539600564,1.0,d
2015-06-25,IC,q1,IC1509,2015-09-18,9906.104,9188.0,-718.1039999999994,5.507978155284439,-712.5960218447149,-30.8897539600564,1.0,p
2015-06-25,IC,q2,IC1512,2015-12-18,9906.104,8939.0,-967.1039999999994,5.839987500893154,-961.2640124991062,-20.124263590074325,0.9431489629801539,y
2015-06-25,IC,q2,IC1512,2015-12-18,9906.104,8939.0,-967.1039999999994,5.839987500893154,-961.2640124991062,-20.124263590074325,0.9431489629801539,d
2015-06-25,IC,q2,IC1512,2015-12-18,9906.104,8939.0,-967.1039999999994,5.839987500893154,-961.2640124991062,-20.124263590074325,0.9431489629801539,p
2015-06-26,IC,current,IC1507,2015-07-17,9078.065,8629.0,-449.0650000000005,2.996697270429067,-446.0683027295714,-85.40467520771146,1.0,y
2015-06-26,IC,current,IC1507,2015-07-17,9078.065,8629.0,-449.0650000000005,2.996697270429067,-446.0683027295714,-85.40467520771146,1.0,d
2015-06-26,IC,current,IC1507,2015-07-17,9078.065,8629.0,-449.0650000000005,2.996697270429067,-446.0683027295714,-85.40467520771146,1.0,p
2015-06-26,IC,next,IC1508,2015-08-21,9078.065,8519.4,-558.6650000000009,4.598826307442258,-554.0661736925587,-39.78077010703899,1.0,y
2015-06-26,IC,next,IC1508,2015-08-21,9078.065,8519.4,-558.6650000000009,4.598826307442258,-554.0661736925587,-39.78077010703899,1.0,d
2015-06-26,IC,next,IC1508,2015-08-21,9078.065,8519.4,-558.6650000000009,4.598826307442258,-554.0661736925587,-39.78077010703899,1.0,p
2015-06-26,IC,q1,IC1509,2015-09-18,9078.065,8448.6,-629.4650000000001,4.89678326541826,-624.5682167345819,-29.895111000307097,1.0,y
2015-06-26,IC,q1,IC1509,2015-09-18,9078.065,8448.6,-629.4650000000001,4.89678326541826,-624.5682167345819,-29.895111000307097,1.0,d
2015-06-26,IC,q1,IC1509,2015-09-18,9078.065,8448.6,-629.4650000000001,4.89678326541826,-624.5682167345819,-29.895111000307097,1.0,p
2015-06-26,IC,q2,IC1512,2015-12-18,9078.065,8219.6,-858.4650000000001,5.2010403598363455,-853.2639596401638,-19.604010657630532,0.9415007242074815,y
2015-06-26,IC,q2,IC1512,2015-12-18,9078.065,8219.6,-858.4650000000001,5.2010403598363455,-853.2639596401638,-19.604010657630532,0.9415007242074815,d
2015-06-26,IC,q2,IC1512,2015-12-18,9078.065,8219.6,-858.4650000000001,5.2010403598363455,-853.2639596401638,-19.604010657630532,0.9415007242074815,p
2015-06-29,IC,current,IC1507,2015-07-17,8484.643,7768.4,-716.2430000000004,2.7042722246600874,-713.5387277753402,-170.53139133451603,1.0,y
2015-06-29,IC,current,IC1507,2015-07-17,8484.643,7768.4,-716.2430000000004,2.7042722246600874,-713.5387277753402,-170.53139133451603,1.0,d
2015-06-29,IC,current,IC1507,2015-07-17,8484.643,7768.4,-716.2430000000004,2.7042722246600874,-713.5387277753402,-170.53139133451603,1.0,p
2015-06-29,IC,next,IC1508,2015-08-21,8484.643,7667.6,-817.0429999999997,4.2016720470881825,-812.8413279529115,-65.97648861236212,1.0,y
2015-06-29,IC,next,IC1508,2015-08-21,8484.643,7667.6,-817.0429999999997,4.2016720470881825,-812.8413279529115,-65.97648861236212,1.0,d
2015-06-29,IC,next,IC1508,2015-08-21,8484.643,7667.6,-817.0429999999997,4.2016720470881825,-812.8413279529115,-65.97648861236212,1.0,p
2015-06-29,IC,q1,IC1509,2015-09-18,8484.643,7603.8,-880.8429999999998,4.480151923338504,-876.3628480766613,-46.543413359352016,1.0,y
2015-06-29,IC,q1,IC1509,2015-09-18,8484.643,7603.8,-880.8429999999998,4.480151923338504,-876.3628480766613,-46.543413359352016,1.0,d
2015-06-29,IC,q1,IC1509,2015-09-18,8484.643,7603.8,-880.8429999999998,4.480151923338504,-876.3628480766613,-46.543413359352016,1.0,p
2015-06-29,IC,q2,IC1512,2015-12-18,8484.643,7397.8,-1086.8429999999998,4.764520103821321,-1082.0784798961786,-27.063851629384256,0.9403154621480674,y
2015-06-29,IC,q2,IC1512,2015-12-18,8484.643,7397.8,-1086.8429999999998,4.764520103821321,-1082.0784798961786,-27.063851629384256,0.9403154621480674,d
2015-06-29,IC,q2,IC1512,2015-12-18,8484.643,7397.8,-1086.8429999999998,4.764520103821321,-1082.0784798961786,-27.063851629384256,0.9403154621480674,p
2015-06-30,IC,current,IC1507,2015-07-17,8906.02,8346.0,-560.0200000000004,1.908127206187531,-558.111872793813,-134.54932966672885,1.0,y
2015-06-30,IC,current,IC1507,2015-07-17,8906.02,8346.0,-560.0200000000004,1.908127206187531,-558.111872793813,-134.54932966672885,1.0,d
2015-06-30,IC,current,IC1507,2015-07-17,8906.02,8346.0,-560.0200000000004,1.908127206187531,-558.111872793813,-134.54932966672885,1.0,p
2015-06-30,IC,next,IC1508,2015-08-21,8906.02,8205.8,-700.2200000000012,3.2752599491546976,-696.9447400508465,-54.929317066640785,1.0,y
2015-06-30,IC,next,IC1508,2015-08-21,8906.02,8205.8,-700.2200000000012,3.2752599491546976,-696.9447400508465,-54.929317066640785,1.0,d
2015-06-30,IC,next,IC1508,2015-08-21,8906.02,8205.8,-700.2200000000012,3.2752599491546976,-696.9447400508465,-54.929317066640785,1.0,p
2015-06-30,IC,q1,IC1509,2015-09-18,8906.02,8099.6,-806.4200000000001,3.489629413021147,-802.9303705869789,-41.13363562851971,1.0,y
2015-06-30,IC,q1,IC1509,2015-09-18,8906.02,8099.6,-806.4200000000001,3.489629413021147,-802.9303705869789,-41.13363562851971,1.0,d
2015-06-30,IC,q1,IC1509,2015-09-18,8906.02,8099.6,-806.4200000000001,3.489629413021147,-802.9303705869789,-41.13363562851971,1.0,p
2015-06-30,IC,q2,IC1512,2015-12-18,8906.02,7876.2,-1029.8200000000006,3.812368927995357,-1026.0076310720053,-24.590291606638075,0.9153441020347642,y
2015-06-30,IC,q2,IC1512,2015-12-18,8906.02,7876.2,-1029.8200000000006,3.812368927995357,-1026.0076310720053,-24.590291606638075,0.9153441020347642,d
2015-06-30,IC,q2,IC1512,2015-12-18,8906.02,7876.2,-1029.8200000000006,3.812368927995357,-1026.0076310720053,-24.590291606638075,0.9153441020347642,p
2015-07-01,IC,current,IC1507,2015-07-17,8411.91,7509.4,-902.5100000000002,1.7629350391658918,-900.7470649608343,-244.27618007585716,1.0,y
2015-07-01,IC,current,IC1507,2015-07-17,8411.91,7509.4,-902.5100000000002,1.7629350391658918,-900.7470649608343,-244.27618007585716,1.0,d
2015-07-01,IC,current,IC1507,2015-07-17,8411.91,7509.4,-902.5100000000002,1.7629350391658918,-900.7470649608343,-244.27618007585716,1.0,p
2015-07-01,IC,next,IC1508,2015-08-21,8411.91,7380.0,-1031.9099999999999,3.054218641930419,-1028.8557813580694,-87.53516872720107,1.0,y
2015-07-01,IC,next,IC1508,2015-08-21,8411.91,7380.0,-1031.9099999999999,3.054218641930419,-1028.8557813580694,-87.53516872720107,1.0,d
2015-07-01,IC,next,IC1508,2015-08-21,8411.91,7380.0,-1031.9099999999999,3.054218641930419,-1028.8557813580694,-87.53516872720107,1.0,p
2015-07-01,IC,q1,IC1509,2015-09-18,8411.91,7282.4,-1129.5100000000002,3.2566947914105264,-1126.2533052085896,-61.85961805918899,1.0,y
2015-07-01,IC,q1,IC1509,2015-09-18,8411.91,7282.4,-1129.5100000000002,3.2566947914105264,-1126.2533052085896,-61.85961805918899,1.0,d
2015-07-01,IC,q1,IC1509,2015-09-18,8411.91,7282.4,-1129.5100000000002,3.2566947914105264,-1126.2533052085896,-61.85961805918899,1.0,p
2015-07-01,IC,q2,IC1512,2015-12-18,8411.91,7086.8,-1325.1099999999997,3.561528572763668,-1321.548471427236,-33.731248982688285,0.9144092837877761,y
2015-07-01,IC,q2,IC1512,2015-12-18,8411.91,7086.8,-1325.1099999999997,3.561528572763668,-1321.548471427236,-33.731248982688285,0.9144092837877761,d
2015-07-01,IC,q2,IC1512,2015-12-18,8411.91,7086.8,-1325.1099999999997,3.561528572763668,-1321.548471427236,-33.731248982688285,0.9144092837877761,p
2015-07-02,IC,current,IC1507,2015-07-17,7835.104,7667.8,-167.3040000000001,1.6063323323358925,-165.6976676676642,-51.460409203415324,1.0,y
2015-07-02,IC,current,IC1507,2015-07-17,7835.104,7667.8,-167.3040000000001,1.6063323323358925,-165.6976676676642,-51.460409203415324,1.0,d
2015-07-02,IC,current,IC1507,2015-07-17,7835.104,7667.8,-167.3040000000001,1.6063323323358925,-165.6976676676642,-51.460409203415324,1.0,p
2015-07-02,IC,next,IC1508,2015-08-21,7835.104,7510.0,-325.10400000000027,2.809072414095536,-322.29492758590476,-30.02835662905182,1.0,y
2015-07-02,IC,next,IC1508,2015-08-21,7835.104,7510.0,-325.10400000000027,2.809072414095536,-322.29492758590476,-30.02835662905182,1.0,d
2015-07-02,IC,next,IC1508,2015-08-21,7835.104,7510.0,-325.10400000000027,2.809072414095536,-322.29492758590476,-30.02835662905182,1.0,p
2015-07-02,IC,q1,IC1509,2015-09-18,7835.104,7419.0,-416.10400000000027,2.9976647419611675,-413.1063352580391,-24.672624634017957,1.0,y
2015-07-02,IC,q1,IC1509,2015-09-18,7835.104,7419.0,-416.10400000000027,2.9976647419611675,-413.1063352580391,-24.672624634017957,1.0,d
2015-07-02,IC,q1,IC1509,2015-09-18,7835.104,7419.0,-416.10400000000027,2.9976647419611675,-413.1063352580391,-24.672624634017957,1.0,p
2015-07-02,IC,q2,IC1512,2015-12-18,7835.104,7249.8,-585.3040000000001,3.2815960226828023,-582.0224039773173,-16.043573075851945,0.9134776862358845,y
2015-07-02,IC,q2,IC1512,2015-12-18,7835.104,7249.8,-585.3040000000001,3.2815960226828023,-582.0224039773173,-16.043573075851945,0.9134776862358845,d
2015-07-02,IC,q2,IC1512,2015-12-18,7835.104,7249.8,-585.3040000000001,3.2815960226828023,-582.0224039773173,-16.043573075851945,0.9134776862358845,p
2015-07-03,IC,current,IC1507,2015-07-17,7355.491,7404.8,49.3090000000002,1.4131623913051075,50.722162391305304,17.97839510337674,1.0,y
2015-07-03,IC,current,IC1507,2015-07-17,7355.491,7404.8,49.3090000000002,1.4131623913051075,50.722162391305304,17.97839510337674,1.0,d
2015-07-03,IC,current,IC1507,2015-07-17,7355.491,7404.8,49.3090000000002,1.4131623913051075,50.722162391305304,17.97839510337674,1.0,p
2015-07-03,IC,next,IC1508,2015-08-21,7355.491,7275.8,-79.6909999999998,2.542278717868523,-77.14872128213128,-7.812928468907055,1.0,y
2015-07-03,IC,next,IC1508,2015-08-21,7355.491,7275.8,-79.6909999999998,2.542278717868523,-77.14872128213128,-7.812928468907055,1.0,d
2015-07-03,IC,next,IC1508,2015-08-21,7355.491,7275.8,-79.6909999999998,2.542278717868523,-77.14872128213128,-7.812928468907055,1.0,p
2015-07-03,IC,q1,IC1509,2015-09-18,7355.491,7226.8,-128.6909999999998,2.719326676681156,-125.97167332331864,-8.118267719553723,1.0,y
2015-07-03,IC,q1,IC1509,2015-09-18,7355.491,7226.8,-128.6909999999998,2.719326676681156,-125.97167332331864,-8.118267719553723,1.0,d
2015-07-03,IC,q1,IC1509,2015-09-18,7355.491,7226.8,-128.6909999999998,2.719326676681156,-125.97167332331864,-8.118267719553723,1.0,p
2015-07-03,IC,q2,IC1512,2015-12-18,7355.491,7062.0,-293.491,2.985877571215097,-290.5051224287849,-8.58075908759431,0.9107294628877002,y
2015-07-03,IC,q2,IC1512,2015-12-18,7355.491,7062.0,-293.491,2.985877571215097,-290.5051224287849,-8.58075908759431,0.9107294628877002,d
2015-07-03,IC,q2,IC1512,2015-12-18,7355.491,7062.0,-293.491,2.985877571215097,-290.5051224287849,-8.58075908759431,0.9107294628877002,p
2015-07-06,IC,current,IC1507,2015-07-17,7235.999,7440.0,204.0010000000002,1.2393508702447693,205.24035087024498,94.11620988544965,1.0,y
2015-07-06,IC,current,IC1507,2015-07-17,7235.999,7440.0,204.0010000000002,1.2393508702447693,205.24035087024498,94.11620988544965,1.0,d
2015-07-06,IC,current,IC1507,2015-07-17,7235.999,7440.0,204.0010000000002,1.2393508702447693,205.24035087024498,94.11620988544965,1.0,p
2015-07-06,IC,next,IC1508,2015-08-21,7235.999,7323.8,87.80100000000039,2.3501243875934477,90.15112438759384,9.885705815396575,1.0,y
2015-07-06,IC,next,IC1508,2015-08-21,7235.999,7323.8,87.80100000000039,2.3501243875934477,90.15112438759384,9.885705815396575,1.0,d
2015-07-06,IC,next,IC1508,2015-08-21,7235.999,7323.8,87.80100000000039,2.3501243875934477,90.15112438759384,9.885705815396575,1.0,p
2015-07-06,IC,q1,IC1509,2015-09-18,7235.999,7217.8,-18.198999999999614,2.5242961530024814,-15.674703846997133,-1.0684691584907913,1.0,y
2015-07-06,IC,q1,IC1509,2015-09-18,7235.999,7217.8,-18.198999999999614,2.5242961530024814,-15.674703846997133,-1.0684691584907913,1.0,d
2015-07-06,IC,q1,IC1509,2015-09-18,7235.999,7217.8,-18.198999999999614,2.5242961530024814,-15.674703846997133,-1.0684691584907913,1.0,p
2015-07-06,IC,q2,IC1512,2015-12-18,7235.999,6996.2,-239.79899999999998,2.786516854013019,-237.01248314598695,-7.245721585986386,0.9058966032690959,y
2015-07-06,IC,q2,IC1512,2015-12-18,7235.999,6996.2,-239.79899999999998,2.786516854013019,-237.01248314598695,-7.245721585986386,0.9058966032690959,d
2015-07-06,IC,q2,IC1512,2015-12-18,7235.999,6996.2,-239.79899999999998,2.786516854013019,-237.01248314598695,-7.245721585986386,0.9058966032690959,p
2015-07-07,IC,current,IC1507,2015-07-17,6763.526,6516.2,-247.32600000000002,1.1584277214553407,-246.16757227854467,-132.84663041388293,1.0,y
2015-07-07,IC,current,IC1507,2015-07-17,6763.526,6516.2,-247.32600000000002,1.1584277214553407,-246.16757227854467,-132.84663041388293,1.0,d
2015-07-07,IC,current,IC1507,2015-07-17,6763.526,6516.2,-247.32600000000002,1.1584277214553407,-246.16757227854467,-132.84663041388293,1.0,p
2015-07-07,IC,next,IC1508,2015-08-21,6763.526,6430.4,-333.1260000000002,2.196673520646197,-330.929326479354,-39.686467339656936,1.0,y
2015-07-07,IC,next,IC1508,2015-08-21,6763.526,6430.4,-333.1260000000002,2.196673520646197,-330.929326479354,-39.686467339656936,1.0,d
2015-07-07,IC,next,IC1508,2015-08-21,6763.526,6430.4,-333.1260000000002,2.196673520646197,-330.929326479354,-39.686467339656936,1.0,p
2015-07-07,IC,q1,IC1509,2015-09-18,6763.526,6334.2,-429.326,2.35947277805487,-426.96652722194517,-31.56390078355174,1.0,y
2015-07-07,IC,q1,IC1509,2015-09-18,6763.526,6334.2,-429.326,2.35947277805487,-426.96652722194517,-31.56390078355174,1.0,d
2015-07-07,IC,q1,IC1509,2015-09-18,6763.526,6334.2,-429.326,2.35947277805487,-426.96652722194517,-31.56390078355174,1.0,p
2015-07-07,IC,q2,IC1512,2015-12-18,6763.526,6192.0,-571.5259999999998,2.6045718347328766,-568.921428165267,-18.72096124089086,0.9058966032690959,y
2015-07-07,IC,q2,IC1512,2015-12-18,6763.526,6192.0,-571.5259999999998,2.6045718347328766,-568.921428165267,-18.72096124089086,0.9058966032690959,d
2015-07-07,IC,q2,IC1512,2015-12-18,6763.526,6192.0,-571.5259999999998,2.6045718347328766,-568.921428165267,-18.72096124089086,0.9058966032690959,p
2015-07-08,IC,current,IC1507,2015-07-17,6602.374,5956.6,-645.7739999999994,1.1077081933455635,-644.6662918066538,-395.99089073352616,1.0,y
2015-07-08,IC,current,IC1507,2015-07-17,6602.374,5956.6,-645.7739999999994,1.1077081933455635,-644.6662918066538,-395.99089073352616,1.0,d
2015-07-08,IC,current,IC1507,2015-07-17,6602.374,5956.6,-645.7739999999994,1.1077081933455635,-644.6662918066538,-395.99089073352616,1.0,p
2015-07-08,IC,next,IC1508,2015-08-21,6602.374,5870.6,-731.7739999999994,2.1212160988651,-729.6527839011343,-91.67613804998366,1.0,y
2015-07-08,IC,next,IC1508,2015-08-21,6602.374,5870.6,-731.7739999999994,2.1212160988651,-729.6527839011343,-91.67613804998366,1.0,d
2015-07-08,IC,next,IC1508,2015-08-21,6602.374,5870.6,-731.7739999999994,2.1212160988651,-729.6527839011343,-91.67613804998366,1.0,p
2015-07-08,IC,q1,IC1509,2015-09-18,6602.374,5786.0,-816.3739999999998,2.2801363993613695,-814.0938636006384,-62.50787389636773,1.0,y
2015-07-08,IC,q1,IC1509,2015-09-18,6602.374,5786.0,-816.3739999999998,2.2801363993613695,-814.0938636006384,-62.50787389636773,1.0,d
2015-07-08,IC,q1,IC1509,2015-09-18,6602.374,5786.0,-816.3739999999998,2.2801363993613695,-814.0938636006384,-62.50787389636773,1.0,p
2015-07-08,IC,q2,IC1512,2015-12-18,6602.374,5605.2,-997.174,2.5193955726439734,-994.654604427356,-33.73474530311073,0.9050331056065507,y
2015-07-08,IC,q2,IC1512,2015-12-18,6602.374,5605.2,-997.174,2.5193955726439734,-994.654604427356,-33.73474530311073,0.9050331056065507,d
2015-07-08,IC,q2,IC1512,2015-12-18,6602.374,5605.2,-997.174,2.5193955726439734,-994.654604427356,-33.73474530311073,0.9050331056065507,p
2015-07-09,IC,current,IC1507,2015-07-17,6896.352,6552.2,-344.15200000000004,0.4895391745535463,-343.6624608254465,-227.3607811080553,1.0,y
2015-07-09,IC,current,IC1507,2015-07-17,6896.352,6552.2,-344.15200000000004,0.4895391745535463,-343.6624608254465,-227.3607811080553,1.0,d
2015-07-09,IC,current,IC1507,2015-07-17,6896.352,6552.2,-344.15200000000004,0.4895391745535463,-343.6624608254465,-227.3607811080553,1.0,p
2015-07-09,IC,next,IC1508,2015-08-21,6896.352,6457.6,-438.7519999999995,1.5481746398036922,-437.2038253601958,-53.81321530789756,1.0,y
2015-07-09,IC,next,IC1508,2015-08-21,6896.352,6457.6,-438.7519999999995,1.5481746398036922,-437.2038253601958,-53.81321530789756,1.0,d
2015-07-09,IC,next,IC1508,2015-08-21,6896.352,6457.6,-438.7519999999995,1.5481746398036922,-437.2038253601958,-53.81321530789756,1.0,p
2015-07-09,IC,q1,IC1509,2015-09-18,6896.352,6364.6,-531.7519999999995,1.7141710423352736,-530.0378289576643,-39.51135847089115,1.0,y
2015-07-09,IC,q1,IC1509,2015-09-18,6896.352,6364.6,-531.7519999999995,1.7141710423352736,-530.0378289576643,-39.51135847089115,1.0,d
2015-07-09,IC,q1,IC1509,2015-09-18,6896.352,6364.6,-531.7519999999995,1.7141710423352736,-530.0378289576643,-39.51135847089115,1.0,p
2015-07-09,IC,q2,IC1512,2015-12-18,6896.352,6165.6,-730.7519999999995,1.9640834947631172,-728.7879165052364,-23.810010822505784,0.8727587431521159,y
2015-07-09,IC,q2,IC1512,2015-12-18,6896.352,6165.6,-730.7519999999995,1.9640834947631172,-728.7879165052364,-23.810010822505784,0.8727587431521159,d
2015-07-09,IC,q2,IC1512,2015-12-18,6896.352,6165.6,-730.7519999999995,1.9640834947631172,-728.7879165052364,-23.810010822505784,0.8727587431521159,p
2015-07-10,IC,current,IC1507,2015-07-17,7244.784,7207.4,-37.384000000000015,0.24572296240027225,-37.13827703759974,-26.729518424613,1.0,y
2015-07-10,IC,current,IC1507,2015-07-17,7244.784,7207.4,-37.384000000000015,0.24572296240027225,-37.13827703759974,-26.729518424613,1.0,d
2015-07-10,IC,current,IC1507,2015-07-17,7244.784,7207.4,-37.384000000000015,0.24572296240027225,-37.13827703759974,-26.729518424613,1.0,p
2015-07-10,IC,next,IC1508,2015-08-21,7244.784,7103.2,-141.58399999999983,1.3578450351246365,-140.2261549648752,-16.820819792615936,1.0,y
2015-07-10,IC,next,IC1508,2015-08-21,7244.784,7103.2,-141.58399999999983,1.3578450351246365,-140.2261549648752,-16.820819792615936,1.0,d
2015-07-10,IC,next,IC1508,2015-08-21,7244.784,7103.2,-141.58399999999983,1.3578450351246365,-140.2261549648752,-16.820819792615936,1.0,p
2015-07-10,IC,q1,IC1509,2015-09-18,7244.784,7001.0,-243.78399999999965,1.5322282570249046,-242.25177174297474,-17.43557782619602,1.0,y
2015-07-10,IC,q1,IC1509,2015-09-18,7244.784,7001.0,-243.78399999999965,1.5322282570249046,-242.25177174297474,-17.43557782619602,1.0,d
2015-07-10,IC,q1,IC1509,2015-09-18,7244.784,7001.0,-243.78399999999965,1.5322282570249046,-242.25177174297474,-17.43557782619602,1.0,p
2015-07-10,IC,q2,IC1512,2015-12-18,7244.784,6782.0,-462.78399999999965,1.7947673119846868,-460.98923268801497,-14.425548273582816,0.8537197255562553,y
2015-07-10,IC,q2,IC1512,2015-12-18,7244.784,6782.0,-462.78399999999965,1.7947673119846868,-460.98923268801497,-14.425548273582816,0.8537197255562553,d
2015-07-10,IC,q2,IC1512,2015-12-18,7244.784,6782.0,-462.78399999999965,1.7947673119846868,-460.98923268801497,-14.425548273582816,0.8537197255562553,p
2015-07-13,IC,current,IC1507,2015-07-17,7695.635,7569.6,-126.03499999999985,0.18828211890673496,-125.84671788109311,-149.2211234894813,1.0,y
2015-07-13,IC,current,IC1507,2015-07-17,7695.635,7569.6,-126.03499999999985,0.18828211890673496,-125.84671788109311,-149.2211234894813,1.0,d
2015-07-13,IC,current,IC1507,2015-07-17,7695.635,7569.6,-126.03499999999985,0.18828211890673496,-125.84671788109311,-149.2211234894813,1.0,p
2015-07-13,IC,next,IC1508,2015-08-21,7695.635,7400.0,-295.6350000000002,1.3696127903429243,-294.2653872096573,-35.786809192858605,1.0,y
2015-07-13,IC,next,IC1508,2015-08-21,7695.635,7400.0,-295.6350000000002,1.3696127903429243,-294.2653872096573,-35.786809192858605,1.0,d
2015-07-13,IC,next,IC1508,2015-08-21,7695.635,7400.0,-295.6350000000002,1.3696127903429243,-294.2653872096573,-35.786809192858605,1.0,p
2015-07-13,IC,q1,IC1509,2015-09-18,7695.635,7131.2,-564.4350000000004,1.5548480749102036,-562.8801519250902,-39.84644085312171,1.0,y
2015-07-13,IC,q1,IC1509,2015-09-18,7695.635,7131.2,-564.4350000000004,1.5548480749102036,-562.8801519250902,-39.84644085312171,1.0,d
2015-07-13,IC,q1,IC1509,2015-09-18,7695.635,7131.2,-564.4350000000004,1.5548480749102036,-562.8801519250902,-39.84644085312171,1.0,p
2015-07-13,IC,q2,IC1512,2015-12-18,7695.635,6970.4,-725.2350000000006,1.8337252284893057,-723.4012747715112,-21.715537632746454,0.8479176982208768,y
2015-07-13,IC,q2,IC1512,2015-12-18,7695.635,6970.4,-725.2350000000006,1.8337252284893057,-723.4012747715112,-21.715537632746454,0.8479176982208768,d
2015-07-13,IC,q2,IC1512,2015-12-18,7695.635,6970.4,-725.2350000000006,1.8337252284893057,-723.4012747715112,-21.715537632746454,0.8479176982208768,p
2015-07-14,IC,current,IC1507,2015-07-17,7859.057,7645.0,-214.0569999999998,0.0,-214.0569999999998,-331.3832902174732,,y
2015-07-14,IC,current,IC1507,2015-07-17,7859.057,7645.0,-214.0569999999998,0.0,-214.0569999999998,-331.3832902174732,,d
2015-07-14,IC,current,IC1507,2015-07-17,7859.057,7645.0,-214.0569999999998,0.0,-214.0569999999998,-331.3832902174732,,p
2015-07-14,IC,next,IC1508,2015-08-21,7859.057,7510.2,-348.85699999999997,1.206417025062296,-347.65058297493766,-42.48951669990173,1.0,y
2015-07-14,IC,next,IC1508,2015-08-21,7859.057,7510.2,-348.85699999999997,1.206417025062296,-347.65058297493766,-42.48951669990173,1.0,d
2015-07-14,IC,next,IC1508,2015-08-21,7859.057,7510.2,-348.85699999999997,1.206417025062296,-347.65058297493766,-42.48951669990173,1.0,p
2015-07-14,IC,q1,IC1509,2015-09-18,7859.057,7336.2,-522.857,1.3955859058402265,-521.4614140941597,-36.694474140485745,1.0,y
2015-07-14,IC,q1,IC1509,2015-09-18,7859.057,7336.2,-522.857,1.3955859058402265,-521.4614140941597,-36.694474140485745,1.0,d
2015-07-14,IC,q1,IC1509,2015-09-18,7859.057,7336.2,-522.857,1.3955859058402265,-521.4614140941597,-36.694474140485745,1.0,p
2015-07-14,IC,q2,IC1512,2015-12-18,7859.057,7076.8,-782.2569999999996,1.6803852038807285,-780.5766147961189,-23.090764372388158,0.8305154690824589,y
2015-07-14,IC,q2,IC1512,2015-12-18,7859.057,7076.8,-782.2569999999996,1.6803852038807285,-780.5766147961189,-23.090764372388158,0.8305154690824589,d
2015-07-14,IC,q2,IC1512,2015-12-18,7859.057,7076.8,-782.2569999999996,1.6803852038807285,-780.5766147961189,-23.090764372388158,0.8305154690824589,p
2015-07-15,IC,current,IC1507,2015-07-17,7405.295,7136.0,-269.2950000000001,0.0,-269.2950000000001,-663.6648168641494,,y
2015-07-15,IC,current,IC1507,2015-07-17,7405.295,7136.0,-269.2950000000001,0.0,-269.2950000000001,-663.6648168641494,,d
2015-07-15,IC,current,IC1507,2015-07-17,7405.295,7136.0,-269.2950000000001,0.0,-269.2950000000001,-663.6648168641494,,p
2015-07-15,IC,next,IC1508,2015-08-21,7405.295,6836.4,-568.8950000000004,1.1367615686727681,-567.7582384313276,-75.63315570870266,1.0,y
2015-07-15,IC,next,IC1508,2015-08-21,7405.295,6836.4,-568.8950000000004,1.1367615686727681,-567.7582384313276,-75.63315570870266,1.0,d
2015-07-15,IC,next,IC1508,2015-08-21,7405.295,6836.4,-568.8950000000004,1.1367615686727681,-567.7582384313276,-75.63315570870266,1.0,p
2015-07-15,IC,q1,IC1509,2015-09-18,7405.295,6665.8,-739.4949999999999,1.3150083185029833,-738.1799916814969,-55.97568454292531,1.0,y
2015-07-15,IC,q1,IC1509,2015-09-18,7405.295,6665.8,-739.4949999999999,1.3150083185029833,-738.1799916814969,-55.97568454292531,1.0,d
2015-07-15,IC,q1,IC1509,2015-09-18,7405.295,6665.8,-739.4949999999999,1.3150083185029833,-738.1799916814969,-55.97568454292531,1.0,p
2015-07-15,IC,q2,IC1512,2015-12-18,7405.295,6421.0,-984.2950000000001,1.5833640280725716,-982.7116359719275,-31.04931337417015,0.8305154690824589,y
2015-07-15,IC,q2,IC1512,2015-12-18,7405.295,6421.0,-984.2950000000001,1.5833640280725716,-982.7116359719275,-31.04931337417015,0.8305154690824589,d
2015-07-15,IC,q2,IC1512,2015-12-18,7405.295,6421.0,-984.2950000000001,1.5833640280725716,-982.7116359719275,-31.04931337417015,0.8305154690824589,p
2015-07-16,IC,current,IC1507,2015-07-17,7578.759,7531.8,-46.95899999999983,0.0,-46.95899999999983,-226.15886057334635,,y
2015-07-16,IC,current,IC1507,2015-07-17,7578.759,7531.8,-46.95899999999983,0.0,-46.95899999999983,-226.15886057334635,,d
2015-07-16,IC,current,IC1507,2015-07-17,7578.759,7531.8,-46.95899999999983,0.0,-46.95899999999983,-226.15886057334635,,p
2015-07-16,IC,next,IC1508,2015-08-21,7578.759,7226.6,-352.15899999999965,1.1633894354556917,-350.99561056454394,-46.95630902106303,1.0,y
2015-07-16,IC,next,IC1508,2015-08-21,7578.759,7226.6,-352.15899999999965,1.1633894354556917,-350.99561056454394,-46.95630902106303,1.0,d
2015-07-16,IC,next,IC1508,2015-08-21,7578.759,7226.6,-352.15899999999965,1.1633894354556917,-350.99561056454394,-46.95630902106303,1.0,p
2015-07-16,IC,q1,IC1509,2015-09-18,7578.759,6985.4,-593.3590000000004,1.3458114941983206,-592.0131885058021,-44.54984273410927,1.0,y
2015-07-16,IC,q1,IC1509,2015-09-18,7578.759,6985.4,-593.3590000000004,1.3458114941983206,-592.0131885058021,-44.54984273410927,1.0,d
2015-07-16,IC,q1,IC1509,2015-09-18,7578.759,6985.4,-593.3590000000004,1.3458114941983206,-592.0131885058021,-44.54984273410927,1.0,p
2015-07-16,IC,q2,IC1512,2015-12-18,7578.759,6643.0,-935.759,1.6204532537908691,-934.1385467462092,-29.02514263984094,0.8305154690824589,y
2015-07-16,IC,q2,IC1512,2015-12-18,7578.759,6643.0,-935.759,1.6204532537908691,-934.1385467462092,-29.02514263984094,0.8305154690824589,d
2015-07-16,IC,q2,IC1512,2015-12-18,7578.759,6643.0,-935.759,1.6204532537908691,-934.1385467462092,-29.02514263984094,0.8305154690824589,p
2015-07-17,IC,current,IC1507,2015-07-17,7994.697,7934.4,-60.29700000000048,0.0,-60.29700000000048,,,y
2015-07-17,IC,current,IC1507,2015-07-17,7994.697,7934.4,-60.29700000000048,0.0,-60.29700000000048,,,d
2015-07-17,IC,current,IC1507,2015-07-17,7994.697,7934.4,-60.29700000000048,0.0,-60.29700000000048,,,p
2015-07-17,IC,next,IC1508,2015-08-21,7994.697,7857.6,-137.09699999999975,1.2272386586602522,-135.8697613413395,-17.723342249632626,1.0,y
2015-07-17,IC,next,IC1508,2015-08-21,7994.697,7857.6,-137.09699999999975,1.2272386586602522,-135.8697613413395,-17.723342249632626,1.0,d
2015-07-17,IC,next,IC1508,2015-08-21,7994.697,7857.6,-137.09699999999975,1.2272386586602522,-135.8697613413395,-17.723342249632626,1.0,p
2015-07-17,IC,q1,IC1509,2015-09-18,7994.697,7599.0,-395.6970000000001,1.4196724180347773,-394.2773275819653,-28.572754562978027,1.0,y
2015-07-17,IC,q1,IC1509,2015-09-18,7994.697,7599.0,-395.6970000000001,1.4196724180347773,-394.2773275819653,-28.572754562978027,1.0,d
2015-07-17,IC,q1,IC1509,2015-09-18,7994.697,7599.0,-395.6970000000001,1.4196724180347773,-394.2773275819653,-28.572754562978027,1.0,p
2015-07-17,IC,q2,IC1512,2015-12-18,7994.697,7249.4,-745.2970000000005,1.7093870865562686,-743.5876129134442,-22.044602971503757,0.8305154690824589,y
2015-07-17,IC,q2,IC1512,2015-12-18,7994.697,7249.4,-745.2970000000005,1.7093870865562686,-743.5876129134442,-22.044602971503757,0.8305154690824589,d
2015-07-17,IC,q2,IC1512,2015-12-18,7994.697,7249.4,-745.2970000000005,1.7093870865562686,-743.5876129134442,-22.044602971503757,0.8305154690824589,p
2015-07-20,IC,current,IC1508,2015-08-21,8116.496,7589.0,-527.4960000000001,1.2459356075735333,-526.2500643924266,-73.95481741106157,1.0,y
2015-07-20,IC,current,IC1508,2015-08-21,8116.496,7589.0,-527.4960000000001,1.2459356075735333,-526.2500643924266,-73.95481741106157,1.0,d
2015-07-20,IC,current,IC1508,2015-08-21,8116.496,7589.0,-527.4960000000001,1.2459356075735333,-526.2500643924266,-73.95481741106157,1.0,p
2015-07-20,IC,next,IC1509,2015-09-18,8116.496,7315.0,-801.4960000000001,1.4413010902463967,-800.0546989097537,-59.96429269930853,1.0,y
2015-07-20,IC,next,IC1509,2015-09-18,8116.496,7315.0,-801.4960000000001,1.4413010902463967,-800.0546989097537,-59.96429269930853,1.0,d
2015-07-20,IC,next,IC1509,2015-09-18,8116.496,7315.0,-801.4960000000001,1.4413010902463967,-800.0546989097537,-59.96429269930853,1.0,p
2015-07-20,IC,q1,IC1509,2015-09-18,8116.496,7315.0,-801.4960000000001,1.4413010902463967,-800.0546989097537,-59.96429269930853,1.0,y
2015-07-20,IC,q1,IC1509,2015-09-18,8116.496,7315.0,-801.4960000000001,1.4413010902463967,-800.0546989097537,-59.96429269930853,1.0,d
2015-07-20,IC,q1,IC1509,2015-09-18,8116.496,7315.0,-801.4960000000001,1.4413010902463967,-800.0546989097537,-59.96429269930853,1.0,p
2015-07-20,IC,q2,IC1512,2015-12-18,8116.496,6991.0,-1125.496,1.7354295541764257,-1123.7605704458238,-33.467334781240545,0.8305154690824589,y
2015-07-20,IC,q2,IC1512,2015-12-18,8116.496,6991.0,-1125.496,1.7354295541764257,-1123.7605704458238,-33.467334781240545,0.8305154690824589,d
2015-07-20,IC,q2,IC1512,2015-12-18,8116.496,6991.0,-1125.496,1.7354295541764257,-1123.7605704458238,-33.467334781240545,0.8305154690824589,p
2015-07-21,IC,current,IC1508,2015-08-21,8220.463,7715.0,-505.46299999999974,1.2618952270093828,-504.20110477299033,-72.21687385379376,1.0,y
2015-07-21,IC,current,IC1508,2015-08-21,8220.463,7715.0,-505.46299999999974,1.2618952270093828,-504.20110477299033,-72.21687385379376,1.0,d
2015-07-21,IC,current,IC1508,2015-08-21,8220.463,7715.0,-505.46299999999974,1.2618952270093828,-504.20110477299033,-72.21687385379376,1.0,p
2015-07-21,IC,next,IC1509,2015-09-18,8220.463,7470.0,-750.4629999999997,1.4597632136121506,-749.0032367863876,-56.367434437495604,1.0,y
2015-07-21,IC,next,IC1509,2015-09-18,8220.463,7470.0,-750.4629999999997,1.4597632136121506,-749.0032367863876,-56.367434437495604,1.0,d
2015-07-21,IC,next,IC1509,2015-09-18,8220.463,7470.0,-750.4629999999997,1.4597632136121506,-749.0032367863876,-56.367434437495604,1.0,p
2015-07-21,IC,q1,IC1509,2015-09-18,8220.463,7470.0,-750.4629999999997,1.4597632136121506,-749.0032367863876,-56.367434437495604,1.0,y
2015-07-21,IC,q1,IC1509,2015-09-18,8220.463,7470.0,-750.4629999999997,1.4597632136121506,-749.0032367863876,-56.367434437495604,1.0,d
2015-07-21,IC,q1,IC1509,2015-09-18,8220.463,7470.0,-750.4629999999997,1.4597632136121506,-749.0032367863876,-56.367434437495604,1.0,p
2015-07-21,IC,q2,IC1512,2015-12-18,8220.463,7100.8,-1119.6629999999996,1.7576592706032015,-1117.9053407293964,-33.091035494085894,0.8305154690824589,y
2015-07-21,IC,q2,IC1512,2015-12-18,8220.463,7100.8,-1119.6629999999996,1.7576592706032015,-1117.9053407293964,-33.091035494085894,0.8305154690824589,d
2015-07-21,IC,q2,IC1512,2015-12-18,8220.463,7100.8,-1119.6629999999996,1.7576592706032015,-1117.9053407293964,-33.091035494085894,0.8305154690824589,p
2015-07-22,IC,current,IC1508,2015-08-21,8320.236,7773.0,-547.2360000000008,0.9052733566791562,-546.3307266433217,-79.88984736523196,1.0,y
2015-07-22,IC,current,IC1508,2015-08-21,8320.236,7773.0,-547.2360000000008,0.9052733566791562,-546.3307266433217,-79.88984736523196,1.0,d
2015-07-22,IC,current,IC1508,2015-08-21,8320.236,7773.0,-547.2360000000008,0.9052733566791562,-546.3307266433217,-79.88984736523196,1.0,p
2015-07-22,IC,next,IC1509,2015-09-18,8320.236,7518.8,-801.4360000000006,1.105542896896035,-800.3304571031045,-60.53388821369663,1.0,y
2015-07-22,IC,next,IC1509,2015-09-18,8320.236,7518.8,-801.4360000000006,1.105542896896035,-800.3304571031045,-60.53388821369663,1.0,d
2015-07-22,IC,next,IC1509,2015-09-18,8320.236,7518.8,-801.4360000000006,1.105542896896035,-800.3304571031045,-60.53388821369663,1.0,p
2015-07-22,IC,q1,IC1509,2015-09-18,8320.236,7518.8,-801.4360000000006,1.105542896896035,-800.3304571031045,-60.53388821369663,1.0,y
2015-07-22,IC,q1,IC1509,2015-09-18,8320.236,7518.8,-801.4360000000006,1.105542896896035,-800.3304571031045,-60.53388821369663,1.0,d
2015-07-22,IC,q1,IC1509,2015-09-18,8320.236,7518.8,-801.4360000000006,1.105542896896035,-800.3304571031045,-60.53388821369663,1.0,p
2015-07-22,IC,q2,IC1512,2015-12-18,8320.236,7185.0,-1135.2360000000008,1.4070545632869664,-1133.8289454367139,-33.38247180498314,0.7857143040092337,y
2015-07-22,IC,q2,IC1512,2015-12-18,8320.236,7185.0,-1135.2360000000008,1.4070545632869664,-1133.8289454367139,-33.38247180498314,0.7857143040092337,d
2015-07-22,IC,q2,IC1512,2015-12-18,8320.236,7185.0,-1135.2360000000008,1.4070545632869664,-1133.8289454367139,-33.38247180498314,0.7857143040092337,p
2015-07-23,IC,current,IC1508,2015-08-21,8551.991,8386.0,-165.99099999999999,0.8803931599888102,-165.11060684001117,-24.29979473205232,1.0,y
2015-07-23,IC,current,IC1508,2015-08-21,8551.991,8386.0,-165.99099999999999,0.8803931599888102,-165.11060684001117,-24.29979473205232,1.0,d
2015-07-23,IC,current,IC1508,2015-08-21,8551.991,8386.0,-165.99099999999999,0.8803931599888102,-165.11060684001117,-24.29979473205232,1.0,p
2015-07-23,IC,next,IC1509,2015-09-18,8551.991,8225.0,-326.991,1.086241083714638,-325.90475891628535,-24.40290199713854,1.0,y
2015-07-23,IC,next,IC1509,2015-09-18,8551.991,8225.0,-326.991,1.086241083714638,-325.90475891628535,-24.40290199713854,1.0,d
2015-07-23,IC,next,IC1509,2015-09-18,8551.991,8225.0,-326.991,1.086241083714638,-325.90475891628535,-24.40290199713854,1.0,p
2015-07-23,IC,q1,IC1509,2015-09-18,8551.991,8225.0,-326.991,1.086241083714638,-325.90475891628535,-24.40290199713854,1.0,y
2015-07-23,IC,q1,IC1509,2015-09-18,8551.991,8225.0,-326.991,1.086241083714638,-325.90475891628535,-24.40290199713854,1.0,d
2015-07-23,IC,q1,IC1509,2015-09-18,8551.991,8225.0,-326.991,1.086241083714638,-325.90475891628535,-24.40290199713854,1.0,p
2015-07-23,IC,q2,IC1512,2015-12-18,8551.991,7839.8,-712.1909999999998,1.396151170083612,-710.7948488299162,-20.497844099547034,0.7780254079861464,y
2015-07-23,IC,q2,IC1512,2015-12-18,8551.991,7839.8,-712.1909999999998,1.396151170083612,-710.7948488299162,-20.497844099547034,0.7780254079861464,d
2015-07-23,IC,q2,IC1512,2015-12-18,8551.991,7839.8,-712.1909999999998,1.396151170083612,-710.7948488299162,-20.497844099547034,0.7780254079861464,p
2015-07-24,IC,current,IC1508,2015-08-21,8425.074,7980.0,-445.0740000000005,0.8673275640724557,-444.20667243592806,-68.7299751394781,1.0,y
2015-07-24,IC,current,IC1508,2015-08-21,8425.074,7980.0,-445.0740000000005,0.8673275640724557,-444.20667243592806,-68.7299751394781,1.0,d
2015-07-24,IC,current,IC1508,2015-08-21,8425.074,7980.0,-445.0740000000005,0.8673275640724557,-444.20667243592806,-68.7299751394781,1.0,p
2015-07-24,IC,next,IC1509,2015-09-18,8425.074,7740.0,-685.0740000000005,1.0701205733420462,-684.0038794266585,-52.916325379017934,1.0,y
2015-07-24,IC,next,IC1509,2015-09-18,8425.074,7740.0,-685.0740000000005,1.0701205733420462,-684.0038794266585,-52.916325379017934,1.0,d
2015-07-24,IC,next,IC1509,2015-09-18,8425.074,7740.0,-685.0740000000005,1.0701205733420462,-684.0038794266585,-52.916325379017934,1.0,p
2015-07-24,IC,q1,IC1509,2015-09-18,8425.074,7740.0,-685.0740000000005,1.0701205733420462,-684.0038794266585,-52.916325379017934,1.0,y
2015-07-24,IC,q1,IC1509,2015-09-18,8425.074,7740.0,-685.0740000000005,1.0701205733420462,-684.0038794266585,-52.916325379017934,1.0,d
2015-07-24,IC,q1,IC1509,2015-09-18,8425.074,7740.0,-685.0740000000005,1.0701205733420462,-684.0038794266585,-52.916325379017934,1.0,p
2015-07-24,IC,q2,IC1512,2015-12-18,8425.074,7419.0,-1006.0740000000005,1.3754313964012612,-1004.6985686035993,-29.60994421127454,0.7780254079861464,y
2015-07-24,IC,q2,IC1512,2015-12-18,8425.074,7419.0,-1006.0740000000005,1.3754313964012612,-1004.6985686035993,-29.60994421127454,0.7780254079861464,d
2015-07-24,IC,q2,IC1512,2015-12-18,8425.074,7419.0,-1006.0740000000005,1.3754313964012612,-1004.6985686035993,-29.60994421127454,0.7780254079861464,p
2015-07-27,IC,current,IC1508,2015-08-21,7794.181,7341.4,-452.78099999999995,0.802379661077139,-451.97862033892284,-84.66428810093419,1.0,y
2015-07-27,IC,current,IC1508,2015-08-21,7794.181,7341.4,-452.78099999999995,0.802379661077139,-451.97862033892284,-84.66428810093419,1.0,d
2015-07-27,IC,current,IC1508,2015-08-21,7794.181,7341.4,-452.78099999999995,0.802379661077139,-451.97862033892284,-84.66428810093419,1.0,p
2015-07-27,IC,next,IC1509,2015-09-18,7794.181,7131.2,-662.9809999999998,0.9899869651532655,-661.9910130348464,-58.49228690493321,1.0,y
2015-07-27,IC,next,IC1509,2015-09-18,7794.181,7131.2,-662.9809999999998,0.9899869651532655,-661.9910130348464,-58.49228690493321,1.0,d
2015-07-27,IC,next,IC1509,2015-09-18,7794.181,7131.2,-662.9809999999998,0.9899869651532655,-661.9910130348464,-58.49228690493321,1.0,p
2015-07-27,IC,q1,IC1509,2015-09-18,7794.181,7131.2,-662.9809999999998,0.9899869651532655,-661.9910130348464,-58.49228690493321,1.0,y
2015-07-27,IC,q1,IC1509,2015-09-18,7794.181,7131.2,-662.9809999999998,0.9899869651532655,-661.9910130348464,-58.49228690493321,1.0,d
2015-07-27,IC,q1,IC1509,2015-09-18,7794.181,7131.2,-662.9809999999998,0.9899869651532655,-661.9910130348464,-58.49228690493321,1.0,p
2015-07-27,IC,q2,IC1512,2015-12-18,7794.181,6823.8,-970.3809999999994,1.2724352636705833,-969.1085647363288,-31.516088923044716,0.7780254079861464,y
2015-07-27,IC,q2,IC1512,2015-12-18,7794.181,6823.8,-970.3809999999994,1.2724352636705833,-969.1085647363288,-31.516088923044716,0.7780254079861464,d
2015-07-27,IC,q2,IC1512,2015-12-18,7794.181,6823.8,-970.3809999999994,1.2724352636705833,-969.1085647363288,-31.516088923044716,0.7780254079861464,p
2015-07-28,IC,current,IC1508,2015-08-21,7649.82,7221.0,-428.8199999999997,0.7875182753519734,-428.0324817246477,-85.09560564251643,1.0,y
2015-07-28,IC,current,IC1508,2015-08-21,7649.82,7221.0,-428.8199999999997,0.7875182753519734,-428.0324817246477,-85.09560564251643,1.0,d
2015-07-28,IC,current,IC1508,2015-08-21,7649.82,7221.0,-428.8199999999997,0.7875182753519734,-428.0324817246477,-85.09560564251643,1.0,p
2015-07-28,IC,next,IC1509,2015-09-18,7649.82,6939.0,-710.8199999999997,0.9716507848314985,-709.8483492151682,-65.1334197967897,1.0,y
2015-07-28,IC,next,IC1509,2015-09-18,7649.82,6939.0,-710.8199999999997,0.9716507848314985,-709.8483492151682,-65.1334197967897,1.0,d
2015-07-28,IC,next,IC1509,2015-09-18,7649.82,6939.0,-710.8199999999997,0.9716507848314985,-709.8483492151682,-65.1334197967897,1.0,p
2015-07-28,IC,q1,IC1509,2015-09-18,7649.82,6939.0,-710.8199999999997,0.9716507848314985,-709.8483492151682,-65.1334197967897,1.0,y
2015-07-28,IC,q1,IC1509,2015-09-18,7649.82,6939.0,-710.8199999999997,0.9716507848314985,-709.8483492151682,-65.1334197967897,1.0,d
2015-07-28,IC,q1,IC1509,2015-09-18,7649.82,6939.0,-710.8199999999997,0.9716507848314985,-709.8483492151682,-65.1334197967897,1.0,p
2015-07-28,IC,q2,IC1512,2015-12-18,7649.82,6649.0,-1000.8199999999997,1.2488676781733068,-999.5711323218264,-33.35180292074944,0.7780254079861464,y
2015-07-28,IC,q2,IC1512,2015-12-18,7649.82,6649.0,-1000.8199999999997,1.2488676781733068,-999.5711323218264,-33.35180292074944,0.7780254079861464,d
2015-07-28,IC,q2,IC1512,2015-12-18,7649.82,6649.0,-1000.8199999999997,1.2488676781733068,-999.5711323218264,-33.35180292074944,0.7780254079861464,p
2015-07-29,IC,current,IC1508,2015-08-21,8022.796,7702.8,-319.9960000000001,0.825914658046949,-319.17008534195315,-63.133731491795054,1.0,y
2015-07-29,IC,current,IC1508,2015-08-21,8022.796,7702.8,-319.9960000000001,0.825914658046949,-319.17008534195315,-63.133731491795054,1.0,d
2015-07-29,IC,current,IC1508,2015-08-21,8022.796,7702.8,-319.9960000000001,0.825914658046949,-319.17008534195315,-63.133731491795054,1.0,p
2015-07-29,IC,next,IC1509,2015-09-18,8022.796,7419.2,-603.5960000000005,1.0190247652811448,-602.5769752347193,-53.75383725463324,1.0,y
2015-07-29,IC,next,IC1509,2015-09-18,8022.796,7419.2,-603.5960000000005,1.0190247652811448,-602.5769752347193,-53.75383725463324,1.0,d
2015-07-29,IC,next,IC1509,2015-09-18,8022.796,7419.2,-603.5960000000005,1.0190247652811448,-602.5769752347193,-53.75383725463324,1.0,p
2015-07-29,IC,q1,IC1509,2015-09-18,8022.796,7419.2,-603.5960000000005,1.0190247652811448,-602.5769752347193,-53.75383725463324,1.0,y
2015-07-29,IC,q1,IC1509,2015-09-18,8022.796,7419.2,-603.5960000000005,1.0190247652811448,-602.5769752347193,-53.75383725463324,1.0,d
2015-07-29,IC,q1,IC1509,2015-09-18,8022.796,7419.2,-603.5960000000005,1.0190247652811448,-602.5769752347193,-53.75383725463324,1.0,p
2015-07-29,IC,q2,IC1512,2015-12-18,8022.796,7111.2,-911.5960000000005,1.309757695341602,-910.2862423046589,-29.164648717388296,0.7780254079861464,y
2015-07-29,IC,q2,IC1512,2015-12-18,8022.796,7111.2,-911.5960000000005,1.309757695341602,-910.2862423046589,-29.164648717388296,0.7780254079861464,d
2015-07-29,IC,q2,IC1512,2015-12-18,8022.796,7111.2,-911.5960000000005,1.309757695341602,-910.2862423046589,-29.164648717388296,0.7780254079861464,p
2015-07-30,IC,current,IC1508,2015-08-21,7800.58,7232.0,-568.5799999999999,0.8030384124522011,-567.7769615875477,-120.75943011431953,1.0,y
2015-07-30,IC,current,IC1508,2015-08-21,7800.58,7232.0,-568.5799999999999,0.8030384124522011,-567.7769615875477,-120.75943011431953,1.0,d
2015-07-30,IC,current,IC1508,2015-08-21,7800.58,7232.0,-568.5799999999999,0.8030384124522011,-567.7769615875477,-120.75943011431953,1.0,p
2015-07-30,IC,next,IC1509,2015-09-18,7800.58,6948.2,-852.3800000000001,0.9907997415809641,-851.3892002584191,-79.67537236829133,1.0,y
2015-07-30,IC,next,IC1509,2015-09-18,7800.58,6948.2,-852.3800000000001,0.9907997415809641,-851.3892002584191,-79.67537236829133,1.0,d
2015-07-30,IC,next,IC1509,2015-09-18,7800.58,6948.2,-852.3800000000001,0.9907997415809641,-851.3892002584191,-79.67537236829133,1.0,p
2015-07-30,IC,q1,IC1509,2015-09-18,7800.58,6948.2,-852.3800000000001,0.9907997415809641,-851.3892002584191,-79.67537236829133,1.0,y
2015-07-30,IC,q1,IC1509,2015-09-18,7800.58,6948.2,-852.3800000000001,0.9907997415809641,-851.3892002584191,-79.67537236829133,1.0,d
2015-07-30,IC,q1,IC1509,2015-09-18,7800.58,6948.2,-852.3800000000001,0.9907997415809641,-851.3892002584191,-79.67537236829133,1.0,p
2015-07-30,IC,q2,IC1512,2015-12-18,7800.58,6658.6,-1141.9799999999996,1.2734799293323416,-1140.7065200706672,-37.85478470475195,0.7780254079861464,y
2015-07-30,IC,q2,IC1512,2015-12-18,7800.58,6658.6,-1141.9799999999996,1.2734799293323416,-1140.7065200706672,-37.85478470475195,0.7780254079861464,d
2015-07-30,IC,q2,IC1512,2015-12-18,7800.58,6658.6,-1141.9799999999996,1.2734799293323416,-1140.7065200706672,-37.85478470475195,0.7780254079861464,p
2015-07-31,IC,current,IC1508,2015-08-21,7727.061,7399.0,-328.0609999999997,0.8905405245246322,-327.17045947547507,-73.59245871874887,1.0,y
2015-07-31,IC,current,IC1508,2015-08-21,7727.061,7399.0,-328.0609999999997,0.8905405245246322,-327.17045947547507,-73.59245871874887,1.0,d
2015-07-31,IC,current,IC1508,2015-08-21,7727.061,7399.0,-328.0609999999997,0.8905405245246322,-327.17045947547507,-73.59245871874887,1.0,p
2015-07-31,IC,next,IC1509,2015-09-18,7727.061,7100.0,-627.0609999999997,1.0739452545522872,-625.9870547454474,-60.345903773152855,1.0,y
2015-07-31,IC,next,IC1509,2015-09-18,7727.061,7100.0,-627.0609999999997,1.0739452545522872,-625.9870547454474,-60.345903773152855,1.0,d
2015-07-31,IC,next,IC1509,2015-09-18,7727.061,7100.0,-627.0609999999997,1.0739452545522872,-625.9870547454474,-60.345903773152855,1.0,p
2015-07-31,IC,q1,IC1509,2015-09-18,7727.061,7100.0,-627.0609999999997,1.0739452545522872,-625.9870547454474,-60.345903773152855,1.0,y
2015-07-31,IC,q1,IC1509,2015-09-18,7727.061,7100.0,-627.0609999999997,1.0739452545522872,-625.9870547454474,-60.345903773152855,1.0,d
2015-07-31,IC,q1,IC1509,2015-09-18,7727.061,7100.0,-627.0609999999997,1.0739452545522872,-625.9870547454474,-60.345903773152855,1.0,p
2015-07-31,IC,q2,IC1512,2015-12-18,7727.061,6780.6,-946.4609999999993,1.3339488619878743,-945.1270511380114,-31.888983928908527,0.8050872751987471,y
2015-07-31,IC,q2,IC1512,2015-12-18,7727.061,6780.6,-946.4609999999993,1.3339488619878743,-945.1270511380114,-31.888983928908527,0.8050872751987471,d
2015-07-31,IC,q2,IC1512,2015-12-18,7727.061,6780.6,-946.4609999999993,1.3339488619878743,-945.1270511380114,-31.888983928908527,0.8050872751987471,p
2015-08-03,IC,current,IC1508,2015-08-21,7540.205,7065.2,-475.0050000000001,0.8690054492546719,-474.13599455074547,-127.5087923199127,1.0,y
2015-08-03,IC,current,IC1508,2015-08-21,7540.205,7065.2,-475.0050000000001,0.8690054492546719,-474.13599455074547,-127.5087923199127,1.0,d
2015-08-03,IC,current,IC1508,2015-08-21,7540.205,7065.2,-475.0050000000001,0.8690054492546719,-474.13599455074547,-127.5087923199127,1.0,p
2015-08-03,IC,next,IC1509,2015-09-18,7540.205,6767.4,-772.8050000000003,1.047975081095054,-771.7570249189052,-81.21429350349528,1.0,y
2015-08-03,IC,next,IC1509,2015-09-18,7540.205,6767.4,-772.8050000000003,1.047975081095054,-771.7570249189052,-81.21429350349528,1.0,d
2015-08-03,IC,next,IC1509,2015-09-18,7540.205,6767.4,-772.8050000000003,1.047975081095054,-771.7570249189052,-81.21429350349528,1.0,p
2015-08-03,IC,q1,IC1509,2015-09-18,7540.205,6767.4,-772.8050000000003,1.047975081095054,-771.7570249189052,-81.21429350349528,1.0,y
2015-08-03,IC,q1,IC1509,2015-09-18,7540.205,6767.4,-772.8050000000003,1.047975081095054,-771.7570249189052,-81.21429350349528,1.0,d
2015-08-03,IC,q1,IC1509,2015-09-18,7540.205,6767.4,-772.8050000000003,1.047975081095054,-771.7570249189052,-81.21429350349528,1.0,p
2015-08-03,IC,q2,IC1512,2015-12-18,7540.205,6410.0,-1130.205,1.3016912741992432,-1128.9033087258006,-39.88833327329836,0.8050872751987471,y
2015-08-03,IC,q2,IC1512,2015-12-18,7540.205,6410.0,-1130.205,1.3016912741992432,-1128.9033087258006,-39.88833327329836,0.8050872751987471,d
2015-08-03,IC,q2,IC1512,2015-12-18,7540.205,6410.0,-1130.205,1.3016912741992432,-1128.9033087258006,-39.88833327329836,0.8050872751987471,p
2015-08-04,IC,current,IC1508,2015-08-21,7942.095,7657.6,-284.4949999999999,0.7686658813175666,-283.7263341186823,-76.70232213756833,1.0,y
2015-08-04,IC,current,IC1508,2015-08-21,7942.095,7657.6,-284.4949999999999,0.7686658813175666,-283.7263341186823,-76.70232213756833,1.0,d
2015-08-04,IC,current,IC1508,2015-08-21,7942.095,7657.6,-284.4949999999999,0.7686658813175666,-283.7263341186823,-76.70232213756833,1.0,p
2015-08-04,IC,next,IC1509,2015-09-18,7942.095,7290.8,-651.2950000000001,0.9571745250734511,-650.3378254749266,-66.41776964623965,1.0,y
2015-08-04,IC,next,IC1509,2015-09-18,7942.095,7290.8,-651.2950000000001,0.9571745250734511,-650.3378254749266,-66.41776964623965,1.0,d
2015-08-04,IC,next,IC1509,2015-09-18,7942.095,7290.8,-651.2950000000001,0.9571745250734511,-650.3378254749266,-66.41776964623965,1.0,p
2015-08-04,IC,q1,IC1509,2015-09-18,7942.095,7290.8,-651.2950000000001,0.9571745250734511,-650.3378254749266,-66.41776964623965,1.0,y
2015-08-04,IC,q1,IC1509,2015-09-18,7942.095,7290.8,-651.2950000000001,0.9571745250734511,-650.3378254749266,-66.41776964623965,1.0,d
2015-08-04,IC,q1,IC1509,2015-09-18,7942.095,7290.8,-651.2950000000001,0.9571745250734511,-650.3378254749266,-66.41776964623965,1.0,p
2015-08-04,IC,q2,IC1512,2015-12-18,7942.095,6957.0,-985.0950000000003,1.2244136927979117,-983.8705863072023,-33.24733624349013,0.7817411147095297,y
2015-08-04,IC,q2,IC1512,2015-12-18,7942.095,6957.0,-985.0950000000003,1.2244136927979117,-983.8705863072023,-33.24733624349013,0.7817411147095297,d
2015-08-04,IC,q2,IC1512,2015-12-18,7942.095,6957.0,-985.0950000000003,1.2244136927979117,-983.8705863072023,-33.24733624349013,0.7817411147095297,p
2015-08-05,IC,current,IC1508,2015-08-21,7839.338,7486.4,-352.9380000000001,0.7587206716510303,-352.1792793283491,-102.48428897539516,1.0,y
2015-08-05,IC,current,IC1508,2015-08-21,7839.338,7486.4,-352.9380000000001,0.7587206716510303,-352.1792793283491,-102.48428897539516,1.0,d
2015-08-05,IC,current,IC1508,2015-08-21,7839.338,7486.4,-352.9380000000001,0.7587206716510303,-352.1792793283491,-102.48428897539516,1.0,p
2015-08-05,IC,next,IC1509,2015-09-18,7839.338,7140.0,-699.3379999999997,0.9447903389521604,-698.3932096610475,-73.90278523004527,1.0,y
2015-08-05,IC,next,IC1509,2015-09-18,7839.338,7140.0,-699.3379999999997,0.9447903389521604,-698.3932096610475,-73.90278523004527,1.0,d
2015-08-05,IC,next,IC1509,2015-09-18,7839.338,7140.0,-699.3379999999997,0.9447903389521604,-698.3932096610475,-73.90278523004527,1.0,p
2015-08-05,IC,q1,IC1509,2015-09-18,7839.338,7140.0,-699.3379999999997,0.9447903389521604,-698.3932096610475,-73.90278523004527,1.0,y
2015-08-05,IC,q1,IC1509,2015-09-18,7839.338,7140.0,-699.3379999999997,0.9447903389521604,-698.3932096610475,-73.90278523004527,1.0,d
2015-08-05,IC,q1,IC1509,2015-09-18,7839.338,7140.0,-699.3379999999997,0.9447903389521604,-698.3932096610475,-73.90278523004527,1.0,p
2015-08-05,IC,q2,IC1512,2015-12-18,7839.338,6802.0,-1037.3379999999997,1.2085718931429297,-1036.1294281068567,-35.734994106503756,0.7817411147095297,y
2015-08-05,IC,q2,IC1512,2015-12-18,7839.338,6802.0,-1037.3379999999997,1.2085718931429297,-1036.1294281068567,-35.734994106503756,0.7817411147095297,d
2015-08-05,IC,q2,IC1512,2015-12-18,7839.338,6802.0,-1037.3379999999997,1.2085718931429297,-1036.1294281068567,-35.734994106503756,0.7817411147095297,p
2015-08-06,IC,current,IC1508,2015-08-21,7792.028,7545.4,-246.6280000000006,0.7541418315785893,-245.87385816842203,-76.78271367563023,1.0,y
2015-08-06,IC,current,IC1508,2015-08-21,7792.028,7545.4,-246.6280000000006,0.7541418315785893,-245.87385816842203,-76.78271367563023,1.0,d
2015-08-06,IC,current,IC1508,2015-08-21,7792.028,7545.4,-246.6280000000006,0.7541418315785893,-245.87385816842203,-76.78271367563023,1.0,p
2015-08-06,IC,next,IC1509,2015-09-18,7792.028,7235.8,-556.2280000000001,0.9390885780463509,-555.2889114219537,-60.49129827664087,1.0,y
2015-08-06,IC,next,IC1509,2015-09-18,7792.028,7235.8,-556.2280000000001,0.9390885780463509,-555.2889114219537,-60.49129827664087,1.0,d
2015-08-06,IC,next,IC1509,2015-09-18,7792.028,7235.8,-556.2280000000001,0.9390885780463509,-555.2889114219537,-60.49129827664087,1.0,p
2015-08-06,IC,q1,IC1509,2015-09-18,7792.028,7235.8,-556.2280000000001,0.9390885780463509,-555.2889114219537,-60.49129827664087,1.0,y
2015-08-06,IC,q1,IC1509,2015-09-18,7792.028,7235.8,-556.2280000000001,0.9390885780463509,-555.2889114219537,-60.49129827664087,1.0,d
2015-08-06,IC,q1,IC1509,2015-09-18,7792.028,7235.8,-556.2280000000001,0.9390885780463509,-555.2889114219537,-60.49129827664087,1.0,p
2015-08-06,IC,q2,IC1512,2015-12-18,7792.028,6895.0,-897.0280000000002,1.20127822417948,-895.8267217758207,-31.315660386906284,0.7817411147095297,y
2015-08-06,IC,q2,IC1512,2015-12-18,7792.028,6895.0,-897.0280000000002,1.20127822417948,-895.8267217758207,-31.315660386906284,0.7817411147095297,d
2015-08-06,IC,q2,IC1512,2015-12-18,7792.028,6895.0,-897.0280000000002,1.20127822417948,-895.8267217758207,-31.315660386906284,0.7817411147095297,p
2015-08-07,IC,current,IC1508,2015-08-21,8013.319,7851.2,-162.1190000000006,0.7755592084221861,-161.34344079157842,-52.49328015103543,1.0,y
2015-08-07,IC,current,IC1508,2015-08-21,8013.319,7851.2,-162.1190000000006,0.7755592084221861,-161.34344079157842,-52.49328015103543,1.0,d
2015-08-07,IC,current,IC1508,2015-08-21,8013.319,7851.2,-162.1190000000006,0.7755592084221861,-161.34344079157842,-52.49328015103543,1.0,p
2015-08-07,IC,next,IC1509,2015-09-18,8013.319,7637.6,-375.71900000000005,0.9657583808915737,-374.75324161910845,-40.64213746631867,1.0,y
2015-08-07,IC,next,IC1509,2015-09-18,8013.319,7637.6,-375.71900000000005,0.9657583808915737,-374.75324161910845,-40.64213746631867,1.0,d
2015-08-07,IC,next,IC1509,2015-09-18,8013.319,7637.6,-375.71900000000005,0.9657583808915737,-374.75324161910845,-40.64213746631867,1.0,p
2015-08-07,IC,q1,IC1509,2015-09-18,8013.319,7637.6,-375.71900000000005,0.9657583808915737,-374.75324161910845,-40.64213746631867,1.0,y
2015-08-07,IC,q1,IC1509,2015-09-18,8013.319,7637.6,-375.71900000000005,0.9657583808915737,-374.75324161910845,-40.64213746631867,1.0,d
2015-08-07,IC,q1,IC1509,2015-09-18,8013.319,7637.6,-375.71900000000005,0.9657583808915737,-374.75324161910845,-40.64213746631867,1.0,p
2015-08-07,IC,q2,IC1512,2015-12-18,8013.319,7285.6,-727.719,1.2353941256504322,-726.4836058743496,-24.880242557313142,0.7817411147095297,y
2015-08-07,IC,q2,IC1512,2015-12-18,8013.319,7285.6,-727.719,1.2353941256504322,-726.4836058743496,-24.880242557313142,0.7817411147095297,d
2015-08-07,IC,q2,IC1512,2015-12-18,8013.319,7285.6,-727.719,1.2353941256504322,-726.4836058743496,-24.880242557313142,0.7817411147095297,p
2015-08-10,IC,current,IC1508,2015-08-21,8394.086,8330.0,-64.08599999999933,0.6979464643887403,-63.38805353561059,-25.057294711038082,1.0,y
2015-08-10,IC,current,IC1508,2015-08-21,8394.086,8330.0,-64.08599999999933,0.6979464643887403,-63.38805353561059,-25.057294711038082,1.0,d
2015-08-10,IC,current,IC1508,2015-08-21,8394.086,8330.0,-64.08599999999933,0.6979464643887403,-63.38805353561059,-25.057294711038082,1.0,p
2015-08-10,IC,next,IC1509,2015-09-18,8394.086,8143.0,-251.08599999999933,0.8971832863394041,-250.18881671365992,-27.894766869499293,1.0,y
2015-08-10,IC,next,IC1509,2015-09-18,8394.086,8143.0,-251.08599999999933,0.8971832863394041,-250.18881671365992,-27.894766869499293,1.0,d
2015-08-10,IC,next,IC1509,2015-09-18,8394.086,8143.0,-251.08599999999933,0.8971832863394041,-250.18881671365992,-27.894766869499293,1.0,p
2015-08-10,IC,q1,IC1509,2015-09-18,8394.086,8143.0,-251.08599999999933,0.8971832863394041,-250.18881671365992,-27.894766869499293,1.0,y
2015-08-10,IC,q1,IC1509,2015-09-18,8394.086,8143.0,-251.08599999999933,0.8971832863394041,-250.18881671365992,-27.894766869499293,1.0,d
2015-08-10,IC,q1,IC1509,2015-09-18,8394.086,8143.0,-251.08599999999933,0.8971832863394041,-250.18881671365992,-27.894766869499293,1.0,p
2015-08-10,IC,q2,IC1512,2015-12-18,8394.086,7780.0,-614.0859999999993,1.1796312495591272,-612.9063687504402,-20.50077276878312,0.7605624949955467,y
2015-08-10,IC,q2,IC1512,2015-12-18,8394.086,7780.0,-614.0859999999993,1.1796312495591272,-612.9063687504402,-20.50077276878312,0.7605624949955467,d
2015-08-10,IC,q2,IC1512,2015-12-18,8394.086,7780.0,-614.0859999999993,1.1796312495591272,-612.9063687504402,-20.50077276878312,0.7605624949955467,p
2015-08-11,IC,current,IC1508,2015-08-21,8435.327,8200.6,-234.72699999999895,0.70137554649939,-234.02562445349957,-101.26383117753154,1.0,y
2015-08-11,IC,current,IC1508,2015-08-21,8435.327,8200.6,-234.72699999999895,0.70137554649939,-234.02562445349957,-101.26383117753154,1.0,d
2015-08-11,IC,current,IC1508,2015-08-21,8435.327,8200.6,-234.72699999999895,0.70137554649939,-234.02562445349957,-101.26383117753154,1.0,p
2015-08-11,IC,next,IC1509,2015-09-18,8435.327,7968.0,-467.3269999999993,0.9015912392614881,-466.4254087607378,-53.11161967610156,1.0,y
2015-08-11,IC,next,IC1509,2015-09-18,8435.327,7968.0,-467.3269999999993,0.9015912392614881,-466.4254087607378,-53.11161967610156,1.0,d
2015-08-11,IC,next,IC1509,2015-09-18,8435.327,7968.0,-467.3269999999993,0.9015912392614881,-466.4254087607378,-53.11161967610156,1.0,p
2015-08-11,IC,q1,IC1509,2015-09-18,8435.327,7968.0,-467.3269999999993,0.9015912392614881,-466.4254087607378,-53.11161967610156,1.0,y
2015-08-11,IC,q1,IC1509,2015-09-18,8435.327,7968.0,-467.3269999999993,0.9015912392614881,-466.4254087607378,-53.11161967610156,1.0,d
2015-08-11,IC,q1,IC1509,2015-09-18,8435.327,7968.0,-467.3269999999993,0.9015912392614881,-466.4254087607378,-53.11161967610156,1.0,p
2015-08-11,IC,q2,IC1512,2015-12-18,8435.327,7620.0,-815.3269999999993,1.1854268981101508,-814.1415731018892,-27.308708596944452,0.7605624949955467,y
2015-08-11,IC,q2,IC1512,2015-12-18,8435.327,7620.0,-815.3269999999993,1.1854268981101508,-814.1415731018892,-27.308708596944452,0.7605624949955467,d
2015-08-11,IC,q2,IC1512,2015-12-18,8435.327,7620.0,-815.3269999999993,1.1854268981101508,-814.1415731018892,-27.308708596944452,0.7605624949955467,p
2015-08-12,IC,current,IC1508,2015-08-21,8336.337,8082.2,-254.13699999999972,0.6931447849239379,-253.44385521507579,-123.29823458899499,1.0,y
2015-08-12,IC,current,IC1508,2015-08-21,8336.337,8082.2,-254.13699999999972,0.6931447849239379,-253.44385521507579,-123.29823458899499,1.0,d
2015-08-12,IC,current,IC1508,2015-08-21,8336.337,8082.2,-254.13699999999972,0.6931447849239379,-253.44385521507579,-123.29823458899499,1.0,p
2015-08-12,IC,next,IC1509,2015-09-18,8336.337,7832.2,-504.1369999999997,0.8910109124081848,-503.2459890875915,-59.55197919822998,1.0,y
2015-08-12,IC,next,IC1509,2015-09-18,8336.337,7832.2,-504.1369999999997,0.8910109124081848,-503.2459890875915,-59.55197919822998,1.0,d
2015-08-12,IC,next,IC1509,2015-09-18,8336.337,7832.2,-504.1369999999997,0.8910109124081848,-503.2459890875915,-59.55197919822998,1.0,p
2015-08-12,IC,q1,IC1509,2015-09-18,8336.337,7832.2,-504.1369999999997,0.8910109124081848,-503.2459890875915,-59.55197919822998,1.0,y
2015-08-12,IC,q1,IC1509,2015-09-18,8336.337,7832.2,-504.1369999999997,0.8910109124081848,-503.2459890875915,-59.55197919822998,1.0,d
2015-08-12,IC,q1,IC1509,2015-09-18,8336.337,7832.2,-504.1369999999997,0.8910109124081848,-503.2459890875915,-59.55197919822998,1.0,p
2015-08-12,IC,q2,IC1512,2015-12-18,8336.337,7445.6,-890.7369999999992,1.1715157114253993,-889.5654842885738,-30.428851140394592,0.7605624949955467,y
2015-08-12,IC,q2,IC1512,2015-12-18,8336.337,7445.6,-890.7369999999992,1.1715157114253993,-889.5654842885738,-30.428851140394592,0.7605624949955467,d
2015-08-12,IC,q2,IC1512,2015-12-18,8336.337,7445.6,-890.7369999999992,1.1715157114253993,-889.5654842885738,-30.428851140394592,0.7605624949955467,p
2015-08-13,IC,current,IC1508,2015-08-21,8534.429,8345.8,-188.62900000000081,0.709615620584151,-187.91938437941667,-100.46157642545137,1.0,y
2015-08-13,IC,current,IC1508,2015-08-21,8534.429,8345.8,-188.62900000000081,0.709615620584151,-187.91938437941667,-100.46157642545137,1.0,d
2015-08-13,IC,current,IC1508,2015-08-21,8534.429,8345.8,-188.62900000000081,0.709615620584151,-187.91938437941667,-100.46157642545137,1.0,p
2015-08-13,IC,next,IC1509,2015-09-18,8534.429,8060.0,-474.4290000000001,0.9121835369866733,-473.5168164630134,-56.253726982073275,1.0,y
2015-08-13,IC,next,IC1509,2015-09-18,8534.429,8060.0,-474.4290000000001,0.9121835369866733,-473.5168164630134,-56.253726982073275,1.0,d
2015-08-13,IC,next,IC1509,2015-09-18,8534.429,8060.0,-474.4290000000001,0.9121835369866733,-473.5168164630134,-56.253726982073275,1.0,p
2015-08-13,IC,q1,IC1509,2015-09-18,8534.429,8060.0,-474.4290000000001,0.9121835369866733,-473.5168164630134,-56.253726982073275,1.0,y
2015-08-13,IC,q1,IC1509,2015-09-18,8534.429,8060.0,-474.4290000000001,0.9121835369866733,-473.5168164630134,-56.253726982073275,1.0,d
2015-08-13,IC,q1,IC1509,2015-09-18,8534.429,8060.0,-474.4290000000001,0.9121835369866733,-473.5168164630134,-56.253726982073275,1.0,p
2015-08-13,IC,q2,IC1512,2015-12-18,8534.429,7665.0,-869.4290000000001,1.1993538242929191,-868.2296461757072,-29.238109263276975,0.7605624949955467,y
2015-08-13,IC,q2,IC1512,2015-12-18,8534.429,7665.0,-869.4290000000001,1.1993538242929191,-868.2296461757072,-29.238109263276975,0.7605624949955467,d
2015-08-13,IC,q2,IC1512,2015-12-18,8534.429,7665.0,-869.4290000000001,1.1993538242929191,-868.2296461757072,-29.238109263276975,0.7605624949955467,p
2015-08-14,IC,current,IC1508,2015-08-21,8625.242,8397.0,-228.2420000000002,0.6990342276352431,-227.54296577236494,-137.55834744266255,1.0,y
2015-08-14,IC,current,IC1508,2015-08-21,8625.242,8397.0,-228.2420000000002,0.6990342276352431,-227.54296577236494,-137.55834744266255,1.0,d
2015-08-14,IC,current,IC1508,2015-08-21,8625.242,8397.0,-228.2420000000002,0.6990342276352431,-227.54296577236494,-137.55834744266255,1.0,p
2015-08-14,IC,next,IC1509,2015-09-18,8625.242,8070.0,-555.2420000000002,0.9037576251123943,-554.3382423748878,-67.02369575480037,1.0,y
2015-08-14,IC,next,IC1509,2015-09-18,8625.242,8070.0,-555.2420000000002,0.9037576251123943,-554.3382423748878,-67.02369575480037,1.0,d
2015-08-14,IC,next,IC1509,2015-09-18,8625.242,8070.0,-555.2420000000002,0.9037576251123943,-554.3382423748878,-67.02369575480037,1.0,p
2015-08-14,IC,q1,IC1509,2015-09-18,8625.242,8070.0,-555.2420000000002,0.9037576251123943,-554.3382423748878,-67.02369575480037,1.0,y
2015-08-14,IC,q1,IC1509,2015-09-18,8625.242,8070.0,-555.2420000000002,0.9037576251123943,-554.3382423748878,-67.02369575480037,1.0,d
2015-08-14,IC,q1,IC1509,2015-09-18,8625.242,8070.0,-555.2420000000002,0.9037576251123943,-554.3382423748878,-67.02369575480037,1.0,p
2015-08-14,IC,q2,IC1512,2015-12-18,8625.242,7662.0,-963.2420000000002,1.1939836288937722,-962.0480163711064,-32.310805039317344,0.7569263122558282,y
2015-08-14,IC,q2,IC1512,2015-12-18,8625.242,7662.0,-963.2420000000002,1.1939836288937722,-962.0480163711064,-32.310805039317344,0.7569263122558282,d
2015-08-14,IC,q2,IC1512,2015-12-18,8625.242,7662.0,-963.2420000000002,1.1939836288937722,-962.0480163711064,-32.310805039317344,0.7569263122558282,p
2015-08-17,IC,current,IC1508,2015-08-21,8820.457,8659.0,-161.45700000000033,0.7148554610276296,-160.7421445389727,-166.29207181874202,1.0,y
2015-08-17,IC,current,IC1508,2015-08-21,8820.457,8659.0,-161.45700000000033,0.7148554610276296,-160.7421445389727,-166.29207181874202,1.0,d
2015-08-17,IC,current,IC1508,2015-08-21,8820.457,8659.0,-161.45700000000033,0.7148554610276296,-160.7421445389727,-166.29207181874202,1.0,p
2015-08-17,IC,next,IC1509,2015-09-18,8820.457,8338.8,-481.65700000000106,0.9242123607344576,-480.73278763926663,-62.16637481493742,1.0,y
2015-08-17,IC,next,IC1509,2015-09-18,8820.457,8338.8,-481.65700000000106,0.9242123607344576,-480.73278763926663,-62.16637481493742,1.0,d
2015-08-17,IC,next,IC1509,2015-09-18,8820.457,8338.8,-481.65700000000106,0.9242123607344576,-480.73278763926663,-62.16637481493742,1.0,p
2015-08-17,IC,q1,IC1509,2015-09-18,8820.457,8338.8,-481.65700000000106,0.9242123607344576,-480.73278763926663,-62.16637481493742,1.0,y
2015-08-17,IC,q1,IC1509,2015-09-18,8820.457,8338.8,-481.65700000000106,0.9242123607344576,-480.73278763926663,-62.16637481493742,1.0,d
2015-08-17,IC,q1,IC1509,2015-09-18,8820.457,8338.8,-481.65700000000106,0.9242123607344576,-480.73278763926663,-62.16637481493742,1.0,p
2015-08-17,IC,q2,IC1512,2015-12-18,8820.457,7819.0,-1001.4570000000003,1.221007046221019,-1000.2359929537793,-33.651090630456935,0.7569263122558282,y
2015-08-17,IC,q2,IC1512,2015-12-18,8820.457,7819.0,-1001.4570000000003,1.221007046221019,-1000.2359929537793,-33.651090630456935,0.7569263122558282,d
2015-08-17,IC,q2,IC1512,2015-12-18,8820.457,7819.0,-1001.4570000000003,1.221007046221019,-1000.2359929537793,-33.651090630456935,0.7569263122558282,p
2015-08-18,IC,current,IC1508,2015-08-21,8161.269,7802.0,-359.26900000000023,0.6614314557131793,-358.60756854428706,-534.6054333734324,1.0,y
2015-08-18,IC,current,IC1508,2015-08-21,8161.269,7802.0,-359.26900000000023,0.6614314557131793,-358.60756854428706,-534.6054333734324,1.0,d
2015-08-18,IC,current,IC1508,2015-08-21,8161.269,7802.0,-359.26900000000023,0.6614314557131793,-358.60756854428706,-534.6054333734324,1.0,p
2015-08-18,IC,next,IC1509,2015-09-18,8161.269,7450.2,-711.0690000000004,0.8551422776709807,-710.2138577223294,-102.46195072812039,1.0,y
2015-08-18,IC,next,IC1509,2015-09-18,8161.269,7450.2,-711.0690000000004,0.8551422776709807,-710.2138577223294,-102.46195072812039,1.0,d
2015-08-18,IC,next,IC1509,2015-09-18,8161.269,7450.2,-711.0690000000004,0.8551422776709807,-710.2138577223294,-102.46195072812039,1.0,p
2015-08-18,IC,q1,IC1509,2015-09-18,8161.269,7450.2,-711.0690000000004,0.8551422776709807,-710.2138577223294,-102.46195072812039,1.0,y
2015-08-18,IC,q1,IC1509,2015-09-18,8161.269,7450.2,-711.0690000000004,0.8551422776709807,-710.2138577223294,-102.46195072812039,1.0,d
2015-08-18,IC,q1,IC1509,2015-09-18,8161.269,7450.2,-711.0690000000004,0.8551422776709807,-710.2138577223294,-102.46195072812039,1.0,p
2015-08-18,IC,q2,IC1512,2015-12-18,8161.269,7000.0,-1161.2690000000002,1.1297563102575263,-1160.1392436897427,-42.52902818184522,0.7569263122558282,y
2015-08-18,IC,q2,IC1512,2015-12-18,8161.269,7000.0,-1161.2690000000002,1.1297563102575263,-1160.1392436897427,-42.52902818184522,0.7569263122558282,d
2015-08-18,IC,q2,IC1512,2015-12-18,8161.269,7000.0,-1161.2690000000002,1.1297563102575263,-1160.1392436897427,-42.52902818184522,0.7569263122558282,p
2015-08-19,IC,current,IC1508,2015-08-21,8340.983,8151.2,-189.78300000000036,0.0,-189.78300000000036,-415.24359299137836,,y
2015-08-19,IC,current,IC1508,2015-08-21,8340.983,8151.2,-189.78300000000036,0.0,-189.78300000000036,-415.24359299137836,,d
2015-08-19,IC,current,IC1508,2015-08-21,8340.983,8151.2,-189.78300000000036,0.0,-189.78300000000036,-415.24359299137836,,p
2015-08-19,IC,next,IC1509,2015-09-18,8340.983,7710.6,-630.3829999999998,0.1979764020602737,-630.1850235979396,-91.92263214589454,1.0,y
2015-08-19,IC,next,IC1509,2015-09-18,8340.983,7710.6,-630.3829999999998,0.1979764020602737,-630.1850235979396,-91.92263214589454,1.0,d
2015-08-19,IC,next,IC1509,2015-09-18,8340.983,7710.6,-630.3829999999998,0.1979764020602737,-630.1850235979396,-91.92263214589454,1.0,p
2015-08-19,IC,q1,IC1509,2015-09-18,8340.983,7710.6,-630.3829999999998,0.1979764020602737,-630.1850235979396,-91.92263214589454,1.0,y
2015-08-19,IC,q1,IC1509,2015-09-18,8340.983,7710.6,-630.3829999999998,0.1979764020602737,-630.1850235979396,-91.92263214589454,1.0,d
2015-08-19,IC,q1,IC1509,2015-09-18,8340.983,7710.6,-630.3829999999998,0.1979764020602737,-630.1850235979396,-91.92263214589454,1.0,p
2015-08-19,IC,q2,IC1512,2015-12-18,8340.983,7251.0,-1089.9830000000002,0.4786375317652035,-1089.504362468235,-39.402087547408115,0.413624901770953,y
2015-08-19,IC,q2,IC1512,2015-12-18,8340.983,7251.0,-1089.9830000000002,0.4786375317652035,-1089.504362468235,-39.402087547408115,0.413624901770953,d
2015-08-19,IC,q2,IC1512,2015-12-18,8340.983,7251.0,-1089.9830000000002,0.4786375317652035,-1089.504362468235,-39.402087547408115,0.413624901770953,p
2015-08-20,IC,current,IC1508,2015-08-21,8049.512,8003.0,-46.511999999999716,0.0,-46.511999999999716,-210.90570459426482,,y
2015-08-20,IC,current,IC1508,2015-08-21,8049.512,8003.0,-46.511999999999716,0.0,-46.511999999999716,-210.90570459426482,,d
2015-08-20,IC,current,IC1508,2015-08-21,8049.512,8003.0,-46.511999999999716,0.0,-46.511999999999716,-210.90570459426482,,p
2015-08-20,IC,next,IC1509,2015-09-18,8049.512,7557.0,-492.5119999999997,0.19105822708198755,-492.3209417729177,-76.97924088639331,1.0,y
2015-08-20,IC,next,IC1509,2015-09-18,8049.512,7557.0,-492.5119999999997,0.19105822708198755,-492.3209417729177,-76.97924088639331,1.0,d
2015-08-20,IC,next,IC1509,2015-09-18,8049.512,7557.0,-492.5119999999997,0.19105822708198755,-492.3209417729177,-76.97924088639331,1.0,p
2015-08-20,IC,q1,IC1509,2015-09-18,8049.512,7557.0,-492.5119999999997,0.19105822708198755,-492.3209417729177,-76.97924088639331,1.0,y
2015-08-20,IC,q1,IC1509,2015-09-18,8049.512,7557.0,-492.5119999999997,0.19105822708198755,-492.3209417729177,-76.97924088639331,1.0,d
2015-08-20,IC,q1,IC1509,2015-09-18,8049.512,7557.0,-492.5119999999997,0.19105822708198755,-492.3209417729177,-76.97924088639331,1.0,p
2015-08-20,IC,q2,IC1512,2015-12-18,8049.512,7050.0,-999.5119999999997,0.46191181010612137,-999.0500881898936,-37.75107548852146,0.413624901770953,y
2015-08-20,IC,q2,IC1512,2015-12-18,8049.512,7050.0,-999.5119999999997,0.46191181010612137,-999.0500881898936,-37.75107548852146,0.413624901770953,d
2015-08-20,IC,q2,IC1512,2015-12-18,8049.512,7050.0,-999.5119999999997,0.46191181010612137,-999.0500881898936,-37.75107548852146,0.413624901770953,p
2015-08-21,IC,current,IC1508,2015-08-21,7612.902,7749.4,136.4979999999996,0.0,136.4979999999996,,,y
2015-08-21,IC,current,IC1508,2015-08-21,7612.902,7749.4,136.4979999999996,0.0,136.4979999999996,,,d
2015-08-21,IC,current,IC1508,2015-08-21,7612.902,7749.4,136.4979999999996,0.0,136.4979999999996,,,p
2015-08-21,IC,next,IC1509,2015-09-18,7612.902,7207.4,-405.5020000000004,0.18069512276879857,-405.3213048772316,-69.40392407905006,1.0,y
2015-08-21,IC,next,IC1509,2015-09-18,7612.902,7207.4,-405.5020000000004,0.18069512276879857,-405.3213048772316,-69.40392407905006,1.0,d
2015-08-21,IC,next,IC1509,2015-09-18,7612.902,7207.4,-405.5020000000004,0.18069512276879857,-405.3213048772316,-69.40392407905006,1.0,p
2015-08-21,IC,q1,IC1509,2015-09-18,7612.902,7207.4,-405.5020000000004,0.18069512276879857,-405.3213048772316,-69.40392407905006,1.0,y
2015-08-21,IC,q1,IC1509,2015-09-18,7612.902,7207.4,-405.5020000000004,0.18069512276879857,-405.3213048772316,-69.40392407905006,1.0,d
2015-08-21,IC,q1,IC1509,2015-09-18,7612.902,7207.4,-405.5020000000004,0.18069512276879857,-405.3213048772316,-69.40392407905006,1.0,p
2015-08-21,IC,q2,IC1512,2015-12-18,7612.902,6680.0,-932.902,0.4368574570707531,-932.4651425429292,-37.568881878429295,0.413624901770953,y
2015-08-21,IC,q2,IC1512,2015-12-18,7612.902,6680.0,-932.902,0.4368574570707531,-932.4651425429292,-37.568881878429295,0.413624901770953,d
2015-08-21,IC,q2,IC1512,2015-12-18,7612.902,6680.0,-932.902,0.4368574570707531,-932.4651425429292,-37.568881878429295,0.413624901770953,p
2015-08-24,IC,current,IC1509,2015-09-18,7006.189,6523.6,-482.58899999999994,0.16629455909144847,-482.4227054409085,-100.53070934051685,1.0,y
2015-08-24,IC,current,IC1509,2015-09-18,7006.189,6523.6,-482.58899999999994,0.16629455909144847,-482.4227054409085,-100.53070934051685,1.0,d
2015-08-24,IC,current,IC1509,2015-09-18,7006.189,6523.6,-482.58899999999994,0.16629455909144847,-482.4227054409085,-100.53070934051685,1.0,p
2015-08-24,IC,next,IC1510,2015-10-16,7006.189,6523.6,-482.58899999999994,0.4020419427830652,-482.1869580572169,-47.396972927815504,0.413624901770953,y
2015-08-24,IC,next,IC1510,2015-10-16,7006.189,6523.6,-482.58899999999994,0.4020419427830652,-482.1869580572169,-47.396972927815504,0.413624901770953,d
2015-08-24,IC,next,IC1510,2015-10-16,7006.189,6523.6,-482.58899999999994,0.4020419427830652,-482.1869580572169,-47.396972927815504,0.413624901770953,p
2015-08-24,IC,q1,IC1512,2015-12-18,7006.189,6033.6,-972.5889999999999,0.4020419427830652,-972.1869580572169,-43.66191875582212,0.413624901770953,y
2015-08-24,IC,q1,IC1512,2015-12-18,7006.189,6033.6,-972.5889999999999,0.4020419427830652,-972.1869580572169,-43.66191875582212,0.413624901770953,d
2015-08-24,IC,q1,IC1512,2015-12-18,7006.189,6033.6,-972.5889999999999,0.4020419427830652,-972.1869580572169,-43.66191875582212,0.413624901770953,p
2015-08-24,IC,q2,IC1603,2016-03-18,7006.189,5839.6,-1166.589,0.4020419427830652,-1166.1869580572168,-29.350050341300904,0.413624901770953,y
2015-08-24,IC,q2,IC1603,2016-03-18,7006.189,5839.6,-1166.589,0.4020419427830652,-1166.1869580572168,-29.350050341300904,0.413624901770953,d
2015-08-24,IC,q2,IC1603,2016-03-18,7006.189,5839.6,-1166.589,0.4020419427830652,-1166.1869580572168,-29.350050341300904,0.413624901770953,p
2015-08-25,IC,current,IC1509,2015-09-18,6481.412,5871.4,-610.0120000000006,0.0,-610.0120000000006,-143.1364929946336,,y
2015-08-25,IC,current,IC1509,2015-09-18,6481.412,5871.4,-610.0120000000006,0.0,-610.0120000000006,-143.1364929946336,,d
2015-08-25,IC,current,IC1509,2015-09-18,6481.412,5871.4,-610.0120000000006,0.0,-610.0120000000006,-143.1364929946336,,p
2015-08-25,IC,next,IC1510,2015-10-16,6481.412,5871.4,-610.0120000000006,0.21808945228674947,-609.7939105477138,-66.0393781448559,0.26548581894603374,y
2015-08-25,IC,next,IC1510,2015-10-16,6481.412,5871.4,-610.0120000000006,0.21808945228674947,-609.7939105477138,-66.0393781448559,0.26548581894603374,d
2015-08-25,IC,next,IC1510,2015-10-16,6481.412,5871.4,-610.0120000000006,0.21808945228674947,-609.7939105477138,-66.0393781448559,0.26548581894603374,p
2015-08-25,IC,q1,IC1512,2015-12-18,6481.412,5434.2,-1047.2120000000004,0.21808945228674947,-1046.9939105477138,-51.27073590028994,0.26548581894603374,y
2015-08-25,IC,q1,IC1512,2015-12-18,6481.412,5434.2,-1047.2120000000004,0.21808945228674947,-1046.9939105477138,-51.27073590028994,0.26548581894603374,d
2015-08-25,IC,q1,IC1512,2015-12-18,6481.412,5434.2,-1047.2120000000004,0.21808945228674947,-1046.9939105477138,-51.27073590028994,0.26548581894603374,p
2015-08-25,IC,q2,IC1603,2016-03-18,6481.412,5257.0,-1224.4120000000003,0.21808945228674947,-1224.1939105477136,-33.46618674212026,0.26548581894603374,y
2015-08-25,IC,q2,IC1603,2016-03-18,6481.412,5257.0,-1224.4120000000003,0.21808945228674947,-1224.1939105477136,-33.46618674212026,0.26548581894603374,d
2015-08-25,IC,q2,IC1603,2016-03-18,6481.412,5257.0,-1224.4120000000003,0.21808945228674947,-1224.1939105477136,-33.46618674212026,0.26548581894603374,p
2015-08-26,IC,current,IC1509,2015-09-18,6238.526,5400.2,-838.326,0.0,-838.326,-213.25340521839263,,y
2015-08-26,IC,current,IC1509,2015-09-18,6238.526,5400.2,-838.326,0.0,-838.326,-213.25340521839263,,d
2015-08-26,IC,current,IC1509,2015-09-18,6238.526,5400.2,-838.326,0.0,-838.326,-213.25340521839263,,p
2015-08-26,IC,next,IC1510,2015-10-16,6238.526,5284.4,-954.1260000000002,0.20991671543432913,-953.9160832845658,-109.43364631980612,0.26548581894603374,y
2015-08-26,IC,next,IC1510,2015-10-16,6238.526,5284.4,-954.1260000000002,0.20991671543432913,-953.9160832845658,-109.43364631980612,0.26548581894603374,d
2015-08-26,IC,next,IC1510,2015-10-16,6238.526,5284.4,-954.1260000000002,0.20991671543432913,-953.9160832845658,-109.43364631980612,0.26548581894603374,p
2015-08-26,IC,q1,IC1512,2015-12-18,6238.526,4950.0,-1288.5259999999998,0.20991671543432913,-1288.3160832845656,-66.11933123570368,0.26548581894603374,y
2015-08-26,IC,q1,IC1512,2015-12-18,6238.526,4950.0,-1288.5259999999998,0.20991671543432913,-1288.3160832845656,-66.11933123570368,0.26548581894603374,d
2015-08-26,IC,q1,IC1512,2015-12-18,6238.526,4950.0,-1288.5259999999998,0.20991671543432913,-1288.3160832845656,-66.11933123570368,0.26548581894603374,p
2015-08-26,IC,q2,IC1603,2016-03-18,6238.526,4800.0,-1438.5259999999998,0.20991671543432913,-1438.3160832845656,-41.04982885136856,0.26548581894603374,y
2015-08-26,IC,q2,IC1603,2016-03-18,6238.526,4800.0,-1438.5259999999998,0.20991671543432913,-1438.3160832845656,-41.04982885136856,0.26548581894603374,d
2015-08-26,IC,q2,IC1603,2016-03-18,6238.526,4800.0,-1438.5259999999998,0.20991671543432913,-1438.3160832845656,-41.04982885136856,0.26548581894603374,p
2015-08-27,IC,current,IC1509,2015-09-18,6456.055,5928.2,-527.8550000000005,0.0,-527.8550000000005,-135.64931398790478,,y
2015-08-27,IC,current,IC1509,2015-09-18,6456.055,5928.2,-527.8550000000005,0.0,-527.8550000000005,-135.64931398790478,,d
2015-08-27,IC,current,IC1509,2015-09-18,6456.055,5928.2,-527.8550000000005,0.0,-527.8550000000005,-135.64931398790478,,p
2015-08-27,IC,next,IC1510,2015-10-16,6456.055,5696.2,-759.8550000000005,0.21723622860005357,-759.6377637714004,-85.89387289190105,0.26548581894603374,y
2015-08-27,IC,next,IC1510,2015-10-16,6456.055,5696.2,-759.8550000000005,0.21723622860005357,-759.6377637714004,-85.89387289190105,0.26548581894603374,d
2015-08-27,IC,next,IC1510,2015-10-16,6456.055,5696.2,-759.8550000000005,0.21723622860005357,-759.6377637714004,-85.89387289190105,0.26548581894603374,p
2015-08-27,IC,q1,IC1512,2015-12-18,6456.055,5438.6,-1017.4549999999999,0.21723622860005357,-1017.2377637713998,-50.894361928804244,0.26548581894603374,y
2015-08-27,IC,q1,IC1512,2015-12-18,6456.055,5438.6,-1017.4549999999999,0.21723622860005357,-1017.2377637713998,-50.894361928804244,0.26548581894603374,d
2015-08-27,IC,q1,IC1512,2015-12-18,6456.055,5438.6,-1017.4549999999999,0.21723622860005357,-1017.2377637713998,-50.894361928804244,0.26548581894603374,p
2015-08-27,IC,q2,IC1603,2016-03-18,6456.055,5297.0,-1159.0550000000003,0.21723622860005357,-1158.8377637714002,-32.11575342507249,0.26548581894603374,y
2015-08-27,IC,q2,IC1603,2016-03-18,6456.055,5297.0,-1159.0550000000003,0.21723622860005357,-1158.8377637714002,-32.11575342507249,0.26548581894603374,d
2015-08-27,IC,q2,IC1603,2016-03-18,6456.055,5297.0,-1159.0550000000003,0.21723622860005357,-1158.8377637714002,-32.11575342507249,0.26548581894603374,p
2015-08-28,IC,current,IC1509,2015-09-18,6842.894,6402.6,-440.29399999999987,0.0,-440.29399999999987,-111.83468642973347,,y
2015-08-28,IC,current,IC1509,2015-09-18,6842.894,6402.6,-440.29399999999987,0.0,-440.29399999999987,-111.83468642973347,,d
2015-08-28,IC,current,IC1509,2015-09-18,6842.894,6402.6,-440.29399999999987,0.0,-440.29399999999987,-111.83468642973347,,p
2015-08-28,IC,next,IC1510,2015-10-16,6842.894,6137.4,-705.4940000000006,0.2601781721553361,-705.2338218278453,-76.76974604997014,1.0,y
2015-08-28,IC,next,IC1510,2015-10-16,6842.894,6137.4,-705.4940000000006,0.2601781721553361,-705.2338218278453,-76.76974604997014,1.0,d
2015-08-28,IC,next,IC1510,2015-10-16,6842.894,6137.4,-705.4940000000006,0.2601781721553361,-705.2338218278453,-76.76974604997014,1.0,p
2015-08-28,IC,q1,IC1512,2015-12-18,6842.894,5848.0,-994.8940000000002,0.2601781721553361,-994.6338218278449,-47.36944018223809,1.0,y
2015-08-28,IC,q1,IC1512,2015-12-18,6842.894,5848.0,-994.8940000000002,0.2601781721553361,-994.6338218278449,-47.36944018223809,1.0,d
2015-08-28,IC,q1,IC1512,2015-12-18,6842.894,5848.0,-994.8940000000002,0.2601781721553361,-994.6338218278449,-47.36944018223809,1.0,p
2015-08-28,IC,q2,IC1603,2016-03-18,6842.894,5605.0,-1237.8940000000002,0.2601781721553361,-1237.633821827845,-32.51989862704975,1.0,y
2015-08-28,IC,q2,IC1603,2016-03-18,6842.894,5605.0,-1237.8940000000002,0.2601781721553361,-1237.633821827845,-32.51989862704975,1.0,d
2015-08-28,IC,q2,IC1603,2016-03-18,6842.894,5605.0,-1237.8940000000002,0.2601781721553361,-1237.633821827845,-32.51989862704975,1.0,p
2015-08-31,IC,current,IC1509,2015-09-18,6581.313,5961.4,-619.9130000000005,0.0,-619.9130000000005,-191.00228260767364,,y
2015-08-31,IC,current,IC1509,2015-09-18,6581.313,5961.4,-619.9130000000005,0.0,-619.9130000000005,-191.00228260767364,,d
2015-08-31,IC,current,IC1509,2015-09-18,6581.313,5961.4,-619.9130000000005,0.0,-619.9130000000005,-191.00228260767364,,p
2015-08-31,IC,next,IC1510,2015-10-16,6581.313,5663.8,-917.5129999999999,0.2516138796152973,-917.2613861203846,-110.58993386602482,1.0,y
2015-08-31,IC,next,IC1510,2015-10-16,6581.313,5663.8,-917.5129999999999,0.2516138796152973,-917.2613861203846,-110.58993386602482,1.0,d
2015-08-31,IC,next,IC1510,2015-10-16,6581.313,5663.8,-917.5129999999999,0.2516138796152973,-917.2613861203846,-110.58993386602482,1.0,p
2015-08-31,IC,q1,IC1512,2015-12-18,6581.313,5367.8,-1213.513,0.2516138796152973,-1213.2613861203847,-61.731694234001225,1.0,y
2015-08-31,IC,q1,IC1512,2015-12-18,6581.313,5367.8,-1213.513,0.2516138796152973,-1213.2613861203847,-61.731694234001225,1.0,d
2015-08-31,IC,q1,IC1512,2015-12-18,6581.313,5367.8,-1213.513,0.2516138796152973,-1213.2613861203847,-61.731694234001225,1.0,p
2015-08-31,IC,q2,IC1603,2016-03-18,6581.313,5222.2,-1359.1130000000003,0.2516138796152973,-1358.861386120385,-37.68126557223008,1.0,y
2015-08-31,IC,q2,IC1603,2016-03-18,6581.313,5222.2,-1359.1130000000003,0.2516138796152973,-1358.861386120385,-37.68126557223008,1.0,d
2015-08-31,IC,q2,IC1603,2016-03-18,6581.313,5222.2,-1359.1130000000003,0.2516138796152973,-1358.861386120385,-37.68126557223008,1.0,p
2015-09-01,IC,current,IC1509,2015-09-18,6169.207,5373.0,-796.2070000000003,0.0,-796.2070000000003,-277.10259433763247,,y
2015-09-01,IC,current,IC1509,2015-09-18,6169.207,5373.0,-796.2070000000003,0.0,-796.2070000000003,-277.10259433763247,,d
2015-09-01,IC,current,IC1509,2015-09-18,6169.207,5373.0,-796.2070000000003,0.0,-796.2070000000003,-277.10259433763247,,p
2015-09-01,IC,next,IC1510,2015-10-16,6169.207,5095.6,-1073.607,0.2358584232994008,-1073.3711415767007,-141.12401468760564,1.0,y
2015-09-01,IC,next,IC1510,2015-10-16,6169.207,5095.6,-1073.607,0.2358584232994008,-1073.3711415767007,-141.12401468760564,1.0,d
2015-09-01,IC,next,IC1510,2015-10-16,6169.207,5095.6,-1073.607,0.2358584232994008,-1073.3711415767007,-141.12401468760564,1.0,p
2015-09-01,IC,q1,IC1512,2015-12-18,6169.207,4851.0,-1318.2070000000003,0.2358584232994008,-1317.971141576701,-72.20140807512871,1.0,y
2015-09-01,IC,q1,IC1512,2015-12-18,6169.207,4851.0,-1318.2070000000003,0.2358584232994008,-1317.971141576701,-72.20140807512871,1.0,d
2015-09-01,IC,q1,IC1512,2015-12-18,6169.207,4851.0,-1318.2070000000003,0.2358584232994008,-1317.971141576701,-72.20140807512871,1.0,p
2015-09-01,IC,q2,IC1603,2016-03-18,6169.207,4690.0,-1479.2070000000003,0.2358584232994008,-1478.971141576701,-43.9713850125052,1.0,y
2015-09-01,IC,q2,IC1603,2016-03-18,6169.207,4690.0,-1479.2070000000003,0.2358584232994008,-1478.971141576701,-43.9713850125052,1.0,d
2015-09-01,IC,q2,IC1603,2016-03-18,6169.207,4690.0,-1479.2070000000003,0.2358584232994008,-1478.971141576701,-43.9713850125052,1.0,p
2015-09-02,IC,current,IC1509,2015-09-18,6122.553,5377.0,-745.5529999999999,0.0,-745.5529999999999,,,y
2015-09-02,IC,current,IC1509,2015-09-18,6122.553,5377.0,-745.5529999999999,0.0,-745.5529999999999,,,d
2015-09-02,IC,current,IC1509,2015-09-18,6122.553,5377.0,-745.5529999999999,0.0,-745.5529999999999,,,p
2015-09-02,IC,next,IC1510,2015-10-16,6122.553,5009.0,-1113.5529999999999,0.23407476798023086,-1113.3189252320196,-150.84371729989968,1.0,y
2015-09-02,IC,next,IC1510,2015-10-16,6122.553,5009.0,-1113.5529999999999,0.23407476798023086,-1113.3189252320196,-150.84371729989968,1.0,d
2015-09-02,IC,next,IC1510,2015-10-16,6122.553,5009.0,-1113.5529999999999,0.23407476798023086,-1113.3189252320196,-150.84371729989968,1.0,p
2015-09-02,IC,q1,IC1512,2015-12-18,6122.553,4724.8,-1397.7529999999997,0.23407476798023086,-1397.5189252320195,-77.86355553362658,1.0,y
2015-09-02,IC,q1,IC1512,2015-12-18,6122.553,4724.8,-1397.7529999999997,0.23407476798023086,-1397.5189252320195,-77.86355553362658,1.0,d
2015-09-02,IC,q1,IC1512,2015-12-18,6122.553,4724.8,-1397.7529999999997,0.23407476798023086,-1397.5189252320195,-77.86355553362658,1.0,p
2015-09-02,IC,q2,IC1603,2016-03-18,6122.553,4617.0,-1505.5529999999999,0.23407476798023086,-1505.3189252320196,-45.32352116175033,1.0,y
2015-09-02,IC,q2,IC1603,2016-03-18,6122.553,4617.0,-1505.5529999999999,0.23407476798023086,-1505.3189252320196,-45.32352116175033,1.0,d
2015-09-02,IC,q2,IC1603,2016-03-18,6122.553,4617.0,-1505.5529999999999,0.23407476798023086,-1505.3189252320196,-45.32352116175033,1.0,p
2015-09-07,IC,current,IC1509,2015-09-18,6143.557,5795.0,-348.5569999999998,0.0,-348.5569999999998,,,y
2015-09-07,IC,current,IC1509,2015-09-18,6143.557,5795.0,-348.5569999999998,0.0,-348.5569999999998,,,d
2015-09-07,IC,current,IC1509,2015-09-18,6143.557,5795.0,-348.5569999999998,0.0,-348.5569999999998,,,p
2015-09-07,IC,next,IC1510,2015-10-16,6143.557,5436.8,-706.7569999999996,0.23487778372001406,-706.5221222162796,-107.6301957623297,1.0,y
2015-09-07,IC,next,IC1510,2015-10-16,6143.557,5436.8,-706.7569999999996,0.23487778372001406,-706.5221222162796,-107.6301957623297,1.0,d
2015-09-07,IC,next,IC1510,2015-10-16,6143.557,5436.8,-706.7569999999996,0.23487778372001406,-706.5221222162796,-107.6301957623297,1.0,p
2015-09-07,IC,q1,IC1512,2015-12-18,6143.557,5050.0,-1093.5569999999998,0.23487778372001406,-1093.3221222162797,-63.68262201263223,1.0,y
2015-09-07,IC,q1,IC1512,2015-12-18,6143.557,5050.0,-1093.5569999999998,0.23487778372001406,-1093.3221222162797,-63.68262201263223,1.0,d
2015-09-07,IC,q1,IC1512,2015-12-18,6143.557,5050.0,-1093.5569999999998,0.23487778372001406,-1093.3221222162797,-63.68262201263223,1.0,p
2015-09-07,IC,q2,IC1603,2016-03-18,6143.557,4927.0,-1216.5569999999998,0.23487778372001406,-1216.3221222162797,-37.44245091298036,1.0,y
2015-09-07,IC,q2,IC1603,2016-03-18,6143.557,4927.0,-1216.5569999999998,0.23487778372001406,-1216.3221222162797,-37.44245091298036,1.0,d
2015-09-07,IC,q2,IC1603,2016-03-18,6143.557,4927.0,-1216.5569999999998,0.23487778372001406,-1216.3221222162797,-37.44245091298036,1.0,p
2015-09-08,IC,current,IC1509,2015-09-18,6374.855,6383.0,8.145000000000437,0.0,8.145000000000437,,,y
2015-09-08,IC,current,IC1509,2015-09-18,6374.855,6383.0,8.145000000000437,0.0,8.145000000000437,,,d
2015-09-08,IC,current,IC1509,2015-09-18,6374.855,6383.0,8.145000000000437,0.0,8.145000000000437,,,p
2015-09-08,IC,next,IC1510,2015-10-16,6374.855,5996.8,-378.0549999999994,0.24372066767451658,-377.8112793323249,-56.92642047556936,1.0,y
2015-09-08,IC,next,IC1510,2015-10-16,6374.855,5996.8,-378.0549999999994,0.24372066767451658,-377.8112793323249,-56.92642047556936,1.0,d
2015-09-08,IC,next,IC1510,2015-10-16,6374.855,5996.8,-378.0549999999994,0.24372066767451658,-377.8112793323249,-56.92642047556936,1.0,p
2015-09-08,IC,q1,IC1512,2015-12-18,6374.855,5553.4,-821.4549999999999,0.24372066767451658,-821.2112793323254,-46.5539017317348,1.0,y
2015-09-08,IC,q1,IC1512,2015-12-18,6374.855,5553.4,-821.4549999999999,0.24372066767451658,-821.2112793323254,-46.5539017317348,1.0,d
2015-09-08,IC,q1,IC1512,2015-12-18,6374.855,5553.4,-821.4549999999999,0.24372066767451658,-821.2112793323254,-46.5539017317348,1.0,p
2015-09-08,IC,q2,IC1603,2016-03-18,6374.855,5363.2,-1011.6549999999997,0.24372066767451658,-1011.4112793323252,-30.16123479118175,1.0,y
2015-09-08,IC,q2,IC1603,2016-03-18,6374.855,5363.2,-1011.6549999999997,0.24372066767451658,-1011.4112793323252,-30.16123479118175,1.0,d
2015-09-08,IC,q2,IC1603,2016-03-18,6374.855,5363.2,-1011.6549999999997,0.24372066767451658,-1011.4112793323252,-30.16123479118175,1.0,p
2015-09-09,IC,current,IC1509,2015-09-18,6551.007,6369.0,-182.0069999999996,0.0,-182.0069999999996,,,y
2015-09-09,IC,current,IC1509,2015-09-18,6551.007,6369.0,-182.0069999999996,0.0,-182.0069999999996,,,d
2015-09-09,IC,current,IC1509,2015-09-18,6551.007,6369.0,-182.0069999999996,0.0,-182.0069999999996,,,p
2015-09-09,IC,next,IC1510,2015-10-16,6551.007,6190.8,-360.2069999999994,0.2504552338806815,-359.9565447661187,-54.20422648520207,1.0,y
2015-09-09,IC,next,IC1510,2015-10-16,6551.007,6190.8,-360.2069999999994,0.2504552338806815,-359.9565447661187,-54.20422648520207,1.0,d
2015-09-09,IC,next,IC1510,2015-10-16,6551.007,6190.8,-360.2069999999994,0.2504552338806815,-359.9565447661187,-54.20422648520207,1.0,p
2015-09-09,IC,q1,IC1512,2015-12-18,6551.007,5934.6,-616.4069999999992,0.2504552338806815,-616.1565447661186,-34.330163109218674,1.0,y
2015-09-09,IC,q1,IC1512,2015-12-18,6551.007,5934.6,-616.4069999999992,0.2504552338806815,-616.1565447661186,-34.330163109218674,1.0,d
2015-09-09,IC,q1,IC1512,2015-12-18,6551.007,5934.6,-616.4069999999992,0.2504552338806815,-616.1565447661186,-34.330163109218674,1.0,p
2015-09-09,IC,q2,IC1603,2016-03-18,6551.007,5851.0,-700.0069999999996,0.2504552338806815,-699.756544766119,-20.412603640955084,1.0,y
2015-09-09,IC,q2,IC1603,2016-03-18,6551.007,5851.0,-700.0069999999996,0.2504552338806815,-699.756544766119,-20.412603640955084,1.0,d
2015-09-09,IC,q2,IC1603,2016-03-18,6551.007,5851.0,-700.0069999999996,0.2504552338806815,-699.756544766119,-20.412603640955084,1.0,p
2015-09-10,IC,current,IC1509,2015-09-18,6440.309,6319.0,-121.3090000000002,0.0,-121.3090000000002,,,y
2015-09-10,IC,current,IC1509,2015-09-18,6440.309,6319.0,-121.3090000000002,0.0,-121.3090000000002,,,d
2015-09-10,IC,current,IC1509,2015-09-18,6440.309,6319.0,-121.3090000000002,0.0,-121.3090000000002,,,p
2015-09-10,IC,next,IC1510,2015-10-16,6440.309,6099.4,-340.90900000000056,0.2462230763696113,-340.66277692363093,-53.630067187910335,1.0,y
2015-09-10,IC,next,IC1510,2015-10-16,6440.309,6099.4,-340.90900000000056,0.2462230763696113,-340.66277692363093,-53.630067187910335,1.0,d
2015-09-10,IC,next,IC1510,2015-10-16,6440.309,6099.4,-340.90900000000056,0.2462230763696113,-340.66277692363093,-53.630067187910335,1.0,p
2015-09-10,IC,q1,IC1512,2015-12-18,6440.309,5829.8,-610.509,0.2462230763696113,-610.2627769236304,-34.93557099513803,1.0,y
2015-09-10,IC,q1,IC1512,2015-12-18,6440.309,5829.8,-610.509,0.2462230763696113,-610.2627769236304,-34.93557099513803,1.0,d
2015-09-10,IC,q1,IC1512,2015-12-18,6440.309,5829.8,-610.509,0.2462230763696113,-610.2627769236304,-34.93557099513803,1.0,p
2015-09-10,IC,q2,IC1603,2016-03-18,6440.309,5701.0,-739.3090000000002,0.2462230763696113,-739.0627769236306,-22.04519212527202,1.0,y
2015-09-10,IC,q2,IC1603,2016-03-18,6440.309,5701.0,-739.3090000000002,0.2462230763696113,-739.0627769236306,-22.04519212527202,1.0,d
2015-09-10,IC,q2,IC1603,2016-03-18,6440.309,5701.0,-739.3090000000002,0.2462230763696113,-739.0627769236306,-22.04519212527202,1.0,p
2015-09-11,IC,current,IC1509,2015-09-18,6493.319,6420.0,-73.31900000000041,0.0,-73.31900000000041,,,y
2015-09-11,IC,current,IC1509,2015-09-18,6493.319,6420.0,-73.31900000000041,0.0,-73.31900000000041,,,d
2015-09-11,IC,current,IC1509,2015-09-18,6493.319,6420.0,-73.31900000000041,0.0,-73.31900000000041,,,p
2015-09-11,IC,next,IC1510,2015-10-16,6493.319,6189.6,-303.71900000000005,0.24824973150034385,-303.4707502684997,-48.738809777514575,1.0,y
2015-09-11,IC,next,IC1510,2015-10-16,6493.319,6189.6,-303.71900000000005,0.24824973150034385,-303.4707502684997,-48.738809777514575,1.0,d
2015-09-11,IC,next,IC1510,2015-10-16,6493.319,6189.6,-303.71900000000005,0.24824973150034385,-303.4707502684997,-48.738809777514575,1.0,p
2015-09-11,IC,q1,IC1512,2015-12-18,6493.319,5879.0,-614.3190000000004,0.24824973150034385,-614.0707502685001,-35.22236075798778,1.0,y
2015-09-11,IC,q1,IC1512,2015-12-18,6493.319,5879.0,-614.3190000000004,0.24824973150034385,-614.0707502685001,-35.22236075798778,1.0,d
2015-09-11,IC,q1,IC1512,2015-12-18,6493.319,5879.0,-614.3190000000004,0.24824973150034385,-614.0707502685001,-35.22236075798778,1.0,p
2015-09-11,IC,q2,IC1603,2016-03-18,6493.319,5740.0,-753.3190000000004,0.24824973150034385,-753.0707502685001,-22.397528649412802,1.0,y
2015-09-11,IC,q2,IC1603,2016-03-18,6493.319,5740.0,-753.3190000000004,0.24824973150034385,-753.0707502685001,-22.397528649412802,1.0,d
2015-09-11,IC,q2,IC1603,2016-03-18,6493.319,5740.0,-753.3190000000004,0.24824973150034385,-753.0707502685001,-22.397528649412802,1.0,p
2015-09-14,IC,current,IC1509,2015-09-18,6049.79,5758.2,-291.59000000000015,0.0,-291.59000000000015,,,y
2015-09-14,IC,current,IC1509,2015-09-18,6049.79,5758.2,-291.59000000000015,0.0,-291.59000000000015,,,d
2015-09-14,IC,current,IC1509,2015-09-18,6049.79,5758.2,-291.59000000000015,0.0,-291.59000000000015,,,p
2015-09-14,IC,next,IC1510,2015-10-16,6049.79,5542.4,-507.3900000000003,0.23129292479446414,-507.1587070752059,-95.61950088476736,1.0,y
2015-09-14,IC,next,IC1510,2015-10-16,6049.79,5542.4,-507.3900000000003,0.23129292479446414,-507.1587070752059,-95.61950088476736,1.0,d
2015-09-14,IC,next,IC1510,2015-10-16,6049.79,5542.4,-507.3900000000003,0.23129292479446414,-507.1587070752059,-95.61950088476736,1.0,p
2015-09-14,IC,q1,IC1512,2015-12-18,6049.79,5262.4,-787.3900000000003,0.23129292479446414,-787.1587070752058,-49.99093541088554,1.0,y
2015-09-14,IC,q1,IC1512,2015-12-18,6049.79,5262.4,-787.3900000000003,0.23129292479446414,-787.1587070752058,-49.99093541088554,1.0,d
2015-09-14,IC,q1,IC1512,2015-12-18,6049.79,5262.4,-787.3900000000003,0.23129292479446414,-787.1587070752058,-49.99093541088554,1.0,p
2015-09-14,IC,q2,IC1603,2016-03-18,6049.79,5139.2,-910.5900000000001,0.23129292479446414,-910.3587070752056,-29.52923328898718,1.0,y
2015-09-14,IC,q2,IC1603,2016-03-18,6049.79,5139.2,-910.5900000000001,0.23129292479446414,-910.3587070752056,-29.52923328898718,1.0,d
2015-09-14,IC,q2,IC1603,2016-03-18,6049.79,5139.2,-910.5900000000001,0.23129292479446414,-910.3587070752056,-29.52923328898718,1.0,p
2015-09-15,IC,current,IC1509,2015-09-18,5708.03,5663.6,-44.42999999999938,0.0,-44.42999999999938,,,y
2015-09-15,IC,current,IC1509,2015-09-18,5708.03,5663.6,-44.42999999999938,0.0,-44.42999999999938,,,d
2015-09-15,IC,current,IC1509,2015-09-18,5708.03,5663.6,-44.42999999999938,0.0,-44.42999999999938,,,p
2015-09-15,IC,next,IC1510,2015-10-16,5708.03,5311.0,-397.02999999999975,0.21822690597765299,-396.8117730940221,-81.85203334053395,1.0,y
2015-09-15,IC,next,IC1510,2015-10-16,5708.03,5311.0,-397.02999999999975,0.21822690597765299,-396.8117730940221,-81.85203334053395,1.0,d
2015-09-15,IC,next,IC1510,2015-10-16,5708.03,5311.0,-397.02999999999975,0.21822690597765299,-396.8117730940221,-81.85203334053395,1.0,p
2015-09-15,IC,q1,IC1512,2015-12-18,5708.03,4990.0,-718.0299999999997,0.21822690597765299,-717.8117730940221,-48.83029420541187,1.0,y
2015-09-15,IC,q1,IC1512,2015-12-18,5708.03,4990.0,-718.0299999999997,0.21822690597765299,-717.8117730940221,-48.83029420541187,1.0,d
2015-09-15,IC,q1,IC1512,2015-12-18,5708.03,4990.0,-718.0299999999997,0.21822690597765299,-717.8117730940221,-48.83029420541187,1.0,p
2015-09-15,IC,q2,IC1603,2016-03-18,5708.03,4856.8,-851.2299999999996,0.21822690597765299,-851.0117730940219,-29.415108680163094,1.0,y
2015-09-15,IC,q2,IC1603,2016-03-18,5708.03,4856.8,-851.2299999999996,0.21822690597765299,-851.0117730940219,-29.415108680163094,1.0,d
2015-09-15,IC,q2,IC1603,2016-03-18,5708.03,4856.8,-851.2299999999996,0.21822690597765299,-851.0117730940219,-29.415108680163094,1.0,p
2015-09-16,IC,current,IC1509,2015-09-18,6084.837,6050.8,-34.03700000000026,0.0,-34.03700000000026,,,y
2015-09-16,IC,current,IC1509,2015-09-18,6084.837,6050.8,-34.03700000000026,0.0,-34.03700000000026,,,d
2015-09-16,IC,current,IC1509,2015-09-18,6084.837,6050.8,-34.03700000000026,0.0,-34.03700000000026,,,p
2015-09-16,IC,next,IC1510,2015-10-16,6084.837,5804.6,-280.2370000000001,0.23263282636712562,-280.00436717363294,-55.98703466687003,1.0,y
2015-09-16,IC,next,IC1510,2015-10-16,6084.837,5804.6,-280.2370000000001,0.23263282636712562,-280.00436717363294,-55.98703466687003,1.0,d
2015-09-16,IC,next,IC1510,2015-10-16,6084.837,5804.6,-280.2370000000001,0.23263282636712562,-280.00436717363294,-55.98703466687003,1.0,p
2015-09-16,IC,q1,IC1512,2015-12-18,6084.837,5457.6,-627.2370000000001,0.23263282636712562,-627.004367173633,-40.44189830550006,1.0,y
2015-09-16,IC,q1,IC1512,2015-12-18,6084.837,5457.6,-627.2370000000001,0.23263282636712562,-627.004367173633,-40.44189830550006,1.0,d
2015-09-16,IC,q1,IC1512,2015-12-18,6084.837,5457.6,-627.2370000000001,0.23263282636712562,-627.004367173633,-40.44189830550006,1.0,p
2015-09-16,IC,q2,IC1603,2016-03-18,6084.837,5333.8,-751.0370000000003,0.23263282636712562,-750.8043671736332,-24.476700999476602,1.0,y
2015-09-16,IC,q2,IC1603,2016-03-18,6084.837,5333.8,-751.0370000000003,0.23263282636712562,-750.8043671736332,-24.476700999476602,1.0,d
2015-09-16,IC,q2,IC1603,2016-03-18,6084.837,5333.8,-751.0370000000003,0.23263282636712562,-750.8043671736332,-24.476700999476602,1.0,p
2015-09-17,IC,current,IC1509,2015-09-18,5965.409,5955.0,-10.40899999999965,0.0,-10.40899999999965,,,y
2015-09-17,IC,current,IC1509,2015-09-18,5965.409,5955.0,-10.40899999999965,0.0,-10.40899999999965,,,d
2015-09-17,IC,current,IC1509,2015-09-18,5965.409,5955.0,-10.40899999999965,0.0,-10.40899999999965,,,p
2015-09-17,IC,next,IC1510,2015-10-16,5965.409,5699.0,-266.40899999999965,0.22806690731500093,-266.18093309268465,-56.16058003435674,1.0,y
2015-09-17,IC,next,IC1510,2015-10-16,5965.409,5699.0,-266.40899999999965,0.22806690731500093,-266.18093309268465,-56.16058003435674,1.0,d
2015-09-17,IC,next,IC1510,2015-10-16,5965.409,5699.0,-266.40899999999965,0.22806690731500093,-266.18093309268465,-56.16058003435674,1.0,p
2015-09-17,IC,q1,IC1512,2015-12-18,5965.409,5273.0,-692.4089999999997,0.22806690731500093,-692.1809330926847,-46.034607434080066,1.0,y
2015-09-17,IC,q1,IC1512,2015-12-18,5965.409,5273.0,-692.4089999999997,0.22806690731500093,-692.1809330926847,-46.034607434080066,1.0,d
2015-09-17,IC,q1,IC1512,2015-12-18,5965.409,5273.0,-692.4089999999997,0.22806690731500093,-692.1809330926847,-46.034607434080066,1.0,p
2015-09-17,IC,q2,IC1603,2016-03-18,5965.409,5152.8,-812.6089999999995,0.22806690731500093,-812.3809330926845,-27.161970388179995,1.0,y
2015-09-17,IC,q2,IC1603,2016-03-18,5965.409,5152.8,-812.6089999999995,0.22806690731500093,-812.3809330926845,-27.161970388179995,1.0,d
2015-09-17,IC,q2,IC1603,2016-03-18,5965.409,5152.8,-812.6089999999995,0.22806690731500093,-812.3809330926845,-27.161970388179995,1.0,p
2015-09-18,IC,current,IC1509,2015-09-18,6036.881,6010.2,-26.681000000000495,0.0,-26.681000000000495,,,y
2015-09-18,IC,current,IC1509,2015-09-18,6036.881,6010.2,-26.681000000000495,0.0,-26.681000000000495,,,d
2015-09-18,IC,current,IC1509,2015-09-18,6036.881,6010.2,-26.681000000000495,0.0,-26.681000000000495,,,p
2015-09-18,IC,next,IC1510,2015-10-16,6036.881,5830.0,-206.8810000000003,0.23079939355351667,-206.6502006064468,-44.622926511077175,1.0,y
2015-09-18,IC,next,IC1510,2015-10-16,6036.881,5830.0,-206.8810000000003,0.23079939355351667,-206.6502006064468,-44.622926511077175,1.0,d
2015-09-18,IC,next,IC1510,2015-10-16,6036.881,5830.0,-206.8810000000003,0.23079939355351667,-206.6502006064468,-44.622926511077175,1.0,p
2015-09-18,IC,q1,IC1512,2015-12-18,6036.881,5468.8,-568.0810000000001,0.23079939355351667,-567.8502006064466,-37.72876945098574,1.0,y
2015-09-18,IC,q1,IC1512,2015-12-18,6036.881,5468.8,-568.0810000000001,0.23079939355351667,-567.8502006064466,-37.72876945098574,1.0,d
2015-09-18,IC,q1,IC1512,2015-12-18,6036.881,5468.8,-568.0810000000001,0.23079939355351667,-567.8502006064466,-37.72876945098574,1.0,p
2015-09-18,IC,q2,IC1603,2016-03-18,6036.881,5280.0,-756.8810000000003,0.23079939355351667,-756.6502006064468,-25.13645407119246,1.0,y
2015-09-18,IC,q2,IC1603,2016-03-18,6036.881,5280.0,-756.8810000000003,0.23079939355351667,-756.6502006064468,-25.13645407119246,1.0,d
2015-09-18,IC,q2,IC1603,2016-03-18,6036.881,5280.0,-756.8810000000003,0.23079939355351667,-756.6502006064468,-25.13645407119246,1.0,p
2015-09-21,IC,current,IC1510,2015-10-16,6250.439,6170.2,-80.23900000000049,0.2389640495883966,-80.0000359504121,-18.686695844500147,1.0,y
2015-09-21,IC,current,IC1510,2015-10-16,6250.439,6170.2,-80.23900000000049,0.2389640495883966,-80.0000359504121,-18.686695844500147,1.0,d
2015-09-21,IC,current,IC1510,2015-10-16,6250.439,6170.2,-80.23900000000049,0.2389640495883966,-80.0000359504121,-18.686695844500147,1.0,p
2015-09-21,IC,next,IC1511,2015-11-20,6250.439,5984.8,-265.6390000000001,0.2389640495883966,-265.40003595041173,-25.830455834622253,1.0,y
2015-09-21,IC,next,IC1511,2015-11-20,6250.439,5984.8,-265.6390000000001,0.2389640495883966,-265.40003595041173,-25.830455834622253,1.0,d
2015-09-21,IC,next,IC1511,2015-11-20,6250.439,5984.8,-265.6390000000001,0.2389640495883966,-265.40003595041173,-25.830455834622253,1.0,p
2015-09-21,IC,q1,IC1512,2015-12-18,6250.439,5841.2,-409.2390000000005,0.2389640495883966,-409.0000359504121,-27.140823287099664,1.0,y
2015-09-21,IC,q1,IC1512,2015-12-18,6250.439,5841.2,-409.2390000000005,0.2389640495883966,-409.0000359504121,-27.140823287099664,1.0,d
2015-09-21,IC,q1,IC1512,2015-12-18,6250.439,5841.2,-409.2390000000005,0.2389640495883966,-409.0000359504121,-27.140823287099664,1.0,p
2015-09-21,IC,q2,IC1603,2016-03-18,6250.439,5583.4,-667.0390000000007,0.2389640495883966,-666.8000359504123,-21.753288864355575,1.0,y
2015-09-21,IC,q2,IC1603,2016-03-18,6250.439,5583.4,-667.0390000000007,0.2389640495883966,-666.8000359504123,-21.753288864355575,1.0,d
2015-09-21,IC,q2,IC1603,2016-03-18,6250.439,5583.4,-667.0390000000007,0.2389640495883966,-666.8000359504123,-21.753288864355575,1.0,p
2015-09-22,IC,current,IC1510,2015-10-16,6295.926,6077.8,-218.1260000000002,0.24070308867407159,-217.88529691132612,-52.63200717193549,1.0,y
2015-09-22,IC,current,IC1510,2015-10-16,6295.926,6077.8,-218.1260000000002,0.24070308867407159,-217.88529691132612,-52.63200717193549,1.0,d
2015-09-22,IC,current,IC1510,2015-10-16,6295.926,6077.8,-218.1260000000002,0.24070308867407159,-217.88529691132612,-52.63200717193549,1.0,p
2015-09-22,IC,next,IC1511,2015-11-20,6295.926,5918.0,-377.9260000000004,0.24070308867407159,-377.6852969113263,-37.11173994551292,1.0,y
2015-09-22,IC,next,IC1511,2015-11-20,6295.926,5918.0,-377.9260000000004,0.24070308867407159,-377.6852969113263,-37.11173994551292,1.0,d
2015-09-22,IC,next,IC1511,2015-11-20,6295.926,5918.0,-377.9260000000004,0.24070308867407159,-377.6852969113263,-37.11173994551292,1.0,p
2015-09-22,IC,q1,IC1512,2015-12-18,6295.926,5788.4,-507.52600000000075,0.24070308867407159,-507.28529691132667,-33.80385825428819,1.0,y
2015-09-22,IC,q1,IC1512,2015-12-18,6295.926,5788.4,-507.52600000000075,0.24070308867407159,-507.28529691132667,-33.80385825428819,1.0,d
2015-09-22,IC,q1,IC1512,2015-12-18,6295.926,5788.4,-507.52600000000075,0.24070308867407159,-507.28529691132667,-33.80385825428819,1.0,p
2015-09-22,IC,q2,IC1603,2016-03-18,6295.926,5600.0,-695.9260000000004,0.24070308867407159,-695.6852969113263,-22.658234755374917,1.0,y
2015-09-22,IC,q2,IC1603,2016-03-18,6295.926,5600.0,-695.9260000000004,0.24070308867407159,-695.6852969113263,-22.658234755374917,1.0,d
2015-09-22,IC,q2,IC1603,2016-03-18,6295.926,5600.0,-695.9260000000004,0.24070308867407159,-695.6852969113263,-22.658234755374917,1.0,p
2015-09-23,IC,current,IC1510,2015-10-16,6224.601,5980.4,-244.20100000000002,0.2379762224752506,-243.96302377752477,-62.198157222758766,1.0,y
2015-09-23,IC,current,IC1510,2015-10-16,6224.601,5980.4,-244.20100000000002,0.2379762224752506,-243.96302377752477,-62.198157222758766,1.0,d
2015-09-23,IC,current,IC1510,2015-10-16,6224.601,5980.4,-244.20100000000002,0.2379762224752506,-243.96302377752477,-62.198157222758766,1.0,p
2015-09-23,IC,next,IC1511,2015-11-20,6224.601,5762.0,-462.60099999999966,0.2379762224752506,-462.3630237775244,-46.74513819101968,1.0,y
2015-09-23,IC,next,IC1511,2015-11-20,6224.601,5762.0,-462.60099999999966,0.2379762224752506,-462.3630237775244,-46.74513819101968,1.0,d
2015-09-23,IC,next,IC1511,2015-11-20,6224.601,5762.0,-462.60099999999966,0.2379762224752506,-462.3630237775244,-46.74513819101968,1.0,p
2015-09-23,IC,q1,IC1512,2015-12-18,6224.601,5625.0,-599.6009999999997,0.2379762224752506,-599.3630237775244,-40.86700789836306,1.0,y
2015-09-23,IC,q1,IC1512,2015-12-18,6224.601,5625.0,-599.6009999999997,0.2379762224752506,-599.3630237775244,-40.86700789836306,1.0,d
2015-09-23,IC,q1,IC1512,2015-12-18,6224.601,5625.0,-599.6009999999997,0.2379762224752506,-599.3630237775244,-40.86700789836306,1.0,p
2015-09-23,IC,q2,IC1603,2016-03-18,6224.601,5449.2,-775.4009999999998,0.2379762224752506,-775.1630237775246,-25.68036121165294,1.0,y
2015-09-23,IC,q2,IC1603,2016-03-18,6224.601,5449.2,-775.4009999999998,0.2379762224752506,-775.1630237775246,-25.68036121165294,1.0,d
2015-09-23,IC,q2,IC1603,2016-03-18,6224.601,5449.2,-775.4009999999998,0.2379762224752506,-775.1630237775246,-25.68036121165294,1.0,p
2015-09-24,IC,current,IC1510,2015-10-16,6315.11,6100.0,-215.10999999999967,0.24143652297001522,-214.86856347702965,-56.44976577037658,1.0,y
2015-09-24,IC,current,IC1510,2015-10-16,6315.11,6100.0,-215.10999999999967,0.24143652297001522,-214.86856347702965,-56.44976577037658,1.0,d
2015-09-24,IC,current,IC1510,2015-10-16,6315.11,6100.0,-215.10999999999967,0.24143652297001522,-214.86856347702965,-56.44976577037658,1.0,p
2015-09-24,IC,next,IC1511,2015-11-20,6315.11,5869.6,-445.5099999999993,0.24143652297001522,-445.2685634770293,-45.15014231089798,1.0,y
2015-09-24,IC,next,IC1511,2015-11-20,6315.11,5869.6,-445.5099999999993,0.24143652297001522,-445.2685634770293,-45.15014231089798,1.0,d
2015-09-24,IC,next,IC1511,2015-11-20,6315.11,5869.6,-445.5099999999993,0.24143652297001522,-445.2685634770293,-45.15014231089798,1.0,p
2015-09-24,IC,q1,IC1512,2015-12-18,6315.11,5720.0,-595.1099999999997,0.24143652297001522,-594.8685634770296,-40.4495819725586,1.0,y
2015-09-24,IC,q1,IC1512,2015-12-18,6315.11,5720.0,-595.1099999999997,0.24143652297001522,-594.8685634770296,-40.4495819725586,1.0,d
2015-09-24,IC,q1,IC1512,2015-12-18,6315.11,5720.0,-595.1099999999997,0.24143652297001522,-594.8685634770296,-40.4495819725586,1.0,p
2015-09-24,IC,q2,IC1603,2016-03-18,6315.11,5511.6,-803.5099999999993,0.24143652297001522,-803.2685634770293,-26.379104465782326,1.0,y
2015-09-24,IC,q2,IC1603,2016-03-18,6315.11,5511.6,-803.5099999999993,0.24143652297001522,-803.2685634770293,-26.379104465782326,1.0,d
2015-09-24,IC,q2,IC1603,2016-03-18,6315.11,5511.6,-803.5099999999993,0.24143652297001522,-803.2685634770293,-26.379104465782326,1.0,p
2015-09-25,IC,current,IC1510,2015-10-16,6108.376,5787.4,-320.97600000000057,0.233532759117971,-320.7424672408826,-91.26500316390084,1.0,y
2015-09-25,IC,current,IC1510,2015-10-16,6108.376,5787.4,-320.97600000000057,0.233532759117971,-320.7424672408826,-91.26500316390084,1.0,d
2015-09-25,IC,current,IC1510,2015-10-16,6108.376,5787.4,-320.97600000000057,0.233532759117971,-320.7424672408826,-91.26500316390084,1.0,p
2015-09-25,IC,next,IC1511,2015-11-20,6108.376,5550.2,-558.1760000000004,0.233532759117971,-557.9424672408824,-59.534470297986275,1.0,y
2015-09-25,IC,next,IC1511,2015-11-20,6108.376,5550.2,-558.1760000000004,0.233532759117971,-557.9424672408824,-59.534470297986275,1.0,d
2015-09-25,IC,next,IC1511,2015-11-20,6108.376,5550.2,-558.1760000000004,0.233532759117971,-557.9424672408824,-59.534470297986275,1.0,p
2015-09-25,IC,q1,IC1512,2015-12-18,6108.376,5444.0,-664.3760000000002,0.233532759117971,-664.1424672408822,-47.24426180249054,1.0,y
2015-09-25,IC,q1,IC1512,2015-12-18,6108.376,5444.0,-664.3760000000002,0.233532759117971,-664.1424672408822,-47.24426180249054,1.0,d
2015-09-25,IC,q1,IC1512,2015-12-18,6108.376,5444.0,-664.3760000000002,0.233532759117971,-664.1424672408822,-47.24426180249054,1.0,p
2015-09-25,IC,q2,IC1603,2016-03-18,6108.376,5232.0,-876.3760000000002,0.233532759117971,-876.1424672408822,-29.91601794397183,1.0,y
2015-09-25,IC,q2,IC1603,2016-03-18,6108.376,5232.0,-876.3760000000002,0.233532759117971,-876.1424672408822,-29.91601794397183,1.0,d
2015-09-25,IC,q2,IC1603,2016-03-18,6108.376,5232.0,-876.3760000000002,0.233532759117971,-876.1424672408822,-29.91601794397183,1.0,p
2015-09-28,IC,current,IC1510,2015-10-16,6219.692,5994.4,-225.29200000000037,0.23778854373469663,-225.05421145626568,-73.37339675120835,1.0,y
2015-09-28,IC,current,IC1510,2015-10-16,6219.692,5994.4,-225.29200000000037,0.23778854373469663,-225.05421145626568,-73.37339675120835,1.0,d
2015-09-28,IC,current,IC1510,2015-10-16,6219.692,5994.4,-225.29200000000037,0.23778854373469663,-225.05421145626568,-73.37339675120835,1.0,p
2015-09-28,IC,next,IC1511,2015-11-20,6219.692,5768.4,-451.29200000000037,0.23778854373469663,-451.05421145626565,-49.943256664064435,1.0,y
2015-09-28,IC,next,IC1511,2015-11-20,6219.692,5768.4,-451.29200000000037,0.23778854373469663,-451.05421145626565,-49.943256664064435,1.0,d
2015-09-28,IC,next,IC1511,2015-11-20,6219.692,5768.4,-451.29200000000037,0.23778854373469663,-451.05421145626565,-49.943256664064435,1.0,p
2015-09-28,IC,q1,IC1512,2015-12-18,6219.692,5632.6,-587.0919999999996,0.23778854373469663,-586.8542114562649,-42.51764409578534,1.0,y
2015-09-28,IC,q1,IC1512,2015-12-18,6219.692,5632.6,-587.0919999999996,0.23778854373469663,-586.8542114562649,-42.51764409578534,1.0,d
2015-09-28,IC,q1,IC1512,2015-12-18,6219.692,5632.6,-587.0919999999996,0.23778854373469663,-586.8542114562649,-42.51764409578534,1.0,p
2015-09-28,IC,q2,IC1603,2016-03-18,6219.692,5362.0,-857.692,0.23778854373469663,-857.4542114562653,-29.255429366802343,1.0,y
2015-09-28,IC,q2,IC1603,2016-03-18,6219.692,5362.0,-857.692,0.23778854373469663,-857.4542114562653,-29.255429366802343,1.0,d
2015-09-28,IC,q2,IC1603,2016-03-18,6219.692,5362.0,-857.692,0.23778854373469663,-857.4542114562653,-29.255429366802343,1.0,p
2015-09-29,IC,current,IC1510,2015-10-16,6103.606,5914.0,-189.60599999999977,0.23335039456461135,-189.37264960543516,-66.61541034439202,1.0,y
2015-09-29,IC,current,IC1510,2015-10-16,6103.606,5914.0,-189.60599999999977,0.23335039456461135,-189.37264960543516,-66.61541034439202,1.0,d
2015-09-29,IC,current,IC1510,2015-10-16,6103.606,5914.0,-189.60599999999977,0.23335039456461135,-189.37264960543516,-66.61541034439202,1.0,p
2015-09-29,IC,next,IC1511,2015-11-20,6103.606,5671.0,-432.60599999999977,0.23335039456461135,-432.37264960543513,-49.72344882491275,1.0,y
2015-09-29,IC,next,IC1511,2015-11-20,6103.606,5671.0,-432.60599999999977,0.23335039456461135,-432.37264960543513,-49.72344882491275,1.0,d
2015-09-29,IC,next,IC1511,2015-11-20,6103.606,5671.0,-432.60599999999977,0.23335039456461135,-432.37264960543513,-49.72344882491275,1.0,p
2015-09-29,IC,q1,IC1512,2015-12-18,6103.606,5519.6,-584.0059999999994,0.23335039456461135,-583.7726496054348,-43.63752696069826,1.0,y
2015-09-29,IC,q1,IC1512,2015-12-18,6103.606,5519.6,-584.0059999999994,0.23335039456461135,-583.7726496054348,-43.63752696069826,1.0,d
2015-09-29,IC,q1,IC1512,2015-12-18,6103.606,5519.6,-584.0059999999994,0.23335039456461135,-583.7726496054348,-43.63752696069826,1.0,p
2015-09-29,IC,q2,IC1603,2016-03-18,6103.606,5274.0,-829.6059999999998,0.23335039456461135,-829.3726496054352,-29.00413862967282,1.0,y
2015-09-29,IC,q2,IC1603,2016-03-18,6103.606,5274.0,-829.6059999999998,0.23335039456461135,-829.3726496054352,-29.00413862967282,1.0,d
2015-09-29,IC,q2,IC1603,2016-03-18,6103.606,5274.0,-829.6059999999998,0.23335039456461135,-829.3726496054352,-29.00413862967282,1.0,p
2015-09-30,IC,current,IC1510,2015-10-16,6123.727,5917.8,-205.92699999999968,0.0,-205.92699999999968,-76.71324485072559,,y
2015-09-30,IC,current,IC1510,2015-10-16,6123.727,5917.8,-205.92699999999968,0.0,-205.92699999999968,-76.71324485072559,,d
2015-09-30,IC,current,IC1510,2015-10-16,6123.727,5917.8,-205.92699999999968,0.0,-205.92699999999968,-76.71324485072559,,p
2015-09-30,IC,next,IC1511,2015-11-20,6123.727,5700.0,-423.72699999999986,0.0,-423.72699999999986,-49.52141041545705,,y
2015-09-30,IC,next,IC1511,2015-11-20,6123.727,5700.0,-423.72699999999986,0.0,-423.72699999999986,-49.52141041545705,,d
2015-09-30,IC,next,IC1511,2015-11-20,6123.727,5700.0,-423.72699999999986,0.0,-423.72699999999986,-49.52141041545705,,p
2015-09-30,IC,q1,IC1512,2015-12-18,6123.727,5560.0,-563.7269999999999,0.0,-563.7269999999999,-42.53229211060849,,y
2015-09-30,IC,q1,IC1512,2015-12-18,6123.727,5560.0,-563.7269999999999,0.0,-563.7269999999999,-42.53229211060849,,d
2015-09-30,IC,q1,IC1512,2015-12-18,6123.727,5560.0,-563.7269999999999,0.0,-563.7269999999999,-42.53229211060849,,p
2015-09-30,IC,q2,IC1603,2016-03-18,6123.727,5289.8,-833.9269999999997,0.0,-833.9269999999997,-29.238571927347696,,y
2015-09-30,IC,q2,IC1603,2016-03-18,6123.727,5289.8,-833.9269999999997,0.0,-833.9269999999997,-29.238571927347696,,d
2015-09-30,IC,q2,IC1603,2016-03-18,6123.727,5289.8,-833.9269999999997,0.0,-833.9269999999997,-29.238571927347696,,p
2015-10-08,IC,current,IC1510,2015-10-16,6372.492,6195.2,-177.29200000000037,0.0,-177.29200000000037,,,y
2015-10-08,IC,current,IC1510,2015-10-16,6372.492,6195.2,-177.29200000000037,0.0,-177.29200000000037,,,d
2015-10-08,IC,current,IC1510,2015-10-16,6372.492,6195.2,-177.29200000000037,0.0,-177.29200000000037,,,p
2015-10-08,IC,next,IC1511,2015-11-20,6372.492,6005.6,-366.8919999999998,0.0,-366.8919999999998,-48.87123928838964,,y
2015-10-08,IC,next,IC1511,2015-11-20,6372.492,6005.6,-366.8919999999998,0.0,-366.8919999999998,-48.87123928838964,,d
2015-10-08,IC,next,IC1511,2015-11-20,6372.492,6005.6,-366.8919999999998,0.0,-366.8919999999998,-48.87123928838964,,p
2015-10-08,IC,q1,IC1512,2015-12-18,6372.492,5890.0,-482.4920000000002,0.0,-482.4920000000002,-38.92380908000058,,y
2015-10-08,IC,q1,IC1512,2015-12-18,6372.492,5890.0,-482.4920000000002,0.0,-482.4920000000002,-38.92380908000058,,d
2015-10-08,IC,q1,IC1512,2015-12-18,6372.492,5890.0,-482.4920000000002,0.0,-482.4920000000002,-38.92380908000058,,p
2015-10-08,IC,q2,IC1603,2016-03-18,6372.492,5594.2,-778.2920000000004,0.0,-778.2920000000004,-27.517635735007122,,y
2015-10-08,IC,q2,IC1603,2016-03-18,6372.492,5594.2,-778.2920000000004,0.0,-778.2920000000004,-27.517635735007122,,d
2015-10-08,IC,q2,IC1603,2016-03-18,6372.492,5594.2,-778.2920000000004,0.0,-778.2920000000004,-27.517635735007122,,p
2015-10-09,IC,current,IC1510,2015-10-16,6470.051,6406.8,-63.251000000000204,0.0,-63.251000000000204,,,y
2015-10-09,IC,current,IC1510,2015-10-16,6470.051,6406.8,-63.251000000000204,0.0,-63.251000000000204,,,d
2015-10-09,IC,current,IC1510,2015-10-16,6470.051,6406.8,-63.251000000000204,0.0,-63.251000000000204,,,p
2015-10-09,IC,next,IC1511,2015-11-20,6470.051,6157.0,-313.0510000000004,0.0,-313.0510000000004,-42.04854431448477,,y
2015-10-09,IC,next,IC1511,2015-11-20,6470.051,6157.0,-313.0510000000004,0.0,-313.0510000000004,-42.04854431448477,,d
2015-10-09,IC,next,IC1511,2015-11-20,6470.051,6157.0,-313.0510000000004,0.0,-313.0510000000004,-42.04854431448477,,p
2015-10-09,IC,q1,IC1512,2015-12-18,6470.051,6011.0,-459.0510000000004,0.0,-459.0510000000004,-36.99542818794742,,y
2015-10-09,IC,q1,IC1512,2015-12-18,6470.051,6011.0,-459.0510000000004,0.0,-459.0510000000004,-36.99542818794742,,d
2015-10-09,IC,q1,IC1512,2015-12-18,6470.051,6011.0,-459.0510000000004,0.0,-459.0510000000004,-36.99542818794742,,p
2015-10-09,IC,q2,IC1603,2016-03-18,6470.051,5748.0,-722.0510000000004,0.0,-722.0510000000004,-25.300386646946976,,y
2015-10-09,IC,q2,IC1603,2016-03-18,6470.051,5748.0,-722.0510000000004,0.0,-722.0510000000004,-25.300386646946976,,d
2015-10-09,IC,q2,IC1603,2016-03-18,6470.051,5748.0,-722.0510000000004,0.0,-722.0510000000004,-25.300386646946976,,p
2015-10-12,IC,current,IC1510,2015-10-16,6718.722,6642.6,-76.12199999999939,0.0,-76.12199999999939,,,y
2015-10-12,IC,current,IC1510,2015-10-16,6718.722,6642.6,-76.12199999999939,0.0,-76.12199999999939,,,d
2015-10-12,IC,current,IC1510,2015-10-16,6718.722,6642.6,-76.12199999999939,0.0,-76.12199999999939,,,p
2015-10-12,IC,next,IC1511,2015-11-20,6718.722,6467.8,-250.92199999999957,0.0,-250.92199999999957,-34.95266754752704,,y
2015-10-12,IC,next,IC1511,2015-11-20,6718.722,6467.8,-250.92199999999957,0.0,-250.92199999999957,-34.95266754752704,,d
2015-10-12,IC,next,IC1511,2015-11-20,6718.722,6467.8,-250.92199999999957,0.0,-250.92199999999957,-34.95266754752704,,p
2015-10-12,IC,q1,IC1512,2015-12-18,6718.722,6324.0,-394.72199999999975,0.0,-394.72199999999975,-32.005360454411566,,y
2015-10-12,IC,q1,IC1512,2015-12-18,6718.722,6324.0,-394.72199999999975,0.0,-394.72199999999975,-32.005360454411566,,d
2015-10-12,IC,q1,IC1512,2015-12-18,6718.722,6324.0,-394.72199999999975,0.0,-394.72199999999975,-32.005360454411566,,p
2015-10-12,IC,q2,IC1603,2016-03-18,6718.722,6039.0,-679.7219999999998,0.0,-679.7219999999998,-23.371168813942493,,y
2015-10-12,IC,q2,IC1603,2016-03-18,6718.722,6039.0,-679.7219999999998,0.0,-679.7219999999998,-23.371168813942493,,d
2015-10-12,IC,q2,IC1603,2016-03-18,6718.722,6039.0,-679.7219999999998,0.0,-679.7219999999998,-23.371168813942493,,p
2015-10-13,IC,current,IC1510,2015-10-16,6802.077,6688.6,-113.47699999999986,0.0,-113.47699999999986,,,y
2015-10-13,IC,current,IC1510,2015-10-16,6802.077,6688.6,-113.47699999999986,0.0,-113.47699999999986,,,d
2015-10-13,IC,current,IC1510,2015-10-16,6802.077,6688.6,-113.47699999999986,0.0,-113.47699999999986,,,p
2015-10-13,IC,next,IC1511,2015-11-20,6802.077,6491.0,-311.0770000000002,0.0,-311.0770000000002,-43.92741286769354,,y
2015-10-13,IC,next,IC1511,2015-11-20,6802.077,6491.0,-311.0770000000002,0.0,-311.0770000000002,-43.92741286769354,,d
2015-10-13,IC,next,IC1511,2015-11-20,6802.077,6491.0,-311.0770000000002,0.0,-311.0770000000002,-43.92741286769354,,p
2015-10-13,IC,q1,IC1512,2015-12-18,6802.077,6348.0,-454.0770000000002,0.0,-454.0770000000002,-36.91789153652495,,y
2015-10-13,IC,q1,IC1512,2015-12-18,6802.077,6348.0,-454.0770000000002,0.0,-454.0770000000002,-36.91789153652495,,d
2015-10-13,IC,q1,IC1512,2015-12-18,6802.077,6348.0,-454.0770000000002,0.0,-454.0770000000002,-36.91789153652495,,p
2015-10-13,IC,q2,IC1603,2016-03-18,6802.077,6055.0,-747.0770000000002,0.0,-747.0770000000002,-25.5338930108299,,y
2015-10-13,IC,q2,IC1603,2016-03-18,6802.077,6055.0,-747.0770000000002,0.0,-747.0770000000002,-25.5338930108299,,d
2015-10-13,IC,q2,IC1603,2016-03-18,6802.077,6055.0,-747.0770000000002,0.0,-747.0770000000002,-25.5338930108299,,p
2015-10-14,IC,current,IC1510,2015-10-16,6724.496,6645.2,-79.29600000000028,0.0,-79.29600000000028,,,y
2015-10-14,IC,current,IC1510,2015-10-16,6724.496,6645.2,-79.29600000000028,0.0,-79.29600000000028,,,d
2015-10-14,IC,current,IC1510,2015-10-16,6724.496,6645.2,-79.29600000000028,0.0,-79.29600000000028,,,p
2015-10-14,IC,next,IC1511,2015-11-20,6724.496,6400.0,-324.4960000000001,0.0,-324.4960000000001,-47.60370426555671,,y
2015-10-14,IC,next,IC1511,2015-11-20,6724.496,6400.0,-324.4960000000001,0.0,-324.4960000000001,-47.60370426555671,,d
2015-10-14,IC,next,IC1511,2015-11-20,6724.496,6400.0,-324.4960000000001,0.0,-324.4960000000001,-47.60370426555671,,p
2015-10-14,IC,q1,IC1512,2015-12-18,6724.496,6220.0,-504.4960000000001,0.0,-504.4960000000001,-42.12864543191159,,y
2015-10-14,IC,q1,IC1512,2015-12-18,6724.496,6220.0,-504.4960000000001,0.0,-504.4960000000001,-42.12864543191159,,d
2015-10-14,IC,q1,IC1512,2015-12-18,6724.496,6220.0,-504.4960000000001,0.0,-504.4960000000001,-42.12864543191159,,p
2015-10-14,IC,q2,IC1603,2016-03-18,6724.496,5933.0,-791.4960000000001,0.0,-791.4960000000001,-27.53957608581658,,y
2015-10-14,IC,q2,IC1603,2016-03-18,6724.496,5933.0,-791.4960000000001,0.0,-791.4960000000001,-27.53957608581658,,d
2015-10-14,IC,q2,IC1603,2016-03-18,6724.496,5933.0,-791.4960000000001,0.0,-791.4960000000001,-27.53957608581658,,p
2015-10-15,IC,current,IC1510,2015-10-16,6929.237,6954.8,25.563000000000102,0.0,25.563000000000102,,,y
2015-10-15,IC,current,IC1510,2015-10-16,6929.237,6954.8,25.563000000000102,0.0,25.563000000000102,,,d
2015-10-15,IC,current,IC1510,2015-10-16,6929.237,6954.8,25.563000000000102,0.0,25.563000000000102,,,p
2015-10-15,IC,next,IC1511,2015-11-20,6929.237,6814.0,-115.23700000000008,0.0,-115.23700000000008,-16.86152658494564,,y
2015-10-15,IC,next,IC1511,2015-11-20,6929.237,6814.0,-115.23700000000008,0.0,-115.23700000000008,-16.86152658494564,,d
2015-10-15,IC,next,IC1511,2015-11-20,6929.237,6814.0,-115.23700000000008,0.0,-115.23700000000008,-16.86152658494564,,p
2015-10-15,IC,q1,IC1512,2015-12-18,6929.237,6610.0,-319.2370000000001,0.0,-319.2370000000001,-26.27487724297784,,y
2015-10-15,IC,q1,IC1512,2015-12-18,6929.237,6610.0,-319.2370000000001,0.0,-319.2370000000001,-26.27487724297784,,d
2015-10-15,IC,q1,IC1512,2015-12-18,6929.237,6610.0,-319.2370000000001,0.0,-319.2370000000001,-26.27487724297784,,p
2015-10-15,IC,q2,IC1603,2016-03-18,6929.237,6299.8,-629.4369999999999,0.0,-629.4369999999999,-21.390848846752185,,y
2015-10-15,IC,q2,IC1603,2016-03-18,6929.237,6299.8,-629.4369999999999,0.0,-629.4369999999999,-21.390848846752185,,d
2015-10-15,IC,q2,IC1603,2016-03-18,6929.237,6299.8,-629.4369999999999,0.0,-629.4369999999999,-21.390848846752185,,p
2015-10-16,IC,current,IC1510,2015-10-16,7047.56,6979.8,-67.76000000000022,0.0,-67.76000000000022,,,y
2015-10-16,IC,current,IC1510,2015-10-16,7047.56,6979.8,-67.76000000000022,0.0,-67.76000000000022,,,d
2015-10-16,IC,current,IC1510,2015-10-16,7047.56,6979.8,-67.76000000000022,0.0,-67.76000000000022,,,p
2015-10-16,IC,next,IC1511,2015-11-20,7047.56,6779.0,-268.5600000000004,0.0,-268.5600000000004,-39.73995457799787,,y
2015-10-16,IC,next,IC1511,2015-11-20,7047.56,6779.0,-268.5600000000004,0.0,-268.5600000000004,-39.73995457799787,,d
2015-10-16,IC,next,IC1511,2015-11-20,7047.56,6779.0,-268.5600000000004,0.0,-268.5600000000004,-39.73995457799787,,p
2015-10-16,IC,q1,IC1512,2015-12-18,7047.56,6599.8,-447.7600000000002,0.0,-447.7600000000002,-36.809407502243054,,y
2015-10-16,IC,q1,IC1512,2015-12-18,7047.56,6599.8,-447.7600000000002,0.0,-447.7600000000002,-36.809407502243054,,d
2015-10-16,IC,q1,IC1512,2015-12-18,7047.56,6599.8,-447.7600000000002,0.0,-447.7600000000002,-36.809407502243054,,p
2015-10-16,IC,q2,IC1603,2016-03-18,7047.56,6280.0,-767.5600000000004,0.0,-767.5600000000004,-25.81342880538632,,y
2015-10-16,IC,q2,IC1603,2016-03-18,7047.56,6280.0,-767.5600000000004,0.0,-767.5600000000004,-25.81342880538632,,d
2015-10-16,IC,q2,IC1603,2016-03-18,7047.56,6280.0,-767.5600000000004,0.0,-767.5600000000004,-25.81342880538632,,p
2015-10-19,IC,current,IC1511,2015-11-20,7047.372,6685.0,-362.3720000000003,0.0,-362.3720000000003,-58.65031142105175,,y
2015-10-19,IC,current,IC1511,2015-11-20,7047.372,6685.0,-362.3720000000003,0.0,-362.3720000000003,-58.65031142105175,,d
2015-10-19,IC,current,IC1511,2015-11-20,7047.372,6685.0,-362.3720000000003,0.0,-362.3720000000003,-58.65031142105175,,p
2015-10-19,IC,next,IC1512,2015-12-18,7047.372,6492.0,-555.3720000000003,0.0,-555.3720000000003,-47.94004062791068,,y
2015-10-19,IC,next,IC1512,2015-12-18,7047.372,6492.0,-555.3720000000003,0.0,-555.3720000000003,-47.94004062791068,,d
2015-10-19,IC,next,IC1512,2015-12-18,7047.372,6492.0,-555.3720000000003,0.0,-555.3720000000003,-47.94004062791068,,p
2015-10-19,IC,q1,IC1512,2015-12-18,7047.372,6492.0,-555.3720000000003,0.0,-555.3720000000003,-47.94004062791068,,y
2015-10-19,IC,q1,IC1512,2015-12-18,7047.372,6492.0,-555.3720000000003,0.0,-555.3720000000003,-47.94004062791068,,d
2015-10-19,IC,q1,IC1512,2015-12-18,7047.372,6492.0,-555.3720000000003,0.0,-555.3720000000003,-47.94004062791068,,p
2015-10-19,IC,q2,IC1603,2016-03-18,7047.372,6083.0,-964.3720000000003,0.0,-964.3720000000003,-33.0775483512819,,y
2015-10-19,IC,q2,IC1603,2016-03-18,7047.372,6083.0,-964.3720000000003,0.0,-964.3720000000003,-33.0775483512819,,d
2015-10-19,IC,q2,IC1603,2016-03-18,7047.372,6083.0,-964.3720000000003,0.0,-964.3720000000003,-33.0775483512819,,p
2015-10-20,IC,current,IC1511,2015-11-20,7162.075,6850.0,-312.0749999999998,0.0,-312.0749999999998,-51.30400689203759,,y
2015-10-20,IC,current,IC1511,2015-11-20,7162.075,6850.0,-312.0749999999998,0.0,-312.0749999999998,-51.30400689203759,,d
2015-10-20,IC,current,IC1511,2015-11-20,7162.075,6850.0,-312.0749999999998,0.0,-312.0749999999998,-51.30400689203759,,p
2015-10-20,IC,next,IC1512,2015-12-18,7162.075,6609.8,-552.2749999999996,0.0,-552.2749999999996,-47.70428298256758,,y
2015-10-20,IC,next,IC1512,2015-12-18,7162.075,6609.8,-552.2749999999996,0.0,-552.2749999999996,-47.70428298256758,,d
2015-10-20,IC,next,IC1512,2015-12-18,7162.075,6609.8,-552.2749999999996,0.0,-552.2749999999996,-47.70428298256758,,p
2015-10-20,IC,q1,IC1512,2015-12-18,7162.075,6609.8,-552.2749999999996,0.0,-552.2749999999996,-47.70428298256758,,y
2015-10-20,IC,q1,IC1512,2015-12-18,7162.075,6609.8,-552.2749999999996,0.0,-552.2749999999996,-47.70428298256758,,d
2015-10-20,IC,q1,IC1512,2015-12-18,7162.075,6609.8,-552.2749999999996,0.0,-552.2749999999996,-47.70428298256758,,p
2015-10-20,IC,q2,IC1603,2016-03-18,7162.075,6308.8,-853.2749999999996,0.0,-853.2749999999996,-28.99023676797575,,y
2015-10-20,IC,q2,IC1603,2016-03-18,7162.075,6308.8,-853.2749999999996,0.0,-853.2749999999996,-28.99023676797575,,d
2015-10-20,IC,q2,IC1603,2016-03-18,7162.075,6308.8,-853.2749999999996,0.0,-853.2749999999996,-28.99023676797575,,p
2015-10-21,IC,current,IC1511,2015-11-20,6712.739,6478.8,-233.9389999999994,0.0,-233.9389999999994,-42.40084164352773,,y
2015-10-21,IC,current,IC1511,2015-11-20,6712.739,6478.8,-233.9389999999994,0.0,-233.9389999999994,-42.40084164352773,,d
2015-10-21,IC,current,IC1511,2015-11-20,6712.739,6478.8,-233.9389999999994,0.0,-233.9389999999994,-42.40084164352773,,p
2015-10-21,IC,next,IC1512,2015-12-18,6712.739,6268.0,-444.7389999999996,0.0,-444.7389999999996,-41.69368918533486,,y
2015-10-21,IC,next,IC1512,2015-12-18,6712.739,6268.0,-444.7389999999996,0.0,-444.7389999999996,-41.69368918533486,,d
2015-10-21,IC,next,IC1512,2015-12-18,6712.739,6268.0,-444.7389999999996,0.0,-444.7389999999996,-41.69368918533486,,p
2015-10-21,IC,q1,IC1512,2015-12-18,6712.739,6268.0,-444.7389999999996,0.0,-444.7389999999996,-41.69368918533486,,y
2015-10-21,IC,q1,IC1512,2015-12-18,6712.739,6268.0,-444.7389999999996,0.0,-444.7389999999996,-41.69368918533486,,d
2015-10-21,IC,q1,IC1512,2015-12-18,6712.739,6268.0,-444.7389999999996,0.0,-444.7389999999996,-41.69368918533486,,p
2015-10-21,IC,q2,IC1603,2016-03-18,6712.739,5980.2,-732.5389999999998,0.0,-732.5389999999998,-26.732377521956742,,y
2015-10-21,IC,q2,IC1603,2016-03-18,6712.739,5980.2,-732.5389999999998,0.0,-732.5389999999998,-26.732377521956742,,d
2015-10-21,IC,q2,IC1603,2016-03-18,6712.739,5980.2,-732.5389999999998,0.0,-732.5389999999998,-26.732377521956742,,p
2015-10-22,IC,current,IC1511,2015-11-20,6964.298,6666.2,-298.09799999999996,0.0,-298.09799999999996,-53.87367260057331,,y
2015-10-22,IC,current,IC1511,2015-11-20,6964.298,6666.2,-298.09799999999996,0.0,-298.09799999999996,-53.87367260057331,,d
2015-10-22,IC,current,IC1511,2015-11-20,6964.298,6666.2,-298.09799999999996,0.0,-298.09799999999996,-53.87367260057331,,p
2015-10-22,IC,next,IC1512,2015-12-18,6964.298,6458.2,-506.09799999999996,0.0,-506.09799999999996,-46.53452483590076,,y
2015-10-22,IC,next,IC1512,2015-12-18,6964.298,6458.2,-506.09799999999996,0.0,-506.09799999999996,-46.53452483590076,,d
2015-10-22,IC,next,IC1512,2015-12-18,6964.298,6458.2,-506.09799999999996,0.0,-506.09799999999996,-46.53452483590076,,p
2015-10-22,IC,q1,IC1512,2015-12-18,6964.298,6458.2,-506.09799999999996,0.0,-506.09799999999996,-46.53452483590076,,y
2015-10-22,IC,q1,IC1512,2015-12-18,6964.298,6458.2,-506.09799999999996,0.0,-506.09799999999996,-46.53452483590076,,d
2015-10-22,IC,q1,IC1512,2015-12-18,6964.298,6458.2,-506.09799999999996,0.0,-506.09799999999996,-46.53452483590076,,p
2015-10-22,IC,q2,IC1603,2016-03-18,6964.298,6145.8,-818.4979999999996,0.0,-818.4979999999996,-28.98487457803413,,y
2015-10-22,IC,q2,IC1603,2016-03-18,6964.298,6145.8,-818.4979999999996,0.0,-818.4979999999996,-28.98487457803413,,d
2015-10-22,IC,q2,IC1603,2016-03-18,6964.298,6145.8,-818.4979999999996,0.0,-818.4979999999996,-28.98487457803413,,p
2015-10-23,IC,current,IC1511,2015-11-20,7138.234,6908.0,-230.23400000000038,0.0,-230.23400000000038,-42.0449181528253,,y
2015-10-23,IC,current,IC1511,2015-11-20,7138.234,6908.0,-230.23400000000038,0.0,-230.23400000000038,-42.0449181528253,,d
2015-10-23,IC,current,IC1511,2015-11-20,7138.234,6908.0,-230.23400000000038,0.0,-230.23400000000038,-42.0449181528253,,p
2015-10-23,IC,next,IC1512,2015-12-18,7138.234,6697.0,-441.2340000000004,0.0,-441.2340000000004,-40.28867894456011,,y
2015-10-23,IC,next,IC1512,2015-12-18,7138.234,6697.0,-441.2340000000004,0.0,-441.2340000000004,-40.28867894456011,,d
2015-10-23,IC,next,IC1512,2015-12-18,7138.234,6697.0,-441.2340000000004,0.0,-441.2340000000004,-40.28867894456011,,p
2015-10-23,IC,q1,IC1512,2015-12-18,7138.234,6697.0,-441.2340000000004,0.0,-441.2340000000004,-40.28867894456011,,y
2015-10-23,IC,q1,IC1512,2015-12-18,7138.234,6697.0,-441.2340000000004,0.0,-441.2340000000004,-40.28867894456011,,d
2015-10-23,IC,q1,IC1512,2015-12-18,7138.234,6697.0,-441.2340000000004,0.0,-441.2340000000004,-40.28867894456011,,p
2015-10-23,IC,q2,IC1603,2016-03-18,7138.234,6360.0,-778.2340000000004,0.0,-778.2340000000004,-27.070417247335364,,y
2015-10-23,IC,q2,IC1603,2016-03-18,7138.234,6360.0,-778.2340000000004,0.0,-778.2340000000004,-27.070417247335364,,d
2015-10-23,IC,q2,IC1603,2016-03-18,7138.234,6360.0,-778.2340000000004,0.0,-778.2340000000004,-27.070417247335364,,p
2015-10-26,IC,current,IC1511,2015-11-20,7186.755,6865.0,-321.7550000000001,0.0,-321.7550000000001,-65.36500826868318,,y
2015-10-26,IC,current,IC1511,2015-11-20,7186.755,6865.0,-321.7550000000001,0.0,-321.7550000000001,-65.36500826868318,,d
2015-10-26,IC,current,IC1511,2015-11-20,7186.755,6865.0,-321.7550000000001,0.0,-321.7550000000001,-65.36500826868318,,p
2015-10-26,IC,next,IC1512,2015-12-18,7186.755,6639.0,-547.7550000000001,0.0,-547.7550000000001,-52.4892667135585,,y
2015-10-26,IC,next,IC1512,2015-12-18,7186.755,6639.0,-547.7550000000001,0.0,-547.7550000000001,-52.4892667135585,,d
2015-10-26,IC,next,IC1512,2015-12-18,7186.755,6639.0,-547.7550000000001,0.0,-547.7550000000001,-52.4892667135585,,p
2015-10-26,IC,q1,IC1512,2015-12-18,7186.755,6639.0,-547.7550000000001,0.0,-547.7550000000001,-52.4892667135585,,y
2015-10-26,IC,q1,IC1512,2015-12-18,7186.755,6639.0,-547.7550000000001,0.0,-547.7550000000001,-52.4892667135585,,d
2015-10-26,IC,q1,IC1512,2015-12-18,7186.755,6639.0,-547.7550000000001,0.0,-547.7550000000001,-52.4892667135585,,p
2015-10-26,IC,q2,IC1603,2016-03-18,7186.755,6302.0,-884.7550000000001,0.0,-884.7550000000001,-31.204739269979605,,y
2015-10-26,IC,q2,IC1603,2016-03-18,7186.755,6302.0,-884.7550000000001,0.0,-884.7550000000001,-31.204739269979605,,d
2015-10-26,IC,q2,IC1603,2016-03-18,7186.755,6302.0,-884.7550000000001,0.0,-884.7550000000001,-31.204739269979605,,p
2015-10-27,IC,current,IC1511,2015-11-20,7231.436,6903.4,-328.03600000000006,0.0,-328.03600000000006,-68.9887988130343,,y
2015-10-27,IC,current,IC1511,2015-11-20,7231.436,6903.4,-328.03600000000006,0.0,-328.03600000000006,-68.9887988130343,,d
2015-10-27,IC,current,IC1511,2015-11-20,7231.436,6903.4,-328.03600000000006,0.0,-328.03600000000006,-68.9887988130343,,p
2015-10-27,IC,next,IC1512,2015-12-18,7231.436,6684.4,-547.0360000000001,0.0,-547.0360000000001,-53.098332379307834,,y
2015-10-27,IC,next,IC1512,2015-12-18,7231.436,6684.4,-547.0360000000001,0.0,-547.0360000000001,-53.098332379307834,,d
2015-10-27,IC,next,IC1512,2015-12-18,7231.436,6684.4,-547.0360000000001,0.0,-547.0360000000001,-53.098332379307834,,p
2015-10-27,IC,q1,IC1512,2015-12-18,7231.436,6684.4,-547.0360000000001,0.0,-547.0360000000001,-53.098332379307834,,y
2015-10-27,IC,q1,IC1512,2015-12-18,7231.436,6684.4,-547.0360000000001,0.0,-547.0360000000001,-53.098332379307834,,d
2015-10-27,IC,q1,IC1512,2015-12-18,7231.436,6684.4,-547.0360000000001,0.0,-547.0360000000001,-53.098332379307834,,p
2015-10-27,IC,q2,IC1603,2016-03-18,7231.436,6319.8,-911.6359999999995,0.0,-911.6359999999995,-32.17760728191573,,y
2015-10-27,IC,q2,IC1603,2016-03-18,7231.436,6319.8,-911.6359999999995,0.0,-911.6359999999995,-32.17760728191573,,d
2015-10-27,IC,q2,IC1603,2016-03-18,7231.436,6319.8,-911.6359999999995,0.0,-911.6359999999995,-32.17760728191573,,p
2015-10-28,IC,current,IC1511,2015-11-20,7048.895,6683.4,-365.4950000000008,0.0,-365.4950000000008,-82.28590068557479,,y
2015-10-28,IC,current,IC1511,2015-11-20,7048.895,6683.4,-365.4950000000008,0.0,-365.4950000000008,-82.28590068557479,,d
2015-10-28,IC,current,IC1511,2015-11-20,7048.895,6683.4,-365.4950000000008,0.0,-365.4950000000008,-82.28590068557479,,p
2015-10-28,IC,next,IC1512,2015-12-18,7048.895,6462.0,-586.8950000000004,0.0,-586.8950000000004,-59.58844557599902,,y
2015-10-28,IC,next,IC1512,2015-12-18,7048.895,6462.0,-586.8950000000004,0.0,-586.8950000000004,-59.58844557599902,,d
2015-10-28,IC,next,IC1512,2015-12-18,7048.895,6462.0,-586.8950000000004,0.0,-586.8950000000004,-59.58844557599902,,p
2015-10-28,IC,q1,IC1512,2015-12-18,7048.895,6462.0,-586.8950000000004,0.0,-586.8950000000004,-59.58844557599902,,y
2015-10-28,IC,q1,IC1512,2015-12-18,7048.895,6462.0,-586.8950000000004,0.0,-586.8950000000004,-59.58844557599902,,d
2015-10-28,IC,q1,IC1512,2015-12-18,7048.895,6462.0,-586.8950000000004,0.0,-586.8950000000004,-59.58844557599902,,p
2015-10-28,IC,q2,IC1603,2016-03-18,7048.895,6115.4,-933.4950000000008,0.0,-933.4950000000008,-34.040464278543574,,y
2015-10-28,IC,q2,IC1603,2016-03-18,7048.895,6115.4,-933.4950000000008,0.0,-933.4950000000008,-34.040464278543574,,d
2015-10-28,IC,q2,IC1603,2016-03-18,7048.895,6115.4,-933.4950000000008,0.0,-933.4950000000008,-34.040464278543574,,p
2015-10-29,IC,current,IC1511,2015-11-20,7108.975,6782.0,-326.97500000000036,0.0,-326.97500000000036,-76.30934839410753,,y
2015-10-29,IC,current,IC1511,2015-11-20,7108.975,6782.0,-326.97500000000036,0.0,-326.97500000000036,-76.30934839410753,,d
2015-10-29,IC,current,IC1511,2015-11-20,7108.975,6782.0,-326.97500000000036,0.0,-326.97500000000036,-76.30934839410753,,p
2015-10-29,IC,next,IC1512,2015-12-18,7108.975,6521.0,-587.9750000000004,0.0,-587.9750000000004,-60.37744541231335,,y
2015-10-29,IC,next,IC1512,2015-12-18,7108.975,6521.0,-587.9750000000004,0.0,-587.9750000000004,-60.37744541231335,,d
2015-10-29,IC,next,IC1512,2015-12-18,7108.975,6521.0,-587.9750000000004,0.0,-587.9750000000004,-60.37744541231335,,p
2015-10-29,IC,q1,IC1512,2015-12-18,7108.975,6521.0,-587.9750000000004,0.0,-587.9750000000004,-60.37744541231335,,y
2015-10-29,IC,q1,IC1512,2015-12-18,7108.975,6521.0,-587.9750000000004,0.0,-587.9750000000004,-60.37744541231335,,d
2015-10-29,IC,q1,IC1512,2015-12-18,7108.975,6521.0,-587.9750000000004,0.0,-587.9750000000004,-60.37744541231335,,p
2015-10-29,IC,q2,IC1603,2016-03-18,7108.975,6105.0,-1003.9750000000004,0.0,-1003.9750000000004,-36.55860902431821,,y
2015-10-29,IC,q2,IC1603,2016-03-18,7108.975,6105.0,-1003.9750000000004,0.0,-1003.9750000000004,-36.55860902431821,,d
2015-10-29,IC,q2,IC1603,2016-03-18,7108.975,6105.0,-1003.9750000000004,0.0,-1003.9750000000004,-36.55860902431821,,p
2015-10-30,IC,current,IC1511,2015-11-20,7084.971,6783.8,-301.17099999999937,0.0,-301.17099999999937,-73.88370128154087,,y
2015-10-30,IC,current,IC1511,2015-11-20,7084.971,6783.8,-301.17099999999937,0.0,-301.17099999999937,-73.88370128154087,,d
2015-10-30,IC,current,IC1511,2015-11-20,7084.971,6783.8,-301.17099999999937,0.0,-301.17099999999937,-73.88370128154087,,p
2015-10-30,IC,next,IC1512,2015-12-18,7084.971,6529.4,-555.5709999999999,0.0,-555.5709999999999,-58.411488781200745,,y
2015-10-30,IC,next,IC1512,2015-12-18,7084.971,6529.4,-555.5709999999999,0.0,-555.5709999999999,-58.411488781200745,,d
2015-10-30,IC,next,IC1512,2015-12-18,7084.971,6529.4,-555.5709999999999,0.0,-555.5709999999999,-58.411488781200745,,p
2015-10-30,IC,q1,IC1512,2015-12-18,7084.971,6529.4,-555.5709999999999,0.0,-555.5709999999999,-58.411488781200745,,y
2015-10-30,IC,q1,IC1512,2015-12-18,7084.971,6529.4,-555.5709999999999,0.0,-555.5709999999999,-58.411488781200745,,d
2015-10-30,IC,q1,IC1512,2015-12-18,7084.971,6529.4,-555.5709999999999,0.0,-555.5709999999999,-58.411488781200745,,p
2015-10-30,IC,q2,IC1603,2016-03-18,7084.971,6115.0,-969.9709999999995,0.0,-969.9709999999995,-35.69320134529433,,y
2015-10-30,IC,q2,IC1603,2016-03-18,7084.971,6115.0,-969.9709999999995,0.0,-969.9709999999995,-35.69320134529433,,d
2015-10-30,IC,q2,IC1603,2016-03-18,7084.971,6115.0,-969.9709999999995,0.0,-969.9709999999995,-35.69320134529433,,p
2015-11-02,IC,current,IC1511,2015-11-20,6936.432,6668.8,-267.6319999999996,0.0,-267.6319999999996,-78.23881531920466,,y
2015-11-02,IC,current,IC1511,2015-11-20,6936.432,6668.8,-267.6319999999996,0.0,-267.6319999999996,-78.23881531920466,,d
2015-11-02,IC,current,IC1511,2015-11-20,6936.432,6668.8,-267.6319999999996,0.0,-267.6319999999996,-78.23881531920466,,p
2015-11-02,IC,next,IC1512,2015-12-18,6936.432,6406.4,-530.0320000000002,0.0,-530.0320000000002,-60.631873788313285,,y
2015-11-02,IC,next,IC1512,2015-12-18,6936.432,6406.4,-530.0320000000002,0.0,-530.0320000000002,-60.631873788313285,,d
2015-11-02,IC,next,IC1512,2015-12-18,6936.432,6406.4,-530.0320000000002,0.0,-530.0320000000002,-60.631873788313285,,p
2015-11-02,IC,q1,IC1512,2015-12-18,6936.432,6406.4,-530.0320000000002,0.0,-530.0320000000002,-60.631873788313285,,y
2015-11-02,IC,q1,IC1512,2015-12-18,6936.432,6406.4,-530.0320000000002,0.0,-530.0320000000002,-60.631873788313285,,d
2015-11-02,IC,q1,IC1512,2015-12-18,6936.432,6406.4,-530.0320000000002,0.0,-530.0320000000002,-60.631873788313285,,p
2015-11-02,IC,q2,IC1603,2016-03-18,6936.432,6022.2,-914.232,0.0,-914.232,-35.11499271153924,,y
2015-11-02,IC,q2,IC1603,2016-03-18,6936.432,6022.2,-914.232,0.0,-914.232,-35.11499271153924,,d
2015-11-02,IC,q2,IC1603,2016-03-18,6936.432,6022.2,-914.232,0.0,-914.232,-35.11499271153924,,p
2015-11-03,IC,current,IC1511,2015-11-20,6920.103,6656.2,-263.90300000000025,0.0,-263.90300000000025,-81.87959987096765,,y
2015-11-03,IC,current,IC1511,2015-11-20,6920.103,6656.2,-263.90300000000025,0.0,-263.90300000000025,-81.87959987096765,,d
2015-11-03,IC,current,IC1511,2015-11-20,6920.103,6656.2,-263.90300000000025,0.0,-263.90300000000025,-81.87959987096765,,p
2015-11-03,IC,next,IC1512,2015-12-18,6920.103,6384.6,-535.5029999999997,0.0,-535.5029999999997,-62.766758433123485,,y
2015-11-03,IC,next,IC1512,2015-12-18,6920.103,6384.6,-535.5029999999997,0.0,-535.5029999999997,-62.766758433123485,,d
2015-11-03,IC,next,IC1512,2015-12-18,6920.103,6384.6,-535.5029999999997,0.0,-535.5029999999997,-62.766758433123485,,p
2015-11-03,IC,q1,IC1512,2015-12-18,6920.103,6384.6,-535.5029999999997,0.0,-535.5029999999997,-62.766758433123485,,y
2015-11-03,IC,q1,IC1512,2015-12-18,6920.103,6384.6,-535.5029999999997,0.0,-535.5029999999997,-62.766758433123485,,d
2015-11-03,IC,q1,IC1512,2015-12-18,6920.103,6384.6,-535.5029999999997,0.0,-535.5029999999997,-62.766758433123485,,p
2015-11-03,IC,q2,IC1603,2016-03-18,6920.103,5968.8,-951.3029999999999,0.0,-951.3029999999999,-36.89438401422637,,y
2015-11-03,IC,q2,IC1603,2016-03-18,6920.103,5968.8,-951.3029999999999,0.0,-951.3029999999999,-36.89438401422637,,d
2015-11-03,IC,q2,IC1603,2016-03-18,6920.103,5968.8,-951.3029999999999,0.0,-951.3029999999999,-36.89438401422637,,p
2015-11-04,IC,current,IC1511,2015-11-20,7267.988,7090.6,-177.38799999999992,0.0,-177.38799999999992,-55.67790907194671,,y
2015-11-04,IC,current,IC1511,2015-11-20,7267.988,7090.6,-177.38799999999992,0.0,-177.38799999999992,-55.67790907194671,,d
2015-11-04,IC,current,IC1511,2015-11-20,7267.988,7090.6,-177.38799999999992,0.0,-177.38799999999992,-55.67790907194671,,p
2015-11-04,IC,next,IC1512,2015-12-18,7267.988,6826.0,-441.9880000000003,0.0,-441.9880000000003,-50.447130122344255,,y
2015-11-04,IC,next,IC1512,2015-12-18,7267.988,6826.0,-441.9880000000003,0.0,-441.9880000000003,-50.447130122344255,,d
2015-11-04,IC,next,IC1512,2015-12-18,7267.988,6826.0,-441.9880000000003,0.0,-441.9880000000003,-50.447130122344255,,p
2015-11-04,IC,q1,IC1512,2015-12-18,7267.988,6826.0,-441.9880000000003,0.0,-441.9880000000003,-50.447130122344255,,y
2015-11-04,IC,q1,IC1512,2015-12-18,7267.988,6826.0,-441.9880000000003,0.0,-441.9880000000003,-50.447130122344255,,d
2015-11-04,IC,q1,IC1512,2015-12-18,7267.988,6826.0,-441.9880000000003,0.0,-441.9880000000003,-50.447130122344255,,p
2015-11-04,IC,q2,IC1603,2016-03-18,7267.988,6428.0,-839.9880000000003,0.0,-839.9880000000003,-31.247694226609447,,y
2015-11-04,IC,q2,IC1603,2016-03-18,7267.988,6428.0,-839.9880000000003,0.0,-839.9880000000003,-31.247694226609447,,d
2015-11-04,IC,q2,IC1603,2016-03-18,7267.988,6428.0,-839.9880000000003,0.0,-839.9880000000003,-31.247694226609447,,p
2015-11-05,IC,current,IC1511,2015-11-20,7276.451,7066.4,-210.05100000000039,0.0,-210.05100000000039,-70.2435981497025,,y
2015-11-05,IC,current,IC1511,2015-11-20,7276.451,7066.4,-210.05100000000039,0.0,-210.05100000000039,-70.2435981497025,,d
2015-11-05,IC,current,IC1511,2015-11-20,7276.451,7066.4,-210.05100000000039,0.0,-210.05100000000039,-70.2435981497025,,p
2015-11-05,IC,next,IC1512,2015-12-18,7276.451,6797.4,-479.0510000000004,0.0,-479.0510000000004,-55.88387992353535,,y
2015-11-05,IC,next,IC1512,2015-12-18,7276.451,6797.4,-479.0510000000004,0.0,-479.0510000000004,-55.88387992353535,,d
2015-11-05,IC,next,IC1512,2015-12-18,7276.451,6797.4,-479.0510000000004,0.0,-479.0510000000004,-55.88387992353535,,p
2015-11-05,IC,q1,IC1512,2015-12-18,7276.451,6797.4,-479.0510000000004,0.0,-479.0510000000004,-55.88387992353535,,y
2015-11-05,IC,q1,IC1512,2015-12-18,7276.451,6797.4,-479.0510000000004,0.0,-479.0510000000004,-55.88387992353535,,d
2015-11-05,IC,q1,IC1512,2015-12-18,7276.451,6797.4,-479.0510000000004,0.0,-479.0510000000004,-55.88387992353535,,p
2015-11-05,IC,q2,IC1603,2016-03-18,7276.451,6358.0,-918.451,0.0,-918.451,-34.38147055767922,,y
2015-11-05,IC,q2,IC1603,2016-03-18,7276.451,6358.0,-918.451,0.0,-918.451,-34.38147055767922,,d
2015-11-05,IC,q2,IC1603,2016-03-18,7276.451,6358.0,-918.451,0.0,-918.451,-34.38147055767922,,p
2015-11-06,IC,current,IC1511,2015-11-20,7446.847,7293.8,-153.04699999999957,0.0,-153.04699999999957,-53.581790099506776,,y
2015-11-06,IC,current,IC1511,2015-11-20,7446.847,7293.8,-153.04699999999957,0.0,-153.04699999999957,-53.581790099506776,,d
2015-11-06,IC,current,IC1511,2015-11-20,7446.847,7293.8,-153.04699999999957,0.0,-153.04699999999957,-53.581790099506776,,p
2015-11-06,IC,next,IC1512,2015-12-18,7446.847,7072.4,-374.4470000000001,0.0,-374.4470000000001,-43.69799376964828,,y
2015-11-06,IC,next,IC1512,2015-12-18,7446.847,7072.4,-374.4470000000001,0.0,-374.4470000000001,-43.69799376964828,,d
2015-11-06,IC,next,IC1512,2015-12-18,7446.847,7072.4,-374.4470000000001,0.0,-374.4470000000001,-43.69799376964828,,p
2015-11-06,IC,q1,IC1512,2015-12-18,7446.847,7072.4,-374.4470000000001,0.0,-374.4470000000001,-43.69799376964828,,y
2015-11-06,IC,q1,IC1512,2015-12-18,7446.847,7072.4,-374.4470000000001,0.0,-374.4470000000001,-43.69799376964828,,d
2015-11-06,IC,q1,IC1512,2015-12-18,7446.847,7072.4,-374.4470000000001,0.0,-374.4470000000001,-43.69799376964828,,p
2015-11-06,IC,q2,IC1603,2016-03-18,7446.847,6650.0,-796.8469999999998,0.0,-796.8469999999998,-29.365928316772166,,y
2015-11-06,IC,q2,IC1603,2016-03-18,7446.847,6650.0,-796.8469999999998,0.0,-796.8469999999998,-29.365928316772166,,d
2015-11-06,IC,q2,IC1603,2016-03-18,7446.847,6650.0,-796.8469999999998,0.0,-796.8469999999998,-29.365928316772166,,p
2015-11-09,IC,current,IC1511,2015-11-20,7543.801,7353.8,-190.0010000000002,0.0,-190.0010000000002,-83.57297119003594,,y
2015-11-09,IC,current,IC1511,2015-11-20,7543.801,7353.8,-190.0010000000002,0.0,-190.0010000000002,-83.57297119003594,,d
2015-11-09,IC,current,IC1511,2015-11-20,7543.801,7353.8,-190.0010000000002,0.0,-190.0010000000002,-83.57297119003594,,p
2015-11-09,IC,next,IC1512,2015-12-18,7543.801,7170.0,-373.8010000000004,0.0,-373.8010000000004,-46.37442019426252,,y
2015-11-09,IC,next,IC1512,2015-12-18,7543.801,7170.0,-373.8010000000004,0.0,-373.8010000000004,-46.37442019426252,,d
2015-11-09,IC,next,IC1512,2015-12-18,7543.801,7170.0,-373.8010000000004,0.0,-373.8010000000004,-46.37442019426252,,p
2015-11-09,IC,q1,IC1512,2015-12-18,7543.801,7170.0,-373.8010000000004,0.0,-373.8010000000004,-46.37442019426252,,y
2015-11-09,IC,q1,IC1512,2015-12-18,7543.801,7170.0,-373.8010000000004,0.0,-373.8010000000004,-46.37442019426252,,d
2015-11-09,IC,q1,IC1512,2015-12-18,7543.801,7170.0,-373.8010000000004,0.0,-373.8010000000004,-46.37442019426252,,p
2015-11-09,IC,q2,IC1603,2016-03-18,7543.801,6858.6,-685.201,0.0,-685.201,-25.50217823777532,,y
2015-11-09,IC,q2,IC1603,2016-03-18,7543.801,6858.6,-685.201,0.0,-685.201,-25.50217823777532,,d
2015-11-09,IC,q2,IC1603,2016-03-18,7543.801,6858.6,-685.201,0.0,-685.201,-25.50217823777532,,p
2015-11-10,IC,current,IC1511,2015-11-20,7575.008,7394.0,-181.0079999999998,0.0,-181.0079999999998,-87.21828412590447,,y
2015-11-10,IC,current,IC1511,2015-11-20,7575.008,7394.0,-181.0079999999998,0.0,-181.0079999999998,-87.21828412590447,,d
2015-11-10,IC,current,IC1511,2015-11-20,7575.008,7394.0,-181.0079999999998,0.0,-181.0079999999998,-87.21828412590447,,p
2015-11-10,IC,next,IC1512,2015-12-18,7575.008,7160.2,-414.808,0.0,-414.808,-52.59849230522264,,y
2015-11-10,IC,next,IC1512,2015-12-18,7575.008,7160.2,-414.808,0.0,-414.808,-52.59849230522264,,d
2015-11-10,IC,next,IC1512,2015-12-18,7575.008,7160.2,-414.808,0.0,-414.808,-52.59849230522264,,p
2015-11-10,IC,q1,IC1512,2015-12-18,7575.008,7160.2,-414.808,0.0,-414.808,-52.59849230522264,,y
2015-11-10,IC,q1,IC1512,2015-12-18,7575.008,7160.2,-414.808,0.0,-414.808,-52.59849230522264,,d
2015-11-10,IC,q1,IC1512,2015-12-18,7575.008,7160.2,-414.808,0.0,-414.808,-52.59849230522264,,p
2015-11-10,IC,q2,IC1603,2016-03-18,7575.008,6830.2,-744.808,0.0,-744.808,-27.820465412315805,,y
2015-11-10,IC,q2,IC1603,2016-03-18,7575.008,6830.2,-744.808,0.0,-744.808,-27.820465412315805,,d
2015-11-10,IC,q2,IC1603,2016-03-18,7575.008,6830.2,-744.808,0.0,-744.808,-27.820465412315805,,p
2015-11-11,IC,current,IC1511,2015-11-20,7684.666,7545.0,-139.66600000000017,0.0,-139.66600000000017,-73.70824213078654,,y
2015-11-11,IC,current,IC1511,2015-11-20,7684.666,7545.0,-139.66600000000017,0.0,-139.66600000000017,-73.70824213078654,,d
2015-11-11,IC,current,IC1511,2015-11-20,7684.666,7545.0,-139.66600000000017,0.0,-139.66600000000017,-73.70824213078654,,p
2015-11-11,IC,next,IC1512,2015-12-18,7684.666,7319.0,-365.66600000000017,0.0,-365.66600000000017,-46.94082573888933,,y
2015-11-11,IC,next,IC1512,2015-12-18,7684.666,7319.0,-365.66600000000017,0.0,-365.66600000000017,-46.94082573888933,,d
2015-11-11,IC,next,IC1512,2015-12-18,7684.666,7319.0,-365.66600000000017,0.0,-365.66600000000017,-46.94082573888933,,p
2015-11-11,IC,q1,IC1512,2015-12-18,7684.666,7319.0,-365.66600000000017,0.0,-365.66600000000017,-46.94082573888933,,y
2015-11-11,IC,q1,IC1512,2015-12-18,7684.666,7319.0,-365.66600000000017,0.0,-365.66600000000017,-46.94082573888933,,d
2015-11-11,IC,q1,IC1512,2015-12-18,7684.666,7319.0,-365.66600000000017,0.0,-365.66600000000017,-46.94082573888933,,p
2015-11-11,IC,q2,IC1603,2016-03-18,7684.666,6965.0,-719.6660000000002,0.0,-719.6660000000002,-26.704772570792283,,y
2015-11-11,IC,q2,IC1603,2016-03-18,7684.666,6965.0,-719.6660000000002,0.0,-719.6660000000002,-26.704772570792283,,d
2015-11-11,IC,q2,IC1603,2016-03-18,7684.666,6965.0,-719.6660000000002,0.0,-719.6660000000002,-26.704772570792283,,p
2015-11-12,IC,current,IC1511,2015-11-20,7682.452,7519.0,-163.45200000000023,0.0,-163.45200000000023,-97.07183982405631,,y
2015-11-12,IC,current,IC1511,2015-11-20,7682.452,7519.0,-163.45200000000023,0.0,-163.45200000000023,-97.07183982405631,,d
2015-11-12,IC,current,IC1511,2015-11-20,7682.452,7519.0,-163.45200000000023,0.0,-163.45200000000023,-97.07183982405631,,p
2015-11-12,IC,next,IC1512,2015-12-18,7682.452,7254.6,-427.85199999999986,0.0,-427.85199999999986,-56.46561656211959,,y
2015-11-12,IC,next,IC1512,2015-12-18,7682.452,7254.6,-427.85199999999986,0.0,-427.85199999999986,-56.46561656211959,,d
2015-11-12,IC,next,IC1512,2015-12-18,7682.452,7254.6,-427.85199999999986,0.0,-427.85199999999986,-56.46561656211959,,p
2015-11-12,IC,q1,IC1512,2015-12-18,7682.452,7254.6,-427.85199999999986,0.0,-427.85199999999986,-56.46561656211959,,y
2015-11-12,IC,q1,IC1512,2015-12-18,7682.452,7254.6,-427.85199999999986,0.0,-427.85199999999986,-56.46561656211959,,d
2015-11-12,IC,q1,IC1512,2015-12-18,7682.452,7254.6,-427.85199999999986,0.0,-427.85199999999986,-56.46561656211959,,p
2015-11-12,IC,q2,IC1603,2016-03-18,7682.452,6894.0,-788.4520000000002,0.0,-788.4520000000002,-29.49609661820119,,y
2015-11-12,IC,q2,IC1603,2016-03-18,7682.452,6894.0,-788.4520000000002,0.0,-788.4520000000002,-29.49609661820119,,d
2015-11-12,IC,q2,IC1603,2016-03-18,7682.452,6894.0,-788.4520000000002,0.0,-788.4520000000002,-29.49609661820119,,p
2015-11-13,IC,current,IC1511,2015-11-20,7567.108,7468.0,-99.10800000000017,0.0,-99.10800000000017,-68.29259322999347,,y
2015-11-13,IC,current,IC1511,2015-11-20,7567.108,7468.0,-99.10800000000017,0.0,-99.10800000000017,-68.29259322999347,,d
2015-11-13,IC,current,IC1511,2015-11-20,7567.108,7468.0,-99.10800000000017,0.0,-99.10800000000017,-68.29259322999347,,p
2015-11-13,IC,next,IC1512,2015-12-18,7567.108,7156.0,-411.1080000000002,0.0,-411.1080000000002,-56.65664006456819,,y
2015-11-13,IC,next,IC1512,2015-12-18,7567.108,7156.0,-411.1080000000002,0.0,-411.1080000000002,-56.65664006456819,,d
2015-11-13,IC,next,IC1512,2015-12-18,7567.108,7156.0,-411.1080000000002,0.0,-411.1080000000002,-56.65664006456819,,p
2015-11-13,IC,q1,IC1512,2015-12-18,7567.108,7156.0,-411.1080000000002,0.0,-411.1080000000002,-56.65664006456819,,y
2015-11-13,IC,q1,IC1512,2015-12-18,7567.108,7156.0,-411.1080000000002,0.0,-411.1080000000002,-56.65664006456819,,d
2015-11-13,IC,q1,IC1512,2015-12-18,7567.108,7156.0,-411.1080000000002,0.0,-411.1080000000002,-56.65664006456819,,p
2015-11-13,IC,q2,IC1603,2016-03-18,7567.108,6775.0,-792.1080000000002,0.0,-792.1080000000002,-30.323322614512332,,y
2015-11-13,IC,q2,IC1603,2016-03-18,7567.108,6775.0,-792.1080000000002,0.0,-792.1080000000002,-30.323322614512332,,d
2015-11-13,IC,q2,IC1603,2016-03-18,7567.108,6775.0,-792.1080000000002,0.0,-792.1080000000002,-30.323322614512332,,p
2015-11-16,IC,current,IC1511,2015-11-20,7718.855,7638.0,-80.85499999999956,0.0,-80.85499999999956,-95.5843677592073,,y
2015-11-16,IC,current,IC1511,2015-11-20,7718.855,7638.0,-80.85499999999956,0.0,-80.85499999999956,-95.5843677592073,,d
2015-11-16,IC,current,IC1511,2015-11-20,7718.855,7638.0,-80.85499999999956,0.0,-80.85499999999956,-95.5843677592073,,p
2015-11-16,IC,next,IC1512,2015-12-18,7718.855,7370.0,-348.85499999999956,0.0,-348.85499999999956,-51.5507461113079,,y
2015-11-16,IC,next,IC1512,2015-12-18,7718.855,7370.0,-348.85499999999956,0.0,-348.85499999999956,-51.5507461113079,,d
2015-11-16,IC,next,IC1512,2015-12-18,7718.855,7370.0,-348.85499999999956,0.0,-348.85499999999956,-51.5507461113079,,p
2015-11-16,IC,q1,IC1512,2015-12-18,7718.855,7370.0,-348.85499999999956,0.0,-348.85499999999956,-51.5507461113079,,y
2015-11-16,IC,q1,IC1512,2015-12-18,7718.855,7370.0,-348.85499999999956,0.0,-348.85499999999956,-51.5507461113079,,d
2015-11-16,IC,q1,IC1512,2015-12-18,7718.855,7370.0,-348.85499999999956,0.0,-348.85499999999956,-51.5507461113079,,p
2015-11-16,IC,q2,IC1603,2016-03-18,7718.855,6940.0,-778.8549999999996,0.0,-778.8549999999996,-29.942736093809508,,y
2015-11-16,IC,q2,IC1603,2016-03-18,7718.855,6940.0,-778.8549999999996,0.0,-778.8549999999996,-29.942736093809508,,d
2015-11-16,IC,q2,IC1603,2016-03-18,7718.855,6940.0,-778.8549999999996,0.0,-778.8549999999996,-29.942736093809508,,p
2015-11-17,IC,current,IC1511,2015-11-20,7650.381,7547.6,-102.78099999999995,0.0,-102.78099999999995,-163.45619475247915,,y
2015-11-17,IC,current,IC1511,2015-11-20,7650.381,7547.6,-102.78099999999995,0.0,-102.78099999999995,-163.45619475247915,,d
2015-11-17,IC,current,IC1511,2015-11-20,7650.381,7547.6,-102.78099999999995,0.0,-102.78099999999995,-163.45619475247915,,p
2015-11-17,IC,next,IC1512,2015-12-18,7650.381,7248.0,-402.3810000000003,0.0,-402.3810000000003,-61.92778861854791,,y
2015-11-17,IC,next,IC1512,2015-12-18,7650.381,7248.0,-402.3810000000003,0.0,-402.3810000000003,-61.92778861854791,,d
2015-11-17,IC,next,IC1512,2015-12-18,7650.381,7248.0,-402.3810000000003,0.0,-402.3810000000003,-61.92778861854791,,p
2015-11-17,IC,q1,IC1512,2015-12-18,7650.381,7248.0,-402.3810000000003,0.0,-402.3810000000003,-61.92778861854791,,y
2015-11-17,IC,q1,IC1512,2015-12-18,7650.381,7248.0,-402.3810000000003,0.0,-402.3810000000003,-61.92778861854791,,d
2015-11-17,IC,q1,IC1512,2015-12-18,7650.381,7248.0,-402.3810000000003,0.0,-402.3810000000003,-61.92778861854791,,p
2015-11-17,IC,q2,IC1603,2016-03-18,7650.381,6782.6,-867.781,0.0,-867.781,-33.93595745079371,,y
2015-11-17,IC,q2,IC1603,2016-03-18,7650.381,6782.6,-867.781,0.0,-867.781,-33.93595745079371,,d
2015-11-17,IC,q2,IC1603,2016-03-18,7650.381,6782.6,-867.781,0.0,-867.781,-33.93595745079371,,p
2015-11-18,IC,current,IC1511,2015-11-20,7526.942,7499.0,-27.942000000000007,0.0,-27.942000000000007,,,y
2015-11-18,IC,current,IC1511,2015-11-20,7526.942,7499.0,-27.942000000000007,0.0,-27.942000000000007,,,d
2015-11-18,IC,current,IC1511,2015-11-20,7526.942,7499.0,-27.942000000000007,0.0,-27.942000000000007,,,p
2015-11-18,IC,next,IC1512,2015-12-18,7526.942,7176.0,-350.942,0.0,-350.942,-56.726813270692574,,y
2015-11-18,IC,next,IC1512,2015-12-18,7526.942,7176.0,-350.942,0.0,-350.942,-56.726813270692574,,d
2015-11-18,IC,next,IC1512,2015-12-18,7526.942,7176.0,-350.942,0.0,-350.942,-56.726813270692574,,p
2015-11-18,IC,q1,IC1512,2015-12-18,7526.942,7176.0,-350.942,0.0,-350.942,-56.726813270692574,,y
2015-11-18,IC,q1,IC1512,2015-12-18,7526.942,7176.0,-350.942,0.0,-350.942,-56.726813270692574,,d
2015-11-18,IC,q1,IC1512,2015-12-18,7526.942,7176.0,-350.942,0.0,-350.942,-56.726813270692574,,p
2015-11-18,IC,q2,IC1603,2016-03-18,7526.942,6697.8,-829.1419999999998,0.0,-829.1419999999998,-33.22904343418988,,y
2015-11-18,IC,q2,IC1603,2016-03-18,7526.942,6697.8,-829.1419999999998,0.0,-829.1419999999998,-33.22904343418988,,d
2015-11-18,IC,q2,IC1603,2016-03-18,7526.942,6697.8,-829.1419999999998,0.0,-829.1419999999998,-33.22904343418988,,p
2015-11-19,IC,current,IC1511,2015-11-20,7718.622,7697.0,-21.6220000000003,0.0,-21.6220000000003,,,y
2015-11-19,IC,current,IC1511,2015-11-20,7718.622,7697.0,-21.6220000000003,0.0,-21.6220000000003,,,d
2015-11-19,IC,current,IC1511,2015-11-20,7718.622,7697.0,-21.6220000000003,0.0,-21.6220000000003,,,p
2015-11-19,IC,next,IC1512,2015-12-18,7718.622,7435.6,-283.02199999999993,0.0,-283.02199999999993,-46.150380835800235,,y
2015-11-19,IC,next,IC1512,2015-12-18,7718.622,7435.6,-283.02199999999993,0.0,-283.02199999999993,-46.150380835800235,,d
2015-11-19,IC,next,IC1512,2015-12-18,7718.622,7435.6,-283.02199999999993,0.0,-283.02199999999993,-46.150380835800235,,p
2015-11-19,IC,q1,IC1512,2015-12-18,7718.622,7435.6,-283.02199999999993,0.0,-283.02199999999993,-46.150380835800235,,y
2015-11-19,IC,q1,IC1512,2015-12-18,7718.622,7435.6,-283.02199999999993,0.0,-283.02199999999993,-46.150380835800235,,d
2015-11-19,IC,q1,IC1512,2015-12-18,7718.622,7435.6,-283.02199999999993,0.0,-283.02199999999993,-46.150380835800235,,p
2015-11-19,IC,q2,IC1603,2016-03-18,7718.622,6939.0,-779.6220000000003,0.0,-779.6220000000003,-30.72245602906841,,y
2015-11-19,IC,q2,IC1603,2016-03-18,7718.622,6939.0,-779.6220000000003,0.0,-779.6220000000003,-30.72245602906841,,d
2015-11-19,IC,q2,IC1603,2016-03-18,7718.622,6939.0,-779.6220000000003,0.0,-779.6220000000003,-30.72245602906841,,p
2015-11-20,IC,current,IC1511,2015-11-20,7806.266,7804.0,-2.2659999999996217,0.0,-2.2659999999996217,,,y
2015-11-20,IC,current,IC1511,2015-11-20,7806.266,7804.0,-2.2659999999996217,0.0,-2.2659999999996217,,,d
2015-11-20,IC,current,IC1511,2015-11-20,7806.266,7804.0,-2.2659999999996217,0.0,-2.2659999999996217,,,p
2015-11-20,IC,next,IC1512,2015-12-18,7806.266,7442.6,-363.66599999999926,0.0,-363.66599999999926,-60.72872832450958,,y
2015-11-20,IC,next,IC1512,2015-12-18,7806.266,7442.6,-363.66599999999926,0.0,-363.66599999999926,-60.72872832450958,,d
2015-11-20,IC,next,IC1512,2015-12-18,7806.266,7442.6,-363.66599999999926,0.0,-363.66599999999926,-60.72872832450958,,p
2015-11-20,IC,q1,IC1512,2015-12-18,7806.266,7442.6,-363.66599999999926,0.0,-363.66599999999926,-60.72872832450958,,y
2015-11-20,IC,q1,IC1512,2015-12-18,7806.266,7442.6,-363.66599999999926,0.0,-363.66599999999926,-60.72872832450958,,d
2015-11-20,IC,q1,IC1512,2015-12-18,7806.266,7442.6,-363.66599999999926,0.0,-363.66599999999926,-60.72872832450958,,p
2015-11-20,IC,q2,IC1603,2016-03-18,7806.266,6916.0,-890.2659999999996,0.0,-890.2659999999996,-34.98020455780074,,y
2015-11-20,IC,q2,IC1603,2016-03-18,7806.266,6916.0,-890.2659999999996,0.0,-890.2659999999996,-34.98020455780074,,d
2015-11-20,IC,q2,IC1603,2016-03-18,7806.266,6916.0,-890.2659999999996,0.0,-890.2659999999996,-34.98020455780074,,p
2015-11-23,IC,current,IC1512,2015-12-18,7744.182,7356.6,-387.5819999999994,0.0,-387.5819999999994,-73.07030232502272,,y
2015-11-23,IC,current,IC1512,2015-12-18,7744.182,7356.6,-387.5819999999994,0.0,-387.5819999999994,-73.07030232502272,,d
2015-11-23,IC,current,IC1512,2015-12-18,7744.182,7356.6,-387.5819999999994,0.0,-387.5819999999994,-73.07030232502272,,p
2015-11-23,IC,next,IC1601,2016-01-15,7744.182,7151.8,-592.3819999999996,0.0,-592.3819999999996,-52.67970053896526,,y
2015-11-23,IC,next,IC1601,2016-01-15,7744.182,7151.8,-592.3819999999996,0.0,-592.3819999999996,-52.67970053896526,,d
2015-11-23,IC,next,IC1601,2016-01-15,7744.182,7151.8,-592.3819999999996,0.0,-592.3819999999996,-52.67970053896526,,p
2015-11-23,IC,q1,IC1603,2016-03-18,7744.182,6841.8,-902.3819999999996,0.0,-902.3819999999996,-36.66483610445923,,y
2015-11-23,IC,q1,IC1603,2016-03-18,7744.182,6841.8,-902.3819999999996,0.0,-902.3819999999996,-36.66483610445923,,d
2015-11-23,IC,q1,IC1603,2016-03-18,7744.182,6841.8,-902.3819999999996,0.0,-902.3819999999996,-36.66483610445923,,p
2015-11-23,IC,q2,IC1606,2016-06-17,7744.182,6517.0,-1227.1819999999998,6.526223573102399,-1220.6557764268973,-27.793304060020034,0.0,y
2015-11-23,IC,q2,IC1606,2016-06-17,7744.182,6517.0,-1227.1819999999998,4.448577381292527,-1222.7334226187072,-27.84061031412809,0.0,d
2015-11-23,IC,q2,IC1606,2016-06-17,7744.182,6517.0,-1227.1819999999998,4.773446814647616,-1222.4085531853523,-27.83321331071778,0.0,p
2015-11-24,IC,current,IC1512,2015-12-18,7798.498,7471.0,-327.4979999999996,0.0,-327.4979999999996,-63.8674107501213,,y
2015-11-24,IC,current,IC1512,2015-12-18,7798.498,7471.0,-327.4979999999996,0.0,-327.4979999999996,-63.8674107501213,,d
2015-11-24,IC,current,IC1512,2015-12-18,7798.498,7471.0,-327.4979999999996,0.0,-327.4979999999996,-63.8674107501213,,p
2015-11-24,IC,next,IC1601,2016-01-15,7798.498,7232.0,-566.4979999999996,0.0,-566.4979999999996,-50.98905189573287,,y
2015-11-24,IC,next,IC1601,2016-01-15,7798.498,7232.0,-566.4979999999996,0.0,-566.4979999999996,-50.98905189573287,,d
2015-11-24,IC,next,IC1601,2016-01-15,7798.498,7232.0,-566.4979999999996,0.0,-566.4979999999996,-50.98905189573287,,p
2015-11-24,IC,q1,IC1603,2016-03-18,7798.498,6921.8,-876.6979999999994,0.0,-876.6979999999994,-35.68075823564105,,y
2015-11-24,IC,q1,IC1603,2016-03-18,7798.498,6921.8,-876.6979999999994,0.0,-876.6979999999994,-35.68075823564105,,d
2015-11-24,IC,q1,IC1603,2016-03-18,7798.498,6921.8,-876.6979999999994,0.0,-876.6979999999994,-35.68075823564105,,p
2015-11-24,IC,q2,IC1606,2016-06-17,7798.498,6548.2,-1250.2979999999998,6.571997078889922,-1243.7260029211097,-28.25786807947393,0.0,y
2015-11-24,IC,q2,IC1606,2016-06-17,7798.498,6548.2,-1250.2979999999998,4.479778730775569,-1245.8182212692243,-28.30540397559222,0.0,d
2015-11-24,IC,q2,IC1606,2016-06-17,7798.498,6548.2,-1250.2979999999998,4.806926727333604,-1245.4910732726662,-28.297971064398368,0.0,p
2015-11-25,IC,current,IC1512,2015-12-18,7922.384,7631.0,-291.384,0.0,-291.384,-58.36800376382093,,y
2015-11-25,IC,current,IC1512,2015-12-18,7922.384,7631.0,-291.384,0.0,-291.384,-58.36800376382093,,d
2015-11-25,IC,current,IC1512,2015-12-18,7922.384,7631.0,-291.384,0.0,-291.384,-58.36800376382093,,p
2015-11-25,IC,next,IC1601,2016-01-15,7922.384,7385.0,-537.384,0.0,-537.384,-48.54578532688853,,y
2015-11-25,IC,next,IC1601,2016-01-15,7922.384,7385.0,-537.384,0.0,-537.384,-48.54578532688853,,d
2015-11-25,IC,next,IC1601,2016-01-15,7922.384,7385.0,-537.384,0.0,-537.384,-48.54578532688853,,p
2015-11-25,IC,q1,IC1603,2016-03-18,7922.384,7066.0,-856.384,0.0,-856.384,-34.609925851488335,,y
2015-11-25,IC,q1,IC1603,2016-03-18,7922.384,7066.0,-856.384,0.0,-856.384,-34.609925851488335,,d
2015-11-25,IC,q1,IC1603,2016-03-18,7922.384,7066.0,-856.384,0.0,-856.384,-34.609925851488335,,p
2015-11-25,IC,q2,IC1606,2016-06-17,7922.384,6685.0,-1237.384,6.676399032973306,-1230.7076009670268,-27.659096995203853,0.0,y
2015-11-25,IC,q2,IC1606,2016-06-17,7922.384,6685.0,-1237.384,4.5509439561613885,-1232.8330560438387,-27.706864773742236,0.0,d
2015-11-25,IC,q2,IC1606,2016-06-17,7922.384,6685.0,-1237.384,4.883288986392009,-1232.500711013608,-27.699395604444994,0.0,p
2015-11-26,IC,current,IC1512,2015-12-18,7874.08,7531.8,-342.27999999999975,0.0,-342.27999999999975,-72.11936332417704,,y
2015-11-26,IC,current,IC1512,2015-12-18,7874.08,7531.8,-342.27999999999975,0.0,-342.27999999999975,-72.11936332417704,,d
2015-11-26,IC,current,IC1512,2015-12-18,7874.08,7531.8,-342.27999999999975,0.0,-342.27999999999975,-72.11936332417704,,p
2015-11-26,IC,next,IC1601,2016-01-15,7874.08,7304.0,-570.0799999999999,0.0,-570.0799999999999,-52.85168553024607,,y
2015-11-26,IC,next,IC1601,2016-01-15,7874.08,7304.0,-570.0799999999999,0.0,-570.0799999999999,-52.85168553024607,,d
2015-11-26,IC,next,IC1601,2016-01-15,7874.08,7304.0,-570.0799999999999,0.0,-570.0799999999999,-52.85168553024607,,p
2015-11-26,IC,q1,IC1603,2016-03-18,7874.08,6955.0,-919.0799999999999,0.0,-919.0799999999999,-37.7023059775018,,y
2015-11-26,IC,q1,IC1603,2016-03-18,7874.08,6955.0,-919.0799999999999,0.0,-919.0799999999999,-37.7023059775018,,d
2015-11-26,IC,q1,IC1603,2016-03-18,7874.08,6955.0,-919.0799999999999,0.0,-919.0799999999999,-37.7023059775018,,p
2015-11-26,IC,q2,IC1606,2016-06-17,7874.08,6602.0,-1272.08,6.635691995938905,-1265.444308004061,-28.7545059992743,0.0,y
2015-11-26,IC,q2,IC1606,2016-06-17,7874.08,6602.0,-1272.08,4.523196147312635,-1267.5568038526874,-28.802507933589833,0.0,d
2015-11-26,IC,q2,IC1606,2016-06-17,7874.08,6602.0,-1272.08,4.8535148185154355,-1267.2264851814846,-28.795002150717604,0.0,p
2015-11-27,IC,current,IC1512,2015-12-18,7376.124,7092.6,-283.52399999999943,0.0,-283.52399999999943,-66.80903334674328,,y
2015-11-27,IC,current,IC1512,2015-12-18,7376.124,7092.6,-283.52399999999943,0.0,-283.52399999999943,-66.80903334674328,,d
2015-11-27,IC,current,IC1512,2015-12-18,7376.124,7092.6,-283.52399999999943,0.0,-283.52399999999943,-66.80903334674328,,p
2015-11-27,IC,next,IC1601,2016-01-15,7376.124,6846.6,-529.5239999999994,0.0,-529.5239999999994,-53.475422449348066,,y
2015-11-27,IC,next,IC1601,2016-01-15,7376.124,6846.6,-529.5239999999994,0.0,-529.5239999999994,-53.475422449348066,,d
2015-11-27,IC,next,IC1601,2016-01-15,7376.124,6846.6,-529.5239999999994,0.0,-529.5239999999994,-53.475422449348066,,p
2015-11-27,IC,q1,IC1603,2016-03-18,7376.124,6500.0,-876.1239999999998,0.0,-876.1239999999998,-38.709023000620455,,y
2015-11-27,IC,q1,IC1603,2016-03-18,7376.124,6500.0,-876.1239999999998,0.0,-876.1239999999998,-38.709023000620455,,d
2015-11-27,IC,q1,IC1603,2016-03-18,7376.124,6500.0,-876.1239999999998,0.0,-876.1239999999998,-38.709023000620455,,p
2015-11-27,IC,q2,IC1606,2016-06-17,7376.124,6088.0,-1288.1239999999998,6.216051524476873,-1281.907948475523,-31.248232544136613,0.0,y
2015-11-27,IC,q2,IC1606,2016-06-17,7376.124,6088.0,-1288.1239999999998,4.237149693538835,-1283.886850306461,-31.296470941182754,0.0,d
2015-11-27,IC,q2,IC1606,2016-06-17,7376.124,6088.0,-1288.1239999999998,4.546579046340315,-1283.5774209536594,-31.28892818401066,0.0,p
2015-11-30,IC,current,IC1512,2015-12-18,7408.399,7118.2,-290.1990000000005,0.0,-290.1990000000005,-79.43134317324626,,y
2015-11-30,IC,current,IC1512,2015-12-18,7408.399,7118.2,-290.1990000000005,0.0,-290.1990000000005,-79.43134317324626,,d
2015-11-30,IC,current,IC1512,2015-12-18,7408.399,7118.2,-290.1990000000005,0.0,-290.1990000000005,-79.43134317324626,,p
2015-11-30,IC,next,IC1601,2016-01-15,7408.399,6874.2,-534.1990000000005,0.0,-534.1990000000005,-57.21550546592608,,y
2015-11-30,IC,next,IC1601,2016-01-15,7408.399,6874.2,-534.1990000000005,0.0,-534.1990000000005,-57.21550546592608,,d
2015-11-30,IC,next,IC1601,2016-01-15,7408.399,6874.2,-534.1990000000005,0.0,-534.1990000000005,-57.21550546592608,,p
2015-11-30,IC,q1,IC1603,2016-03-18,7408.399,6550.0,-858.3990000000003,0.0,-858.3990000000003,-38.799953498353396,,y
2015-11-30,IC,q1,IC1603,2016-03-18,7408.399,6550.0,-858.3990000000003,0.0,-858.3990000000003,-38.799953498353396,,d
2015-11-30,IC,q1,IC1603,2016-03-18,7408.399,6550.0,-858.3990000000003,0.0,-858.3990000000003,-38.799953498353396,,p
2015-11-30,IC,q2,IC1606,2016-06-17,7408.399,6161.0,-1247.3990000000003,5.992953737876586,-1241.4060462621237,-30.581047732828313,0.0,y
2015-11-30,IC,q2,IC1606,2016-06-17,7408.399,6161.0,-1247.3990000000003,4.085436120678526,-1243.313563879322,-30.628037907782268,0.0,d
2015-11-30,IC,q2,IC1606,2016-06-17,7408.399,6161.0,-1247.3990000000003,4.399831575653353,-1242.999168424347,-30.620293026528856,0.0,p
2015-12-01,IC,current,IC1512,2015-12-18,7443.945,7137.6,-306.34499999999935,0.0,-306.34499999999935,-88.35916107576242,,y
2015-12-01,IC,current,IC1512,2015-12-18,7443.945,7137.6,-306.34499999999935,0.0,-306.34499999999935,-88.35916107576242,,d
2015-12-01,IC,current,IC1512,2015-12-18,7443.945,7137.6,-306.34499999999935,0.0,-306.34499999999935,-88.35916107576242,,p
2015-12-01,IC,next,IC1601,2016-01-15,7443.945,6913.8,-530.1449999999995,0.0,-530.1449999999995,-57.765942655406455,,y
2015-12-01,IC,next,IC1601,2016-01-15,7443.945,6913.8,-530.1449999999995,0.0,-530.1449999999995,-57.765942655406455,,d
2015-12-01,IC,next,IC1601,2016-01-15,7443.945,6913.8,-530.1449999999995,0.0,-530.1449999999995,-57.765942655406455,,p
2015-12-01,IC,q1,IC1603,2016-03-18,7443.945,6547.8,-896.1449999999995,0.0,-896.1449999999995,-40.68592922763995,,y
2015-12-01,IC,q1,IC1603,2016-03-18,7443.945,6547.8,-896.1449999999995,0.0,-896.1449999999995,-40.68592922763995,,d
2015-12-01,IC,q1,IC1603,2016-03-18,7443.945,6547.8,-896.1449999999995,0.0,-896.1449999999995,-40.68592922763995,,p
2015-12-01,IC,q2,IC1606,2016-06-17,7443.945,6162.8,-1281.1449999999995,6.0217083356738375,-1275.1232916643257,-31.418743383693204,0.0,y
2015-12-01,IC,q2,IC1606,2016-06-17,7443.945,6162.8,-1281.1449999999995,4.105038319796802,-1277.0399616802026,-31.465969690179573,0.0,d
2015-12-01,IC,q2,IC1606,2016-06-17,7443.945,6162.8,-1281.1449999999995,4.420942265451267,-1276.7240577345483,-31.458185889924895,0.0,p
2015-12-02,IC,current,IC1512,2015-12-18,7405.86,7280.2,-125.65999999999985,0.0,-125.65999999999985,-38.707439109029835,,y
2015-12-02,IC,current,IC1512,2015-12-18,7405.86,7280.2,-125.65999999999985,0.0,-125.65999999999985,-38.707439109029835,,d
2015-12-02,IC,current,IC1512,2015-12-18,7405.86,7280.2,-125.65999999999985,0.0,-125.65999999999985,-38.707439109029835,,p
2015-12-02,IC,next,IC1601,2016-01-15,7405.86,7054.0,-351.8599999999997,0.0,-351.8599999999997,-39.412554873622156,,y
2015-12-02,IC,next,IC1601,2016-01-15,7405.86,7054.0,-351.8599999999997,0.0,-351.8599999999997,-39.412554873622156,,d
2015-12-02,IC,next,IC1601,2016-01-15,7405.86,7054.0,-351.8599999999997,0.0,-351.8599999999997,-39.412554873622156,,p
2015-12-02,IC,q1,IC1603,2016-03-18,7405.86,6702.0,-703.8599999999997,0.0,-703.8599999999997,-32.420512364659125,,y
2015-12-02,IC,q1,IC1603,2016-03-18,7405.86,6702.0,-703.8599999999997,0.0,-703.8599999999997,-32.420512364659125,,d
2015-12-02,IC,q1,IC1603,2016-03-18,7405.86,6702.0,-703.8599999999997,0.0,-703.8599999999997,-32.420512364659125,,p
2015-12-02,IC,q2,IC1606,2016-06-17,7405.86,6299.0,-1106.8599999999997,5.990899838033925,-1100.8691001619657,-27.40235309422848,0.0,y
2015-12-02,IC,q2,IC1606,2016-06-17,7405.86,6299.0,-1106.8599999999997,4.084035963598649,-1102.775964036401,-27.449817917414293,0.0,d
2015-12-02,IC,q2,IC1606,2016-06-17,7405.86,6299.0,-1106.8599999999997,4.3983236692392165,-1102.4616763307604,-27.441994805037105,0.0,p
2015-12-03,IC,current,IC1512,2015-12-18,7570.508,7377.8,-192.70799999999963,0.0,-192.70799999999963,-61.9407310579421,,y
2015-12-03,IC,current,IC1512,2015-12-18,7570.508,7377.8,-192.70799999999963,0.0,-192.70799999999963,-61.9407310579421,,d
2015-12-03,IC,current,IC1512,2015-12-18,7570.508,7377.8,-192.70799999999963,0.0,-192.70799999999963,-61.9407310579421,,p
2015-12-03,IC,next,IC1601,2016-01-15,7570.508,7129.0,-441.5079999999998,0.0,-441.5079999999998,-49.50373457166296,,y
2015-12-03,IC,next,IC1601,2016-01-15,7570.508,7129.0,-441.5079999999998,0.0,-441.5079999999998,-49.50373457166296,,d
2015-12-03,IC,next,IC1601,2016-01-15,7570.508,7129.0,-441.5079999999998,0.0,-441.5079999999998,-49.50373457166296,,p
2015-12-03,IC,q1,IC1603,2016-03-18,7570.508,6749.8,-820.7079999999996,0.0,-820.7079999999996,-37.32936852043058,,y
2015-12-03,IC,q1,IC1603,2016-03-18,7570.508,6749.8,-820.7079999999996,0.0,-820.7079999999996,-37.32936852043058,,d
2015-12-03,IC,q1,IC1603,2016-03-18,7570.508,6749.8,-820.7079999999996,0.0,-820.7079999999996,-37.32936852043058,,p
2015-12-03,IC,q2,IC1606,2016-06-17,7570.508,6369.0,-1201.5079999999998,6.124090267846615,-1195.3839097321531,-29.25560080314199,0.0,y
2015-12-03,IC,q2,IC1606,2016-06-17,7570.508,6369.0,-1201.5079999999998,4.174832758749325,-1197.3331672412505,-29.303306564516557,0.0,d
2015-12-03,IC,q2,IC1606,2016-06-17,7570.508,6369.0,-1201.5079999999998,4.4961077477247535,-1197.011892252275,-29.295443740909022,0.0,p
2015-12-04,IC,current,IC1512,2015-12-18,7511.675,7315.8,-195.875,0.0,-195.875,-67.98405244407634,,y
2015-12-04,IC,current,IC1512,2015-12-18,7511.675,7315.8,-195.875,0.0,-195.875,-67.98405244407634,,d
2015-12-04,IC,current,IC1512,2015-12-18,7511.675,7315.8,-195.875,0.0,-195.875,-67.98405244407634,,p
2015-12-04,IC,next,IC1601,2016-01-15,7511.675,7061.0,-450.6750000000002,0.0,-450.6750000000002,-52.139906973382885,,y
2015-12-04,IC,next,IC1601,2016-01-15,7511.675,7061.0,-450.6750000000002,0.0,-450.6750000000002,-52.139906973382885,,d
2015-12-04,IC,next,IC1601,2016-01-15,7511.675,7061.0,-450.6750000000002,0.0,-450.6750000000002,-52.139906973382885,,p
2015-12-04,IC,q1,IC1603,2016-03-18,7511.675,6648.8,-862.875,0.0,-862.875,-39.93141153128772,,y
2015-12-04,IC,q1,IC1603,2016-03-18,7511.675,6648.8,-862.875,0.0,-862.875,-39.93141153128772,,d
2015-12-04,IC,q1,IC1603,2016-03-18,7511.675,6648.8,-862.875,0.0,-862.875,-39.93141153128772,,p
2015-12-04,IC,q2,IC1606,2016-06-17,7511.675,6221.0,-1290.6750000000002,6.076497873422328,-1284.5985021265778,-31.846918383865503,0.0,y
2015-12-04,IC,q2,IC1606,2016-06-17,7511.675,6221.0,-1290.6750000000002,4.142388709328138,-1286.532611290672,-31.894867541981775,0.0,d
2015-12-04,IC,q2,IC1606,2016-06-17,7511.675,6221.0,-1290.6750000000002,4.4611669607759925,-1286.2138330392243,-31.88696460192727,0.0,p
2015-12-07,IC,current,IC1512,2015-12-18,7602.228,7339.4,-262.82800000000043,0.0,-262.82800000000043,-114.7178288929367,,y
2015-12-07,IC,current,IC1512,2015-12-18,7602.228,7339.4,-262.82800000000043,0.0,-262.82800000000043,-114.7178288929367,,d
2015-12-07,IC,current,IC1512,2015-12-18,7602.228,7339.4,-262.82800000000043,0.0,-262.82800000000043,-114.7178288929367,,p
2015-12-07,IC,next,IC1601,2016-01-15,7602.228,7081.2,-521.0280000000002,0.0,-521.0280000000002,-64.14287617140258,,y
2015-12-07,IC,next,IC1601,2016-01-15,7602.228,7081.2,-521.0280000000002,0.0,-521.0280000000002,-64.14287617140258,,d
2015-12-07,IC,next,IC1601,2016-01-15,7602.228,7081.2,-521.0280000000002,0.0,-521.0280000000002,-64.14287617140258,,p
2015-12-07,IC,q1,IC1603,2016-03-18,7602.228,6687.4,-914.8280000000004,0.0,-914.8280000000004,-43.06170790571232,,y
2015-12-07,IC,q1,IC1603,2016-03-18,7602.228,6687.4,-914.8280000000004,0.0,-914.8280000000004,-43.06170790571232,,d
2015-12-07,IC,q1,IC1603,2016-03-18,7602.228,6687.4,-914.8280000000004,0.0,-914.8280000000004,-43.06170790571232,,p
2015-12-07,IC,q2,IC1606,2016-06-17,7602.228,6286.8,-1315.4279999999999,6.149749859421724,-1309.2782501405782,-32.57066444923321,0.0,y
2015-12-07,IC,q2,IC1606,2016-06-17,7602.228,6286.8,-1315.4279999999999,4.192325071696822,-1311.235674928303,-32.61935893105077,0.0,d
2015-12-07,IC,q2,IC1606,2016-06-17,7602.228,6286.8,-1315.4279999999999,4.514946184690652,-1310.9130538153092,-32.61133314736848,0.0,p
2015-12-08,IC,current,IC1512,2015-12-18,7404.142,7230.0,-174.14199999999983,0.0,-174.14199999999983,-85.84631413065813,,y
2015-12-08,IC,current,IC1512,2015-12-18,7404.142,7230.0,-174.14199999999983,0.0,-174.14199999999983,-85.84631413065813,,d
2015-12-08,IC,current,IC1512,2015-12-18,7404.142,7230.0,-174.14199999999983,0.0,-174.14199999999983,-85.84631413065813,,p
2015-12-08,IC,next,IC1601,2016-01-15,7404.142,6954.2,-449.942,0.0,-449.942,-58.37018409141091,,y
2015-12-08,IC,next,IC1601,2016-01-15,7404.142,6954.2,-449.942,0.0,-449.942,-58.37018409141091,,d
2015-12-08,IC,next,IC1601,2016-01-15,7404.142,6954.2,-449.942,0.0,-449.942,-58.37018409141091,,p
2015-12-08,IC,q1,IC1603,2016-03-18,7404.142,6563.2,-840.942,0.0,-840.942,-41.04523956701774,,y
2015-12-08,IC,q1,IC1603,2016-03-18,7404.142,6563.2,-840.942,0.0,-840.942,-41.04523956701774,,d
2015-12-08,IC,q1,IC1603,2016-03-18,7404.142,6563.2,-840.942,0.0,-840.942,-41.04523956701774,,p
2015-12-08,IC,q2,IC1606,2016-06-17,7404.142,6140.2,-1263.942,5.989510078313684,-1257.9524899216863,-32.29840943121034,0.0,y
2015-12-08,IC,q2,IC1606,2016-06-17,7404.142,6140.2,-1263.942,4.083088555224002,-1259.858911444776,-32.3473575301207,0.0,d
2015-12-08,IC,q2,IC1606,2016-06-17,7404.142,6140.2,-1263.942,4.3973033528865235,-1259.5446966471136,-32.33928994548174,0.0,p
2015-12-09,IC,current,IC1512,2015-12-18,7374.274,7212.0,-162.27400000000034,0.0,-162.27400000000034,-89.24420522240204,,y
2015-12-09,IC,current,IC1512,2015-12-18,7374.274,7212.0,-162.27400000000034,0.0,-162.27400000000034,-89.24420522240204,,d
2015-12-09,IC,current,IC1512,2015-12-18,7374.274,7212.0,-162.27400000000034,0.0,-162.27400000000034,-89.24420522240204,,p
2015-12-09,IC,next,IC1601,2016-01-15,7374.274,6949.2,-425.0740000000005,0.0,-425.0740000000005,-56.863869820508064,,y
2015-12-09,IC,next,IC1601,2016-01-15,7374.274,6949.2,-425.0740000000005,0.0,-425.0740000000005,-56.863869820508064,,d
2015-12-09,IC,next,IC1601,2016-01-15,7374.274,6949.2,-425.0740000000005,0.0,-425.0740000000005,-56.863869820508064,,p
2015-12-09,IC,q1,IC1603,2016-03-18,7374.274,6524.6,-849.674,0.0,-849.674,-42.05580237457952,,y
2015-12-09,IC,q1,IC1603,2016-03-18,7374.274,6524.6,-849.674,0.0,-849.674,-42.05580237457952,,d
2015-12-09,IC,q1,IC1603,2016-03-18,7374.274,6524.6,-849.674,0.0,-849.674,-42.05580237457952,,p
2015-12-09,IC,q2,IC1606,2016-06-17,7374.274,6126.4,-1247.8740000000007,5.965348644481233,-1241.9086513555194,-32.18324855573391,0.0,y
2015-12-09,IC,q2,IC1606,2016-06-17,7374.274,6126.4,-1247.8740000000007,4.066617546298534,-1243.807382453702,-32.23245292741344,0.0,d
2015-12-09,IC,q2,IC1606,2016-06-17,7374.274,6126.4,-1247.8740000000007,4.3795648145732375,-1243.4944351854274,-32.22434310411144,0.0,p
2015-12-10,IC,current,IC1512,2015-12-18,7350.21,7170.0,-180.21000000000004,0.0,-180.21000000000004,-111.8618549674091,,y
2015-12-10,IC,current,IC1512,2015-12-18,7350.21,7170.0,-180.21000000000004,0.0,-180.21000000000004,-111.8618549674091,,d
2015-12-10,IC,current,IC1512,2015-12-18,7350.21,7170.0,-180.21000000000004,0.0,-180.21000000000004,-111.8618549674091,,p
2015-12-10,IC,next,IC1601,2016-01-15,7350.21,6902.4,-447.8100000000004,0.0,-447.8100000000004,-61.77096754151701,,y
2015-12-10,IC,next,IC1601,2016-01-15,7350.21,6902.4,-447.8100000000004,0.0,-447.8100000000004,-61.77096754151701,,d
2015-12-10,IC,next,IC1601,2016-01-15,7350.21,6902.4,-447.8100000000004,0.0,-447.8100000000004,-61.77096754151701,,p
2015-12-10,IC,q1,IC1603,2016-03-18,7350.21,6481.2,-869.0100000000002,0.0,-869.0100000000002,-43.58958121707759,,y
2015-12-10,IC,q1,IC1603,2016-03-18,7350.21,6481.2,-869.0100000000002,0.0,-869.0100000000002,-43.58958121707759,,d
2015-12-10,IC,q1,IC1603,2016-03-18,7350.21,6481.2,-869.0100000000002,0.0,-869.0100000000002,-43.58958121707759,,p
2015-12-10,IC,q2,IC1606,2016-06-17,7350.21,6072.4,-1277.8100000000004,5.945882301112273,-1271.864117698888,-33.24147079221254,0.0,y
2015-12-10,IC,q2,IC1606,2016-06-17,7350.21,6072.4,-1277.8100000000004,4.053347211532817,-1273.7566527884676,-33.29093413426932,0.0,d
2015-12-10,IC,q2,IC1606,2016-06-17,7350.21,6072.4,-1277.8100000000004,4.365273258862412,-1273.444726741138,-33.28278162768679,0.0,p
2015-12-11,IC,current,IC1512,2015-12-18,7290.702,7227.4,-63.30200000000059,0.0,-63.30200000000059,-45.27337892643498,,y
2015-12-11,IC,current,IC1512,2015-12-18,7290.702,7227.4,-63.30200000000059,0.0,-63.30200000000059,-45.27337892643498,,d
2015-12-11,IC,current,IC1512,2015-12-18,7290.702,7227.4,-63.30200000000059,0.0,-63.30200000000059,-45.27337892643498,,p
2015-12-11,IC,next,IC1601,2016-01-15,7290.702,6935.0,-355.7020000000002,0.0,-355.7020000000002,-50.87937642062062,,y
2015-12-11,IC,next,IC1601,2016-01-15,7290.702,6935.0,-355.7020000000002,0.0,-355.7020000000002,-50.87937642062062,,d
2015-12-11,IC,next,IC1601,2016-01-15,7290.702,6935.0,-355.7020000000002,0.0,-355.7020000000002,-50.87937642062062,,p
2015-12-11,IC,q1,IC1603,2016-03-18,7290.702,6529.0,-761.7020000000002,0.0,-761.7020000000002,-38.91190898394438,,y
2015-12-11,IC,q1,IC1603,2016-03-18,7290.702,6529.0,-761.7020000000002,0.0,-761.7020000000002,-38.91190898394438,,d
2015-12-11,IC,q1,IC1603,2016-03-18,7290.702,6529.0,-761.7020000000002,0.0,-761.7020000000002,-38.91190898394438,,p
2015-12-11,IC,q2,IC1606,2016-06-17,7290.702,6110.0,-1180.7020000000002,5.897743871873573,-1174.8042561281266,-31.119114048281638,0.0,y
2015-12-11,IC,q2,IC1606,2016-06-17,7290.702,6110.0,-1180.7020000000002,4.020530926574442,-1176.681469073426,-31.168839101142957,0.0,d
2015-12-11,IC,q2,IC1606,2016-06-17,7290.702,6110.0,-1180.7020000000002,4.329931590925253,-1176.372068409075,-31.16064345960496,0.0,p
2015-12-14,IC,current,IC1512,2015-12-18,7441.03,7422.0,-19.029999999999745,0.0,-19.029999999999745,-23.336655006094272,,y
2015-12-14,IC,current,IC1512,2015-12-18,7441.03,7422.0,-19.029999999999745,0.0,-19.029999999999745,-23.336655006094272,,d
2015-12-14,IC,current,IC1512,2015-12-18,7441.03,7422.0,-19.029999999999745,0.0,-19.029999999999745,-23.336655006094272,,p
2015-12-14,IC,next,IC1601,2016-01-15,7441.03,7160.2,-280.8299999999999,0.0,-280.8299999999999,-43.048034848670135,,y
2015-12-14,IC,next,IC1601,2016-01-15,7441.03,7160.2,-280.8299999999999,0.0,-280.8299999999999,-43.048034848670135,,d
2015-12-14,IC,next,IC1601,2016-01-15,7441.03,7160.2,-280.8299999999999,0.0,-280.8299999999999,-43.048034848670135,,p
2015-12-14,IC,q1,IC1603,2016-03-18,7441.03,6740.0,-701.0299999999997,0.0,-701.0299999999997,-36.19701913084047,,y
2015-12-14,IC,q1,IC1603,2016-03-18,7441.03,6740.0,-701.0299999999997,0.0,-701.0299999999997,-36.19701913084047,,d
2015-12-14,IC,q1,IC1603,2016-03-18,7441.03,6740.0,-701.0299999999997,0.0,-701.0299999999997,-36.19701913084047,,p
2015-12-14,IC,q2,IC1606,2016-06-17,7441.03,6339.8,-1101.2299999999996,6.019350274216036,-1095.2106497257835,-28.883147821663936,0.0,y
2015-12-14,IC,q2,IC1606,2016-06-17,7441.03,6339.8,-1101.2299999999996,4.10343081373621,-1097.1265691862634,-28.933674891506893,0.0,d
2015-12-14,IC,q2,IC1606,2016-06-17,7441.03,6339.8,-1101.2299999999996,4.419211053479149,-1096.8107889465205,-28.925347062202146,0.0,p
2015-12-15,IC,current,IC1512,2015-12-18,7498.181,7446.0,-52.180999999999585,0.0,-52.180999999999585,-84.66971300550472,,y
2015-12-15,IC,current,IC1512,2015-12-18,7498.181,7446.0,-52.180999999999585,0.0,-52.180999999999585,-84.66971300550472,,d
2015-12-15,IC,current,IC1512,2015-12-18,7498.181,7446.0,-52.180999999999585,0.0,-52.180999999999585,-84.66971300550472,,p
2015-12-15,IC,next,IC1601,2016-01-15,7498.181,7172.6,-325.5809999999992,0.0,-325.5809999999992,-51.125115673753555,,y
2015-12-15,IC,next,IC1601,2016-01-15,7498.181,7172.6,-325.5809999999992,0.0,-325.5809999999992,-51.125115673753555,,d
2015-12-15,IC,next,IC1601,2016-01-15,7498.181,7172.6,-325.5809999999992,0.0,-325.5809999999992,-51.125115673753555,,p
2015-12-15,IC,q1,IC1603,2016-03-18,7498.181,6740.0,-758.1809999999996,0.0,-758.1809999999996,-39.26286510674203,,y
2015-12-15,IC,q1,IC1603,2016-03-18,7498.181,6740.0,-758.1809999999996,0.0,-758.1809999999996,-39.26286510674203,,d
2015-12-15,IC,q1,IC1603,2016-03-18,7498.181,6740.0,-758.1809999999996,0.0,-758.1809999999996,-39.26286510674203,,p
2015-12-15,IC,q2,IC1606,2016-06-17,7498.181,6322.2,-1175.9809999999998,6.065582030776851,-1169.915417969223,-30.783619391391802,0.0,y
2015-12-15,IC,q2,IC1606,2016-06-17,7498.181,6322.2,-1175.9809999999998,4.134947307344735,-1171.8460526926551,-30.834419580531215,0.0,d
2015-12-15,IC,q2,IC1606,2016-06-17,7498.181,6322.2,-1175.9809999999998,4.453152904394598,-1171.5278470956052,-30.826046735932927,0.0,p
2015-12-16,IC,current,IC1512,2015-12-18,7529.403,7492.6,-36.802999999999884,0.0,-36.802999999999884,,,y
2015-12-16,IC,current,IC1512,2015-12-18,7529.403,7492.6,-36.802999999999884,0.0,-36.802999999999884,,,d
2015-12-16,IC,current,IC1512,2015-12-18,7529.403,7492.6,-36.802999999999884,0.0,-36.802999999999884,,,p
2015-12-16,IC,next,IC1601,2016-01-15,7529.403,7231.8,-297.60300000000007,0.0,-297.60300000000007,-48.08929074456502,,y
2015-12-16,IC,next,IC1601,2016-01-15,7529.403,7231.8,-297.60300000000007,0.0,-297.60300000000007,-48.08929074456502,,d
2015-12-16,IC,next,IC1601,2016-01-15,7529.403,7231.8,-297.60300000000007,0.0,-297.60300000000007,-48.08929074456502,,p
2015-12-16,IC,q1,IC1603,2016-03-18,7529.403,6809.6,-719.8029999999999,0.0,-719.8029999999999,-37.52001691993232,,y
2015-12-16,IC,q1,IC1603,2016-03-18,7529.403,6809.6,-719.8029999999999,0.0,-719.8029999999999,-37.52001691993232,,d
2015-12-16,IC,q1,IC1603,2016-03-18,7529.403,6809.6,-719.8029999999999,0.0,-719.8029999999999,-37.52001691993232,,p
2015-12-16,IC,q2,IC1606,2016-06-17,7529.403,6400.8,-1128.603,6.090838769999993,-1122.5121612300002,-29.57369254566788,0.0,y
2015-12-16,IC,q2,IC1606,2016-06-17,7529.403,6400.8,-1128.603,4.152164993184797,-1124.4508350068152,-29.62476882279173,0.0,d
2015-12-16,IC,q2,IC1606,2016-06-17,7529.403,6400.8,-1128.603,4.471695580275723,-1124.1313044197243,-29.616350473603237,0.0,p
2015-12-17,IC,current,IC1512,2015-12-18,7716.246,7693.6,-22.64599999999973,0.0,-22.64599999999973,,,y
2015-12-17,IC,current,IC1512,2015-12-18,7716.246,7693.6,-22.64599999999973,0.0,-22.64599999999973,,,d
2015-12-17,IC,current,IC1512,2015-12-18,7716.246,7693.6,-22.64599999999973,0.0,-22.64599999999973,,,p
2015-12-17,IC,next,IC1601,2016-01-15,7716.246,7461.0,-255.2460000000001,0.0,-255.2460000000001,-41.63396249312479,,y
2015-12-17,IC,next,IC1601,2016-01-15,7716.246,7461.0,-255.2460000000001,0.0,-255.2460000000001,-41.63396249312479,,d
2015-12-17,IC,next,IC1601,2016-01-15,7716.246,7461.0,-255.2460000000001,0.0,-255.2460000000001,-41.63396249312479,,p
2015-12-17,IC,q1,IC1603,2016-03-18,7716.246,7026.2,-690.0460000000003,0.0,-690.0460000000003,-35.479461126563365,,y
2015-12-17,IC,q1,IC1603,2016-03-18,7716.246,7026.2,-690.0460000000003,0.0,-690.0460000000003,-35.479461126563365,,d
2015-12-17,IC,q1,IC1603,2016-03-18,7716.246,7026.2,-690.0460000000003,0.0,-690.0460000000003,-35.479461126563365,,p
2015-12-17,IC,q2,IC1606,2016-06-17,7716.246,6640.0,-1076.246,6.241983633451067,-1070.004016366549,-27.65802199994946,0.0,y
2015-12-17,IC,q2,IC1606,2016-06-17,7716.246,6640.0,-1076.246,4.255201444258225,-1071.9907985557418,-27.709377382412793,0.0,d
2015-12-17,IC,q2,IC1606,2016-06-17,7716.246,6640.0,-1076.246,4.582661219557544,-1071.6633387804425,-27.700913031316166,0.0,p
2015-12-18,IC,current,IC1512,2015-12-18,7699.37,7700.8,1.430000000000291,0.0,1.430000000000291,,,y
2015-12-18,IC,current,IC1512,2015-12-18,7699.37,7700.8,1.430000000000291,0.0,1.430000000000291,,,d
2015-12-18,IC,current,IC1512,2015-12-18,7699.37,7700.8,1.430000000000291,0.0,1.430000000000291,,,p
2015-12-18,IC,next,IC1601,2016-01-15,7699.37,7487.6,-211.76999999999953,0.0,-211.76999999999953,-35.85453373828908,,y
2015-12-18,IC,next,IC1601,2016-01-15,7699.37,7487.6,-211.76999999999953,0.0,-211.76999999999953,-35.85453373828908,,d
2015-12-18,IC,next,IC1601,2016-01-15,7699.37,7487.6,-211.76999999999953,0.0,-211.76999999999953,-35.85453373828908,,p
2015-12-18,IC,q1,IC1603,2016-03-18,7699.37,7044.0,-655.3699999999999,0.0,-655.3699999999999,-34.14151895715971,,y
2015-12-18,IC,q1,IC1603,2016-03-18,7699.37,7044.0,-655.3699999999999,0.0,-655.3699999999999,-34.14151895715971,,d
2015-12-18,IC,q1,IC1603,2016-03-18,7699.37,7044.0,-655.3699999999999,0.0,-655.3699999999999,-34.14151895715971,,p
2015-12-18,IC,q2,IC1606,2016-06-17,7699.37,6616.4,-1082.9700000000003,6.228331954150262,-1076.74166804585,-28.04644404805771,0.0,y
2015-12-18,IC,q2,IC1606,2016-06-17,7699.37,6616.4,-1082.9700000000003,4.245895004368504,-1078.7241049956317,-28.098081602952156,0.0,d
2015-12-18,IC,q2,IC1606,2016-06-17,7699.37,6616.4,-1082.9700000000003,4.572638600949835,-1078.3973613990504,-28.089570744431917,0.0,p
2015-12-21,IC,current,IC1601,2016-01-15,7788.564,7585.0,-203.5640000000003,0.0,-203.5640000000003,-38.15895202247815,,y
2015-12-21,IC,current,IC1601,2016-01-15,7788.564,7585.0,-203.5640000000003,0.0,-203.5640000000003,-38.15895202247815,,d
2015-12-21,IC,current,IC1601,2016-01-15,7788.564,7585.0,-203.5640000000003,0.0,-203.5640000000003,-38.15895202247815,,p
2015-12-21,IC,next,IC1602,2016-02-19,7788.564,7384.0,-404.5640000000003,0.0,-404.5640000000003,-31.59886298253014,,y
2015-12-21,IC,next,IC1602,2016-02-19,7788.564,7384.0,-404.5640000000003,0.0,-404.5640000000003,-31.59886298253014,,d
2015-12-21,IC,next,IC1602,2016-02-19,7788.564,7384.0,-404.5640000000003,0.0,-404.5640000000003,-31.59886298253014,,p
2015-12-21,IC,q1,IC1603,2016-03-18,7788.564,7200.0,-588.5640000000003,0.0,-588.5640000000003,-31.343428063831226,,y
2015-12-21,IC,q1,IC1603,2016-03-18,7788.564,7200.0,-588.5640000000003,0.0,-588.5640000000003,-31.343428063831226,,d
2015-12-21,IC,q1,IC1603,2016-03-18,7788.564,7200.0,-588.5640000000003,0.0,-588.5640000000003,-31.343428063831226,,p
2015-12-21,IC,q2,IC1606,2016-06-17,7788.564,6749.6,-1038.964,6.300484590056639,-1032.6635154099433,-27.035927550307427,0.0,y
2015-12-21,IC,q2,IC1606,2016-06-17,7788.564,6749.6,-1038.964,4.2950819325223195,-1034.6689180674775,-27.08843053908278,0.0,d
2015-12-21,IC,q2,IC1606,2016-06-17,7788.564,6749.6,-1038.964,4.625610717807854,-1034.338389282192,-27.079777040475616,0.0,p
2015-12-22,IC,current,IC1601,2016-01-15,7856.608,7650.0,-206.60800000000017,0.0,-206.60800000000017,-39.99389219028538,,y
2015-12-22,IC,current,IC1601,2016-01-15,7856.608,7650.0,-206.60800000000017,0.0,-206.60800000000017,-39.99389219028538,,d
2015-12-22,IC,current,IC1601,2016-01-15,7856.608,7650.0,-206.60800000000017,0.0,-206.60800000000017,-39.99389219028538,,p
2015-12-22,IC,next,IC1602,2016-02-19,7856.608,7459.4,-397.20800000000054,0.0,-397.20800000000054,-31.27690383449909,,y
2015-12-22,IC,next,IC1602,2016-02-19,7856.608,7459.4,-397.20800000000054,0.0,-397.20800000000054,-31.27690383449909,,d
2015-12-22,IC,next,IC1602,2016-02-19,7856.608,7459.4,-397.20800000000054,0.0,-397.20800000000054,-31.27690383449909,,p
2015-12-22,IC,q1,IC1603,2016-03-18,7856.608,7325.4,-531.2080000000005,0.0,-531.2080000000005,-28.366328883505687,,y
2015-12-22,IC,q1,IC1603,2016-03-18,7856.608,7325.4,-531.2080000000005,0.0,-531.2080000000005,-28.366328883505687,,d
2015-12-22,IC,q1,IC1603,2016-03-18,7856.608,7325.4,-531.2080000000005,0.0,-531.2080000000005,-28.366328883505687,,p
2015-12-22,IC,q2,IC1606,2016-06-17,7856.608,6873.8,-982.808,6.35552813511139,-976.4524718648886,-25.48524931022956,0.0,y
2015-12-22,IC,q2,IC1606,2016-06-17,7856.608,6873.8,-982.808,4.332605480510954,-978.475394519489,-25.538047259616008,0.0,d
2015-12-22,IC,q2,IC1606,2016-06-17,7856.608,6873.8,-982.808,4.666021897029404,-978.1419781029706,-25.529345145848133,0.0,p
2015-12-23,IC,current,IC1601,2016-01-15,7773.283,7516.4,-256.8830000000007,0.0,-256.8830000000007,-52.444012674427796,,y
2015-12-23,IC,current,IC1601,2016-01-15,7773.283,7516.4,-256.8830000000007,0.0,-256.8830000000007,-52.444012674427796,,d
2015-12-23,IC,current,IC1601,2016-01-15,7773.283,7516.4,-256.8830000000007,0.0,-256.8830000000007,-52.444012674427796,,p
2015-12-23,IC,next,IC1602,2016-02-19,7773.283,7338.2,-435.08300000000054,0.0,-435.08300000000054,-35.22349987239895,,y
2015-12-23,IC,next,IC1602,2016-02-19,7773.283,7338.2,-435.08300000000054,0.0,-435.08300000000054,-35.22349987239895,,d
2015-12-23,IC,next,IC1602,2016-02-19,7773.283,7338.2,-435.08300000000054,0.0,-435.08300000000054,-35.22349987239895,,p
2015-12-23,IC,q1,IC1603,2016-03-18,7773.283,7192.2,-581.0830000000005,0.0,-581.0830000000005,-31.726933915375504,,y
2015-12-23,IC,q1,IC1603,2016-03-18,7773.283,7192.2,-581.0830000000005,0.0,-581.0830000000005,-31.726933915375504,,d
2015-12-23,IC,q1,IC1603,2016-03-18,7773.283,7192.2,-581.0830000000005,0.0,-581.0830000000005,-31.726933915375504,,p
2015-12-23,IC,q2,IC1606,2016-06-17,7773.283,6797.8,-975.4830000000002,6.288123170798781,-969.1948768292013,-25.71142982483513,0.0,y
2015-12-23,IC,q2,IC1606,2016-06-17,7773.283,6797.8,-975.4830000000002,4.286655071420469,-971.1963449285797,-25.764526067720944,0.0,d
2015-12-23,IC,q2,IC1606,2016-06-17,7773.283,6797.8,-975.4830000000002,4.616535366128286,-970.8664646338719,-25.755774789468504,0.0,p
2015-12-24,IC,current,IC1601,2016-01-15,7753.037,7533.4,-219.63700000000063,0.0,-219.63700000000063,-47.000646327368365,,y
2015-12-24,IC,current,IC1601,2016-01-15,7753.037,7533.4,-219.63700000000063,0.0,-219.63700000000063,-47.000646327368365,,d
2015-12-24,IC,current,IC1601,2016-01-15,7753.037,7533.4,-219.63700000000063,0.0,-219.63700000000063,-47.000646327368365,,p
2015-12-24,IC,next,IC1602,2016-02-19,7753.037,7349.4,-403.6370000000006,0.0,-403.6370000000006,-33.33781420333016,,y
2015-12-24,IC,next,IC1602,2016-02-19,7753.037,7349.4,-403.6370000000006,0.0,-403.6370000000006,-33.33781420333016,,d
2015-12-24,IC,next,IC1602,2016-02-19,7753.037,7349.4,-403.6370000000006,0.0,-403.6370000000006,-33.33781420333016,,p
2015-12-24,IC,q1,IC1603,2016-03-18,7753.037,7200.0,-553.0370000000003,0.0,-553.0370000000003,-30.630654041461064,,y
2015-12-24,IC,q1,IC1603,2016-03-18,7753.037,7200.0,-553.0370000000003,0.0,-553.0370000000003,-30.630654041461064,,d
2015-12-24,IC,q1,IC1603,2016-03-18,7753.037,7200.0,-553.0370000000003,0.0,-553.0370000000003,-30.630654041461064,,p
2015-12-24,IC,q2,IC1606,2016-06-17,7753.037,6835.0,-918.0370000000003,6.271745362128238,-911.765254637872,-24.38885312288996,0.0,y
2015-12-24,IC,q2,IC1606,2016-06-17,7753.037,6835.0,-918.0370000000003,4.27549021114509,-913.7615097888552,-24.44225104897399,0.0,d
2015-12-24,IC,q2,IC1606,2016-06-17,7753.037,6835.0,-918.0370000000003,4.604511312067391,-913.4324886879328,-24.433450047549655,0.0,p
2015-12-25,IC,current,IC1601,2016-01-15,7792.124,7595.8,-196.32399999999961,0.0,-196.32399999999961,-43.791629794881196,,y
2015-12-25,IC,current,IC1601,2016-01-15,7792.124,7595.8,-196.32399999999961,0.0,-196.32399999999961,-43.791629794881196,,d
2015-12-25,IC,current,IC1601,2016-01-15,7792.124,7595.8,-196.32399999999961,0.0,-196.32399999999961,-43.791629794881196,,p
2015-12-25,IC,next,IC1602,2016-02-19,7792.124,7390.4,-401.72400000000016,0.0,-401.72400000000016,-33.60290009318568,,y
2015-12-25,IC,next,IC1602,2016-02-19,7792.124,7390.4,-401.72400000000016,0.0,-401.72400000000016,-33.60290009318568,,d
2015-12-25,IC,next,IC1602,2016-02-19,7792.124,7390.4,-401.72400000000016,0.0,-401.72400000000016,-33.60290009318568,,p
2015-12-25,IC,q1,IC1603,2016-03-18,7792.124,7242.0,-550.1239999999998,0.0,-550.1239999999998,-30.677383495241617,,y
2015-12-25,IC,q1,IC1603,2016-03-18,7792.124,7242.0,-550.1239999999998,0.0,-550.1239999999998,-30.677383495241617,,d
2015-12-25,IC,q1,IC1603,2016-03-18,7792.124,7242.0,-550.1239999999998,0.0,-550.1239999999998,-30.677383495241617,,p
2015-12-25,IC,q2,IC1606,2016-06-17,7792.124,6868.0,-924.1239999999998,6.303364418114879,-917.820635581885,-24.567263192378654,0.0,y
2015-12-25,IC,q2,IC1606,2016-06-17,7792.124,6868.0,-924.1239999999998,4.297045130318445,-919.8269548696813,-24.620966249468875,0.0,d
2015-12-25,IC,q2,IC1606,2016-06-17,7792.124,6868.0,-924.1239999999998,4.627724993835552,-919.4962750061643,-24.612114956607833,0.0,p
2015-12-28,IC,current,IC1601,2016-01-15,7603.361,7305.0,-298.3609999999999,0.0,-298.3609999999999,,,y
2015-12-28,IC,current,IC1601,2016-01-15,7603.361,7305.0,-298.3609999999999,0.0,-298.3609999999999,,,d
2015-12-28,IC,current,IC1601,2016-01-15,7603.361,7305.0,-298.3609999999999,0.0,-298.3609999999999,,,p
2015-12-28,IC,next,IC1602,2016-02-19,7603.361,7088.8,-514.5609999999997,0.0,-514.5609999999997,,,y
2015-12-28,IC,next,IC1602,2016-02-19,7603.361,7088.8,-514.5609999999997,0.0,-514.5609999999997,,,d
2015-12-28,IC,next,IC1602,2016-02-19,7603.361,7088.8,-514.5609999999997,0.0,-514.5609999999997,,,p
2015-12-28,IC,q1,IC1603,2016-03-18,7603.361,6945.0,-658.3609999999999,0.0,-658.3609999999999,-39.01811918163721,,y
2015-12-28,IC,q1,IC1603,2016-03-18,7603.361,6945.0,-658.3609999999999,0.0,-658.3609999999999,-39.01811918163721,,d
2015-12-28,IC,q1,IC1603,2016-03-18,7603.361,6945.0,-658.3609999999999,0.0,-658.3609999999999,-39.01811918163721,,p
2015-12-28,IC,q2,IC1606,2016-06-17,7603.361,6552.0,-1051.3609999999999,6.150666388969473,-1045.2103336110304,-29.171751239890487,0.0,y
2015-12-28,IC,q2,IC1606,2016-06-17,7603.361,6552.0,-1051.3609999999999,4.192949875939241,-1047.1680501240605,-29.22639097820902,0.0,d
2015-12-28,IC,q2,IC1606,2016-06-17,7603.361,6552.0,-1051.3609999999999,4.5156190708534,-1046.8453809291466,-29.21738530233297,0.0,p
2015-12-29,IC,current,IC1601,2016-01-15,7674.388,7418.2,-256.1880000000001,0.0,-256.1880000000001,,,y
2015-12-29,IC,current,IC1601,2016-01-15,7674.388,7418.2,-256.1880000000001,0.0,-256.1880000000001,,,d
2015-12-29,IC,current,IC1601,2016-01-15,7674.388,7418.2,-256.1880000000001,0.0,-256.1880000000001,,,p
2015-12-29,IC,next,IC1602,2016-02-19,7674.388,7208.4,-465.9880000000003,0.0,-465.9880000000003,,,y
2015-12-29,IC,next,IC1602,2016-02-19,7674.388,7208.4,-465.9880000000003,0.0,-465.9880000000003,,,d
2015-12-29,IC,next,IC1602,2016-02-19,7674.388,7208.4,-465.9880000000003,0.0,-465.9880000000003,,,p
2015-12-29,IC,q1,IC1603,2016-03-18,7674.388,7053.0,-621.3879999999999,0.0,-621.3879999999999,-36.942134669240076,,y
2015-12-29,IC,q1,IC1603,2016-03-18,7674.388,7053.0,-621.3879999999999,0.0,-621.3879999999999,-36.942134669240076,,d
2015-12-29,IC,q1,IC1603,2016-03-18,7674.388,7053.0,-621.3879999999999,0.0,-621.3879999999999,-36.942134669240076,,p
2015-12-29,IC,q2,IC1606,2016-06-17,7674.388,6668.4,-1005.9880000000003,6.208123003433699,-999.7798769965666,-27.80720848075632,0.0,y
2015-12-29,IC,q2,IC1606,2016-06-17,7674.388,6668.4,-1005.9880000000003,4.232118429272212,-1001.7558815707281,-27.8621677497083,0.0,d
2015-12-29,IC,q2,IC1606,2016-06-17,7674.388,6668.4,-1005.9880000000003,4.5578018470947885,-1001.4301981529055,-27.853109409061034,0.0,p
2015-12-30,IC,current,IC1601,2016-01-15,7741.047,7511.4,-229.64699999999993,0.0,-229.64699999999993,,,y
2015-12-30,IC,current,IC1601,2016-01-15,7741.047,7511.4,-229.64699999999993,0.0,-229.64699999999993,,,d
2015-12-30,IC,current,IC1601,2016-01-15,7741.047,7511.4,-229.64699999999993,0.0,-229.64699999999993,,,p
2015-12-30,IC,next,IC1602,2016-02-19,7741.047,7297.0,-444.04699999999957,0.0,-444.04699999999957,,,y
2015-12-30,IC,next,IC1602,2016-02-19,7741.047,7297.0,-444.04699999999957,0.0,-444.04699999999957,,,d
2015-12-30,IC,next,IC1602,2016-02-19,7741.047,7297.0,-444.04699999999957,0.0,-444.04699999999957,,,p
2015-12-30,IC,q1,IC1603,2016-03-18,7741.047,7142.4,-598.6469999999999,0.0,-598.6469999999999,-35.730317826548934,,y
2015-12-30,IC,q1,IC1603,2016-03-18,7741.047,7142.4,-598.6469999999999,0.0,-598.6469999999999,-35.730317826548934,,d
2015-12-30,IC,q1,IC1603,2016-03-18,7741.047,7142.4,-598.6469999999999,0.0,-598.6469999999999,-35.730317826548934,,p
2015-12-30,IC,q2,IC1606,2016-06-17,7741.047,6730.2,-1010.8469999999998,6.26204616594332,-1004.5849538340565,-27.86319459259578,0.0,y
2015-12-30,IC,q2,IC1606,2016-06-17,7741.047,6730.2,-1010.8469999999998,4.268878205084545,-1006.5781217949152,-27.918477151365128,0.0,d
2015-12-30,IC,q2,IC1606,2016-06-17,7741.047,6730.2,-1010.8469999999998,4.597390477917923,-1006.2496095220819,-27.909365526361114,0.0,p
2015-12-31,IC,current,IC1601,2016-01-15,7617.689,7349.0,-268.6890000000003,0.0,-268.6890000000003,,,y
2015-12-31,IC,current,IC1601,2016-01-15,7617.689,7349.0,-268.6890000000003,0.0,-268.6890000000003,,,d
2015-12-31,IC,current,IC1601,2016-01-15,7617.689,7349.0,-268.6890000000003,0.0,-268.6890000000003,,,p
2015-12-31,IC,next,IC1602,2016-02-19,7617.689,7147.2,-470.4890000000005,0.0,-470.4890000000005,,,y
2015-12-31,IC,next,IC1602,2016-02-19,7617.689,7147.2,-470.4890000000005,0.0,-470.4890000000005,,,d
2015-12-31,IC,next,IC1602,2016-02-19,7617.689,7147.2,-470.4890000000005,0.0,-470.4890000000005,,,p
2015-12-31,IC,q1,IC1603,2016-03-18,7617.689,6980.0,-637.6890000000003,0.0,-637.6890000000003,-39.1727399215169,,y
2015-12-31,IC,q1,IC1603,2016-03-18,7617.689,6980.0,-637.6890000000003,0.0,-637.6890000000003,-39.1727399215169,,d
2015-12-31,IC,q1,IC1603,2016-03-18,7617.689,6980.0,-637.6890000000003,0.0,-637.6890000000003,-39.1727399215169,,p
2015-12-31,IC,q2,IC1606,2016-06-17,7617.689,6550.8,-1066.8890000000001,6.970245596705784,-1059.9187544032943,-30.050762654748418,0.0,y
2015-12-31,IC,q2,IC1606,2016-06-17,7617.689,6550.8,-1066.8890000000001,4.822648750546513,-1062.0663512494536,-30.11165121137968,0.0,d
2015-12-31,IC,q2,IC1606,2016-06-17,7617.689,6550.8,-1066.8890000000001,5.3859678682503445,-1061.5030321317497,-30.095680016385085,0.0,p
2016-01-04,IC,current,IC1601,2016-01-15,6983.404,6881.2,-102.20400000000063,0.0,-102.20400000000063,,,y
2016-01-04,IC,current,IC1601,2016-01-15,6983.404,6881.2,-102.20400000000063,0.0,-102.20400000000063,,,d
2016-01-04,IC,current,IC1601,2016-01-15,6983.404,6881.2,-102.20400000000063,0.0,-102.20400000000063,,,p
2016-01-04,IC,next,IC1602,2016-02-19,6983.404,6685.0,-298.40400000000045,0.0,-298.40400000000045,,,y
2016-01-04,IC,next,IC1602,2016-02-19,6983.404,6685.0,-298.40400000000045,0.0,-298.40400000000045,,,d
2016-01-04,IC,next,IC1602,2016-02-19,6983.404,6685.0,-298.40400000000045,0.0,-298.40400000000045,,,p
2016-01-04,IC,q1,IC1603,2016-03-18,6983.404,6525.0,-458.40400000000045,0.0,-458.40400000000045,-32.37743021536143,,y
2016-01-04,IC,q1,IC1603,2016-03-18,6983.404,6525.0,-458.40400000000045,0.0,-458.40400000000045,-32.37743021536143,,d
2016-01-04,IC,q1,IC1603,2016-03-18,6983.404,6525.0,-458.40400000000045,0.0,-458.40400000000045,-32.37743021536143,,p
2016-01-04,IC,q2,IC1606,2016-06-17,6983.404,6226.0,-757.4040000000005,6.389869812356157,-751.0141301876442,-23.789749067802024,0.0,y
2016-01-04,IC,q2,IC1606,2016-06-17,6983.404,6226.0,-757.4040000000005,4.4210920891049135,-752.9829079108955,-23.85211371065465,0.0,d
2016-01-04,IC,q2,IC1606,2016-06-17,6983.404,6226.0,-757.4040000000005,4.937506579096485,-752.4664934209039,-23.83575533517534,0.0,p
2016-01-05,IC,current,IC1601,2016-01-15,6889.741,6699.0,-190.74099999999999,0.0,-190.74099999999999,,,y
2016-01-05,IC,current,IC1601,2016-01-15,6889.741,6699.0,-190.74099999999999,0.0,-190.74099999999999,,,d
2016-01-05,IC,current,IC1601,2016-01-15,6889.741,6699.0,-190.74099999999999,0.0,-190.74099999999999,,,p
2016-01-05,IC,next,IC1602,2016-02-19,6889.741,6533.6,-356.1409999999996,0.0,-356.1409999999996,,,y
2016-01-05,IC,next,IC1602,2016-02-19,6889.741,6533.6,-356.1409999999996,0.0,-356.1409999999996,,,d
2016-01-05,IC,next,IC1602,2016-02-19,6889.741,6533.6,-356.1409999999996,0.0,-356.1409999999996,,,p
2016-01-05,IC,q1,IC1603,2016-03-18,6889.741,6364.6,-525.1409999999996,0.0,-525.1409999999996,-38.110358575162664,,y
2016-01-05,IC,q1,IC1603,2016-03-18,6889.741,6364.6,-525.1409999999996,0.0,-525.1409999999996,-38.110358575162664,,d
2016-01-05,IC,q1,IC1603,2016-03-18,6889.741,6364.6,-525.1409999999996,0.0,-525.1409999999996,-38.110358575162664,,p
2016-01-05,IC,q2,IC1606,2016-06-17,6889.741,6030.0,-859.741,6.304167427640233,-853.4368325723598,-27.568777125091415,0.0,y
2016-01-05,IC,q2,IC1606,2016-06-17,6889.741,6030.0,-859.741,4.361795398215795,-855.3792046017842,-27.631522040156558,0.0,d
2016-01-05,IC,q2,IC1606,2016-06-17,6889.741,6030.0,-859.741,4.871283619817899,-854.8697163801821,-27.6150639184853,0.0,p
2016-01-06,IC,current,IC1601,2016-01-15,7065.607,6814.4,-251.20700000000033,0.0,-251.20700000000033,,,y
2016-01-06,IC,current,IC1601,2016-01-15,7065.607,6814.4,-251.20700000000033,0.0,-251.20700000000033,,,d
2016-01-06,IC,current,IC1601,2016-01-15,7065.607,6814.4,-251.20700000000033,0.0,-251.20700000000033,,,p
2016-01-06,IC,next,IC1602,2016-02-19,7065.607,6632.2,-433.40700000000015,0.0,-433.40700000000015,,,y
2016-01-06,IC,next,IC1602,2016-02-19,7065.607,6632.2,-433.40700000000015,0.0,-433.40700000000015,,,d
2016-01-06,IC,next,IC1602,2016-02-19,7065.607,6632.2,-433.40700000000015,0.0,-433.40700000000015,,,p
2016-01-06,IC,q1,IC1603,2016-03-18,7065.607,6468.0,-597.607,0.0,-597.607,-42.87721474051856,,y
2016-01-06,IC,q1,IC1603,2016-03-18,7065.607,6468.0,-597.607,0.0,-597.607,-42.87721474051856,,d
2016-01-06,IC,q1,IC1603,2016-03-18,7065.607,6468.0,-597.607,0.0,-597.607,-42.87721474051856,,p
2016-01-06,IC,q2,IC1606,2016-06-17,7065.607,6120.6,-945.0069999999996,6.465086206565214,-938.5419137934344,-29.744690524042934,0.0,y
2016-01-06,IC,q2,IC1606,2016-06-17,7065.607,6120.6,-945.0069999999996,4.473133619711003,-940.5338663802886,-29.8078203772373,0.0,d
2016-01-06,IC,q2,IC1606,2016-06-17,7065.607,6120.6,-945.0069999999996,4.99562692460728,-940.0113730753923,-29.791261285494443,0.0,p
2016-01-07,IC,current,IC1601,2016-01-15,6462.243,6360.0,-102.2430000000004,0.0,-102.2430000000004,,,y
2016-01-07,IC,current,IC1601,2016-01-15,6462.243,6360.0,-102.2430000000004,0.0,-102.2430000000004,,,d
2016-01-07,IC,current,IC1601,2016-01-15,6462.243,6360.0,-102.2430000000004,0.0,-102.2430000000004,,,p
2016-01-07,IC,next,IC1602,2016-02-19,6462.243,6327.0,-135.2430000000004,0.0,-135.2430000000004,,,y
2016-01-07,IC,next,IC1602,2016-02-19,6462.243,6327.0,-135.2430000000004,0.0,-135.2430000000004,,,d
2016-01-07,IC,next,IC1602,2016-02-19,6462.243,6327.0,-135.2430000000004,0.0,-135.2430000000004,,,p
2016-01-07,IC,q1,IC1603,2016-03-18,6462.243,6039.2,-423.0430000000006,0.0,-423.0430000000006,-33.65392668036103,,y
2016-01-07,IC,q1,IC1603,2016-03-18,6462.243,6039.2,-423.0430000000006,0.0,-423.0430000000006,-33.65392668036103,,d
2016-01-07,IC,q1,IC1603,2016-03-18,6462.243,6039.2,-423.0430000000006,0.0,-423.0430000000006,-33.65392668036103,,p
2016-01-07,IC,q2,IC1606,2016-06-17,6462.243,5820.0,-642.2430000000004,5.913003381418272,-636.3299966185821,-22.18589542149459,0.0,y
2016-01-07,IC,q2,IC1606,2016-06-17,6462.243,5820.0,-642.2430000000004,4.091152596237251,-638.1518474037631,-22.24941496514078,0.0,d
2016-01-07,IC,q2,IC1606,2016-06-17,6462.243,5820.0,-642.2430000000004,4.569027844904893,-637.6739721550955,-22.232753656782226,0.0,p
2016-01-08,IC,current,IC1601,2016-01-15,6570.432,6399.8,-170.6319999999996,0.0,-170.6319999999996,,,y
2016-01-08,IC,current,IC1601,2016-01-15,6570.432,6399.8,-170.6319999999996,0.0,-170.6319999999996,,,d
2016-01-08,IC,current,IC1601,2016-01-15,6570.432,6399.8,-170.6319999999996,0.0,-170.6319999999996,,,p
2016-01-08,IC,next,IC1602,2016-02-19,6570.432,6182.2,-388.23199999999997,0.0,-388.23199999999997,,,y
2016-01-08,IC,next,IC1602,2016-02-19,6570.432,6182.2,-388.23199999999997,0.0,-388.23199999999997,,,d
2016-01-08,IC,next,IC1602,2016-02-19,6570.432,6182.2,-388.23199999999997,0.0,-388.23199999999997,,,p
2016-01-08,IC,q1,IC1603,2016-03-18,6570.432,6025.6,-544.8319999999994,0.0,-544.8319999999994,-43.237791887743626,,y
2016-01-08,IC,q1,IC1603,2016-03-18,6570.432,6025.6,-544.8319999999994,0.0,-544.8319999999994,-43.237791887743626,,d
2016-01-08,IC,q1,IC1603,2016-03-18,6570.432,6025.6,-544.8319999999994,0.0,-544.8319999999994,-43.237791887743626,,p
2016-01-08,IC,q2,IC1606,2016-06-17,6570.432,5685.8,-884.6319999999996,6.011997170855199,-878.6200028291444,-30.316157155053858,0.0,y
2016-01-08,IC,q2,IC1606,2016-06-17,6570.432,5685.8,-884.6319999999996,4.1596454876736,-880.472354512326,-30.38007123002704,0.0,d
2016-01-08,IC,q2,IC1606,2016-06-17,6570.432,5685.8,-884.6319999999996,4.645521185299616,-879.9864788147,-30.363306435281174,0.0,p
2016-01-11,IC,current,IC1601,2016-01-15,6128.656,5940.4,-188.2560000000003,0.0,-188.2560000000003,,,y
2016-01-11,IC,current,IC1601,2016-01-15,6128.656,5940.4,-188.2560000000003,0.0,-188.2560000000003,,,d
2016-01-11,IC,current,IC1601,2016-01-15,6128.656,5940.4,-188.2560000000003,0.0,-188.2560000000003,,,p
2016-01-11,IC,next,IC1602,2016-02-19,6128.656,5700.0,-428.65599999999995,0.0,-428.65599999999995,,,y
2016-01-11,IC,next,IC1602,2016-02-19,6128.656,5700.0,-428.65599999999995,0.0,-428.65599999999995,,,d
2016-01-11,IC,next,IC1602,2016-02-19,6128.656,5700.0,-428.65599999999995,0.0,-428.65599999999995,,,p
2016-01-11,IC,q1,IC1603,2016-03-18,6128.656,5512.6,-616.0559999999996,0.0,-616.0559999999996,-54.76120653776704,,y
2016-01-11,IC,q1,IC1603,2016-03-18,6128.656,5512.6,-616.0559999999996,0.0,-616.0559999999996,-54.76120653776704,,d
2016-01-11,IC,q1,IC1603,2016-03-18,6128.656,5512.6,-616.0559999999996,0.0,-616.0559999999996,-54.76120653776704,,p
2016-01-11,IC,q2,IC1606,2016-06-17,6128.656,5193.8,-934.8559999999998,5.6077686418708454,-929.2482313581289,-35.02694621456446,0.0,y
2016-01-11,IC,q2,IC1606,2016-06-17,6128.656,5193.8,-934.8559999999998,3.879963490361629,-930.9760365096381,-35.0920738479232,0.0,d
2016-01-11,IC,q2,IC1606,2016-06-17,6128.656,5193.8,-934.8559999999998,4.3331703737918,-930.522829626208,-35.074990734289756,0.0,p
2016-01-12,IC,current,IC1601,2016-01-15,6136.663,6074.8,-61.862999999999374,0.0,-61.862999999999374,,,y
2016-01-12,IC,current,IC1601,2016-01-15,6136.663,6074.8,-61.862999999999374,0.0,-61.862999999999374,,,d
2016-01-12,IC,current,IC1601,2016-01-15,6136.663,6074.8,-61.862999999999374,0.0,-61.862999999999374,,,p
2016-01-12,IC,next,IC1602,2016-02-19,6136.663,5820.4,-316.2629999999999,0.0,-316.2629999999999,,,y
2016-01-12,IC,next,IC1602,2016-02-19,6136.663,5820.4,-316.2629999999999,0.0,-316.2629999999999,,,d
2016-01-12,IC,next,IC1602,2016-02-19,6136.663,5820.4,-316.2629999999999,0.0,-316.2629999999999,,,p
2016-01-12,IC,q1,IC1603,2016-03-18,6136.663,5609.0,-527.6629999999996,0.0,-527.6629999999996,-47.55249372303458,,y
2016-01-12,IC,q1,IC1603,2016-03-18,6136.663,5609.0,-527.6629999999996,0.0,-527.6629999999996,-47.55249372303458,,d
2016-01-12,IC,q1,IC1603,2016-03-18,6136.663,5609.0,-527.6629999999996,0.0,-527.6629999999996,-47.55249372303458,,p
2016-01-12,IC,q2,IC1606,2016-06-17,6136.663,5205.2,-931.4629999999997,5.615095110107186,-925.8479048898926,-35.07523471402401,0.0,y
2016-01-12,IC,q2,IC1606,2016-06-17,6136.663,5205.2,-931.4629999999997,3.885032606276656,-927.577967393723,-35.14077717307295,0.0,d
2016-01-12,IC,q2,IC1606,2016-06-17,6136.663,5205.2,-931.4629999999997,4.33883159791385,-927.1241684020858,-35.123585249798516,0.0,p
2016-01-13,IC,current,IC1601,2016-01-15,5924.044,5904.4,-19.644000000000233,0.0,-19.644000000000233,,,y
2016-01-13,IC,current,IC1601,2016-01-15,5924.044,5904.4,-19.644000000000233,0.0,-19.644000000000233,,,d
2016-01-13,IC,current,IC1601,2016-01-15,5924.044,5904.4,-19.644000000000233,0.0,-19.644000000000233,,,p
2016-01-13,IC,next,IC1602,2016-02-19,5924.044,5630.0,-294.04399999999987,0.0,-294.04399999999987,,,y
2016-01-13,IC,next,IC1602,2016-02-19,5924.044,5630.0,-294.04399999999987,0.0,-294.04399999999987,,,d
2016-01-13,IC,next,IC1602,2016-02-19,5924.044,5630.0,-294.04399999999987,0.0,-294.04399999999987,,,p
2016-01-13,IC,q1,IC1603,2016-03-18,5924.044,5422.8,-501.2439999999997,0.0,-501.2439999999997,-47.512777524168364,,y
2016-01-13,IC,q1,IC1603,2016-03-18,5924.044,5422.8,-501.2439999999997,0.0,-501.2439999999997,-47.512777524168364,,d
2016-01-13,IC,q1,IC1603,2016-03-18,5924.044,5422.8,-501.2439999999997,0.0,-501.2439999999997,-47.512777524168364,,p
2016-01-13,IC,q2,IC1606,2016-06-17,5924.044,5098.0,-826.0439999999999,5.42054704592053,-820.6234529540793,-32.4111107824749,0.0,y
2016-01-13,IC,q2,IC1606,2016-06-17,5924.044,5098.0,-826.0439999999999,3.7504265919470545,-822.2935734080528,-32.4770733854921,0.0,d
2016-01-13,IC,q2,IC1606,2016-06-17,5924.044,5098.0,-826.0439999999999,4.188502659284363,-821.8554973407155,-32.45977125758129,0.0,p
2016-01-14,IC,current,IC1601,2016-01-15,6124.82,6078.0,-46.81999999999971,0.0,-46.81999999999971,,,y
2016-01-14,IC,current,IC1601,2016-01-15,6124.82,6078.0,-46.81999999999971,0.0,-46.81999999999971,,,d
2016-01-14,IC,current,IC1601,2016-01-15,6124.82,6078.0,-46.81999999999971,0.0,-46.81999999999971,,,p
2016-01-14,IC,next,IC1602,2016-02-19,6124.82,5800.0,-324.8199999999997,0.0,-324.8199999999997,,,y
2016-01-14,IC,next,IC1602,2016-02-19,6124.82,5800.0,-324.8199999999997,0.0,-324.8199999999997,,,d
2016-01-14,IC,next,IC1602,2016-02-19,6124.82,5800.0,-324.8199999999997,0.0,-324.8199999999997,,,p
2016-01-14,IC,q1,IC1603,2016-03-18,6124.82,5555.0,-569.8199999999997,0.0,-569.8199999999997,-53.058778666148534,,y
2016-01-14,IC,q1,IC1603,2016-03-18,6124.82,5555.0,-569.8199999999997,0.0,-569.8199999999997,-53.058778666148534,,d
2016-01-14,IC,q1,IC1603,2016-03-18,6124.82,5555.0,-569.8199999999997,0.0,-569.8199999999997,-53.058778666148534,,p
2016-01-14,IC,q2,IC1606,2016-06-17,6124.82,5183.6,-941.2199999999993,5.604258671575528,-935.6157413284238,-35.972063914755175,0.0,y
2016-01-14,IC,q2,IC1606,2016-06-17,6124.82,5183.6,-941.2199999999993,3.877534974231987,-937.3424650257674,-36.03845208295313,0.0,d
2016-01-14,IC,q2,IC1606,2016-06-17,6124.82,5183.6,-941.2199999999993,4.330458189986106,-936.8895418100133,-36.02103832841064,0.0,p
2016-01-15,IC,current,IC1601,2016-01-15,5893.682,5942.8,49.11800000000039,0.0,49.11800000000039,,,y
2016-01-15,IC,current,IC1601,2016-01-15,5893.682,5942.8,49.11800000000039,0.0,49.11800000000039,,,d
2016-01-15,IC,current,IC1601,2016-01-15,5893.682,5942.8,49.11800000000039,0.0,49.11800000000039,,,p
2016-01-15,IC,next,IC1602,2016-02-19,5893.682,5570.0,-323.6819999999998,0.0,-323.6819999999998,,,y
2016-01-15,IC,next,IC1602,2016-02-19,5893.682,5570.0,-323.6819999999998,0.0,-323.6819999999998,,,d
2016-01-15,IC,next,IC1602,2016-02-19,5893.682,5570.0,-323.6819999999998,0.0,-323.6819999999998,,,p
2016-01-15,IC,q1,IC1603,2016-03-18,5893.682,5327.6,-566.0819999999994,0.0,-566.0819999999994,-55.647410711528465,,y
2016-01-15,IC,q1,IC1603,2016-03-18,5893.682,5327.6,-566.0819999999994,0.0,-566.0819999999994,-55.647410711528465,,d
2016-01-15,IC,q1,IC1603,2016-03-18,5893.682,5327.6,-566.0819999999994,0.0,-566.0819999999994,-55.647410711528465,,p
2016-01-15,IC,q2,IC1606,2016-06-17,5893.682,4882.8,-1010.8819999999996,5.392765576132621,-1005.489234423867,-40.43550481010042,0.0,y
2016-01-15,IC,q2,IC1606,2016-06-17,5893.682,4882.8,-1010.8819999999996,3.7312048487958056,-1007.1507951512039,-40.50232407029966,0.0,d
2016-01-15,IC,q2,IC1606,2016-06-17,5893.682,4882.8,-1010.8819999999996,4.167035682040239,-1006.7149643179594,-40.48479723942897,0.0,p
2016-01-18,IC,current,IC1602,2016-02-19,5978.908,5695.2,-283.70800000000054,0.0,-283.70800000000054,,,y
2016-01-18,IC,current,IC1602,2016-02-19,5978.908,5695.2,-283.70800000000054,0.0,-283.70800000000054,,,d
2016-01-18,IC,current,IC1602,2016-02-19,5978.908,5695.2,-283.70800000000054,0.0,-283.70800000000054,,,p
2016-01-18,IC,next,IC1603,2016-03-18,5978.908,5480.6,-498.308,0.0,-498.308,-50.70112580201379,,y
2016-01-18,IC,next,IC1603,2016-03-18,5978.908,5480.6,-498.308,0.0,-498.308,-50.70112580201379,,d
2016-01-18,IC,next,IC1603,2016-03-18,5978.908,5480.6,-498.308,0.0,-498.308,-50.70112580201379,,p
2016-01-18,IC,q1,IC1603,2016-03-18,5978.908,5480.6,-498.308,0.0,-498.308,-50.70112580201379,,y
2016-01-18,IC,q1,IC1603,2016-03-18,5978.908,5480.6,-498.308,0.0,-498.308,-50.70112580201379,,d
2016-01-18,IC,q1,IC1603,2016-03-18,5978.908,5480.6,-498.308,0.0,-498.308,-50.70112580201379,,p
2016-01-18,IC,q2,IC1606,2016-06-17,5978.908,4983.2,-995.7080000000005,5.660269439908421,-990.0477305600921,-40.026736200169296,0.10112460580822513,y
2016-01-18,IC,q2,IC1606,2016-06-17,5978.908,4983.2,-995.7080000000005,4.096801045715901,-991.6111989542846,-40.08994581627159,0.13971694243674426,d
2016-01-18,IC,q2,IC1606,2016-06-17,5978.908,4983.2,-995.7080000000005,4.384759812359935,-991.3232401876406,-40.078303903227194,0.13054136152808177,p
2016-01-19,IC,current,IC1602,2016-02-19,6197.095,5928.8,-268.2950000000001,0.0,-268.2950000000001,,,y
2016-01-19,IC,current,IC1602,2016-02-19,6197.095,5928.8,-268.2950000000001,0.0,-268.2950000000001,,,d
2016-01-19,IC,current,IC1602,2016-02-19,6197.095,5928.8,-268.2950000000001,0.0,-268.2950000000001,,,p
2016-01-19,IC,next,IC1603,2016-03-18,6197.095,5726.6,-470.4949999999999,0.0,-470.4949999999999,-46.96861040180375,,y
2016-01-19,IC,next,IC1603,2016-03-18,6197.095,5726.6,-470.4949999999999,0.0,-470.4949999999999,-46.96861040180375,,d
2016-01-19,IC,next,IC1603,2016-03-18,6197.095,5726.6,-470.4949999999999,0.0,-470.4949999999999,-46.96861040180375,,p
2016-01-19,IC,q1,IC1603,2016-03-18,6197.095,5726.6,-470.4949999999999,0.0,-470.4949999999999,-46.96861040180375,,y
2016-01-19,IC,q1,IC1603,2016-03-18,6197.095,5726.6,-470.4949999999999,0.0,-470.4949999999999,-46.96861040180375,,d
2016-01-19,IC,q1,IC1603,2016-03-18,6197.095,5726.6,-470.4949999999999,0.0,-470.4949999999999,-46.96861040180375,,p
2016-01-19,IC,q2,IC1606,2016-06-17,6197.095,5235.0,-962.0950000000003,5.866828431664993,-956.2281715683353,-37.546977804110085,0.10112460580822513,y
2016-01-19,IC,q2,IC1606,2016-06-17,6197.095,5235.0,-962.0950000000003,4.24630472260165,-957.8486952773986,-37.610608817653066,0.13971694243674426,d
2016-01-19,IC,q2,IC1606,2016-06-17,6197.095,5235.0,-962.0950000000003,4.544771906404429,-957.5502280935958,-37.59888929185502,0.13054136152808177,p
2016-01-20,IC,current,IC1602,2016-02-19,6138.503,5835.0,-303.5029999999997,0.0,-303.5029999999997,,,y
2016-01-20,IC,current,IC1602,2016-02-19,6138.503,5835.0,-303.5029999999997,0.0,-303.5029999999997,,,d
2016-01-20,IC,current,IC1602,2016-02-19,6138.503,5835.0,-303.5029999999997,0.0,-303.5029999999997,,,p
2016-01-20,IC,next,IC1603,2016-03-18,6138.503,5621.8,-516.7029999999995,0.0,-516.7029999999995,-52.97163544653281,,y
2016-01-20,IC,next,IC1603,2016-03-18,6138.503,5621.8,-516.7029999999995,0.0,-516.7029999999995,-52.97163544653281,,d
2016-01-20,IC,next,IC1603,2016-03-18,6138.503,5621.8,-516.7029999999995,0.0,-516.7029999999995,-52.97163544653281,,p
2016-01-20,IC,q1,IC1603,2016-03-18,6138.503,5621.8,-516.7029999999995,0.0,-516.7029999999995,-52.97163544653281,,y
2016-01-20,IC,q1,IC1603,2016-03-18,6138.503,5621.8,-516.7029999999995,0.0,-516.7029999999995,-52.97163544653281,,d
2016-01-20,IC,q1,IC1603,2016-03-18,6138.503,5621.8,-516.7029999999995,0.0,-516.7029999999995,-52.97163544653281,,p
2016-01-20,IC,q2,IC1606,2016-06-17,6138.503,5116.6,-1021.9029999999993,5.811359020357256,-1016.0916409796421,-40.54870625705976,0.10112460580822513,y
2016-01-20,IC,q2,IC1606,2016-06-17,6138.503,5116.6,-1021.9029999999993,4.206156962028885,-1017.6968430379704,-40.6127643243849,0.13971694243674426,d
2016-01-20,IC,q2,IC1606,2016-06-17,6138.503,5116.6,-1021.9029999999993,4.501802212452658,-1017.4011977875467,-40.60096614405131,0.13054136152808177,p
2016-01-21,IC,current,IC1602,2016-02-19,5886.884,5679.0,-207.88400000000001,0.0,-207.88400000000001,,,y
2016-01-21,IC,current,IC1602,2016-02-19,5886.884,5679.0,-207.88400000000001,0.0,-207.88400000000001,,,d
2016-01-21,IC,current,IC1602,2016-02-19,5886.884,5679.0,-207.88400000000001,0.0,-207.88400000000001,,,p
2016-01-21,IC,next,IC1603,2016-03-18,5886.884,5489.0,-397.884,0.0,-397.884,-43.280174778550524,,y
2016-01-21,IC,next,IC1603,2016-03-18,5886.884,5489.0,-397.884,0.0,-397.884,-43.280174778550524,,d
2016-01-21,IC,next,IC1603,2016-03-18,5886.884,5489.0,-397.884,0.0,-397.884,-43.280174778550524,,p
2016-01-21,IC,q1,IC1603,2016-03-18,5886.884,5489.0,-397.884,0.0,-397.884,-43.280174778550524,,y
2016-01-21,IC,q1,IC1603,2016-03-18,5886.884,5489.0,-397.884,0.0,-397.884,-43.280174778550524,,d
2016-01-21,IC,q1,IC1603,2016-03-18,5886.884,5489.0,-397.884,0.0,-397.884,-43.280174778550524,,p
2016-01-21,IC,q2,IC1606,2016-06-17,5886.884,4981.2,-905.6840000000002,5.5731497459880375,-900.1108502540121,-37.708709315295,0.10112460580822513,y
2016-01-21,IC,q2,IC1606,2016-06-17,5886.884,4981.2,-905.6840000000002,4.033745380796662,-901.6502546192036,-37.77320020739936,0.13971694243674426,d
2016-01-21,IC,q2,IC1606,2016-06-17,5886.884,4981.2,-905.6840000000002,4.317272047541909,-901.3667279524583,-37.7613223096311,0.13054136152808177,p
2016-01-22,IC,current,IC1602,2016-02-19,5980.611,5779.8,-200.8109999999997,0.0,-200.8109999999997,,,y
2016-01-22,IC,current,IC1602,2016-02-19,5980.611,5779.8,-200.8109999999997,0.0,-200.8109999999997,,,d
2016-01-22,IC,current,IC1602,2016-02-19,5980.611,5779.8,-200.8109999999997,0.0,-200.8109999999997,,,p
2016-01-22,IC,next,IC1603,2016-03-18,5980.611,5567.8,-412.8109999999997,0.0,-412.8109999999997,-44.989435443970486,,y
2016-01-22,IC,next,IC1603,2016-03-18,5980.611,5567.8,-412.8109999999997,0.0,-412.8109999999997,-44.989435443970486,,d
2016-01-22,IC,next,IC1603,2016-03-18,5980.611,5567.8,-412.8109999999997,0.0,-412.8109999999997,-44.989435443970486,,p
2016-01-22,IC,q1,IC1603,2016-03-18,5980.611,5567.8,-412.8109999999997,0.0,-412.8109999999997,-44.989435443970486,,y
2016-01-22,IC,q1,IC1603,2016-03-18,5980.611,5567.8,-412.8109999999997,0.0,-412.8109999999997,-44.989435443970486,,d
2016-01-22,IC,q1,IC1603,2016-03-18,5980.611,5567.8,-412.8109999999997,0.0,-412.8109999999997,-44.989435443970486,,p
2016-01-22,IC,q2,IC1606,2016-06-17,5980.611,5038.0,-942.6109999999999,5.66188168061461,-936.9491183193853,-38.89967575191745,0.10112460580822513,y
2016-01-22,IC,q2,IC1606,2016-06-17,5980.611,5038.0,-942.6109999999999,4.097967956493062,-938.5130320435068,-38.96460535757354,0.13971694243674426,d
2016-01-22,IC,q2,IC1606,2016-06-17,5980.611,5038.0,-942.6109999999999,4.386008743763537,-938.2249912562363,-38.95264665777963,0.13054136152808177,p
2016-01-25,IC,current,IC1602,2016-02-19,6041.326,5800.0,-241.32600000000002,0.0,-241.32600000000002,,,y
2016-01-25,IC,current,IC1602,2016-02-19,6041.326,5800.0,-241.32600000000002,0.0,-241.32600000000002,,,d
2016-01-25,IC,current,IC1602,2016-02-19,6041.326,5800.0,-241.32600000000002,0.0,-241.32600000000002,,,p
2016-01-25,IC,next,IC1603,2016-03-18,6041.326,5598.0,-443.326,0.0,-443.326,-50.53682173323202,,y
2016-01-25,IC,next,IC1603,2016-03-18,6041.326,5598.0,-443.326,0.0,-443.326,-50.53682173323202,,d
2016-01-25,IC,next,IC1603,2016-03-18,6041.326,5598.0,-443.326,0.0,-443.326,-50.53682173323202,,p
2016-01-25,IC,q1,IC1603,2016-03-18,6041.326,5598.0,-443.326,0.0,-443.326,-50.53682173323202,,y
2016-01-25,IC,q1,IC1603,2016-03-18,6041.326,5598.0,-443.326,0.0,-443.326,-50.53682173323202,,d
2016-01-25,IC,q1,IC1603,2016-03-18,6041.326,5598.0,-443.326,0.0,-443.326,-50.53682173323202,,p
2016-01-25,IC,q2,IC1606,2016-06-17,6041.326,5008.6,-1032.7259999999997,5.719360949244273,-1027.0066390507554,-43.089489796970184,0.10112460580822513,y
2016-01-25,IC,q2,IC1606,2016-06-17,6041.326,5008.6,-1032.7259999999997,4.139570415586034,-1028.5864295844137,-43.15577210274411,0.13971694243674426,d
2016-01-25,IC,q2,IC1606,2016-06-17,6041.326,5008.6,-1032.7259999999997,4.430535385084567,-1028.295464614915,-43.14356426337116,0.13054136152808177,p
2016-01-26,IC,current,IC1602,2016-02-19,5589.307,5401.2,-188.10699999999997,0.0,-188.10699999999997,,,y
2016-01-26,IC,current,IC1602,2016-02-19,5589.307,5401.2,-188.10699999999997,0.0,-188.10699999999997,,,d
2016-01-26,IC,current,IC1602,2016-02-19,5589.307,5401.2,-188.10699999999997,0.0,-188.10699999999997,,,p
2016-01-26,IC,next,IC1603,2016-03-18,5589.307,5202.0,-387.3069999999998,0.0,-387.3069999999998,-48.63925369528745,,y
2016-01-26,IC,next,IC1603,2016-03-18,5589.307,5202.0,-387.3069999999998,0.0,-387.3069999999998,-48.63925369528745,,d
2016-01-26,IC,next,IC1603,2016-03-18,5589.307,5202.0,-387.3069999999998,0.0,-387.3069999999998,-48.63925369528745,,p
2016-01-26,IC,q1,IC1603,2016-03-18,5589.307,5202.0,-387.3069999999998,0.0,-387.3069999999998,-48.63925369528745,,y
2016-01-26,IC,q1,IC1603,2016-03-18,5589.307,5202.0,-387.3069999999998,0.0,-387.3069999999998,-48.63925369528745,,d
2016-01-26,IC,q1,IC1603,2016-03-18,5589.307,5202.0,-387.3069999999998,0.0,-387.3069999999998,-48.63925369528745,,p
2016-01-26,IC,q2,IC1606,2016-06-17,5589.307,4661.0,-928.3069999999998,5.291431746794935,-923.0155682532048,-42.15100061705109,0.10112460580822513,y
2016-01-26,IC,q2,IC1606,2016-06-17,5589.307,4661.0,-928.3069999999998,3.8298429683860675,-924.4771570316137,-42.2177464354528,0.13971694243674426,d
2016-01-26,IC,q2,IC1606,2016-06-17,5589.307,4661.0,-928.3069999999998,4.099037602274875,-924.2079623977249,-42.20545322657375,0.13054136152808177,p
2016-01-27,IC,current,IC1602,2016-02-19,5514.189,5280.4,-233.78900000000067,0.0,-233.78900000000067,,,y
2016-01-27,IC,current,IC1602,2016-02-19,5514.189,5280.4,-233.78900000000067,0.0,-233.78900000000067,,,d
2016-01-27,IC,current,IC1602,2016-02-19,5514.189,5280.4,-233.78900000000067,0.0,-233.78900000000067,,,p
2016-01-27,IC,next,IC1603,2016-03-18,5514.189,5090.0,-424.1890000000003,0.0,-424.1890000000003,-55.0554660164966,,y
2016-01-27,IC,next,IC1603,2016-03-18,5514.189,5090.0,-424.1890000000003,0.0,-424.1890000000003,-55.0554660164966,,d
2016-01-27,IC,next,IC1603,2016-03-18,5514.189,5090.0,-424.1890000000003,0.0,-424.1890000000003,-55.0554660164966,,p
2016-01-27,IC,q1,IC1603,2016-03-18,5514.189,5090.0,-424.1890000000003,0.0,-424.1890000000003,-55.0554660164966,,y
2016-01-27,IC,q1,IC1603,2016-03-18,5514.189,5090.0,-424.1890000000003,0.0,-424.1890000000003,-55.0554660164966,,d
2016-01-27,IC,q1,IC1603,2016-03-18,5514.189,5090.0,-424.1890000000003,0.0,-424.1890000000003,-55.0554660164966,,p
2016-01-27,IC,q2,IC1606,2016-06-17,5514.189,4643.8,-870.3890000000001,5.220317068364186,-865.1686829316359,-40.32957664973995,0.10112460580822513,y
2016-01-27,IC,q2,IC1606,2016-06-17,5514.189,4643.8,-870.3890000000001,3.778371445333349,-866.6106285546667,-40.396792509116324,0.13971694243674426,d
2016-01-27,IC,q2,IC1606,2016-06-17,5514.189,4643.8,-870.3890000000001,4.043948213445869,-866.3450517865542,-40.38441272834376,0.13054136152808177,p
2016-01-28,IC,current,IC1602,2016-02-19,5271.233,5155.0,-116.23300000000017,0.0,-116.23300000000017,,,y
2016-01-28,IC,current,IC1602,2016-02-19,5271.233,5155.0,-116.23300000000017,0.0,-116.23300000000017,,,d
2016-01-28,IC,current,IC1602,2016-02-19,5271.233,5155.0,-116.23300000000017,0.0,-116.23300000000017,,,p
2016-01-28,IC,next,IC1603,2016-03-18,5271.233,4978.0,-293.2330000000002,0.0,-293.2330000000002,-40.60911175810292,,y
2016-01-28,IC,next,IC1603,2016-03-18,5271.233,4978.0,-293.2330000000002,0.0,-293.2330000000002,-40.60911175810292,,d
2016-01-28,IC,next,IC1603,2016-03-18,5271.233,4978.0,-293.2330000000002,0.0,-293.2330000000002,-40.60911175810292,,p
2016-01-28,IC,q1,IC1603,2016-03-18,5271.233,4978.0,-293.2330000000002,0.0,-293.2330000000002,-40.60911175810292,,y
2016-01-28,IC,q1,IC1603,2016-03-18,5271.233,4978.0,-293.2330000000002,0.0,-293.2330000000002,-40.60911175810292,,d
2016-01-28,IC,q1,IC1603,2016-03-18,5271.233,4978.0,-293.2330000000002,0.0,-293.2330000000002,-40.60911175810292,,p
2016-01-28,IC,q2,IC1606,2016-06-17,5271.233,4566.0,-705.2330000000002,4.990309110047652,-700.2426908899525,-34.38825375321774,0.10112460580822513,y
2016-01-28,IC,q2,IC1606,2016-06-17,5271.233,4566.0,-705.2330000000002,3.611895828905909,-701.6211041710943,-34.45594632081665,0.13971694243674426,d
2016-01-28,IC,q2,IC1606,2016-06-17,5271.233,4566.0,-705.2330000000002,3.865771244512459,-701.3672287554878,-34.443478740180446,0.13054136152808177,p
2016-01-29,IC,current,IC1602,2016-02-19,5469.125,5329.8,-139.32499999999982,0.0,-139.32499999999982,,,y
2016-01-29,IC,current,IC1602,2016-02-19,5469.125,5329.8,-139.32499999999982,0.0,-139.32499999999982,,,d
2016-01-29,IC,current,IC1602,2016-02-19,5469.125,5329.8,-139.32499999999982,0.0,-139.32499999999982,,,p
2016-01-29,IC,next,IC1603,2016-03-18,5469.125,5160.0,-309.125,0.0,-309.125,-42.103002149823425,,y
2016-01-29,IC,next,IC1603,2016-03-18,5469.125,5160.0,-309.125,0.0,-309.125,-42.103002149823425,,d
2016-01-29,IC,next,IC1603,2016-03-18,5469.125,5160.0,-309.125,0.0,-309.125,-42.103002149823425,,p
2016-01-29,IC,q1,IC1603,2016-03-18,5469.125,5160.0,-309.125,0.0,-309.125,-42.103002149823425,,y
2016-01-29,IC,q1,IC1603,2016-03-18,5469.125,5160.0,-309.125,0.0,-309.125,-42.103002149823425,,d
2016-01-29,IC,q1,IC1603,2016-03-18,5469.125,5160.0,-309.125,0.0,-309.125,-42.103002149823425,,p
2016-01-29,IC,q2,IC1606,2016-06-17,5469.125,4751.8,-717.3249999999998,5.177654698908085,-712.1473453010917,-33.948206788745715,0.10112460580822513,y
2016-01-29,IC,q2,IC1606,2016-06-17,5469.125,4751.8,-717.3249999999998,3.747493190922319,-713.5775068090775,-34.016382874684616,0.13971694243674426,d
2016-01-29,IC,q2,IC1606,2016-06-17,5469.125,4751.8,-717.3249999999998,4.010899567073624,-713.3141004329262,-34.00382623990102,0.13054136152808177,p
2016-02-01,IC,current,IC1602,2016-02-19,5399.477,5323.0,-76.47699999999986,0.0,-76.47699999999986,,,y
2016-02-01,IC,current,IC1602,2016-02-19,5399.477,5323.0,-76.47699999999986,0.0,-76.47699999999986,,,d
2016-02-01,IC,current,IC1602,2016-02-19,5399.477,5323.0,-76.47699999999986,0.0,-76.47699999999986,,,p
2016-02-01,IC,next,IC1603,2016-03-18,5399.477,5154.8,-244.67699999999968,0.0,-244.67699999999968,-35.95642326743541,,y
2016-02-01,IC,next,IC1603,2016-03-18,5399.477,5154.8,-244.67699999999968,0.0,-244.67699999999968,-35.95642326743541,,d
2016-02-01,IC,next,IC1603,2016-03-18,5399.477,5154.8,-244.67699999999968,0.0,-244.67699999999968,-35.95642326743541,,p
2016-02-01,IC,q1,IC1603,2016-03-18,5399.477,5154.8,-244.67699999999968,0.0,-244.67699999999968,-35.95642326743541,,y
2016-02-01,IC,q1,IC1603,2016-03-18,5399.477,5154.8,-244.67699999999968,0.0,-244.67699999999968,-35.95642326743541,,d
2016-02-01,IC,q1,IC1603,2016-03-18,5399.477,5154.8,-244.67699999999968,0.0,-244.67699999999968,-35.95642326743541,,p
2016-02-01,IC,q2,IC1606,2016-06-17,5399.477,4751.4,-648.0770000000002,5.148824711751208,-642.928175288249,-31.72364345606699,0.09629363259993054,y
2016-02-01,IC,q2,IC1606,2016-06-17,5399.477,4751.4,-648.0770000000002,3.721718550986917,-644.3552814490133,-31.794060352943138,0.1332177670940053,d
2016-02-01,IC,q2,IC1606,2016-06-17,5399.477,4751.4,-648.0770000000002,3.955519871924597,-644.1214801280756,-31.782524025822838,0.1253435834399128,p
2016-02-02,IC,current,IC1602,2016-02-19,5586.627,5523.6,-63.027000000000044,0.0,-63.027000000000044,,,y
2016-02-02,IC,current,IC1602,2016-02-19,5586.627,5523.6,-63.027000000000044,0.0,-63.027000000000044,,,d
2016-02-02,IC,current,IC1602,2016-02-19,5586.627,5523.6,-63.027000000000044,0.0,-63.027000000000044,,,p
2016-02-02,IC,next,IC1603,2016-03-18,5586.627,5346.2,-240.4270000000006,0.0,-240.4270000000006,-34.907111412863536,,y
2016-02-02,IC,next,IC1603,2016-03-18,5586.627,5346.2,-240.4270000000006,0.0,-240.4270000000006,-34.907111412863536,,d
2016-02-02,IC,next,IC1603,2016-03-18,5586.627,5346.2,-240.4270000000006,0.0,-240.4270000000006,-34.907111412863536,,p
2016-02-02,IC,q1,IC1603,2016-03-18,5586.627,5346.2,-240.4270000000006,0.0,-240.4270000000006,-34.907111412863536,,y
2016-02-02,IC,q1,IC1603,2016-03-18,5586.627,5346.2,-240.4270000000006,0.0,-240.4270000000006,-34.907111412863536,,d
2016-02-02,IC,q1,IC1603,2016-03-18,5586.627,5346.2,-240.4270000000006,0.0,-240.4270000000006,-34.907111412863536,,p
2016-02-02,IC,q2,IC1606,2016-06-17,5586.627,4939.0,-647.6270000000004,5.327286911850261,-642.2997130881502,-30.856169257772226,0.09629363259993054,y
2016-02-02,IC,q2,IC1606,2016-06-17,5586.627,4939.0,-647.6270000000004,3.8507161607215634,-643.7762838392788,-30.927103925948927,0.13321776709400532,d
2016-02-02,IC,q2,IC1606,2016-06-17,5586.627,4939.0,-647.6270000000004,4.092621214152871,-643.5343787858476,-30.915482772893927,0.1253435834399128,p
2016-02-03,IC,current,IC1602,2016-02-19,5610.173,5556.8,-53.37299999999959,0.0,-53.37299999999959,,,y
2016-02-03,IC,current,IC1602,2016-02-19,5610.173,5556.8,-53.37299999999959,0.0,-53.37299999999959,,,d
2016-02-03,IC,current,IC1602,2016-02-19,5610.173,5556.8,-53.37299999999959,0.0,-53.37299999999959,,,p
2016-02-03,IC,next,IC1603,2016-03-18,5610.173,5362.0,-248.17299999999977,0.0,-248.17299999999977,-36.69597784077405,,y
2016-02-03,IC,next,IC1603,2016-03-18,5610.173,5362.0,-248.17299999999977,0.0,-248.17299999999977,-36.69597784077405,,d
2016-02-03,IC,next,IC1603,2016-03-18,5610.173,5362.0,-248.17299999999977,0.0,-248.17299999999977,-36.69597784077405,,p
2016-02-03,IC,q1,IC1603,2016-03-18,5610.173,5362.0,-248.17299999999977,0.0,-248.17299999999977,-36.69597784077405,,y
2016-02-03,IC,q1,IC1603,2016-03-18,5610.173,5362.0,-248.17299999999977,0.0,-248.17299999999977,-36.69597784077405,,d
2016-02-03,IC,q1,IC1603,2016-03-18,5610.173,5362.0,-248.17299999999977,0.0,-248.17299999999977,-36.69597784077405,,p
2016-02-03,IC,q2,IC1606,2016-06-17,5610.173,4948.2,-661.973,5.65350536965454,-656.3194946303454,-31.629923862330234,0.18283279048028445,y
2016-02-03,IC,q2,IC1606,2016-06-17,5610.173,4948.2,-661.973,4.180468546828249,-657.7925314531717,-31.700913742919788,0.2472560554279128,d
2016-02-03,IC,q2,IC1606,2016-06-17,5610.173,4948.2,-661.973,4.416937957855083,-657.5560620421448,-31.689517601973584,0.2340187189840362,p
2016-02-04,IC,current,IC1602,2016-02-19,5721.485,5695.0,-26.484999999999673,0.0,-26.484999999999673,,,y
2016-02-04,IC,current,IC1602,2016-02-19,5721.485,5695.0,-26.484999999999673,0.0,-26.484999999999673,,,d
2016-02-04,IC,current,IC1602,2016-02-19,5721.485,5695.0,-26.484999999999673,0.0,-26.484999999999673,,,p
2016-02-04,IC,next,IC1603,2016-03-18,5721.485,5524.8,-196.6849999999995,0.0,-196.6849999999995,-29.18010735178498,,y
2016-02-04,IC,next,IC1603,2016-03-18,5721.485,5524.8,-196.6849999999995,0.0,-196.6849999999995,-29.18010735178498,,d
2016-02-04,IC,next,IC1603,2016-03-18,5721.485,5524.8,-196.6849999999995,0.0,-196.6849999999995,-29.18010735178498,,p
2016-02-04,IC,q1,IC1603,2016-03-18,5721.485,5524.8,-196.6849999999995,0.0,-196.6849999999995,-29.18010735178498,,y
2016-02-04,IC,q1,IC1603,2016-03-18,5721.485,5524.8,-196.6849999999995,0.0,-196.6849999999995,-29.18010735178498,,d
2016-02-04,IC,q1,IC1603,2016-03-18,5721.485,5524.8,-196.6849999999995,0.0,-196.6849999999995,-29.18010735178498,,p
2016-02-04,IC,q2,IC1606,2016-06-17,5721.485,5075.0,-646.4849999999997,5.76567713150698,-640.7193228684927,-30.503320933184806,0.18283279048028445,y
2016-02-04,IC,q2,IC1606,2016-06-17,5721.485,5075.0,-646.4849999999997,4.263413638696993,-642.2215863613027,-30.57484058900264,0.2472560554279128,d
2016-02-04,IC,q2,IC1606,2016-06-17,5721.485,5075.0,-646.4849999999997,4.504574862806992,-641.9804251371927,-30.56335940222848,0.2340187189840362,p
2016-02-05,IC,current,IC1602,2016-02-19,5664.197,5617.0,-47.197000000000116,0.0,-47.197000000000116,,,y
2016-02-05,IC,current,IC1602,2016-02-19,5664.197,5617.0,-47.197000000000116,0.0,-47.197000000000116,,,d
2016-02-05,IC,current,IC1602,2016-02-19,5664.197,5617.0,-47.197000000000116,0.0,-47.197000000000116,,,p
2016-02-05,IC,next,IC1603,2016-03-18,5664.197,5458.0,-206.19700000000012,0.0,-206.19700000000012,-31.636437063322838,,y
2016-02-05,IC,next,IC1603,2016-03-18,5664.197,5458.0,-206.19700000000012,0.0,-206.19700000000012,-31.636437063322838,,d
2016-02-05,IC,next,IC1603,2016-03-18,5664.197,5458.0,-206.19700000000012,0.0,-206.19700000000012,-31.636437063322838,,p
2016-02-05,IC,q1,IC1603,2016-03-18,5664.197,5458.0,-206.19700000000012,0.0,-206.19700000000012,-31.636437063322838,,y
2016-02-05,IC,q1,IC1603,2016-03-18,5664.197,5458.0,-206.19700000000012,0.0,-206.19700000000012,-31.636437063322838,,d
2016-02-05,IC,q1,IC1603,2016-03-18,5664.197,5458.0,-206.19700000000012,0.0,-206.19700000000012,-31.636437063322838,,p
2016-02-05,IC,q2,IC1606,2016-06-17,5664.197,5012.0,-652.1970000000001,5.707946645189219,-646.489053354811,-31.323050412321518,0.18283279048028445,y
2016-02-05,IC,q2,IC1606,2016-06-17,5664.197,5012.0,-652.1970000000001,4.220724993959888,-647.9762750060403,-31.39510780991242,0.2472560554279128,d
2016-02-05,IC,q2,IC1606,2016-06-17,5664.197,5012.0,-652.1970000000001,4.459471522548216,-647.7375284774519,-31.38354029842566,0.2340187189840362,p
2016-02-15,IC,current,IC1602,2016-02-19,5668.04,5651.4,-16.640000000000327,0.0,-16.640000000000327,,,y
2016-02-15,IC,current,IC1602,2016-02-19,5668.04,5651.4,-16.640000000000327,0.0,-16.640000000000327,,,d
2016-02-15,IC,current,IC1602,2016-02-19,5668.04,5651.4,-16.640000000000327,0.0,-16.640000000000327,,,p
2016-02-15,IC,next,IC1603,2016-03-18,5668.04,5480.0,-188.03999999999996,0.0,-188.03999999999996,-37.84079240795759,,y
2016-02-15,IC,next,IC1603,2016-03-18,5668.04,5480.0,-188.03999999999996,0.0,-188.03999999999996,-37.84079240795759,,d
2016-02-15,IC,next,IC1603,2016-03-18,5668.04,5480.0,-188.03999999999996,0.0,-188.03999999999996,-37.84079240795759,,p
2016-02-15,IC,q1,IC1603,2016-03-18,5668.04,5480.0,-188.03999999999996,0.0,-188.03999999999996,-37.84079240795759,,y
2016-02-15,IC,q1,IC1603,2016-03-18,5668.04,5480.0,-188.03999999999996,0.0,-188.03999999999996,-37.84079240795759,,d
2016-02-15,IC,q1,IC1603,2016-03-18,5668.04,5480.0,-188.03999999999996,0.0,-188.03999999999996,-37.84079240795759,,p
2016-02-15,IC,q2,IC1606,2016-06-17,5668.04,5030.0,-638.04,5.711819328105697,-632.3281806718943,-33.10528902310238,0.18283279048028445,y
2016-02-15,IC,q2,IC1606,2016-06-17,5668.04,5030.0,-638.04,4.223588638383235,-633.8164113616167,-33.183204745700664,0.2472560554279128,d
2016-02-15,IC,q2,IC1606,2016-06-17,5668.04,5030.0,-638.04,4.462497149845634,-633.5775028501544,-33.17069678612557,0.2340187189840362,p
2016-02-16,IC,current,IC1602,2016-02-19,5902.534,5881.0,-21.53399999999965,0.0,-21.53399999999965,,,y
2016-02-16,IC,current,IC1602,2016-02-19,5902.534,5881.0,-21.53399999999965,0.0,-21.53399999999965,,,d
2016-02-16,IC,current,IC1602,2016-02-19,5902.534,5881.0,-21.53399999999965,0.0,-21.53399999999965,,,p
2016-02-16,IC,next,IC1603,2016-03-18,5902.534,5706.0,-196.53399999999965,0.0,-196.53399999999965,-39.20399873746946,,y
2016-02-16,IC,next,IC1603,2016-03-18,5902.534,5706.0,-196.53399999999965,0.0,-196.53399999999965,-39.20399873746946,,d
2016-02-16,IC,next,IC1603,2016-03-18,5902.534,5706.0,-196.53399999999965,0.0,-196.53399999999965,-39.20399873746946,,p
2016-02-16,IC,q1,IC1603,2016-03-18,5902.534,5706.0,-196.53399999999965,0.0,-196.53399999999965,-39.20399873746946,,y
2016-02-16,IC,q1,IC1603,2016-03-18,5902.534,5706.0,-196.53399999999965,0.0,-196.53399999999965,-39.20399873746946,,d
2016-02-16,IC,q1,IC1603,2016-03-18,5902.534,5706.0,-196.53399999999965,0.0,-196.53399999999965,-39.20399873746946,,p
2016-02-16,IC,q2,IC1606,2016-06-17,5902.534,5258.0,-644.5339999999997,5.948124534407137,-638.5858754655925,-32.367849400649646,0.18283279048028445,y
2016-02-16,IC,q2,IC1606,2016-06-17,5902.534,5258.0,-644.5339999999997,4.398323854466579,-640.1356761455331,-32.44640377671186,0.2472560554279128,d
2016-02-16,IC,q2,IC1606,2016-06-17,5902.534,5258.0,-644.5339999999997,4.6471163139051495,-639.8868836860945,-32.433793292877944,0.2340187189840362,p
2016-02-17,IC,current,IC1602,2016-02-19,5971.412,5947.0,-24.412000000000262,0.0,-24.412000000000262,,,y
2016-02-17,IC,current,IC1602,2016-02-19,5971.412,5947.0,-24.412000000000262,0.0,-24.412000000000262,,,d
2016-02-17,IC,current,IC1602,2016-02-19,5971.412,5947.0,-24.412000000000262,0.0,-24.412000000000262,,,p
2016-02-17,IC,next,IC1603,2016-03-18,5971.412,5771.4,-200.01200000000063,0.0,-200.01200000000063,-40.75215934411058,,y
2016-02-17,IC,next,IC1603,2016-03-18,5971.412,5771.4,-200.01200000000063,0.0,-200.01200000000063,-40.75215934411058,,d
2016-02-17,IC,next,IC1603,2016-03-18,5971.412,5771.4,-200.01200000000063,0.0,-200.01200000000063,-40.75215934411058,,p
2016-02-17,IC,q1,IC1603,2016-03-18,5971.412,5771.4,-200.01200000000063,0.0,-200.01200000000063,-40.75215934411058,,y
2016-02-17,IC,q1,IC1603,2016-03-18,5971.412,5771.4,-200.01200000000063,0.0,-200.01200000000063,-40.75215934411058,,d
2016-02-17,IC,q1,IC1603,2016-03-18,5971.412,5771.4,-200.01200000000063,0.0,-200.01200000000063,-40.75215934411058,,p
2016-02-17,IC,q2,IC1606,2016-06-17,5971.412,5304.8,-666.6120000000001,6.017534540631734,-660.5944654593684,-33.37070550755093,0.18283279048028445,y
2016-02-17,IC,q2,IC1606,2016-06-17,5971.412,5304.8,-666.6120000000001,4.449648887147111,-662.162351112853,-33.44990909333267,0.2472560554279128,d
2016-02-17,IC,q2,IC1606,2016-06-17,5971.412,5304.8,-666.6120000000001,4.701344561886299,-661.9106554381137,-33.437194390624086,0.2340187189840362,p
2016-02-18,IC,current,IC1602,2016-02-19,5957.131,5950.2,-6.931000000000495,0.0,-6.931000000000495,,,y
2016-02-18,IC,current,IC1602,2016-02-19,5957.131,5950.2,-6.931000000000495,0.0,-6.931000000000495,,,d
2016-02-18,IC,current,IC1602,2016-02-19,5957.131,5950.2,-6.931000000000495,0.0,-6.931000000000495,,,p
2016-02-18,IC,next,IC1603,2016-03-18,5957.131,5746.0,-211.1310000000003,0.0,-211.1310000000003,-44.607688638639395,,y
2016-02-18,IC,next,IC1603,2016-03-18,5957.131,5746.0,-211.1310000000003,0.0,-211.1310000000003,-44.607688638639395,,d
2016-02-18,IC,next,IC1603,2016-03-18,5957.131,5746.0,-211.1310000000003,0.0,-211.1310000000003,-44.607688638639395,,p
2016-02-18,IC,q1,IC1603,2016-03-18,5957.131,5746.0,-211.1310000000003,0.0,-211.1310000000003,-44.607688638639395,,y
2016-02-18,IC,q1,IC1603,2016-03-18,5957.131,5746.0,-211.1310000000003,0.0,-211.1310000000003,-44.607688638639395,,d
2016-02-18,IC,q1,IC1603,2016-03-18,5957.131,5746.0,-211.1310000000003,0.0,-211.1310000000003,-44.607688638639395,,p
2016-02-18,IC,q2,IC1606,2016-06-17,5957.131,5258.2,-698.9310000000005,6.003143235731861,-692.9278567642687,-35.38037965464668,0.18283279048028445,y
2016-02-18,IC,q2,IC1606,2016-06-17,5957.131,5258.2,-698.9310000000005,4.439007277464619,-694.4919927225359,-35.46024327030993,0.2472560554279128,d
2016-02-18,IC,q2,IC1606,2016-06-17,5957.131,5258.2,-698.9310000000005,4.690101006477913,-694.2408989935226,-35.44742261174545,0.2340187189840362,p
2016-02-19,IC,current,IC1602,2016-02-19,5979.516,5969.2,-10.315999999999804,0.0,-10.315999999999804,,,y
2016-02-19,IC,current,IC1602,2016-02-19,5979.516,5969.2,-10.315999999999804,0.0,-10.315999999999804,,,d
2016-02-19,IC,current,IC1602,2016-02-19,5979.516,5969.2,-10.315999999999804,0.0,-10.315999999999804,,,p
2016-02-19,IC,next,IC1603,2016-03-18,5979.516,5767.8,-211.71599999999944,0.0,-211.71599999999944,-46.155395950345785,,y
2016-02-19,IC,next,IC1603,2016-03-18,5979.516,5767.8,-211.71599999999944,0.0,-211.71599999999944,-46.155395950345785,,d
2016-02-19,IC,next,IC1603,2016-03-18,5979.516,5767.8,-211.71599999999944,0.0,-211.71599999999944,-46.155395950345785,,p
2016-02-19,IC,q1,IC1603,2016-03-18,5979.516,5767.8,-211.71599999999944,0.0,-211.71599999999944,-46.155395950345785,,y
2016-02-19,IC,q1,IC1603,2016-03-18,5979.516,5767.8,-211.71599999999944,0.0,-211.71599999999944,-46.155395950345785,,d
2016-02-19,IC,q1,IC1603,2016-03-18,5979.516,5767.8,-211.71599999999944,0.0,-211.71599999999944,-46.155395950345785,,p
2016-02-19,IC,q2,IC1606,2016-06-17,5979.516,5291.0,-688.5159999999996,6.025701135051492,-682.4902988649482,-35.00872975937977,0.18283279048028445,y
2016-02-19,IC,q2,IC1606,2016-06-17,5979.516,5291.0,-688.5159999999996,4.455687652280289,-684.0603123477193,-35.08926449786372,0.2472560554279128,d
2016-02-19,IC,q2,IC1606,2016-06-17,5979.516,5291.0,-688.5159999999996,4.707724911513744,-683.8082750884859,-35.07633610267264,0.2340187189840362,p
2016-02-22,IC,current,IC1603,2016-03-18,6103.723,5869.2,-234.52300000000014,0.0,-234.52300000000014,-56.097496560705686,,y
2016-02-22,IC,current,IC1603,2016-03-18,6103.723,5869.2,-234.52300000000014,0.0,-234.52300000000014,-56.097496560705686,,d
2016-02-22,IC,current,IC1603,2016-03-18,6103.723,5869.2,-234.52300000000014,0.0,-234.52300000000014,-56.097496560705686,,p
2016-02-22,IC,next,IC1604,2016-04-15,6103.723,5703.8,-399.9229999999998,0.6561544968581737,-399.2668455031416,-45.04902824516042,0.8541668023189749,y
2016-02-22,IC,next,IC1604,2016-04-15,6103.723,5703.8,-399.9229999999998,0.6350635142259536,-399.2879364857738,-45.05140792752828,0.8825343857010659,d
2016-02-22,IC,next,IC1604,2016-04-15,6103.723,5703.8,-399.9229999999998,0.639050974986648,-399.2839490250131,-45.05095802482672,0.8770276712593581,p
2016-02-22,IC,q1,IC1606,2016-06-17,6103.723,5380.0,-723.723,6.150867496489667,-717.5721325035103,-36.9918135328594,0.20656577246951768,y
2016-02-22,IC,q1,IC1606,2016-06-17,6103.723,5380.0,-723.723,4.548241564039499,-719.1747584359605,-37.07443106630414,0.279351630268643,d
2016-02-22,IC,q1,IC1606,2016-06-17,6103.723,5380.0,-723.723,4.805514162029069,-718.9174858379708,-37.06116831606502,0.26439599446182027,p
2016-02-22,IC,q2,IC1609,2016-09-16,6103.723,4989.6,-1114.1229999999996,9.166403680600796,-1104.9565963193988,-31.9207378616432,0.1442764115289555,y
2016-02-22,IC,q2,IC1609,2016-09-16,6103.723,4989.6,-1114.1229999999996,6.7104249536466325,-1107.412575046353,-31.991687845921323,0.1970807868053441,d
2016-02-22,IC,q2,IC1609,2016-09-16,6103.723,4989.6,-1114.1229999999996,6.9536543231146535,-1107.1693456768849,-31.984661270426045,0.19018716896334387,p
2016-02-23,IC,current,IC1603,2016-03-18,6070.5,5845.0,-225.5,0.0,-225.5,-56.494179501963046,,y
2016-02-23,IC,current,IC1603,2016-03-18,6070.5,5845.0,-225.5,0.0,-225.5,-56.494179501963046,,d
2016-02-23,IC,current,IC1603,2016-03-18,6070.5,5845.0,-225.5,0.0,-225.5,-56.494179501963046,,p
2016-02-23,IC,next,IC1604,2016-04-15,6070.5,5655.0,-415.5,0.6502460573244382,-414.84975394267553,-47.96847306617645,0.8653179124025805,y
2016-02-23,IC,next,IC1604,2016-04-15,6070.5,5655.0,-415.5,0.63273037408742,-414.86726962591257,-47.97049837912797,0.8892722459918627,d
2016-02-23,IC,next,IC1604,2016-04-15,6070.5,5655.0,-415.5,0.6364784834363937,-414.8635215165636,-47.97006499070085,0.8840354788336248,p
2016-02-23,IC,q1,IC1606,2016-06-17,6070.5,5340.0,-730.5,6.11505094186179,-724.3849490581382,-37.87389569747073,0.20750404072439954,y
2016-02-23,IC,q1,IC1606,2016-06-17,6070.5,5340.0,-730.5,4.524608716435708,-725.9753912835642,-37.957050714753954,0.2804436492071849,d
2016-02-23,IC,q1,IC1606,2016-06-17,6070.5,5340.0,-730.5,4.7802633139309965,-725.719736686069,-37.943684015773385,0.26544516407160057,p
2016-02-23,IC,q2,IC1609,2016-09-16,6070.5,4960.0,-1110.5,9.114173347260367,-1101.3858266527395,-32.14701582683804,0.1448899604739672,y
2016-02-23,IC,q2,IC1609,2016-09-16,6070.5,4960.0,-1110.5,6.675023187506907,-1103.824976812493,-32.218209224185394,0.1978348507476362,d
2016-02-23,IC,q2,IC1609,2016-09-16,6070.5,4960.0,-1110.5,6.9167109947759595,-1103.583289005224,-32.211154891745835,0.1909219883604829,p
2016-02-24,IC,current,IC1603,2016-03-18,6111.043,5881.8,-229.24299999999948,0.0,-229.24299999999948,-59.53135559887938,,y
2016-02-24,IC,current,IC1603,2016-03-18,6111.043,5881.8,-229.24299999999948,0.0,-229.24299999999948,-59.53135559887938,,d
2016-02-24,IC,current,IC1603,2016-03-18,6111.043,5881.8,-229.24299999999948,0.0,-229.24299999999948,-59.53135559887938,,p
2016-02-24,IC,next,IC1604,2016-04-15,6111.043,5688.2,-422.84299999999985,0.6545888504884452,-422.1884111495114,-49.444006713225086,0.8653179124025805,y
2016-02-24,IC,next,IC1604,2016-04-15,6111.043,5688.2,-422.84299999999985,0.6369561853973,-422.20604381460254,-49.44607173819525,0.8892722459918627,d
2016-02-24,IC,next,IC1604,2016-04-15,6111.043,5688.2,-422.84299999999985,0.6407293272143298,-422.2022706727855,-49.44562985195583,0.8840354788336248,p
2016-02-24,IC,q1,IC1606,2016-06-17,6111.043,5349.0,-762.0429999999997,6.155891483882365,-755.8871085161173,-39.60313918566462,0.20750404072439954,y
2016-02-24,IC,q1,IC1606,2016-06-17,6111.043,5349.0,-762.0429999999997,4.5548271846328,-757.4881728153669,-39.68702363292401,0.2804436492071849,d
2016-02-24,IC,q1,IC1606,2016-06-17,6111.043,5349.0,-762.0429999999997,4.812189220452157,-757.2308107795475,-39.673539682198,0.26544516407160057,p
2016-02-24,IC,q2,IC1609,2016-09-16,6111.043,4949.4,-1161.643,9.175044104202625,-1152.4679558957973,-33.577822001664856,0.1448899604739672,y
2016-02-24,IC,q2,IC1609,2016-09-16,6111.043,4949.4,-1161.643,6.719603611704435,-1154.9233963882955,-33.649362683877314,0.1978348507476362,d
2016-02-24,IC,q2,IC1609,2016-09-16,6111.043,4949.4,-1161.643,6.962905577406912,-1154.6800944225931,-33.64227394006,0.1909219883604829,p
2016-02-25,IC,current,IC1603,2016-03-18,5626.052,5361.0,-265.0519999999997,0.0,-265.0519999999997,-78.16233544168506,,y
2016-02-25,IC,current,IC1603,2016-03-18,5626.052,5361.0,-265.0519999999997,0.0,-265.0519999999997,-78.16233544168506,,d
2016-02-25,IC,current,IC1603,2016-03-18,5626.052,5361.0,-265.0519999999997,0.0,-265.0519999999997,-78.16233544168506,,p
2016-02-25,IC,next,IC1604,2016-04-15,5626.052,5160.0,-466.0519999999997,0.602638684013223,-465.44936131598644,-60.3936888177838,0.8653179124025805,y
2016-02-25,IC,next,IC1604,2016-04-15,5626.052,5160.0,-466.0519999999997,0.5864054009711355,-465.4655945990285,-60.39579514325336,0.8892722459918627,d
2016-02-25,IC,next,IC1604,2016-04-15,5626.052,5160.0,-466.0519999999997,0.5898790947523744,-465.46212090524733,-60.39534441928917,0.8840354788336248,p
2016-02-25,IC,q1,IC1606,2016-06-17,5626.052,4834.6,-791.4519999999993,5.6673411714954955,-785.7846588285038,-45.114300160777944,0.20750404072439954,y
2016-02-25,IC,q1,IC1606,2016-06-17,5626.052,4834.6,-791.4519999999993,4.193342215356321,-787.258657784643,-45.19892694827857,0.2804436492071849,d
2016-02-25,IC,q1,IC1606,2016-06-17,5626.052,4834.6,-791.4519999999993,4.430279215528888,-787.0217207844704,-45.18532367055498,0.26544516407160057,p
2016-02-25,IC,q2,IC1609,2016-09-16,5626.052,4457.8,-1168.2519999999995,8.446884636965798,-1159.8051153630338,-36.884506318621966,0.1448899604739672,y
2016-02-25,IC,q2,IC1609,2016-09-16,5626.052,4457.8,-1168.2519999999995,6.186315386561175,-1162.0656846134384,-36.956397690453116,0.1978348507476362,d
2016-02-25,IC,q2,IC1609,2016-09-16,5626.052,4457.8,-1168.2519999999995,6.410308166638872,-1161.8416918333605,-36.94927419789159,0.1909219883604829,p
2016-02-26,IC,current,IC1603,2016-03-18,5648.938,5417.8,-231.13799999999992,0.0,-231.13799999999992,-71.1177671170859,,y
2016-02-26,IC,current,IC1603,2016-03-18,5648.938,5417.8,-231.13799999999992,0.0,-231.13799999999992,-71.1177671170859,,d
2016-02-26,IC,current,IC1603,2016-03-18,5648.938,5417.8,-231.13799999999992,0.0,-231.13799999999992,-71.1177671170859,,p
2016-02-26,IC,next,IC1604,2016-04-15,5648.938,5237.6,-411.33799999999974,0.6050901346792187,-410.7329098653205,-54.161349678160555,0.8653179124025805,y
2016-02-26,IC,next,IC1604,2016-04-15,5648.938,5237.6,-411.33799999999974,0.5887908168909716,-410.74920918310875,-54.1634989898642,0.8892722459918627,d
2016-02-26,IC,next,IC1604,2016-04-15,5648.938,5237.6,-411.33799999999974,0.5922786411772036,-410.74572135882255,-54.163039067451734,0.8840354788336248,p
2016-02-26,IC,q1,IC1606,2016-06-17,5648.938,4910.0,-738.9380000000001,5.690395130124184,-733.2476048698759,-42.30178432551404,0.20750404072439954,y
2016-02-26,IC,q1,IC1606,2016-06-17,5648.938,4910.0,-738.9380000000001,4.210400150466171,-734.7275998495339,-42.38716670933164,0.2804436492071849,d
2016-02-26,IC,q1,IC1606,2016-06-17,5648.938,4910.0,-738.9380000000001,4.448300977525861,-734.4896990224743,-42.373441973771236,0.26544516407160057,p
2016-02-26,IC,q2,IC1609,2016-09-16,5648.938,4538.0,-1110.938,8.481245393283302,-1102.456754606717,-35.09066358511254,0.1448899604739672,y
2016-02-26,IC,q2,IC1609,2016-09-16,5648.938,4538.0,-1110.938,6.211480460388583,-1104.7265195396114,-35.1629091016325,0.1978348507476362,d
2016-02-26,IC,q2,IC1609,2016-09-16,5648.938,4538.0,-1110.938,6.436384412059586,-1104.5016155879405,-35.155750517974624,0.1909219883604829,p
2016-02-29,IC,current,IC1603,2016-03-18,5350.434,5075.2,-275.2340000000004,0.0,-275.2340000000004,-104.31179767639216,,y
2016-02-29,IC,current,IC1603,2016-03-18,5350.434,5075.2,-275.2340000000004,0.0,-275.2340000000004,-104.31179767639216,,d
2016-02-29,IC,current,IC1603,2016-03-18,5350.434,5075.2,-275.2340000000004,0.0,-275.2340000000004,-104.31179767639216,,p
2016-02-29,IC,next,IC1604,2016-04-15,5350.434,4923.4,-427.03400000000056,0.539728577691164,-426.4942714223094,-63.24980978346921,0.8618270633149955,y
2016-02-29,IC,next,IC1604,2016-04-15,5350.434,4923.4,-427.03400000000056,0.5248130742225026,-426.50918692577807,-63.2520217774406,0.8863207072115482,d
2016-02-29,IC,next,IC1604,2016-04-15,5350.434,4923.4,-427.03400000000056,0.5280047817476414,-426.5059952182529,-63.25154844190628,0.880963035143636,p
2016-02-29,IC,q1,IC1606,2016-06-17,5350.434,4622.8,-727.634,5.5342558455976825,-722.0997441544023,-45.19335118745504,0.197598296365416,y
2016-02-29,IC,q1,IC1606,2016-06-17,5350.434,4622.8,-727.634,4.074646761291316,-723.5593532387087,-45.2847023151593,0.2683814305399768,d
2016-02-29,IC,q1,IC1606,2016-06-17,5350.434,4622.8,-727.634,4.316298905448737,-723.3177010945512,-45.269578268509896,0.2533558381139864,p
2016-02-29,IC,q2,IC1609,2016-09-16,5350.434,4255.6,-1094.8339999999998,8.138033769201865,-1086.695966230798,-37.06652840444731,0.13984781676798927,y
2016-02-29,IC,q2,IC1609,2016-09-16,5350.434,4255.6,-1094.8339999999998,5.940888950728782,-1088.893111049271,-37.141471657531326,0.19156834353341012,d
2016-02-29,IC,q2,IC1609,2016-09-16,5350.434,4255.6,-1094.8339999999998,6.165754320368517,-1088.6682456796314,-37.13380163862085,0.18458183642630607,p
2016-03-01,IC,current,IC1603,2016-03-18,5473.635,5227.4,-246.23500000000058,0.0,-246.23500000000058,-96.58682564909167,,y
2016-03-01,IC,current,IC1603,2016-03-18,5473.635,5227.4,-246.23500000000058,0.0,-246.23500000000058,-96.58682564909167,,d
2016-03-01,IC,current,IC1603,2016-03-18,5473.635,5227.4,-246.23500000000058,0.0,-246.23500000000058,-96.58682564909167,,p
2016-03-01,IC,next,IC1604,2016-04-15,5473.635,5040.0,-433.6350000000002,0.5521565602623216,-433.08284343973787,-64.17642139922833,0.8618270633149955,y
2016-03-01,IC,next,IC1604,2016-04-15,5473.635,5040.0,-433.6350000000002,0.5368976070954035,-433.0981023929048,-64.17868254862131,0.8863207072115482,d
2016-03-01,IC,next,IC1604,2016-04-15,5473.635,5040.0,-433.6350000000002,0.540162808015434,-433.09483719198477,-64.17819869451957,0.880963035143636,p
2016-03-01,IC,q1,IC1606,2016-06-17,5473.635,4735.0,-738.6350000000002,5.661689592922381,-732.9733104070779,-45.25654921417807,0.197598296365416,y
2016-03-01,IC,q1,IC1606,2016-06-17,5473.635,4735.0,-738.6350000000002,4.168471029684843,-734.4665289703154,-45.34874618565736,0.2683814305399768,d
2016-03-01,IC,q1,IC1606,2016-06-17,5473.635,4735.0,-738.6350000000002,4.415687542230387,-734.2193124577698,-45.33348210153899,0.2533558381139864,p
2016-03-01,IC,q2,IC1609,2016-09-16,5473.635,4371.0,-1102.6350000000002,8.325423034894973,-1094.3095769651052,-36.66942957686097,0.13984781676798927,y
2016-03-01,IC,q2,IC1609,2016-09-16,5473.635,4371.0,-1102.6350000000002,6.07768597684269,-1096.5573140231575,-36.74474942920671,0.19156834353341007,d
2016-03-01,IC,q2,IC1609,2016-09-16,5473.635,4371.0,-1102.6350000000002,6.307729176618258,-1096.327270823382,-36.73704086748765,0.18458183642630607,p
2016-03-02,IC,current,IC1603,2016-03-18,5753.148,5587.8,-165.34799999999996,0.0,-165.34799999999996,-65.56412680501178,,y
2016-03-02,IC,current,IC1603,2016-03-18,5753.148,5587.8,-165.34799999999996,0.0,-165.34799999999996,-65.56412680501178,,d
2016-03-02,IC,current,IC1603,2016-03-18,5753.148,5587.8,-165.34799999999996,0.0,-165.34799999999996,-65.56412680501178,,p
2016-03-02,IC,next,IC1604,2016-04-15,5753.148,5403.8,-349.34799999999996,0.5803526194859641,-348.767647380514,-50.28874914690484,0.8618270633149955,y
2016-03-02,IC,next,IC1604,2016-04-15,5753.148,5403.8,-349.34799999999996,0.5643144627776069,-348.78368553722237,-50.29106168605675,0.8863207072115482,d
2016-03-02,IC,next,IC1604,2016-04-15,5753.148,5403.8,-349.34799999999996,0.5677464022735127,-348.78025359772647,-50.290566835270866,0.880963035143636,p
2016-03-02,IC,q1,IC1606,2016-06-17,5753.148,5100.0,-653.1480000000001,5.950805663538437,-647.1971943364617,-38.374273476635636,0.197598296365416,y
2016-03-02,IC,q1,IC1606,2016-06-17,5753.148,5100.0,-653.1480000000001,4.38133539548934,-648.7666646045108,-38.46733210205399,0.2683814305399768,d
2016-03-02,IC,q1,IC1606,2016-06-17,5753.148,5100.0,-653.1480000000001,4.641176101842316,-648.5068238981578,-38.451925362943854,0.2533558381139864,p
2016-03-02,IC,q2,IC1609,2016-09-16,5753.148,4678.8,-1074.348,8.750563543670696,-1065.5974364563292,-34.14407052693921,0.13984781676798927,y
2016-03-02,IC,q2,IC1609,2016-09-16,5753.148,4678.8,-1074.348,6.388045041786778,-1067.959954958213,-34.21977078257964,0.19156834353341007,d
2016-03-02,IC,q2,IC1609,2016-09-16,5753.148,4678.8,-1074.348,6.629835474415626,-1067.7181645255844,-34.21202328873068,0.18458183642630607,p
2016-03-03,IC,current,IC1603,2016-03-18,5776.977,5603.8,-173.17699999999968,0.0,-173.17699999999968,-72.9442694105699,,y
2016-03-03,IC,current,IC1603,2016-03-18,5776.977,5603.8,-173.17699999999968,0.0,-173.17699999999968,-72.9442694105699,,d
2016-03-03,IC,current,IC1603,2016-03-18,5776.977,5603.8,-173.17699999999968,0.0,-173.17699999999968,-72.9442694105699,,p
2016-03-03,IC,next,IC1604,2016-04-15,5776.977,5423.0,-353.97699999999986,0.5827563856622785,-353.3942436143376,-51.92580540533579,0.8618270633149955,y
2016-03-03,IC,next,IC1604,2016-04-15,5776.977,5423.0,-353.97699999999986,0.5666518004114601,-353.4103481995884,-51.928171724467965,0.8863207072115482,d
2016-03-03,IC,next,IC1604,2016-04-15,5776.977,5423.0,-353.97699999999986,0.5700979546792174,-353.40690204532063,-51.92766536552427,0.880963035143636,p
2016-03-03,IC,q1,IC1606,2016-06-17,5776.977,5068.0,-708.9769999999999,5.975453343062146,-703.0015466569378,-41.9027611313404,0.19759829636541595,y
2016-03-03,IC,q1,IC1606,2016-06-17,5776.977,5068.0,-708.9769999999999,4.39948247620743,-704.5775175237924,-41.99669766831929,0.26838143053997676,d
2016-03-03,IC,q1,IC1606,2016-06-17,5776.977,5068.0,-708.9769999999999,4.660399418421482,-704.3166005815784,-41.98114558261379,0.2533558381139864,p
2016-03-03,IC,q2,IC1609,2016-09-16,5776.977,4658.6,-1118.3769999999995,8.78680755802286,-1109.5901924419766,-35.586773093547954,0.13984781676798927,y
2016-03-03,IC,q2,IC1609,2016-09-16,5776.977,4658.6,-1118.3769999999995,6.4145037258499595,-1111.9624962741495,-35.66285761444544,0.19156834353341012,d
2016-03-03,IC,q2,IC1609,2016-09-16,5776.977,4658.6,-1118.3769999999995,6.657295631797263,-1111.7197043682022,-35.65507079321653,0.18458183642630607,p
2016-03-04,IC,current,IC1603,2016-03-18,5621.561,5452.0,-169.5609999999997,0.0,-169.5609999999997,-78.63825545964887,,y
2016-03-04,IC,current,IC1603,2016-03-18,5621.561,5452.0,-169.5609999999997,0.0,-169.5609999999997,-78.63825545964887,,d
2016-03-04,IC,current,IC1603,2016-03-18,5621.561,5452.0,-169.5609999999997,0.0,-169.5609999999997,-78.63825545964887,,p
2016-03-04,IC,next,IC1604,2016-04-15,5621.561,5267.8,-353.7609999999995,0.5670786936039426,-353.19392130639557,-54.600908248334434,0.8618270633149955,y
2016-03-04,IC,next,IC1604,2016-04-15,5621.561,5267.8,-353.7609999999995,0.5514073644005936,-353.20959263559894,-54.60333090839834,0.8863207072115482,d
2016-03-04,IC,next,IC1604,2016-04-15,5621.561,5267.8,-353.7609999999995,0.5547608079804465,-353.20623919201904,-54.60281249328932,0.880963035143636,p
2016-03-04,IC,q1,IC1606,2016-06-17,5621.561,4907.8,-713.7609999999995,5.814697803137831,-707.9463021968617,-43.77709667031978,0.19759829636541595,y
2016-03-04,IC,q1,IC1606,2016-06-17,5621.561,4907.8,-713.7609999999995,4.281124731573471,-709.479875268426,-43.8719278409842,0.26838143053997676,d
2016-03-04,IC,q1,IC1606,2016-06-17,5621.561,4907.8,-713.7609999999995,4.535022316173474,-709.225977683826,-43.85622764017674,0.2533558381139864,p
2016-03-04,IC,q2,IC1609,2016-09-16,5621.561,4500.0,-1121.5609999999997,8.550419134901619,-1113.010580865098,-36.870511155008664,0.13984781676798927,y
2016-03-04,IC,q2,IC1609,2016-09-16,5621.561,4500.0,-1121.5609999999997,6.241936566407106,-1115.3190634335926,-36.94698386223725,0.19156834353341012,d
2016-03-04,IC,q2,IC1609,2016-09-16,5621.561,4500.0,-1121.5609999999997,6.478196726277749,-1115.082803273722,-36.939157312328604,0.18458183642630607,p
2016-03-07,IC,current,IC1603,2016-03-18,5752.548,5595.0,-157.54799999999977,0.0,-157.54799999999977,-90.8767574109609,,y
2016-03-07,IC,current,IC1603,2016-03-18,5752.548,5595.0,-157.54799999999977,0.0,-157.54799999999977,-90.8767574109609,,d
2016-03-07,IC,current,IC1603,2016-03-18,5752.548,5595.0,-157.54799999999977,0.0,-157.54799999999977,-90.8767574109609,,p
2016-03-07,IC,next,IC1604,2016-04-15,5752.548,5404.2,-348.34799999999996,0.5802920940880963,-347.76770790591183,-56.579259506756195,0.8618270633149955,y
2016-03-07,IC,next,IC1604,2016-04-15,5752.548,5404.2,-348.34799999999996,0.5642556100107969,-347.7837443899892,-56.58186852528656,0.8863207072115482,d
2016-03-07,IC,next,IC1604,2016-04-15,5752.548,5404.2,-348.34799999999996,0.5676871915872302,-347.7803128084127,-56.58131023209222,0.880963035143636,p
2016-03-07,IC,q1,IC1606,2016-06-17,5752.548,5052.0,-700.5479999999998,5.95018504967658,-694.5978149503231,-43.20816814257325,0.19759829636541595,y
2016-03-07,IC,q1,IC1606,2016-06-17,5752.548,5052.0,-700.5479999999998,4.380878462826162,-696.1671215371736,-43.30578846531603,0.2683814305399768,d
2016-03-07,IC,q1,IC1606,2016-06-17,5752.548,5052.0,-700.5479999999998,4.640692070202402,-695.9073079297974,-43.28962649389659,0.2533558381139864,p
2016-03-07,IC,q2,IC1609,2016-09-16,5752.548,4643.2,-1109.348,8.513256045315952,-1100.834743954684,-36.19073742063442,0.14603406816410225,y
2016-03-07,IC,q2,IC1609,2016-09-16,5752.548,4643.2,-1109.348,6.27097278307758,-1103.0770272169225,-36.26445410264505,0.1982508067926891,d
2016-03-07,IC,q2,IC1609,2016-09-16,5752.548,4643.2,-1109.348,6.596173112817344,-1102.7518268871827,-36.25376290688896,0.18847677166088223,p
2016-03-08,IC,current,IC1603,2016-03-18,5764.325,5661.0,-103.32499999999982,0.0,-103.32499999999982,-65.42591717156812,,y
2016-03-08,IC,current,IC1603,2016-03-18,5764.325,5661.0,-103.32499999999982,0.0,-103.32499999999982,-65.42591717156812,,d
2016-03-08,IC,current,IC1603,2016-03-18,5764.325,5661.0,-103.32499999999982,0.0,-103.32499999999982,-65.42591717156812,,p
2016-03-08,IC,next,IC1604,2016-04-15,5764.325,5470.2,-294.125,0.5814801067725756,-293.5435198932274,-48.91401433592239,0.8618270633149955,y
2016-03-08,IC,next,IC1604,2016-04-15,5764.325,5470.2,-294.125,0.5654107917353297,-293.5595892082647,-48.91669201283512,0.8863207072115482,d
2016-03-08,IC,next,IC1604,2016-04-15,5764.325,5470.2,-294.125,0.5688493986744763,-293.5561506013255,-48.916119027714615,0.880963035143636,p
2016-03-08,IC,q1,IC1606,2016-06-17,5764.325,5131.2,-633.125,5.958132268365192,-627.1668677316349,-39.319332722579986,0.20728245366697853,y
2016-03-08,IC,q1,IC1606,2016-06-17,5764.325,5131.2,-633.125,4.4002920843902045,-628.7247079156098,-39.41699929215478,0.2806668857824894,d
2016-03-08,IC,q1,IC1606,2016-06-17,5764.325,5131.2,-633.125,4.561170487677185,-628.5638295123229,-39.406913249998894,0.2707674004284107,p
2016-03-08,IC,q2,IC1609,2016-09-16,5764.325,4748.8,-1015.5249999999996,8.52645055392125,-1006.9985494460784,-33.21024058792467,0.15277557758005328,y
2016-03-08,IC,q2,IC1609,2016-09-16,5764.325,4748.8,-1015.5249999999996,6.294255931816294,-1009.2307440681833,-33.28385709956707,0.20695590109364864,d
2016-03-08,IC,q2,IC1609,2016-09-16,5764.325,4748.8,-1015.5249999999996,6.520654921526563,-1009.0043450784731,-33.276390589390594,0.1997703334649278,p
2016-03-09,IC,current,IC1603,2016-03-18,5617.038,5500.0,-117.03799999999956,0.0,-117.03799999999956,-84.50256364851178,,y
2016-03-09,IC,current,IC1603,2016-03-18,5617.038,5500.0,-117.03799999999956,0.0,-117.03799999999956,-84.50256364851178,,d
2016-03-09,IC,current,IC1603,2016-03-18,5617.038,5500.0,-117.03799999999956,0.0,-117.03799999999956,-84.50256364851178,,p
2016-03-09,IC,next,IC1604,2016-04-15,5617.038,5323.0,-294.03799999999956,0.5666224329796835,-293.4713775670199,-51.540607013952645,0.8618270633149955,y
2016-03-09,IC,next,IC1604,2016-04-15,5617.038,5323.0,-294.03799999999956,0.550963712626792,-293.48703628737275,-51.543357060511674,0.8863207072115482,d
2016-03-09,IC,next,IC1604,2016-04-15,5617.038,5323.0,-294.03799999999956,0.5543144580903545,-293.4836855419092,-51.542768589306846,0.880963035143636,p
2016-03-09,IC,q1,IC1606,2016-06-17,5617.038,4990.0,-627.0379999999996,5.805893206998822,-621.2321067930008,-40.36820099480283,0.20728245366697853,y
2016-03-09,IC,q1,IC1606,2016-06-17,5617.038,4990.0,-627.0379999999996,4.2878581358821695,-622.7501418641174,-40.46684423007337,0.2806668857824894,d
2016-03-09,IC,q1,IC1606,2016-06-17,5617.038,4990.0,-627.0379999999996,4.444625858840589,-622.593374141159,-40.456657327495925,0.2707674004284107,p
2016-03-09,IC,q2,IC1609,2016-09-16,5617.038,4621.6,-995.4379999999992,8.308587174820419,-987.1294128251787,-33.58352106024734,0.15277557758005328,y
2016-03-09,IC,q2,IC1609,2016-09-16,5617.038,4621.6,-995.4379999999992,6.1334284154237535,-989.3045715845755,-33.65752299865226,0.20695590109364864,d
2016-03-09,IC,q2,IC1609,2016-09-16,5617.038,4621.6,-995.4379999999992,6.354042577249153,-989.08395742275,-33.65001739679946,0.1997703334649278,p
2016-03-10,IC,current,IC1603,2016-03-18,5521.948,5396.0,-125.94800000000032,0.0,-125.94800000000032,-104.06431751983203,,y
2016-03-10,IC,current,IC1603,2016-03-18,5521.948,5396.0,-125.94800000000032,0.0,-125.94800000000032,-104.06431751983203,,d
2016-03-10,IC,current,IC1603,2016-03-18,5521.948,5396.0,-125.94800000000032,0.0,-125.94800000000032,-104.06431751983203,,p
2016-03-10,IC,next,IC1604,2016-04-15,5521.948,5196.2,-325.7480000000005,0.5570301661742894,-325.1909698338262,-59.708550511797334,0.8618270633149955,y
2016-03-10,IC,next,IC1604,2016-04-15,5521.948,5196.2,-325.7480000000005,0.5416365299668774,-325.20636347003364,-59.71137694853855,0.8863207072115482,d
2016-03-10,IC,next,IC1604,2016-04-15,5521.948,5196.2,-325.7480000000005,0.5449305511593685,-325.2030694488411,-59.71077213091135,0.880963035143636,p
2016-03-10,IC,q1,IC1606,2016-06-17,5521.948,4879.0,-642.9480000000003,5.707606105317559,-637.2403938946827,-42.54697172552464,0.20728245366697856,y
2016-03-10,IC,q1,IC1606,2016-06-17,5521.948,4879.0,-642.9480000000003,4.2152696239046765,-638.7327303760957,-42.646611357111055,0.2806668857824894,d
2016-03-10,IC,q1,IC1606,2016-06-17,5521.948,4879.0,-642.9480000000003,4.369383449421755,-638.5786165505785,-42.636321556527776,0.27076740042841074,p
2016-03-10,IC,q2,IC1609,2016-09-16,5521.948,4480.0,-1041.9480000000003,8.16793233957564,-1033.7800676604247,-35.96458929806875,0.15277557758005328,y
2016-03-10,IC,q2,IC1609,2016-09-16,5521.948,4480.0,-1041.9480000000003,6.029596518964688,-1035.9184034810357,-36.03898072036002,0.20695590109364864,d
2016-03-10,IC,q2,IC1609,2016-09-16,5521.948,4480.0,-1041.9480000000003,6.246475936491049,-1035.7015240635092,-36.03143561533956,0.1997703334649278,p
2016-03-11,IC,current,IC1603,2016-03-18,5508.982,5413.2,-95.78200000000015,0.0,-95.78200000000015,-90.65825851050433,,y
2016-03-11,IC,current,IC1603,2016-03-18,5508.982,5413.2,-95.78200000000015,0.0,-95.78200000000015,-90.65825851050433,,d
2016-03-11,IC,current,IC1603,2016-03-18,5508.982,5413.2,-95.78200000000015,0.0,-95.78200000000015,-90.65825851050433,,p
2016-03-11,IC,next,IC1604,2016-04-15,5508.982,5232.2,-276.78200000000015,0.6089492455698374,-276.17305075443034,-52.27990192088229,1.0,y
2016-03-11,IC,next,IC1604,2016-04-15,5508.982,5232.2,-276.78200000000015,0.6089492455698374,-276.17305075443034,-52.27990192088229,1.0,d
2016-03-11,IC,next,IC1604,2016-04-15,5508.982,5232.2,-276.78200000000015,0.6089492455698374,-276.17305075443034,-52.27990192088229,1.0,p
2016-03-11,IC,q1,IC1606,2016-06-17,5508.982,4890.4,-618.5820000000003,5.74357104129803,-612.8384289587023,-41.432527374446494,0.24315460460872723,y
2016-03-11,IC,q1,IC1606,2016-06-17,5508.982,4890.4,-618.5820000000003,4.307112048635201,-614.2748879513651,-41.52964290069849,0.32424876107680844,d
2016-03-11,IC,q1,IC1606,2016-06-17,5508.982,4890.4,-618.5820000000003,4.4574462535150765,-614.1245537464853,-41.519479167869946,0.3133129747751056,p
2016-03-11,IC,q2,IC1609,2016-09-16,5508.982,4481.4,-1027.5820000000003,8.086796874620864,-1019.4952031253795,-35.73920549332304,0.19250440739952035,y
2016-03-11,IC,q2,IC1609,2016-09-16,5508.982,4481.4,-1027.5820000000003,6.005855403735848,-1021.5761445962645,-35.81215453184676,0.25920438230011905,d
2016-03-11,IC,q2,IC1609,2016-09-16,5508.982,4481.4,-1027.5820000000003,6.218807821717059,-1021.3631921782833,-35.80468931749047,0.25032837237272176,p
2016-03-14,IC,current,IC1603,2016-03-18,5690.59,5629.6,-60.98999999999978,0.0,-60.98999999999978,-97.79895406275939,,y
2016-03-14,IC,current,IC1603,2016-03-18,5690.59,5629.6,-60.98999999999978,0.0,-60.98999999999978,-97.79895406275939,,d
2016-03-14,IC,current,IC1603,2016-03-18,5690.59,5629.6,-60.98999999999978,0.0,-60.98999999999978,-97.79895406275939,,p
2016-03-14,IC,next,IC1604,2016-04-15,5690.59,5444.8,-245.78999999999996,0.6290237447403643,-245.1609762552596,-49.14020137475296,1.0,y
2016-03-14,IC,next,IC1604,2016-04-15,5690.59,5444.8,-245.78999999999996,0.6290237447403643,-245.1609762552596,-49.14020137475296,1.0,d
2016-03-14,IC,next,IC1604,2016-04-15,5690.59,5444.8,-245.78999999999996,0.6290237447403643,-245.1609762552596,-49.14020137475296,1.0,p
2016-03-14,IC,q1,IC1606,2016-06-17,5690.59,5095.4,-595.1900000000005,5.932912456766088,-589.2570875432344,-39.78476322144019,0.24315460460872723,y
2016-03-14,IC,q1,IC1606,2016-06-17,5690.59,5095.4,-595.1900000000005,4.449099443934104,-590.7409005560664,-39.88494555378436,0.32424876107680844,d
2016-03-14,IC,q1,IC1606,2016-06-17,5690.59,5095.4,-595.1900000000005,4.60438953617753,-590.585610463823,-39.87446086097175,0.3133129747751056,p
2016-03-14,IC,q2,IC1609,2016-09-16,5690.59,4676.6,-1013.9899999999998,8.353384604768856,-1005.6366153952309,-34.678771296146685,0.19250440739952035,y
2016-03-14,IC,q2,IC1609,2016-09-16,5690.59,4676.6,-1013.9899999999998,6.203843233095548,-1007.7861567669042,-34.75289693206595,0.25920438230011905,d
2016-03-14,IC,q2,IC1609,2016-09-16,5690.59,4676.6,-1013.9899999999998,6.423815797943228,-1007.5661842020565,-34.745311311026505,0.25032837237272176,p
2016-03-15,IC,current,IC1603,2016-03-18,5639.801,5608.0,-31.801000000000386,0.0,-31.801000000000386,-68.60386858803554,,y
2016-03-15,IC,current,IC1603,2016-03-18,5639.801,5608.0,-31.801000000000386,0.0,-31.801000000000386,-68.60386858803554,,d
2016-03-15,IC,current,IC1603,2016-03-18,5639.801,5608.0,-31.801000000000386,0.0,-31.801000000000386,-68.60386858803554,,p
2016-03-15,IC,next,IC1604,2016-04-15,5639.801,5400.6,-239.20100000000002,0.6234096542907591,-238.57759034570927,-49.80776316466112,1.0,y
2016-03-15,IC,next,IC1604,2016-04-15,5639.801,5400.6,-239.20100000000002,0.6234096542907591,-238.57759034570927,-49.80776316466112,1.0,d
2016-03-15,IC,next,IC1604,2016-04-15,5639.801,5400.6,-239.20100000000002,0.6234096542907591,-238.57759034570927,-49.80776316466112,1.0,p
2016-03-15,IC,q1,IC1606,2016-06-17,5639.801,5059.4,-580.4010000000007,5.879960708218628,-574.5210392917821,-39.55552636907029,0.24315460460872723,y
2016-03-15,IC,q1,IC1606,2016-06-17,5639.801,5059.4,-580.4010000000007,4.409390852793648,-575.9916091472071,-39.65677447090748,0.32424876107680844,d
2016-03-15,IC,q1,IC1606,2016-06-17,5639.801,5059.4,-580.4010000000007,4.56329496774914,-575.8377050322516,-39.64617823880964,0.31331297477510556,p
2016-03-15,IC,q2,IC1609,2016-09-16,5639.801,4631.0,-1008.8010000000004,8.278829936326462,-1000.5221700636739,-35.00129171926273,0.19250440739952035,y
2016-03-15,IC,q2,IC1609,2016-09-16,5639.801,4631.0,-1008.8010000000004,6.148473404314053,-1002.6525265956864,-35.07581803429507,0.25920438230011905,d
2016-03-15,IC,q2,IC1609,2016-09-16,5639.801,4631.0,-1008.8010000000004,6.366482695301545,-1002.4345173046988,-35.06819140989865,0.25032837237272176,p
2016-03-16,IC,current,IC1603,2016-03-18,5562.804,5565.4,2.595999999999549,0.0,2.595999999999549,8.51674802851076,,y
2016-03-16,IC,current,IC1603,2016-03-18,5562.804,5565.4,2.595999999999549,0.0,2.595999999999549,8.51674802851076,,d
2016-03-16,IC,current,IC1603,2016-03-18,5562.804,5565.4,2.595999999999549,0.0,2.595999999999549,8.51674802851076,,p
2016-03-16,IC,next,IC1604,2016-04-15,5562.804,5350.4,-212.40400000000045,0.6148985963382843,-211.78910140366216,-46.321376780688716,1.0,y
2016-03-16,IC,next,IC1604,2016-04-15,5562.804,5350.4,-212.40400000000045,0.6148985963382843,-211.78910140366216,-46.321376780688716,1.0,d
2016-03-16,IC,next,IC1604,2016-04-15,5562.804,5350.4,-212.40400000000045,0.6148985963382843,-211.78910140366216,-46.321376780688716,1.0,p
2016-03-16,IC,q1,IC1606,2016-06-17,5562.804,5006.0,-556.8040000000001,5.79968494411796,-551.0043150558821,-38.875067630547576,0.24315460460872723,y
2016-03-16,IC,q1,IC1606,2016-06-17,5562.804,5006.0,-556.8040000000001,4.349191943737715,-552.4548080562623,-38.97740442165183,0.32424876107680856,d
2016-03-16,IC,q1,IC1606,2016-06-17,5562.804,5006.0,-556.8040000000001,4.500994893219597,-552.3030051067805,-38.966694251574445,0.3133129747751056,p
2016-03-16,IC,q2,IC1609,2016-09-16,5562.804,4565.0,-997.8040000000001,8.1658037730616,-989.6381962269385,-35.29049355470031,0.19250440739952035,y
2016-03-16,IC,q2,IC1609,2016-09-16,5562.804,4565.0,-997.8040000000001,6.064531788871953,-991.7394682111282,-35.365424904053484,0.25920438230011905,d
2016-03-16,IC,q2,IC1609,2016-09-16,5562.804,4565.0,-997.8040000000001,6.279564722825187,-991.5244352771749,-35.35775683061143,0.25032837237272176,p
2016-03-17,IC,current,IC1603,2016-03-18,5745.975,5760.0,14.024999999999636,0.0,14.024999999999636,,,y
2016-03-17,IC,current,IC1603,2016-03-18,5745.975,5760.0,14.024999999999636,0.0,14.024999999999636,,,d
2016-03-17,IC,current,IC1603,2016-03-18,5745.975,5760.0,14.024999999999636,0.0,14.024999999999636,,,p
2016-03-17,IC,next,IC1604,2016-04-15,5745.975,5577.6,-168.375,0.6351458656632291,-167.73985413433678,-36.742389393134665,1.0,y
2016-03-17,IC,next,IC1604,2016-04-15,5745.975,5577.6,-168.375,0.6351458656632291,-167.73985413433678,-36.742389393134665,1.0,d
2016-03-17,IC,next,IC1604,2016-04-15,5745.975,5577.6,-168.375,0.6351458656632291,-167.73985413433678,-36.742389393134665,1.0,p
2016-03-17,IC,q1,IC1606,2016-06-17,5745.975,5226.0,-519.9750000000004,5.990655916832266,-513.9843440831681,-35.48879027991737,0.24315460460872723,y
2016-03-17,IC,q1,IC1606,2016-06-17,5745.975,5226.0,-519.9750000000004,4.492401346320726,-515.4825986536796,-35.592239427446664,0.32424876107680856,d
2016-03-17,IC,q1,IC1606,2016-06-17,5745.975,5226.0,-519.9750000000004,4.649202835758276,-515.3257971642421,-35.581412842477135,0.3133129747751056,p
2016-03-17,IC,q2,IC1609,2016-09-16,5745.975,4780.0,-965.9750000000004,8.434685876927828,-957.5403141230726,-33.23801735150661,0.19250440739952035,y
2016-03-17,IC,q2,IC1609,2016-09-16,5745.975,4780.0,-965.9750000000004,6.2642235903985695,-959.7107764096017,-33.3133581617852,0.25920438230011905,d
2016-03-17,IC,q2,IC1609,2016-09-16,5745.975,4780.0,-965.9750000000004,6.486337089754637,-959.4886629102457,-33.305648186302484,0.25032837237272176,p
2016-03-18,IC,current,IC1603,2016-03-18,5949.263,5944.6,-4.662999999999556,0.0,-4.662999999999556,,,y
2016-03-18,IC,current,IC1603,2016-03-18,5949.263,5944.6,-4.662999999999556,0.0,-4.662999999999556,,,d
2016-03-18,IC,current,IC1603,2016-03-18,5949.263,5944.6,-4.662999999999556,0.0,-4.662999999999556,,,p
2016-03-18,IC,next,IC1604,2016-04-15,5949.263,5799.6,-149.66299999999956,0.6576168184151896,-149.00538318158436,-32.649281132612735,1.0,y
2016-03-18,IC,next,IC1604,2016-04-15,5949.263,5799.6,-149.66299999999956,0.6576168184151896,-149.00538318158436,-32.649281132612735,1.0,d
2016-03-18,IC,next,IC1604,2016-04-15,5949.263,5799.6,-149.66299999999956,0.6576168184151896,-149.00538318158436,-32.649281132612735,1.0,p
2016-03-18,IC,q1,IC1606,2016-06-17,5949.263,5514.0,-435.2629999999999,6.139744270462394,-429.1232557295375,-28.931460301738255,0.25199092720484123,y
2016-03-18,IC,q1,IC1606,2016-06-17,5949.263,5514.0,-435.2629999999999,4.6439671862130965,-430.6190328137868,-29.03230548958443,0.3331547768269343,d
2016-03-18,IC,q1,IC1606,2016-06-17,5949.263,5514.0,-435.2629999999999,4.7997603599775935,-430.4632396400223,-29.02180192455534,0.3223410619445286,p
2016-03-18,IC,q2,IC1609,2016-09-16,5949.263,5149.2,-800.0630000000001,8.67642375105801,-791.3865762489421,-26.677614191696712,0.20249214737284418,y
2016-03-18,IC,q2,IC1609,2016-09-16,5949.263,5149.2,-800.0630000000001,6.499655087176373,-793.5633449128237,-26.750992988282903,0.270307832231715,d
2016-03-18,IC,q2,IC1609,2016-09-16,5949.263,5149.2,-800.0630000000001,6.7230709575352465,-793.3399290424649,-26.743461646998362,0.2613251723751829,p
2016-03-21,IC,current,IC1604,2016-04-15,6099.481,5929.8,-169.68099999999959,0.6742215446188711,-169.00677845538073,-40.45424463898746,1.0,y
2016-03-21,IC,current,IC1604,2016-04-15,6099.481,5929.8,-169.68099999999959,0.6742215446188711,-169.00677845538073,-40.45424463898746,1.0,d
2016-03-21,IC,current,IC1604,2016-04-15,6099.481,5929.8,-169.68099999999959,0.6742215446188711,-169.00677845538073,-40.45424463898746,1.0,p
2016-03-21,IC,next,IC1605,2016-05-20,6099.481,5803.6,-295.8809999999994,3.820623867063218,-292.0603761329362,-29.128718024949368,0.5222465614472043,y
2016-03-21,IC,next,IC1605,2016-05-20,6099.481,5803.6,-295.8809999999994,3.3726536414727177,-292.5083463585267,-29.173396452600436,0.5916135747297213,d
2016-03-21,IC,next,IC1605,2016-05-20,6099.481,5803.6,-295.8809999999994,3.520791752310427,-292.360208247689,-29.15862185935888,0.566721299505294,p
2016-03-21,IC,q1,IC1606,2016-06-17,6099.481,5703.0,-396.48099999999977,6.410666163961375,-390.0703338360384,-26.52529554454827,0.32063386020958795,y
2016-03-21,IC,q1,IC1606,2016-06-17,6099.481,5703.0,-396.48099999999977,4.962940120845182,-391.5180598791546,-26.623742818873257,0.41416510951493857,d
2016-03-21,IC,q1,IC1606,2016-06-17,6099.481,5703.0,-396.48099999999977,5.114284505465949,-391.3667154945338,-26.61345120173951,0.40190893495837265,p
2016-03-21,IC,q2,IC1609,2016-09-16,6099.481,5378.8,-720.6809999999996,9.011396421639144,-711.6696035783605,-23.79169411373296,0.25196101236358626,y
2016-03-21,IC,q2,IC1609,2016-09-16,6099.481,5378.8,-720.6809999999996,6.865483863465972,-713.8155161365336,-23.863433717226158,0.33071530140623584,d
2016-03-21,IC,q2,IC1609,2016-09-16,6099.481,5378.8,-720.6809999999996,7.086158407645353,-713.5948415923542,-23.856056387595377,0.3204162868778239,p
2016-03-22,IC,current,IC1604,2016-04-15,6075.492,5921.6,-153.89199999999983,0.6715698598880125,-153.2204301401118,-38.35454601944227,1.0,y
2016-03-22,IC,current,IC1604,2016-04-15,6075.492,5921.6,-153.89199999999983,0.6715698598880125,-153.2204301401118,-38.35454601944227,1.0,d
2016-03-22,IC,current,IC1604,2016-04-15,6075.492,5921.6,-153.89199999999983,0.6715698598880125,-153.2204301401118,-38.35454601944227,1.0,p
2016-03-22,IC,next,IC1605,2016-05-20,6075.492,5779.6,-295.8919999999998,3.8050510677331975,-292.08694893226664,-29.742094671140734,0.536988795202344,y
2016-03-22,IC,next,IC1605,2016-05-20,6075.492,5779.6,-295.8919999999998,3.3588426900346233,-292.5331573099652,-29.787530360277408,0.6083255386171063,d
2016-03-22,IC,next,IC1605,2016-05-20,6075.492,5779.6,-295.8919999999998,3.506398179967228,-292.3856018200326,-29.77250535020125,0.5827261148545712,p
2016-03-22,IC,q1,IC1606,2016-06-17,6075.492,5655.0,-420.4920000000002,6.384906838161268,-414.1070931618389,-28.595969686430468,0.3294021606566218,y
2016-03-22,IC,q1,IC1606,2016-06-17,6075.492,5655.0,-420.4920000000002,4.942874640152277,-415.5491253598479,-28.695548538621257,0.42550181042357316,d
2016-03-22,IC,q1,IC1606,2016-06-17,6075.492,5655.0,-420.4920000000002,5.0936237937291775,-415.398376206271,-28.6851386270377,0.4129088038796346,p
2016-03-22,IC,q2,IC1609,2016-09-16,6075.492,5338.4,-737.0920000000006,8.975408534072645,-728.1165914659279,-24.574932643644672,0.2581944061024421,y
2016-03-22,IC,q2,IC1609,2016-09-16,6075.492,5338.4,-737.0920000000006,6.837935758949541,-730.254064241051,-24.64707527861817,0.3389034874960103,d
2016-03-22,IC,q2,IC1609,2016-09-16,6075.492,5338.4,-737.0920000000006,7.057742399508875,-730.0342576004916,-24.63965650331531,0.328348662334706,p
2016-03-23,IC,current,IC1604,2016-04-15,6118.966,5949.2,-169.76600000000053,0.6763753683289374,-169.0896246316716,-43.853468472884586,1.0,y
2016-03-23,IC,current,IC1604,2016-04-15,6118.966,5949.2,-169.76600000000053,0.6763753683289374,-169.0896246316716,-43.853468472884586,1.0,d
2016-03-23,IC,current,IC1604,2016-04-15,6118.966,5949.2,-169.76600000000053,0.6763753683289374,-169.0896246316716,-43.853468472884586,1.0,p
2016-03-23,IC,next,IC1605,2016-05-20,6118.966,5803.0,-315.96600000000035,3.832278622327728,-312.1337213776726,-32.10166224693859,0.536988795202344,y
2016-03-23,IC,next,IC1605,2016-05-20,6118.966,5803.0,-315.96600000000035,3.382877340579232,-312.5831226594211,-32.14788131002591,0.6083255386171063,d
2016-03-23,IC,next,IC1605,2016-05-20,6118.966,5803.0,-315.96600000000035,3.531488683662385,-312.434511316338,-32.13259724805188,0.5827261148545712,p
2016-03-23,IC,q1,IC1606,2016-06-17,6118.966,5687.8,-431.16600000000017,6.430594897643895,-424.73540510235625,-29.460142118699206,0.3294021606566218,y
2016-03-23,IC,q1,IC1606,2016-06-17,6118.966,5687.8,-431.16600000000017,4.978244044326618,-426.18775595567354,-29.560878864520124,0.42550181042357316,d
2016-03-23,IC,q1,IC1606,2016-06-17,6118.966,5687.8,-431.16600000000017,5.130071903743739,-426.03592809625644,-29.550347907453034,0.4129088038796346,p
2016-03-23,IC,q2,IC1609,2016-09-16,6118.966,5354.8,-764.1660000000002,9.039633276794762,-755.1263667232054,-25.448441627235635,0.2581944061024421,y
2016-03-23,IC,q2,IC1609,2016-09-16,6118.966,5354.8,-764.1660000000002,6.886865527795352,-757.2791344722048,-25.520991847717454,0.3389034874960103,d
2016-03-23,IC,q2,IC1609,2016-09-16,6118.966,5354.8,-764.1660000000002,7.108245024329424,-757.0577549756707,-25.513531158429835,0.328348662334706,p
2016-03-24,IC,current,IC1604,2016-04-15,6018.424,5843.4,-175.02400000000034,0.6652617043075115,-174.35873829569283,-48.06524060567101,1.0,y
2016-03-24,IC,current,IC1604,2016-04-15,6018.424,5843.4,-175.02400000000034,0.6652617043075115,-174.35873829569283,-48.06524060567101,1.0,d
2016-03-24,IC,current,IC1604,2016-04-15,6018.424,5843.4,-175.02400000000034,0.6652617043075115,-174.35873829569283,-48.06524060567101,1.0,p
2016-03-24,IC,next,IC1605,2016-05-20,6018.424,5697.2,-321.22400000000016,3.7693096571061404,-317.454690342894,-33.77668130894381,0.536988795202344,y
2016-03-24,IC,next,IC1605,2016-05-20,6018.424,5697.2,-321.22400000000016,3.3272925810665104,-317.89670741893366,-33.823711232787026,0.6083255386171063,d
2016-03-24,IC,next,IC1605,2016-05-20,6018.424,5697.2,-321.22400000000016,3.473462060335374,-317.7505379396648,-33.80815902937487,0.5827261148545712,p
2016-03-24,IC,q1,IC1606,2016-06-17,6018.424,5560.0,-458.424,6.324932458565313,-452.0990675414347,-32.25705905978897,0.3294021606566218,y
2016-03-24,IC,q1,IC1606,2016-06-17,6018.424,5560.0,-458.424,4.896445483474231,-453.52755451652575,-32.35898094379602,0.42550181042357316,d
2016-03-24,IC,q1,IC1606,2016-06-17,6018.424,5560.0,-458.424,5.045778627829768,-453.37822137217023,-32.34832609311637,0.4129088038796346,p
2016-03-24,IC,q2,IC1609,2016-09-16,6018.424,5216.2,-802.2240000000002,8.891101186746296,-793.3328988132539,-27.33712763307736,0.2581944061024421,y
2016-03-24,IC,q2,IC1609,2016-09-16,6018.424,5216.2,-802.2240000000002,6.77370601131894,-795.4502939886812,-27.410090070721004,0.3389034874960103,d
2016-03-24,IC,q2,IC1609,2016-09-16,6018.424,5216.2,-802.2240000000002,6.991447975410353,-795.2325520245898,-27.40258699115334,0.328348662334706,p
2016-03-25,IC,current,IC1604,2016-04-15,6077.431,5910.4,-167.03099999999995,0.6717841921525143,-166.35921580784745,-47.577366293237674,1.0,y
2016-03-25,IC,current,IC1604,2016-04-15,6077.431,5910.4,-167.03099999999995,0.6717841921525143,-166.35921580784745,-47.577366293237674,1.0,d
2016-03-25,IC,current,IC1604,2016-04-15,6077.431,5910.4,-167.03099999999995,0.6717841921525143,-166.35921580784745,-47.577366293237674,1.0,p
2016-03-25,IC,next,IC1605,2016-05-20,6077.431,5753.8,-323.6309999999994,3.8062654539953034,-319.8247345460041,-34.300215510847636,0.5369887952023439,y
2016-03-25,IC,next,IC1605,2016-05-20,6077.431,5753.8,-323.6309999999994,3.3599146683988406,-320.27108533160055,-34.34808525475949,0.6083255386171063,d
2016-03-25,IC,next,IC1605,2016-05-20,6077.431,5753.8,-323.6309999999994,3.507517250829465,-320.12348274916997,-34.33225533342926,0.5827261148545712,p
2016-03-25,IC,q1,IC1606,2016-06-17,6077.431,5620.8,-456.6309999999994,6.6383121255630275,-449.9926878744364,-32.173551125970604,0.3798162556661368,y
2016-03-25,IC,q1,IC1606,2016-06-17,6077.431,5620.8,-456.6309999999994,5.230377293724546,-451.4006227062749,-32.27421556900447,0.48205678364725013,d
2016-03-25,IC,q1,IC1606,2016-06-17,6077.431,5620.8,-456.6309999999994,5.3710103485574905,-451.2599896514419,-32.26416059499802,0.46943474166860005,p
2016-03-25,IC,q2,IC1609,2016-09-16,6077.431,5260.2,-817.2309999999998,9.210584542818285,-808.0204154571815,-27.730462487650385,0.32557853851117896,y
2016-03-25,IC,q2,IC1609,2016-09-16,6077.431,5260.2,-817.2309999999998,7.21879401246413,-810.0122059875356,-27.79881877114106,0.4154113068064683,d
2016-03-25,IC,q2,IC1609,2016-09-16,6077.431,5260.2,-817.2309999999998,7.430335892513275,-809.8006641074865,-27.791558862781006,0.40358453475918354,p
2016-03-28,IC,current,IC1604,2016-04-15,6037.778,5857.0,-180.77800000000025,0.6674010476015645,-180.11059895239868,-60.48984744022048,1.0,y
2016-03-28,IC,current,IC1604,2016-04-15,6037.778,5857.0,-180.77800000000025,0.6674010476015645,-180.11059895239868,-60.48984744022048,1.0,d
2016-03-28,IC,current,IC1604,2016-04-15,6037.778,5857.0,-180.77800000000025,0.6674010476015645,-180.11059895239868,-60.48984744022048,1.0,p
2016-03-28,IC,next,IC1605,2016-05-20,6037.778,5709.0,-328.77800000000025,3.8516643174447016,-324.92633568255553,-37.06165142713747,0.5926726883183708,y
2016-03-28,IC,next,IC1605,2016-05-20,6037.778,5709.0,-328.77800000000025,3.432123653051355,-325.3458763469489,-37.10950495009243,0.6651206297565576,d
2016-03-28,IC,next,IC1605,2016-05-20,6037.778,5709.0,-328.77800000000025,3.574275829616122,-325.20372417038413,-37.09329083064783,0.6386681818468007,p
2016-03-28,IC,q1,IC1606,2016-06-17,6037.778,5575.0,-462.77800000000025,6.665232927037279,-456.112767072963,-34.041048921245384,0.41365069472182386,y
2016-03-28,IC,q1,IC1606,2016-06-17,6037.778,5575.0,-462.77800000000025,5.290382198317238,-457.48761780168303,-34.14365810979344,0.5211491584915577,d
2016-03-28,IC,q1,IC1606,2016-06-17,6037.778,5575.0,-462.77800000000025,5.42561032088622,-457.352389679114,-34.133565633835275,0.5081600166046213,p
2016-03-28,IC,q2,IC1609,2016-09-16,6037.778,5176.4,-861.3780000000006,9.220722213696499,-852.1572777863041,-29.95070394948245,0.3504490104994192,y
2016-03-28,IC,q2,IC1609,2016-09-16,6037.778,5176.4,-861.3780000000006,7.265825229959727,-854.1121747700408,-30.01941255801976,0.4447386048532664,d
2016-03-28,IC,q2,IC1609,2016-09-16,6037.778,5176.4,-861.3780000000006,7.471499523763927,-853.9065004762367,-30.012183740001852,0.43249590869973975,p
2016-03-29,IC,current,IC1604,2016-04-15,5921.867,5788.8,-133.067,0.6493858584806628,-132.41761414151935,-48.0099277530654,1.0,y
2016-03-29,IC,current,IC1604,2016-04-15,5921.867,5788.8,-133.067,0.6493858584806628,-132.41761414151935,-48.0099277530654,1.0,d
2016-03-29,IC,current,IC1604,2016-04-15,5921.867,5788.8,-133.067,0.6493858584806628,-132.41761414151935,-48.0099277530654,1.0,p
2016-03-29,IC,next,IC1605,2016-05-20,5921.867,5605.0,-316.8670000000002,3.1362928863110517,-313.73070711368916,-37.186722238526016,0.7243446563118626,y
2016-03-29,IC,next,IC1605,2016-05-20,5921.867,5605.0,-316.8670000000002,2.9131144981239863,-313.9538855018762,-37.21317573046344,0.7798378657245725,d
2016-03-29,IC,next,IC1605,2016-05-20,5921.867,5605.0,-316.8670000000002,2.9454316861553567,-313.92156831384483,-37.20934515134701,0.7712815080744991,p
2016-03-29,IC,q1,IC1606,2016-06-17,5921.867,5464.4,-457.46700000000055,5.815011056289201,-451.65198894371133,-34.797508953775605,0.4984351482479795,y
2016-03-29,IC,q1,IC1606,2016-06-17,5921.867,5464.4,-457.46700000000055,4.7777529161283265,-452.6892470838722,-34.87742446461846,0.6066462516554506,d
2016-03-29,IC,q1,IC1606,2016-06-17,5921.867,5464.4,-457.46700000000055,4.831727407148998,-452.63527259285155,-34.87326600217271,0.5998694987669797,p
2016-03-29,IC,q2,IC1609,2016-09-16,5921.867,5084.2,-837.6670000000004,8.362418019334092,-829.3045819806663,-29.891807011284293,0.419126476382255,y
2016-03-29,IC,q2,IC1609,2016-09-16,5921.867,5084.2,-837.6670000000004,6.789274061585528,-830.8777259384149,-29.948510081070403,0.5162423503140271,d
2016-03-29,IC,q2,IC1609,2016-09-16,5921.867,5084.2,-837.6670000000004,6.9066720359637115,-830.7603279640366,-29.944278538558905,0.5074673851934134,p
2016-03-30,IC,current,IC1604,2016-04-15,6137.503,6020.8,-116.70299999999952,0.6730322809652164,-116.0299677190343,-43.127207246831006,1.0,y
2016-03-30,IC,current,IC1604,2016-04-15,6137.503,6020.8,-116.70299999999952,0.6730322809652164,-116.0299677190343,-43.127207246831006,1.0,d
2016-03-30,IC,current,IC1604,2016-04-15,6137.503,6020.8,-116.70299999999952,0.6730322809652164,-116.0299677190343,-43.127207246831006,1.0,p
2016-03-30,IC,next,IC1605,2016-05-20,6137.503,5844.4,-293.10300000000007,3.256325530846193,-289.84667446915387,-33.79864525196723,0.7390720301545847,y
2016-03-30,IC,next,IC1605,2016-05-20,6137.503,5844.4,-293.10300000000007,3.0365695047306036,-290.06643049526946,-33.824270717507815,0.7925585491053049,d
2016-03-30,IC,next,IC1605,2016-05-20,6137.503,5844.4,-293.10300000000007,3.0666964857184706,-290.0363035142816,-33.820757649280324,0.7847725173112022,p
2016-03-30,IC,q1,IC1606,2016-06-17,6137.503,5680.0,-457.5029999999997,6.046310524906299,-451.4566894750934,-33.98522490673667,0.5822568669071937,y
2016-03-30,IC,q1,IC1606,2016-06-17,6137.503,5680.0,-457.5029999999997,5.186631783750111,-452.3163682162496,-34.049940694644704,0.6787653277431014,d
2016-03-30,IC,q1,IC1606,2016-06-17,6137.503,5680.0,-457.5029999999997,5.242745006039242,-452.2602549939605,-34.04571654529838,0.671500486581853,p
2016-03-30,IC,q2,IC1609,2016-09-16,6137.503,5278.4,-859.1030000000001,8.692058382585287,-850.4109416174148,-29.74959549226495,0.4948511305889214,y
2016-03-30,IC,q2,IC1609,2016-09-16,6137.503,5278.4,-859.1030000000001,7.293485468787279,-851.8095145312128,-29.798521225008695,0.5897420288522811,d
2016-03-30,IC,q2,IC1609,2016-09-16,6137.503,5278.4,-859.1030000000001,7.407012384321764,-851.6959876156783,-29.79454975704026,0.5807030817002062,p
2016-03-31,IC,current,IC1604,2016-04-15,6155.814,6020.0,-135.8140000000003,0.678943133482198,-135.1350568665181,-53.41757213184057,1.0,y
2016-03-31,IC,current,IC1604,2016-04-15,6155.814,6020.0,-135.8140000000003,0.678943133482198,-135.1350568665181,-53.41757213184057,1.0,d
2016-03-31,IC,current,IC1604,2016-04-15,6155.814,6020.0,-135.8140000000003,0.678943133482198,-135.1350568665181,-53.41757213184057,1.0,p
2016-03-31,IC,next,IC1605,2016-05-20,6155.814,5845.6,-310.21399999999994,3.356450230161553,-306.8575497698384,-36.389340440107844,0.8553347057105606,y
2016-03-31,IC,next,IC1605,2016-05-20,6155.814,5845.6,-310.21399999999994,3.22318261438847,-306.9908173856115,-36.40514425736326,0.8906998806184816,d
2016-03-31,IC,next,IC1605,2016-05-20,6155.814,5845.6,-310.21399999999994,3.245908057670602,-306.96809194232935,-36.40244931342962,0.8844638599861155,p
2016-03-31,IC,q1,IC1606,2016-06-17,6155.814,5683.8,-472.0140000000001,6.1838019880986375,-465.8301980119015,-35.411181030074445,0.7111268061981375,y
2016-03-31,IC,q1,IC1606,2016-06-17,6155.814,5683.8,-472.0140000000001,5.518457709245724,-466.4955422907544,-35.46175874445694,0.7968652818686426,d
2016-03-31,IC,q1,IC1606,2016-06-17,6155.814,5683.8,-472.0140000000001,5.5318230618296615,-466.4821769381705,-35.46074274566188,0.7949399879221384,p
2016-03-31,IC,q2,IC1609,2016-09-16,6155.814,5308.8,-847.0140000000001,8.892309565935482,-838.1216904340646,-29.405444663205284,0.6067282126671142,y
2016-03-31,IC,q2,IC1609,2016-09-16,6155.814,5308.8,-847.0140000000001,7.725273151131009,-839.2887268488691,-29.446390059449246,0.6983850258592912,d
2016-03-31,IC,q2,IC1609,2016-09-16,6155.814,5308.8,-847.0140000000001,7.801279192923392,-839.2127208070767,-29.443723392446703,0.6915808236060521,p
2016-04-01,IC,current,IC1604,2016-04-15,6124.528,6028.0,-96.52800000000025,0.6754925069892397,-95.852507493011,-40.80333704893436,1.0,y
2016-04-01,IC,current,IC1604,2016-04-15,6124.528,6028.0,-96.52800000000025,0.6754925069892397,-95.852507493011,-40.80333704893436,1.0,d
2016-04-01,IC,current,IC1604,2016-04-15,6124.528,6028.0,-96.52800000000025,0.6754925069892397,-95.852507493011,-40.80333704893436,1.0,p
2016-04-01,IC,next,IC1605,2016-05-20,6124.528,5847.6,-276.9279999999999,3.323537481943434,-273.60446251805644,-33.27724287540952,0.879903842672268,y
2016-04-01,IC,next,IC1605,2016-05-20,6124.528,5847.6,-276.9279999999999,3.2194529577565834,-273.7085470422433,-33.289902193752,0.908351027332653,d
2016-04-01,IC,next,IC1605,2016-05-20,6124.528,5847.6,-276.9279999999999,3.2385996437229325,-273.68940035627696,-33.28757347106488,0.9029808322542778,p
2016-04-01,IC,q1,IC1606,2016-06-17,6124.528,5680.0,-444.52800000000025,6.1365196492628,-438.3914803507374,-33.93060632230711,0.7240608741259293,y
2016-04-01,IC,q1,IC1606,2016-06-17,6124.528,5680.0,-444.52800000000025,5.5030626617138365,-439.0249373382864,-33.979634600980425,0.8074074482648904,d
2016-04-01,IC,q1,IC1606,2016-06-17,6124.528,5680.0,-444.52800000000025,5.5128968282369994,-439.01510317176326,-33.97887345655184,0.8059671566095832,p
2016-04-01,IC,q2,IC1609,2016-09-16,6124.528,5290.8,-833.7280000000001,8.83126164417589,-824.8967383558241,-29.26244056800278,0.615528202973177,y
2016-04-01,IC,q2,IC1609,2016-09-16,6124.528,5290.8,-833.7280000000001,7.698662295597965,-826.0293377044021,-29.302618470986346,0.7060824856460751,d
2016-04-01,IC,q2,IC1609,2016-09-16,6124.528,5290.8,-833.7280000000001,7.77081878943583,-825.9571812105643,-29.30005878682911,0.699526106208453,p
2016-04-05,IC,current,IC1604,2016-04-15,6286.583,6190.4,-96.18299999999999,0.6933660375241871,-95.4896339624758,-55.44143200893661,1.0,y
2016-04-05,IC,current,IC1604,2016-04-15,6286.583,6190.4,-96.18299999999999,0.6933660375241871,-95.4896339624758,-55.44143200893661,1.0,d
2016-04-05,IC,current,IC1604,2016-04-15,6286.583,6190.4,-96.18299999999999,0.6933660375241871,-95.4896339624758,-55.44143200893661,1.0,p
2016-04-05,IC,next,IC1605,2016-05-20,6286.583,6026.2,-260.3829999999998,3.4114782778115145,-256.9715217221883,-33.15512680067967,0.879903842672268,y
2016-04-05,IC,next,IC1605,2016-05-20,6286.583,6026.2,-260.3829999999998,3.304639677299582,-257.07836032270023,-33.1689113917637,0.908351027332653,d
2016-04-05,IC,next,IC1605,2016-05-20,6286.583,6026.2,-260.3829999999998,3.324292984542587,-257.05870701545723,-33.1663756715044,0.9029808322542778,p
2016-04-05,IC,q1,IC1606,2016-06-17,6286.583,5850.0,-436.58299999999963,6.29889194828099,-430.28410805171865,-34.22241526531334,0.7240608741259293,y
2016-04-05,IC,q1,IC1606,2016-06-17,6286.583,5850.0,-436.58299999999963,5.648673689966794,-430.9343263100328,-34.27413002500983,0.8074074482648904,d
2016-04-05,IC,q1,IC1606,2016-06-17,6286.583,5850.0,-436.58299999999963,5.6587680685186905,-430.92423193148096,-34.27332717403723,0.8059671566095832,p
2016-04-05,IC,q2,IC1609,2016-09-16,6286.583,5440.6,-845.9829999999993,9.06493681159237,-836.9180631884069,-29.629021146883666,0.615528202973177,y
2016-04-05,IC,q2,IC1609,2016-09-16,6286.583,5440.6,-845.9829999999993,7.902368886263095,-838.0806311137362,-29.67017899872049,0.7060824856460751,d
2016-04-05,IC,q2,IC1609,2016-09-16,6286.583,5440.6,-845.9829999999993,7.976434640799726,-838.0065653591995,-29.667556883242348,0.699526106208453,p
2016-04-06,IC,current,IC1604,2016-04-15,6323.434,6223.4,-100.03400000000056,0.6974304445078863,-99.33656955549267,-63.70984128728302,1.0,y
2016-04-06,IC,current,IC1604,2016-04-15,6323.434,6223.4,-100.03400000000056,0.6974304445078863,-99.33656955549267,-63.70984128728302,1.0,d
2016-04-06,IC,current,IC1604,2016-04-15,6323.434,6223.4,-100.03400000000056,0.6974304445078863,-99.33656955549267,-63.70984128728302,1.0,p
2016-04-06,IC,next,IC1605,2016-05-20,6323.434,6048.0,-275.4340000000002,3.43147584819524,-272.00252415180495,-35.68289912332761,0.879903842672268,y
2016-04-06,IC,next,IC1605,2016-05-20,6323.434,6048.0,-275.4340000000002,3.3240109759443572,-272.10998902405584,-35.69699700057264,0.908351027332653,d
2016-04-06,IC,next,IC1605,2016-05-20,6323.434,6048.0,-275.4340000000002,3.3437794879059215,-272.0902205120943,-35.694403650307436,0.9029808322542778,p
2016-04-06,IC,q1,IC1606,2016-06-17,6323.434,5863.6,-459.83399999999983,6.33581510147663,-453.4981848985232,-36.35657229915672,0.7240608741259293,y
2016-04-06,IC,q1,IC1606,2016-06-17,6323.434,5863.6,-459.83399999999983,5.681785361943283,-454.15221463805653,-36.409005319404564,0.8074074482648904,d
2016-04-06,IC,q1,IC1606,2016-06-17,6323.434,5863.6,-459.83399999999983,5.691938912217562,-454.1420610877823,-36.408191317724,0.8059671566095832,p
2016-04-06,IC,q2,IC1609,2016-09-16,6323.434,5434.4,-889.0340000000006,9.11516323689629,-879.9188367631043,-31.15981603256543,0.6171329060302343,y
2016-04-06,IC,q2,IC1609,2016-09-16,6323.434,5434.4,-889.0340000000006,7.955065685819671,-881.0789343141809,-31.200897578682063,0.7071301984788263,d
2016-04-06,IC,q2,IC1609,2016-09-16,6323.434,5434.4,-889.0340000000006,8.031634429029479,-881.002365570971,-31.198186115019073,0.7003888470065123,p
2016-04-07,IC,current,IC1604,2016-04-15,6228.974,6156.0,-72.97400000000016,0.6870121686488807,-72.28698783135128,-52.947625400353296,1.0,y
2016-04-07,IC,current,IC1604,2016-04-15,6228.974,6156.0,-72.97400000000016,0.6870121686488807,-72.28698783135128,-52.947625400353296,1.0,d
2016-04-07,IC,current,IC1604,2016-04-15,6228.974,6156.0,-72.97400000000016,0.6870121686488807,-72.28698783135128,-52.947625400353296,1.0,p
2016-04-07,IC,next,IC1605,2016-05-20,6228.974,5970.4,-258.5740000000005,3.380216167360345,-255.19378383264018,-34.77586827297709,0.879903842672268,y
2016-04-07,IC,next,IC1605,2016-05-20,6228.974,5970.4,-258.5740000000005,3.2743566145977057,-255.29964338540282,-34.790294007832465,0.908351027332653,d
2016-04-07,IC,next,IC1605,2016-05-20,6228.974,5970.4,-258.5740000000005,3.293829822830332,-255.2801701771702,-34.78764034709599,0.9029808322542778,p
2016-04-07,IC,q1,IC1606,2016-06-17,6228.974,5790.0,-438.97400000000016,6.241170151519774,-432.7328298484804,-35.71394639207924,0.7240608741259293,y
2016-04-07,IC,q1,IC1606,2016-06-17,6228.974,5790.0,-438.97400000000016,5.59691036438829,-433.37708963561187,-35.767117905570004,0.8074074482648904,d
2016-04-07,IC,q1,IC1606,2016-06-17,6228.974,5790.0,-438.97400000000016,5.606912240056824,-433.36708775994333,-35.76629243907704,0.8059671566095832,p
2016-04-07,IC,q2,IC1609,2016-09-16,6228.974,5361.0,-867.9740000000002,8.979000145867394,-858.9949998541327,-31.07076653084683,0.6171329060302343,y
2016-04-07,IC,q2,IC1609,2016-09-16,6228.974,5361.0,-867.9740000000002,7.836232231610689,-860.1377677683895,-31.1121016667543,0.7071301984788263,d
2016-04-07,IC,q2,IC1609,2016-09-16,6228.974,5361.0,-867.9740000000002,7.911657184360504,-860.0623428156397,-31.1093734656613,0.7003888470065123,p
2016-04-08,IC,current,IC1604,2016-04-15,6168.742,6114.2,-54.54200000000037,0.6803690012601488,-53.861630998740225,-45.52791040132003,1.0,y
2016-04-08,IC,current,IC1604,2016-04-15,6168.742,6114.2,-54.54200000000037,0.6803690012601488,-53.861630998740225,-45.52791040132003,1.0,d
2016-04-08,IC,current,IC1604,2016-04-15,6168.742,6114.2,-54.54200000000037,0.6803690012601488,-53.861630998740225,-45.52791040132003,1.0,p
2016-04-08,IC,next,IC1605,2016-05-20,6168.742,5925.8,-242.942,3.239971639076029,-239.70202836092398,-33.76903703023174,0.9807007080163868,y
2016-04-08,IC,next,IC1605,2016-05-20,6168.742,5925.8,-242.942,3.239971639076029,-239.70202836092398,-33.76903703023174,0.9807007080163868,d
2016-04-08,IC,next,IC1605,2016-05-20,6168.742,5925.8,-242.942,3.239971639076029,-239.70202836092398,-33.76903703023174,0.9807007080163868,p
2016-04-08,IC,q1,IC1606,2016-06-17,6168.742,5735.6,-433.1419999999998,6.08876979682006,-427.05323020317974,-36.097757978660944,0.8110184058186497,y
2016-04-08,IC,q1,IC1606,2016-06-17,6168.742,5735.6,-433.1419999999998,5.5992621909858205,-427.542737809014,-36.13913485122484,0.8819205469541217,d
2016-04-08,IC,q1,IC1606,2016-06-17,6168.742,5735.6,-433.1419999999998,5.573396441368122,-427.5686035586317,-36.14132121934854,0.886013479565357,p
2016-04-08,IC,q2,IC1609,2016-09-16,6168.742,5315.0,-853.7420000000002,8.827059108817883,-844.9149408911823,-31.05155628077569,0.687972556390862,y
2016-04-08,IC,q2,IC1609,2016-09-16,6168.742,5315.0,-853.7420000000002,7.817168650318636,-845.9248313496815,-31.088670869347684,0.7768508896452104,d
2016-04-08,IC,q2,IC1609,2016-09-16,6168.742,5315.0,-853.7420000000002,7.888644679750208,-845.85335532025,-31.086044046405863,0.7698121371970545,p
2016-04-11,IC,current,IC1604,2016-04-15,6304.3,6237.0,-67.30000000000018,0.6953200984324447,-66.60467990156774,-96.40526372504569,1.0,y
2016-04-11,IC,current,IC1604,2016-04-15,6304.3,6237.0,-67.30000000000018,0.6953200984324447,-66.60467990156774,-96.40526372504569,1.0,d
2016-04-11,IC,current,IC1604,2016-04-15,6304.3,6237.0,-67.30000000000018,0.6953200984324447,-66.60467990156774,-96.40526372504569,1.0,p
2016-04-11,IC,next,IC1605,2016-05-20,6304.3,6067.0,-237.30000000000018,3.311169960459849,-233.98883003954035,-34.73653634228173,0.9807007080163868,y
2016-04-11,IC,next,IC1605,2016-05-20,6304.3,6067.0,-237.30000000000018,3.311169960459849,-233.98883003954035,-34.73653634228173,0.9807007080163868,d
2016-04-11,IC,next,IC1605,2016-05-20,6304.3,6067.0,-237.30000000000018,3.311169960459849,-233.98883003954035,-34.73653634228173,0.9807007080163868,p
2016-04-11,IC,q1,IC1606,2016-06-17,6304.3,5878.0,-426.3000000000002,6.222570409022245,-420.07742959097794,-36.300327069040755,0.8110184058186496,y
2016-04-11,IC,q1,IC1606,2016-06-17,6304.3,5878.0,-426.3000000000002,5.722305881917562,-420.5776941180826,-36.343556637391096,0.8819205469541217,d
2016-04-11,IC,q1,IC1606,2016-06-17,6304.3,5878.0,-426.3000000000002,5.69587173289417,-420.60412826710603,-36.34584090259496,0.886013479565357,p
2016-04-11,IC,q2,IC1609,2016-09-16,6304.3,5424.8,-879.5,9.445768768074798,-870.0542312319252,-31.88197591473659,0.7398462053992236,y
2016-04-11,IC,q2,IC1609,2016-09-16,6304.3,5424.8,-879.5,8.578707492624122,-870.9212925073758,-31.91374821778185,0.8146234367061939,d
2016-04-11,IC,q2,IC1609,2016-09-16,6304.3,5424.8,-879.5,8.660258779355328,-870.8397412206447,-31.91075987973803,0.8069523507539873,p
2016-04-12,IC,current,IC1604,2016-04-15,6252.773,6239.8,-12.972999999999956,0.545830301879234,-12.427169698120723,-24.18082846236949,1.0,y
2016-04-12,IC,current,IC1604,2016-04-15,6252.773,6239.8,-12.972999999999956,0.545830301879234,-12.427169698120723,-24.18082846236949,1.0,d
2016-04-12,IC,current,IC1604,2016-04-15,6252.773,6239.8,-12.972999999999956,0.545830301879234,-12.427169698120723,-24.18082846236949,1.0,p
2016-04-12,IC,next,IC1605,2016-05-20,6252.773,6036.8,-215.97299999999996,3.140300011337648,-212.8326999886623,-32.69451956750007,0.9798169172783682,y
2016-04-12,IC,next,IC1605,2016-05-20,6252.773,6036.8,-215.97299999999996,3.140300011337648,-212.8326999886623,-32.69451956750007,0.9798169172783682,d
2016-04-12,IC,next,IC1605,2016-05-20,6252.773,6036.8,-215.97299999999996,3.140300011337648,-212.8326999886623,-32.69451956750007,0.9798169172783682,p
2016-04-12,IC,q1,IC1606,2016-06-17,6252.773,5854.0,-398.77300000000014,6.0279046806837835,-392.74509531931636,-34.736578327424766,0.8065099030366912,y
2016-04-12,IC,q1,IC1606,2016-06-17,6252.773,5854.0,-398.77300000000014,5.531728970781347,-393.2412710292188,-34.78046288923497,0.8788508701730569,d
2016-04-12,IC,q1,IC1606,2016-06-17,6252.773,5854.0,-398.77300000000014,5.505510876259919,-393.26748912374023,-34.78278176451767,0.8830360939792242,p
2016-04-12,IC,q2,IC1609,2016-09-16,6252.773,5430.0,-822.7730000000001,9.209534440390891,-813.5634655596092,-30.249067239503972,0.7452491554074053,y
2016-04-12,IC,q2,IC1609,2016-09-16,6252.773,5430.0,-822.7730000000001,8.391990813327533,-814.3810091866726,-30.279464292952362,0.8178509624315587,d
2016-04-12,IC,q2,IC1609,2016-09-16,6252.773,5430.0,-822.7730000000001,8.468740623409328,-814.3042593765908,-30.276610661657365,0.8104390096001866,p
2016-04-13,IC,current,IC1604,2016-04-15,6344.226,6306.0,-38.22599999999966,0.0,-38.22599999999966,-109.96211358170306,,y
2016-04-13,IC,current,IC1604,2016-04-15,6344.226,6306.0,-38.22599999999966,0.0,-38.22599999999966,-109.96211358170306,,d
2016-04-13,IC,current,IC1604,2016-04-15,6344.226,6306.0,-38.22599999999966,0.0,-38.22599999999966,-109.96211358170306,,p
2016-04-13,IC,next,IC1605,2016-05-20,6344.226,6131.2,-213.02599999999984,2.6324163994052747,-210.39358360059455,-32.71485395782739,0.9755707554925357,y
2016-04-13,IC,next,IC1605,2016-05-20,6344.226,6131.2,-213.02599999999984,2.6324163994052747,-210.39358360059455,-32.71485395782739,0.9755707554925357,d
2016-04-13,IC,next,IC1605,2016-05-20,6344.226,6131.2,-213.02599999999984,2.6324163994052747,-210.39358360059455,-32.71485395782739,0.9755707554925357,p
2016-04-13,IC,q1,IC1606,2016-06-17,6344.226,5966.0,-378.22599999999966,5.562255147907283,-372.66374485209235,-32.98511527732552,0.7872447944777016,y
2016-04-13,IC,q1,IC1606,2016-06-17,6344.226,5966.0,-378.22599999999966,5.058822376666189,-373.1671776233335,-33.02967498624048,0.8655880923877216,d
2016-04-13,IC,q1,IC1606,2016-06-17,6344.226,5966.0,-378.22599999999966,5.032220816537059,-373.1937791834626,-33.03202953652754,0.8701638044890353,p
2016-04-13,IC,q2,IC1609,2016-09-16,6344.226,5566.6,-777.6259999999993,8.790419395019338,-768.83558060498,-28.354571878229006,0.7291993540539795,y
2016-04-13,IC,q2,IC1609,2016-09-16,6344.226,5566.6,-777.6259999999993,7.960918382436657,-769.6650816175627,-28.385163784584112,0.8051794826653818,d
2016-04-13,IC,q2,IC1609,2016-09-16,6344.226,5566.6,-777.6259999999993,8.038790734530037,-769.5872092654693,-28.38229186078081,0.797379650297168,p
2016-04-14,IC,current,IC1604,2016-04-15,6401.855,6381.2,-20.654999999999745,0.0,-20.654999999999745,-117.7639137406253,,y
2016-04-14,IC,current,IC1604,2016-04-15,6401.855,6381.2,-20.654999999999745,0.0,-20.654999999999745,-117.7639137406253,,d
2016-04-14,IC,current,IC1604,2016-04-15,6401.855,6381.2,-20.654999999999745,0.0,-20.654999999999745,-117.7639137406253,,p
2016-04-14,IC,next,IC1605,2016-05-20,6401.855,6214.6,-187.2549999999992,2.8048315304854263,-184.45016846951378,-29.212154346657915,1.0,y
2016-04-14,IC,next,IC1605,2016-05-20,6401.855,6214.6,-187.2549999999992,2.8048315304854263,-184.45016846951378,-29.212154346657915,1.0,d
2016-04-14,IC,next,IC1605,2016-05-20,6401.855,6214.6,-187.2549999999992,2.8048315304854263,-184.45016846951378,-29.212154346657915,1.0,p
2016-04-14,IC,q1,IC1606,2016-06-17,6401.855,6062.4,-339.4549999999999,5.76128403411492,-333.693715965885,-29.72727395212697,0.8039922587426543,y
2016-04-14,IC,q1,IC1606,2016-06-17,6401.855,6062.4,-339.4549999999999,5.253278234237416,-334.2017217657625,-29.772529906493734,0.881740421372988,d
2016-04-14,IC,q1,IC1606,2016-06-17,6401.855,6062.4,-339.4549999999999,5.22643503370823,-334.2285649662917,-29.77492124662902,0.8862690790130334,p
2016-04-14,IC,q2,IC1609,2016-09-16,6401.855,5674.4,-727.4549999999999,9.018771933536465,-718.4362280664635,-26.42673787965431,0.7408535820699738,y
2016-04-14,IC,q2,IC1609,2016-09-16,6401.855,5674.4,-727.4549999999999,8.18173598858313,-719.2732640114168,-26.457527153147186,0.816646919694816,d
2016-04-14,IC,q2,IC1609,2016-09-16,6401.855,5674.4,-727.4549999999999,8.260315709200077,-719.1946842907998,-26.454636700803224,0.8088782230672964,p
2016-04-15,IC,current,IC1604,2016-04-15,6384.35,6376.6,-7.75,0.0,-7.75,,,y
2016-04-15,IC,current,IC1604,2016-04-15,6384.35,6376.6,-7.75,0.0,-7.75,,,d
2016-04-15,IC,current,IC1604,2016-04-15,6384.35,6376.6,-7.75,0.0,-7.75,,,p
2016-04-15,IC,next,IC1605,2016-05-20,6384.35,6214.6,-169.75,2.7971621009308447,-166.95283789906915,-27.27105492701919,1.0,y
2016-04-15,IC,next,IC1605,2016-05-20,6384.35,6214.6,-169.75,2.7971621009308447,-166.95283789906915,-27.27105492701919,1.0,d
2016-04-15,IC,next,IC1605,2016-05-20,6384.35,6214.6,-169.75,2.7971621009308447,-166.95283789906915,-27.27105492701919,1.0,p
2016-04-15,IC,q1,IC1606,2016-06-17,6384.35,6051.0,-333.35000000000036,5.745530588118847,-327.6044694118815,-29.729352153495565,0.8039922587426543,y
2016-04-15,IC,q1,IC1606,2016-06-17,6384.35,6051.0,-333.35000000000036,5.238913860865897,-328.11108613913444,-29.77532645634434,0.881740421372988,d
2016-04-15,IC,q1,IC1606,2016-06-17,6384.35,6051.0,-333.35000000000036,5.212144059410146,-328.1378559405902,-29.777755754259555,0.8862690790130334,p
2016-04-15,IC,q2,IC1609,2016-09-16,6384.35,5655.4,-728.9500000000007,9.014419160880397,-719.9355808391203,-26.72693108485745,0.7472366179151118,y
2016-04-15,IC,q2,IC1609,2016-09-16,6384.35,5655.4,-728.9500000000007,8.18773322742798,-720.7622667725727,-26.757621022346655,0.8226824078343113,d
2016-04-15,IC,q2,IC1609,2016-09-16,6384.35,5655.4,-728.9500000000007,8.249254117393095,-720.7007458826076,-26.755337117188834,0.8165470466042702,p
2016-04-18,IC,current,IC1605,2016-05-20,6281.202,6093.2,-188.0020000000004,2.7519700803826583,-185.25002991961776,-33.64018787758521,1.0,y
2016-04-18,IC,current,IC1605,2016-05-20,6281.202,6093.2,-188.0020000000004,2.7519700803826583,-185.25002991961776,-33.64018787758521,1.0,d
2016-04-18,IC,current,IC1605,2016-05-20,6281.202,6093.2,-188.0020000000004,2.7519700803826583,-185.25002991961776,-33.64018787758521,1.0,p
2016-04-18,IC,next,IC1606,2016-06-17,6281.202,5912.6,-368.60199999999986,5.652703598824202,-362.9492964011757,-35.15157692917935,0.8072865371618433,y
2016-04-18,IC,next,IC1606,2016-06-17,6281.202,5912.6,-368.60199999999986,5.154271965148934,-363.4477280348509,-35.19984994717056,0.8853532651657856,d
2016-04-18,IC,next,IC1606,2016-06-17,6281.202,5912.6,-368.60199999999986,5.1279346668423775,-363.4740653331575,-35.20240070998154,0.8899004785306768,p
2016-04-18,IC,q1,IC1606,2016-06-17,6281.202,5912.6,-368.60199999999986,5.652703598824202,-362.9492964011757,-35.15157692917935,0.8072865371618433,y
2016-04-18,IC,q1,IC1606,2016-06-17,6281.202,5912.6,-368.60199999999986,5.154271965148934,-363.4477280348509,-35.19984994717056,0.8853532651657856,d
2016-04-18,IC,q1,IC1606,2016-06-17,6281.202,5912.6,-368.60199999999986,5.1279346668423775,-363.4740653331575,-35.20240070998154,0.8899004785306768,p
2016-04-18,IC,q2,IC1609,2016-09-16,6281.202,5510.6,-770.6019999999999,8.833753962474844,-761.768246037525,-29.315413352823317,0.7679973873180355,y
2016-04-18,IC,q2,IC1609,2016-09-16,6281.202,5510.6,-770.6019999999999,8.051732415699023,-762.5502675843009,-29.345508181550816,0.8425888508370202,d
2016-04-18,IC,q2,IC1609,2016-09-16,6281.202,5510.6,-770.6019999999999,8.10424499966015,-762.4977550003397,-29.343487320070892,0.837129179050673,p
2016-04-19,IC,current,IC1605,2016-05-20,6308.229,6102.6,-205.6289999999999,2.7638113641628173,-202.8651886358371,-37.86441480213233,1.0,y
2016-04-19,IC,current,IC1605,2016-05-20,6308.229,6102.6,-205.6289999999999,2.7638113641628173,-202.8651886358371,-37.86441480213233,1.0,d
2016-04-19,IC,current,IC1605,2016-05-20,6308.229,6102.6,-205.6289999999999,2.7638113641628173,-202.8651886358371,-37.86441480213233,1.0,p
2016-04-19,IC,next,IC1606,2016-06-17,6308.229,5932.2,-376.02900000000045,5.5340283387721,-370.49497166122836,-36.334209865667866,0.8535253538847366,y
2016-04-19,IC,next,IC1606,2016-06-17,6308.229,5932.2,-376.02900000000045,5.163331251229066,-370.8656687487714,-36.37056389691149,0.9148034992204428,d
2016-04-19,IC,next,IC1606,2016-06-17,6308.229,5932.2,-376.02900000000045,5.16247484973165,-370.8665251502688,-36.37064788367006,0.914955255715027,p
2016-04-19,IC,q1,IC1606,2016-06-17,6308.229,5932.2,-376.02900000000045,5.5340283387721,-370.49497166122836,-36.334209865667866,0.8535253538847366,y
2016-04-19,IC,q1,IC1606,2016-06-17,6308.229,5932.2,-376.02900000000045,5.163331251229066,-370.8656687487714,-36.37056389691149,0.9148034992204428,d
2016-04-19,IC,q1,IC1606,2016-06-17,6308.229,5932.2,-376.02900000000045,5.16247484973165,-370.8665251502688,-36.37064788367006,0.914955255715027,p
2016-04-19,IC,q2,IC1609,2016-09-16,6308.229,5527.4,-780.8290000000006,8.728766249516179,-772.1002337504844,-29.782958663350872,0.7966690973553986,y
2016-04-19,IC,q2,IC1609,2016-09-16,6308.229,5527.4,-780.8290000000006,8.073259007176597,-772.755740992824,-29.808244169362563,0.8613545437903984,d
2016-04-19,IC,q2,IC1609,2016-09-16,6308.229,5527.4,-780.8290000000006,8.151591766283726,-772.677408233717,-29.805222565140095,0.8530773532834303,p
2016-04-20,IC,current,IC1605,2016-05-20,6022.213,5791.2,-231.01299999999992,2.365379681309585,-228.64762031869034,-46.19363978896239,1.0,y
2016-04-20,IC,current,IC1605,2016-05-20,6022.213,5791.2,-231.01299999999992,2.365379681309585,-228.64762031869034,-46.19363978896239,1.0,d
2016-04-20,IC,current,IC1605,2016-05-20,6022.213,5791.2,-231.01299999999992,2.365379681309585,-228.64762031869034,-46.19363978896239,1.0,p
2016-04-20,IC,next,IC1606,2016-06-17,6022.213,5611.4,-410.8130000000001,5.009994624316995,-405.8030053756831,-42.40567865086173,0.8455402819561473,y
2016-04-20,IC,next,IC1606,2016-06-17,6022.213,5611.4,-410.8130000000001,4.656104995442743,-406.1568950045574,-42.4426594757475,0.9098060012370842,d
2016-04-20,IC,next,IC1606,2016-06-17,6022.213,5611.4,-410.8130000000001,4.655287423311014,-406.1577125766891,-42.44274491055362,0.9099657834297296,p
2016-04-20,IC,q1,IC1606,2016-06-17,6022.213,5611.4,-410.8130000000001,5.009994624316995,-405.8030053756831,-42.40567865086173,0.8455402819561473,y
2016-04-20,IC,q1,IC1606,2016-06-17,6022.213,5611.4,-410.8130000000001,4.656104995442743,-406.1568950045574,-42.4426594757475,0.9098060012370842,d
2016-04-20,IC,q1,IC1606,2016-06-17,6022.213,5611.4,-410.8130000000001,4.655287423311014,-406.1577125766891,-42.44274491055362,0.9099657834297296,p
2016-04-20,IC,q2,IC1609,2016-09-16,6022.213,5175.8,-846.4129999999996,8.059882663840582,-838.353117336159,-34.101812920335895,0.7897789532640499,y
2016-04-20,IC,q2,IC1609,2016-09-16,6022.213,5175.8,-846.4129999999996,7.434096213093219,-838.9789037869064,-34.12726812773022,0.8562608703486869,d
2016-04-20,IC,q2,IC1609,2016-09-16,6022.213,5175.8,-846.4129999999996,7.5088773537621485,-838.9041226462374,-34.12422624428477,0.8477333419875048,p
2016-04-21,IC,current,IC1605,2016-05-20,5970.682,5788.4,-182.28200000000015,2.345139550255177,-179.93686044974498,-37.930718030811974,1.0,y
2016-04-21,IC,current,IC1605,2016-05-20,5970.682,5788.4,-182.28200000000015,2.345139550255177,-179.93686044974498,-37.930718030811974,1.0,d
2016-04-21,IC,current,IC1605,2016-05-20,5970.682,5788.4,-182.28200000000015,2.345139550255177,-179.93686044974498,-37.930718030811974,1.0,p
2016-04-21,IC,next,IC1606,2016-06-17,5970.682,5605.4,-365.28200000000015,4.967124995995035,-360.3148750040051,-38.64348264980357,0.8455402819561473,y
2016-04-21,IC,next,IC1606,2016-06-17,5970.682,5605.4,-365.28200000000015,4.616263537407273,-360.66573646259286,-38.681112261090846,0.9098060012370842,d
2016-04-21,IC,next,IC1606,2016-06-17,5970.682,5605.4,-365.28200000000015,4.615452961094112,-360.66654703890606,-38.681199194753226,0.9099657834297296,p
2016-04-21,IC,q1,IC1606,2016-06-17,5970.682,5605.4,-365.28200000000015,4.967124995995035,-360.3148750040051,-38.64348264980357,0.8455402819561473,y
2016-04-21,IC,q1,IC1606,2016-06-17,5970.682,5605.4,-365.28200000000015,4.616263537407273,-360.66573646259286,-38.681112261090846,0.9098060012370842,d
2016-04-21,IC,q1,IC1606,2016-06-17,5970.682,5605.4,-365.28200000000015,4.615452961094112,-360.66654703890606,-38.681199194753226,0.9099657834297296,p
2016-04-21,IC,q2,IC1609,2016-09-16,5970.682,5180.0,-790.6819999999998,7.980491121246841,-782.701508878753,-32.32982687159828,0.7996330824562004,y
2016-04-21,IC,q2,IC1609,2016-09-16,5970.682,5180.0,-790.6819999999998,7.397269143428858,-783.284730856571,-32.353917109519976,0.8626784548546178,d
2016-04-21,IC,q2,IC1609,2016-09-16,5970.682,5180.0,-790.6819999999998,7.462987605392266,-783.2190123946075,-32.35120257981301,0.855081778534125,p
2016-04-22,IC,current,IC1605,2016-05-20,6011.32,5850.0,-161.3199999999997,2.361101174244408,-158.9588988257553,-34.470678457714946,1.0,y
2016-04-22,IC,current,IC1605,2016-05-20,6011.32,5850.0,-161.3199999999997,2.361101174244408,-158.9588988257553,-34.470678457714946,1.0,d
2016-04-22,IC,current,IC1605,2016-05-20,6011.32,5850.0,-161.3199999999997,2.361101174244408,-158.9588988257553,-34.470678457714946,1.0,p
2016-04-22,IC,next,IC1606,2016-06-17,6011.32,5677.2,-334.1199999999999,5.000932528465738,-329.11906747153415,-35.68519168451889,0.8455402819561473,y
2016-04-22,IC,next,IC1606,2016-06-17,6011.32,5677.2,-334.1199999999999,4.64768301639362,-329.4723169836063,-35.72349325315057,0.9098060012370842,d
2016-04-22,IC,next,IC1606,2016-06-17,6011.32,5677.2,-334.1199999999999,4.646866923089231,-329.47313307691064,-35.72358173919978,0.9099657834297296,p
2016-04-22,IC,q1,IC1606,2016-06-17,6011.32,5677.2,-334.1199999999999,5.000932528465738,-329.11906747153415,-35.68519168451889,0.8455402819561473,y
2016-04-22,IC,q1,IC1606,2016-06-17,6011.32,5677.2,-334.1199999999999,4.64768301639362,-329.4723169836063,-35.72349325315057,0.9098060012370842,d
2016-04-22,IC,q1,IC1606,2016-06-17,6011.32,5677.2,-334.1199999999999,4.646866923089231,-329.47313307691064,-35.72358173919978,0.9099657834297296,p
2016-04-22,IC,q2,IC1609,2016-09-16,6011.32,5260.0,-751.3199999999997,8.034808399940502,-743.2851916000592,-30.70161086718224,0.7996330824562004,y
2016-04-22,IC,q2,IC1609,2016-09-16,6011.32,5260.0,-751.3199999999997,7.447616863078081,-743.8723831369216,-30.72586498427348,0.8626784548546178,d
2016-04-22,IC,q2,IC1609,2016-09-16,6011.32,5260.0,-751.3199999999997,7.513782621825554,-743.8062173781742,-30.72313198837803,0.855081778534125,p
2016-04-25,IC,current,IC1605,2016-05-20,5978.077,5815.4,-162.6770000000006,1.788174932169061,-160.88882506783153,-39.29318484841096,1.0,y
2016-04-25,IC,current,IC1605,2016-05-20,5978.077,5815.4,-162.6770000000006,1.788174932169061,-160.88882506783153,-39.29318484841096,1.0,d
2016-04-25,IC,current,IC1605,2016-05-20,5978.077,5815.4,-162.6770000000006,1.788174932169061,-160.88882506783153,-39.29318484841096,1.0,p
2016-04-25,IC,next,IC1606,2016-06-17,5978.077,5640.8,-337.27700000000004,4.40725597441988,-332.8697440255802,-38.346860385553455,0.8572166846769962,y
2016-04-25,IC,next,IC1606,2016-06-17,5978.077,5640.8,-337.27700000000004,4.110454477735084,-333.166545522265,-38.38105215503648,0.9191132940114222,d
2016-04-25,IC,next,IC1606,2016-06-17,5978.077,5640.8,-337.27700000000004,4.087247451696479,-333.18975254830355,-38.38372562297232,0.9243319372177929,p
2016-04-25,IC,q1,IC1606,2016-06-17,5978.077,5640.8,-337.27700000000004,4.40725597441988,-332.8697440255802,-38.346860385553455,0.8572166846769962,y
2016-04-25,IC,q1,IC1606,2016-06-17,5978.077,5640.8,-337.27700000000004,4.110454477735084,-333.166545522265,-38.38105215503648,0.9191132940114222,d
2016-04-25,IC,q1,IC1606,2016-06-17,5978.077,5640.8,-337.27700000000004,4.087247451696479,-333.18975254830355,-38.38372562297232,0.9243319372177929,p
2016-04-25,IC,q2,IC1609,2016-09-16,5978.077,5228.6,-749.4769999999999,7.392408051129071,-742.0845919488708,-31.46460485506481,0.8223689976254693,y
2016-04-25,IC,q2,IC1609,2016-09-16,5978.077,5228.6,-749.4769999999999,6.843573239821282,-742.6334267601786,-31.48787561240954,0.8883206164392891,d
2016-04-25,IC,q2,IC1609,2016-09-16,5978.077,5228.6,-749.4769999999999,6.911365098100125,-742.5656349018998,-31.485001217689213,0.8796073008379498,p
2016-04-26,IC,current,IC1605,2016-05-20,6046.773,5885.0,-161.77300000000014,1.8087234237894074,-159.96427657621072,-40.232865358043675,1.0,y
2016-04-26,IC,current,IC1605,2016-05-20,6046.773,5885.0,-161.77300000000014,1.8087234237894074,-159.96427657621072,-40.232865358043675,1.0,d
2016-04-26,IC,current,IC1605,2016-05-20,6046.773,5885.0,-161.77300000000014,1.8087234237894074,-159.96427657621072,-40.232865358043675,1.0,p
2016-04-26,IC,next,IC1606,2016-06-17,6046.773,5724.8,-321.97299999999996,4.29692983839042,-317.6760701616095,-36.876556244573464,0.9839580106668168,y
2016-04-26,IC,next,IC1606,2016-06-17,6046.773,5724.8,-321.97299999999996,4.263743439330955,-317.709256560669,-36.88040859678511,0.9916165444562864,d
2016-04-26,IC,next,IC1606,2016-06-17,6046.773,5724.8,-321.97299999999996,4.271686751236162,-317.70131324876377,-36.87948651918545,0.9897726078659687,p
2016-04-26,IC,q1,IC1606,2016-06-17,6046.773,5724.8,-321.97299999999996,4.29692983839042,-317.6760701616095,-36.876556244573464,0.9839580106668168,y
2016-04-26,IC,q1,IC1606,2016-06-17,6046.773,5724.8,-321.97299999999996,4.263743439330955,-317.709256560669,-36.88040859678511,0.9916165444562864,d
2016-04-26,IC,q1,IC1606,2016-06-17,6046.773,5724.8,-321.97299999999996,4.271686751236162,-317.70131324876377,-36.87948651918545,0.9897726078659687,p
2016-04-26,IC,q2,IC1609,2016-09-16,6046.773,5309.2,-737.5730000000003,7.50378023172621,-730.0692197682741,-30.817485510285003,0.9239446904714658,y
2016-04-26,IC,q2,IC1609,2016-09-16,6046.773,5309.2,-737.5730000000003,7.297236453170736,-730.2757635468296,-30.826204080703416,0.9500963752593863,d
2016-04-26,IC,q2,IC1609,2016-09-16,6046.773,5309.2,-737.5730000000003,7.374799279157924,-730.1982007208424,-30.82293001955788,0.9401039460371342,p
2016-04-27,IC,current,IC1605,2016-05-20,6016.699,5865.8,-150.89899999999943,1.7997276258246013,-149.09927237417483,-39.32622567304027,1.0,y
2016-04-27,IC,current,IC1605,2016-05-20,6016.699,5865.8,-150.89899999999943,1.7997276258246013,-149.09927237417483,-39.32622567304027,1.0,d
2016-04-27,IC,current,IC1605,2016-05-20,6016.699,5865.8,-150.89899999999943,1.7997276258246013,-149.09927237417483,-39.32622567304027,1.0,p
2016-04-27,IC,next,IC1606,2016-06-17,6016.699,5699.2,-317.4989999999998,4.275558791724743,-313.22344120827506,-37.257924607411965,0.9839580106668168,y
2016-04-27,IC,next,IC1606,2016-06-17,6016.699,5699.2,-317.4989999999998,4.242537447276277,-313.2564625527235,-37.261852495941476,0.9916165444562864,d
2016-04-27,IC,next,IC1606,2016-06-17,6016.699,5699.2,-317.4989999999998,4.250441252627784,-313.248558747372,-37.26091233838889,0.9897726078659687,p
2016-04-27,IC,q1,IC1606,2016-06-17,6016.699,5699.2,-317.4989999999998,4.275558791724743,-313.22344120827506,-37.257924607411965,0.9839580106668168,y
2016-04-27,IC,q1,IC1606,2016-06-17,6016.699,5699.2,-317.4989999999998,4.242537447276277,-313.2564625527235,-37.261852495941476,0.9916165444562864,d
2016-04-27,IC,q1,IC1606,2016-06-17,6016.699,5699.2,-317.4989999999998,4.250441252627784,-313.248558747372,-37.26091233838889,0.9897726078659687,p
2016-04-27,IC,q2,IC1609,2016-09-16,6016.699,5284.4,-732.299,7.46645971602487,-724.8325402839752,-30.965914961016978,0.9239446904714658,y
2016-04-27,IC,q2,IC1609,2016-09-16,6016.699,5284.4,-732.299,7.260943195743566,-725.0380568042564,-30.974694929818625,0.9500963752593863,d
2016-04-27,IC,q2,IC1609,2016-09-16,6016.699,5284.4,-732.299,7.33812025821214,-724.9608797417878,-30.971397811904456,0.9401039460371342,p
2016-04-28,IC,current,IC1605,2016-05-20,5990.329,5833.0,-157.32899999999972,1.791839776109501,-155.53716022389023,-43.07781568479334,1.0,y
2016-04-28,IC,current,IC1605,2016-05-20,5990.329,5833.0,-157.32899999999972,1.791839776109501,-155.53716022389023,-43.07781568479334,1.0,d
2016-04-28,IC,current,IC1605,2016-05-20,5990.329,5833.0,-157.32899999999972,1.791839776109501,-155.53716022389023,-43.07781568479334,1.0,p
2016-04-28,IC,next,IC1606,2016-06-17,5990.329,5667.8,-322.52899999999954,4.25681986439303,-318.2721801356065,-38.78563122309188,0.9839580106668167,y
2016-04-28,IC,next,IC1606,2016-06-17,5990.329,5667.8,-322.52899999999954,4.223943245956803,-318.30505675404277,-38.78963766939199,0.9916165444562864,d
2016-04-28,IC,next,IC1606,2016-06-17,5990.329,5667.8,-322.52899999999954,4.231812410494947,-318.2971875895046,-38.788678708688344,0.9897726078659687,p
2016-04-28,IC,q1,IC1606,2016-06-17,5990.329,5667.8,-322.52899999999954,4.25681986439303,-318.2721801356065,-38.78563122309188,0.9839580106668167,y
2016-04-28,IC,q1,IC1606,2016-06-17,5990.329,5667.8,-322.52899999999954,4.223943245956803,-318.30505675404277,-38.78963766939199,0.9916165444562864,d
2016-04-28,IC,q1,IC1606,2016-06-17,5990.329,5667.8,-322.52899999999954,4.231812410494947,-318.2971875895046,-38.788678708688344,0.9897726078659687,p
2016-04-28,IC,q2,IC1609,2016-09-16,5990.329,5278.0,-712.3289999999997,7.433735701958091,-704.8952642980416,-30.461246380042624,0.9283246884301442,y
2016-04-28,IC,q2,IC1609,2016-09-16,5990.329,5278.0,-712.3289999999997,7.229119919878884,-705.0998800801208,-30.47008861812655,0.9546003463597129,d
2016-04-28,IC,q2,IC1609,2016-09-16,5990.329,5278.0,-712.3289999999997,7.3059587305689835,-705.0230412694308,-30.46676811639739,0.944560547614104,p
2016-04-29,IC,current,IC1605,2016-05-20,5985.594,5844.8,-140.79399999999987,1.720591502976198,-139.07340849702368,-40.3841004007874,1.0,y
2016-04-29,IC,current,IC1605,2016-05-20,5985.594,5844.8,-140.79399999999987,1.720591502976198,-139.07340849702368,-40.3841004007874,1.0,d
2016-04-29,IC,current,IC1605,2016-05-20,5985.594,5844.8,-140.79399999999987,1.720591502976198,-139.07340849702368,-40.3841004007874,1.0,p
2016-04-29,IC,next,IC1606,2016-06-17,5985.594,5693.0,-292.59400000000005,4.183623170610708,-288.41037682938935,-35.892227422642826,0.9836902420293209,y
2016-04-29,IC,next,IC1606,2016-06-17,5985.594,5693.0,-292.59400000000005,4.150772539192605,-288.44322746080746,-35.89631563315314,0.9914755025477823,d
2016-04-29,IC,next,IC1606,2016-06-17,5985.594,5693.0,-292.59400000000005,4.158635483622623,-288.43536451637743,-35.895337101822896,0.9896008691948569,p
2016-04-29,IC,q1,IC1606,2016-06-17,5985.594,5693.0,-292.59400000000005,4.183623170610708,-288.41037682938935,-35.892227422642826,0.9836902420293209,y
2016-04-29,IC,q1,IC1606,2016-06-17,5985.594,5693.0,-292.59400000000005,4.150772539192605,-288.44322746080746,-35.89631563315314,0.9914755025477823,d
2016-04-29,IC,q1,IC1606,2016-06-17,5985.594,5693.0,-292.59400000000005,4.158635483622623,-288.43536451637743,-35.895337101822896,0.9896008691948569,p
2016-04-29,IC,q2,IC1609,2016-09-16,5985.594,5287.8,-697.7939999999999,7.32197973433363,-690.4720202656663,-30.07486300762514,0.9906809518970355,y
2016-04-29,IC,q2,IC1609,2016-09-16,5985.594,5287.8,-697.7939999999999,7.289129102915527,-690.5048708970843,-30.076293881303744,0.9951457506877015,d
2016-04-29,IC,q2,IC1609,2016-09-16,5985.594,5287.8,-697.7939999999999,7.296992047345546,-690.4970079526544,-30.07595139533817,0.9940734217490571,p
2016-05-03,IC,current,IC1605,2016-05-20,6167.454,6085.0,-82.45399999999972,1.7705460502346082,-80.68345394976511,-28.088109245025926,1.0,y
2016-05-03,IC,current,IC1605,2016-05-20,6167.454,6085.0,-82.45399999999972,1.7705460502346082,-80.68345394976511,-28.088109245025926,1.0,d
2016-05-03,IC,current,IC1605,2016-05-20,6167.454,6085.0,-82.45399999999972,1.7705460502346082,-80.68345394976511,-28.088109245025926,1.0,p
2016-05-03,IC,next,IC1606,2016-06-17,6167.454,5929.0,-238.45399999999972,4.383564388035291,-234.07043561196443,-30.783712550994668,1.0,y
2016-05-03,IC,next,IC1606,2016-06-17,6167.454,5929.0,-238.45399999999972,4.383564388035291,-234.07043561196443,-30.783712550994668,1.0,d
2016-05-03,IC,next,IC1606,2016-06-17,6167.454,5929.0,-238.45399999999972,4.383564388035291,-234.07043561196443,-30.783712550994668,1.0,p
2016-05-03,IC,q1,IC1606,2016-06-17,6167.454,5929.0,-238.45399999999972,4.383564388035291,-234.07043561196443,-30.783712550994668,1.0,y
2016-05-03,IC,q1,IC1606,2016-06-17,6167.454,5929.0,-238.45399999999972,4.383564388035291,-234.07043561196443,-30.783712550994668,1.0,d
2016-05-03,IC,q1,IC1606,2016-06-17,6167.454,5929.0,-238.45399999999972,4.383564388035291,-234.07043561196443,-30.783712550994668,1.0,p
2016-05-03,IC,q2,IC1609,2016-09-16,6167.454,5517.2,-650.2539999999999,7.591481270651479,-642.6625187293484,-27.966042215099684,1.0,y
2016-05-03,IC,q2,IC1609,2016-09-16,6167.454,5517.2,-650.2539999999999,7.591481270651479,-642.6625187293484,-27.966042215099684,1.0,d
2016-05-03,IC,q2,IC1609,2016-09-16,6167.454,5517.2,-650.2539999999999,7.591481270651479,-642.6625187293484,-27.966042215099684,1.0,p
2016-05-04,IC,current,IC1605,2016-05-20,6169.783,6062.8,-106.98300000000017,1.6728002799239898,-105.31019972007618,-38.93798098108536,1.0,y
2016-05-04,IC,current,IC1605,2016-05-20,6169.783,6062.8,-106.98300000000017,1.6728002799239898,-105.31019972007618,-38.93798098108536,1.0,d
2016-05-04,IC,current,IC1605,2016-05-20,6169.783,6062.8,-106.98300000000017,1.6728002799239898,-105.31019972007618,-38.93798098108536,1.0,p
2016-05-04,IC,next,IC1606,2016-06-17,6169.783,5913.4,-256.3830000000007,4.286805365207304,-252.09619463479342,-33.89507416508799,1.0,y
2016-05-04,IC,next,IC1606,2016-06-17,6169.783,5913.4,-256.3830000000007,4.286805365207304,-252.09619463479342,-33.89507416508799,1.0,d
2016-05-04,IC,next,IC1606,2016-06-17,6169.783,5913.4,-256.3830000000007,4.286805365207304,-252.09619463479342,-33.89507416508799,1.0,p
2016-05-04,IC,q1,IC1606,2016-06-17,6169.783,5913.4,-256.3830000000007,4.286805365207304,-252.09619463479342,-33.89507416508799,1.0,y
2016-05-04,IC,q1,IC1606,2016-06-17,6169.783,5913.4,-256.3830000000007,4.286805365207304,-252.09619463479342,-33.89507416508799,1.0,d
2016-05-04,IC,q1,IC1606,2016-06-17,6169.783,5913.4,-256.3830000000007,4.286805365207304,-252.09619463479342,-33.89507416508799,1.0,p
2016-05-04,IC,q2,IC1609,2016-09-16,6169.783,5523.8,-645.9830000000002,7.495933645333649,-638.4870663546666,-27.9795877111079,1.0,y
2016-05-04,IC,q2,IC1609,2016-09-16,6169.783,5523.8,-645.9830000000002,7.495933645333649,-638.4870663546666,-27.9795877111079,1.0,d
2016-05-04,IC,q2,IC1609,2016-09-16,6169.783,5523.8,-645.9830000000002,7.495933645333649,-638.4870663546666,-27.9795877111079,1.0,p
2016-05-05,IC,current,IC1605,2016-05-20,6203.817,6132.8,-71.01699999999983,1.6820278467163603,-69.33497215328346,-27.19537002885854,1.0,y
2016-05-05,IC,current,IC1605,2016-05-20,6203.817,6132.8,-71.01699999999983,1.6820278467163603,-69.33497215328346,-27.19537002885854,1.0,d
2016-05-05,IC,current,IC1605,2016-05-20,6203.817,6132.8,-71.01699999999983,1.6820278467163603,-69.33497215328346,-27.19537002885854,1.0,p
2016-05-05,IC,next,IC1606,2016-06-17,6203.817,5976.6,-227.21699999999964,4.310452409811541,-222.9065475901881,-30.499186515603423,1.0,y
2016-05-05,IC,next,IC1606,2016-06-17,6203.817,5976.6,-227.21699999999964,4.310452409811541,-222.9065475901881,-30.499186515603423,1.0,d
2016-05-05,IC,next,IC1606,2016-06-17,6203.817,5976.6,-227.21699999999964,4.310452409811541,-222.9065475901881,-30.499186515603423,1.0,p
2016-05-05,IC,q1,IC1606,2016-06-17,6203.817,5976.6,-227.21699999999964,4.310452409811541,-222.9065475901881,-30.499186515603423,1.0,y
2016-05-05,IC,q1,IC1606,2016-06-17,6203.817,5976.6,-227.21699999999964,4.310452409811541,-222.9065475901881,-30.499186515603423,1.0,d
2016-05-05,IC,q1,IC1606,2016-06-17,6203.817,5976.6,-227.21699999999964,4.310452409811541,-222.9065475901881,-30.499186515603423,1.0,p
2016-05-05,IC,q2,IC1609,2016-09-16,6203.817,5615.0,-588.817,7.537283009757856,-581.2797169902422,-25.521973690520657,1.0,y
2016-05-05,IC,q2,IC1609,2016-09-16,6203.817,5615.0,-588.817,7.537283009757856,-581.2797169902422,-25.521973690520657,1.0,d
2016-05-05,IC,q2,IC1609,2016-09-16,6203.817,5615.0,-588.817,7.537283009757856,-581.2797169902422,-25.521973690520657,1.0,p
2016-05-06,IC,current,IC1605,2016-05-20,5961.489,5887.8,-73.6889999999994,1.2960663710543445,-72.39293362894504,-31.659660836130204,1.0,y
2016-05-06,IC,current,IC1605,2016-05-20,5961.489,5887.8,-73.6889999999994,1.2960663710543445,-72.39293362894504,-31.659660836130204,1.0,d
2016-05-06,IC,current,IC1605,2016-05-20,5961.489,5887.8,-73.6889999999994,1.2960663710543445,-72.39293362894504,-31.659660836130204,1.0,p
2016-05-06,IC,next,IC1606,2016-06-17,5961.489,5734.6,-226.8889999999992,3.821821743951663,-223.06717825604755,-32.51805046542717,1.0,y
2016-05-06,IC,next,IC1606,2016-06-17,5961.489,5734.6,-226.8889999999992,3.821821743951663,-223.06717825604755,-32.51805046542717,1.0,d
2016-05-06,IC,next,IC1606,2016-06-17,5961.489,5734.6,-226.8889999999992,3.821821743951663,-223.06717825604755,-32.51805046542717,1.0,p
2016-05-06,IC,q1,IC1606,2016-06-17,5961.489,5734.6,-226.8889999999992,3.821821743951663,-223.06717825604755,-32.51805046542717,1.0,y
2016-05-06,IC,q1,IC1606,2016-06-17,5961.489,5734.6,-226.8889999999992,3.821821743951663,-223.06717825604755,-32.51805046542717,1.0,d
2016-05-06,IC,q1,IC1606,2016-06-17,5961.489,5734.6,-226.8889999999992,3.821821743951663,-223.06717825604755,-32.51805046542717,1.0,p
2016-05-06,IC,q2,IC1609,2016-09-16,5961.489,5372.6,-588.8889999999992,6.922608747572719,-581.9663912524265,-26.79071974434521,1.0,y
2016-05-06,IC,q2,IC1609,2016-09-16,5961.489,5372.6,-588.8889999999992,6.922608747572719,-581.9663912524265,-26.79071974434521,1.0,d
2016-05-06,IC,q2,IC1609,2016-09-16,5961.489,5372.6,-588.8889999999992,6.922608747572719,-581.9663912524265,-26.79071974434521,1.0,p
2016-05-09,IC,current,IC1605,2016-05-20,5743.647,5652.8,-90.84699999999975,1.2487061074686499,-89.5982938925311,-51.76213470888927,1.0,y
2016-05-09,IC,current,IC1605,2016-05-20,5743.647,5652.8,-90.84699999999975,1.2487061074686499,-89.5982938925311,-51.76213470888927,1.0,d
2016-05-09,IC,current,IC1605,2016-05-20,5743.647,5652.8,-90.84699999999975,1.2487061074686499,-89.5982938925311,-51.76213470888927,1.0,p
2016-05-09,IC,next,IC1606,2016-06-17,5743.647,5493.8,-249.84699999999975,3.682166484611938,-246.1648335153878,-40.111280601884246,1.0,y
2016-05-09,IC,next,IC1606,2016-06-17,5743.647,5493.8,-249.84699999999975,3.682166484611938,-246.1648335153878,-40.111280601884246,1.0,d
2016-05-09,IC,next,IC1606,2016-06-17,5743.647,5493.8,-249.84699999999975,3.682166484611938,-246.1648335153878,-40.111280601884246,1.0,p
2016-05-09,IC,q1,IC1606,2016-06-17,5743.647,5493.8,-249.84699999999975,3.682166484611938,-246.1648335153878,-40.111280601884246,1.0,y
2016-05-09,IC,q1,IC1606,2016-06-17,5743.647,5493.8,-249.84699999999975,3.682166484611938,-246.1648335153878,-40.111280601884246,1.0,d
2016-05-09,IC,q1,IC1606,2016-06-17,5743.647,5493.8,-249.84699999999975,3.682166484611938,-246.1648335153878,-40.111280601884246,1.0,p
2016-05-09,IC,q2,IC1609,2016-09-16,5743.647,5160.0,-583.6469999999999,6.6696459500587535,-576.9773540499411,-28.20463859771816,1.0,y
2016-05-09,IC,q2,IC1609,2016-09-16,5743.647,5160.0,-583.6469999999999,6.6696459500587535,-576.9773540499411,-28.20463859771816,1.0,d
2016-05-09,IC,q2,IC1609,2016-09-16,5743.647,5160.0,-583.6469999999999,6.6696459500587535,-576.9773540499411,-28.20463859771816,1.0,p
2016-05-10,IC,current,IC1605,2016-05-20,5738.896,5650.0,-88.89599999999973,1.247673209256663,-87.64832679074307,-55.74528494438865,1.0,y
2016-05-10,IC,current,IC1605,2016-05-20,5738.896,5650.0,-88.89599999999973,1.247673209256663,-87.64832679074307,-55.74528494438865,1.0,d
2016-05-10,IC,current,IC1605,2016-05-20,5738.896,5650.0,-88.89599999999973,1.247673209256663,-87.64832679074307,-55.74528494438865,1.0,p
2016-05-10,IC,next,IC1606,2016-06-17,5738.896,5492.0,-246.89599999999973,3.6791206893239625,-243.21687931067578,-40.707518139742646,1.0,y
2016-05-10,IC,next,IC1606,2016-06-17,5738.896,5492.0,-246.89599999999973,3.6791206893239625,-243.21687931067578,-40.707518139742646,1.0,d
2016-05-10,IC,next,IC1606,2016-06-17,5738.896,5492.0,-246.89599999999973,3.6791206893239625,-243.21687931067578,-40.707518139742646,1.0,p
2016-05-10,IC,q1,IC1606,2016-06-17,5738.896,5492.0,-246.89599999999973,3.6791206893239625,-243.21687931067578,-40.707518139742646,1.0,y
2016-05-10,IC,q1,IC1606,2016-06-17,5738.896,5492.0,-246.89599999999973,3.6791206893239625,-243.21687931067578,-40.707518139742646,1.0,d
2016-05-10,IC,q1,IC1606,2016-06-17,5738.896,5492.0,-246.89599999999973,3.6791206893239625,-243.21687931067578,-40.707518139742646,1.0,p
2016-05-10,IC,q2,IC1609,2016-09-16,5738.896,5143.0,-595.8959999999997,6.664128987071868,-589.2318710129279,-29.050996162711527,1.0,y
2016-05-10,IC,q2,IC1609,2016-09-16,5738.896,5143.0,-595.8959999999997,6.664128987071868,-589.2318710129279,-29.050996162711527,1.0,d
2016-05-10,IC,q2,IC1609,2016-09-16,5738.896,5143.0,-595.8959999999997,6.664128987071868,-589.2318710129279,-29.050996162711527,1.0,p
2016-05-11,IC,current,IC1605,2016-05-20,5723.41,5640.4,-83.01000000000022,1.2443064524242429,-81.76569354757598,-57.93841655948548,1.0,y
2016-05-11,IC,current,IC1605,2016-05-20,5723.41,5640.4,-83.01000000000022,1.2443064524242429,-81.76569354757598,-57.93841655948548,1.0,d
2016-05-11,IC,current,IC1605,2016-05-20,5723.41,5640.4,-83.01000000000022,1.2443064524242429,-81.76569354757598,-57.93841655948548,1.0,p
2016-05-11,IC,next,IC1606,2016-06-17,5723.41,5479.0,-244.40999999999985,3.6691928455374803,-240.74080715446237,-41.49406612556612,1.0,y
2016-05-11,IC,next,IC1606,2016-06-17,5723.41,5479.0,-244.40999999999985,3.6691928455374803,-240.74080715446237,-41.49406612556612,1.0,d
2016-05-11,IC,next,IC1606,2016-06-17,5723.41,5479.0,-244.40999999999985,3.6691928455374803,-240.74080715446237,-41.49406612556612,1.0,p
2016-05-11,IC,q1,IC1606,2016-06-17,5723.41,5479.0,-244.40999999999985,3.6691928455374803,-240.74080715446237,-41.49406612556612,1.0,y
2016-05-11,IC,q1,IC1606,2016-06-17,5723.41,5479.0,-244.40999999999985,3.6691928455374803,-240.74080715446237,-41.49406612556612,1.0,d
2016-05-11,IC,q1,IC1606,2016-06-17,5723.41,5479.0,-244.40999999999985,3.6691928455374803,-240.74080715446237,-41.49406612556612,1.0,p
2016-05-11,IC,q2,IC1609,2016-09-16,5723.41,5127.4,-596.0100000000002,6.646146312095045,-589.3638536879051,-29.363751051067755,1.0,y
2016-05-11,IC,q2,IC1609,2016-09-16,5723.41,5127.4,-596.0100000000002,6.646146312095045,-589.3638536879051,-29.363751051067755,1.0,d
2016-05-11,IC,q2,IC1609,2016-09-16,5723.41,5127.4,-596.0100000000002,6.646146312095045,-589.3638536879051,-29.363751051067755,1.0,p
2016-05-12,IC,current,IC1605,2016-05-20,5726.456,5670.0,-56.45600000000013,1.244968672578676,-55.21103132742145,-43.988870329460376,1.0,y
2016-05-12,IC,current,IC1605,2016-05-20,5726.456,5670.0,-56.45600000000013,1.244968672578676,-55.21103132742145,-43.988870329460376,1.0,d
2016-05-12,IC,current,IC1605,2016-05-20,5726.456,5670.0,-56.45600000000013,1.244968672578676,-55.21103132742145,-43.988870329460376,1.0,p
2016-05-12,IC,next,IC1606,2016-06-17,5726.456,5512.0,-214.45600000000013,3.6711455907378956,-210.78485440926224,-37.320189281400765,1.0,y
2016-05-12,IC,next,IC1606,2016-06-17,5726.456,5512.0,-214.45600000000013,3.6711455907378956,-210.78485440926224,-37.320189281400765,1.0,d
2016-05-12,IC,next,IC1606,2016-06-17,5726.456,5512.0,-214.45600000000013,3.6711455907378956,-210.78485440926224,-37.320189281400765,1.0,p
2016-05-12,IC,q1,IC1606,2016-06-17,5726.456,5512.0,-214.45600000000013,3.6711455907378956,-210.78485440926224,-37.320189281400765,1.0,y
2016-05-12,IC,q1,IC1606,2016-06-17,5726.456,5512.0,-214.45600000000013,3.6711455907378956,-210.78485440926224,-37.320189281400765,1.0,d
2016-05-12,IC,q1,IC1606,2016-06-17,5726.456,5512.0,-214.45600000000013,3.6711455907378956,-210.78485440926224,-37.320189281400765,1.0,p
2016-05-12,IC,q2,IC1609,2016-09-16,5726.456,5168.4,-558.0560000000005,6.649683392553485,-551.406316607447,-27.67419216167633,1.0,y
2016-05-12,IC,q2,IC1609,2016-09-16,5726.456,5168.4,-558.0560000000005,6.649683392553485,-551.406316607447,-27.67419216167633,1.0,d
2016-05-12,IC,q2,IC1609,2016-09-16,5726.456,5168.4,-558.0560000000005,6.649683392553485,-551.406316607447,-27.67419216167633,1.0,p
2016-05-13,IC,current,IC1605,2016-05-20,5714.311,5659.2,-55.110999999999876,0.9714568574744868,-54.13954314252539,-49.4021145131977,1.0,y
2016-05-13,IC,current,IC1605,2016-05-20,5714.311,5659.2,-55.110999999999876,0.9714568574744868,-54.13954314252539,-49.4021145131977,1.0,d
2016-05-13,IC,current,IC1605,2016-05-20,5714.311,5659.2,-55.110999999999876,0.9714568574744868,-54.13954314252539,-49.4021145131977,1.0,p
2016-05-13,IC,next,IC1606,2016-06-17,5714.311,5488.0,-226.3109999999997,3.3924881989155673,-222.91851180108412,-40.68244838386376,1.0,y
2016-05-13,IC,next,IC1606,2016-06-17,5714.311,5488.0,-226.3109999999997,3.3924881989155673,-222.91851180108412,-40.68244838386376,1.0,d
2016-05-13,IC,next,IC1606,2016-06-17,5714.311,5488.0,-226.3109999999997,3.3924881989155673,-222.91851180108412,-40.68244838386376,1.0,p
2016-05-13,IC,q1,IC1606,2016-06-17,5714.311,5488.0,-226.3109999999997,3.3924881989155673,-222.91851180108412,-40.68244838386376,1.0,y
2016-05-13,IC,q1,IC1606,2016-06-17,5714.311,5488.0,-226.3109999999997,3.3924881989155673,-222.91851180108412,-40.68244838386376,1.0,d
2016-05-13,IC,q1,IC1606,2016-06-17,5714.311,5488.0,-226.3109999999997,3.3924881989155673,-222.91851180108412,-40.68244838386376,1.0,p
2016-05-13,IC,q2,IC1609,2016-09-16,5714.311,5122.2,-592.1109999999999,6.364708945015885,-585.746291054984,-29.69395141469126,1.0,y
2016-05-13,IC,q2,IC1609,2016-09-16,5714.311,5122.2,-592.1109999999999,6.364708945015885,-585.746291054984,-29.69395141469126,1.0,d
2016-05-13,IC,q2,IC1609,2016-09-16,5714.311,5122.2,-592.1109999999999,6.364708945015885,-585.746291054984,-29.69395141469126,1.0,p
2016-05-16,IC,current,IC1605,2016-05-20,5812.542,5772.2,-40.34200000000055,0.9366718930968316,-39.405328106903724,-61.86168099525069,1.0,y
2016-05-16,IC,current,IC1605,2016-05-20,5812.542,5772.2,-40.34200000000055,0.9366718930968316,-39.405328106903724,-61.86168099525069,1.0,d
2016-05-16,IC,current,IC1605,2016-05-20,5812.542,5772.2,-40.34200000000055,0.9366718930968316,-39.405328106903724,-61.86168099525069,1.0,p
2016-05-16,IC,next,IC1606,2016-06-17,5812.542,5606.4,-206.14200000000073,3.399321608074302,-202.74267839192643,-39.785238117985394,1.0,y
2016-05-16,IC,next,IC1606,2016-06-17,5812.542,5606.4,-206.14200000000073,3.399321608074302,-202.74267839192643,-39.785238117985394,1.0,d
2016-05-16,IC,next,IC1606,2016-06-17,5812.542,5606.4,-206.14200000000073,3.399321608074302,-202.74267839192643,-39.785238117985394,1.0,p
2016-05-16,IC,q1,IC1606,2016-06-17,5812.542,5606.4,-206.14200000000073,3.399321608074302,-202.74267839192643,-39.785238117985394,1.0,y
2016-05-16,IC,q1,IC1606,2016-06-17,5812.542,5606.4,-206.14200000000073,3.399321608074302,-202.74267839192643,-39.785238117985394,1.0,d
2016-05-16,IC,q1,IC1606,2016-06-17,5812.542,5606.4,-206.14200000000073,3.399321608074302,-202.74267839192643,-39.785238117985394,1.0,p
2016-05-16,IC,q2,IC1609,2016-09-16,5812.542,5215.8,-596.7420000000002,6.4226358659051135,-590.319364134095,-30.137600979173435,1.0,y
2016-05-16,IC,q2,IC1609,2016-09-16,5812.542,5215.8,-596.7420000000002,6.4226358659051135,-590.319364134095,-30.137600979173435,1.0,d
2016-05-16,IC,q2,IC1609,2016-09-16,5812.542,5215.8,-596.7420000000002,6.4226358659051135,-590.319364134095,-30.137600979173435,1.0,p
2016-05-17,IC,current,IC1605,2016-05-20,5790.342,5779.2,-11.141999999999825,0.9330944366196567,-10.208905563380169,-21.45095246897772,1.0,y
2016-05-17,IC,current,IC1605,2016-05-20,5790.342,5779.2,-11.141999999999825,0.9330944366196567,-10.208905563380169,-21.45095246897772,1.0,d
2016-05-17,IC,current,IC1605,2016-05-20,5790.342,5779.2,-11.141999999999825,0.9330944366196567,-10.208905563380169,-21.45095246897772,1.0,p
2016-05-17,IC,next,IC1606,2016-06-17,5790.342,5606.8,-183.54199999999946,3.3863384864556965,-180.15566151354378,-36.633201069957124,1.0,y
2016-05-17,IC,next,IC1606,2016-06-17,5790.342,5606.8,-183.54199999999946,3.3863384864556965,-180.15566151354378,-36.633201069957124,1.0,d
2016-05-17,IC,next,IC1606,2016-06-17,5790.342,5606.8,-183.54199999999946,3.3863384864556965,-180.15566151354378,-36.633201069957124,1.0,p
2016-05-17,IC,q1,IC1606,2016-06-17,5790.342,5606.8,-183.54199999999946,3.3863384864556965,-180.15566151354378,-36.633201069957124,1.0,y
2016-05-17,IC,q1,IC1606,2016-06-17,5790.342,5606.8,-183.54199999999946,3.3863384864556965,-180.15566151354378,-36.633201069957124,1.0,d
2016-05-17,IC,q1,IC1606,2016-06-17,5790.342,5606.8,-183.54199999999946,3.3863384864556965,-180.15566151354378,-36.633201069957124,1.0,p
2016-05-17,IC,q2,IC1609,2016-09-16,5790.342,5205.4,-584.942,6.3981057177835,-578.5438942822165,-29.89269925297612,1.0,y
2016-05-17,IC,q2,IC1609,2016-09-16,5790.342,5205.4,-584.942,6.3981057177835,-578.5438942822165,-29.89269925297612,1.0,d
2016-05-17,IC,q2,IC1609,2016-09-16,5790.342,5205.4,-584.942,6.3981057177835,-578.5438942822165,-29.89269925297612,1.0,p
2016-05-18,IC,current,IC1605,2016-05-20,5631.193,5632.8,1.606999999999971,0.7233514081077538,2.330351408107725,7.552380676344423,1.0,y
2016-05-18,IC,current,IC1605,2016-05-20,5631.193,5632.8,1.606999999999971,0.7233514081077538,2.330351408107725,7.552380676344423,1.0,d
2016-05-18,IC,current,IC1605,2016-05-20,5631.193,5632.8,1.606999999999971,0.7233514081077538,2.330351408107725,7.552380676344423,1.0,p
2016-05-18,IC,next,IC1606,2016-06-17,5631.193,5460.2,-170.9930000000004,3.109167430844988,-167.8838325691554,-36.2727157387678,1.0,y
2016-05-18,IC,next,IC1606,2016-06-17,5631.193,5460.2,-170.9930000000004,3.109167430844988,-167.8838325691554,-36.2727157387678,1.0,d
2016-05-18,IC,next,IC1606,2016-06-17,5631.193,5460.2,-170.9930000000004,3.109167430844988,-167.8838325691554,-36.2727157387678,1.0,p
2016-05-18,IC,q1,IC1606,2016-06-17,5631.193,5460.2,-170.9930000000004,3.109167430844988,-167.8838325691554,-36.2727157387678,1.0,y
2016-05-18,IC,q1,IC1606,2016-06-17,5631.193,5460.2,-170.9930000000004,3.109167430844988,-167.8838325691554,-36.2727157387678,1.0,d
2016-05-18,IC,q1,IC1606,2016-06-17,5631.193,5460.2,-170.9930000000004,3.109167430844988,-167.8838325691554,-36.2727157387678,1.0,p
2016-05-18,IC,q2,IC1609,2016-09-16,5631.193,5117.8,-513.393,6.0381554855544515,-507.3548445144456,-27.17808755677844,1.0,y
2016-05-18,IC,q2,IC1609,2016-09-16,5631.193,5117.8,-513.393,6.0381554855544515,-507.3548445144456,-27.17808755677844,1.0,d
2016-05-18,IC,q2,IC1609,2016-09-16,5631.193,5117.8,-513.393,6.0381554855544515,-507.3548445144456,-27.17808755677844,1.0,p
2016-05-19,IC,current,IC1605,2016-05-20,5666.733,5641.2,-25.533000000000357,0.211056892349978,-25.32194310765038,-163.10119489117255,1.0,y
2016-05-19,IC,current,IC1605,2016-05-20,5666.733,5641.2,-25.533000000000357,0.211056892349978,-25.32194310765038,-163.10119489117255,1.0,d
2016-05-19,IC,current,IC1605,2016-05-20,5666.733,5641.2,-25.533000000000357,0.211056892349978,-25.32194310765038,-163.10119489117255,1.0,p
2016-05-19,IC,next,IC1606,2016-06-17,5666.733,5469.0,-197.73300000000017,2.6119304528856997,-195.12106954711447,-43.33774242048179,1.0,y
2016-05-19,IC,next,IC1606,2016-06-17,5666.733,5469.0,-197.73300000000017,2.6119304528856997,-195.12106954711447,-43.33774242048179,1.0,d
2016-05-19,IC,next,IC1606,2016-06-17,5666.733,5469.0,-197.73300000000017,2.6119304528856997,-195.12106954711447,-43.33774242048179,1.0,p
2016-05-19,IC,q1,IC1606,2016-06-17,5666.733,5469.0,-197.73300000000017,2.6119304528856997,-195.12106954711447,-43.33774242048179,1.0,y
2016-05-19,IC,q1,IC1606,2016-06-17,5666.733,5469.0,-197.73300000000017,2.6119304528856997,-195.12106954711447,-43.33774242048179,1.0,d
2016-05-19,IC,q1,IC1606,2016-06-17,5666.733,5469.0,-197.73300000000017,2.6119304528856997,-195.12106954711447,-43.33774242048179,1.0,p
2016-05-19,IC,q2,IC1609,2016-09-16,5666.733,5121.2,-545.5330000000004,5.559404152726554,-539.9735958472738,-28.983537558039018,1.0,y
2016-05-19,IC,q2,IC1609,2016-09-16,5666.733,5121.2,-545.5330000000004,5.559404152726554,-539.9735958472738,-28.983537558039018,1.0,d
2016-05-19,IC,q2,IC1609,2016-09-16,5666.733,5121.2,-545.5330000000004,5.559404152726554,-539.9735958472738,-28.983537558039018,1.0,p
2016-05-20,IC,current,IC1605,2016-05-20,5732.902,5691.0,-41.902000000000044,0.0,-41.902000000000044,,,y
2016-05-20,IC,current,IC1605,2016-05-20,5732.902,5691.0,-41.902000000000044,0.0,-41.902000000000044,,,d
2016-05-20,IC,current,IC1605,2016-05-20,5732.902,5691.0,-41.902000000000044,0.0,-41.902000000000044,,,p
2016-05-20,IC,next,IC1606,2016-06-17,5732.902,5562.8,-170.10199999999986,2.428907950479114,-167.67309204952076,-38.12621463544683,1.0,y
2016-05-20,IC,next,IC1606,2016-06-17,5732.902,5562.8,-170.10199999999986,2.428907950479114,-167.67309204952076,-38.12621463544683,1.0,d
2016-05-20,IC,next,IC1606,2016-06-17,5732.902,5562.8,-170.10199999999986,2.428907950479114,-167.67309204952076,-38.12621463544683,1.0,p
2016-05-20,IC,q1,IC1606,2016-06-17,5732.902,5562.8,-170.10199999999986,2.428907950479114,-167.67309204952076,-38.12621463544683,1.0,y
2016-05-20,IC,q1,IC1606,2016-06-17,5732.902,5562.8,-170.10199999999986,2.428907950479114,-167.67309204952076,-38.12621463544683,1.0,d
2016-05-20,IC,q1,IC1606,2016-06-17,5732.902,5562.8,-170.10199999999986,2.428907950479114,-167.67309204952076,-38.12621463544683,1.0,p
2016-05-20,IC,q2,IC1609,2016-09-16,5732.902,5218.6,-514.3019999999997,5.410798551071207,-508.8912014489285,-27.22678283273351,1.0,y
2016-05-20,IC,q2,IC1609,2016-09-16,5732.902,5218.6,-514.3019999999997,5.410798551071207,-508.8912014489285,-27.22678283273351,1.0,d
2016-05-20,IC,q2,IC1609,2016-09-16,5732.902,5218.6,-514.3019999999997,5.410798551071207,-508.8912014489285,-27.22678283273351,1.0,p
2016-05-23,IC,current,IC1606,2016-06-17,5809.476,5635.2,-174.27599999999984,2.4613507163592887,-171.81464928364056,-43.17934835329645,1.0,y
2016-05-23,IC,current,IC1606,2016-06-17,5809.476,5635.2,-174.27599999999984,2.4613507163592887,-171.81464928364056,-43.17934835329645,1.0,d
2016-05-23,IC,current,IC1606,2016-06-17,5809.476,5635.2,-174.27599999999984,2.4613507163592887,-171.81464928364056,-43.17934835329645,1.0,p
2016-05-23,IC,next,IC1607,2016-07-15,5809.476,5504.0,-305.47599999999966,4.487905201932967,-300.9880947980667,-35.68037013402006,1.0,y
2016-05-23,IC,next,IC1607,2016-07-15,5809.476,5504.0,-305.47599999999966,4.487905201932967,-300.9880947980667,-35.68037013402006,1.0,d
2016-05-23,IC,next,IC1607,2016-07-15,5809.476,5504.0,-305.47599999999966,4.487905201932967,-300.9880947980667,-35.68037013402006,1.0,p
2016-05-23,IC,q1,IC1609,2016-09-16,5809.476,5292.0,-517.4759999999997,5.483070236205494,-511.99292976379417,-27.730766697283837,1.0,y
2016-05-23,IC,q1,IC1609,2016-09-16,5809.476,5292.0,-517.4759999999997,5.483070236205494,-511.99292976379417,-27.730766697283837,1.0,d
2016-05-23,IC,q1,IC1609,2016-09-16,5809.476,5292.0,-517.4759999999997,5.483070236205494,-511.99292976379417,-27.730766697283837,1.0,p
2016-05-23,IC,q2,IC1612,2016-12-16,5809.476,5030.4,-779.076,5.779113910959276,-773.2968860890408,-23.471012161272082,0.9487735179968722,y
2016-05-23,IC,q2,IC1612,2016-12-16,5809.476,5030.4,-779.076,5.78012563682514,-773.2958743631749,-23.470981453492797,0.9486074491656188,d
2016-05-23,IC,q2,IC1612,2016-12-16,5809.476,5030.4,-779.076,5.679235363915155,-773.3967646360849,-23.474043662671477,0.9654592361225142,p
2016-05-24,IC,current,IC1606,2016-06-17,5743.178,5598.6,-144.57799999999952,2.301629460678934,-142.2763705393206,-37.675768862097506,1.0,y
2016-05-24,IC,current,IC1606,2016-06-17,5743.178,5598.6,-144.57799999999952,2.301629460678934,-142.2763705393206,-37.675768862097506,1.0,d
2016-05-24,IC,current,IC1606,2016-06-17,5743.178,5598.6,-144.57799999999952,2.301629460678934,-142.2763705393206,-37.675768862097506,1.0,p
2016-05-24,IC,next,IC1607,2016-07-15,5743.178,5464.6,-278.5779999999995,4.305056815804949,-274.27294318419456,-33.521250463871766,1.0,y
2016-05-24,IC,next,IC1607,2016-07-15,5743.178,5464.6,-278.5779999999995,4.305056815804949,-274.27294318419456,-33.521250463871766,1.0,d
2016-05-24,IC,next,IC1607,2016-07-15,5743.178,5464.6,-278.5779999999995,4.305056815804949,-274.27294318419456,-33.521250463871766,1.0,p
2016-05-24,IC,q1,IC1609,2016-09-16,5743.178,5242.2,-500.97800000000007,5.288864982187465,-495.6891350178126,-27.39379157573546,1.0,y
2016-05-24,IC,q1,IC1609,2016-09-16,5743.178,5242.2,-500.97800000000007,5.288864982187465,-495.6891350178126,-27.39379157573546,1.0,d
2016-05-24,IC,q1,IC1609,2016-09-16,5743.178,5242.2,-500.97800000000007,5.288864982187465,-495.6891350178126,-27.39379157573546,1.0,p
2016-05-24,IC,q2,IC1612,2016-12-16,5743.178,4990.0,-753.1779999999999,5.581530193281386,-747.5964698067185,-23.06431757829985,0.9475654164791208,y
2016-05-24,IC,q2,IC1612,2016-12-16,5743.178,4990.0,-753.1779999999999,5.58253037328641,-747.5954696267135,-23.06428672145367,0.9473956483059731,d
2016-05-24,IC,q2,IC1612,2016-12-16,5743.178,4990.0,-753.1779999999999,5.482791464684218,-747.6952085353157,-23.06736379572545,0.9646299729351602,p
2016-05-25,IC,current,IC1606,2016-06-17,5715.183,5556.0,-159.183,2.2904102164291986,-156.8925897835708,-43.56495996183845,1.0,y
2016-05-25,IC,current,IC1606,2016-06-17,5715.183,5556.0,-159.183,2.2904102164291986,-156.8925897835708,-43.56495996183845,1.0,d
2016-05-25,IC,current,IC1606,2016-06-17,5715.183,5556.0,-159.183,2.2904102164291986,-156.8925897835708,-43.56495996183845,1.0,p
2016-05-25,IC,next,IC1607,2016-07-15,5715.183,5421.4,-293.78300000000036,4.284071907177974,-289.4989280928224,-36.25262906215491,1.0,y
2016-05-25,IC,next,IC1607,2016-07-15,5715.183,5421.4,-293.78300000000036,4.284071907177974,-289.4989280928224,-36.25262906215491,1.0,d
2016-05-25,IC,next,IC1607,2016-07-15,5715.183,5421.4,-293.78300000000036,4.284071907177974,-289.4989280928224,-36.25262906215491,1.0,p
2016-05-25,IC,q1,IC1609,2016-09-16,5715.183,5218.8,-496.3829999999998,5.2630845214083735,-491.11991547859145,-27.51347320668992,1.0,y
2016-05-25,IC,q1,IC1609,2016-09-16,5715.183,5218.8,-496.3829999999998,5.2630845214083735,-491.11991547859145,-27.51347320668992,1.0,d
2016-05-25,IC,q1,IC1609,2016-09-16,5715.183,5218.8,-496.3829999999998,5.2630845214083735,-491.11991547859145,-27.51347320668992,1.0,p
2016-05-25,IC,q2,IC1612,2016-12-16,5715.183,4970.0,-745.183,5.554323142105032,-739.628676857895,-23.04212899715668,0.9475654164791208,y
2016-05-25,IC,q2,IC1612,2016-12-16,5715.183,4970.0,-745.183,5.555318446753722,-739.6276815532462,-23.042097989789298,0.9473956483059731,d
2016-05-25,IC,q2,IC1612,2016-12-16,5715.183,4970.0,-745.183,5.4560657133573685,-739.7269342866426,-23.045190074179477,0.9646299729351602,p
2016-05-26,IC,current,IC1606,2016-06-17,5744.388,5627.8,-116.58799999999974,2.302114378897979,-114.28588562110176,-33.00798516245305,1.0,y
2016-05-26,IC,current,IC1606,2016-06-17,5744.388,5627.8,-116.58799999999974,2.302114378897979,-114.28588562110176,-33.00798516245305,1.0,d
2016-05-26,IC,current,IC1606,2016-06-17,5744.388,5627.8,-116.58799999999974,2.302114378897979,-114.28588562110176,-33.00798516245305,1.0,p
2016-05-26,IC,next,IC1607,2016-07-15,5744.388,5492.4,-251.98800000000028,4.305963825608081,-247.6820361743922,-31.47556996625338,1.0,y
2016-05-26,IC,next,IC1607,2016-07-15,5744.388,5492.4,-251.98800000000028,4.305963825608081,-247.6820361743922,-31.47556996625338,1.0,d
2016-05-26,IC,next,IC1607,2016-07-15,5744.388,5492.4,-251.98800000000028,4.305963825608081,-247.6820361743922,-31.47556996625338,1.0,p
2016-05-26,IC,q1,IC1609,2016-09-16,5744.388,5305.0,-439.3879999999999,5.289979265364557,-434.0980207346354,-24.40947621795254,1.0,y
2016-05-26,IC,q1,IC1609,2016-09-16,5744.388,5305.0,-439.3879999999999,5.289979265364557,-434.0980207346354,-24.40947621795254,1.0,d
2016-05-26,IC,q1,IC1609,2016-09-16,5744.388,5305.0,-439.3879999999999,5.289979265364557,-434.0980207346354,-24.40947621795254,1.0,p
2016-05-26,IC,q2,IC1612,2016-12-16,5744.388,5074.8,-669.5879999999997,5.5827061365542345,-664.0052938634456,-20.681901841410994,0.9475654164791208,y
2016-05-26,IC,q2,IC1612,2016-12-16,5744.388,5074.8,-669.5879999999997,5.583706527281929,-664.0042934727178,-20.681870682046714,0.9473956483059731,d
2016-05-26,IC,q2,IC1612,2016-12-16,5744.388,5074.8,-669.5879999999997,5.48394660521308,-664.1040533947867,-20.684977923713316,0.9646299729351602,p
2016-05-27,IC,current,IC1606,2016-06-17,5739.59,5630.6,-108.98999999999978,2.1909800181904644,-106.79901998180932,-32.34148572696324,1.0,y
2016-05-27,IC,current,IC1606,2016-06-17,5739.59,5630.6,-108.98999999999978,2.1909800181904644,-106.79901998180932,-32.34148572696324,1.0,d
2016-05-27,IC,current,IC1606,2016-06-17,5739.59,5630.6,-108.98999999999978,2.1909800181904644,-106.79901998180932,-32.34148572696324,1.0,p
2016-05-27,IC,next,IC1607,2016-07-15,5739.59,5510.2,-229.39000000000033,4.193155749677061,-225.19684425032327,-29.226594529691035,1.0,y
2016-05-27,IC,next,IC1607,2016-07-15,5739.59,5510.2,-229.39000000000033,4.193155749677061,-225.19684425032327,-29.226594529691035,1.0,d
2016-05-27,IC,next,IC1607,2016-07-15,5739.59,5510.2,-229.39000000000033,4.193155749677061,-225.19684425032327,-29.226594529691035,1.0,p
2016-05-27,IC,q1,IC1609,2016-09-16,5739.59,5349.2,-390.3900000000003,5.176349290550671,-385.21365070944967,-21.872359740004622,1.0,y
2016-05-27,IC,q1,IC1609,2016-09-16,5739.59,5349.2,-390.3900000000003,5.176349290550671,-385.21365070944967,-21.872359740004622,1.0,d
2016-05-27,IC,q1,IC1609,2016-09-16,5739.59,5349.2,-390.3900000000003,5.176349290550671,-385.21365070944967,-21.872359740004622,1.0,p
2016-05-27,IC,q2,IC1612,2016-12-16,5739.59,5134.8,-604.79,5.468831661625111,-599.3211683383748,-18.774810998669864,0.9465183078998767,y
2016-05-27,IC,q2,IC1612,2016-12-16,5739.59,5134.8,-604.79,5.469831216776464,-599.3201687832235,-18.774779685811183,0.9463453414566692,d
2016-05-27,IC,q2,IC1612,2016-12-16,5739.59,5134.8,-604.79,5.370154619181186,-599.4198453808187,-18.777902234086973,0.9639106613544648,p
2016-05-30,IC,current,IC1606,2016-06-17,5711.315,5611.0,-100.3149999999996,1.9548296126654476,-98.36017038733415,-34.92235461183144,1.0,y
2016-05-30,IC,current,IC1606,2016-06-17,5711.315,5611.0,-100.3149999999996,1.9548296126654476,-98.36017038733415,-34.92235461183144,1.0,d
2016-05-30,IC,current,IC1606,2016-06-17,5711.315,5611.0,-100.3149999999996,1.9548296126654476,-98.36017038733415,-34.92235461183144,1.0,p
2016-05-30,IC,next,IC1607,2016-07-15,5711.315,5519.6,-191.71499999999924,3.94714200568923,-187.76785799431002,-26.086761701732197,1.0,y
2016-05-30,IC,next,IC1607,2016-07-15,5711.315,5519.6,-191.71499999999924,3.94714200568923,-187.76785799431002,-26.086761701732197,1.0,d
2016-05-30,IC,next,IC1607,2016-07-15,5711.315,5519.6,-191.71499999999924,3.94714200568923,-187.76785799431002,-26.086761701732197,1.0,p
2016-05-30,IC,q1,IC1609,2016-09-16,5711.315,5403.4,-307.91499999999996,4.925492030324189,-302.9895079696758,-17.764698561713434,1.0,y
2016-05-30,IC,q1,IC1609,2016-09-16,5711.315,5403.4,-307.91499999999996,4.925492030324189,-302.9895079696758,-17.764698561713434,1.0,d
2016-05-30,IC,q1,IC1609,2016-09-16,5711.315,5403.4,-307.91499999999996,4.925492030324189,-302.9895079696758,-17.764698561713434,1.0,p
2016-05-30,IC,q2,IC1612,2016-12-16,5711.315,5210.8,-500.5149999999994,5.216533542549455,-495.29846645745,-15.826822741957786,0.9442078710217539,y
2016-05-30,IC,q2,IC1612,2016-12-16,5711.315,5210.8,-500.5149999999994,5.2175281735822026,-495.2974718264172,-15.826790959406223,0.9440278742074314,d
2016-05-30,IC,q2,IC1612,2016-12-16,5711.315,5210.8,-500.5149999999994,5.118342613813146,-495.3966573861863,-15.829960345906155,0.9623216736276111,p
2016-05-31,IC,current,IC1606,2016-06-17,5947.322,5923.2,-24.1220000000003,2.03314486571072,-22.088855134289577,-7.974357419648605,1.0,y
2016-05-31,IC,current,IC1606,2016-06-17,5947.322,5923.2,-24.1220000000003,2.03314486571072,-22.088855134289577,-7.974357419648605,1.0,d
2016-05-31,IC,current,IC1606,2016-06-17,5947.322,5923.2,-24.1220000000003,2.03314486571072,-22.088855134289577,-7.974357419648605,1.0,p
2016-05-31,IC,next,IC1607,2016-07-15,5947.322,5844.4,-102.92200000000048,4.109208568598844,-98.81279143140164,-13.476343310470604,1.0,y
2016-05-31,IC,next,IC1607,2016-07-15,5947.322,5844.4,-102.92200000000048,4.109208568598844,-98.81279143140164,-13.476343310470604,1.0,d
2016-05-31,IC,next,IC1607,2016-07-15,5947.322,5844.4,-102.92200000000048,4.109208568598844,-98.81279143140164,-13.476343310470604,1.0,p
2016-05-31,IC,q1,IC1609,2016-09-16,5947.322,5735.0,-212.32200000000012,5.137771446515739,-207.1842285534844,-11.773466404060736,1.0,y
2016-05-31,IC,q1,IC1609,2016-09-16,5947.322,5735.0,-212.32200000000012,5.137771446515739,-207.1842285534844,-11.773466404060736,1.0,d
2016-05-31,IC,q1,IC1609,2016-09-16,5947.322,5735.0,-212.32200000000012,5.137771446515739,-207.1842285534844,-11.773466404060736,1.0,p
2016-05-31,IC,q2,IC1612,2016-12-16,5947.322,5580.0,-367.3220000000001,5.386105211276903,-361.9358947887232,-11.162204927463156,0.9538936290659107,y
2016-05-31,IC,q2,IC1612,2016-12-16,5947.322,5580.0,-367.3220000000001,5.385789416244211,-361.9362105837559,-11.162214666670902,0.9539495604896064,d
2016-05-31,IC,q2,IC1612,2016-12-16,5947.322,5580.0,-367.3220000000001,5.302699216347976,-362.0193007836521,-11.164777191836434,0.968897392987373,p
2016-06-01,IC,current,IC1606,2016-06-17,5973.78,5899.8,-73.97999999999956,1.7046376082455559,-72.275362391754,-27.600308423843668,1.0,y
2016-06-01,IC,current,IC1606,2016-06-17,5973.78,5899.8,-73.97999999999956,1.7046376082455559,-72.275362391754,-27.600308423843668,1.0,d
2016-06-01,IC,current,IC1606,2016-06-17,5973.78,5899.8,-73.97999999999956,1.7046376082455559,-72.275362391754,-27.600308423843668,1.0,p
2016-06-01,IC,next,IC1607,2016-07-15,5973.78,5824.6,-149.17999999999938,3.7899371476078136,-145.39006285239157,-20.189505769425615,1.0,y
2016-06-01,IC,next,IC1607,2016-07-15,5973.78,5824.6,-149.17999999999938,3.7899371476078136,-145.39006285239157,-20.189505769425615,1.0,d
2016-06-01,IC,next,IC1607,2016-07-15,5973.78,5824.6,-149.17999999999938,3.7899371476078136,-145.39006285239157,-20.189505769425615,1.0,p
2016-06-01,IC,q1,IC1609,2016-09-16,5973.78,5701.2,-272.5799999999999,4.823075818902622,-267.7569241810973,-15.289756629946465,1.0,y
2016-06-01,IC,q1,IC1609,2016-09-16,5973.78,5701.2,-272.5799999999999,4.823075818902622,-267.7569241810973,-15.289756629946465,1.0,d
2016-06-01,IC,q1,IC1609,2016-09-16,5973.78,5701.2,-272.5799999999999,4.823075818902622,-267.7569241810973,-15.289756629946465,1.0,p
2016-06-01,IC,q2,IC1612,2016-12-16,5973.78,5510.0,-463.77999999999975,5.072514352288732,-458.707485647711,-14.155143521077218,0.9508254652303619,y
2016-06-01,IC,q2,IC1612,2016-12-16,5973.78,5510.0,-463.77999999999975,5.072197152370786,-458.70780284762895,-14.155153309472881,0.950884926988352,d
2016-06-01,IC,q2,IC1612,2016-12-16,5973.78,5510.0,-463.77999999999975,4.988737307025918,-458.7912626929738,-14.157728776684705,0.966792902105712,p
2016-06-02,IC,current,IC1606,2016-06-17,6013.894,5937.8,-76.09400000000005,1.4572406441883128,-74.63675935581173,-30.199420613744643,1.0,y
2016-06-02,IC,current,IC1606,2016-06-17,6013.894,5937.8,-76.09400000000005,1.4572406441883128,-74.63675935581173,-30.199420613744643,1.0,d
2016-06-02,IC,current,IC1606,2016-06-17,6013.894,5937.8,-76.09400000000005,1.4572406441883128,-74.63675935581173,-30.199420613744643,1.0,p
2016-06-02,IC,next,IC1607,2016-07-15,6013.894,5849.0,-164.89400000000023,3.556542993450161,-161.33745700655007,-22.77214010778605,1.0,y
2016-06-02,IC,next,IC1607,2016-07-15,6013.894,5849.0,-164.89400000000023,3.556542993450161,-161.33745700655007,-22.77214010778605,1.0,d
2016-06-02,IC,next,IC1607,2016-07-15,6013.894,5849.0,-164.89400000000023,3.556542993450161,-161.33745700655007,-22.77214010778605,1.0,p
2016-06-02,IC,q1,IC1609,2016-09-16,6013.894,5692.8,-321.09400000000005,4.596619202561951,-316.4973807974381,-18.121800728582173,1.0,y
2016-06-02,IC,q1,IC1609,2016-09-16,6013.894,5692.8,-321.09400000000005,4.596619202561951,-316.4973807974381,-18.121800728582173,1.0,d
2016-06-02,IC,q1,IC1609,2016-09-16,6013.894,5692.8,-321.09400000000005,4.596619202561951,-316.4973807974381,-18.121800728582173,1.0,p
2016-06-02,IC,q2,IC1612,2016-12-16,6013.894,5494.0,-519.8940000000002,4.8477327185098975,-515.0462672814904,-15.86781444605199,0.94819980173636,y
2016-06-02,IC,q2,IC1612,2016-12-16,6013.894,5494.0,-519.8940000000002,4.847413388590929,-515.0465866114093,-15.867824284134938,0.9482622656818875,d
2016-06-02,IC,q2,IC1612,2016-12-16,6013.894,5494.0,-519.8940000000002,4.763393109444319,-515.1306068905559,-15.870412824784383,0.9649884225276918,p
2016-06-03,IC,current,IC1606,2016-06-17,6032.603,6003.6,-29.0029999999997,1.3572089468344521,-27.64579105316525,-11.947831918381448,1.0,y
2016-06-03,IC,current,IC1606,2016-06-17,6032.603,6003.6,-29.0029999999997,1.3572089468344521,-27.64579105316525,-11.947831918381448,1.0,d
2016-06-03,IC,current,IC1606,2016-06-17,6032.603,6003.6,-29.0029999999997,1.3572089468344521,-27.64579105316525,-11.947831918381448,1.0,p
2016-06-03,IC,next,IC1607,2016-07-15,6032.603,5899.6,-133.0029999999997,3.4630421474302846,-129.53995785256942,-18.66132943661374,1.0,y
2016-06-03,IC,next,IC1607,2016-07-15,6032.603,5899.6,-133.0029999999997,3.4630421474302846,-129.53995785256942,-18.66132943661374,1.0,d
2016-06-03,IC,next,IC1607,2016-07-15,6032.603,5899.6,-133.0029999999997,3.4630421474302846,-129.53995785256942,-18.66132943661374,1.0,p
2016-06-03,IC,q1,IC1609,2016-09-16,6032.603,5761.8,-270.8029999999999,4.506353994848348,-266.29664600515156,-15.344916028529882,1.0,y
2016-06-03,IC,q1,IC1609,2016-09-16,6032.603,5761.8,-270.8029999999999,4.506353994848348,-266.29664600515156,-15.344916028529882,1.0,d
2016-06-03,IC,q1,IC1609,2016-09-16,6032.603,5761.8,-270.8029999999999,4.506353994848348,-266.29664600515156,-15.344916028529882,1.0,p
2016-06-03,IC,q2,IC1612,2016-12-16,6032.603,5580.0,-452.60300000000007,4.758248715581393,-447.8447512844187,-13.824821609464575,0.9470614640407113,y
2016-06-03,IC,q2,IC1612,2016-12-16,6032.603,5580.0,-452.60300000000007,4.757928392238953,-447.8450716077611,-13.824831497741826,0.9471252241204453,d
2016-06-03,IC,q2,IC1612,2016-12-16,6032.603,5580.0,-452.60300000000007,4.673646729136698,-447.9293532708634,-13.82743324523132,0.9642050963660979,p
2016-06-06,IC,current,IC1606,2016-06-17,6051.86,5974.0,-77.85999999999967,1.1830225187366228,-76.67697748126305,-42.041314992657426,1.0,y
2016-06-06,IC,current,IC1606,2016-06-17,6051.86,5974.0,-77.85999999999967,1.1830225187366228,-76.67697748126305,-42.041314992657426,1.0,d
2016-06-06,IC,current,IC1606,2016-06-17,6051.86,5974.0,-77.85999999999967,1.1830225187366228,-76.67697748126305,-42.041314992657426,1.0,p
2016-06-06,IC,next,IC1607,2016-07-15,6051.86,5876.8,-175.0599999999995,3.2955778639761313,-171.76442213602337,-26.56272323806384,1.0,y
2016-06-06,IC,next,IC1607,2016-07-15,6051.86,5876.8,-175.0599999999995,3.2955778639761313,-171.76442213602337,-26.56272323806384,1.0,d
2016-06-06,IC,next,IC1607,2016-07-15,6051.86,5876.8,-175.0599999999995,3.2955778639761313,-171.76442213602337,-26.56272323806384,1.0,p
2016-06-06,IC,q1,IC1609,2016-09-16,6051.86,5741.6,-310.2599999999993,4.342220123862201,-305.9177798761371,-18.088749259389907,1.0,y
2016-06-06,IC,q1,IC1609,2016-09-16,6051.86,5741.6,-310.2599999999993,4.342220123862201,-305.9177798761371,-18.088749259389907,1.0,d
2016-06-06,IC,q1,IC1609,2016-09-16,6051.86,5741.6,-310.2599999999993,4.342220123862201,-305.9177798761371,-18.088749259389907,1.0,p
2016-06-06,IC,q2,IC1612,2016-12-16,6051.86,5556.2,-495.65999999999985,4.594918931427605,-491.0650810685722,-15.345665800448627,0.9450047299339636,y
2016-06-06,IC,q2,IC1612,2016-12-16,6051.86,5556.2,-495.65999999999985,4.594597585563609,-491.0654024144362,-15.34567584242967,0.9450708235048945,d
2016-06-06,IC,q2,IC1612,2016-12-16,6051.86,5556.2,-495.65999999999985,4.510046882382576,-491.14995311761726,-15.348318031589987,0.962788245245088,p
2016-06-07,IC,current,IC1606,2016-06-17,6045.357,6016.6,-28.756999999999607,1.1641883432416384,-27.59281165675797,-16.65968817840974,1.0,y
2016-06-07,IC,current,IC1606,2016-06-17,6045.357,6016.6,-28.756999999999607,1.1641883432416384,-27.59281165675797,-16.65968817840974,1.0,d
2016-06-07,IC,current,IC1606,2016-06-17,6045.357,6016.6,-28.756999999999607,1.1641883432416384,-27.59281165675797,-16.65968817840974,1.0,p
2016-06-07,IC,next,IC1607,2016-07-15,6045.357,5914.2,-131.15700000000015,3.2744736512677797,-127.88252634873237,-20.31882184751011,1.0,y
2016-06-07,IC,next,IC1607,2016-07-15,6045.357,5914.2,-131.15700000000015,3.2744736512677797,-127.88252634873237,-20.31882184751011,1.0,d
2016-06-07,IC,next,IC1607,2016-07-15,6045.357,5914.2,-131.15700000000015,3.2744736512677797,-127.88252634873237,-20.31882184751011,1.0,p
2016-06-07,IC,q1,IC1609,2016-09-16,6045.357,5763.0,-282.35699999999997,4.319991246238263,-278.0370087537617,-16.620808495721647,1.0,y
2016-06-07,IC,q1,IC1609,2016-09-16,6045.357,5763.0,-282.35699999999997,4.319991246238263,-278.0370087537617,-16.620808495721647,1.0,d
2016-06-07,IC,q1,IC1609,2016-09-16,6045.357,5763.0,-282.35699999999997,4.319991246238263,-278.0370087537617,-16.620808495721647,1.0,p
2016-06-07,IC,q2,IC1612,2016-12-16,6045.357,5575.0,-470.35699999999997,4.572418517392449,-465.7845814826075,-14.647206063915366,0.9447934894424013,y
2016-06-07,IC,q2,IC1612,2016-12-16,6045.357,5575.0,-470.35699999999997,4.572097516829262,-465.7849024831707,-14.647216158198395,0.9448598220700607,d
2016-06-07,IC,q2,IC1612,2016-12-16,6045.357,5575.0,-470.35699999999997,4.487637667240808,-465.8693623327592,-14.64987210876059,0.9626426121194358,p
2016-06-08,IC,current,IC1606,2016-06-17,6023.878,5995.8,-28.07799999999952,1.1365539404466845,-26.941446059552835,-18.138237733486605,1.0,y
2016-06-08,IC,current,IC1606,2016-06-17,6023.878,5995.8,-28.07799999999952,1.1365539404466845,-26.941446059552835,-18.138237733486605,1.0,d
2016-06-08,IC,current,IC1606,2016-06-17,6023.878,5995.8,-28.07799999999952,1.1365539404466845,-26.941446059552835,-18.138237733486605,1.0,p
2016-06-08,IC,next,IC1607,2016-07-15,6023.878,5899.8,-124.07799999999952,3.239341458328903,-120.83865854167061,-19.788864199526106,1.0,y
2016-06-08,IC,next,IC1607,2016-07-15,6023.878,5899.8,-124.07799999999952,3.239341458328903,-120.83865854167061,-19.788864199526106,1.0,d
2016-06-08,IC,next,IC1607,2016-07-15,6023.878,5899.8,-124.07799999999952,3.239341458328903,-120.83865854167061,-19.788864199526106,1.0,p
2016-06-08,IC,q1,IC1609,2016-09-16,6023.878,5736.8,-287.0779999999995,4.281144355817935,-282.79685564418156,-17.135282671748378,1.0,y
2016-06-08,IC,q1,IC1609,2016-09-16,6023.878,5736.8,-287.0779999999995,4.281144355817935,-282.79685564418156,-17.135282671748378,1.0,d
2016-06-08,IC,q1,IC1609,2016-09-16,6023.878,5736.8,-287.0779999999995,4.281144355817935,-282.79685564418156,-17.135282671748378,1.0,p
2016-06-08,IC,q2,IC1612,2016-12-16,6023.878,5539.4,-484.47800000000007,4.53267475928389,-479.94532524071616,-15.225623821270265,0.9445072905461026,y
2016-06-08,IC,q2,IC1612,2016-12-16,6023.878,5539.4,-484.47800000000007,4.532354899227558,-479.9456451007725,-15.22563396840294,0.9445739468786003,d
2016-06-08,IC,q2,IC1612,2016-12-16,6023.878,5539.4,-484.47800000000007,4.448195133341243,-480.0298048666588,-15.228303824465462,0.962445267683698,p
2016-06-13,IC,current,IC1606,2016-06-17,5746.444,5732.0,-14.444000000000415,1.0842091376611889,-13.359790862339226,-21.214527039477883,1.0,y
2016-06-13,IC,current,IC1606,2016-06-17,5746.444,5732.0,-14.444000000000415,1.0842091376611889,-13.359790862339226,-21.214527039477883,1.0,d
2016-06-13,IC,current,IC1606,2016-06-17,5746.444,5732.0,-14.444000000000415,1.0842091376611889,-13.359790862339226,-21.214527039477883,1.0,p
2016-06-13,IC,next,IC1607,2016-07-15,5746.444,5626.0,-120.44400000000041,3.0901512758335032,-117.35384872416691,-23.29383766743448,1.0,y
2016-06-13,IC,next,IC1607,2016-07-15,5746.444,5626.0,-120.44400000000041,3.0901512758335032,-117.35384872416691,-23.29383766743448,1.0,d
2016-06-13,IC,next,IC1607,2016-07-15,5746.444,5626.0,-120.44400000000041,3.0901512758335032,-117.35384872416691,-23.29383766743448,1.0,p
2016-06-13,IC,q1,IC1609,2016-09-16,5746.444,5450.0,-296.4440000000004,4.0839731974359115,-292.3600268025645,-19.54735829175602,1.0,y
2016-06-13,IC,q1,IC1609,2016-09-16,5746.444,5450.0,-296.4440000000004,4.0839731974359115,-292.3600268025645,-19.54735829175602,1.0,d
2016-06-13,IC,q1,IC1609,2016-09-16,5746.444,5450.0,-296.4440000000004,4.0839731974359115,-292.3600268025645,-19.54735829175602,1.0,p
2016-06-13,IC,q2,IC1612,2016-12-16,5746.444,5260.0,-486.4440000000004,4.3239191886751955,-482.12008081132524,-16.46402292454421,0.9445072905461026,y
2016-06-13,IC,q2,IC1612,2016-12-16,5746.444,5260.0,-486.4440000000004,4.323614060002013,-482.1203859399984,-16.46403334444927,0.9445739468786003,d
2016-06-13,IC,q2,IC1612,2016-12-16,5746.444,5260.0,-486.4440000000004,4.243330332190989,-482.20066966780945,-16.46677497083605,0.962445267683698,p
2016-06-14,IC,current,IC1606,2016-06-17,5762.761,5723.4,-39.361000000000786,1.0062550639957712,-38.35474493600501,-80.97670486792605,1.0,y
2016-06-14,IC,current,IC1606,2016-06-17,5762.761,5723.4,-39.361000000000786,1.0062550639957712,-38.35474493600501,-80.97670486792605,1.0,d
2016-06-14,IC,current,IC1606,2016-06-17,5762.761,5723.4,-39.361000000000786,1.0062550639957712,-38.35474493600501,-80.97670486792605,1.0,p
2016-06-14,IC,next,IC1607,2016-07-15,5762.761,5623.8,-138.96100000000024,3.0178930651867732,-135.94310693481347,-27.775235735432684,1.0,y
2016-06-14,IC,next,IC1607,2016-07-15,5762.761,5623.8,-138.96100000000024,3.0178930651867732,-135.94310693481347,-27.775235735432684,1.0,d
2016-06-14,IC,next,IC1607,2016-07-15,5762.761,5623.8,-138.96100000000024,3.0178930651867732,-135.94310693481347,-27.775235735432684,1.0,p
2016-06-14,IC,q1,IC1609,2016-09-16,5762.761,5439.0,-323.7610000000004,4.014536939338407,-319.746463060662,-21.54468514221421,1.0,y
2016-06-14,IC,q1,IC1609,2016-09-16,5762.761,5439.0,-323.7610000000004,4.014536939338407,-319.746463060662,-21.54468514221421,1.0,d
2016-06-14,IC,q1,IC1609,2016-09-16,5762.761,5439.0,-323.7610000000004,4.014536939338407,-319.746463060662,-21.54468514221421,1.0,p
2016-06-14,IC,q2,IC1612,2016-12-16,5762.761,5232.6,-530.1610000000001,4.2551642560616,-525.9058357439385,-18.005223542179767,0.9434505221789236,y
2016-06-14,IC,q2,IC1612,2016-12-16,5762.761,5232.6,-530.1610000000001,4.254858260977023,-525.906141739023,-18.00523401840864,0.9435183719648907,d
2016-06-14,IC,q2,IC1612,2016-12-16,5762.761,5232.6,-530.1610000000001,4.174346567908407,-525.9866534320917,-18.007990464397512,0.9617162528385673,p
2016-06-15,IC,current,IC1606,2016-06-17,5952.846,5920.0,-32.84599999999955,0.8274178224106687,-32.01858217758888,-98.16130381014344,1.0,y
2016-06-15,IC,current,IC1606,2016-06-17,5952.846,5920.0,-32.84599999999955,0.8274178224106687,-32.01858217758888,-98.16130381014344,1.0,d
2016-06-15,IC,current,IC1606,2016-06-17,5952.846,5920.0,-32.84599999999955,0.8274178224106687,-32.01858217758888,-98.16130381014344,1.0,p
2016-06-15,IC,next,IC1607,2016-07-15,5952.846,5827.0,-125.84599999999955,2.905409817712547,-122.940590182287,-25.127093503698205,1.0,y
2016-06-15,IC,next,IC1607,2016-07-15,5952.846,5827.0,-125.84599999999955,2.905409817712547,-122.940590182287,-25.127093503698205,1.0,d
2016-06-15,IC,next,IC1607,2016-07-15,5952.846,5827.0,-125.84599999999955,2.905409817712547,-122.940590182287,-25.127093503698205,1.0,p
2016-06-15,IC,q1,IC1609,2016-09-16,5952.846,5627.6,-325.2459999999992,3.934928046850986,-321.3110719531482,-21.184145927377145,1.0,y
2016-06-15,IC,q1,IC1609,2016-09-16,5952.846,5627.6,-325.2459999999992,3.934928046850986,-321.3110719531482,-21.184145927377145,1.0,d
2016-06-15,IC,q1,IC1609,2016-09-16,5952.846,5627.6,-325.2459999999992,3.934928046850986,-321.3110719531482,-21.184145927377145,1.0,p
2016-06-15,IC,q2,IC1612,2016-12-16,5952.846,5428.2,-524.6459999999997,4.183492469329446,-520.4625075306703,-17.343623760939273,0.9405844699612186,y
2016-06-15,IC,q2,IC1612,2016-12-16,5952.846,5428.2,-524.6459999999997,4.183176380979566,-520.4628236190201,-17.34363429410417,0.9406555422197025,d
2016-06-15,IC,q2,IC1612,2016-12-16,5952.846,5428.2,-524.6459999999997,4.100009005126785,-520.5459909948729,-17.346405720777764,0.9597364400738201,p
2016-06-16,IC,current,IC1606,2016-06-17,5930.545,5912.8,-17.74499999999989,0.33147420147614054,-17.41352579852375,-107.17289754080221,1.0,y
2016-06-16,IC,current,IC1606,2016-06-17,5930.545,5912.8,-17.74499999999989,0.33147420147614054,-17.41352579852375,-107.17289754080221,1.0,d
2016-06-16,IC,current,IC1606,2016-06-17,5930.545,5912.8,-17.74499999999989,0.33147420147614054,-17.41352579852375,-107.17289754080221,1.0,p
2016-06-16,IC,next,IC1607,2016-07-15,5930.545,5788.8,-141.7449999999999,2.401681466669559,-139.34331853333032,-29.572388991443542,1.0,y
2016-06-16,IC,next,IC1607,2016-07-15,5930.545,5788.8,-141.7449999999999,2.401681466669559,-139.34331853333032,-29.572388991443542,1.0,d
2016-06-16,IC,next,IC1607,2016-07-15,5930.545,5788.8,-141.7449999999999,2.401681466669559,-139.34331853333032,-29.572388991443542,1.0,p
2016-06-16,IC,q1,IC1609,2016-09-16,5930.545,5599.6,-330.9449999999997,3.4273428370839487,-327.5176571629158,-21.910139878350545,1.0,y
2016-06-16,IC,q1,IC1609,2016-09-16,5930.545,5599.6,-330.9449999999997,3.4273428370839487,-327.5176571629158,-21.910139878350545,1.0,d
2016-06-16,IC,q1,IC1609,2016-09-16,5930.545,5599.6,-330.9449999999997,3.4273428370839487,-327.5176571629158,-21.910139878350545,1.0,p
2016-06-16,IC,q2,IC1612,2016-12-16,5930.545,5400.2,-530.3450000000003,3.674976068803284,-526.670023931197,-17.712740896318056,0.9326163689006078,y
2016-06-16,IC,q2,IC1612,2016-12-16,5930.545,5400.2,-530.3450000000003,3.6746611646073855,-526.6703388353928,-17.712751487041235,0.9326962905027841,d
2016-06-16,IC,q2,IC1612,2016-12-16,5930.545,5400.2,-530.3450000000003,3.591805356641444,-526.7531946433588,-17.715538058122878,0.9542117394381088,p
2016-06-17,IC,current,IC1606,2016-06-17,5964.272,5962.4,-1.8720000000002983,0.0,-1.8720000000002983,,,y
2016-06-17,IC,current,IC1606,2016-06-17,5964.272,5962.4,-1.8720000000002983,0.0,-1.8720000000002983,,,d
2016-06-17,IC,current,IC1606,2016-06-17,5964.272,5962.4,-1.8720000000002983,0.0,-1.8720000000002983,,,p
2016-06-17,IC,next,IC1607,2016-07-15,5964.272,5810.6,-153.67199999999957,2.0819805306240284,-151.59001946937553,-33.132026546888625,1.0,y
2016-06-17,IC,next,IC1607,2016-07-15,5964.272,5810.6,-153.67199999999957,2.0819805306240284,-151.59001946937553,-33.132026546888625,1.0,d
2016-06-17,IC,next,IC1607,2016-07-15,5964.272,5810.6,-153.67199999999957,2.0819805306240284,-151.59001946937553,-33.132026546888625,1.0,p
2016-06-17,IC,q1,IC1609,2016-09-16,5964.272,5601.4,-362.8720000000003,3.1134748356236828,-359.75852516437664,-24.193857876433675,1.0,y
2016-06-17,IC,q1,IC1609,2016-09-16,5964.272,5601.4,-362.8720000000003,3.1134748356236828,-359.75852516437664,-24.193857876433675,1.0,d
2016-06-17,IC,q1,IC1609,2016-09-16,5964.272,5601.4,-362.8720000000003,3.1134748356236828,-359.75852516437664,-24.193857876433675,1.0,p
2016-06-17,IC,q2,IC1612,2016-12-16,5964.272,5404.2,-560.0720000000001,3.362516357138677,-556.7094836428614,-18.719431484721717,0.9259359672745457,y
2016-06-17,IC,q2,IC1612,2016-12-16,5964.272,5404.2,-560.0720000000001,3.3621996620831163,-556.709800337917,-18.719442133635685,0.9260231837911341,d
2016-06-17,IC,q2,IC1612,2016-12-16,5964.272,5404.2,-560.0720000000001,3.27887265326881,-556.7931273467314,-18.72224401554745,0.9495564984872966,p
2016-06-20,IC,current,IC1607,2016-07-15,5985.569,5848.2,-137.3690000000006,1.5805526895583775,-135.78844731044222,-33.12151828393352,1.0,y
2016-06-20,IC,current,IC1607,2016-07-15,5985.569,5848.2,-137.3690000000006,1.5805526895583775,-135.78844731044222,-33.12151828393352,1.0,d
2016-06-20,IC,current,IC1607,2016-07-15,5985.569,5848.2,-137.3690000000006,1.5805526895583775,-135.78844731044222,-33.12151828393352,1.0,p
2016-06-20,IC,next,IC1608,2016-08-19,5985.569,5743.2,-242.3690000000006,2.615730215949273,-239.75326978405133,-24.36692414460478,1.0,y
2016-06-20,IC,next,IC1608,2016-08-19,5985.569,5743.2,-242.3690000000006,2.615730215949273,-239.75326978405133,-24.36692414460478,1.0,d
2016-06-20,IC,next,IC1608,2016-08-19,5985.569,5743.2,-242.3690000000006,2.615730215949273,-239.75326978405133,-24.36692414460478,1.0,p
2016-06-20,IC,q1,IC1609,2016-09-16,5985.569,5653.0,-332.5690000000004,2.615730215949273,-329.95326978405114,-22.86426195753233,1.0,y
2016-06-20,IC,q1,IC1609,2016-09-16,5985.569,5653.0,-332.5690000000004,2.615730215949273,-329.95326978405114,-22.86426195753233,1.0,d
2016-06-20,IC,q1,IC1609,2016-09-16,5985.569,5653.0,-332.5690000000004,2.615730215949273,-329.95326978405114,-22.86426195753233,1.0,p
2016-06-20,IC,q2,IC1612,2016-12-16,5985.569,5440.0,-545.5690000000004,2.865661005640451,-542.7033389943599,-18.48829599311028,0.9127842444730058,y
2016-06-20,IC,q2,IC1612,2016-12-16,5985.569,5440.0,-545.5690000000004,2.865343179741998,-542.7036568202584,-18.488306820497666,0.9128854911490215,d
2016-06-20,IC,q2,IC1612,2016-12-16,5985.569,5440.0,-545.5690000000004,2.7817186299525782,-542.7872813700478,-18.49115566132415,0.9403288268568933,p
2016-06-21,IC,current,IC1607,2016-07-15,5916.803,5777.6,-139.20299999999952,1.5623943012330286,-137.64060569876648,-35.378636261317816,1.0,y
2016-06-21,IC,current,IC1607,2016-07-15,5916.803,5777.6,-139.20299999999952,1.5623943012330286,-137.64060569876648,-35.378636261317816,1.0,d
2016-06-21,IC,current,IC1607,2016-07-15,5916.803,5777.6,-139.20299999999952,1.5623943012330286,-137.64060569876648,-35.378636261317816,1.0,p
2016-06-21,IC,next,IC1608,2016-08-19,5916.803,5672.2,-244.60300000000007,2.585679053891001,-242.01732094610907,-25.304641697102078,1.0,y
2016-06-21,IC,next,IC1608,2016-08-19,5916.803,5672.2,-244.60300000000007,2.585679053891001,-242.01732094610907,-25.304641697102078,1.0,d
2016-06-21,IC,next,IC1608,2016-08-19,5916.803,5672.2,-244.60300000000007,2.585679053891001,-242.01732094610907,-25.304641697102078,1.0,p
2016-06-21,IC,q1,IC1609,2016-09-16,5916.803,5573.0,-343.8029999999999,2.585679053891001,-341.2173209461089,-24.194551224790477,1.0,y
2016-06-21,IC,q1,IC1609,2016-09-16,5916.803,5573.0,-343.8029999999999,2.585679053891001,-341.2173209461089,-24.194551224790477,1.0,d
2016-06-21,IC,q1,IC1609,2016-09-16,5916.803,5573.0,-343.8029999999999,2.585679053891001,-341.2173209461089,-24.194551224790477,1.0,p
2016-06-21,IC,q2,IC1612,2016-12-16,5916.803,5323.0,-593.8029999999999,2.8327384806952245,-590.9702615193047,-20.481010469327323,0.9127842444730058,y
2016-06-21,IC,q2,IC1612,2016-12-16,5916.803,5323.0,-593.8029999999999,2.832424306181583,-590.9705756938183,-20.481021357542723,0.9128854911490215,d
2016-06-21,IC,q2,IC1612,2016-12-16,5916.803,5323.0,-593.8029999999999,2.7497604880771243,-591.0532395119228,-20.483886203092954,0.9403288268568933,p
2016-06-22,IC,current,IC1607,2016-07-15,6008.886,5922.0,-86.88600000000042,1.5867097895872024,-85.29929021041322,-22.527680654805902,1.0,y
2016-06-22,IC,current,IC1607,2016-07-15,6008.886,5922.0,-86.88600000000042,1.5867097895872024,-85.29929021041322,-22.527680654805902,1.0,d
2016-06-22,IC,current,IC1607,2016-07-15,6008.886,5922.0,-86.88600000000042,1.5867097895872024,-85.29929021041322,-22.527680654805902,1.0,p
2016-06-22,IC,next,IC1608,2016-08-19,6008.886,5813.0,-195.88600000000042,2.6259198873815612,-193.26008011261885,-20.240118993284128,1.0,y
2016-06-22,IC,next,IC1608,2016-08-19,6008.886,5813.0,-195.88600000000042,2.6259198873815612,-193.26008011261885,-20.240118993284128,1.0,d
2016-06-22,IC,next,IC1608,2016-08-19,6008.886,5813.0,-195.88600000000042,2.6259198873815612,-193.26008011261885,-20.240118993284128,1.0,p
2016-06-22,IC,q1,IC1609,2016-09-16,6008.886,5730.6,-278.28600000000006,2.625919887381561,-275.6600801126185,-19.470375467170665,1.0,y
2016-06-22,IC,q1,IC1609,2016-09-16,6008.886,5730.6,-278.28600000000006,2.625919887381561,-275.6600801126185,-19.470375467170665,1.0,d
2016-06-22,IC,q1,IC1609,2016-09-16,6008.886,5730.6,-278.28600000000006,2.625919887381561,-275.6600801126185,-19.470375467170665,1.0,p
2016-06-22,IC,q2,IC1612,2016-12-16,6008.886,5497.2,-511.6860000000006,2.8768242914815327,-508.8091757085191,-17.4614605875675,0.9127842444730058,y
2016-06-22,IC,q2,IC1612,2016-12-16,6008.886,5497.2,-511.6860000000006,2.876505227480825,-508.80949477251977,-17.46147153729824,0.9128854911490215,d
2016-06-22,IC,q2,IC1612,2016-12-16,6008.886,5497.2,-511.6860000000006,2.792554915240511,-508.8934450847601,-17.46435256841655,0.9403288268568933,p
2016-06-23,IC,current,IC1607,2016-07-15,5978.174,5888.0,-90.17399999999998,1.4633112323755535,-88.71068876762442,-24.619406740847406,1.0,y
2016-06-23,IC,current,IC1607,2016-07-15,5978.174,5888.0,-90.17399999999998,1.4633112323755535,-88.71068876762442,-24.619406740847406,1.0,d
2016-06-23,IC,current,IC1607,2016-07-15,5978.174,5888.0,-90.17399999999998,1.4633112323755535,-88.71068876762442,-24.619406740847406,1.0,p
2016-06-23,IC,next,IC1608,2016-08-19,5978.174,5792.0,-186.17399999999998,2.4972098264197227,-183.67679017358026,-19.674501563126718,1.0,y
2016-06-23,IC,next,IC1608,2016-08-19,5978.174,5792.0,-186.17399999999998,2.4972098264197227,-183.67679017358026,-19.674501563126718,1.0,d
2016-06-23,IC,next,IC1608,2016-08-19,5978.174,5792.0,-186.17399999999998,2.4972098264197227,-183.67679017358026,-19.674501563126718,1.0,p
2016-06-23,IC,q1,IC1609,2016-09-16,5978.174,5717.6,-260.5739999999996,2.4972098264197227,-258.07679017357987,-18.53763538800755,1.0,y
2016-06-23,IC,q1,IC1609,2016-09-16,5978.174,5717.6,-260.5739999999996,2.4972098264197227,-258.07679017357987,-18.53763538800755,1.0,d
2016-06-23,IC,q1,IC1609,2016-09-16,5978.174,5717.6,-260.5739999999996,2.4972098264197227,-258.07679017357987,-18.53763538800755,1.0,p
2016-06-23,IC,q2,IC1612,2016-12-16,5978.174,5513.2,-464.97400000000016,2.7468318337395394,-462.22716816626064,-16.034931666414316,0.9091236659435459,y
2016-06-23,IC,q2,IC1612,2016-12-16,5978.174,5513.2,-464.97400000000016,2.746514400505931,-462.22748559949423,-16.03494267835944,0.9092287395106015,d
2016-06-23,IC,q2,IC1612,2016-12-16,5978.174,5513.2,-464.97400000000016,2.662993166465723,-462.31100683353446,-16.03784007897274,0.9377454879968674,p
2016-06-24,IC,current,IC1607,2016-07-15,5903.62,5787.0,-116.61999999999989,1.3149667649534271,-115.30503323504647,-33.94715940291676,1.0,y
2016-06-24,IC,current,IC1607,2016-07-15,5903.62,5787.0,-116.61999999999989,1.3149667649534271,-115.30503323504647,-33.94715940291676,1.0,d
2016-06-24,IC,current,IC1607,2016-07-15,5903.62,5787.0,-116.61999999999989,1.3149667649534271,-115.30503323504647,-33.94715940291676,1.0,p
2016-06-24,IC,next,IC1608,2016-08-19,5903.62,5702.2,-201.42000000000007,2.3359715764177706,-199.0840284235823,-21.979755754764373,1.0,y
2016-06-24,IC,next,IC1608,2016-08-19,5903.62,5702.2,-201.42000000000007,2.3359715764177706,-199.0840284235823,-21.979755754764373,1.0,d
2016-06-24,IC,next,IC1608,2016-08-19,5903.62,5702.2,-201.42000000000007,2.3359715764177706,-199.0840284235823,-21.979755754764373,1.0,p
2016-06-24,IC,q1,IC1609,2016-09-16,5903.62,5639.8,-263.8199999999997,2.3359715764177706,-261.48402842358195,-19.245994179884022,1.0,y
2016-06-24,IC,q1,IC1609,2016-09-16,5903.62,5639.8,-263.8199999999997,2.3359715764177706,-261.48402842358195,-19.245994179884022,1.0,d
2016-06-24,IC,q1,IC1609,2016-09-16,5903.62,5639.8,-263.8199999999997,2.3359715764177706,-261.48402842358195,-19.245994179884022,1.0,p
2016-06-24,IC,q2,IC1612,2016-12-16,5903.62,5431.0,-472.6199999999999,2.5824805396653137,-470.0375194603346,-16.606149602449456,0.9045456647353903,y
2016-06-24,IC,q2,IC1612,2016-12-16,5903.62,5431.0,-472.6199999999999,2.5821670651517588,-470.03783293484815,-16.606160677319977,0.9046554763800619,d
2016-06-24,IC,q2,IC1612,2016-12-16,5903.62,5431.0,-472.6199999999999,2.499687427104346,-470.12031257289556,-16.60907463450821,0.9345054709995381,p
2016-06-27,IC,current,IC1607,2016-07-15,6044.219,5965.2,-79.01900000000023,1.236985560090849,-77.78201443990939,-26.095123355397693,1.0,y
2016-06-27,IC,current,IC1607,2016-07-15,6044.219,5965.2,-79.01900000000023,1.236985560090849,-77.78201443990939,-26.095123355397693,1.0,d
2016-06-27,IC,current,IC1607,2016-07-15,6044.219,5965.2,-79.01900000000023,1.236985560090849,-77.78201443990939,-26.095123355397693,1.0,p
2016-06-27,IC,next,IC1608,2016-08-19,6044.219,5880.8,-163.41899999999987,2.282306343024744,-161.13669365697513,-18.359939733336375,1.0,y
2016-06-27,IC,next,IC1608,2016-08-19,6044.219,5880.8,-163.41899999999987,2.282306343024744,-161.13669365697513,-18.359939733336375,1.0,d
2016-06-27,IC,next,IC1608,2016-08-19,6044.219,5880.8,-163.41899999999987,2.282306343024744,-161.13669365697513,-18.359939733336375,1.0,p
2016-06-27,IC,q1,IC1609,2016-09-16,6044.219,5811.0,-233.21900000000005,2.282306343024744,-230.9366936569753,-17.217123611874744,1.0,y
2016-06-27,IC,q1,IC1609,2016-09-16,6044.219,5811.0,-233.21900000000005,2.282306343024744,-230.9366936569753,-17.217123611874744,1.0,d
2016-06-27,IC,q1,IC1609,2016-09-16,6044.219,5811.0,-233.21900000000005,2.282306343024744,-230.9366936569753,-17.217123611874744,1.0,p
2016-06-27,IC,q2,IC1612,2016-12-16,6044.219,5603.6,-440.6189999999997,2.534686096350856,-438.0843139036488,-15.380906385634654,0.9004295823102282,y
2016-06-27,IC,q2,IC1612,2016-12-16,6044.219,5603.6,-440.6189999999997,2.5343651562139833,-438.0846348437857,-15.380917653671524,0.900543608496503,d
2016-06-27,IC,q2,IC1612,2016-12-16,6044.219,5603.6,-440.6189999999997,2.449921205654954,-438.1690787943447,-15.383882435694435,0.9315835700171423,p
2016-06-28,IC,current,IC1607,2016-07-15,6107.511,6037.0,-70.51100000000042,1.2499386463488538,-69.26106135365157,-24.348310286525805,1.0,y
2016-06-28,IC,current,IC1607,2016-07-15,6107.511,6037.0,-70.51100000000042,1.2499386463488538,-69.26106135365157,-24.348310286525805,1.0,d
2016-06-28,IC,current,IC1607,2016-07-15,6107.511,6037.0,-70.51100000000042,1.2499386463488538,-69.26106135365157,-24.348310286525805,1.0,p
2016-06-28,IC,next,IC1608,2016-08-19,6107.511,5949.0,-158.51100000000042,2.306205499071658,-156.20479450092876,-17.952280394784196,1.0,y
2016-06-28,IC,next,IC1608,2016-08-19,6107.511,5949.0,-158.51100000000042,2.306205499071658,-156.20479450092876,-17.952280394784196,1.0,d
2016-06-28,IC,next,IC1608,2016-08-19,6107.511,5949.0,-158.51100000000042,2.306205499071658,-156.20479450092876,-17.952280394784196,1.0,p
2016-06-28,IC,q1,IC1609,2016-09-16,6107.511,5882.4,-225.1110000000008,2.306205499071658,-222.80479450092912,-16.64420866226011,1.0,y
2016-06-28,IC,q1,IC1609,2016-09-16,6107.511,5882.4,-225.1110000000008,2.306205499071658,-222.80479450092912,-16.64420866226011,1.0,d
2016-06-28,IC,q1,IC1609,2016-09-16,6107.511,5882.4,-225.1110000000008,2.306205499071658,-222.80479450092912,-16.64420866226011,1.0,p
2016-06-28,IC,q2,IC1612,2016-12-16,6107.511,5676.4,-431.1110000000008,2.5612280453454637,-428.54977195465534,-14.977308126120779,0.9004295823102282,y
2016-06-28,IC,q2,IC1612,2016-12-16,6107.511,5676.4,-431.1110000000008,2.560903744486032,-428.55009625551475,-14.977319460052598,0.900543608496503,d
2016-06-28,IC,q2,IC1612,2016-12-16,6107.511,5676.4,-431.1110000000008,2.475575539647206,-428.6354244603536,-14.980301579982077,0.9315835700171423,p
2016-06-29,IC,current,IC1607,2016-07-15,6120.202,6050.4,-69.80200000000059,1.167021027973011,-68.63497897202758,-25.583068300676665,1.0,y
2016-06-29,IC,current,IC1607,2016-07-15,6120.202,6050.4,-69.80200000000059,1.167021027973011,-68.63497897202758,-25.583068300676665,1.0,d
2016-06-29,IC,current,IC1607,2016-07-15,6120.202,6050.4,-69.80200000000059,1.167021027973011,-68.63497897202758,-25.583068300676665,1.0,p
2016-06-29,IC,next,IC1608,2016-08-19,6120.202,5958.2,-162.0020000000004,2.225482732678547,-159.77651726732185,-18.684001017809695,1.0,y
2016-06-29,IC,next,IC1608,2016-08-19,6120.202,5958.2,-162.0020000000004,2.225482732678547,-159.77651726732185,-18.684001017809695,1.0,d
2016-06-29,IC,next,IC1608,2016-08-19,6120.202,5958.2,-162.0020000000004,2.225482732678547,-159.77651726732185,-18.684001017809695,1.0,p
2016-06-29,IC,q1,IC1609,2016-09-16,6120.202,5886.4,-233.8020000000006,2.225482732678547,-231.57651726732203,-17.482137627833602,1.0,y
2016-06-29,IC,q1,IC1609,2016-09-16,6120.202,5886.4,-233.8020000000006,2.225482732678547,-231.57651726732203,-17.482137627833602,1.0,d
2016-06-29,IC,q1,IC1609,2016-09-16,6120.202,5886.4,-233.8020000000006,2.225482732678547,-231.57651726732203,-17.482137627833602,1.0,p
2016-06-29,IC,q2,IC1612,2016-12-16,6120.202,5685.2,-435.0020000000004,2.4810351987731702,-432.52096480122725,-15.173485349632726,0.8969976458935409,y
2016-06-29,IC,q2,IC1612,2016-12-16,6120.202,5685.2,-435.0020000000004,2.4807102240382095,-432.5212897759622,-15.173496750234733,0.8971151531982675,d
2016-06-29,IC,q2,IC1612,2016-12-16,6120.202,5685.2,-435.0020000000004,2.395204712887924,-432.6067952871125,-15.176496412046154,0.9291409292507857,p
2016-06-30,IC,current,IC1607,2016-07-15,6123.494,6051.6,-71.89399999999932,1.0402266402826321,-70.8537733597167,-28.155632798634894,1.0,y
2016-06-30,IC,current,IC1607,2016-07-15,6123.494,6051.6,-71.89399999999932,1.0402266402826321,-70.8537733597167,-28.155632798634894,1.0,d
2016-06-30,IC,current,IC1607,2016-07-15,6123.494,6051.6,-71.89399999999932,1.0402266402826321,-70.8537733597167,-28.155632798634894,1.0,p
2016-06-30,IC,next,IC1608,2016-08-19,6123.494,5950.8,-172.6939999999995,2.0434359276209992,-170.6505640723785,-20.34376318043854,1.0,y
2016-06-30,IC,next,IC1608,2016-08-19,6123.494,5950.8,-172.6939999999995,2.0434359276209992,-170.6505640723785,-20.34376318043854,1.0,d
2016-06-30,IC,next,IC1608,2016-08-19,6123.494,5950.8,-172.6939999999995,2.0434359276209992,-170.6505640723785,-20.34376318043854,1.0,p
2016-06-30,IC,q1,IC1609,2016-09-16,6123.494,5879.8,-243.6939999999995,2.0434359276209992,-241.6505640723785,-18.466593034835018,1.0,y
2016-06-30,IC,q1,IC1609,2016-09-16,6123.494,5879.8,-243.6939999999995,2.0434359276209992,-241.6505640723785,-18.466593034835018,1.0,d
2016-06-30,IC,q1,IC1609,2016-09-16,6123.494,5879.8,-243.6939999999995,2.0434359276209992,-241.6505640723785,-18.466593034835018,1.0,p
2016-06-30,IC,q2,IC1612,2016-12-16,6123.494,5663.8,-459.6939999999995,2.287835746291635,-457.40616425370786,-16.132767550257817,0.8931742284966109,y
2016-06-30,IC,q2,IC1612,2016-12-16,6123.494,5663.8,-459.6939999999995,2.2889740336659354,-457.4050259663336,-16.13272740273238,0.8927300605277328,d
2016-06-30,IC,q2,IC1612,2016-12-16,6123.494,5663.8,-459.6939999999995,2.205282757418208,-457.4887172425813,-16.135679203585113,0.9266094883965411,p
