date,product,role,contract,expire,spot,future,basis_raw,calibre,dpv_pts,basis_adj,annualized_rate,announced_ratio
2015-01-05,IF,current,IF1501,2015-01-16,3641.541,3671.4,29.858999999999924,y,0.9371612867047276,30.796161286704653,28.061543849523634,1.0
2015-01-05,IF,current,IF1501,2015-01-16,3641.541,3671.4,29.858999999999924,d,0.9371612867047276,30.796161286704653,28.061543849523634,1.0
2015-01-05,IF,current,IF1501,2015-01-16,3641.541,3671.4,29.858999999999924,p,0.9371612867047276,30.796161286704653,28.061543849523634,1.0
2015-01-05,IF,next,IF1502,2015-02-20,3641.541,3726.8,85.25900000000001,y,0.9371612867047276,86.19616128670474,18.78182345095305,1.0
2015-01-05,IF,next,IF1502,2015-02-20,3641.541,3726.8,85.25900000000001,d,0.9371612867047276,86.19616128670474,18.78182345095305,1.0
2015-01-05,IF,next,IF1502,2015-02-20,3641.541,3726.8,85.25900000000001,p,0.9371612867047276,86.19616128670474,18.78182345095305,1.0
2015-01-05,IF,q1,IF1503,2015-03-20,3641.541,3766.0,124.45899999999983,y,0.9371612867047276,125.39616128670455,16.9847900334795,1.0
2015-01-05,IF,q1,IF1503,2015-03-20,3641.541,3766.0,124.45899999999983,d,0.9371612867047276,125.39616128670455,16.9847900334795,1.0
2015-01-05,IF,q1,IF1503,2015-03-20,3641.541,3766.0,124.45899999999983,p,0.9371612867047276,125.39616128670455,16.9847900334795,1.0
2015-01-05,IF,q2,IF1506,2015-06-19,3641.541,3801.8,160.25900000000001,y,30.2211702350888,190.48017023508882,11.571069090407043,0.03101009257466214
2015-01-05,IF,q2,IF1506,2015-06-19,3641.541,3801.8,160.25900000000001,d,30.20259890211467,190.46159890211467,11.569940940549344,0.031029160428942798
2015-01-05,IF,q2,IF1506,2015-06-19,3641.541,3801.8,160.25900000000001,p,30.152306154260707,190.41130615426073,11.566885814866465,0.03108091573195641
2015-01-06,IF,current,IF1501,2015-01-16,3641.059,3656.8,15.740999999999985,y,0.9370372425870885,16.678037242587074,16.71899190192821,1.0
2015-01-06,IF,current,IF1501,2015-01-16,3641.059,3656.8,15.740999999999985,d,0.9370372425870885,16.678037242587074,16.71899190192821,1.0
2015-01-06,IF,current,IF1501,2015-01-16,3641.059,3656.8,15.740999999999985,p,0.9370372425870885,16.678037242587074,16.71899190192821,1.0
2015-01-06,IF,next,IF1502,2015-02-20,3641.059,3712.4,71.3409999999999,y,0.9370372425870885,72.27803724258699,16.101227444203737,1.0
2015-01-06,IF,next,IF1502,2015-02-20,3641.059,3712.4,71.3409999999999,d,0.9370372425870885,72.27803724258699,16.101227444203737,1.0
2015-01-06,IF,next,IF1502,2015-02-20,3641.059,3712.4,71.3409999999999,p,0.9370372425870885,72.27803724258699,16.101227444203737,1.0
2015-01-06,IF,q1,IF1503,2015-03-20,3641.059,3757.6,116.54099999999971,y,0.9370372425870885,117.47803724258681,16.13239956322965,1.0
2015-01-06,IF,q1,IF1503,2015-03-20,3641.059,3757.6,116.54099999999971,d,0.9370372425870885,117.47803724258681,16.13239956322965,1.0
2015-01-06,IF,q1,IF1503,2015-03-20,3641.059,3757.6,116.54099999999971,p,0.9370372425870885,117.47803724258681,16.13239956322965,1.0
2015-01-06,IF,q2,IF1506,2015-06-19,3641.059,3796.0,154.9409999999998,y,30.21717011424619,185.158170114246,11.317856421097206,0.03101009257466214
2015-01-06,IF,q2,IF1506,2015-06-19,3641.059,3796.0,154.9409999999998,d,30.19860123940242,185.13960123940223,11.316721392276964,0.031029160428942798
2015-01-06,IF,q2,IF1506,2015-06-19,3641.059,3796.0,154.9409999999998,p,30.148315148374365,185.08931514837417,11.313647637778942,0.03108091573195641
2015-01-07,IF,current,IF1501,2015-01-16,3643.79,3663.2,19.409999999999854,y,0.9377400734693964,20.34774007346925,22.647131228187856,1.0
2015-01-07,IF,current,IF1501,2015-01-16,3643.79,3663.2,19.409999999999854,d,0.9377400734693964,20.34774007346925,22.647131228187856,1.0
2015-01-07,IF,current,IF1501,2015-01-16,3643.79,3663.2,19.409999999999854,p,0.9377400734693964,20.34774007346925,22.647131228187856,1.0
2015-01-07,IF,next,IF1502,2015-02-20,3643.79,3719.6,75.80999999999995,y,0.9377400734693964,76.74774007346934,17.472395205152473,1.0
2015-01-07,IF,next,IF1502,2015-02-20,3643.79,3719.6,75.80999999999995,d,0.9377400734693964,76.74774007346934,17.472395205152473,1.0
2015-01-07,IF,next,IF1502,2015-02-20,3643.79,3719.6,75.80999999999995,p,0.9377400734693964,76.74774007346934,17.472395205152473,1.0
2015-01-07,IF,q1,IF1503,2015-03-20,3643.79,3765.8,122.01000000000022,y,0.9377400734693964,122.94774007346962,17.105177243267317,1.0
2015-01-07,IF,q1,IF1503,2015-03-20,3643.79,3765.8,122.01000000000022,d,0.9377400734693964,122.94774007346962,17.105177243267317,1.0
2015-01-07,IF,q1,IF1503,2015-03-20,3643.79,3765.8,122.01000000000022,p,0.9377400734693964,122.94774007346962,17.105177243267317,1.0
2015-01-07,IF,q2,IF1506,2015-06-19,3643.79,3799.4,155.61000000000013,y,30.239834699352336,185.84983469935247,11.42126214085756,0.03101009257466214
2015-01-07,IF,q2,IF1506,2015-06-19,3643.79,3799.4,155.61000000000013,d,30.22125189680314,185.83125189680328,11.420120148670323,0.031029160428942798
2015-01-07,IF,q2,IF1506,2015-06-19,3643.79,3799.4,155.61000000000013,p,30.17092808836523,185.78092808836536,11.417027536782742,0.03108091573195641
2015-01-08,IF,current,IF1501,2015-01-16,3559.259,3562.0,2.7409999999999854,y,0.9159857720002005,3.656985772000186,4.687772815844773,1.0
2015-01-08,IF,current,IF1501,2015-01-16,3559.259,3562.0,2.7409999999999854,d,0.9159857720002005,3.656985772000186,4.687772815844773,1.0
2015-01-08,IF,current,IF1501,2015-01-16,3559.259,3562.0,2.7409999999999854,p,0.9159857720002005,3.656985772000186,4.687772815844773,1.0
2015-01-08,IF,next,IF1502,2015-02-20,3559.259,3611.6,52.340999999999894,y,0.9159857720002005,53.25698577200009,12.701101880632518,1.0
2015-01-08,IF,next,IF1502,2015-02-20,3559.259,3611.6,52.340999999999894,d,0.9159857720002005,53.25698577200009,12.701101880632518,1.0
2015-01-08,IF,next,IF1502,2015-02-20,3559.259,3611.6,52.340999999999894,p,0.9159857720002005,53.25698577200009,12.701101880632518,1.0
2015-01-08,IF,q1,IF1503,2015-03-20,3559.259,3657.0,97.74099999999999,y,0.9159857720002005,98.65698577200018,14.249603048520305,1.0
2015-01-08,IF,q1,IF1503,2015-03-20,3559.259,3657.0,97.74099999999999,d,0.9159857720002005,98.65698577200018,14.249603048520305,1.0
2015-01-08,IF,q1,IF1503,2015-03-20,3559.259,3657.0,97.74099999999999,p,0.9159857720002005,98.65698577200018,14.249603048520305,1.0
2015-01-08,IF,q2,IF1506,2015-06-19,3559.259,3690.4,131.14100000000008,y,29.538311431828426,160.6793114318285,10.171341128092381,0.03101009257466214
2015-01-08,IF,q2,IF1506,2015-06-19,3559.259,3690.4,131.14100000000008,d,29.52015972516628,160.66115972516636,10.170192086570655,0.031029160428942798
2015-01-08,IF,q2,IF1506,2015-06-19,3559.259,3690.4,131.14100000000008,p,29.4710033610243,160.6120033610244,10.16708038448624,0.03108091573195641
2015-01-09,IF,current,IF1501,2015-01-16,3546.723,3528.0,-18.722999999999956,y,0.0,-18.722999999999956,,
2015-01-09,IF,current,IF1501,2015-01-16,3546.723,3528.0,-18.722999999999956,d,0.0,-18.722999999999956,,
2015-01-09,IF,current,IF1501,2015-01-16,3546.723,3528.0,-18.722999999999956,p,0.0,-18.722999999999956,,
2015-01-09,IF,next,IF1502,2015-02-20,3546.723,3573.0,26.277000000000044,y,0.0,26.277000000000044,,
2015-01-09,IF,next,IF1502,2015-02-20,3546.723,3573.0,26.277000000000044,d,0.0,26.277000000000044,,
2015-01-09,IF,next,IF1502,2015-02-20,3546.723,3573.0,26.277000000000044,p,0.0,26.277000000000044,,
2015-01-09,IF,q1,IF1503,2015-03-20,3546.723,3613.0,66.27700000000004,y,0.0,66.27700000000004,9.74384563682347,
2015-01-09,IF,q1,IF1503,2015-03-20,3546.723,3613.0,66.27700000000004,d,0.0,66.27700000000004,9.74384563682347,
2015-01-09,IF,q1,IF1503,2015-03-20,3546.723,3613.0,66.27700000000004,p,0.0,66.27700000000004,9.74384563682347,
2015-01-09,IF,q2,IF1506,2015-06-19,3546.723,3658.0,111.27700000000004,y,28.5215154983672,139.79851549836724,8.935981826426527,0.0
2015-01-09,IF,q2,IF1506,2015-06-19,3546.723,3658.0,111.27700000000004,d,28.50342772349387,139.78042772349391,8.934825648000938,0.0
2015-01-09,IF,q2,IF1506,2015-06-19,3546.723,3658.0,111.27700000000004,p,28.45444449206881,139.73144449206885,8.931694618574383,0.0
2015-01-12,IF,current,IF1501,2015-01-16,3513.576,3537.6,24.023999999999887,y,0.0,24.023999999999887,,
2015-01-12,IF,current,IF1501,2015-01-16,3513.576,3537.6,24.023999999999887,d,0.0,24.023999999999887,,
2015-01-12,IF,current,IF1501,2015-01-16,3513.576,3537.6,24.023999999999887,p,0.0,24.023999999999887,,
2015-01-12,IF,next,IF1502,2015-02-20,3513.576,3576.0,62.42399999999998,y,0.0,62.42399999999998,,
2015-01-12,IF,next,IF1502,2015-02-20,3513.576,3576.0,62.42399999999998,d,0.0,62.42399999999998,,
2015-01-12,IF,next,IF1502,2015-02-20,3513.576,3576.0,62.42399999999998,p,0.0,62.42399999999998,,
2015-01-12,IF,q1,IF1503,2015-03-20,3513.576,3617.0,103.42399999999998,y,0.0,103.42399999999998,16.035778185283117,
2015-01-12,IF,q1,IF1503,2015-03-20,3513.576,3617.0,103.42399999999998,d,0.0,103.42399999999998,16.035778185283117,
2015-01-12,IF,q1,IF1503,2015-03-20,3513.576,3617.0,103.42399999999998,p,0.0,103.42399999999998,16.035778185283117,
2015-01-12,IF,q2,IF1506,2015-06-19,3513.576,3666.0,152.42399999999998,y,28.25495882782248,180.67895882782247,11.879386290393374,0.0
2015-01-12,IF,q2,IF1506,2015-06-19,3513.576,3666.0,152.42399999999998,d,28.23704009786011,180.66104009786008,11.878208159212868,0.0
2015-01-12,IF,q2,IF1506,2015-06-19,3513.576,3666.0,152.42399999999998,p,28.188514654419066,180.61251465441904,11.875017679860495,0.0
2015-01-13,IF,current,IF1501,2015-01-16,3514.04,3529.6,15.559999999999945,y,0.0,15.559999999999945,,
2015-01-13,IF,current,IF1501,2015-01-16,3514.04,3529.6,15.559999999999945,d,0.0,15.559999999999945,,
2015-01-13,IF,current,IF1501,2015-01-16,3514.04,3529.6,15.559999999999945,p,0.0,15.559999999999945,,
2015-01-13,IF,next,IF1502,2015-02-20,3514.04,3577.4,63.36000000000013,y,0.0,63.36000000000013,,
2015-01-13,IF,next,IF1502,2015-02-20,3514.04,3577.4,63.36000000000013,d,0.0,63.36000000000013,,
2015-01-13,IF,next,IF1502,2015-02-20,3514.04,3577.4,63.36000000000013,p,0.0,63.36000000000013,,
2015-01-13,IF,q1,IF1503,2015-03-20,3514.04,3612.4,98.36000000000013,y,0.0,98.36000000000013,15.479636147016162,
2015-01-13,IF,q1,IF1503,2015-03-20,3514.04,3612.4,98.36000000000013,d,0.0,98.36000000000013,15.479636147016162,
2015-01-13,IF,q1,IF1503,2015-03-20,3514.04,3612.4,98.36000000000013,p,0.0,98.36000000000013,15.479636147016162,
2015-01-13,IF,q2,IF1506,2015-06-19,3514.04,3660.8,146.76000000000022,y,28.258690154794238,175.01869015479446,11.578996977601838,0.0
2015-01-13,IF,q2,IF1506,2015-06-19,3514.04,3660.8,146.76000000000022,d,28.240769058498902,175.00076905849912,11.577811342401075,0.0
2015-01-13,IF,q2,IF1506,2015-06-19,3514.04,3660.8,146.76000000000022,p,28.192237206827112,174.95223720682733,11.574600541524163,0.0
2015-01-14,IF,current,IF1501,2015-01-16,3502.423,3504.2,1.7770000000000437,y,0.0,1.7770000000000437,,
2015-01-14,IF,current,IF1501,2015-01-16,3502.423,3504.2,1.7770000000000437,d,0.0,1.7770000000000437,,
2015-01-14,IF,current,IF1501,2015-01-16,3502.423,3504.2,1.7770000000000437,p,0.0,1.7770000000000437,,
2015-01-14,IF,next,IF1502,2015-02-20,3502.423,3559.0,56.577000000000226,y,0.0,56.577000000000226,,
2015-01-14,IF,next,IF1502,2015-02-20,3502.423,3559.0,56.577000000000226,d,0.0,56.577000000000226,,
2015-01-14,IF,next,IF1502,2015-02-20,3502.423,3559.0,56.577000000000226,p,0.0,56.577000000000226,,
2015-01-14,IF,q1,IF1503,2015-03-20,3502.423,3594.6,92.17700000000013,y,0.0,92.17700000000013,14.778606344587978,
2015-01-14,IF,q1,IF1503,2015-03-20,3502.423,3594.6,92.17700000000013,d,0.0,92.17700000000013,14.778606344587978,
2015-01-14,IF,q1,IF1503,2015-03-20,3502.423,3594.6,92.17700000000013,p,0.0,92.17700000000013,14.778606344587978,
2015-01-14,IF,q2,IF1506,2015-06-19,3502.423,3640.4,137.97700000000032,y,28.16527027240011,166.14227027240042,11.098896731071486,0.0
2015-01-14,IF,q2,IF1506,2015-06-19,3502.423,3640.4,137.97700000000032,d,28.147408421126364,166.12440842112667,11.097703495645076,0.0
2015-01-14,IF,q2,IF1506,2015-06-19,3502.423,3640.4,137.97700000000032,p,28.099037010007578,166.0760370100079,11.09447211271126,0.0
2015-01-15,IF,current,IF1501,2015-01-16,3604.121,3625.0,20.878999999999905,y,0.0,20.878999999999905,,
2015-01-15,IF,current,IF1501,2015-01-16,3604.121,3625.0,20.878999999999905,d,0.0,20.878999999999905,,
2015-01-15,IF,current,IF1501,2015-01-16,3604.121,3625.0,20.878999999999905,p,0.0,20.878999999999905,,
2015-01-15,IF,next,IF1502,2015-02-20,3604.121,3683.6,79.47899999999981,y,0.0,79.47899999999981,,
2015-01-15,IF,next,IF1502,2015-02-20,3604.121,3683.6,79.47899999999981,d,0.0,79.47899999999981,,
2015-01-15,IF,next,IF1502,2015-02-20,3604.121,3683.6,79.47899999999981,p,0.0,79.47899999999981,,
2015-01-15,IF,q1,IF1503,2015-03-20,3604.121,3736.2,132.07899999999972,y,0.0,132.07899999999972,20.900048774028352,
2015-01-15,IF,q1,IF1503,2015-03-20,3604.121,3736.2,132.07899999999972,d,0.0,132.07899999999972,20.900048774028352,
2015-01-15,IF,q1,IF1503,2015-03-20,3604.121,3736.2,132.07899999999972,p,0.0,132.07899999999972,20.900048774028352,
2015-01-15,IF,q2,IF1506,2015-06-19,3604.121,3787.6,183.47899999999981,y,28.983090294756792,212.4620902947566,13.881719136651405,0.0
2015-01-15,IF,q2,IF1506,2015-06-19,3604.121,3787.6,183.47899999999981,d,28.964709798376262,212.44370979837606,13.88051820293192,0.0
2015-01-15,IF,q2,IF1506,2015-06-19,3604.121,3787.6,183.47899999999981,p,28.914933852234732,212.39393385223454,13.877265972366276,0.0
2015-01-16,IF,current,IF1501,2015-01-16,3635.146,3641.2,6.053999999999633,y,0.0,6.053999999999633,,
2015-01-16,IF,current,IF1501,2015-01-16,3635.146,3641.2,6.053999999999633,d,0.0,6.053999999999633,,
2015-01-16,IF,current,IF1501,2015-01-16,3635.146,3641.2,6.053999999999633,p,0.0,6.053999999999633,,
2015-01-16,IF,next,IF1502,2015-02-20,3635.146,3667.2,32.05399999999963,y,0.0,32.05399999999963,,
2015-01-16,IF,next,IF1502,2015-02-20,3635.146,3667.2,32.05399999999963,d,0.0,32.05399999999963,,
2015-01-16,IF,next,IF1502,2015-02-20,3635.146,3667.2,32.05399999999963,p,0.0,32.05399999999963,,
2015-01-16,IF,q1,IF1503,2015-03-20,3635.146,3715.8,80.654,y,0.0,80.654,12.854534896565669,
2015-01-16,IF,q1,IF1503,2015-03-20,3635.146,3715.8,80.654,d,0.0,80.654,12.854534896565669,
2015-01-16,IF,q1,IF1503,2015-03-20,3635.146,3715.8,80.654,p,0.0,80.654,12.854534896565669,
2015-01-16,IF,q2,IF1506,2015-06-19,3635.146,3770.0,134.85399999999981,y,29.232582577728103,164.0865825777279,10.698511439568161,0.0
2015-01-16,IF,q2,IF1506,2015-06-19,3635.146,3770.0,134.85399999999981,d,29.21404385833003,164.06804385832984,10.697302707577773,0.0
2015-01-16,IF,q2,IF1506,2015-06-19,3635.146,3770.0,134.85399999999981,p,29.163839430811475,164.01783943081128,10.694029358631829,0.0
2015-01-19,IF,current,IF1502,2015-02-20,3355.155,3316.2,-38.95500000000038,y,0.0,-38.95500000000038,,
2015-01-19,IF,current,IF1502,2015-02-20,3355.155,3316.2,-38.95500000000038,d,0.0,-38.95500000000038,,
2015-01-19,IF,current,IF1502,2015-02-20,3355.155,3316.2,-38.95500000000038,p,0.0,-38.95500000000038,,
2015-01-19,IF,next,IF1503,2015-03-20,3355.155,3359.6,4.444999999999709,y,0.0,4.444999999999709,0.8059364371143775,
2015-01-19,IF,next,IF1503,2015-03-20,3355.155,3359.6,4.444999999999709,d,0.0,4.444999999999709,0.8059364371143775,
2015-01-19,IF,next,IF1503,2015-03-20,3355.155,3359.6,4.444999999999709,p,0.0,4.444999999999709,0.8059364371143775,
2015-01-19,IF,q1,IF1503,2015-03-20,3355.155,3359.6,4.444999999999709,y,0.0,4.444999999999709,0.8059364371143775,
2015-01-19,IF,q1,IF1503,2015-03-20,3355.155,3359.6,4.444999999999709,d,0.0,4.444999999999709,0.8059364371143775,
2015-01-19,IF,q1,IF1503,2015-03-20,3355.155,3359.6,4.444999999999709,p,0.0,4.444999999999709,0.8059364371143775,
2015-01-19,IF,q2,IF1506,2015-06-19,3355.155,3409.6,54.44499999999971,y,26.98099212482176,81.42599212482148,5.866328621183378,0.0
2015-01-19,IF,q2,IF1506,2015-06-19,3355.155,3409.6,54.44499999999971,d,26.963881319070897,81.4088813190706,5.865095874650132,0.0
2015-01-19,IF,q2,IF1506,2015-06-19,3355.155,3409.6,54.44499999999971,p,26.917543803050627,81.36254380305033,5.861757492281422,0.0
2015-01-20,IF,current,IF1502,2015-02-20,3396.222,3394.4,-1.8220000000001164,y,0.0,-1.8220000000001164,,
2015-01-20,IF,current,IF1502,2015-02-20,3396.222,3394.4,-1.8220000000001164,d,0.0,-1.8220000000001164,,
2015-01-20,IF,current,IF1502,2015-02-20,3396.222,3394.4,-1.8220000000001164,p,0.0,-1.8220000000001164,,
2015-01-20,IF,next,IF1503,2015-03-20,3396.222,3432.8,36.577999999999975,y,0.0,36.577999999999975,6.6629221269588355,
2015-01-20,IF,next,IF1503,2015-03-20,3396.222,3432.8,36.577999999999975,d,0.0,36.577999999999975,6.6629221269588355,
2015-01-20,IF,next,IF1503,2015-03-20,3396.222,3432.8,36.577999999999975,p,0.0,36.577999999999975,6.6629221269588355,
2015-01-20,IF,q1,IF1503,2015-03-20,3396.222,3432.8,36.577999999999975,y,0.0,36.577999999999975,6.6629221269588355,
2015-01-20,IF,q1,IF1503,2015-03-20,3396.222,3432.8,36.577999999999975,d,0.0,36.577999999999975,6.6629221269588355,
2015-01-20,IF,q1,IF1503,2015-03-20,3396.222,3432.8,36.577999999999975,p,0.0,36.577999999999975,6.6629221269588355,
2015-01-20,IF,q2,IF1506,2015-06-19,3396.222,3494.0,97.77799999999979,y,27.311238686780914,125.0892386867807,8.962423956320672,0.0
2015-01-20,IF,q2,IF1506,2015-06-19,3396.222,3494.0,97.77799999999979,d,27.293918445263362,125.07191844526315,8.961182991477205,0.0
2015-01-20,IF,q2,IF1506,2015-06-19,3396.222,3494.0,97.77799999999979,p,27.247013759389418,125.02501375938921,8.957822353226037,0.0
2015-01-21,IF,current,IF1502,2015-02-20,3548.885,3546.0,-2.8850000000002183,y,0.0,-2.8850000000002183,,
2015-01-21,IF,current,IF1502,2015-02-20,3548.885,3546.0,-2.8850000000002183,d,0.0,-2.8850000000002183,,
2015-01-21,IF,current,IF1502,2015-02-20,3548.885,3546.0,-2.8850000000002183,p,0.0,-2.8850000000002183,,
2015-01-21,IF,next,IF1503,2015-03-20,3548.885,3581.0,32.11499999999978,y,0.0,32.11499999999978,5.694831397505918,
2015-01-21,IF,next,IF1503,2015-03-20,3548.885,3581.0,32.11499999999978,d,0.0,32.11499999999978,5.694831397505918,
2015-01-21,IF,next,IF1503,2015-03-20,3548.885,3581.0,32.11499999999978,p,0.0,32.11499999999978,5.694831397505918,
2015-01-21,IF,q1,IF1503,2015-03-20,3548.885,3581.0,32.11499999999978,y,0.0,32.11499999999978,5.694831397505918,
2015-01-21,IF,q1,IF1503,2015-03-20,3548.885,3581.0,32.11499999999978,d,0.0,32.11499999999978,5.694831397505918,
2015-01-21,IF,q1,IF1503,2015-03-20,3548.885,3581.0,32.11499999999978,p,0.0,32.11499999999978,5.694831397505918,
2015-01-21,IF,q2,IF1506,2015-06-19,3548.885,3650.0,101.11499999999978,y,28.53890155205887,129.65390155205864,8.949530649257122,0.0
2015-01-21,IF,q2,IF1506,2015-06-19,3548.885,3650.0,101.11499999999978,d,28.520802751297904,129.6358027512977,8.948281355790547,0.0
2015-01-21,IF,q2,IF1506,2015-06-19,3548.885,3650.0,101.11499999999978,p,28.471789660832158,129.58678966083193,8.944898162920243,0.0
2015-01-22,IF,current,IF1502,2015-02-20,3567.613,3561.2,-6.413000000000011,y,0.0,-6.413000000000011,,
2015-01-22,IF,current,IF1502,2015-02-20,3567.613,3561.2,-6.413000000000011,d,0.0,-6.413000000000011,,
2015-01-22,IF,current,IF1502,2015-02-20,3567.613,3561.2,-6.413000000000011,p,0.0,-6.413000000000011,,
2015-01-22,IF,next,IF1503,2015-03-20,3567.613,3595.0,27.38700000000017,y,0.0,27.38700000000017,4.915692782172372,
2015-01-22,IF,next,IF1503,2015-03-20,3567.613,3595.0,27.38700000000017,d,0.0,27.38700000000017,4.915692782172372,
2015-01-22,IF,next,IF1503,2015-03-20,3567.613,3595.0,27.38700000000017,p,0.0,27.38700000000017,4.915692782172372,
2015-01-22,IF,q1,IF1503,2015-03-20,3567.613,3595.0,27.38700000000017,y,0.0,27.38700000000017,4.915692782172372,
2015-01-22,IF,q1,IF1503,2015-03-20,3567.613,3595.0,27.38700000000017,d,0.0,27.38700000000017,4.915692782172372,
2015-01-22,IF,q1,IF1503,2015-03-20,3567.613,3595.0,27.38700000000017,p,0.0,27.38700000000017,4.915692782172372,
2015-01-22,IF,q2,IF1506,2015-06-19,3567.613,3654.6,86.98700000000008,y,28.68950562862572,115.6765056286258,7.996474786265871,0.0
2015-01-22,IF,q2,IF1506,2015-06-19,3567.613,3654.6,86.98700000000008,d,28.671311317770556,115.65831131777064,7.995217051627222,0.0
2015-01-22,IF,q2,IF1506,2015-06-19,3567.613,3654.6,86.98700000000008,p,28.622039577853435,115.60903957785351,7.991810999345632,0.0
2015-01-23,IF,current,IF1502,2015-02-20,3571.732,3597.0,25.26800000000003,y,0.0,25.26800000000003,,
2015-01-23,IF,current,IF1502,2015-02-20,3571.732,3597.0,25.26800000000003,d,0.0,25.26800000000003,,
2015-01-23,IF,current,IF1502,2015-02-20,3571.732,3597.0,25.26800000000003,p,0.0,25.26800000000003,,
2015-01-23,IF,next,IF1503,2015-03-20,3571.732,3632.2,60.46799999999985,y,0.0,60.46799999999985,11.034472511215418,
2015-01-23,IF,next,IF1503,2015-03-20,3571.732,3632.2,60.46799999999985,d,0.0,60.46799999999985,11.034472511215418,
2015-01-23,IF,next,IF1503,2015-03-20,3571.732,3632.2,60.46799999999985,p,0.0,60.46799999999985,11.034472511215418,
2015-01-23,IF,q1,IF1503,2015-03-20,3571.732,3632.2,60.46799999999985,y,0.0,60.46799999999985,11.034472511215418,
2015-01-23,IF,q1,IF1503,2015-03-20,3571.732,3632.2,60.46799999999985,d,0.0,60.46799999999985,11.034472511215418,
2015-01-23,IF,q1,IF1503,2015-03-20,3571.732,3632.2,60.46799999999985,p,0.0,60.46799999999985,11.034472511215418,
2015-01-23,IF,q2,IF1506,2015-06-19,3571.732,3691.6,119.86799999999994,y,28.722629197153,148.59062919715294,10.329708989250145,0.0
2015-01-23,IF,q2,IF1506,2015-06-19,3571.732,3691.6,119.86799999999994,d,28.70441387999294,148.5724138799929,10.328442698593546,0.0
2015-01-23,IF,q2,IF1506,2015-06-19,3571.732,3691.6,119.86799999999994,p,28.6550852532171,148.52308525321703,10.325013475888273,0.0
2015-01-26,IF,current,IF1502,2015-02-20,3607.985,3626.8,18.815000000000055,y,0.0,18.815000000000055,,
2015-01-26,IF,current,IF1502,2015-02-20,3607.985,3626.8,18.815000000000055,d,0.0,18.815000000000055,,
2015-01-26,IF,current,IF1502,2015-02-20,3607.985,3626.8,18.815000000000055,p,0.0,18.815000000000055,,
2015-01-26,IF,next,IF1503,2015-03-20,3607.985,3658.0,50.01499999999987,y,0.0,50.01499999999987,9.546683939326272,
2015-01-26,IF,next,IF1503,2015-03-20,3607.985,3658.0,50.01499999999987,d,0.0,50.01499999999987,9.546683939326272,
2015-01-26,IF,next,IF1503,2015-03-20,3607.985,3658.0,50.01499999999987,p,0.0,50.01499999999987,9.546683939326272,
2015-01-26,IF,q1,IF1503,2015-03-20,3607.985,3658.0,50.01499999999987,y,0.0,50.01499999999987,9.546683939326272,
2015-01-26,IF,q1,IF1503,2015-03-20,3607.985,3658.0,50.01499999999987,d,0.0,50.01499999999987,9.546683939326272,
2015-01-26,IF,q1,IF1503,2015-03-20,3607.985,3658.0,50.01499999999987,p,0.0,50.01499999999987,9.546683939326272,
2015-01-26,IF,q2,IF1506,2015-06-19,3607.985,3713.0,105.01499999999987,y,29.0141632417802,134.02916324178008,9.41596759672753,0.0
2015-01-26,IF,q2,IF1506,2015-06-19,3607.985,3713.0,105.01499999999987,d,28.995763039557936,134.01076303955782,9.414674925015586,0.0
2015-01-26,IF,q2,IF1506,2015-06-19,3607.985,3713.0,105.01499999999987,p,28.945933728322423,133.9609337283223,9.411174260170618,0.0
2015-01-27,IF,current,IF1502,2015-02-20,3574.931,3574.6,-0.33100000000013097,y,0.0,-0.33100000000013097,,
2015-01-27,IF,current,IF1502,2015-02-20,3574.931,3574.6,-0.33100000000013097,d,0.0,-0.33100000000013097,,
2015-01-27,IF,current,IF1502,2015-02-20,3574.931,3574.6,-0.33100000000013097,p,0.0,-0.33100000000013097,,
2015-01-27,IF,next,IF1503,2015-03-20,3574.931,3605.0,30.06899999999996,y,0.0,30.06899999999996,5.9039251386949765,
2015-01-27,IF,next,IF1503,2015-03-20,3574.931,3605.0,30.06899999999996,d,0.0,30.06899999999996,5.9039251386949765,
2015-01-27,IF,next,IF1503,2015-03-20,3574.931,3605.0,30.06899999999996,p,0.0,30.06899999999996,5.9039251386949765,
2015-01-27,IF,q1,IF1503,2015-03-20,3574.931,3605.0,30.06899999999996,y,0.0,30.06899999999996,5.9039251386949765,
2015-01-27,IF,q1,IF1503,2015-03-20,3574.931,3605.0,30.06899999999996,d,0.0,30.06899999999996,5.9039251386949765,
2015-01-27,IF,q1,IF1503,2015-03-20,3574.931,3605.0,30.06899999999996,p,0.0,30.06899999999996,5.9039251386949765,
2015-01-27,IF,q2,IF1506,2015-06-19,3574.931,3660.0,85.06899999999996,y,28.74835444496042,113.81735444496039,8.126389789875518,0.0
2015-01-27,IF,q2,IF1506,2015-06-19,3574.931,3660.0,85.06899999999996,d,28.730122813362552,113.79912281336252,8.125088078501253,0.0
2015-01-27,IF,q2,IF1506,2015-06-19,3574.931,3660.0,85.06899999999996,p,28.68075000570274,113.74975000570271,8.121562933482544,0.0
2015-01-28,IF,current,IF1502,2015-02-20,3525.323,3523.6,-1.7229999999999563,y,0.0,-1.7229999999999563,,
2015-01-28,IF,current,IF1502,2015-02-20,3525.323,3523.6,-1.7229999999999563,d,0.0,-1.7229999999999563,,
2015-01-28,IF,current,IF1502,2015-02-20,3525.323,3523.6,-1.7229999999999563,p,0.0,-1.7229999999999563,,
2015-01-28,IF,next,IF1503,2015-03-20,3525.323,3556.2,30.876999999999953,y,0.0,30.876999999999953,6.2684313176520785,
2015-01-28,IF,next,IF1503,2015-03-20,3525.323,3556.2,30.876999999999953,d,0.0,30.876999999999953,6.2684313176520785,
2015-01-28,IF,next,IF1503,2015-03-20,3525.323,3556.2,30.876999999999953,p,0.0,30.876999999999953,6.2684313176520785,
2015-01-28,IF,q1,IF1503,2015-03-20,3525.323,3556.2,30.876999999999953,y,0.0,30.876999999999953,6.2684313176520785,
2015-01-28,IF,q1,IF1503,2015-03-20,3525.323,3556.2,30.876999999999953,d,0.0,30.876999999999953,6.2684313176520785,
2015-01-28,IF,q1,IF1503,2015-03-20,3525.323,3556.2,30.876999999999953,p,0.0,30.876999999999953,6.2684313176520785,
2015-01-28,IF,q2,IF1506,2015-06-19,3525.323,3605.4,80.07700000000023,y,28.34942412510093,108.42642412510116,7.905707476549942,0.0
2015-01-28,IF,q2,IF1506,2015-06-19,3525.323,3605.4,80.07700000000023,d,28.331445487135753,108.40844548713598,7.904396598194167,0.0
2015-01-28,IF,q2,IF1506,2015-06-19,3525.323,3605.4,80.07700000000023,p,28.28275780773223,108.35975780773245,7.900846628210538,0.0
2015-01-29,IF,current,IF1502,2015-02-20,3481.798,3493.6,11.802000000000135,y,0.0,11.802000000000135,,
2015-01-29,IF,current,IF1502,2015-02-20,3481.798,3493.6,11.802000000000135,d,0.0,11.802000000000135,,
2015-01-29,IF,current,IF1502,2015-02-20,3481.798,3493.6,11.802000000000135,p,0.0,11.802000000000135,,
2015-01-29,IF,next,IF1503,2015-03-20,3481.798,3519.0,37.202000000000226,y,0.0,37.202000000000226,7.799837899843751,
2015-01-29,IF,next,IF1503,2015-03-20,3481.798,3519.0,37.202000000000226,d,0.0,37.202000000000226,7.799837899843751,
2015-01-29,IF,next,IF1503,2015-03-20,3481.798,3519.0,37.202000000000226,p,0.0,37.202000000000226,7.799837899843751,
2015-01-29,IF,q1,IF1503,2015-03-20,3481.798,3519.0,37.202000000000226,y,0.0,37.202000000000226,7.799837899843751,
2015-01-29,IF,q1,IF1503,2015-03-20,3481.798,3519.0,37.202000000000226,d,0.0,37.202000000000226,7.799837899843751,
2015-01-29,IF,q1,IF1503,2015-03-20,3481.798,3519.0,37.202000000000226,p,0.0,37.202000000000226,7.799837899843751,
2015-01-29,IF,q2,IF1506,2015-06-19,3481.798,3561.6,79.80200000000013,y,27.99941118017503,107.80141118017517,8.014835744167694,0.0
2015-01-29,IF,q2,IF1506,2015-06-19,3481.798,3561.6,79.80200000000013,d,27.981654513421404,107.78365451342154,8.013515568802305,0.0
2015-01-29,IF,q2,IF1506,2015-06-19,3481.798,3561.6,79.80200000000013,p,27.93356795092151,107.73556795092165,8.009940421726593,0.0
2015-01-30,IF,current,IF1502,2015-02-20,3434.39,3429.2,-5.190000000000055,y,0.0,-5.190000000000055,,
2015-01-30,IF,current,IF1502,2015-02-20,3434.39,3429.2,-5.190000000000055,d,0.0,-5.190000000000055,,
2015-01-30,IF,current,IF1502,2015-02-20,3434.39,3429.2,-5.190000000000055,p,0.0,-5.190000000000055,,
2015-01-30,IF,next,IF1503,2015-03-20,3434.39,3452.0,17.610000000000127,y,0.0,17.610000000000127,3.819500132840063,
2015-01-30,IF,next,IF1503,2015-03-20,3434.39,3452.0,17.610000000000127,d,0.0,17.610000000000127,3.819500132840063,
2015-01-30,IF,next,IF1503,2015-03-20,3434.39,3452.0,17.610000000000127,p,0.0,17.610000000000127,3.819500132840063,
2015-01-30,IF,q1,IF1503,2015-03-20,3434.39,3452.0,17.610000000000127,y,0.0,17.610000000000127,3.819500132840063,
2015-01-30,IF,q1,IF1503,2015-03-20,3434.39,3452.0,17.610000000000127,d,0.0,17.610000000000127,3.819500132840063,
2015-01-30,IF,q1,IF1503,2015-03-20,3434.39,3452.0,17.610000000000127,p,0.0,17.610000000000127,3.819500132840063,
2015-01-30,IF,q2,IF1506,2015-06-19,3434.39,3492.6,58.210000000000036,y,27.61817249681955,85.82817249681959,6.515460005028789,0.0
2015-01-30,IF,q2,IF1506,2015-06-19,3434.39,3492.6,58.210000000000036,d,27.600657604016472,85.81065760401651,6.514130399839363,0.0
2015-01-30,IF,q2,IF1506,2015-06-19,3434.39,3492.6,58.210000000000036,p,27.553225785920183,85.76322578592021,6.510529715998824,0.0
2015-02-02,IF,current,IF1502,2015-02-20,3353.96,3397.0,43.039999999999964,y,0.0,43.039999999999964,,
2015-02-02,IF,current,IF1502,2015-02-20,3353.96,3397.0,43.039999999999964,d,0.0,43.039999999999964,,
2015-02-02,IF,current,IF1502,2015-02-20,3353.96,3397.0,43.039999999999964,p,0.0,43.039999999999964,,
2015-02-02,IF,next,IF1503,2015-03-20,3353.96,3412.8,58.840000000000146,y,0.0,58.840000000000146,13.920339201888316,
2015-02-02,IF,next,IF1503,2015-03-20,3353.96,3412.8,58.840000000000146,d,0.0,58.840000000000146,13.920339201888316,
2015-02-02,IF,next,IF1503,2015-03-20,3353.96,3412.8,58.840000000000146,p,0.0,58.840000000000146,13.920339201888316,
2015-02-02,IF,q1,IF1503,2015-03-20,3353.96,3412.8,58.840000000000146,y,0.0,58.840000000000146,13.920339201888316,
2015-02-02,IF,q1,IF1503,2015-03-20,3353.96,3412.8,58.840000000000146,d,0.0,58.840000000000146,13.920339201888316,
2015-02-02,IF,q1,IF1503,2015-03-20,3353.96,3412.8,58.840000000000146,p,0.0,58.840000000000146,13.920339201888316,
2015-02-02,IF,q2,IF1506,2015-06-19,3353.96,3449.0,95.03999999999996,y,25.704677672867927,120.7446776728679,9.591409094232214,0.0
2015-02-02,IF,q2,IF1506,2015-06-19,3353.96,3449.0,95.03999999999996,d,25.688497294218276,120.72849729421824,9.590123798400388,0.0
2015-02-02,IF,q2,IF1506,2015-06-19,3353.96,3449.0,95.03999999999996,p,25.65002633947953,120.69002633947949,9.58706784038835,0.0
2015-02-03,IF,current,IF1502,2015-02-20,3437.445,3455.4,17.954999999999927,y,0.0,17.954999999999927,,
2015-02-03,IF,current,IF1502,2015-02-20,3437.445,3455.4,17.954999999999927,d,0.0,17.954999999999927,,
2015-02-03,IF,current,IF1502,2015-02-20,3437.445,3455.4,17.954999999999927,p,0.0,17.954999999999927,,
2015-02-03,IF,next,IF1503,2015-03-20,3437.445,3482.0,44.554999999999836,y,0.0,44.554999999999836,10.513348011547945,
2015-02-03,IF,next,IF1503,2015-03-20,3437.445,3482.0,44.554999999999836,d,0.0,44.554999999999836,10.513348011547945,
2015-02-03,IF,next,IF1503,2015-03-20,3437.445,3482.0,44.554999999999836,p,0.0,44.554999999999836,10.513348011547945,
2015-02-03,IF,q1,IF1503,2015-03-20,3437.445,3482.0,44.554999999999836,y,0.0,44.554999999999836,10.513348011547945,
2015-02-03,IF,q1,IF1503,2015-03-20,3437.445,3482.0,44.554999999999836,d,0.0,44.554999999999836,10.513348011547945,
2015-02-03,IF,q1,IF1503,2015-03-20,3437.445,3482.0,44.554999999999836,p,0.0,44.554999999999836,10.513348011547945,
2015-02-03,IF,q2,IF1506,2015-06-19,3437.445,3529.2,91.75499999999965,y,26.3445049264784,118.09950492647806,9.220750590440355,0.0
2015-02-03,IF,q2,IF1506,2015-06-19,3437.445,3529.2,91.75499999999965,d,26.327921794393536,118.08292179439319,9.219455843903877,0.0
2015-02-03,IF,q2,IF1506,2015-06-19,3437.445,3529.2,91.75499999999965,p,26.288493240978493,118.04349324097815,9.216377415612344,0.0
2015-02-04,IF,current,IF1502,2015-02-20,3401.768,3392.0,-9.768000000000029,y,0.0,-9.768000000000029,,
2015-02-04,IF,current,IF1502,2015-02-20,3401.768,3392.0,-9.768000000000029,d,0.0,-9.768000000000029,,
2015-02-04,IF,current,IF1502,2015-02-20,3401.768,3392.0,-9.768000000000029,p,0.0,-9.768000000000029,,
2015-02-04,IF,next,IF1503,2015-03-20,3401.768,3417.8,16.032000000000153,y,0.0,16.032000000000153,3.9095178528555894,
2015-02-04,IF,next,IF1503,2015-03-20,3401.768,3417.8,16.032000000000153,d,0.0,16.032000000000153,3.9095178528555894,
2015-02-04,IF,next,IF1503,2015-03-20,3401.768,3417.8,16.032000000000153,p,0.0,16.032000000000153,3.9095178528555894,
2015-02-04,IF,q1,IF1503,2015-03-20,3401.768,3417.8,16.032000000000153,y,0.0,16.032000000000153,3.9095178528555894,
2015-02-04,IF,q1,IF1503,2015-03-20,3401.768,3417.8,16.032000000000153,d,0.0,16.032000000000153,3.9095178528555894,
2015-02-04,IF,q1,IF1503,2015-03-20,3401.768,3417.8,16.032000000000153,p,0.0,16.032000000000153,3.9095178528555894,
2015-02-04,IF,q2,IF1506,2015-06-19,3401.768,3465.0,63.23199999999997,y,26.071077161885228,89.3030771618852,7.097752124034522,0.0
2015-02-04,IF,q2,IF1506,2015-06-19,3401.768,3465.0,63.23199999999997,d,26.054666144962468,89.28666614496244,7.096447786782963,0.0
2015-02-04,IF,q2,IF1506,2015-06-19,3401.768,3465.0,63.23199999999997,p,26.01564681773146,89.24764681773144,7.093346555318898,0.0
2015-02-05,IF,current,IF1502,2015-02-20,3366.946,3355.2,-11.746000000000095,y,0.0,-11.746000000000095,,
2015-02-05,IF,current,IF1502,2015-02-20,3366.946,3355.2,-11.746000000000095,d,0.0,-11.746000000000095,,
2015-02-05,IF,current,IF1502,2015-02-20,3366.946,3355.2,-11.746000000000095,p,0.0,-11.746000000000095,,
2015-02-05,IF,next,IF1503,2015-03-20,3366.946,3382.0,15.054000000000087,y,0.0,15.054000000000087,3.7952480820414953,
2015-02-05,IF,next,IF1503,2015-03-20,3366.946,3382.0,15.054000000000087,d,0.0,15.054000000000087,3.7952480820414953,
2015-02-05,IF,next,IF1503,2015-03-20,3366.946,3382.0,15.054000000000087,p,0.0,15.054000000000087,3.7952480820414953,
2015-02-05,IF,q1,IF1503,2015-03-20,3366.946,3382.0,15.054000000000087,y,0.0,15.054000000000087,3.7952480820414953,
2015-02-05,IF,q1,IF1503,2015-03-20,3366.946,3382.0,15.054000000000087,d,0.0,15.054000000000087,3.7952480820414953,
2015-02-05,IF,q1,IF1503,2015-03-20,3366.946,3382.0,15.054000000000087,p,0.0,15.054000000000087,3.7952480820414953,
2015-02-05,IF,q2,IF1506,2015-06-19,3366.946,3426.4,59.45400000000018,y,25.804202098996996,85.25820209899717,6.8974424429092585,0.0
2015-02-05,IF,q2,IF1506,2015-06-19,3366.946,3426.4,59.45400000000018,d,25.787959072493127,85.2419590724933,6.896128371797615,0.0
2015-02-05,IF,q2,IF1506,2015-06-19,3366.946,3426.4,59.45400000000018,p,25.749339164332685,85.20333916433286,6.893003996815161,0.0
2015-02-06,IF,current,IF1502,2015-02-20,3312.42,3344.6,32.179999999999836,y,0.0,32.179999999999836,,
2015-02-06,IF,current,IF1502,2015-02-20,3312.42,3344.6,32.179999999999836,d,0.0,32.179999999999836,,
2015-02-06,IF,current,IF1502,2015-02-20,3312.42,3344.6,32.179999999999836,p,0.0,32.179999999999836,,
2015-02-06,IF,next,IF1503,2015-03-20,3312.42,3370.8,58.38000000000011,y,0.0,58.38000000000011,15.316596325345245,
2015-02-06,IF,next,IF1503,2015-03-20,3312.42,3370.8,58.38000000000011,d,0.0,58.38000000000011,15.316596325345245,
2015-02-06,IF,next,IF1503,2015-03-20,3312.42,3370.8,58.38000000000011,p,0.0,58.38000000000011,15.316596325345245,
2015-02-06,IF,q1,IF1503,2015-03-20,3312.42,3370.8,58.38000000000011,y,0.0,58.38000000000011,15.316596325345245,
2015-02-06,IF,q1,IF1503,2015-03-20,3312.42,3370.8,58.38000000000011,d,0.0,58.38000000000011,15.316596325345245,
2015-02-06,IF,q1,IF1503,2015-03-20,3312.42,3370.8,58.38000000000011,p,0.0,58.38000000000011,15.316596325345245,
2015-02-06,IF,q2,IF1506,2015-06-19,3312.42,3424.4,111.98000000000002,y,25.38631600172965,137.36631600172967,11.380886086970857,0.0
2015-02-06,IF,q2,IF1506,2015-06-19,3312.42,3424.4,111.98000000000002,d,25.370336022884743,137.35033602288476,11.379562135625289,0.0
2015-02-06,IF,q2,IF1506,2015-06-19,3312.42,3424.4,111.98000000000002,p,25.332341544746747,137.31234154474677,11.376414269101614,0.0
2015-02-09,IF,current,IF1502,2015-02-20,3345.921,3376.2,30.278999999999996,y,0.0,30.278999999999996,,
2015-02-09,IF,current,IF1502,2015-02-20,3345.921,3376.2,30.278999999999996,d,0.0,30.278999999999996,,
2015-02-09,IF,current,IF1502,2015-02-20,3345.921,3376.2,30.278999999999996,p,0.0,30.278999999999996,,
2015-02-09,IF,next,IF1503,2015-03-20,3345.921,3408.8,62.87900000000036,y,0.0,62.87900000000036,17.588070630416922,
2015-02-09,IF,next,IF1503,2015-03-20,3345.921,3408.8,62.87900000000036,d,0.0,62.87900000000036,17.588070630416922,
2015-02-09,IF,next,IF1503,2015-03-20,3345.921,3408.8,62.87900000000036,p,0.0,62.87900000000036,17.588070630416922,
2015-02-09,IF,q1,IF1503,2015-03-20,3345.921,3408.8,62.87900000000036,y,0.0,62.87900000000036,17.588070630416922,
2015-02-09,IF,q1,IF1503,2015-03-20,3345.921,3408.8,62.87900000000036,d,0.0,62.87900000000036,17.588070630416922,
2015-02-09,IF,q1,IF1503,2015-03-20,3345.921,3408.8,62.87900000000036,p,0.0,62.87900000000036,17.588070630416922,
2015-02-09,IF,q2,IF1506,2015-06-19,3345.921,3464.4,118.47900000000027,y,25.64306694888428,144.12206694888454,12.093842584481191,0.0
2015-02-09,IF,q2,IF1506,2015-06-19,3345.921,3464.4,118.47900000000027,d,25.626925352469353,144.10592535246963,12.092488080412267,0.0
2015-02-09,IF,q2,IF1506,2015-06-19,3345.921,3464.4,118.47900000000027,p,25.588546607537864,144.06754660753813,12.089267570814968,0.0
2015-02-10,IF,current,IF1502,2015-02-20,3406.943,3437.4,30.45699999999988,y,0.0,30.45699999999988,,
2015-02-10,IF,current,IF1502,2015-02-20,3406.943,3437.4,30.45699999999988,d,0.0,30.45699999999988,,
2015-02-10,IF,current,IF1502,2015-02-20,3406.943,3437.4,30.45699999999988,p,0.0,30.45699999999988,,
2015-02-10,IF,next,IF1503,2015-03-20,3406.943,3474.2,67.2569999999996,y,0.0,67.2569999999996,18.961901746243555,
2015-02-10,IF,next,IF1503,2015-03-20,3406.943,3474.2,67.2569999999996,d,0.0,67.2569999999996,18.961901746243555,
2015-02-10,IF,next,IF1503,2015-03-20,3406.943,3474.2,67.2569999999996,p,0.0,67.2569999999996,18.961901746243555,
2015-02-10,IF,q1,IF1503,2015-03-20,3406.943,3474.2,67.2569999999996,y,0.0,67.2569999999996,18.961901746243555,
2015-02-10,IF,q1,IF1503,2015-03-20,3406.943,3474.2,67.2569999999996,d,0.0,67.2569999999996,18.961901746243555,
2015-02-10,IF,q1,IF1503,2015-03-20,3406.943,3474.2,67.2569999999996,p,0.0,67.2569999999996,18.961901746243555,
2015-02-10,IF,q2,IF1506,2015-06-19,3406.943,3529.6,122.6569999999997,y,26.110738251151975,148.76773825115168,12.35512224804137,0.0
2015-02-10,IF,q2,IF1506,2015-06-19,3406.943,3529.6,122.6569999999997,d,26.09430226867819,148.75130226867788,12.3537572439409,0.0
2015-02-10,IF,q2,IF1506,2015-06-19,3406.943,3529.6,122.6569999999997,p,26.055223582602483,148.71222358260218,12.350511769152925,0.0
2015-02-11,IF,current,IF1502,2015-02-20,3434.124,3447.0,12.876000000000204,y,0.0,12.876000000000204,,
2015-02-11,IF,current,IF1502,2015-02-20,3434.124,3447.0,12.876000000000204,d,0.0,12.876000000000204,,
2015-02-11,IF,current,IF1502,2015-02-20,3434.124,3447.0,12.876000000000204,p,0.0,12.876000000000204,,
2015-02-11,IF,next,IF1503,2015-03-20,3434.124,3486.2,52.07600000000002,y,0.0,52.07600000000002,14.95935215800894,
2015-02-11,IF,next,IF1503,2015-03-20,3434.124,3486.2,52.07600000000002,d,0.0,52.07600000000002,14.95935215800894,
2015-02-11,IF,next,IF1503,2015-03-20,3434.124,3486.2,52.07600000000002,p,0.0,52.07600000000002,14.95935215800894,
2015-02-11,IF,q1,IF1503,2015-03-20,3434.124,3486.2,52.07600000000002,y,0.0,52.07600000000002,14.95935215800894,
2015-02-11,IF,q1,IF1503,2015-03-20,3434.124,3486.2,52.07600000000002,d,0.0,52.07600000000002,14.95935215800894,
2015-02-11,IF,q1,IF1503,2015-03-20,3434.124,3486.2,52.07600000000002,p,0.0,52.07600000000002,14.95935215800894,
2015-02-11,IF,q2,IF1506,2015-06-19,3434.124,3544.8,110.67600000000039,y,26.31905285354026,136.99505285354064,11.375534354690586,0.0
2015-02-11,IF,q2,IF1506,2015-06-19,3434.124,3544.8,110.67600000000039,d,26.302485742826406,136.9784857428268,11.374158686495582,0.0
2015-02-11,IF,q2,IF1506,2015-06-19,3434.124,3544.8,110.67600000000039,p,26.26309528230474,136.93909528230512,11.370887856435825,0.0
2015-02-12,IF,current,IF1502,2015-02-20,3442.874,3455.8,12.926000000000386,y,0.0,12.926000000000386,,
2015-02-12,IF,current,IF1502,2015-02-20,3442.874,3455.8,12.926000000000386,d,0.0,12.926000000000386,,
2015-02-12,IF,current,IF1502,2015-02-20,3442.874,3455.8,12.926000000000386,p,0.0,12.926000000000386,,
2015-02-12,IF,next,IF1503,2015-03-20,3442.874,3490.0,47.126000000000204,y,0.0,47.126000000000204,13.878093644373275,
2015-02-12,IF,next,IF1503,2015-03-20,3442.874,3490.0,47.126000000000204,d,0.0,47.126000000000204,13.878093644373275,
2015-02-12,IF,next,IF1503,2015-03-20,3442.874,3490.0,47.126000000000204,p,0.0,47.126000000000204,13.878093644373275,
2015-02-12,IF,q1,IF1503,2015-03-20,3442.874,3490.0,47.126000000000204,y,0.0,47.126000000000204,13.878093644373275,
2015-02-12,IF,q1,IF1503,2015-03-20,3442.874,3490.0,47.126000000000204,d,0.0,47.126000000000204,13.878093644373275,
2015-02-12,IF,q1,IF1503,2015-03-20,3442.874,3490.0,47.126000000000204,p,0.0,47.126000000000204,13.878093644373275,
2015-02-12,IF,q2,IF1506,2015-06-19,3442.874,3550.6,107.72600000000011,y,26.38611266631012,134.11211266631022,11.195307287015147,0.0
2015-02-12,IF,q2,IF1506,2015-06-19,3442.874,3550.6,107.72600000000011,d,26.369503343311923,134.09550334331203,11.193920786787112,0.0
2015-02-12,IF,q2,IF1506,2015-06-19,3442.874,3550.6,107.72600000000011,p,26.330012517593904,134.056012517594,11.190624202159958,0.0
2015-02-13,IF,current,IF1502,2015-02-20,3469.828,3466.0,-3.8279999999999745,y,0.0,-3.8279999999999745,,
2015-02-13,IF,current,IF1502,2015-02-20,3469.828,3466.0,-3.8279999999999745,d,0.0,-3.8279999999999745,,
2015-02-13,IF,current,IF1502,2015-02-20,3469.828,3466.0,-3.8279999999999745,p,0.0,-3.8279999999999745,,
2015-02-13,IF,next,IF1503,2015-03-20,3469.828,3500.0,30.172000000000025,y,0.0,30.172000000000025,9.068197534369354,
2015-02-13,IF,next,IF1503,2015-03-20,3469.828,3500.0,30.172000000000025,d,0.0,30.172000000000025,9.068197534369354,
2015-02-13,IF,next,IF1503,2015-03-20,3469.828,3500.0,30.172000000000025,p,0.0,30.172000000000025,9.068197534369354,
2015-02-13,IF,q1,IF1503,2015-03-20,3469.828,3500.0,30.172000000000025,y,0.0,30.172000000000025,9.068197534369354,
2015-02-13,IF,q1,IF1503,2015-03-20,3469.828,3500.0,30.172000000000025,d,0.0,30.172000000000025,9.068197534369354,
2015-02-13,IF,q1,IF1503,2015-03-20,3469.828,3500.0,30.172000000000025,p,0.0,30.172000000000025,9.068197534369354,
2015-02-13,IF,q2,IF1506,2015-06-19,3469.828,3558.0,88.17200000000003,y,26.59268754555569,114.76468754555572,9.581260556451129,0.0
2015-02-13,IF,q2,IF1506,2015-06-19,3469.828,3558.0,88.17200000000003,d,26.575948189424686,114.7479481894247,9.57986305225303,0.0
2015-02-13,IF,q2,IF1506,2015-06-19,3469.828,3558.0,88.17200000000003,p,26.536148193020665,114.70814819302069,9.576540304255818,0.0
2015-02-16,IF,current,IF1502,2015-02-20,3499.483,3506.8,7.317000000000007,y,0.0,7.317000000000007,,
2015-02-16,IF,current,IF1502,2015-02-20,3499.483,3506.8,7.317000000000007,d,0.0,7.317000000000007,,
2015-02-16,IF,current,IF1502,2015-02-20,3499.483,3506.8,7.317000000000007,p,0.0,7.317000000000007,,
2015-02-16,IF,next,IF1503,2015-03-20,3499.483,3544.8,45.31700000000001,y,0.0,45.31700000000001,14.770668445881864,
2015-02-16,IF,next,IF1503,2015-03-20,3499.483,3544.8,45.31700000000001,d,0.0,45.31700000000001,14.770668445881864,
2015-02-16,IF,next,IF1503,2015-03-20,3499.483,3544.8,45.31700000000001,p,0.0,45.31700000000001,14.770668445881864,
2015-02-16,IF,q1,IF1503,2015-03-20,3499.483,3544.8,45.31700000000001,y,0.0,45.31700000000001,14.770668445881864,
2015-02-16,IF,q1,IF1503,2015-03-20,3499.483,3544.8,45.31700000000001,d,0.0,45.31700000000001,14.770668445881864,
2015-02-16,IF,q1,IF1503,2015-03-20,3499.483,3544.8,45.31700000000001,p,0.0,45.31700000000001,14.770668445881864,
2015-02-16,IF,q2,IF1506,2015-06-19,3499.483,3608.8,109.31700000000001,y,26.459942368577575,135.77694236857758,11.513566912163977,0.007651566921054412
2015-02-16,IF,q2,IF1506,2015-06-19,3499.483,3608.8,109.31700000000001,d,26.443059948984615,135.76005994898463,11.512135322497635,0.007656452019963314
2015-02-16,IF,q2,IF1506,2015-06-19,3499.483,3608.8,109.31700000000001,p,26.402919800592265,135.71991980059227,11.508731531866342,0.007668092062904071
2015-02-17,IF,current,IF1502,2015-02-20,3522.322,3519.0,-3.3220000000001164,y,0.0,-3.3220000000001164,,
2015-02-17,IF,current,IF1502,2015-02-20,3522.322,3519.0,-3.3220000000001164,d,0.0,-3.3220000000001164,,
2015-02-17,IF,current,IF1502,2015-02-20,3522.322,3519.0,-3.3220000000001164,p,0.0,-3.3220000000001164,,
2015-02-17,IF,next,IF1503,2015-03-20,3522.322,3558.0,35.677999999999884,y,0.0,35.677999999999884,11.926214509046972,
2015-02-17,IF,next,IF1503,2015-03-20,3522.322,3558.0,35.677999999999884,d,0.0,35.677999999999884,11.926214509046972,
2015-02-17,IF,next,IF1503,2015-03-20,3522.322,3558.0,35.677999999999884,p,0.0,35.677999999999884,11.926214509046972,
2015-02-17,IF,q1,IF1503,2015-03-20,3522.322,3558.0,35.677999999999884,y,0.0,35.677999999999884,11.926214509046972,
2015-02-17,IF,q1,IF1503,2015-03-20,3522.322,3558.0,35.677999999999884,d,0.0,35.677999999999884,11.926214509046972,
2015-02-17,IF,q1,IF1503,2015-03-20,3522.322,3558.0,35.677999999999884,p,0.0,35.677999999999884,11.926214509046972,
2015-02-17,IF,q2,IF1506,2015-06-19,3522.322,3614.8,92.47800000000007,y,26.49583998556201,118.97383998556208,10.105445343922801,0.02032573770563435
2015-02-17,IF,q2,IF1506,2015-06-19,3522.322,3614.8,92.47800000000007,d,26.478847384670537,118.9568473846706,10.104002019914928,0.020338781594729634
2015-02-17,IF,q2,IF1506,2015-06-19,3522.322,3614.8,92.47800000000007,p,26.438445265910236,118.9164452659103,10.100570329360432,0.020369862464318045
2015-02-25,IF,current,IF1503,2015-03-20,3478.729,3487.8,9.071000000000367,y,0.0,9.071000000000367,4.138086815240921,
2015-02-25,IF,current,IF1503,2015-03-20,3478.729,3487.8,9.071000000000367,d,0.0,9.071000000000367,4.138086815240921,
2015-02-25,IF,current,IF1503,2015-03-20,3478.729,3487.8,9.071000000000367,p,0.0,9.071000000000367,4.138086815240921,
2015-02-25,IF,next,IF1504,2015-04-17,3478.729,,,y,0.8600349744221104,,,0.38442971968401124
2015-02-25,IF,next,IF1504,2015-04-17,3478.729,,,d,0.8606423924538967,,,0.3841583996261823
2015-02-25,IF,next,IF1504,2015-04-17,3478.729,,,p,0.8875100228160017,,,0.3725287553221045
2015-02-25,IF,q1,IF1506,2015-06-19,3478.729,3536.0,57.271000000000186,y,26.167921881399298,83.43892188139948,7.679555782987249,0.02032573770563435
2015-02-25,IF,q1,IF1506,2015-06-19,3478.729,3536.0,57.271000000000186,d,26.151139584520536,83.42213958452072,7.678011173084087,0.020338781594729634
2015-02-25,IF,q1,IF1506,2015-06-19,3478.729,3536.0,57.271000000000186,p,26.111237490903626,83.3822374909038,7.674338662139799,0.020369862464318045
2015-02-25,IF,q2,IF1509,2015-09-18,3478.729,3555.8,77.07100000000037,y,69.92695044086483,146.9979504408652,7.523669078621194,0.0076062564305968
2015-02-25,IF,q2,IF1509,2015-09-18,3478.729,3555.8,77.07100000000037,d,69.18567299539816,146.25667299539853,7.4857289156569475,0.007687752296609582
2015-02-25,IF,q2,IF1509,2015-09-18,3478.729,3555.8,77.07100000000037,p,69.08290085273042,146.15390085273077,7.480468817882698,0.007699189088725561
2015-02-26,IF,current,IF1503,2015-03-20,3566.295,3612.6,46.304999999999836,y,0.0,46.304999999999836,21.541741371774982,
2015-02-26,IF,current,IF1503,2015-03-20,3566.295,3612.6,46.304999999999836,d,0.0,46.304999999999836,21.541741371774982,
2015-02-26,IF,current,IF1503,2015-03-20,3566.295,3612.6,46.304999999999836,p,0.0,46.304999999999836,21.541741371774982,
2015-02-26,IF,next,IF1504,2015-04-17,3566.295,3644.6,78.30499999999984,y,0.8816836347719815,79.18668363477182,16.209057033527355,0.38442971968401124
2015-02-26,IF,next,IF1504,2015-04-17,3566.295,3644.6,78.30499999999984,d,0.8823063426315674,79.1873063426314,16.209184498231615,0.3841583996261823
2015-02-26,IF,next,IF1504,2015-04-17,3566.295,3644.6,78.30499999999984,p,0.9098502806107038,79.21485028061053,16.214822583338083,0.3725287553221045
2015-02-26,IF,q1,IF1506,2015-06-19,3566.295,3676.8,110.50500000000011,y,26.826616550477176,137.3316165504773,12.438490778201029,0.02032573770563435
2015-02-26,IF,q1,IF1506,2015-06-19,3566.295,3676.8,110.50500000000011,d,26.809411812353783,137.31441181235388,12.436932499183676,0.020338781594729634
2015-02-26,IF,q1,IF1506,2015-06-19,3566.295,3676.8,110.50500000000011,p,26.768505309732994,137.2735053097331,12.433227488142538,0.020369862464318045
2015-02-26,IF,q2,IF1509,2015-09-18,3566.295,3701.2,134.90499999999975,y,71.68714025223122,206.59214025223096,10.364759449241165,0.0076062564305968
2015-02-26,IF,q2,IF1509,2015-09-18,3566.295,3701.2,134.90499999999975,d,70.92720349159809,205.83220349159785,10.326633305085915,0.007687752296609582
2015-02-26,IF,q2,IF1509,2015-09-18,3566.295,3701.2,134.90499999999975,p,70.82184438528792,205.72684438528768,10.321347422518658,0.007699189088725561
2015-02-27,IF,current,IF1503,2015-03-20,3572.843,3587.2,14.356999999999971,y,0.0,14.356999999999971,6.984307268282788,
2015-02-27,IF,current,IF1503,2015-03-20,3572.843,3587.2,14.356999999999971,d,0.0,14.356999999999971,6.984307268282788,
2015-02-27,IF,current,IF1503,2015-03-20,3572.843,3587.2,14.356999999999971,p,0.0,14.356999999999971,6.984307268282788,
2015-02-27,IF,next,IF1504,2015-04-17,3572.843,3615.0,42.15700000000015,y,0.8833024757373213,43.04030247573748,8.973423538852634,0.38442971968401124
2015-02-27,IF,next,IF1504,2015-04-17,3572.843,3615.0,42.15700000000015,d,0.8839263269378436,43.040926326938,8.973553604877392,0.3841583996261823
2015-02-27,IF,next,IF1504,2015-04-17,3572.843,3615.0,42.15700000000015,p,0.9115208377680446,43.0685208377682,8.979306752945217,0.3725287553221045
2015-02-27,IF,q1,IF1506,2015-06-19,3572.843,3646.0,73.15700000000015,y,26.87587234260108,100.03287234260124,9.124385979439067,0.02032573770563435
2015-02-27,IF,q1,IF1506,2015-06-19,3572.843,3646.0,73.15700000000015,d,26.85863601521622,100.01563601521637,9.122813787216204,0.020338781594729634
2015-02-27,IF,q1,IF1506,2015-06-19,3572.843,3646.0,73.15700000000015,p,26.817654405017635,99.97465440501779,9.11907569571934,0.020369862464318045
2015-02-27,IF,q2,IF1509,2015-09-18,3572.843,3673.6,100.75700000000006,y,71.81876351793738,172.57576351793745,8.68485750890075,0.0076062564305968
2015-02-27,IF,q2,IF1509,2015-09-18,3572.843,3673.6,100.75700000000006,d,71.05743145323979,171.81443145323985,8.646543551227495,0.007687752296609582
2015-02-27,IF,q2,IF1509,2015-09-18,3572.843,3673.6,100.75700000000006,p,70.95187889926808,171.70887889926814,8.641231629829855,0.007699189088725561
2015-03-02,IF,current,IF1503,2015-03-20,3601.265,3606.2,4.934999999999945,y,0.0,4.934999999999945,2.778768941839388,
2015-03-02,IF,current,IF1503,2015-03-20,3601.265,3606.2,4.934999999999945,d,0.0,4.934999999999945,2.778768941839388,
2015-03-02,IF,current,IF1503,2015-03-20,3601.265,3606.2,4.934999999999945,p,0.0,4.934999999999945,2.778768941839388,
2015-03-02,IF,next,IF1504,2015-04-17,3601.265,3630.0,28.735000000000127,y,1.039749304369999,29.774749304370125,6.5603659535910035,0.3434965009703555
2015-03-02,IF,next,IF1504,2015-04-17,3601.265,3630.0,28.735000000000127,d,1.0404924481205189,29.775492448120644,6.560529692835612,0.3432511678317223
2015-03-02,IF,next,IF1504,2015-04-17,3601.265,3630.0,28.735000000000127,p,1.0733635690784586,29.808363569078587,6.567772292280679,0.3327393049533895
2015-03-02,IF,q1,IF1506,2015-06-19,3601.265,3666.8,65.53500000000031,y,26.609421657143233,92.14442165714354,8.56801730229361,0.0215491628470941
2015-03-02,IF,q1,IF1506,2015-06-19,3601.265,3666.8,65.53500000000031,d,26.592162544418088,92.1271625444184,8.566412469642955,0.02156314890144712
2015-03-02,IF,q1,IF1506,2015-06-19,3601.265,3666.8,65.53500000000031,p,26.555912020653114,92.09091202065342,8.563041727179659,0.021592583983213152
2015-03-02,IF,q2,IF1509,2015-09-18,3601.265,3693.8,92.53500000000031,y,70.58665379849693,163.12165379849722,8.266456875077436,0.008123501111041225
2015-03-02,IF,q2,IF1509,2015-09-18,3601.265,3693.8,92.53500000000031,d,69.84782652218175,162.38282652218206,8.229015593214669,0.008209428827032614
2015-03-02,IF,q2,IF1509,2015-09-18,3601.265,3693.8,92.53500000000031,p,69.75772391670057,162.29272391670088,8.224449496162574,0.008220032540647342
2015-03-03,IF,current,IF1503,2015-03-20,3507.9,3539.6,31.699999999999818,y,0.0,31.699999999999818,19.402424443650602,
2015-03-03,IF,current,IF1503,2015-03-20,3507.9,3539.6,31.699999999999818,d,0.0,31.699999999999818,19.402424443650602,
2015-03-03,IF,current,IF1503,2015-03-20,3507.9,3539.6,31.699999999999818,p,0.0,31.699999999999818,19.402424443650602,
2015-03-03,IF,next,IF1504,2015-04-17,3507.9,3562.0,54.09999999999991,y,0.8365290872279217,54.93652908722783,12.70265091608348,0.6763338003452268
2015-03-03,IF,next,IF1504,2015-04-17,3507.9,3562.0,54.09999999999991,d,0.8372529645217195,54.937252964521626,12.70281829397797,0.675749051527553
2015-03-03,IF,next,IF1504,2015-04-17,3507.9,3562.0,54.09999999999991,p,0.8692718815434765,54.969271881543385,12.71022184007737,0.6508583892758609
2015-03-03,IF,q1,IF1506,2015-06-19,3507.9,3590.8,82.90000000000009,y,25.743292029220036,108.64329202922013,10.46706259592511,0.030160350984133225
2015-03-03,IF,q1,IF1506,2015-06-19,3507.9,3590.8,82.90000000000009,d,25.72648036955918,108.62648036955927,10.465442903712871,0.03018006007564957
2015-03-03,IF,q1,IF1506,2015-06-19,3507.9,3590.8,82.90000000000009,p,25.691169662817202,108.5911696628173,10.462040950671213,0.030221540446717647
2015-03-03,IF,q2,IF1509,2015-09-18,3507.9,3612.0,104.09999999999991,y,68.5803875022426,172.68038750224252,9.028915700587163,0.011321410557251896
2015-03-03,IF,q2,IF1509,2015-09-18,3507.9,3612.0,104.09999999999991,d,67.86071477541299,171.9607147754129,8.991286271579355,0.011441475758956007
2015-03-03,IF,q2,IF1509,2015-09-18,3507.9,3612.0,104.09999999999991,p,67.77294813514425,171.87294813514416,8.986697229315944,0.01145629258358458
2015-03-04,IF,current,IF1503,2015-03-20,3530.822,3533.2,2.3779999999997017,y,0.0,2.3779999999997017,1.5364163075905042,
2015-03-04,IF,current,IF1503,2015-03-20,3530.822,3533.2,2.3779999999997017,d,0.0,2.3779999999997017,1.5364163075905042,
2015-03-04,IF,current,IF1503,2015-03-20,3530.822,3533.2,2.3779999999997017,p,0.0,2.3779999999997017,1.5364163075905042,
2015-03-04,IF,next,IF1504,2015-04-17,3530.822,3550.2,19.3779999999997,y,0.8419952977063956,20.2199952977061,4.750566635798281,0.6763338003452268
2015-03-04,IF,next,IF1504,2015-04-17,3530.822,3550.2,19.3779999999997,d,0.8427239050994917,20.22072390509919,4.750737817735827,0.675749051527553
2015-03-04,IF,next,IF1504,2015-04-17,3530.822,3550.2,19.3779999999997,p,0.8749520463340177,20.252952046333718,4.758309626246579,0.6508583892758609
2015-03-04,IF,q1,IF1506,2015-06-19,3530.822,3580.0,49.177999999999884,y,25.911508836966487,75.08950883696637,7.254584212357254,0.030160350984133225
2015-03-04,IF,q1,IF1506,2015-06-19,3530.822,3580.0,49.177999999999884,d,25.89458732330103,75.07258732330092,7.252949382834624,0.03018006007564957
2015-03-04,IF,q1,IF1506,2015-06-19,3530.822,3580.0,49.177999999999884,p,25.859045882495955,75.03704588249585,7.2495156358393045,0.030221540446717647
2015-03-04,IF,q2,IF1509,2015-09-18,3530.822,3599.2,68.3779999999997,y,68.88545897807938,137.2634589780791,7.166494781633912,0.014058057367600582
2015-03-04,IF,q2,IF1509,2015-09-18,3530.822,3599.2,68.3779999999997,d,68.16108362624782,136.53908362624753,7.128675305004855,0.014207458018381943
2015-03-04,IF,q2,IF1509,2015-09-18,3530.822,3599.2,68.3779999999997,p,68.0727434841893,136.450743484189,7.124063085760311,0.014225895483884204
2015-03-05,IF,current,IF1503,2015-03-20,3496.344,3506.6,10.255999999999858,y,0.0,10.255999999999858,7.137817865366316,
2015-03-05,IF,current,IF1503,2015-03-20,3496.344,3506.6,10.255999999999858,d,0.0,10.255999999999858,7.137817865366316,
2015-03-05,IF,current,IF1503,2015-03-20,3496.344,3506.6,10.255999999999858,p,0.0,10.255999999999858,7.137817865366316,
2015-03-05,IF,next,IF1504,2015-04-17,3496.344,3524.4,28.05600000000004,y,0.8337733273339665,28.889773327334005,7.013816308850318,0.6763338003452268
2015-03-05,IF,next,IF1504,2015-04-17,3496.344,3524.4,28.05600000000004,d,0.8344948199742658,28.890494819974307,7.013991471763157,0.675749051527553
2015-03-05,IF,next,IF1504,2015-04-17,3496.344,3524.4,28.05600000000004,p,0.8664082577619785,28.92240825776202,7.021739368843926,0.6508583892758609
2015-03-05,IF,q1,IF1506,2015-06-19,3496.344,3555.0,58.65599999999995,y,25.658486452467656,84.3144864524676,8.30376486073892,0.030160350984133225
2015-03-05,IF,q1,IF1506,2015-06-19,3496.344,3555.0,58.65599999999995,d,25.64173017509793,84.29773017509788,8.302114608296264,0.03018006007564957
2015-03-05,IF,q1,IF1506,2015-06-19,3496.344,3555.0,58.65599999999995,p,25.60653579166252,84.26253579166247,8.298648467461366,0.030221540446717647
2015-03-05,IF,q2,IF1509,2015-09-18,3496.344,3574.8,78.45600000000013,y,68.21280177399312,146.66880177399327,7.772312012438139,0.014058057367600582
2015-03-05,IF,q2,IF1509,2015-09-18,3496.344,3574.8,78.45600000000013,d,67.49549984964685,145.95149984964698,7.734300558770355,0.014207458018381943
2015-03-05,IF,q2,IF1509,2015-09-18,3496.344,3574.8,78.45600000000013,p,67.4080223371454,145.8640223371455,7.7296649272453815,0.014225895483884204
2015-03-06,IF,current,IF1503,2015-03-20,3478.52,3490.2,11.679999999999836,y,0.0,11.679999999999836,8.754133531337507,
2015-03-06,IF,current,IF1503,2015-03-20,3478.52,3490.2,11.679999999999836,d,0.0,11.679999999999836,8.754133531337507,
2015-03-06,IF,current,IF1503,2015-03-20,3478.52,3490.2,11.679999999999836,p,0.0,11.679999999999836,8.754133531337507,
2015-03-06,IF,next,IF1504,2015-04-17,3478.52,3507.6,29.079999999999927,y,0.8295228371686965,29.909522837168623,7.472373195638313,0.6763338003452268
2015-03-06,IF,next,IF1504,2015-04-17,3478.52,3507.6,29.079999999999927,d,0.8302406517141571,29.910240651714084,7.472552529096693,0.675749051527553
2015-03-06,IF,next,IF1504,2015-04-17,3478.52,3507.6,29.079999999999927,p,0.861991398097612,29.94199139809754,7.480484899917482,0.6508583892758609
2015-03-06,IF,q1,IF1506,2015-06-19,3478.52,3535.6,57.07999999999993,y,25.527682143015046,82.60768214301497,8.255236075276805,0.030160350984133225
2015-03-06,IF,q1,IF1506,2015-06-19,3478.52,3535.6,57.07999999999993,d,25.511011287413837,82.59101128741376,8.253570106144217,0.03018006007564957
2015-03-06,IF,q1,IF1506,2015-06-19,3478.52,3535.6,57.07999999999993,p,25.47599632130417,82.5559963213041,8.250070954444226,0.030221540446717647
2015-03-06,IF,q2,IF1509,2015-09-18,3478.52,3546.2,67.67999999999984,y,67.86505996746045,135.5450599674603,7.256479662844387,0.014058057367600582
2015-03-06,IF,q2,IF1509,2015-09-18,3478.52,3546.2,67.67999999999984,d,67.15141477411649,134.83141477411633,7.2182742731885,0.014207458018381943
2015-03-06,IF,q2,IF1509,2015-09-18,3478.52,3546.2,67.67999999999984,p,67.06438321292384,134.74438321292368,7.21361499048228,0.014225895483884204
2015-03-09,IF,current,IF1503,2015-03-20,3537.75,3564.4,26.65000000000009,y,0.0,26.65000000000009,24.995984864545477,
2015-03-09,IF,current,IF1503,2015-03-20,3537.75,3564.4,26.65000000000009,d,0.0,26.65000000000009,24.995984864545477,
2015-03-09,IF,current,IF1503,2015-03-20,3537.75,3564.4,26.65000000000009,p,0.0,26.65000000000009,24.995984864545477,
2015-03-09,IF,next,IF1504,2015-04-17,3537.75,3586.6,48.84999999999991,y,0.8436474182104906,49.693647418210396,13.1462531832646,0.6763338003452268
2015-03-09,IF,next,IF1504,2015-04-17,3537.75,3586.6,48.84999999999991,d,0.8443774552400904,49.69437745524,13.146446311604398,0.675749051527553
2015-03-09,IF,next,IF1504,2015-04-17,3537.75,3586.6,48.84999999999991,p,0.8766688329001493,49.72666883290006,13.154988864796016,0.6508583892758609
2015-03-09,IF,q1,IF1506,2015-06-19,3537.75,3619.0,81.25,y,25.87248229867974,107.12248229867974,10.835430750135611,0.04700580217463031
2015-03-09,IF,q1,IF1506,2015-06-19,3537.75,3619.0,81.25,d,25.855527582477684,107.10552758247769,10.833715781910891,0.04703662614575905
2015-03-09,IF,q1,IF1506,2015-06-19,3537.75,3619.0,81.25,p,25.819916404058567,107.06991640405857,10.830113713984428,0.04710149969762101
2015-03-09,IF,q2,IF1509,2015-09-18,3537.75,3634.0,96.25,y,68.93075374700597,165.18075374700595,8.830145491123265,0.0203598388006761
2015-03-09,IF,q2,IF1509,2015-09-18,3537.75,3634.0,96.25,d,68.20495706256757,164.4549570625676,8.791346235306927,0.02057649612491831
2015-03-09,IF,q2,IF1509,2015-09-18,3537.75,3634.0,96.25,p,68.11644358395908,164.3664435839591,8.786614528517191,0.02060323412170386
2015-03-10,IF,current,IF1503,2015-03-20,3520.611,3527.8,7.189000000000306,y,0.0,7.189000000000306,7.453209116258829,
2015-03-10,IF,current,IF1503,2015-03-20,3520.611,3527.8,7.189000000000306,d,0.0,7.189000000000306,7.453209116258829,
2015-03-10,IF,current,IF1503,2015-03-20,3520.611,3527.8,7.189000000000306,p,0.0,7.189000000000306,7.453209116258829,
2015-03-10,IF,next,IF1504,2015-04-17,3520.611,3545.2,24.588999999999942,y,0.854790931371898,25.44379093137184,6.941815146015341,0.7049317044414702
2015-03-10,IF,next,IF1504,2015-04-17,3520.611,3545.2,24.588999999999942,d,0.8555174316607304,25.44451743166067,6.942013356679869,0.7043330806520173
2015-03-10,IF,next,IF1504,2015-04-17,3520.611,3545.2,24.588999999999942,p,0.8876523703633401,25.476652370363283,6.950780713902844,0.6788346973561913
2015-03-10,IF,q1,IF1506,2015-06-19,3520.611,3576.2,55.58899999999994,y,25.762371002706423,81.35137100270637,8.35061239018219,0.04832673278285907
2015-03-10,IF,q1,IF1506,2015-06-19,3520.611,3576.2,55.58899999999994,d,25.74549842540084,81.33449842540078,8.348880442074055,0.0483584042044541
2015-03-10,IF,q1,IF1506,2015-06-19,3520.611,3576.2,55.58899999999994,p,25.710059769061274,81.29905976906122,8.345242710108717,0.04842506125944056
2015-03-10,IF,q2,IF1509,2015-09-18,3520.611,3589.2,68.58899999999994,y,68.61204215017679,137.20104215017673,7.4085122678300905,0.020861735241835575
2015-03-10,IF,q2,IF1509,2015-09-18,3520.611,3589.2,68.58899999999994,d,67.88976166371015,136.4787616637101,7.369510932556373,0.021083683646274675
2015-03-10,IF,q2,IF1509,2015-09-18,3520.611,3589.2,68.58899999999994,p,67.80167699790918,136.3906769979091,7.364754581460438,0.021111074550306336
2015-03-11,IF,current,IF1503,2015-03-20,3524.653,3542.2,17.547000000000025,y,0.0,17.547000000000025,20.1900253254245,
2015-03-11,IF,current,IF1503,2015-03-20,3524.653,3542.2,17.547000000000025,d,0.0,17.547000000000025,20.1900253254245,
2015-03-11,IF,current,IF1503,2015-03-20,3524.653,3542.2,17.547000000000025,p,0.0,17.547000000000025,20.1900253254245,
2015-03-11,IF,next,IF1504,2015-04-17,3524.653,3561.2,36.547000000000025,y,0.855772313565104,37.40277231356513,10.468358004167474,0.7049317044414702
2015-03-11,IF,next,IF1504,2015-04-17,3524.653,3561.2,36.547000000000025,d,0.8564996479461344,37.40349964794616,10.46856157187699,0.7043330806520173
2015-03-11,IF,next,IF1504,2015-04-17,3524.653,3561.2,36.547000000000025,p,0.8886714806487448,37.43567148064877,10.477565884700587,0.6788346973561913
2015-03-11,IF,q1,IF1506,2015-06-19,3524.653,3592.6,67.94700000000012,y,25.79194868214699,93.73894868214711,9.707258067385272,0.04832673278285907
2015-03-11,IF,q1,IF1506,2015-06-19,3524.653,3592.6,67.94700000000012,d,25.775056733500048,93.72205673350017,9.705508799796055,0.0483584042044541
2015-03-11,IF,q1,IF1506,2015-06-19,3524.653,3592.6,67.94700000000012,p,25.739577390174922,93.68657739017505,9.701834690511065,0.04842506125944056
2015-03-11,IF,q2,IF1509,2015-09-18,3524.653,3603.2,78.54700000000003,y,68.69081537288471,147.23781537288474,7.982933193678023,0.020861735241835575
2015-03-11,IF,q2,IF1509,2015-09-18,3524.653,3603.2,78.54700000000003,d,67.96770563895896,146.514705638959,7.9437276629316695,0.021083683646274675
2015-03-11,IF,q2,IF1509,2015-09-18,3524.653,3603.2,78.54700000000003,p,67.87951984349068,146.42651984349072,7.938946409473978,0.021111074550306336
2015-03-12,IF,current,IF1503,2015-03-20,3592.844,3592.0,-0.8440000000000509,y,0.0,-0.8440000000000509,-1.0717832446942401,
2015-03-12,IF,current,IF1503,2015-03-20,3592.844,3592.0,-0.8440000000000509,d,0.0,-0.8440000000000509,-1.0717832446942401,
2015-03-12,IF,current,IF1503,2015-03-20,3592.844,3592.0,-0.8440000000000509,p,0.0,-0.8440000000000509,-1.0717832446942401,
2015-03-12,IF,next,IF1504,2015-04-17,3592.844,3610.4,17.55600000000004,y,0.8375969395038826,18.393596939503922,5.190613219962708,0.9593594722824433
2015-03-12,IF,next,IF1504,2015-04-17,3592.844,3610.4,17.55600000000004,d,0.8383383455279305,18.39433834552797,5.190822442330822,0.9585110381200649
2015-03-12,IF,next,IF1504,2015-04-17,3592.844,3610.4,17.55600000000004,p,0.8711326024645927,18.42713260246463,5.200076874955073,0.9224273728183593
2015-03-12,IF,q1,IF1506,2015-06-19,3592.844,3647.6,54.75599999999986,y,26.115467054225665,80.87146705422552,8.298787243291295,0.05848688664405657
2015-03-12,IF,q1,IF1506,2015-06-19,3592.844,3647.6,54.75599999999986,d,26.098248299260433,80.85424829926029,8.29702030633249,0.05852547434382307
2015-03-12,IF,q1,IF1506,2015-06-19,3592.844,3647.6,54.75599999999986,p,26.06208254172639,80.81808254172626,8.2933090848325,0.05860668880975436
2015-03-12,IF,q2,IF1509,2015-09-18,3592.844,3660.0,67.15599999999995,y,69.7605356334988,136.91653563349877,7.320770706588027,0.0260768967775857
2015-03-12,IF,q2,IF1509,2015-09-18,3592.844,3660.0,67.15599999999995,d,69.02343599024975,136.17943599024971,7.2813588309430095,0.026355371342580057
2015-03-12,IF,q2,IF1509,2015-09-18,3592.844,3660.0,67.15599999999995,p,68.93354407574542,136.08954407574538,7.276552412993434,0.026389739730557527
2015-03-13,IF,current,IF1503,2015-03-20,3617.657,3622.8,5.143000000000029,y,0.0,5.143000000000029,7.412828642563841,
2015-03-13,IF,current,IF1503,2015-03-20,3617.657,3622.8,5.143000000000029,d,0.0,5.143000000000029,7.412828642563841,
2015-03-13,IF,current,IF1503,2015-03-20,3617.657,3622.8,5.143000000000029,p,0.0,5.143000000000029,7.412828642563841,
2015-03-13,IF,next,IF1504,2015-04-17,3617.657,3643.0,25.342999999999847,y,0.8433815749792636,26.186381574979112,7.548713178460437,0.9593594722824433
2015-03-13,IF,next,IF1504,2015-04-17,3617.657,3643.0,25.342999999999847,d,0.8441281013223888,26.187128101322237,7.548928378610495,0.9585110381200649
2015-03-13,IF,next,IF1504,2015-04-17,3617.657,3643.0,25.342999999999847,p,0.8771488428760756,26.220148842875922,7.558447223595439,0.9224273728183593
2015-03-13,IF,q1,IF1506,2015-06-19,3617.657,3676.4,58.74299999999994,y,26.29582642524665,85.03882642524658,8.755010253257954,0.05848688664405657
2015-03-13,IF,q1,IF1506,2015-06-19,3617.657,3676.4,58.74299999999994,d,26.278488753632942,85.02148875363288,8.753225286330183,0.058525474343823075
2015-03-13,IF,q1,IF1506,2015-06-19,3617.657,3676.4,58.74299999999994,p,26.242073227129893,84.98507322712983,8.749476195223048,0.05860668880975436
2015-03-13,IF,q2,IF1509,2015-09-18,3617.657,3691.0,73.34299999999985,y,70.24231780123947,143.5853178012393,7.665027303912924,0.0260768967775857
2015-03-13,IF,q2,IF1509,2015-09-18,3617.657,3691.0,73.34299999999985,d,69.50012757976104,142.8431275797609,7.625406899825342,0.026355371342580057
2015-03-13,IF,q2,IF1509,2015-09-18,3617.657,3691.0,73.34299999999985,p,69.4096148511956,142.75261485119546,7.620575051092965,0.026389739730557523
2015-03-16,IF,current,IF1503,2015-03-20,3705.671,3713.8,8.12900000000036,y,0.0,8.12900000000036,20.017191218541335,
2015-03-16,IF,current,IF1503,2015-03-20,3705.671,3713.8,8.12900000000036,d,0.0,8.12900000000036,20.017191218541335,
2015-03-16,IF,current,IF1503,2015-03-20,3705.671,3713.8,8.12900000000036,p,0.0,8.12900000000036,20.017191218541335,
2015-03-16,IF,next,IF1504,2015-04-17,3705.671,3738.0,32.32900000000018,y,0.8639002106432374,33.192900210643415,10.216949049919744,0.9593594722824433
2015-03-16,IF,next,IF1504,2015-04-17,3705.671,3738.0,32.32900000000018,d,0.8646648992304792,33.193664899230654,10.21718442508387,0.9585110381200649
2015-03-16,IF,next,IF1504,2015-04-17,3705.671,3738.0,32.32900000000018,p,0.8984890026139652,33.22748900261414,10.227595661786154,0.9224273728183593
2015-03-16,IF,q1,IF1506,2015-06-19,3705.671,3768.0,62.32900000000018,y,26.93471485351318,89.26371485351336,9.255019904565442,0.061060604338426444
2015-03-16,IF,q1,IF1506,2015-06-19,3705.671,3768.0,62.32900000000018,d,26.916955373577295,89.24595537357747,9.253178570261005,0.06110089138287746
2015-03-16,IF,q1,IF1506,2015-06-19,3705.671,3768.0,62.32900000000018,p,26.87965389349997,89.20865389350016,9.249311086803118,0.06118568241819568
2015-03-16,IF,q2,IF1509,2015-09-18,3705.671,3783.0,77.32900000000018,y,71.95038069573279,149.27938069573298,7.905200439609636,0.027039982518016314
2015-03-16,IF,q2,IF1509,2015-09-18,3705.671,3783.0,77.32900000000018,d,71.19013372366877,148.51913372366894,7.864940996746443,0.02732874535295887
2015-03-16,IF,q2,IF1509,2015-09-18,3705.671,3783.0,77.32900000000018,p,71.09741891035843,148.42641891035862,7.8600312149699985,0.02736438348950782
2015-03-17,IF,current,IF1503,2015-03-20,3757.122,3765.0,7.878000000000156,y,0.0,7.878000000000156,25.511282305978327,
2015-03-17,IF,current,IF1503,2015-03-20,3757.122,3765.0,7.878000000000156,d,0.0,7.878000000000156,25.511282305978327,
2015-03-17,IF,current,IF1503,2015-03-20,3757.122,3765.0,7.878000000000156,p,0.0,7.878000000000156,25.511282305978327,
2015-03-17,IF,next,IF1504,2015-04-17,3757.122,3791.6,34.478000000000065,y,0.8758949424307613,35.35389494243083,11.079320866916866,0.9593594722824433
2015-03-17,IF,next,IF1504,2015-04-17,3757.122,3791.6,34.478000000000065,d,0.87667024825642,35.35467024825648,11.07956383482822,0.9585110381200649
2015-03-17,IF,next,IF1504,2015-04-17,3757.122,3791.6,34.478000000000065,p,0.9109639788526791,35.38896397885274,11.09031091787574,0.9224273728183593
2015-03-17,IF,q1,IF1506,2015-06-19,3757.122,3823.0,65.87800000000016,y,26.31835002763984,92.19635002764,9.528475932718115,0.08482849342245483
2015-03-17,IF,q1,IF1506,2015-06-19,3757.122,3823.0,65.87800000000016,d,26.30034396806907,92.17834396806923,9.526615009750863,0.08488656973156006
2015-03-17,IF,q1,IF1506,2015-06-19,3757.122,3823.0,65.87800000000016,p,26.262524579507303,92.14052457950746,9.522706382851934,0.08500881076572395
2015-03-17,IF,q2,IF1509,2015-09-18,3757.122,3839.2,82.07799999999997,y,71.95903115676647,154.03703115676643,8.088928155894216,0.035264658874455616
2015-03-17,IF,q2,IF1509,2015-09-18,3757.122,3839.2,82.07799999999997,d,71.18822861542509,153.26622861542506,8.048451094420956,0.03564649291090582
2015-03-17,IF,q2,IF1509,2015-09-18,3757.122,3839.2,82.07799999999997,p,71.09422651302198,153.17222651302194,8.043514773283555,0.035693625363726146
2015-03-18,IF,current,IF1503,2015-03-20,3846.055,3813.0,-33.054999999999836,y,0.0,-33.054999999999836,-156.8500060451546,
2015-03-18,IF,current,IF1503,2015-03-20,3846.055,3813.0,-33.054999999999836,d,0.0,-33.054999999999836,-156.8500060451546,
2015-03-18,IF,current,IF1503,2015-03-20,3846.055,3813.0,-33.054999999999836,p,0.0,-33.054999999999836,-156.8500060451546,
2015-03-18,IF,next,IF1504,2015-04-17,3846.055,3851.2,5.144999999999982,y,0.8822304451502249,6.027230445150207,1.9066628987190126,1.0
2015-03-18,IF,next,IF1504,2015-04-17,3846.055,3851.2,5.144999999999982,d,0.8822304451502249,6.027230445150207,1.9066628987190126,1.0
2015-03-18,IF,next,IF1504,2015-04-17,3846.055,3851.2,5.144999999999982,p,0.8822304451502249,6.027230445150207,1.9066628987190126,1.0
2015-03-18,IF,q1,IF1506,2015-06-19,3846.055,3890.8,44.745000000000346,y,26.926921459374352,71.6719214593747,7.313806616974851,0.08569243760576857
2015-03-18,IF,q1,IF1506,2015-06-19,3846.055,3890.8,44.745000000000346,d,26.90769552944986,71.6526955294502,7.311844694779435,0.08575366606729418
2015-03-18,IF,q1,IF1506,2015-06-19,3846.055,3890.8,44.745000000000346,p,26.833875455866057,71.57887545586641,7.304311678618444,0.0859895746653489
2015-03-18,IF,q2,IF1509,2015-09-18,3846.055,3902.2,56.14499999999998,y,73.52330584889624,129.66830584889624,6.687955698428979,0.036131925994782293
2015-03-18,IF,q2,IF1509,2015-09-18,3846.055,3902.2,56.14499999999998,d,72.73346435932362,128.8784643593236,6.647217718114817,0.036524296886231364
2015-03-18,IF,q2,IF1509,2015-09-18,3846.055,3902.2,56.14499999999998,p,72.60213169831705,128.74713169831705,6.640443919283882,0.03659036702755166
2015-03-19,IF,current,IF1503,2015-03-20,3839.739,3829.8,-9.93899999999985,y,0.0,-9.93899999999985,-94.47868722327078,
2015-03-19,IF,current,IF1503,2015-03-20,3839.739,3829.8,-9.93899999999985,d,0.0,-9.93899999999985,-94.47868722327078,
2015-03-19,IF,current,IF1503,2015-03-20,3839.739,3829.8,-9.93899999999985,p,0.0,-9.93899999999985,-94.47868722327078,
2015-03-19,IF,next,IF1504,2015-04-17,3839.739,3854.8,15.06100000000015,y,0.8807816443682369,15.941781644368387,5.225526059861648,1.0
2015-03-19,IF,next,IF1504,2015-04-17,3839.739,3854.8,15.06100000000015,d,0.8807816443682369,15.941781644368387,5.225526059861648,1.0
2015-03-19,IF,next,IF1504,2015-04-17,3839.739,3854.8,15.06100000000015,p,0.8807816443682369,15.941781644368387,5.225526059861648,1.0
2015-03-19,IF,q1,IF1506,2015-06-19,3839.739,3892.6,52.860999999999876,y,26.88270200959077,79.74370200959065,8.2394785147989,0.08569243760576857
2015-03-19,IF,q1,IF1506,2015-06-19,3839.739,3892.6,52.860999999999876,d,26.86350765253078,79.72450765253066,8.23749526736223,0.08575366606729418
2015-03-19,IF,q1,IF1506,2015-06-19,3839.739,3892.6,52.860999999999876,p,26.789808806434564,79.65080880643444,8.229880370590793,0.0859895746653489
2015-03-19,IF,q2,IF1509,2015-09-18,3839.739,3911.0,71.26099999999997,y,69.0098952124629,140.27089521246285,7.28630989764705,0.1426406332896518
2015-03-19,IF,q2,IF1509,2015-09-18,3839.739,3911.0,71.26099999999997,d,68.22135080232572,139.4823508023257,7.245349305418605,0.14428936162346762
2015-03-19,IF,q2,IF1509,2015-09-18,3839.739,3911.0,71.26099999999997,p,68.09023381610459,139.35123381610455,7.23853849129351,0.1445672103718055
2015-03-20,IF,current,IF1503,2015-03-20,3892.574,3886.6,-5.97400000000016,y,0.0,-5.97400000000016,,
2015-03-20,IF,current,IF1503,2015-03-20,3892.574,3886.6,-5.97400000000016,d,0.0,-5.97400000000016,,
2015-03-20,IF,current,IF1503,2015-03-20,3892.574,3886.6,-5.97400000000016,p,0.0,-5.97400000000016,,
2015-03-20,IF,next,IF1504,2015-04-17,3892.574,3919.0,26.42599999999993,y,0.8929012436900127,27.318901243689943,9.148737858609412,1.0
2015-03-20,IF,next,IF1504,2015-04-17,3892.574,3919.0,26.42599999999993,d,0.8929012436900127,27.318901243689943,9.148737858609412,1.0
2015-03-20,IF,next,IF1504,2015-04-17,3892.574,3919.0,26.42599999999993,p,0.8929012436900127,27.318901243689943,9.148737858609412,1.0
2015-03-20,IF,q1,IF1506,2015-06-19,3892.574,3957.0,64.42599999999993,y,27.071246015805624,91.49724601580556,9.428066063873265,0.0934741547212045
2015-03-20,IF,q1,IF1506,2015-06-19,3892.574,3957.0,64.42599999999993,d,27.05178754343591,91.47778754343584,9.42606102250872,0.09354139110083391
2015-03-20,IF,q1,IF1506,2015-06-19,3892.574,3957.0,64.42599999999993,p,26.977074597544494,91.40307459754442,9.41836244555298,0.09380045376779042
2015-03-20,IF,q2,IF1509,2015-09-18,3892.574,3974.2,81.62599999999975,y,69.56635345236958,151.19235345236933,7.789586893441459,0.16093078933961505
2015-03-20,IF,q2,IF1509,2015-09-18,3892.574,3974.2,81.62599999999975,d,68.85167384776533,150.47767384776506,7.752765858819563,0.1626012491333477
2015-03-20,IF,q2,IF1509,2015-09-18,3892.574,3974.2,81.62599999999975,p,68.80776562358498,150.43376562358475,7.7505036615603835,0.16270500969052099
2015-03-23,IF,current,IF1504,2015-04-17,3972.061,3994.2,22.13899999999967,y,0.9111344336453451,23.050134433645013,8.472477203427067,1.0
2015-03-23,IF,current,IF1504,2015-04-17,3972.061,3994.2,22.13899999999967,d,0.9111344336453451,23.050134433645013,8.472477203427067,1.0
2015-03-23,IF,current,IF1504,2015-04-17,3972.061,3994.2,22.13899999999967,p,0.9111344336453451,23.050134433645013,8.472477203427067,1.0
2015-03-23,IF,next,IF1505,2015-05-15,3972.061,4017.8,45.73900000000003,y,4.340171533132353,50.07917153313239,8.68276848110753,0.4331132564996316
2015-03-23,IF,next,IF1505,2015-05-15,3972.061,4017.8,45.73900000000003,d,4.340171533132353,50.07917153313239,8.68276848110753,0.4331132564996316
2015-03-23,IF,next,IF1505,2015-05-15,3972.061,4017.8,45.73900000000003,p,4.340171533132353,50.07917153313239,8.68276848110753,0.4331132564996316
2015-03-23,IF,q1,IF1506,2015-06-19,3972.061,4034.2,62.13899999999967,y,26.476349383031778,88.61534938303144,9.253440504016815,0.1431501103491343
2015-03-23,IF,q1,IF1506,2015-06-19,3972.061,4034.2,62.13899999999967,d,26.476349383031778,88.61534938303144,9.253440504016815,0.1431501103491343
2015-03-23,IF,q1,IF1506,2015-06-19,3972.061,4034.2,62.13899999999967,p,26.476349383031778,88.61534938303144,9.253440504016815,0.1431501103491343
2015-03-23,IF,q2,IF1509,2015-09-18,3972.061,4051.0,78.93899999999985,y,69.56275215698118,148.501752156981,7.623519261257565,0.18588963776936146
2015-03-23,IF,q2,IF1509,2015-09-18,3972.061,4051.0,78.93899999999985,d,68.85333449511407,147.79233449511392,7.587100437028453,0.1878049174454826
2015-03-23,IF,q2,IF1509,2015-09-18,3972.061,4051.0,78.93899999999985,p,68.88476825429872,147.82376825429856,7.588714127541307,0.18771921759196958
2015-03-24,IF,current,IF1504,2015-04-17,3973.046,3963.6,-9.445999999999913,y,0.9113603786691351,-8.534639621330777,-3.2669554855662946,1.0
2015-03-24,IF,current,IF1504,2015-04-17,3973.046,3963.6,-9.445999999999913,d,0.9113603786691351,-8.534639621330777,-3.2669554855662946,1.0
2015-03-24,IF,current,IF1504,2015-04-17,3973.046,3963.6,-9.445999999999913,p,0.9113603786691351,-8.534639621330777,-3.2669554855662946,1.0
2015-03-24,IF,next,IF1505,2015-05-15,3973.046,3987.2,14.153999999999996,y,4.3412478179527865,18.495247817952784,3.26757889458925,0.4331132564996316
2015-03-24,IF,next,IF1505,2015-05-15,3973.046,3987.2,14.153999999999996,d,4.3412478179527865,18.495247817952784,3.26757889458925,0.4331132564996316
2015-03-24,IF,next,IF1505,2015-05-15,3973.046,3987.2,14.153999999999996,p,4.3412478179527865,18.495247817952784,3.26757889458925,0.4331132564996316
2015-03-24,IF,q1,IF1506,2015-06-19,3973.046,4002.0,28.95400000000018,y,26.575141828704226,55.529141828704404,5.863689705111546,0.16101062148626677
2015-03-24,IF,q1,IF1506,2015-06-19,3973.046,4002.0,28.95400000000018,d,26.575141828704226,55.529141828704404,5.863689705111546,0.16101062148626677
2015-03-24,IF,q1,IF1506,2015-06-19,3973.046,4002.0,28.95400000000018,p,26.575141828704226,55.529141828704404,5.863689705111546,0.16101062148626677
2015-03-24,IF,q2,IF1509,2015-09-18,3973.046,4018.0,44.95400000000018,y,69.7768615188997,114.73086151889987,5.921469866040411,0.21293388709527936
2015-03-24,IF,q2,IF1509,2015-09-18,3973.046,4018.0,44.95400000000018,d,69.06726793415606,114.02126793415624,5.884846441675181,0.21512155898062713
2015-03-24,IF,q2,IF1509,2015-09-18,3973.046,4018.0,44.95400000000018,p,69.09870948835007,114.05270948835025,5.886469197865073,0.21502367356127455
2015-03-25,IF,current,IF1504,2015-04-17,3940.412,3951.8,11.388000000000375,y,0.9038746021144493,12.291874602114824,4.950413957785556,1.0
2015-03-25,IF,current,IF1504,2015-04-17,3940.412,3951.8,11.388000000000375,d,0.9038746021144493,12.291874602114824,4.950413957785556,1.0
2015-03-25,IF,current,IF1504,2015-04-17,3940.412,3951.8,11.388000000000375,p,0.9038746021144493,12.291874602114824,4.950413957785556,1.0
2015-03-25,IF,next,IF1505,2015-05-15,3940.412,3970.8,30.388000000000375,y,4.305589463810631,34.69358946381101,6.301301943230171,0.4331132564996316
2015-03-25,IF,next,IF1505,2015-05-15,3940.412,3970.8,30.388000000000375,d,4.305589463810631,34.69358946381101,6.301301943230171,0.4331132564996316
2015-03-25,IF,next,IF1505,2015-05-15,3940.412,3970.8,30.388000000000375,p,4.305589463810631,34.69358946381101,6.301301943230171,0.4331132564996316
2015-03-25,IF,q1,IF1506,2015-06-19,3940.412,3988.4,47.988000000000284,y,26.075530540178576,74.06353054017886,7.97732325640098,0.17315845388169895
2015-03-25,IF,q1,IF1506,2015-06-19,3940.412,3988.4,47.988000000000284,d,26.075530540178576,74.06353054017886,7.97732325640098,0.17315845388169895
2015-03-25,IF,q1,IF1506,2015-06-19,3940.412,3988.4,47.988000000000284,p,26.075530540178576,74.06353054017886,7.97732325640098,0.17315845388169895
2015-03-25,IF,q2,IF1509,2015-09-18,3940.412,4005.2,64.78800000000001,y,67.37220735995358,132.16020735995357,6.916377296080137,0.2574847798314281
2015-03-25,IF,q2,IF1509,2015-09-18,3940.412,4005.2,64.78800000000001,d,66.66844226978176,131.45644226978177,6.879546959712846,0.2602028394279408
2015-03-25,IF,q2,IF1509,2015-09-18,3940.412,4005.2,64.78800000000001,p,66.69962556779662,131.4876255677966,6.881178884016803,0.26008118982920436
2015-03-26,IF,current,IF1504,2015-04-17,3949.999,3934.0,-15.998999999999796,y,0.906073723884069,-15.092926276115728,-6.339378003964789,1.0
2015-03-26,IF,current,IF1504,2015-04-17,3949.999,3934.0,-15.998999999999796,d,0.906073723884069,-15.092926276115728,-6.339378003964789,1.0
2015-03-26,IF,current,IF1504,2015-04-17,3949.999,3934.0,-15.998999999999796,p,0.906073723884069,-15.092926276115728,-6.339378003964789,1.0
2015-03-26,IF,next,IF1505,2015-05-15,3949.999,3953.4,3.4010000000002947,y,4.316064938504534,7.717064938504829,1.4261921091900343,0.4331132564996316
2015-03-26,IF,next,IF1505,2015-05-15,3949.999,3953.4,3.4010000000002947,d,4.316064938504534,7.717064938504829,1.4261921091900343,0.4331132564996316
2015-03-26,IF,next,IF1505,2015-05-15,3949.999,3953.4,3.4010000000002947,p,4.316064938504534,7.717064938504829,1.4261921091900343,0.4331132564996316
2015-03-26,IF,q1,IF1506,2015-06-19,3949.999,3961.8,11.801000000000386,y,26.121148815564244,37.922148815564626,4.12258758656159,0.18985434383487115
2015-03-26,IF,q1,IF1506,2015-06-19,3949.999,3961.8,11.801000000000386,d,26.121148815564244,37.922148815564626,4.12258758656159,0.18985434383487115
2015-03-26,IF,q1,IF1506,2015-06-19,3949.999,3961.8,11.801000000000386,p,26.121148815564244,37.922148815564626,4.12258758656159,0.18985434383487115
2015-03-26,IF,q2,IF1509,2015-09-18,3949.999,3974.6,24.601000000000113,y,67.03300710899752,91.63400710899764,4.811050210332639,0.2783220446547498
2015-03-26,IF,q2,IF1509,2015-09-18,3949.999,3974.6,24.601000000000113,d,66.32752976236127,90.92852976236138,4.7740106106905325,0.28128235236222654
2015-03-26,IF,q2,IF1509,2015-09-18,3949.999,3974.6,24.601000000000113,p,66.35878892916298,90.9597889291631,4.775651807291673,0.28114985066783527
2015-03-27,IF,current,IF1504,2015-04-17,3971.697,3985.6,13.902999999999793,y,0.9110509372101577,14.81405093720995,6.482929435670676,1.0
2015-03-27,IF,current,IF1504,2015-04-17,3971.697,3985.6,13.902999999999793,d,0.9110509372101577,14.81405093720995,6.482929435670676,1.0
2015-03-27,IF,current,IF1504,2015-04-17,3971.697,3985.6,13.902999999999793,p,0.9110509372101577,14.81405093720995,6.482929435670676,1.0
2015-03-27,IF,next,IF1505,2015-05-15,3971.697,3999.6,27.902999999999793,y,4.265837553489606,32.168837553489396,6.0333155935373135,0.5190654801030702
2015-03-27,IF,next,IF1505,2015-05-15,3971.697,3999.6,27.902999999999793,d,4.265837553489606,32.168837553489396,6.0333155935373135,0.5190654801030702
2015-03-27,IF,next,IF1505,2015-05-15,3971.697,3999.6,27.902999999999793,p,4.265837553489606,32.168837553489396,6.0333155935373135,0.5190654801030702
2015-03-27,IF,q1,IF1506,2015-06-19,3971.697,4005.8,34.103000000000065,y,24.737668113704437,58.8406681137045,6.437467728201075,0.2840782904210526
2015-03-27,IF,q1,IF1506,2015-06-19,3971.697,4005.8,34.103000000000065,d,24.737668113704437,58.8406681137045,6.437467728201075,0.2840782904210526
2015-03-27,IF,q1,IF1506,2015-06-19,3971.697,4005.8,34.103000000000065,p,24.737668113704437,58.8406681137045,6.437467728201075,0.2840782904210526
2015-03-27,IF,q2,IF1509,2015-09-18,3971.697,4019.6,47.90299999999979,y,64.48544668341793,112.38844668341773,5.902015908989097,0.3542560447955877
2015-03-27,IF,q2,IF1509,2015-09-18,3971.697,4019.6,47.90299999999979,d,63.779283525891174,111.68228352589097,5.864932148931402,0.3581783617821722
2015-03-27,IF,q2,IF1509,2015-09-18,3971.697,4019.6,47.90299999999979,p,63.871559630328505,111.7745596303283,5.869777976527389,0.3576608966676471
2015-03-30,IF,current,IF1504,2015-04-17,4088.178,4140.6,52.42200000000048,y,0.9377700258559372,53.35977002585642,26.46698746624154,1.0
2015-03-30,IF,current,IF1504,2015-04-17,4088.178,4140.6,52.42200000000048,d,0.9377700258559372,53.35977002585642,26.46698746624154,1.0
2015-03-30,IF,current,IF1504,2015-04-17,4088.178,4140.6,52.42200000000048,p,0.9377700258559372,53.35977002585642,26.46698746624154,1.0
2015-03-30,IF,next,IF1505,2015-05-15,4088.178,4154.4,66.22199999999975,y,4.083027602497704,70.30502760249746,13.64556803358769,0.6276990970161491
2015-03-30,IF,next,IF1505,2015-05-15,4088.178,4154.4,66.22199999999975,d,4.083027602497704,70.30502760249746,13.64556803358769,0.6276990970161491
2015-03-30,IF,next,IF1505,2015-05-15,4088.178,4154.4,66.22199999999975,p,4.083027602497704,70.30502760249746,13.64556803358769,0.6276990970161491
2015-03-30,IF,q1,IF1506,2015-06-19,4088.178,4154.8,66.6220000000003,y,23.67694201034178,90.29894201034207,9.953153701310129,0.3748574370454243
2015-03-30,IF,q1,IF1506,2015-06-19,4088.178,4154.8,66.6220000000003,d,23.67694201034178,90.29894201034207,9.953153701310129,0.3748574370454243
2015-03-30,IF,q1,IF1506,2015-06-19,4088.178,4154.8,66.6220000000003,p,23.67694201034178,90.29894201034207,9.953153701310129,0.3748574370454243
2015-03-30,IF,q2,IF1509,2015-09-18,4088.178,4166.6,78.42200000000048,y,63.02352422166444,141.44552422166493,7.342159762161931,0.4382171907605779
2015-03-30,IF,q2,IF1509,2015-09-18,4088.178,4166.6,78.42200000000048,d,62.29665087633838,140.71865087633887,7.304429192335787,0.443330280966018
2015-03-30,IF,q2,IF1509,2015-09-18,4088.178,4166.6,78.42200000000048,p,62.39163323276849,140.81363323276898,7.309359540180542,0.442655373889842
2015-03-31,IF,current,IF1504,2015-04-17,4051.204,4035.8,-15.403999999999996,y,0.92266976330595,-14.481330236694046,-7.674821574311541,1.0
2015-03-31,IF,current,IF1504,2015-04-17,4051.204,4035.8,-15.403999999999996,d,0.92266976330595,-14.481330236694046,-7.674821574311541,1.0
2015-03-31,IF,current,IF1504,2015-04-17,4051.204,4035.8,-15.403999999999996,p,0.92266976330595,-14.481330236694046,-7.674821574311541,1.0
2015-03-31,IF,next,IF1505,2015-05-15,4051.204,4051.6,0.3959999999997308,y,3.4562471432771913,3.852247143276922,0.7712769983091317,0.9519122232499264
2015-03-31,IF,next,IF1505,2015-05-15,4051.204,4051.6,0.3959999999997308,d,3.4562471432771913,3.852247143276922,0.7712769983091317,0.9519122232499264
2015-03-31,IF,next,IF1505,2015-05-15,4051.204,4051.6,0.3959999999997308,p,3.4562471432771913,3.852247143276922,0.7712769983091317,0.9519122232499264
2015-03-31,IF,q1,IF1506,2015-06-19,4051.204,4048.8,-2.4039999999999964,y,21.655273823816266,19.25127382381627,2.1680946410292283,0.46945958500491014
2015-03-31,IF,q1,IF1506,2015-06-19,4051.204,4048.8,-2.4039999999999964,d,21.655273823816266,19.25127382381627,2.1680946410292283,0.46945958500491014
2015-03-31,IF,q1,IF1506,2015-06-19,4051.204,4048.8,-2.4039999999999964,p,21.655273823816266,19.25127382381627,2.1680946410292283,0.46945958500491014
2015-03-31,IF,q2,IF1509,2015-09-18,4051.204,4064.2,12.99599999999964,y,57.02894495597028,70.02494495596991,3.6894821825763104,0.5921216031421855
2015-03-31,IF,q2,IF1509,2015-09-18,4051.204,4064.2,12.99599999999964,d,56.43757457062241,69.43357457062206,3.658323993142301,0.598326036682908
2015-03-31,IF,q2,IF1509,2015-09-18,4051.204,4064.2,12.99599999999964,p,56.74720007601393,69.74320007601358,3.674637576625037,0.5950614350594148
2015-04-01,IF,current,IF1504,2015-04-17,4123.895,4122.8,-1.0950000000002547,y,0.9392252830389659,-0.15577471696128875,-0.0861712223681592,1.0
2015-04-01,IF,current,IF1504,2015-04-17,4123.895,4122.8,-1.0950000000002547,d,0.9392252830389659,-0.15577471696128875,-0.0861712223681592,1.0
2015-04-01,IF,current,IF1504,2015-04-17,4123.895,4122.8,-1.0950000000002547,p,0.9392252830389659,-0.15577471696128875,-0.0861712223681592,1.0
2015-04-01,IF,next,IF1505,2015-05-15,4123.895,4135.2,11.304999999999382,y,3.5182627961774067,14.823262796176788,2.9817854901982708,0.9519122232499264
2015-04-01,IF,next,IF1505,2015-05-15,4123.895,4135.2,11.304999999999382,d,3.5182627961774067,14.823262796176788,2.9817854901982708,0.9519122232499264
2015-04-01,IF,next,IF1505,2015-05-15,4123.895,4135.2,11.304999999999382,p,3.5182627961774067,14.823262796176788,2.9817854901982708,0.9519122232499264
2015-04-01,IF,q1,IF1506,2015-06-19,4123.895,4140.0,16.104999999999563,y,22.043835720360363,38.148835720359926,4.2740486593658815,0.46945958500491014
2015-04-01,IF,q1,IF1506,2015-06-19,4123.895,4140.0,16.104999999999563,d,22.043835720360363,38.148835720359926,4.2740486593658815,0.46945958500491014
2015-04-01,IF,q1,IF1506,2015-06-19,4123.895,4140.0,16.104999999999563,p,22.043835720360363,38.148835720359926,4.2740486593658815,0.46945958500491014
2015-04-01,IF,q2,IF1509,2015-09-18,4123.895,4150.2,26.30499999999938,y,58.05221878710652,84.3572187871059,4.3919622329195285,0.5921216031421855
2015-04-01,IF,q2,IF1509,2015-09-18,4123.895,4150.2,26.30499999999938,d,57.45023740693308,83.75523740693245,4.360620760018259,0.598326036682908
2015-04-01,IF,q2,IF1509,2015-09-18,4123.895,4150.2,26.30499999999938,p,57.76541854161713,84.0704185416165,4.377030305756775,0.5950614350594148
2015-04-02,IF,current,IF1504,2015-04-17,4124.776,4106.2,-18.576000000000022,y,0.9394259325400702,-17.63657406745995,-10.404362216070048,1.0
2015-04-02,IF,current,IF1504,2015-04-17,4124.776,4106.2,-18.576000000000022,d,0.9394259325400702,-17.63657406745995,-10.404362216070048,1.0
2015-04-02,IF,current,IF1504,2015-04-17,4124.776,4106.2,-18.576000000000022,p,0.9394259325400702,-17.63657406745995,-10.404362216070048,1.0
2015-04-02,IF,next,IF1505,2015-05-15,4124.776,4125.4,0.6239999999997963,y,3.5190144131616967,4.143014413161493,0.8525904903847662,0.9519122232499264
2015-04-02,IF,next,IF1505,2015-05-15,4124.776,4125.4,0.6239999999997963,d,3.5190144131616967,4.143014413161493,0.8525904903847662,0.9519122232499264
2015-04-02,IF,next,IF1505,2015-05-15,4124.776,4125.4,0.6239999999997963,p,3.5190144131616967,4.143014413161493,0.8525904903847662,0.9519122232499264
2015-04-02,IF,q1,IF1506,2015-06-19,4124.776,4124.0,-0.7759999999998399,y,22.048545010793227,21.272545010793387,2.413333515639919,0.46945958500491014
2015-04-02,IF,q1,IF1506,2015-06-19,4124.776,4124.0,-0.7759999999998399,d,22.048545010793227,21.272545010793387,2.413333515639919,0.46945958500491014
2015-04-02,IF,q1,IF1506,2015-06-19,4124.776,4124.0,-0.7759999999998399,p,22.048545010793227,21.272545010793387,2.413333515639919,0.46945958500491014
2015-04-02,IF,q2,IF1509,2015-09-18,4124.776,4135.0,10.22400000000016,y,58.06462065591051,68.28862065591068,3.5756428380505896,0.5921216031421854
2015-04-02,IF,q2,IF1509,2015-09-18,4124.776,4135.0,10.22400000000016,d,57.462510672657714,67.68651067265787,3.5441159126469453,0.5983260366829078
2015-04-02,IF,q2,IF1509,2015-09-18,4124.776,4135.0,10.22400000000016,p,57.77775914042848,68.00175914042865,3.56062255628924,0.5950614350594148
2015-04-03,IF,current,IF1504,2015-04-17,4170.538,4206.0,35.462000000000444,y,0.9498483189981224,36.411848318998565,22.762264787000206,1.0
2015-04-03,IF,current,IF1504,2015-04-17,4170.538,4206.0,35.462000000000444,d,0.9498483189981224,36.411848318998565,22.762264787000206,1.0
2015-04-03,IF,current,IF1504,2015-04-17,4170.538,4206.0,35.462000000000444,p,0.9498483189981224,36.411848318998565,22.762264787000206,1.0
2015-04-03,IF,next,IF1505,2015-05-15,4170.538,4223.8,53.262000000000626,y,3.452696724649279,56.714696724649905,11.818084897815293,1.0
2015-04-03,IF,next,IF1505,2015-05-15,4170.538,4223.8,53.262000000000626,d,3.452696724649279,56.714696724649905,11.818084897815293,1.0
2015-04-03,IF,next,IF1505,2015-05-15,4170.538,4223.8,53.262000000000626,p,3.452696724649279,56.714696724649905,11.818084897815293,1.0
2015-04-03,IF,q1,IF1506,2015-06-19,4170.538,4224.0,53.462000000000444,y,22.187801729038604,75.64980172903904,8.598404078677511,0.47465170488488406
2015-04-03,IF,q1,IF1506,2015-06-19,4170.538,4224.0,53.462000000000444,d,22.187801729038604,75.64980172903904,8.598404078677511,0.47465170488488406
2015-04-03,IF,q1,IF1506,2015-06-19,4170.538,4224.0,53.462000000000444,p,22.187801729038604,75.64980172903904,8.598404078677511,0.47465170488488406
2015-04-03,IF,q2,IF1509,2015-09-18,4170.538,4231.0,60.462000000000444,y,58.07856592650362,118.54056592650406,6.175306194247941,0.6316981789372775
2015-04-03,IF,q2,IF1509,2015-09-18,4170.538,4231.0,60.462000000000444,d,57.46977588182358,117.93177588182402,6.143591608574038,0.6383898974393704
2015-04-03,IF,q2,IF1509,2015-09-18,4170.538,4231.0,60.462000000000444,p,57.78852184870269,118.25052184870313,6.160196506047537,0.6348687102105653
2015-04-07,IF,current,IF1504,2015-04-17,4260.044,4239.8,-20.243999999999687,y,0.9702334884031838,-19.273766511596502,-16.513737362179178,1.0
2015-04-07,IF,current,IF1504,2015-04-17,4260.044,4239.8,-20.243999999999687,d,0.9702334884031838,-19.273766511596502,-16.513737362179178,1.0
2015-04-07,IF,current,IF1504,2015-04-17,4260.044,4239.8,-20.243999999999687,p,0.9702334884031838,-19.273766511596502,-16.513737362179178,1.0
2015-04-07,IF,next,IF1505,2015-05-15,4260.044,4255.2,-4.844000000000051,y,3.5267967743398607,-1.3172032256601902,-0.2969942004095247,1.0
2015-04-07,IF,next,IF1505,2015-05-15,4260.044,4255.2,-4.844000000000051,d,3.5267967743398607,-1.3172032256601902,-0.2969942004095247,1.0
2015-04-07,IF,next,IF1505,2015-05-15,4260.044,4255.2,-4.844000000000051,p,3.5267967743398607,-1.3172032256601902,-0.2969942004095247,1.0
2015-04-07,IF,q1,IF1506,2015-06-19,4260.044,4257.0,-3.043999999999869,y,22.663985228999362,19.619985228999493,2.3027913830232145,0.47465170488488406
2015-04-07,IF,q1,IF1506,2015-06-19,4260.044,4257.0,-3.043999999999869,d,22.663985228999362,19.619985228999493,2.3027913830232145,0.47465170488488406
2015-04-07,IF,q1,IF1506,2015-06-19,4260.044,4257.0,-3.043999999999869,p,22.663985228999362,19.619985228999493,2.3027913830232145,0.47465170488488406
2015-04-07,IF,q2,IF1509,2015-09-18,4260.044,4265.0,4.956000000000131,y,59.32501905121263,64.28101905121275,3.358286044281991,0.6316981789372775
2015-04-07,IF,q2,IF1509,2015-09-18,4260.044,4265.0,4.956000000000131,d,58.70316345917655,63.65916345917668,3.325797932128236,0.6383898974393704
2015-04-07,IF,q2,IF1509,2015-09-18,4260.044,4265.0,4.956000000000131,p,59.02875019252548,63.98475019252561,3.3428078271010886,0.6348687102105653
2015-04-08,IF,current,IF1504,2015-04-17,4295.803,4247.6,-48.20299999999952,y,0.9783776717289451,-47.22462232827058,-44.58353407789666,1.0
2015-04-08,IF,current,IF1504,2015-04-17,4295.803,4247.6,-48.20299999999952,d,0.9783776717289451,-47.22462232827058,-44.58353407789666,1.0
2015-04-08,IF,current,IF1504,2015-04-17,4295.803,4247.6,-48.20299999999952,p,0.9783776717289451,-47.22462232827058,-44.58353407789666,1.0
2015-04-08,IF,next,IF1505,2015-05-15,4295.803,4262.4,-33.40300000000025,y,3.5564008643102034,-29.846599135690045,-6.853961113891274,1.0
2015-04-08,IF,next,IF1505,2015-05-15,4295.803,4262.4,-33.40300000000025,d,3.5564008643102034,-29.846599135690045,-6.853961113891274,1.0
2015-04-08,IF,next,IF1505,2015-05-15,4295.803,4262.4,-33.40300000000025,p,3.5564008643102034,-29.846599135690045,-6.853961113891274,1.0
2015-04-08,IF,q1,IF1506,2015-06-19,4295.803,4255.8,-40.0029999999997,y,22.85422773536873,-17.14877226463097,-2.0237135708033276,0.47465170488488406
2015-04-08,IF,q1,IF1506,2015-06-19,4295.803,4255.8,-40.0029999999997,d,22.85422773536873,-17.14877226463097,-2.0237135708033276,0.47465170488488406
2015-04-08,IF,q1,IF1506,2015-06-19,4295.803,4255.8,-40.0029999999997,p,22.85422773536873,-17.14877226463097,-2.0237135708033276,0.47465170488488406
2015-04-08,IF,q2,IF1509,2015-09-18,4295.803,4254.4,-41.40300000000025,y,59.82299591629954,18.419995916299293,0.9601750852941929,0.6316981789372775
2015-04-08,IF,q2,IF1509,2015-09-18,4295.803,4254.4,-41.40300000000025,d,59.195920440591934,17.792920440591686,0.9274876595689426,0.6383898974393704
2015-04-08,IF,q2,IF1509,2015-09-18,4295.803,4254.4,-41.40300000000025,p,59.52424016355266,18.121240163552415,0.9446019097256777,0.6348687102105653
2015-04-09,IF,current,IF1504,2015-04-17,4262.138,4226.2,-35.9380000000001,y,0.6953921700192979,-35.242607829980805,-37.726229940064684,1.0
2015-04-09,IF,current,IF1504,2015-04-17,4262.138,4226.2,-35.9380000000001,d,0.6953921700192979,-35.242607829980805,-37.726229940064684,1.0
2015-04-09,IF,current,IF1504,2015-04-17,4262.138,4226.2,-35.9380000000001,p,0.6953921700192979,-35.242607829980805,-37.726229940064684,1.0
2015-04-09,IF,next,IF1505,2015-05-15,4262.138,4235.0,-27.13799999999992,y,3.2532121198591533,-23.884787880140767,-5.681777794417432,1.0
2015-04-09,IF,next,IF1505,2015-05-15,4262.138,4235.0,-27.13799999999992,d,3.2532121198591533,-23.884787880140767,-5.681777794417432,1.0
2015-04-09,IF,next,IF1505,2015-05-15,4262.138,4235.0,-27.13799999999992,p,3.2532121198591533,-23.884787880140767,-5.681777794417432,1.0
2015-04-09,IF,q1,IF1506,2015-06-19,4262.138,4234.2,-27.938000000000102,y,22.399807348867476,-5.538192651132626,-0.6679978543544453,0.4681945974177775
2015-04-09,IF,q1,IF1506,2015-06-19,4262.138,4234.2,-27.938000000000102,d,22.399807348867476,-5.538192651132626,-0.6679978543544453,0.4681945974177775
2015-04-09,IF,q1,IF1506,2015-06-19,4262.138,4234.2,-27.938000000000102,p,22.399807348867476,-5.538192651132626,-0.6679978543544453,0.4681945974177775
2015-04-09,IF,q2,IF1509,2015-09-18,4262.138,4230.0,-32.13799999999992,y,59.05711337244492,26.919113372444997,1.4230202957119062,0.631224603072231
2015-04-09,IF,q2,IF1509,2015-09-18,4262.138,4230.0,-32.13799999999992,d,58.43495211088766,26.296952110887737,1.3901310957537842,0.6379452981560254
2015-04-09,IF,q2,IF1509,2015-09-18,4262.138,4230.0,-32.13799999999992,p,58.76069888451307,26.62269888451315,1.407350989430005,0.634408774143058
2015-04-10,IF,current,IF1504,2015-04-17,4344.416,4377.0,32.58399999999983,y,0.7088162958840277,33.29281629588386,39.9589395674737,1.0
2015-04-10,IF,current,IF1504,2015-04-17,4344.416,4377.0,32.58399999999983,d,0.7088162958840277,33.29281629588386,39.9589395674737,1.0
2015-04-10,IF,current,IF1504,2015-04-17,4344.416,4377.0,32.58399999999983,p,0.7088162958840277,33.29281629588386,39.9589395674737,1.0
2015-04-10,IF,next,IF1505,2015-05-15,4344.416,4389.0,44.58399999999983,y,3.3160134150771334,47.90001341507697,11.498178612008147,1.0
2015-04-10,IF,next,IF1505,2015-05-15,4344.416,4389.0,44.58399999999983,d,3.3160134150771334,47.90001341507697,11.498178612008147,1.0
2015-04-10,IF,next,IF1505,2015-05-15,4344.416,4389.0,44.58399999999983,p,3.3160134150771334,47.90001341507697,11.498178612008147,1.0
2015-04-10,IF,q1,IF1506,2015-06-19,4344.416,4388.0,43.58399999999983,y,22.722226791874057,66.30622679187388,7.958252872861546,0.4720396229850146
2015-04-10,IF,q1,IF1506,2015-06-19,4344.416,4388.0,43.58399999999983,d,22.722226791874057,66.30622679187388,7.958252872861546,0.4720396229850146
2015-04-10,IF,q1,IF1506,2015-06-19,4344.416,4388.0,43.58399999999983,p,22.722226791874057,66.30622679187388,7.958252872861546,0.4720396229850146
2015-04-10,IF,q2,IF1509,2015-09-18,4344.416,4389.8,45.384000000000015,y,59.929422525737046,105.31342252573705,5.495653096621602,0.639888501924434
2015-04-10,IF,q2,IF1509,2015-09-18,4344.416,4389.8,45.384000000000015,d,59.29525081677559,104.6792508167756,5.462559615918399,0.6467322065925218
2015-04-10,IF,q2,IF1509,2015-09-18,4344.416,4389.8,45.384000000000015,p,59.627285935133244,105.01128593513326,5.479886465455963,0.6431308720458637
2015-04-13,IF,current,IF1504,2015-04-17,4421.073,4421.0,-0.07300000000032014,y,0.7213233234784344,0.6483233234781143,1.338125456588885,1.0
2015-04-13,IF,current,IF1504,2015-04-17,4421.073,4421.0,-0.07300000000032014,d,0.7213233234784344,0.6483233234781143,1.338125456588885,1.0
2015-04-13,IF,current,IF1504,2015-04-17,4421.073,4421.0,-0.07300000000032014,p,0.7213233234784344,0.6483233234781143,1.338125456588885,1.0
2015-04-13,IF,next,IF1505,2015-05-15,4421.073,4432.8,11.726999999999862,y,3.374524303619937,15.101524303619799,3.8961528476947414,1.0
2015-04-13,IF,next,IF1505,2015-05-15,4421.073,4432.8,11.726999999999862,d,3.374524303619937,15.101524303619799,3.8961528476947414,1.0
2015-04-13,IF,next,IF1505,2015-05-15,4421.073,4432.8,11.726999999999862,p,3.374524303619937,15.101524303619799,3.8961528476947414,1.0
2015-04-13,IF,q1,IF1506,2015-06-19,4421.073,4434.8,13.726999999999862,y,23.12315933129586,36.85015933129572,4.540772522843432,0.4720396229850146
2015-04-13,IF,q1,IF1506,2015-06-19,4421.073,4434.8,13.726999999999862,d,23.12315933129586,36.85015933129572,4.540772522843432,0.4720396229850146
2015-04-13,IF,q1,IF1506,2015-06-19,4421.073,4434.8,13.726999999999862,p,23.12315933129586,36.85015933129572,4.540772522843432,0.4720396229850146
2015-04-13,IF,q2,IF1509,2015-09-18,4421.073,4440.0,18.92699999999968,y,60.98687414698037,79.91387414698005,4.175709493143309,0.639888501924434
2015-04-13,IF,q2,IF1509,2015-09-18,4421.073,4440.0,18.92699999999968,d,60.34151251037528,79.26851251037496,4.1419876552115635,0.6467322065925218
2015-04-13,IF,q2,IF1509,2015-09-18,4421.073,4440.0,18.92699999999968,p,60.67940637155773,79.60640637155741,4.159643495563132,0.6431308720458637
2015-04-14,IF,current,IF1504,2015-04-17,4438.184,4416.6,-21.583999999999833,y,0.5133013409065608,-21.07069865909327,-57.76240169830006,1.0
2015-04-14,IF,current,IF1504,2015-04-17,4438.184,4416.6,-21.583999999999833,d,0.5133013409065608,-21.07069865909327,-57.76240169830006,1.0
2015-04-14,IF,current,IF1504,2015-04-17,4438.184,4416.6,-21.583999999999833,p,0.5133013409065608,-21.07069865909327,-57.76240169830006,1.0
2015-04-14,IF,next,IF1505,2015-05-15,4438.184,4423.2,-14.984000000000378,y,3.1767710775176354,-11.807228922482743,-3.132375733034634,1.0
2015-04-14,IF,next,IF1505,2015-05-15,4438.184,4423.2,-14.984000000000378,d,3.1767710775176354,-11.807228922482743,-3.132375733034634,1.0
2015-04-14,IF,next,IF1505,2015-05-15,4438.184,4423.2,-14.984000000000378,p,3.1767710775176354,-11.807228922482743,-3.132375733034634,1.0
2015-04-14,IF,q1,IF1506,2015-06-19,4438.184,4427.6,-10.583999999999833,y,22.947905153661015,12.363905153661182,1.540633334212184,0.4708152790525374
2015-04-14,IF,q1,IF1506,2015-06-19,4438.184,4427.6,-10.583999999999833,d,22.947905153661015,12.363905153661182,1.540633334212184,0.4708152790525374
2015-04-14,IF,q1,IF1506,2015-06-19,4438.184,4427.6,-10.583999999999833,p,22.947905153661015,12.363905153661182,1.540633334212184,0.4708152790525374
2015-04-14,IF,q2,IF1509,2015-09-18,4438.184,4427.0,-11.184000000000196,y,60.87977203519809,49.69577203519789,2.6031988904096597,0.6438423282540586
2015-04-14,IF,q2,IF1509,2015-09-18,4438.184,4427.0,-11.184000000000196,d,60.23191263776345,49.047912637763254,2.5692622637012783,0.650767549196886
2015-04-14,IF,q2,IF1509,2015-09-18,4438.184,4427.0,-11.184000000000196,p,60.57111425881748,49.387114258817284,2.5870305616347045,0.6471232145941952
2015-04-15,IF,current,IF1504,2015-04-17,4380.513,4382.4,1.8869999999997162,y,0.028967389414639305,1.9159673894143556,7.982262547060581,1.0
2015-04-15,IF,current,IF1504,2015-04-17,4380.513,4382.4,1.8869999999997162,d,0.028967389414639305,1.9159673894143556,7.982262547060581,1.0
2015-04-15,IF,current,IF1504,2015-04-17,4380.513,4382.4,1.8869999999997162,p,0.028967389414639305,1.9159673894143556,7.982262547060581,1.0
2015-04-15,IF,next,IF1505,2015-05-15,4380.513,4388.4,7.886999999999716,y,2.657827257849879,10.544827257849596,2.928775654902445,1.0
2015-04-15,IF,next,IF1505,2015-05-15,4380.513,4388.4,7.886999999999716,d,2.657827257849879,10.544827257849596,2.928775654902445,1.0
2015-04-15,IF,next,IF1505,2015-05-15,4380.513,4388.4,7.886999999999716,p,2.657827257849879,10.544827257849596,2.928775654902445,1.0
2015-04-15,IF,q1,IF1506,2015-06-19,4380.513,4381.8,1.287000000000262,y,22.170872932620288,23.45787293262055,3.007067409125019,0.4597371149480866
2015-04-15,IF,q1,IF1506,2015-06-19,4380.513,4381.8,1.287000000000262,d,22.170872932620288,23.45787293262055,3.007067409125019,0.4597371149480866
2015-04-15,IF,q1,IF1506,2015-06-19,4380.513,4381.8,1.287000000000262,p,22.170872932620288,23.45787293262055,3.007067409125019,0.4597371149480866
2015-04-15,IF,q2,IF1509,2015-09-18,4380.513,4384.8,4.287000000000262,y,59.60984256273084,63.8968425627311,3.412893142675423,0.6411119038718965
2015-04-15,IF,q2,IF1509,2015-09-18,4380.513,4384.8,4.287000000000262,d,58.97040163089148,63.25740163089174,3.378738973488143,0.6480637505930896
2015-04-15,IF,q2,IF1509,2015-09-18,4380.513,4384.8,4.287000000000262,p,59.30519557153211,63.59219557153237,3.396621170767295,0.6444052546593614
2015-04-16,IF,current,IF1504,2015-04-17,4513.546,4521.2,7.653999999999542,y,0.0,7.653999999999542,,
2015-04-16,IF,current,IF1504,2015-04-17,4513.546,4521.2,7.653999999999542,d,0.0,7.653999999999542,,
2015-04-16,IF,current,IF1504,2015-04-17,4513.546,4521.2,7.653999999999542,p,0.0,7.653999999999542,,
2015-04-16,IF,next,IF1505,2015-05-15,4513.546,4560.8,47.253999999999905,y,2.708696434352872,49.96269643435278,13.932301441757126,1.0
2015-04-16,IF,next,IF1505,2015-05-15,4513.546,4560.8,47.253999999999905,d,2.708696434352872,49.96269643435278,13.932301441757126,1.0
2015-04-16,IF,next,IF1505,2015-05-15,4513.546,4560.8,47.253999999999905,p,2.708696434352872,49.96269643435278,13.932301441757126,1.0
2015-04-16,IF,q1,IF1506,2015-06-19,4513.546,4562.6,49.05400000000009,y,22.812686347788578,71.86668634778866,9.080769212881227,0.4597203024824458
2015-04-16,IF,q1,IF1506,2015-06-19,4513.546,4562.6,49.05400000000009,d,22.812686347788578,71.86668634778866,9.080769212881227,0.4597203024824458
2015-04-16,IF,q1,IF1506,2015-06-19,4513.546,4562.6,49.05400000000009,p,22.812686347788578,71.86668634778866,9.080769212881227,0.4597203024824458
2015-04-16,IF,q2,IF1509,2015-09-18,4513.546,4553.0,39.45399999999972,y,61.38865030865503,100.84265030865475,5.261233108808103,0.641198723675569
2015-04-16,IF,q2,IF1509,2015-09-18,4513.546,4553.0,39.45399999999972,d,60.72979001988524,100.18379001988497,5.226858590142195,0.6481551181584311
2015-04-16,IF,q2,IF1509,2015-09-18,4513.546,4553.0,39.45399999999972,p,61.07475140947654,100.52875140947626,5.24485615643605,0.6444942192587927
2015-04-17,IF,current,IF1504,2015-04-17,4596.136,4599.2,3.063999999999396,y,0.0,3.063999999999396,,
2015-04-17,IF,current,IF1504,2015-04-17,4596.136,4599.2,3.063999999999396,d,0.0,3.063999999999396,,
2015-04-17,IF,current,IF1504,2015-04-17,4596.136,4599.2,3.063999999999396,p,0.0,3.063999999999396,,
2015-04-17,IF,next,IF1505,2015-05-15,4596.136,4604.4,8.263999999999214,y,2.75826084302694,11.022260843026155,3.126170399054885,1.0
2015-04-17,IF,next,IF1505,2015-05-15,4596.136,4604.4,8.263999999999214,d,2.75826084302694,11.022260843026155,3.126170399054885,1.0
2015-04-17,IF,next,IF1505,2015-05-15,4596.136,4604.4,8.263999999999214,p,2.75826084302694,11.022260843026155,3.126170399054885,1.0
2015-04-17,IF,q1,IF1506,2015-06-19,4596.136,4617.0,20.863999999999578,y,22.78349244825136,43.64749244825094,5.501976644374231,0.487497792242376
2015-04-17,IF,q1,IF1506,2015-06-19,4596.136,4617.0,20.863999999999578,d,22.78349244825136,43.64749244825094,5.501976644374231,0.487497792242376
2015-04-17,IF,q1,IF1506,2015-06-19,4596.136,4617.0,20.863999999999578,p,22.78349244825136,43.64749244825094,5.501976644374231,0.487497792242376
2015-04-17,IF,q2,IF1509,2015-09-18,4596.136,4610.0,13.863999999999578,y,61.351803787916495,75.21580378791607,3.878719499674668,0.6780788204046827
2015-04-17,IF,q2,IF1509,2015-09-18,4596.136,4610.0,13.863999999999578,d,60.68088750785969,74.54488750785927,3.8441217698485914,0.6855759770623254
2015-04-17,IF,q2,IF1509,2015-09-18,4596.136,4610.0,13.863999999999578,p,61.03216108772586,74.89616108772543,3.8622362034560447,0.6816301110886992
2015-04-20,IF,current,IF1505,2015-05-15,4521.919,4516.4,-5.519000000000233,y,2.7137212895875007,-2.805278710412732,-0.9057453079550052,1.0
2015-04-20,IF,current,IF1505,2015-05-15,4521.919,4516.4,-5.519000000000233,d,2.7137212895875007,-2.805278710412732,-0.9057453079550052,1.0
2015-04-20,IF,current,IF1505,2015-05-15,4521.919,4516.4,-5.519000000000233,p,2.7137212895875007,-2.805278710412732,-0.9057453079550052,1.0
2015-04-20,IF,next,IF1506,2015-06-19,4521.919,4525.0,3.081000000000131,y,22.41559157259583,25.49659157259596,3.4300540412147758,0.48749779224237594
2015-04-20,IF,next,IF1506,2015-06-19,4521.919,4525.0,3.081000000000131,d,22.41559157259583,25.49659157259596,3.4300540412147758,0.48749779224237594
2015-04-20,IF,next,IF1506,2015-06-19,4521.919,4525.0,3.081000000000131,p,22.41559157259583,25.49659157259596,3.4300540412147758,0.48749779224237594
2015-04-20,IF,q1,IF1506,2015-06-19,4521.919,4525.0,3.081000000000131,y,22.41559157259583,25.49659157259596,3.4300540412147758,0.48749779224237594
2015-04-20,IF,q1,IF1506,2015-06-19,4521.919,4525.0,3.081000000000131,d,22.41559157259583,25.49659157259596,3.4300540412147758,0.48749779224237594
2015-04-20,IF,q1,IF1506,2015-06-19,4521.919,4525.0,3.081000000000131,p,22.41559157259583,25.49659157259596,3.4300540412147758,0.48749779224237594
2015-04-20,IF,q2,IF1509,2015-09-18,4521.919,4521.8,-0.11899999999968713,y,60.3106965429108,60.19169654291111,3.217582734696134,0.6797632053374902
2015-04-20,IF,q2,IF1509,2015-09-18,4521.919,4521.8,-0.11899999999968713,d,59.6506140139782,59.53161401397851,3.1822976327543078,0.6872853377257562
2015-04-20,IF,q2,IF1509,2015-09-18,4521.919,4521.8,-0.11899999999968713,p,59.996215335391405,59.87721533539172,3.2007719557711796,0.6833263093174121
2015-04-21,IF,current,IF1505,2015-05-15,4619.164,4618.8,-0.363999999999578,y,2.7720805452057315,2.4080805452061536,0.7928467494336693,1.0
2015-04-21,IF,current,IF1505,2015-05-15,4619.164,4618.8,-0.363999999999578,d,2.7720805452057315,2.4080805452061536,0.7928467494336693,1.0
2015-04-21,IF,current,IF1505,2015-05-15,4619.164,4618.8,-0.363999999999578,p,2.7720805452057315,2.4080805452061536,0.7928467494336693,1.0
2015-04-21,IF,next,IF1506,2015-06-19,4619.164,4630.0,10.83600000000024,y,21.02181217760413,31.85781217760437,4.266712876324276,0.5798058871396877
2015-04-21,IF,next,IF1506,2015-06-19,4619.164,4630.0,10.83600000000024,d,21.02181217760413,31.85781217760437,4.266712876324276,0.5798058871396877
2015-04-21,IF,next,IF1506,2015-06-19,4619.164,4630.0,10.83600000000024,p,21.02181217760413,31.85781217760437,4.266712876324276,0.5798058871396877
2015-04-21,IF,q1,IF1506,2015-06-19,4619.164,4630.0,10.83600000000024,y,21.02181217760413,31.85781217760437,4.266712876324276,0.5798058871396877
2015-04-21,IF,q1,IF1506,2015-06-19,4619.164,4630.0,10.83600000000024,d,21.02181217760413,31.85781217760437,4.266712876324276,0.5798058871396877
2015-04-21,IF,q1,IF1506,2015-06-19,4619.164,4630.0,10.83600000000024,p,21.02181217760413,31.85781217760437,4.266712876324276,0.5798058871396877
2015-04-21,IF,q2,IF1509,2015-09-18,4619.164,4625.6,6.436000000000604,y,59.334290209218366,65.77029020921897,3.464718713366737,0.735552388015538
2015-04-21,IF,q2,IF1509,2015-09-18,4619.164,4625.6,6.436000000000604,d,58.66001244027239,65.096012440273,3.4291983774119656,0.7440073235414892
2015-04-21,IF,q2,IF1509,2015-09-18,4619.164,4625.6,6.436000000000604,p,59.01304600461185,65.44904600461246,3.447795862582284,0.7395564508089754
2015-04-22,IF,current,IF1505,2015-05-15,4739.814,4761.0,21.185999999999694,y,2.7224908439471305,23.908490843946826,8.00489965845531,1.0
2015-04-22,IF,current,IF1505,2015-05-15,4739.814,4761.0,21.185999999999694,d,2.7224908439471305,23.908490843946826,8.00489965845531,1.0
2015-04-22,IF,current,IF1505,2015-05-15,4739.814,4761.0,21.185999999999694,p,2.7224908439471305,23.908490843946826,8.00489965845531,1.0
2015-04-22,IF,next,IF1506,2015-06-19,4739.814,4773.6,33.78600000000006,y,21.44889533780896,55.23489533780902,7.333598118312707,0.5774159486029197
2015-04-22,IF,next,IF1506,2015-06-19,4739.814,4773.6,33.78600000000006,d,21.44889533780896,55.23489533780902,7.333598118312707,0.5774159486029197
2015-04-22,IF,next,IF1506,2015-06-19,4739.814,4773.6,33.78600000000006,p,21.44889533780896,55.23489533780902,7.333598118312707,0.5774159486029197
2015-04-22,IF,q1,IF1506,2015-06-19,4739.814,4773.6,33.78600000000006,y,21.44889533780896,55.23489533780902,7.333598118312707,0.5774159486029197
2015-04-22,IF,q1,IF1506,2015-06-19,4739.814,4773.6,33.78600000000006,d,21.44889533780896,55.23489533780902,7.333598118312707,0.5774159486029197
2015-04-22,IF,q1,IF1506,2015-06-19,4739.814,4773.6,33.78600000000006,p,21.44889533780896,55.23489533780902,7.333598118312707,0.5774159486029197
2015-04-22,IF,q2,IF1509,2015-09-18,4739.814,4770.0,30.185999999999694,y,60.76207403181887,90.94807403181856,4.700443137431665,0.7350214439648238
2015-04-22,IF,q2,IF1509,2015-09-18,4739.814,4770.0,30.185999999999694,d,60.07018450177861,90.2561845017783,4.66468440996042,0.7434874349660546
2015-04-22,IF,q2,IF1509,2015-09-18,4739.814,4770.0,30.185999999999694,p,60.432439106881624,90.61843910688131,4.683406710467451,0.7390306936672906
2015-04-23,IF,current,IF1505,2015-05-15,4740.892,4716.0,-24.891999999999825,y,2.7231100338836494,-22.168889966116176,-7.7580767094926495,1.0
2015-04-23,IF,current,IF1505,2015-05-15,4740.892,4716.0,-24.891999999999825,d,2.7231100338836494,-22.168889966116176,-7.7580767094926495,1.0
2015-04-23,IF,current,IF1505,2015-05-15,4740.892,4716.0,-24.891999999999825,p,2.7231100338836494,-22.168889966116176,-7.7580767094926495,1.0
2015-04-23,IF,next,IF1506,2015-06-19,4740.892,4727.2,-13.692000000000007,y,21.45377356914339,7.761773569143383,1.0483804553181704,0.5774159486029197
2015-04-23,IF,next,IF1506,2015-06-19,4740.892,4727.2,-13.692000000000007,d,21.45377356914339,7.761773569143383,1.0483804553181704,0.5774159486029197
2015-04-23,IF,next,IF1506,2015-06-19,4740.892,4727.2,-13.692000000000007,p,21.45377356914339,7.761773569143383,1.0483804553181704,0.5774159486029197
2015-04-23,IF,q1,IF1506,2015-06-19,4740.892,4727.2,-13.692000000000007,y,21.45377356914339,7.761773569143383,1.0483804553181704,0.5774159486029197
2015-04-23,IF,q1,IF1506,2015-06-19,4740.892,4727.2,-13.692000000000007,d,21.45377356914339,7.761773569143383,1.0483804553181704,0.5774159486029197
2015-04-23,IF,q1,IF1506,2015-06-19,4740.892,4727.2,-13.692000000000007,p,21.45377356914339,7.761773569143383,1.0483804553181704,0.5774159486029197
2015-04-23,IF,q2,IF1509,2015-09-18,4740.892,4727.0,-13.891999999999825,y,60.77070189512628,46.878701895126454,2.438634223452606,0.7356873250552499
2015-04-23,IF,q2,IF1509,2015-09-18,4740.892,4727.0,-13.891999999999825,d,60.07865500513194,46.18665500513212,2.4026338829579053,0.7441617179202241
2015-04-23,IF,q2,IF1509,2015-09-18,4740.892,4727.0,-13.891999999999825,p,60.44099199964186,46.548991999642034,2.42148268549539,0.739700551559782
2015-04-24,IF,current,IF1505,2015-05-15,4702.641,4722.0,19.35900000000038,y,2.7011391301157337,22.060139130116113,8.153423315488732,1.0
2015-04-24,IF,current,IF1505,2015-05-15,4702.641,4722.0,19.35900000000038,d,2.7011391301157337,22.060139130116113,8.153423315488732,1.0
2015-04-24,IF,current,IF1505,2015-05-15,4702.641,4722.0,19.35900000000038,p,2.7011391301157337,22.060139130116113,8.153423315488732,1.0
2015-04-24,IF,next,IF1506,2015-06-19,4702.641,4736.8,34.15900000000056,y,20.675480769932406,54.834480769932966,7.600055206450381,0.5988541200523347
2015-04-24,IF,next,IF1506,2015-06-19,4702.641,4736.8,34.15900000000056,d,20.675480769932406,54.834480769932966,7.600055206450381,0.5988541200523347
2015-04-24,IF,next,IF1506,2015-06-19,4702.641,4736.8,34.15900000000056,p,20.675480769932406,54.834480769932966,7.600055206450381,0.5988541200523347
2015-04-24,IF,q1,IF1506,2015-06-19,4702.641,4736.8,34.15900000000056,y,20.675480769932406,54.834480769932966,7.600055206450381,0.5988541200523347
2015-04-24,IF,q1,IF1506,2015-06-19,4702.641,4736.8,34.15900000000056,d,20.675480769932406,54.834480769932966,7.600055206450381,0.5988541200523347
2015-04-24,IF,q1,IF1506,2015-06-19,4702.641,4736.8,34.15900000000056,p,20.675480769932406,54.834480769932966,7.600055206450381,0.5988541200523347
2015-04-24,IF,q2,IF1509,2015-09-18,4702.641,4733.4,30.759000000000015,y,59.67518781658703,90.43418781658704,4.774922711515276,0.7447200552410427
2015-04-24,IF,q2,IF1509,2015-09-18,4702.641,4733.4,30.759000000000015,d,58.988724577430794,89.7477245774308,4.7386774707451,0.7533865070934526
2015-04-24,IF,q2,IF1509,2015-09-18,4702.641,4733.4,30.759000000000015,p,59.34813812369997,90.10713812369998,4.757654496429098,0.7488239828966291
2015-04-27,IF,current,IF1505,2015-05-15,4807.592,4804.0,-3.5919999999996435,y,2.761421693221183,-0.8305783067784605,-0.35032678172142234,1.0
2015-04-27,IF,current,IF1505,2015-05-15,4807.592,4804.0,-3.5919999999996435,d,2.761421693221183,-0.8305783067784605,-0.35032678172142234,1.0
2015-04-27,IF,current,IF1505,2015-05-15,4807.592,4804.0,-3.5919999999996435,p,2.761421693221183,-0.8305783067784605,-0.35032678172142234,1.0
2015-04-27,IF,next,IF1506,2015-06-19,4807.592,4811.2,3.6080000000001746,y,20.892786423401407,24.500786423401582,3.5096953116879797,0.6468250909516254
2015-04-27,IF,next,IF1506,2015-06-19,4807.592,4811.2,3.6080000000001746,d,20.892786423401407,24.500786423401582,3.5096953116879797,0.6468250909516254
2015-04-27,IF,next,IF1506,2015-06-19,4807.592,4811.2,3.6080000000001746,p,20.892786423401407,24.500786423401582,3.5096953116879797,0.6468250909516254
2015-04-27,IF,q1,IF1506,2015-06-19,4807.592,4811.2,3.6080000000001746,y,20.892786423401407,24.500786423401582,3.5096953116879797,0.6468250909516254
2015-04-27,IF,q1,IF1506,2015-06-19,4807.592,4811.2,3.6080000000001746,d,20.892786423401407,24.500786423401582,3.5096953116879797,0.6468250909516254
2015-04-27,IF,q1,IF1506,2015-06-19,4807.592,4811.2,3.6080000000001746,p,20.892786423401407,24.500786423401582,3.5096953116879797,0.6468250909516254
2015-04-27,IF,q2,IF1509,2015-09-18,4807.592,4816.8,9.208000000000538,y,60.72176197758378,69.92976197758432,3.6869293750237877,0.764553363617012
2015-04-27,IF,q2,IF1509,2015-09-18,4807.592,4816.8,9.208000000000538,d,60.01997862289828,69.22797862289882,3.6499290250709007,0.7734929006955963
2015-04-27,IF,q2,IF1509,2015-09-18,4807.592,4816.8,9.208000000000538,p,60.38741336642542,69.59541336642596,3.6693014054566477,0.7687864867304441
2015-04-28,IF,current,IF1505,2015-05-15,4741.861,4721.0,-20.860999999999876,y,2.7236666155612816,-18.137333384438595,-8.212370982269082,1.0
2015-04-28,IF,current,IF1505,2015-05-15,4741.861,4721.0,-20.860999999999876,d,2.7236666155612816,-18.137333384438595,-8.212370982269082,1.0
2015-04-28,IF,current,IF1505,2015-05-15,4741.861,4721.0,-20.860999999999876,p,2.7236666155612816,-18.137333384438595,-8.212370982269082,1.0
2015-04-28,IF,next,IF1506,2015-06-19,4741.861,4726.8,-15.060999999999694,y,18.74966298086698,3.688662980867285,0.54602141843943,0.8652534292527937
2015-04-28,IF,next,IF1506,2015-06-19,4741.861,4726.8,-15.060999999999694,d,18.74966298086698,3.688662980867285,0.54602141843943,0.8652534292527937
2015-04-28,IF,next,IF1506,2015-06-19,4741.861,4726.8,-15.060999999999694,p,18.74966298086698,3.688662980867285,0.54602141843943,0.8652534292527937
2015-04-28,IF,q1,IF1506,2015-06-19,4741.861,4726.8,-15.060999999999694,y,18.74966298086698,3.688662980867285,0.54602141843943,0.8652534292527937
2015-04-28,IF,q1,IF1506,2015-06-19,4741.861,4726.8,-15.060999999999694,d,18.74966298086698,3.688662980867285,0.54602141843943,0.8652534292527937
2015-04-28,IF,q1,IF1506,2015-06-19,4741.861,4726.8,-15.060999999999694,p,18.74966298086698,3.688662980867285,0.54602141843943,0.8652534292527937
2015-04-28,IF,q2,IF1509,2015-09-18,4741.861,4726.8,-15.060999999999694,y,57.942155150419865,42.88115515042017,2.308205565490294,0.9021389282959704
2015-04-28,IF,q2,IF1509,2015-09-18,4741.861,4726.8,-15.060999999999694,d,57.24996681163563,42.188966811635936,2.2709464718314427,0.913046359005657
2015-04-28,IF,q2,IF1509,2015-09-18,4741.861,4726.8,-15.060999999999694,p,57.61237786489814,42.55137786489845,2.2904543234087,0.9073028346987676
2015-04-29,IF,current,IF1505,2015-05-15,4774.326,4771.0,-3.326000000000022,y,2.7423141121188985,-0.5836858878811233,-0.27889453542318066,1.0
2015-04-29,IF,current,IF1505,2015-05-15,4774.326,4771.0,-3.326000000000022,d,2.7423141121188985,-0.5836858878811233,-0.27889453542318066,1.0
2015-04-29,IF,current,IF1505,2015-05-15,4774.326,4771.0,-3.326000000000022,p,2.7423141121188985,-0.5836858878811233,-0.27889453542318066,1.0
2015-04-29,IF,next,IF1506,2015-06-19,4774.326,4778.2,3.8739999999997963,y,,,,
2015-04-29,IF,next,IF1506,2015-06-19,4774.326,4778.2,3.8739999999997963,d,,,,
2015-04-29,IF,next,IF1506,2015-06-19,4774.326,4778.2,3.8739999999997963,p,,,,
2015-04-29,IF,q1,IF1506,2015-06-19,4774.326,4778.2,3.8739999999997963,y,,,,
2015-04-29,IF,q1,IF1506,2015-06-19,4774.326,4778.2,3.8739999999997963,d,,,,
2015-04-29,IF,q1,IF1506,2015-06-19,4774.326,4778.2,3.8739999999997963,p,,,,
2015-04-29,IF,q2,IF1509,2015-09-18,4774.326,4781.0,6.673999999999978,y,,,,
2015-04-29,IF,q2,IF1509,2015-09-18,4774.326,4781.0,6.673999999999978,d,,,,
2015-04-29,IF,q2,IF1509,2015-09-18,4774.326,4781.0,6.673999999999978,p,,,,
2015-04-30,IF,current,IF1505,2015-05-15,4749.886,4767.8,17.91399999999976,y,1.0595781666804682,18.973578166680227,9.720031218767893,1.0
2015-04-30,IF,current,IF1505,2015-05-15,4749.886,4767.8,17.91399999999976,d,1.0595781666804682,18.973578166680227,9.720031218767893,1.0
2015-04-30,IF,current,IF1505,2015-05-15,4749.886,4767.8,17.91399999999976,p,1.0595781666804682,18.973578166680227,9.720031218767893,1.0
2015-04-30,IF,next,IF1506,2015-06-19,4749.886,4772.6,22.713999999999942,y,,,,
2015-04-30,IF,next,IF1506,2015-06-19,4749.886,4772.6,22.713999999999942,d,,,,
2015-04-30,IF,next,IF1506,2015-06-19,4749.886,4772.6,22.713999999999942,p,,,,
2015-04-30,IF,q1,IF1506,2015-06-19,4749.886,4772.6,22.713999999999942,y,,,,
2015-04-30,IF,q1,IF1506,2015-06-19,4749.886,4772.6,22.713999999999942,d,,,,
2015-04-30,IF,q1,IF1506,2015-06-19,4749.886,4772.6,22.713999999999942,p,,,,
2015-04-30,IF,q2,IF1509,2015-09-18,4749.886,4772.0,22.113999999999578,y,,,,
2015-04-30,IF,q2,IF1509,2015-09-18,4749.886,4772.0,22.113999999999578,d,,,,
2015-04-30,IF,q2,IF1509,2015-09-18,4749.886,4772.0,22.113999999999578,p,,,,
2015-05-04,IF,current,IF1505,2015-05-15,4787.741,4757.6,-30.14099999999962,y,1.0680226496637837,-29.072977350335837,-20.149257205913223,1.0
2015-05-04,IF,current,IF1505,2015-05-15,4787.741,4757.6,-30.14099999999962,d,1.0680226496637837,-29.072977350335837,-20.149257205913223,1.0
2015-05-04,IF,current,IF1505,2015-05-15,4787.741,4757.6,-30.14099999999962,p,1.0680226496637837,-29.072977350335837,-20.149257205913223,1.0
2015-05-04,IF,next,IF1506,2015-06-19,4787.741,4763.0,-24.740999999999985,y,,,,
2015-05-04,IF,next,IF1506,2015-06-19,4787.741,4763.0,-24.740999999999985,d,,,,
2015-05-04,IF,next,IF1506,2015-06-19,4787.741,4763.0,-24.740999999999985,p,,,,
2015-05-04,IF,q1,IF1506,2015-06-19,4787.741,4763.0,-24.740999999999985,y,,,,
2015-05-04,IF,q1,IF1506,2015-06-19,4787.741,4763.0,-24.740999999999985,d,,,,
2015-05-04,IF,q1,IF1506,2015-06-19,4787.741,4763.0,-24.740999999999985,p,,,,
2015-05-04,IF,q2,IF1509,2015-09-18,4787.741,4762.2,-25.541000000000167,y,,,,
2015-05-04,IF,q2,IF1509,2015-09-18,4787.741,4762.2,-25.541000000000167,d,,,,
2015-05-04,IF,q2,IF1509,2015-09-18,4787.741,4762.2,-25.541000000000167,p,,,,
2015-05-05,IF,current,IF1505,2015-05-15,4596.837,4618.0,21.162999999999556,y,1.0254368464819879,22.188436846481544,17.618156678093573,1.0
2015-05-05,IF,current,IF1505,2015-05-15,4596.837,4618.0,21.162999999999556,d,1.0254368464819879,22.188436846481544,17.618156678093573,1.0
2015-05-05,IF,current,IF1505,2015-05-15,4596.837,4618.0,21.162999999999556,p,1.0254368464819879,22.188436846481544,17.618156678093573,1.0
2015-05-05,IF,next,IF1506,2015-06-19,4596.837,4611.8,14.962999999999738,y,,,,
2015-05-05,IF,next,IF1506,2015-06-19,4596.837,4611.8,14.962999999999738,d,,,,
2015-05-05,IF,next,IF1506,2015-06-19,4596.837,4611.8,14.962999999999738,p,,,,
2015-05-05,IF,q1,IF1506,2015-06-19,4596.837,4611.8,14.962999999999738,y,,,,
2015-05-05,IF,q1,IF1506,2015-06-19,4596.837,4611.8,14.962999999999738,d,,,,
2015-05-05,IF,q1,IF1506,2015-06-19,4596.837,4611.8,14.962999999999738,p,,,,
2015-05-05,IF,q2,IF1509,2015-09-18,4596.837,4608.0,11.162999999999556,y,,,,
2015-05-05,IF,q2,IF1509,2015-09-18,4596.837,4608.0,11.162999999999556,d,,,,
2015-05-05,IF,q2,IF1509,2015-09-18,4596.837,4608.0,11.162999999999556,p,,,,
2015-05-06,IF,current,IF1505,2015-05-15,4553.327,4582.0,28.672999999999774,y,1.0157308775319398,29.688730877531714,26.44314749363872,1.0
2015-05-06,IF,current,IF1505,2015-05-15,4553.327,4582.0,28.672999999999774,d,1.0157308775319398,29.688730877531714,26.44314749363872,1.0
2015-05-06,IF,current,IF1505,2015-05-15,4553.327,4582.0,28.672999999999774,p,1.0157308775319398,29.688730877531714,26.44314749363872,1.0
2015-05-06,IF,next,IF1506,2015-06-19,4553.327,4571.0,17.672999999999774,y,,,,
2015-05-06,IF,next,IF1506,2015-06-19,4553.327,4571.0,17.672999999999774,d,,,,
2015-05-06,IF,next,IF1506,2015-06-19,4553.327,4571.0,17.672999999999774,p,,,,
2015-05-06,IF,q1,IF1506,2015-06-19,4553.327,4571.0,17.672999999999774,y,,,,
2015-05-06,IF,q1,IF1506,2015-06-19,4553.327,4571.0,17.672999999999774,d,,,,
2015-05-06,IF,q1,IF1506,2015-06-19,4553.327,4571.0,17.672999999999774,p,,,,
2015-05-06,IF,q2,IF1509,2015-09-18,4553.327,4566.8,13.472999999999956,y,,,,
2015-05-06,IF,q2,IF1509,2015-09-18,4553.327,4566.8,13.472999999999956,d,,,,
2015-05-06,IF,q2,IF1509,2015-09-18,4553.327,4566.8,13.472999999999956,p,,,,
2015-05-07,IF,current,IF1505,2015-05-15,4470.089,4503.2,33.110999999999876,y,0.9971626071696303,34.108162607169504,34.81328713929652,1.0
2015-05-07,IF,current,IF1505,2015-05-15,4470.089,4503.2,33.110999999999876,d,0.9971626071696303,34.108162607169504,34.81328713929652,1.0
2015-05-07,IF,current,IF1505,2015-05-15,4470.089,4503.2,33.110999999999876,p,0.9971626071696303,34.108162607169504,34.81328713929652,1.0
2015-05-07,IF,next,IF1506,2015-06-19,4470.089,4508.4,38.310999999999694,y,,,,
2015-05-07,IF,next,IF1506,2015-06-19,4470.089,4508.4,38.310999999999694,d,,,,
2015-05-07,IF,next,IF1506,2015-06-19,4470.089,4508.4,38.310999999999694,p,,,,
2015-05-07,IF,q1,IF1506,2015-06-19,4470.089,4508.4,38.310999999999694,y,,,,
2015-05-07,IF,q1,IF1506,2015-06-19,4470.089,4508.4,38.310999999999694,d,,,,
2015-05-07,IF,q1,IF1506,2015-06-19,4470.089,4508.4,38.310999999999694,p,,,,
2015-05-07,IF,q2,IF1509,2015-09-18,4470.089,4511.6,41.51100000000042,y,,,,
2015-05-07,IF,q2,IF1509,2015-09-18,4470.089,4511.6,41.51100000000042,d,,,,
2015-05-07,IF,q2,IF1509,2015-09-18,4470.089,4511.6,41.51100000000042,p,,,,
2015-05-08,IF,current,IF1505,2015-05-15,4558.404,4541.4,-17.004000000000815,y,0.6901636530722642,-16.31383634692855,-18.661137496585333,1.0
2015-05-08,IF,current,IF1505,2015-05-15,4558.404,4541.4,-17.004000000000815,d,0.6901636530722642,-16.31383634692855,-18.661137496585333,1.0
2015-05-08,IF,current,IF1505,2015-05-15,4558.404,4541.4,-17.004000000000815,p,0.6901636530722642,-16.31383634692855,-18.661137496585333,1.0
2015-05-08,IF,next,IF1506,2015-06-19,4558.404,4554.0,-4.404000000000451,y,,,,
2015-05-08,IF,next,IF1506,2015-06-19,4558.404,4554.0,-4.404000000000451,d,,,,
2015-05-08,IF,next,IF1506,2015-06-19,4558.404,4554.0,-4.404000000000451,p,,,,
2015-05-08,IF,q1,IF1506,2015-06-19,4558.404,4554.0,-4.404000000000451,y,,,,
2015-05-08,IF,q1,IF1506,2015-06-19,4558.404,4554.0,-4.404000000000451,d,,,,
2015-05-08,IF,q1,IF1506,2015-06-19,4558.404,4554.0,-4.404000000000451,p,,,,
2015-05-08,IF,q2,IF1509,2015-09-18,4558.404,4555.0,-3.404000000000451,y,,,,
2015-05-08,IF,q2,IF1509,2015-09-18,4558.404,4555.0,-3.404000000000451,d,,,,
2015-05-08,IF,q2,IF1509,2015-09-18,4558.404,4555.0,-3.404000000000451,p,,,,
2015-05-11,IF,current,IF1505,2015-05-15,4690.532,4658.0,-32.53200000000015,y,0.6054296284525069,-31.926570371547648,-62.11021577944086,1.0
2015-05-11,IF,current,IF1505,2015-05-15,4690.532,4658.0,-32.53200000000015,d,0.6054296284525069,-31.926570371547648,-62.11021577944086,1.0
2015-05-11,IF,current,IF1505,2015-05-15,4690.532,4658.0,-32.53200000000015,p,0.6054296284525069,-31.926570371547648,-62.11021577944086,1.0
2015-05-11,IF,next,IF1506,2015-06-19,4690.532,4664.0,-26.532000000000153,y,,,,
2015-05-11,IF,next,IF1506,2015-06-19,4690.532,4664.0,-26.532000000000153,d,,,,
2015-05-11,IF,next,IF1506,2015-06-19,4690.532,4664.0,-26.532000000000153,p,,,,
2015-05-11,IF,q1,IF1506,2015-06-19,4690.532,4664.0,-26.532000000000153,y,,,,
2015-05-11,IF,q1,IF1506,2015-06-19,4690.532,4664.0,-26.532000000000153,d,,,,
2015-05-11,IF,q1,IF1506,2015-06-19,4690.532,4664.0,-26.532000000000153,p,,,,
2015-05-11,IF,q2,IF1509,2015-09-18,4690.532,4652.4,-38.13200000000052,y,,,,
2015-05-11,IF,q2,IF1509,2015-09-18,4690.532,4652.4,-38.13200000000052,d,,,,
2015-05-11,IF,q2,IF1509,2015-09-18,4690.532,4652.4,-38.13200000000052,p,,,,
2015-05-12,IF,current,IF1505,2015-05-15,4747.421,4704.0,-43.42100000000028,y,0.5526523879511148,-42.86834761204916,-109.86278569914025,1.0
2015-05-12,IF,current,IF1505,2015-05-15,4747.421,4704.0,-43.42100000000028,d,0.5526523879511148,-42.86834761204916,-109.86278569914025,1.0
2015-05-12,IF,current,IF1505,2015-05-15,4747.421,4704.0,-43.42100000000028,p,0.5526523879511148,-42.86834761204916,-109.86278569914025,1.0
2015-05-12,IF,next,IF1506,2015-06-19,4747.421,4702.4,-45.02100000000064,y,,,,
2015-05-12,IF,next,IF1506,2015-06-19,4747.421,4702.4,-45.02100000000064,d,,,,
2015-05-12,IF,next,IF1506,2015-06-19,4747.421,4702.4,-45.02100000000064,p,,,,
2015-05-12,IF,q1,IF1506,2015-06-19,4747.421,4702.4,-45.02100000000064,y,,,,
2015-05-12,IF,q1,IF1506,2015-06-19,4747.421,4702.4,-45.02100000000064,d,,,,
2015-05-12,IF,q1,IF1506,2015-06-19,4747.421,4702.4,-45.02100000000064,p,,,,
2015-05-12,IF,q2,IF1509,2015-09-18,4747.421,4699.4,-48.02100000000064,y,,,,
2015-05-12,IF,q2,IF1509,2015-09-18,4747.421,4699.4,-48.02100000000064,d,,,,
2015-05-12,IF,q2,IF1509,2015-09-18,4747.421,4699.4,-48.02100000000064,p,,,,
2015-05-13,IF,current,IF1505,2015-05-15,4718.436,4674.2,-44.235999999999876,y,0.5492782129064403,-43.68672178709343,-168.97181028087593,1.0
2015-05-13,IF,current,IF1505,2015-05-15,4718.436,4674.2,-44.235999999999876,d,0.5492782129064403,-43.68672178709343,-168.97181028087593,1.0
2015-05-13,IF,current,IF1505,2015-05-15,4718.436,4674.2,-44.235999999999876,p,0.5492782129064403,-43.68672178709343,-168.97181028087593,1.0
2015-05-13,IF,next,IF1506,2015-06-19,4718.436,4653.2,-65.23599999999988,y,,,,
2015-05-13,IF,next,IF1506,2015-06-19,4718.436,4653.2,-65.23599999999988,d,,,,
2015-05-13,IF,next,IF1506,2015-06-19,4718.436,4653.2,-65.23599999999988,p,,,,
2015-05-13,IF,q1,IF1506,2015-06-19,4718.436,4653.2,-65.23599999999988,y,,,,
2015-05-13,IF,q1,IF1506,2015-06-19,4718.436,4653.2,-65.23599999999988,d,,,,
2015-05-13,IF,q1,IF1506,2015-06-19,4718.436,4653.2,-65.23599999999988,p,,,,
2015-05-13,IF,q2,IF1509,2015-09-18,4718.436,4634.2,-84.23599999999988,y,,,,
2015-05-13,IF,q2,IF1509,2015-09-18,4718.436,4634.2,-84.23599999999988,d,,,,
2015-05-13,IF,q2,IF1509,2015-09-18,4718.436,4634.2,-84.23599999999988,p,,,,
2015-05-14,IF,current,IF1505,2015-05-15,4700.778,4691.0,-9.778000000000247,y,0.17051644393928989,-9.607483556060957,-74.59895995859087,1.0
2015-05-14,IF,current,IF1505,2015-05-15,4700.778,4691.0,-9.778000000000247,d,0.17051644393928989,-9.607483556060957,-74.59895995859087,1.0
2015-05-14,IF,current,IF1505,2015-05-15,4700.778,4691.0,-9.778000000000247,p,0.17051644393928989,-9.607483556060957,-74.59895995859087,1.0
2015-05-14,IF,next,IF1506,2015-06-19,4700.778,4664.0,-36.77800000000025,y,,,,
2015-05-14,IF,next,IF1506,2015-06-19,4700.778,4664.0,-36.77800000000025,d,,,,
2015-05-14,IF,next,IF1506,2015-06-19,4700.778,4664.0,-36.77800000000025,p,,,,
2015-05-14,IF,q1,IF1506,2015-06-19,4700.778,4664.0,-36.77800000000025,y,,,,
2015-05-14,IF,q1,IF1506,2015-06-19,4700.778,4664.0,-36.77800000000025,d,,,,
2015-05-14,IF,q1,IF1506,2015-06-19,4700.778,4664.0,-36.77800000000025,p,,,,
2015-05-14,IF,q2,IF1509,2015-09-18,4700.778,4638.0,-62.77800000000025,y,,,,
2015-05-14,IF,q2,IF1509,2015-09-18,4700.778,4638.0,-62.77800000000025,d,,,,
2015-05-14,IF,q2,IF1509,2015-09-18,4700.778,4638.0,-62.77800000000025,p,,,,
2015-05-15,IF,current,IF1505,2015-05-15,4617.47,4634.6,17.13000000000011,y,0.0,17.13000000000011,,
2015-05-15,IF,current,IF1505,2015-05-15,4617.47,4634.6,17.13000000000011,d,0.0,17.13000000000011,,
2015-05-15,IF,current,IF1505,2015-05-15,4617.47,4634.6,17.13000000000011,p,0.0,17.13000000000011,,
2015-05-15,IF,next,IF1506,2015-06-19,4617.47,4563.0,-54.470000000000255,y,,,,
2015-05-15,IF,next,IF1506,2015-06-19,4617.47,4563.0,-54.470000000000255,d,,,,
2015-05-15,IF,next,IF1506,2015-06-19,4617.47,4563.0,-54.470000000000255,p,,,,
2015-05-15,IF,q1,IF1506,2015-06-19,4617.47,4563.0,-54.470000000000255,y,,,,
2015-05-15,IF,q1,IF1506,2015-06-19,4617.47,4563.0,-54.470000000000255,d,,,,
2015-05-15,IF,q1,IF1506,2015-06-19,4617.47,4563.0,-54.470000000000255,p,,,,
2015-05-15,IF,q2,IF1509,2015-09-18,4617.47,4523.2,-94.27000000000044,y,,,,
2015-05-15,IF,q2,IF1509,2015-09-18,4617.47,4523.2,-94.27000000000044,d,,,,
2015-05-15,IF,q2,IF1509,2015-09-18,4617.47,4523.2,-94.27000000000044,p,,,,
2015-05-18,IF,current,IF1506,2015-06-19,4575.14,4536.8,-38.340000000000146,y,,,,
2015-05-18,IF,current,IF1506,2015-06-19,4575.14,4536.8,-38.340000000000146,d,,,,
2015-05-18,IF,current,IF1506,2015-06-19,4575.14,4536.8,-38.340000000000146,p,,,,
2015-05-18,IF,next,IF1507,2015-07-17,4575.14,4527.0,-48.14000000000033,y,,,,
2015-05-18,IF,next,IF1507,2015-07-17,4575.14,4527.0,-48.14000000000033,d,,,,
2015-05-18,IF,next,IF1507,2015-07-17,4575.14,4527.0,-48.14000000000033,p,,,,
2015-05-18,IF,q1,IF1509,2015-09-18,4575.14,4496.8,-78.34000000000015,y,,,,
2015-05-18,IF,q1,IF1509,2015-09-18,4575.14,4496.8,-78.34000000000015,d,,,,
2015-05-18,IF,q1,IF1509,2015-09-18,4575.14,4496.8,-78.34000000000015,p,,,,
2015-05-18,IF,q2,IF1512,2015-12-18,4575.14,4525.0,-50.14000000000033,y,,,,
2015-05-18,IF,q2,IF1512,2015-12-18,4575.14,4525.0,-50.14000000000033,d,,,,
2015-05-18,IF,q2,IF1512,2015-12-18,4575.14,4525.0,-50.14000000000033,p,,,,
2015-05-19,IF,current,IF1506,2015-06-19,4731.222,4774.0,42.77800000000025,y,,,,
2015-05-19,IF,current,IF1506,2015-06-19,4731.222,4774.0,42.77800000000025,d,,,,
2015-05-19,IF,current,IF1506,2015-06-19,4731.222,4774.0,42.77800000000025,p,,,,
2015-05-19,IF,next,IF1507,2015-07-17,4731.222,4756.6,25.37800000000061,y,,,,
2015-05-19,IF,next,IF1507,2015-07-17,4731.222,4756.6,25.37800000000061,d,,,,
2015-05-19,IF,next,IF1507,2015-07-17,4731.222,4756.6,25.37800000000061,p,,,,
2015-05-19,IF,q1,IF1509,2015-09-18,4731.222,4753.8,22.57800000000043,y,,,,
2015-05-19,IF,q1,IF1509,2015-09-18,4731.222,4753.8,22.57800000000043,d,,,,
2015-05-19,IF,q1,IF1509,2015-09-18,4731.222,4753.8,22.57800000000043,p,,,,
2015-05-19,IF,q2,IF1512,2015-12-18,4731.222,4791.6,60.37800000000061,y,,,,
2015-05-19,IF,q2,IF1512,2015-12-18,4731.222,4791.6,60.37800000000061,d,,,,
2015-05-19,IF,q2,IF1512,2015-12-18,4731.222,4791.6,60.37800000000061,p,,,,
2015-05-20,IF,current,IF1506,2015-06-19,4754.919,4775.0,20.08100000000013,y,,,,
2015-05-20,IF,current,IF1506,2015-06-19,4754.919,4775.0,20.08100000000013,d,,,,
2015-05-20,IF,current,IF1506,2015-06-19,4754.919,4775.0,20.08100000000013,p,,,,
2015-05-20,IF,next,IF1507,2015-07-17,4754.919,4761.0,6.081000000000131,y,,,,
2015-05-20,IF,next,IF1507,2015-07-17,4754.919,4761.0,6.081000000000131,d,,,,
2015-05-20,IF,next,IF1507,2015-07-17,4754.919,4761.0,6.081000000000131,p,,,,
2015-05-20,IF,q1,IF1509,2015-09-18,4754.919,4761.0,6.081000000000131,y,,,,
2015-05-20,IF,q1,IF1509,2015-09-18,4754.919,4761.0,6.081000000000131,d,,,,
2015-05-20,IF,q1,IF1509,2015-09-18,4754.919,4761.0,6.081000000000131,p,,,,
2015-05-20,IF,q2,IF1512,2015-12-18,4754.919,4792.4,37.48099999999977,y,,,,
2015-05-20,IF,q2,IF1512,2015-12-18,4754.919,4792.4,37.48099999999977,d,,,,
2015-05-20,IF,q2,IF1512,2015-12-18,4754.919,4792.4,37.48099999999977,p,,,,
2015-05-21,IF,current,IF1506,2015-06-19,4840.976,4891.8,50.824000000000524,y,,,,
2015-05-21,IF,current,IF1506,2015-06-19,4840.976,4891.8,50.824000000000524,d,,,,
2015-05-21,IF,current,IF1506,2015-06-19,4840.976,4891.8,50.824000000000524,p,,,,
2015-05-21,IF,next,IF1507,2015-07-17,4840.976,4878.4,37.42399999999998,y,,,,
2015-05-21,IF,next,IF1507,2015-07-17,4840.976,4878.4,37.42399999999998,d,,,,
2015-05-21,IF,next,IF1507,2015-07-17,4840.976,4878.4,37.42399999999998,p,,,,
2015-05-21,IF,q1,IF1509,2015-09-18,4840.976,4874.0,33.02400000000034,y,,,,
2015-05-21,IF,q1,IF1509,2015-09-18,4840.976,4874.0,33.02400000000034,d,,,,
2015-05-21,IF,q1,IF1509,2015-09-18,4840.976,4874.0,33.02400000000034,p,,,,
2015-05-21,IF,q2,IF1512,2015-12-18,4840.976,4900.8,59.824000000000524,y,,,,
2015-05-21,IF,q2,IF1512,2015-12-18,4840.976,4900.8,59.824000000000524,d,,,,
2015-05-21,IF,q2,IF1512,2015-12-18,4840.976,4900.8,59.824000000000524,p,,,,
2015-05-22,IF,current,IF1506,2015-06-19,4951.335,5022.8,71.46500000000015,y,,,,
2015-05-22,IF,current,IF1506,2015-06-19,4951.335,5022.8,71.46500000000015,d,,,,
2015-05-22,IF,current,IF1506,2015-06-19,4951.335,5022.8,71.46500000000015,p,,,,
2015-05-22,IF,next,IF1507,2015-07-17,4951.335,5011.4,60.0649999999996,y,,,,
2015-05-22,IF,next,IF1507,2015-07-17,4951.335,5011.4,60.0649999999996,d,,,,
2015-05-22,IF,next,IF1507,2015-07-17,4951.335,5011.4,60.0649999999996,p,,,,
2015-05-22,IF,q1,IF1509,2015-09-18,4951.335,5011.0,59.664999999999964,y,,,,
2015-05-22,IF,q1,IF1509,2015-09-18,4951.335,5011.0,59.664999999999964,d,,,,
2015-05-22,IF,q1,IF1509,2015-09-18,4951.335,5011.0,59.664999999999964,p,,,,
2015-05-22,IF,q2,IF1512,2015-12-18,4951.335,5047.8,96.46500000000015,y,,,,
2015-05-22,IF,q2,IF1512,2015-12-18,4951.335,5047.8,96.46500000000015,d,,,,
2015-05-22,IF,q2,IF1512,2015-12-18,4951.335,5047.8,96.46500000000015,p,,,,
2015-05-25,IF,current,IF1506,2015-06-19,5099.495,5156.4,56.904999999999745,y,,,,
2015-05-25,IF,current,IF1506,2015-06-19,5099.495,5156.4,56.904999999999745,d,,,,
2015-05-25,IF,current,IF1506,2015-06-19,5099.495,5156.4,56.904999999999745,p,,,,
2015-05-25,IF,next,IF1507,2015-07-17,5099.495,5145.0,45.50500000000011,y,,,,
2015-05-25,IF,next,IF1507,2015-07-17,5099.495,5145.0,45.50500000000011,d,,,,
2015-05-25,IF,next,IF1507,2015-07-17,5099.495,5145.0,45.50500000000011,p,,,,
2015-05-25,IF,q1,IF1509,2015-09-18,5099.495,5161.0,61.50500000000011,y,,,,
2015-05-25,IF,q1,IF1509,2015-09-18,5099.495,5161.0,61.50500000000011,d,,,,
2015-05-25,IF,q1,IF1509,2015-09-18,5099.495,5161.0,61.50500000000011,p,,,,
2015-05-25,IF,q2,IF1512,2015-12-18,5099.495,5191.2,91.70499999999993,y,,,,
2015-05-25,IF,q2,IF1512,2015-12-18,5099.495,5191.2,91.70499999999993,d,,,,
2015-05-25,IF,q2,IF1512,2015-12-18,5099.495,5191.2,91.70499999999993,p,,,,
2015-05-26,IF,current,IF1506,2015-06-19,5198.918,5274.2,75.28200000000015,y,,,,
2015-05-26,IF,current,IF1506,2015-06-19,5198.918,5274.2,75.28200000000015,d,,,,
2015-05-26,IF,current,IF1506,2015-06-19,5198.918,5274.2,75.28200000000015,p,,,,
2015-05-26,IF,next,IF1507,2015-07-17,5198.918,5267.0,68.08200000000033,y,,,,
2015-05-26,IF,next,IF1507,2015-07-17,5198.918,5267.0,68.08200000000033,d,,,,
2015-05-26,IF,next,IF1507,2015-07-17,5198.918,5267.0,68.08200000000033,p,,,,
2015-05-26,IF,q1,IF1509,2015-09-18,5198.918,5284.0,85.08200000000033,y,,,,
2015-05-26,IF,q1,IF1509,2015-09-18,5198.918,5284.0,85.08200000000033,d,,,,
2015-05-26,IF,q1,IF1509,2015-09-18,5198.918,5284.0,85.08200000000033,p,,,,
2015-05-26,IF,q2,IF1512,2015-12-18,5198.918,5315.4,116.48199999999997,y,,,,
2015-05-26,IF,q2,IF1512,2015-12-18,5198.918,5315.4,116.48199999999997,d,,,,
2015-05-26,IF,q2,IF1512,2015-12-18,5198.918,5315.4,116.48199999999997,p,,,,
2015-05-27,IF,current,IF1506,2015-06-19,5181.434,5290.0,108.5659999999998,y,,,,
2015-05-27,IF,current,IF1506,2015-06-19,5181.434,5290.0,108.5659999999998,d,,,,
2015-05-27,IF,current,IF1506,2015-06-19,5181.434,5290.0,108.5659999999998,p,,,,
2015-05-27,IF,next,IF1507,2015-07-17,5181.434,5280.0,98.5659999999998,y,,,,
2015-05-27,IF,next,IF1507,2015-07-17,5181.434,5280.0,98.5659999999998,d,,,,
2015-05-27,IF,next,IF1507,2015-07-17,5181.434,5280.0,98.5659999999998,p,,,,
2015-05-27,IF,q1,IF1509,2015-09-18,5181.434,5304.2,122.76599999999962,y,,,,
2015-05-27,IF,q1,IF1509,2015-09-18,5181.434,5304.2,122.76599999999962,d,,,,
2015-05-27,IF,q1,IF1509,2015-09-18,5181.434,5304.2,122.76599999999962,p,,,,
2015-05-27,IF,q2,IF1512,2015-12-18,5181.434,5328.6,147.16600000000017,y,,,,
2015-05-27,IF,q2,IF1512,2015-12-18,5181.434,5328.6,147.16600000000017,d,,,,
2015-05-27,IF,q2,IF1512,2015-12-18,5181.434,5328.6,147.16600000000017,p,,,,
2015-05-28,IF,current,IF1506,2015-06-19,4834.007,4943.2,109.19300000000021,y,,,,
2015-05-28,IF,current,IF1506,2015-06-19,4834.007,4943.2,109.19300000000021,d,,,,
2015-05-28,IF,current,IF1506,2015-06-19,4834.007,4943.2,109.19300000000021,p,,,,
2015-05-28,IF,next,IF1507,2015-07-17,4834.007,4939.8,105.79300000000057,y,,,,
2015-05-28,IF,next,IF1507,2015-07-17,4834.007,4939.8,105.79300000000057,d,,,,
2015-05-28,IF,next,IF1507,2015-07-17,4834.007,4939.8,105.79300000000057,p,,,,
2015-05-28,IF,q1,IF1509,2015-09-18,4834.007,4942.6,108.59300000000076,y,,,,
2015-05-28,IF,q1,IF1509,2015-09-18,4834.007,4942.6,108.59300000000076,d,,,,
2015-05-28,IF,q1,IF1509,2015-09-18,4834.007,4942.6,108.59300000000076,p,,,,
2015-05-28,IF,q2,IF1512,2015-12-18,4834.007,4965.0,130.9930000000004,y,,,,
2015-05-28,IF,q2,IF1512,2015-12-18,4834.007,4965.0,130.9930000000004,d,,,,
2015-05-28,IF,q2,IF1512,2015-12-18,4834.007,4965.0,130.9930000000004,p,,,,
2015-05-29,IF,current,IF1506,2015-06-19,4840.829,4897.0,56.17100000000028,y,,,,
2015-05-29,IF,current,IF1506,2015-06-19,4840.829,4897.0,56.17100000000028,d,,,,
2015-05-29,IF,current,IF1506,2015-06-19,4840.829,4897.0,56.17100000000028,p,,,,
2015-05-29,IF,next,IF1507,2015-07-17,4840.829,4896.0,55.17100000000028,y,,,,
2015-05-29,IF,next,IF1507,2015-07-17,4840.829,4896.0,55.17100000000028,d,,,,
2015-05-29,IF,next,IF1507,2015-07-17,4840.829,4896.0,55.17100000000028,p,,,,
2015-05-29,IF,q1,IF1509,2015-09-18,4840.829,4911.0,70.17100000000028,y,,,,
2015-05-29,IF,q1,IF1509,2015-09-18,4840.829,4911.0,70.17100000000028,d,,,,
2015-05-29,IF,q1,IF1509,2015-09-18,4840.829,4911.0,70.17100000000028,p,,,,
2015-05-29,IF,q2,IF1512,2015-12-18,4840.829,4930.0,89.17100000000028,y,,,,
2015-05-29,IF,q2,IF1512,2015-12-18,4840.829,4930.0,89.17100000000028,d,,,,
2015-05-29,IF,q2,IF1512,2015-12-18,4840.829,4930.0,89.17100000000028,p,,,,
2015-06-01,IF,current,IF1506,2015-06-19,5076.179,5249.0,172.8209999999999,y,,,,
2015-06-01,IF,current,IF1506,2015-06-19,5076.179,5249.0,172.8209999999999,d,,,,
2015-06-01,IF,current,IF1506,2015-06-19,5076.179,5249.0,172.8209999999999,p,,,,
2015-06-01,IF,next,IF1507,2015-07-17,5076.179,5243.8,167.6210000000001,y,,,,
2015-06-01,IF,next,IF1507,2015-07-17,5076.179,5243.8,167.6210000000001,d,,,,
2015-06-01,IF,next,IF1507,2015-07-17,5076.179,5243.8,167.6210000000001,p,,,,
2015-06-01,IF,q1,IF1509,2015-09-18,5076.179,5276.2,200.02099999999973,y,,,,
2015-06-01,IF,q1,IF1509,2015-09-18,5076.179,5276.2,200.02099999999973,d,,,,
2015-06-01,IF,q1,IF1509,2015-09-18,5076.179,5276.2,200.02099999999973,p,,,,
2015-06-01,IF,q2,IF1512,2015-12-18,5076.179,5294.8,218.6210000000001,y,,,,
2015-06-01,IF,q2,IF1512,2015-12-18,5076.179,5294.8,218.6210000000001,d,,,,
2015-06-01,IF,q2,IF1512,2015-12-18,5076.179,5294.8,218.6210000000001,p,,,,
2015-06-02,IF,current,IF1506,2015-06-19,5161.87,5264.2,102.32999999999993,y,9.325030470570445,111.65503047057037,46.44245561458995,1.0
2015-06-02,IF,current,IF1506,2015-06-19,5161.87,5264.2,102.32999999999993,d,9.325030470570445,111.65503047057037,46.44245561458995,1.0
2015-06-02,IF,current,IF1506,2015-06-19,5161.87,5264.2,102.32999999999993,p,9.325030470570445,111.65503047057037,46.44245561458995,1.0
2015-06-02,IF,next,IF1507,2015-07-17,5161.87,5269.6,107.73000000000047,y,38.61348505286584,146.3434850528663,22.995702480903756,1.0
2015-06-02,IF,next,IF1507,2015-07-17,5161.87,5269.6,107.73000000000047,d,38.61348505286584,146.3434850528663,22.995702480903756,1.0
2015-06-02,IF,next,IF1507,2015-07-17,5161.87,5269.6,107.73000000000047,p,38.61348505286584,146.3434850528663,22.995702480903756,1.0
2015-06-02,IF,q1,IF1509,2015-09-18,5161.87,5290.0,128.1300000000001,y,48.81664697364097,176.94664697364107,11.585222622339025,0.9605529377002289
2015-06-02,IF,q1,IF1509,2015-09-18,5161.87,5290.0,128.1300000000001,d,48.14185622249996,176.27185622250008,11.541042067300712,0.9740167359249119
2015-06-02,IF,q1,IF1509,2015-09-18,5161.87,5290.0,128.1300000000001,p,48.496413183896536,176.62641318389666,11.564255964824815,0.9668957059029716
2015-06-02,IF,q2,IF1512,2015-12-18,5161.87,5321.2,159.32999999999993,y,51.86699456214932,211.19699456214926,7.504477484624767,0.9250137498409399
2015-06-02,IF,q2,IF1512,2015-12-18,5161.87,5321.2,159.32999999999993,d,50.87643100087854,210.20643100087847,7.469279720764263,0.9430237575447243
2015-06-02,IF,q2,IF1512,2015-12-18,5161.87,5321.2,159.32999999999993,p,51.35866846297434,210.68866846297428,7.486415098017352,0.9341691396750601
2015-06-03,IF,current,IF1506,2015-06-19,5143.59,5182.6,39.01000000000022,y,6.131202465077054,45.14120246507727,20.020718627156814,1.0
2015-06-03,IF,current,IF1506,2015-06-19,5143.59,5182.6,39.01000000000022,d,6.131202465077054,45.14120246507727,20.020718627156814,1.0
2015-06-03,IF,current,IF1506,2015-06-19,5143.59,5182.6,39.01000000000022,p,6.131202465077054,45.14120246507727,20.020718627156814,1.0
2015-06-03,IF,next,IF1507,2015-07-17,5143.59,5190.0,46.409999999999854,y,35.31593631249064,81.72593631249049,13.180556573618386,1.0
2015-06-03,IF,next,IF1507,2015-07-17,5143.59,5190.0,46.409999999999854,d,35.31593631249064,81.72593631249049,13.180556573618386,1.0
2015-06-03,IF,next,IF1507,2015-07-17,5143.59,5190.0,46.409999999999854,p,35.31593631249064,81.72593631249049,13.180556573618386,1.0
2015-06-03,IF,q1,IF1509,2015-09-18,5143.59,5205.0,61.409999999999854,y,45.482965242719374,106.89296524271923,7.089112496047393,0.9578115934911565
2015-06-03,IF,q1,IF1509,2015-09-18,5143.59,5205.0,61.409999999999854,d,44.81056416333121,106.22056416333106,7.044519038625544,0.9721839532536112
2015-06-03,IF,q1,IF1509,2015-09-18,5143.59,5205.0,61.409999999999854,p,45.16386551363058,106.57386551363044,7.067949888462954,0.964578893334189
2015-06-03,IF,q2,IF1512,2015-12-18,5143.59,5239.6,96.01000000000022,y,48.52251047589567,144.5325104758959,5.179965618450352,0.9201290706231261
2015-06-03,IF,q2,IF1512,2015-12-18,5143.59,5239.6,96.01000000000022,d,47.53545484913312,143.54545484913334,5.144590088105707,0.9392352005505421
2015-06-03,IF,q2,IF1512,2015-12-18,5143.59,5239.6,96.01000000000022,p,48.01598453850177,144.02598453850197,5.161812007668152,0.9298356140690288
2015-06-04,IF,current,IF1506,2015-06-19,5181.416,5250.4,68.98399999999947,y,6.132082085474278,75.11608208547375,35.27654726198131,1.0
2015-06-04,IF,current,IF1506,2015-06-19,5181.416,5250.4,68.98399999999947,d,6.132082085474278,75.11608208547375,35.27654726198131,1.0
2015-06-04,IF,current,IF1506,2015-06-19,5181.416,5250.4,68.98399999999947,p,6.132082085474278,75.11608208547375,35.27654726198131,1.0
2015-06-04,IF,next,IF1507,2015-07-17,5181.416,5242.2,60.78399999999965,y,35.53144068768214,96.31544068768179,15.778723400332161,1.0
2015-06-04,IF,next,IF1507,2015-07-17,5181.416,5242.2,60.78399999999965,d,35.53144068768214,96.31544068768179,15.778723400332161,1.0
2015-06-04,IF,next,IF1507,2015-07-17,5181.416,5242.2,60.78399999999965,p,35.53144068768214,96.31544068768179,15.778723400332161,1.0
2015-06-04,IF,q1,IF1509,2015-09-18,5181.416,5278.0,96.58399999999983,y,45.77323802602948,142.3572380260293,9.460587148796868,0.9577708465494044
2015-06-04,IF,q1,IF1509,2015-09-18,5181.416,5278.0,96.58399999999983,d,45.09589210398688,141.6798921039867,9.415572998380473,0.9721566840812486
2015-06-04,IF,q1,IF1509,2015-09-18,5181.416,5278.0,96.58399999999983,p,45.45179163510479,142.03579163510463,9.439224893971069,0.9645444405240455
2015-06-04,IF,q2,IF1512,2015-12-18,5181.416,5300.0,118.58399999999983,y,48.835136097979884,167.41913609797973,5.98664179083494,0.920056765367187
2015-06-04,IF,q2,IF1512,2015-12-18,5181.416,5300.0,118.58399999999983,d,47.840821656627156,166.424821656627,5.95108668927027,0.9391790483253466
2015-06-04,IF,q2,IF1512,2015-12-18,5181.416,5300.0,118.58399999999983,p,48.324885164988,166.90888516498782,5.9683960297441985,0.9297714252433833
2015-06-05,IF,current,IF1506,2015-06-19,5230.552,5230.4,-0.15200000000004366,y,6.1902333679329455,6.038233367932902,3.009727653021693,1.0
2015-06-05,IF,current,IF1506,2015-06-19,5230.552,5230.4,-0.15200000000004366,d,6.1902333679329455,6.038233367932902,3.009727653021693,1.0
2015-06-05,IF,current,IF1506,2015-06-19,5230.552,5230.4,-0.15200000000004366,p,6.1902333679329455,6.038233367932902,3.009727653021693,1.0
2015-06-05,IF,next,IF1507,2015-07-17,5230.552,5240.8,10.248000000000502,y,35.868389674142584,46.116389674143086,7.66216235789,1.0
2015-06-05,IF,next,IF1507,2015-07-17,5230.552,5240.8,10.248000000000502,d,35.868389674142584,46.116389674143086,7.66216235789,1.0
2015-06-05,IF,next,IF1507,2015-07-17,5230.552,5240.8,10.248000000000502,p,35.868389674142584,46.116389674143086,7.66216235789,1.0
2015-06-05,IF,q1,IF1509,2015-09-18,5230.552,5253.0,22.44800000000032,y,46.20731122602865,68.65531122602897,4.562786853544617,0.9577708465494044
2015-06-05,IF,q1,IF1509,2015-09-18,5230.552,5253.0,22.44800000000032,d,45.523541949979055,67.97154194997938,4.51734399693378,0.9721566840812486
2015-06-05,IF,q1,IF1509,2015-09-18,5230.552,5253.0,22.44800000000032,p,45.88281651976613,68.33081651976644,4.541221148672855,0.9645444405240455
2015-06-05,IF,q2,IF1512,2015-12-18,5230.552,5278.0,47.44800000000032,y,49.29824565091103,96.74624565091135,3.4444777981390016,0.920056765367187
2015-06-05,IF,q2,IF1512,2015-12-18,5230.552,5278.0,47.44800000000032,d,48.294502004416245,95.74250200441656,3.4087412929949203,0.9391790483253466
2015-06-05,IF,q2,IF1512,2015-12-18,5230.552,5278.0,47.44800000000032,p,48.783155946076945,96.23115594607727,3.426138946430452,0.9297714252433833
2015-06-08,IF,current,IF1506,2015-06-19,5353.751,5335.4,-18.351000000000568,y,6.336036442005429,-12.014963557995138,-7.446710469772798,1.0
2015-06-08,IF,current,IF1506,2015-06-19,5353.751,5335.4,-18.351000000000568,d,6.336036442005429,-12.014963557995138,-7.446710469772798,1.0
2015-06-08,IF,current,IF1506,2015-06-19,5353.751,5335.4,-18.351000000000568,p,6.336036442005429,-12.014963557995138,-7.446710469772798,1.0
2015-06-08,IF,next,IF1507,2015-07-17,5353.751,5334.8,-18.951000000000022,y,36.713223974511784,17.762223974511762,3.105041656509897,1.0
2015-06-08,IF,next,IF1507,2015-07-17,5353.751,5334.8,-18.951000000000022,d,36.713223974511784,17.762223974511762,3.105041656509897,1.0
2015-06-08,IF,next,IF1507,2015-07-17,5353.751,5334.8,-18.951000000000022,p,36.713223974511784,17.762223974511762,3.105041656509897,1.0
2015-06-08,IF,q1,IF1509,2015-09-18,5353.751,5322.0,-31.751000000000204,y,47.295665674227536,15.544665674227332,1.039000867325375,0.9577708465494044
2015-06-08,IF,q1,IF1509,2015-09-18,5353.751,5322.0,-31.751000000000204,d,46.59579108251718,14.844791082516977,0.9922214561083373,0.9721566840812486
2015-06-08,IF,q1,IF1509,2015-09-18,5353.751,5322.0,-31.751000000000204,p,46.9635279078603,15.2125279078601,1.0168008770162094,0.9645444405240455
2015-06-08,IF,q2,IF1512,2015-12-18,5353.751,5359.0,5.248999999999796,y,50.45940312835254,55.70840312835234,1.9678776649309737,0.920056765367187
2015-06-08,IF,q2,IF1512,2015-12-18,5353.751,5359.0,5.248999999999796,d,49.43201757685337,54.681017576853165,1.9315856700696268,0.9391790483253466
2015-06-08,IF,q2,IF1512,2015-12-18,5353.751,5359.0,5.248999999999796,p,49.932181140626355,55.18118114062615,1.9492537533513068,0.9297714252433833
2015-06-09,IF,current,IF1506,2015-06-19,5317.461,5250.4,-67.0610000000006,y,6.153242928573252,-60.907757071427355,-41.8081699726072,1.0
2015-06-09,IF,current,IF1506,2015-06-19,5317.461,5250.4,-67.0610000000006,d,6.153242928573252,-60.907757071427355,-41.8081699726072,1.0
2015-06-09,IF,current,IF1506,2015-06-19,5317.461,5250.4,-67.0610000000006,p,6.153242928573252,-60.907757071427355,-41.8081699726072,1.0
2015-06-09,IF,next,IF1507,2015-07-17,5317.461,5249.0,-68.46100000000024,y,36.3245209715358,-32.13647902846444,-5.805013671685911,1.0
2015-06-09,IF,next,IF1507,2015-07-17,5317.461,5249.0,-68.46100000000024,d,36.3245209715358,-32.13647902846444,-5.805013671685911,1.0
2015-06-09,IF,next,IF1507,2015-07-17,5317.461,5249.0,-68.46100000000024,p,36.3245209715358,-32.13647902846444,-5.805013671685911,1.0
2015-06-09,IF,q1,IF1509,2015-09-18,5317.461,5252.2,-65.26100000000042,y,46.83523038312634,-18.425769616874085,-1.252255114392138,0.9576447546546748
2015-06-09,IF,q1,IF1509,2015-09-18,5317.461,5252.2,-65.26100000000042,d,46.140099838894685,-19.120900161105737,-1.2994976880964737,0.9720722942960723
2015-06-09,IF,q1,IF1509,2015-09-18,5317.461,5252.2,-65.26100000000042,p,46.50534398772153,-18.75565601227889,-1.2746749065855532,0.9644378229152765
2015-06-09,IF,q2,IF1512,2015-12-18,5317.461,5291.0,-26.46100000000024,y,49.97752267997559,23.516522679975353,0.8407375149482961,0.9198330713093064
2015-06-09,IF,q2,IF1512,2015-12-18,5317.461,5291.0,-26.46100000000024,d,48.957101184455844,22.496101184455604,0.8042564992803795,0.9390053142637561
2015-06-09,IF,q2,IF1512,2015-12-18,5317.461,5291.0,-26.46100000000024,p,49.45387442698877,22.99287442698853,0.8220166038291516,0.9295728335910612
2015-06-10,IF,current,IF1506,2015-06-19,5309.112,5252.8,-56.3119999999999,y,5.931530863387852,-50.38046913661205,-38.4849277051383,1.0
2015-06-10,IF,current,IF1506,2015-06-19,5309.112,5252.8,-56.3119999999999,d,5.931530863387852,-50.38046913661205,-38.4849277051383,1.0
2015-06-10,IF,current,IF1506,2015-06-19,5309.112,5252.8,-56.3119999999999,p,5.931530863387852,-50.38046913661205,-38.4849277051383,1.0
2015-06-10,IF,next,IF1507,2015-07-17,5309.112,5252.6,-56.511999999999716,y,36.05543667355345,-20.456563326446265,-3.8010355180855644,1.0
2015-06-10,IF,next,IF1507,2015-07-17,5309.112,5252.6,-56.511999999999716,d,36.05543667355345,-20.456563326446265,-3.8010355180855644,1.0
2015-06-10,IF,next,IF1507,2015-07-17,5309.112,5252.6,-56.511999999999716,p,36.05543667355345,-20.456563326446265,-3.8010355180855644,1.0
2015-06-10,IF,q1,IF1509,2015-09-18,5309.112,5254.0,-55.11200000000008,y,46.54964311260174,-8.562356887398337,-0.5886596974975087,0.9574518108883009
2015-06-10,IF,q1,IF1509,2015-09-18,5309.112,5254.0,-55.11200000000008,d,45.85560399996005,-9.256396000040027,-0.6363746969388874,0.9719431477645238
2015-06-10,IF,q1,IF1509,2015-09-18,5309.112,5254.0,-55.11200000000008,p,46.220274675206454,-8.891725324793626,-0.6113036876128577,0.9642746696672587
2015-06-10,IF,q2,IF1512,2015-12-18,5309.112,5278.0,-31.11200000000008,y,49.68700166411909,18.575001664119007,0.6686001525078734,0.9194909403610593
2015-06-10,IF,q2,IF1512,2015-12-18,5309.112,5278.0,-31.11200000000008,d,48.66818234284492,17.556182342844842,0.6319281367579259,0.938739556000269
2015-06-10,IF,q2,IF1512,2015-12-18,5309.112,5278.0,-31.11200000000008,p,49.16417559661969,18.052175596619612,0.6497812261472675,0.9292690730484575
2015-06-11,IF,current,IF1506,2015-06-19,5306.59,5299.6,-6.989999999999782,y,5.3022278530743465,-1.6877721469254352,-1.4511127523225456,1.0
2015-06-11,IF,current,IF1506,2015-06-19,5306.59,5299.6,-6.989999999999782,d,5.3022278530743465,-1.6877721469254352,-1.4511127523225456,1.0
2015-06-11,IF,current,IF1506,2015-06-19,5306.59,5299.6,-6.989999999999782,p,5.3022278530743465,-1.6877721469254352,-1.4511127523225456,1.0
2015-06-11,IF,next,IF1507,2015-07-17,5306.59,5298.2,-8.390000000000327,y,35.41182383318677,27.021823833186446,5.162849766418868,1.0
2015-06-11,IF,next,IF1507,2015-07-17,5306.59,5298.2,-8.390000000000327,d,35.41182383318677,27.021823833186446,5.162849766418868,1.0
2015-06-11,IF,next,IF1507,2015-07-17,5306.59,5298.2,-8.390000000000327,p,35.41182383318677,27.021823833186446,5.162849766418868,1.0
2015-06-11,IF,q1,IF1509,2015-09-18,5306.59,5290.0,-16.590000000000146,y,45.90104518458966,29.311045184589517,2.0364485417274802,0.9568710873630215
2015-06-11,IF,q1,IF1509,2015-09-18,5306.59,5290.0,-16.590000000000146,d,45.20733576298521,28.617335762985064,1.9882515725947747,0.9715543346139714
2015-06-11,IF,q1,IF1509,2015-09-18,5306.59,5290.0,-16.590000000000146,p,45.57183320786032,28.981833207860177,2.013575824439249,0.963783546221306
2015-06-11,IF,q2,IF1512,2015-12-18,5306.59,5310.6,4.010000000000218,y,49.0369133892718,53.04691338927202,1.920365292280005,0.9184623734670098
2015-06-11,IF,q2,IF1512,2015-12-18,5306.59,5310.6,4.010000000000218,d,48.01857804014369,52.028578040143906,1.8835002659208469,0.9379403076316501
2015-06-11,IF,q2,IF1512,2015-12-18,5306.59,5310.6,4.010000000000218,p,48.51433568107284,52.52433568107306,1.9014473189385543,0.9283556958315293
2015-06-12,IF,current,IF1506,2015-06-19,5335.115,5361.6,26.485000000000582,y,4.986306874683106,31.471306874683687,30.75854706910065,1.0
2015-06-12,IF,current,IF1506,2015-06-19,5335.115,5361.6,26.485000000000582,d,4.986306874683106,31.471306874683687,30.75854706910065,1.0
2015-06-12,IF,current,IF1506,2015-06-19,5335.115,5361.6,26.485000000000582,p,4.986306874683106,31.471306874683687,30.75854706910065,1.0
2015-06-12,IF,next,IF1507,2015-07-17,5335.115,5370.0,34.88500000000022,y,35.25775372801783,70.14275372801805,13.71083317696678,1.0
2015-06-12,IF,next,IF1507,2015-07-17,5335.115,5370.0,34.88500000000022,d,35.25775372801783,70.14275372801805,13.71083317696678,1.0
2015-06-12,IF,next,IF1507,2015-07-17,5335.115,5370.0,34.88500000000022,p,35.25775372801783,70.14275372801805,13.71083317696678,1.0
2015-06-12,IF,q1,IF1509,2015-09-18,5335.115,5352.8,17.6850000000004,y,45.80335875312621,63.48835875312661,4.4321770821364606,0.9565467755741678
2015-06-12,IF,q1,IF1509,2015-09-18,5335.115,5352.8,17.6850000000004,d,45.10592037163391,62.79092037163431,4.383488307196278,0.9713371274721345
2015-06-12,IF,q1,IF1509,2015-09-18,5335.115,5352.8,17.6850000000004,p,45.472377133059766,63.157377133060166,4.409070969773859,0.9635092310561507
2015-06-12,IF,q2,IF1512,2015-12-18,5335.115,5368.4,33.284999999999854,y,48.95608347782187,82.24108347782172,2.976981243215832,0.9178887288116924
2015-06-12,IF,q2,IF1512,2015-12-18,5335.115,5368.4,33.284999999999854,d,47.93227417727978,81.21727417727963,2.9399211638071554,0.9374943710131135
2015-06-12,IF,q2,IF1512,2015-12-18,5335.115,5368.4,33.284999999999854,p,48.430696709732025,81.71569670973187,2.957963174777336,0.9278461860745272
2015-06-15,IF,current,IF1506,2015-06-19,5221.167,5199.8,-21.36700000000019,y,4.312722052207983,-17.054277947792208,-29.80565193061319,1.0
2015-06-15,IF,current,IF1506,2015-06-19,5221.167,5199.8,-21.36700000000019,d,4.312722052207983,-17.054277947792208,-29.80565193061319,1.0
2015-06-15,IF,current,IF1506,2015-06-19,5221.167,5199.8,-21.36700000000019,p,4.312722052207983,-17.054277947792208,-29.80565193061319,1.0
2015-06-15,IF,next,IF1507,2015-07-17,5221.167,5193.6,-27.567000000000007,y,33.93762786077727,6.370627860777262,1.3917381695891098,1.0
2015-06-15,IF,next,IF1507,2015-07-17,5221.167,5193.6,-27.567000000000007,d,33.93762786077727,6.370627860777262,1.3917381695891098,1.0
2015-06-15,IF,next,IF1507,2015-07-17,5221.167,5193.6,-27.567000000000007,p,33.93762786077727,6.370627860777262,1.3917381695891098,1.0
2015-06-15,IF,q1,IF1509,2015-09-18,5221.167,5198.6,-22.567000000000007,y,44.25799864043807,21.69099864043806,1.596177636907186,0.9559900006027391
2015-06-15,IF,q1,IF1509,2015-09-18,5221.167,5198.6,-22.567000000000007,d,43.575456228141235,21.008456228141227,1.5459513217057348,0.9709641116648663
2015-06-15,IF,q1,IF1509,2015-09-18,5221.167,5198.6,-22.567000000000007,p,43.934086163893994,21.367086163893987,1.5723418578383972,0.9630382202354736
2015-06-15,IF,q2,IF1512,2015-12-18,5221.167,5213.0,-8.167000000000371,y,47.343387107727914,39.17638710772754,1.4724369868936742,0.916905186796782
2015-06-15,IF,q2,IF1512,2015-12-18,5221.167,5213.0,-8.167000000000371,d,46.341444444020865,38.174444444020494,1.434779164268728,0.9367294809302056
2015-06-15,IF,q2,IF1512,2015-12-18,5221.167,5213.0,-8.167000000000371,p,46.82922161067914,38.66222161067877,1.4531121754158476,0.9269724267572356
2015-06-16,IF,current,IF1506,2015-06-19,5064.821,5069.2,4.378999999999905,y,3.0417307390852004,7.420730739085106,17.82601148698749,1.0
2015-06-16,IF,current,IF1506,2015-06-19,5064.821,5069.2,4.378999999999905,d,3.0417307390852004,7.420730739085106,17.82601148698749,1.0
2015-06-16,IF,current,IF1506,2015-06-19,5064.821,5069.2,4.378999999999905,p,3.0417307390852004,7.420730739085106,17.82601148698749,1.0
2015-06-16,IF,next,IF1507,2015-07-17,5064.821,5070.0,5.179000000000087,y,31.779529216372687,36.958529216372774,8.591752329594518,1.0
2015-06-16,IF,next,IF1507,2015-07-17,5064.821,5070.0,5.179000000000087,d,31.779529216372687,36.958529216372774,8.591752329594518,1.0
2015-06-16,IF,next,IF1507,2015-07-17,5064.821,5070.0,5.179000000000087,p,31.779529216372687,36.958529216372774,8.591752329594518,1.0
2015-06-16,IF,q1,IF1509,2015-09-18,5064.821,5063.0,-1.8209999999999127,y,41.790860141549445,39.96986014154953,3.0643159256187062,0.9547875188599355
2015-06-16,IF,q1,IF1509,2015-09-18,5064.821,5063.0,-1.8209999999999127,d,41.12875622049278,39.30775622049287,3.013555287915113,0.9701579948506037
2015-06-16,IF,q1,IF1509,2015-09-18,5064.821,5063.0,-1.8209999999999127,p,41.47664710960421,39.655647109604296,3.0402265744321655,0.9620206657527322
2015-06-16,IF,q2,IF1512,2015-12-18,5064.821,5095.2,30.378999999999905,y,44.783857741949404,75.16285774194931,2.9279275002271223,0.9147865288184832
2015-06-16,IF,q2,IF1512,2015-12-18,5064.821,5095.2,30.378999999999905,d,43.81191789709491,74.1909178970948,2.890066121804203,0.9350804926431935
2015-06-16,IF,q2,IF1512,2015-12-18,5064.821,5095.2,30.378999999999905,p,44.28508874893921,74.66408874893912,2.9084982303088758,0.9250894810917587
2015-06-17,IF,current,IF1506,2015-06-19,5138.831,5113.8,-25.03099999999995,y,3.0524604868968406,-21.978539513103108,-78.05439527280265,1.0
2015-06-17,IF,current,IF1506,2015-06-19,5138.831,5113.8,-25.03099999999995,d,3.0524604868968406,-21.978539513103108,-78.05439527280265,1.0
2015-06-17,IF,current,IF1506,2015-06-19,5138.831,5113.8,-25.03099999999995,p,3.0524604868968406,-21.978539513103108,-78.05439527280265,1.0
2015-06-17,IF,next,IF1507,2015-07-17,5138.831,5122.0,-16.83100000000013,y,32.21019176443612,15.379191764435987,3.6411685809601027,1.0
2015-06-17,IF,next,IF1507,2015-07-17,5138.831,5122.0,-16.83100000000013,d,32.21019176443612,15.379191764435987,3.6411685809601027,1.0
2015-06-17,IF,next,IF1507,2015-07-17,5138.831,5122.0,-16.83100000000013,p,32.21019176443612,15.379191764435987,3.6411685809601027,1.0
2015-06-17,IF,q1,IF1509,2015-09-18,5138.831,5122.2,-16.631000000000313,y,42.36781386195092,25.73681386195061,1.965623619648246,0.954751537253816
2015-06-17,IF,q1,IF1509,2015-09-18,5138.831,5122.2,-16.631000000000313,d,41.696034907719856,25.065034907719543,1.9143171686360108,0.9701338629513638
2015-06-17,IF,q1,IF1509,2015-09-18,5138.831,5122.2,-16.631000000000313,p,42.04900937327024,25.418009373269925,1.9412752431801283,0.9619902113673799
2015-06-17,IF,q2,IF1512,2015-12-18,5138.831,5149.8,10.969000000000051,y,45.404546818922334,56.373546818922385,2.1761361625303275,0.9147232487163702
2015-06-17,IF,q2,IF1512,2015-12-18,5138.831,5149.8,10.969000000000051,d,44.418404444912774,55.387404444912825,2.1380690157464146,0.935031212663378
2015-06-17,IF,q2,IF1512,2015-12-18,5138.831,5149.8,10.969000000000051,p,44.89848953414967,55.86748953414972,2.156601298753829,0.9250332250288641
2015-06-18,IF,current,IF1506,2015-06-19,4930.549,4934.0,3.451000000000022,y,2.618320645200149,6.069320645200171,44.93012919044233,1.0
2015-06-18,IF,current,IF1506,2015-06-19,4930.549,4934.0,3.451000000000022,d,2.618320645200149,6.069320645200171,44.93012919044233,1.0
2015-06-18,IF,current,IF1506,2015-06-19,4930.549,4934.0,3.451000000000022,p,2.618320645200149,6.069320645200171,44.93012919044233,1.0
2015-06-18,IF,next,IF1507,2015-07-17,4930.549,4940.0,9.451000000000022,y,30.594259685176354,40.045259685176376,10.222348943774245,1.0
2015-06-18,IF,next,IF1507,2015-07-17,4930.549,4940.0,9.451000000000022,d,30.594259685176354,40.045259685176376,10.222348943774245,1.0
2015-06-18,IF,next,IF1507,2015-07-17,4930.549,4940.0,9.451000000000022,p,30.594259685176354,40.045259685176376,10.222348943774245,1.0
2015-06-18,IF,q1,IF1509,2015-09-18,4930.549,4945.4,14.850999999999658,y,40.34018312093042,55.19118312093008,4.440986591769932,0.9544033471559735
2015-06-18,IF,q1,IF1509,2015-09-18,4930.549,4945.4,14.850999999999658,d,39.69563204481895,54.54663204481861,4.389122461942348,0.9699003092337964
2015-06-18,IF,q1,IF1509,2015-09-18,4930.549,4945.4,14.850999999999658,p,40.03430009950783,54.88530009950749,4.416373559035857,0.9616954886136304
2015-06-18,IF,q2,IF1512,2015-12-18,4930.549,4970.0,39.45100000000002,y,43.25383423034859,82.70483423034861,3.345626003835109,0.9141112415779941
2015-06-18,IF,q2,IF1512,2015-12-18,4930.549,4970.0,39.45100000000002,d,42.30766120071783,81.75866120071785,3.3073508398556557,0.9345545224948959
2015-06-18,IF,q2,IF1512,2015-12-18,4930.549,4970.0,39.45100000000002,p,42.76828795739691,82.21928795739693,3.3259843921691212,0.924489101614233
2015-06-19,IF,current,IF1506,2015-06-19,4637.052,4768.0,130.94800000000032,y,0.0,130.94800000000032,,
2015-06-19,IF,current,IF1506,2015-06-19,4637.052,4768.0,130.94800000000032,d,0.0,130.94800000000032,,
2015-06-19,IF,current,IF1506,2015-06-19,4637.052,4768.0,130.94800000000032,p,0.0,130.94800000000032,,
2015-06-19,IF,next,IF1507,2015-07-17,4637.052,4598.0,-39.05199999999968,y,26.310636823039328,-12.741363176960352,-3.5818612770651703,1.0
2015-06-19,IF,next,IF1507,2015-07-17,4637.052,4598.0,-39.05199999999968,d,26.310636823039328,-12.741363176960352,-3.5818612770651703,1.0
2015-06-19,IF,next,IF1507,2015-07-17,4637.052,4598.0,-39.05199999999968,p,26.310636823039328,-12.741363176960352,-3.5818612770651703,1.0
2015-06-19,IF,q1,IF1509,2015-09-18,4637.052,4602.6,-34.451999999999316,y,35.47642216653967,1.0244221665403543,0.08861117047225082,0.9512384276727334
2015-06-19,IF,q1,IF1509,2015-09-18,4637.052,4602.6,-34.451999999999316,d,34.87023878684202,0.4182387868427071,0.03617710515205509,0.9677747332744754
2015-06-19,IF,q1,IF1509,2015-09-18,4637.052,4602.6,-34.451999999999316,p,35.188747208588,0.7367472085886817,0.0637276648509879,0.9590149896816242
2015-06-19,IF,q2,IF1512,2015-12-18,4637.052,4608.8,-28.251999999999498,y,38.2166346062152,9.964634606215704,0.43096389585508205,0.9085770600326883
2015-06-19,IF,q2,IF1512,2015-12-18,4637.052,4608.8,-28.251999999999498,d,37.32678369115577,9.07478369115627,0.39247842877684025,0.930237059859131
2015-06-19,IF,q2,IF1512,2015-12-18,4637.052,4608.8,-28.251999999999498,p,37.75999107299341,9.50799107299391,0.4112143632458746,0.9195647702282644
2015-06-23,IF,current,IF1507,2015-07-17,4786.091,4730.8,-55.29100000000017,y,23.37291944437427,-31.9180805556259,-10.142323003263915,1.0
2015-06-23,IF,current,IF1507,2015-07-17,4786.091,4730.8,-55.29100000000017,d,23.37291944437427,-31.9180805556259,-10.142323003263915,1.0
2015-06-23,IF,current,IF1507,2015-07-17,4786.091,4730.8,-55.29100000000017,p,23.37291944437427,-31.9180805556259,-10.142323003263915,1.0
2015-06-23,IF,next,IF1508,2015-08-21,4786.091,4730.8,-55.29100000000017,y,30.975341024218157,-24.31565897578201,-3.14301131757272,1.0
2015-06-23,IF,next,IF1508,2015-08-21,4786.091,4730.8,-55.29100000000017,d,30.975341024218157,-24.31565897578201,-3.14301131757272,1.0
2015-06-23,IF,next,IF1508,2015-08-21,4786.091,4730.8,-55.29100000000017,p,30.975341024218157,-24.31565897578201,-3.14301131757272,1.0
2015-06-23,IF,q1,IF1509,2015-09-18,4786.091,4752.0,-34.09100000000035,y,32.833301329343186,-1.2576986706571631,-0.11024762993717366,0.9456196562369164
2015-06-23,IF,q1,IF1509,2015-09-18,4786.091,4752.0,-34.09100000000035,d,32.20763467347638,-1.8833653265239718,-0.16509245688128651,0.9639892972874871
2015-06-23,IF,q1,IF1509,2015-09-18,4786.091,4752.0,-34.09100000000035,p,32.53638024086329,-1.5546197591370614,-0.13627520478240288,0.9542492092338789
2015-06-23,IF,q2,IF1512,2015-12-18,4786.091,4775.2,-10.891000000000531,y,35.66158664846815,24.77058664846762,1.061275656674173,0.8988779309638025
2015-06-23,IF,q2,IF1512,2015-12-18,4786.091,4775.2,-10.891000000000531,d,34.74313512885878,23.85213512885825,1.0219253476391172,0.9226402022319266
2015-06-23,IF,q2,IF1512,2015-12-18,4786.091,4775.2,-10.891000000000531,p,35.190266183534625,24.299266183534094,1.041082314343411,0.9109170432038395
2015-06-24,IF,current,IF1507,2015-07-17,4880.126,4858.2,-21.926000000000386,y,23.602853569846825,1.6768535698464397,0.5452920085812026,1.0
2015-06-24,IF,current,IF1507,2015-07-17,4880.126,4858.2,-21.926000000000386,d,23.602853569846825,1.6768535698464397,0.5452920085812026,1.0
2015-06-24,IF,current,IF1507,2015-07-17,4880.126,4858.2,-21.926000000000386,p,23.602853569846825,1.6768535698464397,0.5452920085812026,1.0
2015-06-24,IF,next,IF1508,2015-08-21,4880.126,4861.6,-18.52599999999984,y,31.35464416780186,12.828644167802022,1.654301238310218,1.0
2015-06-24,IF,next,IF1508,2015-08-21,4880.126,4861.6,-18.52599999999984,d,31.35464416780186,12.828644167802022,1.654301238310218,1.0
2015-06-24,IF,next,IF1508,2015-08-21,4880.126,4861.6,-18.52599999999984,p,31.35464416780186,12.828644167802022,1.654301238310218,1.0
2015-06-24,IF,q1,IF1509,2015-09-18,4880.126,4866.6,-13.52599999999984,y,33.24910885558331,19.72310885558347,1.7152947157244973,0.9452446480652111
2015-06-24,IF,q1,IF1509,2015-09-18,4880.126,4866.6,-13.52599999999984,d,32.61114937787412,19.08514937787428,1.6598121582345229,0.9637361086083416
2015-06-24,IF,q1,IF1509,2015-09-18,4880.126,4866.6,-13.52599999999984,p,32.94635399282808,19.42035399282824,1.6889644946601379,0.9539308114494022
2015-06-24,IF,q2,IF1512,2015-12-18,4880.126,4879.2,-0.9260000000003856,y,36.13296307425154,35.206963074251156,1.487706044954562,0.8982362470349533
2015-06-24,IF,q2,IF1512,2015-12-18,4880.126,4879.2,-0.9260000000003856,d,35.19646622523943,34.27046622523905,1.4481334177893648,0.922136243404858
2015-06-24,IF,q2,IF1512,2015-12-18,4880.126,4879.2,-0.9260000000003856,p,35.652382313197435,34.72638231319705,1.4673986159439654,0.9103441352376065
2015-06-25,IF,current,IF1507,2015-07-17,4706.516,4587.2,-119.3159999999998,y,22.763184387481225,-96.55281561251857,-34.0357705423418,1.0
2015-06-25,IF,current,IF1507,2015-07-17,4706.516,4587.2,-119.3159999999998,d,22.763184387481225,-96.55281561251857,-34.0357705423418,1.0
2015-06-25,IF,current,IF1507,2015-07-17,4706.516,4587.2,-119.3159999999998,p,22.763184387481225,-96.55281561251857,-34.0357705423418,1.0
2015-06-25,IF,next,IF1508,2015-08-21,4706.516,4586.8,-119.71599999999944,y,30.239205801257206,-89.47679419874223,-12.173876313940196,1.0
2015-06-25,IF,next,IF1508,2015-08-21,4706.516,4586.8,-119.71599999999944,d,30.239205801257206,-89.47679419874223,-12.173876313940196,1.0
2015-06-25,IF,next,IF1508,2015-08-21,4706.516,4586.8,-119.71599999999944,p,30.239205801257206,-89.47679419874223,-12.173876313940196,1.0
2015-06-25,IF,q1,IF1509,2015-09-18,4706.516,4586.0,-120.51599999999962,y,32.0662750950579,-88.44972490494172,-8.06995077870358,0.9452446480652111
2015-06-25,IF,q1,IF1509,2015-09-18,4706.516,4586.0,-120.51599999999962,d,31.45101096269944,-89.06498903730018,-8.126086072164027,0.9637361086083416
2015-06-25,IF,q1,IF1509,2015-09-18,4706.516,4586.0,-120.51599999999962,p,31.774290706614792,-88.74170929338483,-8.096590767074579,0.9539308114494022
2015-06-25,IF,q2,IF1512,2015-12-18,4706.516,4613.4,-93.11599999999999,y,34.847536484995274,-58.26846351500471,-2.5675222952721195,0.8982362470349533
2015-06-25,IF,q2,IF1512,2015-12-18,4706.516,4613.4,-93.11599999999999,d,33.94435541880455,-59.17164458119544,-2.6073197669098467,0.922136243404858
2015-06-25,IF,q2,IF1512,2015-12-18,4706.516,4613.4,-93.11599999999999,p,34.38405233700538,-58.73194766299461,-2.5879451074020947,0.9103441352376065
2015-06-26,IF,current,IF1507,2015-07-17,4336.195,4212.4,-123.79500000000007,y,20.386356862838333,-103.40864313716173,-41.44972036880045,1.0
2015-06-26,IF,current,IF1507,2015-07-17,4336.195,4212.4,-123.79500000000007,d,20.386356862838333,-103.40864313716173,-41.44972036880045,1.0
2015-06-26,IF,current,IF1507,2015-07-17,4336.195,4212.4,-123.79500000000007,p,20.386356862838333,-103.40864313716173,-41.44972036880045,1.0
2015-06-26,IF,next,IF1508,2015-08-21,4336.195,4204.6,-131.59499999999935,y,27.274145340410357,-104.32085465958899,-15.680762227989376,1.0
2015-06-26,IF,next,IF1508,2015-08-21,4336.195,4204.6,-131.59499999999935,d,27.274145340410357,-104.32085465958899,-15.680762227989376,1.0
2015-06-26,IF,next,IF1508,2015-08-21,4336.195,4204.6,-131.59499999999935,p,27.274145340410357,-104.32085465958899,-15.680762227989376,1.0
2015-06-26,IF,q1,IF1509,2015-09-18,4336.195,4213.2,-122.99499999999989,y,28.957456039116597,-94.0375439608833,-9.423365840361358,0.9441370394765242
2015-06-26,IF,q1,IF1509,2015-09-18,4336.195,4213.2,-122.99499999999989,d,28.390602499383153,-94.60439750061674,-9.480169411124905,0.9629879047525376
2015-06-26,IF,q1,IF1509,2015-09-18,4336.195,4213.2,-122.99499999999989,p,28.68844574673789,-94.306554253262,-9.450322971451058,0.9529901709175687
2015-06-26,IF,q2,IF1512,2015-12-18,4336.195,4227.6,-108.59499999999935,y,31.519880501869828,-77.07511949812951,-3.7073212300273495,0.8963450851846184
2015-06-26,IF,q2,IF1512,2015-12-18,4336.195,4227.6,-108.59499999999935,d,30.68776408639161,-77.90723591360774,-3.747346115788721,0.9206499989351152
2015-06-26,IF,q2,IF1512,2015-12-18,4336.195,4227.6,-108.59499999999935,p,31.09286449999221,-77.50213550000714,-3.727860743940925,0.9086551023134128
2015-06-29,IF,current,IF1507,2015-07-17,4191.549,4014.2,-177.34900000000016,y,19.706312497955732,-157.64268750204442,-76.264010881374,1.0
2015-06-29,IF,current,IF1507,2015-07-17,4191.549,4014.2,-177.34900000000016,d,19.706312497955732,-157.64268750204442,-76.264010881374,1.0
2015-06-29,IF,current,IF1507,2015-07-17,4191.549,4014.2,-177.34900000000016,p,19.706312497955732,-157.64268750204442,-76.264010881374,1.0
2015-06-29,IF,next,IF1508,2015-08-21,4191.549,3990.6,-200.94900000000007,y,26.364339386824554,-174.58466061317552,-28.684582312904777,1.0
2015-06-29,IF,next,IF1508,2015-08-21,4191.549,3990.6,-200.94900000000007,d,26.364339386824554,-174.58466061317552,-28.684582312904777,1.0
2015-06-29,IF,next,IF1508,2015-08-21,4191.549,3990.6,-200.94900000000007,p,26.364339386824554,-174.58466061317552,-28.684582312904777,1.0
2015-06-29,IF,q1,IF1509,2015-09-18,4191.549,3995.0,-196.54899999999998,y,27.991498515012157,-168.55750148498782,-18.120967572767814,0.9441370394765242
2015-06-29,IF,q1,IF1509,2015-09-18,4191.549,3995.0,-196.54899999999998,d,27.44355397201624,-169.10544602798373,-18.17987497948556,0.9629879047525376
2015-06-29,IF,q1,IF1509,2015-09-18,4191.549,3995.0,-196.54899999999998,p,27.731461818782012,-168.81753818121797,-18.148923116120095,0.9529901709175687
2015-06-29,IF,q2,IF1512,2015-12-18,4191.549,4008.6,-182.94900000000007,y,30.4684460910388,-152.48055390896127,-7.7197694607026826,0.8963450851846184
2015-06-29,IF,q2,IF1512,2015-12-18,4191.549,4008.6,-182.94900000000007,d,29.664087262807755,-153.28491273719231,-7.760492454936638,0.9206499989351152
2015-06-29,IF,q2,IF1512,2015-12-18,4191.549,4008.6,-182.94900000000007,p,30.05567441087817,-152.8933255891219,-7.740667221951961,0.9086551023134128
2015-06-30,IF,current,IF1507,2015-07-17,4472.998,4381.4,-91.59799999999996,y,22.11188350388038,-69.48611649611958,-33.35364324683046,1.0
2015-06-30,IF,current,IF1507,2015-07-17,4472.998,4381.4,-91.59799999999996,d,22.11188350388038,-69.48611649611958,-33.35364324683046,1.0
2015-06-30,IF,current,IF1507,2015-07-17,4472.998,4381.4,-91.59799999999996,p,22.11188350388038,-69.48611649611958,-33.35364324683046,1.0
2015-06-30,IF,next,IF1508,2015-08-21,4472.998,4376.2,-96.79799999999977,y,29.140969178601267,-67.65703082139851,-10.617047280064847,1.0
2015-06-30,IF,next,IF1508,2015-08-21,4472.998,4376.2,-96.79799999999977,d,29.140969178601267,-67.65703082139851,-10.617047280064847,1.0
2015-06-30,IF,next,IF1508,2015-08-21,4472.998,4376.2,-96.79799999999977,p,29.140969178601267,-67.65703082139851,-10.617047280064847,1.0
2015-06-30,IF,q1,IF1509,2015-09-18,4472.998,4381.4,-91.59799999999996,y,30.88509364306975,-60.712906356930205,-6.19277351014899,0.945550034742281
2015-06-30,IF,q1,IF1509,2015-09-18,4472.998,4381.4,-91.59799999999996,d,30.295024391430587,-61.30297560856937,-6.25296112839974,0.9639669204387187
2015-06-30,IF,q1,IF1509,2015-09-18,4472.998,4381.4,-91.59799999999996,p,30.605785582138218,-60.99221441786174,-6.221263194874985,0.9541791139080106
2015-06-30,IF,q2,IF1512,2015-12-18,4472.998,4375.0,-97.99799999999959,y,33.70809046712709,-64.2899095328725,-3.0678976355479692,0.8839981744699441
2015-06-30,IF,q2,IF1512,2015-12-18,4472.998,4375.0,-97.99799999999959,d,32.80772702440675,-65.19027297559285,-3.110862743091685,0.9082583019433331
2015-06-30,IF,q2,IF1512,2015-12-18,4472.998,4375.0,-97.99799999999959,p,33.22156602550945,-64.77643397449015,-3.0911144544067968,0.8969441842364542
2015-07-01,IF,current,IF1507,2015-07-17,4253.021,4059.0,-194.02099999999973,y,19.959741124842076,-174.06125887515765,-93.36357539945216,1.0
2015-07-01,IF,current,IF1507,2015-07-17,4253.021,4059.0,-194.02099999999973,d,19.959741124842076,-174.06125887515765,-93.36357539945216,1.0
2015-07-01,IF,current,IF1507,2015-07-17,4253.021,4059.0,-194.02099999999973,p,19.959741124842076,-174.06125887515765,-93.36357539945216,1.0
2015-07-01,IF,next,IF1508,2015-08-21,4253.021,4046.8,-206.22099999999955,y,26.643144288757448,-179.5778557112421,-30.218850680125485,1.0
2015-07-01,IF,next,IF1508,2015-08-21,4253.021,4046.8,-206.22099999999955,d,26.643144288757448,-179.5778557112421,-30.218850680125485,1.0
2015-07-01,IF,next,IF1508,2015-08-21,4253.021,4046.8,-206.22099999999955,p,26.643144288757448,-179.5778557112421,-30.218850680125485,1.0
2015-07-01,IF,q1,IF1509,2015-09-18,4253.021,4046.0,-207.02099999999973,y,28.30149467791439,-178.71950532208535,-19.41512539045586,0.943501621967331
2015-07-01,IF,q1,IF1509,2015-09-18,4253.021,4046.0,-207.02099999999973,d,27.740444366987433,-179.28055563301228,-19.47607487729206,0.9625839362721017
2015-07-01,IF,q1,IF1509,2015-09-18,4253.021,4046.0,-207.02099999999973,p,28.03592267260361,-178.9850773273961,-19.44397570410244,0.9524389992274234
2015-07-01,IF,q2,IF1512,2015-12-18,4253.021,4060.0,-193.02099999999973,y,30.98565970004254,-162.0353402999572,-8.180053827964029,0.8800122109658741
2015-07-01,IF,q2,IF1512,2015-12-18,4253.021,4060.0,-193.02099999999973,d,30.129575116610596,-162.89142488338913,-8.223271671434471,0.905016376611224
2015-07-01,IF,q2,IF1512,2015-12-18,4253.021,4060.0,-193.02099999999973,p,30.52306198208847,-162.49793801791125,-8.203407216345553,0.8933493932185399
2015-07-02,IF,current,IF1507,2015-07-17,4107.996,4130.0,22.003999999999905,y,19.213982074280995,41.2179820742809,24.41508942902659,1.0
2015-07-02,IF,current,IF1507,2015-07-17,4107.996,4130.0,22.003999999999905,d,19.213982074280995,41.2179820742809,24.41508942902659,1.0
2015-07-02,IF,current,IF1507,2015-07-17,4107.996,4130.0,22.003999999999905,p,19.213982074280995,41.2179820742809,24.41508942902659,1.0
2015-07-02,IF,next,IF1508,2015-08-21,4107.996,4109.8,1.8040000000000873,y,25.669485929952454,27.473485929952542,4.882099381027965,1.0
2015-07-02,IF,next,IF1508,2015-08-21,4107.996,4109.8,1.8040000000000873,d,25.669485929952454,27.473485929952542,4.882099381027965,1.0
2015-07-02,IF,next,IF1508,2015-08-21,4107.996,4109.8,1.8040000000000873,p,25.669485929952454,27.473485929952542,4.882099381027965,1.0
2015-07-02,IF,q1,IF1509,2015-09-18,4107.996,4111.2,3.2039999999997235,y,27.271287746885676,30.4752877468854,3.4714911675360187,0.9433666578529482
2015-07-02,IF,q1,IF1509,2015-09-18,4107.996,4111.2,3.2039999999997235,d,26.729368853683244,29.933368853682968,3.4097602770224285,0.962492744140515
2015-07-02,IF,q1,IF1509,2015-09-18,4107.996,4111.2,3.2039999999997235,p,27.014771558621227,30.21877155862095,3.4422709780734584,0.9523243060300983
2015-07-02,IF,q2,IF1512,2015-12-18,4107.996,4114.4,6.403999999999542,y,29.86392464527916,36.2679246452787,1.906772380246368,0.8797504661163642
2015-07-02,IF,q2,IF1512,2015-12-18,4107.996,4114.4,6.403999999999542,d,29.03703193903574,35.441031939035284,1.863298809891485,0.9048032761030459
2015-07-02,IF,q2,IF1512,2015-12-18,4107.996,4114.4,6.403999999999542,p,29.417101181448523,35.821101181448064,1.8832808061347743,0.8931132086976975
2015-07-03,IF,current,IF1507,2015-07-17,3885.917,3931.8,45.883000000000266,y,9.957533420880495,55.84053342088076,37.46457987839067,1.0
2015-07-03,IF,current,IF1507,2015-07-17,3885.917,3931.8,45.883000000000266,d,9.957533420880495,55.84053342088076,37.46457987839067,1.0
2015-07-03,IF,current,IF1507,2015-07-17,3885.917,3931.8,45.883000000000266,p,9.957533420880495,55.84053342088076,37.46457987839067,1.0
2015-07-03,IF,next,IF1508,2015-08-21,3885.917,3928.4,42.483000000000175,y,16.064051581151162,58.54705158115134,11.222982693408246,1.0
2015-07-03,IF,next,IF1508,2015-08-21,3885.917,3928.4,42.483000000000175,d,16.064051581151162,58.54705158115134,11.222982693408246,1.0
2015-07-03,IF,next,IF1508,2015-08-21,3885.917,3928.4,42.483000000000175,p,16.064051581151162,58.54705158115134,11.222982693408246,1.0
2015-07-03,IF,q1,IF1509,2015-09-18,3885.917,3923.0,37.083000000000084,y,17.57925970478412,54.662259704784205,6.6680093524954565,0.9168923956709895
2015-07-03,IF,q1,IF1509,2015-09-18,3885.917,3923.0,37.083000000000084,d,17.06663704407157,54.14963704407165,6.605476762105066,0.9444326672688576
2015-07-03,IF,q1,IF1509,2015-09-18,3885.917,3923.0,37.083000000000084,p,17.336610827630388,54.41961082763047,6.638409680052862,0.9297255216200231
2015-07-03,IF,q2,IF1512,2015-12-18,3885.917,3945.6,59.68299999999999,y,20.031738187794936,79.71473818779492,4.456856864487037,0.8304197951921418
2015-07-03,IF,q2,IF1512,2015-12-18,3885.917,3945.6,59.68299999999999,d,19.249547449447746,78.93254744944774,4.413124522880042,0.8641632727697457
2015-07-03,IF,q2,IF1512,2015-12-18,3885.917,3945.6,59.68299999999999,p,19.609070080499226,79.29207008049922,4.43322545957716,0.8483192652666461
2015-07-06,IF,current,IF1507,2015-07-17,3998.537,4040.6,42.0630000000001,y,10.225381724905882,52.28838172490598,43.391459811859555,1.0
2015-07-06,IF,current,IF1507,2015-07-17,3998.537,4040.6,42.0630000000001,d,10.225381724905882,52.28838172490598,43.391459811859555,1.0
2015-07-06,IF,current,IF1507,2015-07-17,3998.537,4040.6,42.0630000000001,p,10.225381724905882,52.28838172490598,43.391459811859555,1.0
2015-07-06,IF,next,IF1508,2015-08-21,3998.537,4039.2,40.66300000000001,y,16.508876407117107,57.17187640711712,11.345309812606216,1.0
2015-07-06,IF,next,IF1508,2015-08-21,3998.537,4039.2,40.66300000000001,d,16.508876407117107,57.17187640711712,11.345309812606216,1.0
2015-07-06,IF,next,IF1508,2015-08-21,3998.537,4039.2,40.66300000000001,p,16.508876407117107,57.17187640711712,11.345309812606216,1.0
2015-07-06,IF,q1,IF1509,2015-09-18,3998.537,4036.2,37.66300000000001,y,18.06799765058344,55.73099765058345,6.874748947016209,0.9167970127534129
2015-07-06,IF,q1,IF1509,2015-09-18,3998.537,4036.2,37.66300000000001,d,17.540518377120424,55.20351837712043,6.809681251609992,0.9443669745870963
2015-07-06,IF,q1,IF1509,2015-09-18,3998.537,4036.2,37.66300000000001,p,17.818316426484298,55.48131642648431,6.84394928785297,0.9296437371529453
2015-07-06,IF,q2,IF1512,2015-12-18,3998.537,4066.0,67.46300000000019,y,20.591552825854194,88.05455282585439,4.871465341696734,0.8302490195521467
2015-07-06,IF,q2,IF1512,2015-12-18,3998.537,4066.0,67.46300000000019,d,19.786692966948678,87.24969296694887,4.8269378666059755,0.8640209141203492
2015-07-06,IF,q2,IF1512,2015-12-18,3998.537,4066.0,67.46300000000019,p,20.156635130560687,87.61963513056088,4.847404274879405,0.8481632194056652
2015-07-07,IF,current,IF1507,2015-07-17,3928.003,3696.8,-231.20299999999997,y,7.0199760149396635,-224.18302398506032,-208.31655106818152,1.0
2015-07-07,IF,current,IF1507,2015-07-17,3928.003,3696.8,-231.20299999999997,d,7.0199760149396635,-224.18302398506032,-208.31655106818152,1.0
2015-07-07,IF,current,IF1507,2015-07-17,3928.003,3696.8,-231.20299999999997,p,7.0199760149396635,-224.18302398506032,-208.31655106818152,1.0
2015-07-07,IF,next,IF1508,2015-08-21,3928.003,3619.2,-308.80300000000034,y,13.192630153743366,-295.61036984625696,-61.041922712880826,1.0
2015-07-07,IF,next,IF1508,2015-08-21,3928.003,3619.2,-308.80300000000034,d,13.192630153743366,-295.61036984625696,-61.041922712880826,1.0
2015-07-07,IF,next,IF1508,2015-08-21,3928.003,3619.2,-308.80300000000034,p,13.192630153743366,-295.61036984625696,-61.041922712880826,1.0
2015-07-07,IF,q1,IF1509,2015-09-18,3928.003,3610.6,-317.40300000000025,y,14.724248573605305,-302.67875142639497,-38.5283248798938,0.8997033342352282
2015-07-07,IF,q1,IF1509,2015-09-18,3928.003,3610.6,-317.40300000000025,d,14.2060740091082,-303.19692599089205,-38.594283913593245,0.9325205209607814
2015-07-07,IF,q1,IF1509,2015-09-18,3928.003,3610.6,-317.40300000000025,p,14.478971714267727,-302.9240282857325,-38.55954645219625,0.9149445000107858
2015-07-07,IF,q2,IF1512,2015-12-18,3928.003,3649.4,-278.60300000000007,y,17.203288357188416,-261.39971164281167,-14.810929331605163,0.8003999652697038
2015-07-07,IF,q2,IF1512,2015-12-18,3928.003,3649.4,-278.60300000000007,d,16.412626187409703,-262.19037381259034,-14.855728315690378,0.8389584485986187
2015-07-07,IF,q2,IF1512,2015-12-18,3928.003,3649.4,-278.60300000000007,p,16.776042589082234,-261.8269574109178,-14.835137112244551,0.820784242201402
2015-07-08,IF,current,IF1507,2015-07-17,3663.038,3463.4,-199.63799999999992,y,5.279803200329242,-194.35819679967068,-215.18489974678516,1.0
2015-07-08,IF,current,IF1507,2015-07-17,3663.038,3463.4,-199.63799999999992,d,5.279803200329242,-194.35819679967068,-215.18489974678516,1.0
2015-07-08,IF,current,IF1507,2015-07-17,3663.038,3463.4,-199.63799999999992,p,5.279803200329242,-194.35819679967068,-215.18489974678516,1.0
2015-07-08,IF,next,IF1508,2015-08-21,3663.038,3410.8,-252.23799999999983,y,11.03607850645687,-241.20192149354295,-54.62350038481668,1.0
2015-07-08,IF,next,IF1508,2015-08-21,3663.038,3410.8,-252.23799999999983,d,11.03607850645687,-241.20192149354295,-54.62350038481668,1.0
2015-07-08,IF,next,IF1508,2015-08-21,3663.038,3410.8,-252.23799999999983,p,11.03607850645687,-241.20192149354295,-54.62350038481668,1.0
2015-07-08,IF,q1,IF1509,2015-09-18,3663.038,3412.2,-250.8380000000002,y,12.464380998449425,-238.37361900155076,-32.98960640183171,0.8895111295127774
2015-07-08,IF,q1,IF1509,2015-09-18,3663.038,3412.2,-250.8380000000002,d,11.98116010468067,-238.85683989531952,-33.05648153322144,0.9253866506864321
2015-07-08,IF,q1,IF1509,2015-09-18,3663.038,3412.2,-250.8380000000002,p,12.235649386922091,-238.6023506130781,-33.02126160708282,0.906139532933884
2015-07-08,IF,q2,IF1512,2015-12-18,3663.038,3433.0,-230.038,y,14.77619617037692,-215.2618038296231,-13.159240107002743,0.7832899529355761
2015-07-08,IF,q2,IF1512,2015-12-18,3663.038,3433.0,-230.038,d,14.038868430794778,-215.99913156920525,-13.204313931481119,0.8244286966514537
2015-07-08,IF,q2,IF1512,2015-12-18,3663.038,3433.0,-230.038,p,14.377770434981059,-215.66022956501894,-13.183596401633778,0.804995882720576
2015-07-09,IF,current,IF1507,2015-07-17,3897.626,3810.0,-87.6260000000002,y,5.119710391275321,-82.50628960872488,-96.58057144010411,1.0
2015-07-09,IF,current,IF1507,2015-07-17,3897.626,3810.0,-87.6260000000002,d,5.119710391275321,-82.50628960872488,-96.58057144010411,1.0
2015-07-09,IF,current,IF1507,2015-07-17,3897.626,3810.0,-87.6260000000002,p,5.119710391275321,-82.50628960872488,-96.58057144010411,1.0
2015-07-09,IF,next,IF1508,2015-08-21,3897.626,3751.8,-145.82600000000002,y,11.24462864118728,-134.58137135881273,-29.309552965906562,1.0
2015-07-09,IF,next,IF1508,2015-08-21,3897.626,3751.8,-145.82600000000002,d,11.24462864118728,-134.58137135881273,-29.309552965906562,1.0
2015-07-09,IF,next,IF1508,2015-08-21,3897.626,3751.8,-145.82600000000002,p,11.24462864118728,-134.58137135881273,-29.309552965906562,1.0
2015-07-09,IF,q1,IF1509,2015-09-18,3897.626,3753.4,-144.2260000000001,y,12.76440237235113,-131.46159762764898,-17.339367761657225,0.8851985157217782
2015-07-09,IF,q1,IF1509,2015-09-18,3897.626,3753.4,-144.2260000000001,d,12.250235082987404,-131.9757649170127,-17.40718479630596,0.9223520983505346
2015-07-09,IF,q1,IF1509,2015-09-18,3897.626,3753.4,-144.2260000000001,p,12.521022348417217,-131.7049776515829,-17.371468814869615,0.9024047493621059
2015-07-09,IF,q2,IF1512,2015-12-18,3897.626,3776.2,-121.42600000000039,y,15.224270635060682,-106.20172936493971,-6.139164562901577,0.7761980126469886
2015-07-09,IF,q2,IF1512,2015-12-18,3897.626,3776.2,-121.42600000000039,d,14.439723008659707,-106.98627699134067,-6.184516620864386,0.8183708651368975
2015-07-09,IF,q2,IF1512,2015-12-18,3897.626,3776.2,-121.42600000000039,p,14.800328949130039,-106.62567105087035,-6.163671205030338,0.7984314842967468
2015-07-10,IF,current,IF1507,2015-07-17,4106.556,4166.6,60.04400000000078,y,3.791885895920492,63.83588589592127,81.05540211453959,1.0
2015-07-10,IF,current,IF1507,2015-07-17,4106.556,4166.6,60.04400000000078,d,3.791885895920492,63.83588589592127,81.05540211453959,1.0
2015-07-10,IF,current,IF1507,2015-07-17,4106.556,4166.6,60.04400000000078,p,3.791885895920492,63.83588589592127,81.05540211453959,1.0
2015-07-10,IF,next,IF1508,2015-08-21,4106.556,4125.0,18.444000000000415,y,10.245126865855896,28.68912686585631,6.071320443536508,1.0
2015-07-10,IF,next,IF1508,2015-08-21,4106.556,4125.0,18.444000000000415,d,10.245126865855896,28.68912686585631,6.071320443536508,1.0
2015-07-10,IF,next,IF1508,2015-08-21,4106.556,4125.0,18.444000000000415,p,10.245126865855896,28.68912686585631,6.071320443536508,1.0
2015-07-10,IF,q1,IF1509,2015-09-18,4106.556,4067.0,-39.555999999999585,y,11.846367193776867,-27.709632806222718,-3.518421336263036,0.869671203467204
2015-07-10,IF,q1,IF1509,2015-09-18,4106.556,4067.0,-39.555999999999585,d,11.304638262591485,-28.2513617374081,-3.587207185692466,0.9113466680502689
2015-07-10,IF,q1,IF1509,2015-09-18,4106.556,4067.0,-39.555999999999585,p,11.589940923640647,-27.96605907635894,-3.5509809759498903,0.8889125908408958
2015-07-10,IF,q2,IF1512,2015-12-18,4106.556,4052.0,-54.555999999999585,y,14.438095279909165,-40.11790472009042,-2.2147641316559787,0.7513616490637451
2015-07-10,IF,q2,IF1512,2015-12-18,4106.556,4052.0,-54.555999999999585,d,13.611492429229626,-40.94450757076996,-2.2603978794198,0.7969905677320356
2015-07-10,IF,q2,IF1512,2015-12-18,4106.556,4052.0,-54.555999999999585,p,13.991428443735401,-40.564571556264184,-2.2394229889532418,0.7753483586380538
2015-07-13,IF,current,IF1507,2015-07-17,4211.812,4085.4,-126.41199999999981,y,3.2210007697319645,-123.19099923026785,-266.8964967990485,1.0
2015-07-13,IF,current,IF1507,2015-07-17,4211.812,4085.4,-126.41199999999981,d,3.2210007697319645,-123.19099923026785,-266.8964967990485,1.0
2015-07-13,IF,current,IF1507,2015-07-17,4211.812,4085.4,-126.41199999999981,p,3.2210007697319645,-123.19099923026785,-266.8964967990485,1.0
2015-07-13,IF,next,IF1508,2015-08-21,4211.812,4038.0,-173.8119999999999,y,9.839646115385495,-163.9723538846144,-36.435934357629826,1.0
2015-07-13,IF,next,IF1508,2015-08-21,4211.812,4038.0,-173.8119999999999,d,9.839646115385495,-163.9723538846144,-36.435934357629826,1.0
2015-07-13,IF,next,IF1508,2015-08-21,4211.812,4038.0,-173.8119999999999,p,9.839646115385495,-163.9723538846144,-36.435934357629826,1.0
2015-07-13,IF,q1,IF1509,2015-09-18,4211.812,4030.2,-181.61200000000008,y,11.48192817071884,-170.13007182928123,-22.005445714316533,0.8620880251651687
2015-07-13,IF,q1,IF1509,2015-09-18,4211.812,4030.2,-181.61200000000008,d,10.92631407143132,-170.68568592856877,-22.077311527153253,0.905926071415468
2015-07-13,IF,q1,IF1509,2015-09-18,4211.812,4030.2,-181.61200000000008,p,11.218929384954084,-170.39307061504599,-22.039463248317723,0.882297449439186
2015-07-13,IF,q2,IF1512,2015-12-18,4211.812,4034.6,-177.212,y,14.140085384186536,-163.07191461581345,-8.944292023885145,0.739614248081436
2015-07-13,IF,q2,IF1512,2015-12-18,4211.812,4034.6,-177.212,d,13.292295702096169,-163.91970429790382,-8.990792235214103,0.7867872377818972
2015-07-13,IF,q2,IF1512,2015-12-18,4211.812,4034.6,-177.212,p,13.68196993644914,-163.53003006355084,-8.969419087333623,0.7643788626790852
2015-07-14,IF,current,IF1507,2015-07-17,4112.149,4001.6,-110.54900000000043,y,3.0796967855346784,-107.46930321446575,-317.9707712705287,1.0
2015-07-14,IF,current,IF1507,2015-07-17,4112.149,4001.6,-110.54900000000043,d,3.0796967855346784,-107.46930321446575,-317.9707712705287,1.0
2015-07-14,IF,current,IF1507,2015-07-17,4112.149,4001.6,-110.54900000000043,p,3.0796967855346784,-107.46930321446575,-317.9707712705287,1.0
2015-07-14,IF,next,IF1508,2015-08-21,4112.149,3930.8,-181.34900000000016,y,9.541726866526853,-171.8072731334733,-40.13118374084473,1.0
2015-07-14,IF,next,IF1508,2015-08-21,4112.149,3930.8,-181.34900000000016,d,9.541726866526853,-171.8072731334733,-40.13118374084473,1.0
2015-07-14,IF,next,IF1508,2015-08-21,4112.149,3930.8,-181.34900000000016,p,9.541726866526853,-171.8072731334733,-40.13118374084473,1.0
2015-07-14,IF,q1,IF1509,2015-09-18,4112.149,3895.8,-216.34900000000016,y,11.145148033368338,-205.20385196663182,-27.59723649023706,0.861282636242618
2015-07-14,IF,q1,IF1509,2015-09-18,4112.149,3895.8,-216.34900000000016,d,10.602681284431993,-205.74631871556818,-27.67019117902585,0.9053485832482943
2015-07-14,IF,q1,IF1509,2015-09-18,4112.149,3895.8,-216.34900000000016,p,10.888372518724342,-205.46062748127582,-27.631769441420083,0.8815938711672884
2015-07-14,IF,q2,IF1512,2015-12-18,4112.149,3885.8,-226.34900000000016,y,13.740405971567851,-212.60859402843232,-12.02001985444702,0.7383808389264093
2015-07-14,IF,q2,IF1512,2015-12-18,4112.149,3885.8,-226.34900000000016,d,12.912677313826665,-213.4363226861735,-12.066816245465969,0.7857125398473274
2015-07-14,IF,q2,IF1512,2015-12-18,4112.149,3885.8,-226.34900000000016,p,13.293130789224033,-213.05586921077614,-12.045306962885611,0.7632252062621849
2015-07-15,IF,current,IF1507,2015-07-17,3966.759,3858.4,-108.35899999999992,y,2.625407539483167,-105.73359246051676,-486.4520537810416,1.0
2015-07-15,IF,current,IF1507,2015-07-17,3966.759,3858.4,-108.35899999999992,d,2.625407539483167,-105.73359246051676,-486.4520537810416,1.0
2015-07-15,IF,current,IF1507,2015-07-17,3966.759,3858.4,-108.35899999999992,p,2.625407539483167,-105.73359246051676,-486.4520537810416,1.0
2015-07-15,IF,next,IF1508,2015-08-21,3966.759,3699.2,-267.5590000000002,y,8.858964733555277,-258.7000352664449,-64.33566769343068,1.0
2015-07-15,IF,next,IF1508,2015-08-21,3966.759,3699.2,-267.5590000000002,d,8.858964733555277,-258.7000352664449,-64.33566769343068,1.0
2015-07-15,IF,next,IF1508,2015-08-21,3966.759,3699.2,-267.5590000000002,p,8.858964733555277,-258.7000352664449,-64.33566769343068,1.0
2015-07-15,IF,q1,IF1509,2015-09-18,3966.759,3650.2,-316.5590000000002,y,10.405695006305354,-306.15330499369486,-43.33937501145767,0.856678102695257
2015-07-15,IF,q1,IF1509,2015-09-18,3966.759,3650.2,-316.5590000000002,d,9.882407825188137,-306.6765921748121,-43.41345208007398,0.9020403947008201
2015-07-15,IF,q1,IF1509,2015-09-18,3966.759,3650.2,-316.5590000000002,p,10.157998100455467,-306.4010018995447,-43.374439238812734,0.8775677025207828
2015-07-15,IF,q2,IF1512,2015-12-18,3966.759,3621.2,-345.5590000000002,y,12.909194462106777,-332.6498055378934,-19.620936137958918,0.7313808667638038
2015-07-15,IF,q2,IF1512,2015-12-18,3966.759,3621.2,-345.5590000000002,d,12.110731151888015,-333.4482688481122,-19.668032505843374,0.7796009767293242
2015-07-15,IF,q2,IF1512,2015-12-18,3966.759,3621.2,-345.5590000000002,p,12.477733234646637,-333.0812667653536,-19.64638534324648,0.7566709158921627
2015-07-16,IF,current,IF1507,2015-07-17,3997.356,4008.0,10.643999999999778,y,2.3385925001042938,12.982592500104072,118.5445144875259,1.0
2015-07-16,IF,current,IF1507,2015-07-17,3997.356,4008.0,10.643999999999778,d,2.3385925001042938,12.982592500104072,118.5445144875259,1.0
2015-07-16,IF,current,IF1507,2015-07-17,3997.356,4008.0,10.643999999999778,p,2.3385925001042938,12.982592500104072,118.5445144875259,1.0
2015-07-16,IF,next,IF1508,2015-08-21,3997.356,3859.0,-138.35600000000022,y,8.620231301722269,-129.73576869827795,-32.90616456844047,1.0
2015-07-16,IF,next,IF1508,2015-08-21,3997.356,3859.0,-138.35600000000022,d,8.620231301722269,-129.73576869827795,-32.90616456844047,1.0
2015-07-16,IF,next,IF1508,2015-08-21,3997.356,3859.0,-138.35600000000022,p,8.620231301722269,-129.73576869827795,-32.90616456844047,1.0
2015-07-16,IF,q1,IF1509,2015-09-18,3997.356,3787.6,-209.7560000000003,y,10.178892046213969,-199.57710795378634,-28.47415125895561,0.8523545238335685
2015-07-16,IF,q1,IF1509,2015-09-18,3997.356,3787.6,-209.7560000000003,d,9.65156856798855,-200.10443143201175,-28.54938578176905,0.898923798975004
2015-07-16,IF,q1,IF1509,2015-09-18,3997.356,3787.6,-209.7560000000003,p,9.929284567468606,-199.8267154325317,-28.509763364863105,0.873781451649531
2015-07-16,IF,q2,IF1512,2015-12-18,3997.356,3748.8,-248.55600000000004,y,12.701701869206634,-235.8542981307934,-13.894154813386422,0.7248869551536257
2015-07-16,IF,q2,IF1512,2015-12-18,3997.356,3748.8,-248.55600000000004,d,11.897079732121211,-236.65892026787884,-13.941555028805618,0.7739124390651351
2015-07-16,IF,q2,IF1512,2015-12-18,3997.356,3748.8,-248.55600000000004,p,12.2669126303456,-236.28908736965445,-13.919768207095192,0.7505798949330995
2015-07-17,IF,current,IF1507,2015-07-17,4151.496,4124.4,-27.09600000000046,y,0.0,-27.09600000000046,,
2015-07-17,IF,current,IF1507,2015-07-17,4151.496,4124.4,-27.09600000000046,d,0.0,-27.09600000000046,,
2015-07-17,IF,current,IF1507,2015-07-17,4151.496,4124.4,-27.09600000000046,p,0.0,-27.09600000000046,,
2015-07-17,IF,next,IF1508,2015-08-21,4151.496,4090.4,-61.096000000000004,y,6.523861862281424,-54.57213813771858,-13.70853881538282,1.0
2015-07-17,IF,next,IF1508,2015-08-21,4151.496,4090.4,-61.096000000000004,d,6.523861862281424,-54.57213813771858,-13.70853881538282,1.0
2015-07-17,IF,next,IF1508,2015-08-21,4151.496,4090.4,-61.096000000000004,p,6.523861862281424,-54.57213813771858,-13.70853881538282,1.0
2015-07-17,IF,q1,IF1509,2015-09-18,4151.496,4018.0,-133.4960000000001,y,8.142625326459825,-125.35337467354027,-17.493782450089363,0.8083150580954932
2015-07-17,IF,q1,IF1509,2015-09-18,4151.496,4018.0,-133.4960000000001,d,7.594967997325537,-125.90103200267455,-17.570211171677617,0.8666009739770991
2015-07-17,IF,q1,IF1509,2015-09-18,4151.496,4018.0,-133.4960000000001,p,7.88339286140506,-125.61260713859504,-17.5299598275192,0.8348951751510365
2015-07-17,IF,q2,IF1512,2015-12-18,4151.496,3980.0,-171.4960000000001,y,10.762715928576512,-160.73328407142358,-9.176421167255148,0.6628035320762992
2015-07-17,IF,q2,IF1512,2015-12-18,4151.496,3980.0,-171.4960000000001,d,9.927067168840933,-161.56893283115917,-9.224129176280961,0.7185975485876823
2015-07-17,IF,q2,IF1512,2015-12-18,4151.496,3980.0,-171.4960000000001,p,10.311161004277896,-161.1848389957222,-9.202200881702286,0.691829574694332
2015-07-20,IF,current,IF1508,2015-08-21,4160.612,3950.0,-210.61200000000008,y,6.538187186149389,-204.07381281385068,-55.94650324058058,1.0
2015-07-20,IF,current,IF1508,2015-08-21,4160.612,3950.0,-210.61200000000008,d,6.538187186149389,-204.07381281385068,-55.94650324058058,1.0
2015-07-20,IF,current,IF1508,2015-08-21,4160.612,3950.0,-210.61200000000008,p,6.538187186149389,-204.07381281385068,-55.94650324058058,1.0
2015-07-20,IF,next,IF1509,2015-09-18,4160.612,3878.4,-282.212,y,8.160505187713698,-274.0514948122863,-40.06974438956116,0.8083150580954932
2015-07-20,IF,next,IF1509,2015-09-18,4160.612,3878.4,-282.212,d,7.611645293477002,-274.600354706523,-40.14999454722882,0.8666009739770991
2015-07-20,IF,next,IF1509,2015-09-18,4160.612,3878.4,-282.212,p,7.900703490952714,-274.3112965090473,-40.10773063586249,0.8348951751510365
2015-07-20,IF,q1,IF1509,2015-09-18,4160.612,3878.4,-282.212,y,8.160505187713698,-274.0514948122863,-40.06974438956116,0.8083150580954932
2015-07-20,IF,q1,IF1509,2015-09-18,4160.612,3878.4,-282.212,d,7.611645293477002,-274.600354706523,-40.14999454722882,0.8666009739770991
2015-07-20,IF,q1,IF1509,2015-09-18,4160.612,3878.4,-282.212,p,7.900703490952714,-274.3112965090473,-40.10773063586249,0.8348951751510365
2015-07-20,IF,q2,IF1512,2015-12-18,4160.612,3828.8,-331.8119999999999,y,10.786349076339368,-321.0256509236605,-18.650841659981733,0.6628035320762992
2015-07-20,IF,q2,IF1512,2015-12-18,4160.612,3828.8,-331.8119999999999,d,9.948865369853568,-321.8631346301463,-18.69949751024647,0.7185975485876823
2015-07-20,IF,q2,IF1512,2015-12-18,4160.612,3828.8,-331.8119999999999,p,10.33380261195739,-321.47819738804253,-18.677133554186103,0.691829574694332
2015-07-21,IF,current,IF1508,2015-08-21,4166.006,3969.0,-197.0060000000003,y,4.8979022467356454,-192.10809775326467,-54.294639161811254,1.0
2015-07-21,IF,current,IF1508,2015-08-21,4166.006,3969.0,-197.0060000000003,d,4.8979022467356454,-192.10809775326467,-54.294639161811254,1.0
2015-07-21,IF,current,IF1508,2015-08-21,4166.006,3969.0,-197.0060000000003,p,4.8979022467356454,-192.10809775326467,-54.294639161811254,1.0
2015-07-21,IF,next,IF1509,2015-09-18,4166.006,3900.2,-265.8060000000005,y,6.522323492558357,-259.2836765074421,-38.50313906120739,0.75985951605681
2015-07-21,IF,next,IF1509,2015-09-18,4166.006,3900.2,-265.8060000000005,d,5.9727520322661105,-259.8332479677344,-38.58474939103892,0.8297765495449492
2015-07-21,IF,next,IF1509,2015-09-18,4166.006,3900.2,-265.8060000000005,p,6.262184977475374,-259.5438150225251,-38.54176914219179,0.7914249723455803
2015-07-21,IF,q1,IF1509,2015-09-18,4166.006,3900.2,-265.8060000000005,y,6.522323492558357,-259.2836765074421,-38.50313906120739,0.75985951605681
2015-07-21,IF,q1,IF1509,2015-09-18,4166.006,3900.2,-265.8060000000005,d,5.9727520322661105,-259.8332479677344,-38.58474939103892,0.8297765495449492
2015-07-21,IF,q1,IF1509,2015-09-18,4166.006,3900.2,-265.8060000000005,p,6.262184977475374,-259.5438150225251,-38.54176914219179,0.7914249723455803
2015-07-21,IF,q2,IF1512,2015-12-18,4166.006,3841.6,-324.4060000000004,y,9.151571640445704,-315.2544283595547,-18.413778304886016,0.6020536937402038
2015-07-21,IF,q2,IF1512,2015-12-18,4166.006,3841.6,-324.4060000000004,d,8.313002183326876,-316.0929978166735,-18.462758527485853,0.6627855241887386
2015-07-21,IF,q2,IF1512,2015-12-18,4166.006,3841.6,-324.4060000000004,p,8.698438474965698,-315.7075615250347,-18.44024547838508,0.633416851256186
2015-07-22,IF,current,IF1508,2015-08-21,4157.16,3945.2,-211.96000000000004,y,3.3250826425091202,-208.6349173574909,-61.06071198886113,1.0
2015-07-22,IF,current,IF1508,2015-08-21,4157.16,3945.2,-211.96000000000004,d,3.3250826425091202,-208.6349173574909,-61.06071198886113,1.0
2015-07-22,IF,current,IF1508,2015-08-21,4157.16,3945.2,-211.96000000000004,p,3.3250826425091202,-208.6349173574909,-61.06071198886113,1.0
2015-07-22,IF,next,IF1509,2015-09-18,4157.16,3876.2,-280.96000000000004,y,4.946054630135721,-276.0139453698643,-41.782955464290964,0.6840010377374374
2015-07-22,IF,next,IF1509,2015-09-18,4157.16,3876.2,-280.96000000000004,d,4.397650117067686,-276.5623498829323,-41.86597286877476,0.7692986958168275
2015-07-22,IF,next,IF1509,2015-09-18,4157.16,3876.2,-280.96000000000004,p,4.686468487109914,-276.27353151289014,-41.82225158115442,0.7218882425058638
2015-07-22,IF,q1,IF1509,2015-09-18,4157.16,3876.2,-280.96000000000004,y,4.946054630135721,-276.0139453698643,-41.782955464290964,0.6840010377374374
2015-07-22,IF,q1,IF1509,2015-09-18,4157.16,3876.2,-280.96000000000004,d,4.397650117067686,-276.5623498829323,-41.86597286877476,0.7692986958168275
2015-07-22,IF,q1,IF1509,2015-09-18,4157.16,3876.2,-280.96000000000004,p,4.686468487109914,-276.27353151289014,-41.82225158115442,0.7218882425058638
2015-07-22,IF,q2,IF1512,2015-12-18,4157.16,3830.2,-326.96000000000004,y,7.5697198938130565,-319.390280106187,-18.8205170913271,0.5199160343988041
2015-07-22,IF,q2,IF1512,2015-12-18,4157.16,3830.2,-326.96000000000004,d,6.732931035526221,-320.2270689644738,-18.869826040253113,0.5845327581605664
2015-07-22,IF,q2,IF1512,2015-12-18,4157.16,3830.2,-326.96000000000004,p,7.117548900730744,-319.8424510992693,-18.84716189686307,0.5529457968735498
2015-07-23,IF,current,IF1508,2015-08-21,4250.805,4183.8,-67.00500000000011,y,3.0091501371660136,-63.99584986283409,-18.94852873501116,1.0
2015-07-23,IF,current,IF1508,2015-08-21,4250.805,4183.8,-67.00500000000011,d,3.0091501371660136,-63.99584986283409,-18.94852873501116,1.0
2015-07-23,IF,current,IF1508,2015-08-21,4250.805,4183.8,-67.00500000000011,p,3.0091501371660136,-63.99584986283409,-18.94852873501116,1.0
2015-07-23,IF,next,IF1509,2015-09-18,4250.805,4142.6,-108.20499999999993,y,4.666636457120764,-103.53836354287917,-15.59725320681814,0.6575359103579543
2015-07-23,IF,next,IF1509,2015-09-18,4250.805,4142.6,-108.20499999999993,d,4.105878476631159,-104.09912152336877,-15.681727056994632,0.7473384973780774
2015-07-23,IF,next,IF1509,2015-09-18,4250.805,4142.6,-108.20499999999993,p,4.401202825818428,-103.8037971741815,-15.637238729240591,0.6971914661924081
2015-07-23,IF,q1,IF1509,2015-09-18,4250.805,4142.6,-108.20499999999993,y,4.666636457120764,-103.53836354287917,-15.59725320681814,0.6575359103579543
2015-07-23,IF,q1,IF1509,2015-09-18,4250.805,4142.6,-108.20499999999993,d,4.105878476631159,-104.09912152336877,-15.681727056994632,0.7473384973780774
2015-07-23,IF,q1,IF1509,2015-09-18,4250.805,4142.6,-108.20499999999993,p,4.401202825818428,-103.8037971741815,-15.637238729240591,0.6971914661924081
2015-07-23,IF,q2,IF1512,2015-12-18,4250.805,4110.4,-140.40500000000065,y,7.349402918158092,-133.05559708184256,-7.719570085703088,0.4943856446123652
2015-07-23,IF,q2,IF1512,2015-12-18,4250.805,4110.4,-140.40500000000065,d,6.493764390232784,-133.91123560976786,-7.76921220320292,0.5595274298332431
2015-07-23,IF,q2,IF1512,2015-12-18,4250.805,4110.4,-140.40500000000065,p,6.887046232764878,-133.51795376723578,-7.7463949237088965,0.5275758542063544
2015-07-24,IF,current,IF1508,2015-08-21,4176.279,4012.2,-164.07900000000063,y,2.956393089236872,-161.12260691076375,-50.29233604024468,1.0
2015-07-24,IF,current,IF1508,2015-08-21,4176.279,4012.2,-164.07900000000063,d,2.956393089236872,-161.12260691076375,-50.29233604024468,1.0
2015-07-24,IF,current,IF1508,2015-08-21,4176.279,4012.2,-164.07900000000063,p,2.956393089236872,-161.12260691076375,-50.29233604024468,1.0
2015-07-24,IF,next,IF1509,2015-09-18,4176.279,3953.6,-222.67900000000054,y,4.584820013269922,-218.0941799867306,-34.037637543901724,0.6575359103579543
2015-07-24,IF,next,IF1509,2015-09-18,4176.279,3953.6,-222.67900000000054,d,4.033893358671287,-218.64510664132925,-34.1236198556885,0.7473384973780774
2015-07-24,IF,next,IF1509,2015-09-18,4176.279,3953.6,-222.67900000000054,p,4.324040019762413,-218.35495998023814,-34.078337093510285,0.6971914661924081
2015-07-24,IF,q1,IF1509,2015-09-18,4176.279,3953.6,-222.67900000000054,y,4.584820013269922,-218.0941799867306,-34.037637543901724,0.6575359103579543
2015-07-24,IF,q1,IF1509,2015-09-18,4176.279,3953.6,-222.67900000000054,d,4.033893358671287,-218.64510664132925,-34.1236198556885,0.7473384973780774
2015-07-24,IF,q1,IF1509,2015-09-18,4176.279,3953.6,-222.67900000000054,p,4.324040019762413,-218.35495998023814,-34.078337093510285,0.6971914661924081
2015-07-24,IF,q2,IF1512,2015-12-18,4176.279,3912.0,-264.27900000000045,y,7.220551653073326,-257.05844834692715,-15.28332706096725,0.4943856446123652
2015-07-24,IF,q2,IF1512,2015-12-18,4176.279,3912.0,-264.27900000000045,d,6.379914358310246,-257.8990856416902,-15.33330687994667,0.5595274298332431
2015-07-24,IF,q2,IF1512,2015-12-18,4176.279,3912.0,-264.27900000000045,p,6.766301101538432,-257.512698898462,-15.310334380864251,0.5275758542063544
2015-07-27,IF,current,IF1508,2015-08-21,3818.731,3647.8,-170.93100000000004,y,1.7964423794222943,-169.13455762057774,-64.66453230825725,1.0
2015-07-27,IF,current,IF1508,2015-08-21,3818.731,3647.8,-170.93100000000004,d,1.7964423794222943,-169.13455762057774,-64.66453230825725,1.0
2015-07-27,IF,current,IF1508,2015-08-21,3818.731,3647.8,-170.93100000000004,p,1.7964423794222943,-169.13455762057774,-64.66453230825725,1.0
2015-07-27,IF,next,IF1509,2015-09-18,3818.731,3593.8,-224.93100000000004,y,3.2854531414043486,-221.64554685859568,-39.972097519023905,0.5630098832989067
2015-07-27,IF,next,IF1509,2015-09-18,3818.731,3593.8,-224.93100000000004,d,2.781693527968058,-222.14930647203198,-40.06294675411938,0.6649699440747769
2015-07-27,IF,next,IF1509,2015-09-18,3818.731,3593.8,-224.93100000000004,p,3.0469995693640413,-221.884000430636,-40.015100816723525,0.6070701841655199
2015-07-27,IF,q1,IF1509,2015-09-18,3818.731,3593.8,-224.93100000000004,y,3.2854531414043486,-221.64554685859568,-39.972097519023905,0.5630098832989067
2015-07-27,IF,q1,IF1509,2015-09-18,3818.731,3593.8,-224.93100000000004,d,2.781693527968058,-222.14930647203198,-40.06294675411938,0.6649699440747769
2015-07-27,IF,q1,IF1509,2015-09-18,3818.731,3593.8,-224.93100000000004,p,3.0469995693640413,-221.884000430636,-40.015100816723525,0.6070701841655199
2015-07-27,IF,q2,IF1512,2015-12-18,3818.731,3557.8,-260.93100000000004,y,5.695529221234765,-255.23547077876526,-16.94151852231244,0.4138817381251384
2015-07-27,IF,q2,IF1512,2015-12-18,3818.731,3557.8,-260.93100000000004,d,4.9268622578283665,-256.0041377421717,-16.9925395875206,0.47845371156493155
2015-07-27,IF,q2,IF1512,2015-12-18,3818.731,3557.8,-260.93100000000004,p,5.280168881824157,-255.6508311181759,-16.969088494707293,0.44643942009915133
2015-07-28,IF,current,IF1508,2015-08-21,3811.093,3654.0,-157.09299999999985,y,1.7928492415725668,-155.3001507584273,-61.973204522982826,1.0
2015-07-28,IF,current,IF1508,2015-08-21,3811.093,3654.0,-157.09299999999985,d,1.7928492415725668,-155.3001507584273,-61.973204522982826,1.0
2015-07-28,IF,current,IF1508,2015-08-21,3811.093,3654.0,-157.09299999999985,p,1.7928492415725668,-155.3001507584273,-61.973204522982826,1.0
2015-07-28,IF,next,IF1509,2015-09-18,3811.093,3597.8,-213.29299999999967,y,3.278881772252123,-210.01411822774753,-38.680178117854226,0.5630098832989067
2015-07-28,IF,next,IF1509,2015-09-18,3811.093,3597.8,-213.29299999999967,d,2.7761297490146255,-210.51687025098505,-38.77277445362461,0.6649699440747769
2015-07-28,IF,next,IF1509,2015-09-18,3811.093,3597.8,-213.29299999999967,p,3.0409051409503083,-210.25209485904935,-38.724008402048064,0.6070701841655199
2015-07-28,IF,q1,IF1509,2015-09-18,3811.093,3597.8,-213.29299999999967,y,3.278881772252123,-210.01411822774753,-38.680178117854226,0.5630098832989067
2015-07-28,IF,q1,IF1509,2015-09-18,3811.093,3597.8,-213.29299999999967,d,2.7761297490146255,-210.51687025098505,-38.77277445362461,0.6649699440747769
2015-07-28,IF,q1,IF1509,2015-09-18,3811.093,3597.8,-213.29299999999967,p,3.0409051409503083,-210.25209485904935,-38.724008402048064,0.6070701841655199
2015-07-28,IF,q2,IF1512,2015-12-18,3811.093,3565.0,-246.09299999999985,y,5.684137360380519,-240.40886263961931,-16.101181814014932,0.41388173812513845
2015-07-28,IF,q2,IF1512,2015-12-18,3811.093,3565.0,-246.09299999999985,d,4.917007839194193,-241.17599216080566,-16.15255966988889,0.47845371156493155
2015-07-28,IF,q2,IF1512,2015-12-18,3811.093,3565.0,-246.09299999999985,p,5.269607800166566,-240.82339219983328,-16.128944583419546,0.44643942009915133
2015-07-29,IF,current,IF1508,2015-08-21,3930.379,3821.4,-108.97899999999981,y,1.84896485319113,-107.13003514680868,-43.25555066073024,1.0
2015-07-29,IF,current,IF1508,2015-08-21,3930.379,3821.4,-108.97899999999981,d,1.84896485319113,-107.13003514680868,-43.25555066073024,1.0
2015-07-29,IF,current,IF1508,2015-08-21,3930.379,3821.4,-108.97899999999981,p,1.84896485319113,-107.13003514680868,-43.25555066073024,1.0
2015-07-29,IF,next,IF1509,2015-09-18,3930.379,3762.0,-168.3789999999999,y,3.381509729923286,-164.9974902700766,-30.044542552985025,0.5630098832989067
2015-07-29,IF,next,IF1509,2015-09-18,3930.379,3762.0,-168.3789999999999,d,2.863021728098043,-165.51597827190187,-30.13895450318229,0.6649699440747769
2015-07-29,IF,next,IF1509,2015-09-18,3930.379,3762.0,-168.3789999999999,p,3.1360845056741287,-165.24291549432579,-30.089232254516006,0.6070701841655199
2015-07-29,IF,q1,IF1509,2015-09-18,3930.379,3762.0,-168.3789999999999,y,3.381509729923286,-164.9974902700766,-30.044542552985025,0.5630098832989067
2015-07-29,IF,q1,IF1509,2015-09-18,3930.379,3762.0,-168.3789999999999,d,2.863021728098043,-165.51597827190187,-30.13895450318229,0.6649699440747769
2015-07-29,IF,q1,IF1509,2015-09-18,3930.379,3762.0,-168.3789999999999,p,3.1360845056741287,-165.24291549432579,-30.089232254516006,0.6070701841655199
2015-07-29,IF,q2,IF1512,2015-12-18,3930.379,3719.8,-210.57899999999972,y,5.4957886856156115,-205.0832113143841,-13.412205488478016,0.5321734401464141
2015-07-29,IF,q2,IF1512,2015-12-18,3930.379,3719.8,-210.57899999999972,d,4.704648254156501,-205.87435174584323,-13.463945160238405,0.6216644928891017
2015-07-29,IF,q2,IF1512,2015-12-18,3930.379,3719.8,-210.57899999999972,p,5.068284481875592,-205.51071551812413,-13.440163770343222,0.5770616826266759
2015-07-30,IF,current,IF1508,2015-08-21,3815.412,3653.8,-161.61199999999963,y,1.794881025072563,-159.81711897492707,-69.494756846286,1.0
2015-07-30,IF,current,IF1508,2015-08-21,3815.412,3653.8,-161.61199999999963,d,1.794881025072563,-159.81711897492707,-69.494756846286,1.0
2015-07-30,IF,current,IF1508,2015-08-21,3815.412,3653.8,-161.61199999999963,p,1.794881025072563,-159.81711897492707,-69.494756846286,1.0
2015-07-30,IF,next,IF1509,2015-09-18,3815.412,3589.8,-225.61199999999963,y,3.2825976328659565,-222.32940236713367,-42.53812267928276,0.5630098832989067
2015-07-30,IF,next,IF1509,2015-09-18,3815.412,3589.8,-225.61199999999963,d,2.779275855495363,-222.83272414450425,-42.63442286848396,0.6649699440747769
2015-07-30,IF,next,IF1509,2015-09-18,3815.412,3589.8,-225.61199999999963,p,3.044351309622593,-222.56764869037704,-42.58370617484435,0.6070701841655199
2015-07-30,IF,q1,IF1509,2015-09-18,3815.412,3589.8,-225.61199999999963,y,3.2825976328659565,-222.32940236713367,-42.53812267928276,0.5630098832989067
2015-07-30,IF,q1,IF1509,2015-09-18,3815.412,3589.8,-225.61199999999963,d,2.779275855495363,-222.83272414450425,-42.63442286848396,0.6649699440747769
2015-07-30,IF,q1,IF1509,2015-09-18,3815.412,3589.8,-225.61199999999963,p,3.044351309622593,-222.56764869037704,-42.58370617484435,0.6070701841655199
2015-07-30,IF,q2,IF1512,2015-12-18,3815.412,3543.6,-271.8119999999999,y,5.335032092467935,-266.47696790753196,-18.079732003817238,0.5321734401464141
2015-07-30,IF,q2,IF1512,2015-12-18,3815.412,3543.6,-271.8119999999999,d,4.567033205878558,-267.24496679412135,-18.1318386236043,0.6216644928891017
2015-07-30,IF,q2,IF1512,2015-12-18,3815.412,3543.6,-271.8119999999999,p,4.920032758052574,-266.8919672419473,-18.107888571369436,0.5770616826266759
2015-07-31,IF,current,IF1508,2015-08-21,3816.699,3693.4,-123.29899999999998,y,1.5884321146746636,-121.71056788532532,-55.42605232095881,1.0
2015-07-31,IF,current,IF1508,2015-08-21,3816.699,3693.4,-123.29899999999998,d,1.5884321146746636,-121.71056788532532,-55.42605232095881,1.0
2015-07-31,IF,current,IF1508,2015-08-21,3816.699,3693.4,-123.29899999999998,p,1.5884321146746636,-121.71056788532532,-55.42605232095881,1.0
2015-07-31,IF,next,IF1509,2015-09-18,3816.699,3625.2,-191.49900000000025,y,3.0645909426225004,-188.43440905737776,-36.7763889022483,0.5342249299720581
2015-07-31,IF,next,IF1509,2015-09-18,3816.699,3625.2,-191.49900000000025,d,2.5662874075042783,-188.93271259249596,-36.873641865178726,0.6379569478181213
2015-07-31,IF,next,IF1509,2015-09-18,3816.699,3625.2,-191.49900000000025,p,2.826357673069713,-188.67264232693054,-36.822884441010864,0.5792546701767449
2015-07-31,IF,q1,IF1509,2015-09-18,3816.699,3625.2,-191.49900000000025,y,3.0645909426225004,-188.43440905737776,-36.7763889022483,0.5342249299720581
2015-07-31,IF,q1,IF1509,2015-09-18,3816.699,3625.2,-191.49900000000025,d,2.5662874075042783,-188.93271259249596,-36.873641865178726,0.6379569478181213
2015-07-31,IF,q1,IF1509,2015-09-18,3816.699,3625.2,-191.49900000000025,p,2.826357673069713,-188.67264232693054,-36.822884441010864,0.5792546701767449
2015-07-31,IF,q2,IF1512,2015-12-18,3816.699,3547.8,-268.8989999999999,y,5.0074451248551775,-263.8915548751447,-18.026126303202215,0.5109371599764677
2015-07-31,IF,q2,IF1512,2015-12-18,3816.699,3547.8,-268.8989999999999,d,4.248662366879898,-264.65033763312,-18.077957874085282,0.6021871285362687
2015-07-31,IF,q2,IF1512,2015-12-18,3816.699,3547.8,-268.8989999999999,p,4.59025798945908,-264.3087420105408,-18.054623872964456,0.5573738549568991
2015-08-03,IF,current,IF1508,2015-08-21,3829.235,3638.2,-191.0350000000003,y,1.593649341652626,-189.4413506583477,-100.31898304940935,1.0
2015-08-03,IF,current,IF1508,2015-08-21,3829.235,3638.2,-191.0350000000003,d,1.593649341652626,-189.4413506583477,-100.31898304940935,1.0
2015-08-03,IF,current,IF1508,2015-08-21,3829.235,3638.2,-191.0350000000003,p,1.593649341652626,-189.4413506583477,-100.31898304940935,1.0
2015-08-03,IF,next,IF1509,2015-09-18,3829.235,3528.8,-300.43499999999995,y,3.074656633434565,-297.36034336656536,-61.61778216956625,0.5342249299720581
2015-08-03,IF,next,IF1509,2015-09-18,3829.235,3528.8,-300.43499999999995,d,2.574716413548631,-297.8602835864513,-61.72137771703561,0.6379569478181213
2015-08-03,IF,next,IF1509,2015-09-18,3829.235,3528.8,-300.43499999999995,p,2.8356408834537654,-297.59935911654617,-61.66731002607418,0.5792546701767449
2015-08-03,IF,q1,IF1509,2015-09-18,3829.235,3528.8,-300.43499999999995,y,3.074656633434565,-297.36034336656536,-61.61778216956625,0.5342249299720581
2015-08-03,IF,q1,IF1509,2015-09-18,3829.235,3528.8,-300.43499999999995,d,2.574716413548631,-297.8602835864513,-61.72137771703561,0.6379569478181213
2015-08-03,IF,q1,IF1509,2015-09-18,3829.235,3528.8,-300.43499999999995,p,2.8356408834537654,-297.59935911654617,-61.66731002607418,0.5792546701767449
2015-08-03,IF,q2,IF1512,2015-12-18,3829.235,3430.0,-399.2350000000001,y,5.023892146767354,-394.21110785323276,-27.427683854032352,0.5109371599764677
2015-08-03,IF,q2,IF1512,2015-12-18,3829.235,3430.0,-399.2350000000001,d,4.2626171564588535,-394.97238284354125,-27.48065042281797,0.6021871285362687
2015-08-03,IF,q2,IF1512,2015-12-18,3829.235,3430.0,-399.2350000000001,p,4.605334754526449,-394.6296652454737,-27.456805458168954,0.5573738549568991
2015-08-04,IF,current,IF1508,2015-08-21,3948.155,3837.6,-110.55500000000029,y,1.6431414150587582,-108.91185858494153,-59.22770685593301,1.0
2015-08-04,IF,current,IF1508,2015-08-21,3948.155,3837.6,-110.55500000000029,d,1.6431414150587582,-108.91185858494153,-59.22770685593301,1.0
2015-08-04,IF,current,IF1508,2015-08-21,3948.155,3837.6,-110.55500000000029,p,1.6431414150587582,-108.91185858494153,-59.22770685593301,1.0
2015-08-04,IF,next,IF1509,2015-09-18,3948.155,3752.0,-196.1550000000002,y,3.170142589989344,-192.98485741001085,-39.64691409568602,0.5342249299720581
2015-08-04,IF,next,IF1509,2015-09-18,3948.155,3752.0,-196.1550000000002,d,2.6546763209189552,-193.50032367908125,-39.75281176643249,0.6379569478181213
2015-08-04,IF,next,IF1509,2015-09-18,3948.155,3752.0,-196.1550000000002,p,2.923704011953406,-193.23129598804678,-39.69754257122747,0.5792546701767449
2015-08-04,IF,q1,IF1509,2015-09-18,3948.155,3752.0,-196.1550000000002,y,3.170142589989344,-192.98485741001085,-39.64691409568602,0.5342249299720581
2015-08-04,IF,q1,IF1509,2015-09-18,3948.155,3752.0,-196.1550000000002,d,2.6546763209189552,-193.50032367908125,-39.75281176643249,0.6379569478181213
2015-08-04,IF,q1,IF1509,2015-09-18,3948.155,3752.0,-196.1550000000002,p,2.923704011953406,-193.23129598804678,-39.69754257122747,0.5792546701767449
2015-08-04,IF,q2,IF1512,2015-12-18,3948.155,3640.0,-308.1550000000002,y,5.179913193815544,-302.97508680618466,-20.595231615678973,0.5109371599764677
2015-08-04,IF,q2,IF1512,2015-12-18,3948.155,3640.0,-308.1550000000002,d,4.394996190977781,-303.7600038090224,-20.64858764452919,0.6021871285362687
2015-08-04,IF,q2,IF1512,2015-12-18,3948.155,3640.0,-308.1550000000002,p,4.748357162137443,-303.40664283786276,-20.624567349257756,0.5573738549568991
2015-08-05,IF,current,IF1508,2015-08-21,3866.9,3762.6,-104.30000000000018,y,1.6093247448214956,-102.69067525517869,-60.581629451466654,1.0
2015-08-05,IF,current,IF1508,2015-08-21,3866.9,3762.6,-104.30000000000018,d,1.6093247448214956,-102.69067525517869,-60.581629451466654,1.0
2015-08-05,IF,current,IF1508,2015-08-21,3866.9,3762.6,-104.30000000000018,p,1.6093247448214956,-102.69067525517869,-60.581629451466654,1.0
2015-08-05,IF,next,IF1509,2015-09-18,3866.9,3666.8,-200.0999999999999,y,3.104899473609773,-196.99510052639013,-42.26030934583046,0.5342249299720581
2015-08-05,IF,next,IF1509,2015-09-18,3866.9,3666.8,-200.0999999999999,d,2.60004175757069,-197.49995824242922,-42.36861378182116,0.6379569478181213
2015-08-05,IF,next,IF1509,2015-09-18,3866.9,3666.8,-200.0999999999999,p,2.8635327244808337,-197.2364672755191,-42.312088468543315,0.5792546701767449
2015-08-05,IF,q1,IF1509,2015-09-18,3866.9,3666.8,-200.0999999999999,y,3.104899473609773,-196.99510052639013,-42.26030934583046,0.5342249299720581
2015-08-05,IF,q1,IF1509,2015-09-18,3866.9,3666.8,-200.0999999999999,d,2.60004175757069,-197.49995824242922,-42.36861378182116,0.6379569478181213
2015-08-05,IF,q1,IF1509,2015-09-18,3866.9,3666.8,-200.0999999999999,p,2.8635327244808337,-197.2364672755191,-42.312088468543315,0.5792546701767449
2015-08-05,IF,q2,IF1512,2015-12-18,3866.9,3550.2,-316.7000000000003,y,5.073307995548636,-311.6266920044516,-21.78867416652536,0.5109371599764677
2015-08-05,IF,q2,IF1512,2015-12-18,3866.9,3550.2,-316.7000000000003,d,4.304544976297025,-312.3954550237032,-21.842425425218913,0.6021871285362687
2015-08-05,IF,q2,IF1512,2015-12-18,3866.9,3550.2,-316.7000000000003,p,4.6506336023457235,-312.0493663976545,-21.818227201834357,0.5573738549568991
2015-08-06,IF,current,IF1508,2015-08-21,3831.852,3766.8,-65.05199999999968,y,1.541907301507608,-63.51009269849207,-40.33068750210883,1.0
2015-08-06,IF,current,IF1508,2015-08-21,3831.852,3766.8,-65.05199999999968,d,1.541907301507608,-63.51009269849207,-40.33068750210883,1.0
2015-08-06,IF,current,IF1508,2015-08-21,3831.852,3766.8,-65.05199999999968,p,1.541907301507608,-63.51009269849207,-40.33068750210883,1.0
2015-08-06,IF,next,IF1509,2015-09-18,3831.852,3680.6,-151.25199999999995,y,3.0239267526588707,-148.2280732473411,-32.83568990543834,0.526087349423736
2015-08-06,IF,next,IF1509,2015-09-18,3831.852,3680.6,-151.25199999999995,d,2.523644860466212,-148.72835513953373,-32.94651304924277,0.630377766332756
2015-08-06,IF,next,IF1509,2015-09-18,3831.852,3680.6,-151.25199999999995,p,2.78474765302267,-148.4672523469773,-32.888673193795675,0.5712724484859741
2015-08-06,IF,q1,IF1509,2015-09-18,3831.852,3680.6,-151.25199999999995,y,3.0239267526588707,-148.2280732473411,-32.83568990543834,0.526087349423736
2015-08-06,IF,q1,IF1509,2015-09-18,3831.852,3680.6,-151.25199999999995,d,2.523644860466212,-148.72835513953373,-32.94651304924277,0.630377766332756
2015-08-06,IF,q1,IF1509,2015-09-18,3831.852,3680.6,-151.25199999999995,p,2.78474765302267,-148.4672523469773,-32.888673193795675,0.5712724484859741
2015-08-06,IF,q2,IF1512,2015-12-18,3831.852,3573.0,-258.85199999999986,y,4.974494424853258,-253.8775055751466,-18.04693948134454,0.505743110947239
2015-08-06,IF,q2,IF1512,2015-12-18,3831.852,3573.0,-258.85199999999986,d,4.212699159176535,-254.63930084082332,-18.101091868834317,0.5971981835766206
2015-08-06,IF,q2,IF1512,2015-12-18,3831.852,3573.0,-258.85199999999986,p,4.555650979472367,-254.2963490205275,-18.07671306169315,0.5522407877932658
2015-08-07,IF,current,IF1508,2015-08-21,3906.945,3854.6,-52.345000000000255,y,1.4315648240282473,-50.913435175972005,-33.975036467531865,1.0
2015-08-07,IF,current,IF1508,2015-08-21,3906.945,3854.6,-52.345000000000255,d,1.4315648240282473,-50.913435175972005,-33.975036467531865,1.0
2015-08-07,IF,current,IF1508,2015-08-21,3906.945,3854.6,-52.345000000000255,p,1.4315648240282473,-50.913435175972005,-33.975036467531865,1.0
2015-08-07,IF,next,IF1509,2015-09-18,3906.945,3799.4,-107.54500000000007,y,2.9426274863070017,-104.60237251369307,-23.26739761623393,0.5034501527980644
2015-08-07,IF,next,IF1509,2015-09-18,3906.945,3799.4,-107.54500000000007,d,2.4325415442370453,-105.11245845576303,-23.380859406319423,0.6090199203868886
2015-08-07,IF,next,IF1509,2015-09-18,3906.945,3799.4,-107.54500000000007,p,2.6987611815989507,-104.84623881840112,-23.321642411456917,0.5489430734776285
2015-08-07,IF,q1,IF1509,2015-09-18,3906.945,3799.4,-107.54500000000007,y,2.9426274863070017,-104.60237251369307,-23.26739761623393,0.5034501527980644
2015-08-07,IF,q1,IF1509,2015-09-18,3906.945,3799.4,-107.54500000000007,d,2.4325415442370453,-105.11245845576303,-23.380859406319423,0.6090199203868886
2015-08-07,IF,q1,IF1509,2015-09-18,3906.945,3799.4,-107.54500000000007,p,2.6987611815989507,-104.84623881840112,-23.321642411456917,0.5489430734776285
2015-08-07,IF,q2,IF1512,2015-12-18,3906.945,3722.6,-184.34500000000025,y,4.931420533126529,-179.41357946687373,-12.602573438393,0.49165540361451204
2015-08-07,IF,q2,IF1512,2015-12-18,3906.945,3722.6,-184.34500000000025,d,4.1546963265915835,-180.19030367340866,-12.657132986690966,0.5835708225145466
2015-08-07,IF,q2,IF1512,2015-12-18,3906.945,3722.6,-184.34500000000025,p,4.504368991283671,-179.84063100871657,-12.63257088024799,0.538268413910792
2015-08-10,IF,current,IF1508,2015-08-21,4084.365,4032.8,-51.5649999999996,y,1.4965742447083672,-50.06842575529123,-40.67612468674901,1.0
2015-08-10,IF,current,IF1508,2015-08-21,4084.365,4032.8,-51.5649999999996,d,1.4965742447083672,-50.06842575529123,-40.67612468674901,1.0
2015-08-10,IF,current,IF1508,2015-08-21,4084.365,4032.8,-51.5649999999996,p,1.4965742447083672,-50.06842575529123,-40.67612468674901,1.0
2015-08-10,IF,next,IF1509,2015-09-18,4084.365,3990.4,-93.96499999999969,y,3.0762564390106073,-90.88874356098908,-20.8263811022446,0.5034501527980644
2015-08-10,IF,next,IF1509,2015-09-18,4084.365,3990.4,-93.96499999999969,d,2.5430067595852357,-91.42199324041445,-20.94857072233667,0.6090199203868886
2015-08-10,IF,next,IF1509,2015-09-18,4084.365,3990.4,-93.96499999999969,p,2.8213158141415855,-91.1436841858581,-20.884798574023204,0.5489430734776285
2015-08-10,IF,q1,IF1509,2015-09-18,4084.365,3990.4,-93.96499999999969,y,3.0762564390106073,-90.88874356098908,-20.8263811022446,0.5034501527980644
2015-08-10,IF,q1,IF1509,2015-09-18,4084.365,3990.4,-93.96499999999969,d,2.5430067595852357,-91.42199324041445,-20.94857072233667,0.6090199203868886
2015-08-10,IF,q1,IF1509,2015-09-18,4084.365,3990.4,-93.96499999999969,p,2.8213158141415855,-91.1436841858581,-20.884798574023204,0.5489430734776285
2015-08-10,IF,q2,IF1512,2015-12-18,4084.365,3932.0,-152.36499999999978,y,5.155363442736801,-147.20963655726297,-10.119550142556005,0.49165540361451204
2015-08-10,IF,q2,IF1512,2015-12-18,4084.365,3932.0,-152.36499999999978,d,4.343367071192257,-148.02163292880752,-10.175368757353159,0.5835708225145466
2015-08-10,IF,q2,IF1512,2015-12-18,4084.365,3932.0,-152.36499999999978,p,4.708918875255303,-147.65608112474447,-10.150239833069191,0.538268413910792
2015-08-11,IF,current,IF1508,2015-08-21,4066.669,4001.2,-65.46900000000005,y,1.4900901577488619,-63.97890984225119,-57.42366072188735,1.0
2015-08-11,IF,current,IF1508,2015-08-21,4066.669,4001.2,-65.46900000000005,d,1.4900901577488619,-63.97890984225119,-57.42366072188735,1.0
2015-08-11,IF,current,IF1508,2015-08-21,4066.669,4001.2,-65.46900000000005,p,1.4900901577488619,-63.97890984225119,-57.42366072188735,1.0
2015-08-11,IF,next,IF1509,2015-09-18,4066.669,3965.4,-101.26899999999978,y,3.0629281899572702,-98.2060718100425,-23.19576939845771,0.5034501527980644
2015-08-11,IF,next,IF1509,2015-09-18,4066.669,3965.4,-101.26899999999978,d,2.5319888785639213,-98.73701112143586,-23.32117453486799,0.6090199203868886
2015-08-11,IF,next,IF1509,2015-09-18,4066.669,3965.4,-101.26899999999978,p,2.809092125845596,-98.45990787415418,-23.255724172125223,0.5489430734776285
2015-08-11,IF,q1,IF1509,2015-09-18,4066.669,3965.4,-101.26899999999978,y,3.0629281899572702,-98.2060718100425,-23.19576939845771,0.5034501527980644
2015-08-11,IF,q1,IF1509,2015-09-18,4066.669,3965.4,-101.26899999999978,d,2.5319888785639213,-98.73701112143586,-23.32117453486799,0.6090199203868886
2015-08-11,IF,q1,IF1509,2015-09-18,4066.669,3965.4,-101.26899999999978,p,2.809092125845596,-98.45990787415418,-23.255724172125223,0.5489430734776285
2015-08-11,IF,q2,IF1512,2015-12-18,4066.669,3895.0,-171.66899999999987,y,5.133027213853568,-166.5359727861463,-11.587036826146122,0.49165540361451204
2015-08-11,IF,q2,IF1512,2015-12-18,4066.669,3895.0,-171.66899999999987,d,4.324548913732819,-167.34445108626704,-11.643288143383561,0.5835708225145466
2015-08-11,IF,q2,IF1512,2015-12-18,4066.669,3895.0,-171.66899999999987,p,4.688516920871569,-166.9804830791283,-11.617964421236927,0.538268413910792
2015-08-12,IF,current,IF1508,2015-08-21,4016.126,3966.8,-49.32600000000002,y,1.3510146446756097,-47.974985355324414,-48.44599456926459,1.0
2015-08-12,IF,current,IF1508,2015-08-21,4016.126,3966.8,-49.32600000000002,d,1.3510146446756097,-47.974985355324414,-48.44599456926459,1.0
2015-08-12,IF,current,IF1508,2015-08-21,4016.126,3966.8,-49.32600000000002,p,1.3510146446756097,-47.974985355324414,-48.44599456926459,1.0
2015-08-12,IF,next,IF1509,2015-09-18,4016.126,3922.4,-93.72600000000011,y,2.9043045030193864,-90.82169549698072,-22.30865647331833,0.48283869357435266
2015-08-12,IF,next,IF1509,2015-09-18,4016.126,3922.4,-93.72600000000011,d,2.3799640236469752,-91.34603597635314,-22.4374509377397,0.5892150377261323
2015-08-12,IF,next,IF1509,2015-09-18,4016.126,3922.4,-93.72600000000011,p,2.6536232656684824,-91.07237673433163,-22.370231646274156,0.5284512726891282
2015-08-12,IF,q1,IF1509,2015-09-18,4016.126,3922.4,-93.72600000000011,y,2.9043045030193864,-90.82169549698072,-22.30865647331833,0.48283869357435266
2015-08-12,IF,q1,IF1509,2015-09-18,4016.126,3922.4,-93.72600000000011,d,2.3799640236469752,-91.34603597635314,-22.4374509377397,0.5892150377261323
2015-08-12,IF,q1,IF1509,2015-09-18,4016.126,3922.4,-93.72600000000011,p,2.6536232656684824,-91.07237673433163,-22.370231646274156,0.5284512726891282
2015-08-12,IF,q2,IF1512,2015-12-18,4016.126,3843.2,-172.92600000000039,y,4.948675095375082,-167.9773249046253,-11.926862866064102,0.4792715073520403
2015-08-12,IF,q2,IF1512,2015-12-18,4016.126,3843.2,-172.92600000000039,d,4.1502450481913185,-168.77575495180906,-11.98355364671746,0.5714744418259188
2015-08-12,IF,q2,IF1512,2015-12-18,4016.126,3843.2,-172.92600000000039,p,4.509689442765384,-168.416310557235,-11.958032082991554,0.5259251224407001
2015-08-13,IF,current,IF1508,2015-08-21,4075.463,4015.6,-59.863000000000284,y,1.3709754616348178,-58.49202453836546,-65.48209662467612,1.0
2015-08-13,IF,current,IF1508,2015-08-21,4075.463,4015.6,-59.863000000000284,d,1.3709754616348178,-58.49202453836546,-65.48209662467612,1.0
2015-08-13,IF,current,IF1508,2015-08-21,4075.463,4015.6,-59.863000000000284,p,1.3709754616348178,-58.49202453836546,-65.48209662467612,1.0
2015-08-13,IF,next,IF1509,2015-09-18,4075.463,3958.2,-117.26300000000037,y,2.9472146896757963,-114.31578531032457,-28.439346535779066,0.48283869357435266
2015-08-13,IF,next,IF1509,2015-09-18,4075.463,3958.2,-117.26300000000037,d,2.4151272444401326,-114.84787275556025,-28.57171862421214,0.5892150377261323
2015-08-13,IF,next,IF1509,2015-09-18,4075.463,3958.2,-117.26300000000037,p,2.692829715793546,-114.57017028420682,-28.50263213020588,0.5284512726891282
2015-08-13,IF,q1,IF1509,2015-09-18,4075.463,3958.2,-117.26300000000037,y,2.9472146896757963,-114.31578531032457,-28.439346535779066,0.48283869357435266
2015-08-13,IF,q1,IF1509,2015-09-18,4075.463,3958.2,-117.26300000000037,d,2.4151272444401326,-114.84787275556025,-28.57171862421214,0.5892150377261323
2015-08-13,IF,q1,IF1509,2015-09-18,4075.463,3958.2,-117.26300000000037,p,2.692829715793546,-114.57017028420682,-28.50263213020588,0.5284512726891282
2015-08-13,IF,q2,IF1512,2015-12-18,4075.463,3877.2,-198.26300000000037,y,5.021790215302661,-193.2412097846977,-13.627366512464453,0.4792715073520403
2015-08-13,IF,q2,IF1512,2015-12-18,4075.463,3877.2,-198.26300000000037,d,4.21156361499538,-194.051436385005,-13.684503677217444,0.5714744418259188
2015-08-13,IF,q2,IF1512,2015-12-18,4075.463,3877.2,-198.26300000000037,p,4.576318687581251,-193.68668131241913,-13.658781156296849,0.5259251224407001
2015-08-14,IF,current,IF1508,2015-08-21,4073.54,4008.6,-64.94000000000005,y,0.5128598882835375,-64.42714011171651,-82.46918314213374,1.0
2015-08-14,IF,current,IF1508,2015-08-21,4073.54,4008.6,-64.94000000000005,d,0.5128598882835375,-64.42714011171651,-82.46918314213374,1.0
2015-08-14,IF,current,IF1508,2015-08-21,4073.54,4008.6,-64.94000000000005,p,0.5128598882835375,-64.42714011171651,-82.46918314213374,1.0
2015-08-14,IF,next,IF1509,2015-09-18,4073.54,3921.6,-151.94000000000005,y,2.088355370635861,-149.8516446293642,-38.36315783584368,0.2704947460239844
2015-08-14,IF,next,IF1509,2015-09-18,4073.54,3921.6,-151.94000000000005,d,1.5565189899190475,-150.383481010081,-38.499311983946264,0.36291825493073493
2015-08-14,IF,next,IF1509,2015-09-18,4073.54,3921.6,-151.94000000000005,p,1.8340904278530894,-150.10590957214697,-38.428251590111266,0.30799416812245556
2015-08-14,IF,q1,IF1509,2015-09-18,4073.54,3921.6,-151.94000000000005,y,2.088355370635861,-149.8516446293642,-38.36315783584368,0.2704947460239844
2015-08-14,IF,q1,IF1509,2015-09-18,4073.54,3921.6,-151.94000000000005,d,1.5565189899190475,-150.383481010081,-38.499311983946264,0.36291825493073493
2015-08-14,IF,q1,IF1509,2015-09-18,4073.54,3921.6,-151.94000000000005,p,1.8340904278530894,-150.10590957214697,-38.428251590111266,0.30799416812245556
2015-08-14,IF,q2,IF1512,2015-12-18,4073.54,3825.8,-247.73999999999978,y,4.161952011474475,-243.5780479885253,-17.32161892413761,0.37198810463072973
2015-08-14,IF,q2,IF1512,2015-12-18,4073.54,3825.8,-247.73999999999978,d,3.352107715153855,-244.38789228484592,-17.379209558452136,0.4618576644519861
2015-08-14,IF,q2,IF1512,2015-12-18,4073.54,3825.8,-247.73999999999978,p,3.7166906787046097,-244.02330932129516,-17.353282890540104,0.41655245866520185
2015-08-17,IF,current,IF1508,2015-08-21,4077.872,4003.8,-74.07199999999966,y,0.5134052883621041,-73.55859471163755,-164.60109016263698,1.0
2015-08-17,IF,current,IF1508,2015-08-21,4077.872,4003.8,-74.07199999999966,d,0.5134052883621041,-73.55859471163755,-164.60109016263698,1.0
2015-08-17,IF,current,IF1508,2015-08-21,4077.872,4003.8,-74.07199999999966,p,0.5134052883621041,-73.55859471163755,-164.60109016263698,1.0
2015-08-17,IF,next,IF1509,2015-09-18,4077.872,3897.0,-180.87199999999984,y,2.0905762290208516,-178.781423770979,-50.00710210834791,0.2704947460239844
2015-08-17,IF,next,IF1509,2015-09-18,4077.872,3897.0,-180.87199999999984,d,1.5581742677030705,-179.31382573229678,-50.15602070783511,0.36291825493073493
2015-08-17,IF,next,IF1509,2015-09-18,4077.872,3897.0,-180.87199999999984,p,1.836040888566243,-179.0359591114336,-50.07829840207809,0.30799416812245556
2015-08-17,IF,q1,IF1509,2015-09-18,4077.872,3897.0,-180.87199999999984,y,2.0905762290208516,-178.781423770979,-50.00710210834791,0.2704947460239844
2015-08-17,IF,q1,IF1509,2015-09-18,4077.872,3897.0,-180.87199999999984,d,1.5581742677030705,-179.31382573229678,-50.15602070783511,0.36291825493073493
2015-08-17,IF,q1,IF1509,2015-09-18,4077.872,3897.0,-180.87199999999984,p,1.836040888566243,-179.0359591114336,-50.07829840207809,0.30799416812245556
2015-08-17,IF,q2,IF1512,2015-12-18,4077.872,3783.8,-294.07199999999966,y,4.166378033095401,-289.9056219669043,-21.096518988239406,0.37198810463072973
2015-08-17,IF,q2,IF1512,2015-12-18,4077.872,3783.8,-294.07199999999966,d,3.3556725090731603,-290.7163274909265,-21.155514272171356,0.4618576644519861
2015-08-17,IF,q2,IF1512,2015-12-18,4077.872,3783.8,-294.07199999999966,p,3.7206431878293875,-290.35135681217025,-21.12895524650537,0.41655245866520185
2015-08-18,IF,current,IF1508,2015-08-21,3825.412,3755.0,-70.41199999999981,y,0.48162049984988575,-69.93037950014993,-222.4125446492624,1.0
2015-08-18,IF,current,IF1508,2015-08-21,3825.412,3755.0,-70.41199999999981,d,0.48162049984988575,-69.93037950014993,-222.4125446492624,1.0
2015-08-18,IF,current,IF1508,2015-08-21,3825.412,3755.0,-70.41199999999981,p,0.48162049984988575,-69.93037950014993,-222.4125446492624,1.0
2015-08-18,IF,next,IF1509,2015-09-18,3825.412,3612.0,-213.4119999999998,y,1.9611491958087732,-211.45085080419102,-65.08222495615293,0.2704947460239844
2015-08-18,IF,next,IF1509,2015-09-18,3825.412,3612.0,-213.4119999999998,d,1.4617081021087808,-211.95029189789102,-65.23594738143004,0.36291825493073493
2015-08-18,IF,next,IF1509,2015-09-18,3825.412,3612.0,-213.4119999999998,p,1.7223720723975566,-211.68962792760226,-65.15571790451956,0.30799416812245556
2015-08-18,IF,q1,IF1509,2015-09-18,3825.412,3612.0,-213.4119999999998,y,1.9611491958087732,-211.45085080419102,-65.08222495615293,0.2704947460239844
2015-08-18,IF,q1,IF1509,2015-09-18,3825.412,3612.0,-213.4119999999998,d,1.4617081021087808,-211.95029189789102,-65.23594738143004,0.36291825493073493
2015-08-18,IF,q1,IF1509,2015-09-18,3825.412,3612.0,-213.4119999999998,p,1.7223720723975566,-211.68962792760226,-65.15571790451956,0.30799416812245556
2015-08-18,IF,q2,IF1512,2015-12-18,3825.412,3473.2,-352.212,y,,,,
2015-08-18,IF,q2,IF1512,2015-12-18,3825.412,3473.2,-352.212,d,,,,
2015-08-18,IF,q2,IF1512,2015-12-18,3825.412,3473.2,-352.212,p,,,,
2015-08-19,IF,current,IF1508,2015-08-21,3886.136,3808.2,-77.93600000000015,y,0.4892656693722495,-77.4467343306279,-363.7039212044971,1.0
2015-08-19,IF,current,IF1508,2015-08-21,3886.136,3808.2,-77.93600000000015,d,0.4892656693722495,-77.4467343306279,-363.7039212044971,1.0
2015-08-19,IF,current,IF1508,2015-08-21,3886.136,3808.2,-77.93600000000015,p,0.4892656693722495,-77.4467343306279,-363.7039212044971,1.0
2015-08-19,IF,next,IF1509,2015-09-18,3886.136,3683.2,-202.93600000000015,y,1.9922801756264483,-200.9437198243737,-62.91121200758835,0.2704947460239844
2015-08-19,IF,next,IF1509,2015-09-18,3886.136,3683.2,-202.93600000000015,d,1.484911031046227,-201.4510889689539,-63.07005851370804,0.36291825493073493
2015-08-19,IF,next,IF1509,2015-09-18,3886.136,3683.2,-202.93600000000015,p,1.7497127409907092,-201.18628725900945,-62.98715472090053,0.30799416812245556
2015-08-19,IF,q1,IF1509,2015-09-18,3886.136,3683.2,-202.93600000000015,y,1.9922801756264483,-200.9437198243737,-62.91121200758835,0.2704947460239844
2015-08-19,IF,q1,IF1509,2015-09-18,3886.136,3683.2,-202.93600000000015,d,1.484911031046227,-201.4510889689539,-63.07005851370804,0.36291825493073493
2015-08-19,IF,q1,IF1509,2015-09-18,3886.136,3683.2,-202.93600000000015,p,1.7497127409907092,-201.18628725900945,-62.98715472090053,0.30799416812245556
2015-08-19,IF,q2,IF1512,2015-12-18,3886.136,3560.0,-326.13599999999997,y,,,,
2015-08-19,IF,q2,IF1512,2015-12-18,3886.136,3560.0,-326.13599999999997,d,,,,
2015-08-19,IF,q2,IF1512,2015-12-18,3886.136,3560.0,-326.13599999999997,p,,,,
2015-08-20,IF,current,IF1508,2015-08-21,3761.454,3748.4,-13.054000000000087,y,0.21849264411479621,-12.83550735588529,-124.5518404557953,1.0
2015-08-20,IF,current,IF1508,2015-08-21,3761.454,3748.4,-13.054000000000087,d,0.21849264411479621,-12.83550735588529,-124.5518404557953,1.0
2015-08-20,IF,current,IF1508,2015-08-21,3761.454,3748.4,-13.054000000000087,p,0.21849264411479621,-12.83550735588529,-124.5518404557953,1.0
2015-08-20,IF,next,IF1509,2015-09-18,3761.454,3601.0,-160.45400000000018,y,1.6732847374969837,-158.7807152625032,-53.12963905650137,0.15928896542431428
2015-08-20,IF,next,IF1509,2015-09-18,3761.454,3601.0,-160.45400000000018,d,1.182193921746364,-159.2718060782538,-53.293963028349324,0.22545860691150996
2015-08-20,IF,next,IF1509,2015-09-18,3761.454,3601.0,-160.45400000000018,p,1.43849978728414,-159.01550021271603,-53.20820048406569,0.1852873368854675
2015-08-20,IF,q1,IF1509,2015-09-18,3761.454,3601.0,-160.45400000000018,y,1.6732847374969837,-158.7807152625032,-53.12963905650137,0.15928896542431428
2015-08-20,IF,q1,IF1509,2015-09-18,3761.454,3601.0,-160.45400000000018,d,1.182193921746364,-159.2718060782538,-53.293963028349324,0.22545860691150996
2015-08-20,IF,q1,IF1509,2015-09-18,3761.454,3601.0,-160.45400000000018,p,1.43849978728414,-159.01550021271603,-53.20820048406569,0.1852873368854675
2015-08-20,IF,q2,IF1512,2015-12-18,3761.454,3469.0,-292.4540000000002,y,,,,
2015-08-20,IF,q2,IF1512,2015-12-18,3761.454,3469.0,-292.4540000000002,d,,,,
2015-08-20,IF,q2,IF1512,2015-12-18,3761.454,3469.0,-292.4540000000002,p,,,,
2015-08-21,IF,current,IF1508,2015-08-21,3589.536,3645.4,55.86400000000003,y,0.0,55.86400000000003,,
2015-08-21,IF,current,IF1508,2015-08-21,3589.536,3645.4,55.86400000000003,d,0.0,55.86400000000003,,
2015-08-21,IF,current,IF1508,2015-08-21,3589.536,3645.4,55.86400000000003,p,0.0,55.86400000000003,,
2015-08-21,IF,next,IF1509,2015-09-18,3589.536,3469.2,-120.33600000000024,y,1.1606963962161316,-119.1753036037841,-43.27955500912055,0.7233570756070768
2015-08-21,IF,next,IF1509,2015-09-18,3589.536,3469.2,-120.33600000000024,d,1.0622847487154257,-119.27371525128481,-43.31529406060815,0.7903699566899205
2015-08-21,IF,next,IF1509,2015-09-18,3589.536,3469.2,-120.33600000000024,p,1.1008746400974978,-119.23512535990274,-43.30127980365757,0.7626644490241105
2015-08-21,IF,q1,IF1509,2015-09-18,3589.536,3469.2,-120.33600000000024,y,1.1606963962161316,-119.1753036037841,-43.27955500912055,0.7233570756070768
2015-08-21,IF,q1,IF1509,2015-09-18,3589.536,3469.2,-120.33600000000024,d,1.0622847487154257,-119.27371525128481,-43.31529406060815,0.7903699566899205
2015-08-21,IF,q1,IF1509,2015-09-18,3589.536,3469.2,-120.33600000000024,p,1.1008746400974978,-119.23512535990274,-43.30127980365757,0.7626644490241105
2015-08-21,IF,q2,IF1512,2015-12-18,3589.536,3333.8,-255.73599999999988,y,,,,
2015-08-21,IF,q2,IF1512,2015-12-18,3589.536,3333.8,-255.73599999999988,d,,,,
2015-08-21,IF,q2,IF1512,2015-12-18,3589.536,3333.8,-255.73599999999988,p,,,,
2015-08-24,IF,current,IF1509,2015-09-18,3275.534,3132.2,-143.3340000000003,y,1.0591621060447396,-142.27483789395555,-63.415999750017896,0.7233570756070768
2015-08-24,IF,current,IF1509,2015-09-18,3275.534,3132.2,-143.3340000000003,d,0.9693592186006307,-142.36464078139966,-63.456027487684,0.7903699566899205
2015-08-24,IF,current,IF1509,2015-09-18,3275.534,3132.2,-143.3340000000003,p,1.0045733803413917,-142.3294266196589,-63.44033151989935,0.7626644490241105
2015-08-24,IF,next,IF1510,2015-10-16,3275.534,3132.2,-143.3340000000003,y,,,,
2015-08-24,IF,next,IF1510,2015-10-16,3275.534,3132.2,-143.3340000000003,d,,,,
2015-08-24,IF,next,IF1510,2015-10-16,3275.534,3132.2,-143.3340000000003,p,,,,
2015-08-24,IF,q1,IF1512,2015-12-18,3275.534,3007.0,-268.5340000000001,y,,,,
2015-08-24,IF,q1,IF1512,2015-12-18,3275.534,3007.0,-268.5340000000001,d,,,,
2015-08-24,IF,q1,IF1512,2015-12-18,3275.534,3007.0,-268.5340000000001,p,,,,
2015-08-24,IF,q2,IF1603,2016-03-18,3275.534,2962.8,-312.7339999999999,y,,,,
2015-08-24,IF,q2,IF1603,2016-03-18,3275.534,2962.8,-312.7339999999999,d,,,,
2015-08-24,IF,q2,IF1603,2016-03-18,3275.534,2962.8,-312.7339999999999,p,,,,
2015-08-25,IF,current,IF1509,2015-09-18,3042.927,2821.6,-221.32700000000023,y,0.9450815726472769,-220.38191842735296,-110.14531982143048,0.7119803435403437
2015-08-25,IF,current,IF1509,2015-09-18,3042.927,2821.6,-221.32700000000023,d,0.8616558988848795,-220.46534410111533,-110.18701538149934,0.7809144040421124
2015-08-25,IF,current,IF1509,2015-09-18,3042.927,2821.6,-221.32700000000023,p,0.8943693811883233,-220.4326306188119,-110.17066541505697,0.7523507813662185
2015-08-25,IF,next,IF1510,2015-10-16,3042.927,2819.0,-223.92700000000013,y,,,,
2015-08-25,IF,next,IF1510,2015-10-16,3042.927,2819.0,-223.92700000000013,d,,,,
2015-08-25,IF,next,IF1510,2015-10-16,3042.927,2819.0,-223.92700000000013,p,,,,
2015-08-25,IF,q1,IF1512,2015-12-18,3042.927,2706.4,-336.52700000000004,y,,,,
2015-08-25,IF,q1,IF1512,2015-12-18,3042.927,2706.4,-336.52700000000004,d,,,,
2015-08-25,IF,q1,IF1512,2015-12-18,3042.927,2706.4,-336.52700000000004,p,,,,
2015-08-25,IF,q2,IF1603,2016-03-18,3042.927,2666.6,-376.3270000000002,y,,,,
2015-08-25,IF,q2,IF1603,2016-03-18,3042.927,2666.6,-376.3270000000002,d,,,,
2015-08-25,IF,q2,IF1603,2016-03-18,3042.927,2666.6,-376.3270000000002,p,,,,
2015-08-26,IF,current,IF1509,2015-09-18,3025.692,2749.6,-276.0920000000001,y,0.9397286736442525,-275.15227132635584,-144.3156446368947,0.7119803435403437
2015-08-26,IF,current,IF1509,2015-09-18,3025.692,2749.6,-276.0920000000001,d,0.856775519100126,-275.23522448089994,-144.3591530474013,0.7809144040421124
2015-08-26,IF,current,IF1509,2015-09-18,3025.692,2749.6,-276.0920000000001,p,0.8893037137290708,-275.202696286271,-144.34209221285278,0.7523507813662185
2015-08-26,IF,next,IF1510,2015-10-16,3025.692,2674.4,-351.2919999999999,y,,,,
2015-08-26,IF,next,IF1510,2015-10-16,3025.692,2674.4,-351.2919999999999,d,,,,
2015-08-26,IF,next,IF1510,2015-10-16,3025.692,2674.4,-351.2919999999999,p,,,,
2015-08-26,IF,q1,IF1512,2015-12-18,3025.692,2600.2,-425.4920000000002,y,,,,
2015-08-26,IF,q1,IF1512,2015-12-18,3025.692,2600.2,-425.4920000000002,d,,,,
2015-08-26,IF,q1,IF1512,2015-12-18,3025.692,2600.2,-425.4920000000002,p,,,,
2015-08-26,IF,q2,IF1603,2016-03-18,3025.692,2609.8,-415.8919999999998,y,,,,
2015-08-26,IF,q2,IF1603,2016-03-18,3025.692,2609.8,-415.8919999999998,d,,,,
2015-08-26,IF,q2,IF1603,2016-03-18,3025.692,2609.8,-415.8919999999998,p,,,,
2015-08-27,IF,current,IF1509,2015-09-18,3205.638,3030.8,-174.83799999999974,y,0.9956168525823561,-173.8423831474174,-89.97282834012414,0.7119803435403437
2015-08-27,IF,current,IF1509,2015-09-18,3205.638,3030.8,-174.83799999999974,d,0.9077302519546238,-173.9302697480451,-90.01831440565378,0.7809144040421124
2015-08-27,IF,current,IF1509,2015-09-18,3205.638,3030.8,-174.83799999999974,p,0.942192985363689,-173.89580701463606,-90.00047807862579,0.7523507813662185
2015-08-27,IF,next,IF1510,2015-10-16,3205.638,2960.8,-244.83799999999974,y,,,,
2015-08-27,IF,next,IF1510,2015-10-16,3205.638,2960.8,-244.83799999999974,d,,,,
2015-08-27,IF,next,IF1510,2015-10-16,3205.638,2960.8,-244.83799999999974,p,,,,
2015-08-27,IF,q1,IF1512,2015-12-18,3205.638,2888.2,-317.4380000000001,y,,,,
2015-08-27,IF,q1,IF1512,2015-12-18,3205.638,2888.2,-317.4380000000001,d,,,,
2015-08-27,IF,q1,IF1512,2015-12-18,3205.638,2888.2,-317.4380000000001,p,,,,
2015-08-27,IF,q2,IF1603,2016-03-18,3205.638,2854.0,-351.6379999999999,y,,,,
2015-08-27,IF,q2,IF1603,2016-03-18,3205.638,2854.0,-351.6379999999999,d,,,,
2015-08-27,IF,q2,IF1603,2016-03-18,3205.638,2854.0,-351.6379999999999,p,,,,
2015-08-28,IF,current,IF1509,2015-09-18,3342.286,3188.4,-153.88599999999997,y,0.871855897564853,-153.01414410243513,-79.57223146842043,1.0
2015-08-28,IF,current,IF1509,2015-09-18,3342.286,3188.4,-153.88599999999997,d,0.871855897564853,-153.01414410243513,-79.57223146842043,1.0
2015-08-28,IF,current,IF1509,2015-09-18,3342.286,3188.4,-153.88599999999997,p,0.871855897564853,-153.01414410243513,-79.57223146842043,1.0
2015-08-28,IF,next,IF1510,2015-10-16,3342.286,3102.6,-239.68600000000015,y,,,,
2015-08-28,IF,next,IF1510,2015-10-16,3342.286,3102.6,-239.68600000000015,d,,,,
2015-08-28,IF,next,IF1510,2015-10-16,3342.286,3102.6,-239.68600000000015,p,,,,
2015-08-28,IF,q1,IF1512,2015-12-18,3342.286,3034.0,-308.28600000000006,y,,,,
2015-08-28,IF,q1,IF1512,2015-12-18,3342.286,3034.0,-308.28600000000006,d,,,,
2015-08-28,IF,q1,IF1512,2015-12-18,3342.286,3034.0,-308.28600000000006,p,,,,
2015-08-28,IF,q2,IF1603,2016-03-18,3342.286,3017.0,-325.28600000000006,y,,,,
2015-08-28,IF,q2,IF1603,2016-03-18,3342.286,3017.0,-325.28600000000006,d,,,,
2015-08-28,IF,q2,IF1603,2016-03-18,3342.286,3017.0,-325.28600000000006,p,,,,
2015-08-31,IF,current,IF1509,2015-09-18,3366.536,3070.2,-296.33600000000024,y,0.8873754523619567,-295.4486245476383,-177.95863621619105,1.0
2015-08-31,IF,current,IF1509,2015-09-18,3366.536,3070.2,-296.33600000000024,d,0.8873754523619567,-295.4486245476383,-177.95863621619105,1.0
2015-08-31,IF,current,IF1509,2015-09-18,3366.536,3070.2,-296.33600000000024,p,0.8873754523619567,-295.4486245476383,-177.95863621619105,1.0
2015-08-31,IF,next,IF1510,2015-10-16,3366.536,2966.2,-400.33600000000024,y,,,,
2015-08-31,IF,next,IF1510,2015-10-16,3366.536,2966.2,-400.33600000000024,d,,,,
2015-08-31,IF,next,IF1510,2015-10-16,3366.536,2966.2,-400.33600000000024,p,,,,
2015-08-31,IF,q1,IF1512,2015-12-18,3366.536,2864.0,-502.53600000000006,y,,,,
2015-08-31,IF,q1,IF1512,2015-12-18,3366.536,2864.0,-502.53600000000006,d,,,,
2015-08-31,IF,q1,IF1512,2015-12-18,3366.536,2864.0,-502.53600000000006,p,,,,
2015-08-31,IF,q2,IF1603,2016-03-18,3366.536,2852.0,-514.5360000000001,y,,,,
2015-08-31,IF,q2,IF1603,2016-03-18,3366.536,2852.0,-514.5360000000001,d,,,,
2015-08-31,IF,q2,IF1603,2016-03-18,3366.536,2852.0,-514.5360000000001,p,,,,
2015-09-01,IF,current,IF1509,2015-09-18,3362.083,2999.0,-363.0830000000001,y,0.8862016990174603,-362.1967983009826,-231.30238951454422,1.0
2015-09-01,IF,current,IF1509,2015-09-18,3362.083,2999.0,-363.0830000000001,d,0.8862016990174603,-362.1967983009826,-231.30238951454422,1.0
2015-09-01,IF,current,IF1509,2015-09-18,3362.083,2999.0,-363.0830000000001,p,0.8862016990174603,-362.1967983009826,-231.30238951454422,1.0
2015-09-01,IF,next,IF1510,2015-10-16,3362.083,2866.6,-495.4830000000002,y,,,,
2015-09-01,IF,next,IF1510,2015-10-16,3362.083,2866.6,-495.4830000000002,d,,,,
2015-09-01,IF,next,IF1510,2015-10-16,3362.083,2866.6,-495.4830000000002,p,,,,
2015-09-01,IF,q1,IF1512,2015-12-18,3362.083,2720.0,-642.0830000000001,y,,,,
2015-09-01,IF,q1,IF1512,2015-12-18,3362.083,2720.0,-642.0830000000001,d,,,,
2015-09-01,IF,q1,IF1512,2015-12-18,3362.083,2720.0,-642.0830000000001,p,,,,
2015-09-01,IF,q2,IF1603,2016-03-18,3362.083,2706.0,-656.0830000000001,y,,,,
2015-09-01,IF,q2,IF1603,2016-03-18,3362.083,2706.0,-656.0830000000001,d,,,,
2015-09-01,IF,q2,IF1603,2016-03-18,3362.083,2706.0,-656.0830000000001,p,,,,
2015-09-02,IF,current,IF1509,2015-09-18,3365.832,2965.8,-400.0319999999997,y,0.8871898870454228,-399.1448101129543,-270.52719745672897,1.0
2015-09-02,IF,current,IF1509,2015-09-18,3365.832,2965.8,-400.0319999999997,d,0.8871898870454228,-399.1448101129543,-270.52719745672897,1.0
2015-09-02,IF,current,IF1509,2015-09-18,3365.832,2965.8,-400.0319999999997,p,0.8871898870454228,-399.1448101129543,-270.52719745672897,1.0
2015-09-02,IF,next,IF1510,2015-10-16,3365.832,2818.4,-547.4319999999998,y,,,,
2015-09-02,IF,next,IF1510,2015-10-16,3365.832,2818.4,-547.4319999999998,d,,,,
2015-09-02,IF,next,IF1510,2015-10-16,3365.832,2818.4,-547.4319999999998,p,,,,
2015-09-02,IF,q1,IF1512,2015-12-18,3365.832,2675.4,-690.4319999999998,y,,,,
2015-09-02,IF,q1,IF1512,2015-12-18,3365.832,2675.4,-690.4319999999998,d,,,,
2015-09-02,IF,q1,IF1512,2015-12-18,3365.832,2675.4,-690.4319999999998,p,,,,
2015-09-02,IF,q2,IF1603,2016-03-18,3365.832,2638.8,-727.0319999999997,y,,,,
2015-09-02,IF,q2,IF1603,2016-03-18,3365.832,2638.8,-727.0319999999997,d,,,,
2015-09-02,IF,q2,IF1603,2016-03-18,3365.832,2638.8,-727.0319999999997,p,,,,
2015-09-07,IF,current,IF1509,2015-09-18,3250.485,3096.2,-154.2850000000003,y,0.856785906127472,-153.42821409387284,-156.62361475361251,1.0
2015-09-07,IF,current,IF1509,2015-09-18,3250.485,3096.2,-154.2850000000003,d,0.856785906127472,-153.42821409387284,-156.62361475361251,1.0
2015-09-07,IF,current,IF1509,2015-09-18,3250.485,3096.2,-154.2850000000003,p,0.856785906127472,-153.42821409387284,-156.62361475361251,1.0
2015-09-07,IF,next,IF1510,2015-10-16,3250.485,2972.2,-278.2850000000003,y,,,,
2015-09-07,IF,next,IF1510,2015-10-16,3250.485,2972.2,-278.2850000000003,d,,,,
2015-09-07,IF,next,IF1510,2015-10-16,3250.485,2972.2,-278.2850000000003,p,,,,
2015-09-07,IF,q1,IF1512,2015-12-18,3250.485,2822.0,-428.4850000000001,y,,,,
2015-09-07,IF,q1,IF1512,2015-12-18,3250.485,2822.0,-428.4850000000001,d,,,,
2015-09-07,IF,q1,IF1512,2015-12-18,3250.485,2822.0,-428.4850000000001,p,,,,
2015-09-07,IF,q2,IF1603,2016-03-18,3250.485,2801.8,-448.68499999999995,y,,,,
2015-09-07,IF,q2,IF1603,2016-03-18,3250.485,2801.8,-448.68499999999995,d,,,,
2015-09-07,IF,q2,IF1603,2016-03-18,3250.485,2801.8,-448.68499999999995,p,,,,
2015-09-08,IF,current,IF1509,2015-09-18,3334.023,3338.0,3.9769999999998618,y,0.8788054450658386,4.8558054450657,5.31600708048199,1.0
2015-09-08,IF,current,IF1509,2015-09-18,3334.023,3338.0,3.9769999999998618,d,0.8788054450658386,4.8558054450657,5.31600708048199,1.0
2015-09-08,IF,current,IF1509,2015-09-18,3334.023,3338.0,3.9769999999998618,p,0.8788054450658386,4.8558054450657,5.31600708048199,1.0
2015-09-08,IF,next,IF1510,2015-10-16,3334.023,3246.0,-88.02300000000014,y,,,,
2015-09-08,IF,next,IF1510,2015-10-16,3334.023,3246.0,-88.02300000000014,d,,,,
2015-09-08,IF,next,IF1510,2015-10-16,3334.023,3246.0,-88.02300000000014,p,,,,
2015-09-08,IF,q1,IF1512,2015-12-18,3334.023,3098.2,-235.82300000000032,y,,,,
2015-09-08,IF,q1,IF1512,2015-12-18,3334.023,3098.2,-235.82300000000032,d,,,,
2015-09-08,IF,q1,IF1512,2015-12-18,3334.023,3098.2,-235.82300000000032,p,,,,
2015-09-08,IF,q2,IF1603,2016-03-18,3334.023,3061.8,-272.22299999999996,y,,,,
2015-09-08,IF,q2,IF1603,2016-03-18,3334.023,3061.8,-272.22299999999996,d,,,,
2015-09-08,IF,q2,IF1603,2016-03-18,3334.023,3061.8,-272.22299999999996,p,,,,
2015-09-09,IF,current,IF1509,2015-09-18,3399.305,3328.2,-71.10500000000002,y,0.1231507910511427,-70.98184920894887,-84.68520268200686,1.0
2015-09-09,IF,current,IF1509,2015-09-18,3399.305,3328.2,-71.10500000000002,d,0.1231507910511427,-70.98184920894887,-84.68520268200686,1.0
2015-09-09,IF,current,IF1509,2015-09-18,3399.305,3328.2,-71.10500000000002,p,0.1231507910511427,-70.98184920894887,-84.68520268200686,1.0
2015-09-09,IF,next,IF1510,2015-10-16,3399.305,3244.8,-154.50499999999965,y,,,,
2015-09-09,IF,next,IF1510,2015-10-16,3399.305,3244.8,-154.50499999999965,d,,,,
2015-09-09,IF,next,IF1510,2015-10-16,3399.305,3244.8,-154.50499999999965,p,,,,
2015-09-09,IF,q1,IF1512,2015-12-18,3399.305,3146.0,-253.30499999999984,y,,,,
2015-09-09,IF,q1,IF1512,2015-12-18,3399.305,3146.0,-253.30499999999984,d,,,,
2015-09-09,IF,q1,IF1512,2015-12-18,3399.305,3146.0,-253.30499999999984,p,,,,
2015-09-09,IF,q2,IF1603,2016-03-18,3399.305,3115.0,-284.30499999999984,y,,,,
2015-09-09,IF,q2,IF1603,2016-03-18,3399.305,3115.0,-284.30499999999984,d,,,,
2015-09-09,IF,q2,IF1603,2016-03-18,3399.305,3115.0,-284.30499999999984,p,,,,
2015-09-10,IF,current,IF1509,2015-09-18,3357.561,3296.6,-60.96100000000024,y,0.12163847996942485,-60.83936152003081,-82.67298403071175,1.0
2015-09-10,IF,current,IF1509,2015-09-18,3357.561,3296.6,-60.96100000000024,d,0.12163847996942485,-60.83936152003081,-82.67298403071175,1.0
2015-09-10,IF,current,IF1509,2015-09-18,3357.561,3296.6,-60.96100000000024,p,0.12163847996942485,-60.83936152003081,-82.67298403071175,1.0
2015-09-10,IF,next,IF1510,2015-10-16,3357.561,3195.6,-161.96100000000024,y,,,,
2015-09-10,IF,next,IF1510,2015-10-16,3357.561,3195.6,-161.96100000000024,d,,,,
2015-09-10,IF,next,IF1510,2015-10-16,3357.561,3195.6,-161.96100000000024,p,,,,
2015-09-10,IF,q1,IF1512,2015-12-18,3357.561,3075.2,-282.36100000000033,y,,,,
2015-09-10,IF,q1,IF1512,2015-12-18,3357.561,3075.2,-282.36100000000033,d,,,,
2015-09-10,IF,q1,IF1512,2015-12-18,3357.561,3075.2,-282.36100000000033,p,,,,
2015-09-10,IF,q2,IF1603,2016-03-18,3357.561,3063.2,-294.36100000000033,y,,,,
2015-09-10,IF,q2,IF1603,2016-03-18,3357.561,3063.2,-294.36100000000033,d,,,,
2015-09-10,IF,q2,IF1603,2016-03-18,3357.561,3063.2,-294.36100000000033,p,,,,
2015-09-11,IF,current,IF1509,2015-09-18,3347.188,3311.4,-35.78800000000001,y,0.12126268457725689,-35.66673731542275,-55.56202963771083,1.0
2015-09-11,IF,current,IF1509,2015-09-18,3347.188,3311.4,-35.78800000000001,d,0.12126268457725689,-35.66673731542275,-55.56202963771083,1.0
2015-09-11,IF,current,IF1509,2015-09-18,3347.188,3311.4,-35.78800000000001,p,0.12126268457725689,-35.66673731542275,-55.56202963771083,1.0
2015-09-11,IF,next,IF1510,2015-10-16,3347.188,3203.0,-144.1880000000001,y,,,,
2015-09-11,IF,next,IF1510,2015-10-16,3347.188,3203.0,-144.1880000000001,d,,,,
2015-09-11,IF,next,IF1510,2015-10-16,3347.188,3203.0,-144.1880000000001,p,,,,
2015-09-11,IF,q1,IF1512,2015-12-18,3347.188,3068.0,-279.1880000000001,y,,,,
2015-09-11,IF,q1,IF1512,2015-12-18,3347.188,3068.0,-279.1880000000001,d,,,,
2015-09-11,IF,q1,IF1512,2015-12-18,3347.188,3068.0,-279.1880000000001,p,,,,
2015-09-11,IF,q2,IF1603,2016-03-18,3347.188,3041.8,-305.3879999999999,y,,,,
2015-09-11,IF,q2,IF1603,2016-03-18,3347.188,3041.8,-305.3879999999999,d,,,,
2015-09-11,IF,q2,IF1603,2016-03-18,3347.188,3041.8,-305.3879999999999,p,,,,
2015-09-14,IF,current,IF1509,2015-09-18,3281.132,3130.6,-150.53200000000015,y,0.11886959285595672,-150.4131304071442,-418.3067962414163,1.0
2015-09-14,IF,current,IF1509,2015-09-18,3281.132,3130.6,-150.53200000000015,d,0.11886959285595672,-150.4131304071442,-418.3067962414163,1.0
2015-09-14,IF,current,IF1509,2015-09-18,3281.132,3130.6,-150.53200000000015,p,0.11886959285595672,-150.4131304071442,-418.3067962414163,1.0
2015-09-14,IF,next,IF1510,2015-10-16,3281.132,2980.0,-301.13200000000006,y,,,,
2015-09-14,IF,next,IF1510,2015-10-16,3281.132,2980.0,-301.13200000000006,d,,,,
2015-09-14,IF,next,IF1510,2015-10-16,3281.132,2980.0,-301.13200000000006,p,,,,
2015-09-14,IF,q1,IF1512,2015-12-18,3281.132,2809.0,-472.13200000000006,y,,,,
2015-09-14,IF,q1,IF1512,2015-12-18,3281.132,2809.0,-472.13200000000006,d,,,,
2015-09-14,IF,q1,IF1512,2015-12-18,3281.132,2809.0,-472.13200000000006,p,,,,
2015-09-14,IF,q2,IF1603,2016-03-18,3281.132,2800.0,-481.13200000000006,y,,,,
2015-09-14,IF,q2,IF1603,2016-03-18,3281.132,2800.0,-481.13200000000006,d,,,,
2015-09-14,IF,q2,IF1603,2016-03-18,3281.132,2800.0,-481.13200000000006,p,,,,
2015-09-15,IF,current,IF1509,2015-09-18,3152.232,3142.2,-10.032000000000153,y,0.1141997744764667,-9.917800225523687,-38.279723513541576,1.0
2015-09-15,IF,current,IF1509,2015-09-18,3152.232,3142.2,-10.032000000000153,d,0.1141997744764667,-9.917800225523687,-38.279723513541576,1.0
2015-09-15,IF,current,IF1509,2015-09-18,3152.232,3142.2,-10.032000000000153,p,0.1141997744764667,-9.917800225523687,-38.279723513541576,1.0
2015-09-15,IF,next,IF1510,2015-10-16,3152.232,2973.8,-178.4319999999998,y,,,,
2015-09-15,IF,next,IF1510,2015-10-16,3152.232,2973.8,-178.4319999999998,d,,,,
2015-09-15,IF,next,IF1510,2015-10-16,3152.232,2973.8,-178.4319999999998,p,,,,
2015-09-15,IF,q1,IF1512,2015-12-18,3152.232,2799.8,-352.4319999999998,y,,,,
2015-09-15,IF,q1,IF1512,2015-12-18,3152.232,2799.8,-352.4319999999998,d,,,,
2015-09-15,IF,q1,IF1512,2015-12-18,3152.232,2799.8,-352.4319999999998,p,,,,
2015-09-15,IF,q2,IF1603,2016-03-18,3152.232,2764.2,-388.03200000000015,y,,,,
2015-09-15,IF,q2,IF1603,2016-03-18,3152.232,2764.2,-388.03200000000015,d,,,,
2015-09-15,IF,q2,IF1603,2016-03-18,3152.232,2764.2,-388.03200000000015,p,,,,
2015-09-16,IF,current,IF1509,2015-09-18,3309.248,3304.8,-4.447999999999865,y,0.11988818566866223,-4.328111814331203,-23.868879156697975,1.0
2015-09-16,IF,current,IF1509,2015-09-18,3309.248,3304.8,-4.447999999999865,d,0.11988818566866223,-4.328111814331203,-23.868879156697975,1.0
2015-09-16,IF,current,IF1509,2015-09-18,3309.248,3304.8,-4.447999999999865,p,0.11988818566866223,-4.328111814331203,-23.868879156697975,1.0
2015-09-16,IF,next,IF1510,2015-10-16,3309.248,3193.6,-115.64800000000014,y,,,,
2015-09-16,IF,next,IF1510,2015-10-16,3309.248,3193.6,-115.64800000000014,d,,,,
2015-09-16,IF,next,IF1510,2015-10-16,3309.248,3193.6,-115.64800000000014,p,,,,
2015-09-16,IF,q1,IF1512,2015-12-18,3309.248,3001.8,-307.44799999999987,y,,,,
2015-09-16,IF,q1,IF1512,2015-12-18,3309.248,3001.8,-307.44799999999987,d,,,,
2015-09-16,IF,q1,IF1512,2015-12-18,3309.248,3001.8,-307.44799999999987,p,,,,
2015-09-16,IF,q2,IF1603,2016-03-18,3309.248,2951.6,-357.64800000000014,y,,,,
2015-09-16,IF,q2,IF1603,2016-03-18,3309.248,2951.6,-357.64800000000014,d,,,,
2015-09-16,IF,q2,IF1603,2016-03-18,3309.248,2951.6,-357.64800000000014,p,,,,
2015-09-17,IF,current,IF1509,2015-09-18,3236.999,3240.6,3.6010000000001128,y,0.11727073254143357,3.7182707325415465,41.926760477147646,1.0
2015-09-17,IF,current,IF1509,2015-09-18,3236.999,3240.6,3.6010000000001128,d,0.11727073254143357,3.7182707325415465,41.926760477147646,1.0
2015-09-17,IF,current,IF1509,2015-09-18,3236.999,3240.6,3.6010000000001128,p,0.11727073254143357,3.7182707325415465,41.926760477147646,1.0
2015-09-17,IF,next,IF1510,2015-10-16,3236.999,3118.0,-118.9989999999998,y,,,,
2015-09-17,IF,next,IF1510,2015-10-16,3236.999,3118.0,-118.9989999999998,d,,,,
2015-09-17,IF,next,IF1510,2015-10-16,3236.999,3118.0,-118.9989999999998,p,,,,
2015-09-17,IF,q1,IF1512,2015-12-18,3236.999,2936.0,-300.9989999999998,y,,,,
2015-09-17,IF,q1,IF1512,2015-12-18,3236.999,2936.0,-300.9989999999998,d,,,,
2015-09-17,IF,q1,IF1512,2015-12-18,3236.999,2936.0,-300.9989999999998,p,,,,
2015-09-17,IF,q2,IF1603,2016-03-18,3236.999,2863.0,-373.9989999999998,y,,,,
2015-09-17,IF,q2,IF1603,2016-03-18,3236.999,2863.0,-373.9989999999998,d,,,,
2015-09-17,IF,q2,IF1603,2016-03-18,3236.999,2863.0,-373.9989999999998,p,,,,
2015-09-18,IF,current,IF1509,2015-09-18,3251.273,3255.0,3.7269999999998618,y,0.0,3.7269999999998618,,
2015-09-18,IF,current,IF1509,2015-09-18,3251.273,3255.0,3.7269999999998618,d,0.0,3.7269999999998618,,
2015-09-18,IF,current,IF1509,2015-09-18,3251.273,3255.0,3.7269999999998618,p,0.0,3.7269999999998618,,
2015-09-18,IF,next,IF1510,2015-10-16,3251.273,3139.0,-112.27300000000014,y,,,,
2015-09-18,IF,next,IF1510,2015-10-16,3251.273,3139.0,-112.27300000000014,d,,,,
2015-09-18,IF,next,IF1510,2015-10-16,3251.273,3139.0,-112.27300000000014,p,,,,
2015-09-18,IF,q1,IF1512,2015-12-18,3251.273,2980.8,-270.47299999999996,y,,,,
2015-09-18,IF,q1,IF1512,2015-12-18,3251.273,2980.8,-270.47299999999996,d,,,,
2015-09-18,IF,q1,IF1512,2015-12-18,3251.273,2980.8,-270.47299999999996,p,,,,
2015-09-18,IF,q2,IF1603,2016-03-18,3251.273,2906.0,-345.27300000000014,y,,,,
2015-09-18,IF,q2,IF1603,2016-03-18,3251.273,2906.0,-345.27300000000014,d,,,,
2015-09-18,IF,q2,IF1603,2016-03-18,3251.273,2906.0,-345.27300000000014,p,,,,
2015-09-21,IF,current,IF1510,2015-10-16,3308.247,3232.2,-76.04700000000003,y,,,,
2015-09-21,IF,current,IF1510,2015-10-16,3308.247,3232.2,-76.04700000000003,d,,,,
2015-09-21,IF,current,IF1510,2015-10-16,3308.247,3232.2,-76.04700000000003,p,,,,
2015-09-21,IF,next,IF1511,2015-11-20,3308.247,3157.4,-150.84699999999975,y,,,,
2015-09-21,IF,next,IF1511,2015-11-20,3308.247,3157.4,-150.84699999999975,d,,,,
2015-09-21,IF,next,IF1511,2015-11-20,3308.247,3157.4,-150.84699999999975,p,,,,
2015-09-21,IF,q1,IF1512,2015-12-18,3308.247,3097.8,-210.44699999999966,y,,,,
2015-09-21,IF,q1,IF1512,2015-12-18,3308.247,3097.8,-210.44699999999966,d,,,,
2015-09-21,IF,q1,IF1512,2015-12-18,3308.247,3097.8,-210.44699999999966,p,,,,
2015-09-21,IF,q2,IF1603,2016-03-18,3308.247,3001.2,-307.047,y,,,,
2015-09-21,IF,q2,IF1603,2016-03-18,3308.247,3001.2,-307.047,d,,,,
2015-09-21,IF,q2,IF1603,2016-03-18,3308.247,3001.2,-307.047,p,,,,
2015-09-22,IF,current,IF1510,2015-10-16,3339.03,3232.8,-106.23000000000002,y,,,,
2015-09-22,IF,current,IF1510,2015-10-16,3339.03,3232.8,-106.23000000000002,d,,,,
2015-09-22,IF,current,IF1510,2015-10-16,3339.03,3232.8,-106.23000000000002,p,,,,
2015-09-22,IF,next,IF1511,2015-11-20,3339.03,3160.0,-179.0300000000002,y,,,,
2015-09-22,IF,next,IF1511,2015-11-20,3339.03,3160.0,-179.0300000000002,d,,,,
2015-09-22,IF,next,IF1511,2015-11-20,3339.03,3160.0,-179.0300000000002,p,,,,
2015-09-22,IF,q1,IF1512,2015-12-18,3339.03,3101.6,-237.4300000000003,y,,,,
2015-09-22,IF,q1,IF1512,2015-12-18,3339.03,3101.6,-237.4300000000003,d,,,,
2015-09-22,IF,q1,IF1512,2015-12-18,3339.03,3101.6,-237.4300000000003,p,,,,
2015-09-22,IF,q2,IF1603,2016-03-18,3339.03,3009.8,-329.23,y,,,,
2015-09-22,IF,q2,IF1603,2016-03-18,3339.03,3009.8,-329.23,d,,,,
2015-09-22,IF,q2,IF1603,2016-03-18,3339.03,3009.8,-329.23,p,,,,
2015-09-23,IF,current,IF1510,2015-10-16,3263.028,3161.0,-102.02799999999979,y,,,,
2015-09-23,IF,current,IF1510,2015-10-16,3263.028,3161.0,-102.02799999999979,d,,,,
2015-09-23,IF,current,IF1510,2015-10-16,3263.028,3161.0,-102.02799999999979,p,,,,
2015-09-23,IF,next,IF1511,2015-11-20,3263.028,3077.8,-185.2279999999996,y,,,,
2015-09-23,IF,next,IF1511,2015-11-20,3263.028,3077.8,-185.2279999999996,d,,,,
2015-09-23,IF,next,IF1511,2015-11-20,3263.028,3077.8,-185.2279999999996,p,,,,
2015-09-23,IF,q1,IF1512,2015-12-18,3263.028,3027.0,-236.0279999999998,y,,,,
2015-09-23,IF,q1,IF1512,2015-12-18,3263.028,3027.0,-236.0279999999998,d,,,,
2015-09-23,IF,q1,IF1512,2015-12-18,3263.028,3027.0,-236.0279999999998,p,,,,
2015-09-23,IF,q2,IF1603,2016-03-18,3263.028,2960.0,-303.0279999999998,y,,,,
2015-09-23,IF,q2,IF1603,2016-03-18,3263.028,2960.0,-303.0279999999998,d,,,,
2015-09-23,IF,q2,IF1603,2016-03-18,3263.028,2960.0,-303.0279999999998,p,,,,
2015-09-24,IF,current,IF1510,2015-10-16,3284.999,3187.0,-97.9989999999998,y,,,,
2015-09-24,IF,current,IF1510,2015-10-16,3284.999,3187.0,-97.9989999999998,d,,,,
2015-09-24,IF,current,IF1510,2015-10-16,3284.999,3187.0,-97.9989999999998,p,,,,
2015-09-24,IF,next,IF1511,2015-11-20,3284.999,3115.8,-169.19899999999961,y,,,,
2015-09-24,IF,next,IF1511,2015-11-20,3284.999,3115.8,-169.19899999999961,d,,,,
2015-09-24,IF,next,IF1511,2015-11-20,3284.999,3115.8,-169.19899999999961,p,,,,
2015-09-24,IF,q1,IF1512,2015-12-18,3284.999,3069.0,-215.9989999999998,y,,,,
2015-09-24,IF,q1,IF1512,2015-12-18,3284.999,3069.0,-215.9989999999998,d,,,,
2015-09-24,IF,q1,IF1512,2015-12-18,3284.999,3069.0,-215.9989999999998,p,,,,
2015-09-24,IF,q2,IF1603,2016-03-18,3284.999,2981.2,-303.799,y,,,,
2015-09-24,IF,q2,IF1603,2016-03-18,3284.999,2981.2,-303.799,d,,,,
2015-09-24,IF,q2,IF1603,2016-03-18,3284.999,2981.2,-303.799,p,,,,
2015-09-25,IF,current,IF1510,2015-10-16,3231.951,3118.0,-113.95100000000002,y,,,,
2015-09-25,IF,current,IF1510,2015-10-16,3231.951,3118.0,-113.95100000000002,d,,,,
2015-09-25,IF,current,IF1510,2015-10-16,3231.951,3118.0,-113.95100000000002,p,,,,
2015-09-25,IF,next,IF1511,2015-11-20,3231.951,3033.6,-198.3510000000001,y,,,,
2015-09-25,IF,next,IF1511,2015-11-20,3231.951,3033.6,-198.3510000000001,d,,,,
2015-09-25,IF,next,IF1511,2015-11-20,3231.951,3033.6,-198.3510000000001,p,,,,
2015-09-25,IF,q1,IF1512,2015-12-18,3231.951,2994.0,-237.95100000000002,y,,,,
2015-09-25,IF,q1,IF1512,2015-12-18,3231.951,2994.0,-237.95100000000002,d,,,,
2015-09-25,IF,q1,IF1512,2015-12-18,3231.951,2994.0,-237.95100000000002,p,,,,
2015-09-25,IF,q2,IF1603,2016-03-18,3231.951,2924.0,-307.951,y,,,,
2015-09-25,IF,q2,IF1603,2016-03-18,3231.951,2924.0,-307.951,d,,,,
2015-09-25,IF,q2,IF1603,2016-03-18,3231.951,2924.0,-307.951,p,,,,
2015-09-28,IF,current,IF1510,2015-10-16,3242.752,3150.0,-92.75199999999995,y,,,,
2015-09-28,IF,current,IF1510,2015-10-16,3242.752,3150.0,-92.75199999999995,d,,,,
2015-09-28,IF,current,IF1510,2015-10-16,3242.752,3150.0,-92.75199999999995,p,,,,
2015-09-28,IF,next,IF1511,2015-11-20,3242.752,3070.0,-172.75199999999995,y,,,,
2015-09-28,IF,next,IF1511,2015-11-20,3242.752,3070.0,-172.75199999999995,d,,,,
2015-09-28,IF,next,IF1511,2015-11-20,3242.752,3070.0,-172.75199999999995,p,,,,
2015-09-28,IF,q1,IF1512,2015-12-18,3242.752,3024.8,-217.95199999999977,y,,,,
2015-09-28,IF,q1,IF1512,2015-12-18,3242.752,3024.8,-217.95199999999977,d,,,,
2015-09-28,IF,q1,IF1512,2015-12-18,3242.752,3024.8,-217.95199999999977,p,,,,
2015-09-28,IF,q2,IF1603,2016-03-18,3242.752,2940.4,-302.35199999999986,y,,,,
2015-09-28,IF,q2,IF1603,2016-03-18,3242.752,2940.4,-302.35199999999986,d,,,,
2015-09-28,IF,q2,IF1603,2016-03-18,3242.752,2940.4,-302.35199999999986,p,,,,
2015-09-29,IF,current,IF1510,2015-10-16,3178.854,3082.8,-96.05399999999963,y,,,,
2015-09-29,IF,current,IF1510,2015-10-16,3178.854,3082.8,-96.05399999999963,d,,,,
2015-09-29,IF,current,IF1510,2015-10-16,3178.854,3082.8,-96.05399999999963,p,,,,
2015-09-29,IF,next,IF1511,2015-11-20,3178.854,3002.4,-176.45399999999972,y,,,,
2015-09-29,IF,next,IF1511,2015-11-20,3178.854,3002.4,-176.45399999999972,d,,,,
2015-09-29,IF,next,IF1511,2015-11-20,3178.854,3002.4,-176.45399999999972,p,,,,
2015-09-29,IF,q1,IF1512,2015-12-18,3178.854,2941.0,-237.85399999999981,y,,,,
2015-09-29,IF,q1,IF1512,2015-12-18,3178.854,2941.0,-237.85399999999981,d,,,,
2015-09-29,IF,q1,IF1512,2015-12-18,3178.854,2941.0,-237.85399999999981,p,,,,
2015-09-29,IF,q2,IF1603,2016-03-18,3178.854,2890.0,-288.8539999999998,y,,,,
2015-09-29,IF,q2,IF1603,2016-03-18,3178.854,2890.0,-288.8539999999998,d,,,,
2015-09-29,IF,q2,IF1603,2016-03-18,3178.854,2890.0,-288.8539999999998,p,,,,
2015-09-30,IF,current,IF1510,2015-10-16,3202.948,3121.4,-81.54799999999977,y,,,,
2015-09-30,IF,current,IF1510,2015-10-16,3202.948,3121.4,-81.54799999999977,d,,,,
2015-09-30,IF,current,IF1510,2015-10-16,3202.948,3121.4,-81.54799999999977,p,,,,
2015-09-30,IF,next,IF1511,2015-11-20,3202.948,3038.0,-164.94799999999987,y,,,,
2015-09-30,IF,next,IF1511,2015-11-20,3202.948,3038.0,-164.94799999999987,d,,,,
2015-09-30,IF,next,IF1511,2015-11-20,3202.948,3038.0,-164.94799999999987,p,,,,
2015-09-30,IF,q1,IF1512,2015-12-18,3202.948,2989.2,-213.74800000000005,y,,,,
2015-09-30,IF,q1,IF1512,2015-12-18,3202.948,2989.2,-213.74800000000005,d,,,,
2015-09-30,IF,q1,IF1512,2015-12-18,3202.948,2989.2,-213.74800000000005,p,,,,
2015-09-30,IF,q2,IF1603,2016-03-18,3202.948,2923.6,-279.34799999999996,y,,,,
2015-09-30,IF,q2,IF1603,2016-03-18,3202.948,2923.6,-279.34799999999996,d,,,,
2015-09-30,IF,q2,IF1603,2016-03-18,3202.948,2923.6,-279.34799999999996,p,,,,
2015-10-08,IF,current,IF1510,2015-10-16,3296.482,3214.8,-81.68199999999979,y,,,,
2015-10-08,IF,current,IF1510,2015-10-16,3296.482,3214.8,-81.68199999999979,d,,,,
2015-10-08,IF,current,IF1510,2015-10-16,3296.482,3214.8,-81.68199999999979,p,,,,
2015-10-08,IF,next,IF1511,2015-11-20,3296.482,3140.0,-156.48199999999997,y,,,,
2015-10-08,IF,next,IF1511,2015-11-20,3296.482,3140.0,-156.48199999999997,d,,,,
2015-10-08,IF,next,IF1511,2015-11-20,3296.482,3140.0,-156.48199999999997,p,,,,
2015-10-08,IF,q1,IF1512,2015-12-18,3296.482,3083.0,-213.48199999999997,y,,,,
2015-10-08,IF,q1,IF1512,2015-12-18,3296.482,3083.0,-213.48199999999997,d,,,,
2015-10-08,IF,q1,IF1512,2015-12-18,3296.482,3083.0,-213.48199999999997,p,,,,
2015-10-08,IF,q2,IF1603,2016-03-18,3296.482,3018.0,-278.48199999999997,y,,,,
2015-10-08,IF,q2,IF1603,2016-03-18,3296.482,3018.0,-278.48199999999997,d,,,,
2015-10-08,IF,q2,IF1603,2016-03-18,3296.482,3018.0,-278.48199999999997,p,,,,
2015-10-09,IF,current,IF1510,2015-10-16,3340.116,3310.0,-30.115999999999985,y,,,,
2015-10-09,IF,current,IF1510,2015-10-16,3340.116,3310.0,-30.115999999999985,d,,,,
2015-10-09,IF,current,IF1510,2015-10-16,3340.116,3310.0,-30.115999999999985,p,,,,
2015-10-09,IF,next,IF1511,2015-11-20,3340.116,3237.8,-102.3159999999998,y,,,,
2015-10-09,IF,next,IF1511,2015-11-20,3340.116,3237.8,-102.3159999999998,d,,,,
2015-10-09,IF,next,IF1511,2015-11-20,3340.116,3237.8,-102.3159999999998,p,,,,
2015-10-09,IF,q1,IF1512,2015-12-18,3340.116,3168.0,-172.11599999999999,y,,,,
2015-10-09,IF,q1,IF1512,2015-12-18,3340.116,3168.0,-172.11599999999999,d,,,,
2015-10-09,IF,q1,IF1512,2015-12-18,3340.116,3168.0,-172.11599999999999,p,,,,
2015-10-09,IF,q2,IF1603,2016-03-18,3340.116,3103.0,-237.11599999999999,y,,,,
2015-10-09,IF,q2,IF1603,2016-03-18,3340.116,3103.0,-237.11599999999999,d,,,,
2015-10-09,IF,q2,IF1603,2016-03-18,3340.116,3103.0,-237.11599999999999,p,,,,
2015-10-12,IF,current,IF1510,2015-10-16,3447.693,3421.0,-26.69300000000021,y,,,,
2015-10-12,IF,current,IF1510,2015-10-16,3447.693,3421.0,-26.69300000000021,d,,,,
2015-10-12,IF,current,IF1510,2015-10-16,3447.693,3421.0,-26.69300000000021,p,,,,
2015-10-12,IF,next,IF1511,2015-11-20,3447.693,3354.6,-93.0930000000003,y,,,,
2015-10-12,IF,next,IF1511,2015-11-20,3447.693,3354.6,-93.0930000000003,d,,,,
2015-10-12,IF,next,IF1511,2015-11-20,3447.693,3354.6,-93.0930000000003,p,,,,
2015-10-12,IF,q1,IF1512,2015-12-18,3447.693,3312.4,-135.29300000000012,y,,,,
2015-10-12,IF,q1,IF1512,2015-12-18,3447.693,3312.4,-135.29300000000012,d,,,,
2015-10-12,IF,q1,IF1512,2015-12-18,3447.693,3312.4,-135.29300000000012,p,,,,
2015-10-12,IF,q2,IF1603,2016-03-18,3447.693,3244.6,-203.0930000000003,y,,,,
2015-10-12,IF,q2,IF1603,2016-03-18,3447.693,3244.6,-203.0930000000003,d,,,,
2015-10-12,IF,q2,IF1603,2016-03-18,3447.693,3244.6,-203.0930000000003,p,,,,
2015-10-13,IF,current,IF1510,2015-10-16,3445.043,3414.8,-30.242999999999938,y,,,,
2015-10-13,IF,current,IF1510,2015-10-16,3445.043,3414.8,-30.242999999999938,d,,,,
2015-10-13,IF,current,IF1510,2015-10-16,3445.043,3414.8,-30.242999999999938,p,,,,
2015-10-13,IF,next,IF1511,2015-11-20,3445.043,3344.6,-100.44300000000021,y,,,,
2015-10-13,IF,next,IF1511,2015-11-20,3445.043,3344.6,-100.44300000000021,d,,,,
2015-10-13,IF,next,IF1511,2015-11-20,3445.043,3344.6,-100.44300000000021,p,,,,
2015-10-13,IF,q1,IF1512,2015-12-18,3445.043,3283.8,-161.24299999999994,y,,,,
2015-10-13,IF,q1,IF1512,2015-12-18,3445.043,3283.8,-161.24299999999994,d,,,,
2015-10-13,IF,q1,IF1512,2015-12-18,3445.043,3283.8,-161.24299999999994,p,,,,
2015-10-13,IF,q2,IF1603,2016-03-18,3445.043,3214.8,-230.24299999999994,y,,,,
2015-10-13,IF,q2,IF1603,2016-03-18,3445.043,3214.8,-230.24299999999994,d,,,,
2015-10-13,IF,q2,IF1603,2016-03-18,3445.043,3214.8,-230.24299999999994,p,,,,
2015-10-14,IF,current,IF1510,2015-10-16,3406.112,3377.0,-29.11200000000008,y,0.0,-29.11200000000008,,
2015-10-14,IF,current,IF1510,2015-10-16,3406.112,3377.0,-29.11200000000008,d,0.0,-29.11200000000008,,
2015-10-14,IF,current,IF1510,2015-10-16,3406.112,3377.0,-29.11200000000008,p,0.0,-29.11200000000008,,
2015-10-14,IF,next,IF1511,2015-11-20,3406.112,3298.8,-107.3119999999999,y,0.1657684123565479,-107.14623158764336,-31.031953599635504,1.0
2015-10-14,IF,next,IF1511,2015-11-20,3406.112,3298.8,-107.3119999999999,d,0.1657684123565479,-107.14623158764336,-31.031953599635504,1.0
2015-10-14,IF,next,IF1511,2015-11-20,3406.112,3298.8,-107.3119999999999,p,0.1657684123565479,-107.14623158764336,-31.031953599635504,1.0
2015-10-14,IF,q1,IF1512,2015-12-18,3406.112,3228.6,-177.51200000000017,y,0.6122262964851399,-176.89977370351502,-29.164051790420814,1.0
2015-10-14,IF,q1,IF1512,2015-12-18,3406.112,3228.6,-177.51200000000017,d,0.6122262964851399,-176.89977370351502,-29.164051790420814,1.0
2015-10-14,IF,q1,IF1512,2015-12-18,3406.112,3228.6,-177.51200000000017,p,0.6122262964851399,-176.89977370351502,-29.164051790420814,1.0
2015-10-14,IF,q2,IF1603,2016-03-18,3406.112,3155.2,-250.91200000000026,y,1.5478699125199293,-249.36413008748033,-17.129446268477626,1.0
2015-10-14,IF,q2,IF1603,2016-03-18,3406.112,3155.2,-250.91200000000026,d,1.5478699125199293,-249.36413008748033,-17.129446268477626,1.0
2015-10-14,IF,q2,IF1603,2016-03-18,3406.112,3155.2,-250.91200000000026,p,1.5478699125199293,-249.36413008748033,-17.129446268477626,1.0
2015-10-15,IF,current,IF1510,2015-10-16,3486.815,3493.8,6.985000000000127,y,0.0,6.985000000000127,,
2015-10-15,IF,current,IF1510,2015-10-16,3486.815,3493.8,6.985000000000127,d,0.0,6.985000000000127,,
2015-10-15,IF,current,IF1510,2015-10-16,3486.815,3493.8,6.985000000000127,p,0.0,6.985000000000127,,
2015-10-15,IF,next,IF1511,2015-11-20,3486.815,3425.0,-61.815000000000055,y,0.16969606012104022,-61.645303939879014,-17.92509459688047,1.0
2015-10-15,IF,next,IF1511,2015-11-20,3486.815,3425.0,-61.815000000000055,d,0.16969606012104022,-61.645303939879014,-17.92509459688047,1.0
2015-10-15,IF,next,IF1511,2015-11-20,3486.815,3425.0,-61.815000000000055,p,0.16969606012104022,-61.645303939879014,-17.92509459688047,1.0
2015-10-15,IF,q1,IF1512,2015-12-18,3486.815,3339.0,-147.81500000000005,y,0.6267321315267476,-147.1882678684733,-24.074494637294688,1.0
2015-10-15,IF,q1,IF1512,2015-12-18,3486.815,3339.0,-147.81500000000005,d,0.6267321315267476,-147.1882678684733,-24.074494637294688,1.0
2015-10-15,IF,q1,IF1512,2015-12-18,3486.815,3339.0,-147.81500000000005,p,0.6267321315267476,-147.1882678684733,-24.074494637294688,1.0
2015-10-15,IF,q2,IF1603,2016-03-18,3486.815,3258.0,-228.81500000000005,y,1.5845444979563728,-227.23045550204367,-15.346127415244135,1.0
2015-10-15,IF,q2,IF1603,2016-03-18,3486.815,3258.0,-228.81500000000005,d,1.5845444979563728,-227.23045550204367,-15.346127415244135,1.0
2015-10-15,IF,q2,IF1603,2016-03-18,3486.815,3258.0,-228.81500000000005,p,1.5845444979563728,-227.23045550204367,-15.346127415244135,1.0
2015-10-16,IF,current,IF1510,2015-10-16,3534.065,3516.2,-17.865000000000236,y,0.0,-17.865000000000236,,
2015-10-16,IF,current,IF1510,2015-10-16,3534.065,3516.2,-17.865000000000236,d,0.0,-17.865000000000236,,
2015-10-16,IF,current,IF1510,2015-10-16,3534.065,3516.2,-17.865000000000236,p,0.0,-17.865000000000236,,
2015-10-16,IF,next,IF1511,2015-11-20,3534.065,3436.6,-97.46500000000015,y,0.17199561970212474,-97.29300438029802,-28.709914664281804,1.0
2015-10-16,IF,next,IF1511,2015-11-20,3534.065,3436.6,-97.46500000000015,d,0.17199561970212474,-97.29300438029802,-28.709914664281804,1.0
2015-10-16,IF,next,IF1511,2015-11-20,3534.065,3436.6,-97.46500000000015,p,0.17199561970212474,-97.29300438029802,-28.709914664281804,1.0
2015-10-16,IF,q1,IF1512,2015-12-18,3534.065,3348.0,-186.06500000000005,y,0.6352250091857684,-185.42977499081428,-30.398856926570932,1.0
2015-10-16,IF,q1,IF1512,2015-12-18,3534.065,3348.0,-186.06500000000005,d,0.6352250091857684,-185.42977499081428,-30.398856926570932,1.0
2015-10-16,IF,q1,IF1512,2015-12-18,3534.065,3348.0,-186.06500000000005,p,0.6352250091857684,-185.42977499081428,-30.398856926570932,1.0
2015-10-16,IF,q2,IF1603,2016-03-18,3534.065,3257.8,-276.2649999999999,y,1.6060167376732601,-274.6589832623266,-18.420076040750253,1.0
2015-10-16,IF,q2,IF1603,2016-03-18,3534.065,3257.8,-276.2649999999999,d,1.6060167376732601,-274.6589832623266,-18.420076040750253,1.0
2015-10-16,IF,q2,IF1603,2016-03-18,3534.065,3257.8,-276.2649999999999,p,1.6060167376732601,-274.6589832623266,-18.420076040750253,1.0
2015-10-19,IF,current,IF1511,2015-11-20,3534.182,3381.4,-152.7819999999997,y,0.17200131384965883,-152.60999868615005,-49.25348489449324,1.0
2015-10-19,IF,current,IF1511,2015-11-20,3534.182,3381.4,-152.7819999999997,d,0.17200131384965883,-152.60999868615005,-49.25348489449324,1.0
2015-10-19,IF,current,IF1511,2015-11-20,3534.182,3381.4,-152.7819999999997,p,0.17200131384965883,-152.60999868615005,-49.25348489449324,1.0
2015-10-19,IF,next,IF1512,2015-12-18,3534.182,3290.0,-244.1819999999998,y,0.635246039168543,-243.54675396083124,-41.92132964841813,1.0
2015-10-19,IF,next,IF1512,2015-12-18,3534.182,3290.0,-244.1819999999998,d,0.635246039168543,-243.54675396083124,-41.92132964841813,1.0
2015-10-19,IF,next,IF1512,2015-12-18,3534.182,3290.0,-244.1819999999998,p,0.635246039168543,-243.54675396083124,-41.92132964841813,1.0
2015-10-19,IF,q1,IF1512,2015-12-18,3534.182,3290.0,-244.1819999999998,y,0.635246039168543,-243.54675396083124,-41.92132964841813,1.0
2015-10-19,IF,q1,IF1512,2015-12-18,3534.182,3290.0,-244.1819999999998,d,0.635246039168543,-243.54675396083124,-41.92132964841813,1.0
2015-10-19,IF,q1,IF1512,2015-12-18,3534.182,3290.0,-244.1819999999998,p,0.635246039168543,-243.54675396083124,-41.92132964841813,1.0
2015-10-19,IF,q2,IF1603,2016-03-18,3534.182,3198.6,-335.5819999999999,y,1.6060699070287496,-333.9759300929711,-22.84242325810849,1.0
2015-10-19,IF,q2,IF1603,2016-03-18,3534.182,3198.6,-335.5819999999999,d,1.6060699070287496,-333.9759300929711,-22.84242325810849,1.0
2015-10-19,IF,q2,IF1603,2016-03-18,3534.182,3198.6,-335.5819999999999,p,1.6060699070287496,-333.9759300929711,-22.84242325810849,1.0
2015-10-20,IF,current,IF1511,2015-11-20,3577.703,3466.6,-111.10300000000007,y,0.08022834903553852,-111.02277165096453,-36.53751028793727,1.0
2015-10-20,IF,current,IF1511,2015-11-20,3577.703,3466.6,-111.10300000000007,d,0.08022834903553852,-111.02277165096453,-36.53751028793727,1.0
2015-10-20,IF,current,IF1511,2015-11-20,3577.703,3466.6,-111.10300000000007,p,0.08022834903553852,-111.02277165096453,-36.53751028793727,1.0
2015-10-20,IF,next,IF1512,2015-12-18,3577.703,3358.0,-219.70299999999997,y,0.5491776118373829,-219.15382238816258,-37.89532338357564,1.0
2015-10-20,IF,next,IF1512,2015-12-18,3577.703,3358.0,-219.70299999999997,d,0.5491776118373829,-219.15382238816258,-37.89532338357564,1.0
2015-10-20,IF,next,IF1512,2015-12-18,3577.703,3358.0,-219.70299999999997,p,0.5491776118373829,-219.15382238816258,-37.89532338357564,1.0
2015-10-20,IF,q1,IF1512,2015-12-18,3577.703,3358.0,-219.70299999999997,y,0.5491776118373829,-219.15382238816258,-37.89532338357564,1.0
2015-10-20,IF,q1,IF1512,2015-12-18,3577.703,3358.0,-219.70299999999997,d,0.5491776118373829,-219.15382238816258,-37.89532338357564,1.0
2015-10-20,IF,q1,IF1512,2015-12-18,3577.703,3358.0,-219.70299999999997,p,0.5491776118373829,-219.15382238816258,-37.89532338357564,1.0
2015-10-20,IF,q2,IF1603,2016-03-18,3577.703,3252.0,-325.703,y,1.5319565022609842,-324.171043497739,-22.048118746706987,1.0
2015-10-20,IF,q2,IF1603,2016-03-18,3577.703,3252.0,-325.703,d,1.5319565022609842,-324.171043497739,-22.048118746706987,1.0
2015-10-20,IF,q2,IF1603,2016-03-18,3577.703,3252.0,-325.703,p,1.5319565022609842,-324.171043497739,-22.048118746706987,1.0
2015-10-21,IF,current,IF1511,2015-11-20,3473.254,3342.8,-130.45399999999972,y,0.07788612811099198,-130.37611387188872,-45.67021930370328,1.0
2015-10-21,IF,current,IF1511,2015-11-20,3473.254,3342.8,-130.45399999999972,d,0.07788612811099198,-130.37611387188872,-45.67021930370328,1.0
2015-10-21,IF,current,IF1511,2015-11-20,3473.254,3342.8,-130.45399999999972,p,0.07788612811099198,-130.37611387188872,-45.67021930370328,1.0
2015-10-21,IF,next,IF1512,2015-12-18,3473.254,3236.0,-237.2539999999999,y,0.5331446844594528,-236.72085531554046,-42.89086922134227,1.0
2015-10-21,IF,next,IF1512,2015-12-18,3473.254,3236.0,-237.2539999999999,d,0.5331446844594528,-236.72085531554046,-42.89086922134227,1.0
2015-10-21,IF,next,IF1512,2015-12-18,3473.254,3236.0,-237.2539999999999,p,0.5331446844594528,-236.72085531554046,-42.89086922134227,1.0
2015-10-21,IF,q1,IF1512,2015-12-18,3473.254,3236.0,-237.2539999999999,y,0.5331446844594528,-236.72085531554046,-42.89086922134227,1.0
2015-10-21,IF,q1,IF1512,2015-12-18,3473.254,3236.0,-237.2539999999999,d,0.5331446844594528,-236.72085531554046,-42.89086922134227,1.0
2015-10-21,IF,q1,IF1512,2015-12-18,3473.254,3236.0,-237.2539999999999,p,0.5331446844594528,-236.72085531554046,-42.89086922134227,1.0
2015-10-21,IF,q2,IF1603,2016-03-18,3473.254,3127.6,-345.654,y,1.487231905304597,-344.1667680946954,-24.273867952874888,1.0
2015-10-21,IF,q2,IF1603,2016-03-18,3473.254,3127.6,-345.654,d,1.487231905304597,-344.1667680946954,-24.273867952874888,1.0
2015-10-21,IF,q2,IF1603,2016-03-18,3473.254,3127.6,-345.654,p,1.487231905304597,-344.1667680946954,-24.273867952874888,1.0
2015-10-22,IF,current,IF1511,2015-11-20,3524.534,3405.0,-119.5340000000001,y,0.07903605859391424,-119.45496394140619,-42.65769293150992,1.0
2015-10-22,IF,current,IF1511,2015-11-20,3524.534,3405.0,-119.5340000000001,d,0.07903605859391424,-119.45496394140619,-42.65769293150992,1.0
2015-10-22,IF,current,IF1511,2015-11-20,3524.534,3405.0,-119.5340000000001,p,0.07903605859391424,-119.45496394140619,-42.65769293150992,1.0
2015-10-22,IF,next,IF1512,2015-12-18,3524.534,3304.4,-220.13400000000001,y,0.5410161673452656,-219.59298383265474,-39.896496905027696,1.0
2015-10-22,IF,next,IF1512,2015-12-18,3524.534,3304.4,-220.13400000000001,d,0.5410161673452656,-219.59298383265474,-39.896496905027696,1.0
2015-10-22,IF,next,IF1512,2015-12-18,3524.534,3304.4,-220.13400000000001,p,0.5410161673452656,-219.59298383265474,-39.896496905027696,1.0
2015-10-22,IF,q1,IF1512,2015-12-18,3524.534,3304.4,-220.13400000000001,y,0.5410161673452656,-219.59298383265474,-39.896496905027696,1.0
2015-10-22,IF,q1,IF1512,2015-12-18,3524.534,3304.4,-220.13400000000001,d,0.5410161673452656,-219.59298383265474,-39.896496905027696,1.0
2015-10-22,IF,q1,IF1512,2015-12-18,3524.534,3304.4,-220.13400000000001,p,0.5410161673452656,-219.59298383265474,-39.896496905027696,1.0
2015-10-22,IF,q2,IF1603,2016-03-18,3524.534,3190.0,-334.5340000000001,y,1.5091897730862278,-333.02481022691387,-23.302688735133295,1.0
2015-10-22,IF,q2,IF1603,2016-03-18,3524.534,3190.0,-334.5340000000001,d,1.5091897730862278,-333.02481022691387,-23.302688735133295,1.0
2015-10-22,IF,q2,IF1603,2016-03-18,3524.534,3190.0,-334.5340000000001,p,1.5091897730862278,-333.02481022691387,-23.302688735133295,1.0
2015-10-23,IF,current,IF1511,2015-11-20,3571.241,3476.8,-94.4409999999998,y,0.08008344164902051,-94.36091655835078,-34.443543518703635,1.0
2015-10-23,IF,current,IF1511,2015-11-20,3571.241,3476.8,-94.4409999999998,d,0.08008344164902051,-94.36091655835078,-34.443543518703635,1.0
2015-10-23,IF,current,IF1511,2015-11-20,3571.241,3476.8,-94.4409999999998,p,0.08008344164902051,-94.36091655835078,-34.443543518703635,1.0
2015-10-23,IF,next,IF1512,2015-12-18,3571.241,3370.8,-200.4409999999998,y,0.54818569447373,-199.8928143055261,-36.482354664025465,1.0
2015-10-23,IF,next,IF1512,2015-12-18,3571.241,3370.8,-200.4409999999998,d,0.54818569447373,-199.8928143055261,-36.482354664025465,1.0
2015-10-23,IF,next,IF1512,2015-12-18,3571.241,3370.8,-200.4409999999998,p,0.54818569447373,-199.8928143055261,-36.482354664025465,1.0
2015-10-23,IF,q1,IF1512,2015-12-18,3571.241,3370.8,-200.4409999999998,y,0.54818569447373,-199.8928143055261,-36.482354664025465,1.0
2015-10-23,IF,q1,IF1512,2015-12-18,3571.241,3370.8,-200.4409999999998,d,0.54818569447373,-199.8928143055261,-36.482354664025465,1.0
2015-10-23,IF,q1,IF1512,2015-12-18,3571.241,3370.8,-200.4409999999998,p,0.54818569447373,-199.8928143055261,-36.482354664025465,1.0
2015-10-23,IF,q2,IF1603,2016-03-18,3571.241,3250.0,-321.241,y,1.529189502619703,-319.71181049738027,-22.22875046950681,1.0
2015-10-23,IF,q2,IF1603,2016-03-18,3571.241,3250.0,-321.241,d,1.529189502619703,-319.71181049738027,-22.22875046950681,1.0
2015-10-23,IF,q2,IF1603,2016-03-18,3571.241,3250.0,-321.241,p,1.529189502619703,-319.71181049738027,-22.22875046950681,1.0
2015-10-26,IF,current,IF1511,2015-11-20,3589.261,3470.2,-119.06100000000015,y,0.08048753188502401,-118.98051246811512,-48.397580505694094,1.0
2015-10-26,IF,current,IF1511,2015-11-20,3589.261,3470.2,-119.06100000000015,d,0.08048753188502401,-118.98051246811512,-48.397580505694094,1.0
2015-10-26,IF,current,IF1511,2015-11-20,3589.261,3470.2,-119.06100000000015,p,0.08048753188502401,-118.98051246811512,-48.397580505694094,1.0
2015-10-26,IF,next,IF1512,2015-12-18,3589.261,3370.0,-219.26099999999997,y,0.5509517654878163,-218.71004823451216,-41.964368418445055,1.0
2015-10-26,IF,next,IF1512,2015-12-18,3589.261,3370.0,-219.26099999999997,d,0.5509517654878163,-218.71004823451216,-41.964368418445055,1.0
2015-10-26,IF,next,IF1512,2015-12-18,3589.261,3370.0,-219.26099999999997,p,0.5509517654878163,-218.71004823451216,-41.964368418445055,1.0
2015-10-26,IF,q1,IF1512,2015-12-18,3589.261,3370.0,-219.26099999999997,y,0.5509517654878163,-218.71004823451216,-41.964368418445055,1.0
2015-10-26,IF,q1,IF1512,2015-12-18,3589.261,3370.0,-219.26099999999997,d,0.5509517654878163,-218.71004823451216,-41.964368418445055,1.0
2015-10-26,IF,q1,IF1512,2015-12-18,3589.261,3370.0,-219.26099999999997,p,0.5509517654878163,-218.71004823451216,-41.964368418445055,1.0
2015-10-26,IF,q2,IF1603,2016-03-18,3589.261,3253.4,-335.8609999999999,y,1.5369055864228425,-334.32409441357703,-23.609838112480926,1.0
2015-10-26,IF,q2,IF1603,2016-03-18,3589.261,3253.4,-335.8609999999999,d,1.5369055864228425,-334.32409441357703,-23.609838112480926,1.0
2015-10-26,IF,q2,IF1603,2016-03-18,3589.261,3253.4,-335.8609999999999,p,1.5369055864228425,-334.32409441357703,-23.609838112480926,1.0
2015-10-27,IF,current,IF1511,2015-11-20,3592.879,3478.6,-114.279,y,0.08056866387580429,-114.19843133612419,-48.3391678345849,1.0
2015-10-27,IF,current,IF1511,2015-11-20,3592.879,3478.6,-114.279,d,0.08056866387580429,-114.19843133612419,-48.3391678345849,1.0
2015-10-27,IF,current,IF1511,2015-11-20,3592.879,3478.6,-114.279,p,0.08056866387580429,-114.19843133612419,-48.3391678345849,1.0
2015-10-27,IF,next,IF1512,2015-12-18,3592.879,3379.0,-213.8789999999999,y,0.5515071286914215,-213.3274928713085,-41.676741740680555,1.0
2015-10-27,IF,next,IF1512,2015-12-18,3592.879,3379.0,-213.8789999999999,d,0.5515071286914215,-213.3274928713085,-41.676741740680555,1.0
2015-10-27,IF,next,IF1512,2015-12-18,3592.879,3379.0,-213.8789999999999,p,0.5515071286914215,-213.3274928713085,-41.676741740680555,1.0
2015-10-27,IF,q1,IF1512,2015-12-18,3592.879,3379.0,-213.8789999999999,y,0.5515071286914215,-213.3274928713085,-41.676741740680555,1.0
2015-10-27,IF,q1,IF1512,2015-12-18,3592.879,3379.0,-213.8789999999999,d,0.5515071286914215,-213.3274928713085,-41.676741740680555,1.0
2015-10-27,IF,q1,IF1512,2015-12-18,3592.879,3379.0,-213.8789999999999,p,0.5515071286914215,-213.3274928713085,-41.676741740680555,1.0
2015-10-27,IF,q2,IF1603,2016-03-18,3592.879,3250.4,-342.4789999999998,y,1.5384547979211642,-340.9405452020786,-24.22104557740964,1.0
2015-10-27,IF,q2,IF1603,2016-03-18,3592.879,3250.4,-342.4789999999998,d,1.5384547979211642,-340.9405452020786,-24.22104557740964,1.0
2015-10-27,IF,q2,IF1603,2016-03-18,3592.879,3250.4,-342.4789999999998,p,1.5384547979211642,-340.9405452020786,-24.22104557740964,1.0
2015-10-28,IF,current,IF1511,2015-11-20,3524.92,3413.0,-111.92000000000007,y,0.07904471446689411,-111.84095528553318,-50.35198909135848,1.0
2015-10-28,IF,current,IF1511,2015-11-20,3524.92,3413.0,-111.92000000000007,d,0.07904471446689411,-111.84095528553318,-50.35198909135848,1.0
2015-10-28,IF,current,IF1511,2015-11-20,3524.92,3413.0,-111.92000000000007,p,0.07904471446689411,-111.84095528553318,-50.35198909135848,1.0
2015-10-28,IF,next,IF1512,2015-12-18,3524.92,3318.0,-206.92000000000007,y,0.5410754183669879,-206.37892458163307,-41.90238747862895,1.0
2015-10-28,IF,next,IF1512,2015-12-18,3524.92,3318.0,-206.92000000000007,d,0.5410754183669879,-206.37892458163307,-41.90238747862895,1.0
2015-10-28,IF,next,IF1512,2015-12-18,3524.92,3318.0,-206.92000000000007,p,0.5410754183669879,-206.37892458163307,-41.90238747862895,1.0
2015-10-28,IF,q1,IF1512,2015-12-18,3524.92,3318.0,-206.92000000000007,y,0.5410754183669879,-206.37892458163307,-41.90238747862895,1.0
2015-10-28,IF,q1,IF1512,2015-12-18,3524.92,3318.0,-206.92000000000007,d,0.5410754183669879,-206.37892458163307,-41.90238747862895,1.0
2015-10-28,IF,q1,IF1512,2015-12-18,3524.92,3318.0,-206.92000000000007,p,0.5410754183669879,-206.37892458163307,-41.90238747862895,1.0
2015-10-28,IF,q2,IF1603,2016-03-18,3524.92,3195.0,-329.9200000000001,y,1.5093550565683593,-328.4106449434317,-23.94817818747271,1.0
2015-10-28,IF,q2,IF1603,2016-03-18,3524.92,3195.0,-329.9200000000001,d,1.5093550565683593,-328.4106449434317,-23.94817818747271,1.0
2015-10-28,IF,q2,IF1603,2016-03-18,3524.92,3195.0,-329.9200000000001,p,1.5093550565683593,-328.4106449434317,-23.94817818747271,1.0
2015-10-29,IF,current,IF1511,2015-11-20,3533.307,3440.0,-93.30699999999979,y,0.0792327890956045,-93.22776721090419,-43.77580013694102,1.0
2015-10-29,IF,current,IF1511,2015-11-20,3533.307,3440.0,-93.30699999999979,d,0.0792327890956045,-93.22776721090419,-43.77580013694102,1.0
2015-10-29,IF,current,IF1511,2015-11-20,3533.307,3440.0,-93.30699999999979,p,0.0792327890956045,-93.22776721090419,-43.77580013694102,1.0
2015-10-29,IF,next,IF1512,2015-12-18,3533.307,3338.8,-194.5069999999996,y,0.5423628233389713,-193.96463717666063,-40.07412464837113,1.0
2015-10-29,IF,next,IF1512,2015-12-18,3533.307,3338.8,-194.5069999999996,d,0.5423628233389713,-193.96463717666063,-40.07412464837113,1.0
2015-10-29,IF,next,IF1512,2015-12-18,3533.307,3338.8,-194.5069999999996,p,0.5423628233389713,-193.96463717666063,-40.07412464837113,1.0
2015-10-29,IF,q1,IF1512,2015-12-18,3533.307,3338.8,-194.5069999999996,y,0.5423628233389713,-193.96463717666063,-40.07412464837113,1.0
2015-10-29,IF,q1,IF1512,2015-12-18,3533.307,3338.8,-194.5069999999996,d,0.5423628233389713,-193.96463717666063,-40.07412464837113,1.0
2015-10-29,IF,q1,IF1512,2015-12-18,3533.307,3338.8,-194.5069999999996,p,0.5423628233389713,-193.96463717666063,-40.07412464837113,1.0
2015-10-29,IF,q2,IF1603,2016-03-18,3533.307,3221.8,-311.5069999999996,y,1.5129463326425507,-309.99405366735704,-22.71149595873751,1.0
2015-10-29,IF,q2,IF1603,2016-03-18,3533.307,3221.8,-311.5069999999996,d,1.5129463326425507,-309.99405366735704,-22.71149595873751,1.0
2015-10-29,IF,q2,IF1603,2016-03-18,3533.307,3221.8,-311.5069999999996,p,1.5129463326425507,-309.99405366735704,-22.71149595873751,1.0
2015-10-30,IF,current,IF1511,2015-11-20,3534.079,3439.2,-94.87900000000036,y,0.07925010084156427,-94.7997498991588,-46.62346084293742,1.0
2015-10-30,IF,current,IF1511,2015-11-20,3534.079,3439.2,-94.87900000000036,d,0.07925010084156427,-94.7997498991588,-46.62346084293742,1.0
2015-10-30,IF,current,IF1511,2015-11-20,3534.079,3439.2,-94.87900000000036,p,0.07925010084156427,-94.7997498991588,-46.62346084293742,1.0
2015-10-30,IF,next,IF1512,2015-12-18,3534.079,3342.2,-191.87900000000036,y,0.5424813253824162,-191.33651867461793,-40.32908779855563,1.0
2015-10-30,IF,next,IF1512,2015-12-18,3534.079,3342.2,-191.87900000000036,d,0.5424813253824162,-191.33651867461793,-40.32908779855563,1.0
2015-10-30,IF,next,IF1512,2015-12-18,3534.079,3342.2,-191.87900000000036,p,0.5424813253824162,-191.33651867461793,-40.32908779855563,1.0
2015-10-30,IF,q1,IF1512,2015-12-18,3534.079,3342.2,-191.87900000000036,y,0.5424813253824162,-191.33651867461793,-40.32908779855563,1.0
2015-10-30,IF,q1,IF1512,2015-12-18,3534.079,3342.2,-191.87900000000036,d,0.5424813253824162,-191.33651867461793,-40.32908779855563,1.0
2015-10-30,IF,q1,IF1512,2015-12-18,3534.079,3342.2,-191.87900000000036,p,0.5424813253824162,-191.33651867461793,-40.32908779855563,1.0
2015-10-30,IF,q2,IF1603,2016-03-18,3534.079,3204.2,-329.87900000000036,y,1.513276899606814,-328.36572310039355,-24.22402978291488,1.0
2015-10-30,IF,q2,IF1603,2016-03-18,3534.079,3204.2,-329.87900000000036,d,1.513276899606814,-328.36572310039355,-24.22402978291488,1.0
2015-10-30,IF,q2,IF1603,2016-03-18,3534.079,3204.2,-329.87900000000036,p,1.513276899606814,-328.36572310039355,-24.22402978291488,1.0
2015-11-02,IF,current,IF1511,2015-11-20,3475.962,3403.0,-72.96199999999999,y,0.08211032131595378,-72.87988967868404,-42.51606339117963,1.0
2015-11-02,IF,current,IF1511,2015-11-20,3475.962,3403.0,-72.96199999999999,d,0.08211032131595378,-72.87988967868404,-42.51606339117963,1.0
2015-11-02,IF,current,IF1511,2015-11-20,3475.962,3403.0,-72.96199999999999,p,0.08211032131595378,-72.87988967868404,-42.51606339117963,1.0
2015-11-02,IF,next,IF1512,2015-12-18,3475.962,3299.8,-176.1619999999998,y,0.5230882006847024,-175.6389117993151,-40.09412596442179,1.0
2015-11-02,IF,next,IF1512,2015-12-18,3475.962,3299.8,-176.1619999999998,d,0.5230882006847024,-175.6389117993151,-40.09412596442179,1.0
2015-11-02,IF,next,IF1512,2015-12-18,3475.962,3299.8,-176.1619999999998,p,0.5230882006847024,-175.6389117993151,-40.09412596442179,1.0
2015-11-02,IF,q1,IF1512,2015-12-18,3475.962,3299.8,-176.1619999999998,y,0.5230882006847024,-175.6389117993151,-40.09412596442179,1.0
2015-11-02,IF,q1,IF1512,2015-12-18,3475.962,3299.8,-176.1619999999998,d,0.5230882006847024,-175.6389117993151,-40.09412596442179,1.0
2015-11-02,IF,q1,IF1512,2015-12-18,3475.962,3299.8,-176.1619999999998,p,0.5230882006847024,-175.6389117993151,-40.09412596442179,1.0
2015-11-02,IF,q2,IF1603,2016-03-18,3475.962,3169.6,-306.3620000000001,y,1.4036158461373818,-304.9583841538627,-23.374259170304885,1.0
2015-11-02,IF,q2,IF1603,2016-03-18,3475.962,3169.6,-306.3620000000001,d,1.4036158461373818,-304.9583841538627,-23.374259170304885,1.0
2015-11-02,IF,q2,IF1603,2016-03-18,3475.962,3169.6,-306.3620000000001,p,1.4036158461373818,-304.9583841538627,-23.374259170304885,1.0
2015-11-03,IF,current,IF1511,2015-11-20,3465.493,3376.6,-88.89300000000003,y,0.08186301914353165,-88.8111369808565,-55.02326372681382,1.0
2015-11-03,IF,current,IF1511,2015-11-20,3465.493,3376.6,-88.89300000000003,d,0.08186301914353165,-88.8111369808565,-55.02326372681382,1.0
2015-11-03,IF,current,IF1511,2015-11-20,3465.493,3376.6,-88.89300000000003,p,0.08186301914353165,-88.8111369808565,-55.02326372681382,1.0
2015-11-03,IF,next,IF1512,2015-12-18,3465.493,3282.0,-183.49299999999994,y,0.5215127489470344,-182.9714872510529,-42.82513521910275,1.0
2015-11-03,IF,next,IF1512,2015-12-18,3465.493,3282.0,-183.49299999999994,d,0.5215127489470344,-182.9714872510529,-42.82513521910275,1.0
2015-11-03,IF,next,IF1512,2015-12-18,3465.493,3282.0,-183.49299999999994,p,0.5215127489470344,-182.9714872510529,-42.82513521910275,1.0
2015-11-03,IF,q1,IF1512,2015-12-18,3465.493,3282.0,-183.49299999999994,y,0.5215127489470344,-182.9714872510529,-42.82513521910275,1.0
2015-11-03,IF,q1,IF1512,2015-12-18,3465.493,3282.0,-183.49299999999994,d,0.5215127489470344,-182.9714872510529,-42.82513521910275,1.0
2015-11-03,IF,q1,IF1512,2015-12-18,3465.493,3282.0,-183.49299999999994,p,0.5215127489470344,-182.9714872510529,-42.82513521910275,1.0
2015-11-03,IF,q2,IF1603,2016-03-18,3465.493,3160.0,-305.49299999999994,y,1.3993883965009322,-304.093611603499,-23.550288226387213,1.0
2015-11-03,IF,q2,IF1603,2016-03-18,3465.493,3160.0,-305.49299999999994,d,1.3993883965009322,-304.093611603499,-23.550288226387213,1.0
2015-11-03,IF,q2,IF1603,2016-03-18,3465.493,3160.0,-305.49299999999994,p,1.3993883965009322,-304.093611603499,-23.550288226387213,1.0
2015-11-04,IF,current,IF1511,2015-11-20,3628.538,3591.2,-37.33800000000019,y,0.0,-37.33800000000019,,
2015-11-04,IF,current,IF1511,2015-11-20,3628.538,3591.2,-37.33800000000019,d,0.0,-37.33800000000019,,
2015-11-04,IF,current,IF1511,2015-11-20,3628.538,3591.2,-37.33800000000019,p,0.0,-37.33800000000019,,
2015-11-04,IF,next,IF1512,2015-12-18,3628.538,3492.0,-136.538,y,0.46033443186344397,-136.07766556813658,-31.1096670166343,1.0
2015-11-04,IF,next,IF1512,2015-12-18,3628.538,3492.0,-136.538,d,0.46033443186344397,-136.07766556813658,-31.1096670166343,1.0
2015-11-04,IF,next,IF1512,2015-12-18,3628.538,3492.0,-136.538,p,0.46033443186344397,-136.07766556813658,-31.1096670166343,1.0
2015-11-04,IF,q1,IF1512,2015-12-18,3628.538,3492.0,-136.538,y,0.46033443186344397,-136.07766556813658,-31.1096670166343,1.0
2015-11-04,IF,q1,IF1512,2015-12-18,3628.538,3492.0,-136.538,d,0.46033443186344397,-136.07766556813658,-31.1096670166343,1.0
2015-11-04,IF,q1,IF1512,2015-12-18,3628.538,3492.0,-136.538,p,0.46033443186344397,-136.07766556813658,-31.1096670166343,1.0
2015-11-04,IF,q2,IF1603,2016-03-18,3628.538,3342.2,-286.3380000000002,y,1.3795124958283476,-284.95848750417184,-21.23288547803096,1.0
2015-11-04,IF,q2,IF1603,2016-03-18,3628.538,3342.2,-286.3380000000002,d,1.3795124958283476,-284.95848750417184,-21.23288547803096,1.0
2015-11-04,IF,q2,IF1603,2016-03-18,3628.538,3342.2,-286.3380000000002,p,1.3795124958283476,-284.95848750417184,-21.23288547803096,1.0
2015-11-05,IF,current,IF1511,2015-11-20,3705.97,3638.4,-67.56999999999971,y,0.0,-67.56999999999971,,
2015-11-05,IF,current,IF1511,2015-11-20,3705.97,3638.4,-67.56999999999971,d,0.0,-67.56999999999971,,
2015-11-05,IF,current,IF1511,2015-11-20,3705.97,3638.4,-67.56999999999971,p,0.0,-67.56999999999971,,
2015-11-05,IF,next,IF1512,2015-12-18,3705.97,3543.2,-162.76999999999998,y,0.4701578416577055,-162.29984215834227,-37.17411233439429,1.0
2015-11-05,IF,next,IF1512,2015-12-18,3705.97,3543.2,-162.76999999999998,d,0.4701578416577055,-162.29984215834227,-37.17411233439429,1.0
2015-11-05,IF,next,IF1512,2015-12-18,3705.97,3543.2,-162.76999999999998,p,0.4701578416577055,-162.29984215834227,-37.17411233439429,1.0
2015-11-05,IF,q1,IF1512,2015-12-18,3705.97,3543.2,-162.76999999999998,y,0.4701578416577055,-162.29984215834227,-37.17411233439429,1.0
2015-11-05,IF,q1,IF1512,2015-12-18,3705.97,3543.2,-162.76999999999998,d,0.4701578416577055,-162.29984215834227,-37.17411233439429,1.0
2015-11-05,IF,q1,IF1512,2015-12-18,3705.97,3543.2,-162.76999999999998,p,0.4701578416577055,-162.29984215834227,-37.17411233439429,1.0
2015-11-05,IF,q2,IF1603,2016-03-18,3705.97,3400.2,-305.77,y,1.4089509119554433,-304.3610490880445,-22.370476719941927,1.0
2015-11-05,IF,q2,IF1603,2016-03-18,3705.97,3400.2,-305.77,d,1.4089509119554433,-304.3610490880445,-22.370476719941927,1.0
2015-11-05,IF,q2,IF1603,2016-03-18,3705.97,3400.2,-305.77,p,1.4089509119554433,-304.3610490880445,-22.370476719941927,1.0
2015-11-06,IF,current,IF1511,2015-11-20,3793.374,3753.0,-40.373999999999796,y,0.0,-40.373999999999796,,
2015-11-06,IF,current,IF1511,2015-11-20,3793.374,3753.0,-40.373999999999796,d,0.0,-40.373999999999796,,
2015-11-06,IF,current,IF1511,2015-11-20,3793.374,3753.0,-40.373999999999796,p,0.0,-40.373999999999796,,
2015-11-06,IF,next,IF1512,2015-12-18,3793.374,3675.0,-118.3739999999998,y,0.48124634911789815,-117.8927536508819,-27.008783437453417,1.0
2015-11-06,IF,next,IF1512,2015-12-18,3793.374,3675.0,-118.3739999999998,d,0.48124634911789815,-117.8927536508819,-27.008783437453417,1.0
2015-11-06,IF,next,IF1512,2015-12-18,3793.374,3675.0,-118.3739999999998,p,0.48124634911789815,-117.8927536508819,-27.008783437453417,1.0
2015-11-06,IF,q1,IF1512,2015-12-18,3793.374,3675.0,-118.3739999999998,y,0.48124634911789815,-117.8927536508819,-27.008783437453417,1.0
2015-11-06,IF,q1,IF1512,2015-12-18,3793.374,3675.0,-118.3739999999998,d,0.48124634911789815,-117.8927536508819,-27.008783437453417,1.0
2015-11-06,IF,q1,IF1512,2015-12-18,3793.374,3675.0,-118.3739999999998,p,0.48124634911789815,-117.8927536508819,-27.008783437453417,1.0
2015-11-06,IF,q2,IF1603,2016-03-18,3793.374,3547.0,-246.3739999999998,y,1.4421805240431165,-244.93181947595667,-17.719879692541568,1.0
2015-11-06,IF,q2,IF1603,2016-03-18,3793.374,3547.0,-246.3739999999998,d,1.4421805240431165,-244.93181947595667,-17.719879692541568,1.0
2015-11-06,IF,q2,IF1603,2016-03-18,3793.374,3547.0,-246.3739999999998,p,1.4421805240431165,-244.93181947595667,-17.719879692541568,1.0
2015-11-09,IF,current,IF1511,2015-11-20,3840.355,3775.4,-64.95499999999993,y,0.0,-64.95499999999993,,
2015-11-09,IF,current,IF1511,2015-11-20,3840.355,3775.4,-64.95499999999993,d,0.0,-64.95499999999993,,
2015-11-09,IF,current,IF1511,2015-11-20,3840.355,3775.4,-64.95499999999993,p,0.0,-64.95499999999993,,
2015-11-09,IF,next,IF1512,2015-12-18,3840.355,3691.2,-149.1550000000002,y,0.48720659314548626,-148.6677934068547,-36.23045438507769,1.0
2015-11-09,IF,next,IF1512,2015-12-18,3840.355,3691.2,-149.1550000000002,d,0.48720659314548626,-148.6677934068547,-36.23045438507769,1.0
2015-11-09,IF,next,IF1512,2015-12-18,3840.355,3691.2,-149.1550000000002,p,0.48720659314548626,-148.6677934068547,-36.23045438507769,1.0
2015-11-09,IF,q1,IF1512,2015-12-18,3840.355,3691.2,-149.1550000000002,y,0.48720659314548626,-148.6677934068547,-36.23045438507769,1.0
2015-11-09,IF,q1,IF1512,2015-12-18,3840.355,3691.2,-149.1550000000002,d,0.48720659314548626,-148.6677934068547,-36.23045438507769,1.0
2015-11-09,IF,q1,IF1512,2015-12-18,3840.355,3691.2,-149.1550000000002,p,0.48720659314548626,-148.6677934068547,-36.23045438507769,1.0
2015-11-09,IF,q2,IF1603,2016-03-18,3840.355,3616.8,-223.55499999999984,y,1.4600419537887914,-222.09495804621105,-16.237413085081783,1.0
2015-11-09,IF,q2,IF1603,2016-03-18,3840.355,3616.8,-223.55499999999984,d,1.4600419537887914,-222.09495804621105,-16.237413085081783,1.0
2015-11-09,IF,q2,IF1603,2016-03-18,3840.355,3616.8,-223.55499999999984,p,1.4600419537887914,-222.09495804621105,-16.237413085081783,1.0
2015-11-10,IF,current,IF1511,2015-11-20,3833.238,3776.0,-57.23799999999983,y,0.0,-57.23799999999983,,
2015-11-10,IF,current,IF1511,2015-11-20,3833.238,3776.0,-57.23799999999983,d,0.0,-57.23799999999983,,
2015-11-10,IF,current,IF1511,2015-11-20,3833.238,3776.0,-57.23799999999983,p,0.0,-57.23799999999983,,
2015-11-10,IF,next,IF1512,2015-12-18,3833.238,3688.4,-144.83799999999974,y,0.486303695021897,-144.35169630497785,-36.171404705312156,1.0
2015-11-10,IF,next,IF1512,2015-12-18,3833.238,3688.4,-144.83799999999974,d,0.486303695021897,-144.35169630497785,-36.171404705312156,1.0
2015-11-10,IF,next,IF1512,2015-12-18,3833.238,3688.4,-144.83799999999974,p,0.486303695021897,-144.35169630497785,-36.171404705312156,1.0
2015-11-10,IF,q1,IF1512,2015-12-18,3833.238,3688.4,-144.83799999999974,y,0.486303695021897,-144.35169630497785,-36.171404705312156,1.0
2015-11-10,IF,q1,IF1512,2015-12-18,3833.238,3688.4,-144.83799999999974,d,0.486303695021897,-144.35169630497785,-36.171404705312156,1.0
2015-11-10,IF,q1,IF1512,2015-12-18,3833.238,3688.4,-144.83799999999974,p,0.486303695021897,-144.35169630497785,-36.171404705312156,1.0
2015-11-10,IF,q2,IF1603,2016-03-18,3833.238,3600.6,-232.63799999999992,y,1.4573361834667469,-231.18066381653318,-17.064315644605173,1.0
2015-11-10,IF,q2,IF1603,2016-03-18,3833.238,3600.6,-232.63799999999992,d,1.4573361834667469,-231.18066381653318,-17.064315644605173,1.0
2015-11-10,IF,q2,IF1603,2016-03-18,3833.238,3600.6,-232.63799999999992,p,1.4573361834667469,-231.18066381653318,-17.064315644605173,1.0
2015-11-11,IF,current,IF1511,2015-11-20,3833.646,3806.0,-27.646000000000186,y,0.0,-27.646000000000186,,
2015-11-11,IF,current,IF1511,2015-11-20,3833.646,3806.0,-27.646000000000186,d,0.0,-27.646000000000186,,
2015-11-11,IF,current,IF1511,2015-11-20,3833.646,3806.0,-27.646000000000186,p,0.0,-27.646000000000186,,
2015-11-11,IF,next,IF1512,2015-12-18,3833.646,3723.2,-110.44600000000037,y,0.48635545593723,-109.95964454406314,-28.295179941386294,1.0
2015-11-11,IF,next,IF1512,2015-12-18,3833.646,3723.2,-110.44600000000037,d,0.48635545593723,-109.95964454406314,-28.295179941386294,1.0
2015-11-11,IF,next,IF1512,2015-12-18,3833.646,3723.2,-110.44600000000037,p,0.48635545593723,-109.95964454406314,-28.295179941386294,1.0
2015-11-11,IF,q1,IF1512,2015-12-18,3833.646,3723.2,-110.44600000000037,y,0.48635545593723,-109.95964454406314,-28.295179941386294,1.0
2015-11-11,IF,q1,IF1512,2015-12-18,3833.646,3723.2,-110.44600000000037,d,0.48635545593723,-109.95964454406314,-28.295179941386294,1.0
2015-11-11,IF,q1,IF1512,2015-12-18,3833.646,3723.2,-110.44600000000037,p,0.48635545593723,-109.95964454406314,-28.295179941386294,1.0
2015-11-11,IF,q2,IF1603,2016-03-18,3833.646,3627.0,-206.64600000000019,y,1.4574912985842676,-205.1885087014159,-15.26243833791334,1.0
2015-11-11,IF,q2,IF1603,2016-03-18,3833.646,3627.0,-206.64600000000019,d,1.4574912985842676,-205.1885087014159,-15.26243833791334,1.0
2015-11-11,IF,q2,IF1603,2016-03-18,3833.646,3627.0,-206.64600000000019,p,1.4574912985842676,-205.1885087014159,-15.26243833791334,1.0
2015-11-12,IF,current,IF1511,2015-11-20,3795.324,3756.8,-38.52399999999989,y,0.0,-38.52399999999989,,
2015-11-12,IF,current,IF1511,2015-11-20,3795.324,3756.8,-38.52399999999989,d,0.0,-38.52399999999989,,
2015-11-12,IF,current,IF1511,2015-11-20,3795.324,3756.8,-38.52399999999989,p,0.0,-38.52399999999989,,
2015-11-12,IF,next,IF1512,2015-12-18,3795.324,3666.2,-129.12400000000025,y,0.4814937358455923,-128.64250626415466,-34.36576369765683,1.0
2015-11-12,IF,next,IF1512,2015-12-18,3795.324,3666.2,-129.12400000000025,d,0.4814937358455923,-128.64250626415466,-34.36576369765683,1.0
2015-11-12,IF,next,IF1512,2015-12-18,3795.324,3666.2,-129.12400000000025,p,0.4814937358455923,-128.64250626415466,-34.36576369765683,1.0
2015-11-12,IF,q1,IF1512,2015-12-18,3795.324,3666.2,-129.12400000000025,y,0.4814937358455923,-128.64250626415466,-34.36576369765683,1.0
2015-11-12,IF,q1,IF1512,2015-12-18,3795.324,3666.2,-129.12400000000025,d,0.4814937358455923,-128.64250626415466,-34.36576369765683,1.0
2015-11-12,IF,q1,IF1512,2015-12-18,3795.324,3666.2,-129.12400000000025,p,0.4814937358455923,-128.64250626415466,-34.36576369765683,1.0
2015-11-12,IF,q2,IF1603,2016-03-18,3795.324,3569.4,-225.92399999999998,y,1.4429218830606783,-224.4810781169393,-16.9988689672653,1.0
2015-11-12,IF,q2,IF1603,2016-03-18,3795.324,3569.4,-225.92399999999998,d,1.4429218830606783,-224.4810781169393,-16.9988689672653,1.0
2015-11-12,IF,q2,IF1603,2016-03-18,3795.324,3569.4,-225.92399999999998,p,1.4429218830606783,-224.4810781169393,-16.9988689672653,1.0
2015-11-13,IF,current,IF1511,2015-11-20,3746.242,3722.2,-24.04200000000037,y,0.0,-24.04200000000037,,
2015-11-13,IF,current,IF1511,2015-11-20,3746.242,3722.2,-24.04200000000037,d,0.0,-24.04200000000037,,
2015-11-13,IF,current,IF1511,2015-11-20,3746.242,3722.2,-24.04200000000037,p,0.0,-24.04200000000037,,
2015-11-13,IF,next,IF1512,2015-12-18,3746.242,3628.0,-118.24200000000019,y,0.4752669484770374,-117.76673305152315,-32.78322082602546,1.0
2015-11-13,IF,next,IF1512,2015-12-18,3746.242,3628.0,-118.24200000000019,d,0.4752669484770374,-117.76673305152315,-32.78322082602546,1.0
2015-11-13,IF,next,IF1512,2015-12-18,3746.242,3628.0,-118.24200000000019,p,0.4752669484770374,-117.76673305152315,-32.78322082602546,1.0
2015-11-13,IF,q1,IF1512,2015-12-18,3746.242,3628.0,-118.24200000000019,y,0.4752669484770374,-117.76673305152315,-32.78322082602546,1.0
2015-11-13,IF,q1,IF1512,2015-12-18,3746.242,3628.0,-118.24200000000019,d,0.4752669484770374,-117.76673305152315,-32.78322082602546,1.0
2015-11-13,IF,q1,IF1512,2015-12-18,3746.242,3628.0,-118.24200000000019,p,0.4752669484770374,-117.76673305152315,-32.78322082602546,1.0
2015-11-13,IF,q2,IF1603,2016-03-18,3746.242,3526.4,-219.8420000000001,y,1.4242616864965947,-218.4177383135035,-16.889406809910316,1.0
2015-11-13,IF,q2,IF1603,2016-03-18,3746.242,3526.4,-219.8420000000001,d,1.4242616864965947,-218.4177383135035,-16.889406809910316,1.0
2015-11-13,IF,q2,IF1603,2016-03-18,3746.242,3526.4,-219.8420000000001,p,1.4242616864965947,-218.4177383135035,-16.889406809910316,1.0
2015-11-16,IF,current,IF1511,2015-11-20,3764.126,3734.4,-29.726000000000113,y,0.0,-29.726000000000113,,
2015-11-16,IF,current,IF1511,2015-11-20,3764.126,3734.4,-29.726000000000113,d,0.0,-29.726000000000113,,
2015-11-16,IF,current,IF1511,2015-11-20,3764.126,3734.4,-29.726000000000113,p,0.0,-29.726000000000113,,
2015-11-16,IF,next,IF1512,2015-12-18,3764.126,3650.0,-114.1260000000002,y,0.47753580193246375,-113.64846419806774,-34.43834756751528,1.0
2015-11-16,IF,next,IF1512,2015-12-18,3764.126,3650.0,-114.1260000000002,d,0.47753580193246375,-113.64846419806774,-34.43834756751528,1.0
2015-11-16,IF,next,IF1512,2015-12-18,3764.126,3650.0,-114.1260000000002,p,0.47753580193246375,-113.64846419806774,-34.43834756751528,1.0
2015-11-16,IF,q1,IF1512,2015-12-18,3764.126,3650.0,-114.1260000000002,y,0.47753580193246375,-113.64846419806774,-34.43834756751528,1.0
2015-11-16,IF,q1,IF1512,2015-12-18,3764.126,3650.0,-114.1260000000002,d,0.47753580193246375,-113.64846419806774,-34.43834756751528,1.0
2015-11-16,IF,q1,IF1512,2015-12-18,3764.126,3650.0,-114.1260000000002,p,0.47753580193246375,-113.64846419806774,-34.43834756751528,1.0
2015-11-16,IF,q2,IF1603,2016-03-18,3764.126,3526.0,-238.1260000000002,y,1.4310608991479143,-236.69493910085228,-18.660040097197417,1.0
2015-11-16,IF,q2,IF1603,2016-03-18,3764.126,3526.0,-238.1260000000002,d,1.4310608991479143,-236.69493910085228,-18.660040097197417,1.0
2015-11-16,IF,q2,IF1603,2016-03-18,3764.126,3526.0,-238.1260000000002,p,1.4310608991479143,-236.69493910085228,-18.660040097197417,1.0
2015-11-17,IF,current,IF1511,2015-11-20,3758.387,3699.2,-59.18700000000035,y,0.0,-59.18700000000035,,
2015-11-17,IF,current,IF1511,2015-11-20,3758.387,3699.2,-59.18700000000035,d,0.0,-59.18700000000035,,
2015-11-17,IF,current,IF1511,2015-11-20,3758.387,3699.2,-59.18700000000035,p,0.0,-59.18700000000035,,
2015-11-17,IF,next,IF1512,2015-12-18,3758.387,3605.6,-152.78700000000026,y,0.4768077237631117,-152.31019227623716,-47.71540778670397,1.0
2015-11-17,IF,next,IF1512,2015-12-18,3758.387,3605.6,-152.78700000000026,d,0.4768077237631117,-152.31019227623716,-47.71540778670397,1.0
2015-11-17,IF,next,IF1512,2015-12-18,3758.387,3605.6,-152.78700000000026,p,0.4768077237631117,-152.31019227623716,-47.71540778670397,1.0
2015-11-17,IF,q1,IF1512,2015-12-18,3758.387,3605.6,-152.78700000000026,y,0.4768077237631117,-152.31019227623716,-47.71540778670397,1.0
2015-11-17,IF,q1,IF1512,2015-12-18,3758.387,3605.6,-152.78700000000026,d,0.4768077237631117,-152.31019227623716,-47.71540778670397,1.0
2015-11-17,IF,q1,IF1512,2015-12-18,3758.387,3605.6,-152.78700000000026,p,0.4768077237631117,-152.31019227623716,-47.71540778670397,1.0
2015-11-17,IF,q2,IF1603,2016-03-18,3758.387,3481.0,-277.38700000000017,y,1.4288790225316135,-275.9581209774686,-21.967200586877162,1.0
2015-11-17,IF,q2,IF1603,2016-03-18,3758.387,3481.0,-277.38700000000017,d,1.4288790225316135,-275.9581209774686,-21.967200586877162,1.0
2015-11-17,IF,q2,IF1603,2016-03-18,3758.387,3481.0,-277.38700000000017,p,1.4288790225316135,-275.9581209774686,-21.967200586877162,1.0
2015-11-18,IF,current,IF1511,2015-11-20,3715.58,3698.8,-16.779999999999745,y,0.0,-16.779999999999745,,
2015-11-18,IF,current,IF1511,2015-11-20,3715.58,3698.8,-16.779999999999745,d,0.0,-16.779999999999745,,
2015-11-18,IF,current,IF1511,2015-11-20,3715.58,3698.8,-16.779999999999745,p,0.0,-16.779999999999745,,
2015-11-18,IF,next,IF1512,2015-12-18,3715.58,3596.2,-119.38000000000011,y,0.4713770141977775,-118.90862298580234,-38.936628458022575,1.0
2015-11-18,IF,next,IF1512,2015-12-18,3715.58,3596.2,-119.38000000000011,d,0.4713770141977775,-118.90862298580234,-38.936628458022575,1.0
2015-11-18,IF,next,IF1512,2015-12-18,3715.58,3596.2,-119.38000000000011,p,0.4713770141977775,-118.90862298580234,-38.936628458022575,1.0
2015-11-18,IF,q1,IF1512,2015-12-18,3715.58,3596.2,-119.38000000000011,y,0.4713770141977775,-118.90862298580234,-38.936628458022575,1.0
2015-11-18,IF,q1,IF1512,2015-12-18,3715.58,3596.2,-119.38000000000011,d,0.4713770141977775,-118.90862298580234,-38.936628458022575,1.0
2015-11-18,IF,q1,IF1512,2015-12-18,3715.58,3596.2,-119.38000000000011,p,0.4713770141977775,-118.90862298580234,-38.936628458022575,1.0
2015-11-18,IF,q2,IF1603,2016-03-18,3715.58,3459.0,-256.5799999999999,y,1.4126044812676322,-255.1673955187323,-20.716007445872055,1.0
2015-11-18,IF,q2,IF1603,2016-03-18,3715.58,3459.0,-256.5799999999999,d,1.4126044812676322,-255.1673955187323,-20.716007445872055,1.0
2015-11-18,IF,q2,IF1603,2016-03-18,3715.58,3459.0,-256.5799999999999,p,1.4126044812676322,-255.1673955187323,-20.716007445872055,1.0
2015-11-19,IF,current,IF1511,2015-11-20,3774.969,3775.0,0.03099999999994907,y,0.0,0.03099999999994907,,
2015-11-19,IF,current,IF1511,2015-11-20,3774.969,3775.0,0.03099999999994907,d,0.0,0.03099999999994907,,
2015-11-19,IF,current,IF1511,2015-11-20,3774.969,3775.0,0.03099999999994907,p,0.0,0.03099999999994907,,
2015-11-19,IF,next,IF1512,2015-12-18,3774.969,3688.8,-86.16899999999987,y,0.4789113990034315,-85.69008860099643,-28.570120287504068,1.0
2015-11-19,IF,next,IF1512,2015-12-18,3774.969,3688.8,-86.16899999999987,d,0.4789113990034315,-85.69008860099643,-28.570120287504068,1.0
2015-11-19,IF,next,IF1512,2015-12-18,3774.969,3688.8,-86.16899999999987,p,0.4789113990034315,-85.69008860099643,-28.570120287504068,1.0
2015-11-19,IF,q1,IF1512,2015-12-18,3774.969,3688.8,-86.16899999999987,y,0.4789113990034315,-85.69008860099643,-28.570120287504068,1.0
2015-11-19,IF,q1,IF1512,2015-12-18,3774.969,3688.8,-86.16899999999987,d,0.4789113990034315,-85.69008860099643,-28.570120287504068,1.0
2015-11-19,IF,q1,IF1512,2015-12-18,3774.969,3688.8,-86.16899999999987,p,0.4789113990034315,-85.69008860099643,-28.570120287504068,1.0
2015-11-19,IF,q2,IF1603,2016-03-18,3774.969,3533.4,-241.56899999999996,y,1.4351832354696687,-240.13381676453028,-19.34868937975684,1.0
2015-11-19,IF,q2,IF1603,2016-03-18,3774.969,3533.4,-241.56899999999996,d,1.4351832354696687,-240.13381676453028,-19.34868937975684,1.0
2015-11-19,IF,q2,IF1603,2016-03-18,3774.969,3533.4,-241.56899999999996,p,1.4351832354696687,-240.13381676453028,-19.34868937975684,1.0
2015-11-20,IF,current,IF1511,2015-11-20,3774.383,3774.8,0.4170000000003711,y,0.0,0.4170000000003711,,
2015-11-20,IF,current,IF1511,2015-11-20,3774.383,3774.8,0.4170000000003711,d,0.0,0.4170000000003711,,
2015-11-20,IF,current,IF1511,2015-11-20,3774.383,3774.8,0.4170000000003711,p,0.0,0.4170000000003711,,
2015-11-20,IF,next,IF1512,2015-12-18,3774.383,3644.8,-129.58299999999963,y,0.47883705612013466,-129.1041629438795,-44.58914162215956,1.0
2015-11-20,IF,next,IF1512,2015-12-18,3774.383,3644.8,-129.58299999999963,d,0.47883705612013466,-129.1041629438795,-44.58914162215956,1.0
2015-11-20,IF,next,IF1512,2015-12-18,3774.383,3644.8,-129.58299999999963,p,0.47883705612013466,-129.1041629438795,-44.58914162215956,1.0
2015-11-20,IF,q1,IF1512,2015-12-18,3774.383,3644.8,-129.58299999999963,y,0.47883705612013466,-129.1041629438795,-44.58914162215956,1.0
2015-11-20,IF,q1,IF1512,2015-12-18,3774.383,3644.8,-129.58299999999963,d,0.47883705612013466,-129.1041629438795,-44.58914162215956,1.0
2015-11-20,IF,q1,IF1512,2015-12-18,3774.383,3644.8,-129.58299999999963,p,0.47883705612013466,-129.1041629438795,-44.58914162215956,1.0
2015-11-20,IF,q2,IF1603,2016-03-18,3774.383,3489.8,-284.58299999999963,y,1.4349604475802886,-283.14803955241933,-23.009834481029344,1.0
2015-11-20,IF,q2,IF1603,2016-03-18,3774.383,3489.8,-284.58299999999963,d,1.4349604475802886,-283.14803955241933,-23.009834481029344,1.0
2015-11-20,IF,q2,IF1603,2016-03-18,3774.383,3489.8,-284.58299999999963,p,1.4349604475802886,-283.14803955241933,-23.009834481029344,1.0
2015-11-23,IF,current,IF1512,2015-12-18,3753.335,3619.2,-134.13500000000022,y,0.4761668018409011,-133.65883319815933,-51.991601194487735,1.0
2015-11-23,IF,current,IF1512,2015-12-18,3753.335,3619.2,-134.13500000000022,d,0.4761668018409011,-133.65883319815933,-51.991601194487735,1.0
2015-11-23,IF,current,IF1512,2015-12-18,3753.335,3619.2,-134.13500000000022,p,0.4761668018409011,-133.65883319815933,-51.991601194487735,1.0
2015-11-23,IF,next,IF1601,2016-01-15,3753.335,3544.4,-208.93499999999995,y,0.4761668018409011,-208.45883319815906,-38.24898974365116,1.0
2015-11-23,IF,next,IF1601,2016-01-15,3753.335,3544.4,-208.93499999999995,d,0.4761668018409011,-208.45883319815906,-38.24898974365116,1.0
2015-11-23,IF,next,IF1601,2016-01-15,3753.335,3544.4,-208.93499999999995,p,0.4761668018409011,-208.45883319815906,-38.24898974365116,1.0
2015-11-23,IF,q1,IF1603,2016-03-18,3753.335,3456.0,-297.33500000000004,y,1.4269583323999613,-295.90804166760006,-24.807003869770902,1.0
2015-11-23,IF,q1,IF1603,2016-03-18,3753.335,3456.0,-297.33500000000004,d,1.4269583323999613,-295.90804166760006,-24.807003869770902,1.0
2015-11-23,IF,q1,IF1603,2016-03-18,3753.335,3456.0,-297.33500000000004,p,1.4269583323999613,-295.90804166760006,-24.807003869770902,1.0
2015-11-23,IF,q2,IF1606,2016-06-17,3753.335,3382.2,-371.1350000000002,y,13.347469468269917,-357.7875305317303,-16.808555442449258,0.10690852942516016
2015-11-23,IF,q2,IF1606,2016-06-17,3753.335,3382.2,-371.1350000000002,d,10.189696326815417,-360.9453036731848,-16.95690495268494,0.1400393384290313
2015-11-23,IF,q2,IF1606,2016-06-17,3753.335,3382.2,-371.1350000000002,p,10.160767167954809,-360.9742328320454,-16.958264020089803,0.14043805047519692
2015-11-24,IF,current,IF1512,2015-12-18,3753.889,3655.6,-98.28900000000021,y,0.47623708504456397,-97.81276291495566,-39.62741313514999,1.0
2015-11-24,IF,current,IF1512,2015-12-18,3753.889,3655.6,-98.28900000000021,d,0.47623708504456397,-97.81276291495566,-39.62741313514999,1.0
2015-11-24,IF,current,IF1512,2015-12-18,3753.889,3655.6,-98.28900000000021,p,0.47623708504456397,-97.81276291495566,-39.62741313514999,1.0
2015-11-24,IF,next,IF1601,2016-01-15,3753.889,3565.8,-188.08899999999994,y,0.47623708504456397,-187.61276291495537,-35.080879539939836,1.0
2015-11-24,IF,next,IF1601,2016-01-15,3753.889,3565.8,-188.08899999999994,d,0.47623708504456397,-187.61276291495537,-35.080879539939836,1.0
2015-11-24,IF,next,IF1601,2016-01-15,3753.889,3565.8,-188.08899999999994,p,0.47623708504456397,-187.61276291495537,-35.080879539939836,1.0
2015-11-24,IF,q1,IF1603,2016-03-18,3753.889,3476.8,-277.08899999999994,y,1.427168954397771,-275.6618310456022,-23.30720703634917,1.0
2015-11-24,IF,q1,IF1603,2016-03-18,3753.889,3476.8,-277.08899999999994,d,1.427168954397771,-275.6618310456022,-23.30720703634917,1.0
2015-11-24,IF,q1,IF1603,2016-03-18,3753.889,3476.8,-277.08899999999994,p,1.427168954397771,-275.6618310456022,-23.30720703634917,1.0
2015-11-24,IF,q2,IF1606,2016-06-17,3753.889,3390.8,-363.08899999999994,y,13.349439582337919,-349.739560417662,-16.507791588528388,0.10690852942516016
2015-11-24,IF,q2,IF1606,2016-06-17,3753.889,3390.8,-363.08899999999994,d,10.191200347044107,-352.8977996529558,-16.656861242017637,0.1400393384290313
2015-11-24,IF,q2,IF1606,2016-06-17,3753.889,3390.8,-363.08899999999994,p,10.162266918179888,-352.92673308182003,-16.658226906837083,0.14043805047519692
2015-11-25,IF,current,IF1512,2015-12-18,3781.607,3695.0,-86.60699999999997,y,0.47975352879749994,-86.12724647120247,-36.14341614210791,1.0
2015-11-25,IF,current,IF1512,2015-12-18,3781.607,3695.0,-86.60699999999997,d,0.47975352879749994,-86.12724647120247,-36.14341614210791,1.0
2015-11-25,IF,current,IF1512,2015-12-18,3781.607,3695.0,-86.60699999999997,p,0.47975352879749994,-86.12724647120247,-36.14341614210791,1.0
2015-11-25,IF,next,IF1601,2016-01-15,3781.607,3616.2,-165.40700000000015,y,0.47975352879749994,-164.92724647120266,-31.213229347241857,1.0
2015-11-25,IF,next,IF1601,2016-01-15,3781.607,3616.2,-165.40700000000015,d,0.47975352879749994,-164.92724647120266,-31.213229347241857,1.0
2015-11-25,IF,next,IF1601,2016-01-15,3781.607,3616.2,-165.40700000000015,p,0.47975352879749994,-164.92724647120266,-31.213229347241857,1.0
2015-11-25,IF,q1,IF1603,2016-03-18,3781.607,3522.6,-259.00700000000006,y,1.437706897602271,-257.5692931023978,-21.80749120362016,1.0
2015-11-25,IF,q1,IF1603,2016-03-18,3781.607,3522.6,-259.00700000000006,d,1.437706897602271,-257.5692931023978,-21.80749120362016,1.0
2015-11-25,IF,q1,IF1603,2016-03-18,3781.607,3522.6,-259.00700000000006,p,1.437706897602271,-257.5692931023978,-21.80749120362016,1.0
2015-11-25,IF,q2,IF1606,2016-06-17,3781.607,3429.0,-352.60699999999997,y,13.44800929666438,-339.1589907033356,-15.968566983878455,0.10690852942516016
2015-11-25,IF,q2,IF1606,2016-06-17,3781.607,3429.0,-352.60699999999997,d,10.266450225561925,-342.34054977443805,-16.118363806409114,0.1400393384290313
2015-11-25,IF,q2,IF1606,2016-06-17,3781.607,3429.0,-352.60699999999997,p,10.237303157780502,-342.36969684221947,-16.11973613300817,0.14043805047519692
2015-11-26,IF,current,IF1512,2015-12-18,3759.429,3662.0,-97.42900000000009,y,0.4769399170811923,-96.95206008291889,-42.786359710798195,1.0
2015-11-26,IF,current,IF1512,2015-12-18,3759.429,3662.0,-97.42900000000009,d,0.4769399170811923,-96.95206008291889,-42.786359710798195,1.0
2015-11-26,IF,current,IF1512,2015-12-18,3759.429,3662.0,-97.42900000000009,p,0.4769399170811923,-96.95206008291889,-42.786359710798195,1.0
2015-11-26,IF,next,IF1601,2016-01-15,3759.429,3583.0,-176.4290000000001,y,0.4769399170811923,-175.9520600829189,-34.16609380321607,1.0
2015-11-26,IF,next,IF1601,2016-01-15,3759.429,3583.0,-176.4290000000001,d,0.4769399170811923,-175.9520600829189,-34.16609380321607,1.0
2015-11-26,IF,next,IF1601,2016-01-15,3759.429,3583.0,-176.4290000000001,p,0.4769399170811923,-175.9520600829189,-34.16609380321607,1.0
2015-11-26,IF,q1,IF1603,2016-03-18,3759.429,3485.0,-274.4290000000001,y,1.4292751743758694,-272.99972482562424,-23.45604267175813,1.0
2015-11-26,IF,q1,IF1603,2016-03-18,3759.429,3485.0,-274.4290000000001,d,1.4292751743758694,-272.99972482562424,-23.45604267175813,1.0
2015-11-26,IF,q1,IF1603,2016-03-18,3759.429,3485.0,-274.4290000000001,p,1.4292751743758694,-272.99972482562424,-23.45604267175813,1.0
2015-11-26,IF,q2,IF1606,2016-06-17,3759.429,3393.0,-366.4290000000001,y,13.369140723017932,-353.05985927698214,-16.80309000149351,0.10690852942516016
2015-11-26,IF,q2,IF1606,2016-06-17,3759.429,3393.0,-366.4290000000001,d,10.206240549331023,-356.22275945066906,-16.953621122173832,0.1400393384290313
2015-11-26,IF,q2,IF1606,2016-06-17,3759.429,3393.0,-366.4290000000001,p,10.17726442043068,-356.2517355795694,-16.95500017586406,0.14043805047519692
2015-11-27,IF,current,IF1512,2015-12-18,3556.992,3487.4,-69.5920000000001,y,0.451257749391853,-69.14074225060824,-33.78506189053909,1.0
2015-11-27,IF,current,IF1512,2015-12-18,3556.992,3487.4,-69.5920000000001,d,0.451257749391853,-69.14074225060824,-33.78506189053909,1.0
2015-11-27,IF,current,IF1512,2015-12-18,3556.992,3487.4,-69.5920000000001,p,0.451257749391853,-69.14074225060824,-33.78506189053909,1.0
2015-11-27,IF,next,IF1601,2016-01-15,3556.992,3407.0,-149.9920000000002,y,0.451257749391853,-149.54074225060833,-31.316515110882982,1.0
2015-11-27,IF,next,IF1601,2016-01-15,3556.992,3407.0,-149.9920000000002,d,0.451257749391853,-149.54074225060833,-31.316515110882982,1.0
2015-11-27,IF,next,IF1601,2016-01-15,3556.992,3407.0,-149.9920000000002,p,0.451257749391853,-149.54074225060833,-31.316515110882982,1.0
2015-11-27,IF,q1,IF1603,2016-03-18,3556.992,3324.6,-232.39200000000028,y,1.3523118433819532,-231.03968815661833,-21.16793742767908,1.0
2015-11-27,IF,q1,IF1603,2016-03-18,3556.992,3324.6,-232.39200000000028,d,1.3523118433819532,-231.03968815661833,-21.16793742767908,1.0
2015-11-27,IF,q1,IF1603,2016-03-18,3556.992,3324.6,-232.39200000000028,p,1.3523118433819532,-231.03968815661833,-21.16793742767908,1.0
2015-11-27,IF,q2,IF1606,2016-06-17,3556.992,3232.0,-324.9920000000002,y,12.64924183929235,-312.34275816070783,-15.788663876067547,0.10690852942516016
2015-11-27,IF,q2,IF1606,2016-06-17,3556.992,3232.0,-324.9920000000002,d,9.656656897642183,-315.335343102358,-15.939936529362056,0.1400393384290313
2015-11-27,IF,q2,IF1606,2016-06-17,3556.992,3232.0,-324.9920000000002,p,9.629241069682806,-315.3627589303174,-15.941322376420217,0.14043805047519692
2015-11-30,IF,current,IF1512,2015-12-18,3566.412,3485.8,-80.61199999999963,y,0.4269901049062054,-80.18500989509342,-45.59130610152772,1.0
2015-11-30,IF,current,IF1512,2015-12-18,3566.412,3485.8,-80.61199999999963,d,0.4269901049062054,-80.18500989509342,-45.59130610152772,1.0
2015-11-30,IF,current,IF1512,2015-12-18,3566.412,3485.8,-80.61199999999963,p,0.4269901049062054,-80.18500989509342,-45.59130610152772,1.0
2015-11-30,IF,next,IF1601,2016-01-15,3566.412,3415.0,-151.4119999999998,y,0.4269901049062054,-150.9850098950936,-33.59211528811954,1.0
2015-11-30,IF,next,IF1601,2016-01-15,3566.412,3415.0,-151.4119999999998,d,0.4269901049062054,-150.9850098950936,-33.59211528811954,1.0
2015-11-30,IF,next,IF1601,2016-01-15,3566.412,3415.0,-151.4119999999998,p,0.4269901049062054,-150.9850098950936,-33.59211528811954,1.0
2015-11-30,IF,q1,IF1603,2016-03-18,3566.412,3321.0,-245.4119999999998,y,1.3252176825748767,-244.08678231742493,-22.91812672012242,1.0
2015-11-30,IF,q1,IF1603,2016-03-18,3566.412,3321.0,-245.4119999999998,d,1.3252176825748767,-244.08678231742493,-22.91812672012242,1.0
2015-11-30,IF,q1,IF1603,2016-03-18,3566.412,3321.0,-245.4119999999998,p,1.3252176825748767,-244.08678231742493,-22.91812672012242,1.0
2015-11-30,IF,q2,IF1606,2016-06-17,3566.412,3244.4,-322.0119999999997,y,12.565106378412729,-309.446893621587,-15.834978708556283,0.10546808301214584
2015-11-30,IF,q2,IF1606,2016-06-17,3566.412,3244.4,-322.0119999999997,d,9.566596038641256,-312.44540396135847,-15.988418114045134,0.1385255191315779
2015-11-30,IF,q2,IF1606,2016-06-17,3566.412,3244.4,-322.0119999999997,p,9.579741599562553,-312.43225840043715,-15.987745431004546,0.13833543095101766
2015-12-01,IF,current,IF1512,2015-12-18,3591.696,3524.8,-66.89599999999973,y,0.43001724193144214,-66.4659827580683,-39.73230884386214,1.0
2015-12-01,IF,current,IF1512,2015-12-18,3591.696,3524.8,-66.89599999999973,d,0.43001724193144214,-66.4659827580683,-39.73230884386214,1.0
2015-12-01,IF,current,IF1512,2015-12-18,3591.696,3524.8,-66.89599999999973,p,0.43001724193144214,-66.4659827580683,-39.73230884386214,1.0
2015-12-01,IF,next,IF1601,2016-01-15,3591.696,3455.0,-136.6959999999999,y,0.43001724193144214,-136.26598275806847,-30.772886313748277,1.0
2015-12-01,IF,next,IF1601,2016-01-15,3591.696,3455.0,-136.6959999999999,d,0.43001724193144214,-136.26598275806847,-30.772886313748277,1.0
2015-12-01,IF,next,IF1601,2016-01-15,3591.696,3455.0,-136.6959999999999,p,0.43001724193144214,-136.26598275806847,-30.772886313748277,1.0
2015-12-01,IF,q1,IF1603,2016-03-18,3591.696,3345.0,-246.6959999999999,y,1.3346127843988453,-245.36138721560107,-23.087438753192753,1.0
2015-12-01,IF,q1,IF1603,2016-03-18,3591.696,3345.0,-246.6959999999999,d,1.3346127843988453,-245.36138721560107,-23.087438753192753,1.0
2015-12-01,IF,q1,IF1603,2016-03-18,3591.696,3345.0,-246.6959999999999,p,1.3346127843988453,-245.36138721560107,-23.087438753192753,1.0
2015-12-01,IF,q2,IF1606,2016-06-17,3591.696,3265.2,-326.4960000000001,y,12.654186425718477,-313.8418135742816,-16.026955157385594,0.10546808301214584
2015-12-01,IF,q2,IF1606,2016-06-17,3591.696,3265.2,-326.4960000000001,d,9.63441821236684,-316.86158178763327,-16.18116561516333,0.1385255191315779
2015-12-01,IF,q2,IF1606,2016-06-17,3591.696,3265.2,-326.4960000000001,p,9.647656968455248,-316.84834303154486,-16.18048955180596,0.13833543095101766
2015-12-02,IF,current,IF1512,2015-12-18,3721.955,3692.0,-29.954999999999927,y,0.4456125528699926,-29.509387447129935,-18.086809247764997,1.0
2015-12-02,IF,current,IF1512,2015-12-18,3721.955,3692.0,-29.954999999999927,d,0.4456125528699926,-29.509387447129935,-18.086809247764997,1.0
2015-12-02,IF,current,IF1512,2015-12-18,3721.955,3692.0,-29.954999999999927,p,0.4456125528699926,-29.509387447129935,-18.086809247764997,1.0
2015-12-02,IF,next,IF1601,2016-01-15,3721.955,3618.0,-103.95499999999993,y,0.4456125528699926,-103.50938744712994,-23.070064484807304,1.0
2015-12-02,IF,next,IF1601,2016-01-15,3721.955,3618.0,-103.95499999999993,d,0.4456125528699926,-103.50938744712994,-23.070064484807304,1.0
2015-12-02,IF,next,IF1601,2016-01-15,3721.955,3618.0,-103.95499999999993,p,0.4456125528699926,-103.50938744712994,-23.070064484807304,1.0
2015-12-02,IF,q1,IF1603,2016-03-18,3721.955,3517.0,-204.95499999999993,y,1.3830148002384401,-203.57198519976149,-18.657608702429094,1.0
2015-12-02,IF,q1,IF1603,2016-03-18,3721.955,3517.0,-204.95499999999993,d,1.3830148002384401,-203.57198519976149,-18.657608702429094,1.0
2015-12-02,IF,q1,IF1603,2016-03-18,3721.955,3517.0,-204.95499999999993,p,1.3830148002384401,-203.57198519976149,-18.657608702429094,1.0
2015-12-02,IF,q2,IF1606,2016-06-17,3721.955,3426.6,-295.355,y,13.113112144829355,-282.24188785517066,-13.97906178951562,0.10546808301214584
2015-12-02,IF,q2,IF1606,2016-06-17,3721.955,3426.6,-295.355,d,9.983826871096502,-285.37117312890354,-14.134051087989208,0.1385255191315779
2015-12-02,IF,q2,IF1606,2016-06-17,3721.955,3426.6,-295.355,p,9.997545753322903,-285.3574542466771,-14.133371610170434,0.13833543095101766
2015-12-03,IF,current,IF1512,2015-12-18,3749.299,3699.6,-49.69900000000007,y,0.4488863242201774,-49.25011367577989,-31.963826645389197,1.0
2015-12-03,IF,current,IF1512,2015-12-18,3749.299,3699.6,-49.69900000000007,d,0.4488863242201774,-49.25011367577989,-31.963826645389197,1.0
2015-12-03,IF,current,IF1512,2015-12-18,3749.299,3699.6,-49.69900000000007,p,0.4488863242201774,-49.25011367577989,-31.963826645389197,1.0
2015-12-03,IF,next,IF1601,2016-01-15,3749.299,3627.8,-121.4989999999998,y,0.4488863242201774,-121.05011367577961,-27.405613870293628,1.0
2015-12-03,IF,next,IF1601,2016-01-15,3749.299,3627.8,-121.4989999999998,d,0.4488863242201774,-121.05011367577961,-27.405613870293628,1.0
2015-12-03,IF,next,IF1601,2016-01-15,3749.299,3627.8,-121.4989999999998,p,0.4488863242201774,-121.05011367577961,-27.405613870293628,1.0
2015-12-03,IF,q1,IF1603,2016-03-18,3749.299,3531.6,-217.69900000000007,y,1.3931753628185144,-216.30582463718156,-19.865757847194267,1.0
2015-12-03,IF,q1,IF1603,2016-03-18,3749.299,3531.6,-217.69900000000007,d,1.3931753628185144,-216.30582463718156,-19.865757847194267,1.0
2015-12-03,IF,q1,IF1603,2016-03-18,3749.299,3531.6,-217.69900000000007,p,1.3931753628185144,-216.30582463718156,-19.865757847194267,1.0
2015-12-03,IF,q2,IF1606,2016-06-17,3749.299,3425.0,-324.299,y,13.209449940017157,-311.0895500599828,-15.373118861299167,0.10546808301214584
2015-12-03,IF,q2,IF1606,2016-06-17,3749.299,3425.0,-324.299,d,10.057174819140814,-314.24182518085917,-15.528894907480742,0.1385255191315779
2015-12-03,IF,q2,IF1606,2016-06-17,3749.299,3425.0,-324.299,p,10.070994489559332,-314.22800551044065,-15.528211980535986,0.13833543095101766
2015-12-04,IF,current,IF1512,2015-12-18,3677.592,3638.0,-39.5920000000001,y,0.4403011749293749,-39.151698825070724,-27.755681417838503,1.0
2015-12-04,IF,current,IF1512,2015-12-18,3677.592,3638.0,-39.5920000000001,d,0.4403011749293749,-39.151698825070724,-27.755681417838503,1.0
2015-12-04,IF,current,IF1512,2015-12-18,3677.592,3638.0,-39.5920000000001,p,0.4403011749293749,-39.151698825070724,-27.755681417838503,1.0
2015-12-04,IF,next,IF1601,2016-01-15,3677.592,3565.0,-112.5920000000001,y,0.4403011749293749,-112.15169882507072,-26.502441498696257,1.0
2015-12-04,IF,next,IF1601,2016-01-15,3677.592,3565.0,-112.5920000000001,d,0.4403011749293749,-112.15169882507072,-26.502441498696257,1.0
2015-12-04,IF,next,IF1601,2016-01-15,3677.592,3565.0,-112.5920000000001,p,0.4403011749293749,-112.15169882507072,-26.502441498696257,1.0
2015-12-04,IF,q1,IF1603,2016-03-18,3677.592,3476.0,-201.5920000000001,y,1.366530268431103,-200.225469731569,-18.92602199949436,1.0
2015-12-04,IF,q1,IF1603,2016-03-18,3677.592,3476.0,-201.5920000000001,d,1.366530268431103,-200.225469731569,-18.92602199949436,1.0
2015-12-04,IF,q1,IF1603,2016-03-18,3677.592,3476.0,-201.5920000000001,p,1.366530268431103,-200.225469731569,-18.92602199949436,1.0
2015-12-04,IF,q2,IF1606,2016-06-17,3677.592,3368.0,-309.5920000000001,y,12.956813373328607,-296.6351866266715,-15.020898534984012,0.10546808301214584
2015-12-04,IF,q2,IF1606,2016-06-17,3677.592,3368.0,-309.5920000000001,d,9.864826906969464,-299.7271730930306,-15.177469356911406,0.1385255191315779
2015-12-04,IF,q2,IF1606,2016-06-17,3677.592,3368.0,-309.5920000000001,p,9.878382270085018,-299.7136177299151,-15.176782945645506,0.13833543095101766
2015-12-07,IF,current,IF1512,2015-12-18,3687.607,3620.0,-67.60699999999997,y,0.44150022481498424,-67.16549977518498,-60.43684702928317,1.0
2015-12-07,IF,current,IF1512,2015-12-18,3687.607,3620.0,-67.60699999999997,d,0.44150022481498424,-67.16549977518498,-60.43684702928317,1.0
2015-12-07,IF,current,IF1512,2015-12-18,3687.607,3620.0,-67.60699999999997,p,0.44150022481498424,-67.16549977518498,-60.43684702928317,1.0
2015-12-07,IF,next,IF1601,2016-01-15,3687.607,3552.0,-135.60699999999997,y,0.44150022481498424,-135.165499775185,-34.3043726355306,1.0
2015-12-07,IF,next,IF1601,2016-01-15,3687.607,3552.0,-135.60699999999997,d,0.44150022481498424,-135.165499775185,-34.3043726355306,1.0
2015-12-07,IF,next,IF1601,2016-01-15,3687.607,3552.0,-135.60699999999997,p,0.44150022481498424,-135.165499775185,-34.3043726355306,1.0
2015-12-07,IF,q1,IF1603,2016-03-18,3687.607,3465.0,-222.60699999999997,y,1.3702516710876067,-221.23674832891237,-21.468679308313273,1.0
2015-12-07,IF,q1,IF1603,2016-03-18,3687.607,3465.0,-222.60699999999997,d,1.3702516710876067,-221.23674832891237,-21.468679308313273,1.0
2015-12-07,IF,q1,IF1603,2016-03-18,3687.607,3465.0,-222.60699999999997,p,1.3702516710876067,-221.23674832891237,-21.468679308313273,1.0
2015-12-07,IF,q2,IF1606,2016-06-17,3687.607,3369.0,-318.60699999999997,y,12.992098006842571,-305.6149019931574,-15.673480635393544,0.10546808301214584
2015-12-07,IF,q2,IF1606,2016-06-17,3687.607,3369.0,-318.60699999999997,d,9.891691290368518,-308.7153087096315,-15.83248520066696,0.1385255191315779
2015-12-07,IF,q2,IF1606,2016-06-17,3687.607,3369.0,-318.60699999999997,p,9.90528356811778,-308.7017164318822,-15.831788119795887,0.13833543095101766
2015-12-08,IF,current,IF1512,2015-12-18,3623.02,3579.2,-43.820000000000164,y,0.43376752037545874,-43.3862324796247,-43.70932220927021,1.0
2015-12-08,IF,current,IF1512,2015-12-18,3623.02,3579.2,-43.820000000000164,d,0.43376752037545874,-43.3862324796247,-43.70932220927021,1.0
2015-12-08,IF,current,IF1512,2015-12-18,3623.02,3579.2,-43.820000000000164,p,0.43376752037545874,-43.3862324796247,-43.70932220927021,1.0
2015-12-08,IF,next,IF1601,2016-01-15,3623.02,3508.4,-114.61999999999989,y,0.43376752037545874,-114.18623247962444,-30.27277828925427,1.0
2015-12-08,IF,next,IF1601,2016-01-15,3623.02,3508.4,-114.61999999999989,d,0.43376752037545874,-114.18623247962444,-30.27277828925427,1.0
2015-12-08,IF,next,IF1601,2016-01-15,3623.02,3508.4,-114.61999999999989,p,0.43376752037545874,-114.18623247962444,-30.27277828925427,1.0
2015-12-08,IF,q1,IF1603,2016-03-18,3623.02,3418.0,-205.01999999999998,y,1.346252246886347,-203.67374775311364,-20.315888192036304,1.0
2015-12-08,IF,q1,IF1603,2016-03-18,3623.02,3418.0,-205.01999999999998,d,1.346252246886347,-203.67374775311364,-20.315888192036304,1.0
2015-12-08,IF,q1,IF1603,2016-03-18,3623.02,3418.0,-205.01999999999998,p,1.346252246886347,-203.67374775311364,-20.315888192036304,1.0
2015-12-08,IF,q2,IF1606,2016-06-17,3623.02,3323.4,-299.6199999999999,y,12.764546471668693,-286.8554535283312,-15.051646677852219,0.10546808301214584
2015-12-08,IF,q2,IF1606,2016-06-17,3623.02,3323.4,-299.6199999999999,d,9.71844217098811,-289.9015578290118,-15.211479391903099,0.1385255191315779
2015-12-08,IF,q2,IF1606,2016-06-17,3623.02,3323.4,-299.6199999999999,p,9.731796385287824,-289.88820361471204,-15.21077868040249,0.13833543095101766
2015-12-09,IF,current,IF1512,2015-12-18,3635.938,3593.2,-42.738000000000284,y,0.4353141330986041,-42.30268586690168,-47.184768464818326,1.0
2015-12-09,IF,current,IF1512,2015-12-18,3635.938,3593.2,-42.738000000000284,d,0.4353141330986041,-42.30268586690168,-47.184768464818326,1.0
2015-12-09,IF,current,IF1512,2015-12-18,3635.938,3593.2,-42.738000000000284,p,0.4353141330986041,-42.30268586690168,-47.184768464818326,1.0
2015-12-09,IF,next,IF1601,2016-01-15,3635.938,3523.8,-112.13799999999992,y,0.4353141330986041,-111.70268586690132,-30.30667467705533,1.0
2015-12-09,IF,next,IF1601,2016-01-15,3635.938,3523.8,-112.13799999999992,d,0.4353141330986041,-111.70268586690132,-30.30667467705533,1.0
2015-12-09,IF,next,IF1601,2016-01-15,3635.938,3523.8,-112.13799999999992,p,0.4353141330986041,-111.70268586690132,-30.30667467705533,1.0
2015-12-09,IF,q1,IF1603,2016-03-18,3635.938,3401.0,-234.9380000000001,y,1.3510523546763338,-233.58694764532376,-23.449034579396887,1.0
2015-12-09,IF,q1,IF1603,2016-03-18,3635.938,3401.0,-234.9380000000001,d,1.3510523546763338,-233.58694764532376,-23.449034579396887,1.0
2015-12-09,IF,q1,IF1603,2016-03-18,3635.938,3401.0,-234.9380000000001,p,1.3510523546763338,-233.58694764532376,-23.449034579396887,1.0
2015-12-09,IF,q2,IF1606,2016-06-17,3635.938,3308.8,-327.1379999999999,y,12.81005889261062,-314.3279411073893,-16.520607605525566,0.10546808301214584
2015-12-09,IF,q2,IF1606,2016-06-17,3635.938,3308.8,-327.1379999999999,d,9.753093604313023,-317.3849063956869,-16.681277140068865,0.1385255191315779
2015-12-09,IF,q2,IF1606,2016-06-17,3635.938,3308.8,-327.1379999999999,p,9.766495433514207,-317.3715045664857,-16.68057275992166,0.13833543095101766
2015-12-10,IF,current,IF1512,2015-12-18,3623.084,3567.0,-56.08399999999983,y,0.4337751828010882,-55.65022481719875,-70.07956501380296,1.0
2015-12-10,IF,current,IF1512,2015-12-18,3623.084,3567.0,-56.08399999999983,d,0.4337751828010882,-55.65022481719875,-70.07956501380296,1.0
2015-12-10,IF,current,IF1512,2015-12-18,3623.084,3567.0,-56.08399999999983,p,0.4337751828010882,-55.65022481719875,-70.07956501380296,1.0
2015-12-10,IF,next,IF1601,2016-01-15,3623.084,3484.2,-138.88400000000001,y,0.4337751828010882,-138.45022481719892,-38.744104361457445,1.0
2015-12-10,IF,next,IF1601,2016-01-15,3623.084,3484.2,-138.88400000000001,d,0.4337751828010882,-138.45022481719892,-38.744104361457445,1.0
2015-12-10,IF,next,IF1601,2016-01-15,3623.084,3484.2,-138.88400000000001,p,0.4337751828010882,-138.45022481719892,-38.744104361457445,1.0
2015-12-10,IF,q1,IF1603,2016-03-18,3623.084,3370.0,-253.08399999999983,y,1.346276028191391,-251.73772397180844,-25.616958696382785,1.0
2015-12-10,IF,q1,IF1603,2016-03-18,3623.084,3370.0,-253.08399999999983,d,1.346276028191391,-251.73772397180844,-25.616958696382785,1.0
2015-12-10,IF,q1,IF1603,2016-03-18,3623.084,3370.0,-253.08399999999983,p,1.346276028191391,-251.73772397180844,-25.616958696382785,1.0
2015-12-10,IF,q2,IF1606,2016-06-17,3623.084,3272.0,-351.08399999999983,y,12.764771955098038,-338.3192280449018,-17.93855851394604,0.10546808301214584
2015-12-10,IF,q2,IF1606,2016-06-17,3623.084,3272.0,-351.08399999999983,d,9.71861384553005,-341.3653861544698,-18.100073677618507,0.1385255191315779
2015-12-10,IF,q2,IF1606,2016-06-17,3623.084,3272.0,-351.08399999999983,p,9.73196829572957,-341.35203170427025,-18.099365590207366,0.13833543095101766
2015-12-11,IF,current,IF1512,2015-12-18,3608.059,3593.0,-15.059000000000196,y,0.4319763086591731,-14.627023691341023,-21.13864564750138,1.0
2015-12-11,IF,current,IF1512,2015-12-18,3608.059,3593.0,-15.059000000000196,d,0.4319763086591731,-14.627023691341023,-21.13864564750138,1.0
2015-12-11,IF,current,IF1512,2015-12-18,3608.059,3593.0,-15.059000000000196,p,0.4319763086591731,-14.627023691341023,-21.13864564750138,1.0
2015-12-11,IF,next,IF1601,2016-01-15,3608.059,3512.4,-95.6590000000001,y,0.4319763086591731,-95.22702369134093,-27.523990558231244,1.0
2015-12-11,IF,next,IF1601,2016-01-15,3608.059,3512.4,-95.6590000000001,d,0.4319763086591731,-95.22702369134093,-27.523990558231244,1.0
2015-12-11,IF,next,IF1601,2016-01-15,3608.059,3512.4,-95.6590000000001,p,0.4319763086591731,-95.22702369134093,-27.523990558231244,1.0
2015-12-11,IF,q1,IF1603,2016-03-18,3608.059,3394.8,-213.25900000000001,y,1.3406929952494069,-211.9183070047506,-21.875683629549556,1.0
2015-12-11,IF,q1,IF1603,2016-03-18,3608.059,3394.8,-213.25900000000001,d,1.3406929952494069,-211.9183070047506,-21.875683629549556,1.0
2015-12-11,IF,q1,IF1603,2016-03-18,3608.059,3394.8,-213.25900000000001,p,1.3406929952494069,-211.9183070047506,-21.875683629549556,1.0
2015-12-11,IF,q2,IF1606,2016-06-17,3608.059,3282.0,-326.0590000000002,y,12.711836196880634,-313.34716380311954,-16.771936048866984,0.10546808301214584
2015-12-11,IF,q2,IF1606,2016-06-17,3608.059,3282.0,-326.0590000000002,d,9.678310564394675,-316.3806894356055,-16.934305790125023,0.1385255191315779
2015-12-11,IF,q2,IF1606,2016-06-17,3608.059,3282.0,-326.0590000000002,p,9.691609633428797,-316.3673903665714,-16.933593956219642,0.13833543095101766
2015-12-14,IF,current,IF1512,2015-12-18,3711.322,3711.8,0.4780000000000655,y,0.44433951268689886,0.9223395126869643,2.2677493500344483,1.0
2015-12-14,IF,current,IF1512,2015-12-18,3711.322,3711.8,0.4780000000000655,d,0.44433951268689886,0.9223395126869643,2.2677493500344483,1.0
2015-12-14,IF,current,IF1512,2015-12-18,3711.322,3711.8,0.4780000000000655,p,0.44433951268689886,0.9223395126869643,2.2677493500344483,1.0
2015-12-14,IF,next,IF1601,2016-01-15,3711.322,3650.2,-61.1220000000003,y,0.44433951268689886,-60.677660487313396,-18.648464480673418,1.0
2015-12-14,IF,next,IF1601,2016-01-15,3711.322,3650.2,-61.1220000000003,d,0.44433951268689886,-60.677660487313396,-18.648464480673418,1.0
2015-12-14,IF,next,IF1601,2016-01-15,3711.322,3650.2,-61.1220000000003,p,0.44433951268689886,-60.677660487313396,-18.648464480673418,1.0
2015-12-14,IF,q1,IF1603,2016-03-18,3711.322,3526.0,-185.32200000000012,y,1.3790637593551047,-183.94293624064503,-19.042490073642206,1.0
2015-12-14,IF,q1,IF1603,2016-03-18,3711.322,3526.0,-185.32200000000012,d,1.3790637593551047,-183.94293624064503,-19.042490073642206,1.0
2015-12-14,IF,q1,IF1603,2016-03-18,3711.322,3526.0,-185.32200000000012,p,1.3790637593551047,-183.94293624064503,-19.042490073642206,1.0
2015-12-14,IF,q2,IF1606,2016-06-17,3711.322,3419.8,-291.52199999999993,y,13.075650186950774,-278.44634981304915,-14.722881386294603,0.10546808301214584
2015-12-14,IF,q2,IF1606,2016-06-17,3711.322,3419.8,-291.52199999999993,d,9.95530475540183,-281.5666952445981,-14.887869994347131,0.1385255191315779
2015-12-14,IF,q2,IF1606,2016-06-17,3711.322,3419.8,-291.52199999999993,p,9.96898444508702,-281.5530155549129,-14.887146679249726,0.13833543095101766
2015-12-15,IF,current,IF1512,2015-12-18,3694.389,3670.4,-23.989000000000033,y,0.4423122024809056,-23.546687797519127,-77.54589501443479,1.0
2015-12-15,IF,current,IF1512,2015-12-18,3694.389,3670.4,-23.989000000000033,d,0.4423122024809056,-23.546687797519127,-77.54589501443479,1.0
2015-12-15,IF,current,IF1512,2015-12-18,3694.389,3670.4,-23.989000000000033,p,0.4423122024809056,-23.546687797519127,-77.54589501443479,1.0
2015-12-15,IF,next,IF1601,2016-01-15,3694.389,3601.6,-92.78900000000021,y,0.4423122024809056,-92.34668779751931,-29.431328852496836,1.0
2015-12-15,IF,next,IF1601,2016-01-15,3694.389,3601.6,-92.78900000000021,d,0.4423122024809056,-92.34668779751931,-29.431328852496836,1.0
2015-12-15,IF,next,IF1601,2016-01-15,3694.389,3601.6,-92.78900000000021,p,0.4423122024809056,-92.34668779751931,-29.431328852496836,1.0
2015-12-15,IF,q1,IF1603,2016-03-18,3694.389,3493.6,-200.78900000000021,y,1.3727717462564946,-199.41622825374372,-20.959594980680524,1.0
2015-12-15,IF,q1,IF1603,2016-03-18,3694.389,3493.6,-200.78900000000021,d,1.3727717462564946,-199.41622825374372,-20.959594980680524,1.0
2015-12-15,IF,q1,IF1603,2016-03-18,3694.389,3493.6,-200.78900000000021,p,1.3727717462564946,-199.41622825374372,-20.959594980680524,1.0
2015-12-15,IF,q2,IF1606,2016-06-17,3694.389,3380.0,-314.3890000000001,y,13.015992203996012,-301.3730077960041,-16.094699263263536,0.10546808301214584
2015-12-15,IF,q2,IF1606,2016-06-17,3694.389,3380.0,-314.3890000000001,d,9.909883426984834,-304.4791165730153,-16.260579701629858,0.1385255191315779
2015-12-15,IF,q2,IF1606,2016-06-17,3694.389,3380.0,-314.3890000000001,p,9.923500702741663,-304.4654992972585,-16.25985247672112,0.13833543095101766
2015-12-16,IF,current,IF1512,2015-12-18,3685.44,3675.0,-10.440000000000055,y,0.0,-10.440000000000055,,
2015-12-16,IF,current,IF1512,2015-12-18,3685.44,3675.0,-10.440000000000055,d,0.0,-10.440000000000055,,
2015-12-16,IF,current,IF1512,2015-12-18,3685.44,3675.0,-10.440000000000055,p,0.0,-10.440000000000055,,
2015-12-16,IF,next,IF1601,2016-01-15,3685.44,3600.2,-85.24000000000024,y,0.0,-85.24000000000024,,
2015-12-16,IF,next,IF1601,2016-01-15,3685.44,3600.2,-85.24000000000024,d,0.0,-85.24000000000024,,
2015-12-16,IF,next,IF1601,2016-01-15,3685.44,3600.2,-85.24000000000024,p,0.0,-85.24000000000024,,
2015-12-16,IF,q1,IF1603,2016-03-18,3685.44,3490.0,-195.44000000000005,y,0.9282056710899438,-194.5117943289101,-20.714121098816342,1.0
2015-12-16,IF,q1,IF1603,2016-03-18,3685.44,3490.0,-195.44000000000005,d,0.9282056710899438,-194.5117943289101,-20.714121098816342,1.0
2015-12-16,IF,q1,IF1603,2016-03-18,3685.44,3490.0,-195.44000000000005,p,0.9282056710899438,-194.5117943289101,-20.714121098816342,1.0
2015-12-16,IF,q2,IF1606,2016-06-17,3685.44,3387.6,-297.84000000000015,y,12.543222498979896,-285.29677750102024,-15.356157666601602,0.07400057450670529
2015-12-16,IF,q2,IF1606,2016-06-17,3685.44,3387.6,-297.84000000000015,d,9.444637717802797,-288.39536228219737,-15.522939629089482,0.0982785892719114
2015-12-16,IF,q2,IF1606,2016-06-17,3685.44,3387.6,-297.84000000000015,p,9.458222008132063,-288.3817779918681,-15.522208451871455,0.09813743749003606
2015-12-17,IF,current,IF1512,2015-12-18,3755.888,3754.4,-1.487999999999829,y,0.0,-1.487999999999829,,
2015-12-17,IF,current,IF1512,2015-12-18,3755.888,3754.4,-1.487999999999829,d,0.0,-1.487999999999829,,
2015-12-17,IF,current,IF1512,2015-12-18,3755.888,3754.4,-1.487999999999829,p,0.0,-1.487999999999829,,
2015-12-17,IF,next,IF1601,2016-01-15,3755.888,3692.8,-63.08799999999974,y,0.0,-63.08799999999974,,
2015-12-17,IF,next,IF1601,2016-01-15,3755.888,3692.8,-63.08799999999974,d,0.0,-63.08799999999974,,
2015-12-17,IF,next,IF1601,2016-01-15,3755.888,3692.8,-63.08799999999974,p,0.0,-63.08799999999974,,
2015-12-17,IF,q1,IF1603,2016-03-18,3755.888,3585.0,-170.88799999999992,y,0.9459485276055686,-169.94205147239435,-17.95119069723613,1.0
2015-12-17,IF,q1,IF1603,2016-03-18,3755.888,3585.0,-170.88799999999992,d,0.9459485276055686,-169.94205147239435,-17.95119069723613,1.0
2015-12-17,IF,q1,IF1603,2016-03-18,3755.888,3585.0,-170.88799999999992,p,0.9459485276055686,-169.94205147239435,-17.95119069723613,1.0
2015-12-17,IF,q2,IF1606,2016-06-17,3755.888,3460.0,-295.8879999999999,y,12.782988968820167,-283.10501103117974,-15.03407450233224,0.07400057450670529
2015-12-17,IF,q2,IF1606,2016-06-17,3755.888,3460.0,-295.8879999999999,d,9.625174054832778,-286.26282594516715,-15.201767841664312,0.0982785892719114
2015-12-17,IF,q2,IF1606,2016-06-17,3755.888,3460.0,-295.8879999999999,p,9.639018011873514,-286.2489819881264,-15.20103266894236,0.09813743749003606
2015-12-18,IF,current,IF1512,2015-12-18,3767.913,3772.0,4.086999999999989,y,0.0,4.086999999999989,,
2015-12-18,IF,current,IF1512,2015-12-18,3767.913,3772.0,4.086999999999989,d,0.0,4.086999999999989,,
2015-12-18,IF,current,IF1512,2015-12-18,3767.913,3772.0,4.086999999999989,p,0.0,4.086999999999989,,
2015-12-18,IF,next,IF1601,2016-01-15,3767.913,3704.8,-63.11299999999983,y,0.0,-63.11299999999983,,
2015-12-18,IF,next,IF1601,2016-01-15,3767.913,3704.8,-63.11299999999983,d,0.0,-63.11299999999983,,
2015-12-18,IF,next,IF1601,2016-01-15,3767.913,3704.8,-63.11299999999983,p,0.0,-63.11299999999983,,
2015-12-18,IF,q1,IF1603,2016-03-18,3767.913,3596.0,-171.913,y,0.948977113933078,-170.96402288606694,-18.19932724217593,1.0
2015-12-18,IF,q1,IF1603,2016-03-18,3767.913,3596.0,-171.913,d,0.948977113933078,-170.96402288606694,-18.19932724217593,1.0
2015-12-18,IF,q1,IF1603,2016-03-18,3767.913,3596.0,-171.913,p,0.948977113933078,-170.96402288606694,-18.19932724217593,1.0
2015-12-18,IF,q2,IF1606,2016-06-17,3767.913,3463.0,-304.913,y,12.823915493346474,-292.08908450665353,-15.546618355917824,0.07400057450670529
2015-12-18,IF,q2,IF1606,2016-06-17,3767.913,3463.0,-304.913,d,9.655990393874136,-295.25700960612585,-15.715233087224249,0.0982785892719114
2015-12-18,IF,q2,IF1606,2016-06-17,3767.913,3463.0,-304.913,p,9.669878674276859,-295.24312132572317,-15.714493875091742,0.09813743749003606
2015-12-21,IF,current,IF1601,2016-01-15,3865.965,3800.2,-65.76500000000033,y,0.0,-65.76500000000033,,
2015-12-21,IF,current,IF1601,2016-01-15,3865.965,3800.2,-65.76500000000033,d,0.0,-65.76500000000033,,
2015-12-21,IF,current,IF1601,2016-01-15,3865.965,3800.2,-65.76500000000033,p,0.0,-65.76500000000033,,
2015-12-21,IF,next,IF1602,2016-02-19,3865.965,3744.8,-121.16499999999996,y,0.0,-121.16499999999996,,
2015-12-21,IF,next,IF1602,2016-02-19,3865.965,3744.8,-121.16499999999996,d,0.0,-121.16499999999996,,
2015-12-21,IF,next,IF1602,2016-02-19,3865.965,3744.8,-121.16499999999996,p,0.0,-121.16499999999996,,
2015-12-21,IF,q1,IF1603,2016-03-18,3865.965,3704.4,-161.56500000000005,y,0.9736722446262142,-160.59132775537384,-17.2295670005923,1.0
2015-12-21,IF,q1,IF1603,2016-03-18,3865.965,3704.4,-161.56500000000005,d,0.9736722446262142,-160.59132775537384,-17.2295670005923,1.0
2015-12-21,IF,q1,IF1603,2016-03-18,3865.965,3704.4,-161.56500000000005,p,0.9736722446262142,-160.59132775537384,-17.2295670005923,1.0
2015-12-21,IF,q2,IF1606,2016-06-17,3865.965,3576.0,-289.96500000000015,y,13.157630884851962,-276.80736911514816,-14.600225491269844,0.07400057450670529
2015-12-21,IF,q2,IF1606,2016-06-17,3865.965,3576.0,-289.96500000000015,d,9.907267206820759,-280.0577327931794,-14.771666167793699,0.0982785892719114
2015-12-21,IF,q2,IF1606,2016-06-17,3865.965,3576.0,-289.96500000000015,p,9.921516900470031,-280.04348309953014,-14.770914566631035,0.09813743749003606
2015-12-22,IF,current,IF1601,2016-01-15,3876.733,3819.0,-57.733000000000175,y,0.0,-57.733000000000175,,
2015-12-22,IF,current,IF1601,2016-01-15,3876.733,3819.0,-57.733000000000175,d,0.0,-57.733000000000175,,
2015-12-22,IF,current,IF1601,2016-01-15,3876.733,3819.0,-57.733000000000175,p,0.0,-57.733000000000175,,
2015-12-22,IF,next,IF1602,2016-02-19,3876.733,3762.0,-114.73300000000017,y,0.0,-114.73300000000017,,
2015-12-22,IF,next,IF1602,2016-02-19,3876.733,3762.0,-114.73300000000017,d,0.0,-114.73300000000017,,
2015-12-22,IF,next,IF1602,2016-02-19,3876.733,3762.0,-114.73300000000017,p,0.0,-114.73300000000017,,
2015-12-22,IF,q1,IF1603,2016-03-18,3876.733,3722.4,-154.33300000000008,y,0.9763842460877211,-153.35661575391237,-16.59626026032508,1.0
2015-12-22,IF,q1,IF1603,2016-03-18,3876.733,3722.4,-154.33300000000008,d,0.9763842460877211,-153.35661575391237,-16.59626026032508,1.0
2015-12-22,IF,q1,IF1603,2016-03-18,3876.733,3722.4,-154.33300000000008,p,0.9763842460877211,-153.35661575391237,-16.59626026032508,1.0
2015-12-22,IF,q2,IF1606,2016-06-17,3876.733,3597.2,-279.53300000000036,y,13.194279268727161,-266.3387207312732,-14.087738464163072,0.07400057450670529
2015-12-22,IF,q2,IF1606,2016-06-17,3876.733,3597.2,-279.53300000000036,d,9.934862245390182,-269.59813775461015,-14.26014229055503,0.0982785892719114
2015-12-22,IF,q2,IF1606,2016-06-17,3876.733,3597.2,-279.53300000000036,p,9.949151629181818,-269.58384837081854,-14.259386466913925,0.09813743749003606
2015-12-23,IF,current,IF1601,2016-01-15,3866.381,3805.0,-61.38099999999986,y,0.0,-61.38099999999986,,
2015-12-23,IF,current,IF1601,2016-01-15,3866.381,3805.0,-61.38099999999986,d,0.0,-61.38099999999986,,
2015-12-23,IF,current,IF1601,2016-01-15,3866.381,3805.0,-61.38099999999986,p,0.0,-61.38099999999986,,
2015-12-23,IF,next,IF1602,2016-02-19,3866.381,3757.0,-109.38099999999986,y,0.0,-109.38099999999986,,
2015-12-23,IF,next,IF1602,2016-02-19,3866.381,3757.0,-109.38099999999986,d,0.0,-109.38099999999986,,
2015-12-23,IF,next,IF1602,2016-02-19,3866.381,3757.0,-109.38099999999986,p,0.0,-109.38099999999986,,
2015-12-23,IF,q1,IF1603,2016-03-18,3866.381,3708.0,-158.38099999999986,y,0.973777017342409,-157.40722298265746,-17.27883360183953,1.0
2015-12-23,IF,q1,IF1603,2016-03-18,3866.381,3708.0,-158.38099999999986,d,0.973777017342409,-157.40722298265746,-17.27883360183953,1.0
2015-12-23,IF,q1,IF1603,2016-03-18,3866.381,3708.0,-158.38099999999986,p,0.973777017342409,-157.40722298265746,-17.27883360183953,1.0
2015-12-23,IF,q2,IF1606,2016-06-17,3866.381,3596.0,-270.38099999999986,y,13.159046721376113,-257.22195327862374,-13.719016612078791,0.07400057450670529
2015-12-23,IF,q2,IF1606,2016-06-17,3866.381,3596.0,-270.38099999999986,d,9.908333285576783,-260.4726667144231,-13.892394471388222,0.0982785892719114
2015-12-23,IF,q2,IF1606,2016-06-17,3866.381,3596.0,-270.38099999999986,p,9.922584512574796,-260.45841548742504,-13.891634377557052,0.09813743749003606
2015-12-24,IF,current,IF1601,2016-01-15,3829.402,3775.2,-54.202000000000226,y,0.0,-54.202000000000226,,
2015-12-24,IF,current,IF1601,2016-01-15,3829.402,3775.2,-54.202000000000226,d,0.0,-54.202000000000226,,
2015-12-24,IF,current,IF1601,2016-01-15,3829.402,3775.2,-54.202000000000226,p,0.0,-54.202000000000226,,
2015-12-24,IF,next,IF1602,2016-02-19,3829.402,3723.2,-106.20200000000023,y,0.0,-106.20200000000023,,
2015-12-24,IF,next,IF1602,2016-02-19,3829.402,3723.2,-106.20200000000023,d,0.0,-106.20200000000023,,
2015-12-24,IF,next,IF1602,2016-02-19,3829.402,3723.2,-106.20200000000023,p,0.0,-106.20200000000023,,
2015-12-24,IF,q1,IF1603,2016-03-18,3829.402,3684.4,-145.00199999999995,y,0.9644635791881493,-144.0375364208118,-16.151715776601307,1.0
2015-12-24,IF,q1,IF1603,2016-03-18,3829.402,3684.4,-145.00199999999995,d,0.9644635791881493,-144.0375364208118,-16.151715776601307,1.0
2015-12-24,IF,q1,IF1603,2016-03-18,3829.402,3684.4,-145.00199999999995,p,0.9644635791881493,-144.0375364208118,-16.151715776601307,1.0
2015-12-24,IF,q2,IF1606,2016-06-17,3829.402,3564.0,-265.40200000000004,y,13.033190426119706,-252.36880957388033,-13.667368877115788,0.07400057450670529
2015-12-24,IF,q2,IF1606,2016-06-17,3829.402,3564.0,-265.40200000000004,d,9.813567597309811,-255.58843240269024,-13.84173183789857,0.0982785892719114
2015-12-24,IF,q2,IF1606,2016-06-17,3829.402,3564.0,-265.40200000000004,p,9.827682522137097,-255.57431747786293,-13.84096742535245,0.09813743749003606
2015-12-25,IF,current,IF1601,2016-01-15,3838.201,3806.8,-31.40099999999984,y,0.0,-31.40099999999984,,
2015-12-25,IF,current,IF1601,2016-01-15,3838.201,3806.8,-31.40099999999984,d,0.0,-31.40099999999984,,
2015-12-25,IF,current,IF1601,2016-01-15,3838.201,3806.8,-31.40099999999984,p,0.0,-31.40099999999984,,
2015-12-25,IF,next,IF1602,2016-02-19,3838.201,3753.6,-84.60100000000011,y,0.0,-84.60100000000011,,
2015-12-25,IF,next,IF1602,2016-02-19,3838.201,3753.6,-84.60100000000011,d,0.0,-84.60100000000011,,
2015-12-25,IF,next,IF1602,2016-02-19,3838.201,3753.6,-84.60100000000011,p,0.0,-84.60100000000011,,
2015-12-25,IF,q1,IF1603,2016-03-18,3838.201,3712.2,-126.0010000000002,y,0.9666796732501663,-125.03432032675003,-14.155170401341596,1.0
2015-12-25,IF,q1,IF1603,2016-03-18,3838.201,3712.2,-126.0010000000002,d,0.9666796732501663,-125.03432032675003,-14.155170401341596,1.0
2015-12-25,IF,q1,IF1603,2016-03-18,3838.201,3712.2,-126.0010000000002,p,0.9666796732501663,-125.03432032675003,-14.155170401341596,1.0
2015-12-25,IF,q2,IF1606,2016-06-17,3838.201,3600.0,-238.20100000000002,y,13.063137410677458,-225.13786258932257,-12.234201811153973,0.07400057450670529
2015-12-25,IF,q2,IF1606,2016-06-17,3838.201,3600.0,-238.20100000000002,d,9.836116700613337,-228.3648832993867,-12.409561131712659,0.0982785892719114
2015-12-25,IF,q2,IF1606,2016-06-17,3838.201,3600.0,-238.20100000000002,p,9.850264057978015,-228.350735942022,-12.408792351094846,0.09813743749003606
2015-12-28,IF,current,IF1601,2016-01-15,3727.632,3647.6,-80.03200000000015,y,0.0,-80.03200000000015,,
2015-12-28,IF,current,IF1601,2016-01-15,3727.632,3647.6,-80.03200000000015,d,0.0,-80.03200000000015,,
2015-12-28,IF,current,IF1601,2016-01-15,3727.632,3647.6,-80.03200000000015,p,0.0,-80.03200000000015,,
2015-12-28,IF,next,IF1602,2016-02-19,3727.632,3599.0,-128.63200000000006,y,0.0,-128.63200000000006,,
2015-12-28,IF,next,IF1602,2016-02-19,3727.632,3599.0,-128.63200000000006,d,0.0,-128.63200000000006,,
2015-12-28,IF,next,IF1602,2016-02-19,3727.632,3599.0,-128.63200000000006,p,0.0,-128.63200000000006,,
2015-12-28,IF,q1,IF1603,2016-03-18,3727.632,3560.4,-167.23199999999997,y,0.9388320423440212,-166.29316795765595,-20.102460673323638,1.0
2015-12-28,IF,q1,IF1603,2016-03-18,3727.632,3560.4,-167.23199999999997,d,0.9388320423440212,-166.29316795765595,-20.102460673323638,1.0
2015-12-28,IF,q1,IF1603,2016-03-18,3727.632,3560.4,-167.23199999999997,p,0.9388320423440212,-166.29316795765595,-20.102460673323638,1.0
2015-12-28,IF,q2,IF1606,2016-06-17,3727.632,3465.0,-262.63200000000006,y,12.6868209956796,-249.94517900432047,-14.229058033665714,0.07400057450670529
2015-12-28,IF,q2,IF1606,2016-06-17,3727.632,3465.0,-262.63200000000006,d,9.552762705481213,-253.07923729451886,-14.407475947024842,0.0982785892719114
2015-12-28,IF,q2,IF1606,2016-06-17,3727.632,3465.0,-262.63200000000006,p,9.566502512757593,-253.06549748724248,-14.406693757442765,0.09813743749003606
2015-12-29,IF,current,IF1601,2016-01-15,3761.875,3695.8,-66.07499999999982,y,0.0,-66.07499999999982,,
2015-12-29,IF,current,IF1601,2016-01-15,3761.875,3695.8,-66.07499999999982,d,0.0,-66.07499999999982,,
2015-12-29,IF,current,IF1601,2016-01-15,3761.875,3695.8,-66.07499999999982,p,0.0,-66.07499999999982,,
2015-12-29,IF,next,IF1602,2016-02-19,3761.875,3649.6,-112.27500000000009,y,0.0,-112.27500000000009,,
2015-12-29,IF,next,IF1602,2016-02-19,3761.875,3649.6,-112.27500000000009,d,0.0,-112.27500000000009,,
2015-12-29,IF,next,IF1602,2016-02-19,3761.875,3649.6,-112.27500000000009,p,0.0,-112.27500000000009,,
2015-12-29,IF,q1,IF1603,2016-03-18,3761.875,3616.6,-145.2750000000001,y,0.9474563984033065,-144.32754360159677,-17.50442047336196,1.0
2015-12-29,IF,q1,IF1603,2016-03-18,3761.875,3616.6,-145.2750000000001,d,0.9474563984033065,-144.32754360159677,-17.50442047336196,1.0
2015-12-29,IF,q1,IF1603,2016-03-18,3761.875,3616.6,-145.2750000000001,p,0.9474563984033065,-144.32754360159677,-17.50442047336196,1.0
2015-12-29,IF,q2,IF1606,2016-06-17,3761.875,3523.0,-238.875,y,12.803365443027154,-226.07163455697284,-12.827394982290208,0.07400057450670529
2015-12-29,IF,q2,IF1606,2016-06-17,3761.875,3523.0,-238.875,d,9.640516875775864,-229.23448312422414,-13.00685627525962,0.0982785892719114
2015-12-29,IF,q2,IF1606,2016-06-17,3761.875,3523.0,-238.875,p,9.654382900506265,-229.22061709949372,-13.006069511469462,0.09813743749003606
2015-12-30,IF,current,IF1601,2016-01-15,3765.175,3696.8,-68.375,y,0.0,-68.375,,
2015-12-30,IF,current,IF1601,2016-01-15,3765.175,3696.8,-68.375,d,0.0,-68.375,,
2015-12-30,IF,current,IF1601,2016-01-15,3765.175,3696.8,-68.375,p,0.0,-68.375,,
2015-12-30,IF,next,IF1602,2016-02-19,3765.175,3646.8,-118.375,y,0.0,-118.375,,
2015-12-30,IF,next,IF1602,2016-02-19,3765.175,3646.8,-118.375,d,0.0,-118.375,,
2015-12-30,IF,next,IF1602,2016-02-19,3765.175,3646.8,-118.375,p,0.0,-118.375,,
2015-12-30,IF,q1,IF1603,2016-03-18,3765.175,3613.6,-151.57500000000027,y,0.9482875281231221,-150.62671247187714,-18.483431579275916,1.0
2015-12-30,IF,q1,IF1603,2016-03-18,3765.175,3613.6,-151.57500000000027,d,0.9482875281231221,-150.62671247187714,-18.483431579275916,1.0
2015-12-30,IF,q1,IF1603,2016-03-18,3765.175,3613.6,-151.57500000000027,p,0.9482875281231221,-150.62671247187714,-18.483431579275916,1.0
2015-12-30,IF,q2,IF1606,2016-06-17,3765.175,3521.6,-243.57500000000027,y,12.814596838531255,-230.76040316146901,-13.158914518688677,0.07400057450670529
2015-12-30,IF,q2,IF1606,2016-06-17,3765.175,3521.6,-243.57500000000027,d,9.648973750523181,-233.9260262494771,-13.339431466322619,0.0982785892719114
2015-12-30,IF,q2,IF1606,2016-06-17,3765.175,3521.6,-243.57500000000027,p,9.66285193883733,-233.91214806116295,-13.338640074510167,0.09813743749003606
2015-12-31,IF,current,IF1601,2016-01-15,3731.005,3658.2,-72.80500000000029,y,0.0,-72.80500000000029,,
2015-12-31,IF,current,IF1601,2016-01-15,3731.005,3658.2,-72.80500000000029,d,0.0,-72.80500000000029,,
2015-12-31,IF,current,IF1601,2016-01-15,3731.005,3658.2,-72.80500000000029,p,0.0,-72.80500000000029,,
2015-12-31,IF,next,IF1602,2016-02-19,3731.005,3608.4,-122.60500000000002,y,0.0,-122.60500000000002,,
2015-12-31,IF,next,IF1602,2016-02-19,3731.005,3608.4,-122.60500000000002,d,0.0,-122.60500000000002,,
2015-12-31,IF,next,IF1602,2016-02-19,3731.005,3608.4,-122.60500000000002,p,0.0,-122.60500000000002,,
2015-12-31,IF,q1,IF1603,2016-03-18,3731.005,3560.0,-171.0050000000001,y,0.9880800999848673,-170.01691990001524,-21.32379873433619,1.0
2015-12-31,IF,q1,IF1603,2016-03-18,3731.005,3560.0,-171.0050000000001,d,0.9880800999848673,-170.01691990001524,-21.32379873433619,1.0
2015-12-31,IF,q1,IF1603,2016-03-18,3731.005,3560.0,-171.0050000000001,p,0.9880800999848673,-170.01691990001524,-21.32379873433619,1.0
2015-12-31,IF,q2,IF1606,2016-06-17,3731.005,3464.8,-266.2049999999999,y,13.482274775892622,-252.7227252241073,-14.629336343811733,0.07328734330141624
2015-12-31,IF,q2,IF1606,2016-06-17,3731.005,3464.8,-266.2049999999999,d,10.26044896843739,-255.94455103156253,-14.815837867711648,0.09629988931520864
2015-12-31,IF,q2,IF1606,2016-06-17,3731.005,3464.8,-266.2049999999999,p,10.313723982400724,-255.8912760175992,-14.812753942048456,0.09580245716008312
2016-01-04,IF,current,IF1601,2016-01-15,3469.066,3425.0,-44.0659999999998,y,0.0,-44.0659999999998,,
2016-01-04,IF,current,IF1601,2016-01-15,3469.066,3425.0,-44.0659999999998,d,0.0,-44.0659999999998,,
2016-01-04,IF,current,IF1601,2016-01-15,3469.066,3425.0,-44.0659999999998,p,0.0,-44.0659999999998,,
2016-01-04,IF,next,IF1602,2016-02-19,3469.066,3369.4,-99.66599999999971,y,0.0,-99.66599999999971,,
2016-01-04,IF,next,IF1602,2016-02-19,3469.066,3369.4,-99.66599999999971,d,0.0,-99.66599999999971,,
2016-01-04,IF,next,IF1602,2016-02-19,3469.066,3369.4,-99.66599999999971,p,0.0,-99.66599999999971,,
2016-01-04,IF,q1,IF1603,2016-03-18,3469.066,3326.0,-143.0659999999998,y,0.9187109318090175,-142.1472890681908,-20.21097029524063,1.0
2016-01-04,IF,q1,IF1603,2016-03-18,3469.066,3326.0,-143.0659999999998,d,0.9187109318090175,-142.1472890681908,-20.21097029524063,1.0
2016-01-04,IF,q1,IF1603,2016-03-18,3469.066,3326.0,-143.0659999999998,p,0.9187109318090175,-142.1472890681908,-20.21097029524063,1.0
2016-01-04,IF,q2,IF1606,2016-06-17,3469.066,3231.2,-237.86599999999999,y,12.535737965429343,-225.33026203457064,-14.36864713382521,0.07328734330141624
2016-01-04,IF,q2,IF1606,2016-06-17,3469.066,3231.2,-237.86599999999999,d,9.540103714988648,-228.32589628501134,-14.559669906789363,0.09629988931520864
2016-01-04,IF,q2,IF1606,2016-06-17,3469.066,3231.2,-237.86599999999999,p,9.589638502422524,-228.27636149757745,-14.55651121929191,0.09580245716008312
2016-01-05,IF,current,IF1601,2016-01-15,3478.78,3408.8,-69.98000000000002,y,0.0,-69.98000000000002,,
2016-01-05,IF,current,IF1601,2016-01-15,3478.78,3408.8,-69.98000000000002,d,0.0,-69.98000000000002,,
2016-01-05,IF,current,IF1601,2016-01-15,3478.78,3408.8,-69.98000000000002,p,0.0,-69.98000000000002,,
2016-01-05,IF,next,IF1602,2016-02-19,3478.78,3354.8,-123.98000000000002,y,0.0,-123.98000000000002,,
2016-01-05,IF,next,IF1602,2016-02-19,3478.78,3354.8,-123.98000000000002,d,0.0,-123.98000000000002,,
2016-01-05,IF,next,IF1602,2016-02-19,3478.78,3354.8,-123.98000000000002,p,0.0,-123.98000000000002,,
2016-01-05,IF,q1,IF1603,2016-03-18,3478.78,3312.0,-166.7800000000002,y,0.9212834853411767,-165.85871651465902,-23.83863258306921,1.0
2016-01-05,IF,q1,IF1603,2016-03-18,3478.78,3312.0,-166.7800000000002,d,0.9212834853411767,-165.85871651465902,-23.83863258306921,1.0
2016-01-05,IF,q1,IF1603,2016-03-18,3478.78,3312.0,-166.7800000000002,p,0.9212834853411767,-165.85871651465902,-23.83863258306921,1.0
2016-01-05,IF,q2,IF1606,2016-06-17,3478.78,3222.0,-256.7800000000002,y,12.570840254805269,-244.20915974519494,-15.623703955331859,0.07328734330141624
2016-01-05,IF,q2,IF1606,2016-06-17,3478.78,3222.0,-256.7800000000002,d,9.566817697221158,-247.21318230277905,-15.815891501301893,0.09629988931520864
2016-01-05,IF,q2,IF1606,2016-06-17,3478.78,3222.0,-256.7800000000002,p,9.616491190844288,-247.1635088091559,-15.812713553514818,0.09580245716008312
2016-01-06,IF,current,IF1601,2016-01-15,3539.808,3465.0,-74.80799999999999,y,0.0,-74.80799999999999,,
2016-01-06,IF,current,IF1601,2016-01-15,3539.808,3465.0,-74.80799999999999,d,0.0,-74.80799999999999,,
2016-01-06,IF,current,IF1601,2016-01-15,3539.808,3465.0,-74.80799999999999,p,0.0,-74.80799999999999,,
2016-01-06,IF,next,IF1602,2016-02-19,3539.808,3413.2,-126.60800000000017,y,0.0,-126.60800000000017,,
2016-01-06,IF,next,IF1602,2016-02-19,3539.808,3413.2,-126.60800000000017,d,0.0,-126.60800000000017,,
2016-01-06,IF,next,IF1602,2016-02-19,3539.808,3413.2,-126.60800000000017,p,0.0,-126.60800000000017,,
2016-01-06,IF,q1,IF1603,2016-03-18,3539.808,3363.6,-176.20800000000008,y,0.9374454986169231,-175.27055450138317,-25.100918998763046,1.0
2016-01-06,IF,q1,IF1603,2016-03-18,3539.808,3363.6,-176.20800000000008,d,0.9374454986169231,-175.27055450138317,-25.100918998763046,1.0
2016-01-06,IF,q1,IF1603,2016-03-18,3539.808,3363.6,-176.20800000000008,p,0.9374454986169231,-175.27055450138317,-25.100918998763046,1.0
2016-01-06,IF,q2,IF1606,2016-06-17,3539.808,3253.0,-286.808,y,12.791369647026178,-274.01663035297383,-17.33414699204154,0.07328734330141624
2016-01-06,IF,q2,IF1606,2016-06-17,3539.808,3253.0,-286.808,d,9.734647726836716,-277.07335227316327,-17.527513602710773,0.09629988931520864
2016-01-06,IF,q2,IF1606,2016-06-17,3539.808,3253.0,-286.808,p,9.785192639166644,-277.0228073608333,-17.52431615831151,0.09580245716008312
2016-01-07,IF,current,IF1601,2016-01-15,3294.384,3245.2,-49.1840000000002,y,0.0,-49.1840000000002,,
2016-01-07,IF,current,IF1601,2016-01-15,3294.384,3245.2,-49.1840000000002,d,0.0,-49.1840000000002,,
2016-01-07,IF,current,IF1601,2016-01-15,3294.384,3245.2,-49.1840000000002,p,0.0,-49.1840000000002,,
2016-01-07,IF,next,IF1602,2016-02-19,3294.384,3190.4,-103.98399999999992,y,0.0,-103.98399999999992,,
2016-01-07,IF,next,IF1602,2016-02-19,3294.384,3190.4,-103.98399999999992,d,0.0,-103.98399999999992,,
2016-01-07,IF,next,IF1602,2016-02-19,3294.384,3190.4,-103.98399999999992,p,0.0,-103.98399999999992,,
2016-01-07,IF,q1,IF1603,2016-03-18,3294.384,3143.2,-151.1840000000002,y,0.8724499892411153,-150.31155001075908,-23.455929572884678,1.0
2016-01-07,IF,q1,IF1603,2016-03-18,3294.384,3143.2,-151.1840000000002,d,0.8724499892411153,-150.31155001075908,-23.455929572884678,1.0
2016-01-07,IF,q1,IF1603,2016-03-18,3294.384,3143.2,-151.1840000000002,p,0.8724499892411153,-150.31155001075908,-23.455929572884678,1.0
2016-01-07,IF,q2,IF1606,2016-06-17,3294.384,3038.0,-256.384,y,11.904511064794669,-244.47948893520535,-16.72037675110388,0.07328734330141624
2016-01-07,IF,q2,IF1606,2016-06-17,3294.384,3038.0,-256.384,d,9.05971954324281,-247.3242804567572,-16.914936982826635,0.09629988931520864
2016-01-07,IF,q2,IF1606,2016-06-17,3294.384,3038.0,-256.384,p,9.106760046699812,-247.2772399533002,-16.911719801116263,0.09580245716008312
2016-01-08,IF,current,IF1601,2016-01-15,3361.563,3309.0,-52.5630000000001,y,0.0,-52.5630000000001,,
2016-01-08,IF,current,IF1601,2016-01-15,3361.563,3309.0,-52.5630000000001,d,0.0,-52.5630000000001,,
2016-01-08,IF,current,IF1601,2016-01-15,3361.563,3309.0,-52.5630000000001,p,0.0,-52.5630000000001,,
2016-01-08,IF,next,IF1602,2016-02-19,3361.563,3260.0,-101.5630000000001,y,0.0,-101.5630000000001,,
2016-01-08,IF,next,IF1602,2016-02-19,3361.563,3260.0,-101.5630000000001,d,0.0,-101.5630000000001,,
2016-01-08,IF,next,IF1602,2016-02-19,3361.563,3260.0,-101.5630000000001,p,0.0,-101.5630000000001,,
2016-01-08,IF,q1,IF1603,2016-03-18,3361.563,3198.0,-163.5630000000001,y,0.890240968625191,-162.6727590313749,-25.232971790822916,1.0
2016-01-08,IF,q1,IF1603,2016-03-18,3361.563,3198.0,-163.5630000000001,d,0.890240968625191,-162.6727590313749,-25.232971790822916,1.0
2016-01-08,IF,q1,IF1603,2016-03-18,3361.563,3198.0,-163.5630000000001,p,0.890240968625191,-162.6727590313749,-25.232971790822916,1.0
2016-01-08,IF,q2,IF1606,2016-06-17,3361.563,3091.4,-270.163,y,12.147267570660969,-258.01573242933904,-17.40090841628637,0.07328734330141624
2016-01-08,IF,q2,IF1606,2016-06-17,3361.563,3091.4,-270.163,d,9.244465128212719,-260.9185348717873,-17.596677096653362,0.09629988931520864
2016-01-08,IF,q2,IF1606,2016-06-17,3361.563,3091.4,-270.163,p,9.292464880494913,-260.8705351195051,-17.5934399324479,0.09580245716008312
2016-01-11,IF,current,IF1601,2016-01-15,3192.45,3151.8,-40.649999999999636,y,0.0,-40.649999999999636,,
2016-01-11,IF,current,IF1601,2016-01-15,3192.45,3151.8,-40.649999999999636,d,0.0,-40.649999999999636,,
2016-01-11,IF,current,IF1601,2016-01-15,3192.45,3151.8,-40.649999999999636,p,0.0,-40.649999999999636,,
2016-01-11,IF,next,IF1602,2016-02-19,3192.45,3087.0,-105.44999999999982,y,0.0,-105.44999999999982,,
2016-01-11,IF,next,IF1602,2016-02-19,3192.45,3087.0,-105.44999999999982,d,0.0,-105.44999999999982,,
2016-01-11,IF,next,IF1602,2016-02-19,3192.45,3087.0,-105.44999999999982,p,0.0,-105.44999999999982,,
2016-01-11,IF,q1,IF1603,2016-03-18,3192.45,3046.4,-146.04999999999973,y,0.8454548614104482,-145.20454513858928,-24.7784518536786,1.0
2016-01-11,IF,q1,IF1603,2016-03-18,3192.45,3046.4,-146.04999999999973,d,0.8454548614104482,-145.20454513858928,-24.7784518536786,1.0
2016-01-11,IF,q1,IF1603,2016-03-18,3192.45,3046.4,-146.04999999999973,p,0.8454548614104482,-145.20454513858928,-24.7784518536786,1.0
2016-01-11,IF,q2,IF1606,2016-06-17,3192.45,2950.2,-242.25,y,11.536164681714014,-230.713835318286,-16.69495728572702,0.07328734330141624
2016-01-11,IF,q2,IF1606,2016-06-17,3192.45,2950.2,-242.25,d,8.77939598292898,-233.47060401707103,-16.894443092936427,0.09629988931520864
2016-01-11,IF,q2,IF1606,2016-06-17,3192.45,2950.2,-242.25,p,8.8249809709757,-233.4250190290243,-16.89114446358782,0.09580245716008312
2016-01-12,IF,current,IF1601,2016-01-15,3215.71,3196.6,-19.110000000000127,y,0.0,-19.110000000000127,,
2016-01-12,IF,current,IF1601,2016-01-15,3215.71,3196.6,-19.110000000000127,d,0.0,-19.110000000000127,,
2016-01-12,IF,current,IF1601,2016-01-15,3215.71,3196.6,-19.110000000000127,p,0.0,-19.110000000000127,,
2016-01-12,IF,next,IF1602,2016-02-19,3215.71,3133.2,-82.51000000000022,y,0.0,-82.51000000000022,,
2016-01-12,IF,next,IF1602,2016-02-19,3215.71,3133.2,-82.51000000000022,d,0.0,-82.51000000000022,,
2016-01-12,IF,next,IF1602,2016-02-19,3215.71,3133.2,-82.51000000000022,p,0.0,-82.51000000000022,,
2016-01-12,IF,q1,IF1603,2016-03-18,3215.71,3088.0,-127.71000000000004,y,0.8516147950277038,-126.85838520497234,-21.81680910649305,1.0
2016-01-12,IF,q1,IF1603,2016-03-18,3215.71,3088.0,-127.71000000000004,d,0.8516147950277038,-126.85838520497234,-21.81680910649305,1.0
2016-01-12,IF,q1,IF1603,2016-03-18,3215.71,3088.0,-127.71000000000004,p,0.8516147950277038,-126.85838520497234,-21.81680910649305,1.0
2016-01-12,IF,q2,IF1606,2016-06-17,3215.71,2975.0,-240.71000000000004,y,11.620216488475801,-229.08978351152425,-16.562353800541825,0.07328734330141624
2016-01-12,IF,q2,IF1606,2016-06-17,3215.71,2975.0,-240.71000000000004,d,8.843362137626135,-231.8666378623739,-16.763110217988228,0.09629988931520864
2016-01-12,IF,q2,IF1606,2016-06-17,3215.71,2975.0,-240.71000000000004,p,8.889279255172758,-231.82072074482727,-16.759790578261605,0.09580245716008312
2016-01-13,IF,current,IF1601,2016-01-15,3155.879,3152.8,-3.0789999999997235,y,0.0,-3.0789999999997235,,
2016-01-13,IF,current,IF1601,2016-01-15,3155.879,3152.8,-3.0789999999997235,d,0.0,-3.0789999999997235,,
2016-01-13,IF,current,IF1601,2016-01-15,3155.879,3152.8,-3.0789999999997235,p,0.0,-3.0789999999997235,,
2016-01-13,IF,next,IF1602,2016-02-19,3155.879,3080.8,-75.07899999999972,y,0.0,-75.07899999999972,,
2016-01-13,IF,next,IF1602,2016-02-19,3155.879,3080.8,-75.07899999999972,d,0.0,-75.07899999999972,,
2016-01-13,IF,next,IF1602,2016-02-19,3155.879,3080.8,-75.07899999999972,p,0.0,-75.07899999999972,,
2016-01-13,IF,q1,IF1603,2016-03-18,3155.879,3015.8,-140.07899999999972,y,0.835769782635012,-139.2432302173647,-24.77611761284409,1.0
2016-01-13,IF,q1,IF1603,2016-03-18,3155.879,3015.8,-140.07899999999972,d,0.835769782635012,-139.2432302173647,-24.77611761284409,1.0
2016-01-13,IF,q1,IF1603,2016-03-18,3155.879,3015.8,-140.07899999999972,p,0.835769782635012,-139.2432302173647,-24.77611761284409,1.0
2016-01-13,IF,q2,IF1606,2016-06-17,3155.879,2907.6,-248.279,y,11.404012548219374,-236.8749874517806,-17.561723166854527,0.07328734330141624
2016-01-13,IF,q2,IF1606,2016-06-17,3155.879,2907.6,-248.279,d,8.678823917433297,-239.6001760825667,-17.763766484412766,0.09629988931520864
2016-01-13,IF,q2,IF1606,2016-06-17,3155.879,2907.6,-248.279,p,8.723886708234058,-239.55511329176593,-17.760425564944306,0.09580245716008312
2016-01-14,IF,current,IF1601,2016-01-15,3221.571,3204.6,-16.971000000000004,y,0.0,-16.971000000000004,,
2016-01-14,IF,current,IF1601,2016-01-15,3221.571,3204.6,-16.971000000000004,d,0.0,-16.971000000000004,,
2016-01-14,IF,current,IF1601,2016-01-15,3221.571,3204.6,-16.971000000000004,p,0.0,-16.971000000000004,,
2016-01-14,IF,next,IF1602,2016-02-19,3221.571,3113.2,-108.3710000000001,y,0.0,-108.3710000000001,,
2016-01-14,IF,next,IF1602,2016-02-19,3221.571,3113.2,-108.3710000000001,d,0.0,-108.3710000000001,,
2016-01-14,IF,next,IF1602,2016-02-19,3221.571,3113.2,-108.3710000000001,p,0.0,-108.3710000000001,,
2016-01-14,IF,q1,IF1603,2016-03-18,3221.571,3045.0,-176.5709999999999,y,0.8531669605879244,-175.717833039412,-31.1072072151412,1.0
2016-01-14,IF,q1,IF1603,2016-03-18,3221.571,3045.0,-176.5709999999999,d,0.8531669605879244,-175.717833039412,-31.1072072151412,1.0
2016-01-14,IF,q1,IF1603,2016-03-18,3221.571,3045.0,-176.5709999999999,p,0.8531669605879244,-175.717833039412,-31.1072072151412,1.0
2016-01-14,IF,q2,IF1606,2016-06-17,3221.571,2937.6,-283.971,y,11.641395664719603,-272.3296043352804,-19.906197755065897,0.07328734330141624
2016-01-14,IF,q2,IF1606,2016-06-17,3221.571,2937.6,-283.971,d,8.859480178584002,-275.111519821416,-20.109544577898703,0.09629988931520864
2016-01-14,IF,q2,IF1606,2016-06-17,3221.571,2937.6,-283.971,p,8.905480985339521,-275.0655190146605,-20.10618210411109,0.09580245716008312
2016-01-15,IF,current,IF1601,2016-01-15,3118.73,3132.8,14.070000000000164,y,0.0,14.070000000000164,,
2016-01-15,IF,current,IF1601,2016-01-15,3118.73,3132.8,14.070000000000164,d,0.0,14.070000000000164,,
2016-01-15,IF,current,IF1601,2016-01-15,3118.73,3132.8,14.070000000000164,p,0.0,14.070000000000164,,
2016-01-15,IF,next,IF1602,2016-02-19,3118.73,3027.8,-90.92999999999984,y,0.0,-90.92999999999984,,
2016-01-15,IF,next,IF1602,2016-02-19,3118.73,3027.8,-90.92999999999984,d,0.0,-90.92999999999984,,
2016-01-15,IF,next,IF1602,2016-02-19,3118.73,3027.8,-90.92999999999984,p,0.0,-90.92999999999984,,
2016-01-15,IF,q1,IF1603,2016-03-18,3118.73,2952.8,-165.92999999999984,y,0.8259316324223112,-165.10406836757753,-30.671309049927064,1.0
2016-01-15,IF,q1,IF1603,2016-03-18,3118.73,2952.8,-165.92999999999984,d,0.8259316324223112,-165.10406836757753,-30.671309049927064,1.0
2016-01-15,IF,q1,IF1603,2016-03-18,3118.73,2952.8,-165.92999999999984,p,0.8259316324223112,-165.10406836757753,-30.671309049927064,1.0
2016-01-15,IF,q2,IF1606,2016-06-17,3118.73,2844.6,-274.1300000000001,y,11.269771767076055,-262.86022823292404,-19.976492950784717,0.07328734330141624
2016-01-15,IF,q2,IF1606,2016-06-17,3118.73,2844.6,-274.1300000000001,d,8.576662323243935,-265.5533376767562,-20.18116020753203,0.09629988931520864
2016-01-15,IF,q2,IF1606,2016-06-17,3118.73,2844.6,-274.1300000000001,p,8.621194663537736,-265.5088053364624,-20.177775899499046,0.09580245716008312
2016-01-18,IF,current,IF1602,2016-02-19,3130.729,3042.0,-88.72899999999981,y,0.0,-88.72899999999981,,
2016-01-18,IF,current,IF1602,2016-02-19,3130.729,3042.0,-88.72899999999981,d,0.0,-88.72899999999981,,
2016-01-18,IF,current,IF1602,2016-02-19,3130.729,3042.0,-88.72899999999981,p,0.0,-88.72899999999981,,
2016-01-18,IF,next,IF1603,2016-03-18,3130.729,2990.8,-139.92899999999963,y,0.82910932130767,-139.09989067869196,-27.028561131567425,1.0
2016-01-18,IF,next,IF1603,2016-03-18,3130.729,2990.8,-139.92899999999963,d,0.82910932130767,-139.09989067869196,-27.028561131567425,1.0
2016-01-18,IF,next,IF1603,2016-03-18,3130.729,2990.8,-139.92899999999963,p,0.82910932130767,-139.09989067869196,-27.028561131567425,1.0
2016-01-18,IF,q1,IF1603,2016-03-18,3130.729,2990.8,-139.92899999999963,y,0.82910932130767,-139.09989067869196,-27.028561131567425,1.0
2016-01-18,IF,q1,IF1603,2016-03-18,3130.729,2990.8,-139.92899999999963,d,0.82910932130767,-139.09989067869196,-27.028561131567425,1.0
2016-01-18,IF,q1,IF1603,2016-03-18,3130.729,2990.8,-139.92899999999963,p,0.82910932130767,-139.09989067869196,-27.028561131567425,1.0
2016-01-18,IF,q2,IF1606,2016-06-17,3130.729,2842.0,-288.7289999999998,y,11.313131080461035,-277.41586891953875,-21.419125784685512,0.07328734330141624
2016-01-18,IF,q2,IF1606,2016-06-17,3130.729,2842.0,-288.7289999999998,d,8.609660168910795,-280.119339831089,-21.627859278321836,0.09629988931520864
2016-01-18,IF,q2,IF1606,2016-06-17,3130.729,2842.0,-288.7289999999998,p,8.65436384290491,-280.0746361570949,-21.624407732380913,0.09580245716008312
2016-01-19,IF,current,IF1602,2016-02-19,3223.125,3134.0,-89.125,y,0.0,-89.125,,
2016-01-19,IF,current,IF1602,2016-02-19,3223.125,3134.0,-89.125,d,0.0,-89.125,,
2016-01-19,IF,current,IF1602,2016-02-19,3223.125,3134.0,-89.125,p,0.0,-89.125,,
2016-01-19,IF,next,IF1603,2016-03-18,3223.125,3073.6,-149.5250000000001,y,0.8535785055939956,-148.6714214944061,-28.535875263417886,1.0
2016-01-19,IF,next,IF1603,2016-03-18,3223.125,3073.6,-149.5250000000001,d,0.8535785055939956,-148.6714214944061,-28.535875263417886,1.0
2016-01-19,IF,next,IF1603,2016-03-18,3223.125,3073.6,-149.5250000000001,p,0.8535785055939956,-148.6714214944061,-28.535875263417886,1.0
2016-01-19,IF,q1,IF1603,2016-03-18,3223.125,3073.6,-149.5250000000001,y,0.8535785055939956,-148.6714214944061,-28.535875263417886,1.0
2016-01-19,IF,q1,IF1603,2016-03-18,3223.125,3073.6,-149.5250000000001,d,0.8535785055939956,-148.6714214944061,-28.535875263417886,1.0
2016-01-19,IF,q1,IF1603,2016-03-18,3223.125,3073.6,-149.5250000000001,p,0.8535785055939956,-148.6714214944061,-28.535875263417886,1.0
2016-01-19,IF,q2,IF1606,2016-06-17,3223.125,2923.6,-299.5250000000001,y,11.647011163761212,-287.8779888362389,-21.733662398082025,0.07328734330141624
2016-01-19,IF,q2,IF1606,2016-06-17,3223.125,2923.6,-299.5250000000001,d,8.86375375572929,-290.6612462442708,-21.943787448342597,0.09629988931520864
2016-01-19,IF,q2,IF1606,2016-06-17,3223.125,2923.6,-299.5250000000001,p,8.90977675204813,-290.615223247952,-21.940312892095402,0.09580245716008312
2016-01-20,IF,current,IF1602,2016-02-19,3174.378,3074.0,-100.37800000000016,y,0.0,-100.37800000000016,,
2016-01-20,IF,current,IF1602,2016-02-19,3174.378,3074.0,-100.37800000000016,d,0.0,-100.37800000000016,,
2016-01-20,IF,current,IF1602,2016-02-19,3174.378,3074.0,-100.37800000000016,p,0.0,-100.37800000000016,,
2016-01-20,IF,next,IF1603,2016-03-18,3174.378,3010.6,-163.77800000000025,y,0.8406688631159066,-162.93733113688435,-32.30180780078468,1.0
2016-01-20,IF,next,IF1603,2016-03-18,3174.378,3010.6,-163.77800000000025,d,0.8406688631159066,-162.93733113688435,-32.30180780078468,1.0
2016-01-20,IF,next,IF1603,2016-03-18,3174.378,3010.6,-163.77800000000025,p,0.8406688631159066,-162.93733113688435,-32.30180780078468,1.0
2016-01-20,IF,q1,IF1603,2016-03-18,3174.378,3010.6,-163.77800000000025,y,0.8406688631159066,-162.93733113688435,-32.30180780078468,1.0
2016-01-20,IF,q1,IF1603,2016-03-18,3174.378,3010.6,-163.77800000000025,d,0.8406688631159066,-162.93733113688435,-32.30180780078468,1.0
2016-01-20,IF,q1,IF1603,2016-03-18,3174.378,3010.6,-163.77800000000025,p,0.8406688631159066,-162.93733113688435,-32.30180780078468,1.0
2016-01-20,IF,q2,IF1606,2016-06-17,3174.378,2845.0,-329.37800000000016,y,11.470860113708898,-317.90713988629125,-24.532863208890987,0.07328734330141624
2016-01-20,IF,q2,IF1606,2016-06-17,3174.378,2845.0,-329.37800000000016,d,8.729697085779929,-320.6483029142202,-24.744398494388207,0.09629988931520864
2016-01-20,IF,q2,IF1606,2016-06-17,3174.378,2845.0,-329.37800000000016,p,8.7750240237698,-320.60297597623037,-24.74090061897157,0.09580245716008312
2016-01-21,IF,current,IF1602,2016-02-19,3081.345,3011.0,-70.3449999999998,y,0.0,-70.3449999999998,,
2016-01-21,IF,current,IF1602,2016-02-19,3081.345,3011.0,-70.3449999999998,d,0.0,-70.3449999999998,,
2016-01-21,IF,current,IF1602,2016-02-19,3081.345,3011.0,-70.3449999999998,p,0.0,-70.3449999999998,,
2016-01-21,IF,next,IF1603,2016-03-18,3081.345,2953.2,-128.14499999999998,y,0.8160309824532186,-127.32896901754677,-26.46091787919372,1.0
2016-01-21,IF,next,IF1603,2016-03-18,3081.345,2953.2,-128.14499999999998,d,0.8160309824532186,-127.32896901754677,-26.46091787919372,1.0
2016-01-21,IF,next,IF1603,2016-03-18,3081.345,2953.2,-128.14499999999998,p,0.8160309824532186,-127.32896901754677,-26.46091787919372,1.0
2016-01-21,IF,q1,IF1603,2016-03-18,3081.345,2953.2,-128.14499999999998,y,0.8160309824532186,-127.32896901754677,-26.46091787919372,1.0
2016-01-21,IF,q1,IF1603,2016-03-18,3081.345,2953.2,-128.14499999999998,d,0.8160309824532186,-127.32896901754677,-26.46091787919372,1.0
2016-01-21,IF,q1,IF1603,2016-03-18,3081.345,2953.2,-128.14499999999998,p,0.8160309824532186,-127.32896901754677,-26.46091787919372,1.0
2016-01-21,IF,q2,IF1606,2016-06-17,3081.345,2788.0,-293.3449999999998,y,11.134678181702476,-282.2103218182973,-22.5872686132803,0.07328734330141624
2016-01-21,IF,q2,IF1606,2016-06-17,3081.345,2788.0,-293.3449999999998,d,8.473851717338816,-284.871148282661,-22.800233191247102,0.09629988931520864
2016-01-21,IF,q2,IF1606,2016-06-17,3081.345,2788.0,-293.3449999999998,p,8.517850237282062,-284.82714976271774,-22.7967116815371,0.09580245716008312
2016-01-22,IF,current,IF1602,2016-02-19,3113.463,3042.0,-71.46300000000019,y,0.0,-71.46300000000019,,
2016-01-22,IF,current,IF1602,2016-02-19,3113.463,3042.0,-71.46300000000019,d,0.0,-71.46300000000019,,
2016-01-22,IF,current,IF1602,2016-02-19,3113.463,3042.0,-71.46300000000019,p,0.0,-71.46300000000019,,
2016-01-22,IF,next,IF1603,2016-03-18,3113.463,2974.8,-138.663,y,0.8245367755709748,-137.83846322442903,-28.855695798787277,1.0
2016-01-22,IF,next,IF1603,2016-03-18,3113.463,2974.8,-138.663,d,0.8245367755709748,-137.83846322442903,-28.855695798787277,1.0
2016-01-22,IF,next,IF1603,2016-03-18,3113.463,2974.8,-138.663,p,0.8245367755709748,-137.83846322442903,-28.855695798787277,1.0
2016-01-22,IF,q1,IF1603,2016-03-18,3113.463,2974.8,-138.663,y,0.8245367755709748,-137.83846322442903,-28.855695798787277,1.0
2016-01-22,IF,q1,IF1603,2016-03-18,3113.463,2974.8,-138.663,d,0.8245367755709748,-137.83846322442903,-28.855695798787277,1.0
2016-01-22,IF,q1,IF1603,2016-03-18,3113.463,2974.8,-138.663,p,0.8245367755709748,-137.83846322442903,-28.855695798787277,1.0
2016-01-22,IF,q2,IF1606,2016-06-17,3113.463,2801.2,-312.2630000000004,y,11.250739055716883,-301.01226094428347,-24.0057902156602,0.07328734330141624
2016-01-22,IF,q2,IF1606,2016-06-17,3113.463,2801.2,-312.2630000000004,d,8.562177811774035,-303.7008221882263,-24.22020353225261,0.09629988931520864
2016-01-22,IF,q2,IF1606,2016-06-17,3113.463,2801.2,-312.2630000000004,p,8.606634944583915,-303.6563650554165,-24.21665806669425,0.09580245716008312
2016-01-25,IF,current,IF1602,2016-02-19,3128.886,3044.2,-84.68600000000015,y,0.0,-84.68600000000015,,
2016-01-25,IF,current,IF1602,2016-02-19,3128.886,3044.2,-84.68600000000015,d,0.0,-84.68600000000015,,
2016-01-25,IF,current,IF1602,2016-02-19,3128.886,3044.2,-84.68600000000015,p,0.0,-84.68600000000015,,
2016-01-25,IF,next,IF1603,2016-03-18,3128.886,2973.0,-155.88599999999997,y,0.8286212405829666,-155.057378759417,-34.12869582963346,1.0
2016-01-25,IF,next,IF1603,2016-03-18,3128.886,2973.0,-155.88599999999997,d,0.8286212405829666,-155.057378759417,-34.12869582963346,1.0
2016-01-25,IF,next,IF1603,2016-03-18,3128.886,2973.0,-155.88599999999997,p,0.8286212405829666,-155.057378759417,-34.12869582963346,1.0
2016-01-25,IF,q1,IF1603,2016-03-18,3128.886,2973.0,-155.88599999999997,y,0.8286212405829666,-155.057378759417,-34.12869582963346,1.0
2016-01-25,IF,q1,IF1603,2016-03-18,3128.886,2973.0,-155.88599999999997,d,0.8286212405829666,-155.057378759417,-34.12869582963346,1.0
2016-01-25,IF,q1,IF1603,2016-03-18,3128.886,2973.0,-155.88599999999997,p,0.8286212405829666,-155.057378759417,-34.12869582963346,1.0
2016-01-25,IF,q2,IF1606,2016-06-17,3128.886,2781.6,-347.28600000000006,y,11.306471257595087,-335.97952874240497,-27.2178269746844,0.07328734330141624
2016-01-25,IF,q2,IF1606,2016-06-17,3128.886,2781.6,-347.28600000000006,d,8.604591827418668,-338.68140817258137,-27.43670723537249,0.09629988931520864
2016-01-25,IF,q2,IF1606,2016-06-17,3128.886,2781.6,-347.28600000000006,p,8.649269185218962,-338.6367308147811,-27.433087905948327,0.09580245716008312
2016-01-26,IF,current,IF1602,2016-02-19,2940.509,2899.0,-41.509000000000015,y,0.0,-41.509000000000015,,
2016-01-26,IF,current,IF1602,2016-02-19,2940.509,2899.0,-41.509000000000015,d,0.0,-41.509000000000015,,
2016-01-26,IF,current,IF1602,2016-02-19,2940.509,2899.0,-41.509000000000015,p,0.0,-41.509000000000015,,
2016-01-26,IF,next,IF1603,2016-03-18,2940.509,2820.2,-120.3090000000002,y,0.7787334583380087,-119.53026654166219,-28.53283308310195,1.0
2016-01-26,IF,next,IF1603,2016-03-18,2940.509,2820.2,-120.3090000000002,d,0.7787334583380087,-119.53026654166219,-28.53283308310195,1.0
2016-01-26,IF,next,IF1603,2016-03-18,2940.509,2820.2,-120.3090000000002,p,0.7787334583380087,-119.53026654166219,-28.53283308310195,1.0
2016-01-26,IF,q1,IF1603,2016-03-18,2940.509,2820.2,-120.3090000000002,y,0.7787334583380087,-119.53026654166219,-28.53283308310195,1.0
2016-01-26,IF,q1,IF1603,2016-03-18,2940.509,2820.2,-120.3090000000002,d,0.7787334583380087,-119.53026654166219,-28.53283308310195,1.0
2016-01-26,IF,q1,IF1603,2016-03-18,2940.509,2820.2,-120.3090000000002,p,0.7787334583380087,-119.53026654166219,-28.53283308310195,1.0
2016-01-26,IF,q2,IF1606,2016-06-17,2940.509,2660.8,-279.70899999999983,y,10.62575641656477,-269.0832435834351,-23.357210145902883,0.07328734330141624
2016-01-26,IF,q2,IF1606,2016-06-17,2940.509,2660.8,-279.70899999999983,d,8.086545725811373,-271.62245427418844,-23.577621037784596,0.09629988931520864
2016-01-26,IF,q2,IF1606,2016-06-17,2940.509,2660.8,-279.70899999999983,p,8.128533248753397,-271.58046675124643,-23.57397639836446,0.09580245716008312
2016-01-27,IF,current,IF1602,2016-02-19,2930.352,2867.6,-62.75199999999995,y,0.0,-62.75199999999995,,
2016-01-27,IF,current,IF1602,2016-02-19,2930.352,2867.6,-62.75199999999995,d,0.0,-62.75199999999995,,
2016-01-27,IF,current,IF1602,2016-02-19,2930.352,2867.6,-62.75199999999995,p,0.0,-62.75199999999995,,
2016-01-27,IF,next,IF1603,2016-03-18,2930.352,2798.0,-132.35199999999986,y,0.776043585347877,-131.57595641465198,-32.13508345122587,1.0
2016-01-27,IF,next,IF1603,2016-03-18,2930.352,2798.0,-132.35199999999986,d,0.776043585347877,-131.57595641465198,-32.13508345122587,1.0
2016-01-27,IF,next,IF1603,2016-03-18,2930.352,2798.0,-132.35199999999986,p,0.776043585347877,-131.57595641465198,-32.13508345122587,1.0
2016-01-27,IF,q1,IF1603,2016-03-18,2930.352,2798.0,-132.35199999999986,y,0.776043585347877,-131.57595641465198,-32.13508345122587,1.0
2016-01-27,IF,q1,IF1603,2016-03-18,2930.352,2798.0,-132.35199999999986,d,0.776043585347877,-131.57595641465198,-32.13508345122587,1.0
2016-01-27,IF,q1,IF1603,2016-03-18,2930.352,2798.0,-132.35199999999986,p,0.776043585347877,-131.57595641465198,-32.13508345122587,1.0
2016-01-27,IF,q2,IF1606,2016-06-17,2930.352,2654.2,-276.15200000000004,y,10.589053312468488,-265.56294668753156,-23.29443639135297,0.07328734330141624
2016-01-27,IF,q2,IF1606,2016-06-17,2930.352,2654.2,-276.15200000000004,d,8.058613471586996,-268.093386528413,-23.516399472614133,0.09629988931520864
2016-01-27,IF,q2,IF1606,2016-06-17,2930.352,2654.2,-276.15200000000004,p,8.10045596274353,-268.0515440372565,-23.51272916671921,0.09580245716008312
2016-01-28,IF,current,IF1602,2016-02-19,2853.756,2816.8,-36.955999999999676,y,0.0,-36.955999999999676,,
2016-01-28,IF,current,IF1602,2016-02-19,2853.756,2816.8,-36.955999999999676,d,0.0,-36.955999999999676,,
2016-01-28,IF,current,IF1602,2016-02-19,2853.756,2816.8,-36.955999999999676,p,0.0,-36.955999999999676,,
2016-01-28,IF,next,IF1603,2016-03-18,2853.756,2753.8,-99.95599999999968,y,0.7557587067860844,-99.2002412932136,-25.37574205504813,1.0
2016-01-28,IF,next,IF1603,2016-03-18,2853.756,2753.8,-99.95599999999968,d,0.7557587067860844,-99.2002412932136,-25.37574205504813,1.0
2016-01-28,IF,next,IF1603,2016-03-18,2853.756,2753.8,-99.95599999999968,p,0.7557587067860844,-99.2002412932136,-25.37574205504813,1.0
2016-01-28,IF,q1,IF1603,2016-03-18,2853.756,2753.8,-99.95599999999968,y,0.7557587067860844,-99.2002412932136,-25.37574205504813,1.0
2016-01-28,IF,q1,IF1603,2016-03-18,2853.756,2753.8,-99.95599999999968,d,0.7557587067860844,-99.2002412932136,-25.37574205504813,1.0
2016-01-28,IF,q1,IF1603,2016-03-18,2853.756,2753.8,-99.95599999999968,p,0.7557587067860844,-99.2002412932136,-25.37574205504813,1.0
2016-01-28,IF,q2,IF1606,2016-06-17,2853.756,2618.0,-235.75599999999986,y,10.31226774966858,-225.44373225033127,-20.4500832272248,0.07328734330141624
2016-01-28,IF,q2,IF1606,2016-06-17,2853.756,2618.0,-235.75599999999986,d,7.847970669128562,-227.9080293308713,-20.673620514736047,0.09629988931520864
2016-01-28,IF,q2,IF1606,2016-06-17,2853.756,2618.0,-235.75599999999986,p,7.888719446133136,-227.86728055386672,-20.669924178302857,0.09580245716008312
2016-01-29,IF,current,IF1602,2016-02-19,2946.09,2903.8,-42.289999999999964,y,0.0,-42.289999999999964,,
2016-01-29,IF,current,IF1602,2016-02-19,2946.09,2903.8,-42.289999999999964,d,0.0,-42.289999999999964,,
2016-01-29,IF,current,IF1602,2016-02-19,2946.09,2903.8,-42.289999999999964,p,0.0,-42.289999999999964,,
2016-01-29,IF,next,IF1603,2016-03-18,2946.09,2843.2,-102.89000000000033,y,0.7802114716448834,-102.10978852835544,-25.817735740404547,1.0
2016-01-29,IF,next,IF1603,2016-03-18,2946.09,2843.2,-102.89000000000033,d,0.7802114716448834,-102.10978852835544,-25.817735740404547,1.0
2016-01-29,IF,next,IF1603,2016-03-18,2946.09,2843.2,-102.89000000000033,p,0.7802114716448834,-102.10978852835544,-25.817735740404547,1.0
2016-01-29,IF,q1,IF1603,2016-03-18,2946.09,2843.2,-102.89000000000033,y,0.7802114716448834,-102.10978852835544,-25.817735740404547,1.0
2016-01-29,IF,q1,IF1603,2016-03-18,2946.09,2843.2,-102.89000000000033,d,0.7802114716448834,-102.10978852835544,-25.817735740404547,1.0
2016-01-29,IF,q1,IF1603,2016-03-18,2946.09,2843.2,-102.89000000000033,p,0.7802114716448834,-102.10978852835544,-25.817735740404547,1.0
2016-01-29,IF,q2,IF1606,2016-06-17,2946.09,2710.0,-236.09000000000015,y,10.645923791179452,-225.4440762088207,-19.95067743935171,0.07328734330141624
2016-01-29,IF,q2,IF1606,2016-06-17,2946.09,2710.0,-236.09000000000015,d,8.10189375286919,-227.98810624713096,-20.17581142177375,0.09629988931520864
2016-01-29,IF,q2,IF1606,2016-06-17,2946.09,2710.0,-236.09000000000015,p,8.143960966900593,-227.94603903309957,-20.172088682937467,0.09580245716008312
2016-02-01,IF,current,IF1602,2016-02-19,2901.048,2883.8,-17.247999999999593,y,0.0,-17.247999999999593,,
2016-02-01,IF,current,IF1602,2016-02-19,2901.048,2883.8,-17.247999999999593,d,0.0,-17.247999999999593,,
2016-02-01,IF,current,IF1602,2016-02-19,2901.048,2883.8,-17.247999999999593,p,0.0,-17.247999999999593,,
2016-02-01,IF,next,IF1603,2016-03-18,2901.048,2825.0,-76.04799999999977,y,0.866074134917414,-75.18192586508236,-20.563335658096708,1.0
2016-02-01,IF,next,IF1603,2016-03-18,2901.048,2825.0,-76.04799999999977,d,0.866074134917414,-75.18192586508236,-20.563335658096708,1.0
2016-02-01,IF,next,IF1603,2016-03-18,2901.048,2825.0,-76.04799999999977,p,0.866074134917414,-75.18192586508236,-20.563335658096708,1.0
2016-02-01,IF,q1,IF1603,2016-03-18,2901.048,2825.0,-76.04799999999977,y,0.866074134917414,-75.18192586508236,-20.563335658096708,1.0
2016-02-01,IF,q1,IF1603,2016-03-18,2901.048,2825.0,-76.04799999999977,d,0.866074134917414,-75.18192586508236,-20.563335658096708,1.0
2016-02-01,IF,q1,IF1603,2016-03-18,2901.048,2825.0,-76.04799999999977,p,0.866074134917414,-75.18192586508236,-20.563335658096708,1.0
2016-02-01,IF,q2,IF1606,2016-06-17,2901.048,2688.0,-213.04799999999977,y,10.9438704852209,-202.10412951477886,-18.560623879072153,0.07913782752518862
2016-02-01,IF,q2,IF1606,2016-06-17,2901.048,2688.0,-213.04799999999977,d,8.330097374509403,-204.71790262549038,-18.800664791297066,0.10396926902291113
2016-02-01,IF,q2,IF1606,2016-06-17,2901.048,2688.0,-213.04799999999977,p,8.320480032127207,-204.72751996787258,-18.801548018547795,0.1040894433462145
2016-02-02,IF,current,IF1602,2016-02-19,2961.334,2948.8,-12.53399999999965,y,0.0,-12.53399999999965,,
2016-02-02,IF,current,IF1602,2016-02-19,2961.334,2948.8,-12.53399999999965,d,0.0,-12.53399999999965,,
2016-02-02,IF,current,IF1602,2016-02-19,2961.334,2948.8,-12.53399999999965,p,0.0,-12.53399999999965,,
2016-02-02,IF,next,IF1603,2016-03-18,2961.334,2886.4,-74.93399999999974,y,0.8840718189604326,-74.0499281810393,-20.282318551241023,1.0
2016-02-02,IF,next,IF1603,2016-03-18,2961.334,2886.4,-74.93399999999974,d,0.8840718189604326,-74.0499281810393,-20.282318551241023,1.0
2016-02-02,IF,next,IF1603,2016-03-18,2961.334,2886.4,-74.93399999999974,p,0.8840718189604326,-74.0499281810393,-20.282318551241023,1.0
2016-02-02,IF,q1,IF1603,2016-03-18,2961.334,2886.4,-74.93399999999974,y,0.8840718189604326,-74.0499281810393,-20.282318551241023,1.0
2016-02-02,IF,q1,IF1603,2016-03-18,2961.334,2886.4,-74.93399999999974,d,0.8840718189604326,-74.0499281810393,-20.282318551241023,1.0
2016-02-02,IF,q1,IF1603,2016-03-18,2961.334,2886.4,-74.93399999999974,p,0.8840718189604326,-74.0499281810393,-20.282318551241023,1.0
2016-02-02,IF,q2,IF1606,2016-06-17,2961.334,2757.8,-203.53399999999965,y,11.1712924982562,-192.36270750174344,-17.433614734931353,0.07913782752518862
2016-02-02,IF,q2,IF1606,2016-06-17,2961.334,2757.8,-203.53399999999965,d,8.503203179832058,-195.03079682016758,-17.675420653863796,0.10396926902291113
2016-02-02,IF,q2,IF1606,2016-06-17,2961.334,2757.8,-203.53399999999965,p,8.49338598170709,-195.04061401829256,-17.676310375432543,0.1040894433462145
2016-02-03,IF,current,IF1602,2016-02-19,2948.639,2939.4,-9.239000000000033,y,0.0,-9.239000000000033,,
2016-02-03,IF,current,IF1602,2016-02-19,2948.639,2939.4,-9.239000000000033,d,0.0,-9.239000000000033,,
2016-02-03,IF,current,IF1602,2016-02-19,2948.639,2939.4,-9.239000000000033,p,0.0,-9.239000000000033,,
2016-02-03,IF,next,IF1603,2016-03-18,2948.639,2879.4,-69.23900000000003,y,0.8802818743808268,-68.3587181256192,-19.231470485081893,1.0
2016-02-03,IF,next,IF1603,2016-03-18,2948.639,2879.4,-69.23900000000003,d,0.8802818743808268,-68.3587181256192,-19.231470485081893,1.0
2016-02-03,IF,next,IF1603,2016-03-18,2948.639,2879.4,-69.23900000000003,p,0.8802818743808268,-68.3587181256192,-19.231470485081893,1.0
2016-02-03,IF,q1,IF1603,2016-03-18,2948.639,2879.4,-69.23900000000003,y,0.8802818743808268,-68.3587181256192,-19.231470485081893,1.0
2016-02-03,IF,q1,IF1603,2016-03-18,2948.639,2879.4,-69.23900000000003,d,0.8802818743808268,-68.3587181256192,-19.231470485081893,1.0
2016-02-03,IF,q1,IF1603,2016-03-18,2948.639,2879.4,-69.23900000000003,p,0.8802818743808268,-68.3587181256192,-19.231470485081893,1.0
2016-02-03,IF,q2,IF1606,2016-06-17,2948.639,2746.0,-202.63900000000012,y,11.123402068380555,-191.51559793161957,-17.56069262614885,0.07913782752518862
2016-02-03,IF,q2,IF1606,2016-06-17,2948.639,2746.0,-202.63900000000012,d,8.466750633659299,-194.17224936634082,-17.80428970003635,0.10396926902291112
2016-02-03,IF,q2,IF1606,2016-06-17,2948.639,2746.0,-202.63900000000012,p,8.456975521070847,-194.18202447892926,-17.805186012135234,0.1040894433462145
2016-02-04,IF,current,IF1602,2016-02-19,2984.76,2978.8,-5.960000000000036,y,0.0,-5.960000000000036,,
2016-02-04,IF,current,IF1602,2016-02-19,2984.76,2978.8,-5.960000000000036,d,0.0,-5.960000000000036,,
2016-02-04,IF,current,IF1602,2016-02-19,2984.76,2978.8,-5.960000000000036,p,0.0,-5.960000000000036,,
2016-02-04,IF,next,IF1603,2016-03-18,2984.76,2939.0,-45.76000000000022,y,0.8910653787652258,-44.86893462123499,-12.760296053370324,1.0
2016-02-04,IF,next,IF1603,2016-03-18,2984.76,2939.0,-45.76000000000022,d,0.8910653787652258,-44.86893462123499,-12.760296053370324,1.0
2016-02-04,IF,next,IF1603,2016-03-18,2984.76,2939.0,-45.76000000000022,p,0.8910653787652258,-44.86893462123499,-12.760296053370324,1.0
2016-02-04,IF,q1,IF1603,2016-03-18,2984.76,2939.0,-45.76000000000022,y,0.8910653787652258,-44.86893462123499,-12.760296053370324,1.0
2016-02-04,IF,q1,IF1603,2016-03-18,2984.76,2939.0,-45.76000000000022,d,0.8910653787652258,-44.86893462123499,-12.760296053370324,1.0
2016-02-04,IF,q1,IF1603,2016-03-18,2984.76,2939.0,-45.76000000000022,p,0.8910653787652258,-44.86893462123499,-12.760296053370324,1.0
2016-02-04,IF,q2,IF1606,2016-06-17,2984.76,2781.4,-203.36000000000013,y,11.259664393511565,-192.10033560648856,-17.531003391849577,0.07913782752518862
2016-02-04,IF,q2,IF1606,2016-06-17,2984.76,2781.4,-203.36000000000013,d,8.570468823521947,-194.7895311764782,-17.776418354348184,0.10396926902291112
2016-02-04,IF,q2,IF1606,2016-06-17,2984.76,2781.4,-203.36000000000013,p,8.560573965233255,-194.79942603476687,-17.77732135534333,0.1040894433462145
2016-02-05,IF,current,IF1602,2016-02-19,2963.789,2937.2,-26.589000000000397,y,0.0,-26.589000000000397,,
2016-02-05,IF,current,IF1602,2016-02-19,2963.789,2937.2,-26.589000000000397,d,0.0,-26.589000000000397,,
2016-02-05,IF,current,IF1602,2016-02-19,2963.789,2937.2,-26.589000000000397,p,0.0,-26.589000000000397,,
2016-02-05,IF,next,IF1603,2016-03-18,2963.789,2884.0,-79.78900000000021,y,0.8848047306534562,-78.90419526934676,-23.136432125125708,1.0
2016-02-05,IF,next,IF1603,2016-03-18,2963.789,2884.0,-79.78900000000021,d,0.8848047306534562,-78.90419526934676,-23.136432125125708,1.0
2016-02-05,IF,next,IF1603,2016-03-18,2963.789,2884.0,-79.78900000000021,p,0.8848047306534562,-78.90419526934676,-23.136432125125708,1.0
2016-02-05,IF,q1,IF1603,2016-03-18,2963.789,2884.0,-79.78900000000021,y,0.8848047306534562,-78.90419526934676,-23.136432125125708,1.0
2016-02-05,IF,q1,IF1603,2016-03-18,2963.789,2884.0,-79.78900000000021,d,0.8848047306534562,-78.90419526934676,-23.136432125125708,1.0
2016-02-05,IF,q1,IF1603,2016-03-18,2963.789,2884.0,-79.78900000000021,p,0.8848047306534562,-78.90419526934676,-23.136432125125708,1.0
2016-02-05,IF,q2,IF1606,2016-06-17,2963.789,2753.6,-210.1890000000003,y,11.180553703876107,-199.0084462961242,-18.42745887894598,0.07913782752518862
2016-02-05,IF,q2,IF1606,2016-06-17,2963.789,2753.6,-210.1890000000003,d,8.510252490651606,-201.6787475093487,-18.674719066726524,0.10396926902291112
2016-02-05,IF,q2,IF1606,2016-06-17,2963.789,2753.6,-210.1890000000003,p,8.500427153889998,-201.6885728461103,-18.675628857202838,0.10408944334621449
2016-02-15,IF,current,IF1602,2016-02-19,2946.707,2929.8,-16.906999999999698,y,0.0,-16.906999999999698,,
2016-02-15,IF,current,IF1602,2016-02-19,2946.707,2929.8,-16.906999999999698,d,0.0,-16.906999999999698,,
2016-02-15,IF,current,IF1602,2016-02-19,2946.707,2929.8,-16.906999999999698,p,0.0,-16.906999999999698,,
2016-02-15,IF,next,IF1603,2016-03-18,2946.707,2876.0,-70.70699999999988,y,0.8797050982541786,-69.8272949017457,-27.029072876028625,1.0
2016-02-15,IF,next,IF1603,2016-03-18,2946.707,2876.0,-70.70699999999988,d,0.8797050982541786,-69.8272949017457,-27.029072876028625,1.0
2016-02-15,IF,next,IF1603,2016-03-18,2946.707,2876.0,-70.70699999999988,p,0.8797050982541786,-69.8272949017457,-27.029072876028625,1.0
2016-02-15,IF,q1,IF1603,2016-03-18,2946.707,2876.0,-70.70699999999988,y,0.8797050982541786,-69.8272949017457,-27.029072876028625,1.0
2016-02-15,IF,q1,IF1603,2016-03-18,2946.707,2876.0,-70.70699999999988,d,0.8797050982541786,-69.8272949017457,-27.029072876028625,1.0
2016-02-15,IF,q1,IF1603,2016-03-18,2946.707,2876.0,-70.70699999999988,p,0.8797050982541786,-69.8272949017457,-27.029072876028625,1.0
2016-02-15,IF,q2,IF1606,2016-06-17,2946.707,2736.6,-210.10699999999997,y,11.11611382021043,-198.99088617978953,-20.03936632343557,0.07913782752518862
2016-02-15,IF,q2,IF1606,2016-06-17,2946.707,2736.6,-210.10699999999997,d,8.461203070114141,-201.64579692988582,-20.30672896550721,0.10396926902291112
2016-02-15,IF,q2,IF1606,2016-06-17,2946.707,2736.6,-210.10699999999997,p,8.45143436235094,-201.65556563764903,-20.30771272268892,0.10408944334621449
2016-02-16,IF,current,IF1602,2016-02-19,3037.035,3016.6,-20.434999999999945,y,0.0,-20.434999999999945,,
2016-02-16,IF,current,IF1602,2016-02-19,3037.035,3016.6,-20.434999999999945,d,0.0,-20.434999999999945,,
2016-02-16,IF,current,IF1602,2016-02-19,3037.035,3016.6,-20.434999999999945,p,0.0,-20.434999999999945,,
2016-02-16,IF,next,IF1603,2016-03-18,3037.035,2962.8,-74.23499999999967,y,0.9066714719435558,-73.32832852805612,-28.42844855818415,1.0
2016-02-16,IF,next,IF1603,2016-03-18,3037.035,2962.8,-74.23499999999967,d,0.9066714719435558,-73.32832852805612,-28.42844855818415,1.0
2016-02-16,IF,next,IF1603,2016-03-18,3037.035,2962.8,-74.23499999999967,p,0.9066714719435558,-73.32832852805612,-28.42844855818415,1.0
2016-02-16,IF,q1,IF1603,2016-03-18,3037.035,2962.8,-74.23499999999967,y,0.9066714719435558,-73.32832852805612,-28.42844855818415,1.0
2016-02-16,IF,q1,IF1603,2016-03-18,3037.035,2962.8,-74.23499999999967,d,0.9066714719435558,-73.32832852805612,-28.42844855818415,1.0
2016-02-16,IF,q1,IF1603,2016-03-18,3037.035,2962.8,-74.23499999999967,p,0.9066714719435558,-73.32832852805612,-28.42844855818415,1.0
2016-02-16,IF,q2,IF1606,2016-06-17,3037.035,2823.2,-213.83500000000004,y,11.456865828860073,-202.37813417113998,-19.93640393831756,0.07913782752518862
2016-02-16,IF,q2,IF1606,2016-06-17,3037.035,2823.2,-213.83500000000004,d,8.720571765718173,-205.11442823428186,-20.205958077455367,0.10396926902291112
2016-02-16,IF,q2,IF1606,2016-06-17,3037.035,2823.2,-213.83500000000004,p,8.710503609168637,-205.1244963908314,-20.20694989822053,0.10408944334621449
2016-02-17,IF,current,IF1602,2016-02-19,3063.32,3045.6,-17.720000000000255,y,0.0,-17.720000000000255,,
2016-02-17,IF,current,IF1602,2016-02-19,3063.32,3045.6,-17.720000000000255,d,0.0,-17.720000000000255,,
2016-02-17,IF,current,IF1602,2016-02-19,3063.32,3045.6,-17.720000000000255,p,0.0,-17.720000000000255,,
2016-02-17,IF,next,IF1603,2016-03-18,3063.32,2987.8,-75.51999999999998,y,0.9145185529419758,-74.60548144705801,-29.631250547528143,1.0
2016-02-17,IF,next,IF1603,2016-03-18,3063.32,2987.8,-75.51999999999998,d,0.9145185529419758,-74.60548144705801,-29.631250547528143,1.0
2016-02-17,IF,next,IF1603,2016-03-18,3063.32,2987.8,-75.51999999999998,p,0.9145185529419758,-74.60548144705801,-29.631250547528143,1.0
2016-02-17,IF,q1,IF1603,2016-03-18,3063.32,2987.8,-75.51999999999998,y,0.9145185529419758,-74.60548144705801,-29.631250547528143,1.0
2016-02-17,IF,q1,IF1603,2016-03-18,3063.32,2987.8,-75.51999999999998,d,0.9145185529419758,-74.60548144705801,-29.631250547528143,1.0
2016-02-17,IF,q1,IF1603,2016-03-18,3063.32,2987.8,-75.51999999999998,p,0.9145185529419758,-74.60548144705801,-29.631250547528143,1.0
2016-02-17,IF,q2,IF1606,2016-06-17,3063.32,2835.8,-227.51999999999998,y,11.55602297334856,-215.96397702665143,-21.26652075502368,0.07913782752518862
2016-02-17,IF,q2,IF1606,2016-06-17,3063.32,2835.8,-227.51999999999998,d,8.7960467697474,-218.7239532302526,-21.538302614319647,0.1039692690229111
2016-02-17,IF,q2,IF1606,2016-06-17,3063.32,2835.8,-227.51999999999998,p,8.785891475086219,-218.73410852491375,-21.539302631950637,0.10408944334621449
2016-02-18,IF,current,IF1602,2016-02-19,3053.699,3050.6,-3.09900000000016,y,0.0,-3.09900000000016,,
2016-02-18,IF,current,IF1602,2016-02-19,3053.699,3050.6,-3.09900000000016,d,0.0,-3.09900000000016,,
2016-02-18,IF,current,IF1602,2016-02-19,3053.699,3050.6,-3.09900000000016,p,0.0,-3.09900000000016,,
2016-02-18,IF,next,IF1603,2016-03-18,3053.699,2981.8,-71.89899999999989,y,0.9116463153050802,-70.98735368469481,-29.258336218280263,1.0
2016-02-18,IF,next,IF1603,2016-03-18,3053.699,2981.8,-71.89899999999989,d,0.9116463153050802,-70.98735368469481,-29.258336218280263,1.0
2016-02-18,IF,next,IF1603,2016-03-18,3053.699,2981.8,-71.89899999999989,p,0.9116463153050802,-70.98735368469481,-29.258336218280263,1.0
2016-02-18,IF,q1,IF1603,2016-03-18,3053.699,2981.8,-71.89899999999989,y,0.9116463153050802,-70.98735368469481,-29.258336218280263,1.0
2016-02-18,IF,q1,IF1603,2016-03-18,3053.699,2981.8,-71.89899999999989,d,0.9116463153050802,-70.98735368469481,-29.258336218280263,1.0
2016-02-18,IF,q1,IF1603,2016-03-18,3053.699,2981.8,-71.89899999999989,p,0.9116463153050802,-70.98735368469481,-29.258336218280263,1.0
2016-02-18,IF,q2,IF1606,2016-06-17,3053.699,2821.8,-231.8989999999999,y,11.519728855519999,-220.3792711444799,-21.95109220209522,0.07913782752518862
2016-02-18,IF,q2,IF1606,2016-06-17,3053.699,2821.8,-231.8989999999999,d,8.768420937000009,-223.13057906299989,-22.225138910218657,0.1039692690229111
2016-02-18,IF,q2,IF1606,2016-06-17,3053.699,2821.8,-231.8989999999999,p,8.758297537175126,-223.14070246282475,-22.226147261329903,0.10408944334621449
2016-02-19,IF,current,IF1602,2016-02-19,3051.585,3048.6,-2.9850000000001273,y,0.0,-2.9850000000001273,,
2016-02-19,IF,current,IF1602,2016-02-19,3051.585,3048.6,-2.9850000000001273,d,0.0,-2.9850000000001273,,
2016-02-19,IF,current,IF1602,2016-02-19,3051.585,3048.6,-2.9850000000001273,p,0.0,-2.9850000000001273,,
2016-02-19,IF,next,IF1603,2016-03-18,3051.585,2980.8,-70.78499999999985,y,0.911015205195487,-69.87398479480437,-29.84866231120595,1.0
2016-02-19,IF,next,IF1603,2016-03-18,3051.585,2980.8,-70.78499999999985,d,0.911015205195487,-69.87398479480437,-29.84866231120595,1.0
2016-02-19,IF,next,IF1603,2016-03-18,3051.585,2980.8,-70.78499999999985,p,0.911015205195487,-69.87398479480437,-29.84866231120595,1.0
2016-02-19,IF,q1,IF1603,2016-03-18,3051.585,2980.8,-70.78499999999985,y,0.911015205195487,-69.87398479480437,-29.84866231120595,1.0
2016-02-19,IF,q1,IF1603,2016-03-18,3051.585,2980.8,-70.78499999999985,d,0.911015205195487,-69.87398479480437,-29.84866231120595,1.0
2016-02-19,IF,q1,IF1603,2016-03-18,3051.585,2980.8,-70.78499999999985,p,0.911015205195487,-69.87398479480437,-29.84866231120595,1.0
2016-02-19,IF,q2,IF1606,2016-06-17,3051.585,2825.4,-226.18499999999995,y,11.51175403324689,-214.67324596675306,-21.577362346294365,0.07913782752518862
2016-02-19,IF,q2,IF1606,2016-06-17,3051.585,2825.4,-226.18499999999995,d,8.762350776889004,-217.42264922311094,-21.853711967931446,0.1039692690229111
2016-02-19,IF,q2,IF1606,2016-06-17,3051.585,2825.4,-226.18499999999995,p,8.752234385242474,-217.43276561475747,-21.854728792581444,0.10408944334621449
2016-02-22,IF,current,IF1603,2016-03-18,3118.868,3042.0,-76.86799999999994,y,0.9311017621982144,-75.93689823780173,-35.54747152723056,1.0
2016-02-22,IF,current,IF1603,2016-03-18,3118.868,3042.0,-76.86799999999994,d,0.9311017621982144,-75.93689823780173,-35.54747152723056,1.0
2016-02-22,IF,current,IF1603,2016-03-18,3118.868,3042.0,-76.86799999999994,p,0.9311017621982144,-75.93689823780173,-35.54747152723056,1.0
2016-02-22,IF,next,IF1604,2016-04-15,3118.868,2984.0,-134.86799999999994,y,0.9599437057823849,-133.90805629421754,-29.568323874565312,0.9699545469068278
2016-02-22,IF,next,IF1604,2016-04-15,3118.868,2984.0,-134.86799999999994,d,0.960434512038825,-133.9075654879611,-29.568215499320743,0.9694588756724885
2016-02-22,IF,next,IF1604,2016-04-15,3118.868,2984.0,-134.86799999999994,p,0.9563004306125835,-133.91169956938737,-29.56912834849441,0.9736498409833116
2016-02-22,IF,q1,IF1606,2016-06-17,3118.868,2870.0,-248.86799999999994,y,11.765571425395215,-237.10242857460472,-23.920699927945428,0.07913782752518862
2016-02-22,IF,q1,IF1606,2016-06-17,3118.868,2870.0,-248.86799999999994,d,8.955547835899788,-239.91245216410016,-24.204196522555883,0.1039692690229111
2016-02-22,IF,q1,IF1606,2016-06-17,3118.868,2870.0,-248.86799999999994,p,8.94520839256728,-239.92279160743266,-24.205239644395103,0.10408944334621449
2016-02-22,IF,q2,IF1609,2016-09-16,3118.868,2728.2,-390.6680000000001,y,53.840422992579114,-336.827577007421,-19.04290345918654,0.01729373044350987
2016-02-22,IF,q2,IF1609,2016-09-16,3118.868,2728.2,-390.6680000000001,d,41.45407142269881,-349.2139285773013,-19.74317895103434,0.02246104496477457
2016-02-22,IF,q2,IF1609,2016-09-16,3118.868,2728.2,-390.6680000000001,p,41.43995800654012,-349.22804199346,-19.743976867950106,0.022468694636497134
2016-02-23,IF,current,IF1603,2016-03-18,3089.363,3022.4,-66.96299999999974,y,0.9222933876553807,-66.04070661234435,-32.51055572716459,1.0
2016-02-23,IF,current,IF1603,2016-03-18,3089.363,3022.4,-66.96299999999974,d,0.9222933876553807,-66.04070661234435,-32.51055572716459,1.0
2016-02-23,IF,current,IF1603,2016-03-18,3089.363,3022.4,-66.96299999999974,p,0.9222933876553807,-66.04070661234435,-32.51055572716459,1.0
2016-02-23,IF,next,IF1604,2016-04-15,3089.363,2956.2,-133.163,y,0.9508624817488223,-132.21213751825118,-30.03944514561347,0.9699545469068278
2016-02-23,IF,next,IF1604,2016-04-15,3089.363,2956.2,-133.163,d,0.9513486448980207,-132.211651355102,-30.039334686229584,0.9694588756724885
2016-02-23,IF,next,IF1604,2016-04-15,3089.363,2956.2,-133.163,p,0.9472536725563835,-132.21574632744364,-30.04026509019505,0.9736498409833116
2016-02-23,IF,q1,IF1606,2016-06-17,3089.363,2846.0,-243.36299999999983,y,11.654267200623188,-231.70873279937663,-23.805016416645135,0.07913782752518862
2016-02-23,IF,q1,IF1606,2016-06-17,3089.363,2846.0,-243.36299999999983,d,8.870826892628632,-234.4921731073712,-24.09097819903481,0.1039692690229111
2016-02-23,IF,q1,IF1606,2016-06-17,3089.363,2846.0,-243.36299999999983,p,8.86058526211652,-234.5024147378833,-24.09203039149872,0.10408944334621449
2016-02-23,IF,q2,IF1609,2016-09-16,3089.363,2707.0,-382.36299999999983,y,53.331083809133055,-329.03191619086675,-18.870991972657293,0.01729373044350987
2016-02-23,IF,q2,IF1609,2016-09-16,3089.363,2707.0,-382.36299999999983,d,41.06190914544734,-341.3010908545525,-19.57466686009659,0.02246104496477457
2016-02-23,IF,q2,IF1609,2016-09-16,3089.363,2707.0,-382.36299999999983,p,41.04792924450756,-341.3150707554923,-19.575468650395436,0.022468694636497134
2016-02-24,IF,current,IF1603,2016-03-18,3109.545,3039.8,-69.74499999999989,y,0.9283184889949323,-68.81668151100496,-35.120598521112875,1.0
2016-02-24,IF,current,IF1603,2016-03-18,3109.545,3039.8,-69.74499999999989,d,0.9283184889949323,-68.81668151100496,-35.120598521112875,1.0
2016-02-24,IF,current,IF1603,2016-03-18,3109.545,3039.8,-69.74499999999989,p,0.9283184889949323,-68.81668151100496,-35.120598521112875,1.0
2016-02-24,IF,next,IF1604,2016-04-15,3109.545,2980.0,-129.54500000000007,y,0.9570742175036218,-128.58792578249646,-29.595523959363202,0.9699545469068278
2016-02-24,IF,next,IF1604,2016-04-15,3109.545,2980.0,-129.54500000000007,d,0.9575635566294464,-128.58743644337062,-29.595411334109045,0.9694588756724885
2016-02-24,IF,next,IF1604,2016-04-15,3109.545,2980.0,-129.54500000000007,p,0.9534418329051457,-128.59155816709492,-29.596359981289517,0.9736498409833116
2016-02-24,IF,q1,IF1606,2016-06-17,3109.545,2859.6,-249.94500000000016,y,11.730401478350661,-238.2145985216495,-24.527853290997943,0.07913782752518862
2016-02-24,IF,q1,IF1606,2016-06-17,3109.545,2859.6,-249.94500000000016,d,8.92877768324373,-241.01622231675643,-24.816323510075243,0.1039692690229111
2016-02-24,IF,q1,IF1606,2016-06-17,3109.545,2859.6,-249.94500000000016,p,8.918469146839694,-241.02653085316047,-24.81738493229761,0.10408944334621449
2016-02-24,IF,q2,IF1609,2016-09-16,3109.545,2698.8,-410.7449999999999,y,53.67948182303946,-357.06551817696044,-20.445139100946903,0.01729373044350987
2016-02-24,IF,q2,IF1609,2016-09-16,3109.545,2698.8,-410.7449999999999,d,41.330155852089916,-369.41484414791,-21.152246548812727,0.02246104496477457
2016-02-24,IF,q2,IF1609,2016-09-16,3109.545,2698.8,-410.7449999999999,p,41.3160846241158,-369.4289153758841,-21.153052250283764,0.022468694636497134
2016-02-25,IF,current,IF1603,2016-03-18,2918.75,2847.0,-71.75,y,0.8713588611047464,-70.87864113889525,-40.28920228257234,1.0
2016-02-25,IF,current,IF1603,2016-03-18,2918.75,2847.0,-71.75,d,0.8713588611047464,-70.87864113889525,-40.28920228257234,1.0
2016-02-25,IF,current,IF1603,2016-03-18,2918.75,2847.0,-71.75,p,0.8713588611047464,-70.87864113889525,-40.28920228257234,1.0
2016-02-25,IF,next,IF1604,2016-04-15,2918.75,2796.0,-122.75,y,0.8983501998969933,-121.851649800103,-30.475958665207774,0.9699545469068278
2016-02-25,IF,next,IF1604,2016-04-15,2918.75,2796.0,-122.75,d,0.8988095142254563,-121.85119048577454,-30.475843787448536,0.9694588756724885
2016-02-25,IF,next,IF1604,2016-04-15,2918.75,2796.0,-122.75,p,0.8949406906129013,-121.8550593093871,-30.47681140757262,0.9736498409833116
2016-02-25,IF,q1,IF1606,2016-06-17,2918.75,2678.0,-240.75,y,11.010649247698938,-229.73935075230105,-25.424528782729872,0.07913782752518862
2016-02-25,IF,q1,IF1606,2016-06-17,2918.75,2678.0,-240.75,d,8.380927069062398,-232.3690729309376,-25.715551835604316,0.1039692690229111
2016-02-25,IF,q1,IF1606,2016-06-17,2918.75,2678.0,-240.75,p,8.371251042303088,-232.3787489576969,-25.716622650943698,0.10408944334621449
2016-02-25,IF,q2,IF1609,2016-09-16,2918.75,2545.6,-373.1500000000001,y,50.38582415465813,-322.764175845342,-19.78568655725739,0.01729373044350987
2016-02-25,IF,q2,IF1609,2016-09-16,2918.75,2545.6,-373.1500000000001,d,38.79422629139872,-334.35577370860136,-20.49626021810295,0.02246104496477457
2016-02-25,IF,q2,IF1609,2016-09-16,2918.75,2545.6,-373.1500000000001,p,38.78101844373951,-334.36898155626056,-20.497069869091003,0.022468694636497134
2016-02-26,IF,current,IF1603,2016-03-18,2948.031,2880.0,-68.03099999999995,y,0.0,-68.03099999999995,-40.10960439115364,
2016-02-26,IF,current,IF1603,2016-03-18,2948.031,2880.0,-68.03099999999995,d,0.0,-68.03099999999995,-40.10960439115364,
2016-02-26,IF,current,IF1603,2016-03-18,2948.031,2880.0,-68.03099999999995,p,0.0,-68.03099999999995,-40.10960439115364,
2016-02-26,IF,next,IF1604,2016-04-15,2948.031,2822.6,-125.43100000000004,y,0.027262116827767614,-125.40373788317227,-31.686569246788565,0.0
2016-02-26,IF,next,IF1604,2016-04-15,2948.031,2822.6,-125.43100000000004,d,0.027726039013310316,-125.40327396098672,-31.68645202458526,0.0
2016-02-26,IF,next,IF1604,2016-04-15,2948.031,2822.6,-125.43100000000004,p,0.023818403229723475,-125.40718159677031,-31.687439392058813,0.0
2016-02-26,IF,q1,IF1606,2016-06-17,2948.031,2711.0,-237.03099999999995,y,10.241008095137184,-226.78999190486277,-25.070712768380375,0.0
2016-02-26,IF,q1,IF1606,2016-06-17,2948.031,2711.0,-237.03099999999995,d,7.584904453507016,-229.44609554649293,-25.364334241369775,0.0
2016-02-26,IF,q1,IF1606,2016-06-17,2948.031,2711.0,-237.03099999999995,p,7.575131356515744,-229.4558686434842,-25.365414617560393,0.0
2016-02-26,IF,q2,IF1609,2016-09-16,2948.031,2565.2,-382.83100000000013,y,50.01119610580539,-332.81980389419476,-20.29896715605436,0.0
2016-02-26,IF,q2,IF1609,2016-09-16,2948.031,2565.2,-382.83100000000013,d,38.303310935639225,-344.5276890643609,-21.01304117976123,0.0
2016-02-26,IF,q2,IF1609,2016-09-16,2948.031,2565.2,-382.83100000000013,p,38.28997058639978,-344.54102941360037,-21.013854819177794,0.0
2016-02-29,IF,current,IF1603,2016-03-18,2877.467,2789.0,-88.4670000000001,y,0.0,-88.4670000000001,-62.3435183328486,
2016-02-29,IF,current,IF1603,2016-03-18,2877.467,2789.0,-88.4670000000001,d,0.0,-88.4670000000001,-62.3435183328486,
2016-02-29,IF,current,IF1603,2016-03-18,2877.467,2789.0,-88.4670000000001,p,0.0,-88.4670000000001,-62.3435183328486,
2016-02-29,IF,next,IF1604,2016-04-15,2877.467,2730.0,-147.4670000000001,y,0.025500839303236884,-147.44149916069685,-40.657850927232595,0.0
2016-02-29,IF,next,IF1604,2016-04-15,2877.467,2730.0,-147.4670000000001,d,0.025934789651900974,-147.4410652103482,-40.65773126290006,0.0
2016-02-29,IF,next,IF1604,2016-04-15,2877.467,2730.0,-147.4670000000001,p,0.022279607891718275,-147.4447203921084,-40.65873920052931,0.0
2016-02-29,IF,q1,IF1606,2016-06-17,2877.467,2631.0,-246.4670000000001,y,10.257001636924294,-236.2099983630758,-27.488705687520625,0.028323406488586046
2016-02-29,IF,q1,IF1606,2016-06-17,2877.467,2631.0,-246.4670000000001,d,7.676141555413925,-238.79085844458618,-27.789050735117893,0.037846257083651934
2016-02-29,IF,q1,IF1606,2016-06-17,2877.467,2631.0,-246.4670000000001,p,7.6408270488957415,-238.82617295110435,-27.793160425998494,0.0380211755687736
2016-02-29,IF,q2,IF1609,2016-09-16,2877.467,2500.0,-377.4670000000001,y,49.604572721011664,-327.86242727898843,-20.794293376228254,0.005856581576674739
2016-02-29,IF,q2,IF1609,2016-09-16,2877.467,2500.0,-377.4670000000001,d,38.055248248036555,-339.41175175196355,-21.526795857166512,0.007633985851916974
2016-02-29,IF,q2,IF1609,2016-09-16,2877.467,2500.0,-377.4670000000001,p,38.043954148908085,-339.423045851092,-21.52751217227662,0.00763625215138257
2016-03-01,IF,current,IF1603,2016-03-18,2930.694,2864.2,-66.49400000000014,y,0.0,-66.49400000000014,-48.714239498141055,
2016-03-01,IF,current,IF1603,2016-03-18,2930.694,2864.2,-66.49400000000014,d,0.0,-66.49400000000014,-48.714239498141055,
2016-03-01,IF,current,IF1603,2016-03-18,2930.694,2864.2,-66.49400000000014,p,0.0,-66.49400000000014,-48.714239498141055,
2016-03-01,IF,next,IF1604,2016-04-15,2930.694,2800.2,-130.49400000000014,y,0.02597255042054714,-130.4680274495796,-36.10887616008477,0.0
2016-03-01,IF,next,IF1604,2016-04-15,2930.694,2800.2,-130.49400000000014,d,0.02641452792476448,-130.46758547207537,-36.10875383654483,0.0
2016-03-01,IF,next,IF1604,2016-04-15,2930.694,2800.2,-130.49400000000014,p,0.02269173310088748,-130.47130826689926,-36.109784172788075,0.0
2016-03-01,IF,q1,IF1606,2016-06-17,2930.694,2698.4,-232.29399999999987,y,10.438597651091994,-221.8554023489079,-25.58401154374261,0.05205296960961943
2016-03-01,IF,q1,IF1606,2016-06-17,2930.694,2698.4,-232.29399999999987,d,7.790134892906168,-224.5038651070937,-25.88942804954415,0.06974975578332147
2016-03-01,IF,q1,IF1606,2016-06-17,2930.694,2698.4,-232.29399999999987,p,7.535668439419062,-224.7583315605808,-25.91877271554994,0.0721050840635479
2016-03-01,IF,q2,IF1609,2016-09-16,2930.694,2551.8,-378.8939999999998,y,50.514014846392,-328.3799851536078,-20.551616712451327,0.010756618889859359
2016-03-01,IF,q2,IF1609,2016-09-16,2930.694,2551.8,-378.8939999999998,d,38.731190241040125,-340.16280975895967,-21.289043187959443,0.01402900357354844
2016-03-01,IF,q2,IF1609,2016-09-16,2930.694,2551.8,-378.8939999999998,p,38.50118852122837,-340.3928114787714,-21.30343781431453,0.014112811244768311
2016-03-02,IF,current,IF1603,2016-03-18,3051.333,3009.0,-42.333000000000084,y,0.0,-42.333000000000084,-31.64916980545886,
2016-03-02,IF,current,IF1603,2016-03-18,3051.333,3009.0,-42.333000000000084,d,0.0,-42.333000000000084,-31.64916980545886,
2016-03-02,IF,current,IF1603,2016-03-18,3051.333,3009.0,-42.333000000000084,p,0.0,-42.333000000000084,-31.64916980545886,
2016-03-02,IF,next,IF1604,2016-04-15,3051.333,2949.0,-102.33300000000008,y,0.02704168370781097,-102.30595831629228,-27.8132352955895,0.0
2016-03-02,IF,next,IF1604,2016-04-15,3051.333,2949.0,-102.33300000000008,d,0.027501854760768395,-102.30549814523931,-27.813110191969116,0.0
2016-03-02,IF,next,IF1604,2016-04-15,3051.333,2949.0,-102.33300000000008,p,0.023625814922312017,-102.30937418507777,-27.814163944945154,0.0
2016-03-02,IF,q1,IF1606,2016-06-17,3051.333,2841.2,-210.13300000000027,y,10.868291772016965,-199.2647082279833,-22.27664933216024,0.05205296960961943
2016-03-02,IF,q1,IF1606,2016-06-17,3051.333,2841.2,-210.13300000000027,d,8.110807772212334,-202.02219222778794,-22.58492019782909,0.06974975578332147
2016-03-02,IF,q1,IF1606,2016-06-17,3051.333,2841.2,-210.13300000000027,p,7.8458664692587785,-202.2871335307415,-22.614539113049887,0.0721050840635479
2016-03-02,IF,q2,IF1609,2016-09-16,3051.333,2675.2,-376.13300000000027,y,52.59337223991514,-323.5396277600851,-19.546344541054825,0.010756618889859359
2016-03-02,IF,q2,IF1609,2016-09-16,3051.333,2675.2,-376.13300000000027,d,40.325519795571864,-335.80748020442843,-20.287495392701874,0.01402900357354844
2016-03-02,IF,q2,IF1609,2016-09-16,3051.333,2675.2,-376.13300000000027,p,40.0860502918576,-336.0469497081427,-20.301962719190065,0.014112811244768311
2016-03-03,IF,current,IF1603,2016-03-18,3058.422,3008.6,-49.822000000000116,y,0.0,-49.822000000000116,-39.63924315654727,
2016-03-03,IF,current,IF1603,2016-03-18,3058.422,3008.6,-49.822000000000116,d,0.0,-49.822000000000116,-39.63924315654727,
2016-03-03,IF,current,IF1603,2016-03-18,3058.422,3008.6,-49.822000000000116,p,0.0,-49.822000000000116,-39.63924315654727,
2016-03-03,IF,next,IF1604,2016-04-15,3058.422,2950.8,-107.62199999999984,y,0.02710450821624865,-107.59489549178359,-29.861984652353712,0.0
2016-03-03,IF,next,IF1604,2016-04-15,3058.422,2950.8,-107.62199999999984,d,0.027565748360188415,-107.59443425163965,-29.86185663934681,0.0
2016-03-03,IF,next,IF1604,2016-04-15,3058.422,2950.8,-107.62199999999984,p,0.02368070352410811,-107.59831929647574,-29.86293489820601,0.0
2016-03-03,IF,q1,IF1606,2016-06-17,3058.422,2836.0,-222.42200000000003,y,10.893541497422822,-211.5284585025772,-23.815428210599332,0.05205296960961943
2016-03-03,IF,q1,IF1606,2016-06-17,3058.422,2836.0,-222.42200000000003,d,8.129651181403403,-214.29234881859662,-24.126607291982033,0.06974975578332147
2016-03-03,IF,q1,IF1606,2016-06-17,3058.422,2836.0,-222.42200000000003,p,7.864094354383272,-214.55790564561676,-24.156505630931335,0.0721050840635479
2016-03-03,IF,q2,IF1609,2016-09-16,3058.422,2692.6,-365.8220000000001,y,52.71555963008486,-313.1064403699153,-18.96798642309364,0.010756618889859359
2016-03-03,IF,q2,IF1609,2016-09-16,3058.422,2692.6,-365.8220000000001,d,40.41920593531171,-325.4027940646884,-19.712899461804884,0.01402900357354844
2016-03-03,IF,q2,IF1609,2016-09-16,3058.422,2692.6,-365.8220000000001,p,40.179180084810056,-325.64281991519005,-19.7274402264986,0.014112811244768311
2016-03-04,IF,current,IF1603,2016-03-18,3093.89,3052.4,-41.48999999999978,y,0.0,-41.48999999999978,-34.962573699406434,
2016-03-04,IF,current,IF1603,2016-03-18,3093.89,3052.4,-41.48999999999978,d,0.0,-41.48999999999978,-34.962573699406434,
2016-03-04,IF,current,IF1603,2016-03-18,3093.89,3052.4,-41.48999999999978,p,0.0,-41.48999999999978,-34.962573699406434,
2016-03-04,IF,next,IF1604,2016-04-15,3093.89,2972.0,-121.88999999999987,y,0.02741883459024606,-121.86258116540962,-34.23017172969836,0.0
2016-03-04,IF,next,IF1604,2016-04-15,3093.89,2972.0,-121.88999999999987,d,0.027885423657723927,-121.86211457634215,-34.230040668762726,0.0
2016-03-04,IF,next,IF1604,2016-04-15,3093.89,2972.0,-121.88999999999987,p,0.023955324617140093,-121.86604467538274,-34.2311446004519,0.0
2016-03-04,IF,q1,IF1606,2016-06-17,3093.89,2864.2,-229.69000000000005,y,11.01987204625833,-218.6701279537417,-24.56903820821522,0.05205296960961943
2016-03-04,IF,q1,IF1606,2016-06-17,3093.89,2864.2,-229.69000000000005,d,8.22392936410743,-221.46607063589263,-24.88318089989681,0.06974975578332147
2016-03-04,IF,q1,IF1606,2016-06-17,3093.89,2864.2,-229.69000000000005,p,7.955292919709203,-221.73470708029086,-24.913363984931337,0.0721050840635479
2016-03-04,IF,q2,IF1609,2016-09-16,3093.89,2705.0,-388.8899999999999,y,53.32689301343086,-335.563106986569,-20.197895979788218,0.010756618889859359
2016-03-04,IF,q2,IF1609,2016-09-16,3093.89,2705.0,-388.8899999999999,d,40.887940595248644,-348.0020594047512,-20.946609595227585,0.01402900357354844
2016-03-04,IF,q2,IF1609,2016-09-16,3093.89,2705.0,-388.8899999999999,p,40.64513120576329,-348.2448687942366,-20.961224547496276,0.014112811244768311
2016-03-07,IF,current,IF1603,2016-03-18,3104.84,3083.8,-21.039999999999964,y,0.0,-21.039999999999964,-22.485714386102128,
2016-03-07,IF,current,IF1603,2016-03-18,3104.84,3083.8,-21.039999999999964,d,0.0,-21.039999999999964,-22.485714386102128,
2016-03-07,IF,current,IF1603,2016-03-18,3104.84,3083.8,-21.039999999999964,p,0.0,-21.039999999999964,-22.485714386102128,
2016-03-07,IF,next,IF1604,2016-04-15,3104.84,3023.2,-81.64000000000033,y,0.0275158762558396,-81.6124841237445,-24.60059604637684,0.0
2016-03-07,IF,next,IF1604,2016-04-15,3104.84,3023.2,-81.64000000000033,d,0.027984116691106526,-81.61201588330923,-24.600454903830766,0.0
2016-03-07,IF,next,IF1604,2016-04-15,3104.84,3023.2,-81.64000000000033,p,0.024040108111239005,-81.61595989188909,-24.601643753342188,0.0
2016-03-07,IF,q1,IF1606,2016-06-17,3104.84,2918.0,-186.84000000000015,y,11.058873949657135,-175.781126050343,-20.259359456865443,0.05205296960961943
2016-03-07,IF,q1,IF1606,2016-06-17,3104.84,2918.0,-186.84000000000015,d,8.253035772718267,-178.58696422728187,-20.58274163947884,0.06974975578332147
2016-03-07,IF,q1,IF1606,2016-06-17,3104.84,2918.0,-186.84000000000015,p,7.983448561141451,-178.8565514388587,-20.613812462308506,0.0721050840635479
2016-03-07,IF,q2,IF1609,2016-09-16,3104.84,2769.8,-335.03999999999996,y,53.51562935457327,-281.5243706454267,-17.14795467347232,0.010756618889859359
2016-03-07,IF,q2,IF1609,2016-09-16,3104.84,2769.8,-335.03999999999996,d,41.03265257580321,-294.0073474241967,-17.90830632438483,0.01402900357354844
2016-03-07,IF,q2,IF1609,2016-09-16,3104.84,2769.8,-335.03999999999996,p,40.78898382712446,-294.2510161728755,-17.923148452077385,0.014112811244768311
2016-03-08,IF,current,IF1603,2016-03-18,3107.673,3075.4,-32.27299999999968,y,0.0,-32.27299999999968,-37.90503376642229,
2016-03-08,IF,current,IF1603,2016-03-18,3107.673,3075.4,-32.27299999999968,d,0.0,-32.27299999999968,-37.90503376642229,
2016-03-08,IF,current,IF1603,2016-03-18,3107.673,3075.4,-32.27299999999968,p,0.0,-32.27299999999968,-37.90503376642229,
2016-03-08,IF,next,IF1604,2016-04-15,3107.673,3015.6,-92.07299999999987,y,0.027540983017358,-92.0454590169825,-28.449610250091695,0.0
2016-03-08,IF,next,IF1604,2016-04-15,3107.673,3015.6,-92.07299999999987,d,0.028009650696912268,-92.04499034930295,-28.449465393268092,0.0
2016-03-08,IF,next,IF1604,2016-04-15,3107.673,3015.6,-92.07299999999987,p,0.02406204342071683,-92.04893795657915,-28.45068552829298,0.0
2016-03-08,IF,q1,IF1606,2016-06-17,3107.673,2903.0,-204.67299999999977,y,10.987259127284217,-193.68574087271557,-22.52339354834168,0.05864675462919577
2016-03-08,IF,q1,IF1606,2016-06-17,3107.673,2903.0,-204.67299999999977,d,8.22952240881131,-196.44347759118847,-22.84408617720018,0.07829945142324522
2016-03-08,IF,q1,IF1606,2016-06-17,3107.673,2903.0,-204.67299999999977,p,7.971094226924763,-196.701905773075,-22.87413836182867,0.08083797176913125
2016-03-08,IF,q2,IF1609,2016-09-16,3107.673,2759.6,-348.07299999999987,y,53.48275404472342,-294.59024595527643,-18.02082561950894,0.012048128440551054
2016-03-08,IF,q2,IF1609,2016-09-16,3107.673,2759.6,-348.07299999999987,d,41.03904885439093,-307.03395114560897,-18.78203833572903,0.015701316382148212
2016-03-08,IF,q2,IF1609,2016-09-16,3107.673,2759.6,-348.07299999999987,p,40.80656278460993,-307.26643721538994,-18.796260092830668,0.015790771045491002
2016-03-09,IF,current,IF1603,2016-03-18,3071.907,3016.6,-55.307000000000244,y,0.0,-55.307000000000244,-73.01673231354728,
2016-03-09,IF,current,IF1603,2016-03-18,3071.907,3016.6,-55.307000000000244,d,0.0,-55.307000000000244,-73.01673231354728,
2016-03-09,IF,current,IF1603,2016-03-18,3071.907,3016.6,-55.307000000000244,p,0.0,-55.307000000000244,-73.01673231354728,
2016-03-09,IF,next,IF1604,2016-04-15,3071.907,2961.8,-110.10699999999997,y,0.027224015692096037,-110.07977598430787,-35.350097331715894,0.0
2016-03-09,IF,next,IF1604,2016-04-15,3071.907,2961.8,-110.10699999999997,d,0.02768728950677876,-110.0793127104932,-35.34994855984301,0.0
2016-03-09,IF,next,IF1604,2016-04-15,3071.907,2961.8,-110.10699999999997,p,0.023785114977799785,-110.08321488502217,-35.35120167149019,0.0
2016-03-09,IF,q1,IF1606,2016-06-17,3071.907,2855.0,-216.90700000000015,y,10.86080749934703,-206.04619250065312,-24.482140983675087,0.05864675462919577
2016-03-09,IF,q1,IF1606,2016-06-17,3071.907,2855.0,-216.90700000000015,d,8.134809387694371,-208.7721906123058,-24.806040538822177,0.07829945142324522
2016-03-09,IF,q1,IF1606,2016-06-17,3071.907,2855.0,-216.90700000000015,p,7.879355438409952,-209.0276445615902,-24.83639324529695,0.08083797176913125
2016-03-09,IF,q2,IF1609,2016-09-16,3071.907,2710.2,-361.70700000000033,y,52.867224617668654,-308.8397753823317,-19.21253455242822,0.012048128440551054
2016-03-09,IF,q2,IF1609,2016-09-16,3071.907,2710.2,-361.70700000000033,d,40.56673319527038,-321.14026680472995,-19.97773267553951,0.015701316382148212
2016-03-09,IF,q2,IF1609,2016-09-16,3071.907,2710.2,-361.70700000000033,p,40.33692279206427,-321.37007720793605,-19.992028892102415,0.015790771045491002
2016-03-10,IF,current,IF1603,2016-03-18,3013.146,2983.0,-30.146000000000186,y,0.0,-30.146000000000186,-45.64701644062413,
2016-03-10,IF,current,IF1603,2016-03-18,3013.146,2983.0,-30.146000000000186,d,0.0,-30.146000000000186,-45.64701644062413,
2016-03-10,IF,current,IF1603,2016-03-18,3013.146,2983.0,-30.146000000000186,p,0.0,-30.146000000000186,-45.64701644062413,
2016-03-10,IF,next,IF1604,2016-04-15,3013.146,2926.2,-86.94600000000037,y,0.053224210944,-86.89277578905637,-29.23841722148137,1.0
2016-03-10,IF,next,IF1604,2016-04-15,3013.146,2926.2,-86.94600000000037,d,0.053224210944,-86.89277578905637,-29.23841722148137,1.0
2016-03-10,IF,next,IF1604,2016-04-15,3013.146,2926.2,-86.94600000000037,p,0.053224210944,-86.89277578905637,-29.23841722148137,1.0
2016-03-10,IF,q1,IF1606,2016-06-17,3013.146,2829.2,-183.94600000000037,y,10.679577397886485,-173.2664226021139,-21.200783101034286,0.06348485274557339
2016-03-10,IF,q1,IF1606,2016-06-17,3013.146,2829.2,-183.94600000000037,d,8.005269152950888,-175.94073084704948,-21.528009970468688,0.08469314217122323
2016-03-10,IF,q1,IF1606,2016-06-17,3013.146,2829.2,-183.94600000000037,p,7.758529188525775,-176.18747081147458,-21.55820093528214,0.08738658861946033
2016-03-10,IF,q2,IF1609,2016-09-16,3013.146,2690.8,-322.346,y,51.85327065167782,-270.4927293483222,-17.245456062785085,0.013424116135833967
2016-03-10,IF,q2,IF1609,2016-09-16,3013.146,2690.8,-322.346,d,39.793181176332915,-282.5528188236671,-18.014355632327646,0.017492552911677034
2016-03-10,IF,q2,IF1609,2016-09-16,3013.146,2690.8,-322.346,p,39.57360775102722,-282.7723922489728,-18.028354691998448,0.017589610015601515
2016-03-11,IF,current,IF1603,2016-03-18,3018.284,2986.6,-31.684000000000196,y,0.0,-31.684000000000196,-54.73621056581474,
2016-03-11,IF,current,IF1603,2016-03-18,3018.284,2986.6,-31.684000000000196,d,0.0,-31.684000000000196,-54.73621056581474,
2016-03-11,IF,current,IF1603,2016-03-18,3018.284,2986.6,-31.684000000000196,p,0.0,-31.684000000000196,-54.73621056581474,
2016-03-11,IF,next,IF1604,2016-04-15,3018.284,2931.0,-87.2840000000001,y,0.053314968576,-87.2306850314241,-30.139358311326,1.0
2016-03-11,IF,next,IF1604,2016-04-15,3018.284,2931.0,-87.2840000000001,d,0.053314968576,-87.2306850314241,-30.139358311326,1.0
2016-03-11,IF,next,IF1604,2016-04-15,3018.284,2931.0,-87.2840000000001,p,0.053314968576,-87.2306850314241,-30.139358311326,1.0
2016-03-11,IF,q1,IF1606,2016-06-17,3018.284,2824.6,-193.6840000000002,y,10.697788154574127,-182.98621184542606,-22.58005803337413,0.06348485274557339
2016-03-11,IF,q1,IF1606,2016-06-17,3018.284,2824.6,-193.6840000000002,d,8.018919693916331,-185.66508030608387,-22.910623952496636,0.08469314217122323
2016-03-11,IF,q1,IF1606,2016-06-17,3018.284,2824.6,-193.6840000000002,p,7.771758989859877,-185.91224101014032,-22.941122988379618,0.08738658861946033
2016-03-11,IF,q2,IF1609,2016-09-16,3018.284,2682.8,-335.4839999999999,y,51.94169056382555,-283.5423094361744,-18.14215324666235,0.013424116135833967
2016-03-11,IF,q2,IF1609,2016-09-16,3018.284,2682.8,-335.4839999999999,d,39.861036290185346,-295.6229637098146,-18.915121067895612,0.017492552911677034
2016-03-11,IF,q2,IF1609,2016-09-16,3018.284,2682.8,-335.4839999999999,p,39.641088449481515,-295.8429115505184,-18.929194196665197,0.017589610015601515
2016-03-14,IF,current,IF1603,2016-03-18,3065.69,3042.0,-23.690000000000055,y,0.0,-23.690000000000055,-70.51308188368704,
2016-03-14,IF,current,IF1603,2016-03-18,3065.69,3042.0,-23.690000000000055,d,0.0,-23.690000000000055,-70.51308188368704,
2016-03-14,IF,current,IF1603,2016-03-18,3065.69,3042.0,-23.690000000000055,p,0.0,-23.690000000000055,-70.51308188368704,
2016-03-14,IF,next,IF1604,2016-04-15,3065.69,2993.6,-72.09000000000015,y,0.054152348159999995,-72.03584765184014,-26.801760363207027,1.0
2016-03-14,IF,next,IF1604,2016-04-15,3065.69,2993.6,-72.09000000000015,d,0.054152348159999995,-72.03584765184014,-26.801760363207027,1.0
2016-03-14,IF,next,IF1604,2016-04-15,3065.69,2993.6,-72.09000000000015,p,0.054152348159999995,-72.03584765184014,-26.801760363207027,1.0
2016-03-14,IF,q1,IF1606,2016-06-17,3065.69,2888.0,-177.69000000000005,y,10.979816310408996,-166.71018368959105,-20.893112942789298,0.07855265869008714
2016-03-14,IF,q1,IF1606,2016-06-17,3065.69,2888.0,-177.69000000000005,d,8.270966237401419,-169.41903376259864,-21.232602164550407,0.10427968611589797
2016-03-14,IF,q1,IF1606,2016-06-17,3065.69,2888.0,-177.69000000000005,p,8.019597930987777,-169.67040206901228,-21.264105137553642,0.10754825497905927
2016-03-14,IF,q2,IF1609,2016-09-16,3065.69,2750.0,-315.69000000000005,y,52.68690744376025,-263.00309255623984,-16.834977419882275,0.07806450848506122
2016-03-14,IF,q2,IF1609,2016-09-16,3065.69,2750.0,-315.69000000000005,d,41.46053962726692,-274.2294603727331,-17.553583603790713,0.09920221902973299
2016-03-14,IF,q2,IF1609,2016-09-16,3065.69,2750.0,-315.69000000000005,p,41.18543401925423,-274.50456598074584,-17.571193270102857,0.09986485832035266
2016-03-15,IF,current,IF1603,2016-03-18,3074.78,3046.6,-28.18000000000029,y,0.0,-28.18000000000029,-111.50608065184183,
2016-03-15,IF,current,IF1603,2016-03-18,3074.78,3046.6,-28.18000000000029,d,0.0,-28.18000000000029,-111.50608065184183,
2016-03-15,IF,current,IF1603,2016-03-18,3074.78,3046.6,-28.18000000000029,p,0.0,-28.18000000000029,-111.50608065184183,
2016-03-15,IF,next,IF1604,2016-04-15,3074.78,2981.4,-93.38000000000011,y,0.05431291392,-93.32568708608011,-35.73701867410733,1.0
2016-03-15,IF,next,IF1604,2016-04-15,3074.78,2981.4,-93.38000000000011,d,0.05431291392,-93.32568708608011,-35.73701867410733,1.0
2016-03-15,IF,next,IF1604,2016-04-15,3074.78,2981.4,-93.38000000000011,p,0.05431291392,-93.32568708608011,-35.73701867410733,1.0
2016-03-15,IF,q1,IF1606,2016-06-17,3074.78,2881.0,-193.7800000000002,y,11.016212084341165,-182.76378791565904,-23.080282162797722,0.08152328157204006
2016-03-15,IF,q1,IF1606,2016-06-17,3074.78,2881.0,-193.7800000000002,d,8.305924843889182,-185.474075156111,-23.422550152344584,0.10812495615943202
2016-03-15,IF,q1,IF1606,2016-06-17,3074.78,2881.0,-193.7800000000002,p,8.047061832342553,-185.73293816765764,-23.45524060714499,0.11160318863209463
2016-03-15,IF,q2,IF1609,2016-09-16,3074.78,2735.0,-339.7800000000002,y,52.84696786036736,-286.9330321396328,-18.41143488199744,0.07868378500012596
2016-03-15,IF,q2,IF1609,2016-09-16,3074.78,2735.0,-339.7800000000002,d,41.593907799664436,-298.1860922003358,-19.13350226122485,0.09997135823499755
2016-03-15,IF,q2,IF1609,2016-09-16,3074.78,2735.0,-339.7800000000002,p,41.31123710364525,-298.468762896355,-19.151640197711277,0.10065540875963741
2016-03-16,IF,current,IF1603,2016-03-18,3090.033,3062.0,-28.0329999999999,y,0.0,-28.0329999999999,-165.56530302427134,
2016-03-16,IF,current,IF1603,2016-03-18,3090.033,3062.0,-28.0329999999999,d,0.0,-28.0329999999999,-165.56530302427134,
2016-03-16,IF,current,IF1603,2016-03-18,3090.033,3062.0,-28.0329999999999,p,0.0,-28.0329999999999,-165.56530302427134,
2016-03-16,IF,next,IF1604,2016-04-15,3090.033,2987.2,-102.83300000000008,y,0.054582342911999995,-102.77841765708808,-40.467876820773064,1.0
2016-03-16,IF,next,IF1604,2016-04-15,3090.033,2987.2,-102.83300000000008,d,0.054582342911999995,-102.77841765708808,-40.467876820773064,1.0
2016-03-16,IF,next,IF1604,2016-04-15,3090.033,2987.2,-102.83300000000008,p,0.054582342911999995,-102.77841765708808,-40.467876820773064,1.0
2016-03-16,IF,q1,IF1606,2016-06-17,3090.033,2886.0,-204.0329999999999,y,11.070859988556249,-192.96214001144367,-24.508622658783988,0.08152328157204006
2016-03-16,IF,q1,IF1606,2016-06-17,3090.033,2886.0,-204.0329999999999,d,8.347127880088143,-195.68587211991175,-24.854570949293716,0.10812495615943202
2016-03-16,IF,q1,IF1606,2016-06-17,3090.033,2886.0,-204.0329999999999,p,8.086980731947962,-195.94601926805194,-24.887612914360798,0.11160318863209463
2016-03-16,IF,q2,IF1609,2016-09-16,3090.033,2730.0,-360.0329999999999,y,53.71916239592245,-306.31383760407743,-19.664302221235644,0.10348363874299504
2016-03-16,IF,q2,IF1609,2016-09-16,3090.033,2730.0,-360.0329999999999,d,41.84789258020443,-318.1851074197955,-20.426397199484207,0.13283953031330323
2016-03-16,IF,q2,IF1609,2016-09-16,3090.033,2730.0,-360.0329999999999,p,42.110285441335336,-317.92271455866455,-20.409552473949336,0.13201179561464504
2016-03-17,IF,current,IF1603,2016-03-18,3124.204,3123.0,-1.2040000000001783,y,0.0,-1.2040000000001783,,
2016-03-17,IF,current,IF1603,2016-03-18,3124.204,3123.0,-1.2040000000001783,d,0.0,-1.2040000000001783,,
2016-03-17,IF,current,IF1603,2016-03-18,3124.204,3123.0,-1.2040000000001783,p,0.0,-1.2040000000001783,,
2016-03-17,IF,next,IF1604,2016-04-15,3124.204,3067.8,-56.403999999999996,y,0.055185939456,-56.348814060543994,-22.700752964317612,1.0
2016-03-17,IF,next,IF1604,2016-04-15,3124.204,3067.8,-56.403999999999996,d,0.055185939456,-56.348814060543994,-22.700752964317612,1.0
2016-03-17,IF,next,IF1604,2016-04-15,3124.204,3067.8,-56.403999999999996,p,0.055185939456,-56.348814060543994,-22.700752964317612,1.0
2016-03-17,IF,q1,IF1606,2016-06-17,3124.204,2965.0,-159.20400000000018,y,11.19328662822934,-148.01071337177083,-18.795712993821212,0.08152328157204006
2016-03-17,IF,q1,IF1606,2016-06-17,3124.204,2965.0,-159.20400000000018,d,8.439434242767923,-150.76456575723225,-19.145421591836488,0.10812495615943202
2016-03-17,IF,q1,IF1606,2016-06-17,3124.204,2965.0,-159.20400000000018,p,8.17641026832877,-151.0275897316714,-19.17882270869777,0.11160318863209463
2016-03-17,IF,q2,IF1609,2016-09-16,3124.204,2809.0,-315.2040000000002,y,54.33774480318834,-260.86625519681184,-16.654066499221752,0.10726246084904759
2016-03-17,IF,q2,IF1609,2016-09-16,3124.204,2809.0,-315.2040000000002,d,42.39963668582071,-272.80436331417945,-17.416212014407453,0.13746344733483679
2016-03-17,IF,q2,IF1609,2016-09-16,3124.204,2809.0,-315.2040000000002,p,42.65670376811719,-272.54729623188297,-17.399800492418546,0.13663503528685303
2016-03-18,IF,current,IF1603,2016-03-18,3171.963,3176.8,4.836999999999989,y,0.0,4.836999999999989,,
2016-03-18,IF,current,IF1603,2016-03-18,3171.963,3176.8,4.836999999999989,d,0.0,4.836999999999989,,
2016-03-18,IF,current,IF1603,2016-03-18,3171.963,3176.8,4.836999999999989,p,0.0,4.836999999999989,,
2016-03-18,IF,next,IF1604,2016-04-15,3171.963,3125.0,-46.96300000000019,y,0.056029554432,-46.90697044556819,-19.277206724569957,1.0
2016-03-18,IF,next,IF1604,2016-04-15,3171.963,3125.0,-46.96300000000019,d,0.056029554432,-46.90697044556819,-19.277206724569957,1.0
2016-03-18,IF,next,IF1604,2016-04-15,3171.963,3125.0,-46.96300000000019,p,0.056029554432,-46.90697044556819,-19.277206724569957,1.0
2016-03-18,IF,q1,IF1606,2016-06-17,3171.963,3048.0,-123.96300000000019,y,11.398711402025834,-112.56428859797435,-14.233902621066848,0.09259491340954841
2016-03-18,IF,q1,IF1606,2016-06-17,3171.963,3048.0,-123.96300000000019,d,8.612950285488441,-115.35004971451175,-14.586165785097203,0.1225436883142486
2016-03-18,IF,q1,IF1606,2016-06-17,3171.963,3048.0,-123.96300000000019,p,8.334288572949692,-115.6287114270505,-14.621402925844945,0.1266410067293197
2016-03-18,IF,q2,IF1609,2016-09-16,3171.963,2921.0,-250.9630000000002,y,55.20270915185828,-195.76029084814192,-12.377073367184767,0.10953262266442777
2016-03-18,IF,q2,IF1609,2016-09-16,3171.963,2921.0,-250.9630000000002,d,43.09229466308768,-207.87070533691252,-13.142762302285538,0.1403150507267834
2016-03-18,IF,q2,IF1609,2016-09-16,3171.963,2921.0,-250.9630000000002,p,43.34167452164874,-207.62132547835145,-13.126995096422,0.13950770426658252
2016-03-21,IF,current,IF1604,2016-04-15,3249.437,3210.2,-39.23700000000008,y,0.05739805516799999,-39.17960194483208,-17.603732227907432,1.0
2016-03-21,IF,current,IF1604,2016-04-15,3249.437,3210.2,-39.23700000000008,d,0.05739805516799999,-39.17960194483208,-17.603732227907432,1.0
2016-03-21,IF,current,IF1604,2016-04-15,3249.437,3210.2,-39.23700000000008,p,0.05739805516799999,-39.17960194483208,-17.603732227907432,1.0
2016-03-21,IF,next,IF1605,2016-05-20,3249.437,3181.4,-68.03699999999981,y,3.897880606135222,-64.13911939386459,-12.007607563382301,0.14945868464763562
2016-03-21,IF,next,IF1605,2016-05-20,3249.437,3181.4,-68.03699999999981,d,3.4616417691386867,-64.57535823086113,-12.089276672781732,0.16829358644220782
2016-03-21,IF,next,IF1605,2016-05-20,3249.437,3181.4,-68.03699999999981,p,3.1176445966611874,-64.91935540333861,-12.153677043242975,0.18686289929596178
2016-03-21,IF,q1,IF1606,2016-06-17,3249.437,3143.8,-105.63699999999972,y,11.685509048564084,-93.95149095143563,-11.992390107352724,0.13234087296441044
2016-03-21,IF,q1,IF1606,2016-06-17,3249.437,3143.8,-105.63699999999972,d,8.976213370876035,-96.66078662912368,-12.33821677124031,0.17228539525788478
2016-03-21,IF,q1,IF1606,2016-06-17,3249.437,3143.8,-105.63699999999972,p,8.627501440232043,-97.00949855976768,-12.382727927636248,0.17924893774099382
2016-03-21,IF,q2,IF1609,2016-09-16,3249.437,3048.6,-200.837,y,57.06853089111385,-143.76846910888614,-9.021844979709265,0.13161462959035158
2016-03-21,IF,q2,IF1609,2016-09-16,3249.437,3048.6,-200.837,d,44.955646309882,-155.88135369011798,-9.781959959206041,0.16707697855627165
2016-03-21,IF,q2,IF1609,2016-09-16,3249.437,3048.6,-200.837,p,45.09660541573464,-155.74039458426535,-9.773114409070027,0.16655474364992467
2016-03-22,IF,current,IF1604,2016-04-15,3225.79,3194.6,-31.190000000000055,y,0.056980354559999995,-31.133019645440054,-14.677996411454794,1.0
2016-03-22,IF,current,IF1604,2016-04-15,3225.79,3194.6,-31.190000000000055,d,0.056980354559999995,-31.133019645440054,-14.677996411454794,1.0
2016-03-22,IF,current,IF1604,2016-04-15,3225.79,3194.6,-31.190000000000055,p,0.056980354559999995,-31.133019645440054,-14.677996411454794,1.0
2016-03-22,IF,next,IF1605,2016-05-20,3225.79,3155.0,-70.78999999999996,y,3.8695147129994942,-66.92048528700047,-12.834053437103213,0.14945868464763562
2016-03-22,IF,next,IF1605,2016-05-20,3225.79,3155.0,-70.78999999999996,d,3.4364504997234553,-67.35354950027651,-12.917106768695854,0.16829358644220782
2016-03-22,IF,next,IF1605,2016-05-20,3225.79,3155.0,-70.78999999999996,p,3.0949566843313754,-67.69504331566858,-12.982598670859833,0.18686289929596178
2016-03-22,IF,q1,IF1606,2016-06-17,3225.79,3123.0,-102.78999999999996,y,11.600470553442808,-91.18952944655716,-11.859940091301297,0.13234087296441044
2016-03-22,IF,q1,IF1606,2016-06-17,3225.79,3123.0,-102.78999999999996,d,8.910891126566911,-93.87910887343305,-12.209741774314027,0.17228539525788478
2016-03-22,IF,q1,IF1606,2016-06-17,3225.79,3123.0,-102.78999999999996,p,8.564716863532398,-94.22528313646757,-12.254764553197274,0.17924893774099382
2016-03-22,IF,q2,IF1609,2016-09-16,3225.79,3032.6,-193.19000000000005,y,56.642405568388355,-136.54759443161169,-8.680021970323768,0.13267498303141287
2016-03-22,IF,q2,IF1609,2016-09-16,3225.79,3032.6,-193.19000000000005,d,44.631898643693205,-148.55810135630685,-9.44350275088994,0.16837800824111382
2016-03-22,IF,q2,IF1609,2016-09-16,3225.79,3032.6,-193.19000000000005,p,44.76770131853555,-148.4222986814645,-9.434870081774333,0.16786723410640741
2016-03-23,IF,current,IF1604,2016-04-15,3236.092,3196.0,-40.0920000000001,y,0.057162329088,-40.0348376709121,-19.632799913791498,1.0
2016-03-23,IF,current,IF1604,2016-04-15,3236.092,3196.0,-40.0920000000001,d,0.057162329088,-40.0348376709121,-19.632799913791498,1.0
2016-03-23,IF,current,IF1604,2016-04-15,3236.092,3196.0,-40.0920000000001,p,0.057162329088,-40.0348376709121,-19.632799913791498,1.0
2016-03-23,IF,next,IF1605,2016-05-20,3236.092,3155.0,-81.0920000000001,y,3.881872535602119,-77.21012746439798,-15.014756051064731,0.14945868464763562
2016-03-23,IF,next,IF1605,2016-05-20,3236.092,3155.0,-81.0920000000001,d,3.4474252727397254,-77.64457472726038,-15.099241336650351,0.1682935864422078
2016-03-23,IF,next,IF1605,2016-05-20,3236.092,3155.0,-81.0920000000001,p,3.1048408503068368,-77.98715914969326,-15.165862409541292,0.18686289929596178
2016-03-23,IF,q1,IF1606,2016-06-17,3236.092,3115.6,-120.49200000000019,y,11.637518237154882,-108.85448176284531,-14.276438141997275,0.1323408729644104
2016-03-23,IF,q1,IF1606,2016-06-17,3236.092,3115.6,-120.49200000000019,d,8.93934927182308,-111.55265072817711,-14.630307286440388,0.17228539525788478
2016-03-23,IF,q1,IF1606,2016-06-17,3236.092,3115.6,-120.49200000000019,p,8.592069454100324,-111.89993054589986,-14.675853586008323,0.17924893774099382
2016-03-23,IF,q2,IF1609,2016-09-16,3236.092,3021.2,-214.89200000000028,y,56.91643064939007,-157.97556935061021,-10.06673572481324,0.14607992515633983
2016-03-23,IF,q2,IF1609,2016-09-16,3236.092,3021.2,-214.89200000000028,d,45.06718196607069,-169.8248180339296,-10.821809787992155,0.18448785938487244
2016-03-23,IF,q2,IF1609,2016-09-16,3236.092,3021.2,-214.89200000000028,p,45.21763071120928,-169.674369288791,-10.812222686874776,0.1838740287506442
2016-03-24,IF,current,IF1604,2016-04-15,3181.851,3144.8,-37.05099999999993,y,0.056204216064,-36.99479578393593,-19.289944553909905,1.0
2016-03-24,IF,current,IF1604,2016-04-15,3181.851,3144.8,-37.05099999999993,d,0.056204216064,-36.99479578393593,-19.289944553909905,1.0
2016-03-24,IF,current,IF1604,2016-04-15,3181.851,3144.8,-37.05099999999993,p,0.056204216064,-36.99479578393593,-19.289944553909905,1.0
2016-03-24,IF,next,IF1605,2016-05-20,3181.851,3097.4,-84.45100000000002,y,3.8168074360302913,-80.63419256396973,-16.227716489579773,0.14945868464763562
2016-03-24,IF,next,IF1605,2016-05-20,3181.851,3097.4,-84.45100000000002,d,3.3896420594631325,-81.0613579405369,-16.31368397315812,0.1682935864422078
2016-03-24,IF,next,IF1605,2016-05-20,3181.851,3097.4,-84.45100000000002,p,3.052799785787814,-81.39820021421221,-16.381473836801536,0.18686289929596175
2016-03-24,IF,q1,IF1606,2016-06-17,3181.851,3056.8,-125.05099999999993,y,11.372171554165627,-113.6788284458343,-15.341707180073161,0.16222520052753897
2016-03-24,IF,q1,IF1606,2016-06-17,3181.851,3056.8,-125.05099999999993,d,8.803406967347815,-116.24759303265212,-15.688378892337315,0.20956123210601593
2016-03-24,IF,q1,IF1606,2016-06-17,3181.851,3056.8,-125.05099999999993,p,8.547937790897198,-116.50306220910274,-15.72285614155094,0.21582431411383216
2016-03-24,IF,q2,IF1609,2016-09-16,3181.851,2952.0,-229.8510000000001,y,56.5845231560023,-173.26647684399782,-11.293144956429735,0.20240254452612508
2016-03-24,IF,q2,IF1609,2016-09-16,3181.851,2952.0,-229.8510000000001,d,45.38059598827901,-184.4704040117211,-12.023393391620694,0.2523733154701268
2016-03-24,IF,q2,IF1609,2016-09-16,3181.851,2952.0,-229.8510000000001,p,45.44844635866169,-184.40255364133841,-12.018971047021578,0.2519965452106064
2016-03-25,IF,current,IF1604,2016-04-15,3197.817,3162.8,-35.016999999999825,y,0.056486239487999995,-34.96051376051182,-19.001932408423823,1.0
2016-03-25,IF,current,IF1604,2016-04-15,3197.817,3162.8,-35.016999999999825,d,0.056486239487999995,-34.96051376051182,-19.001932408423823,1.0
2016-03-25,IF,current,IF1604,2016-04-15,3197.817,3162.8,-35.016999999999825,p,0.056486239487999995,-34.96051376051182,-19.001932408423823,1.0
2016-03-25,IF,next,IF1605,2016-05-20,3197.817,3122.4,-75.41699999999992,y,3.8359595419974344,-71.58104045800248,-14.589796596939022,0.1494586846476356
2016-03-25,IF,next,IF1605,2016-05-20,3197.817,3122.4,-75.41699999999992,d,3.406650720497665,-72.01034927950225,-14.6772992141527,0.16829358644220777
2016-03-25,IF,next,IF1605,2016-05-20,3197.817,3122.4,-75.41699999999992,p,3.0681182282227013,-72.34888177177722,-14.746299611075464,0.18686289929596173
2016-03-25,IF,q1,IF1606,2016-06-17,3197.817,3076.2,-121.61700000000019,y,11.451751543915679,-110.16524845608451,-14.969406766014071,0.17003025435606453
2016-03-25,IF,q1,IF1606,2016-06-17,3197.817,3076.2,-121.61700000000019,d,8.871087544875431,-112.74591245512475,-15.320070969739271,0.2194932941406092
2016-03-25,IF,q1,IF1606,2016-06-17,3197.817,3076.2,-121.61700000000019,p,8.639602995400448,-112.97739700459974,-15.351525411404875,0.22537427111767266
2016-03-25,IF,q2,IF1609,2016-09-16,3197.817,2973.0,-224.817,y,56.763969658157755,-168.05303034184226,-10.960933853987164,0.2208265157581944
2016-03-25,IF,q2,IF1609,2016-09-16,3197.817,2973.0,-224.817,d,45.84848881153416,-178.96851118846584,-11.67287497936249,0.27340027916168524
2016-03-25,IF,q2,IF1609,2016-09-16,3197.817,2973.0,-224.817,p,45.93003217809305,-178.88696782190695,-11.667556471000783,0.27291488914291623
2016-03-28,IF,current,IF1604,2016-04-15,3169.728,3129.8,-39.927999999999884,y,0.055990075391999995,-39.87200992460788,-25.50741757035773,1.0
2016-03-28,IF,current,IF1604,2016-04-15,3169.728,3129.8,-39.927999999999884,d,0.055990075391999995,-39.87200992460788,-25.50741757035773,1.0
2016-03-28,IF,current,IF1604,2016-04-15,3169.728,3129.8,-39.927999999999884,p,0.055990075391999995,-39.87200992460788,-25.50741757035773,1.0
2016-03-28,IF,next,IF1605,2016-05-20,3169.728,3088.2,-81.52800000000025,y,3.842693111463342,-77.6853068885369,-16.878501410082286,0.3675186207945931
2016-03-28,IF,next,IF1605,2016-05-20,3169.728,3088.2,-81.52800000000025,d,3.291371607135985,-78.23662839286426,-16.998285718864764,0.4290798612347459
2016-03-28,IF,next,IF1605,2016-05-20,3169.728,3088.2,-81.52800000000025,p,3.219088664140366,-78.30891133585988,-17.01399046155217,0.43871462386048476
2016-03-28,IF,q1,IF1606,2016-06-17,3169.728,3044.0,-125.72800000000007,y,11.391589483787433,-114.33641051621264,-16.254379796461567,0.24351479754243927
2016-03-28,IF,q1,IF1606,2016-06-17,3169.728,3044.0,-125.72800000000007,d,8.707809885643256,-117.02019011435681,-16.63591331392357,0.3185669695665567
2016-03-28,IF,q1,IF1606,2016-06-17,3169.728,3044.0,-125.72800000000007,p,8.741634597224335,-116.98636540277573,-16.63110469953676,0.3173343127053023
2016-03-28,IF,q2,IF1609,2016-09-16,3169.728,2935.0,-234.72800000000007,y,56.56294233021478,-178.16505766978528,-11.927926493030983,0.26595949839108946
2016-03-28,IF,q2,IF1609,2016-09-16,3169.728,2935.0,-234.72800000000007,d,45.98939911810708,-188.73860088189298,-12.63581191037618,0.3271069432987023
2016-03-28,IF,q2,IF1609,2016-09-16,3169.728,2935.0,-234.72800000000007,p,46.33624967787222,-188.39175032212785,-12.612590701711273,0.32465838030158956
2016-03-29,IF,current,IF1604,2016-04-15,3135.41,3104.0,-31.409999999999854,y,0.055383882239999994,-31.354616117759853,-21.47094166122255,1.0
2016-03-29,IF,current,IF1604,2016-04-15,3135.41,3104.0,-31.409999999999854,d,0.055383882239999994,-31.354616117759853,-21.47094166122255,1.0
2016-03-29,IF,current,IF1604,2016-04-15,3135.41,3104.0,-31.409999999999854,p,0.055383882239999994,-31.354616117759853,-21.47094166122255,1.0
2016-03-29,IF,next,IF1605,2016-05-20,3135.41,3051.8,-83.60999999999967,y,3.86316021662132,-79.74683978337835,-17.852895524234654,0.4371546989304437
2016-03-29,IF,next,IF1605,2016-05-20,3135.41,3051.8,-83.60999999999967,d,3.4044259483028427,-80.20557405169683,-17.95559219519895,0.4960597372543974
2016-03-29,IF,next,IF1605,2016-05-20,3135.41,3051.8,-83.60999999999967,p,3.3083283362072256,-80.30167166379245,-17.977105532072635,0.5104688742451887
2016-03-29,IF,q1,IF1606,2016-06-17,3135.41,2999.4,-136.00999999999976,y,11.369510877433406,-124.64048912256635,-18.13709312726913,0.2764105996223261
2016-03-29,IF,q1,IF1606,2016-06-17,3135.41,2999.4,-136.00999999999976,d,8.828478000647868,-127.1815219993519,-18.506852185903696,0.3559677351875722
2016-03-29,IF,q1,IF1606,2016-06-17,3135.41,2999.4,-136.00999999999976,p,8.833956362805358,-127.17604363719441,-18.506055000612346,0.35574698243652286
2016-03-29,IF,q2,IF1609,2016-09-16,3135.41,2885.0,-250.40999999999985,y,56.03530503767832,-194.37469496232154,-13.232507223748621,0.2836576767439614
2016-03-29,IF,q2,IF1609,2016-09-16,3135.41,2885.0,-250.40999999999985,d,45.86555069934573,-204.54444930065412,-13.924836787387655,0.34655300547506057
2016-03-29,IF,q2,IF1609,2016-09-16,3135.41,2885.0,-250.40999999999985,p,46.16362678548967,-204.2463732145102,-13.90454456795091,0.3443153311260882
2016-03-30,IF,current,IF1604,2016-04-15,3216.275,3190.0,-26.27500000000009,y,0.0568122816,-26.21818771840009,-18.59612151715889,1.0
2016-03-30,IF,current,IF1604,2016-04-15,3216.275,3190.0,-26.27500000000009,d,0.0568122816,-26.21818771840009,-18.59612151715889,1.0
2016-03-30,IF,current,IF1604,2016-04-15,3216.275,3190.0,-26.27500000000009,p,0.0568122816,-26.21818771840009,-18.59612151715889,1.0
2016-03-30,IF,next,IF1605,2016-05-20,3216.275,3136.2,-80.07500000000027,y,4.04985845892772,-76.02514154107256,-16.917132496011924,0.556527051396952
2016-03-30,IF,next,IF1605,2016-05-20,3216.275,3136.2,-80.07500000000027,d,3.686530835938102,-76.38846916406217,-16.997980244703793,0.6113758129324083
2016-03-30,IF,next,IF1605,2016-05-20,3216.275,3136.2,-80.07500000000027,p,3.5700172216499233,-76.50498277835035,-17.023906881741848,0.6313291076171345
2016-03-30,IF,q1,IF1606,2016-06-17,3216.275,3093.6,-122.67500000000018,y,11.766224834786012,-110.90877516521417,-15.932301169340848,0.32233912676745957
2016-03-30,IF,q1,IF1606,2016-06-17,3216.275,3093.6,-122.67500000000018,d,9.267283307987034,-113.40771669201315,-16.29127987909781,0.409258518656245
2016-03-30,IF,q1,IF1606,2016-06-17,3216.275,3093.6,-122.67500000000018,p,9.260832257297006,-113.41416774270317,-16.292206587397487,0.409543606149013
2016-03-30,IF,q2,IF1609,2016-09-16,3216.275,2977.8,-238.4749999999999,y,57.61874743314343,-180.85625256685648,-12.07325284262487,0.3870586232310639
2016-03-30,IF,q2,IF1609,2016-09-16,3216.275,2977.8,-238.4749999999999,d,48.942343921498335,-189.5326560785016,-12.652455451735694,0.4556756229236218
2016-03-30,IF,q2,IF1609,2016-09-16,3216.275,2977.8,-238.4749999999999,p,49.162993751712044,-189.31200624828787,-12.637725735997126,0.45363049220317786
2016-03-31,IF,current,IF1604,2016-04-15,3218.088,3191.0,-27.088000000000193,y,0.060551543808000007,-27.027448456192193,-20.436604357432426,1.0
2016-03-31,IF,current,IF1604,2016-04-15,3218.088,3191.0,-27.088000000000193,d,0.060551543808000007,-27.027448456192193,-20.436604357432426,1.0
2016-03-31,IF,current,IF1604,2016-04-15,3218.088,3191.0,-27.088000000000193,p,0.060551543808000007,-27.027448456192193,-20.436604357432426,1.0
2016-03-31,IF,next,IF1605,2016-05-20,3218.088,3144.0,-74.08800000000019,y,4.516522640119804,-69.57147735988039,-15.781786723269434,0.7924451172951716
2016-03-31,IF,next,IF1605,2016-05-20,3218.088,3144.0,-74.08800000000019,d,4.299022729995203,-69.78897727000499,-15.83112500562559,0.8325371923120839
2016-03-31,IF,next,IF1605,2016-05-20,3218.088,3144.0,-74.08800000000019,p,4.230679111141203,-69.857320888859,-15.8466282615227,0.8459862398664867
2016-03-31,IF,q1,IF1606,2016-06-17,3218.088,3088.6,-129.48800000000028,y,12.09868989551321,-117.38931010448707,-17.069818216369224,0.4403563605263607
2016-03-31,IF,q1,IF1606,2016-06-17,3218.088,3088.6,-129.48800000000028,d,9.842326297795923,-119.64567370220436,-17.397920633946978,0.5413085167394154
2016-03-31,IF,q1,IF1606,2016-06-17,3218.088,3088.6,-129.48800000000028,p,9.882229326831581,-119.6057706731687,-17.392118253378296,0.5391227903464794
2016-03-31,IF,q2,IF1609,2016-09-16,3218.088,2972.8,-245.288,y,56.947041237102894,-188.34095876289712,-12.64017308371116,0.5777592209872577
2016-03-31,IF,q2,IF1609,2016-09-16,3218.088,2972.8,-245.288,d,50.92833328170585,-194.35966671829416,-13.044108110888661,0.6460387776816671
2016-03-31,IF,q2,IF1609,2016-09-16,3218.088,2972.8,-245.288,p,51.38229281789769,-193.90570718210233,-13.013641412895,0.6403310630625919
2016-04-01,IF,current,IF1604,2016-04-15,3221.895,3206.6,-15.295000000000073,y,0.06062317632,-15.234376823680073,-12.327588800653091,1.0
2016-04-01,IF,current,IF1604,2016-04-15,3221.895,3206.6,-15.295000000000073,d,0.06062317632,-15.234376823680073,-12.327588800653091,1.0
2016-04-01,IF,current,IF1604,2016-04-15,3221.895,3206.6,-15.295000000000073,p,0.06062317632,-15.234376823680073,-12.327588800653091,1.0
2016-04-01,IF,next,IF1605,2016-05-20,3221.895,3158.2,-63.695000000000164,y,4.521865689064064,-59.1731343109361,-13.68075216191642,0.7924451172951716
2016-04-01,IF,next,IF1605,2016-05-20,3221.895,3158.2,-63.695000000000164,d,4.304108476417642,-59.390891523582525,-13.731097347994131,0.8325371923120839
2016-04-01,IF,next,IF1605,2016-05-20,3221.895,3158.2,-63.695000000000164,p,4.235684007022271,-59.45931599297789,-13.746916996868732,0.8459862398664867
2016-04-01,IF,q1,IF1606,2016-06-17,3221.895,3105.0,-116.89499999999998,y,12.04617861542203,-104.84882138457795,-15.426034890118995,0.45581400730818333
2016-04-01,IF,q1,IF1606,2016-06-17,3221.895,3105.0,-116.89499999999998,d,9.928377214441925,-106.96662278555806,-15.737619492315268,0.5530427409082178
2016-04-01,IF,q1,IF1606,2016-06-17,3221.895,3105.0,-116.89499999999998,p,9.968327448784441,-106.92667255121555,-15.731741756154788,0.5508263021712053
2016-04-01,IF,q2,IF1609,2016-09-16,3221.895,2982.8,-239.0949999999998,y,56.655531286982836,-182.43946871301696,-12.30243272246302,0.6258014168850039
2016-04-01,IF,q2,IF1609,2016-09-16,3221.895,2982.8,-239.0949999999998,d,51.40566716567921,-187.6893328343206,-12.65644658037447,0.6897121214183557
2016-04-01,IF,q2,IF1609,2016-09-16,3221.895,2982.8,-239.0949999999998,p,51.78224261181636,-187.31275738818346,-12.631052984768681,0.6846963353741637
2016-04-05,IF,current,IF1604,2016-04-15,3264.486,3236.2,-28.286000000000058,y,0.061424568576000003,-28.224575431424057,-31.55770933761022,1.0
2016-04-05,IF,current,IF1604,2016-04-15,3264.486,3236.2,-28.286000000000058,d,0.061424568576000003,-28.224575431424057,-31.55770933761022,1.0
2016-04-05,IF,current,IF1604,2016-04-15,3264.486,3236.2,-28.286000000000058,p,0.061424568576000003,-28.224575431424057,-31.55770933761022,1.0
2016-04-05,IF,next,IF1605,2016-05-20,3264.486,3191.0,-73.48599999999988,y,4.581641312280502,-68.90435868771938,-17.120334084935457,0.7924451172951716
2016-04-05,IF,next,IF1605,2016-05-20,3264.486,3191.0,-73.48599999999988,d,4.361005514998695,-69.12499448500118,-17.175154398664517,0.8325371923120839
2016-04-05,IF,next,IF1605,2016-05-20,3264.486,3191.0,-73.48599999999988,p,4.291676526189744,-69.19432347381013,-17.192380238550196,0.8459862398664867
2016-04-05,IF,q1,IF1606,2016-06-17,3264.486,3139.6,-124.88599999999997,y,12.688780913044676,-112.19721908695529,-17.184515278508666,0.5051711799016961
2016-04-05,IF,q1,IF1606,2016-06-17,3264.486,3139.6,-124.88599999999997,d,10.646547086515673,-114.2394529134843,-17.49731089572513,0.602073740271666
2016-04-05,IF,q1,IF1606,2016-06-17,3264.486,3139.6,-124.88599999999997,p,10.672039965092793,-114.21396003490717,-17.493406318009505,0.6006355341924701
2016-04-05,IF,q2,IF1609,2016-09-16,3264.486,3022.6,-241.88599999999997,y,57.88783527868131,-183.99816472131866,-12.544336551230817,0.6352009231096281
2016-04-05,IF,q2,IF1609,2016-09-16,3264.486,3022.6,-241.88599999999997,d,52.67213524620269,-189.21386475379728,-12.899924318406503,0.6980997871827752
2016-04-05,IF,q2,IF1609,2016-09-16,3264.486,3022.6,-241.88599999999997,p,53.038703265698615,-188.84729673430135,-12.874933022365918,0.6932749886744827
2016-04-06,IF,current,IF1604,2016-04-15,3257.528,3239.4,-18.1279999999997,y,0.061293646848,-18.0667063531517,-22.49267890287213,1.0
2016-04-06,IF,current,IF1604,2016-04-15,3257.528,3239.4,-18.1279999999997,d,0.061293646848,-18.0667063531517,-22.49267890287213,1.0
2016-04-06,IF,current,IF1604,2016-04-15,3257.528,3239.4,-18.1279999999997,p,0.061293646848,-18.0667063531517,-22.49267890287213,1.0
2016-04-06,IF,next,IF1605,2016-05-20,3257.528,3193.8,-63.72799999999961,y,4.571875897372658,-59.156124102626954,-15.064396639986208,0.7924451172951716
2016-04-06,IF,next,IF1605,2016-05-20,3257.528,3193.8,-63.72799999999961,d,4.351710368267062,-59.37628963173255,-15.120462869936386,0.8325371923120839
2016-04-06,IF,next,IF1605,2016-05-20,3257.528,3193.8,-63.72799999999961,p,4.282529148847881,-59.44547085115173,-15.138080206183101,0.8459862398664867
2016-04-06,IF,q1,IF1606,2016-06-17,3257.528,3139.0,-118.52799999999979,y,12.661735755677494,-105.8662642443223,-16.475165988672,0.5051711799016961
2016-04-06,IF,q1,IF1606,2016-06-17,3257.528,3139.0,-118.52799999999979,d,10.623854792957674,-107.90414520704212,-16.792305989460917,0.602073740271666
2016-04-06,IF,q1,IF1606,2016-06-17,3257.528,3139.0,-118.52799999999979,p,10.649293335431304,-107.87870666456848,-16.78834718149924,0.6006355341924701
2016-04-06,IF,q2,IF1609,2016-09-16,3257.528,3015.0,-242.5279999999998,y,57.764451824787166,-184.76354817521263,-12.700867825799838,0.6352009231096281
2016-04-06,IF,q2,IF1609,2016-09-16,3257.528,3015.0,-242.5279999999998,d,52.5598686544504,-189.9681313455494,-13.058637113019545,0.6980997871827752
2016-04-06,IF,q2,IF1609,2016-09-16,3257.528,3015.0,-242.5279999999998,p,52.92565536249954,-189.60234463750027,-13.033492496144353,0.6932749886744827
2016-04-07,IF,current,IF1604,2016-04-15,3209.29,3202.8,-6.489999999999782,y,0.06038600064,-6.429613999359781,-9.140686529443895,1.0
2016-04-07,IF,current,IF1604,2016-04-15,3209.29,3202.8,-6.489999999999782,d,0.06038600064,-6.429613999359781,-9.140686529443895,1.0
2016-04-07,IF,current,IF1604,2016-04-15,3209.29,3202.8,-6.489999999999782,p,0.06038600064,-6.429613999359781,-9.140686529443895,1.0
2016-04-07,IF,next,IF1605,2016-05-20,3209.29,3151.4,-57.88999999999987,y,4.504174821729575,-53.385825178270295,-14.120218135670129,0.7924451172951716
2016-04-07,IF,next,IF1605,2016-05-20,3209.29,3151.4,-57.88999999999987,d,4.287269539287398,-53.60273046071247,-14.177588231433102,0.8325371923120839
2016-04-07,IF,next,IF1605,2016-05-20,3209.29,3151.4,-57.88999999999987,p,4.219112766522963,-53.67088723347691,-14.195615273173928,0.8459862398664867
2016-04-07,IF,q1,IF1606,2016-06-17,3209.29,3102.6,-106.69000000000005,y,12.474238730515356,-94.2157612694847,-15.092080549851739,0.5051711799016961
2016-04-07,IF,q1,IF1606,2016-06-17,3209.29,3102.6,-106.69000000000005,d,10.466535037762112,-96.22346496223794,-15.413687311215144,0.602073740271666
2016-04-07,IF,q1,IF1606,2016-06-17,3209.29,3102.6,-106.69000000000005,p,10.491596882196049,-96.198403117804,-15.409672745394856,0.6006355341924701
2016-04-07,IF,q2,IF1609,2016-09-16,3209.29,2972.0,-237.28999999999996,y,55.2275331528755,-182.06246684712445,-12.781720305737487,0.6933273735282753
2016-04-07,IF,q2,IF1609,2016-09-16,3209.29,2972.0,-237.28999999999996,d,51.09279361432643,-186.19720638567352,-13.072000258733976,0.7494356405008199
2016-04-07,IF,q2,IF1609,2016-09-16,3209.29,2972.0,-237.28999999999996,p,51.24993865761377,-186.0400613423862,-13.06096786954627,0.7471376846543872
2016-04-08,IF,current,IF1604,2016-04-15,3185.726,3180.0,-5.726000000000113,y,0.05994262041600001,-5.666057379584113,-9.274006003871202,1.0
2016-04-08,IF,current,IF1604,2016-04-15,3185.726,3180.0,-5.726000000000113,d,0.05994262041600001,-5.666057379584113,-9.274006003871202,1.0
2016-04-08,IF,current,IF1604,2016-04-15,3185.726,3180.0,-5.726000000000113,p,0.05994262041600001,-5.666057379584113,-9.274006003871202,1.0
2016-04-08,IF,next,IF1605,2016-05-20,3185.726,3131.4,-54.32600000000002,y,4.471103215393209,-49.854896784606815,-13.60012736454025,0.7924451172951716
2016-04-08,IF,next,IF1605,2016-05-20,3185.726,3131.4,-54.32600000000002,d,4.255790545670814,-50.07020945432921,-13.658863414964244,0.8325371923120839
2016-04-08,IF,next,IF1605,2016-05-20,3185.726,3131.4,-54.32600000000002,p,4.188134209511803,-50.13786579048822,-13.677319671984616,0.8459862398664867
2016-04-08,IF,q1,IF1606,2016-06-17,3185.726,3072.0,-113.72600000000011,y,12.382647455982402,-101.3433525440177,-16.58752809902962,0.5051711799016961
2016-04-08,IF,q1,IF1606,2016-06-17,3185.726,3072.0,-113.72600000000011,d,10.389685195077336,-103.33631480492278,-16.913729242698217,0.602073740271666
2016-04-08,IF,q1,IF1606,2016-06-17,3185.726,3072.0,-113.72600000000011,p,10.414563024572692,-103.31143697542743,-16.90965732593764,0.6006355341924701
2016-04-08,IF,q2,IF1609,2016-09-16,3185.726,2946.0,-239.7260000000001,y,55.14631030309144,-184.57968969690867,-13.135375123064307,0.6999325550682334
2016-04-08,IF,q2,IF1609,2016-09-16,3185.726,2946.0,-239.7260000000001,d,51.1368464261759,-188.5891535738242,-13.420703439262812,0.7548118542810757
2016-04-08,IF,q2,IF1609,2016-09-16,3185.726,2946.0,-239.7260000000001,p,51.2571356077346,-188.46886439226552,-13.412143215082056,0.7530404774941026
2016-04-11,IF,current,IF1604,2016-04-15,3230.096,3213.8,-16.29599999999982,y,0.060777486336000004,-16.23522251366382,-45.86439704491209,1.0
2016-04-11,IF,current,IF1604,2016-04-15,3230.096,3213.8,-16.29599999999982,d,0.060777486336000004,-16.23522251366382,-45.86439704491209,1.0
2016-04-11,IF,current,IF1604,2016-04-15,3230.096,3213.8,-16.29599999999982,p,0.060777486336000004,-16.23522251366382,-45.86439704491209,1.0
2016-04-11,IF,next,IF1605,2016-05-20,3230.096,3169.0,-61.096000000000004,y,4.635133854549138,-56.460866145450865,-16.359136030036197,0.84212729557328
2016-04-11,IF,next,IF1605,2016-05-20,3230.096,3169.0,-61.096000000000004,d,4.46450592870004,-56.63149407129996,-16.408574262922983,0.8743123651060285
2016-04-11,IF,next,IF1605,2016-05-20,3230.096,3169.0,-61.096000000000004,p,4.36787374783696,-56.728126252163044,-16.43657275284246,0.8936551198359683
2016-04-11,IF,q1,IF1606,2016-06-17,3230.096,3131.6,-98.4960000000001,y,12.656868117116035,-85.83913188288406,-14.477312488569577,0.525675148971165
2016-04-11,IF,q1,IF1606,2016-06-17,3230.096,3131.6,-98.4960000000001,d,10.683831938366097,-87.812168061634,-14.810077518742387,0.6227541832702097
2016-04-11,IF,q1,IF1606,2016-06-17,3230.096,3131.6,-98.4960000000001,p,10.681022716019697,-87.8149772839804,-14.810551311858264,0.6229179742305392
2016-04-11,IF,q2,IF1609,2016-09-16,3230.096,2998.8,-231.29599999999982,y,56.13990465889554,-175.15609534110428,-12.526957461808843,0.7077057710401194
2016-04-11,IF,q2,IF1609,2016-09-16,3230.096,2998.8,-231.29599999999982,d,52.16036382224079,-179.13563617775904,-12.81156953129591,0.7616997198896389
2016-04-11,IF,q2,IF1609,2016-09-16,3230.096,2998.8,-231.29599999999982,p,52.27026242827223,-179.02573757172757,-12.803709712542888,0.7600982407016342
2016-04-12,IF,current,IF1604,2016-04-15,3218.45,3215.4,-3.049999999999727,y,0.0605583552,-2.989441644799727,-11.300949218328704,1.0
2016-04-12,IF,current,IF1604,2016-04-15,3218.45,3215.4,-3.049999999999727,d,0.0605583552,-2.989441644799727,-11.300949218328704,1.0
2016-04-12,IF,current,IF1604,2016-04-15,3218.45,3215.4,-3.049999999999727,p,0.0605583552,-2.989441644799727,-11.300949218328704,1.0
2016-04-12,IF,next,IF1605,2016-05-20,3218.45,3165.0,-53.44999999999982,y,4.606392370843821,-48.843607629156,-14.577069858441124,0.864677080263163
2016-04-12,IF,next,IF1605,2016-05-20,3218.45,3165.0,-53.44999999999982,d,4.410366018581154,-49.03963398141866,-14.635572699851277,0.9031091498952545
2016-04-12,IF,next,IF1605,2016-05-20,3218.45,3165.0,-53.44999999999982,p,4.350004614877943,-49.09999538512187,-14.65358718406415,0.9156408460222988
2016-04-12,IF,q1,IF1606,2016-06-17,3218.45,3116.2,-102.25,y,12.6052989515736,-89.6447010484264,-15.403761495711343,0.5345523512561646
2016-04-12,IF,q1,IF1606,2016-06-17,3218.45,3116.2,-102.25,d,10.613830358428665,-91.63616964157134,-15.745958043596906,0.6348501874725739
2016-04-12,IF,q1,IF1606,2016-06-17,3218.45,3116.2,-102.25,p,10.649039847744678,-91.60096015225533,-15.739907952855713,0.6327511483842923
2016-04-12,IF,q2,IF1609,2016-09-16,3218.45,2995.8,-222.64999999999964,y,55.85253671986874,-166.7974632801309,-12.048580590678323,0.7182019358425309
2016-04-12,IF,q2,IF1609,2016-09-16,3218.45,2995.8,-222.64999999999964,d,52.033441186004374,-170.61655881399525,-12.324452174204652,0.7709157626252714
2016-04-12,IF,q2,IF1609,2016-09-16,3218.45,2995.8,-222.64999999999964,p,52.18757890757473,-170.4624210924249,-12.313318067462962,0.7686388377005842
2016-04-13,IF,current,IF1604,2016-04-15,3261.383,3251.6,-9.782999999999902,y,0.061366182527999996,-9.721633817471902,-54.40017844235474,1.0
2016-04-13,IF,current,IF1604,2016-04-15,3261.383,3251.6,-9.782999999999902,d,0.061366182527999996,-9.721633817471902,-54.40017844235474,1.0
2016-04-13,IF,current,IF1604,2016-04-15,3261.383,3251.6,-9.782999999999902,p,0.061366182527999996,-9.721633817471902,-54.40017844235474,1.0
2016-04-13,IF,next,IF1605,2016-05-20,3261.383,3213.8,-47.58299999999963,y,4.66784003778208,-42.91515996221755,-12.980758582519606,0.864677080263163
2016-04-13,IF,next,IF1605,2016-05-20,3261.383,3213.8,-47.58299999999963,d,4.469198762378866,-43.11380123762076,-13.040842581805705,0.9031091498952545
2016-04-13,IF,next,IF1605,2016-05-20,3261.383,3213.8,-47.58299999999963,p,4.408032158611901,-43.174967841387726,-13.05934394397028,0.9156408460222988
2016-04-13,IF,q1,IF1606,2016-06-17,3261.383,3181.4,-79.98299999999972,y,12.774574738628862,-67.20842526137086,-11.5718134679959,0.5381082274987915
2016-04-13,IF,q1,IF1606,2016-06-17,3261.383,3181.4,-79.98299999999972,d,10.76910446414129,-69.21389553585843,-11.917111365420661,0.6383171221473097
2016-04-13,IF,q1,IF1606,2016-06-17,3261.383,3181.4,-79.98299999999972,p,10.803104119870248,-69.17989588012946,-11.911257372077692,0.6363082030294249
2016-04-13,IF,q2,IF1609,2016-09-16,3261.383,3052.0,-209.3829999999998,y,56.59871556867926,-152.78428443132054,-10.960873044096433,0.7190008605044573
2016-04-13,IF,q2,IF1609,2016-09-16,3261.383,3052.0,-209.3829999999998,d,52.74123844778912,-156.64176155221068,-11.237611696569488,0.7715883508805489
2016-04-13,IF,q2,IF1609,2016-09-16,3261.383,3052.0,-209.3829999999998,p,52.895752796893575,-156.48724720310622,-11.2265267072309,0.7693344558982681
2016-04-14,IF,current,IF1604,2016-04-15,3275.832,3269.2,-6.632000000000062,y,0.061638054912,-6.570361945088062,-73.20833638468464,1.0
2016-04-14,IF,current,IF1604,2016-04-15,3275.832,3269.2,-6.632000000000062,d,0.061638054912,-6.570361945088062,-73.20833638468464,1.0
2016-04-14,IF,current,IF1604,2016-04-15,3275.832,3269.2,-6.632000000000062,p,0.061638054912,-6.570361945088062,-73.20833638468464,1.0
2016-04-14,IF,next,IF1605,2016-05-20,3275.832,3233.0,-42.83199999999988,y,4.688520105319659,-38.14347989468022,-11.805626921274657,0.864677080263163
2016-04-14,IF,next,IF1605,2016-05-20,3275.832,3233.0,-42.83199999999988,d,4.488998783694244,-38.34300121630564,-11.867379920540932,0.9031091498952545
2016-04-14,IF,next,IF1605,2016-05-20,3275.832,3233.0,-42.83199999999988,p,4.427561191742871,-38.40443880825701,-11.886395209432301,0.9156408460222988
2016-04-14,IF,q1,IF1606,2016-06-17,3275.832,3192.0,-83.83199999999988,y,12.83117030878988,-71.00082969121,-12.361030932986857,0.5381082274987915
2016-04-14,IF,q1,IF1606,2016-06-17,3275.832,3192.0,-83.83199999999988,d,10.816815140992912,-73.01518485900696,-12.711724110058883,0.6383171221473097
2016-04-14,IF,q1,IF1606,2016-06-17,3275.832,3192.0,-83.83199999999988,p,10.85096542638592,-72.98103457361395,-12.705778648069927,0.6363082030294249
2016-04-14,IF,q2,IF1609,2016-09-16,3275.832,3075.0,-200.83199999999988,y,56.84946650509239,-143.9825334949075,-10.350214644439452,0.7190008605044573
2016-04-14,IF,q2,IF1609,2016-09-16,3275.832,3075.0,-200.83199999999988,d,52.97489949107416,-147.85710050892573,-10.628738707573623,0.7715883508805489
2016-04-14,IF,q2,IF1609,2016-09-16,3275.832,3075.0,-200.83199999999988,p,53.1300983895953,-147.70190161040458,-10.617582202174784,0.7693344558982681
2016-04-15,IF,current,IF1604,2016-04-15,3272.205,3270.2,-2.005000000000109,y,0.0,-2.005000000000109,,
2016-04-15,IF,current,IF1604,2016-04-15,3272.205,3270.2,-2.005000000000109,d,0.0,-2.005000000000109,,
2016-04-15,IF,current,IF1604,2016-04-15,3272.205,3270.2,-2.005000000000109,p,0.0,-2.005000000000109,,
2016-04-15,IF,next,IF1605,2016-05-20,3272.205,3237.6,-34.60500000000002,y,4.876258645891611,-29.728741354108408,-9.474599014818597,1.0
2016-04-15,IF,next,IF1605,2016-05-20,3272.205,3237.6,-34.60500000000002,d,4.876258645891611,-29.728741354108408,-9.474599014818597,1.0
2016-04-15,IF,next,IF1605,2016-05-20,3272.205,3237.6,-34.60500000000002,p,4.876258645891611,-29.728741354108408,-9.474599014818597,1.0
2016-04-15,IF,q1,IF1606,2016-06-17,3272.205,3193.0,-79.20499999999993,y,13.009893310015494,-66.19510668998443,-11.720272183748488,0.5936716637683189
2016-04-15,IF,q1,IF1606,2016-06-17,3272.205,3193.0,-79.20499999999993,d,11.197068847218935,-68.007931152781,-12.041244491034583,0.6897881143888444
2016-04-15,IF,q1,IF1606,2016-06-17,3272.205,3193.0,-79.20499999999993,p,11.292550889700257,-67.91244911029968,-12.024338777266609,0.6839557405802607
2016-04-15,IF,q2,IF1609,2016-09-16,3272.205,3082.4,-189.80499999999984,y,56.9794524647652,-132.82554753523465,-9.620845812826966,0.7310749467295035
2016-04-15,IF,q2,IF1609,2016-09-16,3272.205,3082.4,-189.80499999999984,d,53.30847578162755,-136.4965242183723,-9.886742707711447,0.7814188937983305
2016-04-15,IF,q2,IF1609,2016-09-16,3272.205,3082.4,-189.80499999999984,p,53.52487241225652,-136.28012758774332,-9.871068625004249,0.7782596818636365
2016-04-18,IF,current,IF1605,2016-05-20,3228.453,3191.6,-36.853000000000065,y,4.769714436535543,-32.08328556346452,-11.33514955795445,1.0
2016-04-18,IF,current,IF1605,2016-05-20,3228.453,3191.6,-36.853000000000065,d,4.769714436535543,-32.08328556346452,-11.33514955795445,1.0
2016-04-18,IF,current,IF1605,2016-05-20,3228.453,3191.6,-36.853000000000065,p,4.769714436535543,-32.08328556346452,-11.33514955795445,1.0
2016-04-18,IF,next,IF1606,2016-06-17,3228.453,3145.0,-83.45299999999997,y,12.79848602189628,-70.6545139781037,-13.313341096601503,0.5926323850798193
2016-04-18,IF,next,IF1606,2016-06-17,3228.453,3145.0,-83.45299999999997,d,11.010719005650037,-72.44228099434994,-13.650207784212093,0.6888557679725602
2016-04-18,IF,next,IF1606,2016-06-17,3228.453,3145.0,-83.45299999999997,p,11.104924376797307,-72.34807562320267,-13.632456784755723,0.6830120619654863
2016-04-18,IF,q1,IF1606,2016-06-17,3228.453,3145.0,-83.45299999999997,y,12.79848602189628,-70.6545139781037,-13.313341096601503,0.5926323850798193
2016-04-18,IF,q1,IF1606,2016-06-17,3228.453,3145.0,-83.45299999999997,d,11.010719005650037,-72.44228099434994,-13.650207784212093,0.6888557679725602
2016-04-18,IF,q1,IF1606,2016-06-17,3228.453,3145.0,-83.45299999999997,p,11.104924376797307,-72.34807562320267,-13.632456784755723,0.6830120619654863
2016-04-18,IF,q2,IF1609,2016-09-16,3228.453,3039.8,-188.6529999999998,y,56.33471017982107,-132.31828982017873,-9.906980951481039,0.7339440064962361
2016-04-18,IF,q2,IF1609,2016-09-16,3228.453,3039.8,-188.6529999999998,d,52.73436506383901,-135.9186349361608,-10.176547241457017,0.7840527300201497
2016-04-18,IF,q2,IF1609,2016-09-16,3228.453,3039.8,-188.6529999999998,p,52.967460896117714,-135.6855391038821,-10.159094809345078,0.7806023206449887
2016-04-19,IF,current,IF1605,2016-05-20,3238.303,3192.6,-45.702999999999975,y,4.749947533282613,-40.95305246671736,-14.890180632892655,1.0
2016-04-19,IF,current,IF1605,2016-05-20,3238.303,3192.6,-45.702999999999975,d,4.749947533282613,-40.95305246671736,-14.890180632892655,1.0
2016-04-19,IF,current,IF1605,2016-05-20,3238.303,3192.6,-45.702999999999975,p,4.749947533282613,-40.95305246671736,-14.890180632892655,1.0
2016-04-19,IF,next,IF1606,2016-06-17,3238.303,3148.2,-90.10300000000007,y,12.94781574314778,-77.15518425685228,-14.739694537619263,0.6784675090210772
2016-04-19,IF,next,IF1606,2016-06-17,3238.303,3148.2,-90.10300000000007,d,11.689894390115704,-78.41310560988435,-14.980007313418184,0.7514757620004824
2016-04-19,IF,next,IF1606,2016-06-17,3238.303,3148.2,-90.10300000000007,p,11.759565368204097,-78.34343463179597,-14.966697398536235,0.7470235522708731
2016-04-19,IF,q1,IF1606,2016-06-17,3238.303,3148.2,-90.10300000000007,y,12.94781574314778,-77.15518425685228,-14.739694537619263,0.6784675090210772
2016-04-19,IF,q1,IF1606,2016-06-17,3238.303,3148.2,-90.10300000000007,d,11.689894390115704,-78.41310560988435,-14.980007313418184,0.7514757620004824
2016-04-19,IF,q1,IF1606,2016-06-17,3238.303,3148.2,-90.10300000000007,p,11.759565368204097,-78.34343463179597,-14.966697398536235,0.7470235522708731
2016-04-19,IF,q2,IF1609,2016-09-16,3238.303,3038.6,-199.70299999999997,y,57.08257175003708,-142.62042824996288,-10.716818101175514,0.774242116539652
2016-04-19,IF,q2,IF1609,2016-09-16,3238.303,3038.6,-199.70299999999997,d,54.34107826459806,-145.36192173540192,-10.922820055941175,0.813302433088961
2016-04-19,IF,q2,IF1609,2016-09-16,3238.303,3038.6,-199.70299999999997,p,54.46723342002097,-145.235766579979,-10.91334047528234,0.811418689626888
2016-04-20,IF,current,IF1605,2016-05-20,3181.026,3114.8,-66.22599999999966,y,4.6659335466779535,-61.5600664533217,-23.545258935809205,1.0
2016-04-20,IF,current,IF1605,2016-05-20,3181.026,3114.8,-66.22599999999966,d,4.6659335466779535,-61.5600664533217,-23.545258935809205,1.0
2016-04-20,IF,current,IF1605,2016-05-20,3181.026,3114.8,-66.22599999999966,p,4.6659335466779535,-61.5600664533217,-23.545258935809205,1.0
2016-04-20,IF,next,IF1606,2016-06-17,3181.026,3070.6,-110.42599999999993,y,12.759696901867283,-97.66630309813264,-19.321569481268437,0.6853063289029094
2016-04-20,IF,next,IF1606,2016-06-17,3181.026,3070.6,-110.42599999999993,d,11.518399737608705,-98.90760026239123,-19.567138409806923,0.7591593659648305
2016-04-20,IF,next,IF1606,2016-06-17,3181.026,3070.6,-110.42599999999993,p,11.597939629990734,-98.8280603700092,-19.551402833580106,0.7539529710191706
2016-04-20,IF,q1,IF1606,2016-06-17,3181.026,3070.6,-110.42599999999993,y,12.759696901867283,-97.66630309813264,-19.321569481268437,0.6853063289029094
2016-04-20,IF,q1,IF1606,2016-06-17,3181.026,3070.6,-110.42599999999993,d,11.518399737608705,-98.90760026239123,-19.567138409806923,0.7591593659648305
2016-04-20,IF,q1,IF1606,2016-06-17,3181.026,3070.6,-110.42599999999993,p,11.597939629990734,-98.8280603700092,-19.551402833580106,0.7539529710191706
2016-04-20,IF,q2,IF1609,2016-09-16,3181.026,2958.8,-222.22599999999966,y,56.09992688914724,-166.12607311085242,-12.793140707343758,0.7772202418784383
2016-04-20,IF,q2,IF1609,2016-09-16,3181.026,2958.8,-222.22599999999966,d,53.42092051422767,-168.80507948577198,-12.999447308519766,0.8161970689841097
2016-04-20,IF,q2,IF1609,2016-09-16,3181.026,2958.8,-222.22599999999966,p,53.55616253481362,-168.66983746518605,-12.98903250627649,0.8141359776814238
2016-04-21,IF,current,IF1605,2016-05-20,3160.603,3115.0,-45.603000000000065,y,4.635977060681359,-40.96702293931871,-16.313957388828833,1.0
2016-04-21,IF,current,IF1605,2016-05-20,3160.603,3115.0,-45.603000000000065,d,4.635977060681359,-40.96702293931871,-16.313957388828833,1.0
2016-04-21,IF,current,IF1605,2016-05-20,3160.603,3115.0,-45.603000000000065,p,4.635977060681359,-40.96702293931871,-16.313957388828833,1.0
2016-04-21,IF,next,IF1606,2016-06-17,3160.603,3071.8,-88.80299999999988,y,12.67777638633964,-76.12522361366024,-15.423276418303491,0.6853063289029094
2016-04-21,IF,next,IF1606,2016-06-17,3160.603,3071.8,-88.80299999999988,d,11.444448667154965,-77.35855133284491,-15.673153573658444,0.7591593659648305
2016-04-21,IF,next,IF1606,2016-06-17,3160.603,3071.8,-88.80299999999988,p,11.52347789309726,-77.27952210690262,-15.657141934690808,0.7539529710191706
2016-04-21,IF,q1,IF1606,2016-06-17,3160.603,3071.8,-88.80299999999988,y,12.67777638633964,-76.12522361366024,-15.423276418303491,0.6853063289029094
2016-04-21,IF,q1,IF1606,2016-06-17,3160.603,3071.8,-88.80299999999988,d,11.444448667154965,-77.35855133284491,-15.673153573658444,0.7591593659648305
2016-04-21,IF,q1,IF1606,2016-06-17,3160.603,3071.8,-88.80299999999988,p,11.52347789309726,-77.27952210690262,-15.657141934690808,0.7539529710191706
2016-04-21,IF,q2,IF1609,2016-09-16,3160.603,2964.4,-196.20299999999997,y,55.73975101920558,-140.4632489807944,-10.960337075515367,0.7772202418784383
2016-04-21,IF,q2,IF1609,2016-09-16,3160.603,2964.4,-196.20299999999997,d,53.077944549975236,-143.12505545002475,-11.16803764021284,0.8161970689841097
2016-04-21,IF,q2,IF1609,2016-09-16,3160.603,2964.4,-196.20299999999997,p,53.21231828222075,-142.99068171777924,-11.157552467684136,0.8141359776814238
2016-04-22,IF,current,IF1605,2016-05-20,3174.901,3141.2,-33.70100000000002,y,4.585764964663303,-29.115235035336717,-11.954321891676871,1.0
2016-04-22,IF,current,IF1605,2016-05-20,3174.901,3141.2,-33.70100000000002,d,4.585764964663303,-29.115235035336717,-11.954321891676871,1.0
2016-04-22,IF,current,IF1605,2016-05-20,3174.901,3141.2,-33.70100000000002,p,4.585764964663303,-29.115235035336717,-11.954321891676871,1.0
2016-04-22,IF,next,IF1606,2016-06-17,3174.901,3099.0,-75.90099999999984,y,12.671692283647122,-63.22930771635272,-12.980549470265116,0.6844386904842243
2016-04-22,IF,next,IF1606,2016-06-17,3174.901,3099.0,-75.90099999999984,d,11.434033392933243,-64.4669666070666,-13.234632474467766,0.7585246758330089
2016-04-22,IF,next,IF1606,2016-06-17,3174.901,3099.0,-75.90099999999984,p,11.512374155960968,-64.38862584403887,-13.21854964536925,0.753362977552959
2016-04-22,IF,q1,IF1606,2016-06-17,3174.901,3099.0,-75.90099999999984,y,12.671692283647122,-63.22930771635272,-12.980549470265116,0.6844386904842243
2016-04-22,IF,q1,IF1606,2016-06-17,3174.901,3099.0,-75.90099999999984,d,11.434033392933243,-64.4669666070666,-13.234632474467766,0.7585246758330089
2016-04-22,IF,q1,IF1606,2016-06-17,3174.901,3099.0,-75.90099999999984,p,11.512374155960968,-64.38862584403887,-13.21854964536925,0.753362977552959
2016-04-22,IF,q2,IF1609,2016-09-16,3174.901,2990.0,-184.90099999999984,y,56.02290383106221,-128.87809616893765,-10.079162659425586,0.8050524305453077
2016-04-22,IF,q2,IF1609,2016-09-16,3174.901,2990.0,-184.90099999999984,d,53.59768148378648,-131.30331851621335,-10.26883189919635,0.8414799604539986
2016-04-22,IF,q2,IF1609,2016-09-16,3174.901,2990.0,-184.90099999999984,p,53.64675677077374,-131.2542432292261,-10.264993870743057,0.8407101866029947
2016-04-25,IF,current,IF1605,2016-05-20,3162.033,3127.6,-34.43299999999999,y,4.532306899098867,-29.900693100901126,-13.805995044111066,1.0
2016-04-25,IF,current,IF1605,2016-05-20,3162.033,3127.6,-34.43299999999999,d,4.532306899098867,-29.900693100901126,-13.805995044111066,1.0
2016-04-25,IF,current,IF1605,2016-05-20,3162.033,3127.6,-34.43299999999999,p,4.532306899098867,-29.900693100901126,-13.805995044111066,1.0
2016-04-25,IF,next,IF1606,2016-06-17,3162.033,3084.8,-77.23299999999972,y,12.858259163512255,-64.37474083648746,-14.02058357220248,0.6996024065572154
2016-04-25,IF,next,IF1606,2016-06-17,3162.033,3084.8,-77.23299999999972,d,11.646317795023982,-65.58668220497574,-14.284539978406269,0.7724045671133102
2016-04-25,IF,next,IF1606,2016-06-17,3162.033,3084.8,-77.23299999999972,p,11.722887742230638,-65.51011225776908,-14.26786332340183,0.7673594811049379
2016-04-25,IF,q1,IF1606,2016-06-17,3162.033,3084.8,-77.23299999999972,y,12.858259163512255,-64.37474083648746,-14.02058357220248,0.6996024065572154
2016-04-25,IF,q1,IF1606,2016-06-17,3162.033,3084.8,-77.23299999999972,d,11.646317795023982,-65.58668220497574,-14.284539978406269,0.7724045671133102
2016-04-25,IF,q1,IF1606,2016-06-17,3162.033,3084.8,-77.23299999999972,p,11.722887742230638,-65.51011225776908,-14.26786332340183,0.7673594811049379
2016-04-25,IF,q2,IF1609,2016-09-16,3162.033,2970.8,-191.23299999999972,y,56.03376652670485,-135.19923347329487,-10.837726915315907,0.8080199604220476
2016-04-25,IF,q2,IF1609,2016-09-16,3162.033,2970.8,-191.23299999999972,d,53.63907494356655,-137.59392505643316,-11.029688162119756,0.844093636194163
2016-04-25,IF,q2,IF1609,2016-09-16,3162.033,2970.8,-191.23299999999972,p,53.68649802887085,-137.54650197112886,-11.025886672756199,0.8433480199594716
2016-04-26,IF,current,IF1605,2016-05-20,3179.161,3143.0,-36.16100000000006,y,4.5568573552667075,-31.60414264473335,-15.11865350812116,1.0
2016-04-26,IF,current,IF1605,2016-05-20,3179.161,3143.0,-36.16100000000006,d,4.5568573552667075,-31.60414264473335,-15.11865350812116,1.0
2016-04-26,IF,current,IF1605,2016-05-20,3179.161,3143.0,-36.16100000000006,p,4.5568573552667075,-31.60414264473335,-15.11865350812116,1.0
2016-04-26,IF,next,IF1606,2016-06-17,3179.161,3102.0,-77.16100000000006,y,12.876431227830983,-64.28456877216908,-14.19331147785031,0.7307052974377194
2016-04-26,IF,next,IF1606,2016-06-17,3179.161,3102.0,-77.16100000000006,d,11.794514710778122,-65.36648528922194,-14.432186505136958,0.7977332464277239
2016-04-26,IF,next,IF1606,2016-06-17,3179.161,3102.0,-77.16100000000006,p,11.884795983888948,-65.27620401611111,-14.412253413037975,0.7916733718461191
2016-04-26,IF,q1,IF1606,2016-06-17,3179.161,3102.0,-77.16100000000006,y,12.876431227830983,-64.28456877216908,-14.19331147785031,0.7307052974377194
2016-04-26,IF,q1,IF1606,2016-06-17,3179.161,3102.0,-77.16100000000006,d,11.794514710778122,-65.36648528922194,-14.432186505136958,0.7977332464277239
2016-04-26,IF,q1,IF1606,2016-06-17,3179.161,3102.0,-77.16100000000006,p,11.884795983888948,-65.27620401611111,-14.412253413037975,0.7916733718461191
2016-04-26,IF,q2,IF1609,2016-09-16,3179.161,2989.8,-189.36099999999988,y,56.27134008545886,-133.08965991454102,-10.685346753591508,0.8223133837261674
2016-04-26,IF,q2,IF1609,2016-09-16,3179.161,2989.8,-189.36099999999988,d,54.12134766512996,-135.2396523348699,-10.857962827173477,0.8549801154026471
2016-04-26,IF,q2,IF1609,2016-09-16,3179.161,2989.8,-189.36099999999988,p,54.17047138627704,-135.19052861372285,-10.854018839378933,0.8542047888511048
2016-04-27,IF,current,IF1605,2016-05-20,3165.916,3125.8,-40.115999999999985,y,4.211617827191345,-35.90438217280864,-17.997537978946006,1.0
2016-04-27,IF,current,IF1605,2016-05-20,3165.916,3125.8,-40.115999999999985,d,4.211617827191345,-35.90438217280864,-17.997537978946006,1.0
2016-04-27,IF,current,IF1605,2016-05-20,3165.916,3125.8,-40.115999999999985,p,4.211617827191345,-35.90438217280864,-17.997537978946006,1.0
2016-04-27,IF,next,IF1606,2016-06-17,3165.916,3086.8,-79.11599999999999,y,12.496530744886673,-66.61946925511332,-15.05998256460767,0.7236746514680363
2016-04-27,IF,next,IF1606,2016-06-17,3165.916,3086.8,-79.11599999999999,d,11.41912170143089,-67.69687829856909,-15.303541415958763,0.791954299798054
2016-04-27,IF,next,IF1606,2016-06-17,3165.916,3086.8,-79.11599999999999,p,11.509026845285492,-67.6069731547145,-15.283217478916667,0.7857677849687155
2016-04-27,IF,q1,IF1606,2016-06-17,3165.916,3086.8,-79.11599999999999,y,12.496530744886673,-66.61946925511332,-15.05998256460767,0.7236746514680363
2016-04-27,IF,q1,IF1606,2016-06-17,3165.916,3086.8,-79.11599999999999,d,11.41912170143089,-67.69687829856909,-15.303541415958763,0.791954299798054
2016-04-27,IF,q1,IF1606,2016-06-17,3165.916,3086.8,-79.11599999999999,p,11.509026845285492,-67.6069731547145,-15.283217478916667,0.7857677849687155
2016-04-27,IF,q2,IF1609,2016-09-16,3165.916,2972.0,-193.91600000000017,y,55.81958074705878,-138.0964192529414,-11.212115169187802,0.8403046913184369
2016-04-27,IF,q2,IF1609,2016-09-16,3165.916,2972.0,-193.91600000000017,d,53.82645394285919,-140.08954605714098,-11.373938099835621,0.8714201314278559
2016-04-27,IF,q2,IF1609,2016-09-16,3165.916,2972.0,-193.91600000000017,p,53.88417209643819,-140.03182790356198,-11.369251934989483,0.8704867077707648
2016-04-28,IF,current,IF1605,2016-05-20,3160.581,3121.2,-39.38100000000031,y,3.7651541953876335,-35.61584580461268,-18.695906225474523,1.0
2016-04-28,IF,current,IF1605,2016-05-20,3160.581,3121.2,-39.38100000000031,d,3.7651541953876335,-35.61584580461268,-18.695906225474523,1.0
2016-04-28,IF,current,IF1605,2016-05-20,3160.581,3121.2,-39.38100000000031,p,3.7651541953876335,-35.61584580461268,-18.695906225474523,1.0
2016-04-28,IF,next,IF1606,2016-06-17,3160.581,3082.4,-78.18100000000004,y,11.79425520282922,-66.38674479717082,-15.333359183623108,0.9993868140307129
2016-04-28,IF,next,IF1606,2016-06-17,3160.581,3082.4,-78.18100000000004,d,11.79425520282922,-66.38674479717082,-15.333359183623108,0.9993868140307129
2016-04-28,IF,next,IF1606,2016-06-17,3160.581,3082.4,-78.18100000000004,p,11.79425520282922,-66.38674479717082,-15.333359183623108,0.9993868140307129
2016-04-28,IF,q1,IF1606,2016-06-17,3160.581,3082.4,-78.18100000000004,y,11.79425520282922,-66.38674479717082,-15.333359183623108,0.9993868140307129
2016-04-28,IF,q1,IF1606,2016-06-17,3160.581,3082.4,-78.18100000000004,d,11.79425520282922,-66.38674479717082,-15.333359183623108,0.9993868140307129
2016-04-28,IF,q1,IF1606,2016-06-17,3160.581,3082.4,-78.18100000000004,p,11.79425520282922,-66.38674479717082,-15.333359183623108,0.9993868140307129
2016-04-28,IF,q2,IF1609,2016-09-16,3160.581,2970.4,-190.18100000000004,y,55.042854267881104,-135.13814573211894,-11.068398386206448,0.9248721339584124
2016-04-28,IF,q2,IF1609,2016-09-16,3160.581,2970.4,-190.18100000000004,d,54.625800526926675,-135.55519947307337,-11.102556890663744,0.9319332915002909
2016-04-28,IF,q2,IF1609,2016-09-16,3160.581,2970.4,-190.18100000000004,p,54.68174183102171,-135.49925816897832,-11.097975056004007,0.930979891664982
2016-04-29,IF,current,IF1605,2016-05-20,3156.745,3128.0,-28.74499999999989,y,3.760584424357083,-24.984415575642807,-13.756351475528513,1.0
2016-04-29,IF,current,IF1605,2016-05-20,3156.745,3128.0,-28.74499999999989,d,3.760584424357083,-24.984415575642807,-13.756351475528513,1.0
2016-04-29,IF,current,IF1605,2016-05-20,3156.745,3128.0,-28.74499999999989,p,3.760584424357083,-24.984415575642807,-13.756351475528513,1.0
2016-04-29,IF,next,IF1606,2016-06-17,3156.745,3089.8,-66.94499999999971,y,11.790061339661039,-55.15493866033867,-13.014925579033774,1.0
2016-04-29,IF,next,IF1606,2016-06-17,3156.745,3089.8,-66.94499999999971,d,11.790061339661039,-55.15493866033867,-13.014925579033774,1.0
2016-04-29,IF,next,IF1606,2016-06-17,3156.745,3089.8,-66.94499999999971,p,11.790061339661039,-55.15493866033867,-13.014925579033774,1.0
2016-04-29,IF,q1,IF1606,2016-06-17,3156.745,3089.8,-66.94499999999971,y,11.790061339661039,-55.15493866033867,-13.014925579033774,1.0
2016-04-29,IF,q1,IF1606,2016-06-17,3156.745,3089.8,-66.94499999999971,d,11.790061339661039,-55.15493866033867,-13.014925579033774,1.0
2016-04-29,IF,q1,IF1606,2016-06-17,3156.745,3089.8,-66.94499999999971,p,11.790061339661039,-55.15493866033867,-13.014925579033774,1.0
2016-04-29,IF,q2,IF1609,2016-09-16,3156.745,2978.0,-178.7449999999999,y,55.276825851216735,-123.46817414878316,-10.197186288929592,0.9822156286867805
2016-04-29,IF,q2,IF1609,2016-09-16,3156.745,2978.0,-178.7449999999999,d,55.64853198448942,-123.09646801551047,-10.166487230554015,0.9756548882618412
2016-04-29,IF,q2,IF1609,2016-09-16,3156.745,2978.0,-178.7449999999999,p,55.52298169452707,-123.22201830547283,-10.1768563779412,0.9778610693851532
2016-05-03,IF,current,IF1605,2016-05-20,3213.54,3200.0,-13.539999999999964,y,3.869137449446705,-9.67086255055326,-6.461382391476541,1.0
2016-05-03,IF,current,IF1605,2016-05-20,3213.54,3200.0,-13.539999999999964,d,3.869137449446705,-9.67086255055326,-6.461382391476541,1.0
2016-05-03,IF,current,IF1605,2016-05-20,3213.54,3200.0,-13.539999999999964,p,3.869137449446705,-9.67086255055326,-6.461382391476541,1.0
2016-05-03,IF,next,IF1606,2016-06-17,3213.54,3155.0,-58.539999999999964,y,12.177376758755136,-46.362623241244826,-11.702122535033613,1.0
2016-05-03,IF,next,IF1606,2016-06-17,3213.54,3155.0,-58.539999999999964,d,12.177376758755136,-46.362623241244826,-11.702122535033613,1.0
2016-05-03,IF,next,IF1606,2016-06-17,3213.54,3155.0,-58.539999999999964,p,12.177376758755136,-46.362623241244826,-11.702122535033613,1.0
2016-05-03,IF,q1,IF1606,2016-06-17,3213.54,3155.0,-58.539999999999964,y,12.177376758755136,-46.362623241244826,-11.702122535033613,1.0
2016-05-03,IF,q1,IF1606,2016-06-17,3213.54,3155.0,-58.539999999999964,d,12.177376758755136,-46.362623241244826,-11.702122535033613,1.0
2016-05-03,IF,q1,IF1606,2016-06-17,3213.54,3155.0,-58.539999999999964,p,12.177376758755136,-46.362623241244826,-11.702122535033613,1.0
2016-05-03,IF,q2,IF1609,2016-09-16,3213.54,3041.0,-172.53999999999996,y,56.848067373836976,-115.69193262616298,-9.66213991253312,0.9819706034706154
2016-05-03,IF,q2,IF1609,2016-09-16,3213.54,3041.0,-172.53999999999996,d,57.23560601178584,-115.30439398821412,-9.6297741938838,0.9753217431423703
2016-05-03,IF,q2,IF1609,2016-09-16,3213.54,3041.0,-172.53999999999996,p,57.10470801465649,-115.43529198534347,-9.640706285118036,0.977557419799736
2016-05-04,IF,current,IF1605,2016-05-20,3209.461,3188.2,-21.260999999999967,y,3.864226288653221,-17.396773711346746,-12.36543769468137,1.0
2016-05-04,IF,current,IF1605,2016-05-20,3209.461,3188.2,-21.260999999999967,d,3.864226288653221,-17.396773711346746,-12.36543769468137,1.0
2016-05-04,IF,current,IF1605,2016-05-20,3209.461,3188.2,-21.260999999999967,p,3.864226288653221,-17.396773711346746,-12.36543769468137,1.0
2016-05-04,IF,next,IF1606,2016-06-17,3209.461,3143.8,-65.6609999999996,y,12.16191981102803,-53.499080188971575,-13.827841744493591,1.0
2016-05-04,IF,next,IF1606,2016-06-17,3209.461,3143.8,-65.6609999999996,d,12.16191981102803,-53.499080188971575,-13.827841744493591,1.0
2016-05-04,IF,next,IF1606,2016-06-17,3209.461,3143.8,-65.6609999999996,p,12.16191981102803,-53.499080188971575,-13.827841744493591,1.0
2016-05-04,IF,q1,IF1606,2016-06-17,3209.461,3143.8,-65.6609999999996,y,12.16191981102803,-53.499080188971575,-13.827841744493591,1.0
2016-05-04,IF,q1,IF1606,2016-06-17,3209.461,3143.8,-65.6609999999996,d,12.16191981102803,-53.499080188971575,-13.827841744493591,1.0
2016-05-04,IF,q1,IF1606,2016-06-17,3209.461,3143.8,-65.6609999999996,p,12.16191981102803,-53.499080188971575,-13.827841744493591,1.0
2016-05-04,IF,q2,IF1609,2016-09-16,3209.461,3030.4,-179.0609999999997,y,56.775909172346445,-122.28509082765325,-10.301500874398222,0.9819706034706154
2016-05-04,IF,q2,IF1609,2016-09-16,3209.461,3030.4,-179.0609999999997,d,57.16295590102883,-121.89804409897087,-10.268895409684834,0.9753217431423703
2016-05-04,IF,q2,IF1609,2016-09-16,3209.461,3030.4,-179.0609999999997,p,57.03222405491371,-122.02877594508598,-10.279908479372656,0.977557419799736
2016-05-05,IF,current,IF1605,2016-05-20,3213.92,3192.6,-21.320000000000164,y,3.86959497361967,-17.450405026380494,-13.212106160345996,1.0
2016-05-05,IF,current,IF1605,2016-05-20,3213.92,3192.6,-21.320000000000164,d,3.86959497361967,-17.450405026380494,-13.212106160345996,1.0
2016-05-05,IF,current,IF1605,2016-05-20,3213.92,3192.6,-21.320000000000164,p,3.86959497361967,-17.450405026380494,-13.212106160345996,1.0
2016-05-05,IF,next,IF1606,2016-06-17,3213.92,3146.8,-67.11999999999989,y,12.178816729369576,-54.94118327063032,-14.51066631503256,1.0
2016-05-05,IF,next,IF1606,2016-06-17,3213.92,3146.8,-67.11999999999989,d,12.178816729369576,-54.94118327063032,-14.51066631503256,1.0
2016-05-05,IF,next,IF1606,2016-06-17,3213.92,3146.8,-67.11999999999989,p,12.178816729369576,-54.94118327063032,-14.51066631503256,1.0
2016-05-05,IF,q1,IF1606,2016-06-17,3213.92,3146.8,-67.11999999999989,y,12.178816729369576,-54.94118327063032,-14.51066631503256,1.0
2016-05-05,IF,q1,IF1606,2016-06-17,3213.92,3146.8,-67.11999999999989,d,12.178816729369576,-54.94118327063032,-14.51066631503256,1.0
2016-05-05,IF,q1,IF1606,2016-06-17,3213.92,3146.8,-67.11999999999989,p,12.178816729369576,-54.94118327063032,-14.51066631503256,1.0
2016-05-05,IF,q2,IF1609,2016-09-16,3213.92,3027.0,-186.92000000000007,y,56.8547896382563,-130.06521036174377,-11.023364080344827,0.9819706034706154
2016-05-05,IF,q2,IF1609,2016-09-16,3213.92,3027.0,-186.92000000000007,d,57.242374102515846,-129.67762589748423,-10.990515291267906,0.9753217431423703
2016-05-05,IF,q2,IF1609,2016-09-16,3213.92,3027.0,-186.92000000000007,p,57.11146062674334,-129.80853937325674,-11.001610548042951,0.977557419799736
2016-05-06,IF,current,IF1605,2016-05-20,3130.354,3088.4,-41.95399999999972,y,1.7394378751301829,-40.21456212486954,-33.49305171139791,1.0
2016-05-06,IF,current,IF1605,2016-05-20,3130.354,3088.4,-41.95399999999972,d,1.7394378751301829,-40.21456212486954,-33.49305171139791,1.0
2016-05-06,IF,current,IF1605,2016-05-20,3130.354,3088.4,-41.95399999999972,p,1.7394378751301829,-40.21456212486954,-33.49305171139791,1.0
2016-05-06,IF,next,IF1606,2016-06-17,3130.354,3044.0,-86.35399999999981,y,9.83260931685827,-76.52139068314155,-21.243837719119572,1.0
2016-05-06,IF,next,IF1606,2016-06-17,3130.354,3044.0,-86.35399999999981,d,9.83260931685827,-76.52139068314155,-21.243837719119572,1.0
2016-05-06,IF,next,IF1606,2016-06-17,3130.354,3044.0,-86.35399999999981,p,9.83260931685827,-76.52139068314155,-21.243837719119572,1.0
2016-05-06,IF,q1,IF1606,2016-06-17,3130.354,3044.0,-86.35399999999981,y,9.83260931685827,-76.52139068314155,-21.243837719119572,1.0
2016-05-06,IF,q1,IF1606,2016-06-17,3130.354,3044.0,-86.35399999999981,d,9.83260931685827,-76.52139068314155,-21.243837719119572,1.0
2016-05-06,IF,q1,IF1606,2016-06-17,3130.354,3044.0,-86.35399999999981,p,9.83260931685827,-76.52139068314155,-21.243837719119572,1.0
2016-05-06,IF,q2,IF1609,2016-09-16,3130.354,2937.6,-192.7539999999999,y,53.346950214959406,-139.4070497850405,-12.221724984742,0.9812846892755722
2016-05-06,IF,q2,IF1609,2016-09-16,3130.354,2937.6,-192.7539999999999,d,53.72445699111834,-139.02954300888157,-12.18862921228856,0.9743894754327634
2016-05-06,IF,q2,IF1609,2016-09-16,3130.354,2937.6,-192.7539999999999,p,53.596947431907665,-139.15705256809224,-12.199807892046875,0.9767075920133728
2016-05-09,IF,current,IF1605,2016-05-20,3065.615,3022.0,-43.61499999999978,y,1.703464477681187,-41.911535522318594,-45.36450113345576,1.0
2016-05-09,IF,current,IF1605,2016-05-20,3065.615,3022.0,-43.61499999999978,d,1.703464477681187,-41.911535522318594,-45.36450113345576,1.0
2016-05-09,IF,current,IF1605,2016-05-20,3065.615,3022.0,-43.61499999999978,p,1.703464477681187,-41.911535522318594,-45.36450113345576,1.0
2016-05-09,IF,next,IF1606,2016-06-17,3065.615,2985.0,-80.61499999999978,y,9.629260655791795,-70.98573934420799,-21.6711398650933,1.0
2016-05-09,IF,next,IF1606,2016-06-17,3065.615,2985.0,-80.61499999999978,d,9.629260655791795,-70.98573934420799,-21.6711398650933,1.0
2016-05-09,IF,next,IF1606,2016-06-17,3065.615,2985.0,-80.61499999999978,p,9.629260655791795,-70.98573934420799,-21.6711398650933,1.0
2016-05-09,IF,q1,IF1606,2016-06-17,3065.615,2985.0,-80.61499999999978,y,9.629260655791795,-70.98573934420799,-21.6711398650933,1.0
2016-05-09,IF,q1,IF1606,2016-06-17,3065.615,2985.0,-80.61499999999978,d,9.629260655791795,-70.98573934420799,-21.6711398650933,1.0
2016-05-09,IF,q1,IF1606,2016-06-17,3065.615,2985.0,-80.61499999999978,p,9.629260655791795,-70.98573934420799,-21.6711398650933,1.0
2016-05-09,IF,q2,IF1609,2016-09-16,3065.615,2875.0,-190.61499999999978,y,52.24367939959276,-138.37132060040702,-12.672957708485539,0.9812846892755722
2016-05-09,IF,q2,IF1609,2016-09-16,3065.615,2875.0,-190.61499999999978,d,52.613378940154135,-138.00162105984566,-12.639098187437023,0.9743894754327634
2016-05-09,IF,q2,IF1609,2016-09-16,3065.615,2875.0,-190.61499999999978,p,52.48850641220374,-138.12649358779603,-12.650534836728223,0.9767075920133728
2016-05-10,IF,current,IF1605,2016-05-20,3069.112,3035.2,-33.91200000000026,y,1.7054076490443397,-32.20659235095592,-38.30230440628727,1.0
2016-05-10,IF,current,IF1605,2016-05-20,3069.112,3035.2,-33.91200000000026,d,1.7054076490443397,-32.20659235095592,-38.30230440628727,1.0
2016-05-10,IF,current,IF1605,2016-05-20,3069.112,3035.2,-33.91200000000026,p,1.7054076490443397,-32.20659235095592,-38.30230440628727,1.0
2016-05-10,IF,next,IF1606,2016-06-17,3069.112,2992.6,-76.51200000000017,y,9.640244919801889,-66.87175508019828,-20.928555405458933,1.0
2016-05-10,IF,next,IF1606,2016-06-17,3069.112,2992.6,-76.51200000000017,d,9.640244919801889,-66.87175508019828,-20.928555405458933,1.0
2016-05-10,IF,next,IF1606,2016-06-17,3069.112,2992.6,-76.51200000000017,p,9.640244919801889,-66.87175508019828,-20.928555405458933,1.0
2016-05-10,IF,q1,IF1606,2016-06-17,3069.112,2992.6,-76.51200000000017,y,9.640244919801889,-66.87175508019828,-20.928555405458933,1.0
2016-05-10,IF,q1,IF1606,2016-06-17,3069.112,2992.6,-76.51200000000017,d,9.640244919801889,-66.87175508019828,-20.928555405458933,1.0
2016-05-10,IF,q1,IF1606,2016-06-17,3069.112,2992.6,-76.51200000000017,p,9.640244919801889,-66.87175508019828,-20.928555405458933,1.0
2016-05-10,IF,q2,IF1609,2016-09-16,3069.112,2882.4,-186.712,y,52.30327466738091,-134.40872533261907,-12.391328753205398,0.9812846892755722
2016-05-10,IF,q2,IF1609,2016-09-16,3069.112,2882.4,-186.712,d,52.673395930596094,-134.0386040694039,-12.357206755249527,0.9743894754327634
2016-05-10,IF,q2,IF1609,2016-09-16,3069.112,2882.4,-186.712,p,52.54838095839545,-134.16361904160453,-12.36873206073678,0.9767075920133728
2016-05-11,IF,current,IF1605,2016-05-20,3082.809,3052.4,-30.409000000000106,y,1.713018635078398,-28.695981364921707,-37.750683434045676,1.0
2016-05-11,IF,current,IF1605,2016-05-20,3082.809,3052.4,-30.409000000000106,d,1.713018635078398,-28.695981364921707,-37.750683434045676,1.0
2016-05-11,IF,current,IF1605,2016-05-20,3082.809,3052.4,-30.409000000000106,p,1.713018635078398,-28.695981364921707,-37.750683434045676,1.0
2016-05-11,IF,next,IF1606,2016-06-17,3082.809,3006.0,-76.8090000000002,y,9.683267929280372,-67.12573207071982,-21.479964403658368,1.0
2016-05-11,IF,next,IF1606,2016-06-17,3082.809,3006.0,-76.8090000000002,d,9.683267929280372,-67.12573207071982,-21.479964403658368,1.0
2016-05-11,IF,next,IF1606,2016-06-17,3082.809,3006.0,-76.8090000000002,p,9.683267929280372,-67.12573207071982,-21.479964403658368,1.0
2016-05-11,IF,q1,IF1606,2016-06-17,3082.809,3006.0,-76.8090000000002,y,9.683267929280372,-67.12573207071982,-21.479964403658368,1.0
2016-05-11,IF,q1,IF1606,2016-06-17,3082.809,3006.0,-76.8090000000002,d,9.683267929280372,-67.12573207071982,-21.479964403658368,1.0
2016-05-11,IF,q1,IF1606,2016-06-17,3082.809,3006.0,-76.8090000000002,p,9.683267929280372,-67.12573207071982,-21.479964403658368,1.0
2016-05-11,IF,q2,IF1609,2016-09-16,3082.809,2896.0,-186.8090000000002,y,52.53669656697895,-134.27230343302125,-12.420032031119172,0.9812846892755722
2016-05-11,IF,q2,IF1609,2016-09-16,3082.809,2896.0,-186.8090000000002,d,52.90846962750301,-133.9005303724972,-12.385643455054272,0.9743894754327634
2016-05-11,IF,q2,IF1609,2016-09-16,3082.809,2896.0,-186.8090000000002,p,52.78289673168334,-134.02610326831686,-12.397258801990645,0.9767075920133728
2016-05-12,IF,current,IF1605,2016-05-20,3090.137,3066.6,-23.537000000000262,y,1.7170905709517705,-21.81990942904849,-32.21647997161088,1.0
2016-05-12,IF,current,IF1605,2016-05-20,3090.137,3066.6,-23.537000000000262,d,1.7170905709517705,-21.81990942904849,-32.21647997161088,1.0
2016-05-12,IF,current,IF1605,2016-05-20,3090.137,3066.6,-23.537000000000262,p,1.7170905709517705,-21.81990942904849,-32.21647997161088,1.0
2016-05-12,IF,next,IF1606,2016-06-17,3090.137,3029.8,-60.33699999999999,y,9.706285569161976,-50.63071443083801,-16.612182177661698,1.0
2016-05-12,IF,next,IF1606,2016-06-17,3090.137,3029.8,-60.33699999999999,d,9.706285569161976,-50.63071443083801,-16.612182177661698,1.0
2016-05-12,IF,next,IF1606,2016-06-17,3090.137,3029.8,-60.33699999999999,p,9.706285569161976,-50.63071443083801,-16.612182177661698,1.0
2016-05-12,IF,q1,IF1606,2016-06-17,3090.137,3029.8,-60.33699999999999,y,9.706285569161976,-50.63071443083801,-16.612182177661698,1.0
2016-05-12,IF,q1,IF1606,2016-06-17,3090.137,3029.8,-60.33699999999999,d,9.706285569161976,-50.63071443083801,-16.612182177661698,1.0
2016-05-12,IF,q1,IF1606,2016-06-17,3090.137,3029.8,-60.33699999999999,p,9.706285569161976,-50.63071443083801,-16.612182177661698,1.0
2016-05-12,IF,q2,IF1609,2016-09-16,3090.137,2923.0,-167.13700000000017,y,52.66157907265569,-114.47542092734449,-10.64691185237814,0.9812846892755722
2016-05-12,IF,q2,IF1609,2016-09-16,3090.137,2923.0,-167.13700000000017,d,53.03423585740254,-114.10276414259764,-10.612252500123752,0.9743894754327634
2016-05-12,IF,q2,IF1609,2016-09-16,3090.137,2923.0,-167.13700000000017,p,52.908364468169694,-114.22863553183048,-10.623959306484823,0.9767075920133728
2016-05-13,IF,current,IF1605,2016-05-20,3074.935,3068.0,-6.934999999999945,y,1.7086433044197011,-5.226356695580244,-8.862534348051442,1.0
2016-05-13,IF,current,IF1605,2016-05-20,3074.935,3068.0,-6.934999999999945,d,1.7086433044197011,-5.226356695580244,-8.862534348051442,1.0
2016-05-13,IF,current,IF1605,2016-05-20,3074.935,3068.0,-6.934999999999945,p,1.7086433044197011,-5.226356695580244,-8.862534348051442,1.0
2016-05-13,IF,next,IF1606,2016-06-17,3074.935,3027.6,-47.335000000000036,y,9.658535274200167,-37.67646472579987,-12.777886477894842,1.0
2016-05-13,IF,next,IF1606,2016-06-17,3074.935,3027.6,-47.335000000000036,d,9.658535274200167,-37.67646472579987,-12.777886477894842,1.0
2016-05-13,IF,next,IF1606,2016-06-17,3074.935,3027.6,-47.335000000000036,p,9.658535274200167,-37.67646472579987,-12.777886477894842,1.0
2016-05-13,IF,q1,IF1606,2016-06-17,3074.935,3027.6,-47.335000000000036,y,9.658535274200167,-37.67646472579987,-12.777886477894842,1.0
2016-05-13,IF,q1,IF1606,2016-06-17,3074.935,3027.6,-47.335000000000036,d,9.658535274200167,-37.67646472579987,-12.777886477894842,1.0
2016-05-13,IF,q1,IF1606,2016-06-17,3074.935,3027.6,-47.335000000000036,p,9.658535274200167,-37.67646472579987,-12.777886477894842,1.0
2016-05-13,IF,q2,IF1609,2016-09-16,3074.935,2922.0,-152.93499999999995,y,52.40250922395237,-100.53249077604758,-9.470934263201322,0.9812846892755722
2016-05-13,IF,q2,IF1609,2016-09-16,3074.935,2922.0,-152.93499999999995,d,52.77333271508094,-100.161667284919,-9.43599983672269,0.9743894754327634
2016-05-13,IF,q2,IF1609,2016-09-16,3074.935,2922.0,-152.93499999999995,p,52.64808055304065,-100.2869194469593,-9.447799554245357,0.9767075920133728
2016-05-16,IF,current,IF1605,2016-05-20,3095.309,3082.4,-12.909000000000106,y,1.7199644863907826,-11.189035513609323,-32.985381770183544,1.0
2016-05-16,IF,current,IF1605,2016-05-20,3095.309,3082.4,-12.909000000000106,d,1.7199644863907826,-11.189035513609323,-32.985381770183544,1.0
2016-05-16,IF,current,IF1605,2016-05-20,3095.309,3082.4,-12.909000000000106,p,1.7199644863907826,-11.189035513609323,-32.985381770183544,1.0
2016-05-16,IF,next,IF1606,2016-06-17,3095.309,3041.8,-53.509000000000015,y,9.722531097746538,-43.786468902253475,-16.135365190238797,1.0
2016-05-16,IF,next,IF1606,2016-06-17,3095.309,3041.8,-53.509000000000015,d,9.722531097746538,-43.786468902253475,-16.135365190238797,1.0
2016-05-16,IF,next,IF1606,2016-06-17,3095.309,3041.8,-53.509000000000015,p,9.722531097746538,-43.786468902253475,-16.135365190238797,1.0
2016-05-16,IF,q1,IF1606,2016-06-17,3095.309,3041.8,-53.509000000000015,y,9.722531097746538,-43.786468902253475,-16.135365190238797,1.0
2016-05-16,IF,q1,IF1606,2016-06-17,3095.309,3041.8,-53.509000000000015,d,9.722531097746538,-43.786468902253475,-16.135365190238797,1.0
2016-05-16,IF,q1,IF1606,2016-06-17,3095.309,3041.8,-53.509000000000015,p,9.722531097746538,-43.786468902253475,-16.135365190238797,1.0
2016-05-16,IF,q2,IF1609,2016-09-16,3095.309,2935.6,-159.7090000000003,y,52.749719400079286,-106.959280599921,-10.25421020037572,0.9812846892755722
2016-05-16,IF,q2,IF1609,2016-09-16,3095.309,2935.6,-159.7090000000003,d,53.122999905033595,-106.58600009496669,-10.218423714714682,0.9743894754327634
2016-05-16,IF,q2,IF1609,2016-09-16,3095.309,2935.6,-159.7090000000003,p,52.99691784332082,-106.71208215667946,-10.230511230225707,0.9767075920133728
2016-05-17,IF,current,IF1605,2016-05-20,3086.025,3081.4,-4.625,y,0.8937198044624647,-3.7312801955375354,-14.710588015016086,1.0
2016-05-17,IF,current,IF1605,2016-05-20,3086.025,3081.4,-4.625,d,0.8937198044624647,-3.7312801955375354,-14.710588015016086,1.0
2016-05-17,IF,current,IF1605,2016-05-20,3086.025,3081.4,-4.625,p,0.8937198044624647,-3.7312801955375354,-14.710588015016086,1.0
2016-05-17,IF,next,IF1606,2016-06-17,3086.025,3038.2,-47.82500000000027,y,8.872283698021763,-38.95271630197851,-14.86173381534201,1.0
2016-05-17,IF,next,IF1606,2016-06-17,3086.025,3038.2,-47.82500000000027,d,8.872283698021763,-38.95271630197851,-14.86173381534201,1.0
2016-05-17,IF,next,IF1606,2016-06-17,3086.025,3038.2,-47.82500000000027,p,8.872283698021763,-38.95271630197851,-14.86173381534201,1.0
2016-05-17,IF,q1,IF1606,2016-06-17,3086.025,3038.2,-47.82500000000027,y,8.872283698021763,-38.95271630197851,-14.86173381534201,1.0
2016-05-17,IF,q1,IF1606,2016-06-17,3086.025,3038.2,-47.82500000000027,d,8.872283698021763,-38.95271630197851,-14.86173381534201,1.0
2016-05-17,IF,q1,IF1606,2016-06-17,3086.025,3038.2,-47.82500000000027,p,8.872283698021763,-38.95271630197851,-14.86173381534201,1.0
2016-05-17,IF,q2,IF1609,2016-09-16,3086.025,2930.2,-155.82500000000027,y,51.770417222237405,-104.05458277776287,-10.087761502809519,0.9809878619017233
2016-05-17,IF,q2,IF1609,2016-09-16,3086.025,2930.2,-155.82500000000027,d,52.142578118064485,-103.6824218819358,-10.051681685298801,0.9739861881322717
2016-05-17,IF,q2,IF1609,2016-09-16,3086.025,2930.2,-155.82500000000027,p,52.01687422404383,-103.80812577595644,-10.063868278805817,0.976339921577369
2016-05-18,IF,current,IF1605,2016-05-20,3068.036,3058.6,-9.43600000000015,y,0.23849291584102716,-9.197507084159122,-54.71073490855517,1.0
2016-05-18,IF,current,IF1605,2016-05-20,3068.036,3058.6,-9.43600000000015,d,0.23849291584102716,-9.197507084159122,-54.71073490855517,1.0
2016-05-18,IF,current,IF1605,2016-05-20,3068.036,3058.6,-9.43600000000015,p,0.23849291584102716,-9.197507084159122,-54.71073490855517,1.0
2016-05-18,IF,next,IF1606,2016-06-17,3068.036,3019.0,-49.03600000000006,y,8.17054831193798,-40.86545168806208,-16.205687575746243,1.0
2016-05-18,IF,next,IF1606,2016-06-17,3068.036,3019.0,-49.03600000000006,d,8.17054831193798,-40.86545168806208,-16.205687575746243,1.0
2016-05-18,IF,next,IF1606,2016-06-17,3068.036,3019.0,-49.03600000000006,p,8.17054831193798,-40.86545168806208,-16.205687575746243,1.0
2016-05-18,IF,q1,IF1606,2016-06-17,3068.036,3019.0,-49.03600000000006,y,8.17054831193798,-40.86545168806208,-16.205687575746243,1.0
2016-05-18,IF,q1,IF1606,2016-06-17,3068.036,3019.0,-49.03600000000006,d,8.17054831193798,-40.86545168806208,-16.205687575746243,1.0
2016-05-18,IF,q1,IF1606,2016-06-17,3068.036,3019.0,-49.03600000000006,p,8.17054831193798,-40.86545168806208,-16.205687575746243,1.0
2016-05-18,IF,q2,IF1609,2016-09-16,3068.036,2914.0,-154.03600000000006,y,50.81862082758529,-103.21737917241477,-10.148453600292152,0.9807446790445211
2016-05-18,IF,q2,IF1609,2016-09-16,3068.036,2914.0,-154.03600000000006,d,51.18861232998392,-102.84738767001613,-10.11207560247143,0.9736558524334393
2016-05-18,IF,q2,IF1609,2016-09-16,3068.036,2914.0,-154.03600000000006,p,51.06364118678335,-102.97235881321672,-10.124362911627266,0.9760387393983043
2016-05-19,IF,current,IF1605,2016-05-20,3062.5,3056.2,-6.300000000000182,y,0.0051986382855793755,-6.294801361714603,-75.02375500492505,1.0
2016-05-19,IF,current,IF1605,2016-05-20,3062.5,3056.2,-6.300000000000182,d,0.0051986382855793755,-6.294801361714603,-75.02375500492505,1.0
2016-05-19,IF,current,IF1605,2016-05-20,3062.5,3056.2,-6.300000000000182,p,0.0051986382855793755,-6.294801361714603,-75.02375500492505,1.0
2016-05-19,IF,next,IF1606,2016-06-17,3062.5,3014.2,-48.30000000000018,y,7.922941340961465,-40.37705865903872,-16.594090258183396,1.0
2016-05-19,IF,next,IF1606,2016-06-17,3062.5,3014.2,-48.30000000000018,d,7.922941340961465,-40.37705865903872,-16.594090258183396,1.0
2016-05-19,IF,next,IF1606,2016-06-17,3062.5,3014.2,-48.30000000000018,p,7.922941340961465,-40.37705865903872,-16.594090258183396,1.0
2016-05-19,IF,q1,IF1606,2016-06-17,3062.5,3014.2,-48.30000000000018,y,7.922941340961465,-40.37705865903872,-16.594090258183396,1.0
2016-05-19,IF,q1,IF1606,2016-06-17,3062.5,3014.2,-48.30000000000018,d,7.922941340961465,-40.37705865903872,-16.594090258183396,1.0
2016-05-19,IF,q1,IF1606,2016-06-17,3062.5,3014.2,-48.30000000000018,p,7.922941340961465,-40.37705865903872,-16.594090258183396,1.0
2016-05-19,IF,q2,IF1609,2016-09-16,3062.5,2911.0,-151.5,y,50.49405917633559,-101.00594082366442,-10.031882557996601,0.9806558790957507
2016-05-19,IF,q2,IF1609,2016-09-16,3062.5,2911.0,-151.5,d,50.86338306174495,-100.63661693825506,-9.995201410194042,0.9735352430366526
2016-05-19,IF,q2,IF1609,2016-09-16,3062.5,2911.0,-151.5,p,50.73863741793512,-100.76136258206489,-10.007591113592841,0.9759287696830983
2016-05-20,IF,current,IF1605,2016-05-20,3078.218,3066.0,-12.217999999999847,y,0.0,-12.217999999999847,,
2016-05-20,IF,current,IF1605,2016-05-20,3078.218,3066.0,-12.217999999999847,d,0.0,-12.217999999999847,,
2016-05-20,IF,current,IF1605,2016-05-20,3078.218,3066.0,-12.217999999999847,p,0.0,-12.217999999999847,,
2016-05-20,IF,next,IF1606,2016-06-17,3078.218,3034.2,-44.01800000000003,y,7.958379789957735,-36.0596202100423,-15.270617815550425,1.0
2016-05-20,IF,next,IF1606,2016-06-17,3078.218,3034.2,-44.01800000000003,d,7.958379789957735,-36.0596202100423,-15.270617815550425,1.0
2016-05-20,IF,next,IF1606,2016-06-17,3078.218,3034.2,-44.01800000000003,p,7.958379789957735,-36.0596202100423,-15.270617815550425,1.0
2016-05-20,IF,q1,IF1606,2016-06-17,3078.218,3034.2,-44.01800000000003,y,7.958379789957735,-36.0596202100423,-15.270617815550425,1.0
2016-05-20,IF,q1,IF1606,2016-06-17,3078.218,3034.2,-44.01800000000003,d,7.958379789957735,-36.0596202100423,-15.270617815550425,1.0
2016-05-20,IF,q1,IF1606,2016-06-17,3078.218,3034.2,-44.01800000000003,p,7.958379789957735,-36.0596202100423,-15.270617815550425,1.0
2016-05-20,IF,q2,IF1609,2016-09-16,3078.218,2931.8,-146.41799999999967,y,50.74798997802946,-95.6700100219702,-9.532840993662957,0.9806538873081273
2016-05-20,IF,q2,IF1609,2016-09-16,3078.218,2931.8,-146.41799999999967,d,51.11920938436318,-95.29879061563648,-9.495851600920876,0.9735325378535965
2016-05-20,IF,q2,IF1609,2016-09-16,3078.218,2931.8,-146.41799999999967,p,50.99382349499273,-95.42417650500693,-9.508345419474287,0.9759263031122819
2016-05-23,IF,current,IF1606,2016-06-17,3087.223,3043.0,-44.222999999999956,y,7.273235598948733,-36.949764401051226,-17.47416886487785,1.0
2016-05-23,IF,current,IF1606,2016-06-17,3087.223,3043.0,-44.222999999999956,d,7.273235598948733,-36.949764401051226,-17.47416886487785,1.0
2016-05-23,IF,current,IF1606,2016-06-17,3087.223,3043.0,-44.222999999999956,p,7.273235598948733,-36.949764401051226,-17.47416886487785,1.0
2016-05-23,IF,next,IF1607,2016-07-15,3087.223,3007.4,-79.82299999999987,y,38.695839454576905,-41.12716054542296,-9.17440103453992,1.0
2016-05-23,IF,next,IF1607,2016-07-15,3087.223,3007.4,-79.82299999999987,d,38.695839454576905,-41.12716054542296,-9.17440103453992,1.0
2016-05-23,IF,next,IF1607,2016-07-15,3087.223,3007.4,-79.82299999999987,p,38.695839454576905,-41.12716054542296,-9.17440103453992,1.0
2016-05-23,IF,q1,IF1609,2016-09-16,3087.223,2940.8,-146.42299999999977,y,50.18802224942292,-96.23497775057686,-9.808437393847255,0.9803808085811356
2016-05-23,IF,q1,IF1609,2016-09-16,3087.223,2940.8,-146.42299999999977,d,50.56032761872419,-95.86267238127559,-9.770491378879086,0.9731616892402335
2016-05-23,IF,q1,IF1609,2016-09-16,3087.223,2940.8,-146.42299999999977,p,50.434574926244345,-95.98842507375542,-9.783308313429568,0.9755881536809303
2016-05-23,IF,q2,IF1612,2016-12-16,3087.223,2876.8,-210.42299999999977,y,52.63803456275068,-157.7849654372491,-9.011978292214422,0.9347494495699891
2016-05-23,IF,q2,IF1612,2016-12-16,3087.223,2876.8,-210.42299999999977,d,53.346299472367434,-157.07670052763234,-8.971525337949004,0.9223390248364624
2016-05-23,IF,q2,IF1612,2016-12-16,3087.223,2876.8,-210.42299999999977,p,53.51890113343709,-156.9040988665627,-8.961667095635175,0.9193644262482137
2016-05-24,IF,current,IF1606,2016-06-17,3063.556,3028.6,-34.95600000000013,y,7.2174781538531505,-27.73852184614698,-13.770164031933874,1.0
2016-05-24,IF,current,IF1606,2016-06-17,3063.556,3028.6,-34.95600000000013,d,7.2174781538531505,-27.73852184614698,-13.770164031933874,1.0
2016-05-24,IF,current,IF1606,2016-06-17,3063.556,3028.6,-34.95600000000013,p,7.2174781538531505,-27.73852184614698,-13.770164031933874,1.0
2016-05-24,IF,next,IF1607,2016-07-15,3063.556,2991.6,-71.95600000000013,y,38.399192781378545,-33.556807218621586,-7.688548005849863,1.0
2016-05-24,IF,next,IF1607,2016-07-15,3063.556,2991.6,-71.95600000000013,d,38.399192781378545,-33.556807218621586,-7.688548005849863,1.0
2016-05-24,IF,next,IF1607,2016-07-15,3063.556,2991.6,-71.95600000000013,p,38.399192781378545,-33.556807218621586,-7.688548005849863,1.0
2016-05-24,IF,q1,IF1609,2016-09-16,3063.556,2923.0,-140.55600000000004,y,49.80327520569556,-90.75272479430447,-9.402186771054158,0.9803808085811356
2016-05-24,IF,q1,IF1609,2016-09-16,3063.556,2923.0,-140.55600000000004,d,50.17272644001039,-90.38327355998965,-9.363910790738442,0.9731616892402335
2016-05-24,IF,q1,IF1609,2016-09-16,3063.556,2923.0,-140.55600000000004,p,50.04793778186591,-90.50806221813413,-9.37683917689371,0.9755881536809303
2016-05-24,IF,q2,IF1612,2016-12-16,3063.556,2859.6,-203.95600000000013,y,52.234505448074934,-151.7214945519252,-8.774996114270744,0.9347494495699891
2016-05-24,IF,q2,IF1612,2016-12-16,3063.556,2859.6,-203.95600000000013,d,52.93734071894647,-151.01865928105366,-8.734346786440932,0.9223390248364624
2016-05-24,IF,q2,IF1612,2016-12-16,3063.556,2859.6,-203.95600000000013,p,53.10861919619931,-150.84738080380083,-8.724440688581888,0.9193644262482137
2016-05-25,IF,current,IF1606,2016-06-17,3059.226,3021.6,-37.626000000000204,y,7.207277041026688,-30.418722958973515,-15.779543839755164,1.0
2016-05-25,IF,current,IF1606,2016-06-17,3059.226,3021.6,-37.626000000000204,d,7.207277041026688,-30.418722958973515,-15.779543839755164,1.0
2016-05-25,IF,current,IF1606,2016-06-17,3059.226,3021.6,-37.626000000000204,p,7.207277041026688,-30.418722958973515,-15.779543839755164,1.0
2016-05-25,IF,next,IF1607,2016-07-15,3059.226,2985.0,-74.22600000000011,y,38.344919738958765,-35.88108026104135,-8.39414827718251,1.0
2016-05-25,IF,next,IF1607,2016-07-15,3059.226,2985.0,-74.22600000000011,d,38.344919738958765,-35.88108026104135,-8.39414827718251,1.0
2016-05-25,IF,next,IF1607,2016-07-15,3059.226,2985.0,-74.22600000000011,p,38.344919738958765,-35.88108026104135,-8.39414827718251,1.0
2016-05-25,IF,q1,IF1609,2016-09-16,3059.226,2916.8,-142.42599999999993,y,49.73288374503983,-92.6931162549601,-9.701165965445966,0.9803808085811356
2016-05-25,IF,q1,IF1609,2016-09-16,3059.226,2916.8,-142.42599999999993,d,50.101812800604016,-92.32418719939591,-9.662554230916951,0.9731616892402335
2016-05-25,IF,q1,IF1609,2016-09-16,3059.226,2916.8,-142.42599999999993,p,49.977200517524906,-92.44879948247502,-9.675596023968321,0.9755881536809303
2016-05-25,IF,q2,IF1612,2016-12-16,3059.226,2856.2,-203.0260000000003,y,52.160677710442535,-150.86532228955775,-8.780451869706718,0.9347494495699891
2016-05-25,IF,q2,IF1612,2016-12-16,3059.226,2856.2,-203.0260000000003,d,52.862519600836336,-150.16348039916397,-8.739604252472859,0.9223390248364624
2016-05-25,IF,q2,IF1612,2016-12-16,3059.226,2856.2,-203.0260000000003,p,53.03355599476948,-149.99244400523082,-8.729649832185233,0.9193644262482137
2016-05-26,IF,current,IF1606,2016-06-17,3064.211,3026.0,-38.210999999999785,y,7.219021278310733,-30.99197872168905,-16.78034252598571,1.0
2016-05-26,IF,current,IF1606,2016-06-17,3064.211,3026.0,-38.210999999999785,d,7.219021278310733,-30.99197872168905,-16.78034252598571,1.0
2016-05-26,IF,current,IF1606,2016-06-17,3064.211,3026.0,-38.210999999999785,p,7.219021278310733,-30.99197872168905,-16.78034252598571,1.0
2016-05-26,IF,next,IF1607,2016-07-15,3064.211,2987.0,-77.21099999999979,y,38.40740267578615,-38.803597324213634,-9.244345786460514,1.0
2016-05-26,IF,next,IF1607,2016-07-15,3064.211,2987.0,-77.21099999999979,d,38.40740267578615,-38.803597324213634,-9.244345786460514,1.0
2016-05-26,IF,next,IF1607,2016-07-15,3064.211,2987.0,-77.21099999999979,p,38.40740267578615,-38.803597324213634,-9.244345786460514,1.0
2016-05-26,IF,q1,IF1609,2016-09-16,3064.211,2920.6,-143.61099999999988,y,49.813923336579975,-93.7970766634199,-9.887467222364899,0.9803808085811356
2016-05-26,IF,q1,IF1609,2016-09-16,3064.211,2920.6,-143.61099999999988,d,50.18345356098295,-93.42754643901694,-9.848513791070143,0.9731616892402335
2016-05-26,IF,q1,IF1609,2016-09-16,3064.211,2920.6,-143.61099999999988,p,50.05863822254567,-93.55236177745421,-9.86167099821931,0.9755881536809303
2016-05-26,IF,q2,IF1612,2016-12-16,3064.211,2859.6,-204.61099999999988,y,52.24567338529184,-152.36532661470804,-8.896725206696756,0.9347494495699891
2016-05-26,IF,q2,IF1612,2016-12-16,3064.211,2859.6,-204.61099999999988,d,52.94865892503473,-151.66234107496516,-8.855677356045081,0.9223390248364624
2016-05-26,IF,q2,IF1612,2016-12-16,3064.211,2859.6,-204.61099999999988,p,53.11997402228164,-151.49102597771824,-8.845674139579577,0.9193644262482137
2016-05-27,IF,current,IF1606,2016-06-17,3062.499,3033.6,-28.898999999999887,y,7.214987951484196,-21.68401204851569,-12.306576454171868,1.0
2016-05-27,IF,current,IF1606,2016-06-17,3062.499,3033.6,-28.898999999999887,d,7.214987951484196,-21.68401204851569,-12.306576454171868,1.0
2016-05-27,IF,current,IF1606,2016-06-17,3062.499,3033.6,-28.898999999999887,p,7.214987951484196,-21.68401204851569,-12.306576454171868,1.0
2016-05-27,IF,next,IF1607,2016-07-15,3062.499,2990.6,-71.89899999999989,y,38.38594414261695,-33.51305585738294,-8.151449817346228,1.0
2016-05-27,IF,next,IF1607,2016-07-15,3062.499,2990.6,-71.89899999999989,d,38.38594414261695,-33.51305585738294,-8.151449817346228,1.0
2016-05-27,IF,next,IF1607,2016-07-15,3062.499,2990.6,-71.89899999999989,p,38.38594414261695,-33.51305585738294,-8.151449817346228,1.0
2016-05-27,IF,q1,IF1609,2016-09-16,3062.499,2931.2,-131.29899999999998,y,49.78609188608515,-81.51290811391482,-8.674116961104929,0.9803808085811356
2016-05-27,IF,q1,IF1609,2016-09-16,3062.499,2931.2,-131.29899999999998,d,50.15541565089896,-81.14358434910102,-8.63481573131647,0.9731616892402335
2016-05-27,IF,q1,IF1609,2016-09-16,3062.499,2931.2,-131.29899999999998,p,50.0306700478224,-81.26832995217758,-8.648090413529468,0.9755881536809303
2016-05-27,IF,q2,IF1612,2016-12-16,3062.499,2866.4,-196.0989999999997,y,52.216483295955435,-143.88251670404426,-8.447513541036075,0.9347494495699892
2016-05-27,IF,q2,IF1612,2016-12-16,3062.499,2866.4,-196.0989999999997,d,52.91907607186971,-143.17992392813,-8.406263484223556,0.9223390248364624
2016-05-27,IF,q2,IF1612,2016-12-16,3062.499,2866.4,-196.0989999999997,p,53.090295453956514,-143.0087045460432,-8.39621099082965,0.9193644262482137
2016-05-30,IF,current,IF1606,2016-06-17,3066.71,3036.6,-30.110000000000127,y,7.180320361055021,-22.929679638945107,-15.161621028208232,1.0
2016-05-30,IF,current,IF1606,2016-06-17,3066.71,3036.6,-30.110000000000127,d,7.180320361055021,-22.929679638945107,-15.161621028208232,1.0
2016-05-30,IF,current,IF1606,2016-06-17,3066.71,3036.6,-30.110000000000127,p,7.180320361055021,-22.929679638945107,-15.161621028208232,1.0
2016-05-30,IF,next,IF1607,2016-07-15,3066.71,2998.0,-68.71000000000004,y,38.39413726708788,-30.31586273291216,-7.8439037398618074,1.0
2016-05-30,IF,next,IF1607,2016-07-15,3066.71,2998.0,-68.71000000000004,d,38.39413726708788,-30.31586273291216,-7.8439037398618074,1.0
2016-05-30,IF,next,IF1607,2016-07-15,3066.71,2998.0,-68.71000000000004,p,38.39413726708788,-30.31586273291216,-7.8439037398618074,1.0
2016-05-30,IF,q1,IF1609,2016-09-16,3066.71,2941.6,-125.11000000000013,y,49.80996045147794,-75.3000395485222,-8.222215618037367,0.9803632460825319
2016-05-30,IF,q1,IF1609,2016-09-16,3066.71,2941.6,-125.11000000000013,d,50.17979204417141,-74.93020795582872,-8.181832703025373,0.9731378414734876
2016-05-30,IF,q1,IF1609,2016-09-16,3066.71,2941.6,-125.11000000000013,p,50.05487491328878,-75.05512508671134,-8.195472743464418,0.9755664078682846
2016-05-30,IF,q2,IF1612,2016-12-16,3066.71,2883.6,-183.11000000000013,y,52.24369370022783,-130.8663062997723,-7.787857638873074,0.9346937602775298
2016-05-30,IF,q2,IF1612,2016-12-16,3066.71,2883.6,-183.11000000000013,d,52.947252555863074,-130.16274744413704,-7.745988831208367,0.9222736243761168
2016-05-30,IF,q2,IF1612,2016-12-16,3066.71,2883.6,-183.11000000000013,p,53.11870736817139,-129.99129263182874,-7.735785550413553,0.9192967399789059
2016-05-31,IF,current,IF1606,2016-06-17,3169.56,3158.8,-10.759999999999764,y,7.159654294056879,-3.6003457059428845,-2.4388729084481438,1.0
2016-05-31,IF,current,IF1606,2016-06-17,3169.56,3158.8,-10.759999999999764,d,7.159654294056879,-3.6003457059428845,-2.4388729084481438,1.0
2016-05-31,IF,current,IF1606,2016-06-17,3169.56,3158.8,-10.759999999999764,p,7.159654294056879,-3.6003457059428845,-2.4388729084481438,1.0
2016-05-31,IF,next,IF1607,2016-07-15,3169.56,3122.0,-47.559999999999945,y,39.556013832763824,-8.003986167236121,-2.048272351185923,1.0
2016-05-31,IF,next,IF1607,2016-07-15,3169.56,3122.0,-47.559999999999945,d,39.556013832763824,-8.003986167236121,-2.048272351185923,1.0
2016-05-31,IF,next,IF1607,2016-07-15,3169.56,3122.0,-47.559999999999945,p,39.556013832763824,-8.003986167236121,-2.048272351185923,1.0
2016-05-31,IF,q1,IF1609,2016-09-16,3169.56,3080.0,-89.55999999999995,y,51.447997342279386,-38.11200265772056,-4.063796029308661,0.9800243929418382
2016-05-31,IF,q1,IF1609,2016-09-16,3169.56,3080.0,-89.55999999999995,d,51.836582826882164,-37.72341717311778,-4.02236204423163,0.9726777810919468
2016-05-31,IF,q1,IF1609,2016-09-16,3169.56,3080.0,-89.55999999999995,p,51.70533123886694,-37.854668761133006,-4.036357102087995,0.9751468785783483
2016-05-31,IF,q2,IF1612,2016-12-16,3169.56,3040.0,-129.55999999999995,y,53.9362700997145,-75.62372990028544,-4.376217559358174,0.9348123678227344
2016-05-31,IF,q2,IF1612,2016-12-16,3169.56,3040.0,-129.55999999999995,d,54.67243946050118,-74.88756053949876,-4.333616681464632,0.9222250344228277
2016-05-31,IF,q2,IF1612,2016-12-16,3169.56,3040.0,-129.55999999999995,p,54.83669031728194,-74.723309682718,-4.324111761718789,0.9194627186964008
2016-06-01,IF,current,IF1606,2016-06-17,3160.547,3131.8,-28.746999999999844,y,7.1203393053047925,-21.62666069469505,-15.60989908068859,1.0
2016-06-01,IF,current,IF1606,2016-06-17,3160.547,3131.8,-28.746999999999844,d,7.1203393053047925,-21.62666069469505,-15.60989908068859,1.0
2016-06-01,IF,current,IF1606,2016-06-17,3160.547,3131.8,-28.746999999999844,p,7.1203393053047925,-21.62666069469505,-15.60989908068859,1.0
2016-06-01,IF,next,IF1607,2016-07-15,3160.547,3099.2,-61.34700000000021,y,39.42457615552426,-21.92242384447595,-5.753955581993848,1.0
2016-06-01,IF,next,IF1607,2016-07-15,3160.547,3099.2,-61.34700000000021,d,39.42457615552426,-21.92242384447595,-5.753955581993848,1.0
2016-06-01,IF,next,IF1607,2016-07-15,3160.547,3099.2,-61.34700000000021,p,39.42457615552426,-21.92242384447595,-5.753955581993848,1.0
2016-06-01,IF,q1,IF1609,2016-09-16,3160.547,3064.2,-96.34700000000021,y,51.28274347371634,-45.06425652628387,-4.863837358549044,0.9800170093321738
2016-06-01,IF,q1,IF1609,2016-09-16,3160.547,3064.2,-96.34700000000021,d,51.67022397183118,-44.67677602816903,-4.822016139966619,0.9726677576791509
2016-06-01,IF,q1,IF1609,2016-09-16,3160.547,3064.2,-96.34700000000021,p,51.53934561245424,-44.807654387545966,-4.836141992756222,0.9751377378240507
2016-06-01,IF,q2,IF1612,2016-12-16,3160.547,3025.8,-134.74699999999984,y,53.76394054797688,-80.98305945202296,-4.723453029815546,0.9347893844316018
2016-06-01,IF,q2,IF1612,2016-12-16,3160.547,3025.8,-134.74699999999984,d,54.49801652846827,-80.24898347153157,-4.680636995973049,0.9221979824386298
2016-06-01,IF,q2,IF1612,2016-12-16,3160.547,3025.8,-134.74699999999984,p,54.661800319482126,-80.08519968051772,-4.6710840715820225,0.919434789848076
2016-06-02,IF,current,IF1606,2016-06-17,3167.1,3135.4,-31.699999999999818,y,7.135102440758136,-24.564897559241683,-18.87360173686383,1.0
2016-06-02,IF,current,IF1606,2016-06-17,3167.1,3135.4,-31.699999999999818,d,7.135102440758136,-24.564897559241683,-18.87360173686383,1.0
2016-06-02,IF,current,IF1606,2016-06-17,3167.1,3135.4,-31.699999999999818,p,7.135102440758136,-24.564897559241683,-18.87360173686383,1.0
2016-06-02,IF,next,IF1607,2016-07-15,3167.1,3102.6,-64.5,y,39.50631809688667,-24.993681903113327,-6.698736129843944,1.0
2016-06-02,IF,next,IF1607,2016-07-15,3167.1,3102.6,-64.5,d,39.50631809688667,-24.993681903113327,-6.698736129843944,1.0
2016-06-02,IF,next,IF1607,2016-07-15,3167.1,3102.6,-64.5,p,39.50631809688667,-24.993681903113327,-6.698736129843944,1.0
2016-06-02,IF,q1,IF1609,2016-09-16,3167.1,3054.8,-112.29999999999973,y,51.38907184598331,-60.91092815401642,-6.622476718543179,0.9800170093321738
2016-06-02,IF,q1,IF1609,2016-09-16,3167.1,3054.8,-112.29999999999973,d,51.77735573658184,-60.52264426341789,-6.580260960162809,0.9726677576791509
2016-06-02,IF,q1,IF1609,2016-09-16,3167.1,3054.8,-112.29999999999973,p,51.646206017250755,-60.65379398274897,-6.594520075714579,0.9751377378240507
2016-06-02,IF,q2,IF1612,2016-12-16,3167.1,3007.8,-159.29999999999973,y,53.87541337290588,-105.42458662709384,-6.16746606871845,0.9347893844316018
2016-06-02,IF,q2,IF1612,2016-12-16,3167.1,3007.8,-159.29999999999973,d,54.61101136838397,-104.68898863161576,-6.124432694602638,0.9221979824386298
2016-06-02,IF,q2,IF1612,2016-12-16,3167.1,3007.8,-159.29999999999973,p,54.77513474466029,-104.52486525533944,-6.114831278209628,0.919434789848076
2016-06-03,IF,current,IF1606,2016-06-17,3189.326,3177.4,-11.92599999999993,y,7.111013036160372,-4.814986963839559,-3.936053846489909,1.0
2016-06-03,IF,current,IF1606,2016-06-17,3189.326,3177.4,-11.92599999999993,d,7.111013036160372,-4.814986963839559,-3.936053846489909,1.0
2016-06-03,IF,current,IF1606,2016-06-17,3189.326,3177.4,-11.92599999999993,p,7.111013036160372,-4.814986963839559,-3.936053846489909,1.0
2016-06-03,IF,next,IF1607,2016-07-15,3189.326,3140.4,-48.92599999999993,y,39.70940264927579,-9.216597350724143,-2.51139644657442,1.0
2016-06-03,IF,next,IF1607,2016-07-15,3189.326,3140.4,-48.92599999999993,d,39.70940264927579,-9.216597350724143,-2.51139644657442,1.0
2016-06-03,IF,next,IF1607,2016-07-15,3189.326,3140.4,-48.92599999999993,p,39.70940264927579,-9.216597350724143,-2.51139644657442,1.0
2016-06-03,IF,q1,IF1609,2016-09-16,3189.326,3099.0,-90.32600000000002,y,51.6755469085639,-38.65045309143612,-4.212687474936617,0.9799883308213112
2016-06-03,IF,q1,IF1609,2016-09-16,3189.326,3099.0,-90.32600000000002,d,52.066555688730936,-38.259444311269085,-4.170069661714528,0.9726288264956715
2016-06-03,IF,q1,IF1609,2016-09-16,3189.326,3099.0,-90.32600000000002,p,51.934485589979616,-38.391514410020406,-4.184464578366788,0.9751022347465554
2016-06-03,IF,q2,IF1612,2016-12-16,3189.326,3051.0,-138.32600000000002,y,54.179337024661876,-84.14666297533815,-4.9133169141729125,0.9347001225974848
2016-06-03,IF,q2,IF1612,2016-12-16,3189.326,3051.0,-138.32600000000002,d,54.920097282476945,-83.40590271752308,-4.870063982025901,0.9220929216263386
2016-06-03,IF,q2,IF1612,2016-12-16,3189.326,3051.0,-138.32600000000002,p,55.085372439928825,-83.2406275600712,-4.860413578814558,0.9193263241421653
2016-06-06,IF,current,IF1606,2016-06-17,3178.788,3157.4,-21.38799999999992,y,3.9949251487624613,-17.393074851237458,-18.155782874998764,1.0
2016-06-06,IF,current,IF1606,2016-06-17,3178.788,3157.4,-21.38799999999992,d,3.9949251487624613,-17.393074851237458,-18.155782874998764,1.0
2016-06-06,IF,current,IF1606,2016-06-17,3178.788,3157.4,-21.38799999999992,p,3.9949251487624613,-17.393074851237458,-18.155782874998764,1.0
2016-06-06,IF,next,IF1607,2016-07-15,3178.788,3123.8,-54.98799999999983,y,36.485604910409876,-18.502395089589953,-5.44746743800107,1.0
2016-06-06,IF,next,IF1607,2016-07-15,3178.788,3123.8,-54.98799999999983,d,36.485604910409876,-18.502395089589953,-5.44746743800107,1.0
2016-06-06,IF,next,IF1607,2016-07-15,3178.788,3123.8,-54.98799999999983,p,36.485604910409876,-18.502395089589953,-5.44746743800107,1.0
2016-06-06,IF,q1,IF1609,2016-09-16,3178.788,3081.6,-97.1880000000001,y,48.4122112773018,-48.7757887226983,-5.490797517359644,0.9787099771257675
2016-06-06,IF,q1,IF1609,2016-09-16,3178.788,3081.6,-97.1880000000001,d,48.8019281072181,-48.386071892782,-5.446926239042786,0.9708943074486406
2016-06-06,IF,q1,IF1609,2016-09-16,3178.788,3081.6,-97.1880000000001,p,48.67029438740723,-48.51770561259287,-5.461744535596584,0.9735201890226326
2016-06-06,IF,q2,IF1612,2016-12-16,3178.788,3032.8,-145.98799999999983,y,50.90772850431805,-95.08027149568179,-5.656716371850005,0.9307332223200041
2016-06-06,IF,q2,IF1612,2016-12-16,3178.788,3032.8,-145.98799999999983,d,51.646041181798964,-94.34195881820087,-5.612791114332831,0.9174278048733385
2016-06-06,IF,q2,IF1612,2016-12-16,3178.788,3032.8,-145.98799999999983,p,51.81077024593543,-94.1772297540644,-5.602990704853956,0.914510901245151
2016-06-07,IF,current,IF1606,2016-06-17,3177.054,3160.0,-17.054000000000087,y,3.658579464531242,-13.395420535468846,-15.389503909741945,1.0
2016-06-07,IF,current,IF1606,2016-06-17,3177.054,3160.0,-17.054000000000087,d,3.658579464531242,-13.395420535468846,-15.389503909741945,1.0
2016-06-07,IF,current,IF1606,2016-06-17,3177.054,3160.0,-17.054000000000087,p,3.658579464531242,-13.395420535468846,-15.389503909741945,1.0
2016-06-07,IF,next,IF1607,2016-07-15,3177.054,3122.0,-55.05400000000009,y,36.13153585528802,-18.922464144712066,-5.720873731003217,1.0
2016-06-07,IF,next,IF1607,2016-07-15,3177.054,3122.0,-55.05400000000009,d,36.13153585528802,-18.922464144712066,-5.720873731003217,1.0
2016-06-07,IF,next,IF1607,2016-07-15,3177.054,3122.0,-55.05400000000009,p,36.13153585528802,-18.922464144712066,-5.720873731003217,1.0
2016-06-07,IF,q1,IF1609,2016-09-16,3177.054,3074.2,-102.85400000000027,y,48.05163636666514,-54.802363633335126,-6.233704110903902,0.9785619194792684
2016-06-07,IF,q1,IF1609,2016-09-16,3177.054,3074.2,-102.85400000000027,d,48.44114060958821,-54.41285939041206,-6.189398463494799,0.9706935246643728
2016-06-07,IF,q1,IF1609,2016-09-16,3177.054,3074.2,-102.85400000000027,p,48.30957869477665,-54.54442130522362,-6.20436347585606,0.9733370231640571
2016-06-07,IF,q2,IF1612,2016-12-16,3177.054,3025.8,-151.2539999999999,y,50.545792311685986,-100.70820768831392,-6.026038556184601,0.930275288339134
2016-06-07,IF,q2,IF1612,2016-12-16,3177.054,3025.8,-151.2539999999999,d,51.28370224630303,-99.97029775369688,-5.981884521284526,0.9168897614148631
2016-06-07,IF,q2,IF1612,2016-12-16,3177.054,3025.8,-151.2539999999999,p,51.44834145223026,-99.80565854776964,-5.97203306800628,0.9139556337446385
2016-06-08,IF,current,IF1606,2016-06-17,3163.986,3148.0,-15.985999999999876,y,2.668083277428731,-13.317916722571145,-17.070730133650923,1.0
2016-06-08,IF,current,IF1606,2016-06-17,3163.986,3148.0,-15.985999999999876,d,2.668083277428731,-13.317916722571145,-17.070730133650923,1.0
2016-06-08,IF,current,IF1606,2016-06-17,3163.986,3148.0,-15.985999999999876,p,2.668083277428731,-13.317916722571145,-17.070730133650923,1.0
2016-06-08,IF,next,IF1607,2016-07-15,3163.986,3107.8,-56.185999999999694,y,35.007470457805574,-21.17852954219412,-6.603168660363647,1.0
2016-06-08,IF,next,IF1607,2016-07-15,3163.986,3107.8,-56.185999999999694,d,35.007470457805574,-21.17852954219412,-6.603168660363647,1.0
2016-06-08,IF,next,IF1607,2016-07-15,3163.986,3107.8,-56.185999999999694,p,35.007470457805574,-21.17852954219412,-6.603168660363647,1.0
2016-06-08,IF,q1,IF1609,2016-09-16,3163.986,3057.8,-106.1859999999997,y,46.8785406809085,-59.307459319091194,-6.84175677498835,0.9781158364116938
2016-06-08,IF,q1,IF1609,2016-09-16,3163.986,3057.8,-106.1859999999997,d,47.26644279763336,-58.919557202366335,-6.7970080711051555,0.9700887207480374
2016-06-08,IF,q1,IF1609,2016-09-16,3163.986,3057.8,-106.1859999999997,p,47.13542202914879,-59.0505779708509,-6.812122733590028,0.9727852441739233
2016-06-08,IF,q2,IF1612,2016-12-16,3163.986,3002.2,-161.78600000000006,y,49.36243755262132,-112.42356244737874,-6.790195633985164,0.9288974633593938
2016-06-08,IF,q2,IF1612,2016-12-16,3163.986,3002.2,-161.78600000000006,d,50.097312283233144,-111.6886877167669,-6.745810426127494,0.9152715173347264
2016-06-08,IF,q2,IF1612,2016-12-16,3163.986,3002.2,-161.78600000000006,p,50.26127428784652,-111.52472571215354,-6.735907394559834,0.912285724497715
2016-06-13,IF,current,IF1606,2016-06-17,3066.341,3028.8,-37.54099999999971,y,2.5698789025302755,-34.971121097469435,-104.0691429995583,1.0
2016-06-13,IF,current,IF1606,2016-06-17,3066.341,3028.8,-37.54099999999971,d,2.5698789025302755,-34.971121097469435,-104.0691429995583,1.0
2016-06-13,IF,current,IF1606,2016-06-17,3066.341,3028.8,-37.54099999999971,p,2.5698789025302755,-34.971121097469435,-104.0691429995583,1.0
2016-06-13,IF,next,IF1607,2016-07-15,3066.341,2996.8,-69.54099999999971,y,33.91122770308246,-35.62977229691725,-13.253649553709531,1.0
2016-06-13,IF,next,IF1607,2016-07-15,3066.341,2996.8,-69.54099999999971,d,33.91122770308246,-35.62977229691725,-13.253649553709531,1.0
2016-06-13,IF,next,IF1607,2016-07-15,3066.341,2996.8,-69.54099999999971,p,33.91122770308246,-35.62977229691725,-13.253649553709531,1.0
2016-06-13,IF,q1,IF1609,2016-09-16,3066.341,2936.6,-129.74099999999999,y,45.41594022045127,-84.32505977954872,-10.565874962866435,0.978108192353641
2016-06-13,IF,q1,IF1609,2016-09-16,3066.341,2936.6,-129.74099999999999,d,45.79187113939345,-83.94912886060654,-10.51877106404202,0.9700783586205516
2016-06-13,IF,q1,IF1609,2016-09-16,3066.341,2936.6,-129.74099999999999,p,45.66489385369885,-84.07610614630113,-10.534681235078729,0.9727757899839826
2016-06-13,IF,q2,IF1612,2016-12-16,3066.341,2899.0,-167.3409999999999,y,47.823180586718614,-119.51781941328127,-7.6487793228321665,0.9288738776484335
2016-06-13,IF,q2,IF1612,2016-12-16,3066.341,2899.0,-167.3409999999999,d,48.53537606303836,-118.80562393696152,-7.6032009642256355,0.9152438241205989
2016-06-13,IF,q2,IF1612,2016-12-16,3066.341,2899.0,-167.3409999999999,p,48.69427797258794,-118.64672202741195,-7.593031722131964,0.9122571489420884
2016-06-14,IF,current,IF1606,2016-06-17,3075.983,3050.4,-25.583000000000084,y,2.57795979515709,-23.005040204842995,-90.9935639519431,1.0
2016-06-14,IF,current,IF1606,2016-06-17,3075.983,3050.4,-25.583000000000084,d,2.57795979515709,-23.005040204842995,-90.9935639519431,1.0
2016-06-14,IF,current,IF1606,2016-06-17,3075.983,3050.4,-25.583000000000084,p,2.57795979515709,-23.005040204842995,-90.9935639519431,1.0
2016-06-14,IF,next,IF1607,2016-07-15,3075.983,3009.6,-66.38300000000027,y,34.017860350108066,-32.3651396498922,-12.388671148650957,1.0
2016-06-14,IF,next,IF1607,2016-07-15,3075.983,3009.6,-66.38300000000027,d,34.017860350108066,-32.3651396498922,-12.388671148650957,1.0
2016-06-14,IF,next,IF1607,2016-07-15,3075.983,3009.6,-66.38300000000027,p,34.017860350108066,-32.3651396498922,-12.388671148650957,1.0
2016-06-14,IF,q1,IF1609,2016-09-16,3075.983,2948.0,-127.98300000000017,y,45.5587490259969,-82.42425097400327,-10.404856360538636,0.978108192353641
2016-06-14,IF,q1,IF1609,2016-09-16,3075.983,2948.0,-127.98300000000017,d,45.93586204631674,-82.04713795368343,-10.357251356407577,0.9700783586205516
2016-06-14,IF,q1,IF1609,2016-09-16,3075.983,2948.0,-127.98300000000017,p,45.80848548507233,-82.17451451492784,-10.373330784582976,0.9727757899839826
2016-06-14,IF,q2,IF1612,2016-12-16,3075.983,2897.0,-178.98300000000017,y,47.9735588738097,-131.00944112619047,-8.40310517146121,0.9288738776484335
2016-06-14,IF,q2,IF1612,2016-12-16,3075.983,2897.0,-178.98300000000017,d,48.687993823424385,-130.29500617657578,-8.357280443348698,0.915243824120599
2016-06-14,IF,q2,IF1612,2016-12-16,3075.983,2897.0,-178.98300000000017,p,48.8473953943658,-130.13560460563437,-8.347056232378844,0.9122571489420883
2016-06-15,IF,current,IF1606,2016-06-17,3116.368,3100.0,-16.367999999999938,y,2.462932131090205,-13.905067868909732,-81.43052701337025,1.0
2016-06-15,IF,current,IF1606,2016-06-17,3116.368,3100.0,-16.367999999999938,d,2.462932131090205,-13.905067868909732,-81.43052701337025,1.0
2016-06-15,IF,current,IF1606,2016-06-17,3116.368,3100.0,-16.367999999999938,p,2.462932131090205,-13.905067868909732,-81.43052701337025,1.0
2016-06-15,IF,next,IF1607,2016-07-15,3116.368,3053.6,-62.76800000000003,y,34.31561142503671,-28.452388574963322,-11.108146652194279,1.0
2016-06-15,IF,next,IF1607,2016-07-15,3116.368,3053.6,-62.76800000000003,d,34.31561142503671,-28.452388574963322,-11.108146652194279,1.0
2016-06-15,IF,next,IF1607,2016-07-15,3116.368,3053.6,-62.76800000000003,p,34.31561142503671,-28.452388574963322,-11.108146652194279,1.0
2016-06-15,IF,q1,IF1609,2016-09-16,3116.368,2996.4,-119.96799999999985,y,46.00802200113623,-73.95997799886362,-9.314465811836852,0.9780373542277162
2016-06-15,IF,q1,IF1609,2016-09-16,3116.368,2996.4,-119.96799999999985,d,46.39008618969257,-73.57791381030728,-9.266348925940944,0.9699823347437511
2016-06-15,IF,q1,IF1609,2016-09-16,3116.368,2996.4,-119.96799999999985,p,46.26103728421678,-73.70696271578306,-9.282601251193496,0.9726881789266317
2016-06-15,IF,q2,IF1612,2016-12-16,3116.368,2940.0,-176.36799999999994,y,48.45453621652971,-127.91346378347023,-8.142214974668434,0.9286553463263041
2016-06-15,IF,q2,IF1612,2016-12-16,3116.368,2940.0,-176.36799999999994,d,49.17835107996062,-127.18964892003932,-8.096141199120527,0.9149872479066834
2016-06-15,IF,q2,IF1612,2016-12-16,3116.368,2940.0,-176.36799999999994,p,49.33984545585007,-127.02815454414987,-8.085861421786708,0.9119924007768982
2016-06-16,IF,current,IF1606,2016-06-17,3094.675,3088.0,-6.675000000000182,y,1.0562327596791898,-5.618767240320992,-66.27028824406963,1.0
2016-06-16,IF,current,IF1606,2016-06-17,3094.675,3088.0,-6.675000000000182,d,1.0562327596791898,-5.618767240320992,-66.27028824406963,1.0
2016-06-16,IF,current,IF1606,2016-06-17,3094.675,3088.0,-6.675000000000182,p,1.0562327596791898,-5.618767240320992,-66.27028824406963,1.0
2016-06-16,IF,next,IF1607,2016-07-15,3094.675,3028.8,-65.875,y,32.68718593786415,-33.18781406213585,-13.497659503189524,1.0
2016-06-16,IF,next,IF1607,2016-07-15,3094.675,3028.8,-65.875,d,32.68718593786415,-33.18781406213585,-13.497659503189524,1.0
2016-06-16,IF,next,IF1607,2016-07-15,3094.675,3028.8,-65.875,p,32.68718593786415,-33.18781406213585,-13.497659503189524,1.0
2016-06-16,IF,q1,IF1609,2016-09-16,3094.675,2972.0,-122.67500000000018,y,44.2982057851963,-78.37679421480388,-10.047950490131335,0.9773484255864548
2016-06-16,IF,q1,IF1609,2016-09-16,3094.675,2972.0,-122.67500000000018,d,44.677610429551706,-77.99738957044848,-9.999310594606124,0.9690487307671528
2016-06-16,IF,q1,IF1609,2016-09-16,3094.675,2972.0,-122.67500000000018,p,44.549459831947935,-78.12554016805225,-10.015739575567943,0.9718362881118084
2016-06-16,IF,q2,IF1612,2016-12-16,3094.675,2915.6,-179.07500000000027,y,46.727689844692094,-132.34731015530818,-8.529858901678056,0.9265337495682838
2016-06-16,IF,q2,IF1612,2016-12-16,3094.675,2915.6,-179.07500000000027,d,47.44646624160288,-131.6285337583974,-8.48353335686486,0.9124974968631883
2016-06-16,IF,q2,IF1612,2016-12-16,3094.675,2915.6,-179.07500000000027,p,47.60683645709273,-131.46816354290755,-8.473197405884406,0.909423622791808
2016-06-17,IF,current,IF1606,2016-06-17,3110.357,3113.4,3.04300000000012,y,0.0,3.04300000000012,,
2016-06-17,IF,current,IF1606,2016-06-17,3110.357,3113.4,3.04300000000012,d,0.0,3.04300000000012,,
2016-06-17,IF,current,IF1606,2016-06-17,3110.357,3113.4,3.04300000000012,p,0.0,3.04300000000012,,
2016-06-17,IF,next,IF1607,2016-07-15,3110.357,3036.4,-73.95699999999988,y,31.79124031907708,-42.165759680922804,-17.67195199266839,1.0
2016-06-17,IF,next,IF1607,2016-07-15,3110.357,3036.4,-73.95699999999988,d,31.79124031907708,-42.165759680922804,-17.67195199266839,1.0
2016-06-17,IF,next,IF1607,2016-07-15,3110.357,3036.4,-73.95699999999988,p,31.79124031907708,-42.165759680922804,-17.67195199266839,1.0
2016-06-17,IF,q1,IF1609,2016-09-16,3110.357,2975.4,-134.95699999999988,y,43.461098013112306,-91.49590198688757,-11.798936823648658,0.9767951359634356
2016-06-17,IF,q1,IF1609,2016-09-16,3110.357,2975.4,-134.95699999999988,d,43.84242525794524,-91.11457474205464,-11.749762423777016,0.9682992875752207
2016-06-17,IF,q1,IF1609,2016-09-16,3110.357,2975.4,-134.95699999999988,p,43.71362526818506,-91.24337473181481,-11.76637194299116,0.9711523325368163
2016-06-17,IF,q2,IF1612,2016-12-16,3110.357,2915.8,-194.5569999999998,y,45.902893274598945,-148.65410672540085,-9.58491241542322,0.9248347133345081
2016-06-17,IF,q2,IF1612,2016-12-16,3110.357,2915.8,-194.5569999999998,d,46.62531200922091,-147.93168799077887,-9.538332334649514,0.9105052022910335
2016-06-17,IF,q2,IF1612,2016-12-16,3110.357,2915.8,-194.5569999999998,p,46.786494887015955,-147.77050511298384,-9.527939592729606,0.9073684456456163
2016-06-20,IF,current,IF1607,2016-07-15,3112.674,3049.2,-63.47400000000016,y,31.762545859754265,-31.711454140245895,-14.874260216379554,1.0
2016-06-20,IF,current,IF1607,2016-07-15,3112.674,3049.2,-63.47400000000016,d,31.762545859754265,-31.711454140245895,-14.874260216379554,1.0
2016-06-20,IF,current,IF1607,2016-07-15,3112.674,3049.2,-63.47400000000016,p,31.762545859754265,-31.711454140245895,-14.874260216379554,1.0
2016-06-20,IF,next,IF1608,2016-08-19,3112.674,3010.2,-102.47400000000016,y,41.37962415737571,-61.09437584262445,-11.94013420752164,1.0
2016-06-20,IF,next,IF1608,2016-08-19,3112.674,3010.2,-102.47400000000016,d,41.37962415737571,-61.09437584262445,-11.94013420752164,1.0
2016-06-20,IF,next,IF1608,2016-08-19,3112.674,3010.2,-102.47400000000016,p,41.37962415737571,-61.09437584262445,-11.94013420752164,1.0
2016-06-20,IF,q1,IF1609,2016-09-16,3112.674,2974.6,-138.07400000000007,y,43.44109678748488,-94.63290321251519,-12.610105444769019,0.9767671579680689
2016-06-20,IF,q1,IF1609,2016-09-16,3112.674,2974.6,-138.07400000000007,d,43.82270809463808,-94.251291905362,-12.559254644901753,0.9682613990101436
2016-06-20,IF,q1,IF1609,2016-09-16,3112.674,2974.6,-138.07400000000007,p,43.69381215782865,-94.38018784217141,-12.576430397725472,0.9711177522084182
2016-06-20,IF,q2,IF1612,2016-12-16,3112.674,2916.0,-196.67399999999998,y,45.88471101689735,-150.78928898310264,-9.878174386509263,0.9247489132600533
2016-06-20,IF,q2,IF1612,2016-12-16,3112.674,2916.0,-196.67399999999998,d,46.60766790331608,-150.0663320966839,-9.830813633990743,0.9104046299022923
2016-06-20,IF,q2,IF1612,2016-12-16,3112.674,2916.0,-196.67399999999998,p,46.76897085116347,-149.9050291488365,-9.820246712038658,0.9072647072598955
2016-06-21,IF,current,IF1607,2016-07-15,3106.318,3037.8,-68.51800000000003,y,31.671962932452775,-36.84603706754726,-18.039582996190813,1.0
2016-06-21,IF,current,IF1607,2016-07-15,3106.318,3037.8,-68.51800000000003,d,31.671962932452775,-36.84603706754726,-18.039582996190813,1.0
2016-06-21,IF,current,IF1607,2016-07-15,3106.318,3037.8,-68.51800000000003,p,31.671962932452775,-36.84603706754726,-18.039582996190813,1.0
2016-06-21,IF,next,IF1608,2016-08-19,3106.318,2997.8,-108.51800000000003,y,41.26940340431422,-67.24859659568581,-13.393009135435696,1.0
2016-06-21,IF,next,IF1608,2016-08-19,3106.318,2997.8,-108.51800000000003,d,41.26940340431422,-67.24859659568581,-13.393009135435696,1.0
2016-06-21,IF,next,IF1608,2016-08-19,3106.318,2997.8,-108.51800000000003,p,41.26940340431422,-67.24859659568581,-13.393009135435696,1.0
2016-06-21,IF,q1,IF1609,2016-09-16,3106.318,2967.4,-138.91800000000012,y,43.326666560499376,-95.59133343950074,-12.910593830453715,0.9767533637791929
2016-06-21,IF,q1,IF1609,2016-09-16,3106.318,2967.4,-138.91800000000012,d,43.70749862720906,-95.21050137279106,-12.859158538633952,0.9682427188354874
2016-06-21,IF,q1,IF1609,2016-09-16,3106.318,2967.4,-138.91800000000012,p,43.57886589257704,-95.33913410742308,-12.87653171390392,0.9711007030019035
2016-06-21,IF,q2,IF1612,2016-12-16,3106.318,2905.6,-200.7180000000003,y,45.76529099270142,-154.9527090072989,-10.228833800939718,0.9247066146931368
2016-06-21,IF,q2,IF1612,2016-12-16,3106.318,2905.6,-200.7180000000003,d,46.486771619810604,-154.2312283801897,-10.181206976777837,0.9103550500433667
2016-06-21,IF,q2,IF1612,2016-12-16,3106.318,2905.6,-200.7180000000003,p,46.64774519120017,-154.07025480880014,-10.170580690095687,0.9072135669333609
2016-06-22,IF,current,IF1607,2016-07-15,3133.961,3076.0,-57.960999999999785,y,31.540219366308758,-26.420780633691027,-13.37879767363885,1.0
2016-06-22,IF,current,IF1607,2016-07-15,3133.961,3076.0,-57.960999999999785,d,31.540219366308758,-26.420780633691027,-13.37879767363885,1.0
2016-06-22,IF,current,IF1607,2016-07-15,3133.961,3076.0,-57.960999999999785,p,31.540219366308758,-26.420780633691027,-13.37879767363885,1.0
2016-06-22,IF,next,IF1608,2016-08-19,3133.961,3036.2,-97.76099999999997,y,41.22306707817707,-56.5379329218229,-11.353014942710299,1.0
2016-06-22,IF,next,IF1608,2016-08-19,3133.961,3036.2,-97.76099999999997,d,41.22306707817707,-56.5379329218229,-11.353014942710299,1.0
2016-06-22,IF,next,IF1608,2016-08-19,3133.961,3036.2,-97.76099999999997,p,41.22306707817707,-56.5379329218229,-11.353014942710299,1.0
2016-06-22,IF,q1,IF1609,2016-09-16,3133.961,3004.0,-129.96099999999979,y,43.29863773714411,-86.66236226285568,-11.736303951253635,0.9765313105605283
2016-06-22,IF,q1,IF1609,2016-09-16,3133.961,3004.0,-129.96099999999979,d,43.68285881322762,-86.27814118677216,-11.684270574645268,0.9679420395932357
2016-06-22,IF,q1,IF1609,2016-09-16,3133.961,3004.0,-129.96099999999979,p,43.55308138102006,-86.40791861897972,-11.70184576358117,0.9708262679518495
2016-06-22,IF,q2,IF1612,2016-12-16,3133.961,2942.0,-191.96099999999979,y,45.75896339091438,-146.2020366090854,-9.620096596393884,0.9240260775517095
2016-06-22,IF,q2,IF1612,2016-12-16,3133.961,2942.0,-191.96099999999979,d,46.48686444535109,-145.47413555464868,-9.572200694129393,0.9095574838058871
2016-06-22,IF,q2,IF1612,2016-12-16,3133.961,2942.0,-191.96099999999979,p,46.649270514132716,-145.31172948586706,-9.561514371929263,0.9063909250655725
2016-06-23,IF,current,IF1607,2016-07-15,3117.317,3061.6,-55.7170000000001,y,28.68740565824234,-27.029594341757758,-14.385625282518708,1.0
2016-06-23,IF,current,IF1607,2016-07-15,3117.317,3061.6,-55.7170000000001,d,28.68740565824234,-27.029594341757758,-14.385625282518708,1.0
2016-06-23,IF,current,IF1607,2016-07-15,3117.317,3061.6,-55.7170000000001,p,28.68740565824234,-27.029594341757758,-14.385625282518708,1.0
2016-06-23,IF,next,IF1608,2016-08-19,3117.317,3021.4,-95.91699999999992,y,38.318829208381665,-57.59817079161825,-11.831661390588113,1.0
2016-06-23,IF,next,IF1608,2016-08-19,3117.317,3021.4,-95.91699999999992,d,38.318829208381665,-57.59817079161825,-11.831661390588113,1.0
2016-06-23,IF,next,IF1608,2016-08-19,3117.317,3021.4,-95.91699999999992,p,38.318829208381665,-57.59817079161825,-11.831661390588113,1.0
2016-06-23,IF,q1,IF1609,2016-09-16,3117.317,2990.6,-126.7170000000001,y,40.383376820779894,-86.33362317922021,-11.892493924372022,0.974970750955537
2016-06-23,IF,q1,IF1609,2016-09-16,3117.317,2990.6,-126.7170000000001,d,40.76555735596633,-85.95144264403376,-11.839848390391792,0.9658303180126578
2016-06-23,IF,q1,IF1609,2016-09-16,3117.317,2990.6,-126.7170000000001,p,40.63646915236808,-86.08053084763202,-11.85763034625635,0.9688984315405703
2016-06-23,IF,q2,IF1612,2016-12-16,3117.317,2929.6,-187.7170000000001,y,42.830636051521495,-144.88636394847862,-9.638883745146776,0.919262818738307
2016-06-23,IF,q2,IF1612,2016-12-16,3117.317,2929.6,-187.7170000000001,d,43.554671331894625,-144.1623286681055,-9.590715707073965,0.9039813645946182
2016-06-23,IF,q2,IF1612,2016-12-16,3117.317,2929.6,-187.7170000000001,p,43.716214886238845,-144.00078511376125,-9.579968667134061,0.9006409024096472
2016-06-24,IF,current,IF1607,2016-07-15,3077.155,3013.2,-63.95500000000038,y,24.275843489264144,-39.679156510736235,-22.41231039156179,1.0
2016-06-24,IF,current,IF1607,2016-07-15,3077.155,3013.2,-63.95500000000038,d,24.275843489264144,-39.679156510736235,-22.41231039156179,1.0
2016-06-24,IF,current,IF1607,2016-07-15,3077.155,3013.2,-63.95500000000038,p,24.275843489264144,-39.679156510736235,-22.41231039156179,1.0
2016-06-24,IF,next,IF1608,2016-08-19,3077.155,2983.0,-94.1550000000002,y,33.78318045064118,-60.37181954935902,-12.787620229630036,1.0
2016-06-24,IF,next,IF1608,2016-08-19,3077.155,2983.0,-94.1550000000002,d,33.78318045064118,-60.37181954935902,-12.787620229630036,1.0
2016-06-24,IF,next,IF1608,2016-08-19,3077.155,2983.0,-94.1550000000002,p,33.78318045064118,-60.37181954935902,-12.787620229630036,1.0
2016-06-24,IF,q1,IF1609,2016-09-16,3077.155,2956.4,-120.75500000000011,y,35.82112943312493,-84.93387056687519,-11.99347741544406,0.9721465124666316
2016-06-24,IF,q1,IF1609,2016-09-16,3077.155,2956.4,-120.75500000000011,d,36.198386139693945,-84.55661386030616,-11.940205148916446,0.9620148786921207
2016-06-24,IF,q1,IF1609,2016-09-16,3077.155,2956.4,-120.75500000000011,p,36.07096104588944,-84.68403895411066,-11.958198794731771,0.9654133142370653
2016-06-24,IF,q2,IF1612,2016-12-16,3077.155,2891.2,-185.95500000000038,y,38.236859363116864,-147.7181406368835,-10.012424989495164,0.9107281986819954
2016-06-24,IF,q2,IF1612,2016-12-16,3077.155,2891.2,-185.95500000000038,d,38.95156652417125,-147.00343347582913,-9.963981705490509,0.8940176007919651
2016-06-24,IF,q2,IF1612,2016-12-16,3077.155,2891.2,-185.95500000000038,p,39.11102882972698,-146.8439711702734,-9.953173253893805,0.8903725392301652
2016-06-27,IF,current,IF1607,2016-07-15,3120.544,3078.0,-42.54399999999987,y,24.394527336994198,-18.14947266300567,-11.793808177173009,1.0
2016-06-27,IF,current,IF1607,2016-07-15,3120.544,3078.0,-42.54399999999987,d,24.394527336994198,-18.14947266300567,-11.793808177173009,1.0
2016-06-27,IF,current,IF1607,2016-07-15,3120.544,3078.0,-42.54399999999987,p,24.394527336994198,-18.14947266300567,-11.793808177173009,1.0
2016-06-27,IF,next,IF1608,2016-08-19,3120.544,3044.2,-76.34400000000005,y,34.03592119294339,-42.30807880705666,-9.337056545979891,1.0
2016-06-27,IF,next,IF1608,2016-08-19,3120.544,3044.2,-76.34400000000005,d,34.03592119294339,-42.30807880705666,-9.337056545979891,1.0
2016-06-27,IF,next,IF1608,2016-08-19,3120.544,3044.2,-76.34400000000005,p,34.03592119294339,-42.30807880705666,-9.337056545979891,1.0
2016-06-27,IF,q1,IF1609,2016-09-16,3120.544,3016.0,-104.54399999999987,y,36.102605994195116,-68.44139400580475,-9.88317263806881,0.971973991979558
2016-06-27,IF,q1,IF1609,2016-09-16,3120.544,3016.0,-104.54399999999987,d,36.48518215696355,-68.05881784303631,-9.827927324632766,0.9617820713647042
2016-06-27,IF,q1,IF1609,2016-09-16,3120.544,3016.0,-104.54399999999987,p,36.355960323184924,-68.18803967681495,-9.846587401774588,0.9652005821632731
2016-06-27,IF,q2,IF1612,2016-12-16,3120.544,2951.0,-169.54399999999987,y,38.55239859114157,-130.9916014088583,-8.907945648414014,0.9102103980919617
2016-06-27,IF,q2,IF1612,2016-12-16,3120.544,2951.0,-169.54399999999987,d,39.27718338202318,-130.2668166179767,-8.85865742340928,0.8934142178103254
2016-06-27,IF,q2,IF1612,2016-12-16,3120.544,2951.0,-169.54399999999987,p,39.43889416384213,-130.10510583615775,-8.847660452307982,0.8897509631802619
2016-06-28,IF,current,IF1607,2016-07-15,3136.401,3094.0,-42.40099999999984,y,23.87490933587719,-18.52609066412265,-12.682245167601462,1.0
2016-06-28,IF,current,IF1607,2016-07-15,3136.401,3094.0,-42.40099999999984,d,23.87490933587719,-18.52609066412265,-12.682245167601462,1.0
2016-06-28,IF,current,IF1607,2016-07-15,3136.401,3094.0,-42.40099999999984,p,23.87490933587719,-18.52609066412265,-12.682245167601462,1.0
2016-06-28,IF,next,IF1608,2016-08-19,3136.401,3055.6,-80.80099999999993,y,33.5652957977226,-47.23570420227733,-10.57129838763947,1.0
2016-06-28,IF,next,IF1608,2016-08-19,3136.401,3055.6,-80.80099999999993,d,33.5652957977226,-47.23570420227733,-10.57129838763947,1.0
2016-06-28,IF,next,IF1608,2016-08-19,3136.401,3055.6,-80.80099999999993,p,33.5652957977226,-47.23570420227733,-10.57129838763947,1.0
2016-06-28,IF,q1,IF1609,2016-09-16,3136.401,3032.8,-103.60099999999966,y,35.64248242842888,-67.95851757157078,-9.885876723680797,0.9714679403962307
2016-06-28,IF,q1,IF1609,2016-09-16,3136.401,3032.8,-103.60099999999966,d,36.027002646532864,-67.5739973534668,-9.829940843826805,0.961099354699909
2016-06-28,IF,q1,IF1609,2016-09-16,3136.401,3032.8,-103.60099999999966,p,35.897124173841846,-67.70387582615781,-9.848834171932895,0.9645766838499613
2016-06-28,IF,q2,IF1612,2016-12-16,3136.401,2965.0,-171.40099999999984,y,38.1047236116506,-133.29627638834924,-9.071585288556074,0.9086938760728295
2016-06-28,IF,q2,IF1612,2016-12-16,3136.401,2965.0,-171.40099999999984,d,38.833191386149494,-132.56780861385033,-9.022008828317391,0.891647782718791
2016-06-28,IF,q2,IF1612,2016-12-16,3136.401,2965.0,-171.40099999999984,p,38.99572389900871,-132.40527610099113,-9.010947547443573,0.8879314328162747
2016-06-29,IF,current,IF1607,2016-07-15,3151.39,3111.0,-40.38999999999987,y,23.98900859041622,-16.400991409583654,-11.872463152168635,1.0
2016-06-29,IF,current,IF1607,2016-07-15,3151.39,3111.0,-40.38999999999987,d,23.98900859041622,-16.400991409583654,-11.872463152168635,1.0
2016-06-29,IF,current,IF1607,2016-07-15,3151.39,3111.0,-40.38999999999987,p,23.98900859041622,-16.400991409583654,-11.872463152168635,1.0
2016-06-29,IF,next,IF1608,2016-08-19,3151.39,3074.0,-77.38999999999987,y,33.725705840543036,-43.66429415945684,-9.916238871127298,1.0
2016-06-29,IF,next,IF1608,2016-08-19,3151.39,3074.0,-77.38999999999987,d,33.725705840543036,-43.66429415945684,-9.916238871127298,1.0
2016-06-29,IF,next,IF1608,2016-08-19,3151.39,3074.0,-77.38999999999987,p,33.725705840543036,-43.66429415945684,-9.916238871127298,1.0
2016-06-29,IF,q1,IF1609,2016-09-16,3151.39,3044.6,-106.78999999999996,y,35.81281943862615,-70.97718056137381,-10.405965085248676,0.9714679403962307
2016-06-29,IF,q1,IF1609,2016-09-16,3151.39,3044.6,-106.78999999999996,d,36.199177295969875,-70.59082270403009,-10.349321156282608,0.961099354699909
2016-06-29,IF,q1,IF1609,2016-09-16,3151.39,3044.6,-106.78999999999996,p,36.068678128276154,-70.7213218717238,-10.368453640440675,0.9645766838499613
2016-06-29,IF,q2,IF1612,2016-12-16,3151.39,2979.8,-171.5899999999997,y,38.28682778207238,-133.3031722179273,-9.082016256793404,0.9086938760728295
2016-06-29,IF,q2,IF1612,2016-12-16,3151.39,2979.8,-171.5899999999997,d,39.0187769364943,-132.57122306350539,-9.032148170318022,0.891647782718791
2016-06-29,IF,q2,IF1612,2016-12-16,3151.39,2979.8,-171.5899999999997,p,39.18208619946782,-132.40791380053187,-9.021021823086121,0.8879314328162747
2016-06-30,IF,current,IF1607,2016-07-15,3153.921,3111.2,-42.721000000000004,y,23.309352580291748,-19.411647419708256,-14.97659856454556,1.0
2016-06-30,IF,current,IF1607,2016-07-15,3153.921,3111.2,-42.721000000000004,d,23.309352580291748,-19.411647419708256,-14.97659856454556,1.0
2016-06-30,IF,current,IF1607,2016-07-15,3153.921,3111.2,-42.721000000000004,p,23.309352580291748,-19.411647419708256,-14.97659856454556,1.0
2016-06-30,IF,next,IF1608,2016-08-19,3153.921,3073.0,-80.92099999999982,y,32.907373873139974,-48.01362612685985,-11.113134118643964,1.0
2016-06-30,IF,next,IF1608,2016-08-19,3153.921,3073.0,-80.92099999999982,d,32.907373873139974,-48.01362612685985,-11.113134118643964,1.0
2016-06-30,IF,next,IF1608,2016-08-19,3153.921,3073.0,-80.92099999999982,p,32.907373873139974,-48.01362612685985,-11.113134118643964,1.0
2016-06-30,IF,q1,IF1609,2016-09-16,3153.921,3043.4,-110.52099999999973,y,34.95663258485144,-75.5643674151483,-11.211520153651445,0.9717919166968272
2016-06-30,IF,q1,IF1609,2016-09-16,3153.921,3043.4,-110.52099999999973,d,35.329471538577096,-75.19152846142264,-11.1562018655912,0.9615364029378776
2016-06-30,IF,q1,IF1609,2016-09-16,3153.921,3043.4,-110.52099999999973,p,35.203538618564785,-75.31746138143495,-11.174886591196977,0.9649760880284055
2016-06-30,IF,q2,IF1612,2016-12-16,3153.921,2978.2,-175.721,y,37.177789970537795,-138.54321002946222,-9.48725546300379,0.9137329843387715
2016-06-30,IF,q2,IF1612,2016-12-16,3153.921,2978.2,-175.721,d,37.88692385653336,-137.83407614346663,-9.438694914042337,0.8966305395902849
2016-06-30,IF,q2,IF1612,2016-12-16,3153.921,2978.2,-175.721,p,38.00455260132876,-137.71644739867125,-9.430639853448396,0.8938553582581005
