date,product,role,contract,expire,spot,future,basis_raw,dpv_pts,basis_adj,annualized_rate,announced_ratio,calibre
2015-01-05,IM,current,IM1501,2015-01-16,6049.787,,,0.0,,,,y
2015-01-05,IM,current,IM1501,2015-01-16,6049.787,,,0.0,,,,d
2015-01-05,IM,current,IM1501,2015-01-16,6049.787,,,0.0,,,,p
2015-01-05,IM,next,IM1502,2015-02-20,6049.787,,,0.0,,,,y
2015-01-05,IM,next,IM1502,2015-02-20,6049.787,,,0.0,,,,d
2015-01-05,IM,next,IM1502,2015-02-20,6049.787,,,0.0,,,,p
2015-01-05,IM,q1,IM1503,2015-03-20,6049.787,,,0.05858622069705405,,,0.0,y
2015-01-05,IM,q1,IM1503,2015-03-20,6049.787,,,0.05858622069705405,,,0.0,d
2015-01-05,IM,q1,IM1503,2015-03-20,6049.787,,,0.05858622069705405,,,0.0,p
2015-01-05,IM,q2,IM1506,2015-06-19,6049.787,,,5.859372472496845,,,0.0,y
2015-01-05,IM,q2,IM1506,2015-06-19,6049.787,,,5.855267640540474,,,0.0,d
2015-01-05,IM,q2,IM1506,2015-06-19,6049.787,,,5.933839351850157,,,0.0,p
2015-01-06,IM,current,IM1501,2015-01-16,6172.392,,,0.0,,,,y
2015-01-06,IM,current,IM1501,2015-01-16,6172.392,,,0.0,,,,d
2015-01-06,IM,current,IM1501,2015-01-16,6172.392,,,0.0,,,,p
2015-01-06,IM,next,IM1502,2015-02-20,6172.392,,,0.0,,,,y
2015-01-06,IM,next,IM1502,2015-02-20,6172.392,,,0.0,,,,d
2015-01-06,IM,next,IM1502,2015-02-20,6172.392,,,0.0,,,,p
2015-01-06,IM,q1,IM1503,2015-03-20,6172.392,,,0.05977352920701685,,,0.0,y
2015-01-06,IM,q1,IM1503,2015-03-20,6172.392,,,0.05977352920701685,,,0.0,d
2015-01-06,IM,q1,IM1503,2015-03-20,6172.392,,,0.05977352920701685,,,0.0,p
2015-01-06,IM,q2,IM1506,2015-06-19,6172.392,,,5.978118531158162,,,0.0,y
2015-01-06,IM,q2,IM1506,2015-06-19,6172.392,,,5.973930510666061,,,0.0,d
2015-01-06,IM,q2,IM1506,2015-06-19,6172.392,,,6.054094556493491,,,0.0,p
2015-01-07,IM,current,IM1501,2015-01-16,6166.769,,,0.0,,,,y
2015-01-07,IM,current,IM1501,2015-01-16,6166.769,,,0.0,,,,d
2015-01-07,IM,current,IM1501,2015-01-16,6166.769,,,0.0,,,,p
2015-01-07,IM,next,IM1502,2015-02-20,6166.769,,,0.0,,,,y
2015-01-07,IM,next,IM1502,2015-02-20,6166.769,,,0.0,,,,d
2015-01-07,IM,next,IM1502,2015-02-20,6166.769,,,0.0,,,,p
2015-01-07,IM,q1,IM1503,2015-03-20,6166.769,,,0.05971907599751054,,,0.0,y
2015-01-07,IM,q1,IM1503,2015-03-20,6166.769,,,0.05971907599751054,,,0.0,d
2015-01-07,IM,q1,IM1503,2015-03-20,6166.769,,,0.05971907599751054,,,0.0,p
2015-01-07,IM,q2,IM1506,2015-06-19,6166.769,,,5.9726725127424976,,,0.0,y
2015-01-07,IM,q2,IM1506,2015-06-19,6166.769,,,5.968488307503741,,,0.0,d
2015-01-07,IM,q2,IM1506,2015-06-19,6166.769,,,6.048579324523267,,,0.0,p
2015-01-08,IM,current,IM1501,2015-01-16,6164.111,,,0.0,,,,y
2015-01-08,IM,current,IM1501,2015-01-16,6164.111,,,0.0,,,,d
2015-01-08,IM,current,IM1501,2015-01-16,6164.111,,,0.0,,,,p
2015-01-08,IM,next,IM1502,2015-02-20,6164.111,,,0.0,,,,y
2015-01-08,IM,next,IM1502,2015-02-20,6164.111,,,0.0,,,,d
2015-01-08,IM,next,IM1502,2015-02-20,6164.111,,,0.0,,,,p
2015-01-08,IM,q1,IM1503,2015-03-20,6164.111,,,0.0596933358888732,,,0.0,y
2015-01-08,IM,q1,IM1503,2015-03-20,6164.111,,,0.0596933358888732,,,0.0,d
2015-01-08,IM,q1,IM1503,2015-03-20,6164.111,,,0.0596933358888732,,,0.0,p
2015-01-08,IM,q2,IM1506,2015-06-19,6164.111,,,5.970098172186062,,,0.0,y
2015-01-08,IM,q2,IM1506,2015-06-19,6164.111,,,5.965915770422923,,,0.0,d
2015-01-08,IM,q2,IM1506,2015-06-19,6164.111,,,6.045972266622349,,,0.0,p
2015-01-09,IM,current,IM1501,2015-01-16,6128.012,,,0.0,,,,y
2015-01-09,IM,current,IM1501,2015-01-16,6128.012,,,0.0,,,,d
2015-01-09,IM,current,IM1501,2015-01-16,6128.012,,,0.0,,,,p
2015-01-09,IM,next,IM1502,2015-02-20,6128.012,,,0.0,,,,y
2015-01-09,IM,next,IM1502,2015-02-20,6128.012,,,0.0,,,,d
2015-01-09,IM,next,IM1502,2015-02-20,6128.012,,,0.0,,,,p
2015-01-09,IM,q1,IM1503,2015-03-20,6128.012,,,0.0593437526752918,,,0.0,y
2015-01-09,IM,q1,IM1503,2015-03-20,6128.012,,,0.0593437526752918,,,0.0,d
2015-01-09,IM,q1,IM1503,2015-03-20,6128.012,,,0.0593437526752918,,,0.0,p
2015-01-09,IM,q2,IM1506,2015-06-19,6128.012,,,5.935135373184268,,,0.0,y
2015-01-09,IM,q2,IM1506,2015-06-19,6128.012,,,5.93097746489979,,,0.0,d
2015-01-09,IM,q2,IM1506,2015-06-19,6128.012,,,6.010565124724223,,,0.0,p
2015-01-12,IM,current,IM1501,2015-01-16,6062.283,,,0.0,,,,y
2015-01-12,IM,current,IM1501,2015-01-16,6062.283,,,0.0,,,,d
2015-01-12,IM,current,IM1501,2015-01-16,6062.283,,,0.0,,,,p
2015-01-12,IM,next,IM1502,2015-02-20,6062.283,,,0.0,,,,y
2015-01-12,IM,next,IM1502,2015-02-20,6062.283,,,0.0,,,,d
2015-01-12,IM,next,IM1502,2015-02-20,6062.283,,,0.0,,,,p
2015-01-12,IM,q1,IM1503,2015-03-20,6062.283,,,0.058707232133296414,,,0.0,y
2015-01-12,IM,q1,IM1503,2015-03-20,6062.283,,,0.058707232133296414,,,0.0,d
2015-01-12,IM,q1,IM1503,2015-03-20,6062.283,,,0.058707232133296414,,,0.0,p
2015-01-12,IM,q2,IM1506,2015-06-19,6062.283,,,5.871475166098508,,,0.0,y
2015-01-12,IM,q2,IM1506,2015-06-19,6062.283,,,5.8673618554998095,,,0.0,d
2015-01-12,IM,q2,IM1506,2015-06-19,6062.283,,,5.946095858821513,,,0.0,p
2015-01-13,IM,current,IM1501,2015-01-16,6167.117,,,0.0,,,,y
2015-01-13,IM,current,IM1501,2015-01-16,6167.117,,,0.0,,,,d
2015-01-13,IM,current,IM1501,2015-01-16,6167.117,,,0.0,,,,p
2015-01-13,IM,next,IM1502,2015-02-20,6167.117,,,0.0,,,,y
2015-01-13,IM,next,IM1502,2015-02-20,6167.117,,,0.0,,,,d
2015-01-13,IM,next,IM1502,2015-02-20,6167.117,,,0.0,,,,p
2015-01-13,IM,q1,IM1503,2015-03-20,6167.117,,,0.059722446034307305,,,0.0,y
2015-01-13,IM,q1,IM1503,2015-03-20,6167.117,,,0.059722446034307305,,,0.0,d
2015-01-13,IM,q1,IM1503,2015-03-20,6167.117,,,0.059722446034307305,,,0.0,p
2015-01-13,IM,q2,IM1506,2015-06-19,6167.117,,,5.973009559587358,,,0.0,y
2015-01-13,IM,q2,IM1506,2015-06-19,6167.117,,,5.968825118227641,,,0.0,d
2015-01-13,IM,q2,IM1506,2015-06-19,6167.117,,,6.048920654903071,,,0.0,p
2015-01-14,IM,current,IM1501,2015-01-16,6139.29,,,0.0,,,,y
2015-01-14,IM,current,IM1501,2015-01-16,6139.29,,,0.0,,,,d
2015-01-14,IM,current,IM1501,2015-01-16,6139.29,,,0.0,,,,p
2015-01-14,IM,next,IM1502,2015-02-20,6139.29,,,0.0,,,,y
2015-01-14,IM,next,IM1502,2015-02-20,6139.29,,,0.0,,,,d
2015-01-14,IM,next,IM1502,2015-02-20,6139.29,,,0.0,,,,p
2015-01-14,IM,q1,IM1503,2015-03-20,6139.29,,,0.0594529689827455,,,0.0,y
2015-01-14,IM,q1,IM1503,2015-03-20,6139.29,,,0.0594529689827455,,,0.0,d
2015-01-14,IM,q1,IM1503,2015-03-20,6139.29,,,0.0594529689827455,,,0.0,p
2015-01-14,IM,q2,IM1506,2015-06-19,6139.29,,,5.9460584028289185,,,0.0,y
2015-01-14,IM,q2,IM1506,2015-06-19,6139.29,,,5.941892842325478,,,0.0,d
2015-01-14,IM,q2,IM1506,2015-06-19,6139.29,,,6.021626975366265,,,0.0,p
2015-01-15,IM,current,IM1501,2015-01-16,6168.658,,,0.0,,,,y
2015-01-15,IM,current,IM1501,2015-01-16,6168.658,,,0.0,,,,d
2015-01-15,IM,current,IM1501,2015-01-16,6168.658,,,0.0,,,,p
2015-01-15,IM,next,IM1502,2015-02-20,6168.658,,,0.0,,,,y
2015-01-15,IM,next,IM1502,2015-02-20,6168.658,,,0.0,,,,d
2015-01-15,IM,next,IM1502,2015-02-20,6168.658,,,0.0,,,,p
2015-01-15,IM,q1,IM1503,2015-03-20,6168.658,,,0.05973736909954814,,,0.0,y
2015-01-15,IM,q1,IM1503,2015-03-20,6168.658,,,0.05973736909954814,,,0.0,d
2015-01-15,IM,q1,IM1503,2015-03-20,6168.658,,,0.05973736909954814,,,0.0,p
2015-01-15,IM,q2,IM1506,2015-06-19,6168.658,,,5.974502057253825,,,0.0,y
2015-01-15,IM,q2,IM1506,2015-06-19,6168.658,,,5.970316570312495,,,0.0,d
2015-01-15,IM,q2,IM1506,2015-06-19,6168.658,,,6.050432120751571,,,0.0,p
2015-01-16,IM,current,IM1501,2015-01-16,6252.075,,,0.0,,,,y
2015-01-16,IM,current,IM1501,2015-01-16,6252.075,,,0.0,,,,d
2015-01-16,IM,current,IM1501,2015-01-16,6252.075,,,0.0,,,,p
2015-01-16,IM,next,IM1502,2015-02-20,6252.075,,,0.0,,,,y
2015-01-16,IM,next,IM1502,2015-02-20,6252.075,,,0.0,,,,d
2015-01-16,IM,next,IM1502,2015-02-20,6252.075,,,0.0,,,,p
2015-01-16,IM,q1,IM1503,2015-03-20,6252.075,,,0.06054518047735138,,,0.0,y
2015-01-16,IM,q1,IM1503,2015-03-20,6252.075,,,0.06054518047735138,,,0.0,d
2015-01-16,IM,q1,IM1503,2015-03-20,6252.075,,,0.06054518047735138,,,0.0,p
2015-01-16,IM,q2,IM1506,2015-06-19,6252.075,,,6.055293541902501,,,0.0,y
2015-01-16,IM,q2,IM1506,2015-06-19,6252.075,,,6.0510514558168875,,,0.0,d
2015-01-16,IM,q2,IM1506,2015-06-19,6252.075,,,6.132250385958806,,,0.0,p
2015-01-19,IM,current,IM1502,2015-02-20,6109.285,,,0.0,,,,y
2015-01-19,IM,current,IM1502,2015-02-20,6109.285,,,0.0,,,,d
2015-01-19,IM,current,IM1502,2015-02-20,6109.285,,,0.0,,,,p
2015-01-19,IM,next,IM1503,2015-03-20,6109.285,,,0.059162400149162575,,,0.0,y
2015-01-19,IM,next,IM1503,2015-03-20,6109.285,,,0.059162400149162575,,,0.0,d
2015-01-19,IM,next,IM1503,2015-03-20,6109.285,,,0.059162400149162575,,,0.0,p
2015-01-19,IM,q1,IM1503,2015-03-20,6109.285,,,0.059162400149162575,,,0.0,y
2015-01-19,IM,q1,IM1503,2015-03-20,6109.285,,,0.059162400149162575,,,0.0,d
2015-01-19,IM,q1,IM1503,2015-03-20,6109.285,,,0.059162400149162575,,,0.0,p
2015-01-19,IM,q2,IM1506,2015-06-19,6109.285,,,5.916997797713851,,,0.0,y
2015-01-19,IM,q2,IM1506,2015-06-19,6109.285,,,5.912852595858219,,,0.0,d
2015-01-19,IM,q2,IM1506,2015-06-19,6109.285,,,5.992197038452409,,,0.0,p
2015-01-20,IM,current,IM1502,2015-02-20,6336.631,,,0.0,,,,y
2015-01-20,IM,current,IM1502,2015-02-20,6336.631,,,0.0,,,,d
2015-01-20,IM,current,IM1502,2015-02-20,6336.631,,,0.0,,,,p
2015-01-20,IM,next,IM1503,2015-03-20,6336.631,,,0.06136402194685438,,,0.0,y
2015-01-20,IM,next,IM1503,2015-03-20,6336.631,,,0.06136402194685438,,,0.0,d
2015-01-20,IM,next,IM1503,2015-03-20,6336.631,,,0.06136402194685438,,,0.0,p
2015-01-20,IM,q1,IM1503,2015-03-20,6336.631,,,0.06136402194685438,,,0.0,y
2015-01-20,IM,q1,IM1503,2015-03-20,6336.631,,,0.06136402194685438,,,0.0,d
2015-01-20,IM,q1,IM1503,2015-03-20,6336.631,,,0.06136402194685438,,,0.0,p
2015-01-20,IM,q2,IM1506,2015-06-19,6336.631,,,6.137188177000307,,,0.0,y
2015-01-20,IM,q2,IM1506,2015-06-19,6336.631,,,6.132888718949217,,,0.0,d
2015-01-20,IM,q2,IM1506,2015-06-19,6336.631,,,6.215185821575803,,,0.0,p
2015-01-21,IM,current,IM1502,2015-02-20,6465.733,,,0.0,,,,y
2015-01-21,IM,current,IM1502,2015-02-20,6465.733,,,0.0,,,,d
2015-01-21,IM,current,IM1502,2015-02-20,6465.733,,,0.0,,,,p
2015-01-21,IM,next,IM1503,2015-03-20,6465.733,,,0.06261424749437053,,,0.0,y
2015-01-21,IM,next,IM1503,2015-03-20,6465.733,,,0.06261424749437053,,,0.0,d
2015-01-21,IM,next,IM1503,2015-03-20,6465.733,,,0.06261424749437053,,,0.0,p
2015-01-21,IM,q1,IM1503,2015-03-20,6465.733,,,0.06261424749437053,,,0.0,y
2015-01-21,IM,q1,IM1503,2015-03-20,6465.733,,,0.06261424749437053,,,0.0,d
2015-01-21,IM,q1,IM1503,2015-03-20,6465.733,,,0.06261424749437053,,,0.0,p
2015-01-21,IM,q2,IM1506,2015-06-19,6465.733,,,6.262226745291106,,,0.0,y
2015-01-21,IM,q2,IM1506,2015-06-19,6465.733,,,6.257839690434503,,,0.0,d
2015-01-21,IM,q2,IM1506,2015-06-19,6465.733,,,6.341813507476572,,,0.0,p
2015-01-22,IM,current,IM1502,2015-02-20,6568.636,,,0.0,,,,y
2015-01-22,IM,current,IM1502,2015-02-20,6568.636,,,0.0,,,,d
2015-01-22,IM,current,IM1502,2015-02-20,6568.636,,,0.0,,,,p
2015-01-22,IM,next,IM1503,2015-03-20,6568.636,,,0.0636107615647649,,,0.0,y
2015-01-22,IM,next,IM1503,2015-03-20,6568.636,,,0.0636107615647649,,,0.0,d
2015-01-22,IM,next,IM1503,2015-03-20,6568.636,,,0.0636107615647649,,,0.0,p
2015-01-22,IM,q1,IM1503,2015-03-20,6568.636,,,0.0636107615647649,,,0.0,y
2015-01-22,IM,q1,IM1503,2015-03-20,6568.636,,,0.0636107615647649,,,0.0,d
2015-01-22,IM,q1,IM1503,2015-03-20,6568.636,,,0.0636107615647649,,,0.0,p
2015-01-22,IM,q2,IM1506,2015-06-19,6568.636,,,6.361890916201147,,,0.0,y
2015-01-22,IM,q2,IM1506,2015-06-19,6568.636,,,6.357434040783455,,,0.0,d
2015-01-22,IM,q2,IM1506,2015-06-19,6568.636,,,6.442744312283987,,,0.0,p
2015-01-23,IM,current,IM1502,2015-02-20,6502.067,,,0.0,,,,y
2015-01-23,IM,current,IM1502,2015-02-20,6502.067,,,0.0,,,,d
2015-01-23,IM,current,IM1502,2015-02-20,6502.067,,,0.0,,,,p
2015-01-23,IM,next,IM1503,2015-03-20,6502.067,,,0.0629661064511911,,,0.0,y
2015-01-23,IM,next,IM1503,2015-03-20,6502.067,,,0.0629661064511911,,,0.0,d
2015-01-23,IM,next,IM1503,2015-03-20,6502.067,,,0.0629661064511911,,,0.0,p
2015-01-23,IM,q1,IM1503,2015-03-20,6502.067,,,0.0629661064511911,,,0.0,y
2015-01-23,IM,q1,IM1503,2015-03-20,6502.067,,,0.0629661064511911,,,0.0,d
2015-01-23,IM,q1,IM1503,2015-03-20,6502.067,,,0.0629661064511911,,,0.0,p
2015-01-23,IM,q2,IM1506,2015-06-19,6502.067,,,6.297417147765722,,,0.0,y
2015-01-23,IM,q2,IM1506,2015-06-19,6502.067,,,6.293005439980957,,,0.0,d
2015-01-23,IM,q2,IM1506,2015-06-19,6502.067,,,6.377451145464509,,,0.0,p
2015-01-26,IM,current,IM1502,2015-02-20,6642.612,,,0.0,,,,y
2015-01-26,IM,current,IM1502,2015-02-20,6642.612,,,0.0,,,,d
2015-01-26,IM,current,IM1502,2015-02-20,6642.612,,,0.0,,,,p
2015-01-26,IM,next,IM1503,2015-03-20,6642.612,,,0.06432714616843528,,,0.0,y
2015-01-26,IM,next,IM1503,2015-03-20,6642.612,,,0.06432714616843528,,,0.0,d
2015-01-26,IM,next,IM1503,2015-03-20,6642.612,,,0.06432714616843528,,,0.0,p
2015-01-26,IM,q1,IM1503,2015-03-20,6642.612,,,0.06432714616843528,,,0.0,y
2015-01-26,IM,q1,IM1503,2015-03-20,6642.612,,,0.06432714616843528,,,0.0,d
2015-01-26,IM,q1,IM1503,2015-03-20,6642.612,,,0.06432714616843528,,,0.0,p
2015-01-26,IM,q2,IM1506,2015-06-19,6642.612,,,6.433538552394855,,,0.0,y
2015-01-26,IM,q2,IM1506,2015-06-19,6642.612,,,6.429031483631711,,,0.0,d
2015-01-26,IM,q2,IM1506,2015-06-19,6642.612,,,6.515302519687399,,,0.0,p
2015-01-27,IM,current,IM1502,2015-02-20,6693.806,,,0.0,,,,y
2015-01-27,IM,current,IM1502,2015-02-20,6693.806,,,0.0,,,,d
2015-01-27,IM,current,IM1502,2015-02-20,6693.806,,,0.0,,,,p
2015-01-27,IM,next,IM1503,2015-03-20,6693.806,,,0.06482290957008313,,,0.0,y
2015-01-27,IM,next,IM1503,2015-03-20,6693.806,,,0.06482290957008313,,,0.0,d
2015-01-27,IM,next,IM1503,2015-03-20,6693.806,,,0.06482290957008313,,,0.0,p
2015-01-27,IM,q1,IM1503,2015-03-20,6693.806,,,0.06482290957008313,,,0.0,y
2015-01-27,IM,q1,IM1503,2015-03-20,6693.806,,,0.06482290957008313,,,0.0,d
2015-01-27,IM,q1,IM1503,2015-03-20,6693.806,,,0.06482290957008313,,,0.0,p
2015-01-27,IM,q2,IM1506,2015-06-19,6693.806,,,6.483121242555186,,,0.0,y
2015-01-27,IM,q2,IM1506,2015-06-19,6693.806,,,6.478579438227439,,,0.0,d
2015-01-27,IM,q2,IM1506,2015-06-19,6693.806,,,6.56551535722674,,,0.0,p
2015-01-28,IM,current,IM1502,2015-02-20,6666.264,,,0.0,,,,y
2015-01-28,IM,current,IM1502,2015-02-20,6666.264,,,0.0,,,,d
2015-01-28,IM,current,IM1502,2015-02-20,6666.264,,,0.0,,,,p
2015-01-28,IM,next,IM1503,2015-03-20,6666.264,,,0.04687257867323914,,,0.35206843550397865,y
2015-01-28,IM,next,IM1503,2015-03-20,6666.264,,,0.04687257867323914,,,0.35206843550397865,d
2015-01-28,IM,next,IM1503,2015-03-20,6666.264,,,0.04687257867323914,,,0.35206843550397865,p
2015-01-28,IM,q1,IM1503,2015-03-20,6666.264,,,0.04687257867323914,,,0.35206843550397865,y
2015-01-28,IM,q1,IM1503,2015-03-20,6666.264,,,0.04687257867323914,,,0.35206843550397865,d
2015-01-28,IM,q1,IM1503,2015-03-20,6666.264,,,0.04687257867323914,,,0.35206843550397865,p
2015-01-28,IM,q2,IM1506,2015-06-19,6666.264,,,6.438762501751174,,,0.002562970048520388,y
2015-01-28,IM,q2,IM1506,2015-06-19,6666.264,,,6.434239384904777,,,0.0025647717553438035,d
2015-01-28,IM,q2,IM1506,2015-06-19,6666.264,,,6.520817601711772,,,0.002530718760971392,p
2015-01-29,IM,current,IM1502,2015-02-20,6625.005,,,0.0,,,,y
2015-01-29,IM,current,IM1502,2015-02-20,6625.005,,,0.0,,,,d
2015-01-29,IM,current,IM1502,2015-02-20,6625.005,,,0.0,,,,p
2015-01-29,IM,next,IM1503,2015-03-20,6625.005,,,0.046582473792382464,,,0.35206843550397865,y
2015-01-29,IM,next,IM1503,2015-03-20,6625.005,,,0.046582473792382464,,,0.35206843550397865,d
2015-01-29,IM,next,IM1503,2015-03-20,6625.005,,,0.046582473792382464,,,0.35206843550397865,p
2015-01-29,IM,q1,IM1503,2015-03-20,6625.005,,,0.046582473792382464,,,0.35206843550397865,y
2015-01-29,IM,q1,IM1503,2015-03-20,6625.005,,,0.046582473792382464,,,0.35206843550397865,d
2015-01-29,IM,q1,IM1503,2015-03-20,6625.005,,,0.046582473792382464,,,0.35206843550397865,p
2015-01-29,IM,q2,IM1506,2015-06-19,6625.005,,,6.398911559445295,,,0.002562970048520388,y
2015-01-29,IM,q2,IM1506,2015-06-19,6625.005,,,6.394416437181467,,,0.0025647717553438035,d
2015-01-29,IM,q2,IM1506,2015-06-19,6625.005,,,6.480458802025917,,,0.002530718760971392,p
2015-01-30,IM,current,IM1502,2015-02-20,6546.597,,,0.0,,,,y
2015-01-30,IM,current,IM1502,2015-02-20,6546.597,,,0.0,,,,d
2015-01-30,IM,current,IM1502,2015-02-20,6546.597,,,0.0,,,,p
2015-01-30,IM,next,IM1503,2015-03-20,6546.597,,,0.04603116272090204,,,0.35206843550397865,y
2015-01-30,IM,next,IM1503,2015-03-20,6546.597,,,0.04603116272090204,,,0.35206843550397865,d
2015-01-30,IM,next,IM1503,2015-03-20,6546.597,,,0.04603116272090204,,,0.35206843550397865,p
2015-01-30,IM,q1,IM1503,2015-03-20,6546.597,,,0.04603116272090204,,,0.35206843550397865,y
2015-01-30,IM,q1,IM1503,2015-03-20,6546.597,,,0.04603116272090204,,,0.35206843550397865,d
2015-01-30,IM,q1,IM1503,2015-03-20,6546.597,,,0.04603116272090204,,,0.35206843550397865,p
2015-01-30,IM,q2,IM1506,2015-06-19,6546.597,,,6.323179411687974,,,0.002562970048520388,y
2015-01-30,IM,q2,IM1506,2015-06-19,6546.597,,,6.318737489919309,,,0.0025647717553438035,d
2015-01-30,IM,q2,IM1506,2015-06-19,6546.597,,,6.403761529533406,,,0.002530718760971392,p
2015-02-02,IM,current,IM1502,2015-02-20,6535.903,,,0.0,,,,y
2015-02-02,IM,current,IM1502,2015-02-20,6535.903,,,0.0,,,,d
2015-02-02,IM,current,IM1502,2015-02-20,6535.903,,,0.0,,,,p
2015-02-02,IM,next,IM1503,2015-03-20,6535.903,,,0.04886782505958845,,,0.4414532846922848,y
2015-02-02,IM,next,IM1503,2015-03-20,6535.903,,,0.04886782505958845,,,0.4414532846922848,d
2015-02-02,IM,next,IM1503,2015-03-20,6535.903,,,0.04886782505958845,,,0.4414532846922848,p
2015-02-02,IM,q1,IM1503,2015-03-20,6535.903,,,0.04886782505958845,,,0.4414532846922848,y
2015-02-02,IM,q1,IM1503,2015-03-20,6535.903,,,0.04886782505958845,,,0.4414532846922848,d
2015-02-02,IM,q1,IM1503,2015-03-20,6535.903,,,0.04886782505958845,,,0.4414532846922848,p
2015-02-02,IM,q2,IM1506,2015-06-19,6535.903,,,6.28184846730189,,,0.003434158273733242,y
2015-02-02,IM,q2,IM1506,2015-06-19,6535.903,,,6.2776599467704175,,,0.003436449580137192,d
2015-02-02,IM,q2,IM1506,2015-06-19,6535.903,,,6.361720416465633,,,0.003391042120066706,p
2015-02-03,IM,current,IM1502,2015-02-20,6654.549,,,0.0,,,,y
2015-02-03,IM,current,IM1502,2015-02-20,6654.549,,,0.0,,,,d
2015-02-03,IM,current,IM1502,2015-02-20,6654.549,,,0.0,,,,p
2015-02-03,IM,next,IM1503,2015-03-20,6654.549,,,0.04975492083992973,,,0.4414532846922848,y
2015-02-03,IM,next,IM1503,2015-03-20,6654.549,,,0.04975492083992973,,,0.4414532846922848,d
2015-02-03,IM,next,IM1503,2015-03-20,6654.549,,,0.04975492083992973,,,0.4414532846922848,p
2015-02-03,IM,q1,IM1503,2015-03-20,6654.549,,,0.04975492083992973,,,0.4414532846922848,y
2015-02-03,IM,q1,IM1503,2015-03-20,6654.549,,,0.04975492083992973,,,0.4414532846922848,d
2015-02-03,IM,q1,IM1503,2015-03-20,6654.549,,,0.04975492083992973,,,0.4414532846922848,p
2015-02-03,IM,q2,IM1506,2015-06-19,6654.549,,,6.395882624977042,,,0.003434158273733242,y
2015-02-03,IM,q2,IM1506,2015-06-19,6654.549,,,6.391618070390753,,,0.003436449580137192,d
2015-02-03,IM,q2,IM1506,2015-06-19,6654.549,,,6.47720448661355,,,0.003391042120066706,p
2015-02-04,IM,current,IM1502,2015-02-20,6653.338,,,0.0,,,,y
2015-02-04,IM,current,IM1502,2015-02-20,6653.338,,,0.0,,,,d
2015-02-04,IM,current,IM1502,2015-02-20,6653.338,,,0.0,,,,p
2015-02-04,IM,next,IM1503,2015-03-20,6653.338,,,0.049745866400757795,,,0.4414532846922848,y
2015-02-04,IM,next,IM1503,2015-03-20,6653.338,,,0.049745866400757795,,,0.4414532846922848,d
2015-02-04,IM,next,IM1503,2015-03-20,6653.338,,,0.049745866400757795,,,0.4414532846922848,p
2015-02-04,IM,q1,IM1503,2015-03-20,6653.338,,,0.049745866400757795,,,0.4414532846922848,y
2015-02-04,IM,q1,IM1503,2015-03-20,6653.338,,,0.049745866400757795,,,0.4414532846922848,d
2015-02-04,IM,q1,IM1503,2015-03-20,6653.338,,,0.049745866400757795,,,0.4414532846922848,p
2015-02-04,IM,q2,IM1506,2015-06-19,6653.338,,,6.394718697285045,,,0.003434158273733242,y
2015-02-04,IM,q2,IM1506,2015-06-19,6653.338,,,6.390454918765715,,,0.003436449580137192,d
2015-02-04,IM,q2,IM1506,2015-06-19,6653.338,,,6.476025759905956,,,0.003391042120066706,p
2015-02-05,IM,current,IM1502,2015-02-20,6654.082,,,0.0,,,,y
2015-02-05,IM,current,IM1502,2015-02-20,6654.082,,,0.0,,,,d
2015-02-05,IM,current,IM1502,2015-02-20,6654.082,,,0.0,,,,p
2015-02-05,IM,next,IM1503,2015-03-20,6654.082,,,0.04975142916107482,,,0.4414532846922848,y
2015-02-05,IM,next,IM1503,2015-03-20,6654.082,,,0.04975142916107482,,,0.4414532846922848,d
2015-02-05,IM,next,IM1503,2015-03-20,6654.082,,,0.04975142916107482,,,0.4414532846922848,p
2015-02-05,IM,q1,IM1503,2015-03-20,6654.082,,,0.04975142916107482,,,0.4414532846922848,y
2015-02-05,IM,q1,IM1503,2015-03-20,6654.082,,,0.04975142916107482,,,0.4414532846922848,d
2015-02-05,IM,q1,IM1503,2015-03-20,6654.082,,,0.04975142916107482,,,0.4414532846922848,p
2015-02-05,IM,q2,IM1506,2015-06-19,6654.082,,,6.3583732216002105,,,0.006729382840713575,y
2015-02-05,IM,q2,IM1506,2015-06-19,6654.082,,,6.354108966289949,,,0.006733898943075927,d
2015-02-05,IM,q2,IM1506,2015-06-19,6654.082,,,6.439689376267037,,,0.006644408627841688,p
2015-02-06,IM,current,IM1502,2015-02-20,6526.949,,,0.0,,,,y
2015-02-06,IM,current,IM1502,2015-02-20,6526.949,,,0.0,,,,d
2015-02-06,IM,current,IM1502,2015-02-20,6526.949,,,0.0,,,,p
2015-02-06,IM,next,IM1503,2015-03-20,6526.949,,,0.06241414582200002,,,1.0,y
2015-02-06,IM,next,IM1503,2015-03-20,6526.949,,,0.06241414582200002,,,1.0,d
2015-02-06,IM,next,IM1503,2015-03-20,6526.949,,,0.06241414582200002,,,1.0,p
2015-02-06,IM,q1,IM1503,2015-03-20,6526.949,,,0.06241414582200002,,,1.0,y
2015-02-06,IM,q1,IM1503,2015-03-20,6526.949,,,0.06241414582200002,,,1.0,d
2015-02-06,IM,q1,IM1503,2015-03-20,6526.949,,,0.06241414582200002,,,1.0,p
2015-02-06,IM,q2,IM1506,2015-06-19,6526.949,,,6.2192056924207035,,,0.016301554992116944,y
2015-02-06,IM,q2,IM1506,2015-06-19,6526.949,,,6.21502291004245,,,0.016312526127371968,d
2015-02-06,IM,q2,IM1506,2015-06-19,6526.949,,,6.298968219300669,,,0.016095131785494016,p
2015-02-09,IM,current,IM1502,2015-02-20,6474.817,,,0.0,,,,y
2015-02-09,IM,current,IM1502,2015-02-20,6474.817,,,0.0,,,,d
2015-02-09,IM,current,IM1502,2015-02-20,6474.817,,,0.0,,,,p
2015-02-09,IM,next,IM1503,2015-03-20,6474.817,,,0.06191563200643436,,,1.0,y
2015-02-09,IM,next,IM1503,2015-03-20,6474.817,,,0.06191563200643436,,,1.0,d
2015-02-09,IM,next,IM1503,2015-03-20,6474.817,,,0.06191563200643436,,,1.0,p
2015-02-09,IM,q1,IM1503,2015-03-20,6474.817,,,0.06191563200643436,,,1.0,y
2015-02-09,IM,q1,IM1503,2015-03-20,6474.817,,,0.06191563200643436,,,1.0,d
2015-02-09,IM,q1,IM1503,2015-03-20,6474.817,,,0.06191563200643436,,,1.0,p
2015-02-09,IM,q2,IM1506,2015-06-19,6474.817,,,6.169531697548479,,,0.016301554992116944,y
2015-02-09,IM,q2,IM1506,2015-06-19,6474.817,,,6.1653823238594825,,,0.016312526127371968,d
2015-02-09,IM,q2,IM1506,2015-06-19,6474.817,,,6.248657145748756,,,0.016095131785494016,p
2015-02-10,IM,current,IM1502,2015-02-20,6555.818,,,0.0,,,,y
2015-02-10,IM,current,IM1502,2015-02-20,6555.818,,,0.0,,,,d
2015-02-10,IM,current,IM1502,2015-02-20,6555.818,,,0.0,,,,p
2015-02-10,IM,next,IM1503,2015-03-20,6555.818,,,0.06269020650145919,,,1.0,y
2015-02-10,IM,next,IM1503,2015-03-20,6555.818,,,0.06269020650145919,,,1.0,d
2015-02-10,IM,next,IM1503,2015-03-20,6555.818,,,0.06269020650145919,,,1.0,p
2015-02-10,IM,q1,IM1503,2015-03-20,6555.818,,,0.06269020650145919,,,1.0,y
2015-02-10,IM,q1,IM1503,2015-03-20,6555.818,,,0.06269020650145919,,,1.0,d
2015-02-10,IM,q1,IM1503,2015-03-20,6555.818,,,0.06269020650145919,,,1.0,p
2015-02-10,IM,q2,IM1506,2015-06-19,6555.818,,,6.2197353997784,,,0.02177180135222677,y
2015-02-10,IM,q2,IM1506,2015-06-19,6555.818,,,6.215534116758502,,,0.02178651762561783,d
2015-02-10,IM,q2,IM1506,2015-06-19,6555.818,,,6.299850720036788,,,0.021494928944379387,p
2015-02-11,IM,current,IM1502,2015-02-20,6645.51,,,0.0,,,,y
2015-02-11,IM,current,IM1502,2015-02-20,6645.51,,,0.0,,,,d
2015-02-11,IM,current,IM1502,2015-02-20,6645.51,,,0.0,,,,p
2015-02-11,IM,next,IM1503,2015-03-20,6645.51,,,0.0635478889449817,,,1.0,y
2015-02-11,IM,next,IM1503,2015-03-20,6645.51,,,0.0635478889449817,,,1.0,d
2015-02-11,IM,next,IM1503,2015-03-20,6645.51,,,0.0635478889449817,,,1.0,p
2015-02-11,IM,q1,IM1503,2015-03-20,6645.51,,,0.0635478889449817,,,1.0,y
2015-02-11,IM,q1,IM1503,2015-03-20,6645.51,,,0.0635478889449817,,,1.0,d
2015-02-11,IM,q1,IM1503,2015-03-20,6645.51,,,0.0635478889449817,,,1.0,p
2015-02-11,IM,q2,IM1506,2015-06-19,6645.51,,,6.304357540361132,,,0.026030565057761353,y
2015-02-11,IM,q2,IM1506,2015-06-19,6645.51,,,6.300098778400144,,,0.026048161286676225,d
2015-02-11,IM,q2,IM1506,2015-06-19,6645.51,,,6.385568940972058,,,0.025699509412355884,p
2015-02-12,IM,current,IM1502,2015-02-20,6703.815,,,0.0,,,,y
2015-02-12,IM,current,IM1502,2015-02-20,6703.815,,,0.0,,,,d
2015-02-12,IM,current,IM1502,2015-02-20,6703.815,,,0.0,,,,p
2015-02-12,IM,next,IM1503,2015-03-20,6703.815,,,0.06410543225842749,,,1.0,y
2015-02-12,IM,next,IM1503,2015-03-20,6703.815,,,0.06410543225842749,,,1.0,d
2015-02-12,IM,next,IM1503,2015-03-20,6703.815,,,0.06410543225842749,,,1.0,p
2015-02-12,IM,q1,IM1503,2015-03-20,6703.815,,,0.06410543225842749,,,1.0,y
2015-02-12,IM,q1,IM1503,2015-03-20,6703.815,,,0.06410543225842749,,,1.0,d
2015-02-12,IM,q1,IM1503,2015-03-20,6703.815,,,0.06410543225842749,,,1.0,p
2015-02-12,IM,q2,IM1506,2015-06-19,6703.815,,,6.364060698523553,,,0.02694794777190467,y
2015-02-12,IM,q2,IM1506,2015-06-19,6703.815,,,6.359764571918447,,,0.0269661515582346,d
2015-02-12,IM,q2,IM1506,2015-06-19,6703.815,,,6.445984614910185,,,0.026605458369284893,p
2015-02-13,IM,current,IM1502,2015-02-20,6815.848,,,0.0,,,,y
2015-02-13,IM,current,IM1502,2015-02-20,6815.848,,,0.0,,,,d
2015-02-13,IM,current,IM1502,2015-02-20,6815.848,,,0.0,,,,p
2015-02-13,IM,next,IM1503,2015-03-20,6815.848,,,0.06517675118536811,,,1.0,y
2015-02-13,IM,next,IM1503,2015-03-20,6815.848,,,0.06517675118536811,,,1.0,d
2015-02-13,IM,next,IM1503,2015-03-20,6815.848,,,0.06517675118536811,,,1.0,p
2015-02-13,IM,q1,IM1503,2015-03-20,6815.848,,,0.06517675118536811,,,1.0,y
2015-02-13,IM,q1,IM1503,2015-03-20,6815.848,,,0.06517675118536811,,,1.0,d
2015-02-13,IM,q1,IM1503,2015-03-20,6815.848,,,0.06517675118536811,,,1.0,p
2015-02-13,IM,q2,IM1506,2015-06-19,6815.848,,,6.426930366555834,,,0.02768263187426721,y
2015-02-13,IM,q2,IM1506,2015-06-19,6815.848,,,6.422562443823902,,,0.02770145856503136,d
2015-02-13,IM,q2,IM1506,2015-06-19,6815.848,,,6.51022338130281,,,0.027328455107989032,p
2015-02-16,IM,current,IM1502,2015-02-20,6965.301,,,0.0,,,,y
2015-02-16,IM,current,IM1502,2015-02-20,6965.301,,,0.0,,,,d
2015-02-16,IM,current,IM1502,2015-02-20,6965.301,,,0.0,,,,p
2015-02-16,IM,next,IM1503,2015-03-20,6965.301,,,0.06660589998606127,,,1.0,y
2015-02-16,IM,next,IM1503,2015-03-20,6965.301,,,0.06660589998606127,,,1.0,d
2015-02-16,IM,next,IM1503,2015-03-20,6965.301,,,0.06660589998606127,,,1.0,p
2015-02-16,IM,q1,IM1503,2015-03-20,6965.301,,,0.06660589998606127,,,1.0,y
2015-02-16,IM,q1,IM1503,2015-03-20,6965.301,,,0.06660589998606127,,,1.0,d
2015-02-16,IM,q1,IM1503,2015-03-20,6965.301,,,0.06660589998606127,,,1.0,p
2015-02-16,IM,q2,IM1506,2015-06-19,6965.301,,,6.551487255894425,,,0.028265192823293542,y
2015-02-16,IM,q2,IM1506,2015-06-19,6965.301,,,6.54702355650256,,,0.028284463767246533,d
2015-02-16,IM,q2,IM1506,2015-06-19,6965.301,,,6.6366066598057385,,,0.027902670756236533,p
2015-02-17,IM,current,IM1502,2015-02-20,7020.053,,,0.0,,,,y
2015-02-17,IM,current,IM1502,2015-02-20,7020.053,,,0.0,,,,d
2015-02-17,IM,current,IM1502,2015-02-20,7020.053,,,0.0,,,,p
2015-02-17,IM,next,IM1503,2015-03-20,7020.053,,,0.06712946763030762,,,1.0,y
2015-02-17,IM,next,IM1503,2015-03-20,7020.053,,,0.06712946763030762,,,1.0,d
2015-02-17,IM,next,IM1503,2015-03-20,7020.053,,,0.06712946763030762,,,1.0,p
2015-02-17,IM,q1,IM1503,2015-03-20,7020.053,,,0.06712946763030762,,,1.0,y
2015-02-17,IM,q1,IM1503,2015-03-20,7020.053,,,0.06712946763030762,,,1.0,d
2015-02-17,IM,q1,IM1503,2015-03-20,7020.053,,,0.06712946763030762,,,1.0,p
2015-02-17,IM,q2,IM1506,2015-06-19,7020.053,,,6.573330870764194,,,0.035790349144903824,y
2015-02-17,IM,q2,IM1506,2015-06-19,7020.053,,,6.5688320836612455,,,0.03581486083268827,d
2015-02-17,IM,q2,IM1506,2015-06-19,7020.053,,,6.65911937104377,,,0.03532926709988524,p
2015-02-25,IM,current,IM1503,2015-03-20,7004.665,,,0.06698231941819367,,,1.0,y
2015-02-25,IM,current,IM1503,2015-03-20,7004.665,,,0.06698231941819367,,,1.0,d
2015-02-25,IM,current,IM1503,2015-03-20,7004.665,,,0.06698231941819367,,,1.0,p
2015-02-25,IM,next,IM1504,2015-04-17,7004.665,,,0.30679800334954527,,,0.4697636554936898,y
2015-02-25,IM,next,IM1504,2015-04-17,7004.665,,,0.30679800334954527,,,0.4697636554936898,d
2015-02-25,IM,next,IM1504,2015-04-17,7004.665,,,0.30679800334954527,,,0.4697636554936898,p
2015-02-25,IM,q1,IM1506,2015-06-19,7004.665,,,6.558922088460226,,,0.035790349144903824,y
2015-02-25,IM,q1,IM1506,2015-06-19,7004.665,,,6.554433162726691,,,0.03581486083268827,d
2015-02-25,IM,q1,IM1506,2015-06-19,7004.665,,,6.644522539811638,,,0.03532926709988524,p
2015-02-25,IM,q2,IM1509,2015-09-18,7004.665,,,9.405347423876245,,,0.0249587921616049,y
2015-02-25,IM,q2,IM1509,2015-09-18,7004.665,,,9.364279630214945,,,0.025068250931206435,d
2015-02-25,IM,q2,IM1509,2015-09-18,7004.665,,,9.456181339772076,,,0.024824620333039362,p
2015-02-26,IM,current,IM1503,2015-03-20,7045.268,,,0.06737058682503425,,,1.0,y
2015-02-26,IM,current,IM1503,2015-03-20,7045.268,,,0.06737058682503425,,,1.0,d
2015-02-26,IM,current,IM1503,2015-03-20,7045.268,,,0.06737058682503425,,,1.0,p
2015-02-26,IM,next,IM1504,2015-04-17,7045.268,,,0.3085763780940907,,,0.4697636554936898,y
2015-02-26,IM,next,IM1504,2015-04-17,7045.268,,,0.3085763780940907,,,0.4697636554936898,d
2015-02-26,IM,next,IM1504,2015-04-17,7045.268,,,0.3085763780940907,,,0.4697636554936898,p
2015-02-26,IM,q1,IM1506,2015-06-19,7045.268,,,6.5969413104441115,,,0.035790349144903824,y
2015-02-26,IM,q1,IM1506,2015-06-19,7045.268,,,6.592426364358203,,,0.03581486083268827,d
2015-02-26,IM,q1,IM1506,2015-06-19,7045.268,,,6.68303795042499,,,0.03532926709988524,p
2015-02-26,IM,q2,IM1509,2015-09-18,7045.268,,,9.459866136969826,,,0.0249587921616049,y
2015-02-26,IM,q2,IM1509,2015-09-18,7045.268,,,9.418560291149568,,,0.025068250931206435,d
2015-02-26,IM,q2,IM1509,2015-09-18,7045.268,,,9.510994714992556,,,0.024824620333039362,p
2015-02-27,IM,current,IM1503,2015-03-20,7141.888,,,0.06829451847661014,,,1.0,y
2015-02-27,IM,current,IM1503,2015-03-20,7141.888,,,0.06829451847661014,,,1.0,d
2015-02-27,IM,current,IM1503,2015-03-20,7141.888,,,0.06829451847661014,,,1.0,p
2015-02-27,IM,next,IM1504,2015-04-17,7141.888,,,0.312808246867777,,,0.4697636554936898,y
2015-02-27,IM,next,IM1504,2015-04-17,7141.888,,,0.312808246867777,,,0.4697636554936898,d
2015-02-27,IM,next,IM1504,2015-04-17,7141.888,,,0.312808246867777,,,0.4697636554936898,p
2015-02-27,IM,q1,IM1506,2015-06-19,7141.888,,,6.6874128822019365,,,0.035790349144903824,y
2015-02-27,IM,q1,IM1506,2015-06-19,7141.888,,,6.6828360173798185,,,0.03581486083268827,d
2015-02-27,IM,q1,IM1506,2015-06-19,7141.888,,,6.774690266102699,,,0.03532926709988524,p
2015-02-27,IM,q2,IM1509,2015-09-18,7141.888,,,9.589600345257434,,,0.0249587921616049,y
2015-02-27,IM,q2,IM1509,2015-09-18,7141.888,,,9.54772802406347,,,0.025068250931206435,d
2015-02-27,IM,q2,IM1509,2015-09-18,7141.888,,,9.64143010926891,,,0.024824620333039362,p
2015-03-02,IM,current,IM1503,2015-03-20,7317.677,,,0.06997550606819444,,,1.0,y
2015-03-02,IM,current,IM1503,2015-03-20,7317.677,,,0.06997550606819444,,,1.0,d
2015-03-02,IM,current,IM1503,2015-03-20,7317.677,,,0.06997550606819444,,,1.0,p
2015-03-02,IM,next,IM1504,2015-04-17,7317.677,,,0.3205076463695109,,,0.4697636554936898,y
2015-03-02,IM,next,IM1504,2015-04-17,7317.677,,,0.3205076463695109,,,0.4697636554936898,d
2015-03-02,IM,next,IM1504,2015-04-17,7317.677,,,0.3205076463695109,,,0.4697636554936898,p
2015-03-02,IM,q1,IM1506,2015-06-19,7317.677,,,6.852015522729118,,,0.035790349144903824,y
2015-03-02,IM,q1,IM1506,2015-06-19,7317.677,,,6.84732600387347,,,0.03581486083268827,d
2015-03-02,IM,q1,IM1506,2015-06-19,7317.677,,,6.941441134666856,,,0.03532926709988524,p
2015-03-02,IM,q2,IM1509,2015-09-18,7317.677,,,9.825636846402853,,,0.0249587921616049,y
2015-03-02,IM,q2,IM1509,2015-09-18,7317.677,,,9.782733888286222,,,0.025068250931206435,d
2015-03-02,IM,q2,IM1509,2015-09-18,7317.677,,,9.87874233783904,,,0.024824620333039362,p
2015-03-03,IM,current,IM1503,2015-03-20,7282.108,,,0.06963537643752893,,,1.0,y
2015-03-03,IM,current,IM1503,2015-03-20,7282.108,,,0.06963537643752893,,,1.0,d
2015-03-03,IM,current,IM1503,2015-03-20,7282.108,,,0.06963537643752893,,,1.0,p
2015-03-03,IM,next,IM1504,2015-04-17,7282.108,,,0.25822275036524106,,,0.7675514576895576,y
2015-03-03,IM,next,IM1504,2015-04-17,7282.108,,,0.25822275036524106,,,0.7675514576895576,d
2015-03-03,IM,next,IM1504,2015-04-17,7282.108,,,0.25822275036524106,,,0.7675514576895576,p
2015-03-03,IM,q1,IM1506,2015-06-19,7282.108,,,6.757982955482427,,,0.04326916140286868,y
2015-03-03,IM,q1,IM1506,2015-06-19,7282.108,,,6.753316230950192,,,0.04329906156600373,d
2015-03-03,IM,q1,IM1506,2015-06-19,7282.108,,,6.8469738967465315,,,0.04270678692050364,p
2015-03-03,IM,q2,IM1509,2015-09-18,7282.108,,,9.717150411233083,,,0.030092387467891238,y
2015-03-03,IM,q2,IM1509,2015-09-18,7282.108,,,9.674455991333872,,,0.0302251884261544,d
2015-03-03,IM,q2,IM1509,2015-09-18,7282.108,,,9.769997773043583,,,0.029929613296883213,p
2015-03-04,IM,current,IM1503,2015-03-20,7411.034,,,0.07086823518427984,,,1.0,y
2015-03-04,IM,current,IM1503,2015-03-20,7411.034,,,0.07086823518427984,,,1.0,d
2015-03-04,IM,current,IM1503,2015-03-20,7411.034,,,0.07086823518427984,,,1.0,p
2015-03-04,IM,next,IM1504,2015-04-17,7411.034,,,0.26279445217378183,,,0.7675514576895576,y
2015-03-04,IM,next,IM1504,2015-04-17,7411.034,,,0.26279445217378183,,,0.7675514576895576,d
2015-03-04,IM,next,IM1504,2015-04-17,7411.034,,,0.26279445217378183,,,0.7675514576895576,p
2015-03-04,IM,q1,IM1506,2015-06-19,7411.034,,,6.877629589467877,,,0.04326916140286868,y
2015-03-04,IM,q1,IM1506,2015-06-19,7411.034,,,6.872880242963126,,,0.04329906156600373,d
2015-03-04,IM,q1,IM1506,2015-06-19,7411.034,,,6.968196069860682,,,0.04270678692050364,p
2015-03-04,IM,q2,IM1509,2015-09-18,7411.034,,,9.889187592488653,,,0.030092387467891238,y
2015-03-04,IM,q2,IM1509,2015-09-18,7411.034,,,9.845737289707735,,,0.030225188426154403,d
2015-03-04,IM,q2,IM1509,2015-09-18,7411.034,,,9.942970589827874,,,0.029929613296883213,p
2015-03-05,IM,current,IM1503,2015-03-20,7450.906,,,0.07124951238166789,,,1.0,y
2015-03-05,IM,current,IM1503,2015-03-20,7450.906,,,0.07124951238166789,,,1.0,d
2015-03-05,IM,current,IM1503,2015-03-20,7450.906,,,0.07124951238166789,,,1.0,p
2015-03-05,IM,next,IM1504,2015-04-17,7450.906,,,0.26420830891726366,,,0.7675514576895576,y
2015-03-05,IM,next,IM1504,2015-04-17,7450.906,,,0.26420830891726366,,,0.7675514576895576,d
2015-03-05,IM,next,IM1504,2015-04-17,7450.906,,,0.26420830891726366,,,0.7675514576895576,p
2015-03-05,IM,q1,IM1506,2015-06-19,7450.906,,,6.914631827885791,,,0.04326916140286868,y
2015-03-05,IM,q1,IM1506,2015-06-19,7450.906,,,6.909856929488573,,,0.04329906156600373,d
2015-03-05,IM,q1,IM1506,2015-06-19,7450.906,,,7.00568556372854,,,0.04270678692050364,p
2015-03-05,IM,q2,IM1509,2015-09-18,7450.906,,,9.942392271847527,,,0.030092387467891238,y
2015-03-05,IM,q2,IM1509,2015-09-18,7450.906,,,9.898708202702498,,,0.030225188426154403,d
2015-03-05,IM,q2,IM1509,2015-09-18,7450.906,,,9.996464626335818,,,0.029929613296883213,p
2015-03-06,IM,current,IM1503,2015-03-20,7338.404,,,0.07017370862814284,,,1.0,y
2015-03-06,IM,current,IM1503,2015-03-20,7338.404,,,0.07017370862814284,,,1.0,d
2015-03-06,IM,current,IM1503,2015-03-20,7338.404,,,0.07017370862814284,,,1.0,p
2015-03-06,IM,next,IM1504,2015-04-17,7338.404,,,0.2602190003459557,,,0.7675514576895576,y
2015-03-06,IM,next,IM1504,2015-04-17,7338.404,,,0.2602190003459557,,,0.7675514576895576,d
2015-03-06,IM,next,IM1504,2015-04-17,7338.404,,,0.2602190003459557,,,0.7675514576895576,p
2015-03-06,IM,q1,IM1506,2015-06-19,7338.404,,,6.767175501412722,,,0.04768538366729967,y
2015-03-06,IM,q1,IM1506,2015-06-19,7338.404,,,6.7624726997000515,,,0.04771854533965509,d
2015-03-06,IM,q1,IM1506,2015-06-19,7338.404,,,6.856854407484462,,,0.047061719697093905,p
2015-03-06,IM,q2,IM1509,2015-09-18,7338.404,,,9.74921947740847,,,0.03309960975610279,y
2015-03-06,IM,q2,IM1509,2015-09-18,7338.404,,,9.706194998539706,,,0.03324632981074109,d
2015-03-06,IM,q2,IM1509,2015-09-18,7338.404,,,9.802475387826115,,,0.03291978274483385,p
2015-03-09,IM,current,IM1503,2015-03-20,7450.816,,,0.07124865175396512,,,1.0,y
2015-03-09,IM,current,IM1503,2015-03-20,7450.816,,,0.07124865175396512,,,1.0,d
2015-03-09,IM,current,IM1503,2015-03-20,7450.816,,,0.07124865175396512,,,1.0,p
2015-03-09,IM,next,IM1504,2015-04-17,7450.816,,,0.26420511752714243,,,0.7675514576895576,y
2015-03-09,IM,next,IM1504,2015-04-17,7450.816,,,0.26420511752714243,,,0.7675514576895576,d
2015-03-09,IM,next,IM1504,2015-04-17,7450.816,,,0.26420511752714243,,,0.7675514576895576,p
2015-03-09,IM,q1,IM1506,2015-06-19,7450.816,,,6.87083724209432,,,0.04768538366729968,y
2015-03-09,IM,q1,IM1506,2015-06-19,7450.816,,,6.866062401373424,,,0.04771854533965509,d
2015-03-09,IM,q1,IM1506,2015-06-19,7450.816,,,6.961889878092805,,,0.047061719697093905,p
2015-03-09,IM,q2,IM1509,2015-09-18,7450.816,,,9.89856111353186,,,0.03309960975610279,y
2015-03-09,IM,q2,IM1509,2015-09-18,7450.816,,,9.854877572049674,,,0.03324632981074109,d
2015-03-09,IM,q2,IM1509,2015-09-18,7450.816,,,9.952632814876507,,,0.03291978274483385,p
2015-03-10,IM,current,IM1503,2015-03-20,7566.481,,,0.0723547017899776,,,1.0,y
2015-03-10,IM,current,IM1503,2015-03-20,7566.481,,,0.0723547017899776,,,1.0,d
2015-03-10,IM,current,IM1503,2015-03-20,7566.481,,,0.0723547017899776,,,1.0,p
2015-03-10,IM,next,IM1504,2015-04-17,7566.481,,,0.2625174392451216,,,0.8886565333017312,y
2015-03-10,IM,next,IM1504,2015-04-17,7566.481,,,0.2625174392451216,,,0.8886565333017312,d
2015-03-10,IM,next,IM1504,2015-04-17,7566.481,,,0.2625174392451216,,,0.8886565333017312,p
2015-03-10,IM,q1,IM1506,2015-06-19,7566.481,,,6.96645121531399,,,0.05805786848563491,y
2015-03-10,IM,q1,IM1506,2015-06-19,7566.481,,,6.961602250906241,,,0.05809830752936798,d
2015-03-10,IM,q1,IM1506,2015-06-19,7566.481,,,7.0589173344991165,,,0.057297357272280684,p
2015-03-10,IM,q2,IM1509,2015-09-18,7566.481,,,10.041176875762268,,,0.04027987092295763,y
2015-03-10,IM,q2,IM1509,2015-09-18,7566.481,,,9.996815199586441,,,0.040458616108760635,d
2015-03-10,IM,q2,IM1509,2015-09-18,7566.481,,,10.096087975548112,,,0.04006079478010227,p
2015-03-11,IM,current,IM1503,2015-03-20,7566.312,,,0.0723530857224024,,,1.0,y
2015-03-11,IM,current,IM1503,2015-03-20,7566.312,,,0.0723530857224024,,,1.0,d
2015-03-11,IM,current,IM1503,2015-03-20,7566.312,,,0.0723530857224024,,,1.0,p
2015-03-11,IM,next,IM1504,2015-04-17,7566.312,,,0.26251157582628365,,,0.8886565333017312,y
2015-03-11,IM,next,IM1504,2015-04-17,7566.312,,,0.26251157582628365,,,0.8886565333017312,d
2015-03-11,IM,next,IM1504,2015-04-17,7566.312,,,0.26251157582628365,,,0.8886565333017312,p
2015-03-11,IM,q1,IM1506,2015-06-19,7566.312,,,6.827056013651785,,,0.07015824945693641,y
2015-03-11,IM,q1,IM1506,2015-06-19,7566.312,,,6.822207157547353,,,0.07020811414856766,d
2015-03-11,IM,q1,IM1506,2015-06-19,7566.312,,,6.919520067573795,,,0.0692207399046107,p
2015-03-11,IM,q2,IM1509,2015-09-18,7566.312,,,9.901712999026854,,,0.048372872341314446,y
2015-03-11,IM,q2,IM1509,2015-09-18,7566.312,,,9.857352313684581,,,0.04859056302546054,d
2015-03-11,IM,q2,IM1509,2015-09-18,7566.312,,,9.956622872354073,,,0.048106100331689536,p
2015-03-12,IM,current,IM1503,2015-03-20,7514.445,,,0.0718571059772949,,,1.0,y
2015-03-12,IM,current,IM1503,2015-03-20,7514.445,,,0.0718571059772949,,,1.0,d
2015-03-12,IM,current,IM1503,2015-03-20,7514.445,,,0.0718571059772949,,,1.0,p
2015-03-12,IM,next,IM1504,2015-04-17,7514.445,,,0.260712061359608,,,1.0,y
2015-03-12,IM,next,IM1504,2015-04-17,7514.445,,,0.260712061359608,,,1.0,d
2015-03-12,IM,next,IM1504,2015-04-17,7514.445,,,0.260712061359608,,,1.0,p
2015-03-12,IM,q1,IM1506,2015-06-19,7514.445,,,6.76378996824959,,,0.07598993191044506,y
2015-03-12,IM,q1,IM1506,2015-06-19,7514.445,,,6.758974351009688,,,0.07604407302818911,d
2015-03-12,IM,q1,IM1506,2015-06-19,7514.445,,,6.855620181922244,,,0.07497205584684581,p
2015-03-12,IM,q2,IM1509,2015-09-18,7514.445,,,9.79577194490997,,,0.05626297607307566,y
2015-03-12,IM,q2,IM1509,2015-09-18,7514.445,,,9.751715351662583,,,0.05651716264050006,d
2015-03-12,IM,q2,IM1509,2015-09-18,7514.445,,,9.850305411554531,,,0.05595149180930798,p
2015-03-13,IM,current,IM1503,2015-03-20,7649.345,,,0.07314709127844982,,,1.0,y
2015-03-13,IM,current,IM1503,2015-03-20,7649.345,,,0.07314709127844982,,,1.0,d
2015-03-13,IM,current,IM1503,2015-03-20,7649.345,,,0.07314709127844982,,,1.0,p
2015-03-13,IM,next,IM1504,2015-04-17,7649.345,,,0.2653923879941647,,,1.0,y
2015-03-13,IM,next,IM1504,2015-04-17,7649.345,,,0.2653923879941647,,,1.0,d
2015-03-13,IM,next,IM1504,2015-04-17,7649.345,,,0.2653923879941647,,,1.0,p
2015-03-13,IM,q1,IM1506,2015-06-19,7649.345,,,6.885214140855401,,,0.07598993191044506,y
2015-03-13,IM,q1,IM1506,2015-06-19,7649.345,,,6.880312073216879,,,0.07604407302818911,d
2015-03-13,IM,q1,IM1506,2015-06-19,7649.345,,,6.978692898874902,,,0.07497205584684581,p
2015-03-13,IM,q2,IM1509,2015-09-18,7649.345,,,9.971626533687765,,,0.05626297607307566,y
2015-03-13,IM,q2,IM1509,2015-09-18,7649.345,,,9.926779032471917,,,0.05651716264050006,d
2015-03-13,IM,q2,IM1509,2015-09-18,7649.345,,,10.02713899008478,,,0.05595149180930797,p
2015-03-16,IM,current,IM1503,2015-03-20,7903.363,,,0.07557614603181358,,,1.0,y
2015-03-16,IM,current,IM1503,2015-03-20,7903.363,,,0.07557614603181358,,,1.0,d
2015-03-16,IM,current,IM1503,2015-03-20,7903.363,,,0.07557614603181358,,,1.0,p
2015-03-16,IM,next,IM1504,2015-04-17,7903.363,,,0.27420548815025675,,,1.0,y
2015-03-16,IM,next,IM1504,2015-04-17,7903.363,,,0.27420548815025675,,,1.0,d
2015-03-16,IM,next,IM1504,2015-04-17,7903.363,,,0.27420548815025675,,,1.0,p
2015-03-16,IM,q1,IM1506,2015-06-19,7903.363,,,7.0729649074792915,,,0.08219448562319165,y
2015-03-16,IM,q1,IM1506,2015-06-19,7903.363,,,7.067900052907065,,,0.08225338616128701,d
2015-03-16,IM,q1,IM1506,2015-06-19,7903.363,,,7.169547890390544,,,0.0810872207409828,p
2015-03-16,IM,q2,IM1509,2015-09-18,7903.363,,,10.261870298496794,,,0.060460837902157324,y
2015-03-16,IM,q2,IM1509,2015-09-18,7903.363,,,10.215533509954533,,,0.06073508310513475,d
2015-03-16,IM,q2,IM1509,2015-09-18,7903.363,,,10.319226202031967,,,0.06012478693104003,p
2015-03-17,IM,current,IM1503,2015-03-20,7993.243,,,0.07643562623098188,,,1.0,y
2015-03-17,IM,current,IM1503,2015-03-20,7993.243,,,0.07643562623098188,,,1.0,d
2015-03-17,IM,current,IM1503,2015-03-20,7993.243,,,0.07643562623098188,,,1.0,p
2015-03-17,IM,next,IM1504,2015-04-17,7993.243,,,0.27732385551803995,,,1.0,y
2015-03-17,IM,next,IM1504,2015-04-17,7993.243,,,0.27732385551803995,,,1.0,d
2015-03-17,IM,next,IM1504,2015-04-17,7993.243,,,0.27732385551803995,,,1.0,p
2015-03-17,IM,q1,IM1506,2015-06-19,7993.243,,,7.10045711518173,,,0.09439771370297746,y
2015-03-17,IM,q1,IM1506,2015-06-19,7993.243,,,7.095334661188985,,,0.09446586382817296,d
2015-03-17,IM,q1,IM1506,2015-06-19,7993.243,,,7.198138475897985,,,0.09311670234790487,p
2015-03-17,IM,q2,IM1509,2015-09-18,7993.243,,,10.325627930999364,,,0.06874099555882703,y
2015-03-17,IM,q2,IM1509,2015-09-18,7993.243,,,10.278764183167219,,,0.06905440489716703,d
2015-03-17,IM,q2,IM1509,2015-09-18,7993.243,,,10.38363610732142,,,0.0683569740320982,p
2015-03-18,IM,current,IM1503,2015-03-20,8150.951,,,0.07794371371707928,,,1.0,y
2015-03-18,IM,current,IM1503,2015-03-20,8150.951,,,0.07794371371707928,,,1.0,d
2015-03-18,IM,current,IM1503,2015-03-20,8150.951,,,0.07794371371707928,,,1.0,p
2015-03-18,IM,next,IM1504,2015-04-17,8150.951,,,0.28279550083221827,,,1.0,y
2015-03-18,IM,next,IM1504,2015-04-17,8150.951,,,0.28279550083221827,,,1.0,d
2015-03-18,IM,next,IM1504,2015-04-17,8150.951,,,0.28279550083221827,,,1.0,p
2015-03-18,IM,q1,IM1506,2015-06-19,8150.951,,,7.2496417681467635,,,0.09859575364678079,y
2015-03-18,IM,q1,IM1506,2015-06-19,8150.951,,,7.244418247293635,,,0.09866684520411824,d
2015-03-18,IM,q1,IM1506,2015-06-19,8150.951,,,7.34925039818735,,,0.09725942852292907,p
2015-03-18,IM,q2,IM1509,2015-09-18,8150.951,,,10.538445734992203,,,0.07165105873681736,y
2015-03-18,IM,q2,IM1509,2015-09-18,8150.951,,,10.490657357702016,,,0.07197745275688727,d
2015-03-18,IM,q2,IM1509,2015-09-18,8150.951,,,10.597598422180678,,,0.07125112353495965,p
2015-03-19,IM,current,IM1503,2015-03-20,8216.624,,,0.078571713751792,,,1.0,y
2015-03-19,IM,current,IM1503,2015-03-20,8216.624,,,0.078571713751792,,,1.0,d
2015-03-19,IM,current,IM1503,2015-03-20,8216.624,,,0.078571713751792,,,1.0,p
2015-03-19,IM,next,IM1504,2015-04-17,8216.624,,,0.28507401151473305,,,1.0,y
2015-03-19,IM,next,IM1504,2015-04-17,8216.624,,,0.28507401151473305,,,1.0,d
2015-03-19,IM,next,IM1504,2015-04-17,8216.624,,,0.28507401151473305,,,1.0,p
2015-03-19,IM,q1,IM1506,2015-06-19,8216.624,,,7.260513541702766,,,0.10756254708088911,y
2015-03-19,IM,q1,IM1506,2015-06-19,8216.624,,,7.255247934437267,,,0.10764061224620432,d
2015-03-19,IM,q1,IM1506,2015-06-19,8216.624,,,7.360924728102807,,,0.10609527450800599,p
2015-03-19,IM,q2,IM1509,2015-09-18,8216.624,,,10.57581571997343,,,0.07768582665975336,y
2015-03-19,IM,q2,IM1509,2015-09-18,8216.624,,,10.527642307108646,,,0.07804130904529143,d
2015-03-19,IM,q2,IM1509,2015-09-18,8216.624,,,10.635445006079712,,,0.07725026892035936,p
2015-03-20,IM,current,IM1503,2015-03-20,8318.829,,,0.0,,,,y
2015-03-20,IM,current,IM1503,2015-03-20,8318.829,,,0.0,,,,d
2015-03-20,IM,current,IM1503,2015-03-20,8318.829,,,0.0,,,,p
2015-03-20,IM,next,IM1504,2015-04-17,8318.829,,,0.20907093998666465,,,1.0,y
2015-03-20,IM,next,IM1504,2015-04-17,8318.829,,,0.20907093998666465,,,1.0,d
2015-03-20,IM,next,IM1504,2015-04-17,8318.829,,,0.20907093998666465,,,1.0,p
2015-03-20,IM,q1,IM1506,2015-06-19,8318.829,,,6.830834852936917,,,0.1317083431317689,y
2015-03-20,IM,q1,IM1506,2015-06-19,8318.829,,,6.8255037477989875,,,0.13181121480992225,d
2015-03-20,IM,q1,IM1506,2015-06-19,8318.829,,,6.9324950347036705,,,0.12977693257381734,p
2015-03-20,IM,q2,IM1509,2015-09-18,8318.829,,,10.187375435098298,,,0.09235106855225098,y
2015-03-20,IM,q2,IM1509,2015-09-18,8318.829,,,10.138602802449109,,,0.0927953314185476,d
2015-03-20,IM,q2,IM1509,2015-09-18,8318.829,,,10.247746438385079,,,0.09180701462813921,p
2015-03-23,IM,current,IM1504,2015-04-17,8560.441,,,0.18057107481241447,,,1.0,y
2015-03-23,IM,current,IM1504,2015-04-17,8560.441,,,0.18057107481241447,,,1.0,d
2015-03-23,IM,current,IM1504,2015-04-17,8560.441,,,0.18057107481241447,,,1.0,p
2015-03-23,IM,next,IM1505,2015-05-15,8560.441,,,2.3457649322183713,,,0.20070550519609473,y
2015-03-23,IM,next,IM1505,2015-05-15,8560.441,,,2.3425410287466124,,,0.20098172455236746,d
2015-03-23,IM,next,IM1505,2015-05-15,8560.441,,,2.353342346598077,,,0.20005926314662945,p
2015-03-23,IM,q1,IM1506,2015-06-19,8560.441,,,6.902556667775972,,,0.13803235609486764,y
2015-03-23,IM,q1,IM1506,2015-06-19,8560.441,,,6.897070726064939,,,0.1381421472641696,d
2015-03-23,IM,q1,IM1506,2015-06-19,8560.441,,,7.007169467012928,,,0.1359716165588347,p
2015-03-23,IM,q2,IM1509,2015-09-18,8560.441,,,10.094145985475189,,,0.1094243602770305,y
2015-03-23,IM,q2,IM1509,2015-09-18,8560.441,,,10.043956800890665,,,0.10997114871159447,d
2015-03-23,IM,q2,IM1509,2015-09-18,8560.441,,,10.15627040367723,,,0.1087550274954929,p
2015-03-24,IM,current,IM1504,2015-04-17,8655.38,,,0.18257368627502668,,,1.0,y
2015-03-24,IM,current,IM1504,2015-04-17,8655.38,,,0.18257368627502668,,,1.0,d
2015-03-24,IM,current,IM1504,2015-04-17,8655.38,,,0.18257368627502668,,,1.0,p
2015-03-24,IM,next,IM1505,2015-05-15,8655.38,,,2.27786480493879,,,0.2551670247798078,y
2015-03-24,IM,next,IM1505,2015-05-15,8655.38,,,2.2746051469805852,,,0.2555326958168663,d
2015-03-24,IM,next,IM1505,2015-05-15,8655.38,,,2.285526256127323,,,0.25431166391924775,p
2015-03-24,IM,q1,IM1506,2015-06-19,8655.38,,,6.888801793071325,,,0.1653731643918982,y
2015-03-24,IM,q1,IM1506,2015-06-19,8655.38,,,6.883255009889614,,,0.1655064282453567,d
2015-03-24,IM,q1,IM1506,2015-06-19,8655.38,,,6.994574793581412,,,0.1628723667997943,p
2015-03-24,IM,q2,IM1509,2015-09-18,8655.38,,,10.115787219245913,,,0.1277879237495073,y
2015-03-24,IM,q2,IM1509,2015-09-18,8655.38,,,10.065041414856958,,,0.128432203361938,d
2015-03-24,IM,q2,IM1509,2015-09-18,8655.38,,,10.178600624164844,,,0.12699932864742902,p
2015-03-25,IM,current,IM1504,2015-04-17,8784.909,,,0.18530592761041786,,,1.0,y
2015-03-25,IM,current,IM1504,2015-04-17,8784.909,,,0.18530592761041786,,,1.0,d
2015-03-25,IM,current,IM1504,2015-04-17,8784.909,,,0.18530592761041786,,,1.0,p
2015-03-25,IM,next,IM1505,2015-05-15,8784.909,,,2.2371509126151015,,,0.305848874453874,y
2015-03-25,IM,next,IM1505,2015-05-15,8784.909,,,2.2338424734092026,,,0.306301852861872,d
2015-03-25,IM,next,IM1505,2015-05-15,8784.909,,,2.2449270185167727,,,0.304789457725382,p
2015-03-25,IM,q1,IM1506,2015-06-19,8784.909,,,6.886024427908728,,,0.1851215630228319,y
2015-03-25,IM,q1,IM1506,2015-06-19,8784.909,,,6.880394636323139,,,0.18527303628460018,d
2015-03-25,IM,q1,IM1506,2015-06-19,8784.909,,,6.993380336504083,,,0.18227974795735194,p
2015-03-25,IM,q2,IM1509,2015-09-18,8784.909,,,10.161302152661424,,,0.1407792541349727,y
2015-03-25,IM,q2,IM1509,2015-09-18,8784.909,,,10.109796930049734,,,0.14149646605065197,d
2015-03-25,IM,q2,IM1509,2015-09-18,8784.909,,,10.225055569171497,,,0.13990149280016836,p
2015-03-26,IM,current,IM1504,2015-04-17,8611.864,,,0.17617254292962173,,,1.0,y
2015-03-26,IM,current,IM1504,2015-04-17,8611.864,,,0.17617254292962173,,,1.0,d
2015-03-26,IM,current,IM1504,2015-04-17,8611.864,,,0.17617254292962173,,,1.0,p
2015-03-26,IM,next,IM1505,2015-05-15,8611.864,,,2.1221797638758466,,,0.32356940130203893,y
2015-03-26,IM,next,IM1505,2015-05-15,8611.864,,,2.118936494253649,,,0.3240646605100244,d
2015-03-26,IM,next,IM1505,2015-05-15,8611.864,,,2.129802696165161,,,0.32241129043972266,p
2015-03-26,IM,q1,IM1506,2015-06-19,8611.864,,,6.658204608813451,,,0.19288123105068883,y
2015-03-26,IM,q1,IM1506,2015-06-19,8611.864,,,6.65268571277441,,,0.19304124033235487,d
2015-03-26,IM,q1,IM1506,2015-06-19,8611.864,,,6.763445822401392,,,0.18987994215636847,p
2015-03-26,IM,q2,IM1509,2015-09-18,8611.864,,,9.868965964201385,,,0.14560022799622765,y
2015-03-26,IM,q2,IM1509,2015-09-18,8611.864,,,9.818475290658654,,,0.14634896477682524,d
2015-03-26,IM,q2,IM1509,2015-09-18,8611.864,,,9.931463566910768,,,0.1446839818515988,p
2015-03-27,IM,current,IM1504,2015-04-17,8710.291,,,0.17818605996645995,,,1.0,y
2015-03-27,IM,current,IM1504,2015-04-17,8710.291,,,0.17818605996645995,,,1.0,d
2015-03-27,IM,current,IM1504,2015-04-17,8710.291,,,0.17818605996645995,,,1.0,p
2015-03-27,IM,next,IM1505,2015-05-15,8710.291,,,2.114974981701405,,,0.3889826507355854,y
2015-03-27,IM,next,IM1505,2015-05-15,8710.291,,,2.114974981701405,,,0.3889826507355854,d
2015-03-27,IM,next,IM1505,2015-05-15,8710.291,,,2.114974981701405,,,0.3889826507355854,p
2015-03-27,IM,q1,IM1506,2015-06-19,8710.291,,,6.505855998494384,,,0.24210642233077764,y
2015-03-27,IM,q1,IM1506,2015-06-19,8710.291,,,6.503554363413061,,,0.2421921048059154,d
2015-03-27,IM,q1,IM1506,2015-06-19,8710.291,,,6.604589981872535,,,0.23848710129135509,p
2015-03-27,IM,q2,IM1509,2015-09-18,8710.291,,,9.753313893438301,,,0.17732798907833477,y
2015-03-27,IM,q2,IM1509,2015-09-18,8710.291,,,9.705526487930925,,,0.17820110446598858,d
2015-03-27,IM,q2,IM1509,2015-09-18,8710.291,,,9.808815739250997,,,0.17632460284193957,p
2015-03-30,IM,current,IM1504,2015-04-17,8719.22,,,0.17836872014732424,,,1.0,y
2015-03-30,IM,current,IM1504,2015-04-17,8719.22,,,0.17836872014732424,,,1.0,d
2015-03-30,IM,current,IM1504,2015-04-17,8719.22,,,0.17836872014732424,,,1.0,p
2015-03-30,IM,next,IM1505,2015-05-15,8719.22,,,1.8475693472832944,,,0.5033903465098422,y
2015-03-30,IM,next,IM1505,2015-05-15,8719.22,,,1.8475693472832944,,,0.5033903465098422,d
2015-03-30,IM,next,IM1505,2015-05-15,8719.22,,,1.8475693472832944,,,0.5033903465098422,p
2015-03-30,IM,q1,IM1506,2015-06-19,8719.22,,,6.177818561882114,,,0.27709292493430804,y
2015-03-30,IM,q1,IM1506,2015-06-19,8719.22,,,6.175514567373346,,,0.27719630426739883,d
2015-03-30,IM,q1,IM1506,2015-06-19,8719.22,,,6.276653758381342,,,0.2727296870150811,p
2015-03-30,IM,q2,IM1509,2015-09-18,8719.22,,,9.374398903640026,,,0.2103359086859487,y
2015-03-30,IM,q2,IM1509,2015-09-18,8719.22,,,9.32656251082054,,,0.21141473179363401,d
2015-03-30,IM,q2,IM1509,2015-09-18,8719.22,,,9.429957644909058,,,0.20909666681760608,p
2015-03-31,IM,current,IM1504,2015-04-17,8780.739,,,0.17962721176638458,,,1.0,y
2015-03-31,IM,current,IM1504,2015-04-17,8780.739,,,0.17962721176638458,,,1.0,d
2015-03-31,IM,current,IM1504,2015-04-17,8780.739,,,0.17962721176638458,,,1.0,p
2015-03-31,IM,next,IM1505,2015-05-15,8780.739,,,1.8287375927240173,,,0.5291032586553381,y
2015-03-31,IM,next,IM1505,2015-05-15,8780.739,,,1.8287375927240173,,,0.5291032586553381,d
2015-03-31,IM,next,IM1505,2015-05-15,8780.739,,,1.8287375927240173,,,0.5291032586553381,p
2015-03-31,IM,q1,IM1506,2015-06-19,8780.739,,,,,,,y
2015-03-31,IM,q1,IM1506,2015-06-19,8780.739,,,,,,,d
2015-03-31,IM,q1,IM1506,2015-06-19,8780.739,,,,,,,p
2015-03-31,IM,q2,IM1509,2015-09-18,8780.739,,,,,,,y
2015-03-31,IM,q2,IM1509,2015-09-18,8780.739,,,,,,,d
2015-03-31,IM,q2,IM1509,2015-09-18,8780.739,,,,,,,p
2015-04-01,IM,current,IM1504,2015-04-17,9008.201,,,0.18428039242040528,,,1.0,y
2015-04-01,IM,current,IM1504,2015-04-17,9008.201,,,0.18428039242040528,,,1.0,d
2015-04-01,IM,current,IM1504,2015-04-17,9008.201,,,0.18428039242040528,,,1.0,p
2015-04-01,IM,next,IM1505,2015-05-15,9008.201,,,1.8286686329735797,,,0.5773360581807849,y
2015-04-01,IM,next,IM1505,2015-05-15,9008.201,,,1.8286686329735797,,,0.5773360581807849,d
2015-04-01,IM,next,IM1505,2015-05-15,9008.201,,,1.8286686329735797,,,0.5773360581807849,p
2015-04-01,IM,q1,IM1506,2015-06-19,9008.201,,,,,,,y
2015-04-01,IM,q1,IM1506,2015-06-19,9008.201,,,,,,,d
2015-04-01,IM,q1,IM1506,2015-06-19,9008.201,,,,,,,p
2015-04-01,IM,q2,IM1509,2015-09-18,9008.201,,,,,,,y
2015-04-01,IM,q2,IM1509,2015-09-18,9008.201,,,,,,,d
2015-04-01,IM,q2,IM1509,2015-09-18,9008.201,,,,,,,p
2015-04-02,IM,current,IM1504,2015-04-17,9238.053,,,0.18898246520481754,,,1.0,y
2015-04-02,IM,current,IM1504,2015-04-17,9238.053,,,0.18898246520481754,,,1.0,d
2015-04-02,IM,current,IM1504,2015-04-17,9238.053,,,0.18898246520481754,,,1.0,p
2015-04-02,IM,next,IM1505,2015-05-15,9238.053,,,1.8753286866986514,,,0.5773360581807849,y
2015-04-02,IM,next,IM1505,2015-05-15,9238.053,,,1.8753286866986514,,,0.5773360581807849,d
2015-04-02,IM,next,IM1505,2015-05-15,9238.053,,,1.8753286866986514,,,0.5773360581807849,p
2015-04-02,IM,q1,IM1506,2015-06-19,9238.053,,,,,,,y
2015-04-02,IM,q1,IM1506,2015-06-19,9238.053,,,,,,,d
2015-04-02,IM,q1,IM1506,2015-06-19,9238.053,,,,,,,p
2015-04-02,IM,q2,IM1509,2015-09-18,9238.053,,,,,,,y
2015-04-02,IM,q2,IM1509,2015-09-18,9238.053,,,,,,,d
2015-04-02,IM,q2,IM1509,2015-09-18,9238.053,,,,,,,p
2015-04-03,IM,current,IM1504,2015-04-17,9419.201,,,0.19268820229107608,,,1.0,y
2015-04-03,IM,current,IM1504,2015-04-17,9419.201,,,0.19268820229107608,,,1.0,d
2015-04-03,IM,current,IM1504,2015-04-17,9419.201,,,0.19268820229107608,,,1.0,p
2015-04-03,IM,next,IM1505,2015-05-15,9419.201,,,1.9121018077164769,,,0.5773360581807849,y
2015-04-03,IM,next,IM1505,2015-05-15,9419.201,,,1.9121018077164769,,,0.5773360581807849,d
2015-04-03,IM,next,IM1505,2015-05-15,9419.201,,,1.9121018077164769,,,0.5773360581807849,p
2015-04-03,IM,q1,IM1506,2015-06-19,9419.201,,,,,,,y
2015-04-03,IM,q1,IM1506,2015-06-19,9419.201,,,,,,,d
2015-04-03,IM,q1,IM1506,2015-06-19,9419.201,,,,,,,p
2015-04-03,IM,q2,IM1509,2015-09-18,9419.201,,,,,,,y
2015-04-03,IM,q2,IM1509,2015-09-18,9419.201,,,,,,,d
2015-04-03,IM,q2,IM1509,2015-09-18,9419.201,,,,,,,p
2015-04-07,IM,current,IM1504,2015-04-17,9600.722,,,0.14721964281979552,,,1.0,y
2015-04-07,IM,current,IM1504,2015-04-17,9600.722,,,0.14721964281979552,,,1.0,d
2015-04-07,IM,current,IM1504,2015-04-17,9600.722,,,0.14721964281979552,,,1.0,p
2015-04-07,IM,next,IM1505,2015-05-15,9600.722,,,1.716030928773897,,,0.7793253174416525,y
2015-04-07,IM,next,IM1505,2015-05-15,9600.722,,,1.716030928773897,,,0.7793253174416525,d
2015-04-07,IM,next,IM1505,2015-05-15,9600.722,,,1.716030928773897,,,0.7793253174416525,p
2015-04-07,IM,q1,IM1506,2015-06-19,9600.722,,,,,,,y
2015-04-07,IM,q1,IM1506,2015-06-19,9600.722,,,,,,,d
2015-04-07,IM,q1,IM1506,2015-06-19,9600.722,,,,,,,p
2015-04-07,IM,q2,IM1509,2015-09-18,9600.722,,,,,,,y
2015-04-07,IM,q2,IM1509,2015-09-18,9600.722,,,,,,,d
2015-04-07,IM,q2,IM1509,2015-09-18,9600.722,,,,,,,p
2015-04-08,IM,current,IM1504,2015-04-17,9455.59,,,0.1449941559031113,,,1.0,y
2015-04-08,IM,current,IM1504,2015-04-17,9455.59,,,0.1449941559031113,,,1.0,d
2015-04-08,IM,current,IM1504,2015-04-17,9455.59,,,0.1449941559031113,,,1.0,p
2015-04-08,IM,next,IM1505,2015-05-15,9455.59,,,1.6309471049791908,,,0.8280288579109997,y
2015-04-08,IM,next,IM1505,2015-05-15,9455.59,,,1.6309471049791908,,,0.8280288579109997,d
2015-04-08,IM,next,IM1505,2015-05-15,9455.59,,,1.6309471049791908,,,0.8280288579109997,p
2015-04-08,IM,q1,IM1506,2015-06-19,9455.59,,,,,,,y
2015-04-08,IM,q1,IM1506,2015-06-19,9455.59,,,,,,,d
2015-04-08,IM,q1,IM1506,2015-06-19,9455.59,,,,,,,p
2015-04-08,IM,q2,IM1509,2015-09-18,9455.59,,,,,,,y
2015-04-08,IM,q2,IM1509,2015-09-18,9455.59,,,,,,,d
2015-04-08,IM,q2,IM1509,2015-09-18,9455.59,,,,,,,p
2015-04-09,IM,current,IM1504,2015-04-17,9369.657,,,0.1436764398431698,,,1.0,y
2015-04-09,IM,current,IM1504,2015-04-17,9369.657,,,0.1436764398431698,,,1.0,d
2015-04-09,IM,current,IM1504,2015-04-17,9369.657,,,0.1436764398431698,,,1.0,p
2015-04-09,IM,next,IM1505,2015-05-15,9369.657,,,1.6161249545293324,,,0.8280288579109997,y
2015-04-09,IM,next,IM1505,2015-05-15,9369.657,,,1.6161249545293324,,,0.8280288579109997,d
2015-04-09,IM,next,IM1505,2015-05-15,9369.657,,,1.6161249545293324,,,0.8280288579109997,p
2015-04-09,IM,q1,IM1506,2015-06-19,9369.657,,,,,,,y
2015-04-09,IM,q1,IM1506,2015-06-19,9369.657,,,,,,,d
2015-04-09,IM,q1,IM1506,2015-06-19,9369.657,,,,,,,p
2015-04-09,IM,q2,IM1509,2015-09-18,9369.657,,,,,,,y
2015-04-09,IM,q2,IM1509,2015-09-18,9369.657,,,,,,,d
2015-04-09,IM,q2,IM1509,2015-09-18,9369.657,,,,,,,p
2015-04-10,IM,current,IM1504,2015-04-17,9600.401,,,0.1472147205331857,,,1.0,y
2015-04-10,IM,current,IM1504,2015-04-17,9600.401,,,0.1472147205331857,,,1.0,d
2015-04-10,IM,current,IM1504,2015-04-17,9600.401,,,0.1472147205331857,,,1.0,p
2015-04-10,IM,next,IM1505,2015-05-15,9600.401,,,1.4801985590254028,,,0.945699548386979,y
2015-04-10,IM,next,IM1505,2015-05-15,9600.401,,,1.4801985590254028,,,0.945699548386979,d
2015-04-10,IM,next,IM1505,2015-05-15,9600.401,,,1.4801985590254028,,,0.945699548386979,p
2015-04-10,IM,q1,IM1506,2015-06-19,9600.401,,,,,,,y
2015-04-10,IM,q1,IM1506,2015-06-19,9600.401,,,,,,,d
2015-04-10,IM,q1,IM1506,2015-06-19,9600.401,,,,,,,p
2015-04-10,IM,q2,IM1509,2015-09-18,9600.401,,,,,,,y
2015-04-10,IM,q2,IM1509,2015-09-18,9600.401,,,,,,,d
2015-04-10,IM,q2,IM1509,2015-09-18,9600.401,,,,,,,p
2015-04-13,IM,current,IM1504,2015-04-17,9813.596,,,0.1457449410496433,,,1.0,y
2015-04-13,IM,current,IM1504,2015-04-17,9813.596,,,0.1457449410496433,,,1.0,d
2015-04-13,IM,current,IM1504,2015-04-17,9813.596,,,0.1457449410496433,,,1.0,p
2015-04-13,IM,next,IM1505,2015-05-15,9813.596,,,1.5083301982167,,,0.9455289440593038,y
2015-04-13,IM,next,IM1505,2015-05-15,9813.596,,,1.5083301982167,,,0.9455289440593038,d
2015-04-13,IM,next,IM1505,2015-05-15,9813.596,,,1.5083301982167,,,0.9455289440593038,p
2015-04-13,IM,q1,IM1506,2015-06-19,9813.596,,,,,,,y
2015-04-13,IM,q1,IM1506,2015-06-19,9813.596,,,,,,,d
2015-04-13,IM,q1,IM1506,2015-06-19,9813.596,,,,,,,p
2015-04-13,IM,q2,IM1509,2015-09-18,9813.596,,,,,,,y
2015-04-13,IM,q2,IM1509,2015-09-18,9813.596,,,,,,,d
2015-04-13,IM,q2,IM1509,2015-09-18,9813.596,,,,,,,p
2015-04-14,IM,current,IM1504,2015-04-17,9830.062,,,0.07248523784035633,,,1.0,y
2015-04-14,IM,current,IM1504,2015-04-17,9830.062,,,0.07248523784035633,,,1.0,d
2015-04-14,IM,current,IM1504,2015-04-17,9830.062,,,0.07248523784035633,,,1.0,p
2015-04-14,IM,next,IM1505,2015-05-15,9830.062,,,1.39878010178566,,,1.0,y
2015-04-14,IM,next,IM1505,2015-05-15,9830.062,,,1.39878010178566,,,1.0,d
2015-04-14,IM,next,IM1505,2015-05-15,9830.062,,,1.39878010178566,,,1.0,p
2015-04-14,IM,q1,IM1506,2015-06-19,9830.062,,,,,,,y
2015-04-14,IM,q1,IM1506,2015-06-19,9830.062,,,,,,,d
2015-04-14,IM,q1,IM1506,2015-06-19,9830.062,,,,,,,p
2015-04-14,IM,q2,IM1509,2015-09-18,9830.062,,,,,,,y
2015-04-14,IM,q2,IM1509,2015-09-18,9830.062,,,,,,,d
2015-04-14,IM,q2,IM1509,2015-09-18,9830.062,,,,,,,p
2015-04-15,IM,current,IM1504,2015-04-17,9441.192,,,0.06270902435930206,,,1.0,y
2015-04-15,IM,current,IM1504,2015-04-17,9441.192,,,0.06270902435930206,,,1.0,d
2015-04-15,IM,current,IM1504,2015-04-17,9441.192,,,0.06270902435930206,,,1.0,p
2015-04-15,IM,next,IM1505,2015-05-15,9441.192,,,1.3365366420408067,,,1.0,y
2015-04-15,IM,next,IM1505,2015-05-15,9441.192,,,1.3365366420408067,,,1.0,d
2015-04-15,IM,next,IM1505,2015-05-15,9441.192,,,1.3365366420408067,,,1.0,p
2015-04-15,IM,q1,IM1506,2015-06-19,9441.192,,,,,,,y
2015-04-15,IM,q1,IM1506,2015-06-19,9441.192,,,,,,,d
2015-04-15,IM,q1,IM1506,2015-06-19,9441.192,,,,,,,p
2015-04-15,IM,q2,IM1509,2015-09-18,9441.192,,,,,,,y
2015-04-15,IM,q2,IM1509,2015-09-18,9441.192,,,,,,,d
2015-04-15,IM,q2,IM1509,2015-09-18,9441.192,,,,,,,p
2015-04-16,IM,current,IM1504,2015-04-17,9541.766,,,0.06337704354754783,,,1.0,y
2015-04-16,IM,current,IM1504,2015-04-17,9541.766,,,0.06337704354754783,,,1.0,d
2015-04-16,IM,current,IM1504,2015-04-17,9541.766,,,0.06337704354754783,,,1.0,p
2015-04-16,IM,next,IM1505,2015-05-15,9541.766,,,1.3507743395938925,,,1.0,y
2015-04-16,IM,next,IM1505,2015-05-15,9541.766,,,1.3507743395938925,,,1.0,d
2015-04-16,IM,next,IM1505,2015-05-15,9541.766,,,1.3507743395938925,,,1.0,p
2015-04-16,IM,q1,IM1506,2015-06-19,9541.766,,,,,,,y
2015-04-16,IM,q1,IM1506,2015-06-19,9541.766,,,,,,,d
2015-04-16,IM,q1,IM1506,2015-06-19,9541.766,,,,,,,p
2015-04-16,IM,q2,IM1509,2015-09-18,9541.766,,,,,,,y
2015-04-16,IM,q2,IM1509,2015-09-18,9541.766,,,,,,,d
2015-04-16,IM,q2,IM1509,2015-09-18,9541.766,,,,,,,p
2015-04-17,IM,current,IM1504,2015-04-17,9567.695,,,0.0,,,,y
2015-04-17,IM,current,IM1504,2015-04-17,9567.695,,,0.0,,,,d
2015-04-17,IM,current,IM1504,2015-04-17,9567.695,,,0.0,,,,p
2015-04-17,IM,next,IM1505,2015-05-15,9567.695,,,1.2908956971273593,,,1.0,y
2015-04-17,IM,next,IM1505,2015-05-15,9567.695,,,1.2908956971273593,,,1.0,d
2015-04-17,IM,next,IM1505,2015-05-15,9567.695,,,1.2908956971273593,,,1.0,p
2015-04-17,IM,q1,IM1506,2015-06-19,9567.695,,,,,,,y
2015-04-17,IM,q1,IM1506,2015-06-19,9567.695,,,,,,,d
2015-04-17,IM,q1,IM1506,2015-06-19,9567.695,,,,,,,p
2015-04-17,IM,q2,IM1509,2015-09-18,9567.695,,,,,,,y
2015-04-17,IM,q2,IM1509,2015-09-18,9567.695,,,,,,,d
2015-04-17,IM,q2,IM1509,2015-09-18,9567.695,,,,,,,p
2015-04-20,IM,current,IM1505,2015-05-15,9353.612,,,1.2620111200658917,,,1.0,y
2015-04-20,IM,current,IM1505,2015-05-15,9353.612,,,1.2620111200658917,,,1.0,d
2015-04-20,IM,current,IM1505,2015-05-15,9353.612,,,1.2620111200658917,,,1.0,p
2015-04-20,IM,next,IM1506,2015-06-19,9353.612,,,,,,,y
2015-04-20,IM,next,IM1506,2015-06-19,9353.612,,,,,,,d
2015-04-20,IM,next,IM1506,2015-06-19,9353.612,,,,,,,p
2015-04-20,IM,q1,IM1506,2015-06-19,9353.612,,,,,,,y
2015-04-20,IM,q1,IM1506,2015-06-19,9353.612,,,,,,,d
2015-04-20,IM,q1,IM1506,2015-06-19,9353.612,,,,,,,p
2015-04-20,IM,q2,IM1509,2015-09-18,9353.612,,,,,,,y
2015-04-20,IM,q2,IM1509,2015-09-18,9353.612,,,,,,,d
2015-04-20,IM,q2,IM1509,2015-09-18,9353.612,,,,,,,p
2015-04-21,IM,current,IM1505,2015-05-15,9716.349,,,1.1849423565474329,,,1.0,y
2015-04-21,IM,current,IM1505,2015-05-15,9716.349,,,1.1849423565474329,,,1.0,d
2015-04-21,IM,current,IM1505,2015-05-15,9716.349,,,1.1849423565474329,,,1.0,p
2015-04-21,IM,next,IM1506,2015-06-19,9716.349,,,,,,,y
2015-04-21,IM,next,IM1506,2015-06-19,9716.349,,,,,,,d
2015-04-21,IM,next,IM1506,2015-06-19,9716.349,,,,,,,p
2015-04-21,IM,q1,IM1506,2015-06-19,9716.349,,,,,,,y
2015-04-21,IM,q1,IM1506,2015-06-19,9716.349,,,,,,,d
2015-04-21,IM,q1,IM1506,2015-06-19,9716.349,,,,,,,p
2015-04-21,IM,q2,IM1509,2015-09-18,9716.349,,,,,,,y
2015-04-21,IM,q2,IM1509,2015-09-18,9716.349,,,,,,,d
2015-04-21,IM,q2,IM1509,2015-09-18,9716.349,,,,,,,p
2015-04-22,IM,current,IM1505,2015-05-15,9995.262,,,1.218956761288526,,,1.0,y
2015-04-22,IM,current,IM1505,2015-05-15,9995.262,,,1.218956761288526,,,1.0,d
2015-04-22,IM,current,IM1505,2015-05-15,9995.262,,,1.218956761288526,,,1.0,p
2015-04-22,IM,next,IM1506,2015-06-19,9995.262,,,,,,,y
2015-04-22,IM,next,IM1506,2015-06-19,9995.262,,,,,,,d
2015-04-22,IM,next,IM1506,2015-06-19,9995.262,,,,,,,p
2015-04-22,IM,q1,IM1506,2015-06-19,9995.262,,,,,,,y
2015-04-22,IM,q1,IM1506,2015-06-19,9995.262,,,,,,,d
2015-04-22,IM,q1,IM1506,2015-06-19,9995.262,,,,,,,p
2015-04-22,IM,q2,IM1509,2015-09-18,9995.262,,,,,,,y
2015-04-22,IM,q2,IM1509,2015-09-18,9995.262,,,,,,,d
2015-04-22,IM,q2,IM1509,2015-09-18,9995.262,,,,,,,p
2015-04-23,IM,current,IM1505,2015-05-15,10105.27,,,1.2323726172606684,,,1.0,y
2015-04-23,IM,current,IM1505,2015-05-15,10105.27,,,1.2323726172606684,,,1.0,d
2015-04-23,IM,current,IM1505,2015-05-15,10105.27,,,1.2323726172606684,,,1.0,p
2015-04-23,IM,next,IM1506,2015-06-19,10105.27,,,,,,,y
2015-04-23,IM,next,IM1506,2015-06-19,10105.27,,,,,,,d
2015-04-23,IM,next,IM1506,2015-06-19,10105.27,,,,,,,p
2015-04-23,IM,q1,IM1506,2015-06-19,10105.27,,,,,,,y
2015-04-23,IM,q1,IM1506,2015-06-19,10105.27,,,,,,,d
2015-04-23,IM,q1,IM1506,2015-06-19,10105.27,,,,,,,p
2015-04-23,IM,q2,IM1509,2015-09-18,10105.27,,,,,,,y
2015-04-23,IM,q2,IM1509,2015-09-18,10105.27,,,,,,,d
2015-04-23,IM,q2,IM1509,2015-09-18,10105.27,,,,,,,p
2015-04-24,IM,current,IM1505,2015-05-15,10123.91,,,1.158038149247029,,,1.0,y
2015-04-24,IM,current,IM1505,2015-05-15,10123.91,,,1.158038149247029,,,1.0,d
2015-04-24,IM,current,IM1505,2015-05-15,10123.91,,,1.158038149247029,,,1.0,p
2015-04-24,IM,next,IM1506,2015-06-19,10123.91,,,,,,,y
2015-04-24,IM,next,IM1506,2015-06-19,10123.91,,,,,,,d
2015-04-24,IM,next,IM1506,2015-06-19,10123.91,,,,,,,p
2015-04-24,IM,q1,IM1506,2015-06-19,10123.91,,,,,,,y
2015-04-24,IM,q1,IM1506,2015-06-19,10123.91,,,,,,,d
2015-04-24,IM,q1,IM1506,2015-06-19,10123.91,,,,,,,p
2015-04-24,IM,q2,IM1509,2015-09-18,10123.91,,,,,,,y
2015-04-24,IM,q2,IM1509,2015-09-18,10123.91,,,,,,,d
2015-04-24,IM,q2,IM1509,2015-09-18,10123.91,,,,,,,p
2015-04-27,IM,current,IM1505,2015-05-15,10174.9,,,1.1513316849294897,,,1.0,y
2015-04-27,IM,current,IM1505,2015-05-15,10174.9,,,1.1513316849294897,,,1.0,d
2015-04-27,IM,current,IM1505,2015-05-15,10174.9,,,1.1513316849294897,,,1.0,p
2015-04-27,IM,next,IM1506,2015-06-19,10174.9,,,,,,,y
2015-04-27,IM,next,IM1506,2015-06-19,10174.9,,,,,,,d
2015-04-27,IM,next,IM1506,2015-06-19,10174.9,,,,,,,p
2015-04-27,IM,q1,IM1506,2015-06-19,10174.9,,,,,,,y
2015-04-27,IM,q1,IM1506,2015-06-19,10174.9,,,,,,,d
2015-04-27,IM,q1,IM1506,2015-06-19,10174.9,,,,,,,p
2015-04-27,IM,q2,IM1509,2015-09-18,10174.9,,,,,,,y
2015-04-27,IM,q2,IM1509,2015-09-18,10174.9,,,,,,,d
2015-04-27,IM,q2,IM1509,2015-09-18,10174.9,,,,,,,p
2015-04-28,IM,current,IM1505,2015-05-15,9847.893,,,1.0750296287968903,,,1.0,y
2015-04-28,IM,current,IM1505,2015-05-15,9847.893,,,1.0750296287968903,,,1.0,d
2015-04-28,IM,current,IM1505,2015-05-15,9847.893,,,1.0750296287968903,,,1.0,p
2015-04-28,IM,next,IM1506,2015-06-19,9847.893,,,,,,,y
2015-04-28,IM,next,IM1506,2015-06-19,9847.893,,,,,,,d
2015-04-28,IM,next,IM1506,2015-06-19,9847.893,,,,,,,p
2015-04-28,IM,q1,IM1506,2015-06-19,9847.893,,,,,,,y
2015-04-28,IM,q1,IM1506,2015-06-19,9847.893,,,,,,,d
2015-04-28,IM,q1,IM1506,2015-06-19,9847.893,,,,,,,p
2015-04-28,IM,q2,IM1509,2015-09-18,9847.893,,,,,,,y
2015-04-28,IM,q2,IM1509,2015-09-18,9847.893,,,,,,,d
2015-04-28,IM,q2,IM1509,2015-09-18,9847.893,,,,,,,p
2015-04-29,IM,current,IM1505,2015-05-15,10107.4,,,1.041761160157408,,,1.0,y
2015-04-29,IM,current,IM1505,2015-05-15,10107.4,,,1.041761160157408,,,1.0,d
2015-04-29,IM,current,IM1505,2015-05-15,10107.4,,,1.041761160157408,,,1.0,p
2015-04-29,IM,next,IM1506,2015-06-19,10107.4,,,,,,,y
2015-04-29,IM,next,IM1506,2015-06-19,10107.4,,,,,,,d
2015-04-29,IM,next,IM1506,2015-06-19,10107.4,,,,,,,p
2015-04-29,IM,q1,IM1506,2015-06-19,10107.4,,,,,,,y
2015-04-29,IM,q1,IM1506,2015-06-19,10107.4,,,,,,,d
2015-04-29,IM,q1,IM1506,2015-06-19,10107.4,,,,,,,p
2015-04-29,IM,q2,IM1509,2015-09-18,10107.4,,,,,,,y
2015-04-29,IM,q2,IM1509,2015-09-18,10107.4,,,,,,,d
2015-04-29,IM,q2,IM1509,2015-09-18,10107.4,,,,,,,p
2015-04-30,IM,current,IM1505,2015-05-15,10180.49,,,0.9880732938290825,,,1.0,y
2015-04-30,IM,current,IM1505,2015-05-15,10180.49,,,0.9880732938290825,,,1.0,d
2015-04-30,IM,current,IM1505,2015-05-15,10180.49,,,0.9880732938290825,,,1.0,p
2015-04-30,IM,next,IM1506,2015-06-19,10180.49,,,,,,,y
2015-04-30,IM,next,IM1506,2015-06-19,10180.49,,,,,,,d
2015-04-30,IM,next,IM1506,2015-06-19,10180.49,,,,,,,p
2015-04-30,IM,q1,IM1506,2015-06-19,10180.49,,,,,,,y
2015-04-30,IM,q1,IM1506,2015-06-19,10180.49,,,,,,,d
2015-04-30,IM,q1,IM1506,2015-06-19,10180.49,,,,,,,p
2015-04-30,IM,q2,IM1509,2015-09-18,10180.49,,,,,,,y
2015-04-30,IM,q2,IM1509,2015-09-18,10180.49,,,,,,,d
2015-04-30,IM,q2,IM1509,2015-09-18,10180.49,,,,,,,p
2015-05-04,IM,current,IM1505,2015-05-15,10270.13,,,0.9967733554232531,,,1.0,y
2015-05-04,IM,current,IM1505,2015-05-15,10270.13,,,0.9967733554232531,,,1.0,d
2015-05-04,IM,current,IM1505,2015-05-15,10270.13,,,0.9967733554232531,,,1.0,p
2015-05-04,IM,next,IM1506,2015-06-19,10270.13,,,,,,,y
2015-05-04,IM,next,IM1506,2015-06-19,10270.13,,,,,,,d
2015-05-04,IM,next,IM1506,2015-06-19,10270.13,,,,,,,p
2015-05-04,IM,q1,IM1506,2015-06-19,10270.13,,,,,,,y
2015-05-04,IM,q1,IM1506,2015-06-19,10270.13,,,,,,,d
2015-05-04,IM,q1,IM1506,2015-06-19,10270.13,,,,,,,p
2015-05-04,IM,q2,IM1509,2015-09-18,10270.13,,,,,,,y
2015-05-04,IM,q2,IM1509,2015-09-18,10270.13,,,,,,,d
2015-05-04,IM,q2,IM1509,2015-09-18,10270.13,,,,,,,p
2015-05-05,IM,current,IM1505,2015-05-15,10007.27,,,0.9712613274151797,,,1.0,y
2015-05-05,IM,current,IM1505,2015-05-15,10007.27,,,0.9712613274151797,,,1.0,d
2015-05-05,IM,current,IM1505,2015-05-15,10007.27,,,0.9712613274151797,,,1.0,p
2015-05-05,IM,next,IM1506,2015-06-19,10007.27,,,,,,,y
2015-05-05,IM,next,IM1506,2015-06-19,10007.27,,,,,,,d
2015-05-05,IM,next,IM1506,2015-06-19,10007.27,,,,,,,p
2015-05-05,IM,q1,IM1506,2015-06-19,10007.27,,,,,,,y
2015-05-05,IM,q1,IM1506,2015-06-19,10007.27,,,,,,,d
2015-05-05,IM,q1,IM1506,2015-06-19,10007.27,,,,,,,p
2015-05-05,IM,q2,IM1509,2015-09-18,10007.27,,,,,,,y
2015-05-05,IM,q2,IM1509,2015-09-18,10007.27,,,,,,,d
2015-05-05,IM,q2,IM1509,2015-09-18,10007.27,,,,,,,p
2015-05-06,IM,current,IM1505,2015-05-15,9973.991,,,0.8198011745793566,,,1.0,y
2015-05-06,IM,current,IM1505,2015-05-15,9973.991,,,0.8198011745793566,,,1.0,d
2015-05-06,IM,current,IM1505,2015-05-15,9973.991,,,0.8198011745793566,,,1.0,p
2015-05-06,IM,next,IM1506,2015-06-19,9973.991,,,,,,,y
2015-05-06,IM,next,IM1506,2015-06-19,9973.991,,,,,,,d
2015-05-06,IM,next,IM1506,2015-06-19,9973.991,,,,,,,p
2015-05-06,IM,q1,IM1506,2015-06-19,9973.991,,,,,,,y
2015-05-06,IM,q1,IM1506,2015-06-19,9973.991,,,,,,,d
2015-05-06,IM,q1,IM1506,2015-06-19,9973.991,,,,,,,p
2015-05-06,IM,q2,IM1509,2015-09-18,9973.991,,,,,,,y
2015-05-06,IM,q2,IM1509,2015-09-18,9973.991,,,,,,,d
2015-05-06,IM,q2,IM1509,2015-09-18,9973.991,,,,,,,p
2015-05-07,IM,current,IM1505,2015-05-15,9806.508,,,0.6936044519132728,,,1.0,y
2015-05-07,IM,current,IM1505,2015-05-15,9806.508,,,0.6936044519132728,,,1.0,d
2015-05-07,IM,current,IM1505,2015-05-15,9806.508,,,0.6936044519132728,,,1.0,p
2015-05-07,IM,next,IM1506,2015-06-19,9806.508,,,,,,,y
2015-05-07,IM,next,IM1506,2015-06-19,9806.508,,,,,,,d
2015-05-07,IM,next,IM1506,2015-06-19,9806.508,,,,,,,p
2015-05-07,IM,q1,IM1506,2015-06-19,9806.508,,,,,,,y
2015-05-07,IM,q1,IM1506,2015-06-19,9806.508,,,,,,,d
2015-05-07,IM,q1,IM1506,2015-06-19,9806.508,,,,,,,p
2015-05-07,IM,q2,IM1509,2015-09-18,9806.508,,,,,,,y
2015-05-07,IM,q2,IM1509,2015-09-18,9806.508,,,,,,,d
2015-05-07,IM,q2,IM1509,2015-09-18,9806.508,,,,,,,p
2015-05-08,IM,current,IM1505,2015-05-15,10274.38,,,0.5415099979541323,,,1.0,y
2015-05-08,IM,current,IM1505,2015-05-15,10274.38,,,0.5415099979541323,,,1.0,d
2015-05-08,IM,current,IM1505,2015-05-15,10274.38,,,0.5415099979541323,,,1.0,p
2015-05-08,IM,next,IM1506,2015-06-19,10274.38,,,,,,,y
2015-05-08,IM,next,IM1506,2015-06-19,10274.38,,,,,,,d
2015-05-08,IM,next,IM1506,2015-06-19,10274.38,,,,,,,p
2015-05-08,IM,q1,IM1506,2015-06-19,10274.38,,,,,,,y
2015-05-08,IM,q1,IM1506,2015-06-19,10274.38,,,,,,,d
2015-05-08,IM,q1,IM1506,2015-06-19,10274.38,,,,,,,p
2015-05-08,IM,q2,IM1509,2015-09-18,10274.38,,,,,,,y
2015-05-08,IM,q2,IM1509,2015-09-18,10274.38,,,,,,,d
2015-05-08,IM,q2,IM1509,2015-09-18,10274.38,,,,,,,p
2015-05-11,IM,current,IM1505,2015-05-15,10771.62,,,0.5677169740814231,,,1.0,y
2015-05-11,IM,current,IM1505,2015-05-15,10771.62,,,0.5677169740814231,,,1.0,d
2015-05-11,IM,current,IM1505,2015-05-15,10771.62,,,0.5677169740814231,,,1.0,p
2015-05-11,IM,next,IM1506,2015-06-19,10771.62,,,,,,,y
2015-05-11,IM,next,IM1506,2015-06-19,10771.62,,,,,,,d
2015-05-11,IM,next,IM1506,2015-06-19,10771.62,,,,,,,p
2015-05-11,IM,q1,IM1506,2015-06-19,10771.62,,,,,,,y
2015-05-11,IM,q1,IM1506,2015-06-19,10771.62,,,,,,,d
2015-05-11,IM,q1,IM1506,2015-06-19,10771.62,,,,,,,p
2015-05-11,IM,q2,IM1509,2015-09-18,10771.62,,,,,,,y
2015-05-11,IM,q2,IM1509,2015-09-18,10771.62,,,,,,,d
2015-05-11,IM,q2,IM1509,2015-09-18,10771.62,,,,,,,p
2015-05-12,IM,current,IM1505,2015-05-15,11051.43,,,0.5531640911869732,,,1.0,y
2015-05-12,IM,current,IM1505,2015-05-15,11051.43,,,0.5531640911869732,,,1.0,d
2015-05-12,IM,current,IM1505,2015-05-15,11051.43,,,0.5531640911869732,,,1.0,p
2015-05-12,IM,next,IM1506,2015-06-19,11051.43,,,,,,,y
2015-05-12,IM,next,IM1506,2015-06-19,11051.43,,,,,,,d
2015-05-12,IM,next,IM1506,2015-06-19,11051.43,,,,,,,p
2015-05-12,IM,q1,IM1506,2015-06-19,11051.43,,,,,,,y
2015-05-12,IM,q1,IM1506,2015-06-19,11051.43,,,,,,,d
2015-05-12,IM,q1,IM1506,2015-06-19,11051.43,,,,,,,p
2015-05-12,IM,q2,IM1509,2015-09-18,11051.43,,,,,,,y
2015-05-12,IM,q2,IM1509,2015-09-18,11051.43,,,,,,,d
2015-05-12,IM,q2,IM1509,2015-09-18,11051.43,,,,,,,p
2015-05-13,IM,current,IM1505,2015-05-15,11137.3,,,0.5002598330324529,,,1.0,y
2015-05-13,IM,current,IM1505,2015-05-15,11137.3,,,0.5002598330324529,,,1.0,d
2015-05-13,IM,current,IM1505,2015-05-15,11137.3,,,0.5002598330324529,,,1.0,p
2015-05-13,IM,next,IM1506,2015-06-19,11137.3,,,,,,,y
2015-05-13,IM,next,IM1506,2015-06-19,11137.3,,,,,,,d
2015-05-13,IM,next,IM1506,2015-06-19,11137.3,,,,,,,p
2015-05-13,IM,q1,IM1506,2015-06-19,11137.3,,,,,,,y
2015-05-13,IM,q1,IM1506,2015-06-19,11137.3,,,,,,,d
2015-05-13,IM,q1,IM1506,2015-06-19,11137.3,,,,,,,p
2015-05-13,IM,q2,IM1509,2015-09-18,11137.3,,,,,,,y
2015-05-13,IM,q2,IM1509,2015-09-18,11137.3,,,,,,,d
2015-05-13,IM,q2,IM1509,2015-09-18,11137.3,,,,,,,p
2015-05-14,IM,current,IM1505,2015-05-15,11211.1,,,0.41037945275122056,,,1.0,y
2015-05-14,IM,current,IM1505,2015-05-15,11211.1,,,0.41037945275122056,,,1.0,d
2015-05-14,IM,current,IM1505,2015-05-15,11211.1,,,0.41037945275122056,,,1.0,p
2015-05-14,IM,next,IM1506,2015-06-19,11211.1,,,,,,,y
2015-05-14,IM,next,IM1506,2015-06-19,11211.1,,,,,,,d
2015-05-14,IM,next,IM1506,2015-06-19,11211.1,,,,,,,p
2015-05-14,IM,q1,IM1506,2015-06-19,11211.1,,,,,,,y
2015-05-14,IM,q1,IM1506,2015-06-19,11211.1,,,,,,,d
2015-05-14,IM,q1,IM1506,2015-06-19,11211.1,,,,,,,p
2015-05-14,IM,q2,IM1509,2015-09-18,11211.1,,,,,,,y
2015-05-14,IM,q2,IM1509,2015-09-18,11211.1,,,,,,,d
2015-05-14,IM,q2,IM1509,2015-09-18,11211.1,,,,,,,p
2015-05-15,IM,current,IM1505,2015-05-15,11217.93,,,0.0,,,,y
2015-05-15,IM,current,IM1505,2015-05-15,11217.93,,,0.0,,,,d
2015-05-15,IM,current,IM1505,2015-05-15,11217.93,,,0.0,,,,p
2015-05-15,IM,next,IM1506,2015-06-19,11217.93,,,,,,,y
2015-05-15,IM,next,IM1506,2015-06-19,11217.93,,,,,,,d
2015-05-15,IM,next,IM1506,2015-06-19,11217.93,,,,,,,p
2015-05-15,IM,q1,IM1506,2015-06-19,11217.93,,,,,,,y
2015-05-15,IM,q1,IM1506,2015-06-19,11217.93,,,,,,,d
2015-05-15,IM,q1,IM1506,2015-06-19,11217.93,,,,,,,p
2015-05-15,IM,q2,IM1509,2015-09-18,11217.93,,,,,,,y
2015-05-15,IM,q2,IM1509,2015-09-18,11217.93,,,,,,,d
2015-05-15,IM,q2,IM1509,2015-09-18,11217.93,,,,,,,p
2015-05-18,IM,current,IM1506,2015-06-19,11542.28,,,,,,,y
2015-05-18,IM,current,IM1506,2015-06-19,11542.28,,,,,,,d
2015-05-18,IM,current,IM1506,2015-06-19,11542.28,,,,,,,p
2015-05-18,IM,next,IM1507,2015-07-17,11542.28,,,,,,,y
2015-05-18,IM,next,IM1507,2015-07-17,11542.28,,,,,,,d
2015-05-18,IM,next,IM1507,2015-07-17,11542.28,,,,,,,p
2015-05-18,IM,q1,IM1509,2015-09-18,11542.28,,,,,,,y
2015-05-18,IM,q1,IM1509,2015-09-18,11542.28,,,,,,,d
2015-05-18,IM,q1,IM1509,2015-09-18,11542.28,,,,,,,p
2015-05-18,IM,q2,IM1512,2015-12-18,11542.28,,,,,,,y
2015-05-18,IM,q2,IM1512,2015-12-18,11542.28,,,,,,,d
2015-05-18,IM,q2,IM1512,2015-12-18,11542.28,,,,,,,p
2015-05-19,IM,current,IM1506,2015-06-19,11831.36,,,,,,,y
2015-05-19,IM,current,IM1506,2015-06-19,11831.36,,,,,,,d
2015-05-19,IM,current,IM1506,2015-06-19,11831.36,,,,,,,p
2015-05-19,IM,next,IM1507,2015-07-17,11831.36,,,,,,,y
2015-05-19,IM,next,IM1507,2015-07-17,11831.36,,,,,,,d
2015-05-19,IM,next,IM1507,2015-07-17,11831.36,,,,,,,p
2015-05-19,IM,q1,IM1509,2015-09-18,11831.36,,,,,,,y
2015-05-19,IM,q1,IM1509,2015-09-18,11831.36,,,,,,,d
2015-05-19,IM,q1,IM1509,2015-09-18,11831.36,,,,,,,p
2015-05-19,IM,q2,IM1512,2015-12-18,11831.36,,,,,,,y
2015-05-19,IM,q2,IM1512,2015-12-18,11831.36,,,,,,,d
2015-05-19,IM,q2,IM1512,2015-12-18,11831.36,,,,,,,p
2015-05-20,IM,current,IM1506,2015-06-19,12132.37,,,,,,,y
2015-05-20,IM,current,IM1506,2015-06-19,12132.37,,,,,,,d
2015-05-20,IM,current,IM1506,2015-06-19,12132.37,,,,,,,p
2015-05-20,IM,next,IM1507,2015-07-17,12132.37,,,,,,,y
2015-05-20,IM,next,IM1507,2015-07-17,12132.37,,,,,,,d
2015-05-20,IM,next,IM1507,2015-07-17,12132.37,,,,,,,p
2015-05-20,IM,q1,IM1509,2015-09-18,12132.37,,,,,,,y
2015-05-20,IM,q1,IM1509,2015-09-18,12132.37,,,,,,,d
2015-05-20,IM,q1,IM1509,2015-09-18,12132.37,,,,,,,p
2015-05-20,IM,q2,IM1512,2015-12-18,12132.37,,,,,,,y
2015-05-20,IM,q2,IM1512,2015-12-18,12132.37,,,,,,,d
2015-05-20,IM,q2,IM1512,2015-12-18,12132.37,,,,,,,p
2015-05-21,IM,current,IM1506,2015-06-19,12586.05,,,,,,,y
2015-05-21,IM,current,IM1506,2015-06-19,12586.05,,,,,,,d
2015-05-21,IM,current,IM1506,2015-06-19,12586.05,,,,,,,p
2015-05-21,IM,next,IM1507,2015-07-17,12586.05,,,,,,,y
2015-05-21,IM,next,IM1507,2015-07-17,12586.05,,,,,,,d
2015-05-21,IM,next,IM1507,2015-07-17,12586.05,,,,,,,p
2015-05-21,IM,q1,IM1509,2015-09-18,12586.05,,,,,,,y
2015-05-21,IM,q1,IM1509,2015-09-18,12586.05,,,,,,,d
2015-05-21,IM,q1,IM1509,2015-09-18,12586.05,,,,,,,p
2015-05-21,IM,q2,IM1512,2015-12-18,12586.05,,,,,,,y
2015-05-21,IM,q2,IM1512,2015-12-18,12586.05,,,,,,,d
2015-05-21,IM,q2,IM1512,2015-12-18,12586.05,,,,,,,p
2015-05-22,IM,current,IM1506,2015-06-19,12687.29,,,,,,,y
2015-05-22,IM,current,IM1506,2015-06-19,12687.29,,,,,,,d
2015-05-22,IM,current,IM1506,2015-06-19,12687.29,,,,,,,p
2015-05-22,IM,next,IM1507,2015-07-17,12687.29,,,,,,,y
2015-05-22,IM,next,IM1507,2015-07-17,12687.29,,,,,,,d
2015-05-22,IM,next,IM1507,2015-07-17,12687.29,,,,,,,p
2015-05-22,IM,q1,IM1509,2015-09-18,12687.29,,,,,,,y
2015-05-22,IM,q1,IM1509,2015-09-18,12687.29,,,,,,,d
2015-05-22,IM,q1,IM1509,2015-09-18,12687.29,,,,,,,p
2015-05-22,IM,q2,IM1512,2015-12-18,12687.29,,,,,,,y
2015-05-22,IM,q2,IM1512,2015-12-18,12687.29,,,,,,,d
2015-05-22,IM,q2,IM1512,2015-12-18,12687.29,,,,,,,p
2015-05-25,IM,current,IM1506,2015-06-19,12877.87,,,,,,,y
2015-05-25,IM,current,IM1506,2015-06-19,12877.87,,,,,,,d
2015-05-25,IM,current,IM1506,2015-06-19,12877.87,,,,,,,p
2015-05-25,IM,next,IM1507,2015-07-17,12877.87,,,,,,,y
2015-05-25,IM,next,IM1507,2015-07-17,12877.87,,,,,,,d
2015-05-25,IM,next,IM1507,2015-07-17,12877.87,,,,,,,p
2015-05-25,IM,q1,IM1509,2015-09-18,12877.87,,,,,,,y
2015-05-25,IM,q1,IM1509,2015-09-18,12877.87,,,,,,,d
2015-05-25,IM,q1,IM1509,2015-09-18,12877.87,,,,,,,p
2015-05-25,IM,q2,IM1512,2015-12-18,12877.87,,,,,,,y
2015-05-25,IM,q2,IM1512,2015-12-18,12877.87,,,,,,,d
2015-05-25,IM,q2,IM1512,2015-12-18,12877.87,,,,,,,p
2015-05-26,IM,current,IM1506,2015-06-19,13401.31,,,,,,,y
2015-05-26,IM,current,IM1506,2015-06-19,13401.31,,,,,,,d
2015-05-26,IM,current,IM1506,2015-06-19,13401.31,,,,,,,p
2015-05-26,IM,next,IM1507,2015-07-17,13401.31,,,,,,,y
2015-05-26,IM,next,IM1507,2015-07-17,13401.31,,,,,,,d
2015-05-26,IM,next,IM1507,2015-07-17,13401.31,,,,,,,p
2015-05-26,IM,q1,IM1509,2015-09-18,13401.31,,,,,,,y
2015-05-26,IM,q1,IM1509,2015-09-18,13401.31,,,,,,,d
2015-05-26,IM,q1,IM1509,2015-09-18,13401.31,,,,,,,p
2015-05-26,IM,q2,IM1512,2015-12-18,13401.31,,,,,,,y
2015-05-26,IM,q2,IM1512,2015-12-18,13401.31,,,,,,,d
2015-05-26,IM,q2,IM1512,2015-12-18,13401.31,,,,,,,p
2015-05-27,IM,current,IM1506,2015-06-19,13582.55,,,,,,,y
2015-05-27,IM,current,IM1506,2015-06-19,13582.55,,,,,,,d
2015-05-27,IM,current,IM1506,2015-06-19,13582.55,,,,,,,p
2015-05-27,IM,next,IM1507,2015-07-17,13582.55,,,,,,,y
2015-05-27,IM,next,IM1507,2015-07-17,13582.55,,,,,,,d
2015-05-27,IM,next,IM1507,2015-07-17,13582.55,,,,,,,p
2015-05-27,IM,q1,IM1509,2015-09-18,13582.55,,,,,,,y
2015-05-27,IM,q1,IM1509,2015-09-18,13582.55,,,,,,,d
2015-05-27,IM,q1,IM1509,2015-09-18,13582.55,,,,,,,p
2015-05-27,IM,q2,IM1512,2015-12-18,13582.55,,,,,,,y
2015-05-27,IM,q2,IM1512,2015-12-18,13582.55,,,,,,,d
2015-05-27,IM,q2,IM1512,2015-12-18,13582.55,,,,,,,p
2015-05-28,IM,current,IM1506,2015-06-19,12818.99,,,,,,,y
2015-05-28,IM,current,IM1506,2015-06-19,12818.99,,,,,,,d
2015-05-28,IM,current,IM1506,2015-06-19,12818.99,,,,,,,p
2015-05-28,IM,next,IM1507,2015-07-17,12818.99,,,,,,,y
2015-05-28,IM,next,IM1507,2015-07-17,12818.99,,,,,,,d
2015-05-28,IM,next,IM1507,2015-07-17,12818.99,,,,,,,p
2015-05-28,IM,q1,IM1509,2015-09-18,12818.99,,,,,,,y
2015-05-28,IM,q1,IM1509,2015-09-18,12818.99,,,,,,,d
2015-05-28,IM,q1,IM1509,2015-09-18,12818.99,,,,,,,p
2015-05-28,IM,q2,IM1512,2015-12-18,12818.99,,,,,,,y
2015-05-28,IM,q2,IM1512,2015-12-18,12818.99,,,,,,,d
2015-05-28,IM,q2,IM1512,2015-12-18,12818.99,,,,,,,p
2015-05-29,IM,current,IM1506,2015-06-19,13027.21,,,,,,,y
2015-05-29,IM,current,IM1506,2015-06-19,13027.21,,,,,,,d
2015-05-29,IM,current,IM1506,2015-06-19,13027.21,,,,,,,p
2015-05-29,IM,next,IM1507,2015-07-17,13027.21,,,,,,,y
2015-05-29,IM,next,IM1507,2015-07-17,13027.21,,,,,,,d
2015-05-29,IM,next,IM1507,2015-07-17,13027.21,,,,,,,p
2015-05-29,IM,q1,IM1509,2015-09-18,13027.21,,,,,,,y
2015-05-29,IM,q1,IM1509,2015-09-18,13027.21,,,,,,,d
2015-05-29,IM,q1,IM1509,2015-09-18,13027.21,,,,,,,p
2015-05-29,IM,q2,IM1512,2015-12-18,13027.21,,,,,,,y
2015-05-29,IM,q2,IM1512,2015-12-18,13027.21,,,,,,,d
2015-05-29,IM,q2,IM1512,2015-12-18,13027.21,,,,,,,p
2015-06-01,IM,current,IM1506,2015-06-19,13691.17,,,,,,,y
2015-06-01,IM,current,IM1506,2015-06-19,13691.17,,,,,,,d
2015-06-01,IM,current,IM1506,2015-06-19,13691.17,,,,,,,p
2015-06-01,IM,next,IM1507,2015-07-17,13691.17,,,,,,,y
2015-06-01,IM,next,IM1507,2015-07-17,13691.17,,,,,,,d
2015-06-01,IM,next,IM1507,2015-07-17,13691.17,,,,,,,p
2015-06-01,IM,q1,IM1509,2015-09-18,13691.17,,,,,,,y
2015-06-01,IM,q1,IM1509,2015-09-18,13691.17,,,,,,,d
2015-06-01,IM,q1,IM1509,2015-09-18,13691.17,,,,,,,p
2015-06-01,IM,q2,IM1512,2015-12-18,13691.17,,,,,,,y
2015-06-01,IM,q2,IM1512,2015-12-18,13691.17,,,,,,,d
2015-06-01,IM,q2,IM1512,2015-12-18,13691.17,,,,,,,p
2015-06-02,IM,current,IM1506,2015-06-19,14276.32,,,,,,,y
2015-06-02,IM,current,IM1506,2015-06-19,14276.32,,,,,,,d
2015-06-02,IM,current,IM1506,2015-06-19,14276.32,,,,,,,p
2015-06-02,IM,next,IM1507,2015-07-17,14276.32,,,,,,,y
2015-06-02,IM,next,IM1507,2015-07-17,14276.32,,,,,,,d
2015-06-02,IM,next,IM1507,2015-07-17,14276.32,,,,,,,p
2015-06-02,IM,q1,IM1509,2015-09-18,14276.32,,,,,,,y
2015-06-02,IM,q1,IM1509,2015-09-18,14276.32,,,,,,,d
2015-06-02,IM,q1,IM1509,2015-09-18,14276.32,,,,,,,p
2015-06-02,IM,q2,IM1512,2015-12-18,14276.32,,,,,,,y
2015-06-02,IM,q2,IM1512,2015-12-18,14276.32,,,,,,,d
2015-06-02,IM,q2,IM1512,2015-12-18,14276.32,,,,,,,p
2015-06-03,IM,current,IM1506,2015-06-19,14356.6,,,,,,,y
2015-06-03,IM,current,IM1506,2015-06-19,14356.6,,,,,,,d
2015-06-03,IM,current,IM1506,2015-06-19,14356.6,,,,,,,p
2015-06-03,IM,next,IM1507,2015-07-17,14356.6,,,,,,,y
2015-06-03,IM,next,IM1507,2015-07-17,14356.6,,,,,,,d
2015-06-03,IM,next,IM1507,2015-07-17,14356.6,,,,,,,p
2015-06-03,IM,q1,IM1509,2015-09-18,14356.6,,,,,,,y
2015-06-03,IM,q1,IM1509,2015-09-18,14356.6,,,,,,,d
2015-06-03,IM,q1,IM1509,2015-09-18,14356.6,,,,,,,p
2015-06-03,IM,q2,IM1512,2015-12-18,14356.6,,,,,,,y
2015-06-03,IM,q2,IM1512,2015-12-18,14356.6,,,,,,,d
2015-06-03,IM,q2,IM1512,2015-12-18,14356.6,,,,,,,p
2015-06-04,IM,current,IM1506,2015-06-19,14308.65,,,,,,,y
2015-06-04,IM,current,IM1506,2015-06-19,14308.65,,,,,,,d
2015-06-04,IM,current,IM1506,2015-06-19,14308.65,,,,,,,p
2015-06-04,IM,next,IM1507,2015-07-17,14308.65,,,,,,,y
2015-06-04,IM,next,IM1507,2015-07-17,14308.65,,,,,,,d
2015-06-04,IM,next,IM1507,2015-07-17,14308.65,,,,,,,p
2015-06-04,IM,q1,IM1509,2015-09-18,14308.65,,,,,,,y
2015-06-04,IM,q1,IM1509,2015-09-18,14308.65,,,,,,,d
2015-06-04,IM,q1,IM1509,2015-09-18,14308.65,,,,,,,p
2015-06-04,IM,q2,IM1512,2015-12-18,14308.65,,,,,,,y
2015-06-04,IM,q2,IM1512,2015-12-18,14308.65,,,,,,,d
2015-06-04,IM,q2,IM1512,2015-12-18,14308.65,,,,,,,p
2015-06-05,IM,current,IM1506,2015-06-19,14465.75,,,,,,,y
2015-06-05,IM,current,IM1506,2015-06-19,14465.75,,,,,,,d
2015-06-05,IM,current,IM1506,2015-06-19,14465.75,,,,,,,p
2015-06-05,IM,next,IM1507,2015-07-17,14465.75,,,,,,,y
2015-06-05,IM,next,IM1507,2015-07-17,14465.75,,,,,,,d
2015-06-05,IM,next,IM1507,2015-07-17,14465.75,,,,,,,p
2015-06-05,IM,q1,IM1509,2015-09-18,14465.75,,,,,,,y
2015-06-05,IM,q1,IM1509,2015-09-18,14465.75,,,,,,,d
2015-06-05,IM,q1,IM1509,2015-09-18,14465.75,,,,,,,p
2015-06-05,IM,q2,IM1512,2015-12-18,14465.75,,,,,,,y
2015-06-05,IM,q2,IM1512,2015-12-18,14465.75,,,,,,,d
2015-06-05,IM,q2,IM1512,2015-12-18,14465.75,,,,,,,p
2015-06-08,IM,current,IM1506,2015-06-19,14099.73,,,,,,,y
2015-06-08,IM,current,IM1506,2015-06-19,14099.73,,,,,,,d
2015-06-08,IM,current,IM1506,2015-06-19,14099.73,,,,,,,p
2015-06-08,IM,next,IM1507,2015-07-17,14099.73,,,,,,,y
2015-06-08,IM,next,IM1507,2015-07-17,14099.73,,,,,,,d
2015-06-08,IM,next,IM1507,2015-07-17,14099.73,,,,,,,p
2015-06-08,IM,q1,IM1509,2015-09-18,14099.73,,,,,,,y
2015-06-08,IM,q1,IM1509,2015-09-18,14099.73,,,,,,,d
2015-06-08,IM,q1,IM1509,2015-09-18,14099.73,,,,,,,p
2015-06-08,IM,q2,IM1512,2015-12-18,14099.73,,,,,,,y
2015-06-08,IM,q2,IM1512,2015-12-18,14099.73,,,,,,,d
2015-06-08,IM,q2,IM1512,2015-12-18,14099.73,,,,,,,p
2015-06-09,IM,current,IM1506,2015-06-19,14106.23,,,,,,,y
2015-06-09,IM,current,IM1506,2015-06-19,14106.23,,,,,,,d
2015-06-09,IM,current,IM1506,2015-06-19,14106.23,,,,,,,p
2015-06-09,IM,next,IM1507,2015-07-17,14106.23,,,,,,,y
2015-06-09,IM,next,IM1507,2015-07-17,14106.23,,,,,,,d
2015-06-09,IM,next,IM1507,2015-07-17,14106.23,,,,,,,p
2015-06-09,IM,q1,IM1509,2015-09-18,14106.23,,,,,,,y
2015-06-09,IM,q1,IM1509,2015-09-18,14106.23,,,,,,,d
2015-06-09,IM,q1,IM1509,2015-09-18,14106.23,,,,,,,p
2015-06-09,IM,q2,IM1512,2015-12-18,14106.23,,,,,,,y
2015-06-09,IM,q2,IM1512,2015-12-18,14106.23,,,,,,,d
2015-06-09,IM,q2,IM1512,2015-12-18,14106.23,,,,,,,p
2015-06-10,IM,current,IM1506,2015-06-19,14461.81,,,1.1415443661054927,,,1.0,y
2015-06-10,IM,current,IM1506,2015-06-19,14461.81,,,1.1415443661054927,,,1.0,d
2015-06-10,IM,current,IM1506,2015-06-19,14461.81,,,1.1415443661054927,,,1.0,p
2015-06-10,IM,next,IM1507,2015-07-17,14461.81,,,3.4542170800026355,,,1.0,y
2015-06-10,IM,next,IM1507,2015-07-17,14461.81,,,3.4542170800026355,,,1.0,d
2015-06-10,IM,next,IM1507,2015-07-17,14461.81,,,3.4542170800026355,,,1.0,p
2015-06-10,IM,q1,IM1509,2015-09-18,14461.81,,,4.354006665194062,,,0.9664821950391309,y
2015-06-10,IM,q1,IM1509,2015-09-18,14461.81,,,4.27848604600864,,,0.9835418121598019,d
2015-06-10,IM,q1,IM1509,2015-09-18,14461.81,,,4.282227782104451,,,0.9826824104447234,p
2015-06-10,IM,q2,IM1512,2015-12-18,14461.81,,,5.589956857124099,,,0.7527911263981948,y
2015-06-10,IM,q2,IM1512,2015-12-18,14461.81,,,5.650522709691746,,,0.7447222381345543,d
2015-06-10,IM,q2,IM1512,2015-12-18,14461.81,,,5.649384539855277,,,0.7448722757859148,p
2015-06-11,IM,current,IM1506,2015-06-19,14768.88,,,0.9501330695506047,,,1.0,y
2015-06-11,IM,current,IM1506,2015-06-19,14768.88,,,0.9501330695506047,,,1.0,d
2015-06-11,IM,current,IM1506,2015-06-19,14768.88,,,0.9501330695506047,,,1.0,p
2015-06-11,IM,next,IM1507,2015-07-17,14768.88,,,3.311911145104165,,,1.0,y
2015-06-11,IM,next,IM1507,2015-07-17,14768.88,,,3.311911145104165,,,1.0,d
2015-06-11,IM,next,IM1507,2015-07-17,14768.88,,,3.311911145104165,,,1.0,p
2015-06-11,IM,q1,IM1509,2015-09-18,14768.88,,,4.230806111152118,,,0.9647737472908461,y
2015-06-11,IM,q1,IM1509,2015-09-18,14768.88,,,4.1536819501878135,,,0.9826873397787904,d
2015-06-11,IM,q1,IM1509,2015-09-18,14768.88,,,4.157503135184069,,,0.9817841462040232,p
2015-06-11,IM,q2,IM1512,2015-12-18,14768.88,,,5.492999437616212,,,0.7430859428029726,y
2015-06-11,IM,q2,IM1512,2015-12-18,14768.88,,,5.554851294933467,,,0.734811869696708,d
2015-06-11,IM,q2,IM1512,2015-12-18,14768.88,,,5.553688958148901,,,0.734965659163911,p
2015-06-12,IM,current,IM1506,2015-06-19,15006.34,,,0.6903802520715453,,,1.0,y
2015-06-12,IM,current,IM1506,2015-06-19,15006.34,,,0.6903802520715453,,,1.0,d
2015-06-12,IM,current,IM1506,2015-06-19,15006.34,,,0.6903802520715453,,,1.0,p
2015-06-12,IM,next,IM1507,2015-07-17,15006.34,,,3.0901319466010166,,,1.0,y
2015-06-12,IM,next,IM1507,2015-07-17,15006.34,,,3.0901319466010166,,,1.0,d
2015-06-12,IM,next,IM1507,2015-07-17,15006.34,,,3.0901319466010166,,,1.0,p
2015-06-12,IM,q1,IM1509,2015-09-18,15006.34,,,4.0238012759478625,,,0.9623660099606733,y
2015-06-12,IM,q1,IM1509,2015-09-18,15006.34,,,3.9454370816660287,,,0.9814805048604237,d
2015-06-12,IM,q1,IM1509,2015-09-18,15006.34,,,3.9493197052134277,,,0.9805155996099185,p
2015-06-12,IM,q2,IM1512,2015-12-18,15006.34,,,5.306288654994288,,,0.7297698694103136,y
2015-06-12,IM,q2,IM1512,2015-12-18,15006.34,,,5.369134991380949,,,0.7212278299996013,d
2015-06-12,IM,q2,IM1512,2015-12-18,15006.34,,,5.367953966077492,,,0.7213865102569526,p
2015-06-15,IM,current,IM1506,2015-06-19,14707.78,,,0.6031677047051363,,,1.0,y
2015-06-15,IM,current,IM1506,2015-06-19,14707.78,,,0.6031677047051363,,,1.0,d
2015-06-15,IM,current,IM1506,2015-06-19,14707.78,,,0.6031677047051363,,,1.0,p
2015-06-15,IM,next,IM1507,2015-07-17,14707.78,,,2.9551749215059466,,,1.0,y
2015-06-15,IM,next,IM1507,2015-07-17,14707.78,,,2.9551749215059466,,,1.0,d
2015-06-15,IM,next,IM1507,2015-07-17,14707.78,,,2.9551749215059466,,,1.0,p
2015-06-15,IM,q1,IM1509,2015-09-18,14707.78,,,3.8702683479364386,,,0.9616515288562834,y
2015-06-15,IM,q1,IM1509,2015-09-18,14707.78,,,3.7934632555971697,,,0.9811217937555222,d
2015-06-15,IM,q1,IM1509,2015-09-18,14707.78,,,3.7972686320552507,,,0.9801385770968559,p
2015-06-15,IM,q2,IM1512,2015-12-18,14707.78,,,5.127239882887096,,,0.7258972778510654,y
2015-06-15,IM,q2,IM1512,2015-12-18,14707.78,,,5.18883585428192,,,0.7172802490573722,d
2015-06-15,IM,q2,IM1512,2015-12-18,14707.78,,,5.1876783261746215,,,0.7174402959987766,p
2015-06-16,IM,current,IM1506,2015-06-19,14102.22,,,0.5783336212974947,,,1.0,y
2015-06-16,IM,current,IM1506,2015-06-19,14102.22,,,0.5783336212974947,,,1.0,d
2015-06-16,IM,current,IM1506,2015-06-19,14102.22,,,0.5783336212974947,,,1.0,p
2015-06-16,IM,next,IM1507,2015-07-17,14102.22,,,2.83350219282309,,,1.0,y
2015-06-16,IM,next,IM1507,2015-07-17,14102.22,,,2.83350219282309,,,1.0,d
2015-06-16,IM,next,IM1507,2015-07-17,14102.22,,,2.83350219282309,,,1.0,p
2015-06-16,IM,q1,IM1509,2015-09-18,14102.22,,,3.710918690763405,,,0.9616515288562834,y
2015-06-16,IM,q1,IM1509,2015-09-18,14102.22,,,3.637275876600514,,,0.9811217937555222,d
2015-06-16,IM,q1,IM1509,2015-09-18,14102.22,,,3.640924575180088,,,0.9801385770968559,p
2015-06-16,IM,q2,IM1512,2015-12-18,14102.22,,,4.916137229496774,,,0.7258972778510654,y
2015-06-16,IM,q2,IM1512,2015-12-18,14102.22,,,4.975197124309146,,,0.7172802490573722,d
2015-06-16,IM,q2,IM1512,2015-12-18,14102.22,,,4.974087254836982,,,0.7174402959987766,p
2015-06-17,IM,current,IM1506,2015-06-19,14407.31,,,0.5782991176998802,,,1.0,y
2015-06-17,IM,current,IM1506,2015-06-19,14407.31,,,0.5782991176998802,,,1.0,d
2015-06-17,IM,current,IM1506,2015-06-19,14407.31,,,0.5782991176998802,,,1.0,p
2015-06-17,IM,next,IM1507,2015-07-17,14407.31,,,2.882256417488596,,,1.0,y
2015-06-17,IM,next,IM1507,2015-07-17,14407.31,,,2.882256417488596,,,1.0,d
2015-06-17,IM,next,IM1507,2015-07-17,14407.31,,,2.882256417488596,,,1.0,p
2015-06-17,IM,q1,IM1509,2015-09-18,14407.31,,,3.7786551040032355,,,0.9615242003248574,y
2015-06-17,IM,q1,IM1509,2015-09-18,14407.31,,,3.7034190877648587,,,0.9810578390070768,d
2015-06-17,IM,q1,IM1509,2015-09-18,14407.31,,,3.7071467229550965,,,0.980071359108211,p
2015-06-17,IM,q2,IM1512,2015-12-18,14407.31,,,5.009947560458931,,,0.7252108496814945,y
2015-06-17,IM,q2,IM1512,2015-12-18,14407.31,,,5.070285167809352,,,0.7165806669509138,d
2015-06-17,IM,q2,IM1512,2015-12-18,14407.31,,,5.069151287218564,,,0.7167409535282819,p
2015-06-18,IM,current,IM1506,2015-06-19,13934.21,,,0.5593092221132778,,,1.0,y
2015-06-18,IM,current,IM1506,2015-06-19,13934.21,,,0.5593092221132778,,,1.0,d
2015-06-18,IM,current,IM1506,2015-06-19,13934.21,,,0.5593092221132778,,,1.0,p
2015-06-18,IM,next,IM1507,2015-07-17,13934.21,,,2.7876103308066367,,,1.0,y
2015-06-18,IM,next,IM1507,2015-07-17,13934.21,,,2.7876103308066367,,,1.0,d
2015-06-18,IM,next,IM1507,2015-07-17,13934.21,,,2.7876103308066367,,,1.0,p
2015-06-18,IM,q1,IM1509,2015-09-18,13934.21,,,3.6545735280737985,,,0.9615242003248574,y
2015-06-18,IM,q1,IM1509,2015-09-18,13934.21,,,3.58180807429867,,,0.9810578390070768,d
2015-06-18,IM,q1,IM1509,2015-09-18,13934.21,,,3.5854133032792475,,,0.980071359108211,p
2015-06-18,IM,q2,IM1512,2015-12-18,13934.21,,,4.845433422090761,,,0.7252108496814945,y
2015-06-18,IM,q2,IM1512,2015-12-18,13934.21,,,4.903789693436232,,,0.7165806669509138,d
2015-06-18,IM,q2,IM1512,2015-12-18,13934.21,,,4.902693046646029,,,0.7167409535282819,p
2015-06-19,IM,current,IM1506,2015-06-19,13024.72,,,0.0,,,,y
2015-06-19,IM,current,IM1506,2015-06-19,13024.72,,,0.0,,,,d
2015-06-19,IM,current,IM1506,2015-06-19,13024.72,,,0.0,,,,p
2015-06-19,IM,next,IM1507,2015-07-17,13024.72,,,2.0828592375470567,,,1.0,y
2015-06-19,IM,next,IM1507,2015-07-17,13024.72,,,2.0828592375470567,,,1.0,d
2015-06-19,IM,next,IM1507,2015-07-17,13024.72,,,2.0828592375470567,,,1.0,p
2015-06-19,IM,q1,IM1509,2015-09-18,13024.72,,,2.893235491005957,,,0.9545716859482822,y
2015-06-19,IM,q1,IM1509,2015-09-18,13024.72,,,2.8252194598786815,,,0.9775526183773199,d
2015-06-19,IM,q1,IM1509,2015-09-18,13024.72,,,2.8285893744994532,,,0.9763879852598578,p
2015-06-19,IM,q2,IM1512,2015-12-18,13024.72,,,4.006367608205325,,,0.6893527880064223,y
2015-06-19,IM,q2,IM1512,2015-12-18,13024.72,,,4.060914948493634,,,0.6800932094180971,d
2015-06-19,IM,q2,IM1512,2015-12-18,13024.72,,,4.059889880163153,,,0.6802649239303937,p
2015-06-23,IM,current,IM1507,2015-07-17,13047.02,,,1.9732000315040412,,,1.0,y
2015-06-23,IM,current,IM1507,2015-07-17,13047.02,,,1.9732000315040412,,,1.0,d
2015-06-23,IM,current,IM1507,2015-07-17,13047.02,,,1.9732000315040412,,,1.0,p
2015-06-23,IM,next,IM1508,2015-08-21,13047.02,,,2.63274123046274,,,1.0,y
2015-06-23,IM,next,IM1508,2015-08-21,13047.02,,,2.63274123046274,,,1.0,d
2015-06-23,IM,next,IM1508,2015-08-21,13047.02,,,2.63274123046274,,,1.0,p
2015-06-23,IM,q1,IM1509,2015-09-18,13047.02,,,2.784963753595829,,,0.9527247549691368,y
2015-06-23,IM,q1,IM1509,2015-09-18,13047.02,,,2.716831270253524,,,0.9766171122930714,d
2015-06-23,IM,q1,IM1509,2015-09-18,13047.02,,,2.7202069546026313,,,0.9754051636597294,p
2015-06-23,IM,q2,IM1512,2015-12-18,13047.02,,,3.900001696503047,,,0.680334039885575,y
2015-06-23,IM,q2,IM1512,2015-12-18,13047.02,,,3.954642428871066,,,0.6709339611520715,d
2015-06-23,IM,q2,IM1512,2015-12-18,13047.02,,,3.9536156054914335,,,0.6711082144802261,p
2015-06-24,IM,current,IM1507,2015-07-17,13313.79,,,1.987768745917015,,,1.0,y
2015-06-24,IM,current,IM1507,2015-07-17,13313.79,,,1.987768745917015,,,1.0,d
2015-06-24,IM,current,IM1507,2015-07-17,13313.79,,,1.987768745917015,,,1.0,p
2015-06-24,IM,next,IM1508,2015-08-21,13313.79,,,2.6607954615412988,,,1.0,y
2015-06-24,IM,next,IM1508,2015-08-21,13313.79,,,2.6607954615412988,,,1.0,d
2015-06-24,IM,next,IM1508,2015-08-21,13313.79,,,2.6607954615412988,,,1.0,p
2015-06-24,IM,q1,IM1509,2015-09-18,13313.79,,,2.816130450394239,,,0.9522920295606672,y
2015-06-24,IM,q1,IM1509,2015-09-18,13313.79,,,2.7466048747916916,,,0.9763976634305352,d
2015-06-24,IM,q1,IM1509,2015-09-18,13313.79,,,2.750049581133086,,,0.975174629763791,p
2015-06-24,IM,q2,IM1512,2015-12-18,13313.79,,,3.953967367475587,,,0.6782500544069257,y
2015-06-24,IM,q2,IM1512,2015-12-18,13313.79,,,4.009725328772038,,,0.6688185255160133,d
2015-06-24,IM,q2,IM1512,2015-12-18,13313.79,,,4.008677510125057,,,0.6689933463941485,p
2015-06-25,IM,current,IM1507,2015-07-17,12760.48,,,1.8843218972652154,,,1.0,y
2015-06-25,IM,current,IM1507,2015-07-17,12760.48,,,1.8843218972652154,,,1.0,d
2015-06-25,IM,current,IM1507,2015-07-17,12760.48,,,1.8843218972652154,,,1.0,p
2015-06-25,IM,next,IM1508,2015-08-21,12760.48,,,2.529378184332185,,,1.0,y
2015-06-25,IM,next,IM1508,2015-08-21,12760.48,,,2.529378184332185,,,1.0,d
2015-06-25,IM,next,IM1508,2015-08-21,12760.48,,,2.529378184332185,,,1.0,p
2015-06-25,IM,q1,IM1509,2015-09-18,12760.48,,,2.678257580699273,,,0.9519208616452084,y
2015-06-25,IM,q1,IM1509,2015-09-18,12760.48,,,2.6116214299890097,,,0.9762093520337639,d
2015-06-25,IM,q1,IM1509,2015-09-18,12760.48,,,2.6149229772099916,,,0.9749768104631734,p
2015-06-25,IM,q2,IM1512,2015-12-18,12760.48,,,3.768806945206163,,,0.676471175359607,y
2015-06-25,IM,q2,IM1512,2015-12-18,12760.48,,,3.822247652169705,,,0.6670131022200619,d
2015-06-25,IM,q2,IM1512,2015-12-18,12760.48,,,3.821243379991128,,,0.6671884018894872,p
2015-06-26,IM,current,IM1507,2015-07-17,11730.75,,,1.6280698771631321,,,1.0,y
2015-06-26,IM,current,IM1507,2015-07-17,11730.75,,,1.6280698771631321,,,1.0,d
2015-06-26,IM,current,IM1507,2015-07-17,11730.75,,,1.6280698771631321,,,1.0,p
2015-06-26,IM,next,IM1508,2015-08-21,11730.75,,,2.2210721811133642,,,1.0,y
2015-06-26,IM,next,IM1508,2015-08-21,11730.75,,,2.2210721811133642,,,1.0,d
2015-06-26,IM,next,IM1508,2015-08-21,11730.75,,,2.2210721811133642,,,1.0,p
2015-06-26,IM,q1,IM1509,2015-09-18,11730.75,,,2.357937485469722,,,0.9497963260635509,y
2015-06-26,IM,q1,IM1509,2015-09-18,11730.75,,,2.296678659395435,,,0.9751300433889166,d
2015-06-26,IM,q1,IM1509,2015-09-18,11730.75,,,2.299713782295399,,,0.973843083442893,p
2015-06-26,IM,q2,IM1512,2015-12-18,11730.75,,,3.36048299768315,,,0.6664400213691636,y
2015-06-26,IM,q2,IM1512,2015-12-18,11730.75,,,3.4096112101965166,,,0.6568374582090812,d
2015-06-26,IM,q2,IM1512,2015-12-18,11730.75,,,3.408687979576756,,,0.6570153602221894,p
2015-06-29,IM,current,IM1507,2015-07-17,10906.04,,,1.5136112527448127,,,1.0,y
2015-06-29,IM,current,IM1507,2015-07-17,10906.04,,,1.5136112527448127,,,1.0,d
2015-06-29,IM,current,IM1507,2015-07-17,10906.04,,,1.5136112527448127,,,1.0,p
2015-06-29,IM,next,IM1508,2015-08-21,10906.04,,,2.064923559884031,,,1.0,y
2015-06-29,IM,next,IM1508,2015-08-21,10906.04,,,2.064923559884031,,,1.0,d
2015-06-29,IM,next,IM1508,2015-08-21,10906.04,,,2.064923559884031,,,1.0,p
2015-06-29,IM,q1,IM1509,2015-09-18,10906.04,,,2.1921667867810846,,,0.9497963260635509,y
2015-06-29,IM,q1,IM1509,2015-09-18,10906.04,,,2.135214656054642,,,0.9751300433889166,d
2015-06-29,IM,q1,IM1509,2015-09-18,10906.04,,,2.1380363999117633,,,0.973843083442893,p
2015-06-29,IM,q2,IM1512,2015-12-18,10906.04,,,3.1242300783881976,,,0.6664400213691636,y
2015-06-29,IM,q2,IM1512,2015-12-18,10906.04,,,3.169904417266724,,,0.6568374582090812,d
2015-06-29,IM,q2,IM1512,2015-12-18,10906.04,,,3.1690460927718425,,,0.6570153602221894,p
2015-06-30,IM,current,IM1507,2015-07-17,11381.47,,,1.5795945242065403,,,1.0,y
2015-06-30,IM,current,IM1507,2015-07-17,11381.47,,,1.5795945242065403,,,1.0,d
2015-06-30,IM,current,IM1507,2015-07-17,11381.47,,,1.5795945242065403,,,1.0,p
2015-06-30,IM,next,IM1508,2015-08-21,11381.47,,,2.154940340317228,,,1.0,y
2015-06-30,IM,next,IM1508,2015-08-21,11381.47,,,2.154940340317228,,,1.0,d
2015-06-30,IM,next,IM1508,2015-08-21,11381.47,,,2.154940340317228,,,1.0,p
2015-06-30,IM,q1,IM1509,2015-09-18,11381.47,,,2.2877305161860133,,,0.9497963260635509,y
2015-06-30,IM,q1,IM1509,2015-09-18,11381.47,,,2.2282956555675777,,,0.9751300433889166,d
2015-06-30,IM,q1,IM1509,2015-09-18,11381.47,,,2.2312404084804136,,,0.973843083442893,p
2015-06-30,IM,q2,IM1512,2015-12-18,11381.47,,,3.260425499106267,,,0.6664400213691635,y
2015-06-30,IM,q2,IM1512,2015-12-18,11381.47,,,3.308090931996279,,,0.6568374582090811,d
2015-06-30,IM,q2,IM1512,2015-12-18,11381.47,,,3.307195190325722,,,0.6570153602221893,p
2015-07-01,IM,current,IM1507,2015-07-17,10734.01,,,1.4897358090631743,,,1.0,y
2015-07-01,IM,current,IM1507,2015-07-17,10734.01,,,1.4897358090631743,,,1.0,d
2015-07-01,IM,current,IM1507,2015-07-17,10734.01,,,1.4897358090631743,,,1.0,p
2015-07-01,IM,next,IM1508,2015-08-21,10734.01,,,2.0323518106508676,,,1.0,y
2015-07-01,IM,next,IM1508,2015-08-21,10734.01,,,2.0323518106508676,,,1.0,d
2015-07-01,IM,next,IM1508,2015-08-21,10734.01,,,2.0323518106508676,,,1.0,p
2015-07-01,IM,q1,IM1509,2015-09-18,10734.01,,,2.157587924762428,,,0.9497963260635509,y
2015-07-01,IM,q1,IM1509,2015-09-18,10734.01,,,2.1015341471548874,,,0.9751300433889166,d
2015-07-01,IM,q1,IM1509,2015-09-18,10734.01,,,2.1043113813095187,,,0.973843083442893,p
2015-07-01,IM,q2,IM1512,2015-12-18,10734.01,,,3.0749490102475043,,,0.6664400213691635,y
2015-07-01,IM,q2,IM1512,2015-12-18,10734.01,,,3.1199028899568666,,,0.6568374582090811,d
2015-07-01,IM,q2,IM1512,2015-12-18,10734.01,,,3.1190581045250045,,,0.6570153602221893,p
2015-07-02,IM,current,IM1507,2015-07-17,10002.36,,,1.3881926574636256,,,1.0,y
2015-07-02,IM,current,IM1507,2015-07-17,10002.36,,,1.3881926574636256,,,1.0,d
2015-07-02,IM,current,IM1507,2015-07-17,10002.36,,,1.3881926574636256,,,1.0,p
2015-07-02,IM,next,IM1508,2015-08-21,10002.36,,,1.8938229475081365,,,1.0,y
2015-07-02,IM,next,IM1508,2015-08-21,10002.36,,,1.8938229475081365,,,1.0,d
2015-07-02,IM,next,IM1508,2015-08-21,10002.36,,,1.8938229475081365,,,1.0,p
2015-07-02,IM,q1,IM1509,2015-09-18,10002.36,,,2.0105227361560796,,,0.9497963260635509,y
2015-07-02,IM,q1,IM1509,2015-09-18,10002.36,,,1.9582896878367133,,,0.9751300433889166,d
2015-07-02,IM,q1,IM1509,2015-09-18,10002.36,,,1.9608776205681826,,,0.973843083442893,p
2015-07-02,IM,q2,IM1512,2015-12-18,10002.36,,,2.865354791186074,,,0.6664400213691636,y
2015-07-02,IM,q2,IM1512,2015-12-18,10002.36,,,2.9072445312039923,,,0.6568374582090812,d
2015-07-02,IM,q2,IM1512,2015-12-18,10002.36,,,2.9064573279116312,,,0.6570153602221894,p
2015-07-03,IM,current,IM1507,2015-07-17,9358.732,,,1.2874273220136616,,,1.0,y
2015-07-03,IM,current,IM1507,2015-07-17,9358.732,,,1.2874273220136616,,,1.0,d
2015-07-03,IM,current,IM1507,2015-07-17,9358.732,,,1.2874273220136616,,,1.0,p
2015-07-03,IM,next,IM1508,2015-08-21,9358.732,,,1.7605215093463353,,,1.0,y
2015-07-03,IM,next,IM1508,2015-08-21,9358.732,,,1.7605215093463353,,,1.0,d
2015-07-03,IM,next,IM1508,2015-08-21,9358.732,,,1.7605215093463353,,,1.0,p
2015-07-03,IM,q1,IM1509,2015-09-18,9358.732,,,1.8697119450447846,,,0.9494891920011306,y
2015-07-03,IM,q1,IM1509,2015-09-18,9358.732,,,1.8208399687547892,,,0.9749738112292663,d
2015-07-03,IM,q1,IM1509,2015-09-18,9358.732,,,1.8232613741898913,,,0.9736789848708448,p
2015-07-03,IM,q2,IM1512,2015-12-18,9358.732,,,2.6695375969944215,,,0.6650107816328105,y
2015-07-03,IM,q2,IM1512,2015-12-18,9358.732,,,2.7087318321926515,,,0.655388349218164,d
2015-07-03,IM,q2,IM1512,2015-12-18,9358.732,,,2.707995283553858,,,0.6555666085376796,p
2015-07-06,IM,current,IM1507,2015-07-17,8858.912,,,1.1877321667052878,,,1.0,y
2015-07-06,IM,current,IM1507,2015-07-17,8858.912,,,1.1877321667052878,,,1.0,d
2015-07-06,IM,current,IM1507,2015-07-17,8858.912,,,1.1877321667052878,,,1.0,p
2015-07-06,IM,next,IM1508,2015-08-21,8858.912,,,1.6355599037632216,,,1.0,y
2015-07-06,IM,next,IM1508,2015-08-21,8858.912,,,1.6355599037632216,,,1.0,d
2015-07-06,IM,next,IM1508,2015-08-21,8858.912,,,1.6355599037632216,,,1.0,p
2015-07-06,IM,q1,IM1509,2015-09-18,8858.912,,,1.738918826862443,,,0.9485905348392377,y
2015-07-06,IM,q1,IM1509,2015-09-18,8858.912,,,1.6926569468108337,,,0.9745163915956859,d
2015-07-06,IM,q1,IM1509,2015-09-18,8858.912,,,1.6949490327115617,,,0.9731985494434464,p
2015-07-06,IM,q2,IM1512,2015-12-18,8858.912,,,2.4960283440453757,,,0.6608586572947497,y
2015-07-06,IM,q2,IM1512,2015-12-18,8858.912,,,2.5331293402624295,,,0.6511795168913782,d
2015-07-06,IM,q2,IM1512,2015-12-18,8858.912,,,2.532432128335131,,,0.6513587951910449,p
2015-07-07,IM,current,IM1507,2015-07-17,8356.126,,,1.0528190455974828,,,1.0,y
2015-07-07,IM,current,IM1507,2015-07-17,8356.126,,,1.0528190455974828,,,1.0,d
2015-07-07,IM,current,IM1507,2015-07-17,8356.126,,,1.0528190455974828,,,1.0,p
2015-07-07,IM,next,IM1508,2015-08-21,8356.126,,,1.4752303978212058,,,1.0,y
2015-07-07,IM,next,IM1508,2015-08-21,8356.126,,,1.4752303978212058,,,1.0,d
2015-07-07,IM,next,IM1508,2015-08-21,8356.126,,,1.4752303978212058,,,1.0,p
2015-07-07,IM,q1,IM1509,2015-09-18,8356.126,,,1.5727232033306635,,,0.9463839650852844,y
2015-07-07,IM,q1,IM1509,2015-09-18,8356.126,,,1.5290869081842469,,,0.9733913835657267,d
2015-07-07,IM,q1,IM1509,2015-09-18,8356.126,,,1.5312489071508588,,,0.9720170340686918,p
2015-07-07,IM,q2,IM1512,2015-12-18,8356.126,,,2.286863102381444,,,0.6508478883584005,y
2015-07-07,IM,q2,IM1512,2015-12-18,8356.126,,,2.321858438051923,,,0.641038229013865,d
2015-07-07,IM,q2,IM1512,2015-12-18,8356.126,,,2.3212007962655257,,,0.6412198477375686,p
2015-07-08,IM,current,IM1507,2015-07-17,8114.604,,,0.7926536305014998,,,1.0,y
2015-07-08,IM,current,IM1507,2015-07-17,8114.604,,,0.7926536305014998,,,1.0,d
2015-07-08,IM,current,IM1507,2015-07-17,8114.604,,,0.7926536305014998,,,1.0,p
2015-07-08,IM,next,IM1508,2015-08-21,8114.604,,,1.2028557802058042,,,1.0,y
2015-07-08,IM,next,IM1508,2015-08-21,8114.604,,,1.2028557802058042,,,1.0,d
2015-07-08,IM,next,IM1508,2015-08-21,8114.604,,,1.2028557802058042,,,1.0,p
2015-07-08,IM,q1,IM1509,2015-09-18,8114.604,,,1.2975306941023002,,,0.9368909419480669,y
2015-07-08,IM,q1,IM1509,2015-09-18,8114.604,,,1.2551556443315937,,,0.968521123012914,d
2015-07-08,IM,q1,IM1509,2015-09-18,8114.604,,,1.2572551537768157,,,0.9669037749037779,p
2015-07-08,IM,q2,IM1512,2015-12-18,8114.604,,,1.9910293897175964,,,0.6105609291766696,y
2015-07-08,IM,q2,IM1512,2015-12-18,8114.604,,,2.0250132347210115,,,0.6003144736836812,d
2015-07-08,IM,q2,IM1512,2015-12-18,8114.604,,,2.024374601140036,,,0.6005038561140991,p
2015-07-09,IM,current,IM1507,2015-07-17,8348.875,,,0.6476061163987621,,,1.0,y
2015-07-09,IM,current,IM1507,2015-07-17,8348.875,,,0.6476061163987621,,,1.0,d
2015-07-09,IM,current,IM1507,2015-07-17,8348.875,,,0.6476061163987621,,,1.0,p
2015-07-09,IM,next,IM1508,2015-08-21,8348.875,,,1.0696509226040338,,,1.0,y
2015-07-09,IM,next,IM1508,2015-08-21,8348.875,,,1.0696509226040338,,,1.0,d
2015-07-09,IM,next,IM1508,2015-08-21,8348.875,,,1.0696509226040338,,,1.0,p
2015-07-09,IM,q1,IM1509,2015-09-18,8348.875,,,1.1670591290621193,,,0.9278099892905367,y
2015-07-09,IM,q1,IM1509,2015-09-18,8348.875,,,1.1234606991628406,,,0.9638157514930565,d
2015-07-09,IM,q1,IM1509,2015-09-18,8348.875,,,1.125620822062181,,,0.9619661406518757,p
2015-07-09,IM,q2,IM1512,2015-12-18,8348.875,,,1.880579335637222,,,0.5757848645452893,y
2015-07-09,IM,q2,IM1512,2015-12-18,8348.875,,,1.9155443042238454,,,0.5652749015770161,d
2015-07-09,IM,q2,IM1512,2015-12-18,8348.875,,,1.9148872331038784,,,0.5654688690369518,p
2015-07-10,IM,current,IM1507,2015-07-17,8620.272,,,0.6402223131936312,,,1.0,y
2015-07-10,IM,current,IM1507,2015-07-17,8620.272,,,0.6402223131936312,,,1.0,d
2015-07-10,IM,current,IM1507,2015-07-17,8620.272,,,0.6402223131936312,,,1.0,p
2015-07-10,IM,next,IM1508,2015-08-21,8620.272,,,1.0759865359993064,,,1.0,y
2015-07-10,IM,next,IM1508,2015-08-21,8620.272,,,1.0759865359993064,,,1.0,d
2015-07-10,IM,next,IM1508,2015-08-21,8620.272,,,1.0759865359993064,,,1.0,p
2015-07-10,IM,q1,IM1509,2015-09-18,8620.272,,,1.176561192429167,,,0.9260652757302782,y
2015-07-10,IM,q1,IM1509,2015-09-18,8620.272,,,1.1315455077405456,,,0.9629064475330777,d
2015-07-10,IM,q1,IM1509,2015-09-18,8620.272,,,1.1337758497861197,,,0.9610122364892524,p
2015-07-10,IM,q2,IM1512,2015-12-18,8620.272,,,1.9132758106470196,,,0.5694800817619686,y
2015-07-10,IM,q2,IM1512,2015-12-18,8620.272,,,1.9493773859716172,,,0.5589335717759915,d
2015-07-10,IM,q2,IM1512,2015-12-18,8620.272,,,1.9486989554312797,,,0.5591281619173039,p
2015-07-13,IM,current,IM1507,2015-07-17,9032.556,,,0.6270626336719063,,,1.0,y
2015-07-13,IM,current,IM1507,2015-07-17,9032.556,,,0.6270626336719063,,,1.0,d
2015-07-13,IM,current,IM1507,2015-07-17,9032.556,,,0.6270626336719063,,,1.0,p
2015-07-13,IM,next,IM1508,2015-08-21,9032.556,,,1.083668265755063,,,1.0,y
2015-07-13,IM,next,IM1508,2015-08-21,9032.556,,,1.083668265755063,,,1.0,d
2015-07-13,IM,next,IM1508,2015-08-21,9032.556,,,1.083668265755063,,,1.0,p
2015-07-13,IM,q1,IM1509,2015-09-18,9032.556,,,1.1890531325415723,,,0.9233430723717139,y
2015-07-13,IM,q1,IM1509,2015-09-18,9032.556,,,1.1418844709461706,,,0.9614842836985232,d
2015-07-13,IM,q1,IM1509,2015-09-18,9032.556,,,1.144221484143179,,,0.9595205017814216,p
2015-07-13,IM,q2,IM1512,2015-12-18,9032.556,,,1.9610027931870109,,,0.5598686429354028,y
2015-07-13,IM,q2,IM1512,2015-12-18,9032.556,,,1.998831007982048,,,0.5492730342034031,d
2015-07-13,IM,q2,IM1512,2015-12-18,9032.556,,,1.9981201299670959,,,0.5494684509445515,p
2015-07-14,IM,current,IM1507,2015-07-17,9338.169,,,0.5618737877599298,,,1.0,y
2015-07-14,IM,current,IM1507,2015-07-17,9338.169,,,0.5618737877599298,,,1.0,d
2015-07-14,IM,current,IM1507,2015-07-17,9338.169,,,0.5618737877599298,,,1.0,p
2015-07-14,IM,next,IM1508,2015-08-21,9338.169,,,1.0339284928449954,,,1.0,y
2015-07-14,IM,next,IM1508,2015-08-21,9338.169,,,1.0339284928449954,,,1.0,d
2015-07-14,IM,next,IM1508,2015-08-21,9338.169,,,1.0339284928449954,,,1.0,p
2015-07-14,IM,q1,IM1509,2015-09-18,9338.169,,,1.1428790153875528,,,0.9175475664176579,y
2015-07-14,IM,q1,IM1509,2015-09-18,9338.169,,,1.0941144205727882,,,0.9584425902454273,d
2015-07-14,IM,q1,IM1509,2015-09-18,9338.169,,,1.096530505697408,,,0.956330766750265,p
2015-07-14,IM,q2,IM1512,2015-12-18,9338.169,,,1.940947290923265,,,0.5402752893819392,y
2015-07-14,IM,q2,IM1512,2015-12-18,9338.169,,,1.9800554085728381,,,0.5296043003334382,d
2015-07-14,IM,q2,IM1512,2015-12-18,9338.169,,,1.9793204782782452,,,0.529800944711513,p
2015-07-15,IM,current,IM1507,2015-07-17,8942.905,,,0.5380909154596812,,,1.0,y
2015-07-15,IM,current,IM1507,2015-07-17,8942.905,,,0.5380909154596812,,,1.0,d
2015-07-15,IM,current,IM1507,2015-07-17,8942.905,,,0.5380909154596812,,,1.0,p
2015-07-15,IM,next,IM1508,2015-08-21,8942.905,,,0.9901645909713107,,,1.0,y
2015-07-15,IM,next,IM1508,2015-08-21,8942.905,,,0.9901645909713107,,,1.0,d
2015-07-15,IM,next,IM1508,2015-08-21,8942.905,,,0.9901645909713107,,,1.0,p
2015-07-15,IM,q1,IM1509,2015-09-18,8942.905,,,1.0945034793335207,,,0.9175475664176579,y
2015-07-15,IM,q1,IM1509,2015-09-18,8942.905,,,1.0478029817528995,,,0.9584425902454273,d
2015-07-15,IM,q1,IM1509,2015-09-18,8942.905,,,1.050116799348339,,,0.956330766750265,p
2015-07-15,IM,q2,IM1512,2015-12-18,8942.905,,,1.8587912933182213,,,0.5402752893819392,y
2015-07-15,IM,q2,IM1512,2015-12-18,8942.905,,,1.8962440510128997,,,0.5296043003334382,d
2015-07-15,IM,q2,IM1512,2015-12-18,8942.905,,,1.8955402286890408,,,0.529800944711513,p
2015-07-16,IM,current,IM1507,2015-07-17,9041.229,,,0.3372910563830154,,,1.0,y
2015-07-16,IM,current,IM1507,2015-07-17,9041.229,,,0.3372910563830154,,,1.0,d
2015-07-16,IM,current,IM1507,2015-07-17,9041.229,,,0.3372910563830154,,,1.0,p
2015-07-16,IM,next,IM1508,2015-08-21,9041.229,,,0.794335118147323,,,1.0,y
2015-07-16,IM,next,IM1508,2015-08-21,9041.229,,,0.794335118147323,,,1.0,d
2015-07-16,IM,next,IM1508,2015-08-21,9041.229,,,0.794335118147323,,,1.0,p
2015-07-16,IM,q1,IM1509,2015-09-18,9041.229,,,0.899821174779723,,,0.8986057637897712,y
2015-07-16,IM,q1,IM1509,2015-09-18,9041.229,,,0.8526072221501982,,,0.9483669303175328,d
2015-07-16,IM,q1,IM1509,2015-09-18,9041.229,,,0.8549464793316843,,,0.945772061274779,p
2015-07-16,IM,q2,IM1512,2015-12-18,9041.229,,,1.6725120563383533,,,0.4834551063311221,y
2015-07-16,IM,q2,IM1512,2015-12-18,9041.229,,,1.710376593532822,,,0.47275231495479747,d
2015-07-16,IM,q2,IM1512,2015-12-18,9041.229,,,1.7096650329375431,,,0.4729490739176165,p
2015-07-17,IM,current,IM1507,2015-07-17,9541.259,,,0.0,,,,y
2015-07-17,IM,current,IM1507,2015-07-17,9541.259,,,0.0,,,,d
2015-07-17,IM,current,IM1507,2015-07-17,9541.259,,,0.0,,,,p
2015-07-17,IM,next,IM1508,2015-08-21,9541.259,,,0.48232112776982583,,,1.0,y
2015-07-17,IM,next,IM1508,2015-08-21,9541.259,,,0.48232112776982583,,,1.0,d
2015-07-17,IM,next,IM1508,2015-08-21,9541.259,,,0.48232112776982583,,,1.0,p
2015-07-17,IM,q1,IM1509,2015-09-18,9541.259,,,0.5936411471187879,,,0.8378101407216763,y
2015-07-17,IM,q1,IM1509,2015-09-18,9541.259,,,0.5438160016156679,,,0.9145714203482893,d
2015-07-17,IM,q1,IM1509,2015-09-18,9541.259,,,0.5462846326652929,,,0.9104385209944195,p
2015-07-17,IM,q2,IM1512,2015-12-18,9541.259,,,1.4090661106817302,,,0.35297036046459057,y
2015-07-17,IM,q2,IM1512,2015-12-18,9541.259,,,1.4490247663343585,,,0.3432367648649318,d
2015-07-17,IM,q2,IM1512,2015-12-18,9541.259,,,1.4482738525002163,,,0.3434147292980246,p
2015-07-20,IM,current,IM1508,2015-08-21,9839.917,,,0.42728193387743213,,,1.0,y
2015-07-20,IM,current,IM1508,2015-08-21,9839.917,,,0.42728193387743213,,,1.0,d
2015-07-20,IM,current,IM1508,2015-08-21,9839.917,,,0.42728193387743213,,,1.0,p
2015-07-20,IM,next,IM1509,2015-09-18,9839.917,,,0.542086463429788,,,0.8168255567561951,y
2015-07-20,IM,next,IM1509,2015-09-18,9839.917,,,0.4907017042210059,,,0.9023609934348348,d
2015-07-20,IM,next,IM1509,2015-09-18,9839.917,,,0.4932476077157054,,,0.8977034462501551,p
2015-07-20,IM,q1,IM1509,2015-09-18,9839.917,,,0.542086463429788,,,0.8168255567561951,y
2015-07-20,IM,q1,IM1509,2015-09-18,9839.917,,,0.4907017042210059,,,0.9023609934348348,d
2015-07-20,IM,q1,IM1509,2015-09-18,9839.917,,,0.4932476077157054,,,0.8977034462501551,p
2015-07-20,IM,q2,IM1512,2015-12-18,9839.917,,,1.3830356464660494,,,0.32015810903533565,y
2015-07-20,IM,q2,IM1512,2015-12-18,9839.917,,,1.4242450775331068,,,0.310894581477492,d
2015-07-20,IM,q2,IM1512,2015-12-18,9839.917,,,1.4234706587900343,,,0.31106371920402615,p
2015-07-21,IM,current,IM1508,2015-08-21,10062.89,,,0.43696416337616195,,,1.0,y
2015-07-21,IM,current,IM1508,2015-08-21,10062.89,,,0.43696416337616195,,,1.0,d
2015-07-21,IM,current,IM1508,2015-08-21,10062.89,,,0.43696416337616195,,,1.0,p
2015-07-21,IM,next,IM1509,2015-09-18,10062.89,,,0.5543701691775428,,,0.8168255567561952,y
2015-07-21,IM,next,IM1509,2015-09-18,10062.89,,,0.5018210288144218,,,0.9023609934348348,d
2015-07-21,IM,next,IM1509,2015-09-18,10062.89,,,0.5044246226067044,,,0.8977034462501552,p
2015-07-21,IM,q1,IM1509,2015-09-18,10062.89,,,0.5543701691775428,,,0.8168255567561952,y
2015-07-21,IM,q1,IM1509,2015-09-18,10062.89,,,0.5018210288144218,,,0.9023609934348348,d
2015-07-21,IM,q1,IM1509,2015-09-18,10062.89,,,0.5044246226067044,,,0.8977034462501552,p
2015-07-21,IM,q2,IM1512,2015-12-18,10062.89,,,1.4143753017903244,,,0.3201581090353357,y
2015-07-21,IM,q2,IM1512,2015-12-18,10062.89,,,1.4565185405788612,,,0.310894581477492,d
2015-07-21,IM,q2,IM1512,2015-12-18,10062.89,,,1.4557265734692324,,,0.3110637192040262,p
2015-07-22,IM,current,IM1508,2015-08-21,10228.86,,,0.4113337011863094,,,1.0,y
2015-07-22,IM,current,IM1508,2015-08-21,10228.86,,,0.4113337011863094,,,1.0,d
2015-07-22,IM,current,IM1508,2015-08-21,10228.86,,,0.4113337011863094,,,1.0,p
2015-07-22,IM,next,IM1509,2015-09-18,10228.86,,,0.5306761163872619,,,0.8054910005218205,y
2015-07-22,IM,next,IM1509,2015-09-18,10228.86,,,0.4772602686641213,,,0.8956430359021507,d
2015-07-22,IM,next,IM1509,2015-09-18,10228.86,,,0.47990680424168686,,,0.8907038453377257,p
2015-07-22,IM,q1,IM1509,2015-09-18,10228.86,,,0.5306761163872619,,,0.8054910005218205,y
2015-07-22,IM,q1,IM1509,2015-09-18,10228.86,,,0.4772602686641213,,,0.8956430359021507,d
2015-07-22,IM,q1,IM1509,2015-09-18,10228.86,,,0.47990680424168686,,,0.8907038453377257,p
2015-07-22,IM,q2,IM1512,2015-12-18,10228.86,,,1.4048655491225475,,,0.30426743413901064,y
2015-07-22,IM,q2,IM1512,2015-12-18,10228.86,,,1.4477038678872873,,,0.2952640007556363,d
2015-07-22,IM,q2,IM1512,2015-12-18,10228.86,,,1.4468988386472779,,,0.29542828048811076,p
2015-07-23,IM,current,IM1508,2015-08-21,10553.22,,,0.41702144528936314,,,1.0,y
2015-07-23,IM,current,IM1508,2015-08-21,10553.22,,,0.41702144528936314,,,1.0,d
2015-07-23,IM,current,IM1508,2015-08-21,10553.22,,,0.41702144528936314,,,1.0,p
2015-07-23,IM,next,IM1509,2015-09-18,10553.22,,,0.5401482417209298,,,0.8028421685445192,y
2015-07-23,IM,next,IM1509,2015-09-18,10553.22,,,0.4850385625867153,,,0.8940604297647193,d
2015-07-23,IM,next,IM1509,2015-09-18,10553.22,,,0.48776902054467697,,,0.8890556133197887,p
2015-07-23,IM,q1,IM1509,2015-09-18,10553.22,,,0.5401482417209298,,,0.8028421685445192,y
2015-07-23,IM,q1,IM1509,2015-09-18,10553.22,,,0.4850385625867153,,,0.8940604297647193,d
2015-07-23,IM,q1,IM1509,2015-09-18,10553.22,,,0.48776902054467697,,,0.8890556133197887,p
2015-07-23,IM,q2,IM1512,2015-12-18,10553.22,,,1.4420584648866264,,,0.3007185882389546,y
2015-07-23,IM,q2,IM1512,2015-12-18,10553.22,,,1.4862551986726427,,,0.2917761270783319,d
2015-07-23,IM,q2,IM1512,2015-12-18,10553.22,,,1.4854246417311796,,,0.2919392701156089,p
2015-07-24,IM,current,IM1508,2015-08-21,10449.75,,,0.30524445745545276,,,1.0,y
2015-07-24,IM,current,IM1508,2015-08-21,10449.75,,,0.30524445745545276,,,1.0,d
2015-07-24,IM,current,IM1508,2015-08-21,10449.75,,,0.30524445745545276,,,1.0,p
2015-07-24,IM,next,IM1509,2015-09-18,10449.75,,,0.42716404607492287,,,0.7531385835368575,y
2015-07-24,IM,next,IM1509,2015-09-18,10449.75,,,0.3725946947743001,,,0.8634415065775937,d
2015-07-24,IM,next,IM1509,2015-09-18,10449.75,,,0.37529838171025043,,,0.8572211879323257,p
2015-07-24,IM,q1,IM1509,2015-09-18,10449.75,,,0.42716404607492287,,,0.7531385835368575,y
2015-07-24,IM,q1,IM1509,2015-09-18,10449.75,,,0.3725946947743001,,,0.8634415065775937,d
2015-07-24,IM,q1,IM1509,2015-09-18,10449.75,,,0.37529838171025043,,,0.8572211879323257,p
2015-07-24,IM,q2,IM1512,2015-12-18,10449.75,,,1.3202314088822686,,,0.24367979918846866,y
2015-07-24,IM,q2,IM1512,2015-12-18,10449.75,,,1.3639948117944058,,,0.23586139904411313,d
2015-07-24,IM,q2,IM1512,2015-12-18,10449.75,,,1.3631723981235968,,,0.23600369626144013,p
2015-07-27,IM,current,IM1508,2015-08-21,9719.551,,,0.24723672292358712,,,1.0,y
2015-07-27,IM,current,IM1508,2015-08-21,9719.551,,,0.24723672292358712,,,1.0,d
2015-07-27,IM,current,IM1508,2015-08-21,9719.551,,,0.24723672292358712,,,1.0,p
2015-07-27,IM,next,IM1509,2015-09-18,9719.551,,,0.3606369152234947,,,0.7280318601238414,y
2015-07-27,IM,next,IM1509,2015-09-18,9719.551,,,0.3098807159839608,,,0.8472781643923741,d
2015-07-27,IM,next,IM1509,2015-09-18,9719.551,,,0.31239547691718916,,,0.840457636616435,p
2015-07-27,IM,q1,IM1509,2015-09-18,9719.551,,,0.3606369152234947,,,0.7280318601238414,y
2015-07-27,IM,q1,IM1509,2015-09-18,9719.551,,,0.3098807159839608,,,0.8472781643923741,d
2015-07-27,IM,q1,IM1509,2015-09-18,9719.551,,,0.31239547691718916,,,0.840457636616435,p
2015-07-27,IM,q2,IM1512,2015-12-18,9719.551,,,1.1912992544413232,,,0.22039396334770134,y
2015-07-27,IM,q2,IM1512,2015-12-18,9719.551,,,1.2320045944291758,,,0.2131121632230069,d
2015-07-27,IM,q2,IM1512,2015-12-18,9719.551,,,1.2312396487016204,,,0.213244565748315,p
2015-07-28,IM,current,IM1508,2015-08-21,9284.541,,,0.23617135099035794,,,1.0,y
2015-07-28,IM,current,IM1508,2015-08-21,9284.541,,,0.23617135099035794,,,1.0,d
2015-07-28,IM,current,IM1508,2015-08-21,9284.541,,,0.23617135099035794,,,1.0,p
2015-07-28,IM,next,IM1509,2015-09-18,9284.541,,,0.3723309355539122,,,0.8294572088671385,y
2015-07-28,IM,next,IM1509,2015-09-18,9284.541,,,0.32384639003904003,,,0.9536390958139392,d
2015-07-28,IM,next,IM1509,2015-09-18,9284.541,,,0.3262485998725763,,,0.9466173301588419,p
2015-07-28,IM,q1,IM1509,2015-09-18,9284.541,,,0.3723309355539122,,,0.8294572088671385,y
2015-07-28,IM,q1,IM1509,2015-09-18,9284.541,,,0.32384639003904003,,,0.9536390958139392,d
2015-07-28,IM,q1,IM1509,2015-09-18,9284.541,,,0.3262485998725763,,,0.9466173301588419,p
2015-07-28,IM,q2,IM1512,2015-12-18,9284.541,,,1.1658159993828723,,,0.2649067938190244,y
2015-07-28,IM,q2,IM1512,2015-12-18,9284.541,,,1.2046995237386948,,,0.2563565208534321,d
2015-07-28,IM,q2,IM1512,2015-12-18,9284.541,,,1.2039688140618525,,,0.25651210809815256,p
2015-07-29,IM,current,IM1508,2015-08-21,9727.232,,,0.24743210491898754,,,1.0,y
2015-07-29,IM,current,IM1508,2015-08-21,9727.232,,,0.24743210491898754,,,1.0,d
2015-07-29,IM,current,IM1508,2015-08-21,9727.232,,,0.24743210491898754,,,1.0,p
2015-07-29,IM,next,IM1509,2015-09-18,9727.232,,,0.39008383838360483,,,0.8294572088671385,y
2015-07-29,IM,next,IM1509,2015-09-18,9727.232,,,0.3392875284057911,,,0.9536390958139392,d
2015-07-29,IM,next,IM1509,2015-09-18,9727.232,,,0.3418042766611425,,,0.9466173301588419,p
2015-07-29,IM,q1,IM1509,2015-09-18,9727.232,,,0.39008383838360483,,,0.8294572088671385,y
2015-07-29,IM,q1,IM1509,2015-09-18,9727.232,,,0.3392875284057911,,,0.9536390958139392,d
2015-07-29,IM,q1,IM1509,2015-09-18,9727.232,,,0.3418042766611425,,,0.9466173301588419,p
2015-07-29,IM,q2,IM1512,2015-12-18,9727.232,,,1.2214026191826886,,,0.2649067938190244,y
2015-07-29,IM,q2,IM1512,2015-12-18,9727.232,,,1.2621401270882204,,,0.2563565208534321,d
2015-07-29,IM,q2,IM1512,2015-12-18,9727.232,,,1.2613745768524802,,,0.25651210809815256,p
2015-07-30,IM,current,IM1508,2015-08-21,9460.729,,,0.24065305428492997,,,1.0,y
2015-07-30,IM,current,IM1508,2015-08-21,9460.729,,,0.24065305428492997,,,1.0,d
2015-07-30,IM,current,IM1508,2015-08-21,9460.729,,,0.24065305428492997,,,1.0,p
2015-07-30,IM,next,IM1509,2015-09-18,9460.729,,,0.37939646985155523,,,0.8294572088671385,y
2015-07-30,IM,next,IM1509,2015-09-18,9460.729,,,0.32999185784064683,,,0.9536390958139392,d
2015-07-30,IM,next,IM1509,2015-09-18,9460.729,,,0.33243965318521174,,,0.9466173301588419,p
2015-07-30,IM,q1,IM1509,2015-09-18,9460.729,,,0.37939646985155523,,,0.8294572088671385,y
2015-07-30,IM,q1,IM1509,2015-09-18,9460.729,,,0.32999185784064683,,,0.9536390958139392,d
2015-07-30,IM,q1,IM1509,2015-09-18,9460.729,,,0.33243965318521174,,,0.9466173301588419,p
2015-07-30,IM,q2,IM1512,2015-12-18,9460.729,,,1.187939095107181,,,0.2649067938190244,y
2015-07-30,IM,q2,IM1512,2015-12-18,9460.729,,,1.2275604922764474,,,0.2563565208534321,d
2015-07-30,IM,q2,IM1512,2015-12-18,9460.729,,,1.2268159162946854,,,0.25651210809815256,p
2015-07-31,IM,current,IM1508,2015-08-21,9223.636,,,0.23462210734631914,,,1.0,y
2015-07-31,IM,current,IM1508,2015-08-21,9223.636,,,0.23462210734631914,,,1.0,d
2015-07-31,IM,current,IM1508,2015-08-21,9223.636,,,0.23462210734631914,,,1.0,p
2015-07-31,IM,next,IM1509,2015-09-18,9223.636,,,0.3698885083375414,,,0.8294572088671385,y
2015-07-31,IM,next,IM1509,2015-09-18,9223.636,,,0.32172201314358256,,,0.9536390958139392,d
2015-07-31,IM,next,IM1509,2015-09-18,9223.636,,,0.324108464891726,,,0.9466173301588419,p
2015-07-31,IM,q1,IM1509,2015-09-18,9223.636,,,0.3698885083375414,,,0.8294572088671385,y
2015-07-31,IM,q1,IM1509,2015-09-18,9223.636,,,0.32172201314358256,,,0.9536390958139392,d
2015-07-31,IM,q1,IM1509,2015-09-18,9223.636,,,0.324108464891726,,,0.9466173301588419,p
2015-07-31,IM,q2,IM1512,2015-12-18,9223.636,,,1.1581684459451298,,,0.2649067938190244,y
2015-07-31,IM,q2,IM1512,2015-12-18,9223.636,,,1.1967969010357198,,,0.2563565208534321,d
2015-07-31,IM,q2,IM1512,2015-12-18,9223.636,,,1.1960709846893034,,,0.25651210809815256,p
2015-08-03,IM,current,IM1508,2015-08-21,8723.594,,,0.22190251305599065,,,1.0,y
2015-08-03,IM,current,IM1508,2015-08-21,8723.594,,,0.22190251305599065,,,1.0,d
2015-08-03,IM,current,IM1508,2015-08-21,8723.594,,,0.22190251305599065,,,1.0,p
2015-08-03,IM,next,IM1509,2015-09-18,8723.594,,,0.34983570166931194,,,0.8294572088671385,y
2015-08-03,IM,next,IM1509,2015-09-18,8723.594,,,0.3042804620138173,,,0.9536390958139392,d
2015-08-03,IM,next,IM1509,2015-09-18,8723.594,,,0.3065375367890354,,,0.9466173301588419,p
2015-08-03,IM,q1,IM1509,2015-09-18,8723.594,,,0.34983570166931194,,,0.8294572088671385,y
2015-08-03,IM,q1,IM1509,2015-09-18,8723.594,,,0.3042804620138173,,,0.9536390958139392,d
2015-08-03,IM,q1,IM1509,2015-09-18,8723.594,,,0.3065375367890354,,,0.9466173301588419,p
2015-08-03,IM,q2,IM1512,2015-12-18,8723.594,,,1.0953805317161536,,,0.2649067938190244,y
2015-08-03,IM,q2,IM1512,2015-12-18,8723.594,,,1.1319148180927563,,,0.256356520853432,d
2015-08-03,IM,q2,IM1512,2015-12-18,8723.594,,,1.1312282559296245,,,0.25651210809815256,p
2015-08-04,IM,current,IM1508,2015-08-21,9265.221,,,0.23567990714826237,,,1.0,y
2015-08-04,IM,current,IM1508,2015-08-21,9265.221,,,0.23567990714826237,,,1.0,d
2015-08-04,IM,current,IM1508,2015-08-21,9265.221,,,0.23567990714826237,,,1.0,p
2015-08-04,IM,next,IM1509,2015-09-18,9265.221,,,0.3715561601853828,,,0.8294572088671385,y
2015-08-04,IM,next,IM1509,2015-09-18,9265.221,,,0.32317250510971995,,,0.9536390958139392,d
2015-08-04,IM,next,IM1509,2015-09-18,9265.221,,,0.3255697162369138,,,0.9466173301588419,p
2015-08-04,IM,q1,IM1509,2015-09-18,9265.221,,,0.3715561601853828,,,0.8294572088671385,y
2015-08-04,IM,q1,IM1509,2015-09-18,9265.221,,,0.32317250510971995,,,0.9536390958139392,d
2015-08-04,IM,q1,IM1509,2015-09-18,9265.221,,,0.3255697162369138,,,0.9466173301588419,p
2015-08-04,IM,q2,IM1512,2015-12-18,9265.221,,,1.163390078154448,,,0.2649067938190244,y
2015-08-04,IM,q2,IM1512,2015-12-18,9265.221,,,1.20219269062776,,,0.2563565208534321,d
2015-08-04,IM,q2,IM1512,2015-12-18,9265.221,,,1.2014635014688364,,,0.25651210809815256,p
2015-08-05,IM,current,IM1508,2015-08-21,9240.885,,,0.11692455712976055,,,1.0,y
2015-08-05,IM,current,IM1508,2015-08-21,9240.885,,,0.11692455712976055,,,1.0,d
2015-08-05,IM,current,IM1508,2015-08-21,9240.885,,,0.11692455712976055,,,1.0,p
2015-08-05,IM,next,IM1509,2015-09-18,9240.885,,,0.252443918032963,,,0.7496482086433494,y
2015-08-05,IM,next,IM1509,2015-09-18,9240.885,,,0.2041873473117826,,,0.9268161491287417,d
2015-08-05,IM,next,IM1509,2015-09-18,9240.885,,,0.20657826193185672,,,0.9160892785454096,p
2015-08-05,IM,q1,IM1509,2015-09-18,9240.885,,,0.252443918032963,,,0.7496482086433494,y
2015-08-05,IM,q1,IM1509,2015-09-18,9240.885,,,0.2041873473117826,,,0.9268161491287417,d
2015-08-05,IM,q1,IM1509,2015-09-18,9240.885,,,0.20657826193185672,,,0.9160892785454096,p
2015-08-05,IM,q2,IM1512,2015-12-18,9240.885,,,1.0421980075524213,,,0.1815817431667854,y
2015-08-05,IM,q2,IM1512,2015-12-18,9240.885,,,1.080898701207267,,,0.17508035741457595,d
2015-08-05,IM,q2,IM1512,2015-12-18,9240.885,,,1.0801714273342682,,,0.17519823811980548,p
2015-08-06,IM,current,IM1508,2015-08-21,9229.349,,,0.11677859257213984,,,1.0,y
2015-08-06,IM,current,IM1508,2015-08-21,9229.349,,,0.11677859257213984,,,1.0,d
2015-08-06,IM,current,IM1508,2015-08-21,9229.349,,,0.11677859257213984,,,1.0,p
2015-08-06,IM,next,IM1509,2015-09-18,9229.349,,,0.25212877581028326,,,0.7496482086433494,y
2015-08-06,IM,next,IM1509,2015-09-18,9229.349,,,0.20393244691657275,,,0.9268161491287417,d
2015-08-06,IM,next,IM1509,2015-09-18,9229.349,,,0.20632037680184526,,,0.9160892785454096,p
2015-08-06,IM,q1,IM1509,2015-09-18,9229.349,,,0.25212877581028326,,,0.7496482086433494,y
2015-08-06,IM,q1,IM1509,2015-09-18,9229.349,,,0.20393244691657275,,,0.9268161491287417,d
2015-08-06,IM,q1,IM1509,2015-09-18,9229.349,,,0.20632037680184526,,,0.9160892785454096,p
2015-08-06,IM,q2,IM1512,2015-12-18,9229.349,,,1.0408969637438332,,,0.1815817431667854,y
2015-08-06,IM,q2,IM1512,2015-12-18,9229.349,,,1.0795493447963684,,,0.17508035741457595,d
2015-08-06,IM,q2,IM1512,2015-12-18,9229.349,,,1.0788229788268224,,,0.17519823811980548,p
2015-08-07,IM,current,IM1508,2015-08-21,9585.136,,,0.12128035159278841,,,1.0,y
2015-08-07,IM,current,IM1508,2015-08-21,9585.136,,,0.12128035159278841,,,1.0,d
2015-08-07,IM,current,IM1508,2015-08-21,9585.136,,,0.12128035159278841,,,1.0,p
2015-08-07,IM,next,IM1509,2015-09-18,9585.136,,,0.26184821980998607,,,0.7496482086433494,y
2015-08-07,IM,next,IM1509,2015-09-18,9585.136,,,0.21179394543516888,,,0.9268161491287417,d
2015-08-07,IM,next,IM1509,2015-09-18,9585.136,,,0.21427392887807492,,,0.9160892785454096,p
2015-08-07,IM,q1,IM1509,2015-09-18,9585.136,,,0.26184821980998607,,,0.7496482086433494,y
2015-08-07,IM,q1,IM1509,2015-09-18,9585.136,,,0.21179394543516888,,,0.9268161491287417,d
2015-08-07,IM,q1,IM1509,2015-09-18,9585.136,,,0.21427392887807492,,,0.9160892785454096,p
2015-08-07,IM,q2,IM1512,2015-12-18,9585.136,,,1.0810230450134362,,,0.1815817431667854,y
2015-08-07,IM,q2,IM1512,2015-12-18,9585.136,,,1.1211654569118672,,,0.17508035741457595,d
2015-08-07,IM,q2,IM1512,2015-12-18,9585.136,,,1.1204110898807937,,,0.17519823811980548,p
2015-08-10,IM,current,IM1508,2015-08-21,10077.94,,,0.1275157813651289,,,1.0,y
2015-08-10,IM,current,IM1508,2015-08-21,10077.94,,,0.1275157813651289,,,1.0,d
2015-08-10,IM,current,IM1508,2015-08-21,10077.94,,,0.1275157813651289,,,1.0,p
2015-08-10,IM,next,IM1509,2015-09-18,10077.94,,,0.27531071529416495,,,0.7496482086433494,y
2015-08-10,IM,next,IM1509,2015-09-18,10077.94,,,0.22268298274108014,,,0.9268161491287417,d
2015-08-10,IM,next,IM1509,2015-09-18,10077.94,,,0.22529047045315856,,,0.9160892785454096,p
2015-08-10,IM,q1,IM1509,2015-09-18,10077.94,,,0.27531071529416495,,,0.7496482086433494,y
2015-08-10,IM,q1,IM1509,2015-09-18,10077.94,,,0.22268298274108014,,,0.9268161491287417,d
2015-08-10,IM,q1,IM1509,2015-09-18,10077.94,,,0.22529047045315856,,,0.9160892785454096,p
2015-08-10,IM,q2,IM1512,2015-12-18,10077.94,,,1.1366020666021543,,,0.1815817431667854,y
2015-08-10,IM,q2,IM1512,2015-12-18,10077.94,,,1.178808334574531,,,0.17508035741457595,d
2015-08-10,IM,q2,IM1512,2015-12-18,10077.94,,,1.1780151830034802,,,0.17519823811980548,p
2015-08-11,IM,current,IM1508,2015-08-21,10153.71,,,0.12847449621697715,,,1.0,y
2015-08-11,IM,current,IM1508,2015-08-21,10153.71,,,0.12847449621697715,,,1.0,d
2015-08-11,IM,current,IM1508,2015-08-21,10153.71,,,0.12847449621697715,,,1.0,p
2015-08-11,IM,next,IM1509,2015-09-18,10153.71,,,0.2773806118105005,,,0.7496482086433494,y
2015-08-11,IM,next,IM1509,2015-09-18,10153.71,,,0.2243572028299367,,,0.9268161491287417,d
2015-08-11,IM,next,IM1509,2015-09-18,10153.71,,,0.2269842946817445,,,0.9160892785454096,p
2015-08-11,IM,q1,IM1509,2015-09-18,10153.71,,,0.2773806118105005,,,0.7496482086433494,y
2015-08-11,IM,q1,IM1509,2015-09-18,10153.71,,,0.2243572028299367,,,0.9268161491287417,d
2015-08-11,IM,q1,IM1509,2015-09-18,10153.71,,,0.2269842946817445,,,0.9160892785454096,p
2015-08-11,IM,q2,IM1512,2015-12-18,10153.71,,,1.145147497373368,,,0.1815817431667854,y
2015-08-11,IM,q2,IM1512,2015-12-18,10153.71,,,1.1876710890174738,,,0.17508035741457595,d
2015-08-11,IM,q2,IM1512,2015-12-18,10153.71,,,1.1868719742143994,,,0.17519823811980548,p
2015-08-12,IM,current,IM1508,2015-08-21,10005.93,,,0.1266046416464857,,,1.0,y
2015-08-12,IM,current,IM1508,2015-08-21,10005.93,,,0.1266046416464857,,,1.0,d
2015-08-12,IM,current,IM1508,2015-08-21,10005.93,,,0.1266046416464857,,,1.0,p
2015-08-12,IM,next,IM1509,2015-09-18,10005.93,,,0.27334353503626174,,,0.7496482086433494,y
2015-08-12,IM,next,IM1509,2015-09-18,10005.93,,,0.221091843918346,,,0.9268161491287417,d
2015-08-12,IM,next,IM1509,2015-09-18,10005.93,,,0.22368070032381346,,,0.9160892785454096,p
2015-08-12,IM,q1,IM1509,2015-09-18,10005.93,,,0.27334353503626174,,,0.7496482086433494,y
2015-08-12,IM,q1,IM1509,2015-09-18,10005.93,,,0.221091843918346,,,0.9268161491287417,d
2015-08-12,IM,q1,IM1509,2015-09-18,10005.93,,,0.22368070032381346,,,0.9160892785454096,p
2015-08-12,IM,q2,IM1512,2015-12-18,10005.93,,,1.1284806931055846,,,0.1815817431667854,y
2015-08-12,IM,q2,IM1512,2015-12-18,10005.93,,,1.1703853842322278,,,0.17508035741457592,d
2015-08-12,IM,q2,IM1512,2015-12-18,10005.93,,,1.169597899974599,,,0.17519823811980548,p
2015-08-13,IM,current,IM1508,2015-08-21,10308.79,,,0.13043671740246787,,,1.0,y
2015-08-13,IM,current,IM1508,2015-08-21,10308.79,,,0.13043671740246787,,,1.0,d
2015-08-13,IM,current,IM1508,2015-08-21,10308.79,,,0.13043671740246787,,,1.0,p
2015-08-13,IM,next,IM1509,2015-09-18,10308.79,,,0.2816171111077596,,,0.7496482086433494,y
2015-08-13,IM,next,IM1509,2015-09-18,10308.79,,,0.22778386313586105,,,0.9268161491287417,d
2015-08-13,IM,next,IM1509,2015-09-18,10308.79,,,0.23045107917915927,,,0.9160892785454096,p
2015-08-13,IM,q1,IM1509,2015-09-18,10308.79,,,0.2816171111077596,,,0.7496482086433494,y
2015-08-13,IM,q1,IM1509,2015-09-18,10308.79,,,0.22778386313586105,,,0.9268161491287417,d
2015-08-13,IM,q1,IM1509,2015-09-18,10308.79,,,0.23045107917915927,,,0.9160892785454096,p
2015-08-13,IM,q2,IM1512,2015-12-18,10308.79,,,1.152998856467638,,,0.1887206824275408,y
2015-08-13,IM,q2,IM1512,2015-12-18,10308.79,,,1.2028697206502856,,,0.18089634088811588,d
2015-08-13,IM,q2,IM1512,2015-12-18,10308.79,,,1.204285501670608,,,0.18068367569724555,p
2015-08-14,IM,current,IM1508,2015-08-21,10377.98,,,0.13131217577120724,,,1.0,y
2015-08-14,IM,current,IM1508,2015-08-21,10377.98,,,0.13131217577120724,,,1.0,d
2015-08-14,IM,current,IM1508,2015-08-21,10377.98,,,0.13131217577120724,,,1.0,p
2015-08-14,IM,next,IM1509,2015-09-18,10377.98,,,0.25259144535824435,,,1.0,y
2015-08-14,IM,next,IM1509,2015-09-18,10377.98,,,0.25259144535824435,,,1.0,d
2015-08-14,IM,next,IM1509,2015-09-18,10377.98,,,0.25259144535824435,,,1.0,p
2015-08-14,IM,q1,IM1509,2015-09-18,10377.98,,,0.25259144535824435,,,1.0,y
2015-08-14,IM,q1,IM1509,2015-09-18,10377.98,,,0.25259144535824435,,,1.0,d
2015-08-14,IM,q1,IM1509,2015-09-18,10377.98,,,0.25259144535824435,,,1.0,p
2015-08-14,IM,q2,IM1512,2015-12-18,10377.98,,,1.1298216853485736,,,0.229342307293833,y
2015-08-14,IM,q2,IM1512,2015-12-18,10377.98,,,1.2342218333637762,,,0.20994273893393092,d
2015-08-14,IM,q2,IM1512,2015-12-18,10377.98,,,1.2329619990243685,,,0.21015725736355614,p
2015-08-17,IM,current,IM1508,2015-08-21,10563.13,,,0.13365487149272906,,,1.0,y
2015-08-17,IM,current,IM1508,2015-08-21,10563.13,,,0.13365487149272906,,,1.0,d
2015-08-17,IM,current,IM1508,2015-08-21,10563.13,,,0.13365487149272906,,,1.0,p
2015-08-17,IM,next,IM1509,2015-09-18,10563.13,,,0.2570978431454899,,,1.0,y
2015-08-17,IM,next,IM1509,2015-09-18,10563.13,,,0.2570978431454899,,,1.0,d
2015-08-17,IM,next,IM1509,2015-09-18,10563.13,,,0.2570978431454899,,,1.0,p
2015-08-17,IM,q1,IM1509,2015-09-18,10563.13,,,0.2570978431454899,,,1.0,y
2015-08-17,IM,q1,IM1509,2015-09-18,10563.13,,,0.2570978431454899,,,1.0,d
2015-08-17,IM,q1,IM1509,2015-09-18,10563.13,,,0.2570978431454899,,,1.0,p
2015-08-17,IM,q2,IM1512,2015-12-18,10563.13,,,1.1499784485185054,,,0.229342307293833,y
2015-08-17,IM,q2,IM1512,2015-12-18,10563.13,,,1.2562411639509716,,,0.20994273893393092,d
2015-08-17,IM,q2,IM1512,2015-12-18,10563.13,,,1.254958853336996,,,0.21015725736355614,p
2015-08-18,IM,current,IM1508,2015-08-21,9806.701,,,0.12408380488762492,,,1.0,y
2015-08-18,IM,current,IM1508,2015-08-21,9806.701,,,0.12408380488762492,,,1.0,d
2015-08-18,IM,current,IM1508,2015-08-21,9806.701,,,0.12408380488762492,,,1.0,p
2015-08-18,IM,next,IM1509,2015-09-18,9806.701,,,0.23868698723510162,,,1.0,y
2015-08-18,IM,next,IM1509,2015-09-18,9806.701,,,0.23868698723510162,,,1.0,d
2015-08-18,IM,next,IM1509,2015-09-18,9806.701,,,0.23868698723510162,,,1.0,p
2015-08-18,IM,q1,IM1509,2015-09-18,9806.701,,,0.23868698723510162,,,1.0,y
2015-08-18,IM,q1,IM1509,2015-09-18,9806.701,,,0.23868698723510162,,,1.0,d
2015-08-18,IM,q1,IM1509,2015-09-18,9806.701,,,0.23868698723510162,,,1.0,p
2015-08-18,IM,q2,IM1512,2015-12-18,9806.701,,,0.883156292943122,,,0.5810303741658573,y
2015-08-18,IM,q2,IM1512,2015-12-18,9806.701,,,0.9818095025215596,,,0.5226478558394332,d
2015-08-18,IM,q2,IM1512,2015-12-18,9806.701,,,0.980619018566483,,,0.5232823569808056,p
2015-08-19,IM,current,IM1508,2015-08-21,10057.84,,,0.012738161465789759,,,1.0,y
2015-08-19,IM,current,IM1508,2015-08-21,10057.84,,,0.012738161465789759,,,1.0,d
2015-08-19,IM,current,IM1508,2015-08-21,10057.84,,,0.012738161465789759,,,1.0,p
2015-08-19,IM,next,IM1509,2015-09-18,10057.84,,,0.13027620729197995,,,1.0,y
2015-08-19,IM,next,IM1509,2015-09-18,10057.84,,,0.13027620729197995,,,1.0,d
2015-08-19,IM,next,IM1509,2015-09-18,10057.84,,,0.13027620729197995,,,1.0,p
2015-08-19,IM,q1,IM1509,2015-09-18,10057.84,,,0.13027620729197995,,,1.0,y
2015-08-19,IM,q1,IM1509,2015-09-18,10057.84,,,0.13027620729197995,,,1.0,d
2015-08-19,IM,q1,IM1509,2015-09-18,10057.84,,,0.13027620729197995,,,1.0,p
2015-08-19,IM,q2,IM1512,2015-12-18,10057.84,,,0.7912496744877634,,,0.5203898661651204,y
2015-08-19,IM,q2,IM1512,2015-12-18,10057.84,,,0.8924292860030315,,,0.4613904078092788,d
2015-08-19,IM,q2,IM1512,2015-12-18,10057.84,,,0.8912083150421829,,,0.4620225207283808,p
2015-08-20,IM,current,IM1508,2015-08-21,9739.916,,,0.012335513656135822,,,1.0,y
2015-08-20,IM,current,IM1508,2015-08-21,9739.916,,,0.012335513656135822,,,1.0,d
2015-08-20,IM,current,IM1508,2015-08-21,9739.916,,,0.012335513656135822,,,1.0,p
2015-08-20,IM,next,IM1509,2015-09-18,9739.916,,,0.12615823236624085,,,1.0,y
2015-08-20,IM,next,IM1509,2015-09-18,9739.916,,,0.12615823236624085,,,1.0,d
2015-08-20,IM,next,IM1509,2015-09-18,9739.916,,,0.12615823236624085,,,1.0,p
2015-08-20,IM,q1,IM1509,2015-09-18,9739.916,,,0.12615823236624085,,,1.0,y
2015-08-20,IM,q1,IM1509,2015-09-18,9739.916,,,0.12615823236624085,,,1.0,d
2015-08-20,IM,q1,IM1509,2015-09-18,9739.916,,,0.12615823236624085,,,1.0,p
2015-08-20,IM,q2,IM1512,2015-12-18,9739.916,,,0.766238612320156,,,0.5203898661651204,y
2015-08-20,IM,q2,IM1512,2015-12-18,9739.916,,,0.8642199797977997,,,0.4613904078092788,d
2015-08-20,IM,q2,IM1512,2015-12-18,9739.916,,,0.863037603204306,,,0.4620225207283808,p
2015-08-21,IM,current,IM1508,2015-08-21,9208.154,,,0.0,,,,y
2015-08-21,IM,current,IM1508,2015-08-21,9208.154,,,0.0,,,,d
2015-08-21,IM,current,IM1508,2015-08-21,9208.154,,,0.0,,,,p
2015-08-21,IM,next,IM1509,2015-09-18,9208.154,,,0.1076084354917772,,,1.0,y
2015-08-21,IM,next,IM1509,2015-09-18,9208.154,,,0.1076084354917772,,,1.0,d
2015-08-21,IM,next,IM1509,2015-09-18,9208.154,,,0.1076084354917772,,,1.0,p
2015-08-21,IM,q1,IM1509,2015-09-18,9208.154,,,0.1076084354917772,,,1.0,y
2015-08-21,IM,q1,IM1509,2015-09-18,9208.154,,,0.1076084354917772,,,1.0,d
2015-08-21,IM,q1,IM1509,2015-09-18,9208.154,,,0.1076084354917772,,,1.0,p
2015-08-21,IM,q2,IM1512,2015-12-18,9208.154,,,0.7127428854186723,,,0.5125423889946122,y
2015-08-21,IM,q2,IM1512,2015-12-18,9208.154,,,0.80537484660445,,,0.4535911976536032,d
2015-08-21,IM,q2,IM1512,2015-12-18,9208.154,,,0.8042570232311389,,,0.4542216364660967,p
2015-08-24,IM,current,IM1509,2015-09-18,8506.724,,,0.0860044037123846,,,1.0,y
2015-08-24,IM,current,IM1509,2015-09-18,8506.724,,,0.0860044037123846,,,1.0,d
2015-08-24,IM,current,IM1509,2015-09-18,8506.724,,,0.0860044037123846,,,1.0,p
2015-08-24,IM,next,IM1510,2015-10-16,8506.724,,,0.46047665936611304,,,0.744569609446318,y
2015-08-24,IM,next,IM1510,2015-10-16,8506.724,,,0.5484387922503386,,,0.6251507575103707,d
2015-08-24,IM,next,IM1510,2015-10-16,8506.724,,,0.5424241429467136,,,0.6320827177064895,p
2015-08-24,IM,q1,IM1512,2015-12-18,8506.724,,,0.5517772253864909,,,0.6759352397304143,y
2015-08-24,IM,q1,IM1512,2015-12-18,8506.724,,,0.6373529583060452,,,0.5851791636939563,d
2015-08-24,IM,q1,IM1512,2015-12-18,8506.724,,,0.6363202849909043,,,0.586128840957399,p
2015-08-24,IM,q2,IM1603,2016-03-18,8506.724,,,0.7364781072564207,,,0.506417865574848,y
2015-08-24,IM,q2,IM1603,2016-03-18,8506.724,,,0.818105721234091,,,0.4558893324407897,d
2015-08-24,IM,q2,IM1603,2016-03-18,8506.724,,,0.8259660720525018,,,0.4515508369400593,p
2015-08-25,IM,current,IM1509,2015-09-18,7882.112,,,0.07968947182890043,,,1.0,y
2015-08-25,IM,current,IM1509,2015-09-18,7882.112,,,0.07968947182890043,,,1.0,d
2015-08-25,IM,current,IM1509,2015-09-18,7882.112,,,0.07968947182890043,,,1.0,p
2015-08-25,IM,next,IM1510,2015-10-16,7882.112,,,0.42666584721798334,,,0.8612611876881717,y
2015-08-25,IM,next,IM1510,2015-10-16,7882.112,,,0.5081693006217083,,,0.7231265916130049,d
2015-08-25,IM,next,IM1510,2015-10-16,7882.112,,,0.5025962810372132,,,0.73114495308757,p
2015-08-25,IM,q1,IM1512,2015-12-18,7882.112,,,0.5112626070324562,,,0.7733182879113727,y
2015-08-25,IM,q1,IM1512,2015-12-18,7882.112,,,0.5905548835132747,,,0.6694868419195059,d
2015-08-25,IM,q1,IM1512,2015-12-18,7882.112,,,0.5895980349392113,,,0.6705733406730354,p
2015-08-25,IM,q2,IM1603,2016-03-18,7882.112,,,0.6824017009301254,,,0.5793782802776568,y
2015-08-25,IM,q2,IM1603,2016-03-18,7882.112,,,0.7580357517897469,,,0.5215700222713316,d
2015-08-25,IM,q2,IM1603,2016-03-18,7882.112,,,0.765318950998985,,,0.5166064729317912,p
2015-08-26,IM,current,IM1509,2015-09-18,7543.784,,,0.07626891911093242,,,1.0,y
2015-08-26,IM,current,IM1509,2015-09-18,7543.784,,,0.07626891911093242,,,1.0,d
2015-08-26,IM,current,IM1509,2015-09-18,7543.784,,,0.07626891911093242,,,1.0,p
2015-08-26,IM,next,IM1510,2015-10-16,7543.784,,,0.39930924696763387,,,0.8894401586718557,y
2015-08-26,IM,next,IM1510,2015-10-16,7543.784,,,0.48041021171860065,,,0.739288365065118,d
2015-08-26,IM,next,IM1510,2015-10-16,7543.784,,,0.48041021171860065,,,0.739288365065118,p
2015-08-26,IM,q1,IM1512,2015-12-18,7543.784,,,0.47513298285535827,,,0.8166219679586417,y
2015-08-26,IM,q1,IM1512,2015-12-18,7543.784,,,0.5562339476063252,,,0.6975554677507967,d
2015-08-26,IM,q1,IM1512,2015-12-18,7543.784,,,0.5562339476063252,,,0.6975554677507967,p
2015-08-26,IM,q2,IM1603,2016-03-18,7543.784,,,0.6389261842612423,,,0.6072752080900105,y
2015-08-26,IM,q2,IM1603,2016-03-18,7543.784,,,0.7165259473153066,,,0.5415073005453374,d
2015-08-26,IM,q2,IM1603,2016-03-18,7543.784,,,0.7244123032344947,,,0.5356121503858612,p
2015-08-27,IM,current,IM1509,2015-09-18,7793.539,,,0.07879398397129307,,,1.0,y
2015-08-27,IM,current,IM1509,2015-09-18,7793.539,,,0.07879398397129307,,,1.0,d
2015-08-27,IM,current,IM1509,2015-09-18,7793.539,,,0.07879398397129307,,,1.0,p
2015-08-27,IM,next,IM1510,2015-10-16,7793.539,,,0.4056190690107476,,,0.9088266637657672,y
2015-08-27,IM,next,IM1510,2015-10-16,7793.539,,,0.4894050750422413,,,0.7532358041383135,d
2015-08-27,IM,next,IM1510,2015-10-16,7793.539,,,0.4894050750422413,,,0.7532358041383135,p
2015-08-27,IM,q1,IM1512,2015-12-18,7793.539,,,0.48395313090417935,,,0.8318307612988082,y
2015-08-27,IM,q1,IM1512,2015-12-18,7793.539,,,0.567739136935673,,,0.7090705486427962,d
2015-08-27,IM,q1,IM1512,2015-12-18,7793.539,,,0.567739136935673,,,0.7090705486427962,p
2015-08-27,IM,q2,IM1603,2016-03-18,7793.539,,,0.6531690977308556,,,0.6163290680950843,y
2015-08-27,IM,q2,IM1603,2016-03-18,7793.539,,,0.7333379864149179,,,0.5489516549947209,d
2015-08-27,IM,q2,IM1603,2016-03-18,7793.539,,,0.7414854389962847,,,0.5429197663785579,p
2015-08-28,IM,current,IM1509,2015-09-18,8270.959,,,0.08362078009402689,,,1.0,y
2015-08-28,IM,current,IM1509,2015-09-18,8270.959,,,0.08362078009402689,,,1.0,d
2015-08-28,IM,current,IM1509,2015-09-18,8270.959,,,0.08362078009402689,,,1.0,p
2015-08-28,IM,next,IM1510,2015-10-16,8270.959,,,0.519385263879003,,,1.0,y
2015-08-28,IM,next,IM1510,2015-10-16,8270.959,,,0.519385263879003,,,1.0,d
2015-08-28,IM,next,IM1510,2015-10-16,8270.959,,,0.519385263879003,,,1.0,p
2015-08-28,IM,q1,IM1512,2015-12-18,8270.959,,,0.6025179477885895,,,0.9217873439746469,y
2015-08-28,IM,q1,IM1512,2015-12-18,8270.959,,,0.6025179477885895,,,0.9217873439746469,d
2015-08-28,IM,q1,IM1512,2015-12-18,8270.959,,,0.6025179477885895,,,0.9217873439746469,p
2015-08-28,IM,q2,IM1603,2016-03-18,8270.959,,,0.7820998198711954,,,0.7101311171259023,y
2015-08-28,IM,q2,IM1603,2016-03-18,8270.959,,,0.7782611235768938,,,0.7136337688776058,d
2015-08-28,IM,q2,IM1603,2016-03-18,8270.959,,,0.7869076763502783,,,0.7057923508448215,p
2015-08-31,IM,current,IM1509,2015-09-18,7950.459,,,0.08038047144056414,,,1.0,y
2015-08-31,IM,current,IM1509,2015-09-18,7950.459,,,0.08038047144056414,,,1.0,d
2015-08-31,IM,current,IM1509,2015-09-18,7950.459,,,0.08038047144056414,,,1.0,p
2015-08-31,IM,next,IM1510,2015-10-16,7950.459,,,0.49925906363145967,,,1.0,y
2015-08-31,IM,next,IM1510,2015-10-16,7950.459,,,0.49925906363145967,,,1.0,d
2015-08-31,IM,next,IM1510,2015-10-16,7950.459,,,0.49925906363145967,,,1.0,p
2015-08-31,IM,q1,IM1512,2015-12-18,7950.459,,,0.5791703526347212,,,1.0,y
2015-08-31,IM,q1,IM1512,2015-12-18,7950.459,,,0.5791703526347212,,,1.0,d
2015-08-31,IM,q1,IM1512,2015-12-18,7950.459,,,0.5791703526347212,,,1.0,p
2015-08-31,IM,q2,IM1603,2016-03-18,7950.459,,,0.751793419819071,,,0.7703849719436308,y
2015-08-31,IM,q2,IM1603,2016-03-18,7950.459,,,0.7481034731633934,,,0.774184819896197,d
2015-08-31,IM,q2,IM1603,2016-03-18,7950.459,,,0.7564149716626761,,,0.7656780660510283,p
2015-09-01,IM,current,IM1509,2015-09-18,7441.338,,,0.07523317290090857,,,1.0,y
2015-09-01,IM,current,IM1509,2015-09-18,7441.338,,,0.07523317290090857,,,1.0,d
2015-09-01,IM,current,IM1509,2015-09-18,7441.338,,,0.07523317290090857,,,1.0,p
2015-09-01,IM,next,IM1510,2015-10-16,7441.338,,,0.4672881706635049,,,1.0,y
2015-09-01,IM,next,IM1510,2015-10-16,7441.338,,,0.4672881706635049,,,1.0,d
2015-09-01,IM,next,IM1510,2015-10-16,7441.338,,,0.4672881706635049,,,1.0,p
2015-09-01,IM,q1,IM1512,2015-12-18,7441.338,,,0.5420822060127788,,,1.0,y
2015-09-01,IM,q1,IM1512,2015-12-18,7441.338,,,0.5420822060127788,,,1.0,d
2015-09-01,IM,q1,IM1512,2015-12-18,7441.338,,,0.5420822060127788,,,1.0,p
2015-09-01,IM,q2,IM1603,2016-03-18,7441.338,,,0.7036510650579553,,,0.7703849719436308,y
2015-09-01,IM,q2,IM1603,2016-03-18,7441.338,,,0.7001974103360246,,,0.774184819896197,d
2015-09-01,IM,q2,IM1603,2016-03-18,7441.338,,,0.7079766680643714,,,0.7656780660510283,p
2015-09-02,IM,current,IM1509,2015-09-18,7129.97,,,0.07208519029619284,,,1.0,y
2015-09-02,IM,current,IM1509,2015-09-18,7129.97,,,0.07208519029619284,,,1.0,d
2015-09-02,IM,current,IM1509,2015-09-18,7129.97,,,0.07208519029619284,,,1.0,p
2015-09-02,IM,next,IM1510,2015-10-16,7129.97,,,0.44773542583143927,,,1.0,y
2015-09-02,IM,next,IM1510,2015-10-16,7129.97,,,0.44773542583143927,,,1.0,d
2015-09-02,IM,next,IM1510,2015-10-16,7129.97,,,0.44773542583143927,,,1.0,p
2015-09-02,IM,q1,IM1512,2015-12-18,7129.97,,,0.5193998534141215,,,1.0,y
2015-09-02,IM,q1,IM1512,2015-12-18,7129.97,,,0.5193998534141215,,,1.0,d
2015-09-02,IM,q1,IM1512,2015-12-18,7129.97,,,0.5193998534141215,,,1.0,p
2015-09-02,IM,q2,IM1603,2016-03-18,7129.97,,,0.6742081846478778,,,0.7703849719436308,y
2015-09-02,IM,q2,IM1603,2016-03-18,7129.97,,,0.6708990412441345,,,0.774184819896197,d
2015-09-02,IM,q2,IM1603,2016-03-18,7129.97,,,0.6783527913930165,,,0.7656780660510283,p
2015-09-07,IM,current,IM1509,2015-09-18,7291.468,,,0.07371796211184628,,,1.0,y
2015-09-07,IM,current,IM1509,2015-09-18,7291.468,,,0.07371796211184628,,,1.0,d
2015-09-07,IM,current,IM1509,2015-09-18,7291.468,,,0.07371796211184628,,,1.0,p
2015-09-07,IM,next,IM1510,2015-10-16,7291.468,,,0.4578768956834759,,,1.0,y
2015-09-07,IM,next,IM1510,2015-10-16,7291.468,,,0.4578768956834759,,,1.0,d
2015-09-07,IM,next,IM1510,2015-10-16,7291.468,,,0.4578768956834759,,,1.0,p
2015-09-07,IM,q1,IM1512,2015-12-18,7291.468,,,0.5311645645597047,,,1.0,y
2015-09-07,IM,q1,IM1512,2015-12-18,7291.468,,,0.5311645645597047,,,1.0,d
2015-09-07,IM,q1,IM1512,2015-12-18,7291.468,,,0.5311645645597047,,,1.0,p
2015-09-07,IM,q2,IM1603,2016-03-18,7291.468,,,0.6894793952426296,,,0.7703849719436308,y
2015-09-07,IM,q2,IM1603,2016-03-18,7291.468,,,0.6860952978010127,,,0.774184819896197,d
2015-09-07,IM,q2,IM1603,2016-03-18,7291.468,,,0.6937178797600628,,,0.7656780660510283,p
2015-09-08,IM,current,IM1509,2015-09-18,7651.5,,,0.07735794590318326,,,1.0,y
2015-09-08,IM,current,IM1509,2015-09-18,7651.5,,,0.07735794590318326,,,1.0,d
2015-09-08,IM,current,IM1509,2015-09-18,7651.5,,,0.07735794590318326,,,1.0,p
2015-09-08,IM,next,IM1510,2015-10-16,7651.5,,,0.4804855575478238,,,1.0,y
2015-09-08,IM,next,IM1510,2015-10-16,7651.5,,,0.4804855575478238,,,1.0,d
2015-09-08,IM,next,IM1510,2015-10-16,7651.5,,,0.4804855575478238,,,1.0,p
2015-09-08,IM,q1,IM1512,2015-12-18,7651.5,,,0.5573919635563895,,,1.0,y
2015-09-08,IM,q1,IM1512,2015-12-18,7651.5,,,0.5573919635563895,,,1.0,d
2015-09-08,IM,q1,IM1512,2015-12-18,7651.5,,,0.5573919635563895,,,1.0,p
2015-09-08,IM,q2,IM1603,2016-03-18,7651.5,,,0.7235239313536013,,,0.7703849719436308,y
2015-09-08,IM,q2,IM1603,2016-03-18,7651.5,,,0.7199727367828329,,,0.774184819896197,d
2015-09-08,IM,q2,IM1603,2016-03-18,7651.5,,,0.7279717002096314,,,0.7656780660510283,p
2015-09-09,IM,current,IM1509,2015-09-18,7956.729,,,0.08044386219019663,,,1.0,y
2015-09-09,IM,current,IM1509,2015-09-18,7956.729,,,0.08044386219019663,,,1.0,d
2015-09-09,IM,current,IM1509,2015-09-18,7956.729,,,0.08044386219019663,,,1.0,p
2015-09-09,IM,next,IM1510,2015-10-16,7956.729,,,0.4996527961604834,,,1.0,y
2015-09-09,IM,next,IM1510,2015-10-16,7956.729,,,0.4996527961604834,,,1.0,d
2015-09-09,IM,next,IM1510,2015-10-16,7956.729,,,0.4996527961604834,,,1.0,p
2015-09-09,IM,q1,IM1512,2015-12-18,7956.729,,,0.5796271059002899,,,1.0,y
2015-09-09,IM,q1,IM1512,2015-12-18,7956.729,,,0.5796271059002899,,,1.0,d
2015-09-09,IM,q1,IM1512,2015-12-18,7956.729,,,0.5796271059002899,,,1.0,p
2015-09-09,IM,q2,IM1603,2016-03-18,7956.729,,,0.7523863094550362,,,0.7703849719436308,y
2015-09-09,IM,q2,IM1603,2016-03-18,7956.729,,,0.7486934527830273,,,0.774184819896197,d
2015-09-09,IM,q2,IM1603,2016-03-18,7956.729,,,0.7570115060102308,,,0.7656780660510283,p
2015-09-10,IM,current,IM1509,2015-09-18,7842.999,,,0.07929403285116911,,,1.0,y
2015-09-10,IM,current,IM1509,2015-09-18,7842.999,,,0.07929403285116911,,,1.0,d
2015-09-10,IM,current,IM1509,2015-09-18,7842.999,,,0.07929403285116911,,,1.0,p
2015-09-10,IM,next,IM1510,2015-10-16,7842.999,,,0.4925109778947951,,,1.0,y
2015-09-10,IM,next,IM1510,2015-10-16,7842.999,,,0.4925109778947951,,,1.0,d
2015-09-10,IM,next,IM1510,2015-10-16,7842.999,,,0.4925109778947951,,,1.0,p
2015-09-10,IM,q1,IM1512,2015-12-18,7842.999,,,0.5713421698726785,,,1.0,y
2015-09-10,IM,q1,IM1512,2015-12-18,7842.999,,,0.5713421698726785,,,1.0,d
2015-09-10,IM,q1,IM1512,2015-12-18,7842.999,,,0.5713421698726785,,,1.0,p
2015-09-10,IM,q2,IM1603,2016-03-18,7842.999,,,0.7416320290246832,,,0.7703849719436308,y
2015-09-10,IM,q2,IM1603,2016-03-18,7842.999,,,0.7379919564288077,,,0.774184819896197,d
2015-09-10,IM,q2,IM1603,2016-03-18,7842.999,,,0.7461911150457347,,,0.7656780660510283,p
2015-09-11,IM,current,IM1509,2015-09-18,7952.136,,,0.08039742619130316,,,1.0,y
2015-09-11,IM,current,IM1509,2015-09-18,7952.136,,,0.08039742619130316,,,1.0,d
2015-09-11,IM,current,IM1509,2015-09-18,7952.136,,,0.08039742619130316,,,1.0,p
2015-09-11,IM,next,IM1510,2015-10-16,7952.136,,,0.4993643729538158,,,1.0,y
2015-09-11,IM,next,IM1510,2015-10-16,7952.136,,,0.4993643729538158,,,1.0,d
2015-09-11,IM,next,IM1510,2015-10-16,7952.136,,,0.4993643729538158,,,1.0,p
2015-09-11,IM,q1,IM1512,2015-12-18,7952.136,,,0.5792925177425935,,,1.0,y
2015-09-11,IM,q1,IM1512,2015-12-18,7952.136,,,0.5792925177425935,,,1.0,d
2015-09-11,IM,q1,IM1512,2015-12-18,7952.136,,,0.5792925177425935,,,1.0,p
2015-09-11,IM,q2,IM1603,2016-03-18,7952.136,,,0.751951996520748,,,0.7703849719436308,y
2015-09-11,IM,q2,IM1603,2016-03-18,7952.136,,,0.7482612715401282,,,0.774184819896197,d
2015-09-11,IM,q2,IM1603,2016-03-18,7952.136,,,0.7565745231939123,,,0.7656780660510283,p
2015-09-14,IM,current,IM1509,2015-09-18,7412.302,,,0.07493961408012247,,,1.0,y
2015-09-14,IM,current,IM1509,2015-09-18,7412.302,,,0.07493961408012247,,,1.0,d
2015-09-14,IM,current,IM1509,2015-09-18,7412.302,,,0.07493961408012247,,,1.0,p
2015-09-14,IM,next,IM1510,2015-10-16,7412.302,,,0.46546481855621114,,,1.0,y
2015-09-14,IM,next,IM1510,2015-10-16,7412.302,,,0.46546481855621114,,,1.0,d
2015-09-14,IM,next,IM1510,2015-10-16,7412.302,,,0.46546481855621114,,,1.0,p
2015-09-14,IM,q1,IM1512,2015-12-18,7412.302,,,0.5399670085934724,,,1.0,y
2015-09-14,IM,q1,IM1512,2015-12-18,7412.302,,,0.5399670085934724,,,1.0,d
2015-09-14,IM,q1,IM1512,2015-12-18,7412.302,,,0.5399670085934724,,,1.0,p
2015-09-14,IM,q2,IM1603,2016-03-18,7412.302,,,0.7009054281409086,,,0.7703849719436308,y
2015-09-14,IM,q2,IM1603,2016-03-18,7412.302,,,0.6974652495328846,,,0.774184819896197,d
2015-09-14,IM,q2,IM1603,2016-03-18,7412.302,,,0.7052141527030324,,,0.7656780660510283,p
2015-09-15,IM,current,IM1509,2015-09-18,7034.9,,,0.07112401668095196,,,1.0,y
2015-09-15,IM,current,IM1509,2015-09-18,7034.9,,,0.07112401668095196,,,1.0,d
2015-09-15,IM,current,IM1509,2015-09-18,7034.9,,,0.07112401668095196,,,1.0,p
2015-09-15,IM,next,IM1510,2015-10-16,7034.9,,,0.4417653857143286,,,1.0,y
2015-09-15,IM,next,IM1510,2015-10-16,7034.9,,,0.4417653857143286,,,1.0,d
2015-09-15,IM,next,IM1510,2015-10-16,7034.9,,,0.4417653857143286,,,1.0,p
2015-09-15,IM,q1,IM1512,2015-12-18,7034.9,,,0.5124742500715997,,,1.0,y
2015-09-15,IM,q1,IM1512,2015-12-18,7034.9,,,0.5124742500715997,,,1.0,d
2015-09-15,IM,q1,IM1512,2015-12-18,7034.9,,,0.5124742500715997,,,1.0,p
2015-09-15,IM,q2,IM1603,2016-03-18,7034.9,,,0.6652183891628374,,,0.7703849719436308,y
2015-09-15,IM,q2,IM1603,2016-03-18,7034.9,,,0.6619533694038491,,,0.774184819896197,d
2015-09-15,IM,q2,IM1603,2016-03-18,7034.9,,,0.6693077323145445,,,0.7656780660510283,p
2015-09-16,IM,current,IM1509,2015-09-18,7500.61,,,0.07583242274336736,,,1.0,y
2015-09-16,IM,current,IM1509,2015-09-18,7500.61,,,0.07583242274336736,,,1.0,d
2015-09-16,IM,current,IM1509,2015-09-18,7500.61,,,0.07583242274336736,,,1.0,p
2015-09-16,IM,next,IM1510,2015-10-16,7500.61,,,0.4710102303860397,,,1.0,y
2015-09-16,IM,next,IM1510,2015-10-16,7500.61,,,0.4710102303860397,,,1.0,d
2015-09-16,IM,next,IM1510,2015-10-16,7500.61,,,0.4710102303860397,,,1.0,p
2015-09-16,IM,q1,IM1512,2015-12-18,7500.61,,,0.5464000177443236,,,1.0,y
2015-09-16,IM,q1,IM1512,2015-12-18,7500.61,,,0.5464000177443236,,,1.0,d
2015-09-16,IM,q1,IM1512,2015-12-18,7500.61,,,0.5464000177443236,,,1.0,p
2015-09-16,IM,q2,IM1603,2016-03-18,7500.61,,,0.709255810592712,,,0.7703849719436308,y
2015-09-16,IM,q2,IM1603,2016-03-18,7500.61,,,0.7057746467020434,,,0.774184819896197,d
2015-09-16,IM,q2,IM1603,2016-03-18,7500.61,,,0.7136158680401705,,,0.7656780660510283,p
2015-09-17,IM,current,IM1509,2015-09-18,7428.637,,,0.04642898125,,,1.0,y
2015-09-17,IM,current,IM1509,2015-09-18,7428.637,,,0.04642898125,,,1.0,d
2015-09-17,IM,current,IM1509,2015-09-18,7428.637,,,0.04642898125,,,1.0,p
2015-09-17,IM,next,IM1510,2015-10-16,7428.637,,,0.4378148129934501,,,1.0,y
2015-09-17,IM,next,IM1510,2015-10-16,7428.637,,,0.4378148129934501,,,1.0,d
2015-09-17,IM,next,IM1510,2015-10-16,7428.637,,,0.4378148129934501,,,1.0,p
2015-09-17,IM,q1,IM1512,2015-12-18,7428.637,,,0.5124811886338152,,,1.0,y
2015-09-17,IM,q1,IM1512,2015-12-18,7428.637,,,0.5124811886338152,,,1.0,d
2015-09-17,IM,q1,IM1512,2015-12-18,7428.637,,,0.5124811886338152,,,1.0,p
2015-09-17,IM,q2,IM1603,2016-03-18,7428.637,,,0.6737742792514948,,,0.7606125736992182,y
2015-09-17,IM,q2,IM1603,2016-03-18,7428.637,,,0.6703265192851341,,,0.7645247113009163,d
2015-09-17,IM,q2,IM1603,2016-03-18,7428.637,,,0.678092499246444,,,0.7557688504198606,p
2015-09-18,IM,current,IM1509,2015-09-18,7556.203,,,0.0,,,,y
2015-09-18,IM,current,IM1509,2015-09-18,7556.203,,,0.0,,,,d
2015-09-18,IM,current,IM1509,2015-09-18,7556.203,,,0.0,,,,p
2015-09-18,IM,next,IM1510,2015-10-16,7556.203,,,0.3981067854005187,,,1.0,y
2015-09-18,IM,next,IM1510,2015-10-16,7556.203,,,0.3981067854005187,,,1.0,d
2015-09-18,IM,next,IM1510,2015-10-16,7556.203,,,0.3981067854005187,,,1.0,p
2015-09-18,IM,q1,IM1512,2015-12-18,7556.203,,,0.4740553465716803,,,1.0,y
2015-09-18,IM,q1,IM1512,2015-12-18,7556.203,,,0.4740553465716803,,,1.0,d
2015-09-18,IM,q1,IM1512,2015-12-18,7556.203,,,0.4740553465716803,,,1.0,p
2015-09-18,IM,q2,IM1603,2016-03-18,7556.203,,,0.6381181935252442,,,0.7428958324362936,y
2015-09-18,IM,q2,IM1603,2016-03-18,7556.203,,,0.6346112279538891,,,0.7470011964650035,d
2015-09-18,IM,q2,IM1603,2016-03-18,7556.203,,,0.6425105668341696,,,0.737817198723259,p
2015-09-21,IM,current,IM1510,2015-10-16,7847.885,,,0.22655149459894128,,,1.0,y
2015-09-21,IM,current,IM1510,2015-10-16,7847.885,,,0.22655149459894128,,,1.0,d
2015-09-21,IM,current,IM1510,2015-10-16,7847.885,,,0.22655149459894128,,,1.0,p
2015-09-21,IM,next,IM1511,2015-11-20,7847.885,,,0.30543179651602076,,,1.0,y
2015-09-21,IM,next,IM1511,2015-11-20,7847.885,,,0.30543179651602076,,,1.0,d
2015-09-21,IM,next,IM1511,2015-11-20,7847.885,,,0.30543179651602076,,,1.0,p
2015-09-21,IM,q1,IM1512,2015-12-18,7847.885,,,0.30543179651602076,,,1.0,y
2015-09-21,IM,q1,IM1512,2015-12-18,7847.885,,,0.30543179651602076,,,1.0,d
2015-09-21,IM,q1,IM1512,2015-12-18,7847.885,,,0.30543179651602076,,,1.0,p
2015-09-21,IM,q2,IM1603,2016-03-18,7847.885,,,0.47582774216017176,,,0.6418957312774908,y
2015-09-21,IM,q2,IM1603,2016-03-18,7847.885,,,0.472185401886498,,,0.6468471818394742,d
2015-09-21,IM,q2,IM1603,2016-03-18,7847.885,,,0.48038966838231195,,,0.6358000944203213,p
2015-09-22,IM,current,IM1510,2015-10-16,7880.836,,,0.22750271882031173,,,1.0,y
2015-09-22,IM,current,IM1510,2015-10-16,7880.836,,,0.22750271882031173,,,1.0,d
2015-09-22,IM,current,IM1510,2015-10-16,7880.836,,,0.22750271882031173,,,1.0,p
2015-09-22,IM,next,IM1511,2015-11-20,7880.836,,,0.3067142163179164,,,1.0,y
2015-09-22,IM,next,IM1511,2015-11-20,7880.836,,,0.3067142163179164,,,1.0,d
2015-09-22,IM,next,IM1511,2015-11-20,7880.836,,,0.3067142163179164,,,1.0,p
2015-09-22,IM,q1,IM1512,2015-12-18,7880.836,,,0.3067142163179164,,,1.0,y
2015-09-22,IM,q1,IM1512,2015-12-18,7880.836,,,0.3067142163179164,,,1.0,d
2015-09-22,IM,q1,IM1512,2015-12-18,7880.836,,,0.3067142163179164,,,1.0,p
2015-09-22,IM,q2,IM1603,2016-03-18,7880.836,,,0.47782560527003126,,,0.6418957312774908,y
2015-09-22,IM,q2,IM1603,2016-03-18,7880.836,,,0.47416797186268417,,,0.6468471818394742,d
2015-09-22,IM,q2,IM1603,2016-03-18,7880.836,,,0.482406685701356,,,0.6358000944203213,p
2015-09-23,IM,current,IM1510,2015-10-16,7824.066,,,0.1808979949476583,,,1.0,y
2015-09-23,IM,current,IM1510,2015-10-16,7824.066,,,0.1808979949476583,,,1.0,d
2015-09-23,IM,current,IM1510,2015-10-16,7824.066,,,0.1808979949476583,,,1.0,p
2015-09-23,IM,next,IM1511,2015-11-20,7824.066,,,0.259538888423946,,,1.0,y
2015-09-23,IM,next,IM1511,2015-11-20,7824.066,,,0.259538888423946,,,1.0,d
2015-09-23,IM,next,IM1511,2015-11-20,7824.066,,,0.259538888423946,,,1.0,p
2015-09-23,IM,q1,IM1512,2015-12-18,7824.066,,,0.259538888423946,,,1.0,y
2015-09-23,IM,q1,IM1512,2015-12-18,7824.066,,,0.259538888423946,,,1.0,d
2015-09-23,IM,q1,IM1512,2015-12-18,7824.066,,,0.259538888423946,,,1.0,p
2015-09-23,IM,q2,IM1603,2016-03-18,7824.066,,,0.42941766784696883,,,0.6043973219016169,y
2015-09-23,IM,q2,IM1603,2016-03-18,7824.066,,,0.4257863823865319,,,0.6095518766223359,d
2015-09-23,IM,q2,IM1603,2016-03-18,7824.066,,,0.4339657482341249,,,0.598063071751747,p
2015-09-24,IM,current,IM1510,2015-10-16,7928.825,,,0.18332009786099285,,,1.0,y
2015-09-24,IM,current,IM1510,2015-10-16,7928.825,,,0.18332009786099285,,,1.0,d
2015-09-24,IM,current,IM1510,2015-10-16,7928.825,,,0.18332009786099285,,,1.0,p
2015-09-24,IM,next,IM1511,2015-11-20,7928.825,,,0.263013940195289,,,1.0,y
2015-09-24,IM,next,IM1511,2015-11-20,7928.825,,,0.263013940195289,,,1.0,d
2015-09-24,IM,next,IM1511,2015-11-20,7928.825,,,0.263013940195289,,,1.0,p
2015-09-24,IM,q1,IM1512,2015-12-18,7928.825,,,0.263013940195289,,,1.0,y
2015-09-24,IM,q1,IM1512,2015-12-18,7928.825,,,0.263013940195289,,,1.0,d
2015-09-24,IM,q1,IM1512,2015-12-18,7928.825,,,0.263013940195289,,,1.0,p
2015-09-24,IM,q2,IM1603,2016-03-18,7928.825,,,0.43516728262092147,,,0.6043973219016169,y
2015-09-24,IM,q2,IM1603,2016-03-18,7928.825,,,0.4314873766818805,,,0.6095518766223359,d
2015-09-24,IM,q2,IM1603,2016-03-18,7928.825,,,0.4397762587563085,,,0.598063071751747,p
2015-09-25,IM,current,IM1510,2015-10-16,7640.173,,,0.1718430052506296,,,1.0,y
2015-09-25,IM,current,IM1510,2015-10-16,7640.173,,,0.1718430052506296,,,1.0,d
2015-09-25,IM,current,IM1510,2015-10-16,7640.173,,,0.1718430052506296,,,1.0,p
2015-09-25,IM,next,IM1511,2015-11-20,7640.173,,,0.24863556183609425,,,1.0,y
2015-09-25,IM,next,IM1511,2015-11-20,7640.173,,,0.24863556183609425,,,1.0,d
2015-09-25,IM,next,IM1511,2015-11-20,7640.173,,,0.24863556183609425,,,1.0,p
2015-09-25,IM,q1,IM1512,2015-12-18,7640.173,,,0.24863556183609425,,,1.0,y
2015-09-25,IM,q1,IM1512,2015-12-18,7640.173,,,0.24863556183609425,,,1.0,d
2015-09-25,IM,q1,IM1512,2015-12-18,7640.173,,,0.24863556183609425,,,1.0,p
2015-09-25,IM,q2,IM1603,2016-03-18,7640.173,,,0.41452159396066157,,,0.5998132918973818,y
2015-09-25,IM,q2,IM1603,2016-03-18,7640.173,,,0.41097565644810435,,,0.6049885387006871,d
2015-09-25,IM,q2,IM1603,2016-03-18,7640.173,,,0.4189627785027883,,,0.5934550146068395,p
2015-09-28,IM,current,IM1510,2015-10-16,7839.618,,,0.12508161343243496,,,1.0,y
2015-09-28,IM,current,IM1510,2015-10-16,7839.618,,,0.12508161343243496,,,1.0,d
2015-09-28,IM,current,IM1510,2015-10-16,7839.618,,,0.12508161343243496,,,1.0,p
2015-09-28,IM,next,IM1511,2015-11-20,7839.618,,,0.20387882245812414,,,1.0,y
2015-09-28,IM,next,IM1511,2015-11-20,7839.618,,,0.20387882245812414,,,1.0,d
2015-09-28,IM,next,IM1511,2015-11-20,7839.618,,,0.20387882245812414,,,1.0,p
2015-09-28,IM,q1,IM1512,2015-12-18,7839.618,,,0.20387882245812414,,,1.0,y
2015-09-28,IM,q1,IM1512,2015-12-18,7839.618,,,0.20387882245812414,,,1.0,d
2015-09-28,IM,q1,IM1512,2015-12-18,7839.618,,,0.20387882245812414,,,1.0,p
2015-09-28,IM,q2,IM1603,2016-03-18,7839.618,,,0.37409527218934563,,,0.5449917109749849,y
2015-09-28,IM,q2,IM1603,2016-03-18,7839.618,,,0.37045676877452527,,,0.5503444386575992,d
2015-09-28,IM,q2,IM1603,2016-03-18,7839.618,,,0.3786523928563487,,,0.5384326794297342,p
2015-09-29,IM,current,IM1510,2015-10-16,7720.677,,,0.11963858987607133,,,1.0,y
2015-09-29,IM,current,IM1510,2015-10-16,7720.677,,,0.11963858987607133,,,1.0,d
2015-09-29,IM,current,IM1510,2015-10-16,7720.677,,,0.11963858987607133,,,1.0,p
2015-09-29,IM,next,IM1511,2015-11-20,7720.677,,,0.1972403045755415,,,1.0,y
2015-09-29,IM,next,IM1511,2015-11-20,7720.677,,,0.1972403045755415,,,1.0,d
2015-09-29,IM,next,IM1511,2015-11-20,7720.677,,,0.1972403045755415,,,1.0,p
2015-09-29,IM,q1,IM1512,2015-12-18,7720.677,,,0.1972403045755415,,,1.0,y
2015-09-29,IM,q1,IM1512,2015-12-18,7720.677,,,0.1972403045755415,,,1.0,d
2015-09-29,IM,q1,IM1512,2015-12-18,7720.677,,,0.1972403045755415,,,1.0,p
2015-09-29,IM,q2,IM1603,2016-03-18,7720.677,,,0.364874266901448,,,0.5405706087483989,y
2015-09-29,IM,q2,IM1603,2016-03-18,7720.677,,,0.3612909660787261,,,0.5459320135133476,d
2015-09-29,IM,q2,IM1603,2016-03-18,7720.677,,,0.3693622479127619,,,0.5340023396817934,p
2015-09-30,IM,current,IM1510,2015-10-16,7727.509,,,0.1197444576446664,,,1.0,y
2015-09-30,IM,current,IM1510,2015-10-16,7727.509,,,0.1197444576446664,,,1.0,d
2015-09-30,IM,current,IM1510,2015-10-16,7727.509,,,0.1197444576446664,,,1.0,p
2015-09-30,IM,next,IM1511,2015-11-20,7727.509,,,0.19741484182931604,,,1.0,y
2015-09-30,IM,next,IM1511,2015-11-20,7727.509,,,0.19741484182931604,,,1.0,d
2015-09-30,IM,next,IM1511,2015-11-20,7727.509,,,0.19741484182931604,,,1.0,p
2015-09-30,IM,q1,IM1512,2015-12-18,7727.509,,,0.19741484182931604,,,1.0,y
2015-09-30,IM,q1,IM1512,2015-12-18,7727.509,,,0.19741484182931604,,,1.0,d
2015-09-30,IM,q1,IM1512,2015-12-18,7727.509,,,0.19741484182931604,,,1.0,p
2015-09-30,IM,q2,IM1603,2016-03-18,7727.509,,,0.36519714286057314,,,0.5405706087483989,y
2015-09-30,IM,q2,IM1603,2016-03-18,7727.509,,,0.36161067118752027,,,0.5459320135133476,d
2015-09-30,IM,q2,IM1603,2016-03-18,7727.509,,,0.36968909527054417,,,0.5340023396817934,p
2015-10-08,IM,current,IM1510,2015-10-16,8056.279,,,0.12483903409094903,,,1.0,y
2015-10-08,IM,current,IM1510,2015-10-16,8056.279,,,0.12483903409094903,,,1.0,d
2015-10-08,IM,current,IM1510,2015-10-16,8056.279,,,0.12483903409094903,,,1.0,p
2015-10-08,IM,next,IM1511,2015-11-20,8056.279,,,0.20581393622677635,,,1.0,y
2015-10-08,IM,next,IM1511,2015-11-20,8056.279,,,0.20581393622677635,,,1.0,d
2015-10-08,IM,next,IM1511,2015-11-20,8056.279,,,0.20581393622677635,,,1.0,p
2015-10-08,IM,q1,IM1512,2015-12-18,8056.279,,,0.20581393622677635,,,1.0,y
2015-10-08,IM,q1,IM1512,2015-12-18,8056.279,,,0.20581393622677635,,,1.0,d
2015-10-08,IM,q1,IM1512,2015-12-18,8056.279,,,0.20581393622677635,,,1.0,p
2015-10-08,IM,q2,IM1603,2016-03-18,8056.279,,,0.3807346032062383,,,0.5405706087483989,y
2015-10-08,IM,q2,IM1603,2016-03-18,8056.279,,,0.3769955436433558,,,0.5459320135133476,d
2015-10-08,IM,q2,IM1603,2016-03-18,8056.279,,,0.38541766755070545,,,0.5340023396817934,p
2015-10-09,IM,current,IM1510,2015-10-16,8180.397,,,0.1267623502066521,,,1.0,y
2015-10-09,IM,current,IM1510,2015-10-16,8180.397,,,0.1267623502066521,,,1.0,d
2015-10-09,IM,current,IM1510,2015-10-16,8180.397,,,0.1267623502066521,,,1.0,p
2015-10-09,IM,next,IM1511,2015-11-20,8180.397,,,0.2089847814937532,,,1.0,y
2015-10-09,IM,next,IM1511,2015-11-20,8180.397,,,0.2089847814937532,,,1.0,d
2015-10-09,IM,next,IM1511,2015-11-20,8180.397,,,0.2089847814937532,,,1.0,p
2015-10-09,IM,q1,IM1512,2015-12-18,8180.397,,,0.2089847814937532,,,1.0,y
2015-10-09,IM,q1,IM1512,2015-12-18,8180.397,,,0.2089847814937532,,,1.0,d
2015-10-09,IM,q1,IM1512,2015-12-18,8180.397,,,0.2089847814937532,,,1.0,p
2015-10-09,IM,q2,IM1603,2016-03-18,8180.397,,,0.38660034066155136,,,0.5405706087483989,y
2015-10-09,IM,q2,IM1603,2016-03-18,8180.397,,,0.3828036757705979,,,0.5459320135133476,d
2015-10-09,IM,q2,IM1603,2016-03-18,8180.397,,,0.3913555540192672,,,0.5340023396817934,p
2015-10-12,IM,current,IM1510,2015-10-16,8522.629,,,0.0,,,,y
2015-10-12,IM,current,IM1510,2015-10-16,8522.629,,,0.0,,,,d
2015-10-12,IM,current,IM1510,2015-10-16,8522.629,,,0.0,,,,p
2015-10-12,IM,next,IM1511,2015-11-20,8522.629,,,0.0856622578754986,,,1.0,y
2015-10-12,IM,next,IM1511,2015-11-20,8522.629,,,0.0856622578754986,,,1.0,d
2015-10-12,IM,next,IM1511,2015-11-20,8522.629,,,0.0856622578754986,,,1.0,p
2015-10-12,IM,q1,IM1512,2015-12-18,8522.629,,,0.0856622578754986,,,1.0,y
2015-10-12,IM,q1,IM1512,2015-12-18,8522.629,,,0.0856622578754986,,,1.0,d
2015-10-12,IM,q1,IM1512,2015-12-18,8522.629,,,0.0856622578754986,,,1.0,p
2015-10-12,IM,q2,IM1603,2016-03-18,8522.629,,,0.27070847450956814,,,0.31643729672921966,y
2015-10-12,IM,q2,IM1603,2016-03-18,8522.629,,,0.26675297377984547,,,0.3211295329220837,d
2015-10-12,IM,q2,IM1603,2016-03-18,8522.629,,,0.27566262517776385,,,0.3107503522476376,p
2015-10-13,IM,current,IM1510,2015-10-16,8651.052,,,0.0,,,,y
2015-10-13,IM,current,IM1510,2015-10-16,8651.052,,,0.0,,,,d
2015-10-13,IM,current,IM1510,2015-10-16,8651.052,,,0.0,,,,p
2015-10-13,IM,next,IM1511,2015-11-20,8651.052,,,0.08695305724540489,,,1.0,y
2015-10-13,IM,next,IM1511,2015-11-20,8651.052,,,0.08695305724540489,,,1.0,d
2015-10-13,IM,next,IM1511,2015-11-20,8651.052,,,0.08695305724540489,,,1.0,p
2015-10-13,IM,q1,IM1512,2015-12-18,8651.052,,,0.08695305724540489,,,1.0,y
2015-10-13,IM,q1,IM1512,2015-12-18,8651.052,,,0.08695305724540489,,,1.0,d
2015-10-13,IM,q1,IM1512,2015-12-18,8651.052,,,0.08695305724540489,,,1.0,p
2015-10-13,IM,q2,IM1603,2016-03-18,8651.052,,,0.27478763769054687,,,0.31643729672921966,y
2015-10-13,IM,q2,IM1603,2016-03-18,8651.052,,,0.2707725336071861,,,0.3211295329220837,d
2015-10-13,IM,q2,IM1603,2016-03-18,8651.052,,,0.279816439841432,,,0.3107503522476376,p
2015-10-14,IM,current,IM1510,2015-10-16,8534.726,,,0.0,,,,y
2015-10-14,IM,current,IM1510,2015-10-16,8534.726,,,0.0,,,,d
2015-10-14,IM,current,IM1510,2015-10-16,8534.726,,,0.0,,,,p
2015-10-14,IM,next,IM1511,2015-11-20,8534.726,,,0.08578384668729833,,,1.0,y
2015-10-14,IM,next,IM1511,2015-11-20,8534.726,,,0.08578384668729833,,,1.0,d
2015-10-14,IM,next,IM1511,2015-11-20,8534.726,,,0.08578384668729833,,,1.0,p
2015-10-14,IM,q1,IM1512,2015-12-18,8534.726,,,0.08578384668729833,,,1.0,y
2015-10-14,IM,q1,IM1512,2015-12-18,8534.726,,,0.08578384668729833,,,1.0,d
2015-10-14,IM,q1,IM1512,2015-12-18,8534.726,,,0.08578384668729833,,,1.0,p
2015-10-14,IM,q2,IM1603,2016-03-18,8534.726,,,0.2710927174956399,,,0.31643729672921966,y
2015-10-14,IM,q2,IM1603,2016-03-18,8534.726,,,0.2671316023372794,,,0.3211295329220837,d
2015-10-14,IM,q2,IM1603,2016-03-18,8534.726,,,0.2760539000738992,,,0.3107503522476376,p
2015-10-15,IM,current,IM1510,2015-10-16,8808.465,,,0.0,,,,y
2015-10-15,IM,current,IM1510,2015-10-16,8808.465,,,0.0,,,,d
2015-10-15,IM,current,IM1510,2015-10-16,8808.465,,,0.0,,,,p
2015-10-15,IM,next,IM1511,2015-11-20,8808.465,,,0.08853523957423275,,,1.0,y
2015-10-15,IM,next,IM1511,2015-11-20,8808.465,,,0.08853523957423275,,,1.0,d
2015-10-15,IM,next,IM1511,2015-11-20,8808.465,,,0.08853523957423275,,,1.0,p
2015-10-15,IM,q1,IM1512,2015-12-18,8808.465,,,0.08853523957423275,,,1.0,y
2015-10-15,IM,q1,IM1512,2015-12-18,8808.465,,,0.08853523957423275,,,1.0,d
2015-10-15,IM,q1,IM1512,2015-12-18,8808.465,,,0.08853523957423275,,,1.0,p
2015-10-15,IM,q2,IM1603,2016-03-18,8808.465,,,0.2797876245605579,,,0.31643729672921966,y
2015-10-15,IM,q2,IM1603,2016-03-18,8808.465,,,0.27569946235905446,,,0.3211295329220837,d
2015-10-15,IM,q2,IM1603,2016-03-18,8808.465,,,0.284907929898914,,,0.3107503522476376,p
2015-10-16,IM,current,IM1510,2015-10-16,8943.018,,,0.0,,,,y
2015-10-16,IM,current,IM1510,2015-10-16,8943.018,,,0.0,,,,d
2015-10-16,IM,current,IM1510,2015-10-16,8943.018,,,0.0,,,,p
2015-10-16,IM,next,IM1511,2015-11-20,8943.018,,,0.08988765251910245,,,1.0,y
2015-10-16,IM,next,IM1511,2015-11-20,8943.018,,,0.08988765251910245,,,1.0,d
2015-10-16,IM,next,IM1511,2015-11-20,8943.018,,,0.08988765251910245,,,1.0,p
2015-10-16,IM,q1,IM1512,2015-12-18,8943.018,,,0.08988765251910245,,,1.0,y
2015-10-16,IM,q1,IM1512,2015-12-18,8943.018,,,0.08988765251910245,,,1.0,d
2015-10-16,IM,q1,IM1512,2015-12-18,8943.018,,,0.08988765251910245,,,1.0,p
2015-10-16,IM,q2,IM1603,2016-03-18,8943.018,,,0.2840614979593279,,,0.31643729672921966,y
2015-10-16,IM,q2,IM1603,2016-03-18,8943.018,,,0.27991088736429637,,,0.3211295329220837,d
2015-10-16,IM,q2,IM1603,2016-03-18,8943.018,,,0.2892600181108429,,,0.3107503522476376,p
2015-10-19,IM,current,IM1511,2015-11-20,8935.391,,,0.08981099236637066,,,1.0,y
2015-10-19,IM,current,IM1511,2015-11-20,8935.391,,,0.08981099236637066,,,1.0,d
2015-10-19,IM,current,IM1511,2015-11-20,8935.391,,,0.08981099236637066,,,1.0,p
2015-10-19,IM,next,IM1512,2015-12-18,8935.391,,,0.08981099236637066,,,1.0,y
2015-10-19,IM,next,IM1512,2015-12-18,8935.391,,,0.08981099236637066,,,1.0,d
2015-10-19,IM,next,IM1512,2015-12-18,8935.391,,,0.08981099236637066,,,1.0,p
2015-10-19,IM,q1,IM1512,2015-12-18,8935.391,,,0.08981099236637066,,,1.0,y
2015-10-19,IM,q1,IM1512,2015-12-18,8935.391,,,0.08981099236637066,,,1.0,d
2015-10-19,IM,q1,IM1512,2015-12-18,8935.391,,,0.08981099236637066,,,1.0,p
2015-10-19,IM,q2,IM1603,2016-03-18,8935.391,,,0.2838192377911234,,,0.31643729672921966,y
2015-10-19,IM,q2,IM1603,2016-03-18,8935.391,,,0.2796721670197854,,,0.3211295329220837,d
2015-10-19,IM,q2,IM1603,2016-03-18,8935.391,,,0.2890133244154784,,,0.3107503522476376,p
2015-10-20,IM,current,IM1511,2015-11-20,9116.539,,,0.09163173883904134,,,1.0,y
2015-10-20,IM,current,IM1511,2015-11-20,9116.539,,,0.09163173883904134,,,1.0,d
2015-10-20,IM,current,IM1511,2015-11-20,9116.539,,,0.09163173883904134,,,1.0,p
2015-10-20,IM,next,IM1512,2015-12-18,9116.539,,,0.09163173883904134,,,1.0,y
2015-10-20,IM,next,IM1512,2015-12-18,9116.539,,,0.09163173883904134,,,1.0,d
2015-10-20,IM,next,IM1512,2015-12-18,9116.539,,,0.09163173883904134,,,1.0,p
2015-10-20,IM,q1,IM1512,2015-12-18,9116.539,,,0.09163173883904134,,,1.0,y
2015-10-20,IM,q1,IM1512,2015-12-18,9116.539,,,0.09163173883904134,,,1.0,d
2015-10-20,IM,q1,IM1512,2015-12-18,9116.539,,,0.09163173883904134,,,1.0,p
2015-10-20,IM,q2,IM1603,2016-03-18,9116.539,,,0.2895731311895641,,,0.31643729672921966,y
2015-10-20,IM,q2,IM1603,2016-03-18,9116.539,,,0.2853419864727115,,,0.3211295329220837,d
2015-10-20,IM,q2,IM1603,2016-03-18,9116.539,,,0.2948725180077023,,,0.3107503522476376,p
2015-10-21,IM,current,IM1511,2015-11-20,8541.607,,,0.0858530086790313,,,1.0,y
2015-10-21,IM,current,IM1511,2015-11-20,8541.607,,,0.0858530086790313,,,1.0,d
2015-10-21,IM,current,IM1511,2015-11-20,8541.607,,,0.0858530086790313,,,1.0,p
2015-10-21,IM,next,IM1512,2015-12-18,8541.607,,,0.0858530086790313,,,1.0,y
2015-10-21,IM,next,IM1512,2015-12-18,8541.607,,,0.0858530086790313,,,1.0,d
2015-10-21,IM,next,IM1512,2015-12-18,8541.607,,,0.0858530086790313,,,1.0,p
2015-10-21,IM,q1,IM1512,2015-12-18,8541.607,,,0.0858530086790313,,,1.0,y
2015-10-21,IM,q1,IM1512,2015-12-18,8541.607,,,0.0858530086790313,,,1.0,d
2015-10-21,IM,q1,IM1512,2015-12-18,8541.607,,,0.0858530086790313,,,1.0,p
2015-10-21,IM,q2,IM1603,2016-03-18,8541.607,,,0.2713112820973726,,,0.31643729672921966,y
2015-10-21,IM,q2,IM1603,2016-03-18,8541.607,,,0.26734697334692664,,,0.3211295329220837,d
2015-10-21,IM,q2,IM1603,2016-03-18,8541.607,,,0.2762764645576809,,,0.3107503522476376,p
2015-10-22,IM,current,IM1511,2015-11-20,8894.757,,,0.08940257376848108,,,1.0,y
2015-10-22,IM,current,IM1511,2015-11-20,8894.757,,,0.08940257376848108,,,1.0,d
2015-10-22,IM,current,IM1511,2015-11-20,8894.757,,,0.08940257376848108,,,1.0,p
2015-10-22,IM,next,IM1512,2015-12-18,8894.757,,,0.08940257376848108,,,1.0,y
2015-10-22,IM,next,IM1512,2015-12-18,8894.757,,,0.08940257376848108,,,1.0,d
2015-10-22,IM,next,IM1512,2015-12-18,8894.757,,,0.08940257376848108,,,1.0,p
2015-10-22,IM,q1,IM1512,2015-12-18,8894.757,,,0.08940257376848108,,,1.0,y
2015-10-22,IM,q1,IM1512,2015-12-18,8894.757,,,0.08940257376848108,,,1.0,d
2015-10-22,IM,q1,IM1512,2015-12-18,8894.757,,,0.08940257376848108,,,1.0,p
2015-10-22,IM,q2,IM1603,2016-03-18,8894.757,,,0.28252855997876974,,,0.31643729672921966,y
2015-10-22,IM,q2,IM1603,2016-03-18,8894.757,,,0.2784003481553751,,,0.3211295329220837,d
2015-10-22,IM,q2,IM1603,2016-03-18,8894.757,,,0.2876990263143322,,,0.3107503522476376,p
2015-10-23,IM,current,IM1511,2015-11-20,9182.553,,,0.08481919488012442,,,1.0,y
2015-10-23,IM,current,IM1511,2015-11-20,9182.553,,,0.08481919488012442,,,1.0,d
2015-10-23,IM,current,IM1511,2015-11-20,9182.553,,,0.08481919488012442,,,1.0,p
2015-10-23,IM,next,IM1512,2015-12-18,9182.553,,,0.08481919488012442,,,1.0,y
2015-10-23,IM,next,IM1512,2015-12-18,9182.553,,,0.08481919488012442,,,1.0,d
2015-10-23,IM,next,IM1512,2015-12-18,9182.553,,,0.08481919488012442,,,1.0,p
2015-10-23,IM,q1,IM1512,2015-12-18,9182.553,,,0.08481919488012442,,,1.0,y
2015-10-23,IM,q1,IM1512,2015-12-18,9182.553,,,0.08481919488012442,,,1.0,d
2015-10-23,IM,q1,IM1512,2015-12-18,9182.553,,,0.08481919488012442,,,1.0,p
2015-10-23,IM,q2,IM1603,2016-03-18,9182.553,,,0.2841939056286299,,,0.2984553616394639,y
2015-10-23,IM,q2,IM1603,2016-03-18,9182.553,,,0.27993212266327766,,,0.30299914876918577,d
2015-10-23,IM,q2,IM1603,2016-03-18,9182.553,,,0.28953166597003316,,,0.2929530854455944,p
2015-10-26,IM,current,IM1511,2015-11-20,9262.89,,,0.08556126733634487,,,1.0,y
2015-10-26,IM,current,IM1511,2015-11-20,9262.89,,,0.08556126733634487,,,1.0,d
2015-10-26,IM,current,IM1511,2015-11-20,9262.89,,,0.08556126733634487,,,1.0,p
2015-10-26,IM,next,IM1512,2015-12-18,9262.89,,,0.08556126733634487,,,1.0,y
2015-10-26,IM,next,IM1512,2015-12-18,9262.89,,,0.08556126733634487,,,1.0,d
2015-10-26,IM,next,IM1512,2015-12-18,9262.89,,,0.08556126733634487,,,1.0,p
2015-10-26,IM,q1,IM1512,2015-12-18,9262.89,,,0.08556126733634487,,,1.0,y
2015-10-26,IM,q1,IM1512,2015-12-18,9262.89,,,0.08556126733634487,,,1.0,d
2015-10-26,IM,q1,IM1512,2015-12-18,9262.89,,,0.08556126733634487,,,1.0,p
2015-10-26,IM,q2,IM1603,2016-03-18,9262.89,,,0.2866802823254469,,,0.2984553616394639,y
2015-10-26,IM,q2,IM1603,2016-03-18,9262.89,,,0.282381213557542,,,0.30299914876918577,d
2015-10-26,IM,q2,IM1603,2016-03-18,9262.89,,,0.292064742059987,,,0.2929530854455944,p
2015-10-27,IM,current,IM1511,2015-11-20,9345.966,,,0.08632863992149209,,,1.0,y
2015-10-27,IM,current,IM1511,2015-11-20,9345.966,,,0.08632863992149209,,,1.0,d
2015-10-27,IM,current,IM1511,2015-11-20,9345.966,,,0.08632863992149209,,,1.0,p
2015-10-27,IM,next,IM1512,2015-12-18,9345.966,,,0.08632863992149209,,,1.0,y
2015-10-27,IM,next,IM1512,2015-12-18,9345.966,,,0.08632863992149209,,,1.0,d
2015-10-27,IM,next,IM1512,2015-12-18,9345.966,,,0.08632863992149209,,,1.0,p
2015-10-27,IM,q1,IM1512,2015-12-18,9345.966,,,0.08632863992149209,,,1.0,y
2015-10-27,IM,q1,IM1512,2015-12-18,9345.966,,,0.08632863992149209,,,1.0,d
2015-10-27,IM,q1,IM1512,2015-12-18,9345.966,,,0.08632863992149209,,,1.0,p
2015-10-27,IM,q2,IM1603,2016-03-18,9345.966,,,0.2892514292498376,,,0.2984553616394639,y
2015-10-27,IM,q2,IM1603,2016-03-18,9345.966,,,0.28491380346171946,,,0.30299914876918577,d
2015-10-27,IM,q2,IM1603,2016-03-18,9345.966,,,0.29468418054099843,,,0.2929530854455944,p
2015-10-28,IM,current,IM1511,2015-11-20,9131.87,,,0.08435103626953874,,,1.0,y
2015-10-28,IM,current,IM1511,2015-11-20,9131.87,,,0.08435103626953874,,,1.0,d
2015-10-28,IM,current,IM1511,2015-11-20,9131.87,,,0.08435103626953874,,,1.0,p
2015-10-28,IM,next,IM1512,2015-12-18,9131.87,,,0.08435103626953874,,,1.0,y
2015-10-28,IM,next,IM1512,2015-12-18,9131.87,,,0.08435103626953874,,,1.0,d
2015-10-28,IM,next,IM1512,2015-12-18,9131.87,,,0.08435103626953874,,,1.0,p
2015-10-28,IM,q1,IM1512,2015-12-18,9131.87,,,0.08435103626953874,,,1.0,y
2015-10-28,IM,q1,IM1512,2015-12-18,9131.87,,,0.08435103626953874,,,1.0,d
2015-10-28,IM,q1,IM1512,2015-12-18,9131.87,,,0.08435103626953874,,,1.0,p
2015-10-28,IM,q2,IM1603,2016-03-18,9131.87,,,0.28262530050116963,,,0.2984553616394639,y
2015-10-28,IM,q2,IM1603,2016-03-18,9131.87,,,0.2783870403998872,,,0.30299914876918577,d
2015-10-28,IM,q2,IM1603,2016-03-18,9131.87,,,0.28793359913324396,,,0.2929530854455944,p
2015-10-29,IM,current,IM1511,2015-11-20,9214.588,,,0.08511510201052538,,,1.0,y
2015-10-29,IM,current,IM1511,2015-11-20,9214.588,,,0.08511510201052538,,,1.0,d
2015-10-29,IM,current,IM1511,2015-11-20,9214.588,,,0.08511510201052538,,,1.0,p
2015-10-29,IM,next,IM1512,2015-12-18,9214.588,,,0.08511510201052538,,,1.0,y
2015-10-29,IM,next,IM1512,2015-12-18,9214.588,,,0.08511510201052538,,,1.0,d
2015-10-29,IM,next,IM1512,2015-12-18,9214.588,,,0.08511510201052538,,,1.0,p
2015-10-29,IM,q1,IM1512,2015-12-18,9214.588,,,0.08511510201052538,,,1.0,y
2015-10-29,IM,q1,IM1512,2015-12-18,9214.588,,,0.08511510201052538,,,1.0,d
2015-10-29,IM,q1,IM1512,2015-12-18,9214.588,,,0.08511510201052538,,,1.0,p
2015-10-29,IM,q2,IM1603,2016-03-18,9214.588,,,0.28518536756375984,,,0.2984553616394639,y
2015-10-29,IM,q2,IM1603,2016-03-18,9214.588,,,0.28090871659630673,,,0.30299914876918577,d
2015-10-29,IM,q2,IM1603,2016-03-18,9214.588,,,0.2905417496493051,,,0.2929530854455944,p
2015-10-30,IM,current,IM1511,2015-11-20,9188.266,,,0.052350967713905246,,,1.0,y
2015-10-30,IM,current,IM1511,2015-11-20,9188.266,,,0.052350967713905246,,,1.0,d
2015-10-30,IM,current,IM1511,2015-11-20,9188.266,,,0.052350967713905246,,,1.0,p
2015-10-30,IM,next,IM1512,2015-12-18,9188.266,,,0.052350967713905246,,,1.0,y
2015-10-30,IM,next,IM1512,2015-12-18,9188.266,,,0.052350967713905246,,,1.0,d
2015-10-30,IM,next,IM1512,2015-12-18,9188.266,,,0.052350967713905246,,,1.0,p
2015-10-30,IM,q1,IM1512,2015-12-18,9188.266,,,0.052350967713905246,,,1.0,y
2015-10-30,IM,q1,IM1512,2015-12-18,9188.266,,,0.052350967713905246,,,1.0,d
2015-10-30,IM,q1,IM1512,2015-12-18,9188.266,,,0.052350967713905246,,,1.0,p
2015-10-30,IM,q2,IM1603,2016-03-18,9188.266,,,0.2518497210595519,,,0.20786589516025883,y
2015-10-30,IM,q2,IM1603,2016-03-18,9188.266,,,0.24758528659128087,,,0.21144619874091045,d
2015-10-30,IM,q2,IM1603,2016-03-18,9188.266,,,0.2571908023319457,,,0.2035491442121557,p
2015-11-02,IM,current,IM1511,2015-11-20,8944.683,,,0.050963131775257395,,,1.0,y
2015-11-02,IM,current,IM1511,2015-11-20,8944.683,,,0.050963131775257395,,,1.0,d
2015-11-02,IM,current,IM1511,2015-11-20,8944.683,,,0.050963131775257395,,,1.0,p
2015-11-02,IM,next,IM1512,2015-12-18,8944.683,,,0.050963131775257395,,,1.0,y
2015-11-02,IM,next,IM1512,2015-12-18,8944.683,,,0.050963131775257395,,,1.0,d
2015-11-02,IM,next,IM1512,2015-12-18,8944.683,,,0.050963131775257395,,,1.0,p
2015-11-02,IM,q1,IM1512,2015-12-18,8944.683,,,0.050963131775257395,,,1.0,y
2015-11-02,IM,q1,IM1512,2015-12-18,8944.683,,,0.050963131775257395,,,1.0,d
2015-11-02,IM,q1,IM1512,2015-12-18,8944.683,,,0.050963131775257395,,,1.0,p
2015-11-02,IM,q2,IM1603,2016-03-18,8944.683,,,0.24517312826121013,,,0.20786589516025883,y
2015-11-02,IM,q2,IM1603,2016-03-18,8944.683,,,0.24102174491064562,,,0.21144619874091045,d
2015-11-02,IM,q2,IM1603,2016-03-18,8944.683,,,0.2503726162667597,,,0.2035491442121557,p
2015-11-03,IM,current,IM1511,2015-11-20,8924.415,,,0.05084765303164838,,,1.0,y
2015-11-03,IM,current,IM1511,2015-11-20,8924.415,,,0.05084765303164838,,,1.0,d
2015-11-03,IM,current,IM1511,2015-11-20,8924.415,,,0.05084765303164838,,,1.0,p
2015-11-03,IM,next,IM1512,2015-12-18,8924.415,,,0.05084765303164838,,,1.0,y
2015-11-03,IM,next,IM1512,2015-12-18,8924.415,,,0.05084765303164838,,,1.0,d
2015-11-03,IM,next,IM1512,2015-12-18,8924.415,,,0.05084765303164838,,,1.0,p
2015-11-03,IM,q1,IM1512,2015-12-18,8924.415,,,0.05084765303164838,,,1.0,y
2015-11-03,IM,q1,IM1512,2015-12-18,8924.415,,,0.05084765303164838,,,1.0,d
2015-11-03,IM,q1,IM1512,2015-12-18,8924.415,,,0.05084765303164838,,,1.0,p
2015-11-03,IM,q2,IM1603,2016-03-18,8924.415,,,0.2446175838150181,,,0.20786589516025883,y
2015-11-03,IM,q2,IM1603,2016-03-18,8924.415,,,0.24047560719667085,,,0.21144619874091045,d
2015-11-03,IM,q2,IM1603,2016-03-18,8924.415,,,0.24980529015956346,,,0.2035491442121557,p
2015-11-04,IM,current,IM1511,2015-11-20,9396.842,,,0.053539348137577734,,,1.0,y
2015-11-04,IM,current,IM1511,2015-11-20,9396.842,,,0.053539348137577734,,,1.0,d
2015-11-04,IM,current,IM1511,2015-11-20,9396.842,,,0.053539348137577734,,,1.0,p
2015-11-04,IM,next,IM1512,2015-12-18,9396.842,,,0.053539348137577734,,,1.0,y
2015-11-04,IM,next,IM1512,2015-12-18,9396.842,,,0.053539348137577734,,,1.0,d
2015-11-04,IM,next,IM1512,2015-12-18,9396.842,,,0.053539348137577734,,,1.0,p
2015-11-04,IM,q1,IM1512,2015-12-18,9396.842,,,0.053539348137577734,,,1.0,y
2015-11-04,IM,q1,IM1512,2015-12-18,9396.842,,,0.053539348137577734,,,1.0,d
2015-11-04,IM,q1,IM1512,2015-12-18,9396.842,,,0.053539348137577734,,,1.0,p
2015-11-04,IM,q2,IM1603,2016-03-18,9396.842,,,0.25756677446437465,,,0.20786589516025883,y
2015-11-04,IM,q2,IM1603,2016-03-18,9396.842,,,0.25320553623752134,,,0.21144619874091045,d
2015-11-04,IM,q2,IM1603,2016-03-18,9396.842,,,0.2630290996545513,,,0.2035491442121557,p
2015-11-05,IM,current,IM1511,2015-11-20,9391.446,,,0.0535086039447361,,,1.0,y
2015-11-05,IM,current,IM1511,2015-11-20,9391.446,,,0.0535086039447361,,,1.0,d
2015-11-05,IM,current,IM1511,2015-11-20,9391.446,,,0.0535086039447361,,,1.0,p
2015-11-05,IM,next,IM1512,2015-12-18,9391.446,,,0.0535086039447361,,,1.0,y
2015-11-05,IM,next,IM1512,2015-12-18,9391.446,,,0.0535086039447361,,,1.0,d
2015-11-05,IM,next,IM1512,2015-12-18,9391.446,,,0.0535086039447361,,,1.0,p
2015-11-05,IM,q1,IM1512,2015-12-18,9391.446,,,0.0535086039447361,,,1.0,y
2015-11-05,IM,q1,IM1512,2015-12-18,9391.446,,,0.0535086039447361,,,1.0,d
2015-11-05,IM,q1,IM1512,2015-12-18,9391.446,,,0.0535086039447361,,,1.0,p
2015-11-05,IM,q2,IM1603,2016-03-18,9391.446,,,0.2574188704861009,,,0.20786589516025883,y
2015-11-05,IM,q2,IM1603,2016-03-18,9391.446,,,0.2530601366369387,,,0.21144619874091045,d
2015-11-05,IM,q2,IM1603,2016-03-18,9391.446,,,0.2628780590153944,,,0.2035491442121557,p
2015-11-06,IM,current,IM1511,2015-11-20,9629.28,,,0.05486368444145539,,,1.0,y
2015-11-06,IM,current,IM1511,2015-11-20,9629.28,,,0.05486368444145539,,,1.0,d
2015-11-06,IM,current,IM1511,2015-11-20,9629.28,,,0.05486368444145539,,,1.0,p
2015-11-06,IM,next,IM1512,2015-12-18,9629.28,,,0.05486368444145539,,,1.0,y
2015-11-06,IM,next,IM1512,2015-12-18,9629.28,,,0.05486368444145539,,,1.0,d
2015-11-06,IM,next,IM1512,2015-12-18,9629.28,,,0.05486368444145539,,,1.0,p
2015-11-06,IM,q1,IM1512,2015-12-18,9629.28,,,0.05486368444145539,,,1.0,y
2015-11-06,IM,q1,IM1512,2015-12-18,9629.28,,,0.05486368444145539,,,1.0,d
2015-11-06,IM,q1,IM1512,2015-12-18,9629.28,,,0.05486368444145539,,,1.0,p
2015-11-06,IM,q2,IM1603,2016-03-18,9629.28,,,0.26393788360114107,,,0.20786589516025883,y
2015-11-06,IM,q2,IM1603,2016-03-18,9629.28,,,0.25946876684541886,,,0.21144619874091045,d
2015-11-06,IM,q2,IM1603,2016-03-18,9629.28,,,0.2695353235397145,,,0.2035491442121557,p
2015-11-09,IM,current,IM1511,2015-11-20,9816.034,,,0.05592773206746476,,,1.0,y
2015-11-09,IM,current,IM1511,2015-11-20,9816.034,,,0.05592773206746476,,,1.0,d
2015-11-09,IM,current,IM1511,2015-11-20,9816.034,,,0.05592773206746476,,,1.0,p
2015-11-09,IM,next,IM1512,2015-12-18,9816.034,,,0.05592773206746476,,,1.0,y
2015-11-09,IM,next,IM1512,2015-12-18,9816.034,,,0.05592773206746476,,,1.0,d
2015-11-09,IM,next,IM1512,2015-12-18,9816.034,,,0.05592773206746476,,,1.0,p
2015-11-09,IM,q1,IM1512,2015-12-18,9816.034,,,0.05592773206746476,,,1.0,y
2015-11-09,IM,q1,IM1512,2015-12-18,9816.034,,,0.05592773206746476,,,1.0,d
2015-11-09,IM,q1,IM1512,2015-12-18,9816.034,,,0.05592773206746476,,,1.0,p
2015-11-09,IM,q2,IM1603,2016-03-18,9816.034,,,0.2690567975297055,,,0.20786589516025883,y
2015-11-09,IM,q2,IM1603,2016-03-18,9816.034,,,0.2645010049861157,,,0.21144619874091045,d
2015-11-09,IM,q2,IM1603,2016-03-18,9816.034,,,0.2747627963946253,,,0.2035491442121557,p
2015-11-10,IM,current,IM1511,2015-11-20,9911.24,,,0.0,,,,y
2015-11-10,IM,current,IM1511,2015-11-20,9911.24,,,0.0,,,,d
2015-11-10,IM,current,IM1511,2015-11-20,9911.24,,,0.0,,,,p
2015-11-10,IM,next,IM1512,2015-12-18,9911.24,,,0.0,,,,y
2015-11-10,IM,next,IM1512,2015-12-18,9911.24,,,0.0,,,,d
2015-11-10,IM,next,IM1512,2015-12-18,9911.24,,,0.0,,,,p
2015-11-10,IM,q1,IM1512,2015-12-18,9911.24,,,0.0,,,,y
2015-11-10,IM,q1,IM1512,2015-12-18,9911.24,,,0.0,,,,d
2015-11-10,IM,q1,IM1512,2015-12-18,9911.24,,,0.0,,,,p
2015-11-10,IM,q2,IM1603,2016-03-18,9911.24,,,0.2151962104829689,,,0.0,y
2015-11-10,IM,q2,IM1603,2016-03-18,9911.24,,,0.21059623117465257,,,0.0,d
2015-11-10,IM,q2,IM1603,2016-03-18,9911.24,,,0.22095755199726555,,,0.0,p
2015-11-11,IM,current,IM1511,2015-11-20,10100.51,,,0.0,,,,y
2015-11-11,IM,current,IM1511,2015-11-20,10100.51,,,0.0,,,,d
2015-11-11,IM,current,IM1511,2015-11-20,10100.51,,,0.0,,,,p
2015-11-11,IM,next,IM1512,2015-12-18,10100.51,,,0.0,,,,y
2015-11-11,IM,next,IM1512,2015-12-18,10100.51,,,0.0,,,,d
2015-11-11,IM,next,IM1512,2015-12-18,10100.51,,,0.0,,,,p
2015-11-11,IM,q1,IM1512,2015-12-18,10100.51,,,0.0,,,,y
2015-11-11,IM,q1,IM1512,2015-12-18,10100.51,,,0.0,,,,d
2015-11-11,IM,q1,IM1512,2015-12-18,10100.51,,,0.0,,,,p
2015-11-11,IM,q2,IM1603,2016-03-18,10100.51,,,0.21930570503240085,,,0.0,y
2015-11-11,IM,q2,IM1603,2016-03-18,10100.51,,,0.21461788221674485,,,0.0,d
2015-11-11,IM,q2,IM1603,2016-03-18,10100.51,,,0.22517706800802936,,,0.0,p
2015-11-12,IM,current,IM1511,2015-11-20,10135.08,,,0.0,,,,y
2015-11-12,IM,current,IM1511,2015-11-20,10135.08,,,0.0,,,,d
2015-11-12,IM,current,IM1511,2015-11-20,10135.08,,,0.0,,,,p
2015-11-12,IM,next,IM1512,2015-12-18,10135.08,,,0.0,,,,y
2015-11-12,IM,next,IM1512,2015-12-18,10135.08,,,0.0,,,,d
2015-11-12,IM,next,IM1512,2015-12-18,10135.08,,,0.0,,,,p
2015-11-12,IM,q1,IM1512,2015-12-18,10135.08,,,0.0,,,,y
2015-11-12,IM,q1,IM1512,2015-12-18,10135.08,,,0.0,,,,d
2015-11-12,IM,q1,IM1512,2015-12-18,10135.08,,,0.0,,,,p
2015-11-12,IM,q2,IM1603,2016-03-18,10135.08,,,0.22005630061846235,,,0.0,y
2015-11-12,IM,q2,IM1603,2016-03-18,10135.08,,,0.21535243326300219,,,0.0,d
2015-11-12,IM,q2,IM1603,2016-03-18,10135.08,,,0.225947758917799,,,0.0,p
2015-11-13,IM,current,IM1511,2015-11-20,9934.769,,,0.0,,,,y
2015-11-13,IM,current,IM1511,2015-11-20,9934.769,,,0.0,,,,d
2015-11-13,IM,current,IM1511,2015-11-20,9934.769,,,0.0,,,,p
2015-11-13,IM,next,IM1512,2015-12-18,9934.769,,,0.0,,,,y
2015-11-13,IM,next,IM1512,2015-12-18,9934.769,,,0.0,,,,d
2015-11-13,IM,next,IM1512,2015-12-18,9934.769,,,0.0,,,,p
2015-11-13,IM,q1,IM1512,2015-12-18,9934.769,,,0.0,,,,y
2015-11-13,IM,q1,IM1512,2015-12-18,9934.769,,,0.0,,,,d
2015-11-13,IM,q1,IM1512,2015-12-18,9934.769,,,0.0,,,,p
2015-11-13,IM,q2,IM1603,2016-03-18,9934.769,,,0.21570708012556197,,,0.0,y
2015-11-13,IM,q2,IM1603,2016-03-18,9934.769,,,0.21109618059806565,,,0.0,d
2015-11-13,IM,q2,IM1603,2016-03-18,9934.769,,,0.22148209889966564,,,0.0,p
2015-11-16,IM,current,IM1511,2015-11-20,10194.78,,,0.0,,,,y
2015-11-16,IM,current,IM1511,2015-11-20,10194.78,,,0.0,,,,d
2015-11-16,IM,current,IM1511,2015-11-20,10194.78,,,0.0,,,,p
2015-11-16,IM,next,IM1512,2015-12-18,10194.78,,,0.0,,,,y
2015-11-16,IM,next,IM1512,2015-12-18,10194.78,,,0.0,,,,d
2015-11-16,IM,next,IM1512,2015-12-18,10194.78,,,0.0,,,,p
2015-11-16,IM,q1,IM1512,2015-12-18,10194.78,,,0.0,,,,y
2015-11-16,IM,q1,IM1512,2015-12-18,10194.78,,,0.0,,,,d
2015-11-16,IM,q1,IM1512,2015-12-18,10194.78,,,0.0,,,,p
2015-11-16,IM,q2,IM1603,2016-03-18,10194.78,,,0.2213525273030985,,,0.0,y
2015-11-16,IM,q2,IM1603,2016-03-18,10194.78,,,0.21662095213663726,,,0.0,d
2015-11-16,IM,q2,IM1603,2016-03-18,10194.78,,,0.2272786888371872,,,0.0,p
2015-11-17,IM,current,IM1511,2015-11-20,10109.4,,,0.0,,,,y
2015-11-17,IM,current,IM1511,2015-11-20,10109.4,,,0.0,,,,d
2015-11-17,IM,current,IM1511,2015-11-20,10109.4,,,0.0,,,,p
2015-11-17,IM,next,IM1512,2015-12-18,10109.4,,,0.0,,,,y
2015-11-17,IM,next,IM1512,2015-12-18,10109.4,,,0.0,,,,d
2015-11-17,IM,next,IM1512,2015-12-18,10109.4,,,0.0,,,,p
2015-11-17,IM,q1,IM1512,2015-12-18,10109.4,,,0.0,,,,y
2015-11-17,IM,q1,IM1512,2015-12-18,10109.4,,,0.0,,,,d
2015-11-17,IM,q1,IM1512,2015-12-18,10109.4,,,0.0,,,,p
2015-11-17,IM,q2,IM1603,2016-03-18,10109.4,,,0.2194987277330108,,,0.0,y
2015-11-17,IM,q2,IM1603,2016-03-18,10109.4,,,0.21480677891333808,,,0.0,d
2015-11-17,IM,q2,IM1603,2016-03-18,10109.4,,,0.22537525840976066,,,0.0,p
2015-11-18,IM,current,IM1511,2015-11-20,9928.663,,,0.0,,,,y
2015-11-18,IM,current,IM1511,2015-11-20,9928.663,,,0.0,,,,d
2015-11-18,IM,current,IM1511,2015-11-20,9928.663,,,0.0,,,,p
2015-11-18,IM,next,IM1512,2015-12-18,9928.663,,,0.0,,,,y
2015-11-18,IM,next,IM1512,2015-12-18,9928.663,,,0.0,,,,d
2015-11-18,IM,next,IM1512,2015-12-18,9928.663,,,0.0,,,,p
2015-11-18,IM,q1,IM1512,2015-12-18,9928.663,,,0.0,,,,y
2015-11-18,IM,q1,IM1512,2015-12-18,9928.663,,,0.0,,,,d
2015-11-18,IM,q1,IM1512,2015-12-18,9928.663,,,0.0,,,,p
2015-11-18,IM,q2,IM1603,2016-03-18,9928.663,,,0.2155745045788888,,,0.0,y
2015-11-18,IM,q2,IM1603,2016-03-18,9928.663,,,0.21096643895246406,,,0.0,d
2015-11-18,IM,q2,IM1603,2016-03-18,9928.663,,,0.2213459739735721,,,0.0,p
2015-11-19,IM,current,IM1511,2015-11-20,10235.35,,,0.0,,,,y
2015-11-19,IM,current,IM1511,2015-11-20,10235.35,,,0.0,,,,d
2015-11-19,IM,current,IM1511,2015-11-20,10235.35,,,0.0,,,,p
2015-11-19,IM,next,IM1512,2015-12-18,10235.35,,,0.0,,,,y
2015-11-19,IM,next,IM1512,2015-12-18,10235.35,,,0.0,,,,d
2015-11-19,IM,next,IM1512,2015-12-18,10235.35,,,0.0,,,,p
2015-11-19,IM,q1,IM1512,2015-12-18,10235.35,,,0.0,,,,y
2015-11-19,IM,q1,IM1512,2015-12-18,10235.35,,,0.0,,,,d
2015-11-19,IM,q1,IM1512,2015-12-18,10235.35,,,0.0,,,,p
2015-11-19,IM,q2,IM1603,2016-03-18,10235.35,,,0.2222333969278169,,,0.0,y
2015-11-19,IM,q2,IM1603,2016-03-18,10235.35,,,0.2174829925169283,,,0.0,d
2015-11-19,IM,q2,IM1603,2016-03-18,10235.35,,,0.22818314154790037,,,0.0,p
2015-11-20,IM,current,IM1511,2015-11-20,10440.35,,,0.0,,,,y
2015-11-20,IM,current,IM1511,2015-11-20,10440.35,,,0.0,,,,d
2015-11-20,IM,current,IM1511,2015-11-20,10440.35,,,0.0,,,,p
2015-11-20,IM,next,IM1512,2015-12-18,10440.35,,,0.0,,,,y
2015-11-20,IM,next,IM1512,2015-12-18,10440.35,,,0.0,,,,d
2015-11-20,IM,next,IM1512,2015-12-18,10440.35,,,0.0,,,,p
2015-11-20,IM,q1,IM1512,2015-12-18,10440.35,,,0.0,,,,y
2015-11-20,IM,q1,IM1512,2015-12-18,10440.35,,,0.0,,,,d
2015-11-20,IM,q1,IM1512,2015-12-18,10440.35,,,0.0,,,,p
2015-11-20,IM,q2,IM1603,2016-03-18,10440.35,,,0.22668442658192767,,,0.0,y
2015-11-20,IM,q2,IM1603,2016-03-18,10440.35,,,0.22183887809641217,,,0.0,d
2015-11-20,IM,q2,IM1603,2016-03-18,10440.35,,,0.23275333641347112,,,0.0,p
2015-11-23,IM,current,IM1512,2015-12-18,10341.42,,,0.0,,,,y
2015-11-23,IM,current,IM1512,2015-12-18,10341.42,,,0.0,,,,d
2015-11-23,IM,current,IM1512,2015-12-18,10341.42,,,0.0,,,,p
2015-11-23,IM,next,IM1601,2016-01-15,10341.42,,,0.0,,,,y
2015-11-23,IM,next,IM1601,2016-01-15,10341.42,,,0.0,,,,d
2015-11-23,IM,next,IM1601,2016-01-15,10341.42,,,0.0,,,,p
2015-11-23,IM,q1,IM1603,2016-03-18,10341.42,,,0.22453642480787314,,,0.0,y
2015-11-23,IM,q1,IM1603,2016-03-18,10341.42,,,0.21973679146042027,,,0.0,d
2015-11-23,IM,q1,IM1603,2016-03-18,10341.42,,,0.23054782725224715,,,0.0,p
2015-11-23,IM,q2,IM1606,2016-06-17,10341.42,,,7.373197519121751,,,0.0,y
2015-11-23,IM,q2,IM1606,2016-06-17,10341.42,,,5.508828549332761,,,0.0,d
2015-11-23,IM,q2,IM1606,2016-06-17,10341.42,,,5.427465578453279,,,0.0,p
2015-11-24,IM,current,IM1512,2015-12-18,10459.6,,,0.0,,,,y
2015-11-24,IM,current,IM1512,2015-12-18,10459.6,,,0.0,,,,d
2015-11-24,IM,current,IM1512,2015-12-18,10459.6,,,0.0,,,,p
2015-11-24,IM,next,IM1601,2016-01-15,10459.6,,,0.0,,,,y
2015-11-24,IM,next,IM1601,2016-01-15,10459.6,,,0.0,,,,d
2015-11-24,IM,next,IM1601,2016-01-15,10459.6,,,0.0,,,,p
2015-11-24,IM,q1,IM1603,2016-03-18,10459.6,,,0.22710238912261854,,,0.0,y
2015-11-24,IM,q1,IM1603,2016-03-18,10459.6,,,0.22224790637643688,,,0.0,d
2015-11-24,IM,q1,IM1603,2016-03-18,10459.6,,,0.23318248885816498,,,0.0,p
2015-11-24,IM,q2,IM1606,2016-06-17,10459.6,,,7.457457174257101,,,0.0,y
2015-11-24,IM,q2,IM1606,2016-06-17,10459.6,,,5.571782510970539,,,0.0,d
2015-11-24,IM,q2,IM1606,2016-06-17,10459.6,,,5.48948973781066,,,0.0,p
2015-11-25,IM,current,IM1512,2015-12-18,10696.31,,,0.0,,,,y
2015-11-25,IM,current,IM1512,2015-12-18,10696.31,,,0.0,,,,d
2015-11-25,IM,current,IM1512,2015-12-18,10696.31,,,0.0,,,,p
2015-11-25,IM,next,IM1601,2016-01-15,10696.31,,,0.0,,,,y
2015-11-25,IM,next,IM1601,2016-01-15,10696.31,,,0.0,,,,d
2015-11-25,IM,next,IM1601,2016-01-15,10696.31,,,0.0,,,,p
2015-11-25,IM,q1,IM1603,2016-03-18,10696.31,,,0.232241917071031,,,0.0,y
2015-11-25,IM,q1,IM1603,2016-03-18,10696.31,,,0.2272775730862887,,,0.0,d
2015-11-25,IM,q1,IM1603,2016-03-18,10696.31,,,0.2384596148417223,,,0.0,p
2015-11-25,IM,q2,IM1606,2016-06-17,10696.31,,,7.626226026576347,,,0.0,y
2015-11-25,IM,q2,IM1606,2016-06-17,10696.31,,,5.697876877693151,,,0.0,d
2015-11-25,IM,q2,IM1606,2016-06-17,10696.31,,,5.6137217462849,,,0.0,p
2015-11-26,IM,current,IM1512,2015-12-18,10620.83,,,0.0,,,,y
2015-11-26,IM,current,IM1512,2015-12-18,10620.83,,,0.0,,,,d
2015-11-26,IM,current,IM1512,2015-12-18,10620.83,,,0.0,,,,p
2015-11-26,IM,next,IM1601,2016-01-15,10620.83,,,0.0,,,,y
2015-11-26,IM,next,IM1601,2016-01-15,10620.83,,,0.0,,,,d
2015-11-26,IM,next,IM1601,2016-01-15,10620.83,,,0.0,,,,p
2015-11-26,IM,q1,IM1603,2016-03-18,10620.83,,,0.2306030696647272,,,0.0,y
2015-11-26,IM,q1,IM1603,2016-03-18,10620.83,,,0.2256737572641451,,,0.0,d
2015-11-26,IM,q1,IM1603,2016-03-18,10620.83,,,0.23677689138585262,,,0.0,p
2015-11-26,IM,q2,IM1606,2016-06-17,10620.83,,,7.572410501363823,,,0.0,y
2015-11-26,IM,q2,IM1606,2016-06-17,10620.83,,,5.657669016596354,,,0.0,d
2015-11-26,IM,q2,IM1606,2016-06-17,10620.83,,,5.574107737583807,,,0.0,p
2015-11-27,IM,current,IM1512,2015-12-18,9933.496,,,0.0,,,,y
2015-11-27,IM,current,IM1512,2015-12-18,9933.496,,,0.0,,,,d
2015-11-27,IM,current,IM1512,2015-12-18,9933.496,,,0.0,,,,p
2015-11-27,IM,next,IM1601,2016-01-15,9933.496,,,0.0,,,,y
2015-11-27,IM,next,IM1601,2016-01-15,9933.496,,,0.0,,,,d
2015-11-27,IM,next,IM1601,2016-01-15,9933.496,,,0.0,,,,p
2015-11-27,IM,q1,IM1603,2016-03-18,9933.496,,,0.2156794403170269,,,0.0,y
2015-11-27,IM,q1,IM1603,2016-03-18,9933.496,,,0.21106913161102814,,,0.0,d
2015-11-27,IM,q1,IM1603,2016-03-18,9933.496,,,0.2214537191042321,,,0.0,p
2015-11-27,IM,q2,IM1606,2016-06-17,9933.496,,,7.082356974516636,,,0.0,y
2015-11-27,IM,q2,IM1606,2016-06-17,9933.496,,,5.291529244483135,,,0.0,d
2015-11-27,IM,q2,IM1606,2016-06-17,9933.496,,,5.213375688609816,,,0.0,p
2015-11-30,IM,current,IM1512,2015-12-18,10001.19,,,0.0,,,,y
2015-11-30,IM,current,IM1512,2015-12-18,10001.19,,,0.0,,,,d
2015-11-30,IM,current,IM1512,2015-12-18,10001.19,,,0.0,,,,p
2015-11-30,IM,next,IM1601,2016-01-15,10001.19,,,0.0,,,,y
2015-11-30,IM,next,IM1601,2016-01-15,10001.19,,,0.0,,,,d
2015-11-30,IM,next,IM1601,2016-01-15,10001.19,,,0.0,,,,p
2015-11-30,IM,q1,IM1603,2016-03-18,10001.19,,,0.21714923544583364,,,0.0,y
2015-11-30,IM,q1,IM1603,2016-03-18,10001.19,,,0.21250750877404076,,,0.0,d
2015-11-30,IM,q1,IM1603,2016-03-18,10001.19,,,0.22296286432974405,,,0.0,p
2015-11-30,IM,q2,IM1606,2016-06-17,10001.19,,,7.130621258614897,,,0.0,y
2015-11-30,IM,q2,IM1606,2016-06-17,10001.19,,,5.327589537926254,,,0.0,d
2015-11-30,IM,q2,IM1606,2016-06-17,10001.19,,,5.248903387404356,,,0.0,p
2015-12-01,IM,current,IM1512,2015-12-18,9955.205,,,0.0,,,,y
2015-12-01,IM,current,IM1512,2015-12-18,9955.205,,,0.0,,,,d
2015-12-01,IM,current,IM1512,2015-12-18,9955.205,,,0.0,,,,p
2015-12-01,IM,next,IM1601,2016-01-15,9955.205,,,0.0,,,,y
2015-12-01,IM,next,IM1601,2016-01-15,9955.205,,,0.0,,,,d
2015-12-01,IM,next,IM1601,2016-01-15,9955.205,,,0.0,,,,p
2015-12-01,IM,q1,IM1603,2016-03-18,9955.205,,,0.21615079350122737,,,0.0,y
2015-12-01,IM,q1,IM1603,2016-03-18,9955.205,,,0.21153040926978434,,,0.0,d
2015-12-01,IM,q1,IM1603,2016-03-18,9955.205,,,0.22193769159367932,,,0.0,p
2015-12-01,IM,q2,IM1606,2016-06-17,9955.205,,,7.0978349983221305,,,0.0,y
2015-12-01,IM,q2,IM1606,2016-06-17,9955.205,,,5.30309353246075,,,0.0,d
2015-12-01,IM,q2,IM1606,2016-06-17,9955.205,,,5.224769177148397,,,0.0,p
2015-12-02,IM,current,IM1512,2015-12-18,9822.055,,,0.0,,,,y
2015-12-02,IM,current,IM1512,2015-12-18,9822.055,,,0.0,,,,d
2015-12-02,IM,current,IM1512,2015-12-18,9822.055,,,0.0,,,,p
2015-12-02,IM,next,IM1601,2016-01-15,9822.055,,,0.0,,,,y
2015-12-02,IM,next,IM1601,2016-01-15,9822.055,,,0.0,,,,d
2015-12-02,IM,next,IM1601,2016-01-15,9822.055,,,0.0,,,,p
2015-12-02,IM,q1,IM1603,2016-03-18,9822.055,,,0.21325979546003299,,,0.0,y
2015-12-02,IM,q1,IM1603,2016-03-18,9822.055,,,0.20870120846535373,,,0.0,d
2015-12-02,IM,q1,IM1603,2016-03-18,9822.055,,,0.2189692942944074,,,0.0,p
2015-12-02,IM,q2,IM1606,2016-06-17,9822.055,,,7.002902073281754,,,0.0,y
2015-12-02,IM,q2,IM1606,2016-06-17,9822.055,,,5.232165118244554,,,0.0,d
2015-12-02,IM,q2,IM1606,2016-06-17,9822.055,,,5.15488834436421,,,0.0,p
2015-12-03,IM,current,IM1512,2015-12-18,10102.89,,,0.0,,,,y
2015-12-03,IM,current,IM1512,2015-12-18,10102.89,,,0.0,,,,d
2015-12-03,IM,current,IM1512,2015-12-18,10102.89,,,0.0,,,,p
2015-12-03,IM,next,IM1601,2016-01-15,10102.89,,,0.0,,,,y
2015-12-03,IM,next,IM1601,2016-01-15,10102.89,,,0.0,,,,d
2015-12-03,IM,next,IM1601,2016-01-15,10102.89,,,0.0,,,,p
2015-12-03,IM,q1,IM1603,2016-03-18,10102.89,,,0.21935738040106806,,,0.0,y
2015-12-03,IM,q1,IM1603,2016-03-18,10102.89,,,0.21466845298591153,,,0.0,d
2015-12-03,IM,q1,IM1603,2016-03-18,10102.89,,,0.22523012685573693,,,0.0,p
2015-12-03,IM,q2,IM1606,2016-06-17,10102.89,,,7.203131048150055,,,0.0,y
2015-12-03,IM,q2,IM1606,2016-06-17,10102.89,,,5.381764676685451,,,0.0,d
2015-12-03,IM,q2,IM1606,2016-06-17,10102.89,,,5.302278383229754,,,0.0,p
2015-12-04,IM,current,IM1512,2015-12-18,10081.57,,,0.0,,,,y
2015-12-04,IM,current,IM1512,2015-12-18,10081.57,,,0.0,,,,d
2015-12-04,IM,current,IM1512,2015-12-18,10081.57,,,0.0,,,,p
2015-12-04,IM,next,IM1601,2016-01-15,10081.57,,,0.0,,,,y
2015-12-04,IM,next,IM1601,2016-01-15,10081.57,,,0.0,,,,d
2015-12-04,IM,next,IM1601,2016-01-15,10081.57,,,0.0,,,,p
2015-12-04,IM,q1,IM1603,2016-03-18,10081.57,,,0.21889447331704054,,,0.0,y
2015-12-04,IM,q1,IM1603,2016-03-18,10081.57,,,0.2142154408856452,,,0.0,d
2015-12-04,IM,q1,IM1603,2016-03-18,10081.57,,,0.2247548265897176,,,0.0,p
2015-12-04,IM,q2,IM1606,2016-06-17,10081.57,,,7.18793037250709,,,0.0,y
2015-12-04,IM,q2,IM1606,2016-06-17,10081.57,,,5.370407607281852,,,0.0,d
2015-12-04,IM,q2,IM1606,2016-06-17,10081.57,,,5.291089052738137,,,0.0,p
2015-12-07,IM,current,IM1512,2015-12-18,10238.02,,,0.0,,,,y
2015-12-07,IM,current,IM1512,2015-12-18,10238.02,,,0.0,,,,d
2015-12-07,IM,current,IM1512,2015-12-18,10238.02,,,0.0,,,,p
2015-12-07,IM,next,IM1601,2016-01-15,10238.02,,,0.0,,,,y
2015-12-07,IM,next,IM1601,2016-01-15,10238.02,,,0.0,,,,d
2015-12-07,IM,next,IM1601,2016-01-15,10238.02,,,0.0,,,,p
2015-12-07,IM,q1,IM1603,2016-03-18,10238.02,,,0.22229136887501924,,,0.0,y
2015-12-07,IM,q1,IM1603,2016-03-18,10238.02,,,0.21753972527057328,,,0.0,d
2015-12-07,IM,q1,IM1603,2016-03-18,10238.02,,,0.22824266554932027,,,0.0,p
2015-12-07,IM,q2,IM1606,2016-06-17,10238.02,,,7.299475668207932,,,0.0,y
2015-12-07,IM,q2,IM1606,2016-06-17,10238.02,,,5.453747828116429,,,0.0,d
2015-12-07,IM,q2,IM1606,2016-06-17,10238.02,,,5.373198375224702,,,0.0,p
2015-12-08,IM,current,IM1512,2015-12-18,10057.74,,,0.0,,,,y
2015-12-08,IM,current,IM1512,2015-12-18,10057.74,,,0.0,,,,d
2015-12-08,IM,current,IM1512,2015-12-18,10057.74,,,0.0,,,,p
2015-12-08,IM,next,IM1601,2016-01-15,10057.74,,,0.0,,,,y
2015-12-08,IM,next,IM1601,2016-01-15,10057.74,,,0.0,,,,d
2015-12-08,IM,next,IM1601,2016-01-15,10057.74,,,0.0,,,,p
2015-12-08,IM,q1,IM1603,2016-03-18,10057.74,,,0.2183770682601749,,,0.0,y
2015-12-08,IM,q1,IM1603,2016-03-18,10057.74,,,0.21370909574730812,,,0.0,d
2015-12-08,IM,q1,IM1603,2016-03-18,10057.74,,,0.22422356930363685,,,0.0,p
2015-12-08,IM,q2,IM1606,2016-06-17,10057.74,,,7.170940123887396,,,0.0,y
2015-12-08,IM,q2,IM1606,2016-06-17,10057.74,,,5.35771347201507,,,0.0,d
2015-12-08,IM,q2,IM1606,2016-06-17,10057.74,,,5.278582404257121,,,0.0,p
2015-12-09,IM,current,IM1512,2015-12-18,10034.194,,,0.0,,,,y
2015-12-09,IM,current,IM1512,2015-12-18,10034.194,,,0.0,,,,d
2015-12-09,IM,current,IM1512,2015-12-18,10034.194,,,0.0,,,,p
2015-12-09,IM,next,IM1601,2016-01-15,10034.194,,,0.0,,,,y
2015-12-09,IM,next,IM1601,2016-01-15,10034.194,,,0.0,,,,d
2015-12-09,IM,next,IM1601,2016-01-15,10034.194,,,0.0,,,,p
2015-12-09,IM,q1,IM1603,2016-03-18,10034.194,,,0.21786582950780567,,,0.0,y
2015-12-09,IM,q1,IM1603,2016-03-18,10034.194,,,0.2132087851041153,,,0.0,d
2015-12-09,IM,q1,IM1603,2016-03-18,10034.194,,,0.22369864340946743,,,0.0,p
2015-12-09,IM,q2,IM1606,2016-06-17,10034.194,,,7.154152360815667,,,0.0,y
2015-12-09,IM,q2,IM1606,2016-06-17,10034.194,,,5.345170622288186,,,0.0,d
2015-12-09,IM,q2,IM1606,2016-06-17,10034.194,,,5.266224806895225,,,0.0,p
2015-12-10,IM,current,IM1512,2015-12-18,10035.45,,,0.0,,,,y
2015-12-10,IM,current,IM1512,2015-12-18,10035.45,,,0.0,,,,d
2015-12-10,IM,current,IM1512,2015-12-18,10035.45,,,0.0,,,,p
2015-12-10,IM,next,IM1601,2016-01-15,10035.45,,,0.0,,,,y
2015-12-10,IM,next,IM1601,2016-01-15,10035.45,,,0.0,,,,d
2015-12-10,IM,next,IM1601,2016-01-15,10035.45,,,0.0,,,,p
2015-12-10,IM,q1,IM1603,2016-03-18,10035.45,,,0.21789310020656452,,,0.0,y
2015-12-10,IM,q1,IM1603,2016-03-18,10035.45,,,0.21323547287137304,,,0.0,d
2015-12-10,IM,q1,IM1603,2016-03-18,10035.45,,,0.22372664421313165,,,0.0,p
2015-12-10,IM,q2,IM1606,2016-06-17,10035.45,,,7.1550478602813135,,,0.0,y
2015-12-10,IM,q2,IM1606,2016-06-17,10035.45,,,5.3458396879153405,,,0.0,d
2015-12-10,IM,q2,IM1606,2016-06-17,10035.45,,,5.266883990717809,,,0.0,p
2015-12-11,IM,current,IM1512,2015-12-18,9946.121,,,0.0,,,,y
2015-12-11,IM,current,IM1512,2015-12-18,9946.121,,,0.0,,,,d
2015-12-11,IM,current,IM1512,2015-12-18,9946.121,,,0.0,,,,p
2015-12-11,IM,next,IM1601,2016-01-15,9946.121,,,0.0,,,,y
2015-12-11,IM,next,IM1601,2016-01-15,9946.121,,,0.0,,,,d
2015-12-11,IM,next,IM1601,2016-01-15,9946.121,,,0.0,,,,p
2015-12-11,IM,q1,IM1603,2016-03-18,9946.121,,,0.2159535586067008,,,0.0,y
2015-12-11,IM,q1,IM1603,2016-03-18,9946.121,,,0.21133739041805732,,,0.0,d
2015-12-11,IM,q1,IM1603,2016-03-18,9946.121,,,0.22173517622705077,,,0.0,p
2015-12-11,IM,q2,IM1606,2016-06-17,9946.121,,,7.091358312696394,,,0.0,y
2015-12-11,IM,q2,IM1606,2016-06-17,9946.121,,,5.298254525966271,,,0.0,d
2015-12-11,IM,q2,IM1606,2016-06-17,9946.121,,,5.220001640648122,,,0.0,p
2015-12-14,IM,current,IM1512,2015-12-18,10118.9,,,0.0,,,,y
2015-12-14,IM,current,IM1512,2015-12-18,10118.9,,,0.0,,,,d
2015-12-14,IM,current,IM1512,2015-12-18,10118.9,,,0.0,,,,p
2015-12-14,IM,next,IM1601,2016-01-15,10118.9,,,0.0,,,,y
2015-12-14,IM,next,IM1601,2016-01-15,10118.9,,,0.0,,,,d
2015-12-14,IM,next,IM1601,2016-01-15,10118.9,,,0.0,,,,p
2015-12-14,IM,q1,IM1603,2016-03-18,10118.9,,,0.21970499496088422,,,0.0,y
2015-12-14,IM,q1,IM1603,2016-03-18,10118.9,,,0.21500863702555806,,,0.0,d
2015-12-14,IM,q1,IM1603,2016-03-18,10118.9,,,0.22558704792792128,,,0.0,p
2015-12-14,IM,q2,IM1606,2016-06-17,10118.9,,,7.21454581442791,,,0.0,y
2015-12-14,IM,q2,IM1606,2016-06-17,10118.9,,,5.390293132649411,,,0.0,d
2015-12-14,IM,q2,IM1606,2016-06-17,10118.9,,,5.310680877656152,,,0.0,p
2015-12-15,IM,current,IM1512,2015-12-18,10278.47,,,0.0,,,,y
2015-12-15,IM,current,IM1512,2015-12-18,10278.47,,,0.0,,,,d
2015-12-15,IM,current,IM1512,2015-12-18,10278.47,,,0.0,,,,p
2015-12-15,IM,next,IM1601,2016-01-15,10278.47,,,0.0,,,,y
2015-12-15,IM,next,IM1601,2016-01-15,10278.47,,,0.0,,,,d
2015-12-15,IM,next,IM1601,2016-01-15,10278.47,,,0.0,,,,p
2015-12-15,IM,q1,IM1603,2016-03-18,10278.47,,,0.22316963301896448,,,0.0,y
2015-12-15,IM,q1,IM1603,2016-03-18,10278.47,,,0.21839921586418362,,,0.0,d
2015-12-15,IM,q1,IM1603,2016-03-18,10278.47,,,0.22914444302401454,,,0.0,p
2015-12-15,IM,q2,IM1606,2016-06-17,10278.47,,,7.328315599247235,,,0.0,y
2015-12-15,IM,q2,IM1606,2016-06-17,10278.47,,,5.475295363640613,,,0.0,d
2015-12-15,IM,q2,IM1606,2016-06-17,10278.47,,,5.3944276631414905,,,0.0,p
2015-12-16,IM,current,IM1512,2015-12-18,10374.23,,,0.0,,,,y
2015-12-16,IM,current,IM1512,2015-12-18,10374.23,,,0.0,,,,d
2015-12-16,IM,current,IM1512,2015-12-18,10374.23,,,0.0,,,,p
2015-12-16,IM,next,IM1601,2016-01-15,10374.23,,,0.0,,,,y
2015-12-16,IM,next,IM1601,2016-01-15,10374.23,,,0.0,,,,d
2015-12-16,IM,next,IM1601,2016-01-15,10374.23,,,0.0,,,,p
2015-12-16,IM,q1,IM1603,2016-03-18,10374.23,,,0.22524880667592861,,,0.0,y
2015-12-16,IM,q1,IM1603,2016-03-18,10374.23,,,0.22043394563536106,,,0.0,d
2015-12-16,IM,q1,IM1603,2016-03-18,10374.23,,,0.23127928136707337,,,0.0,p
2015-12-16,IM,q2,IM1606,2016-06-17,10374.23,,,7.396590303729898,,,0.0,y
2015-12-16,IM,q2,IM1606,2016-06-17,10374.23,,,5.526306290755468,,,0.0,d
2015-12-16,IM,q2,IM1606,2016-06-17,10374.23,,,5.444685181334609,,,0.0,p
2015-12-17,IM,current,IM1512,2015-12-18,10679.96,,,0.0,,,,y
2015-12-17,IM,current,IM1512,2015-12-18,10679.96,,,0.0,,,,d
2015-12-17,IM,current,IM1512,2015-12-18,10679.96,,,0.0,,,,p
2015-12-17,IM,next,IM1601,2016-01-15,10679.96,,,0.0,,,,y
2015-12-17,IM,next,IM1601,2016-01-15,10679.96,,,0.0,,,,d
2015-12-17,IM,next,IM1601,2016-01-15,10679.96,,,0.0,,,,p
2015-12-17,IM,q1,IM1603,2016-03-18,10679.96,,,0.23188692031569094,,,0.0,y
2015-12-17,IM,q1,IM1603,2016-03-18,10679.96,,,0.22693016465104693,,,0.0,d
2015-12-17,IM,q1,IM1603,2016-03-18,10679.96,,,0.23809511393415114,,,0.0,p
2015-12-17,IM,q2,IM1606,2016-06-17,10679.96,,,7.61456884802276,,,0.0,y
2015-12-17,IM,q2,IM1606,2016-06-17,10679.96,,,5.689167305237763,,,0.0,d
2015-12-17,IM,q2,IM1606,2016-06-17,10679.96,,,5.605140810377867,,,0.0,p
2015-12-18,IM,current,IM1512,2015-12-18,10629.97,,,0.0,,,,y
2015-12-18,IM,current,IM1512,2015-12-18,10629.97,,,0.0,,,,d
2015-12-18,IM,current,IM1512,2015-12-18,10629.97,,,0.0,,,,p
2015-12-18,IM,next,IM1601,2016-01-15,10629.97,,,0.0,,,,y
2015-12-18,IM,next,IM1601,2016-01-15,10629.97,,,0.0,,,,d
2015-12-18,IM,next,IM1601,2016-01-15,10629.97,,,0.0,,,,p
2015-12-18,IM,q1,IM1603,2016-03-18,10629.97,,,0.2308015204502812,,,0.0,y
2015-12-18,IM,q1,IM1603,2016-03-18,10629.97,,,0.22586796601632303,,,0.0,d
2015-12-18,IM,q1,IM1603,2016-03-18,10629.97,,,0.2369806551959566,,,0.0,p
2015-12-18,IM,q2,IM1606,2016-06-17,10629.97,,,7.578927113717326,,,0.0,y
2015-12-18,IM,q2,IM1606,2016-06-17,10629.97,,,5.6625378540423625,,,0.0,d
2015-12-18,IM,q2,IM1606,2016-06-17,10629.97,,,5.578904664445598,,,0.0,p
2015-12-21,IM,current,IM1601,2016-01-15,10699.61,,,0.0,,,,y
2015-12-21,IM,current,IM1601,2016-01-15,10699.61,,,0.0,,,,d
2015-12-21,IM,current,IM1601,2016-01-15,10699.61,,,0.0,,,,p
2015-12-21,IM,next,IM1602,2016-02-19,10699.61,,,0.0,,,,y
2015-12-21,IM,next,IM1602,2016-02-19,10699.61,,,0.0,,,,d
2015-12-21,IM,next,IM1602,2016-02-19,10699.61,,,0.0,,,,p
2015-12-21,IM,q1,IM1603,2016-03-18,10699.61,,,0.2323135677922923,,,0.0,y
2015-12-21,IM,q1,IM1603,2016-03-18,10699.61,,,0.22734769222000725,,,0.0,d
2015-12-21,IM,q1,IM1603,2016-03-18,10699.61,,,0.23853318383224126,,,0.0,p
2015-12-21,IM,q2,IM1606,2016-06-17,10699.61,,,7.628578851605512,,,0.0,y
2015-12-21,IM,q2,IM1606,2016-06-17,10699.61,,,5.69963477305112,,,0.0,d
2015-12-21,IM,q2,IM1606,2016-06-17,10699.61,,,5.615453678302834,,,0.0,p
2015-12-22,IM,current,IM1601,2016-01-15,10809.242,,,0.0,,,,y
2015-12-22,IM,current,IM1601,2016-01-15,10809.242,,,0.0,,,,d
2015-12-22,IM,current,IM1601,2016-01-15,10809.242,,,0.0,,,,p
2015-12-22,IM,next,IM1602,2016-02-19,10809.242,,,0.0,,,,y
2015-12-22,IM,next,IM1602,2016-02-19,10809.242,,,0.0,,,,d
2015-12-22,IM,next,IM1602,2016-02-19,10809.242,,,0.0,,,,p
2015-12-22,IM,q1,IM1603,2016-03-18,10809.242,,,0.2346939350266312,,,0.0,y
2015-12-22,IM,q1,IM1603,2016-03-18,10809.242,,,0.22967717733147053,,,0.0,d
2015-12-22,IM,q1,IM1603,2016-03-18,10809.242,,,0.24097727945908148,,,0.0,p
2015-12-22,IM,q2,IM1606,2016-06-17,10809.242,,,7.706743976938045,,,0.0,y
2015-12-22,IM,q2,IM1606,2016-06-17,10809.242,,,5.758035253016197,,,0.0,d
2015-12-22,IM,q2,IM1606,2016-06-17,10809.242,,,5.672991608905883,,,0.0,p
2015-12-23,IM,current,IM1601,2016-01-15,10638.16,,,0.0,,,,y
2015-12-23,IM,current,IM1601,2016-01-15,10638.16,,,0.0,,,,d
2015-12-23,IM,current,IM1601,2016-01-15,10638.16,,,0.0,,,,p
2015-12-23,IM,next,IM1602,2016-02-19,10638.16,,,0.0,,,,y
2015-12-23,IM,next,IM1602,2016-02-19,10638.16,,,0.0,,,,d
2015-12-23,IM,next,IM1602,2016-02-19,10638.16,,,0.0,,,,p
2015-12-23,IM,q1,IM1603,2016-03-18,10638.16,,,0.23097934451304789,,,0.0,y
2015-12-23,IM,q1,IM1603,2016-03-18,10638.16,,,0.226041988957279,,,0.0,d
2015-12-23,IM,q1,IM1603,2016-03-18,10638.16,,,0.23716324005424452,,,0.0,p
2015-12-23,IM,q2,IM1606,2016-06-17,10638.16,,,7.584766397653344,,,0.0,y
2015-12-23,IM,q2,IM1606,2016-06-17,10638.16,,,5.666900630703502,,,0.0,d
2015-12-23,IM,q2,IM1606,2016-06-17,10638.16,,,5.583203004817379,,,0.0,p
2015-12-24,IM,current,IM1601,2016-01-15,10633.19,,,0.0,,,,y
2015-12-24,IM,current,IM1601,2016-01-15,10633.19,,,0.0,,,,d
2015-12-24,IM,current,IM1601,2016-01-15,10633.19,,,0.0,,,,p
2015-12-24,IM,next,IM1602,2016-02-19,10633.19,,,0.0,,,,y
2015-12-24,IM,next,IM1602,2016-02-19,10633.19,,,0.0,,,,d
2015-12-24,IM,next,IM1602,2016-02-19,10633.19,,,0.0,,,,p
2015-12-24,IM,q1,IM1603,2016-03-18,10633.19,,,0.23087143418436043,,,0.0,y
2015-12-24,IM,q1,IM1603,2016-03-18,10633.19,,,0.22593638529225446,,,0.0,d
2015-12-24,IM,q1,IM1603,2016-03-18,10633.19,,,0.2370524406957963,,,0.0,p
2015-12-24,IM,q2,IM1606,2016-06-17,10633.19,,,7.581222900563966,,,0.0,y
2015-12-24,IM,q2,IM1606,2016-06-17,10633.19,,,5.66425313375529,,,0.0,d
2015-12-24,IM,q2,IM1606,2016-06-17,10633.19,,,5.580594610232795,,,0.0,p
2015-12-25,IM,current,IM1601,2016-01-15,10726.991,,,0.0,,,,y
2015-12-25,IM,current,IM1601,2016-01-15,10726.991,,,0.0,,,,d
2015-12-25,IM,current,IM1601,2016-01-15,10726.991,,,0.0,,,,p
2015-12-25,IM,next,IM1602,2016-02-19,10726.991,,,0.0,,,,y
2015-12-25,IM,next,IM1602,2016-02-19,10726.991,,,0.0,,,,d
2015-12-25,IM,next,IM1602,2016-02-19,10726.991,,,0.0,,,,p
2015-12-25,IM,q1,IM1603,2016-03-18,10726.991,,,0.23290807336770306,,,0.0,y
2015-12-25,IM,q1,IM1603,2016-03-18,10726.991,,,0.2279294897958699,,,0.0,d
2015-12-25,IM,q1,IM1603,2016-03-18,10726.991,,,0.23914360581084707,,,0.0,p
2015-12-25,IM,q2,IM1606,2016-06-17,10726.991,,,7.648100882552043,,,0.0,y
2015-12-25,IM,q2,IM1606,2016-06-17,10726.991,,,5.714220510262187,,,0.0,d
2015-12-25,IM,q2,IM1606,2016-06-17,10726.991,,,5.6298239906007215,,,0.0,p
2015-12-28,IM,current,IM1601,2016-01-15,10515.361,,,0.0,,,,y
2015-12-28,IM,current,IM1601,2016-01-15,10515.361,,,0.0,,,,d
2015-12-28,IM,current,IM1601,2016-01-15,10515.361,,,0.0,,,,p
2015-12-28,IM,next,IM1602,2016-02-19,10515.361,,,0.0,,,,y
2015-12-28,IM,next,IM1602,2016-02-19,10515.361,,,0.0,,,,d
2015-12-28,IM,next,IM1602,2016-02-19,10515.361,,,0.0,,,,p
2015-12-28,IM,q1,IM1603,2016-03-18,10515.361,,,0.22831309090087645,,,0.0,y
2015-12-28,IM,q1,IM1603,2016-03-18,10515.361,,,0.22343272850227883,,,0.0,d
2015-12-28,IM,q1,IM1603,2016-03-18,10515.361,,,0.23442560415523372,,,0.0,p
2015-12-28,IM,q2,IM1606,2016-06-17,10515.361,,,7.497213500454446,,,0.0,y
2015-12-28,IM,q2,IM1606,2016-06-17,10515.361,,,5.601486148260133,,,0.0,d
2015-12-28,IM,q2,IM1606,2016-06-17,10515.361,,,5.518754665462775,,,0.0,p
2015-12-29,IM,current,IM1601,2016-01-15,10653.709,,,0.0,,,,y
2015-12-29,IM,current,IM1601,2016-01-15,10653.709,,,0.0,,,,d
2015-12-29,IM,current,IM1601,2016-01-15,10653.709,,,0.0,,,,p
2015-12-29,IM,next,IM1602,2016-02-19,10653.709,,,0.0,,,,y
2015-12-29,IM,next,IM1602,2016-02-19,10653.709,,,0.0,,,,d
2015-12-29,IM,next,IM1602,2016-02-19,10653.709,,,0.0,,,,p
2015-12-29,IM,q1,IM1603,2016-03-18,10653.709,,,0.23131694968422725,,,0.0,y
2015-12-29,IM,q1,IM1603,2016-03-18,10653.709,,,0.2263723775664273,,,0.0,d
2015-12-29,IM,q1,IM1603,2016-03-18,10653.709,,,0.23750988376138973,,,0.0,p
2015-12-29,IM,q2,IM1606,2016-06-17,10653.709,,,7.595852481404398,,,0.0,y
2015-12-29,IM,q2,IM1606,2016-06-17,10653.709,,,5.67518351401291,,,0.0,d
2015-12-29,IM,q2,IM1606,2016-06-17,10653.709,,,5.59136355358915,,,0.0,p
2015-12-30,IM,current,IM1601,2016-01-15,10806.704,,,0.0,,,,y
2015-12-30,IM,current,IM1601,2016-01-15,10806.704,,,0.0,,,,d
2015-12-30,IM,current,IM1601,2016-01-15,10806.704,,,0.0,,,,p
2015-12-30,IM,next,IM1602,2016-02-19,10806.704,,,0.0,,,,y
2015-12-30,IM,next,IM1602,2016-02-19,10806.704,,,0.0,,,,d
2015-12-30,IM,next,IM1602,2016-02-19,10806.704,,,0.0,,,,p
2015-12-30,IM,q1,IM1603,2016-03-18,10806.704,,,0.2346388291082793,,,0.0,y
2015-12-30,IM,q1,IM1603,2016-03-18,10806.704,,,0.2296232493431743,,,0.0,d
2015-12-30,IM,q1,IM1603,2016-03-18,10806.704,,,0.24092069821728238,,,0.0,p
2015-12-30,IM,q2,IM1606,2016-06-17,10806.704,,,7.704934440597432,,,0.0,y
2015-12-30,IM,q2,IM1606,2016-06-17,10806.704,,,5.75668327167725,,,0.0,d
2015-12-30,IM,q2,IM1606,2016-06-17,10806.704,,,5.6716595957357265,,,0.0,p
2015-12-31,IM,current,IM1601,2016-01-15,10614.379,,,0.0,,,,y
2015-12-31,IM,current,IM1601,2016-01-15,10614.379,,,0.0,,,,d
2015-12-31,IM,current,IM1601,2016-01-15,10614.379,,,0.0,,,,p
2015-12-31,IM,next,IM1602,2016-02-19,10614.379,,,0.0,,,,y
2015-12-31,IM,next,IM1602,2016-02-19,10614.379,,,0.0,,,,d
2015-12-31,IM,next,IM1602,2016-02-19,10614.379,,,0.0,,,,p
2015-12-31,IM,q1,IM1603,2016-03-18,10614.379,,,0.23046300336083128,,,0.0,y
2015-12-31,IM,q1,IM1603,2016-03-18,10614.379,,,0.22553668498183657,,,0.0,d
2015-12-31,IM,q1,IM1603,2016-03-18,10614.379,,,0.23663307515620485,,,0.0,p
2015-12-31,IM,q2,IM1606,2016-06-17,10614.379,,,7.567811084920447,,,0.0,y
2015-12-31,IM,q2,IM1606,2016-06-17,10614.379,,,5.654232597519309,,,0.0,d
2015-12-31,IM,q2,IM1606,2016-06-17,10614.379,,,5.57072207290269,,,0.0,p
2016-01-04,IM,current,IM1601,2016-01-15,9694.836,,,0.0,,,,y
2016-01-04,IM,current,IM1601,2016-01-15,9694.836,,,0.0,,,,d
2016-01-04,IM,current,IM1601,2016-01-15,9694.836,,,0.0,,,,p
2016-01-04,IM,next,IM1602,2016-02-19,9694.836,,,0.0,,,,y
2016-01-04,IM,next,IM1602,2016-02-19,9694.836,,,0.0,,,,d
2016-01-04,IM,next,IM1602,2016-02-19,9694.836,,,0.0,,,,p
2016-01-04,IM,q1,IM1603,2016-03-18,9694.836,,,0.21049757330605096,,,0.0,y
2016-01-04,IM,q1,IM1603,2016-03-18,9694.836,,,0.20599803086761537,,,0.0,d
2016-01-04,IM,q1,IM1603,2016-03-18,9694.836,,,0.21613312053536812,,,0.0,p
2016-01-04,IM,q2,IM1606,2016-06-17,9694.836,,,6.912197816498337,,,0.0,y
2016-01-04,IM,q2,IM1606,2016-06-17,9694.836,,,5.164396121412633,,,0.0,d
2016-01-04,IM,q2,IM1606,2016-06-17,9694.836,,,5.088120265761343,,,0.0,p
2016-01-05,IM,current,IM1601,2016-01-15,9452.041,,,0.0,,,,y
2016-01-05,IM,current,IM1601,2016-01-15,9452.041,,,0.0,,,,d
2016-01-05,IM,current,IM1601,2016-01-15,9452.041,,,0.0,,,,p
2016-01-05,IM,next,IM1602,2016-02-19,9452.041,,,0.0,,,,y
2016-01-05,IM,next,IM1602,2016-02-19,9452.041,,,0.0,,,,d
2016-01-05,IM,next,IM1602,2016-02-19,9452.041,,,0.0,,,,p
2016-01-05,IM,q1,IM1603,2016-03-18,9452.041,,,0.2052259257701006,,,0.0,y
2016-01-05,IM,q1,IM1603,2016-03-18,9452.041,,,0.200839068724831,,,0.0,d
2016-01-05,IM,q1,IM1603,2016-03-18,9452.041,,,0.21072033779202057,,,0.0,p
2016-01-05,IM,q2,IM1606,2016-06-17,9452.041,,,6.739090497420767,,,0.0,y
2016-01-05,IM,q2,IM1606,2016-06-17,9452.041,,,5.03506030218904,,,0.0,d
2016-01-05,IM,q2,IM1606,2016-06-17,9452.041,,,4.960694679611611,,,0.0,p
2016-01-06,IM,current,IM1601,2016-01-15,9709.569,,,0.0,,,,y
2016-01-06,IM,current,IM1601,2016-01-15,9709.569,,,0.0,,,,d
2016-01-06,IM,current,IM1601,2016-01-15,9709.569,,,0.0,,,,p
2016-01-06,IM,next,IM1602,2016-02-19,9709.569,,,0.0,,,,y
2016-01-06,IM,next,IM1602,2016-02-19,9709.569,,,0.0,,,,d
2016-01-06,IM,next,IM1602,2016-02-19,9709.569,,,0.0,,,,p
2016-01-06,IM,q1,IM1603,2016-03-18,9709.569,,,0.21081746120797298,,,0.0,y
2016-01-06,IM,q1,IM1603,2016-03-18,9709.569,,,0.20631108092733505,,,0.0,d
2016-01-06,IM,q1,IM1603,2016-03-18,9709.569,,,0.21646157263758498,,,0.0,p
2016-01-06,IM,q2,IM1606,2016-06-17,9709.569,,,6.922702110787634,,,0.0,y
2016-01-06,IM,q2,IM1606,2016-06-17,9709.569,,,5.172244325142615,,,0.0,d
2016-01-06,IM,q2,IM1606,2016-06-17,9709.569,,,5.095852554979589,,,0.0,p
2016-01-07,IM,current,IM1601,2016-01-15,8856.491,,,0.0,,,,y
2016-01-07,IM,current,IM1601,2016-01-15,8856.491,,,0.0,,,,d
2016-01-07,IM,current,IM1601,2016-01-15,8856.491,,,0.0,,,,p
2016-01-07,IM,next,IM1602,2016-02-19,8856.491,,,0.0,,,,y
2016-01-07,IM,next,IM1602,2016-02-19,8856.491,,,0.0,,,,d
2016-01-07,IM,next,IM1602,2016-02-19,8856.491,,,0.0,,,,p
2016-01-07,IM,q1,IM1603,2016-03-18,8856.491,,,0.1922951418164145,,,0.0,y
2016-01-07,IM,q1,IM1603,2016-03-18,8856.491,,,0.1881846899108719,,,0.0,d
2016-01-07,IM,q1,IM1603,2016-03-18,8856.491,,,0.1974433643667003,,,0.0,p
2016-01-07,IM,q2,IM1606,2016-06-17,8856.491,,,6.314476877384742,,,0.0,y
2016-01-07,IM,q2,IM1606,2016-06-17,8856.491,,,4.717813459632106,,,0.0,d
2016-01-07,IM,q2,IM1606,2016-06-17,8856.491,,,4.648133433163072,,,0.0,p
2016-01-08,IM,current,IM1601,2016-01-15,8876.253,,,0.0,,,,y
2016-01-08,IM,current,IM1601,2016-01-15,8876.253,,,0.0,,,,d
2016-01-08,IM,current,IM1601,2016-01-15,8876.253,,,0.0,,,,p
2016-01-08,IM,next,IM1602,2016-02-19,8876.253,,,0.0,,,,y
2016-01-08,IM,next,IM1602,2016-02-19,8876.253,,,0.0,,,,d
2016-01-08,IM,next,IM1602,2016-02-19,8876.253,,,0.0,,,,p
2016-01-08,IM,q1,IM1603,2016-03-18,8876.253,,,0.19272422107507078,,,0.0,y
2016-01-08,IM,q1,IM1603,2016-03-18,8876.253,,,0.18860459728073417,,,0.0,d
2016-01-08,IM,q1,IM1603,2016-03-18,8876.253,,,0.19788393115174133,,,0.0,p
2016-01-08,IM,q2,IM1606,2016-06-17,8876.253,,,6.328566734423029,,,0.0,y
2016-01-08,IM,q2,IM1606,2016-06-17,8876.253,,,4.72834058934852,,,0.0,d
2016-01-08,IM,q2,IM1606,2016-06-17,8876.253,,,4.658505081811072,,,0.0,p
2016-01-11,IM,current,IM1601,2016-01-15,8205.122,,,0.0,,,,y
2016-01-11,IM,current,IM1601,2016-01-15,8205.122,,,0.0,,,,d
2016-01-11,IM,current,IM1601,2016-01-15,8205.122,,,0.0,,,,p
2016-01-11,IM,next,IM1602,2016-02-19,8205.122,,,0.0,,,,y
2016-01-11,IM,next,IM1602,2016-02-19,8205.122,,,0.0,,,,d
2016-01-11,IM,next,IM1602,2016-02-19,8205.122,,,0.0,,,,p
2016-01-11,IM,q1,IM1603,2016-03-18,8205.122,,,0.17815239676876343,,,0.0,y
2016-01-11,IM,q1,IM1603,2016-03-18,8205.122,,,0.17434425657417513,,,0.0,d
2016-01-11,IM,q1,IM1603,2016-03-18,8205.122,,,0.1829219826135688,,,0.0,p
2016-01-11,IM,q2,IM1606,2016-06-17,8205.122,,,5.85006557846904,,,0.0,y
2016-01-11,IM,q2,IM1606,2016-06-17,8205.122,,,4.370832083442924,,,0.0,d
2016-01-11,IM,q2,IM1606,2016-06-17,8205.122,,,4.3062768190451335,,,0.0,p
2016-01-12,IM,current,IM1601,2016-01-15,8187.96,,,0.0,,,,y
2016-01-12,IM,current,IM1601,2016-01-15,8187.96,,,0.0,,,,d
2016-01-12,IM,current,IM1601,2016-01-15,8187.96,,,0.0,,,,p
2016-01-12,IM,next,IM1602,2016-02-19,8187.96,,,0.0,,,,y
2016-01-12,IM,next,IM1602,2016-02-19,8187.96,,,0.0,,,,d
2016-01-12,IM,next,IM1602,2016-02-19,8187.96,,,0.0,,,,p
2016-01-12,IM,q1,IM1603,2016-03-18,8187.96,,,0.17777976959352515,,,0.0,y
2016-01-12,IM,q1,IM1603,2016-03-18,8187.96,,,0.17397959458239418,,,0.0,d
2016-01-12,IM,q1,IM1603,2016-03-18,8187.96,,,0.18253937927560332,,,0.0,p
2016-01-12,IM,q2,IM1606,2016-06-17,8187.96,,,5.837829462362822,,,0.0,y
2016-01-12,IM,q2,IM1606,2016-06-17,8187.96,,,4.361689962190364,,,0.0,d
2016-01-12,IM,q2,IM1606,2016-06-17,8187.96,,,4.297269722896112,,,0.0,p
2016-01-13,IM,current,IM1601,2016-01-15,7836.123,,,0.0,,,,y
2016-01-13,IM,current,IM1601,2016-01-15,7836.123,,,0.0,,,,d
2016-01-13,IM,current,IM1601,2016-01-15,7836.123,,,0.0,,,,p
2016-01-13,IM,next,IM1602,2016-02-19,7836.123,,,0.0,,,,y
2016-01-13,IM,next,IM1602,2016-02-19,7836.123,,,0.0,,,,d
2016-01-13,IM,next,IM1602,2016-02-19,7836.123,,,0.0,,,,p
2016-01-13,IM,q1,IM1603,2016-03-18,7836.123,,,0.17014056510370387,,,0.0,y
2016-01-13,IM,q1,IM1603,2016-03-18,7836.123,,,0.1665036837793265,,,0.0,d
2016-01-13,IM,q1,IM1603,2016-03-18,7836.123,,,0.17469565414917493,,,0.0,p
2016-01-13,IM,q2,IM1606,2016-06-17,7836.123,,,5.586977674548842,,,0.0,y
2016-01-13,IM,q2,IM1606,2016-06-17,7836.123,,,4.174267953383876,,,0.0,d
2016-01-13,IM,q2,IM1606,2016-06-17,7836.123,,,4.112615854595021,,,0.0,p
2016-01-14,IM,current,IM1601,2016-01-15,8157.737,,,0.0,,,,y
2016-01-14,IM,current,IM1601,2016-01-15,8157.737,,,0.0,,,,d
2016-01-14,IM,current,IM1601,2016-01-15,8157.737,,,0.0,,,,p
2016-01-14,IM,next,IM1602,2016-02-19,8157.737,,,0.0,,,,y
2016-01-14,IM,next,IM1602,2016-02-19,8157.737,,,0.0,,,,d
2016-01-14,IM,next,IM1602,2016-02-19,8157.737,,,0.0,,,,p
2016-01-14,IM,q1,IM1603,2016-03-18,8157.737,,,0.17712355754847056,,,0.0,y
2016-01-14,IM,q1,IM1603,2016-03-18,8157.737,,,0.1733374095586442,,,0.0,d
2016-01-14,IM,q1,IM1603,2016-03-18,8157.737,,,0.18186559879061723,,,0.0,p
2016-01-14,IM,q2,IM1606,2016-06-17,8157.737,,,5.816281149982083,,,0.0,y
2016-01-14,IM,q2,IM1606,2016-06-17,8157.737,,,4.345590304189192,,,0.0,d
2016-01-14,IM,q2,IM1606,2016-06-17,8157.737,,,4.281407849751264,,,0.0,p
2016-01-15,IM,current,IM1601,2016-01-15,7868.168,,,0.0,,,,y
2016-01-15,IM,current,IM1601,2016-01-15,7868.168,,,0.0,,,,d
2016-01-15,IM,current,IM1601,2016-01-15,7868.168,,,0.0,,,,p
2016-01-15,IM,next,IM1602,2016-02-19,7868.168,,,0.0,,,,y
2016-01-15,IM,next,IM1602,2016-02-19,7868.168,,,0.0,,,,d
2016-01-15,IM,next,IM1602,2016-02-19,7868.168,,,0.0,,,,p
2016-01-15,IM,q1,IM1603,2016-03-18,7868.168,,,0.1708363370318306,,,0.0,y
2016-01-15,IM,q1,IM1603,2016-03-18,7868.168,,,0.16718458306417802,,,0.0,d
2016-01-15,IM,q1,IM1603,2016-03-18,7868.168,,,0.17541005363438086,,,0.0,p
2016-01-15,IM,q2,IM1606,2016-06-17,7868.168,,,5.609825031536592,,,0.0,y
2016-01-15,IM,q2,IM1606,2016-06-17,7868.168,,,4.191338182700872,,,0.0,d
2016-01-15,IM,q2,IM1606,2016-06-17,7868.168,,,4.129433964144922,,,0.0,p
2016-01-18,IM,current,IM1602,2016-02-19,8060.879,,,0.0,,,,y
2016-01-18,IM,current,IM1602,2016-02-19,8060.879,,,0.0,,,,d
2016-01-18,IM,current,IM1602,2016-02-19,8060.879,,,0.0,,,,p
2016-01-18,IM,next,IM1603,2016-03-18,8060.879,,,0.17502054374243223,,,0.0,y
2016-01-18,IM,next,IM1603,2016-03-18,8060.879,,,0.1712793492393386,,,0.0,d
2016-01-18,IM,next,IM1603,2016-03-18,8060.879,,,0.17970628203798578,,,0.0,p
2016-01-18,IM,q1,IM1603,2016-03-18,8060.879,,,0.17502054374243223,,,0.0,y
2016-01-18,IM,q1,IM1603,2016-03-18,8060.879,,,0.1712793492393386,,,0.0,d
2016-01-18,IM,q1,IM1603,2016-03-18,8060.879,,,0.17970628203798578,,,0.0,p
2016-01-18,IM,q2,IM1606,2016-06-17,8060.879,,,5.747223596444262,,,0.0,y
2016-01-18,IM,q2,IM1606,2016-06-17,8060.879,,,4.29399447734614,,,0.0,d
2016-01-18,IM,q2,IM1606,2016-06-17,8060.879,,,4.230574070541269,,,0.0,p
2016-01-19,IM,current,IM1602,2016-02-19,8388.384,,,0.0,,,,y
2016-01-19,IM,current,IM1602,2016-02-19,8388.384,,,0.0,,,,d
2016-01-19,IM,current,IM1602,2016-02-19,8388.384,,,0.0,,,,p
2016-01-19,IM,next,IM1603,2016-03-18,8388.384,,,0.18213144358082023,,,0.0,y
2016-01-19,IM,next,IM1603,2016-03-18,8388.384,,,0.17823824829645502,,,0.0,d
2016-01-19,IM,next,IM1603,2016-03-18,8388.384,,,0.18700755847432113,,,0.0,p
2016-01-19,IM,q1,IM1603,2016-03-18,8388.384,,,0.18213144358082023,,,0.0,y
2016-01-19,IM,q1,IM1603,2016-03-18,8388.384,,,0.17823824829645502,,,0.0,d
2016-01-19,IM,q1,IM1603,2016-03-18,8388.384,,,0.18700755847432113,,,0.0,p
2016-01-19,IM,q2,IM1606,2016-06-17,8388.384,,,5.980727221043201,,,0.0,y
2016-01-19,IM,q2,IM1606,2016-06-17,8388.384,,,4.46845493771321,,,0.0,d
2016-01-19,IM,q2,IM1606,2016-06-17,8388.384,,,4.402457826763465,,,0.0,p
2016-01-20,IM,current,IM1602,2016-02-19,8321.392,,,0.0,,,,y
2016-01-20,IM,current,IM1602,2016-02-19,8321.392,,,0.0,,,,d
2016-01-20,IM,current,IM1602,2016-02-19,8321.392,,,0.0,,,,p
2016-01-20,IM,next,IM1603,2016-03-18,8321.392,,,0.1806768905145364,,,0.0,y
2016-01-20,IM,next,IM1603,2016-03-18,8321.392,,,0.17681478738552436,,,0.0,d
2016-01-20,IM,next,IM1603,2016-03-18,8321.392,,,0.1855140633795196,,,0.0,p
2016-01-20,IM,q1,IM1603,2016-03-18,8321.392,,,0.1806768905145364,,,0.0,y
2016-01-20,IM,q1,IM1603,2016-03-18,8321.392,,,0.17681478738552436,,,0.0,d
2016-01-20,IM,q1,IM1603,2016-03-18,8321.392,,,0.1855140633795196,,,0.0,p
2016-01-20,IM,q2,IM1606,2016-06-17,8321.392,,,5.932963446996601,,,0.0,y
2016-01-20,IM,q2,IM1606,2016-06-17,8321.392,,,4.4327685965553325,,,0.0,d
2016-01-20,IM,q2,IM1606,2016-06-17,8321.392,,,4.36729855714365,,,0.0,p
2016-01-21,IM,current,IM1602,2016-02-19,7944.567,,,0.0,,,,y
2016-01-21,IM,current,IM1602,2016-02-19,7944.567,,,0.0,,,,d
2016-01-21,IM,current,IM1602,2016-02-19,7944.567,,,0.0,,,,p
2016-01-21,IM,next,IM1603,2016-03-18,7944.567,,,0.17249513807838868,,,0.0,y
2016-01-21,IM,next,IM1603,2016-03-18,7944.567,,,0.16880792600265115,,,0.0,d
2016-01-21,IM,next,IM1603,2016-03-18,7944.567,,,0.1771132649394284,,,0.0,p
2016-01-21,IM,q1,IM1603,2016-03-18,7944.567,,,0.17249513807838868,,,0.0,y
2016-01-21,IM,q1,IM1603,2016-03-18,7944.567,,,0.16880792600265115,,,0.0,d
2016-01-21,IM,q1,IM1603,2016-03-18,7944.567,,,0.1771132649394284,,,0.0,p
2016-01-21,IM,q2,IM1606,2016-06-17,7944.567,,,5.664295782870876,,,0.0,y
2016-01-21,IM,q2,IM1606,2016-06-17,7944.567,,,4.232035591020085,,,0.0,d
2016-01-21,IM,q2,IM1606,2016-06-17,7944.567,,,4.169530289671615,,,0.0,p
2016-01-22,IM,current,IM1602,2016-02-19,8074.285,,,0.0,,,,y
2016-01-22,IM,current,IM1602,2016-02-19,8074.285,,,0.0,,,,d
2016-01-22,IM,current,IM1602,2016-02-19,8074.285,,,0.0,,,,p
2016-01-22,IM,next,IM1603,2016-03-18,8074.285,,,0.18975102479899186,,,0.3995492657084301,y
2016-01-22,IM,next,IM1603,2016-03-18,8074.285,,,0.18600360833753504,,,0.40759898855446053,d
2016-01-22,IM,next,IM1603,2016-03-18,8074.285,,,0.19444455591808113,,,0.3899048871175384,p
2016-01-22,IM,q1,IM1603,2016-03-18,8074.285,,,0.18975102479899186,,,0.3995492657084301,y
2016-01-22,IM,q1,IM1603,2016-03-18,8074.285,,,0.18600360833753504,,,0.40759898855446053,d
2016-01-22,IM,q1,IM1603,2016-03-18,8074.285,,,0.19444455591808113,,,0.3899048871175384,p
2016-01-22,IM,q2,IM1606,2016-06-17,8074.285,,,5.771221175310441,,,0.013136714106574009,y
2016-01-22,IM,q2,IM1606,2016-06-17,8074.285,,,4.315575199493515,,,0.017567735266148788,d
2016-01-22,IM,q2,IM1606,2016-06-17,8074.285,,,4.252049318586673,,,0.017830198322125578,p
2016-01-25,IM,current,IM1602,2016-02-19,8180.504,,,0.0,,,,y
2016-01-25,IM,current,IM1602,2016-02-19,8180.504,,,0.0,,,,d
2016-01-25,IM,current,IM1602,2016-02-19,8180.504,,,0.0,,,,p
2016-01-25,IM,next,IM1603,2016-03-18,8180.504,,,0.19224724138078506,,,0.3995492657084301,y
2016-01-25,IM,next,IM1603,2016-03-18,8180.504,,,0.18845052682926586,,,0.40759898855446053,d
2016-01-25,IM,next,IM1603,2016-03-18,8180.504,,,0.19700251693692833,,,0.3899048871175384,p
2016-01-25,IM,q1,IM1603,2016-03-18,8180.504,,,0.19224724138078506,,,0.3995492657084301,y
2016-01-25,IM,q1,IM1603,2016-03-18,8180.504,,,0.18845052682926586,,,0.40759898855446053,d
2016-01-25,IM,q1,IM1603,2016-03-18,8180.504,,,0.19700251693692833,,,0.3899048871175384,p
2016-01-25,IM,q2,IM1606,2016-06-17,8180.504,,,5.847142862744103,,,0.013136714106574009,y
2016-01-25,IM,q2,IM1606,2016-06-17,8180.504,,,4.372347543065113,,,0.017567735266148788,d
2016-01-25,IM,q2,IM1606,2016-06-17,8180.504,,,4.307985965183983,,,0.017830198322125578,p
2016-01-26,IM,current,IM1602,2016-02-19,7545.544,,,0.0,,,,y
2016-01-26,IM,current,IM1602,2016-02-19,7545.544,,,0.0,,,,d
2016-01-26,IM,current,IM1602,2016-02-19,7545.544,,,0.0,,,,p
2016-01-26,IM,next,IM1603,2016-03-18,7545.544,,,0.17732526244316174,,,0.3995492657084301,y
2016-01-26,IM,next,IM1603,2016-03-18,7545.544,,,0.17382324389956974,,,0.40759898855446053,d
2016-01-26,IM,next,IM1603,2016-03-18,7545.544,,,0.18171143974238482,,,0.3899048871175384,p
2016-01-26,IM,q1,IM1603,2016-03-18,7545.544,,,0.17732526244316174,,,0.3995492657084301,y
2016-01-26,IM,q1,IM1603,2016-03-18,7545.544,,,0.17382324389956974,,,0.40759898855446053,d
2016-01-26,IM,q1,IM1603,2016-03-18,7545.544,,,0.18171143974238482,,,0.3899048871175384,p
2016-01-26,IM,q2,IM1606,2016-06-17,7545.544,,,5.3485681529111915,,,0.019354733111562158,y
2016-01-26,IM,q2,IM1606,2016-06-17,7545.544,,,4.002805151785773,,,0.025861890649964216,d
2016-01-26,IM,q2,IM1606,2016-06-17,7545.544,,,3.933414048921822,,,0.026318131740281123,p
2016-01-27,IM,current,IM1602,2016-02-19,7466.746,,,0.0,,,,y
2016-01-27,IM,current,IM1602,2016-02-19,7466.746,,,0.0,,,,d
2016-01-27,IM,current,IM1602,2016-02-19,7466.746,,,0.0,,,,p
2016-01-27,IM,next,IM1603,2016-03-18,7466.746,,,0.17547345745335635,,,0.3995492657084301,y
2016-01-27,IM,next,IM1603,2016-03-18,7466.746,,,0.17200801043558117,,,0.40759898855446053,d
2016-01-27,IM,next,IM1603,2016-03-18,7466.746,,,0.17981382997046905,,,0.3899048871175384,p
2016-01-27,IM,q1,IM1603,2016-03-18,7466.746,,,0.17547345745335635,,,0.3995492657084301,y
2016-01-27,IM,q1,IM1603,2016-03-18,7466.746,,,0.17200801043558117,,,0.40759898855446053,d
2016-01-27,IM,q1,IM1603,2016-03-18,7466.746,,,0.17981382997046905,,,0.3899048871175384,p
2016-01-27,IM,q2,IM1606,2016-06-17,7466.746,,,5.292713137909875,,,0.019354733111562158,y
2016-01-27,IM,q2,IM1606,2016-06-17,7466.746,,,3.9610039191178017,,,0.025861890649964216,d
2016-01-27,IM,q2,IM1606,2016-06-17,7466.746,,,3.8923374664743613,,,0.026318131740281123,p
2016-01-28,IM,current,IM1602,2016-02-19,7100.901,,,0.0,,,,y
2016-01-28,IM,current,IM1602,2016-02-19,7100.901,,,0.0,,,,d
2016-01-28,IM,current,IM1602,2016-02-19,7100.901,,,0.0,,,,p
2016-01-28,IM,next,IM1603,2016-03-18,7100.901,,,0.16687585857400206,,,0.3995492657084301,y
2016-01-28,IM,next,IM1603,2016-03-18,7100.901,,,0.16358020660004086,,,0.40759898855446053,d
2016-01-28,IM,next,IM1603,2016-03-18,7100.901,,,0.1710035676921558,,,0.3899048871175384,p
2016-01-28,IM,q1,IM1603,2016-03-18,7100.901,,,0.16687585857400206,,,0.3995492657084301,y
2016-01-28,IM,q1,IM1603,2016-03-18,7100.901,,,0.16358020660004086,,,0.40759898855446053,d
2016-01-28,IM,q1,IM1603,2016-03-18,7100.901,,,0.1710035676921558,,,0.3899048871175384,p
2016-01-28,IM,q2,IM1606,2016-06-17,7100.901,,,5.033388307797984,,,0.019354733111562158,y
2016-01-28,IM,q2,IM1606,2016-06-17,7100.901,,,3.7669282831192485,,,0.025861890649964216,d
2016-01-28,IM,q2,IM1606,2016-06-17,7100.901,,,3.7016262516530305,,,0.026318131740281123,p
2016-01-29,IM,current,IM1602,2016-02-19,7385.759,,,0.0,,,,y
2016-01-29,IM,current,IM1602,2016-02-19,7385.759,,,0.0,,,,d
2016-01-29,IM,current,IM1602,2016-02-19,7385.759,,,0.0,,,,p
2016-01-29,IM,next,IM1603,2016-03-18,7385.759,,,0.1735702095192797,,,0.3995492657084301,y
2016-01-29,IM,next,IM1603,2016-03-18,7385.759,,,0.1701423499803914,,,0.40759898855446053,d
2016-01-29,IM,next,IM1603,2016-03-18,7385.759,,,0.17786350480234114,,,0.3899048871175384,p
2016-01-29,IM,q1,IM1603,2016-03-18,7385.759,,,0.1735702095192797,,,0.3995492657084301,y
2016-01-29,IM,q1,IM1603,2016-03-18,7385.759,,,0.1701423499803914,,,0.40759898855446053,d
2016-01-29,IM,q1,IM1603,2016-03-18,7385.759,,,0.17786350480234114,,,0.3899048871175384,p
2016-01-29,IM,q2,IM1606,2016-06-17,7385.759,,,5.235306476574414,,,0.019354733111562158,y
2016-01-29,IM,q2,IM1606,2016-06-17,7385.759,,,3.9180414526836156,,,0.025861890649964216,d
2016-01-29,IM,q2,IM1606,2016-06-17,7385.759,,,3.850119780966195,,,0.026318131740281123,p
2016-02-01,IM,current,IM1602,2016-02-19,7292.613,,,0.0,,,,y
2016-02-01,IM,current,IM1602,2016-02-19,7292.613,,,0.0,,,,d
2016-02-01,IM,current,IM1602,2016-02-19,7292.613,,,0.0,,,,p
2016-02-01,IM,next,IM1603,2016-03-18,7292.613,,,0.21523852008992514,,,0.7936669631348269,y
2016-02-01,IM,next,IM1603,2016-03-18,7292.613,,,0.20762185470103844,,,0.822782856050418,d
2016-02-01,IM,next,IM1603,2016-03-18,7292.613,,,0.22284362756499432,,,0.766581052624365,p
2016-02-01,IM,q1,IM1603,2016-03-18,7292.613,,,0.21523852008992514,,,0.7936669631348269,y
2016-02-01,IM,q1,IM1603,2016-03-18,7292.613,,,0.20762185470103844,,,0.822782856050418,d
2016-02-01,IM,q1,IM1603,2016-03-18,7292.613,,,0.22284362756499432,,,0.766581052624365,p
2016-02-01,IM,q2,IM1606,2016-06-17,7292.613,,,5.213138357289831,,,0.038825464522076095,y
2016-02-01,IM,q2,IM1606,2016-06-17,7292.613,,,3.9082540739572944,,,0.051788474983840586,d
2016-02-01,IM,q2,IM1606,2016-06-17,7292.613,,,3.848786994913443,,,0.05258865159519755,p
2016-02-02,IM,current,IM1602,2016-02-19,7576.065,,,0.0,,,,y
2016-02-02,IM,current,IM1602,2016-02-19,7576.065,,,0.0,,,,d
2016-02-02,IM,current,IM1602,2016-02-19,7576.065,,,0.0,,,,p
2016-02-02,IM,next,IM1603,2016-03-18,7576.065,,,0.22360449110697064,,,0.7936669631348269,y
2016-02-02,IM,next,IM1603,2016-03-18,7576.065,,,0.2156917783290602,,,0.822782856050418,d
2016-02-02,IM,next,IM1603,2016-03-18,7576.065,,,0.23150519673376177,,,0.766581052624365,p
2016-02-02,IM,q1,IM1603,2016-03-18,7576.065,,,0.22360449110697064,,,0.7936669631348269,y
2016-02-02,IM,q1,IM1603,2016-03-18,7576.065,,,0.2156917783290602,,,0.822782856050418,d
2016-02-02,IM,q1,IM1603,2016-03-18,7576.065,,,0.23150519673376177,,,0.766581052624365,p
2016-02-02,IM,q2,IM1606,2016-06-17,7576.065,,,5.415764561868425,,,0.038825464522076095,y
2016-02-02,IM,q2,IM1606,2016-06-17,7576.065,,,4.060161549888259,,,0.051788474983840586,d
2016-02-02,IM,q2,IM1606,2016-06-17,7576.065,,,3.998383082253084,,,0.05258865159519755,p
2016-02-03,IM,current,IM1602,2016-02-19,7630.459,,,0.0,,,,y
2016-02-03,IM,current,IM1602,2016-02-19,7630.459,,,0.0,,,,d
2016-02-03,IM,current,IM1602,2016-02-19,7630.459,,,0.0,,,,p
2016-02-03,IM,next,IM1603,2016-03-18,7630.459,,,0.22520990799413734,,,0.7936669631348269,y
2016-02-03,IM,next,IM1603,2016-03-18,7630.459,,,0.21724038418057162,,,0.822782856050418,d
2016-02-03,IM,next,IM1603,2016-03-18,7630.459,,,0.23316733844864096,,,0.766581052624365,p
2016-02-03,IM,q1,IM1603,2016-03-18,7630.459,,,0.22520990799413734,,,0.7936669631348269,y
2016-02-03,IM,q1,IM1603,2016-03-18,7630.459,,,0.21724038418057162,,,0.822782856050418,d
2016-02-03,IM,q1,IM1603,2016-03-18,7630.459,,,0.23316733844864096,,,0.766581052624365,p
2016-02-03,IM,q2,IM1606,2016-06-17,7630.459,,,5.454648216850038,,,0.038825464522076095,y
2016-02-03,IM,q2,IM1606,2016-06-17,7630.459,,,4.089312359357901,,,0.051788474983840586,d
2016-02-03,IM,q2,IM1606,2016-06-17,7630.459,,,4.027090339830213,,,0.05258865159519755,p
2016-02-04,IM,current,IM1602,2016-02-19,7807.401,,,0.0,,,,y
2016-02-04,IM,current,IM1602,2016-02-19,7807.401,,,0.0,,,,d
2016-02-04,IM,current,IM1602,2016-02-19,7807.401,,,0.0,,,,p
2016-02-04,IM,next,IM1603,2016-03-18,7807.401,,,0.22719153111166163,,,0.820649590246555,y
2016-02-04,IM,next,IM1603,2016-03-18,7807.401,,,0.21903720275585017,,,0.8512007757974023,d
2016-02-04,IM,next,IM1603,2016-03-18,7807.401,,,0.23533348567663895,,,0.7922571510730847,p
2016-02-04,IM,q1,IM1603,2016-03-18,7807.401,,,0.22719153111166163,,,0.820649590246555,y
2016-02-04,IM,q1,IM1603,2016-03-18,7807.401,,,0.21903720275585017,,,0.8512007757974023,d
2016-02-04,IM,q1,IM1603,2016-03-18,7807.401,,,0.23533348567663895,,,0.7922571510730847,p
2016-02-04,IM,q2,IM1606,2016-06-17,7807.401,,,5.551743182263336,,,0.04653988642854798,y
2016-02-04,IM,q2,IM1606,2016-06-17,7807.401,,,4.1849646998495,,,0.06173946872055887,d
2016-02-04,IM,q2,IM1606,2016-06-17,7807.401,,,4.1250845709087365,,,0.06263568485483968,p
2016-02-05,IM,current,IM1602,2016-02-19,7718.708,,,0.0,,,,y
2016-02-05,IM,current,IM1602,2016-02-19,7718.708,,,0.0,,,,d
2016-02-05,IM,current,IM1602,2016-02-19,7718.708,,,0.0,,,,p
2016-02-05,IM,next,IM1603,2016-03-18,7718.708,,,0.20878103578743257,,,1.0,y
2016-02-05,IM,next,IM1603,2016-03-18,7718.708,,,0.20878103578743257,,,1.0,d
2016-02-05,IM,next,IM1603,2016-03-18,7718.708,,,0.20878103578743257,,,1.0,p
2016-02-05,IM,q1,IM1603,2016-03-18,7718.708,,,0.20878103578743257,,,1.0,y
2016-02-05,IM,q1,IM1603,2016-03-18,7718.708,,,0.20878103578743257,,,1.0,d
2016-02-05,IM,q1,IM1603,2016-03-18,7718.708,,,0.20878103578743257,,,1.0,p
2016-02-05,IM,q2,IM1606,2016-06-17,7718.708,,,5.472845149588892,,,0.051142819245568745,y
2016-02-05,IM,q2,IM1606,2016-06-17,7718.708,,,4.129655126824478,,,0.0677772650859687,d
2016-02-05,IM,q2,IM1606,2016-06-17,7718.708,,,4.054344088023339,,,0.06903625448842296,p
2016-02-15,IM,current,IM1602,2016-02-19,7726.37,,,0.0,,,,y
2016-02-15,IM,current,IM1602,2016-02-19,7726.37,,,0.0,,,,d
2016-02-15,IM,current,IM1602,2016-02-19,7726.37,,,0.0,,,,p
2016-02-15,IM,next,IM1603,2016-03-18,7726.37,,,0.20898828294540298,,,1.0,y
2016-02-15,IM,next,IM1603,2016-03-18,7726.37,,,0.20898828294540298,,,1.0,d
2016-02-15,IM,next,IM1603,2016-03-18,7726.37,,,0.20898828294540298,,,1.0,p
2016-02-15,IM,q1,IM1603,2016-03-18,7726.37,,,0.20898828294540298,,,1.0,y
2016-02-15,IM,q1,IM1603,2016-03-18,7726.37,,,0.20898828294540298,,,1.0,d
2016-02-15,IM,q1,IM1603,2016-03-18,7726.37,,,0.20898828294540298,,,1.0,p
2016-02-15,IM,q2,IM1606,2016-06-17,7726.37,,,5.478277786700718,,,0.051142819245568745,y
2016-02-15,IM,q2,IM1606,2016-06-17,7726.37,,,4.133754442096118,,,0.0677772650859687,d
2016-02-15,IM,q2,IM1606,2016-06-17,7726.37,,,4.058368645553231,,,0.06903625448842296,p
2016-02-16,IM,current,IM1602,2016-02-19,8069.594,,,0.0,,,,y
2016-02-16,IM,current,IM1602,2016-02-19,8069.594,,,0.0,,,,d
2016-02-16,IM,current,IM1602,2016-02-19,8069.594,,,0.0,,,,p
2016-02-16,IM,next,IM1603,2016-03-18,8069.594,,,0.21827204678607498,,,1.0,y
2016-02-16,IM,next,IM1603,2016-03-18,8069.594,,,0.21827204678607498,,,1.0,d
2016-02-16,IM,next,IM1603,2016-03-18,8069.594,,,0.21827204678607498,,,1.0,p
2016-02-16,IM,q1,IM1603,2016-03-18,8069.594,,,0.21827204678607498,,,1.0,y
2016-02-16,IM,q1,IM1603,2016-03-18,8069.594,,,0.21827204678607498,,,1.0,d
2016-02-16,IM,q1,IM1603,2016-03-18,8069.594,,,0.21827204678607498,,,1.0,p
2016-02-16,IM,q2,IM1606,2016-06-17,8069.594,,,5.721636105686551,,,0.051142819245568745,y
2016-02-16,IM,q2,IM1606,2016-06-17,8069.594,,,4.3173857896285295,,,0.0677772650859687,d
2016-02-16,IM,q2,IM1606,2016-06-17,8069.594,,,4.2386511740888,,,0.06903625448842296,p
2016-02-17,IM,current,IM1602,2016-02-19,8202.147,,,0.0,,,,y
2016-02-17,IM,current,IM1602,2016-02-19,8202.147,,,0.0,,,,d
2016-02-17,IM,current,IM1602,2016-02-19,8202.147,,,0.0,,,,p
2016-02-17,IM,next,IM1603,2016-03-18,8202.147,,,0.22185743343844372,,,1.0,y
2016-02-17,IM,next,IM1603,2016-03-18,8202.147,,,0.22185743343844372,,,1.0,d
2016-02-17,IM,next,IM1603,2016-03-18,8202.147,,,0.22185743343844372,,,1.0,p
2016-02-17,IM,q1,IM1603,2016-03-18,8202.147,,,0.22185743343844372,,,1.0,y
2016-02-17,IM,q1,IM1603,2016-03-18,8202.147,,,0.22185743343844372,,,1.0,d
2016-02-17,IM,q1,IM1603,2016-03-18,8202.147,,,0.22185743343844372,,,1.0,p
2016-02-17,IM,q2,IM1606,2016-06-17,8202.147,,,5.8156210113357165,,,0.051142819245568745,y
2016-02-17,IM,q2,IM1606,2016-06-17,8202.147,,,4.388304157835484,,,0.0677772650859687,d
2016-02-17,IM,q2,IM1606,2016-06-17,8202.147,,,4.30827622946073,,,0.06903625448842296,p
2016-02-18,IM,current,IM1602,2016-02-19,8176.14,,,0.0,,,,y
2016-02-18,IM,current,IM1602,2016-02-19,8176.14,,,0.0,,,,d
2016-02-18,IM,current,IM1602,2016-02-19,8176.14,,,0.0,,,,p
2016-02-18,IM,next,IM1603,2016-03-18,8176.14,,,0.22115397783451055,,,1.0,y
2016-02-18,IM,next,IM1603,2016-03-18,8176.14,,,0.22115397783451055,,,1.0,d
2016-02-18,IM,next,IM1603,2016-03-18,8176.14,,,0.22115397783451055,,,1.0,p
2016-02-18,IM,q1,IM1603,2016-03-18,8176.14,,,0.22115397783451055,,,1.0,y
2016-02-18,IM,q1,IM1603,2016-03-18,8176.14,,,0.22115397783451055,,,1.0,d
2016-02-18,IM,q1,IM1603,2016-03-18,8176.14,,,0.22115397783451055,,,1.0,p
2016-02-18,IM,q2,IM1606,2016-06-17,8176.14,,,5.7971811009510565,,,0.05114281924556874,y
2016-02-18,IM,q2,IM1606,2016-06-17,8176.14,,,4.374389919742358,,,0.06777726508596868,d
2016-02-18,IM,q2,IM1606,2016-06-17,8176.14,,,4.294615740335189,,,0.06903625448842295,p
2016-02-19,IM,current,IM1602,2016-02-19,8239.256,,,0.0,,,,y
2016-02-19,IM,current,IM1602,2016-02-19,8239.256,,,0.0,,,,d
2016-02-19,IM,current,IM1602,2016-02-19,8239.256,,,0.0,,,,p
2016-02-19,IM,next,IM1603,2016-03-18,8239.256,,,0.22286118373668476,,,1.0,y
2016-02-19,IM,next,IM1603,2016-03-18,8239.256,,,0.22286118373668476,,,1.0,d
2016-02-19,IM,next,IM1603,2016-03-18,8239.256,,,0.22286118373668476,,,1.0,p
2016-02-19,IM,q1,IM1603,2016-03-18,8239.256,,,0.22286118373668476,,,1.0,y
2016-02-19,IM,q1,IM1603,2016-03-18,8239.256,,,0.22286118373668476,,,1.0,d
2016-02-19,IM,q1,IM1603,2016-03-18,8239.256,,,0.22286118373668476,,,1.0,p
2016-02-19,IM,q2,IM1606,2016-06-17,8239.256,,,5.805702821100451,,,0.07072002968690723,y
2016-02-19,IM,q2,IM1606,2016-06-17,8239.256,,,4.3725402551924155,,,0.09389953022708471,d
2016-02-19,IM,q2,IM1606,2016-06-17,8239.256,,,4.298351246044572,,,0.09552022446732532,p
2016-02-22,IM,current,IM1603,2016-03-18,8407.852,,,0.22742148677051094,,,1.0,y
2016-02-22,IM,current,IM1603,2016-03-18,8407.852,,,0.22742148677051094,,,1.0,d
2016-02-22,IM,current,IM1603,2016-03-18,8407.852,,,0.22742148677051094,,,1.0,p
2016-02-22,IM,next,IM1604,2016-04-15,8407.852,,,0.4443833252297176,,,0.5674886084669654,y
2016-02-22,IM,next,IM1604,2016-04-15,8407.852,,,0.41548071773103973,,,0.6069655319691273,d
2016-02-22,IM,next,IM1604,2016-04-15,8407.852,,,0.3976153696299368,,,0.6342372406158323,p
2016-02-22,IM,q1,IM1606,2016-06-17,8407.852,,,5.924502172986866,,,0.07072002968690723,y
2016-02-22,IM,q1,IM1606,2016-06-17,8407.852,,,4.462013479093266,,,0.09389953022708471,d
2016-02-22,IM,q1,IM1606,2016-06-17,8407.852,,,4.386306375327863,,,0.09552022446732532,p
2016-02-22,IM,q2,IM1609,2016-09-16,8407.852,,,9.140245297741833,,,0.0458391384372682,y
2016-02-22,IM,q2,IM1609,2016-09-16,8407.852,,,6.824195472287154,,,0.061396390425105245,d
2016-02-22,IM,q2,IM1609,2016-09-16,8407.852,,,6.648264952815584,,,0.06302109987002494,p
2016-02-23,IM,current,IM1603,2016-03-18,8357.355,,,0.22605560844422132,,,1.0,y
2016-02-23,IM,current,IM1603,2016-03-18,8357.355,,,0.22605560844422132,,,1.0,d
2016-02-23,IM,current,IM1603,2016-03-18,8357.355,,,0.22605560844422132,,,1.0,p
2016-02-23,IM,next,IM1604,2016-04-15,8357.355,,,0.4417143885293421,,,0.5674886084669654,y
2016-02-23,IM,next,IM1604,2016-04-15,8357.355,,,0.4129853681693128,,,0.6069655319691273,d
2016-02-23,IM,next,IM1604,2016-04-15,8357.355,,,0.395227318160881,,,0.6342372406158323,p
2016-02-23,IM,q1,IM1606,2016-06-17,8357.355,,,5.890432400580707,,,0.07248528186830257,y
2016-02-23,IM,q1,IM1606,2016-06-17,8357.355,,,4.43875785967263,,,0.09619124682637338,d
2016-02-23,IM,q1,IM1606,2016-06-17,8357.355,,,4.3620813780747705,,,0.0978820924864818,p
2016-02-23,IM,q2,IM1609,2016-09-16,8357.355,,,9.086861985971428,,,0.04698757982034319,y
2016-02-23,IM,q2,IM1609,2016-09-16,8357.355,,,6.786752744897643,,,0.06291221574312918,d
2016-02-23,IM,q2,IM1609,2016-09-16,8357.355,,,6.610454782763613,,,0.06459005725227468,p
2016-02-24,IM,current,IM1603,2016-03-18,8364.663,,,0.22625328036153375,,,1.0,y
2016-02-24,IM,current,IM1603,2016-03-18,8364.663,,,0.22625328036153375,,,1.0,d
2016-02-24,IM,current,IM1603,2016-03-18,8364.663,,,0.22625328036153375,,,1.0,p
2016-02-24,IM,next,IM1604,2016-04-15,8364.663,,,0.4421006409682265,,,0.5674886084669654,y
2016-02-24,IM,next,IM1604,2016-04-15,8364.663,,,0.4133464988225615,,,0.6069655319691273,d
2016-02-24,IM,next,IM1604,2016-04-15,8364.663,,,0.3955729204765802,,,0.6342372406158323,p
2016-02-24,IM,q1,IM1606,2016-06-17,8364.663,,,5.879886753591068,,,0.07840017848850739,y
2016-02-24,IM,q1,IM1606,2016-06-17,8364.663,,,4.4438736027840235,,,0.10373476209695748,d
2016-02-24,IM,q1,IM1606,2016-06-17,8364.663,,,4.358610768746986,,,0.10576401413936619,p
2016-02-24,IM,q2,IM1609,2016-09-16,8364.663,,,9.079111422762487,,,0.05077415063086505,y
2016-02-24,IM,q2,IM1609,2016-09-16,8364.663,,,6.793921667109508,,,0.0678524412793056,d
2016-02-24,IM,q2,IM1609,2016-09-16,8364.663,,,6.608950239594496,,,0.06975149672212307,p
2016-02-25,IM,current,IM1603,2016-03-18,7702.591,,,0.20834509185046982,,,1.0,y
2016-02-25,IM,current,IM1603,2016-03-18,7702.591,,,0.20834509185046982,,,1.0,d
2016-02-25,IM,current,IM1603,2016-03-18,7702.591,,,0.20834509185046982,,,1.0,p
2016-02-25,IM,next,IM1604,2016-04-15,7702.591,,,0.40710790359588817,,,0.5674886084669654,y
2016-02-25,IM,next,IM1604,2016-04-15,7702.591,,,0.38062968247640977,,,0.6069655319691273,d
2016-02-25,IM,next,IM1604,2016-04-15,7702.591,,,0.36426290181763715,,,0.6342372406158323,p
2016-02-25,IM,q1,IM1606,2016-06-17,7702.591,,,5.414487444291512,,,0.07840017848850737,y
2016-02-25,IM,q1,IM1606,2016-06-17,7702.591,,,4.092136266331566,,,0.10373476209695746,d
2016-02-25,IM,q1,IM1606,2016-06-17,7702.591,,,4.013622076568251,,,0.10576401413936617,p
2016-02-25,IM,q2,IM1609,2016-09-16,7702.591,,,8.360490067916366,,,0.050774150630865045,y
2016-02-25,IM,q2,IM1609,2016-09-16,7702.591,,,6.256175519298588,,,0.0678524412793056,d
2016-02-25,IM,q2,IM1609,2016-09-16,7702.591,,,6.085844777601729,,,0.06975149672212307,p
2016-02-26,IM,current,IM1603,2016-03-18,7666.823,,,0.20737761386217893,,,1.0,y
2016-02-26,IM,current,IM1603,2016-03-18,7666.823,,,0.20737761386217893,,,1.0,d
2016-02-26,IM,current,IM1603,2016-03-18,7666.823,,,0.20737761386217893,,,1.0,p
2016-02-26,IM,next,IM1604,2016-04-15,7666.823,,,0.40521744420426037,,,0.5674886084669654,y
2016-02-26,IM,next,IM1604,2016-04-15,7666.823,,,0.37886217820637696,,,0.6069655319691273,d
2016-02-26,IM,next,IM1604,2016-04-15,7666.823,,,0.36257139885815076,,,0.6342372406158323,p
2016-02-26,IM,q1,IM1606,2016-06-17,7666.823,,,5.389344555761221,,,0.07840017848850737,y
2016-02-26,IM,q1,IM1606,2016-06-17,7666.823,,,4.073133890381168,,,0.10373476209695746,d
2016-02-26,IM,q1,IM1606,2016-06-17,7666.823,,,3.994984291641764,,,0.10576401413936617,p
2016-02-26,IM,q2,IM1609,2016-09-16,7666.823,,,8.321667026585311,,,0.05077415063086503,y
2016-02-26,IM,q2,IM1609,2016-09-16,7666.823,,,6.227124140876151,,,0.06785244127930559,d
2016-02-26,IM,q2,IM1609,2016-09-16,7666.823,,,6.057584352505127,,,0.06975149672212307,p
2016-02-29,IM,current,IM1603,2016-03-18,7183.676,,,0.19430911443227555,,,1.0,y
2016-02-29,IM,current,IM1603,2016-03-18,7183.676,,,0.19430911443227555,,,1.0,d
2016-02-29,IM,current,IM1603,2016-03-18,7183.676,,,0.19430911443227555,,,1.0,p
2016-02-29,IM,next,IM1604,2016-04-15,7183.676,,,0.37968149632663806,,,0.5674886084669654,y
2016-02-29,IM,next,IM1604,2016-04-15,7183.676,,,0.3549870835532362,,,0.6069655319691273,d
2016-02-29,IM,next,IM1604,2016-04-15,7183.676,,,0.3397229147280073,,,0.6342372406158323,p
2016-02-29,IM,q1,IM1606,2016-06-17,7183.676,,,5.042457922601553,,,0.08046951200408753,y
2016-02-29,IM,q1,IM1606,2016-06-17,7183.676,,,3.81695226810085,,,0.10630579054497387,d
2016-02-29,IM,q1,IM1606,2016-06-17,7183.676,,,3.743592265678951,,,0.10838897495673214,p
2016-02-29,IM,q2,IM1609,2016-09-16,7183.676,,,7.789991621751735,,,0.05208787737330683,y
2016-02-29,IM,q2,IM1609,2016-09-16,7183.676,,,5.835202600306875,,,0.06953728192943168,d
2016-02-29,IM,q2,IM1609,2016-09-16,7183.676,,,5.676211625069754,,,0.07148502471979375,p
2016-03-01,IM,current,IM1603,2016-03-18,7345.086,,,0.12970710183146839,,,1.0,y
2016-03-01,IM,current,IM1603,2016-03-18,7345.086,,,0.12970710183146839,,,1.0,d
2016-03-01,IM,current,IM1603,2016-03-18,7345.086,,,0.12970710183146839,,,1.0,p
2016-03-01,IM,next,IM1604,2016-04-15,7345.086,,,0.3192446153606052,,,0.47405110052516625,y
2016-03-01,IM,next,IM1604,2016-04-15,7345.086,,,0.2939953438817503,,,0.5147641430311188,d
2016-03-01,IM,next,IM1604,2016-04-15,7345.086,,,0.2783882044812782,,,0.5436231090696441,p
2016-03-01,IM,q1,IM1606,2016-06-17,7345.086,,,5.08678895474366,,,0.06800229005855943,y
2016-03-01,IM,q1,IM1606,2016-06-17,7345.086,,,3.833747416429022,,,0.09022850500916901,d
2016-03-01,IM,q1,IM1606,2016-06-17,7345.086,,,3.758739088276547,,,0.09202907939155802,p
2016-03-01,IM,q2,IM1609,2016-09-16,7345.086,,,7.896056982443716,,,0.043808358872823076,y
2016-03-01,IM,q2,IM1609,2016-09-16,7345.086,,,5.89734581084183,,,0.05865575956750222,d
2016-03-01,IM,q2,IM1609,2016-09-16,7345.086,,,5.734782467737196,,,0.060318468906745415,p
2016-03-02,IM,current,IM1603,2016-03-18,7711.886,,,0.13618443442523007,,,1.0,y
2016-03-02,IM,current,IM1603,2016-03-18,7711.886,,,0.13618443442523007,,,1.0,d
2016-03-02,IM,current,IM1603,2016-03-18,7711.886,,,0.13618443442523007,,,1.0,p
2016-03-02,IM,next,IM1604,2016-04-15,7711.886,,,0.3772345219321107,,,0.5576688393401175,y
2016-03-02,IM,next,IM1604,2016-04-15,7711.886,,,0.35400237419818387,,,0.5942670256983364,d
2016-03-02,IM,next,IM1604,2016-04-15,7711.886,,,0.3345405045898017,,,0.62883846684829,p
2016-03-02,IM,q1,IM1606,2016-06-17,7711.886,,,5.275454881570885,,,0.08769154552071952,y
2016-03-02,IM,q1,IM1606,2016-06-17,7711.886,,,4.056950389189772,,,0.11402968917797521,d
2016-03-02,IM,q1,IM1606,2016-06-17,7711.886,,,3.9729594662365453,,,0.11644035027822552,p
2016-03-02,IM,q2,IM1609,2016-09-16,7711.886,,,8.22501255496881,,,0.05624463048512995,y
2016-03-02,IM,q2,IM1609,2016-09-16,7711.886,,,6.223601067955767,,,0.07433201242150426,d
2016-03-02,IM,q2,IM1609,2016-09-16,7711.886,,,6.047682794657107,,,0.07649422226616708,p
2016-03-03,IM,current,IM1603,2016-03-18,7727.16,,,0.1364541584656802,,,1.0,y
2016-03-03,IM,current,IM1603,2016-03-18,7727.16,,,0.1364541584656802,,,1.0,d
2016-03-03,IM,current,IM1603,2016-03-18,7727.16,,,0.1364541584656802,,,1.0,p
2016-03-03,IM,next,IM1604,2016-04-15,7727.16,,,0.332701952350649,,,0.7485750697325292,y
2016-03-03,IM,next,IM1604,2016-04-15,7727.16,,,0.3330889331815742,,,0.7477053794677461,d
2016-03-03,IM,next,IM1604,2016-04-15,7727.16,,,0.3135885178015872,,,0.7942012320062539,p
2016-03-03,IM,q1,IM1606,2016-06-17,7727.16,,,5.240623624712811,,,0.09575059381394684,y
2016-03-03,IM,q1,IM1606,2016-06-17,7727.16,,,4.043370929508074,,,0.12410259478288808,d
2016-03-03,IM,q1,IM1606,2016-06-17,7727.16,,,3.9592136558907978,,,0.1267405266889417,p
2016-03-03,IM,q2,IM1609,2016-09-16,7727.16,,,8.196023130303724,,,0.0612239394696602,y
2016-03-03,IM,q2,IM1609,2016-09-16,7727.16,,,6.214312831259923,,,0.08074791817648388,d
2016-03-03,IM,q2,IM1609,2016-09-16,7727.16,,,6.038046137911178,,,0.08310516557186197,p
2016-03-04,IM,current,IM1603,2016-03-18,7418.801,,,0.13100883730624796,,,1.0,y
2016-03-04,IM,current,IM1603,2016-03-18,7418.801,,,0.13100883730624796,,,1.0,d
2016-03-04,IM,current,IM1603,2016-03-18,7418.801,,,0.13100883730624796,,,1.0,p
2016-03-04,IM,next,IM1604,2016-04-15,7418.801,,,0.3194251933182368,,,0.7485750697325292,y
2016-03-04,IM,next,IM1604,2016-04-15,7418.801,,,0.31979673134455555,,,0.7477053794677461,d
2016-03-04,IM,next,IM1604,2016-04-15,7418.801,,,0.30107449689859317,,,0.7942012320062539,p
2016-03-04,IM,q1,IM1606,2016-06-17,7418.801,,,5.031492008401926,,,0.09575059381394684,y
2016-03-04,IM,q1,IM1606,2016-06-17,7418.801,,,3.882016717035164,,,0.12410259478288808,d
2016-03-04,IM,q1,IM1606,2016-06-17,7418.801,,,3.8012178121763114,,,0.1267405266889417,p
2016-03-04,IM,q2,IM1609,2016-09-16,7418.801,,,7.86895374175252,,,0.0612239394696602,y
2016-03-04,IM,q2,IM1609,2016-09-16,7418.801,,,5.966325305398613,,,0.08074791817648388,d
2016-03-04,IM,q2,IM1609,2016-09-16,7418.801,,,5.797092686832107,,,0.08310516557186197,p
2016-03-07,IM,current,IM1603,2016-03-18,7600.437,,,0.13421635307233434,,,1.0,y
2016-03-07,IM,current,IM1603,2016-03-18,7600.437,,,0.13421635307233434,,,1.0,d
2016-03-07,IM,current,IM1603,2016-03-18,7600.437,,,0.13421635307233434,,,1.0,p
2016-03-07,IM,next,IM1604,2016-04-15,7600.437,,,0.30820390831038724,,,0.8911124273080852,y
2016-03-07,IM,next,IM1604,2016-04-15,7600.437,,,0.32772354035679685,,,0.8380366346015268,d
2016-03-07,IM,next,IM1604,2016-04-15,7600.437,,,0.304710409212717,,,0.9013290144892283,p
2016-03-07,IM,q1,IM1606,2016-06-17,7600.437,,,5.084140003510283,,,0.10949526594588375,y
2016-03-07,IM,q1,IM1606,2016-06-17,7600.437,,,3.977385511981545,,,0.13996361683158057,d
2016-03-07,IM,q1,IM1606,2016-06-17,7600.437,,,3.8897376897968066,,,0.14311743006494235,p
2016-03-07,IM,q2,IM1609,2016-09-16,7600.437,,,7.99107188431447,,,0.0696639036476671,y
2016-03-07,IM,q2,IM1609,2016-09-16,7600.437,,,6.112724647566302,,,0.09107056081973251,d
2016-03-07,IM,q2,IM1609,2016-09-16,7600.437,,,5.934477971239088,,,0.09380593617305669,p
2016-03-08,IM,current,IM1603,2016-03-18,7670.69,,,0.13545695298157517,,,1.0,y
2016-03-08,IM,current,IM1603,2016-03-18,7670.69,,,0.13545695298157517,,,1.0,d
2016-03-08,IM,current,IM1603,2016-03-18,7670.69,,,0.13545695298157517,,,1.0,p
2016-03-08,IM,next,IM1604,2016-04-15,7670.69,,,0.31105272465746436,,,0.8911124273080852,y
2016-03-08,IM,next,IM1604,2016-04-15,7670.69,,,0.3307527822123225,,,0.8380366346015268,d
2016-03-08,IM,next,IM1604,2016-04-15,7670.69,,,0.3075269341544304,,,0.9013290144892283,p
2016-03-08,IM,q1,IM1606,2016-06-17,7670.69,,,5.131134154986916,,,0.10949526594588375,y
2016-03-08,IM,q1,IM1606,2016-06-17,7670.69,,,4.0141496170419835,,,0.13996361683158057,d
2016-03-08,IM,q1,IM1606,2016-06-17,7670.69,,,3.92569164111846,,,0.14311743006494235,p
2016-03-08,IM,q2,IM1609,2016-09-16,7670.69,,,8.06493563360793,,,0.0696639036476671,y
2016-03-08,IM,q2,IM1609,2016-09-16,7670.69,,,6.169226299335203,,,0.09107056081973251,d
2016-03-08,IM,q2,IM1609,2016-09-16,7670.69,,,5.989332038303054,,,0.0938059361730567,p
2016-03-09,IM,current,IM1603,2016-03-18,7500.17,,,0.13244573500478066,,,1.0,y
2016-03-09,IM,current,IM1603,2016-03-18,7500.17,,,0.13244573500478066,,,1.0,d
2016-03-09,IM,current,IM1603,2016-03-18,7500.17,,,0.13244573500478066,,,1.0,p
2016-03-09,IM,next,IM1604,2016-04-15,7500.17,,,0.30413799982715695,,,0.8911124273080852,y
2016-03-09,IM,next,IM1604,2016-04-15,7500.17,,,0.32340012366102594,,,0.8380366346015268,d
2016-03-09,IM,next,IM1604,2016-04-15,7500.17,,,0.30069058790500386,,,0.9013290144892283,p
2016-03-09,IM,q1,IM1606,2016-06-17,7500.17,,,5.01706866725265,,,0.10949526594588374,y
2016-03-09,IM,q1,IM1606,2016-06-17,7500.17,,,3.924914777321176,,,0.13996361683158057,d
2016-03-09,IM,q1,IM1606,2016-06-17,7500.17,,,3.838423228675314,,,0.14311743006494235,p
2016-03-09,IM,q2,IM1609,2016-09-16,7500.17,,,7.8856515243240475,,,0.06966390364766707,y
2016-03-09,IM,q2,IM1609,2016-09-16,7500.17,,,6.032083947270051,,,0.09107056081973253,d
2016-03-09,IM,q2,IM1609,2016-09-16,7500.17,,,5.856188748824347,,,0.09380593617305669,p
2016-03-10,IM,current,IM1603,2016-03-18,7376.697,,,0.13026532146238823,,,1.0,y
2016-03-10,IM,current,IM1603,2016-03-18,7376.697,,,0.13026532146238823,,,1.0,d
2016-03-10,IM,current,IM1603,2016-03-18,7376.697,,,0.13026532146238823,,,1.0,p
2016-03-10,IM,next,IM1604,2016-04-15,7376.697,,,0.2991310691505645,,,0.8911124273080852,y
2016-03-10,IM,next,IM1604,2016-04-15,7376.697,,,0.3180760865433609,,,0.8380366346015268,d
2016-03-10,IM,next,IM1604,2016-04-15,7376.697,,,0.29574041091429637,,,0.9013290144892283,p
2016-03-10,IM,q1,IM1606,2016-06-17,7376.697,,,4.948849546506553,,,0.11291734373019534,y
2016-03-10,IM,q1,IM1606,2016-06-17,7376.697,,,3.8752195483280514,,,0.14420110611616793,d
2016-03-10,IM,q1,IM1606,2016-06-17,7376.697,,,3.786477968279098,,,0.14758066730964597,p
2016-03-10,IM,q2,IM1609,2016-09-16,7376.697,,,7.7702078031874,,,0.07191711720794303,y
2016-03-10,IM,q2,IM1609,2016-09-16,7376.697,,,5.947699038053533,,,0.09395413953137419,d
2016-03-10,IM,q2,IM1609,2016-09-16,7376.697,,,5.771025633090269,,,0.09683043896179501,p
2016-03-11,IM,current,IM1603,2016-03-18,7349.567,,,0.026634414407992222,,,1.0,y
2016-03-11,IM,current,IM1603,2016-03-18,7349.567,,,0.026634414407992222,,,1.0,d
2016-03-11,IM,current,IM1603,2016-03-18,7349.567,,,0.026634414407992222,,,1.0,p
2016-03-11,IM,next,IM1604,2016-04-15,7349.567,,,0.1948791080207767,,,0.8334769468045824,y
2016-03-11,IM,next,IM1604,2016-04-15,7349.567,,,0.21375444947027944,,,0.7598777211500403,d
2016-03-11,IM,next,IM1604,2016-04-15,7349.567,,,0.1915009199399115,,,0.8481799669689484,p
2016-03-11,IM,q1,IM1606,2016-06-17,7349.567,,,4.82749686098878,,,0.09396255392113918,y
2016-03-11,IM,q1,IM1606,2016-06-17,7349.567,,,3.7578154568559055,,,0.12070947584113415,d
2016-03-11,IM,q1,IM1606,2016-06-17,7349.567,,,3.6694002503948493,,,0.12361800380211395,p
2016-03-11,IM,q2,IM1609,2016-09-16,7349.567,,,7.6384787324793795,,,0.059384067167200544,y
2016-03-11,IM,q2,IM1609,2016-09-16,7349.567,,,5.822672786072929,,,0.07790304397488204,d
2016-03-11,IM,q2,IM1609,2016-09-16,7349.567,,,5.646649150169809,,,0.08033152442119541,p
2016-03-14,IM,current,IM1603,2016-03-18,7640.131,,,0.027687401881682012,,,1.0,y
2016-03-14,IM,current,IM1603,2016-03-18,7640.131,,,0.027687401881682012,,,1.0,d
2016-03-14,IM,current,IM1603,2016-03-18,7640.131,,,0.027687401881682012,,,1.0,p
2016-03-14,IM,next,IM1604,2016-04-15,7640.131,,,0.1984999999580166,,,1.0,y
2016-03-14,IM,next,IM1604,2016-04-15,7640.131,,,0.1984999999580166,,,1.0,d
2016-03-14,IM,next,IM1604,2016-04-15,7640.131,,,0.1984999999580166,,,1.0,p
2016-03-14,IM,q1,IM1606,2016-06-17,7640.131,,,4.933839510994947,,,0.15444206658884754,y
2016-03-14,IM,q1,IM1606,2016-06-17,7640.131,,,3.863184605902653,,,0.19724461759645193,d
2016-03-14,IM,q1,IM1606,2016-06-17,7640.131,,,3.8107236188819495,,,0.1999600198030982,p
2016-03-14,IM,q2,IM1609,2016-09-16,7640.131,,,7.85294614830885,,,0.10963884813282221,y
2016-03-14,IM,q2,IM1609,2016-09-16,7640.131,,,6.021677227717466,,,0.14298142155255059,d
2016-03-14,IM,q2,IM1609,2016-09-16,7640.131,,,5.868357386542047,,,0.14671703058238683,p
2016-03-15,IM,current,IM1603,2016-03-18,7571.82,,,0.003450785626340688,,,1.0,y
2016-03-15,IM,current,IM1603,2016-03-18,7571.82,,,0.003450785626340688,,,1.0,d
2016-03-15,IM,current,IM1603,2016-03-18,7571.82,,,0.003450785626340688,,,1.0,p
2016-03-15,IM,next,IM1604,2016-04-15,7571.82,,,0.17273613510089178,,,1.0,y
2016-03-15,IM,next,IM1604,2016-04-15,7571.82,,,0.17273613510089178,,,1.0,d
2016-03-15,IM,next,IM1604,2016-04-15,7571.82,,,0.17273613510089178,,,1.0,p
2016-03-15,IM,q1,IM1606,2016-06-17,7571.82,,,5.067943764872899,,,0.21261458145392845,y
2016-03-15,IM,q1,IM1606,2016-06-17,7571.82,,,4.042183421024455,,,0.2665684928585973,d
2016-03-15,IM,q1,IM1606,2016-06-17,7571.82,,,3.9837007807103153,,,0.27048184633193517,p
2016-03-15,IM,q2,IM1609,2016-09-16,7571.82,,,7.960950444803668,,,0.14767447971430575,y
2016-03-15,IM,q2,IM1609,2016-09-16,7571.82,,,6.1813767939796875,,,0.1901888938582015,d
2016-03-15,IM,q2,IM1609,2016-09-16,7571.82,,,6.022937086297757,,,0.19519201315290527,p
2016-03-16,IM,current,IM1603,2016-03-18,7484.226,,,0.0034108654861163185,,,1.0,y
2016-03-16,IM,current,IM1603,2016-03-18,7484.226,,,0.0034108654861163185,,,1.0,d
2016-03-16,IM,current,IM1603,2016-03-18,7484.226,,,0.0034108654861163185,,,1.0,p
2016-03-16,IM,next,IM1604,2016-04-15,7484.226,,,0.1707378508022651,,,1.0,y
2016-03-16,IM,next,IM1604,2016-04-15,7484.226,,,0.1707378508022651,,,1.0,d
2016-03-16,IM,next,IM1604,2016-04-15,7484.226,,,0.1707378508022651,,,1.0,p
2016-03-16,IM,q1,IM1606,2016-06-17,7484.226,,,5.009315658797969,,,0.21261458145392848,y
2016-03-16,IM,q1,IM1606,2016-06-17,7484.226,,,3.9954217422495746,,,0.26656849285859735,d
2016-03-16,IM,q1,IM1606,2016-06-17,7484.226,,,3.937615653728224,,,0.2704818463319352,p
2016-03-16,IM,q2,IM1609,2016-09-16,7484.226,,,7.868854820071156,,,0.14767447971430575,y
2016-03-16,IM,q2,IM1609,2016-09-16,7484.226,,,6.109868026088763,,,0.1901888938582015,d
2016-03-16,IM,q2,IM1609,2016-09-16,7484.226,,,5.953261215617106,,,0.19519201315290527,p
2016-03-17,IM,current,IM1603,2016-03-18,7779.875,,,0.0,,,,y
2016-03-17,IM,current,IM1603,2016-03-18,7779.875,,,0.0,,,,d
2016-03-17,IM,current,IM1603,2016-03-18,7779.875,,,0.0,,,,p
2016-03-17,IM,next,IM1604,2016-04-15,7779.875,,,0.17393689472852278,,,1.0,y
2016-03-17,IM,next,IM1604,2016-04-15,7779.875,,,0.17393689472852278,,,1.0,d
2016-03-17,IM,next,IM1604,2016-04-15,7779.875,,,0.17393689472852278,,,1.0,p
2016-03-17,IM,q1,IM1606,2016-06-17,7779.875,,,5.203652796410351,,,0.21207808188806013,y
2016-03-17,IM,q1,IM1606,2016-06-17,7779.875,,,4.149707079911819,,,0.2659418321877308,d
2016-03-17,IM,q1,IM1606,2016-06-17,7779.875,,,4.089617480408137,,,0.2698493707934787,p
2016-03-17,IM,q2,IM1609,2016-09-16,7779.875,,,8.176152188105663,,,0.14730486704948167,y
2016-03-17,IM,q2,IM1609,2016-09-16,7779.875,,,6.347680228034738,,,0.1897365600941929,d
2016-03-17,IM,q2,IM1609,2016-09-16,7779.875,,,6.1848869866737495,,,0.1947306415849251,p
2016-03-18,IM,current,IM1603,2016-03-18,8097.204,,,0.0,,,,y
2016-03-18,IM,current,IM1603,2016-03-18,8097.204,,,0.0,,,,d
2016-03-18,IM,current,IM1603,2016-03-18,8097.204,,,0.0,,,,p
2016-03-18,IM,next,IM1604,2016-04-15,8097.204,,,0.1810315101133853,,,1.0,y
2016-03-18,IM,next,IM1604,2016-04-15,8097.204,,,0.1810315101133853,,,1.0,d
2016-03-18,IM,next,IM1604,2016-04-15,8097.204,,,0.1810315101133853,,,1.0,p
2016-03-18,IM,q1,IM1606,2016-06-17,8097.204,,,5.410872321774837,,,0.2164403305186112,y
2016-03-18,IM,q1,IM1606,2016-06-17,8097.204,,,4.3195485842212,,,0.2711234683172575,d
2016-03-18,IM,q1,IM1606,2016-06-17,8097.204,,,4.257256576729518,,,0.27509053603215744,p
2016-03-18,IM,q2,IM1609,2016-09-16,8097.204,,,8.504615340066628,,,0.15004194573599783,y
2016-03-18,IM,q2,IM1609,2016-09-16,8097.204,,,6.60717363820645,,,0.1931308458401892,d
2016-03-18,IM,q2,IM1609,2016-09-16,8097.204,,,6.437988867057057,,,0.198206157188203,p
2016-03-21,IM,current,IM1604,2016-04-15,8325.977,,,0.16162638609031232,,,1.0,y
2016-03-21,IM,current,IM1604,2016-04-15,8325.977,,,0.16162638609031232,,,1.0,d
2016-03-21,IM,current,IM1604,2016-04-15,8325.977,,,0.16162638609031232,,,1.0,p
2016-03-21,IM,next,IM1605,2016-05-20,8325.977,,,2.364197432330448,,,0.4439987216975656,y
2016-03-21,IM,next,IM1605,2016-05-20,8325.977,,,2.0266643789526615,,,0.517944978308569,d
2016-03-21,IM,next,IM1605,2016-05-20,8325.977,,,2.0293717328142113,,,0.5172539958165888,p
2016-03-21,IM,q1,IM1606,2016-06-17,8325.977,,,5.5392276311070585,,,0.2129718362474294,y
2016-03-21,IM,q1,IM1606,2016-06-17,8325.977,,,4.417070360717722,,,0.2670773575356136,d
2016-03-21,IM,q1,IM1606,2016-06-17,8325.977,,,4.353018396402686,,,0.27100723510938224,p
2016-03-21,IM,q2,IM1609,2016-09-16,8325.977,,,8.584600567583536,,,0.16143657587384558,y
2016-03-21,IM,q2,IM1609,2016-09-16,8325.977,,,6.713868429421464,,,0.20641877859896904,d
2016-03-21,IM,q2,IM1609,2016-09-16,8325.977,,,6.587034419687528,,,0.2103933929255374,p
2016-03-22,IM,current,IM1604,2016-04-15,8311.211,,,0.16133974402812434,,,1.0,y
2016-03-22,IM,current,IM1604,2016-04-15,8311.211,,,0.16133974402812434,,,1.0,d
2016-03-22,IM,current,IM1604,2016-04-15,8311.211,,,0.16133974402812434,,,1.0,p
2016-03-22,IM,next,IM1605,2016-05-20,8311.211,,,2.360004562318221,,,0.44399872169756566,y
2016-03-22,IM,next,IM1605,2016-05-20,8311.211,,,2.023070118937337,,,0.5179449783085689,d
2016-03-22,IM,next,IM1605,2016-05-20,8311.211,,,2.0257726713459014,,,0.5172539958165888,p
2016-03-22,IM,q1,IM1606,2016-06-17,8311.211,,,5.484675395312193,,,0.22586156688742806,y
2016-03-22,IM,q1,IM1606,2016-06-17,8311.211,,,4.368180912997563,,,0.2835911340045789,d
2016-03-22,IM,q1,IM1606,2016-06-17,8311.211,,,4.294414615531818,,,0.2884624540382732,p
2016-03-22,IM,q2,IM1609,2016-09-16,8311.211,,,8.524647406854573,,,0.16945929993083195,y
2016-03-22,IM,q2,IM1609,2016-09-16,8311.211,,,6.660905643487366,,,0.21687453013768218,d
2016-03-22,IM,q2,IM1609,2016-09-16,8311.211,,,6.524468643653829,,,0.22140972094759961,p
2016-03-23,IM,current,IM1604,2016-04-15,8408.639,,,0.1632310458590094,,,1.0,y
2016-03-23,IM,current,IM1604,2016-04-15,8408.639,,,0.1632310458590094,,,1.0,d
2016-03-23,IM,current,IM1604,2016-04-15,8408.639,,,0.1632310458590094,,,1.0,p
2016-03-23,IM,next,IM1605,2016-05-20,8408.639,,,2.3783047545250366,,,0.5116803137016556,y
2016-03-23,IM,next,IM1605,2016-05-20,8408.639,,,2.0836747130041084,,,0.5840315262640086,d
2016-03-23,IM,next,IM1605,2016-05-20,8408.639,,,2.107325867909165,,,0.5774767639904304,p
2016-03-23,IM,q1,IM1606,2016-06-17,8408.639,,,5.539604477089606,,,0.25455036900239025,y
2016-03-23,IM,q1,IM1606,2016-06-17,8408.639,,,4.456276020112757,,,0.31643200677115424,d
2016-03-23,IM,q1,IM1606,2016-06-17,8408.639,,,4.402561920623688,,,0.3202926816690155,p
2016-03-23,IM,q2,IM1609,2016-09-16,8408.639,,,8.615212498010228,,,0.18784496532990777,y
2016-03-23,IM,q2,IM1609,2016-09-16,8408.639,,,6.775877169098272,,,0.2388361318559564,d
2016-03-23,IM,q2,IM1609,2016-09-16,8408.639,,,6.658757711221933,,,0.24303696923394205,p
2016-03-24,IM,current,IM1604,2016-04-15,8279.649,,,0.16072705292919595,,,1.0,y
2016-03-24,IM,current,IM1604,2016-04-15,8279.649,,,0.16072705292919595,,,1.0,d
2016-03-24,IM,current,IM1604,2016-04-15,8279.649,,,0.16072705292919595,,,1.0,p
2016-03-24,IM,next,IM1605,2016-05-20,8279.649,,,2.3418211416257093,,,0.5116803137016556,y
2016-03-24,IM,next,IM1605,2016-05-20,8279.649,,,2.0517107767201987,,,0.5840315262640086,d
2016-03-24,IM,next,IM1605,2016-05-20,8279.649,,,2.074999118752541,,,0.5774767639904304,p
2016-03-24,IM,q1,IM1606,2016-06-17,8279.649,,,5.45462597087715,,,0.25455036900239025,y
2016-03-24,IM,q1,IM1606,2016-06-17,8279.649,,,4.3879159628152165,,,0.3164320067711542,d
2016-03-24,IM,q1,IM1606,2016-06-17,8279.649,,,4.335025847052061,,,0.3202926816690155,p
2016-03-24,IM,q2,IM1609,2016-09-16,8279.649,,,8.483053624247383,,,0.18784496532990777,y
2016-03-24,IM,q2,IM1609,2016-09-16,8279.649,,,6.671934022526991,,,0.2388361318559564,d
2016-03-24,IM,q2,IM1609,2016-09-16,8279.649,,,6.55661119771713,,,0.24303696923394205,p
2016-03-25,IM,current,IM1604,2016-04-15,8343.242,,,0.16196153949703554,,,1.0,y
2016-03-25,IM,current,IM1604,2016-04-15,8343.242,,,0.16196153949703554,,,1.0,d
2016-03-25,IM,current,IM1604,2016-04-15,8343.242,,,0.16196153949703554,,,1.0,p
2016-03-25,IM,next,IM1605,2016-05-20,8343.242,,,2.3876785812500656,,,0.5331784368917807,y
2016-03-25,IM,next,IM1605,2016-05-20,8343.242,,,2.112963473496507,,,0.6024991675053674,d
2016-03-25,IM,next,IM1605,2016-05-20,8343.242,,,2.1355408757604812,,,0.5961294153630047,p
2016-03-25,IM,q1,IM1606,2016-06-17,8343.242,,,5.524391742546331,,,0.2651392296055069,y
2016-03-25,IM,q1,IM1606,2016-06-17,8343.242,,,4.467112209662226,,,0.32789258516712105,d
2016-03-25,IM,q1,IM1606,2016-06-17,8343.242,,,4.412926054850941,,,0.33191876601866904,p
2016-03-25,IM,q2,IM1609,2016-09-16,8343.242,,,8.570659947611679,,,0.19644087517401085,y
2016-03-25,IM,q2,IM1609,2016-09-16,8343.242,,,6.765440217864676,,,0.24885711597627133,d
2016-03-25,IM,q2,IM1609,2016-09-16,8343.242,,,6.652078656622933,,,0.2530980206091563,p
2016-03-28,IM,current,IM1604,2016-04-15,8298.778,,,0.16109839086821762,,,1.0,y
2016-03-28,IM,current,IM1604,2016-04-15,8298.778,,,0.16109839086821762,,,1.0,d
2016-03-28,IM,current,IM1604,2016-04-15,8298.778,,,0.16109839086821762,,,1.0,p
2016-03-28,IM,next,IM1605,2016-05-20,8298.778,,,2.343874881839151,,,0.5897218068419312,y
2016-03-28,IM,next,IM1605,2016-05-20,8298.778,,,2.0913473989412195,,,0.6609299492898129,d
2016-03-28,IM,next,IM1605,2016-05-20,8298.778,,,2.1261321398646253,,,0.6501167563449802,p
2016-03-28,IM,q1,IM1606,2016-06-17,8298.778,,,5.445389208530326,,,0.2929738213147037,y
2016-03-28,IM,q1,IM1606,2016-06-17,8298.778,,,4.439405747114464,,,0.3593626210007799,d
2016-03-28,IM,q1,IM1606,2016-06-17,8298.778,,,4.4036728858315595,,,0.36227860840933535,p
2016-03-28,IM,q2,IM1609,2016-09-16,8298.778,,,8.475422804858443,,,0.21392264793901938,y
2016-03-28,IM,q2,IM1609,2016-09-16,8298.778,,,6.72548517658017,,,0.26958425172531586,d
2016-03-28,IM,q2,IM1609,2016-09-16,8298.778,,,6.630892274916543,,,0.27343000212454643,p
2016-03-29,IM,current,IM1604,2016-04-15,8118.996,,,0.1576084082578779,,,1.0,y
2016-03-29,IM,current,IM1604,2016-04-15,8118.996,,,0.1576084082578779,,,1.0,d
2016-03-29,IM,current,IM1604,2016-04-15,8118.996,,,0.1576084082578779,,,1.0,p
2016-03-29,IM,next,IM1605,2016-05-20,8118.996,,,2.2458797172491924,,,0.6565874695731401,y
2016-03-29,IM,next,IM1605,2016-05-20,8118.996,,,2.043198414964115,,,0.721719667416728,d
2016-03-29,IM,next,IM1605,2016-05-20,8118.996,,,2.0898373817581954,,,0.7056130268249299,p
2016-03-29,IM,q1,IM1606,2016-06-17,8118.996,,,5.269970151690567,,,0.3222985570085429,y
2016-03-29,IM,q1,IM1606,2016-06-17,8118.996,,,4.3478327820935645,,,0.3906552667718052,d
2016-03-29,IM,q1,IM1606,2016-06-17,8118.996,,,4.325878735313468,,,0.39263786141357976,p
2016-03-29,IM,q2,IM1609,2016-09-16,8118.996,,,8.1833343994853,,,0.23825403451421656,y
2016-03-29,IM,q2,IM1609,2016-09-16,8118.996,,,6.564714040107493,,,0.29699883719907183,d
2016-03-29,IM,q2,IM1609,2016-09-16,8118.996,,,6.477734603741049,,,0.30098677326643486,p
2016-03-30,IM,current,IM1604,2016-04-15,8438.684,,,0.1638142884946885,,,1.0,y
2016-03-30,IM,current,IM1604,2016-04-15,8438.684,,,0.1638142884946885,,,1.0,d
2016-03-30,IM,current,IM1604,2016-04-15,8438.684,,,0.1638142884946885,,,1.0,p
2016-03-30,IM,next,IM1605,2016-05-20,8438.684,,,2.3410045958251935,,,0.6804923766422025,y
2016-03-30,IM,next,IM1605,2016-05-20,8438.684,,,2.134270881652681,,,0.7464074943991323,d
2016-03-30,IM,next,IM1605,2016-05-20,8438.684,,,2.183277267540063,,,0.7296534456836562,p
2016-03-30,IM,q1,IM1606,2016-06-17,8438.684,,,5.484169534405464,,,0.3364787794016548,y
2016-03-30,IM,q1,IM1606,2016-06-17,8438.684,,,4.529650945855867,,,0.40738385651034437,d
2016-03-30,IM,q1,IM1606,2016-06-17,8438.684,,,4.507363446863865,,,0.4093982419483879,p
2016-03-30,IM,q2,IM1609,2016-09-16,8438.684,,,8.6411063465156,,,0.2748892036840768,y
2016-03-30,IM,q2,IM1609,2016-09-16,8438.684,,,7.02151369595864,,,0.3382955507030158,d
2016-03-30,IM,q2,IM1609,2016-09-16,8438.684,,,6.915112137512186,,,0.343500842113265,p
2016-03-31,IM,current,IM1604,2016-04-15,8447.179,,,0.16397919600642402,,,1.0,y
2016-03-31,IM,current,IM1604,2016-04-15,8447.179,,,0.16397919600642402,,,1.0,d
2016-03-31,IM,current,IM1604,2016-04-15,8447.179,,,0.16397919600642402,,,1.0,p
2016-03-31,IM,next,IM1605,2016-05-20,8447.179,,,2.307793607428461,,,0.7160196529550563,y
2016-03-31,IM,next,IM1605,2016-05-20,8447.179,,,2.1164416402364177,,,0.7807565049127645,d
2016-03-31,IM,next,IM1605,2016-05-20,8447.179,,,2.1668016160895216,,,0.7626104603267723,p
2016-03-31,IM,q1,IM1606,2016-06-17,8447.179,,,5.34487253390125,,,0.3751558788771251,y
2016-03-31,IM,q1,IM1606,2016-06-17,8447.179,,,4.479081525407692,,,0.44767221618262854,d
2016-03-31,IM,q1,IM1606,2016-06-17,8447.179,,,4.457518541570416,,,0.4498378042047353,p
2016-03-31,IM,q2,IM1609,2016-09-16,8447.179,,,8.457932876785888,,,0.30645814873097094,y
2016-03-31,IM,q2,IM1609,2016-09-16,8447.179,,,6.955249017303572,,,0.37266853351506496,d
2016-03-31,IM,q2,IM1609,2016-09-16,8447.179,,,6.852354987643592,,,0.37826447348168757,p
2016-04-01,IM,current,IM1604,2016-04-15,8389.287,,,0.10685766600381916,,,1.0,y
2016-04-01,IM,current,IM1604,2016-04-15,8389.287,,,0.10685766600381916,,,1.0,d
2016-04-01,IM,current,IM1604,2016-04-15,8389.287,,,0.10685766600381916,,,1.0,p
2016-04-01,IM,next,IM1605,2016-05-20,8389.287,,,2.18360944970434,,,0.7503116467449411,y
2016-04-01,IM,next,IM1605,2016-05-20,8389.287,,,2.0252367516075993,,,0.808985715252774,d
2016-04-01,IM,next,IM1605,2016-05-20,8389.287,,,2.068814606410166,,,0.7919451056556632,p
2016-04-01,IM,q1,IM1606,2016-06-17,8389.287,,,5.199874022271362,,,0.38245252322844364,y
2016-04-01,IM,q1,IM1606,2016-06-17,8389.287,,,4.3716844916577235,,,0.45490587074219774,d
2016-04-01,IM,q1,IM1606,2016-06-17,8389.287,,,4.343832304462598,,,0.45782267843181707,p
2016-04-01,IM,q2,IM1609,2016-09-16,8389.287,,,8.29159927928055,,,0.3101362091216409,y
2016-04-01,IM,q2,IM1609,2016-09-16,8389.287,,,6.830881786942304,,,0.3764558146720451,d
2016-04-01,IM,q2,IM1609,2016-09-16,8389.287,,,6.722255949109868,,,0.3825390148038488,p
2016-04-05,IM,current,IM1604,2016-04-15,8635.667,,,0.10999590549306548,,,1.0,y
2016-04-05,IM,current,IM1604,2016-04-15,8635.667,,,0.10999590549306548,,,1.0,d
2016-04-05,IM,current,IM1604,2016-04-15,8635.667,,,0.10999590549306548,,,1.0,p
2016-04-05,IM,next,IM1605,2016-05-20,8635.667,,,2.247738582039204,,,0.7503116467449411,y
2016-04-05,IM,next,IM1605,2016-05-20,8635.667,,,2.084714729993734,,,0.808985715252774,d
2016-04-05,IM,next,IM1605,2016-05-20,8635.667,,,2.1295723969980114,,,0.7919451056556632,p
2016-04-05,IM,q1,IM1606,2016-06-17,8635.667,,,5.300357264722276,,,0.3930267451140548,y
2016-04-05,IM,q1,IM1606,2016-06-17,8635.667,,,4.503177079689943,,,0.46260276396656025,d
2016-04-05,IM,q1,IM1606,2016-06-17,8635.667,,,4.4706509005514485,,,0.4659684260827597,p
2016-04-05,IM,q2,IM1609,2016-09-16,8635.667,,,8.482881569233585,,,0.3162980493763548,y
2016-04-05,IM,q2,IM1609,2016-09-16,8635.667,,,7.034597083485057,,,0.38141756544071365,d
2016-04-05,IM,q2,IM1609,2016-09-16,8635.667,,,6.918925060214856,,,0.38779418335771004,p
2016-04-06,IM,current,IM1604,2016-04-15,8691.23,,,0.11070363339606488,,,1.0,y
2016-04-06,IM,current,IM1604,2016-04-15,8691.23,,,0.11070363339606488,,,1.0,d
2016-04-06,IM,current,IM1604,2016-04-15,8691.23,,,0.11070363339606488,,,1.0,p
2016-04-06,IM,next,IM1605,2016-05-20,8691.23,,,2.2622008232110606,,,0.750311646744941,y
2016-04-06,IM,next,IM1605,2016-05-20,8691.23,,,2.0981280545861063,,,0.8089857152527739,d
2016-04-06,IM,next,IM1605,2016-05-20,8691.23,,,2.1432743416300126,,,0.7919451056556631,p
2016-04-06,IM,q1,IM1606,2016-06-17,8691.23,,,5.315419827007444,,,0.41584073634142915,y
2016-04-06,IM,q1,IM1606,2016-06-17,8691.23,,,4.600545519863647,,,0.4804578251172525,d
2016-04-06,IM,q1,IM1606,2016-06-17,8691.23,,,4.572394714761857,,,0.48341585377362367,p
2016-04-06,IM,q2,IM1609,2016-09-16,8691.23,,,8.539147382443046,,,0.3355421126012954,y
2016-04-06,IM,q2,IM1609,2016-09-16,8691.23,,,7.168979485178924,,,0.39967244409644875,d
2016-04-06,IM,q2,IM1609,2016-09-16,8691.23,,,7.05714786481494,,,0.40600588331216675,p
2016-04-07,IM,current,IM1604,2016-04-15,8549.513,,,0.10889852792606927,,,1.0,y
2016-04-07,IM,current,IM1604,2016-04-15,8549.513,,,0.10889852792606927,,,1.0,d
2016-04-07,IM,current,IM1604,2016-04-15,8549.513,,,0.10889852792606927,,,1.0,p
2016-04-07,IM,next,IM1605,2016-05-20,8549.513,,,2.225313948273566,,,0.750311646744941,y
2016-04-07,IM,next,IM1605,2016-05-20,8549.513,,,2.0639165087506175,,,0.8089857152527739,d
2016-04-07,IM,next,IM1605,2016-05-20,8549.513,,,2.1083266518470043,,,0.7919451056556631,p
2016-04-07,IM,q1,IM1606,2016-06-17,8549.513,,,5.228747934579789,,,0.41584073634142915,y
2016-04-07,IM,q1,IM1606,2016-06-17,8549.513,,,4.525530187230808,,,0.4804578251172525,d
2016-04-07,IM,q1,IM1606,2016-06-17,8549.513,,,4.497838402042955,,,0.48341585377362367,p
2016-04-07,IM,q2,IM1609,2016-09-16,8549.513,,,8.399910203171796,,,0.3355421126012954,y
2016-04-07,IM,q2,IM1609,2016-09-16,8549.513,,,7.052083917382295,,,0.39967244409644875,d
2016-04-07,IM,q2,IM1609,2016-09-16,8549.513,,,6.94207579515875,,,0.40600588331216675,p
2016-04-08,IM,current,IM1604,2016-04-15,8484.174,,,0.1080662792452191,,,1.0,y
2016-04-08,IM,current,IM1604,2016-04-15,8484.174,,,0.1080662792452191,,,1.0,d
2016-04-08,IM,current,IM1604,2016-04-15,8484.174,,,0.1080662792452191,,,1.0,p
2016-04-08,IM,next,IM1605,2016-05-20,8484.174,,,2.187833439642783,,,0.811210241404354,y
2016-04-08,IM,next,IM1605,2016-05-20,8484.174,,,2.0490492888858567,,,0.866154319640676,d
2016-04-08,IM,next,IM1605,2016-05-20,8484.174,,,2.091982386249984,,,0.8483785066214508,p
2016-04-08,IM,q1,IM1606,2016-06-17,8484.174,,,5.127262254340093,,,0.455352174245028,y
2016-04-08,IM,q1,IM1606,2016-06-17,8484.174,,,4.430266914034395,,,0.5269908248738304,d
2016-04-08,IM,q1,IM1606,2016-06-17,8484.174,,,4.43706142822389,,,0.5261838388324467,p
2016-04-08,IM,q2,IM1609,2016-09-16,8484.174,,,8.23873716689444,,,0.3698404500839682,y
2016-04-08,IM,q2,IM1609,2016-09-16,8484.174,,,6.90724379632262,,,0.44113373608587175,d
2016-04-08,IM,q2,IM1609,2016-09-16,8484.174,,,6.836645646059473,,,0.445689073220287,p
2016-04-11,IM,current,IM1604,2016-04-15,8677.409,,,0.07664616642573932,,,1.0,y
2016-04-11,IM,current,IM1604,2016-04-15,8677.409,,,0.07664616642573932,,,1.0,d
2016-04-11,IM,current,IM1604,2016-04-15,8677.409,,,0.07664616642573932,,,1.0,p
2016-04-11,IM,next,IM1605,2016-05-20,8677.409,,,2.425448710379504,,,0.9293825239853926,y
2016-04-11,IM,next,IM1605,2016-05-20,8677.409,,,2.389331268659988,,,0.9434311909013052,d
2016-04-11,IM,next,IM1605,2016-05-20,8677.409,,,2.3888581716378767,,,0.9436180309959921,p
2016-04-11,IM,q1,IM1606,2016-06-17,8677.409,,,5.431825766238304,,,0.5204215902540213,y
2016-04-11,IM,q1,IM1606,2016-06-17,8677.409,,,4.8247833529079704,,,0.5858997589072525,d
2016-04-11,IM,q1,IM1606,2016-06-17,8677.409,,,4.787348582670908,,,0.590481214065132,p
2016-04-11,IM,q2,IM1609,2016-09-16,8677.409,,,8.558470396573224,,,0.45293004416965055,y
2016-04-11,IM,q2,IM1609,2016-09-16,8677.409,,,7.413531362139086,,,0.5228801478525169,d
2016-04-11,IM,q2,IM1609,2016-09-16,8677.409,,,7.30434174526478,,,0.5306964692961581,p
2016-04-12,IM,current,IM1604,2016-04-15,8608.374,,,0.07603639130747522,,,1.0,y
2016-04-12,IM,current,IM1604,2016-04-15,8608.374,,,0.07603639130747522,,,1.0,d
2016-04-12,IM,current,IM1604,2016-04-15,8608.374,,,0.07603639130747522,,,1.0,p
2016-04-12,IM,next,IM1605,2016-05-20,8608.374,,,2.4035863566183715,,,0.936159113320547,y
2016-04-12,IM,next,IM1605,2016-05-20,8608.374,,,2.3791625844779043,,,0.9457694430307296,d
2016-04-12,IM,next,IM1605,2016-05-20,8608.374,,,2.3788753547713544,,,0.9458836369413274,p
2016-04-12,IM,q1,IM1606,2016-06-17,8608.374,,,5.365322920555249,,,0.5353380082308801,y
2016-04-12,IM,q1,IM1606,2016-06-17,8608.374,,,4.809057519463749,,,0.5972607468678847,d
2016-04-12,IM,q1,IM1606,2016-06-17,8608.374,,,4.769984005012663,,,0.6021532321255466,p
2016-04-12,IM,q2,IM1609,2016-09-16,8608.374,,,8.39996001176734,,,0.48626923784915743,y
2016-04-12,IM,q2,IM1609,2016-09-16,8608.374,,,7.334155742451781,,,0.5569341988802685,d
2016-04-12,IM,q2,IM1609,2016-09-16,8608.374,,,7.2143536418094385,,,0.5661826901877561,p
2016-04-13,IM,current,IM1604,2016-04-15,8729.841,,,0.07710928989935159,,,1.0,y
2016-04-13,IM,current,IM1604,2016-04-15,8729.841,,,0.07710928989935159,,,1.0,d
2016-04-13,IM,current,IM1604,2016-04-15,8729.841,,,0.07710928989935159,,,1.0,p
2016-04-13,IM,next,IM1605,2016-05-20,8729.841,,,2.4375017538791512,,,0.936159113320547,y
2016-04-13,IM,next,IM1605,2016-05-20,8729.841,,,2.4127333542479885,,,0.9457694430307296,d
2016-04-13,IM,next,IM1605,2016-05-20,8729.841,,,2.4124420716354233,,,0.9458836369413274,p
2016-04-13,IM,q1,IM1606,2016-06-17,8729.841,,,5.441029398827578,,,0.5353380082308801,y
2016-04-13,IM,q1,IM1606,2016-06-17,8729.841,,,4.876914909223616,,,0.5972607468678847,d
2016-04-13,IM,q1,IM1606,2016-06-17,8729.841,,,4.837290054579849,,,0.6021532321255466,p
2016-04-13,IM,q2,IM1609,2016-09-16,8729.841,,,8.518486221566002,,,0.48626923784915743,y
2016-04-13,IM,q2,IM1609,2016-09-16,8729.841,,,7.437643102035414,,,0.5569341988802685,d
2016-04-13,IM,q2,IM1609,2016-09-16,8729.841,,,7.316150554189136,,,0.5661826901877562,p
2016-04-14,IM,current,IM1604,2016-04-15,8837.018,,,0.07805596720579312,,,1.0,y
2016-04-14,IM,current,IM1604,2016-04-15,8837.018,,,0.07805596720579312,,,1.0,d
2016-04-14,IM,current,IM1604,2016-04-15,8837.018,,,0.07805596720579312,,,1.0,p
2016-04-14,IM,next,IM1605,2016-05-20,8837.018,,,2.4674271701009935,,,0.936159113320547,y
2016-04-14,IM,next,IM1605,2016-05-20,8837.018,,,2.442354686722227,,,0.9457694430307296,d
2016-04-14,IM,next,IM1605,2016-05-20,8837.018,,,2.4420598280082677,,,0.9458836369413274,p
2016-04-14,IM,q1,IM1606,2016-06-17,8837.018,,,5.507829379248544,,,0.5353380082308801,y
2016-04-14,IM,q1,IM1606,2016-06-17,8837.018,,,4.93678920810556,,,0.5972607468678847,d
2016-04-14,IM,q1,IM1606,2016-06-17,8837.018,,,4.89667787575319,,,0.6021532321255466,p
2016-04-14,IM,q2,IM1609,2016-09-16,8837.018,,,8.599981691414902,,,0.48959772347999286,y
2016-04-14,IM,q2,IM1609,2016-09-16,8837.018,,,7.517984998260283,,,0.5600611678608965,d
2016-04-14,IM,q2,IM1609,2016-09-16,8837.018,,,7.398153013761788,,,0.5691327889885583,p
2016-04-15,IM,current,IM1604,2016-04-15,8841.095,,,0.0,,,,y
2016-04-15,IM,current,IM1604,2016-04-15,8841.095,,,0.0,,,,d
2016-04-15,IM,current,IM1604,2016-04-15,8841.095,,,0.0,,,,p
2016-04-15,IM,next,IM1605,2016-05-20,8841.095,,,2.368618956643153,,,0.9569195377935862,y
2016-04-15,IM,next,IM1605,2016-05-20,8841.095,,,2.362990204298006,,,0.9591989645481597,d
2016-04-15,IM,next,IM1605,2016-05-20,8841.095,,,2.3639005993879567,,,0.9588295539105735,p
2016-04-15,IM,q1,IM1606,2016-06-17,8841.095,,,5.4014249769511755,,,0.543008457534336,y
2016-04-15,IM,q1,IM1606,2016-06-17,8841.095,,,4.865736185691531,,,0.6027904788275827,d
2016-04-15,IM,q1,IM1606,2016-06-17,8841.095,,,4.796088903973032,,,0.6115440109527599,p
2016-04-15,IM,q2,IM1609,2016-09-16,8841.095,,,8.449911710855732,,,0.5016669830293332,y
2016-04-15,IM,q2,IM1609,2016-09-16,8841.095,,,7.4394358586916765,,,0.5698068772105414,d
2016-04-15,IM,q2,IM1609,2016-09-16,8841.095,,,7.296529500108609,,,0.5809668438654471,p
2016-04-18,IM,current,IM1605,2016-05-20,8715.85,,,2.2258840855705784,,,0.9961874559868531,y
2016-04-18,IM,current,IM1605,2016-05-20,8715.85,,,2.2203350714351755,,,0.9986771064661427,d
2016-04-18,IM,current,IM1605,2016-05-20,8715.85,,,2.221232569657369,,,0.9982735868438201,p
2016-04-18,IM,next,IM1606,2016-06-17,8715.85,,,5.2069997148397436,,,0.5550418509137799,y
2016-04-18,IM,next,IM1606,2016-06-17,8715.85,,,4.689342406435057,,,0.6163130155448163,d
2016-04-18,IM,next,IM1606,2016-06-17,8715.85,,,4.62074590915463,,,0.6254623855655639,p
2016-04-18,IM,q1,IM1606,2016-06-17,8715.85,,,5.2069997148397436,,,0.5550418509137799,y
2016-04-18,IM,q1,IM1606,2016-06-17,8715.85,,,4.689342406435057,,,0.6163130155448163,d
2016-04-18,IM,q1,IM1606,2016-06-17,8715.85,,,4.62074590915463,,,0.6254623855655639,p
2016-04-18,IM,q2,IM1609,2016-09-16,8715.85,,,8.20371684177287,,,0.5114928388477225,y
2016-04-18,IM,q2,IM1609,2016-09-16,8715.85,,,7.227365543184451,,,0.5805908655690347,d
2016-04-18,IM,q2,IM1609,2016-09-16,8715.85,,,7.094065283541985,,,0.5915003948774195,p
2016-04-19,IM,current,IM1605,2016-05-20,8754.504,,,2.2357556785240646,,,0.9961874559868531,y
2016-04-19,IM,current,IM1605,2016-05-20,8754.504,,,2.230182055016955,,,0.9986771064661427,d
2016-04-19,IM,current,IM1605,2016-05-20,8754.504,,,2.2310835335619266,,,0.9982735868438201,p
2016-04-19,IM,next,IM1606,2016-06-17,8754.504,,,5.202277896037333,,,0.660979959442836,y
2016-04-19,IM,next,IM1606,2016-06-17,8754.504,,,4.734001544107531,,,0.7263625498840802,d
2016-04-19,IM,next,IM1606,2016-06-17,8754.504,,,4.658900201791768,,,0.7380714940858072,p
2016-04-19,IM,q1,IM1606,2016-06-17,8754.504,,,5.202277896037333,,,0.660979959442836,y
2016-04-19,IM,q1,IM1606,2016-06-17,8754.504,,,4.734001544107531,,,0.7263625498840802,d
2016-04-19,IM,q1,IM1606,2016-06-17,8754.504,,,4.658900201791768,,,0.7380714940858072,p
2016-04-19,IM,q2,IM1609,2016-09-16,8754.504,,,8.17801439983534,,,0.5938182921071316,y
2016-04-19,IM,q2,IM1609,2016-09-16,8754.504,,,7.311990221129439,,,0.6641494855538296,d
2016-04-19,IM,q2,IM1609,2016-09-16,8754.504,,,7.162332290834881,,,0.6780269815115877,p
2016-04-20,IM,current,IM1605,2016-05-20,8312.201,,,2.0608672677187507,,,1.0,y
2016-04-20,IM,current,IM1605,2016-05-20,8312.201,,,2.0608672677187507,,,1.0,d
2016-04-20,IM,current,IM1605,2016-05-20,8312.201,,,2.0608672677187507,,,1.0,p
2016-04-20,IM,next,IM1606,2016-06-17,8312.201,,,4.862916831212858,,,0.6611792643714474,y
2016-04-20,IM,next,IM1606,2016-06-17,8312.201,,,4.423591190160226,,,0.7268437870825012,d
2016-04-20,IM,next,IM1606,2016-06-17,8312.201,,,4.351428252824038,,,0.7388975725554415,p
2016-04-20,IM,q1,IM1606,2016-06-17,8312.201,,,4.862916831212858,,,0.6611792643714474,y
2016-04-20,IM,q1,IM1606,2016-06-17,8312.201,,,4.423591190160226,,,0.7268437870825012,d
2016-04-20,IM,q1,IM1606,2016-06-17,8312.201,,,4.351428252824038,,,0.7388975725554415,p
2016-04-20,IM,q2,IM1609,2016-09-16,8312.201,,,7.6988302253010055,,,0.6147303324213474,y
2016-04-20,IM,q2,IM1609,2016-09-16,8312.201,,,6.9457688557956665,,,0.6813794933163888,d
2016-04-20,IM,q2,IM1609,2016-09-16,8312.201,,,6.808473086433737,,,0.6951198019839402,p
2016-04-21,IM,current,IM1605,2016-05-20,8198.511,,,2.032679787691867,,,1.0,y
2016-04-21,IM,current,IM1605,2016-05-20,8198.511,,,2.032679787691867,,,1.0,d
2016-04-21,IM,current,IM1605,2016-05-20,8198.511,,,2.032679787691867,,,1.0,p
2016-04-21,IM,next,IM1606,2016-06-17,8198.511,,,4.796404361827123,,,0.6611792643714474,y
2016-04-21,IM,next,IM1606,2016-06-17,8198.511,,,4.3630875904025554,,,0.7268437870825013,d
2016-04-21,IM,next,IM1606,2016-06-17,8198.511,,,4.29191166052032,,,0.7388975725554414,p
2016-04-21,IM,q1,IM1606,2016-06-17,8198.511,,,4.796404361827123,,,0.6611792643714474,y
2016-04-21,IM,q1,IM1606,2016-06-17,8198.511,,,4.3630875904025554,,,0.7268437870825013,d
2016-04-21,IM,q1,IM1606,2016-06-17,8198.511,,,4.29191166052032,,,0.7388975725554414,p
2016-04-21,IM,q2,IM1609,2016-09-16,8198.511,,,7.573455261856096,,,0.6210183054722188,y
2016-04-21,IM,q2,IM1609,2016-09-16,8198.511,,,6.854742628349933,,,0.686131428747704,d
2016-04-21,IM,q2,IM1609,2016-09-16,8198.511,,,6.7179016759557975,,,0.700107649702743,p
2016-04-22,IM,current,IM1605,2016-05-20,8282.424,,,2.053484572734491,,,1.0,y
2016-04-22,IM,current,IM1605,2016-05-20,8282.424,,,2.053484572734491,,,1.0,d
2016-04-22,IM,current,IM1605,2016-05-20,8282.424,,,2.053484572734491,,,1.0,p
2016-04-22,IM,next,IM1606,2016-06-17,8282.424,,,4.8038389048841665,,,0.686429227169276,y
2016-04-22,IM,next,IM1606,2016-06-17,8282.424,,,4.399342863524836,,,0.7495427224518082,d
2016-04-22,IM,next,IM1606,2016-06-17,8282.424,,,4.339845800059802,,,0.7598185693325558,p
2016-04-22,IM,q1,IM1606,2016-06-17,8282.424,,,4.8038389048841665,,,0.686429227169276,y
2016-04-22,IM,q1,IM1606,2016-06-17,8282.424,,,4.399342863524836,,,0.7495427224518082,d
2016-04-22,IM,q1,IM1606,2016-06-17,8282.424,,,4.339845800059802,,,0.7598185693325558,p
2016-04-22,IM,q2,IM1609,2016-09-16,8282.424,,,7.629376840987378,,,0.6432521946652328,y
2016-04-22,IM,q2,IM1609,2016-09-16,8282.424,,,6.951677434321429,,,0.7059610350537325,d
2016-04-22,IM,q2,IM1609,2016-09-16,8282.424,,,6.824481541490566,,,0.719118861565759,p
2016-04-25,IM,current,IM1605,2016-05-20,8232.478,,,2.0284663428813183,,,1.0,y
2016-04-25,IM,current,IM1605,2016-05-20,8232.478,,,2.0284663428813183,,,1.0,d
2016-04-25,IM,current,IM1605,2016-05-20,8232.478,,,2.0284663428813183,,,1.0,p
2016-04-25,IM,next,IM1606,2016-06-17,8232.478,,,4.6734257515547135,,,0.855711256455726,y
2016-04-25,IM,next,IM1606,2016-06-17,8232.478,,,4.454157000633301,,,0.8978361160701853,d
2016-04-25,IM,next,IM1606,2016-06-17,8232.478,,,4.413316476729246,,,0.9061446290793097,p
2016-04-25,IM,q1,IM1606,2016-06-17,8232.478,,,4.6734257515547135,,,0.855711256455726,y
2016-04-25,IM,q1,IM1606,2016-06-17,8232.478,,,4.454157000633301,,,0.8978361160701853,d
2016-04-25,IM,q1,IM1606,2016-06-17,8232.478,,,4.413316476729246,,,0.9061446290793097,p
2016-04-25,IM,q2,IM1609,2016-09-16,8232.478,,,7.51020894248101,,,0.7811885524909973,y
2016-04-25,IM,q2,IM1609,2016-09-16,8232.478,,,7.033440700581057,,,0.8341421364648741,d
2016-04-25,IM,q2,IM1609,2016-09-16,8232.478,,,6.932633982263215,,,0.8462713115522638,p
2016-04-26,IM,current,IM1605,2016-05-20,8343.422,,,2.055802725674522,,,1.0,y
2016-04-26,IM,current,IM1605,2016-05-20,8343.422,,,2.055802725674522,,,1.0,d
2016-04-26,IM,current,IM1605,2016-05-20,8343.422,,,2.055802725674522,,,1.0,p
2016-04-26,IM,next,IM1606,2016-06-17,8343.422,,,4.750453293091771,,,0.9197060945152106,y
2016-04-26,IM,next,IM1606,2016-06-17,8343.422,,,4.59899395169588,,,0.9499949100292414,d
2016-04-26,IM,next,IM1606,2016-06-17,8343.422,,,4.550660489507642,,,0.9600849932531572,p
2016-04-26,IM,q1,IM1606,2016-06-17,8343.422,,,4.750453293091771,,,0.9197060945152106,y
2016-04-26,IM,q1,IM1606,2016-06-17,8343.422,,,4.59899395169588,,,0.9499949100292414,d
2016-04-26,IM,q1,IM1606,2016-06-17,8343.422,,,4.550660489507642,,,0.9600849932531572,p
2016-04-26,IM,q2,IM1609,2016-09-16,8343.422,,,7.660864363789961,,,0.838117094992817,y
2016-04-26,IM,q2,IM1609,2016-09-16,8343.422,,,7.302942804462462,,,0.8791937110325263,d
2016-04-26,IM,q2,IM1609,2016-09-16,8343.422,,,7.194008689373902,,,0.8925067598538629,p
2016-04-27,IM,current,IM1605,2016-05-20,8323.458,,,2.05088363544807,,,1.0,y
2016-04-27,IM,current,IM1605,2016-05-20,8323.458,,,2.05088363544807,,,1.0,d
2016-04-27,IM,current,IM1605,2016-05-20,8323.458,,,2.05088363544807,,,1.0,p
2016-04-27,IM,next,IM1606,2016-06-17,8323.458,,,4.712833582219337,,,0.9369409075110965,y
2016-04-27,IM,next,IM1606,2016-06-17,8323.458,,,4.579553803056666,,,0.9642089084150715,d
2016-04-27,IM,next,IM1606,2016-06-17,8323.458,,,4.545506328146991,,,0.9714311794332994,p
2016-04-27,IM,q1,IM1606,2016-06-17,8323.458,,,4.712833582219337,,,0.9369409075110965,y
2016-04-27,IM,q1,IM1606,2016-06-17,8323.458,,,4.579553803056666,,,0.9642089084150715,d
2016-04-27,IM,q1,IM1606,2016-06-17,8323.458,,,4.545506328146991,,,0.9714311794332994,p
2016-04-27,IM,q2,IM1609,2016-09-16,8323.458,,,7.616280670199715,,,0.8485004908466081,y
2016-04-27,IM,q2,IM1609,2016-09-16,8323.458,,,7.277032692432132,,,0.8880567341425698,d
2016-04-27,IM,q2,IM1609,2016-09-16,8323.458,,,7.182529568846363,,,0.8997412158413106,p
2016-04-28,IM,current,IM1605,2016-05-20,8303.557,,,1.9480061220376257,,,1.0,y
2016-04-28,IM,current,IM1605,2016-05-20,8303.557,,,1.9480061220376257,,,1.0,d
2016-04-28,IM,current,IM1605,2016-05-20,8303.557,,,1.9480061220376257,,,1.0,p
2016-04-28,IM,next,IM1606,2016-06-17,8303.557,,,4.595910650769706,,,0.9424707061588606,y
2016-04-28,IM,next,IM1606,2016-06-17,8303.557,,,4.462949537344896,,,0.9705489878899375,d
2016-04-28,IM,next,IM1606,2016-06-17,8303.557,,,4.428983468360278,,,0.9779921707582233,p
2016-04-28,IM,q1,IM1606,2016-06-17,8303.557,,,4.595910650769706,,,0.9424707061588606,y
2016-04-28,IM,q1,IM1606,2016-06-17,8303.557,,,4.462949537344896,,,0.9705489878899375,d
2016-04-28,IM,q1,IM1606,2016-06-17,8303.557,,,4.428983468360278,,,0.9779921707582233,p
2016-04-28,IM,q2,IM1609,2016-09-16,8303.557,,,7.487805116776518,,,0.9449973417406493,y
2016-04-28,IM,q2,IM1609,2016-09-16,8303.557,,,7.315654247248298,,,0.9672348762911239,d
2016-04-28,IM,q2,IM1609,2016-09-16,8303.557,,,7.261561803311987,,,0.9744399514163068,p
2016-04-29,IM,current,IM1605,2016-05-20,8291.699,,,1.8670134220711128,,,1.0,y
2016-04-29,IM,current,IM1605,2016-05-20,8291.699,,,1.8670134220711128,,,1.0,d
2016-04-29,IM,current,IM1605,2016-05-20,8291.699,,,1.8670134220711128,,,1.0,p
2016-04-29,IM,next,IM1606,2016-06-17,8291.699,,,4.7531619264026155,,,0.9675777420084862,y
2016-04-29,IM,next,IM1606,2016-06-17,8291.699,,,4.672422894284566,,,0.9842973952068929,d
2016-04-29,IM,next,IM1606,2016-06-17,8291.699,,,4.640817696072473,,,0.9910007212827023,p
2016-04-29,IM,q1,IM1606,2016-06-17,8291.699,,,4.7531619264026155,,,0.9675777420084862,y
2016-04-29,IM,q1,IM1606,2016-06-17,8291.699,,,4.672422894284566,,,0.9842973952068929,d
2016-04-29,IM,q1,IM1606,2016-06-17,8291.699,,,4.640817696072473,,,0.9910007212827023,p
2016-04-29,IM,q2,IM1609,2016-09-16,8291.699,,,7.640926585800296,,,0.9605614105671499,y
2016-04-29,IM,q2,IM1609,2016-09-16,8291.699,,,7.521053763007612,,,0.975871127978924,d
2016-04-29,IM,q2,IM1609,2016-09-16,8291.699,,,7.46935093156911,,,0.9826261058743052,p
2016-05-03,IM,current,IM1605,2016-05-20,8558.578,,,1.915753839413862,,,1.0,y
2016-05-03,IM,current,IM1605,2016-05-20,8558.578,,,1.915753839413862,,,1.0,d
2016-05-03,IM,current,IM1605,2016-05-20,8558.578,,,1.915753839413862,,,1.0,p
2016-05-03,IM,next,IM1606,2016-06-17,8558.578,,,4.88890198771782,,,1.0,y
2016-05-03,IM,next,IM1606,2016-06-17,8558.578,,,4.88890198771782,,,1.0,d
2016-05-03,IM,next,IM1606,2016-06-17,8558.578,,,4.88890198771782,,,1.0,p
2016-05-03,IM,q1,IM1606,2016-06-17,8558.578,,,4.88890198771782,,,1.0,y
2016-05-03,IM,q1,IM1606,2016-06-17,8558.578,,,4.88890198771782,,,1.0,d
2016-05-03,IM,q1,IM1606,2016-06-17,8558.578,,,4.88890198771782,,,1.0,p
2016-05-03,IM,q2,IM1609,2016-09-16,8558.578,,,7.883176912246953,,,0.983066795095005,y
2016-05-03,IM,q2,IM1609,2016-09-16,8558.578,,,7.8427835501718794,,,0.9881299684880007,d
2016-05-03,IM,q2,IM1609,2016-09-16,8558.578,,,7.82203904876347,,,0.9907505464978014,p
2016-05-04,IM,current,IM1605,2016-05-20,8565.114,,,1.9172168589825813,,,1.0,y
2016-05-04,IM,current,IM1605,2016-05-20,8565.114,,,1.9172168589825813,,,1.0,d
2016-05-04,IM,current,IM1605,2016-05-20,8565.114,,,1.9172168589825813,,,1.0,p
2016-05-04,IM,next,IM1606,2016-06-17,8565.114,,,4.892635535906751,,,1.0,y
2016-05-04,IM,next,IM1606,2016-06-17,8565.114,,,4.892635535906751,,,1.0,d
2016-05-04,IM,next,IM1606,2016-06-17,8565.114,,,4.892635535906751,,,1.0,p
2016-05-04,IM,q1,IM1606,2016-06-17,8565.114,,,4.892635535906751,,,1.0,y
2016-05-04,IM,q1,IM1606,2016-06-17,8565.114,,,4.892635535906751,,,1.0,d
2016-05-04,IM,q1,IM1606,2016-06-17,8565.114,,,4.892635535906751,,,1.0,p
2016-05-04,IM,q2,IM1609,2016-09-16,8565.114,,,7.889197123115914,,,0.983066795095005,y
2016-05-04,IM,q2,IM1609,2016-09-16,8565.114,,,7.848772913508163,,,0.9881299684880007,d
2016-05-04,IM,q2,IM1609,2016-09-16,8565.114,,,7.828012569974905,,,0.9907505464978014,p
2016-05-05,IM,current,IM1605,2016-05-20,8628.741,,,1.8654619092210794,,,1.0,y
2016-05-05,IM,current,IM1605,2016-05-20,8628.741,,,1.8654619092210794,,,1.0,d
2016-05-05,IM,current,IM1605,2016-05-20,8628.741,,,1.8654619092210794,,,1.0,p
2016-05-05,IM,next,IM1606,2016-06-17,8628.741,,,4.862983848770434,,,1.0,y
2016-05-05,IM,next,IM1606,2016-06-17,8628.741,,,4.862983848770434,,,1.0,d
2016-05-05,IM,next,IM1606,2016-06-17,8628.741,,,4.862983848770434,,,1.0,p
2016-05-05,IM,q1,IM1606,2016-06-17,8628.741,,,4.862983848770434,,,1.0,y
2016-05-05,IM,q1,IM1606,2016-06-17,8628.741,,,4.862983848770434,,,1.0,d
2016-05-05,IM,q1,IM1606,2016-06-17,8628.741,,,4.862983848770434,,,1.0,p
2016-05-05,IM,q2,IM1609,2016-09-16,8628.741,,,7.881805761307359,,,0.9829250072028685,y
2016-05-05,IM,q2,IM1609,2016-09-16,8628.741,,,7.841081255499848,,,0.9880300601744983,d
2016-05-05,IM,q2,IM1609,2016-09-16,8628.741,,,7.820166691208057,,,0.9906724869962914,p
2016-05-06,IM,current,IM1605,2016-05-20,8276.033,,,1.7012765277725896,,,1.0,y
2016-05-06,IM,current,IM1605,2016-05-20,8276.033,,,1.7012765277725896,,,1.0,d
2016-05-06,IM,current,IM1605,2016-05-20,8276.033,,,1.7012765277725896,,,1.0,p
2016-05-06,IM,next,IM1606,2016-06-17,8276.033,,,4.57627190542206,,,1.0,y
2016-05-06,IM,next,IM1606,2016-06-17,8276.033,,,4.57627190542206,,,1.0,d
2016-05-06,IM,next,IM1606,2016-06-17,8276.033,,,4.57627190542206,,,1.0,p
2016-05-06,IM,q1,IM1606,2016-06-17,8276.033,,,4.57627190542206,,,1.0,y
2016-05-06,IM,q1,IM1606,2016-06-17,8276.033,,,4.57627190542206,,,1.0,d
2016-05-06,IM,q1,IM1606,2016-06-17,8276.033,,,4.57627190542206,,,1.0,p
2016-05-06,IM,q2,IM1609,2016-09-16,8276.033,,,7.4716965993929065,,,0.982724055147192,y
2016-05-06,IM,q2,IM1609,2016-09-16,8276.033,,,7.432636746516148,,,0.9878884481239498,d
2016-05-06,IM,q2,IM1609,2016-09-16,8276.033,,,7.412577084943333,,,0.9905618379199647,p
2016-05-09,IM,current,IM1605,2016-05-20,7918.148,,,1.561843988104153,,,1.0,y
2016-05-09,IM,current,IM1605,2016-05-20,7918.148,,,1.561843988104153,,,1.0,d
2016-05-09,IM,current,IM1605,2016-05-20,7918.148,,,1.561843988104153,,,1.0,p
2016-05-09,IM,next,IM1606,2016-06-17,7918.148,,,4.312514375661138,,,1.0,y
2016-05-09,IM,next,IM1606,2016-06-17,7918.148,,,4.312514375661138,,,1.0,d
2016-05-09,IM,next,IM1606,2016-06-17,7918.148,,,4.312514375661138,,,1.0,p
2016-05-09,IM,q1,IM1606,2016-06-17,7918.148,,,4.312514375661138,,,1.0,y
2016-05-09,IM,q1,IM1606,2016-06-17,7918.148,,,4.312514375661138,,,1.0,d
2016-05-09,IM,q1,IM1606,2016-06-17,7918.148,,,4.312514375661138,,,1.0,p
2016-05-09,IM,q2,IM1609,2016-09-16,7918.148,,,7.082730643493307,,,0.9825634036957431,y
2016-05-09,IM,q2,IM1609,2016-09-16,7918.148,,,7.045359877096363,,,0.9877752236836858,d
2016-05-09,IM,q2,IM1609,2016-09-16,7918.148,,,7.02616766638823,,,0.9904733645657914,p
2016-05-10,IM,current,IM1605,2016-05-20,7898.662,,,1.486412864699508,,,1.0,y
2016-05-10,IM,current,IM1605,2016-05-20,7898.662,,,1.486412864699508,,,1.0,d
2016-05-10,IM,current,IM1605,2016-05-20,7898.662,,,1.486412864699508,,,1.0,p
2016-05-10,IM,next,IM1606,2016-06-17,7898.662,,,4.230314047744033,,,1.0,y
2016-05-10,IM,next,IM1606,2016-06-17,7898.662,,,4.230314047744033,,,1.0,d
2016-05-10,IM,next,IM1606,2016-06-17,7898.662,,,4.230314047744033,,,1.0,p
2016-05-10,IM,q1,IM1606,2016-06-17,7898.662,,,4.230314047744033,,,1.0,y
2016-05-10,IM,q1,IM1606,2016-06-17,7898.662,,,4.230314047744033,,,1.0,d
2016-05-10,IM,q1,IM1606,2016-06-17,7898.662,,,4.230314047744033,,,1.0,p
2016-05-10,IM,q2,IM1609,2016-09-16,7898.662,,,6.993713010040238,,,0.9823849229705273,y
2016-05-10,IM,q2,IM1609,2016-09-16,7898.662,,,6.956434210445886,,,0.9876494204932579,d
2016-05-10,IM,q2,IM1609,2016-09-16,7898.662,,,6.937289230405563,,,0.9903750569506952,p
2016-05-11,IM,current,IM1605,2016-05-20,7823.98,,,1.4314384051978564,,,1.0,y
2016-05-11,IM,current,IM1605,2016-05-20,7823.98,,,1.4314384051978564,,,1.0,d
2016-05-11,IM,current,IM1605,2016-05-20,7823.98,,,1.4314384051978564,,,1.0,p
2016-05-11,IM,next,IM1606,2016-06-17,7823.98,,,4.149395950174043,,,1.0,y
2016-05-11,IM,next,IM1606,2016-06-17,7823.98,,,4.149395950174043,,,1.0,d
2016-05-11,IM,next,IM1606,2016-06-17,7823.98,,,4.149395950174043,,,1.0,p
2016-05-11,IM,q1,IM1606,2016-06-17,7823.98,,,4.149395950174043,,,1.0,y
2016-05-11,IM,q1,IM1606,2016-06-17,7823.98,,,4.149395950174043,,,1.0,d
2016-05-11,IM,q1,IM1606,2016-06-17,7823.98,,,4.149395950174043,,,1.0,p
2016-05-11,IM,q2,IM1609,2016-09-16,7823.98,,,6.886666922526863,,,0.9822802546364896,y
2016-05-11,IM,q2,IM1609,2016-09-16,7823.98,,,6.8497405946943495,,,0.9875756380462215,d
2016-05-11,IM,q2,IM1609,2016-09-16,7823.98,,,6.830776630805795,,,0.990317397841537,p
2016-05-12,IM,current,IM1605,2016-05-20,7821.912,,,0.8029228031693274,,,1.0,y
2016-05-12,IM,current,IM1605,2016-05-20,7821.912,,,0.8029228031693274,,,1.0,d
2016-05-12,IM,current,IM1605,2016-05-20,7821.912,,,0.8029228031693274,,,1.0,p
2016-05-12,IM,next,IM1606,2016-06-17,7821.912,,,3.5201619495551535,,,1.0,y
2016-05-12,IM,next,IM1606,2016-06-17,7821.912,,,3.5201619495551535,,,1.0,d
2016-05-12,IM,next,IM1606,2016-06-17,7821.912,,,3.5201619495551535,,,1.0,p
2016-05-12,IM,q1,IM1606,2016-06-17,7821.912,,,3.5201619495551535,,,1.0,y
2016-05-12,IM,q1,IM1606,2016-06-17,7821.912,,,3.5201619495551535,,,1.0,d
2016-05-12,IM,q1,IM1606,2016-06-17,7821.912,,,3.5201619495551535,,,1.0,p
2016-05-12,IM,q2,IM1609,2016-09-16,7821.912,,,6.2567094184773895,,,0.9805012952205847,y
2016-05-12,IM,q2,IM1609,2016-09-16,7821.912,,,6.219792850849523,,,0.9863209009923875,d
2016-05-12,IM,q2,IM1609,2016-09-16,7821.912,,,6.200833899432541,,,0.9893365615223656,p
2016-05-13,IM,current,IM1605,2016-05-20,7806.957,,,0.7655135677893943,,,1.0,y
2016-05-13,IM,current,IM1605,2016-05-20,7806.957,,,0.7655135677893943,,,1.0,d
2016-05-13,IM,current,IM1605,2016-05-20,7806.957,,,0.7655135677893943,,,1.0,p
2016-05-13,IM,next,IM1606,2016-06-17,7806.957,,,3.4775575251428963,,,1.0,y
2016-05-13,IM,next,IM1606,2016-06-17,7806.957,,,3.4775575251428963,,,1.0,d
2016-05-13,IM,next,IM1606,2016-06-17,7806.957,,,3.4775575251428963,,,1.0,p
2016-05-13,IM,q1,IM1606,2016-06-17,7806.957,,,3.4775575251428963,,,1.0,y
2016-05-13,IM,q1,IM1606,2016-06-17,7806.957,,,3.4775575251428963,,,1.0,d
2016-05-13,IM,q1,IM1606,2016-06-17,7806.957,,,3.4775575251428963,,,1.0,p
2016-05-13,IM,q2,IM1609,2016-09-16,7806.957,,,6.2088728887438585,,,0.980388634121525,y
2016-05-13,IM,q2,IM1609,2016-09-16,7806.957,,,6.172026903253567,,,0.9862413930213034,d
2016-05-13,IM,q2,IM1609,2016-09-16,7806.957,,,6.153104200150096,,,0.9892743910758528,p
2016-05-16,IM,current,IM1605,2016-05-20,7961.146,,,0.49535181011134527,,,1.0,y
2016-05-16,IM,current,IM1605,2016-05-20,7961.146,,,0.49535181011134527,,,1.0,d
2016-05-16,IM,current,IM1605,2016-05-20,7961.146,,,0.49535181011134527,,,1.0,p
2016-05-16,IM,next,IM1606,2016-06-17,7961.146,,,3.2609591911829976,,,1.0,y
2016-05-16,IM,next,IM1606,2016-06-17,7961.146,,,3.2609591911829976,,,1.0,d
2016-05-16,IM,next,IM1606,2016-06-17,7961.146,,,3.2609591911829976,,,1.0,p
2016-05-16,IM,q1,IM1606,2016-06-17,7961.146,,,3.2609591911829976,,,1.0,y
2016-05-16,IM,q1,IM1606,2016-06-17,7961.146,,,3.2609591911829976,,,1.0,d
2016-05-16,IM,q1,IM1606,2016-06-17,7961.146,,,3.2609591911829976,,,1.0,p
2016-05-16,IM,q2,IM1609,2016-09-16,7961.146,,,6.046218592723232,,,0.9794633043129276,y
2016-05-16,IM,q2,IM1609,2016-09-16,7961.146,,,6.008644891471631,,,0.9855881564631013,d
2016-05-16,IM,q2,IM1609,2016-09-16,7961.146,,,5.989348461105564,,,0.9887635157453862,p
2016-05-17,IM,current,IM1605,2016-05-20,7961.502,,,0.46502708834978396,,,1.0,y
2016-05-17,IM,current,IM1605,2016-05-20,7961.502,,,0.46502708834978396,,,1.0,d
2016-05-17,IM,current,IM1605,2016-05-20,7961.502,,,0.46502708834978396,,,1.0,p
2016-05-17,IM,next,IM1606,2016-06-17,7961.502,,,3.2307581395849616,,,1.0,y
2016-05-17,IM,next,IM1606,2016-06-17,7961.502,,,3.2307581395849616,,,1.0,d
2016-05-17,IM,next,IM1606,2016-06-17,7961.502,,,3.2307581395849616,,,1.0,p
2016-05-17,IM,q1,IM1606,2016-06-17,7961.502,,,3.2307581395849616,,,1.0,y
2016-05-17,IM,q1,IM1606,2016-06-17,7961.502,,,3.2307581395849616,,,1.0,d
2016-05-17,IM,q1,IM1606,2016-06-17,7961.502,,,3.2307581395849616,,,1.0,p
2016-05-17,IM,q2,IM1609,2016-09-16,7961.502,,,6.016142090071661,,,0.979359712264035,y
2016-05-17,IM,q2,IM1609,2016-09-16,7961.502,,,5.978566708630091,,,0.9855150027459001,d
2016-05-17,IM,q2,IM1609,2016-09-16,7961.502,,,5.959269415382071,,,0.9887062952824017,p
2016-05-18,IM,current,IM1605,2016-05-20,7711.955,,,0.40436380060783966,,,1.0,y
2016-05-18,IM,current,IM1605,2016-05-20,7711.955,,,0.40436380060783966,,,1.0,d
2016-05-18,IM,current,IM1605,2016-05-20,7711.955,,,0.40436380060783966,,,1.0,p
2016-05-18,IM,next,IM1606,2016-06-17,7711.955,,,3.0834051937053206,,,1.0,y
2016-05-18,IM,next,IM1606,2016-06-17,7711.955,,,3.0834051937053206,,,1.0,d
2016-05-18,IM,next,IM1606,2016-06-17,7711.955,,,3.0834051937053206,,,1.0,p
2016-05-18,IM,q1,IM1606,2016-06-17,7711.955,,,3.0834051937053206,,,1.0,y
2016-05-18,IM,q1,IM1606,2016-06-17,7711.955,,,3.0834051937053206,,,1.0,d
2016-05-18,IM,q1,IM1606,2016-06-17,7711.955,,,3.0834051937053206,,,1.0,p
2016-05-18,IM,q2,IM1609,2016-09-16,7711.955,,,5.781483481429879,,,0.979195177193207,y
2016-05-18,IM,q2,IM1609,2016-09-16,7711.955,,,5.745085870679392,,,0.9853988033374438,d
2016-05-18,IM,q2,IM1609,2016-09-16,7711.955,,,5.726393435866145,,,0.988615400852569,p
2016-05-19,IM,current,IM1605,2016-05-20,7767.315,,,0.3008886929292432,,,1.0,y
2016-05-19,IM,current,IM1605,2016-05-20,7767.315,,,0.3008886929292432,,,1.0,d
2016-05-19,IM,current,IM1605,2016-05-20,7767.315,,,0.3008886929292432,,,1.0,p
2016-05-19,IM,next,IM1606,2016-06-17,7767.315,,,2.999161491230965,,,1.0,y
2016-05-19,IM,next,IM1606,2016-06-17,7767.315,,,2.999161491230965,,,1.0,d
2016-05-19,IM,next,IM1606,2016-06-17,7767.315,,,2.999161491230965,,,1.0,p
2016-05-19,IM,q1,IM1606,2016-06-17,7767.315,,,2.999161491230965,,,1.0,y
2016-05-19,IM,q1,IM1606,2016-06-17,7767.315,,,2.999161491230965,,,1.0,d
2016-05-19,IM,q1,IM1606,2016-06-17,7767.315,,,2.999161491230965,,,1.0,p
2016-05-19,IM,q2,IM1609,2016-09-16,7767.315,,,5.716607839843901,,,0.9788080294756558,y
2016-05-19,IM,q2,IM1609,2016-09-16,7767.315,,,5.6799489501140705,,,0.9851253425244817,d
2016-05-19,IM,q2,IM1609,2016-09-16,7767.315,,,5.661122332309447,,,0.9884014735148875,p
2016-05-20,IM,current,IM1605,2016-05-20,7860.128,,,0.0,,,,y
2016-05-20,IM,current,IM1605,2016-05-20,7860.128,,,0.0,,,,d
2016-05-20,IM,current,IM1605,2016-05-20,7860.128,,,0.0,,,,p
2016-05-20,IM,next,IM1606,2016-06-17,7860.128,,,2.7305149300073084,,,1.0,y
2016-05-20,IM,next,IM1606,2016-06-17,7860.128,,,2.7305149300073084,,,1.0,d
2016-05-20,IM,next,IM1606,2016-06-17,7860.128,,,2.7305149300073084,,,1.0,p
2016-05-20,IM,q1,IM1606,2016-06-17,7860.128,,,2.7305149300073084,,,1.0,y
2016-05-20,IM,q1,IM1606,2016-06-17,7860.128,,,2.7305149300073084,,,1.0,d
2016-05-20,IM,q1,IM1606,2016-06-17,7860.128,,,2.7305149300073084,,,1.0,p
2016-05-20,IM,q2,IM1609,2016-09-16,7860.128,,,5.480432518418529,,,0.9776306374915649,y
2016-05-20,IM,q2,IM1609,2016-09-16,7860.128,,,5.443335585229344,,,0.9842932982580876,d
2016-05-20,IM,q2,IM1609,2016-09-16,7860.128,,,5.424284004888979,,,0.9877504075896316,p
2016-05-23,IM,current,IM1606,2016-06-17,7995.581,,,2.595654217010178,,,1.0,y
2016-05-23,IM,current,IM1606,2016-06-17,7995.581,,,2.595654217010178,,,1.0,d
2016-05-23,IM,current,IM1606,2016-06-17,7995.581,,,2.595654217010178,,,1.0,p
2016-05-23,IM,next,IM1607,2016-07-15,7995.581,,,4.730933620368389,,,1.0,y
2016-05-23,IM,next,IM1607,2016-07-15,7995.581,,,4.730933620368389,,,1.0,d
2016-05-23,IM,next,IM1607,2016-07-15,7995.581,,,4.730933620368389,,,1.0,p
2016-05-23,IM,q1,IM1609,2016-09-16,7995.581,,,5.392960930268102,,,0.9768760736776863,y
2016-05-23,IM,q1,IM1609,2016-09-16,7995.581,,,5.355224708394143,,,0.9837597460288913,d
2016-05-23,IM,q1,IM1609,2016-09-16,7995.581,,,5.335844813589708,,,0.9873327810508846,p
2016-05-23,IM,q2,IM1612,2016-12-16,7995.581,,,5.631768204162282,,,0.9354530065999248,y
2016-05-23,IM,q2,IM1612,2016-12-16,7995.581,,,5.562690710581359,,,0.9470694620925416,d
2016-05-23,IM,q2,IM1612,2016-12-16,7995.581,,,5.538388346394539,,,0.9512251885491328,p
2016-05-24,IM,current,IM1606,2016-06-17,7913.675,,,2.4343987979635564,,,1.0,y
2016-05-24,IM,current,IM1606,2016-06-17,7913.675,,,2.4343987979635564,,,1.0,d
2016-05-24,IM,current,IM1606,2016-06-17,7913.675,,,2.4343987979635564,,,1.0,p
2016-05-24,IM,next,IM1607,2016-07-15,7913.675,,,4.547804594536787,,,1.0,y
2016-05-24,IM,next,IM1607,2016-07-15,7913.675,,,4.547804594536787,,,1.0,d
2016-05-24,IM,next,IM1607,2016-07-15,7913.675,,,4.547804594536787,,,1.0,p
2016-05-24,IM,q1,IM1609,2016-09-16,7913.675,,,5.203050157263325,,,0.9762775783027433,y
2016-05-24,IM,q1,IM1609,2016-09-16,7913.675,,,5.1657005017925846,,,0.9833363753005101,d
2016-05-24,IM,q1,IM1609,2016-09-16,7913.675,,,5.146519132856858,,,0.987001325787557,p
2016-05-24,IM,q2,IM1612,2016-12-16,7913.675,,,5.439411111299627,,,0.9338549897007296,y
2016-05-24,IM,q2,IM1612,2016-12-16,7913.675,,,5.371041241240901,,,0.945742357797866,d
2016-05-24,IM,q2,IM1612,2016-12-16,7913.675,,,5.346987828248634,,,0.9499967777156021,p
2016-05-25,IM,current,IM1606,2016-06-17,7889.73,,,2.3988699354231513,,,1.0,y
2016-05-25,IM,current,IM1606,2016-06-17,7889.73,,,2.3988699354231513,,,1.0,d
2016-05-25,IM,current,IM1606,2016-06-17,7889.73,,,2.3988699354231513,,,1.0,p
2016-05-25,IM,next,IM1607,2016-07-15,7889.73,,,4.505881041565078,,,1.0,y
2016-05-25,IM,next,IM1607,2016-07-15,7889.73,,,4.505881041565078,,,1.0,d
2016-05-25,IM,next,IM1607,2016-07-15,7889.73,,,4.505881041565078,,,1.0,p
2016-05-25,IM,q1,IM1609,2016-09-16,7889.73,,,5.159143978646832,,,0.9761480814994773,y
2016-05-25,IM,q1,IM1609,2016-09-16,7889.73,,,5.12190733483,,,0.9832447499956257,d
2016-05-25,IM,q1,IM1609,2016-09-16,7889.73,,,5.10278400440093,,,0.9869295844370989,p
2016-05-25,IM,q2,IM1612,2016-12-16,7889.73,,,5.394789757616632,,,0.9335096867909423,y
2016-05-25,IM,q2,IM1612,2016-12-16,7889.73,,,5.326626759401716,,,0.9454554870109458,d
2016-05-25,IM,q2,IM1612,2016-12-16,7889.73,,,5.302646126625226,,,0.9497312052654009,p
2016-05-26,IM,current,IM1606,2016-06-17,7929.468,,,2.2126561456589733,,,1.0,y
2016-05-26,IM,current,IM1606,2016-06-17,7929.468,,,2.2126561456589733,,,1.0,d
2016-05-26,IM,current,IM1606,2016-06-17,7929.468,,,2.2126561456589733,,,1.0,p
2016-05-26,IM,next,IM1607,2016-07-15,7929.468,,,4.330279580402242,,,1.0,y
2016-05-26,IM,next,IM1607,2016-07-15,7929.468,,,4.330279580402242,,,1.0,d
2016-05-26,IM,next,IM1607,2016-07-15,7929.468,,,4.330279580402242,,,1.0,p
2016-05-26,IM,q1,IM1609,2016-09-16,7929.468,,,4.986832790103434,,,0.9751996352607358,y
2016-05-26,IM,q1,IM1609,2016-09-16,7929.468,,,4.949408597441205,,,0.9825734574691106,d
2016-05-26,IM,q1,IM1609,2016-09-16,7929.468,,,4.93018894902602,,,0.9864038819396331,p
2016-05-26,IM,q2,IM1612,2016-12-16,7929.468,,,5.223665440102368,,,0.9309856409793048,y
2016-05-26,IM,q2,IM1612,2016-12-16,7929.468,,,5.15515912706894,,,0.9433574014193784,d
2016-05-26,IM,q2,IM1612,2016-12-16,7929.468,,,5.131057711656634,,,0.9477885050809547,p
2016-05-27,IM,current,IM1606,2016-06-17,7912.864,,,1.9501853456365204,,,1.0,y
2016-05-27,IM,current,IM1606,2016-06-17,7912.864,,,1.9501853456365204,,,1.0,d
2016-05-27,IM,current,IM1606,2016-06-17,7912.864,,,1.9501853456365204,,,1.0,p
2016-05-27,IM,next,IM1607,2016-07-15,7912.864,,,4.0633745586248775,,,1.0,y
2016-05-27,IM,next,IM1607,2016-07-15,7912.864,,,4.0633745586248775,,,1.0,d
2016-05-27,IM,next,IM1607,2016-07-15,7912.864,,,4.0633745586248775,,,1.0,p
2016-05-27,IM,q1,IM1609,2016-09-16,7912.864,,,4.7185529712408325,,,0.9738444600297425,y
2016-05-27,IM,q1,IM1609,2016-09-16,7912.864,,,4.681207143393868,,,0.9816136158136977,d
2016-05-27,IM,q1,IM1609,2016-09-16,7912.864,,,4.662027740180792,,,0.9856519365587401,p
2016-05-27,IM,q2,IM1612,2016-12-16,7912.864,,,4.954889702809857,,,0.9273943409464633,y
2016-05-27,IM,q2,IM1612,2016-12-16,7912.864,,,4.886526839352316,,,0.9403686547660153,d
2016-05-27,IM,q2,IM1612,2016-12-16,7912.864,,,4.862475891373829,,,0.9450199390297583,p
2016-05-30,IM,current,IM1606,2016-06-17,7867.597,,,1.9390289501720048,,,1.0,y
2016-05-30,IM,current,IM1606,2016-06-17,7867.597,,,1.9390289501720048,,,1.0,d
2016-05-30,IM,current,IM1606,2016-06-17,7867.597,,,1.9390289501720048,,,1.0,p
2016-05-30,IM,next,IM1607,2016-07-15,7867.597,,,4.040129273966217,,,1.0,y
2016-05-30,IM,next,IM1607,2016-07-15,7867.597,,,4.040129273966217,,,1.0,d
2016-05-30,IM,next,IM1607,2016-07-15,7867.597,,,4.040129273966217,,,1.0,p
2016-05-30,IM,q1,IM1609,2016-09-16,7867.597,,,4.691559617462838,,,0.9738444600297425,y
2016-05-30,IM,q1,IM1609,2016-09-16,7867.597,,,4.654427433321762,,,0.9816136158136977,d
2016-05-30,IM,q1,IM1609,2016-09-16,7867.597,,,4.6353577494271585,,,0.9856519365587401,p
2016-05-30,IM,q2,IM1612,2016-12-16,7867.597,,,4.926544341108065,,,0.9273943409464633,y
2016-05-30,IM,q2,IM1612,2016-12-16,7867.597,,,4.8585725600373975,,,0.9403686547660153,d
2016-05-30,IM,q2,IM1612,2016-12-16,7867.597,,,4.834659199948977,,,0.9450199390297583,p
2016-05-31,IM,current,IM1606,2016-06-17,8197.557,,,1.7333725568407348,,,1.0,y
2016-05-31,IM,current,IM1606,2016-06-17,8197.557,,,1.7333725568407348,,,1.0,d
2016-05-31,IM,current,IM1606,2016-06-17,8197.557,,,1.7333725568407348,,,1.0,p
2016-05-31,IM,next,IM1607,2016-07-15,8197.557,,,3.9225911539576823,,,1.0,y
2016-05-31,IM,next,IM1607,2016-07-15,8197.557,,,3.9225911539576823,,,1.0,d
2016-05-31,IM,next,IM1607,2016-07-15,8197.557,,,3.9225911539576823,,,1.0,p
2016-05-31,IM,q1,IM1609,2016-09-16,8197.557,,,4.601341904961213,,,0.9722131853676995,y
2016-05-31,IM,q1,IM1609,2016-09-16,8197.557,,,4.562652430140507,,,0.9804571658443112,d
2016-05-31,IM,q1,IM1609,2016-09-16,8197.557,,,4.542782980714209,,,0.9847455380060672,p
2016-05-31,IM,q2,IM1612,2016-12-16,8197.557,,,4.846181678301281,,,0.9230948336951945,y
2016-05-31,IM,q2,IM1612,2016-12-16,8197.557,,,4.775359221365788,,,0.936785080036088,d
2016-05-31,IM,q2,IM1612,2016-12-16,8197.557,,,4.750442956286838,,,0.9416985555984656,p
2016-06-01,IM,current,IM1606,2016-06-17,8270.517,,,1.666613323478151,,,1.0,y
2016-06-01,IM,current,IM1606,2016-06-17,8270.517,,,1.666613323478151,,,1.0,d
2016-06-01,IM,current,IM1606,2016-06-17,8270.517,,,1.666613323478151,,,1.0,p
2016-06-01,IM,next,IM1607,2016-07-15,8270.517,,,3.8753164315104422,,,1.0,y
2016-06-01,IM,next,IM1607,2016-07-15,8270.517,,,3.8753164315104422,,,1.0,d
2016-06-01,IM,next,IM1607,2016-07-15,8270.517,,,3.8753164315104422,,,1.0,p
2016-06-01,IM,q1,IM1609,2016-09-16,8270.517,,,4.560108208491982,,,0.9717123849032296,y
2016-06-01,IM,q1,IM1609,2016-09-16,8270.517,,,4.521074389120464,,,0.9801019052802122,d
2016-06-01,IM,q1,IM1609,2016-09-16,8270.517,,,4.501028097370272,,,0.9844669988350926,p
2016-06-01,IM,q2,IM1612,2016-12-16,8270.517,,,4.807127107864708,,,0.9217799994181572,y
2016-06-01,IM,q2,IM1612,2016-12-16,8270.517,,,4.735674316006503,,,0.9356879985841606,d
2016-06-01,IM,q2,IM1612,2016-12-16,8270.517,,,4.710536290871459,,,0.9406813468941079,p
2016-06-02,IM,current,IM1606,2016-06-17,8369.432,,,1.5907004578229071,,,1.0,y
2016-06-02,IM,current,IM1606,2016-06-17,8369.432,,,1.5907004578229071,,,1.0,d
2016-06-02,IM,current,IM1606,2016-06-17,8369.432,,,1.5907004578229071,,,1.0,p
2016-06-02,IM,next,IM1607,2016-07-15,8369.432,,,3.825819552658806,,,1.0,y
2016-06-02,IM,next,IM1607,2016-07-15,8369.432,,,3.825819552658806,,,1.0,d
2016-06-02,IM,next,IM1607,2016-07-15,8369.432,,,3.825819552658806,,,1.0,p
2016-06-02,IM,q1,IM1609,2016-09-16,8369.432,,,4.518801407554476,,,0.9711123939080863,y
2016-06-02,IM,q1,IM1609,2016-09-16,8369.432,,,4.479300745512405,,,0.9796761373707376,d
2016-06-02,IM,q1,IM1609,2016-09-16,8369.432,,,4.459014701041981,,,0.9841331205882792,p
2016-06-02,IM,q2,IM1612,2016-12-16,8369.432,,,4.768774641514924,,,0.9202078903630917,y
2016-06-02,IM,q2,IM1612,2016-12-16,8369.432,,,4.696467277577773,,,0.9343755195391731,d
2016-06-02,IM,q2,IM1612,2016-12-16,8369.432,,,4.671028602827205,,,0.939464179223694,p
2016-06-03,IM,current,IM1606,2016-06-17,8391.763,,,1.4197948916627694,,,1.0,y
2016-06-03,IM,current,IM1606,2016-06-17,8391.763,,,1.4197948916627694,,,1.0,d
2016-06-03,IM,current,IM1606,2016-06-17,8391.763,,,1.4197948916627694,,,1.0,p
2016-06-03,IM,next,IM1607,2016-07-15,8391.763,,,3.6608776462197565,,,1.0,y
2016-06-03,IM,next,IM1607,2016-07-15,8391.763,,,3.6608776462197565,,,1.0,d
2016-06-03,IM,next,IM1607,2016-07-15,8391.763,,,3.6608776462197565,,,1.0,p
2016-06-03,IM,q1,IM1609,2016-09-16,8391.763,,,4.355708488932243,,,0.9699507783394231,y
2016-06-03,IM,q1,IM1609,2016-09-16,8391.763,,,4.316102432726737,,,0.9788513838376147,d
2016-06-03,IM,q1,IM1609,2016-09-16,8391.763,,,4.295762261804354,,,0.9834861851234997,p
2016-06-03,IM,q2,IM1612,2016-12-16,8391.763,,,4.606348691963898,,,0.9171739096586335,y
2016-06-03,IM,q2,IM1612,2016-12-16,8391.763,,,4.533848400269632,,,0.9318403409360152,d
2016-06-03,IM,q2,IM1612,2016-12-16,8391.763,,,4.508341851015053,,,0.937112352761857,p
2016-06-06,IM,current,IM1606,2016-06-17,8422.472,,,1.2699719670623648,,,1.0,y
2016-06-06,IM,current,IM1606,2016-06-17,8422.472,,,1.2699719670623648,,,1.0,d
2016-06-06,IM,current,IM1606,2016-06-17,8422.472,,,1.2699719670623648,,,1.0,p
2016-06-06,IM,next,IM1607,2016-07-15,8422.472,,,3.5192557885834317,,,1.0,y
2016-06-06,IM,next,IM1607,2016-07-15,8422.472,,,3.5192557885834317,,,1.0,d
2016-06-06,IM,next,IM1607,2016-07-15,8422.472,,,3.5192557885834317,,,1.0,p
2016-06-06,IM,q1,IM1609,2016-09-16,8422.472,,,4.216629310390748,,,0.9688460602068328,y
2016-06-06,IM,q1,IM1609,2016-09-16,8422.472,,,4.1768783189219345,,,0.97806648477592,d
2016-06-06,IM,q1,IM1609,2016-09-16,8422.472,,,4.156463714735785,,,0.9828702895303442,p
2016-06-06,IM,q2,IM1612,2016-12-16,8422.472,,,4.468186711631516,,,0.9143003545688974,y
2016-06-06,IM,q2,IM1612,2016-12-16,8422.472,,,4.395421110793315,,,0.9294364730362309,d
2016-06-06,IM,q2,IM1612,2016-12-16,8422.472,,,4.369821222317756,,,0.9348814257801382,p
2016-06-07,IM,current,IM1606,2016-06-17,8434.669,,,0.8104983688141244,,,1.0,y
2016-06-07,IM,current,IM1606,2016-06-17,8434.669,,,0.8104983688141244,,,1.0,d
2016-06-07,IM,current,IM1606,2016-06-17,8434.669,,,0.8104983688141244,,,1.0,p
2016-06-07,IM,next,IM1607,2016-07-15,8434.669,,,3.063039489946409,,,1.0,y
2016-06-07,IM,next,IM1607,2016-07-15,8434.669,,,3.063039489946409,,,1.0,d
2016-06-07,IM,next,IM1607,2016-07-15,8434.669,,,3.063039489946409,,,1.0,p
2016-06-07,IM,q1,IM1609,2016-09-16,8434.669,,,3.7614229129852728,,,0.9650252432833469,y
2016-06-07,IM,q1,IM1609,2016-09-16,8434.669,,,3.721614356131506,,,0.9753477158950707,d
2016-06-07,IM,q1,IM1609,2016-09-16,8434.669,,,3.7011701885431556,,,0.9807352477147092,p
2016-06-07,IM,q2,IM1612,2016-12-16,8434.669,,,4.013344606992219,,,0.9044496341956428,y
2016-06-07,IM,q2,IM1612,2016-12-16,8434.669,,,3.9404736306735857,,,0.9211755747937027,d
2016-06-07,IM,q2,IM1612,2016-12-16,8434.669,,,3.914836669728124,,,0.9272080467017937,p
2016-06-08,IM,current,IM1606,2016-06-17,8431.892,,,0.3658707693761705,,,1.0,y
2016-06-08,IM,current,IM1606,2016-06-17,8431.892,,,0.3658707693761705,,,1.0,d
2016-06-08,IM,current,IM1606,2016-06-17,8431.892,,,0.3658707693761705,,,1.0,p
2016-06-08,IM,next,IM1607,2016-07-15,8431.892,,,2.617670271994038,,,1.0,y
2016-06-08,IM,next,IM1607,2016-07-15,8431.892,,,2.617670271994038,,,1.0,d
2016-06-08,IM,next,IM1607,2016-07-15,8431.892,,,2.617670271994038,,,1.0,p
2016-06-08,IM,q1,IM1609,2016-09-16,8431.892,,,3.3158237617935793,,,0.9603382000694115,y
2016-06-08,IM,q1,IM1609,2016-09-16,8431.892,,,3.276028311365492,,,0.972003878019286,d
2016-06-08,IM,q1,IM1609,2016-09-16,8431.892,,,3.2555908747411424,,,0.9781057711686274,p
2016-06-08,IM,q2,IM1612,2016-12-16,8431.892,,,3.5676625140106037,,,0.8925486114908813,y
2016-06-08,IM,q2,IM1612,2016-12-16,8431.892,,,3.494815529469388,,,0.9111531628199272,d
2016-06-08,IM,q2,IM1612,2016-12-16,8431.892,,,3.469187009144482,,,0.9178842808861716,p
2016-06-13,IM,current,IM1606,2016-06-17,8000.819,,,0.323786934233445,,,1.0,y
2016-06-13,IM,current,IM1606,2016-06-17,8000.819,,,0.323786934233445,,,1.0,d
2016-06-13,IM,current,IM1606,2016-06-17,8000.819,,,0.323786934233445,,,1.0,p
2016-06-13,IM,next,IM1607,2016-07-15,8000.819,,,2.460465184469048,,,1.0,y
2016-06-13,IM,next,IM1607,2016-07-15,8000.819,,,2.460465184469048,,,1.0,d
2016-06-13,IM,next,IM1607,2016-07-15,8000.819,,,2.460465184469048,,,1.0,p
2016-06-13,IM,q1,IM1609,2016-09-16,8000.819,,,3.122926196316031,,,0.9600412817885764,y
2016-06-13,IM,q1,IM1609,2016-09-16,8000.819,,,3.0851652529952913,,,0.9717917267256807,d
2016-06-13,IM,q1,IM1609,2016-09-16,8000.819,,,3.065772662191781,,,0.9779388098199487,p
2016-06-13,IM,q2,IM1612,2016-12-16,8000.819,,,3.3618899156893653,,,0.8918013806610883,y
2016-06-13,IM,q2,IM1612,2016-12-16,8000.819,,,3.2927671686226256,,,0.9105223403015453,d
2016-06-13,IM,q2,IM1612,2016-12-16,8000.819,,,3.2684488836686207,,,0.9172969121295087,p
2016-06-14,IM,current,IM1606,2016-06-17,8038.589,,,0.25532506408407296,,,1.0,y
2016-06-14,IM,current,IM1606,2016-06-17,8038.589,,,0.25532506408407296,,,1.0,d
2016-06-14,IM,current,IM1606,2016-06-17,8038.589,,,0.25532506408407296,,,1.0,p
2016-06-14,IM,next,IM1607,2016-07-15,8038.589,,,2.402090073876592,,,1.0,y
2016-06-14,IM,next,IM1607,2016-07-15,8038.589,,,2.402090073876592,,,1.0,d
2016-06-14,IM,next,IM1607,2016-07-15,8038.589,,,2.402090073876592,,,1.0,p
2016-06-14,IM,q1,IM1609,2016-09-16,8038.589,,,3.067678409615973,,,0.9591296065713035,y
2016-06-14,IM,q1,IM1609,2016-09-16,8038.589,,,3.0297392056910093,,,0.9711400837984612,d
2016-06-14,IM,q1,IM1609,2016-09-16,8038.589,,,3.010255066990384,,,0.9774258727662991,p
2016-06-14,IM,q2,IM1612,2016-12-16,8038.589,,,3.307770220960983,,,0.8895119641192744,y
2016-06-14,IM,q2,IM1612,2016-12-16,8038.589,,,3.238321161530882,,,0.9085884442392083,d
2016-06-14,IM,q2,IM1612,2016-12-16,8038.589,,,3.213888075626786,,,0.9154958470445274,p
2016-06-15,IM,current,IM1606,2016-06-17,8340.539,,,0.2087619983983921,,,1.0,y
2016-06-15,IM,current,IM1606,2016-06-17,8340.539,,,0.2087619983983921,,,1.0,d
2016-06-15,IM,current,IM1606,2016-06-17,8340.539,,,0.2087619983983921,,,1.0,p
2016-06-15,IM,next,IM1607,2016-07-15,8340.539,,,2.436165002583565,,,1.0,y
2016-06-15,IM,next,IM1607,2016-07-15,8340.539,,,2.436165002583565,,,1.0,d
2016-06-15,IM,next,IM1607,2016-07-15,8340.539,,,2.436165002583565,,,1.0,p
2016-06-15,IM,q1,IM1609,2016-09-16,8340.539,,,3.1267545416406564,,,0.9583956106727581,y
2016-06-15,IM,q1,IM1609,2016-09-16,8340.539,,,3.0873902440051997,,,0.9706151770668322,d
2016-06-15,IM,q1,IM1609,2016-09-16,8340.539,,,3.0671742311310526,,,0.9770125863552475,p
2016-06-15,IM,q2,IM1612,2016-12-16,8340.539,,,3.375864816603551,,,0.8876741194200001,y
2016-06-15,IM,q2,IM1612,2016-12-16,8340.539,,,3.303807072552938,,,0.9070347518942483,d
2016-06-15,IM,q2,IM1612,2016-12-16,8340.539,,,3.2784562173377423,,,0.9140484513753702,p
2016-06-16,IM,current,IM1606,2016-06-17,8358.034,,,0.11573675991214977,,,1.0,y
2016-06-16,IM,current,IM1606,2016-06-17,8358.034,,,0.11573675991214977,,,1.0,d
2016-06-16,IM,current,IM1606,2016-06-17,8358.034,,,0.11573675991214977,,,1.0,p
2016-06-16,IM,next,IM1607,2016-07-15,8358.034,,,2.3478119340324093,,,1.0,y
2016-06-16,IM,next,IM1607,2016-07-15,8358.034,,,2.3478119340324093,,,1.0,d
2016-06-16,IM,next,IM1607,2016-07-15,8358.034,,,2.3478119340324093,,,1.0,p
2016-06-16,IM,q1,IM1609,2016-09-16,8358.034,,,3.0398500442173146,,,0.9571164434142423,y
2016-06-16,IM,q1,IM1609,2016-09-16,8358.034,,,3.000403176572038,,,0.9696998341929493,d
2016-06-16,IM,q1,IM1609,2016-09-16,8358.034,,,2.9801447588670715,,,0.9762916563623479,p
2016-06-16,IM,q2,IM1612,2016-12-16,8358.034,,,3.289482849469975,,,0.8844826363216033,y
2016-06-16,IM,q2,IM1612,2016-12-16,8358.034,,,3.217273958085579,,,0.9043340731123748,d
2016-06-16,IM,q2,IM1612,2016-12-16,8358.034,,,3.1918699272648268,,,0.9115316504539082,p
2016-06-17,IM,current,IM1606,2016-06-17,8414.508,,,0.0,,,,y
2016-06-17,IM,current,IM1606,2016-06-17,8414.508,,,0.0,,,,d
2016-06-17,IM,current,IM1606,2016-06-17,8414.508,,,0.0,,,,p
2016-06-17,IM,next,IM1607,2016-07-15,8414.508,,,2.2471569760587613,,,1.0,y
2016-06-17,IM,next,IM1607,2016-07-15,8414.508,,,2.2471569760587613,,,1.0,d
2016-06-17,IM,next,IM1607,2016-07-15,8414.508,,,2.2471569760587613,,,1.0,p
2016-06-17,IM,q1,IM1609,2016-09-16,8414.508,,,2.9438710854361303,,,0.9554191070219129,y
2016-06-17,IM,q1,IM1609,2016-09-16,8414.508,,,2.904157681138406,,,0.968484150121108,d
2016-06-17,IM,q1,IM1609,2016-09-16,8414.508,,,2.8837623803002215,,,0.9753337178017424,p
2016-06-17,IM,q2,IM1612,2016-12-16,8414.508,,,3.1951906226455926,,,0.8802700733097986,y
2016-06-17,IM,q2,IM1612,2016-12-16,8414.508,,,3.12249382645822,,,0.9007642096206563,d
2016-06-17,IM,q2,IM1612,2016-12-16,8414.508,,,3.0969181443572062,,,0.9082031079057804,p
2016-06-20,IM,current,IM1607,2016-07-15,8457.932,,,1.8756294884046039,,,1.0,y
2016-06-20,IM,current,IM1607,2016-07-15,8457.932,,,1.8756294884046039,,,1.0,d
2016-06-20,IM,current,IM1607,2016-07-15,8457.932,,,1.8756294884046039,,,1.0,p
2016-06-20,IM,next,IM1608,2016-08-19,8457.932,,,2.4440213856454,,,1.0,y
2016-06-20,IM,next,IM1608,2016-08-19,8457.932,,,2.4440213856454,,,1.0,d
2016-06-20,IM,next,IM1608,2016-08-19,8457.932,,,2.4440213856454,,,1.0,p
2016-06-20,IM,q1,IM1609,2016-09-16,8457.932,,,2.575939068068007,,,0.9487885082151621,y
2016-06-20,IM,q1,IM1609,2016-09-16,8457.932,,,2.5360207183512258,,,0.9637229569774025,d
2016-06-20,IM,q1,IM1609,2016-09-16,8457.932,,,2.5155201653053543,,,0.9715769403695973,p
2016-06-20,IM,q2,IM1612,2016-12-16,8457.932,,,2.828555567569714,,,0.8640528097333068,y
2016-06-20,IM,q2,IM1612,2016-12-16,8457.932,,,2.7554836115182537,,,0.8869664023509687,d
2016-06-20,IM,q2,IM1612,2016-12-16,8457.932,,,2.729775943278591,,,0.8953194095153516,p
2016-06-21,IM,current,IM1607,2016-07-15,8350.762,,,1.7196646957583919,,,1.0,y
2016-06-21,IM,current,IM1607,2016-07-15,8350.762,,,1.7196646957583919,,,1.0,d
2016-06-21,IM,current,IM1607,2016-07-15,8350.762,,,1.7196646957583919,,,1.0,p
2016-06-21,IM,next,IM1608,2016-08-19,8350.762,,,2.2808545299384666,,,1.0,y
2016-06-21,IM,next,IM1608,2016-08-19,8350.762,,,2.2808545299384666,,,1.0,d
2016-06-21,IM,next,IM1608,2016-08-19,8350.762,,,2.2808545299384666,,,1.0,p
2016-06-21,IM,q1,IM1609,2016-09-16,8350.762,,,2.4111006905250947,,,0.9459806215897757,y
2016-06-21,IM,q1,IM1609,2016-09-16,8350.762,,,2.3716881440636652,,,0.961700860902579,d
2016-06-21,IM,q1,IM1609,2016-09-16,8350.762,,,2.3514473524192714,,,0.9699789908508153,p
2016-06-21,IM,q2,IM1612,2016-12-16,8350.762,,,2.6605162999922634,,,0.8572977094502668,y
2016-06-21,IM,q2,IM1612,2016-12-16,8350.762,,,2.588370234753124,,,0.8811933081729368,d
2016-06-21,IM,q2,IM1612,2016-12-16,8350.762,,,2.5629883069905945,,,0.8899199905506383,p
2016-06-22,IM,current,IM1607,2016-07-15,8513.543,,,1.6102729650761558,,,1.0,y
2016-06-22,IM,current,IM1607,2016-07-15,8513.543,,,1.6102729650761558,,,1.0,d
2016-06-22,IM,current,IM1607,2016-07-15,8513.543,,,1.6102729650761558,,,1.0,p
2016-06-22,IM,next,IM1608,2016-08-19,8513.543,,,2.182402045566647,,,1.0,y
2016-06-22,IM,next,IM1608,2016-08-19,8513.543,,,2.182402045566647,,,1.0,d
2016-06-22,IM,next,IM1608,2016-08-19,8513.543,,,2.182402045566647,,,1.0,p
2016-06-22,IM,q1,IM1609,2016-09-16,8513.543,,,2.315187088265644,,,0.9426460853327973,y
2016-06-22,IM,q1,IM1609,2016-09-16,8513.543,,,2.275006274941198,,,0.9592949565042651,d
2016-06-22,IM,q1,IM1609,2016-09-16,8513.543,,,2.2543709305236965,,,0.9680758459122204,p
2016-06-22,IM,q2,IM1612,2016-12-16,8513.543,,,2.5694645441516997,,,0.8493606383999199,y
2016-06-22,IM,q2,IM1612,2016-12-16,8513.543,,,2.4959121391503096,,,0.8743905730229783,d
2016-06-22,IM,q2,IM1612,2016-12-16,8513.543,,,2.4700354426968376,,,0.8835509028906295,p
2016-06-23,IM,current,IM1607,2016-07-15,8495.78,,,1.3617494701178636,,,1.0,y
2016-06-23,IM,current,IM1607,2016-07-15,8495.78,,,1.3617494701178636,,,1.0,d
2016-06-23,IM,current,IM1607,2016-07-15,8495.78,,,1.3617494701178636,,,1.0,p
2016-06-23,IM,next,IM1608,2016-08-19,8495.78,,,1.9326848373849934,,,1.0,y
2016-06-23,IM,next,IM1608,2016-08-19,8495.78,,,1.9326848373849934,,,1.0,d
2016-06-23,IM,next,IM1608,2016-08-19,8495.78,,,1.9326848373849934,,,1.0,p
2016-06-23,IM,q1,IM1609,2016-09-16,8495.78,,,2.06519283200736,,,0.9358374711703946,y
2016-06-23,IM,q1,IM1609,2016-09-16,8495.78,,,2.025095853554845,,,0.9543670903243254,d
2016-06-23,IM,q1,IM1609,2016-09-16,8495.78,,,2.0045035635534525,,,0.964171315295073,p
2016-06-23,IM,q2,IM1612,2016-12-16,8495.78,,,2.3189397531385074,,,0.8334346913365267,y
2016-06-23,IM,q2,IM1612,2016-12-16,8495.78,,,2.245540810845891,,,0.8606767813126294,d
2016-06-23,IM,q2,IM1612,2016-12-16,8495.78,,,2.2197181045771286,,,0.8706893156386554,p
2016-06-24,IM,current,IM1607,2016-07-15,8428.823,,,1.1285579129711039,,,1.0,y
2016-06-24,IM,current,IM1607,2016-07-15,8428.823,,,1.1285579129711039,,,1.0,d
2016-06-24,IM,current,IM1607,2016-07-15,8428.823,,,1.1285579129711039,,,1.0,p
2016-06-24,IM,next,IM1608,2016-08-19,8428.823,,,1.6949936204793763,,,1.0,y
2016-06-24,IM,next,IM1608,2016-08-19,8428.823,,,1.6949936204793763,,,1.0,d
2016-06-24,IM,next,IM1608,2016-08-19,8428.823,,,1.6949936204793763,,,1.0,p
2016-06-24,IM,q1,IM1609,2016-09-16,8428.823,,,1.8264572921795474,,,0.9280225865323722,y
2016-06-24,IM,q1,IM1609,2016-09-16,8428.823,,,1.7866763263104848,,,0.9486853301401073,d
2016-06-24,IM,q1,IM1609,2016-09-16,8428.823,,,1.766246328407243,,,0.9596586802294329,p
2016-06-24,IM,q2,IM1612,2016-12-16,8428.823,,,2.0782043813237343,,,0.8156048729912369,y
2016-06-24,IM,q2,IM1612,2016-12-16,8428.823,,,2.00538391128194,,,0.8452215114241408,d
2016-06-24,IM,q2,IM1612,2016-12-16,8428.823,,,1.9797647191041305,,,0.8561591203859734,p
2016-06-27,IM,current,IM1607,2016-07-15,8646.161,,,0.8291536723985699,,,1.0,y
2016-06-27,IM,current,IM1607,2016-07-15,8646.161,,,0.8291536723985699,,,1.0,d
2016-06-27,IM,current,IM1607,2016-07-15,8646.161,,,0.8291536723985699,,,1.0,p
2016-06-27,IM,next,IM1608,2016-08-19,8646.161,,,1.4101949783158292,,,1.0,y
2016-06-27,IM,next,IM1608,2016-08-19,8646.161,,,1.4101949783158292,,,1.0,d
2016-06-27,IM,next,IM1608,2016-08-19,8646.161,,,1.4101949783158292,,,1.0,p
2016-06-27,IM,q1,IM1609,2016-09-16,8646.161,,,1.54504845325187,,,0.9127189347025241,y
2016-06-27,IM,q1,IM1609,2016-09-16,8646.161,,,1.504241731407145,,,0.9374789629035624,d
2016-06-27,IM,q1,IM1609,2016-09-16,8646.161,,,1.4832849440714646,,,0.950724258310739,p
2016-06-27,IM,q2,IM1612,2016-12-16,8646.161,,,1.8032868649520557,,,0.782013669440953,y
2016-06-27,IM,q2,IM1612,2016-12-16,8646.161,,,1.728588712187781,,,0.8158071196305696,d
2016-06-27,IM,q2,IM1612,2016-12-16,8646.161,,,1.7023089267112939,,,0.8284013296224663,p
2016-06-28,IM,current,IM1607,2016-07-15,8730.197,,,0.8372125968175907,,,1.0,y
2016-06-28,IM,current,IM1607,2016-07-15,8730.197,,,0.8372125968175907,,,1.0,d
2016-06-28,IM,current,IM1607,2016-07-15,8730.197,,,0.8372125968175907,,,1.0,p
2016-06-28,IM,next,IM1608,2016-08-19,8730.197,,,1.4239013093912913,,,1.0,y
2016-06-28,IM,next,IM1608,2016-08-19,8730.197,,,1.4239013093912913,,,1.0,d
2016-06-28,IM,next,IM1608,2016-08-19,8730.197,,,1.4239013093912913,,,1.0,p
2016-06-28,IM,q1,IM1609,2016-09-16,8730.197,,,1.5600654870333914,,,0.9127189347025241,y
2016-06-28,IM,q1,IM1609,2016-09-16,8730.197,,,1.518862145963447,,,0.9374789629035624,d
2016-06-28,IM,q1,IM1609,2016-09-16,8730.197,,,1.4977016700102934,,,0.950724258310739,p
2016-06-28,IM,q2,IM1612,2016-12-16,8730.197,,,1.8208138361688895,,,0.782013669440953,y
2016-06-28,IM,q2,IM1612,2016-12-16,8730.197,,,1.74538965783492,,,0.8158071196305696,d
2016-06-28,IM,q2,IM1612,2016-12-16,8730.197,,,1.7188544470832958,,,0.8284013296224663,p
2016-06-29,IM,current,IM1607,2016-07-15,8745.815,,,0.6443836385765751,,,1.0,y
2016-06-29,IM,current,IM1607,2016-07-15,8745.815,,,0.6443836385765751,,,1.0,d
2016-06-29,IM,current,IM1607,2016-07-15,8745.815,,,0.6443836385765751,,,1.0,p
2016-06-29,IM,next,IM1608,2016-08-19,8745.815,,,1.2321219155888534,,,1.0,y
2016-06-29,IM,next,IM1608,2016-08-19,8745.815,,,1.2321219155888534,,,1.0,d
2016-06-29,IM,next,IM1608,2016-08-19,8745.815,,,1.2321219155888534,,,1.0,p
2016-06-29,IM,q1,IM1609,2016-09-16,8745.815,,,1.3685296859157938,,,0.9003253113682669,y
2016-06-29,IM,q1,IM1609,2016-09-16,8745.815,,,1.327252633590441,,,0.9283250862767225,d
2016-06-29,IM,q1,IM1609,2016-09-16,8745.815,,,1.3060543023273286,,,0.9433925629227429,p
2016-06-29,IM,q2,IM1612,2016-12-16,8745.815,,,1.6297445042176575,,,0.7560215189560164,y
2016-06-29,IM,q2,IM1612,2016-12-16,8745.815,,,1.554185394814295,,,0.7927766659627348,d
2016-06-29,IM,q2,IM1612,2016-12-16,8745.815,,,1.5276027135506633,,,0.806572222384305,p
2016-06-30,IM,current,IM1607,2016-07-15,8741.099,,,0.6440361680161384,,,1.0,y
2016-06-30,IM,current,IM1607,2016-07-15,8741.099,,,0.6440361680161384,,,1.0,d
2016-06-30,IM,current,IM1607,2016-07-15,8741.099,,,0.6440361680161384,,,1.0,p
2016-06-30,IM,next,IM1608,2016-08-19,8741.099,,,1.2314575193085848,,,1.0,y
2016-06-30,IM,next,IM1608,2016-08-19,8741.099,,,1.2314575193085848,,,1.0,d
2016-06-30,IM,next,IM1608,2016-08-19,8741.099,,,1.2314575193085848,,,1.0,p
2016-06-30,IM,q1,IM1609,2016-09-16,8741.099,,,1.367791734564344,,,0.9003253113682669,y
2016-06-30,IM,q1,IM1609,2016-09-16,8741.099,,,1.3265369400364369,,,0.9283250862767225,d
2016-06-30,IM,q1,IM1609,2016-09-16,8741.099,,,1.3053500395353788,,,0.9433925629227429,p
2016-06-30,IM,q2,IM1612,2016-12-16,8741.099,,,1.6288656981736362,,,0.7560215189560164,y
2016-06-30,IM,q2,IM1612,2016-12-16,8741.099,,,1.5533473324585345,,,0.7927766659627348,d
2016-06-30,IM,q2,IM1612,2016-12-16,8741.099,,,1.5267789853564235,,,0.806572222384305,p
