date,open,high,low,close
2014-12-01,6477.995,6477.995,6360.929,6392.464
2014-12-02,6385.949,6466.689,6382.65,6457.556
2014-12-03,6465.46,6514.307,6393.726,6513.957
2014-12-04,6517.677,6608.226,6515.225,6605.322
2014-12-05,6612.186,6612.186,6294.194,6462.089
2014-12-08,6445.512,6494.321,6390.902,6457.511
2014-12-09,6435.574,6435.675,6153.779,6161.367
2014-12-10,6137.272,6367.07,6111.762,6366.81
2014-12-11,6361.339,6463.716,6335.855,6463.316
2014-12-12,6469.268,6549.42,6455.974,6545.19
2014-12-15,6528.867,6664.252,6510.357,6658.145
2014-12-16,6663.473,6678.409,6590.841,6635.255
2014-12-17,6613.966,6613.966,6494.305,6551.119
2014-12-18,6538.885,6581.062,6529.341,6540.881
2014-12-19,6524.554,6524.759,6346.303,6438.042
2014-12-22,6406.507,6406.552,6097.914,6120.582
2014-12-23,6087.268,6153.647,6012.568,6023.366
2014-12-24,6045.09,6155.291,6045.09,6154.878
2014-12-25,6166.467,6222.655,6159.037,6222.506
2014-12-26,6218.913,6233.964,6196.217,6233.936
2014-12-29,6222.939,6222.939,6068.545,6098.979
2014-12-30,6083.956,6088.871,5967.82,5982.636
2014-12-31,5981.124,6027.52,5945.722,6027.52
2015-01-05,6025.747,6052.442,5948.272,6049.787
2015-01-06,6021.449,6172.644,5986.401,6172.392
2015-01-07,6161.482,6171.146,6118.14,6166.769
2015-01-08,6161.553,6211.46,6126.966,6164.111
2015-01-09,6148.109,6214.288,6128.012,6128.012
2015-01-12,6098.815,6102.437,6033.711,6062.283
2015-01-13,6059.381,6167.353,6058.596,6167.117
2015-01-14,6167.746,6170.906,6114.237,6139.29
2015-01-15,6136.556,6177.052,6136.1,6168.658
2015-01-16,6172.959,6252.143,6169.052,6252.075
2015-01-19,6133.545,6296.612,6033.878,6109.285
2015-01-20,6135.607,6336.711,6135.607,6336.631
2015-01-21,6358.017,6465.832,6357.682,6465.733
2015-01-22,6472.166,6569.902,6466.646,6568.636
2015-01-23,6576.98,6577.377,6481.212,6502.067
2015-01-26,6508.733,6642.719,6508.087,6642.612
2015-01-27,6652.205,6694.818,6582.438,6693.806
2015-01-28,6680.081,6725.665,6649.187,6666.264
2015-01-29,6620.23,6661.728,6594.445,6625.005
2015-01-30,6629.278,6655.605,6546.138,6546.597
2015-02-02,6485.155,6567.402,6449.567,6535.903
2015-02-03,6547.753,6661.892,6547.621,6654.549
2015-02-04,6665.879,6692.315,6645.191,6653.338
2015-02-05,6685.76,6729.51,6649.217,6654.082
2015-02-06,6637.537,6658.952,6503.594,6526.949
2015-02-09,6508.376,6541.719,6458.177,6474.817
2015-02-10,6468.519,6556.067,6458.43,6555.818
2015-02-11,6563.873,6645.978,6563.734,6645.51
2015-02-12,6652.564,6707.653,6652.473,6703.815
2015-02-13,6732.302,6824.594,6731.719,6815.848
2015-02-16,6831.259,6965.463,6831.085,6965.301
2015-02-17,6987.392,7020.201,6948.218,7020.053
2015-02-25,7037.96,7060.066,6984.165,7004.665
2015-02-26,7001.178,7045.527,6967.939,7045.268
2015-02-27,7045.792,7142.26,7042.144,7141.888
2015-03-02,7187.527,7317.873,7172.745,7317.677
2015-03-03,7306.437,7386.821,7272.462,7282.108
2015-03-04,7277.542,7411.267,7277.542,7411.034
2015-03-05,7417.531,7451.24,7375.111,7450.906
2015-03-06,7454.922,7467.427,7330.45,7338.404
2015-03-09,7314.931,7450.816,7284.734,7450.816
2015-03-10,7460.611,7577.374,7458.682,7566.481
2015-03-11,7573.262,7573.745,7538.486,7566.312
2015-03-12,7566.489,7592.534,7455.081,7514.445
2015-03-13,7530.209,7649.757,7530.209,7649.345
2015-03-16,7707.401,7903.623,7706.947,7903.363
2015-03-17,7946.126,8031.466,7896.748,7993.243
2015-03-18,7992.921,8150.963,7968.122,8150.951
2015-03-19,8149.478,8217.376,8103.787,8216.624
2015-03-20,8216.303,8336.827,8213.724,8318.829
2015-03-23,8360.92,8560.765,8360.92,8560.441
2015-03-24,8593.783,8665.249,8319.356,8655.38
2015-03-25,8662.766,8834.245,8604.238,8784.909
2015-03-26,8730.364,8786.737,8523.364,8611.864
2015-03-27,8586.403,8715.285,8578.526,8710.291
2015-03-30,8721.209,8758.753,8663.827,8719.22
2015-03-31,8734.951,8859.415,8676.628,8780.739
2015-04-01,8785.125,9015.015,8782.129,9008.201
2015-04-02,9061.497,9238.352,9061.497,9238.053
2015-04-03,9204.84,9422.843,9159.571,9419.201
2015-04-07,9457.735,9600.831,9457.653,9600.722
2015-04-08,9625.208,9628.226,9264.544,9455.59
2015-04-09,9446.683,9446.683,8988.708,9369.657
2015-04-10,9325.424,9621.503,9276.954,9600.401
2015-04-13,9652.531,9838.876,9616.395,9813.596
2015-04-14,9830.531,9926.394,9741.701,9830.062
2015-04-15,9800.64,9800.64,9434.623,9441.192
2015-04-16,9319.961,9654.155,9209.41,9541.766
2015-04-17,9612.733,9663.935,9526.087,9567.695
2015-04-20,9541.259,9591.215,9317.303,9353.612
2015-04-21,9364.308,9716.608,9362.868,9716.349
2015-04-22,9798.163,9995.598,9798.163,9995.262
2015-04-23,10035.43,10157.04,9977.372,10105.27
2015-04-24,9990.335,10153.96,9909.479,10123.91
2015-04-27,10202.03,10297.1,10093.25,10174.9
2015-04-28,10184.26,10184.26,9744.378,9847.893
2015-04-29,9817.446,10111.91,9792.637,10107.4
2015-04-30,10156.36,10298.49,10155.19,10180.49
2015-05-04,10206.21,10281.71,10085.33,10270.13
2015-05-05,10273.57,10286.56,9950.573,10007.27
2015-05-06,10032.05,10264.64,9913.609,9973.991
2015-05-07,9934.935,9989.861,9789.184,9806.508
2015-05-08,9913.854,10274.58,9913.854,10274.38
2015-05-11,10424.97,10772.06,10386.63,10771.62
2015-05-12,10871.48,11051.87,10782.2,11051.43
2015-05-13,10969.33,11259.27,10834.98,11137.3
2015-05-14,11158.42,11272.84,11093.57,11211.1
2015-05-15,11165.97,11316.89,11000.63,11217.93
2015-05-18,11234.72,11557.17,11222.2,11542.28
2015-05-19,11624.3,11837.65,11525.34,11831.36
2015-05-20,11912.38,12321.41,11909.24,12132.37
2015-05-21,12214.48,12586.64,12213.73,12586.05
2015-05-22,12782.05,12848.23,12386.94,12687.29
2015-05-25,12513.18,12894.44,12408.1,12877.87
2015-05-26,12962.67,13402.18,12960.29,13401.31
2015-05-27,13484.77,13642.14,13174.12,13582.55
2015-05-28,13610.78,13806.21,12816.46,12818.99
2015-05-29,12775.09,13250.95,12237.6,13027.21
2015-06-01,13146.12,13691.6,13146.07,13691.17
2015-06-02,13805.72,14277.33,13763.64,14276.32
2015-06-03,14381.02,14461.29,13928.16,14356.6
2015-06-04,14366.78,14424.36,13459.88,14308.65
2015-06-05,14513.11,14656.25,14174.18,14465.75
2015-06-08,14445.11,14445.11,13967.37,14099.73
2015-06-09,14018.54,14217.84,13899.36,14106.23
2015-06-10,14047.11,14596.06,13918.59,14461.81
2015-06-11,14486.94,14769.59,14478.84,14768.88
2015-06-12,14844.62,15086.44,14825.28,15006.34
2015-06-15,15050.58,15076.49,14675.21,14707.78
2015-06-16,14514.85,14514.85,13981.68,14102.22
2015-06-17,14061.98,14446.51,13603.85,14407.31
2015-06-18,14392.32,14499.87,13894.26,13934.21
2015-06-19,13564.22,13688.94,12999.07,13024.72
2015-06-23,12955.75,13131.65,12168.35,13047.02
2015-06-24,13176.06,13382.76,12935.57,13313.79
2015-06-25,13357.21,13361.77,12585.36,12760.48
2015-06-26,12309.8,12311.04,11710.78,11730.75
2015-06-29,11923.42,11933.72,10787.16,10906.04
2015-06-30,10543.23,11389.19,10110.66,11381.47
2015-07-01,11264.87,11641.03,10685.37,10734.01
2015-07-02,10626.73,10696.42,9959.56,10002.36
2015-07-03,9545.27,10055.57,9282.592,9358.732
2015-07-06,9943.956,9943.956,8755.035,8858.912
2015-07-07,8517.291,8528.495,8352.938,8356.126
2015-07-08,8057.109,8128.539,8056.458,8114.604
2015-07-09,7951.431,8349.732,7951.431,8348.875
2015-07-10,8488.349,8621.386,8478.257,8620.272
2015-07-13,8930.792,9034.352,8879.572,9032.556
2015-07-14,9311.511,9501.082,9236.839,9338.169
2015-07-15,9424.223,9424.223,8918.929,8942.905
2015-07-16,8615.931,9241.729,8470.126,9041.229
2015-07-17,9087.156,9588.172,9078.858,9541.259
2015-07-20,9657.624,9940.922,9579.164,9839.917
2015-07-21,9762.603,10139.15,9652.933,10062.89
2015-07-22,10082.96,10270.11,9923.162,10228.86
2015-07-23,10251.56,10585.68,10197.66,10553.22
2015-07-24,10579.16,10782.59,10351.93,10449.75
2015-07-27,10235.63,10556.48,9716.968,9719.551
2015-07-28,9125.958,9769.622,9036.616,9284.541
2015-07-29,9435.391,9727.53,9019.913,9727.232
2015-07-30,9679.096,9910.54,9422.045,9460.729
2015-07-31,9283.384,9512.494,9081.719,9223.636
2015-08-03,9076.072,9109.276,8656.513,8723.594
2015-08-04,8720.241,9265.349,8720.241,9265.221
2015-08-05,9285.295,9465.775,9131.798,9240.885
2015-08-06,9025.668,9331.654,8996.405,9229.349
2015-08-07,9321.985,9585.511,9319.25,9585.136
2015-08-10,9704.078,10133.76,9680.442,10077.94
2015-08-11,10093.88,10300.82,10050.24,10153.71
2015-08-12,10053.47,10227.34,10003.36,10005.93
2015-08-13,9946.407,10309.77,9893.158,10308.79
2015-08-14,10400.5,10505.92,10295.33,10377.98
2015-08-17,10339.26,10563.51,10267.23,10563.13
2015-08-18,10582.23,10603.36,9781.748,9806.701
2015-08-19,9442.91,10118.27,9224.174,10057.84
2015-08-20,9947.823,10149.46,9734.622,9739.916
2015-08-21,9531.917,9661.604,9159.43,9208.154
2015-08-24,8782.487,8833.714,8505.74,8506.724
2015-08-25,7889.784,8073.073,7878.485,7882.112
2015-08-26,7836.281,8103.104,7457.889,7543.784
2015-08-27,7666.505,7794.85,7370.213,7793.539
2015-08-28,7912.791,8271.598,7861.964,8270.959
2015-08-31,8222.53,8222.53,7950.098,7950.459
2015-09-01,7848.657,7848.657,7433.889,7441.338
2015-09-02,7072.792,7619.511,7057.553,7129.97
2015-09-07,7243.442,7465.766,7219.474,7291.468
2015-09-08,7247.574,7660.614,7204.361,7651.5
2015-09-09,7716.554,7980.588,7697.808,7956.729
2015-09-10,7831.5,7999.54,7798.753,7842.999
2015-09-11,7826.736,7975.509,7808.479,7952.136
2015-09-14,7997.34,8022.056,7391.904,7412.302
2015-09-15,7183.326,7351.996,7008.99,7034.9
2015-09-16,7062.838,7517.622,7049.416,7500.61
2015-09-17,7516.356,7771.455,7428.567,7428.637
2015-09-18,7484.283,7599.358,7386.122,7556.203
2015-09-21,7453.17,7850.807,7430.944,7847.885
2015-09-22,7868.638,7974.878,7765.782,7880.836
2015-09-23,7734.279,7924.523,7716.132,7824.066
2015-09-24,7856.024,7951.788,7814.336,7928.825
2015-09-25,7877.925,7934.523,7585.15,7640.173
2015-09-28,7643.161,7841.219,7536.817,7839.618
2015-09-29,7702.647,7824.227,7658.196,7720.677
2015-09-30,7753.353,7794.639,7642.7,7727.509
2015-10-08,7961.002,8099.15,7902.548,8056.279
2015-10-09,8045.772,8213.561,8028.609,8180.397
2015-10-12,8226.547,8590.912,8225.243,8522.629
2015-10-13,8447.741,8672.868,8420.64,8651.052
2015-10-14,8610.349,8682.823,8515.65,8534.726
2015-10-15,8476.312,8808.9,8476.312,8808.465
2015-10-16,8866.794,8948.617,8742.429,8943.018
2015-10-19,8961.66,9008.608,8806.431,8935.391
2015-10-20,8915.867,9117.305,8891.941,9116.539
2015-10-21,9116.476,9157.919,8515.135,8541.607
2015-10-22,8531.691,8901.216,8525.978,8894.757
2015-10-23,8977.877,9220.984,8942.331,9182.553
2015-10-26,9296.188,9347.637,9126.578,9262.89
2015-10-27,9183.788,9398.735,8882.218,9345.966
2015-10-28,9277.728,9406.347,9091.558,9131.87
2015-10-29,9197.468,9320.226,9058.939,9214.588
2015-10-30,9183.494,9332.908,9031.78,9188.266
2015-11-02,8946.883,9236.419,8915.767,8944.683
2015-11-03,8963.773,9033.582,8837.315,8924.415
2015-11-04,8973.156,9396.991,8973.156,9396.842
2015-11-05,9416.494,9525.222,9295.371,9391.446
2015-11-06,9396.095,9640.436,9395.731,9629.28
2015-11-09,9560.538,9861.105,9473.458,9816.034
2015-11-10,9770.132,9958.154,9739.17,9911.24
2015-11-11,9910.119,10106.02,9873.236,10100.51
2015-11-12,10137.46,10223.71,9990.756,10135.08
2015-11-13,10030.15,10102.65,9813.033,9934.769
2015-11-16,9749.108,10195.72,9736.481,10194.78
2015-11-17,10308.23,10361.3,10088.03,10109.4
2015-11-18,10116.71,10203.4,9902.834,9928.663
2015-11-19,9954.657,10235.83,9944.382,10235.35
2015-11-20,10272.35,10477.22,10265.66,10440.35
2015-11-23,10447.81,10546.74,10297.14,10341.42
2015-11-24,10324.04,10460.35,10204.42,10459.6
2015-11-25,10470.93,10707.77,10468.34,10696.31
2015-11-26,10745.06,10772.62,10595.1,10620.83
2015-11-27,10560.39,10619.71,9859.022,9933.496
2015-11-30,9935.402,10058.66,9406.725,10001.19
2015-12-01,9985.79,10101.51,9832.261,9955.205
2015-12-02,9928.269,9954.862,9506.1,9822.055
2015-12-03,9833.301,10103.48,9832.952,10102.89
2015-12-04,10073.67,10199.95,9996.294,10081.57
2015-12-07,10105.79,10238.79,10038.58,10238.02
2015-12-08,10189.87,10210.75,10022.62,10057.74
2015-12-09,10002.729,10111.556,9945.79,10034.194
2015-12-10,10024.19,10145.99,10008.74,10035.45
2015-12-11,10003.76,10043.54,9915.112,9946.121
2015-12-14,9845.073,10119.68,9829.337,10118.9
2015-12-15,10137.46,10312.42,10136.87,10278.47
2015-12-16,10319.56,10438.45,10314.86,10374.23
2015-12-17,10436.8,10680.39,10436.8,10679.96
2015-12-18,10678.37,10721.66,10562.68,10629.97
2015-12-21,10596.41,10712.04,10579.92,10699.61
2015-12-22,10724.023,10809.845,10652.006,10809.242
2015-12-23,10817.28,10828.97,10613.43,10638.16
2015-12-24,10600.47,10662.43,10413.92,10633.19
2015-12-25,10651.664,10760.154,10645.44,10726.991
2015-12-28,10765.906,10859.828,10515.361,10515.361
2015-12-29,10499.501,10654.419,10406.062,10653.709
2015-12-30,10678.114,10813.016,10661.28,10806.704
2015-12-31,10810.35,10839.045,10614.379,10614.379
2016-01-04,10598.272,10602.647,9694.629,9694.836
2016-01-05,9140.672,9680.156,9084.872,9452.041
2016-01-06,9511.734,9710.118,9404.067,9709.569
2016-01-07,9511.141,9511.141,8850.15,8856.491
2016-01-08,9049.767,9141.573,8404.505,8876.253
2016-01-11,8651.329,8754.359,8203.432,8205.122
2016-01-12,8164.336,8304.141,7968.749,8187.96
2016-01-13,8230.082,8311.725,7836.057,7836.123
2016-01-14,7548.028,8174.306,7534.041,8157.737
2016-01-15,8092.868,8202.341,7813.258,7868.168
2016-01-18,7689.658,8158.564,7685.472,8060.879
2016-01-19,8041.864,8400.601,8018.637,8388.384
2016-01-20,8328.723,8468.793,8244.73,8321.392
2016-01-21,8167.95,8410.155,7944.567,7944.567
2016-01-22,8036.324,8115.402,7787.618,8074.285
2016-01-25,8153.349,8256.161,8076.396,8180.504
2016-01-26,8071.363,8093.238,7526.594,7545.544
2016-01-27,7557.456,7585.828,7047.788,7466.746
2016-01-28,7344.025,7438.694,7067.55,7100.901
2016-01-29,7071.752,7459.369,7037.829,7385.759
2016-02-01,7358.754,7420.484,7163.913,7292.613
2016-02-02,7296.223,7600.076,7295.802,7576.065
2016-02-03,7480.301,7665.653,7428.9,7630.459
2016-02-04,7661.647,7839.282,7661.647,7807.401
2016-02-05,7828.61,7856.735,7716.207,7718.708
2016-02-15,7434.275,7772.489,7432.403,7726.37
2016-02-16,7767.03,8088.712,7767.03,8069.594
2016-02-17,8060.911,8214.939,8010.819,8202.147
2016-02-18,8256.952,8282.91,8155.075,8176.14
2016-02-19,8146.062,8289.208,8133.495,8239.256
2016-02-22,8350.285,8407.881,8303.21,8407.852
2016-02-23,8414.674,8437.155,8230.982,8357.355
2016-02-24,8316.833,8399.432,8160.996,8364.663
2016-02-25,8340.456,8340.591,7673.216,7702.591
2016-02-26,7750.735,7799.295,7487.27,7666.823
2016-02-29,7614.158,7614.158,7113.073,7183.676
2016-03-01,7183.114,7402.305,7038.612,7345.086
2016-03-02,7324.491,7724.296,7323.366,7711.886
2016-03-03,7711.297,7875.949,7693.902,7727.16
2016-03-04,7684.924,7735.548,7321.555,7418.801
2016-03-07,7494.038,7670.957,7494.038,7600.437
2016-03-08,7585.863,7670.99,7276.674,7670.69
2016-03-09,7486.949,7634.001,7430.434,7500.17
2016-03-10,7503.42,7568.243,7364.287,7376.697
2016-03-11,7284.948,7401.512,7239.558,7349.567
2016-03-14,7441.093,7715.642,7441.038,7640.131
2016-03-15,7612.971,7668.848,7537.789,7571.82
2016-03-16,7633.747,7659.053,7426.952,7484.226
2016-03-17,7514.679,7795.707,7514.575,7779.875
2016-03-18,7823.568,8118.706,7820.287,8097.204
2016-03-21,8206.527,8326.382,8172.851,8325.977
2016-03-22,8248.53,8387.554,8203.085,8311.211
2016-03-23,8279.881,8408.948,8262.26,8408.639
2016-03-24,8324.852,8453.302,8247.286,8279.649
2016-03-25,8252.424,8353.015,8211.835,8343.242
2016-03-28,8400.214,8482.573,8266.554,8298.778
2016-03-29,8274.094,8292.432,8040.759,8118.996
2016-03-30,8187.45,8439.089,8187.45,8438.684
2016-03-31,8475.431,8541.457,8414.885,8447.179
2016-04-01,8399.177,8426.46,8240.873,8389.287
2016-04-05,8401.343,8642.981,8380.456,8635.667
2016-04-06,8601.658,8699.521,8579.429,8691.23
2016-04-07,8715.006,8733.504,8549.513,8549.513
2016-04-08,8465.831,8511.872,8359.535,8484.174
2016-04-11,8560.093,8719.222,8560.093,8677.409
2016-04-12,8664.277,8688.711,8501.044,8608.374
2016-04-13,8655.195,8831.587,8655.195,8729.841
2016-04-14,8780.548,8837.439,8711.789,8837.018
2016-04-15,8840.53,8866.013,8777.972,8841.095
2016-04-18,8780.456,8780.456,8646.332,8715.85
2016-04-19,8755.251,8784.327,8678.969,8754.504
2016-04-20,8784.645,8798.779,8158.82,8312.201
2016-04-21,8268.023,8382.268,8185.371,8198.511
2016-04-22,8130.899,8282.902,8112.331,8282.424
2016-04-25,8246.029,8261.945,8106.07,8232.478
2016-04-26,8218.47,8343.712,8202.152,8343.422
2016-04-27,8357.26,8426.833,8307.388,8323.458
2016-04-28,8319.22,8336.127,8130.927,8303.557
2016-04-29,8253.484,8340.58,8239.793,8291.699
2016-05-03,8290.793,8558.578,8256.678,8558.578
2016-05-04,8526.311,8632.703,8514.491,8565.114
2016-05-05,8549.33,8631.981,8522.146,8628.741
2016-05-06,8632.452,8663.071,8275.966,8276.033
2016-05-09,8180.629,8180.695,7876.169,7918.148
2016-05-10,7898.651,7961.585,7855.292,7898.662
2016-05-11,7950.379,7973.6,7800.971,7823.98
2016-05-12,7706.127,7822.759,7570.916,7821.912
2016-05-13,7794.619,7901.999,7758.263,7806.957
2016-05-16,7783.295,7961.426,7744.884,7961.146
2016-05-17,7964.512,8040.204,7901.183,7961.502
2016-05-18,7886.25,7886.499,7614.204,7711.955
2016-05-19,7707.326,7868.72,7707.326,7767.315
2016-05-20,7699.074,7860.128,7665.862,7860.128
2016-05-23,7876.118,7995.992,7876.118,7995.581
2016-05-24,7981.007,7981.221,7852.689,7913.675
2016-05-25,7965.747,8012.16,7848.525,7889.73
2016-05-26,7864.03,7929.672,7703.522,7929.468
2016-05-27,7904.767,7976.51,7879.641,7912.864
2016-05-30,7863.314,7946.133,7787.465,7867.597
2016-05-31,7872.311,8197.642,7872.311,8197.557
2016-06-01,8207.251,8324.09,8202.718,8270.517
2016-06-02,8261.6,8369.668,8255.959,8369.432
2016-06-03,8370.785,8442.901,8336.958,8391.763
2016-06-06,8418.337,8443.567,8359.019,8422.472
2016-06-07,8421.61,8439.14,8363.412,8434.669
2016-06-08,8417.752,8481.654,8340.898,8431.892
2016-06-13,8307.188,8387.419,8000.649,8000.819
2016-06-14,7957.932,8053.537,7931.227,8038.589
2016-06-15,7948.181,8369.94,7936.618,8340.539
2016-06-16,8339.819,8421.331,8314.977,8358.034
2016-06-17,8374.074,8480.651,8338.727,8414.508
2016-06-20,8417.359,8476.467,8330.667,8457.932
2016-06-21,8510.752,8552.658,8305.55,8350.762
2016-06-22,8323.875,8513.927,8316.099,8513.543
2016-06-23,8510.841,8547.394,8424.906,8495.78
2016-06-24,8477.033,8547.682,8153.163,8428.823
2016-06-27,8360.521,8646.369,8358.341,8646.161
2016-06-28,8616.073,8737.817,8599.854,8730.197
2016-06-29,8758.703,8784.945,8704.353,8745.815
2016-06-30,8753.846,8776.236,8692.258,8741.099
2016-07-01,8747.789,8779.628,8680.083,8710.517
2016-07-04,8661.272,8882.85,8653.858,8874.071
2016-07-05,8886.512,8925.089,8839.937,8914.84
2016-07-06,8885.33,8957.577,8862.76,8947.137
2016-07-07,8942.99,8988.324,8851.302,8954.276
2016-07-08,8941.49,8996.968,8904.588,8939.259
2016-07-11,8953.868,9004.754,8865.592,8874.996
2016-07-12,8862.368,8943.147,8719.877,8943.065
2016-07-13,8963.438,9042.067,8926.763,9023.237
2016-07-14,9011.392,9044.015,8976.52,9042.763
2016-07-15,9039.877,9048.349,8952.61,8982.886
2016-07-18,8962.963,8990.285,8881.503,8937.855
2016-07-19,8928.644,8996.963,8883.773,8996.833
2016-07-20,8999.111,9044.371,8976.003,8997.89
2016-07-21,8991.327,9065.686,8964.617,9007.554
2016-07-22,9002.09,9022.063,8925.939,8931.966
2016-07-25,8911.936,8969.596,8875.783,8925.341
2016-07-26,8922.755,9035.884,8922.755,9035.557
2016-07-27,9037.498,9046.085,8488.955,8602.92
2016-07-28,8580.087,8636.488,8431.117,8571.565
2016-07-29,8565.253,8584.638,8457.974,8501.09
2016-08-01,8462.907,8462.907,8263.363,8363.61
2016-08-02,8353.423,8446.362,8353.14,8445.78
2016-08-03,8431.517,8491.26,8412.775,8482.198
2016-08-04,8474.262,8564.839,8447.359,8553.006
2016-08-05,8545.857,8571.18,8498.59,8505.364
2016-08-08,8480.793,8607.45,8426.644,8607.398
2016-08-09,8601.835,8699.693,8596.79,8699.388
2016-08-10,8694.383,8725.446,8668.057,8671.778
2016-08-11,8647.115,8667.246,8531.692,8531.692
2016-08-12,8515.517,8615.2,8507.655,8615.053
2016-08-15,8628.632,8821.692,8590.065,8807.832
2016-08-16,8813.205,8903.486,8812.601,8877.066
2016-08-17,8867.455,8933.034,8846.315,8911.748
2016-08-18,8899.185,8942.571,8880.262,8908.325
2016-08-19,8895.299,8945.168,8864.065,8923.363
2016-08-22,8921.913,8939.701,8809.22,8810.843
2016-08-23,8796.503,8847.646,8756.922,8820.21
2016-08-24,8824.719,8892.079,8815.466,8850.511
2016-08-25,8799.762,8799.762,8681.194,8784.584
2016-08-26,8799.491,8883.768,8794.914,8814.464
2016-08-29,8808.734,8860.044,8798.062,8836.993
2016-08-30,8842.416,8886.009,8822.252,8838.464
2016-08-31,8833.208,8844.473,8772.953,8838.38
2016-09-01,8831.6,8851.749,8770.751,8770.751
2016-09-02,8750.936,8790.001,8675.922,8724.942
2016-09-05,8743.744,8804.771,8739.653,8761.962
2016-09-06,8761.415,8907.171,8689.646,8906.868
2016-09-07,8908.506,8959.991,8886.785,8897.797
2016-09-08,8888.015,8939.419,8880.395,8938.431
2016-09-09,8934.275,8958.512,8872.314,8872.314
2016-09-12,8705.746,8737.994,8585.866,8587.399
2016-09-13,8635.576,8664.909,8595.499,8656.68
2016-09-14,8612.696,8664.103,8579.35,8618.149
2016-09-19,8630.646,8716.981,8630.646,8716.486
2016-09-20,8721.385,8724.887,8685.97,8712.283
2016-09-21,8705.253,8756.131,8704.933,8731.999
2016-09-22,8779.889,8801.574,8760.154,8770.095
2016-09-23,8773.903,8781.246,8728.06,8729.611
2016-09-26,8711.884,8712.226,8544.176,8544.176
2016-09-27,8521.013,8604.552,8477.802,8604.099
2016-09-28,8604.237,8613.137,8575.031,8592.126
2016-09-29,8597.291,8651.21,8597.253,8618.606
2016-09-30,8607.973,8669.153,8606.382,8661.019
2016-10-10,8699.706,8843.031,8687.747,8842.818
2016-10-11,8845.229,8903.881,8834.115,8903.459
2016-10-12,8879.662,8915.915,8862.006,8915.441
2016-10-13,8914.564,8952.76,8905.261,8929.511
2016-10-14,8913.744,8918.767,8845.37,8913.695
2016-10-17,8922.135,8940.04,8802.797,8832.094
2016-10-18,8822.788,8966.691,8822.788,8966.691
2016-10-19,8976.848,8992.068,8926.892,8954.203
2016-10-20,8957.475,9006.843,8953.289,8995.41
2016-10-21,8987.24,8991.039,8857.102,8943.011
2016-10-24,8940.544,9010.234,8918.21,9000.703
2016-10-25,9003.381,9039.95,9001.105,9039.48
2016-10-26,9041.934,9042.356,8966.461,9000.76
2016-10-27,8989.698,8997.855,8956.635,8997.016
2016-10-28,8988.223,9006.218,8913.059,8914.617
2016-10-31,8893.291,8920.659,8841.148,8910.508
2016-11-01,8914.68,9006.789,8914.584,9006.789
2016-11-02,8990.468,9006.792,8939.548,8946.744
2016-11-03,8922.04,9055.507,8914.684,9004.855
2016-11-04,9000.486,9040.354,8960.582,8979.926
2016-11-07,8981.427,9002.585,8946.764,8975.566
2016-11-08,8996.906,9042.724,8988.385,9030.731
2016-11-09,9027.948,9038.977,8853.889,8967.596
2016-11-10,9028.672,9084.762,9028.672,9083.844
2016-11-11,9080.436,9121.608,9064.246,9121.509
2016-11-14,9105.928,9162.297,9093.459,9152.165
2016-11-15,9152.189,9198.236,9123.276,9197.861
2016-11-16,9208.491,9236.678,9202.184,9211.949
2016-11-17,9197.922,9198.086,9131.905,9174.439
2016-11-18,9176.332,9191.47,9132.732,9146.214
2016-11-21,9138.056,9181.956,9135.205,9167.492
2016-11-22,9176.55,9244.547,9174.56,9244.212
2016-11-23,9250.04,9257.173,9161.521,9180.011
2016-11-24,9166.577,9185.555,9096.002,9116.566
2016-11-25,9109.167,9134.815,8957.16,9134.815
2016-11-28,9148.965,9163.652,9121.585,9133.91
2016-11-29,9120.59,9132.159,9031.29,9031.29
2016-11-30,9013.148,9053.169,8983.7,9014.913
2016-12-01,9021.967,9056.24,9021.967,9055.986
2016-12-02,9056.013,9060.632,8900.414,8900.414
2016-12-05,8818.612,8908.109,8793.089,8851.516
2016-12-06,8865.34,8896.551,8853.912,8871.729
2016-12-07,8870.3,8969.342,8855.409,8969.136
2016-12-08,8973.097,8974.179,8908.307,8914.512
2016-12-09,8903.744,8920.306,8864.069,8881.343
2016-12-12,8875.591,8879.447,8391.028,8397.484
2016-12-13,8371.367,8458.321,8299.279,8433.587
2016-12-14,8416.98,8464.953,8339.603,8378.056
2016-12-15,8347.605,8516.854,8340.854,8467.708
2016-12-16,8470.536,8565.787,8466.352,8559.991
2016-12-19,8554.962,8556.437,8521.119,8551.326
2016-12-20,8543.87,8561.337,8509.591,8546.191
2016-12-21,8558.281,8609.669,8558.281,8609.405
2016-12-22,8602.354,8618.37,8560.967,8607.945
2016-12-23,8602.669,8609.792,8502.048,8509.361
2016-12-26,8472.449,8547.251,8380.688,8547.097
2016-12-27,8541.001,8575.379,8534.149,8555.99
2016-12-28,8551.225,8568.128,8507.894,8521.375
2016-12-29,8505.459,8551.189,8484.44,8488.297
2016-12-30,8487.151,8516.607,8466.742,8490.861
2017-01-03,8503.661,8565.337,8503.661,8565.136
2017-01-04,8567.228,8670.158,8554.127,8669.949
2017-01-05,8665.228,8694.444,8657.744,8670.761
2017-01-06,8661.692,8666.663,8603.912,8609.899
2017-01-09,8595.911,8654.132,8578.987,8653.847
2017-01-10,8646.081,8666.902,8604.117,8609.553
2017-01-11,8592.749,8619.644,8514.634,8519.845
2017-01-12,8509.531,8536.593,8433.776,8443.261
2017-01-13,8433.995,8444.985,8277.788,8286.241
2017-01-16,8263.199,8263.981,7715.433,7931.955
2017-01-17,7900.927,8031.988,7808.205,8028.651
2017-01-18,8009.506,8036.381,7972.29,7989.141
2017-01-19,7966.472,8000.824,7927.712,7955.392
2017-01-20,7945.188,8102.387,7944.393,8087.772
2017-01-23,8100.035,8185.729,8100.035,8169.109
2017-01-24,8160.782,8163.779,8115.128,8123.586
2017-01-25,8107.668,8160.438,8099.989,8150.596
2017-01-26,8157.016,8206.014,8157.016,8205.871
2017-02-03,8212.41,8217.695,8157.673,8182.279
2017-02-06,8181.905,8280.008,8175.462,8280.008
2017-02-07,8271.763,8295.985,8233.799,8282.375
2017-02-08,8267.794,8342.523,8226.58,8342.434
2017-02-09,8338.0,8411.144,8330.799,8410.261
2017-02-10,8404.508,8414.183,8374.534,8380.786
2017-02-13,8373.755,8433.321,8363.252,8432.957
2017-02-14,8427.698,8433.136,8399.056,8423.836
2017-02-15,8415.574,8434.522,8331.356,8344.074
2017-02-16,8333.812,8401.708,8329.709,8397.562
2017-02-17,8390.12,8401.073,8307.234,8324.417
2017-02-20,8318.277,8397.434,8312.561,8397.244
2017-02-21,8399.043,8479.609,8393.538,8479.608
2017-02-22,8477.746,8510.418,8457.629,8510.305
2017-02-23,8507.959,8515.45,8460.443,8512.705
2017-02-24,8500.699,8544.318,8487.501,8543.449
2017-02-27,8534.723,8546.62,8470.749,8476.906
2017-02-28,8470.438,8508.348,8460.483,8508.086
2017-03-01,8497.891,8548.821,8491.737,8526.472
2017-03-02,8529.584,8539.107,8467.39,8471.44
2017-03-03,8450.969,8509.88,8425.385,8505.452
2017-03-06,8513.206,8608.398,8513.206,8608.154
2017-03-07,8614.855,8625.518,8574.287,8624.465
2017-03-08,8622.114,8624.435,8563.965,8589.87
2017-03-09,8578.886,8579.245,8513.648,8535.556
2017-03-10,8526.536,8561.522,8519.672,8537.78
2017-03-13,8529.172,8598.518,8477.702,8598.518
2017-03-14,8604.766,8618.29,8563.614,8581.713
2017-03-15,8563.467,8582.896,8540.102,8574.03
2017-03-16,8582.959,8664.981,8582.959,8664.981
2017-03-17,8671.519,8704.846,8601.572,8603.865
2017-03-20,8594.714,8635.075,8569.826,8634.844
2017-03-21,8629.063,8640.1,8607.662,8639.566
2017-03-22,8604.606,8625.406,8547.047,8592.508
2017-03-23,8592.337,8624.072,8500.521,8590.96
2017-03-24,8583.952,8606.611,8552.684,8602.29
2017-03-27,8603.23,8611.398,8570.863,8586.91
2017-03-28,8579.053,8591.839,8546.123,8558.072
2017-03-29,8555.989,8565.865,8484.737,8488.217
2017-03-30,8471.241,8473.341,8303.001,8315.045
2017-03-31,8314.08,8351.421,8291.685,8339.146
2017-04-05,8369.393,8522.01,8369.393,8522.01
2017-04-06,8531.197,8557.52,8514.089,8543.663
2017-04-07,8539.144,8567.796,8523.297,8544.747
2017-04-10,8522.915,8523.395,8439.307,8449.157
2017-04-11,8432.468,8514.436,8373.84,8514.436
2017-04-12,8505.7,8505.922,8439.443,8444.394
2017-04-13,8429.731,8490.862,8423.305,8470.313
2017-04-14,8460.636,8463.065,8338.872,8345.652
2017-04-17,8309.78,8309.78,8183.073,8220.657
2017-04-18,8216.209,8247.047,8133.047,8136.409
2017-04-19,8101.797,8101.797,7939.294,8033.503
2017-04-20,8021.062,8059.115,7925.303,7987.651
2017-04-21,7984.471,8014.827,7938.322,7945.39
2017-04-24,7921.417,7921.417,7698.101,7698.285
2017-04-25,7699.984,7779.674,7691.325,7723.999
2017-04-26,7721.66,7763.072,7718.759,7751.944
2017-04-27,7737.068,7810.114,7593.025,7799.122
2017-04-28,7777.75,7842.111,7768.05,7842.082
2017-05-02,7831.445,7851.406,7811.841,7845.468
2017-05-03,7832.017,7860.303,7796.819,7830.638
2017-05-04,7804.779,7877.324,7763.844,7804.58
2017-05-05,7780.141,7787.572,7700.207,7700.265
2017-05-08,7679.164,7691.484,7555.057,7555.283
2017-05-09,7522.216,7603.358,7475.409,7602.962
2017-05-10,7597.769,7637.638,7451.362,7451.776
2017-05-11,7400.419,7408.105,7199.412,7387.153
2017-05-12,7368.073,7395.357,7306.375,7371.302
2017-05-15,7386.204,7425.322,7386.204,7391.605
2017-05-16,7377.762,7549.915,7324.138,7549.765
2017-05-17,7545.213,7609.533,7538.669,7570.439
2017-05-18,7509.406,7581.827,7490.777,7519.192
2017-05-19,7517.131,7540.915,7472.284,7510.106
2017-05-22,7500.507,7521.626,7354.072,7372.79
2017-05-23,7352.251,7359.779,7132.311,7138.238
2017-05-24,7099.27,7172.658,6996.64,7172.143
2017-05-25,7160.163,7241.233,7078.547,7232.631
2017-05-26,7224.81,7265.152,7221.077,7233.338
2017-05-31,7303.582,7327.319,7211.07,7212.696
2017-06-01,7191.687,7191.69,7015.874,7016.304
2017-06-02,6989.44,7105.028,6927.917,7094.427
2017-06-05,7102.498,7172.437,7099.619,7160.527
2017-06-06,7147.174,7198.304,7136.464,7197.618
2017-06-07,7194.69,7347.597,7192.865,7347.597
2017-06-08,7349.927,7374.861,7327.072,7342.482
2017-06-09,7331.505,7353.407,7288.321,7348.521
2017-06-12,7314.668,7322.473,7241.07,7246.713
2017-06-13,7234.277,7358.426,7232.686,7352.976
2017-06-14,7346.523,7382.58,7340.695,7362.856
2017-06-15,7350.006,7468.211,7348.419,7455.388
2017-06-16,7453.603,7463.048,7433.422,7442.953
2017-06-19,7435.255,7489.823,7435.239,7489.76
2017-06-20,7496.889,7542.134,7495.724,7503.801
2017-06-21,7510.011,7521.214,7456.565,7504.192
2017-06-22,7495.919,7506.406,7371.962,7371.962
2017-06-23,7355.757,7383.925,7262.407,7376.665
2017-06-26,7370.618,7462.248,7363.385,7462.096
2017-06-27,7461.397,7493.818,7442.852,7474.033
2017-06-28,7457.361,7457.712,7411.383,7423.468
2017-06-29,7424.969,7480.737,7424.969,7456.672
2017-06-30,7435.7,7473.271,7416.448,7465.762
2017-07-03,7468.151,7537.335,7460.445,7537.106
2017-07-04,7533.988,7540.937,7506.52,7523.695
2017-07-05,7520.865,7588.122,7510.535,7588.087
2017-07-06,7583.149,7613.256,7543.338,7601.785
2017-07-07,7585.332,7623.5,7576.813,7623.38
2017-07-10,7613.314,7626.853,7567.096,7577.818
2017-07-11,7566.406,7575.471,7484.058,7484.058
2017-07-12,7471.56,7494.954,7367.258,7474.333
2017-07-13,7463.278,7494.732,7452.13,7474.3
2017-07-14,7460.529,7465.541,7415.584,7433.18
2017-07-17,7405.913,7405.913,7048.535,7048.535
2017-07-18,7013.311,7109.942,6988.521,7109.6
2017-07-19,7097.54,7202.952,7081.515,7202.805
2017-07-20,7199.678,7273.982,7192.066,7244.9
2017-07-21,7232.807,7268.241,7227.959,7252.707
2017-07-24,7235.01,7295.284,7228.836,7292.649
2017-07-25,7281.391,7297.108,7237.524,7278.843
2017-07-26,7275.878,7290.141,7238.267,7289.877
2017-07-27,7274.15,7388.295,7252.462,7383.115
2017-07-28,7366.553,7400.367,7361.362,7386.208
2017-07-31,7382.964,7445.245,7371.037,7444.957
2017-08-01,7444.751,7456.409,7416.975,7452.933
2017-08-02,7445.285,7453.205,7385.347,7389.51
2017-08-03,7374.473,7451.612,7368.535,7424.107
2017-08-04,7417.314,7447.358,7389.146,7389.146
2017-08-07,7379.028,7445.678,7379.028,7445.18
2017-08-08,7446.233,7482.253,7423.206,7470.693
2017-08-09,7469.285,7495.797,7455.692,7495.388
2017-08-10,7478.928,7499.867,7381.211,7441.237
2017-08-11,7389.741,7425.295,7318.48,7328.402
2017-08-14,7331.637,7475.196,7331.637,7474.644
2017-08-15,7477.269,7507.763,7462.437,7507.291
2017-08-16,7502.57,7553.503,7475.203,7544.387
2017-08-17,7547.781,7615.75,7545.627,7614.212
2017-08-18,7564.978,7595.272,7547.668,7576.055
2017-08-21,7583.079,7631.946,7583.047,7631.75
2017-08-22,7622.991,7622.991,7567.695,7585.112
2017-08-23,7572.078,7581.198,7516.687,7534.461
2017-08-24,7531.842,7540.766,7470.354,7486.058
2017-08-25,7483.846,7566.028,7483.846,7559.306
2017-08-28,7563.544,7656.791,7563.544,7642.646
2017-08-29,7639.009,7653.175,7607.187,7623.255
2017-08-30,7618.379,7663.329,7618.379,7654.372
2017-08-31,7654.336,7680.314,7639.782,7679.871
2017-09-01,7687.84,7740.295,7674.196,7739.905
2017-09-04,7739.874,7798.509,7730.114,7798.179
2017-09-05,7790.695,7803.903,7751.472,7800.537
2017-09-06,7776.987,7858.355,7766.036,7858.285
2017-09-07,7859.396,7886.92,7819.324,7823.399
2017-09-08,7816.215,7861.038,7789.328,7838.796
2017-09-11,7835.818,7920.857,7832.679,7920.69
2017-09-12,7926.466,7965.69,7883.657,7899.424
2017-09-13,7888.838,7928.954,7872.764,7928.751
2017-09-14,7930.825,7951.839,7885.684,7916.666
2017-09-15,7902.197,7904.36,7846.919,7880.566
2017-09-18,7870.641,7941.942,7870.641,7941.683
2017-09-19,7941.066,7948.3,7880.957,7905.705
2017-09-20,7896.819,7975.607,7883.284,7975.39
2017-09-21,7974.712,7981.776,7886.515,7886.515
2017-09-22,7860.863,7873.254,7807.826,7849.727
2017-09-25,7835.197,7843.283,7725.569,7731.798
2017-09-26,7723.112,7751.056,7697.107,7746.239
2017-09-27,7745.591,7812.877,7742.474,7810.234
2017-09-28,7800.127,7818.988,7766.856,7768.375
2017-09-29,7779.883,7842.955,7779.883,7842.586
2017-10-09,7921.732,7945.04,7894.3,7941.18
2017-10-10,7934.367,7994.744,7925.55,7994.459
2017-10-11,7991.217,7997.985,7953.954,7961.11
2017-10-12,7951.666,7962.307,7886.243,7940.138
2017-10-13,7934.432,7972.674,7926.763,7972.419
2017-10-16,7963.523,7964.257,7817.241,7819.586
2017-10-17,7799.775,7836.397,7772.892,7805.068
2017-10-18,7806.882,7829.985,7729.048,7730.272
2017-10-19,7718.803,7734.901,7637.611,7656.056
2017-10-20,7650.079,7751.428,7647.056,7751.428
2017-10-23,7753.685,7793.811,7746.887,7793.537
2017-10-24,7786.299,7786.299,7702.55,7752.924
2017-10-25,7745.323,7799.874,7740.493,7799.749
2017-10-26,7791.741,7836.702,7783.906,7830.106
2017-10-27,7821.56,7831.022,7762.635,7770.713
2017-10-30,7753.676,7755.655,7531.285,7574.655
2017-10-31,7563.648,7631.918,7560.895,7631.533
2017-11-01,7630.424,7659.373,7622.942,7635.435
2017-11-02,7622.835,7622.835,7540.89,7542.355
2017-11-03,7534.443,7549.831,7436.43,7476.981
2017-11-06,7476.195,7551.889,7453.202,7551.353
2017-11-07,7548.384,7596.425,7530.042,7596.168
2017-11-08,7585.911,7653.424,7578.689,7617.525
2017-11-09,7610.889,7657.251,7609.241,7656.668
2017-11-10,7649.47,7677.7,7634.646,7669.971
2017-11-13,7673.517,7682.064,7649.429,7681.635
2017-11-14,7676.701,7683.233,7596.799,7627.494
2017-11-15,7609.72,7618.397,7530.812,7556.421
2017-11-16,7543.012,7575.51,7523.89,7535.589
2017-11-17,7528.802,7529.214,7262.89,7272.656
2017-11-20,7234.331,7292.506,7089.627,7292.456
2017-11-21,7283.613,7332.981,7246.203,7289.307
2017-11-22,7290.644,7330.648,7244.988,7297.391
2017-11-23,7283.748,7283.748,7124.026,7129.055
2017-11-24,7102.263,7165.405,7093.733,7139.553
2017-11-27,7130.1,7148.311,7057.33,7065.84
2017-11-28,7057.53,7177.1,7057.355,7176.92
2017-11-29,7176.156,7194.784,7110.485,7193.12
2017-11-30,7176.151,7199.271,7133.81,7153.573
2017-12-01,7144.482,7221.002,7144.067,7215.776
2017-12-04,7209.777,7215.284,7135.398,7139.749
2017-12-05,7124.98,7139.703,6909.402,6946.557
2017-12-06,6925.46,7016.872,6879.241,7016.764
2017-12-07,7002.461,7052.215,6992.922,7012.707
2017-12-08,7004.123,7091.611,7002.644,7078.001
2017-12-11,7089.95,7160.835,7089.917,7160.425
2017-12-12,7157.731,7157.731,7095.227,7095.595
2017-12-13,7080.616,7140.197,7078.256,7139.719
2017-12-14,7131.271,7149.223,7103.924,7146.449
2017-12-15,7137.041,7146.709,7092.257,7122.748
2017-12-18,7113.779,7120.851,7049.304,7075.865
2017-12-19,7070.219,7116.091,7069.882,7115.851
2017-12-20,7106.66,7112.589,7029.7,7041.5
2017-12-21,7029.023,7064.667,6963.135,7051.339
2017-12-22,7043.389,7063.814,7027.202,7037.397
2017-12-25,7031.033,7034.197,6927.319,6940.511
2017-12-26,6935.04,6970.984,6893.616,6970.746
2017-12-27,6963.064,6985.489,6935.877,6942.539
2017-12-28,6929.544,6979.075,6925.067,6956.483
2017-12-29,6957.015,7018.065,6956.588,7017.351
2018-01-02,7027.635,7092.221,7022.232,7092.095
2018-01-03,7090.866,7163.857,7083.107,7159.876
2018-01-04,7149.679,7175.348,7141.696,7174.865
2018-01-05,7172.001,7194.979,7163.042,7176.868
2018-01-08,7172.044,7188.545,7132.94,7188.291
2018-01-09,7179.927,7183.284,7156.197,7176.742
2018-01-10,7172.725,7175.078,7089.656,7138.781
2018-01-11,7121.461,7180.332,7093.728,7175.398
2018-01-12,7166.746,7174.841,7125.231,7127.828
2018-01-15,7103.612,7103.701,6912.708,6929.307
2018-01-16,6916.157,6960.726,6915.991,6960.677
2018-01-17,6938.721,6948.323,6846.557,6942.863
2018-01-18,6928.095,6963.624,6926.586,6955.232
2018-01-19,6953.336,6981.813,6928.649,6938.312
2018-01-22,6928.798,7014.826,6902.63,7014.548
2018-01-23,7008.971,7028.567,6996.644,7019.975
2018-01-24,7008.469,7072.871,6972.691,7072.406
2018-01-25,7065.296,7110.151,7057.636,7062.635
2018-01-26,7043.271,7070.601,7037.998,7056.013
2018-01-29,7052.308,7060.124,6956.198,6972.479
2018-01-30,6955.677,6977.097,6944.799,6955.243
2018-01-31,6913.355,6913.355,6773.987,6791.009
2018-02-01,6775.359,6792.99,6505.761,6506.453
2018-02-02,6454.445,6493.224,6322.576,6487.867
2018-02-05,6403.078,6485.754,6379.834,6461.813
2018-02-06,6353.205,6383.182,6142.403,6142.668
2018-02-07,6236.456,6270.569,6042.627,6158.257
2018-02-08,6141.783,6243.737,6138.166,6238.221
2018-02-09,6100.348,6142.313,5983.766,6053.02
2018-02-12,6074.461,6216.516,6074.461,6203.752
2018-02-13,6229.376,6268.775,6211.628,6216.51
2018-02-14,6216.381,6230.732,6182.893,6230.663
2018-02-22,6269.367,6347.149,6269.367,6347.083
2018-02-23,6346.822,6367.056,6316.543,6365.916
2018-02-26,6396.507,6509.624,6382.154,6507.128
2018-02-27,6506.4,6540.75,6491.533,6529.38
2018-02-28,6488.25,6581.082,6461.367,6563.808
2018-03-01,6530.223,6658.935,6517.588,6658.578
2018-03-02,6621.526,6672.962,6612.458,6632.371
2018-03-05,6648.26,6674.414,6626.421,6674.277
2018-03-06,6679.275,6735.961,6679.051,6735.859
2018-03-07,6726.802,6740.083,6682.643,6688.545
2018-03-08,6679.036,6725.418,6678.676,6725.183
2018-03-09,6725.43,6839.719,6722.68,6837.126
2018-03-12,6865.445,6947.646,6865.445,6947.46
2018-03-13,6937.125,6963.849,6906.654,6911.666
2018-03-14,6886.019,6908.112,6831.752,6834.835
2018-03-15,6809.854,6838.893,6743.396,6824.052
2018-03-16,6821.228,6861.683,6805.926,6805.926
2018-03-19,6796.348,6856.089,6773.547,6820.502
2018-03-20,6768.712,6826.78,6749.813,6822.255
2018-03-21,6826.222,6875.519,6766.935,6771.055
2018-03-22,6767.265,6804.244,6729.164,6764.69
2018-03-23,6565.975,6625.104,6336.247,6402.893
2018-03-26,6313.896,6515.332,6257.964,6515.251
2018-03-27,6570.418,6692.967,6570.418,6680.844
2018-03-28,6602.634,6683.998,6586.97,6635.873
2018-03-29,6648.889,6686.735,6635.818,6684.275
2018-03-30,6699.46,6799.018,6699.46,6798.668
2018-04-02,6818.124,6875.638,6806.194,6835.875
2018-04-03,6745.213,6775.999,6712.495,6769.558
2018-04-04,6783.344,6804.038,6704.104,6708.922
2018-04-09,6680.397,6747.695,6627.684,6718.649
2018-04-10,6721.91,6731.55,6649.889,6720.774
2018-04-11,6736.218,6778.18,6731.35,6759.812
2018-04-12,6748.473,6772.428,6718.507,6727.645
2018-04-13,6753.346,6771.118,6710.709,6721.663
2018-04-16,6704.339,6750.177,6657.946,6717.931
2018-04-17,6727.422,6739.171,6559.039,6564.692
2018-04-18,6597.33,6668.385,6483.092,6661.291
2018-04-19,6649.049,6717.529,6642.06,6677.09
2018-04-20,6649.994,6670.492,6528.923,6535.963
2018-04-23,6532.721,6557.762,6394.422,6466.519
2018-04-24,6459.482,6606.584,6459.482,6606.584
2018-04-25,6571.657,6641.537,6563.663,6632.019
2018-04-26,6621.455,6623.945,6509.51,6510.534
2018-04-27,6528.733,6549.291,6462.701,6517.054
2018-05-02,6516.604,6551.252,6442.776,6486.814
2018-05-03,6471.169,6546.032,6393.123,6545.274
2018-05-04,6524.016,6565.72,6511.535,6531.293
2018-05-07,6538.134,6646.678,6538.134,6646.584
2018-05-08,6647.341,6678.46,6637.652,6678.145
2018-05-09,6666.774,6685.692,6642.197,6674.909
2018-05-10,6682.12,6703.668,6651.67,6703.211
2018-05-11,6705.306,6707.816,6635.547,6636.767
2018-05-14,6625.029,6639.841,6573.46,6591.73
2018-05-15,6592.648,6661.42,6568.725,6661.129
2018-05-16,6638.671,6670.646,6616.745,6622.641
2018-05-17,6616.443,6631.073,6576.528,6591.255
2018-05-18,6583.868,6621.153,6555.422,6620.775
2018-05-21,6654.05,6705.831,6653.985,6697.144
2018-05-22,6691.804,6724.737,6675.975,6724.398
2018-05-23,6702.495,6707.826,6652.292,6652.292
2018-05-24,6649.015,6666.727,6625.541,6628.502
2018-05-25,6622.511,6630.017,6536.346,6541.45
2018-05-28,6526.843,6543.059,6463.572,6490.405
2018-05-29,6481.82,6522.835,6436.306,6436.773
2018-05-30,6345.94,6351.511,6222.1,6232.416
2018-05-31,6274.764,6315.842,6231.162,6315.172
2018-06-01,6285.046,6324.893,6209.109,6243.732
2018-06-04,6252.26,6265.576,6192.905,6215.609
2018-06-05,6210.978,6316.48,6210.978,6316.419
2018-06-06,6308.785,6331.746,6295.903,6320.474
2018-06-07,6334.402,6340.681,6268.768,6274.884
2018-06-08,6261.683,6261.683,6159.986,6205.956
2018-06-11,6187.618,6197.943,6133.474,6151.938
2018-06-12,6152.023,6199.32,6086.6,6199.154
2018-06-13,6180.975,6180.975,6091.402,6092.345
2018-06-14,6069.256,6125.313,6040.094,6060.129
2018-06-15,6054.89,6069.753,5900.133,5928.073
2018-06-19,5821.044,5829.578,5463.369,5522.529
2018-06-20,5485.055,5612.483,5458.532,5588.27
2018-06-21,5578.239,5623.963,5454.829,5456.911
2018-06-22,5413.379,5545.151,5384.054,5541.374
2018-06-25,5579.436,5592.616,5508.64,5512.433
2018-06-26,5434.389,5563.359,5411.498,5558.714
2018-06-27,5557.591,5583.63,5489.919,5508.915
2018-06-28,5494.953,5547.572,5439.871,5443.849
2018-06-29,5441.957,5608.536,5435.494,5608.536
2018-07-02,5601.736,5625.504,5495.095,5538.092
2018-07-03,5531.581,5602.063,5450.213,5601.591
2018-07-04,5574.179,5580.171,5478.657,5500.665
2018-07-05,5484.072,5507.806,5352.66,5352.66
2018-07-06,5345.881,5442.077,5251.502,5374.58
2018-07-09,5378.81,5487.796,5378.81,5487.549
2018-07-10,5487.344,5525.028,5474.141,5524.802
2018-07-11,5441.239,5442.013,5317.7,5396.312
2018-07-12,5385.812,5552.717,5385.812,5541.36
2018-07-13,5539.136,5570.524,5533.651,5561.685
2018-07-16,5552.216,5573.88,5533.128,5566.96
2018-07-17,5557.913,5575.791,5507.151,5575.474
2018-07-18,5573.019,5612.902,5544.519,5544.519
2018-07-19,5533.119,5559.665,5460.468,5480.767
2018-07-20,5469.792,5552.164,5438.073,5541.212
2018-07-23,5509.235,5582.41,5493.77,5582.307
2018-07-24,5578.716,5674.308,5572.984,5672.222
2018-07-25,5669.993,5702.279,5662.852,5685.586
2018-07-26,5681.07,5695.233,5649.388,5663.178
2018-07-27,5655.311,5669.01,5617.906,5630.227
2018-07-30,5618.901,5634.446,5523.849,5549.037
2018-07-31,5536.709,5562.553,5513.992,5542.543
2018-08-01,5553.759,5578.327,5456.205,5456.205
2018-08-02,5431.127,5431.127,5207.478,5325.801
2018-08-03,5313.046,5335.6,5255.631,5255.631
2018-08-06,5234.666,5264.858,5113.336,5144.642
2018-08-07,5149.37,5279.856,5108.261,5279.642
2018-08-08,5263.167,5278.248,5187.611,5191.786
2018-08-09,5166.383,5329.842,5155.062,5307.967
2018-08-10,5299.492,5344.721,5296.501,5342.047
2018-08-13,5278.163,5369.602,5256.579,5369.176
2018-08-14,5357.724,5376.262,5334.926,5351.019
2018-08-15,5347.694,5350.61,5236.996,5242.087
2018-08-16,5175.422,5244.663,5127.138,5178.237
2018-08-17,5210.234,5233.497,5073.398,5084.207
2018-08-20,5071.138,5103.634,4994.321,5103.634
2018-08-21,5097.2,5171.56,5085.903,5162.026
2018-08-22,5151.441,5156.251,5098.61,5102.359
2018-08-23,5095.364,5151.307,5087.506,5133.329
2018-08-24,5122.678,5147.563,5100.142,5116.139
2018-08-27,5121.187,5229.361,5121.187,5229.361
2018-08-28,5229.618,5244.153,5212.388,5233.503
2018-08-29,5229.071,5229.106,5190.137,5203.712
2018-08-30,5193.69,5206.954,5112.179,5114.266
2018-08-31,5096.551,5107.685,5047.621,5057.985
2018-09-03,5049.73,5055.284,4973.744,5054.105
2018-09-04,5047.811,5123.258,5042.823,5113.147
2018-09-05,5100.337,5115.717,5032.502,5032.502
2018-09-06,5016.834,5071.105,4991.777,5012.509
2018-09-07,5018.232,5084.398,4989.039,5022.284
2018-09-10,5016.785,5019.469,4921.786,4923.644
2018-09-11,4917.066,4950.635,4884.902,4925.301
2018-09-12,4922.35,4956.459,4902.413,4919.806
2018-09-13,4955.789,4978.356,4888.124,4958.165
2018-09-14,4958.699,4965.665,4907.093,4907.934
2018-09-17,4885.228,4885.228,4812.934,4831.563
2018-09-18,4815.756,4917.385,4813.598,4917.35
2018-09-19,4904.238,5001.856,4895.846,4970.012
2018-09-20,4961.657,4984.753,4944.654,4951.585
2018-09-21,4957.269,5015.244,4931.352,5011.691
2018-09-25,4980.3,5014.024,4965.988,4995.695
2018-09-26,4996.353,5042.514,4987.912,5017.058
2018-09-27,5012.454,5018.398,4945.636,4945.691
2018-09-28,4947.723,4987.273,4935.418,4987.273
2018-10-08,4906.101,4916.874,4813.087,4817.434
2018-10-09,4826.315,4860.915,4790.665,4818.733
2018-10-10,4823.35,4842.979,4775.67,4812.427
2018-10-11,4662.957,4671.99,4428.603,4456.608
2018-10-12,4415.287,4446.948,4251.671,4427.68
2018-10-15,4435.084,4468.222,4352.271,4358.869
2018-10-16,4358.059,4391.394,4237.508,4261.173
2018-10-17,4311.05,4334.627,4192.825,4292.197
2018-10-18,4260.014,4260.014,4143.168,4149.444
2018-10-19,4080.124,4243.97,4066.267,4241.234
2018-10-22,4279.756,4491.311,4279.756,4452.737
2018-10-23,4448.911,4469.572,4352.658,4379.056
2018-10-24,4358.871,4424.907,4340.66,4377.551
2018-10-25,4245.297,4353.777,4223.321,4345.327
2018-10-26,4374.458,4412.232,4342.208,4359.474
2018-10-29,4341.906,4345.023,4275.724,4296.699
2018-10-30,4284.359,4358.468,4226.592,4336.65
2018-10-31,4342.113,4424.505,4337.533,4400.613
2018-11-01,4428.859,4493.599,4425.154,4428.736
2018-11-02,4490.634,4564.177,4483.978,4564.177
2018-11-05,4557.918,4620.713,4529.444,4598.201
2018-11-06,4585.575,4603.784,4543.712,4603.109
2018-11-07,4604.873,4650.363,4589.318,4592.836
2018-11-08,4617.912,4628.265,4568.668,4572.378
2018-11-09,4553.212,4596.761,4542.577,4561.213
2018-11-12,4560.86,4697.346,4556.299,4697.346
2018-11-13,4648.562,4816.84,4639.585,4790.448
2018-11-14,4784.859,4848.058,4776.787,4791.226
2018-11-15,4790.335,4871.089,4788.21,4871.089
2018-11-16,4880.867,4946.792,4867.076,4923.986
2018-11-19,4924.291,4942.492,4877.953,4942.492
2018-11-20,4899.318,4923.639,4808.411,4811.882
2018-11-21,4754.234,4848.733,4746.679,4847.036
2018-11-22,4858.482,4878.096,4831.09,4850.131
2018-11-23,4840.941,4841.401,4624.477,4642.117
2018-11-26,4631.419,4677.963,4610.584,4633.731
2018-11-27,4662.326,4693.829,4636.963,4671.644
2018-11-28,4669.657,4728.576,4607.611,4728.576
2018-11-29,4746.629,4758.252,4617.348,4617.348
2018-11-30,4604.269,4654.527,4549.441,4648.184
2018-12-03,4762.964,4820.206,4742.469,4802.293
2018-12-04,4793.321,4846.17,4782.946,4846.17
2018-12-05,4750.552,4846.75,4734.979,4816.992
2018-12-06,4796.405,4814.713,4724.531,4730.913
2018-12-07,4738.168,4755.334,4711.358,4731.902
2018-12-10,4698.547,4711.322,4660.735,4676.615
2018-12-11,4691.591,4720.469,4685.297,4720.469
2018-12-12,4733.071,4740.991,4706.395,4718.822
2018-12-13,4727.464,4791.005,4698.373,4763.717
2018-12-14,4755.016,4756.215,4638.923,4641.888
2018-12-17,4623.128,4634.025,4569.57,4627.228
2018-12-18,4602.398,4634.753,4553.358,4596.61
2018-12-19,4601.368,4604.938,4525.062,4533.396
2018-12-20,4523.97,4560.336,4509.567,4550.597
2018-12-21,4536.569,4543.869,4484.563,4517.78
2018-12-24,4511.215,4558.349,4501.063,4558.317
2018-12-25,4512.286,4522.881,4403.063,4514.618
2018-12-26,4509.323,4531.113,4487.785,4494.498
2018-12-27,4553.715,4561.919,4424.653,4424.653
2018-12-28,4429.041,4454.965,4396.368,4430.024
2019-01-02,4436.745,4444.436,4399.588,4408.525
2019-01-03,4404.311,4446.03,4375.856,4376.858
2019-01-04,4338.059,4497.909,4326.327,4497.893
2019-01-07,4523.23,4598.634,4515.995,4594.148
2019-01-08,4586.835,4596.798,4567.288,4585.033
2019-01-09,4588.693,4654.774,4578.454,4594.739
2019-01-10,4592.744,4619.825,4571.094,4582.483
2019-01-11,4585.221,4621.614,4575.638,4621.611
2019-01-14,4621.695,4625.559,4580.542,4594.19
2019-01-15,4583.548,4644.166,4569.144,4644.166
2019-01-16,4644.226,4669.63,4632.07,4637.197
2019-01-17,4632.275,4639.786,4590.31,4595.49
2019-01-18,4596.253,4627.66,4576.77,4626.413
2019-01-21,4629.787,4668.478,4624.647,4655.111
2019-01-22,4651.034,4651.096,4589.368,4603.203
2019-01-23,4590.693,4609.684,4580.625,4609.672
2019-01-24,4613.934,4651.018,4591.803,4635.747
2019-01-25,4634.064,4651.321,4606.87,4607.945
2019-01-28,4629.428,4640.62,4565.792,4570.399
2019-01-29,4557.812,4558.047,4419.404,4490.051
2019-01-30,4464.798,4492.658,4422.359,4423.136
2019-01-31,4408.11,4441.416,4328.923,4355.736
2019-02-01,4369.271,4482.985,4369.271,4482.985
2019-02-11,4497.53,4611.83,4497.53,4611.83
2019-02-12,4611.855,4685.13,4604.1,4675.792
2019-02-13,4679.692,4766.179,4672.784,4759.826
2019-02-14,4758.506,4801.093,4741.523,4780.044
2019-02-15,4772.985,4805.797,4763.764,4773.514
2019-02-18,4805.33,4942.876,4805.33,4942.876
2019-02-19,4964.219,4988.26,4897.232,4963.751
2019-02-20,4958.891,4971.127,4906.629,4967.039
2019-02-21,4957.63,5046.622,4930.973,4947.658
2019-02-22,4935.437,5059.509,4932.203,5059.509
2019-02-25,5129.467,5324.515,5120.467,5324.247
2019-02-26,5335.384,5438.879,5273.901,5323.757
2019-02-27,5312.564,5391.868,5245.409,5310.275
2019-02-28,5306.203,5370.209,5291.976,5330.339
2019-03-01,5344.422,5364.366,5286.0,5364.366
2019-03-04,5418.714,5562.196,5418.269,5482.299
2019-03-05,5470.704,5654.306,5451.29,5654.306
2019-03-06,5694.904,5776.976,5625.337,5776.973
2019-03-07,5775.3,5928.609,5750.051,5877.297
2019-03-08,5736.932,5913.033,5633.288,5633.319
2019-03-11,5682.572,5876.342,5645.185,5876.342
2019-03-12,5922.573,6046.623,5897.166,6006.178
2019-03-13,6014.509,6039.975,5822.569,5866.633
2019-03-14,5810.023,5860.931,5622.339,5688.95
2019-03-15,5723.646,5816.315,5704.266,5777.109
2019-03-18,5801.317,5916.344,5743.599,5916.344
2019-03-19,5916.169,5968.338,5895.181,5941.909
2019-03-20,5935.271,5948.855,5811.201,5926.17
2019-03-21,5929.752,6034.478,5914.673,5990.639
2019-03-22,5981.696,6022.067,5889.681,6014.546
2019-03-25,5914.849,6039.662,5890.4,5961.435
2019-03-26,5982.361,6006.943,5774.739,5788.36
2019-03-27,5822.686,5842.072,5696.127,5826.527
2019-03-28,5797.866,5872.205,5744.232,5747.863
2019-03-29,5748.918,5911.217,5699.694,5911.212
2019-04-01,5961.794,6137.733,5961.794,6137.733
2019-04-02,6181.081,6234.752,6135.799,6174.942
2019-04-03,6142.368,6237.158,6114.6,6237.016
2019-04-04,6262.689,6283.293,6198.034,6260.07
2019-04-08,6303.435,6322.479,6130.755,6230.214
2019-04-09,6212.731,6261.148,6164.966,6245.432
2019-04-10,6203.396,6289.933,6159.233,6235.707
2019-04-11,6232.89,6249.497,6106.665,6106.95
2019-04-12,6097.072,6130.376,6047.833,6101.205
2019-04-15,6178.503,6215.377,6049.241,6052.053
2019-04-16,6019.125,6179.801,5978.727,6179.801
2019-04-17,6181.763,6267.587,6175.581,6234.111
2019-04-18,6229.695,6255.791,6188.12,6202.845
2019-04-19,6198.613,6255.257,6147.157,6255.252
2019-04-22,6270.368,6274.459,6171.313,6192.144
2019-04-23,6175.125,6175.819,6061.749,6078.267
2019-04-24,6081.959,6153.391,6017.86,6153.391
2019-04-25,6130.01,6140.298,5899.647,5899.907
2019-04-26,5861.789,5926.044,5830.354,5834.377
2019-04-29,5831.238,5849.638,5613.827,5622.484
2019-04-30,5595.808,5718.315,5595.808,5682.236
2019-05-06,5480.129,5496.836,5212.991,5246.83
2019-05-07,5273.223,5353.607,5214.897,5312.496
2019-05-08,5198.836,5376.9,5166.403,5292.746
2019-05-09,5243.716,5308.02,5229.825,5237.825
2019-05-10,5292.451,5445.545,5192.698,5445.526
2019-05-13,5385.762,5440.908,5366.777,5405.615
2019-05-14,5333.847,5422.623,5328.008,5368.229
2019-05-15,5412.935,5491.396,5403.479,5486.387
2019-05-16,5488.266,5539.351,5478.065,5527.275
2019-05-17,5527.379,5530.905,5306.466,5330.986
2019-05-20,5326.193,5330.183,5200.676,5313.149
2019-05-21,5305.438,5425.313,5287.307,5418.045
2019-05-22,5418.242,5451.115,5351.704,5395.43
2019-05-23,5380.413,5380.413,5251.34,5267.827
2019-05-24,5230.899,5279.652,5186.872,5200.774
2019-05-27,5204.421,5360.0,5179.19,5354.634
2019-05-28,5353.851,5414.645,5332.931,5354.525
2019-05-29,5336.837,5411.079,5329.909,5376.513
2019-05-30,5357.488,5357.488,5270.892,5341.98
2019-05-31,5336.692,5384.477,5319.212,5334.248
2019-06-03,5341.268,5354.694,5235.519,5255.074
2019-06-04,5244.731,5249.53,5131.01,5160.977
2019-06-05,5206.155,5222.866,5148.289,5158.465
2019-06-06,5149.381,5149.381,5011.756,5030.801
2019-06-10,5043.332,5112.428,5021.998,5098.938
2019-06-11,5103.85,5289.791,5096.021,5289.624
2019-06-12,5276.704,5315.965,5251.051,5264.886
2019-06-13,5256.905,5306.977,5237.959,5294.113
2019-06-14,5297.742,5307.083,5170.976,5173.069
2019-06-17,5168.35,5192.126,5140.266,5160.673
2019-06-18,5160.112,5183.02,5125.096,5160.878
2019-06-19,5268.936,5292.279,5231.966,5234.275
2019-06-20,5228.491,5329.97,5199.87,5317.31
2019-06-21,5350.291,5423.19,5350.291,5406.04
2019-06-24,5412.552,5427.668,5374.521,5403.798
2019-06-25,5397.06,5397.06,5289.841,5351.69
2019-06-26,5323.697,5384.055,5303.237,5351.391
2019-06-27,5361.978,5415.36,5360.486,5397.571
2019-06-28,5389.979,5389.979,5289.435,5321.433
2019-07-01,5418.213,5481.409,5392.445,5481.409
2019-07-02,5482.443,5501.118,5462.729,5483.515
2019-07-03,5465.945,5465.945,5408.579,5428.514
2019-07-04,5435.484,5450.289,5381.047,5404.384
2019-07-05,5404.707,5433.693,5379.888,5424.25
2019-07-08,5410.203,5410.203,5221.953,5244.266
2019-07-09,5239.857,5270.46,5203.855,5260.344
2019-07-10,5267.273,5271.241,5196.818,5214.644
2019-07-11,5236.656,5271.613,5180.956,5206.399
2019-07-12,5209.296,5229.842,5173.052,5219.189
2019-07-15,5203.577,5289.011,5140.804,5273.815
2019-07-16,5264.647,5289.011,5254.623,5285.229
2019-07-17,5282.562,5312.707,5269.244,5289.424
2019-07-18,5265.367,5265.367,5194.602,5194.602
2019-07-19,5205.728,5263.34,5205.702,5220.027
2019-07-22,5222.063,5222.343,5067.098,5073.333
2019-07-23,5072.769,5131.097,5072.769,5131.097
2019-07-24,5141.944,5219.15,5141.9,5194.829
2019-07-25,5193.655,5220.125,5181.277,5211.086
2019-07-26,5201.559,5222.328,5188.242,5216.602
2019-07-29,5217.93,5235.01,5197.021,5218.983
2019-07-30,5217.066,5269.314,5216.814,5239.718
2019-07-31,5229.142,5229.142,5193.18,5200.095
2019-08-01,5172.082,5201.481,5151.394,5173.229
2019-08-02,5073.999,5101.135,5047.394,5091.063
2019-08-05,5076.112,5124.383,5032.642,5032.642
2019-08-06,4940.87,4940.87,4781.876,4899.816
2019-08-07,4928.136,4941.958,4884.991,4885.44
2019-08-08,4901.816,4936.829,4901.71,4923.327
2019-08-09,4948.516,4963.004,4861.125,4869.792
2019-08-12,4873.887,4952.217,4859.622,4952.217
2019-08-13,4917.893,4935.941,4903.823,4928.465
2019-08-14,4980.386,4997.439,4953.979,4961.751
2019-08-15,4848.869,4985.538,4829.413,4985.421
2019-08-16,4981.563,5044.205,4979.929,5013.582
2019-08-19,5054.484,5173.177,5054.484,5173.177
2019-08-20,5183.008,5220.68,5168.938,5185.265
2019-08-21,5177.875,5203.646,5168.809,5186.622
2019-08-22,5200.058,5208.552,5165.615,5208.552
2019-08-23,5210.419,5224.571,5179.468,5197.548
2019-08-26,5096.104,5186.403,5087.701,5168.68
2019-08-27,5196.143,5283.058,5196.143,5266.658
2019-08-28,5261.621,5274.678,5236.018,5256.177
2019-08-29,5262.959,5286.113,5249.749,5260.95
2019-08-30,5280.514,5289.042,5160.447,5182.956
2019-09-02,5187.399,5318.401,5187.396,5317.533
2019-09-03,5324.686,5357.06,5310.273,5357.06
2019-09-04,5345.94,5394.706,5336.571,5394.706
2019-09-05,5423.96,5504.941,5418.919,5445.574
2019-09-06,5461.333,5479.115,5425.374,5468.459
2019-09-09,5516.534,5602.242,5495.157,5602.242
2019-09-10,5608.736,5625.921,5573.993,5614.576
2019-09-11,5630.2,5634.441,5564.939,5566.408
2019-09-12,5580.602,5601.475,5546.255,5592.922
2019-09-16,5613.571,5650.672,5600.804,5627.235
2019-09-17,5614.155,5614.155,5471.432,5492.222
2019-09-18,5501.84,5515.224,5467.911,5485.879
2019-09-19,5497.239,5550.407,5468.754,5550.407
2019-09-20,5560.038,5576.787,5533.278,5556.478
2019-09-23,5538.726,5538.726,5462.271,5501.215
2019-09-24,5504.499,5568.216,5495.46,5528.893
2019-09-25,5502.158,5502.158,5421.625,5421.625
2019-09-26,5428.613,5436.95,5244.077,5244.077
2019-09-27,5241.513,5313.084,5241.513,5291.436
2019-09-30,5297.021,5315.339,5232.387,5232.387
2019-10-08,5242.02,5280.585,5226.263,5237.182
2019-10-09,5220.201,5285.149,5191.064,5285.149
2019-10-10,5291.552,5367.099,5281.863,5366.925
2019-10-11,5371.396,5392.784,5327.792,5370.654
2019-10-14,5411.653,5463.537,5402.63,5455.606
2019-10-15,5429.944,5429.944,5367.141,5375.529
2019-10-16,5377.752,5397.068,5350.149,5353.015
2019-10-17,5354.405,5371.674,5331.733,5347.267
2019-10-18,5350.643,5374.603,5267.933,5280.532
2019-10-21,5273.644,5273.644,5200.933,5247.298
2019-10-22,5252.186,5312.463,5249.962,5312.458
2019-10-23,5311.765,5314.363,5257.77,5269.723
2019-10-24,5262.925,5274.323,5220.548,5259.455
2019-10-25,5254.372,5307.749,5227.887,5300.094
2019-10-28,5343.5,5425.754,5343.443,5425.754
2019-10-29,5434.314,5434.314,5366.754,5366.754
2019-10-30,5349.077,5351.864,5301.638,5313.417
2019-10-31,5310.657,5329.205,5252.165,5253.881
2019-11-01,5234.752,5308.934,5227.111,5303.991
2019-11-04,5316.598,5365.594,5316.598,5337.083
2019-11-05,5341.172,5362.445,5306.046,5352.061
2019-11-06,5348.452,5356.311,5286.44,5304.838
2019-11-07,5300.673,5347.662,5294.201,5340.171
2019-11-08,5361.272,5375.058,5318.765,5321.778
2019-11-11,5289.634,5289.634,5175.616,5183.571
2019-11-12,5183.482,5196.715,5123.298,5196.715
2019-11-13,5188.884,5200.245,5160.326,5181.492
2019-11-14,5180.311,5229.092,5177.114,5216.644
2019-11-15,5208.365,5220.057,5152.564,5152.564
2019-11-18,5147.033,5192.855,5139.962,5189.352
2019-11-19,5192.683,5286.149,5187.766,5286.149
2019-11-20,5281.848,5303.926,5251.079,5259.47
2019-11-21,5238.599,5274.227,5228.257,5250.665
2019-11-22,5255.426,5296.328,5157.547,5181.109
2019-11-25,5179.146,5185.452,5107.508,5151.368
2019-11-26,5154.924,5170.487,5131.545,5147.728
2019-11-27,5138.06,5170.603,5121.324,5145.967
2019-11-28,5142.376,5165.653,5120.554,5131.128
2019-11-29,5130.281,5137.288,5082.768,5126.615
2019-12-02,5131.892,5156.872,5124.554,5137.784
2019-12-03,5119.748,5171.356,5097.08,5171.356
2019-12-04,5148.408,5188.36,5140.388,5179.694
2019-12-05,5190.083,5246.027,5187.908,5238.13
2019-12-06,5241.091,5275.51,5226.257,5275.51
2019-12-09,5286.203,5302.289,5269.184,5294.282
2019-12-10,5286.041,5326.361,5272.202,5326.361
2019-12-11,5323.862,5333.32,5291.249,5304.882
2019-12-12,5302.721,5334.262,5292.467,5304.423
2019-12-13,5334.578,5379.291,5327.115,5375.977
2019-12-16,5391.471,5476.988,5387.546,5476.988
2019-12-17,5479.896,5555.251,5475.428,5545.618
2019-12-18,5546.277,5575.649,5529.824,5543.787
2019-12-19,5544.664,5579.817,5534.509,5568.113
2019-12-20,5571.632,5580.339,5501.158,5501.158
2019-12-23,5478.567,5485.784,5375.025,5377.087
2019-12-24,5388.209,5471.735,5386.968,5471.735
2019-12-25,5467.752,5517.196,5461.382,5504.417
2019-12-26,5503.295,5543.699,5497.905,5543.664
2019-12-27,5548.347,5576.259,5494.97,5498.925
2019-12-30,5478.004,5529.996,5413.869,5529.996
2019-12-31,5524.431,5567.86,5520.012,5567.033
2020-01-02,5603.933,5682.643,5586.14,5676.558
2020-01-03,5685.085,5717.505,5667.742,5706.044
2020-01-06,5686.161,5803.862,5670.343,5764.733
2020-01-07,5772.665,5852.361,5772.665,5852.361
2020-01-08,5827.38,5858.872,5759.334,5772.474
2020-01-09,5815.74,5864.182,5815.74,5864.182
2020-01-10,5879.214,5885.331,5824.652,5851.893
2020-01-13,5844.964,5926.722,5822.423,5926.722
2020-01-14,5939.903,5948.043,5911.693,5914.113
2020-01-15,5903.764,5920.085,5859.113,5913.518
2020-01-16,5917.232,5934.173,5892.73,5902.132
2020-01-17,5913.792,5927.537,5869.174,5879.412
2020-01-20,5880.133,5954.891,5862.144,5954.867
2020-01-21,5951.999,5951.999,5901.001,5901.859
2020-01-22,5867.218,5942.108,5784.68,5919.587
2020-01-23,5852.203,5897.9,5643.841,5699.008
2020-02-03,5180.587,5227.071,5179.257,5200.162
2020-02-04,4923.187,5234.252,4923.187,5212.1
2020-02-05,5242.329,5414.764,5242.329,5348.341
2020-02-06,5353.189,5538.936,5326.211,5515.641
2020-02-07,5535.129,5588.766,5472.865,5583.596
2020-02-10,5586.948,5662.422,5567.05,5661.562
2020-02-11,5656.522,5666.727,5590.889,5623.259
2020-02-12,5605.931,5754.258,5602.304,5754.258
2020-02-13,5758.915,5782.566,5690.005,5707.533
2020-02-14,5696.104,5783.638,5677.785,5727.829
2020-02-17,5766.546,5936.483,5766.546,5936.483
2020-02-18,5948.649,6072.193,5940.621,6072.193
2020-02-19,6058.694,6113.868,6018.051,6018.051
2020-02-20,6032.398,6135.351,5979.054,6134.388
2020-02-21,6141.792,6278.482,6136.084,6243.478
2020-02-24,6254.321,6399.296,6236.087,6380.415
2020-02-25,6233.525,6420.346,6096.146,6407.143
2020-02-26,6315.331,6388.063,6200.255,6221.835
2020-02-27,6254.394,6321.116,6135.954,6232.089
2020-02-28,5999.214,6091.694,5870.909,5870.966
2020-03-02,5946.833,6143.728,5931.04,6113.411
2020-03-03,6225.963,6322.275,6132.71,6195.892
2020-03-04,6146.766,6231.64,6101.052,6226.533
2020-03-05,6312.433,6327.536,6248.977,6315.835
2020-03-06,6236.256,6344.077,6225.705,6296.739
2020-03-09,6198.197,6239.254,6049.621,6049.621
2020-03-10,5965.364,6206.408,5902.387,6206.408
2020-03-11,6219.928,6268.939,6122.909,6122.909
2020-03-12,6026.059,6071.624,5938.926,5999.64
2020-03-13,5681.588,5999.769,5681.588,5945.465
2020-03-16,5999.544,6007.26,5638.388,5657.775
2020-03-17,5707.416,5756.201,5436.6,5642.919
2020-03-18,5702.173,5804.301,5556.108,5556.108
2020-03-19,5552.509,5641.038,5453.039,5617.195
2020-03-20,5676.967,5688.947,5574.617,5670.471
2020-03-23,5514.926,5575.531,5398.951,5416.571
2020-03-24,5522.178,5535.933,5344.418,5517.255
2020-03-25,5632.408,5652.434,5589.956,5646.625
2020-03-26,5606.635,5666.126,5582.93,5595.433
2020-03-27,5659.59,5665.623,5550.535,5553.612
2020-03-30,5472.148,5472.148,5362.797,5415.411
2020-03-31,5465.372,5479.021,5414.306,5427.132
2020-04-01,5413.546,5491.469,5391.545,5403.303
2020-04-02,5376.659,5538.604,5367.565,5538.604
2020-04-03,5525.775,5558.379,5482.056,5507.119
2020-04-07,5605.271,5697.76,5599.816,5695.169
2020-04-08,5673.343,5739.301,5661.954,5718.128
2020-04-09,5750.887,5802.651,5740.031,5789.265
2020-04-10,5787.544,5787.544,5619.704,5637.532
2020-04-13,5590.319,5613.412,5542.572,5578.856
2020-04-14,5605.906,5692.001,5599.908,5692.001
2020-04-15,5689.735,5720.423,5655.222,5657.948
2020-04-16,5626.845,5711.716,5617.054,5700.96
2020-04-17,5735.901,5764.792,5702.013,5710.053
2020-04-20,5722.734,5803.402,5714.317,5803.402
2020-04-21,5780.858,5780.858,5711.166,5773.008
2020-04-22,5721.526,5826.583,5710.812,5826.56
2020-04-23,5841.403,5846.381,5789.102,5789.482
2020-04-24,5782.288,5784.115,5654.217,5675.51
2020-04-27,5675.565,5699.774,5617.519,5645.657
2020-04-28,5641.292,5644.351,5395.573,5561.198
2020-04-29,5532.997,5600.764,5524.869,5547.628
2020-04-30,5572.573,5695.212,5572.573,5678.166
2020-05-06,5636.867,5802.465,5632.033,5802.419
2020-05-07,5809.537,5837.329,5787.608,5795.872
2020-05-08,5825.737,5885.996,5822.81,5862.767
2020-05-11,5892.566,5902.16,5813.671,5851.804
2020-05-12,5847.701,5869.586,5780.094,5869.507
2020-05-13,5849.46,5923.261,5835.329,5917.027
2020-05-14,5889.138,5915.605,5861.775,5863.236
2020-05-15,5886.778,5924.766,5859.901,5889.977
2020-05-18,5905.924,5916.708,5841.717,5860.043
2020-05-19,5896.155,5936.664,5886.902,5936.599
2020-05-20,5928.47,5928.47,5844.58,5865.841
2020-05-21,5878.725,5883.781,5780.106,5791.64
2020-05-22,5782.625,5782.66,5643.396,5683.996
2020-05-25,5674.302,5691.141,5640.279,5671.972
2020-05-26,5690.399,5808.549,5690.399,5808.549
2020-05-27,5813.985,5817.061,5758.181,5772.084
2020-05-28,5769.787,5790.181,5675.495,5758.927
2020-05-29,5744.234,5834.621,5732.379,5816.4
2020-06-01,5855.331,5996.415,5855.331,5993.785
2020-06-02,6012.566,6021.265,5978.772,6002.836
2020-06-03,6010.409,6043.104,5987.572,5994.638
2020-06-04,6004.459,6016.117,5973.2,6006.765
2020-06-05,6009.884,6028.999,5970.15,6015.327
2020-06-08,6039.246,6049.856,5993.171,6001.432
2020-06-09,6005.836,6042.361,5979.231,6042.335
2020-06-10,6033.488,6049.688,6007.985,6049.322
2020-06-11,6050.121,6107.337,5999.513,6027.409
2020-06-12,5901.07,6058.774,5888.228,6031.171
2020-06-15,6031.093,6106.451,6028.936,6028.956
2020-06-16,6076.605,6151.686,6064.257,6151.686
2020-06-17,6160.202,6178.141,6124.218,6178.141
2020-06-18,6168.051,6168.235,6121.065,6149.289
2020-06-19,6147.884,6198.052,6140.519,6187.108
2020-06-22,6204.499,6246.046,6204.499,6228.016
2020-06-23,6229.646,6245.152,6196.687,6238.897
2020-06-24,6242.559,6258.825,6210.968,6227.569
2020-06-29,6214.883,6233.269,6190.413,6211.381
2020-06-30,6239.61,6330.088,6236.639,6319.556
2020-07-01,6341.542,6357.103,6267.136,6339.369
2020-07-02,6341.952,6416.955,6316.959,6413.952
2020-07-03,6424.094,6479.247,6397.51,6478.354
2020-07-06,6516.922,6732.617,6516.922,6725.996
2020-07-07,6784.821,6917.537,6711.315,6817.865
2020-07-08,6817.831,6973.997,6769.208,6973.997
2020-07-09,6976.718,7187.759,6972.004,7182.177
2020-07-10,7161.619,7238.378,7105.759,7150.424
2020-07-13,7179.972,7403.086,7179.972,7403.086
2020-07-14,7412.272,7447.509,7201.49,7344.988
2020-07-15,7355.563,7368.003,7096.576,7131.464
2020-07-16,7130.042,7165.765,6748.503,6758.14
2020-07-17,6759.104,6885.854,6690.454,6772.532
2020-07-20,6851.317,7003.667,6789.313,7003.667
2020-07-21,7026.976,7067.32,6977.471,7058.791
2020-07-22,7050.4,7181.193,7020.549,7125.569
2020-07-23,7068.401,7130.453,6921.186,7119.671
2020-07-24,7098.514,7133.696,6766.51,6784.635
2020-07-27,6807.983,6839.827,6717.325,6786.529
2020-07-28,6835.564,6886.444,6796.824,6857.943
2020-07-29,6843.836,7060.535,6816.311,7060.535
2020-07-30,7082.72,7107.483,7029.019,7048.981
2020-07-31,7030.305,7143.594,6997.632,7141.592
2020-08-03,7204.173,7373.359,7193.069,7373.341
2020-08-04,7398.985,7406.258,7296.12,7326.189
2020-08-05,7340.553,7442.388,7284.675,7427.189
2020-08-06,7425.547,7457.159,7309.361,7432.766
2020-08-07,7407.684,7417.094,7209.944,7339.811
2020-08-10,7319.543,7414.097,7288.749,7358.862
2020-08-11,7358.727,7377.822,7203.789,7213.445
2020-08-12,7176.887,7196.281,6932.295,7092.355
2020-08-13,7112.336,7158.95,7076.776,7113.93
2020-08-14,7103.071,7183.958,7058.54,7183.958
2020-08-17,7206.379,7339.693,7194.124,7339.693
2020-08-18,7348.419,7422.137,7339.891,7410.241
2020-08-19,7397.883,7397.883,7248.888,7256.131
2020-08-20,7196.355,7257.008,7126.037,7151.261
2020-08-21,7182.303,7244.164,7137.053,7194.274
2020-08-24,7212.531,7267.092,7119.939,7253.64
2020-08-25,7258.01,7283.283,7188.171,7213.682
2020-08-26,7209.511,7211.296,7010.081,7037.978
2020-08-27,7041.521,7125.877,6998.028,7113.804
2020-08-28,7102.272,7208.415,7083.134,7204.782
2020-08-31,7238.659,7308.596,7221.554,7224.046
2020-09-01,7216.646,7258.887,7169.402,7258.887
2020-09-02,7270.948,7301.273,7197.212,7272.624
2020-09-03,7263.604,7265.9,7165.77,7189.861
2020-09-04,7064.281,7189.127,7045.551,7182.105
2020-09-07,7189.969,7240.046,7027.921,7057.194
2020-09-08,7070.68,7108.645,6981.573,7103.086
2020-09-09,7023.295,7034.488,6871.772,6877.602
2020-09-10,6921.458,6938.076,6615.563,6633.89
2020-09-11,6592.9,6746.175,6591.307,6742.059
2020-09-14,6781.696,6871.05,6762.241,6848.359
2020-09-15,6861.026,6883.023,6818.224,6881.586
2020-09-16,6871.072,6871.072,6777.432,6812.912
2020-09-17,6800.353,6876.015,6746.218,6825.152
2020-09-18,6822.972,6933.658,6811.905,6929.767
2020-09-21,6951.752,6975.133,6912.036,6927.19
2020-09-22,6862.339,6912.098,6793.681,6815.777
2020-09-23,6839.472,6881.481,6805.134,6862.966
2020-09-24,6814.009,6814.009,6675.058,6675.152
2020-09-25,6703.622,6717.242,6604.675,6634.389
2020-09-28,6649.182,6660.182,6550.002,6550.369
2020-09-29,6585.182,6651.738,6562.82,6621.032
2020-09-30,6641.385,6665.881,6584.885,6617.159
2020-10-09,6737.529,6828.977,6727.393,6822.365
2020-10-12,6881.626,7036.275,6875.7,7036.275
2020-10-13,7023.436,7059.243,6989.672,7053.871
2020-10-14,7036.87,7036.87,6975.187,6988.609
2020-10-15,6991.736,6992.295,6924.186,6926.846
2020-10-16,6924.811,6942.628,6846.165,6906.388
2020-10-19,6943.799,6947.95,6843.0,6858.356
2020-10-20,6846.362,6923.384,6804.84,6923.384
2020-10-21,6926.533,6926.691,6793.493,6815.093
2020-10-22,6788.003,6800.045,6714.148,6771.807
2020-10-23,6774.767,6811.33,6627.696,6641.329
2020-10-26,6620.188,6674.575,6545.788,6648.521
2020-10-27,6630.719,6689.032,6620.093,6682.538
2020-10-28,6680.44,6700.47,6589.769,6685.429
2020-10-29,6592.892,6698.724,6573.698,6674.742
2020-10-30,6685.593,6694.524,6502.121,6511.158
2020-11-02,6517.422,6537.322,6461.707,6513.788
2020-11-03,6538.283,6647.575,6518.664,6647.575
2020-11-04,6652.582,6658.584,6585.8,6632.682
2020-11-05,6685.204,6756.897,6665.813,6754.95
2020-11-06,6771.183,6771.183,6645.57,6688.662
2020-11-09,6723.429,6873.435,6723.429,6851.983
2020-11-10,6854.7,6854.773,6747.743,6779.491
2020-11-11,6761.349,6771.534,6659.283,6663.731
2020-11-12,6680.197,6702.302,6647.768,6676.422
2020-11-13,6663.222,6700.205,6621.5,6686.391
2020-11-16,6703.182,6747.811,6668.423,6747.811
2020-11-17,6743.869,6743.869,6637.518,6681.723
2020-11-18,6673.595,6723.608,6653.647,6682.125
2020-11-19,6664.831,6725.49,6625.09,6718.458
2020-11-20,6713.648,6770.056,6701.49,6766.061
2020-11-23,6776.243,6833.623,6738.647,6807.718
2020-11-24,6798.832,6827.473,6785.25,6807.997
2020-11-25,6816.231,6817.756,6691.874,6691.874
2020-11-26,6678.136,6693.872,6597.766,6643.185
2020-11-27,6639.599,6644.35,6578.724,6641.773
2020-11-30,6642.155,6674.26,6591.69,6622.359
2020-12-01,6608.62,6717.255,6600.725,6713.23
2020-12-02,6712.889,6741.545,6699.754,6735.712
2020-12-03,6726.26,6736.424,6679.516,6711.843
2020-12-04,6700.688,6755.575,6688.632,6746.63
2020-12-07,6760.104,6770.845,6731.684,6733.002
2020-12-08,6735.229,6753.7,6720.603,6734.372
2020-12-09,6734.122,6736.173,6602.517,6602.517
2020-12-10,6576.063,6647.446,6552.109,6605.192
2020-12-11,6610.555,6617.442,6441.286,6498.239
2020-12-14,6493.649,6578.41,6459.915,6576.816
2020-12-15,6565.497,6603.4,6548.789,6596.503
2020-12-16,6597.312,6598.93,6538.972,6543.362
2020-12-17,6530.656,6599.108,6460.626,6597.86
2020-12-18,6604.025,6625.966,6564.181,6573.404
2020-12-21,6576.713,6692.377,6571.587,6691.588
2020-12-22,6668.213,6684.704,6545.838,6549.969
2020-12-23,6552.275,6615.201,6551.07,6601.243
2020-12-24,6591.789,6596.588,6484.409,6496.326
2020-12-25,6466.35,6570.3,6454.278,6561.275
2020-12-28,6561.768,6566.655,6484.444,6519.471
2020-12-29,6514.909,6548.711,6473.4,6477.262
2020-12-30,6469.891,6549.385,6465.391,6526.879
2020-12-31,6536.861,6646.498,6536.861,6646.474
2021-01-04,6671.927,6809.427,6662.799,6798.764
2021-01-05,6785.52,6827.497,6726.462,6807.447
2021-01-06,6803.687,6816.257,6686.132,6724.95
2021-01-07,6708.715,6709.072,6557.273,6616.552
2021-01-08,6603.505,6638.86,6514.18,6585.359
2021-01-11,6579.642,6584.218,6437.033,6475.955
2021-01-12,6453.014,6566.145,6433.222,6564.735
2021-01-13,6567.603,6567.603,6471.776,6513.64
2021-01-14,6488.747,6557.255,6414.739,6506.827
2021-01-15,6496.906,6539.171,6435.459,6528.461
2021-01-18,6515.577,6655.053,6510.997,6652.096
2021-01-19,6647.946,6677.408,6602.777,6614.071
2021-01-20,6606.731,6671.449,6584.879,6671.449
2021-01-21,6670.179,6770.865,6669.405,6745.109
2021-01-22,6736.005,6737.552,6671.293,6721.917
2021-01-25,6710.801,6728.448,6631.694,6657.272
2021-01-26,6630.36,6645.806,6525.384,6534.097
2021-01-27,6519.45,6552.433,6449.371,6537.754
2021-01-28,6466.569,6545.724,6395.763,6399.127
2021-01-29,6438.614,6459.343,6221.867,6304.118
2021-02-01,6282.031,6347.167,6280.371,6345.814
2021-02-02,6351.66,6419.035,6307.812,6417.461
2021-02-03,6404.072,6404.072,6306.091,6307.39
2021-02-04,6277.97,6295.7,6077.28,6167.747
2021-02-05,6179.487,6214.277,6044.613,6045.297
2021-02-08,6056.911,6122.32,6000.959,6088.819
2021-02-09,6101.678,6264.177,6097.092,6254.011
2021-02-10,6265.414,6316.793,6236.35,6303.306
2021-02-18,6405.023,6441.507,6363.198,6404.595
2021-02-19,6395.577,6527.903,6374.576,6527.647
2021-02-22,6553.912,6659.41,6534.574,6534.574
2021-02-23,6496.751,6545.544,6447.97,6489.962
2021-02-24,6490.379,6542.282,6378.671,6437.837
2021-02-25,6480.921,6492.419,6390.409,6399.347
2021-02-26,6287.49,6381.321,6276.712,6325.405
2021-03-01,6362.936,6495.192,6362.936,6495.157
2021-03-02,6518.325,6518.994,6423.954,6466.632
2021-03-03,6456.71,6553.947,6446.839,6553.596
2021-03-04,6519.04,6534.604,6417.89,6434.894
2021-03-05,6369.233,6484.296,6366.472,6456.279
2021-03-08,6496.215,6529.866,6327.649,6327.649
2021-03-09,6314.355,6321.025,6035.911,6126.283
2021-03-10,6192.147,6208.774,6069.906,6078.244
2021-03-11,6086.093,6219.664,6055.397,6219.664
2021-03-12,6231.691,6234.345,6155.701,6220.478
2021-03-15,6204.82,6238.202,6130.396,6177.738
2021-03-16,6182.52,6233.463,6145.517,6233.463
2021-03-17,6225.523,6283.603,6184.061,6277.581
2021-03-18,6276.796,6322.455,6268.856,6298.886
2021-03-19,6230.074,6307.224,6208.758,6250.815
2021-03-22,6256.524,6359.667,6253.622,6359.6
2021-03-23,6364.818,6372.664,6259.802,6289.001
2021-03-24,6249.232,6286.855,6183.201,6196.267
2021-03-25,6172.396,6233.693,6130.249,6190.712
2021-03-26,6198.532,6309.587,6198.532,6301.341
2021-03-29,6323.941,6364.541,6309.771,6326.609
2021-03-30,6313.484,6316.824,6268.249,6301.585
2021-03-31,6289.604,6298.788,6252.401,6293.392
2021-04-01,6302.561,6341.243,6286.058,6335.791
2021-04-02,6354.707,6383.463,6337.983,6361.252
2021-04-06,6376.722,6425.39,6374.725,6421.487
2021-04-07,6419.992,6422.769,6372.252,6422.762
2021-04-08,6411.03,6435.357,6387.913,6404.128
2021-04-09,6399.147,6410.534,6378.273,6399.522
2021-04-12,6398.512,6402.333,6251.49,6263.399
2021-04-13,6252.711,6282.966,6216.186,6231.139
2021-04-14,6227.254,6320.573,6225.555,6320.067
2021-04-15,6304.738,6304.79,6258.951,6296.608
2021-04-16,6295.531,6379.968,6295.531,6368.846
2021-04-19,6368.865,6477.407,6357.495,6477.388
2021-04-20,6460.521,6506.88,6450.39,6457.629
2021-04-21,6425.337,6470.937,6408.042,6457.715
2021-04-22,6470.464,6496.444,6463.14,6485.211
2021-04-23,6478.932,6478.932,6425.663,6453.303
2021-04-26,6467.876,6527.327,6427.758,6431.089
2021-04-27,6423.788,6429.857,6338.127,6400.905
2021-04-28,6395.024,6437.265,6366.015,6437.247
2021-04-29,6419.045,6441.848,6394.373,6405.103
2021-04-30,6389.171,6397.265,6348.795,6382.136
2021-05-06,6385.319,6420.416,6347.985,6398.437
2021-05-07,6403.98,6409.346,6320.075,6320.253
2021-05-10,6330.155,6351.419,6300.861,6338.574
2021-05-11,6303.577,6354.236,6239.263,6343.863
2021-05-12,6321.977,6420.338,6311.909,6420.337
2021-05-13,6365.004,6432.628,6354.227,6375.015
2021-05-14,6395.509,6462.498,6374.869,6462.476
2021-05-17,6456.916,6496.376,6438.869,6457.277
2021-05-18,6451.07,6486.915,6431.238,6486.822
2021-05-19,6470.292,6500.12,6455.823,6488.949
2021-05-20,6455.724,6505.518,6445.969,6482.836
2021-05-21,6492.846,6509.369,6468.449,6480.374
2021-05-24,6480.553,6537.86,6471.217,6537.857
2021-05-25,6542.68,6617.432,6532.899,6615.714
2021-05-26,6618.181,6666.212,6609.914,6644.751
2021-05-27,6636.768,6706.379,6630.025,6705.045
2021-05-28,6709.888,6735.55,6669.919,6694.346
2021-05-31,6712.748,6814.364,6712.748,6814.363
2021-06-01,6810.471,6854.747,6782.659,6854.734
2021-06-02,6844.851,6852.642,6742.028,6759.459
2021-06-03,6754.779,6824.984,6729.559,6754.07
2021-06-04,6725.817,6803.777,6718.762,6785.804
2021-06-07,6811.037,6861.852,6807.932,6861.85
2021-06-08,6865.757,6886.941,6779.927,6809.864
2021-06-09,6807.481,6834.037,6783.005,6823.407
2021-06-10,6817.585,6903.878,6808.664,6898.206
2021-06-11,6907.831,6907.949,6852.973,6852.973
2021-06-15,6854.805,6866.181,6796.879,6815.119
2021-06-16,6808.634,6810.198,6668.04,6673.245
2021-06-17,6669.665,6790.712,6669.665,6787.668
2021-06-18,6783.995,6869.259,6765.957,6863.716
2021-06-21,6844.344,6970.639,6833.358,6968.296
2021-06-22,6987.513,7010.617,6947.869,7000.252
2021-06-23,6997.406,7060.401,6978.768,7046.175
2021-06-24,7045.05,7045.05,6969.546,6974.642
2021-06-25,6975.488,7016.079,6947.122,7000.43
2021-06-28,7007.426,7081.047,7005.93,7063.471
2021-06-29,7068.402,7082.07,6999.745,7004.304
2021-06-30,7011.176,7083.989,7004.754,7083.7
2021-07-01,7094.19,7099.132,6969.532,6969.532
2021-07-02,6947.446,6960.481,6891.474,6908.932
2021-07-05,6930.265,7006.724,6930.265,7006.7
2021-07-06,7013.989,7045.193,6885.095,6979.062
2021-07-07,6932.941,7093.046,6913.505,7089.665
2021-07-08,7102.667,7138.757,7082.389,7099.411
2021-07-09,7064.992,7165.877,7000.592,7142.899
2021-07-12,7184.088,7301.099,7171.045,7284.235
2021-07-13,7285.959,7331.726,7263.16,7331.726
2021-07-14,7301.611,7338.307,7240.977,7243.816
2021-07-15,7218.343,7250.028,7103.967,7241.623
2021-07-16,7230.846,7311.448,7214.037,7228.363
2021-07-19,7213.629,7259.027,7174.112,7205.268
2021-07-20,7145.544,7253.37,7137.888,7253.276
2021-07-21,7285.41,7416.474,7285.41,7398.808
2021-07-22,7405.649,7447.028,7349.129,7446.481
2021-07-23,7442.623,7473.138,7348.315,7379.791
2021-07-26,7368.133,7395.274,7140.73,7286.148
2021-07-27,7298.333,7373.095,7093.863,7093.87
2021-07-28,7019.048,7058.514,6750.585,6945.509
2021-07-29,7057.877,7226.5,7057.877,7207.483
2021-07-30,7209.038,7279.062,7155.224,7262.383
2021-08-02,7264.373,7402.397,7248.892,7402.354
2021-08-03,7375.224,7419.345,7284.178,7308.955
2021-08-04,7295.571,7478.207,7295.451,7478.207
2021-08-05,7454.28,7494.331,7402.385,7447.939
2021-08-06,7462.856,7490.98,7419.728,7482.174
2021-08-09,7459.349,7509.328,7386.314,7507.082
2021-08-10,7489.156,7566.731,7467.056,7549.552
2021-08-11,7538.821,7611.645,7498.579,7605.918
2021-08-12,7595.264,7677.743,7588.736,7657.527
2021-08-13,7635.492,7724.437,7605.857,7641.917
2021-08-16,7628.158,7633.658,7546.538,7568.137
2021-08-17,7559.297,7578.431,7338.025,7360.033
2021-08-18,7352.969,7454.027,7338.818,7405.486
2021-08-19,7387.442,7511.19,7330.601,7468.773
2021-08-20,7438.695,7505.555,7354.169,7467.361
2021-08-23,7501.411,7668.887,7501.411,7652.559
2021-08-24,7654.189,7737.597,7614.942,7715.073
2021-08-25,7707.093,7769.705,7664.286,7769.627
2021-08-26,7754.682,7771.854,7662.384,7669.528
2021-08-27,7634.927,7686.336,7584.279,7680.078
2021-08-30,7701.42,7792.517,7687.146,7727.745
2021-08-31,7714.171,7728.422,7636.773,7728.422
2021-09-01,7738.268,7743.179,7495.764,7606.874
2021-09-02,7572.047,7703.724,7568.065,7690.859
2021-09-03,7696.464,7766.465,7561.229,7630.841
2021-09-06,7625.744,7735.552,7552.948,7735.1
2021-09-07,7735.221,7881.869,7718.593,7878.349
2021-09-08,7886.269,7911.018,7854.888,7894.252
2021-09-09,7888.826,7922.412,7835.151,7900.238
2021-09-10,7897.331,7954.482,7832.96,7932.651
2021-09-13,7941.209,7955.983,7874.998,7947.481
2021-09-14,7927.895,8042.516,7895.182,7916.896
2021-09-15,7900.693,7988.37,7862.311,7972.233
2021-09-16,7974.083,7993.222,7749.658,7754.947
2021-09-17,7740.559,7786.186,7575.079,7730.224
2021-09-22,7640.472,7774.505,7633.279,7769.06
2021-09-23,7818.726,7850.241,7792.592,7806.802
2021-09-24,7799.925,7806.815,7685.106,7695.618
2021-09-27,7717.103,7733.209,7399.813,7467.818
2021-09-28,7428.405,7496.328,7409.371,7468.733
2021-09-29,7409.961,7413.798,7199.111,7199.179
2021-09-30,7237.539,7411.283,7237.539,7405.462
2021-10-08,7501.241,7514.244,7382.015,7425.669
2021-10-11,7441.624,7442.35,7346.859,7384.844
2021-10-12,7366.162,7376.726,7125.535,7208.473
2021-10-13,7213.005,7297.298,7147.012,7289.363
2021-10-14,7276.508,7362.463,7256.984,7342.254
2021-10-15,7321.579,7374.335,7288.28,7350.413
2021-10-18,7344.573,7429.626,7322.697,7429.626
2021-10-19,7420.476,7506.093,7408.122,7504.055
2021-10-20,7467.339,7560.848,7456.812,7523.561
2021-10-21,7520.928,7548.819,7481.439,7503.534
2021-10-22,7506.872,7530.577,7436.145,7438.481
2021-10-25,7438.427,7532.373,7417.199,7532.373
2021-10-26,7547.751,7583.126,7492.392,7508.689
2021-10-27,7490.689,7501.54,7408.578,7433.546
2021-10-28,7395.488,7422.098,7253.105,7267.851
2021-10-29,7276.512,7385.413,7234.499,7385.305
2021-11-01,7374.451,7488.479,7357.673,7455.611
2021-11-02,7462.132,7501.965,7301.65,7368.6
2021-11-03,7362.116,7391.054,7312.253,7385.199
2021-11-04,7402.66,7483.692,7402.66,7483.692
2021-11-05,7476.138,7488.119,7388.2,7389.587
2021-11-08,7376.708,7423.006,7351.505,7422.907
2021-11-09,7443.453,7532.252,7435.514,7531.958
2021-11-10,7516.004,7535.243,7425.227,7535.228
2021-11-11,7524.163,7601.199,7515.714,7593.732
2021-11-12,7593.452,7705.053,7593.452,7697.808
2021-11-15,7713.851,7727.02,7653.71,7676.485
2021-11-16,7659.018,7691.645,7579.68,7589.181
2021-11-17,7603.329,7725.092,7603.329,7725.092
2021-11-18,7724.034,7765.743,7686.138,7714.797
2021-11-19,7709.313,7806.028,7705.838,7803.763
2021-11-22,7822.961,7948.021,7822.961,7947.372
2021-11-23,7950.249,7974.509,7933.201,7941.559
2021-11-24,7939.591,7971.445,7917.676,7938.774
2021-11-25,7937.396,7959.841,7919.658,7925.76
2021-11-26,7912.894,7954.787,7906.349,7940.789
2021-11-29,7837.391,7999.935,7828.924,7999.833
2021-11-30,8037.255,8082.897,7991.186,8054.29
2021-12-01,8050.887,8068.38,8000.806,8055.821
2021-12-02,8045.73,8046.245,7964.741,7968.235
2021-12-03,7973.62,8034.687,7952.374,8023.963
2021-12-06,8018.458,8029.827,7899.915,7906.756
2021-12-07,7937.227,7948.17,7713.923,7781.442
2021-12-08,7806.382,7922.552,7803.444,7922.552
2021-12-09,7924.526,7948.031,7903.68,7931.757
2021-12-10,7898.64,7964.352,7886.135,7949.125
2021-12-13,7963.482,8000.111,7936.622,7984.899
2021-12-14,7969.6,7997.177,7952.75,7981.828
2021-12-15,7982.099,8019.296,7942.941,7955.581
2021-12-16,7966.5,8005.975,7959.179,8005.975
2021-12-17,7997.469,7997.469,7894.103,7894.103
2021-12-20,7873.669,7920.648,7747.36,7751.951
2021-12-21,7749.824,7849.033,7749.824,7849.033
2021-12-22,7868.299,7943.242,7854.357,7930.812
2021-12-23,7932.102,7947.125,7892.886,7932.662
2021-12-24,7940.378,7940.435,7771.418,7776.606
2021-12-27,7768.383,7833.581,7739.291,7776.431
2021-12-28,7794.026,7863.53,7783.098,7863.53
2021-12-29,7858.943,7886.714,7838.28,7855.429
2021-12-30,7863.175,7949.955,7861.54,7924.528
2021-12-31,7946.945,8016.404,7946.945,8010.324
2022-01-04,8045.096,8060.99,7948.914,7983.068
2022-01-05,7968.739,7968.918,7733.507,7781.678
2022-01-06,7743.862,7863.549,7721.778,7844.517
2022-01-07,7841.134,7867.49,7681.125,7682.697
2022-01-10,7669.045,7756.97,7624.934,7734.187
2022-01-11,7734.536,7768.744,7632.072,7646.693
2022-01-12,7691.845,7779.524,7682.552,7779.524
2022-01-13,7781.311,7781.311,7644.787,7644.787
2022-01-14,7611.291,7714.497,7590.194,7675.371
2022-01-17,7687.71,7815.656,7683.376,7808.086
2022-01-18,7808.99,7827.186,7743.719,7758.605
2022-01-19,7728.158,7745.811,7617.057,7665.185
2022-01-20,7664.12,7672.762,7488.859,7492.61
2022-01-21,7474.755,7493.021,7384.404,7388.744
2022-01-24,7346.386,7462.527,7332.998,7425.402
2022-01-25,7398.763,7440.545,7133.066,7133.066
2022-01-26,7158.567,7226.639,7071.471,7171.029
2022-01-27,7178.544,7191.484,6959.465,6960.11
2022-01-28,6996.768,7071.319,6861.474,6973.01
2022-02-07,7080.612,7102.42,7037.157,7061.62
2022-02-08,7058.247,7080.618,6928.902,7080.618
2022-02-09,7083.426,7212.751,7056.617,7211.43
2022-02-10,7208.568,7222.187,7126.069,7175.617
2022-02-11,7140.93,7151.235,7024.793,7033.851
2022-02-14,6991.633,7096.553,6961.301,7006.075
2022-02-15,7020.133,7125.096,6990.401,7124.849
2022-02-16,7164.229,7201.082,7132.081,7183.106
2022-02-17,7169.72,7265.03,7146.592,7220.607
2022-02-18,7174.587,7252.06,7164.268,7251.792
2022-02-21,7264.445,7334.91,7259.755,7334.591
2022-02-22,7310.657,7310.657,7212.273,7279.236
2022-02-23,7290.703,7450.4,7289.744,7450.4
2022-02-24,7414.466,7481.144,7174.784,7285.117
2022-02-25,7346.854,7435.401,7344.776,7361.957
2022-02-28,7370.432,7419.831,7291.076,7419.831
2022-03-01,7433.746,7454.902,7379.818,7429.443
2022-03-02,7400.947,7421.64,7341.833,7414.309
2022-03-03,7440.94,7446.47,7334.276,7342.614
2022-03-04,7299.996,7360.258,7219.641,7241.563
2022-03-07,7230.811,7230.811,7050.351,7085.732
2022-03-08,7089.512,7118.506,6824.033,6871.22
2022-03-09,6889.508,6925.551,6511.908,6796.039
2022-03-10,6946.576,7017.277,6914.891,6952.52
2022-03-11,6856.874,7001.602,6778.593,6990.778
2022-03-14,6938.224,6972.905,6800.595,6800.595
2022-03-15,6745.598,6790.244,6473.481,6473.481
2022-03-16,6586.823,6704.18,6330.405,6692.966
2022-03-17,6777.738,6934.493,6768.605,6818.545
2022-03-18,6792.324,6882.657,6773.457,6879.366
2022-03-21,6886.032,6983.521,6867.305,6954.406
2022-03-22,6938.97,6976.394,6893.648,6923.443
2022-03-23,6938.513,6989.722,6910.325,6966.953
2022-03-24,6934.125,6950.744,6847.172,6900.807
2022-03-25,6906.679,6939.872,6819.555,6819.813
2022-03-28,6772.444,6828.397,6692.909,6767.251
2022-03-29,6785.378,6808.878,6700.41,6725.677
2022-03-30,6750.005,6864.749,6734.073,6864.749
2022-03-31,6846.333,6846.333,6760.047,6772.065
2022-04-01,6723.259,6790.765,6688.701,6772.604
2022-04-06,6769.739,6769.739,6711.304,6764.288
2022-04-07,6736.336,6768.451,6623.586,6623.586
2022-04-08,6635.693,6644.764,6496.184,6575.283
2022-04-11,6544.292,6544.292,6297.391,6328.065
2022-04-12,6314.216,6414.501,6259.052,6414.419
2022-04-13,6381.783,6388.702,6286.251,6286.251
2022-04-14,6313.1,6388.556,6294.368,6359.708
2022-04-15,6328.231,6334.482,6229.409,6275.073
2022-04-18,6233.421,6339.106,6164.436,6326.025
2022-04-19,6324.419,6379.426,6304.252,6345.786
2022-04-20,6347.8,6351.636,6208.793,6234.251
2022-04-21,6206.176,6236.55,5966.025,5981.384
2022-04-22,5937.391,5965.413,5851.228,5891.808
2022-04-25,5776.18,5776.18,5431.608,5431.608
2022-04-26,5432.611,5483.028,5251.52,5266.552
2022-04-27,5192.505,5541.107,5164.749,5540.717
2022-04-28,5501.523,5578.617,5425.771,5493.908
2022-04-29,5534.173,5753.084,5517.723,5734.493
2022-05-05,5723.184,5884.379,5712.058,5836.928
2022-05-06,5690.141,5812.476,5665.93,5764.692
2022-05-09,5749.902,5857.709,5749.902,5840.89
2022-05-10,5761.847,5952.723,5746.716,5950.667
2022-05-11,5959.789,6147.858,5959.789,6003.028
2022-05-12,5971.209,6061.18,5964.829,6034.573
2022-05-13,6058.999,6079.159,6001.913,6071.667
2022-05-16,6110.994,6154.698,6057.325,6082.882
2022-05-17,6079.297,6120.844,6013.704,6118.457
2022-05-18,6124.378,6183.457,6103.625,6127.804
2022-05-19,6032.727,6180.186,6020.407,6180.186
2022-05-20,6203.914,6263.443,6176.127,6263.443
2022-05-23,6284.599,6345.001,6267.832,6343.467
2022-05-24,6343.886,6345.123,6081.642,6081.642
2022-05-25,6079.938,6188.269,6070.962,6188.269
2022-05-26,6195.211,6252.556,6095.754,6227.099
2022-05-27,6252.363,6283.723,6157.814,6210.094
2022-05-30,6231.635,6282.355,6171.736,6282.355
2022-05-31,6283.16,6356.554,6224.614,6353.347
2022-06-01,6332.393,6398.354,6316.582,6373.318
2022-06-02,6349.56,6449.975,6329.067,6442.934
2022-06-06,6449.546,6612.799,6449.241,6604.976
2022-06-07,6613.165,6631.325,6539.712,6597.835
2022-06-08,6594.916,6660.092,6474.226,6608.892
2022-06-09,6591.92,6591.92,6453.652,6490.375
2022-06-10,6446.807,6630.264,6438.803,6627.748
2022-06-13,6582.689,6683.914,6573.569,6674.804
2022-06-14,6607.116,6665.253,6460.433,6665.253
2022-06-15,6671.053,6759.376,6653.762,6653.762
2022-06-16,6651.2,6755.631,6651.2,6696.763
2022-06-17,6652.539,6782.49,6643.102,6774.738
2022-06-20,6787.341,6874.376,6783.619,6848.755
2022-06-21,6849.733,6854.921,6709.364,6779.145
2022-06-22,6781.866,6811.548,6688.392,6691.812
2022-06-23,6694.248,6845.455,6649.929,6845.455
2022-06-24,6865.358,6954.453,6862.464,6931.654
2022-06-27,6968.134,7012.121,6940.516,7002.934
2022-06-28,7001.257,7081.282,6956.295,7079.725
2022-06-29,7061.792,7075.517,6900.993,6900.993
2022-06-30,6909.739,7032.67,6909.739,6995.53
2022-07-01,6999.677,7039.85,6967.484,6994.501
2022-07-04,6985.053,7076.322,6928.401,7076.322
2022-07-05,7081.902,7098.573,6950.237,7036.002
2022-07-06,7014.451,7041.872,6890.927,6953.98
2022-07-07,6955.532,7053.451,6910.087,7041.867
2022-07-08,7067.033,7084.897,6990.741,7000.785
2022-07-11,6976.096,6976.096,6830.47,6893.635
2022-07-12,6891.579,6911.804,6779.555,6779.555
2022-07-13,6780.612,6855.068,6737.876,6834.902
2022-07-14,6823.093,6954.914,6809.102,6920.874
2022-07-15,6889.81,6966.044,6852.816,6852.816
2022-07-18,6868.299,6953.932,6839.132,6953.932
2022-07-19,6956.863,7033.25,6932.737,7009.324
2022-07-20,7028.792,7110.104,7019.513,7110.104
2022-07-21,7098.27,7134.218,7067.147,7075.294
2022-07-22,7081.563,7124.304,6969.431,7034.598
2022-07-25,7037.755,7068.341,6933.819,6948.909
2022-07-26,6949.19,7031.112,6901.932,7027.419
2022-07-27,7018.224,7109.539,7005.07,7099.434
2022-07-28,7138.316,7196.731,7112.744,7150.198
2022-07-29,7152.325,7179.471,7105.335,7117.434
2022-08-01,7100.712,7180.454,7055.607,7180.454
2022-08-02,7098.183,7098.183,6872.754,6957.982
2022-08-03,6968.292,7079.854,6893.524,6916.67
2022-08-04,6953.983,6977.392,6853.696,6960.312
2022-08-05,6975.89,7096.435,6961.646,7090.003
2022-08-08,7082.536,7176.484,7062.367,7176.105
2022-08-09,7168.96,7207.396,7131.336,7207.396
2022-08-10,7183.182,7231.432,7169.88,7212.075
2022-08-11,7241.732,7295.892,7212.4,7294.486
2022-08-12,7287.651,7311.894,7228.342,7228.835
2022-08-15,7218.091,7296.337,7215.204,7283.5
2022-08-16,7290.241,7356.11,7280.923,7324.62
2022-08-17,7330.482,7342.696,7280.574,7328.674
2022-08-18,7315.41,7358.707,7298.93,7351.437
2022-08-19,7353.434,7369.731,7234.405,7234.405
2022-08-22,7214.481,7289.309,7170.204,7288.577
2022-08-23,7275.383,7310.13,7267.786,7306.021
2022-08-24,7312.554,7315.101,7029.878,7039.41
2022-08-25,7065.336,7080.725,6930.839,7016.306
2022-08-26,7032.655,7103.834,6966.066,6980.18
2022-08-29,6884.73,7022.794,6858.431,7021.315
2022-08-30,7018.723,7025.464,6943.144,6976.722
2022-08-31,6954.509,6966.992,6738.524,6750.743
2022-09-01,6757.006,6819.617,6698.838,6717.1
2022-09-02,6731.673,6801.35,6695.104,6776.827
2022-09-05,6774.193,6831.221,6739.135,6791.092
2022-09-06,6808.874,6919.646,6780.437,6919.646
2022-09-07,6894.714,6989.755,6882.595,6963.52
2022-09-08,6965.562,6975.132,6889.863,6897.1
2022-09-09,6908.713,6918.204,6848.27,6913.579
2022-09-13,6935.591,6957.353,6886.361,6904.078
2022-09-14,6800.927,6851.094,6783.188,6829.558
2022-09-15,6859.249,6866.554,6543.199,6619.189
2022-09-16,6599.27,6632.56,6480.097,6481.244
2022-09-19,6468.395,6504.752,6364.073,6399.801
2022-09-20,6441.096,6536.424,6436.761,6482.131
2022-09-21,6461.249,6506.062,6378.634,6480.602
2022-09-22,6438.286,6554.299,6429.495,6487.275
2022-09-23,6486.786,6504.033,6306.962,6363.684
2022-09-26,6318.299,6404.015,6274.339,6283.593
2022-09-27,6302.888,6409.776,6287.775,6409.776
2022-09-28,6397.837,6401.841,6211.109,6211.109
2022-09-29,6270.906,6307.782,6192.772,6228.779
2022-09-30,6221.831,6241.959,6123.988,6124.864
2022-10-10,6136.712,6154.063,5964.621,5984.501
2022-10-11,5994.763,6044.285,5939.068,6017.719
2022-10-12,6017.675,6192.653,5918.021,6192.653
2022-10-13,6162.705,6311.506,6146.404,6252.223
2022-10-14,6296.351,6427.469,6286.672,6406.457
2022-10-17,6380.207,6476.398,6370.148,6472.451
2022-10-18,6490.597,6551.796,6447.778,6508.504
2022-10-19,6492.6,6533.566,6460.7,6461.146
2022-10-20,6431.986,6525.799,6342.154,6429.704
2022-10-21,6433.327,6469.094,6387.766,6432.326
2022-10-24,6448.866,6554.369,6335.073,6378.432
2022-10-25,6346.153,6411.166,6248.839,6355.778
2022-10-26,6358.06,6548.618,6348.99,6491.692
2022-10-27,6497.52,6544.417,6459.923,6461.61
2022-10-28,6412.613,6446.605,6216.274,6239.932
2022-10-31,6201.747,6349.118,6201.283,6292.619
2022-11-01,6299.026,6440.916,6277.616,6439.822
2022-11-02,6434.95,6557.01,6424.66,6524.514
2022-11-03,6467.227,6576.372,6461.296,6566.841
2022-11-04,6569.185,6719.513,6568.782,6709.645
2022-11-07,6713.731,6749.756,6660.979,6713.638
2022-11-08,6707.013,6708.08,6647.442,6694.956
2022-11-09,6694.404,6736.671,6664.371,6676.008
2022-11-10,6638.516,6663.113,6583.865,6603.309
2022-11-11,6749.067,6776.742,6641.763,6643.482
2022-11-14,6639.023,6688.006,6570.491,6599.666
2022-11-15,6593.628,6752.513,6576.875,6752.513
2022-11-16,6749.959,6775.382,6687.317,6702.041
2022-11-17,6685.943,6714.504,6629.897,6714.504
2022-11-18,6711.894,6752.837,6650.742,6658.401
2022-11-21,6622.603,6689.325,6585.279,6689.325
2022-11-22,6682.053,6692.24,6556.336,6583.233
2022-11-23,6572.165,6592.305,6451.955,6567.993
2022-11-24,6573.472,6611.795,6553.956,6586.858
2022-11-25,6573.019,6573.019,6508.516,6512.162
2022-11-28,6426.931,6494.981,6412.032,6492.712
2022-11-29,6505.896,6607.457,6505.896,6594.323
2022-11-30,6591.678,6619.27,6561.275,6590.307
2022-12-01,6645.467,6691.509,6639.632,6658.427
2022-12-02,6644.442,6721.691,6637.16,6680.542
2022-12-05,6710.725,6723.566,6675.602,6714.367
2022-12-06,6690.92,6731.066,6667.002,6703.552
2022-12-07,6684.608,6732.258,6677.52,6705.287
2022-12-08,6694.844,6699.297,6648.347,6662.344
2022-12-09,6661.899,6684.149,6626.936,6680.375
2022-12-12,6669.166,6680.611,6626.873,6655.674
2022-12-13,6654.67,6654.749,6586.868,6593.668
2022-12-14,6600.407,6626.699,6556.808,6570.018
2022-12-15,6557.904,6605.703,6544.999,6597.551
2022-12-16,6569.057,6581.934,6504.054,6519.436
2022-12-19,6518.382,6537.135,6367.446,6390.77
2022-12-20,6380.215,6389.054,6321.141,6341.583
2022-12-21,6341.215,6344.655,6255.349,6289.136
2022-12-22,6314.553,6319.574,6171.18,6186.928
2022-12-23,6154.659,6197.238,6120.944,6160.745
2022-12-26,6161.937,6276.111,6161.937,6275.524
2022-12-27,6288.607,6328.359,6256.042,6325.628
2022-12-28,6304.59,6306.949,6251.302,6268.466
2022-12-29,6253.795,6322.246,6245.229,6261.829
2022-12-30,6283.5,6296.244,6262.6,6281.621
2023-01-03,6286.814,6433.786,6275.688,6423.701
2023-01-04,6423.43,6445.619,6385.003,6421.277
2023-01-05,6427.455,6489.989,6413.75,6485.469
2023-01-06,6482.883,6539.759,6478.626,6500.32
2023-01-09,6523.137,6559.461,6517.575,6535.749
2023-01-10,6541.82,6546.542,6505.098,6540.201
2023-01-11,6544.567,6562.351,6480.945,6486.905
2023-01-12,6495.16,6529.813,6469.477,6489.57
2023-01-13,6505.237,6517.513,6475.657,6517.513
2023-01-16,6521.454,6628.73,6521.454,6591.806
2023-01-17,6600.251,6622.318,6573.282,6597.495
2023-01-18,6613.742,6635.855,6593.372,6613.005
2023-01-19,6605.448,6678.179,6590.419,6676.08
2023-01-20,6690.143,6740.13,6690.143,6736.852
2023-01-30,6815.139,6839.843,6780.373,6786.453
2023-01-31,6763.399,6820.142,6758.902,6805.276
2023-02-01,6815.057,6916.726,6812.786,6916.72
2023-02-02,6926.579,6969.788,6908.697,6933.226
2023-02-03,6922.79,6934.325,6829.399,6925.076
2023-02-06,6902.492,6928.281,6853.911,6891.413
2023-02-07,6900.232,6924.419,6864.206,6924.321
2023-02-08,6927.33,6932.991,6873.599,6877.725
2023-02-09,6864.027,6999.182,6850.569,6999.182
2023-02-10,6991.234,7015.249,6926.483,6975.395
2023-02-13,6976.33,7052.596,6973.408,7052.177
2023-02-14,7064.529,7070.335,7028.785,7061.449
2023-02-15,7062.362,7076.868,7038.986,7063.605
2023-02-16,7063.927,7098.918,6878.348,6925.203
2023-02-17,6931.993,6954.846,6861.305,6868.548
2023-02-20,6871.862,6959.751,6825.874,6959.361
2023-02-21,6969.355,7008.546,6939.593,6990.475
2023-02-22,6961.15,7014.562,6947.117,6998.43
2023-02-23,6997.783,7008.679,6929.612,6966.787
2023-02-24,6971.649,6983.16,6906.686,6944.824
2023-02-27,6928.034,6950.883,6876.254,6894.296
2023-02-28,6911.362,6955.574,6874.925,6955.574
2023-03-01,6955.482,7002.771,6932.757,7002.771
2023-03-02,6999.232,7021.109,6963.055,6972.306
2023-03-03,6970.213,6997.425,6921.267,6967.94
2023-03-06,6973.523,7004.71,6933.993,6997.044
2023-03-07,6991.559,6993.177,6855.344,6855.344
2023-03-08,6838.629,6894.364,6832.037,6891.456
2023-03-09,6898.24,6911.538,6851.909,6892.857
2023-03-10,6854.41,6864.935,6795.223,6798.299
2023-03-13,6780.023,6832.621,6750.219,6832.621
2023-03-14,6824.248,6824.248,6690.086,6769.849
2023-03-15,6797.821,6844.966,6794.408,6803.474
2023-03-16,6769.607,6777.906,6677.681,6689.783
2023-03-17,6726.957,6781.946,6717.144,6736.367
2023-03-20,6745.952,6760.91,6694.522,6721.455
2023-03-21,6726.798,6810.288,6725.835,6809.391
2023-03-22,6830.194,6845.761,6810.765,6840.326
2023-03-23,6827.676,6869.176,6809.851,6868.835
2023-03-24,6874.538,6880.195,6840.75,6867.952
2023-03-27,6874.386,6900.633,6830.945,6886.689
2023-03-28,6881.109,6884.543,6816.447,6825.383
2023-03-29,6825.129,6839.899,6785.149,6806.281
2023-03-30,6802.071,6814.689,6751.692,6807.645
2023-03-31,6806.609,6878.319,6801.943,6875.808
2023-04-03,6878.089,6966.693,6878.089,6962.205
2023-04-04,6960.906,6966.993,6918.133,6953.363
2023-04-06,6926.188,6988.375,6921.662,6983.027
2023-04-07,6987.007,7043.222,6978.348,7042.89
2023-04-10,7050.235,7052.741,6950.771,6968.573
2023-04-11,6967.03,6986.443,6937.02,6984.142
2023-04-12,6989.693,7027.84,6979.278,7021.016
2023-04-13,7011.658,7029.104,6956.676,6966.818
2023-04-14,6978.592,7026.121,6942.569,7020.094
2023-04-17,7009.468,7030.24,6989.697,7012.773
2023-04-18,7002.256,7014.385,6961.506,6997.072
2023-04-19,6988.655,7011.931,6955.361,6965.576
2023-04-20,6956.365,6963.899,6911.981,6963.899
2023-04-21,6954.099,6963.077,6773.512,6773.512
2023-04-24,6766.518,6771.652,6692.224,6725.271
2023-04-25,6708.278,6711.568,6517.273,6603.239
2023-04-26,6577.359,6667.429,6573.878,6624.4
2023-04-27,6597.731,6672.219,6593.384,6633.493
2023-04-28,6617.325,6724.573,6617.325,6723.305
2023-05-04,6701.491,6738.443,6698.642,6733.969
2023-05-05,6723.16,6723.98,6612.741,6653.653
2023-05-08,6660.917,6714.389,6660.917,6702.5
2023-05-09,6696.668,6705.738,6610.567,6611.637
2023-05-10,6599.788,6648.038,6576.399,6627.311
2023-05-11,6634.164,6653.382,6618.193,6622.521
2023-05-12,6608.828,6630.559,6535.11,6535.944
2023-05-15,6537.397,6585.91,6466.449,6585.91
2023-05-16,6586.718,6586.718,6501.307,6516.289
2023-05-17,6500.438,6555.769,6497.379,6554.98
2023-05-18,6557.37,6595.491,6554.081,6583.738
2023-05-19,6571.087,6621.426,6545.085,6602.317
2023-05-22,6589.351,6608.883,6556.74,6595.984
2023-05-23,6591.557,6600.802,6528.453,6528.453
2023-05-24,6507.06,6564.513,6476.689,6513.182
2023-05-25,6502.23,6541.388,6424.447,6501.0
2023-05-26,6495.348,6558.109,6451.727,6546.408
2023-05-29,6560.161,6579.151,6518.031,6534.117
2023-05-30,6517.707,6565.477,6461.093,6564.469
2023-05-31,6556.516,6581.934,6523.273,6561.649
2023-06-01,6539.259,6616.527,6515.023,6574.758
2023-06-02,6585.73,6640.53,6585.73,6626.279
2023-06-05,6631.222,6647.204,6609.017,6632.956
2023-06-06,6625.086,6625.086,6475.259,6489.811
2023-06-07,6487.196,6517.319,6467.304,6488.557
2023-06-08,6477.94,6478.317,6399.782,6442.482
2023-06-09,6446.62,6500.447,6427.919,6495.564
2023-06-12,6488.2,6549.785,6474.863,6530.161
2023-06-13,6525.048,6561.021,6519.967,6554.957
2023-06-14,6556.032,6591.694,6547.486,6578.123
2023-06-15,6579.462,6618.624,6568.611,6613.955
2023-06-16,6613.105,6674.622,6602.039,6669.005
2023-06-19,6674.119,6707.227,6673.812,6693.299
2023-06-20,6683.924,6717.713,6671.99,6693.915
2023-06-21,6679.148,6681.566,6548.407,6548.407
2023-06-26,6504.971,6535.492,6404.044,6420.973
2023-06-27,6425.843,6518.983,6424.332,6507.273
2023-06-28,6504.499,6505.47,6367.353,6475.505
2023-06-29,6465.096,6542.276,6462.068,6520.039
2023-06-30,6507.504,6615.974,6500.861,6602.037
2023-07-03,6617.076,6640.339,6571.843,6612.884
2023-07-04,6610.664,6639.816,6599.6,6638.447
2023-07-05,6632.367,6642.549,6575.73,6584.423
2023-07-06,6573.576,6619.292,6558.885,6567.079
2023-07-07,6553.558,6558.108,6486.115,6521.427
2023-07-10,6539.079,6556.154,6501.746,6526.852
2023-07-11,6531.628,6579.37,6514.991,6579.37
2023-07-12,6576.942,6576.962,6476.847,6482.987
2023-07-13,6497.809,6553.599,6497.758,6548.313
2023-07-14,6554.535,6571.144,6538.646,6544.459
2023-07-17,6524.605,6525.187,6481.286,6516.56
2023-07-18,6519.757,6537.914,6490.059,6510.034
2023-07-19,6508.523,6530.543,6459.443,6492.349
2023-07-20,6497.778,6512.449,6404.123,6408.76
2023-07-21,6397.154,6447.296,6378.197,6401.417
2023-07-24,6397.431,6437.989,6370.055,6393.794
2023-07-25,6448.271,6499.416,6444.579,6498.269
2023-07-26,6497.595,6497.595,6441.558,6457.254
2023-07-27,6458.484,6475.83,6397.595,6407.546
2023-07-28,6389.435,6471.676,6369.372,6465.376
2023-07-31,6475.828,6549.745,6475.828,6515.849
2023-08-01,6513.14,6521.97,6482.168,6507.412
2023-08-02,6499.864,6515.069,6475.423,6496.022
2023-08-03,6472.113,6502.545,6460.28,6499.545
2023-08-04,6514.54,6561.739,6505.861,6535.322
2023-08-07,6524.296,6532.518,6485.662,6503.983
2023-08-08,6496.59,6500.902,6457.247,6471.344
2023-08-09,6452.98,6464.363,6411.228,6420.977
2023-08-10,6409.222,6438.431,6392.895,6426.814
2023-08-11,6428.879,6428.879,6304.635,6304.635
2023-08-14,6251.966,6320.949,6213.976,6319.407
2023-08-15,6318.548,6325.574,6203.443,6261.733
2023-08-16,6240.712,6255.811,6186.403,6186.403
2023-08-17,6167.654,6255.05,6128.131,6247.601
2023-08-18,6245.126,6259.791,6117.107,6117.107
2023-08-21,6107.924,6154.25,6057.171,6057.171
2023-08-22,6082.721,6108.21,5984.437,6099.195
2023-08-23,6084.154,6084.154,5973.646,5973.671
2023-08-24,5989.428,6049.546,5942.567,5987.966
2023-08-25,5960.589,5980.241,5855.878,5879.027
2023-08-28,6204.104,6204.104,5907.941,5922.162
2023-08-29,5909.462,6121.591,5907.961,6108.759
2023-08-30,6117.411,6185.273,6102.091,6139.627
2023-08-31,6130.642,6130.953,6087.327,6104.295
2023-09-01,6108.128,6136.782,6086.271,6107.2
2023-09-04,6129.539,6198.762,6109.097,6198.762
2023-09-05,6188.515,6206.346,6154.83,6167.642
2023-09-06,6146.394,6202.324,6117.806,6195.383
2023-09-07,6185.328,6185.328,6083.489,6083.489
2023-09-08,6063.241,6128.839,6062.897,6102.488
2023-09-11,6114.067,6204.434,6083.391,6182.643
2023-09-12,6175.635,6212.26,6169.035,6184.606
2023-09-13,6169.529,6177.385,6059.287,6103.137
2023-09-14,6101.773,6102.488,6037.717,6068.713
2023-09-15,6082.194,6117.821,6046.874,6079.063
2023-09-18,6058.297,6106.265,6029.973,6083.969
2023-09-19,6077.396,6077.396,6011.908,6031.042
2023-09-20,6020.91,6038.752,5982.105,5982.558
2023-09-21,5968.35,5999.401,5931.104,5939.664
2023-09-22,5934.266,6056.446,5923.243,6054.928
2023-09-25,6051.821,6058.465,6014.613,6027.394
2023-09-26,6017.302,6034.855,5996.047,5996.11
2023-09-27,5989.803,6063.912,5989.16,6034.061
2023-09-28,6048.833,6085.533,6048.677,6078.945
2023-10-09,6073.276,6075.464,6025.358,6059.965
2023-10-10,6069.905,6084.931,6037.466,6043.482
2023-10-11,6056.029,6105.416,6040.502,6059.401
2023-10-12,6088.545,6106.95,6064.819,6104.456
2023-10-13,6080.328,6091.538,6063.558,6081.866
2023-10-16,6089.424,6089.482,5996.789,6024.359
2023-10-17,6027.914,6028.021,5967.3,6011.37
2023-10-18,5992.509,5992.509,5905.836,5908.008
2023-10-19,5879.808,5929.58,5842.412,5842.892
2023-10-20,5816.717,5855.462,5767.021,5774.32
2023-10-23,5754.177,5754.245,5613.73,5638.136
2023-10-24,5654.926,5734.549,5625.709,5719.323
2023-10-25,5753.685,5811.268,5752.786,5778.905
2023-10-26,5745.534,5817.634,5724.0,5811.692
2023-10-27,5792.606,5937.54,5774.631,5916.678
2023-10-30,5899.38,6017.281,5898.694,6006.559
2023-10-31,6003.365,6013.733,5934.205,5969.341
2023-11-01,5969.807,5983.869,5943.193,5958.418
2023-11-02,5958.477,5983.222,5885.247,5885.247
2023-11-03,5895.602,5992.746,5895.602,5973.167
2023-11-06,6007.434,6097.037,6007.434,6096.57
2023-11-07,6088.511,6132.138,6068.244,6116.757
2023-11-08,6114.987,6160.242,6099.292,6138.938
2023-11-09,6135.072,6160.979,6087.728,6100.693
2023-11-10,6079.473,6097.611,6055.988,6088.558
2023-11-13,6107.269,6144.635,6095.275,6144.635
2023-11-14,6143.481,6189.5,6133.223,6181.98
2023-11-15,6226.198,6234.536,6184.9,6207.268
2023-11-16,6188.826,6193.638,6143.819,6145.151
2023-11-17,6135.825,6199.231,6131.666,6199.228
2023-11-20,6211.339,6254.136,6184.638,6253.276
2023-11-21,6258.741,6267.22,6200.691,6212.125
2023-11-22,6193.358,6221.871,6132.97,6132.97
2023-11-23,6123.586,6199.875,6107.004,6197.526
2023-11-24,6194.024,6194.024,6098.961,6115.407
2023-11-27,6107.562,6130.401,6076.711,6111.364
2023-11-28,6099.512,6143.302,6065.688,6143.302
2023-11-29,6138.761,6154.898,6103.983,6113.366
2023-11-30,6104.774,6110.408,6031.475,6080.547
2023-12-01,6078.639,6142.739,6059.803,6130.051
2023-12-04,6131.588,6147.053,6110.253,6114.393
2023-12-05,6098.117,6098.117,5992.6,5992.6
2023-12-06,5977.611,6066.418,5970.282,6023.804
2023-12-07,6019.96,6044.858,5983.245,6020.83
2023-12-08,6021.919,6056.063,6003.144,6003.144
2023-12-11,5984.677,6080.804,5933.736,6075.08
2023-12-12,6070.875,6084.279,6050.735,6078.99
2023-12-13,6067.781,6076.361,6019.553,6019.553
2023-12-14,6038.921,6072.615,5989.234,5991.862
2023-12-15,6000.259,6016.396,5935.317,5951.6
2023-12-18,5939.435,5941.897,5845.961,5857.005
2023-12-19,5853.195,5887.765,5820.513,5863.542
2023-12-20,5869.561,5873.759,5761.312,5761.312
2023-12-21,5739.021,5814.036,5685.642,5798.912
2023-12-22,5797.609,5819.65,5713.805,5733.909
2023-12-25,5726.562,5753.434,5698.324,5735.726
2023-12-26,5734.15,5734.556,5632.872,5651.588
2023-12-27,5658.194,5703.169,5636.943,5696.161
2023-12-28,5687.753,5824.395,5660.13,5805.527
2023-12-29,5797.576,5891.627,5795.757,5887.235
2024-01-02,5891.174,5891.227,5854.592,5854.749
2024-01-03,5838.553,5861.411,5785.252,5824.043
2024-01-04,5814.937,5814.937,5753.467,5783.016
2024-01-05,5779.757,5796.759,5652.126,5675.809
2024-01-08,5664.453,5664.453,5543.575,5543.575
2024-01-09,5553.184,5607.218,5513.13,5553.304
2024-01-10,5540.664,5580.419,5462.362,5512.069
2024-01-11,5507.803,5634.025,5502.294,5611.115
2024-01-12,5601.098,5646.272,5574.408,5574.493
2024-01-15,5558.148,5607.134,5520.363,5559.376
2024-01-16,5555.0,5566.21,5463.295,5539.474
2024-01-17,5529.895,5529.895,5389.122,5389.122
2024-01-18,5360.206,5375.234,5214.899,5373.424
2024-01-19,5364.807,5395.137,5304.96,5306.986
2024-01-22,5298.314,5298.314,4970.198,5000.834
2024-01-23,4992.792,5102.443,4939.52,5079.632
2024-01-24,5102.825,5151.423,4951.901,5143.408
2024-01-25,5143.289,5316.261,5112.535,5316.195
2024-01-26,5303.961,5352.846,5253.317,5269.765
2024-01-29,5282.817,5301.871,5131.247,5131.247
2024-01-30,5099.587,5144.294,4978.91,4984.66
2024-01-31,4949.188,4986.102,4775.623,4785.032
2024-02-01,4753.639,4858.715,4684.473,4750.444
2024-02-02,4753.668,4802.619,4431.815,4574.669
2024-02-05,4534.752,4534.752,4177.943,4293.07
2024-02-06,4229.794,4641.455,4192.965,4592.444
2024-02-07,4604.122,4848.236,4599.351,4797.846
2024-02-08,4826.143,5067.228,4826.143,4993.105
2024-02-19,5062.685,5071.2,4950.328,5029.586
2024-02-20,5004.42,5058.217,4950.394,5046.012
2024-02-21,5001.657,5208.649,4974.076,5073.482
2024-02-22,5075.432,5152.024,5066.003,5151.534
2024-02-23,5169.013,5225.67,5114.145,5225.67
2024-02-26,5234.805,5325.77,5201.125,5255.396
2024-02-27,5237.105,5394.034,5218.586,5394.034
2024-02-28,5403.496,5478.086,5152.052,5152.052
2024-02-29,5122.18,5344.605,5122.18,5344.605
2024-03-01,5354.731,5411.323,5322.086,5401.939
2024-03-04,5412.908,5429.801,5332.238,5428.336
2024-03-05,5392.877,5417.816,5337.665,5375.132
2024-03-06,5346.079,5434.402,5306.456,5381.459
2024-03-07,5389.989,5430.392,5303.277,5303.277
2024-03-08,5309.594,5386.176,5283.146,5370.372
2024-03-11,5358.837,5466.646,5350.292,5466.646
2024-03-12,5477.131,5524.505,5443.965,5496.355
2024-03-13,5501.586,5561.082,5476.786,5521.784
2024-03-14,5521.716,5546.103,5433.208,5486.646
2024-03-15,5472.893,5555.644,5459.317,5555.644
2024-03-18,5573.927,5648.012,5559.052,5648.012
2024-03-19,5633.504,5660.502,5607.256,5607.475
2024-03-20,5600.125,5663.738,5600.125,5659.154
2024-03-21,5674.495,5690.455,5623.297,5658.279
2024-03-22,5649.083,5660.145,5546.779,5595.885
2024-03-25,5581.351,5611.694,5466.062,5466.062
2024-03-26,5454.653,5495.633,5381.853,5447.748
2024-03-27,5435.971,5436.652,5266.231,5266.231
2024-03-28,5262.22,5430.767,5262.22,5382.236
2024-03-29,5383.745,5441.26,5345.872,5441.26
2024-04-01,5461.587,5559.868,5461.587,5559.056
2024-04-02,5556.517,5556.517,5490.824,5531.052
2024-04-03,5518.911,5525.034,5457.614,5500.926
2024-04-08,5487.632,5492.397,5399.915,5399.915
2024-04-09,5392.994,5468.911,5384.03,5468.911
2024-04-10,5456.972,5456.972,5325.912,5367.052
2024-04-11,5330.685,5441.502,5322.839,5379.915
2024-04-12,5379.17,5408.52,5330.542,5338.769
2024-04-15,5320.809,5364.594,5205.713,5287.512
2024-04-16,5255.207,5283.832,5063.94,5066.66
2024-04-17,5109.082,5287.456,5109.082,5287.456
2024-04-18,5276.471,5345.436,5233.899,5286.719
2024-04-19,5257.01,5312.151,5224.319,5264.389
2024-04-22,5231.564,5300.793,5187.523,5246.082
2024-04-23,5234.434,5260.294,5194.262,5218.428
2024-04-24,5219.257,5305.607,5200.598,5305.607
2024-04-25,5285.137,5357.441,5273.553,5313.986
2024-04-26,5303.151,5420.365,5303.151,5415.938
2024-04-29,5422.411,5550.214,5422.411,5545.235
2024-04-30,5530.944,5542.193,5482.988,5497.43
2024-05-06,5558.924,5611.266,5558.924,5606.842
2024-05-07,5604.271,5631.953,5593.008,5625.336
2024-05-08,5605.592,5605.592,5529.914,5536.659
2024-05-09,5533.513,5638.64,5533.513,5626.825
2024-05-10,5632.759,5641.922,5549.61,5574.232
2024-05-13,5537.928,5556.708,5479.946,5520.804
2024-05-14,5524.434,5574.251,5524.263,5551.675
2024-05-15,5541.809,5551.263,5491.523,5497.235
2024-05-16,5508.95,5539.919,5474.281,5488.946
2024-05-17,5489.416,5564.063,5478.297,5563.231
2024-05-20,5563.654,5612.346,5548.903,5596.777
2024-05-21,5586.009,5586.009,5517.39,5536.745
2024-05-22,5532.843,5553.697,5508.758,5539.66
2024-05-23,5521.18,5521.18,5402.004,5412.824
2024-05-24,5401.583,5436.813,5350.106,5350.107
2024-05-27,5358.076,5404.616,5295.088,5404.616
2024-05-28,5390.405,5414.978,5343.83,5348.029
2024-05-29,5336.697,5386.783,5324.687,5351.252
2024-05-30,5334.797,5371.807,5311.439,5334.296
2024-05-31,5334.099,5381.716,5334.099,5355.21
2024-06-03,5350.643,5351.252,5246.169,5284.624
2024-06-04,5267.362,5319.709,5229.676,5313.708
2024-06-05,5294.301,5330.804,5244.085,5244.085
2024-06-06,5249.95,5275.886,5113.214,5130.869
2024-06-07,5159.173,5189.995,5096.084,5153.587
2024-06-11,5132.218,5208.179,5086.86,5198.923
2024-06-12,5188.358,5231.469,5186.607,5216.462
2024-06-13,5214.412,5219.708,5170.166,5180.236
2024-06-14,5164.872,5190.712,5138.358,5180.651
2024-06-17,5158.98,5211.39,5151.277,5183.968
2024-06-18,5183.271,5237.819,5177.277,5227.254
2024-06-19,5230.488,5241.967,5159.995,5159.995
2024-06-20,5150.796,5174.875,5052.885,5056.138
2024-06-21,5040.629,5090.57,5014.479,5055.333
2024-06-24,5025.517,5029.731,4884.497,4887.777
2024-06-25,4885.89,4907.955,4814.68,4847.611
2024-06-26,4842.004,4988.308,4812.1,4986.384
2024-06-27,4964.659,4969.089,4862.634,4864.086
2024-06-28,4855.351,4968.273,4851.835,4895.987
2024-07-01,4894.559,4954.175,4839.745,4940.247
2024-07-02,4940.7,4951.197,4886.702,4905.65
2024-07-03,4900.667,4906.51,4857.775,4867.133
2024-07-04,4868.546,4883.737,4745.909,4761.868
2024-07-05,4753.734,4828.843,4711.868,4810.794
2024-07-08,4801.489,4801.489,4679.285,4693.965
2024-07-09,4689.275,4810.322,4645.197,4797.063
2024-07-10,4783.17,4829.208,4768.125,4777.682
2024-07-11,4846.105,4896.146,4821.414,4893.594
2024-07-12,4884.413,4897.169,4858.303,4878.02
2024-07-15,4869.004,4869.004,4815.407,4827.602
2024-07-16,4815.739,4845.349,4786.214,4836.718
2024-07-17,4834.441,4842.721,4786.348,4795.624
2024-07-18,4763.304,4822.619,4714.601,4812.426
2024-07-19,4788.771,4854.707,4778.714,4821.423
2024-07-22,4822.639,4848.307,4798.117,4826.871
2024-07-23,4825.745,4825.745,4694.953,4694.953
2024-07-24,4682.062,4713.074,4625.422,4631.011
2024-07-25,4602.633,4678.659,4587.707,4632.567
2024-07-26,4638.312,4710.569,4638.312,4702.08
2024-07-29,4707.279,4707.279,4670.8,4685.646
2024-07-30,4674.924,4716.214,4637.41,4702.491
2024-07-31,4698.734,4889.772,4690.0,4889.081
2024-08-01,4894.809,4933.061,4850.633,4878.289
2024-08-02,4844.778,4902.941,4802.022,4809.889
2024-08-05,4776.182,4854.59,4678.739,4678.775
2024-08-06,4731.196,4766.273,4695.637,4749.947
2024-08-07,4741.651,4772.206,4715.529,4743.41
2024-08-08,4728.33,4776.488,4677.425,4739.493
2024-08-09,4760.127,4789.169,4702.745,4702.745
2024-08-12,4696.364,4707.216,4657.33,4674.102
2024-08-13,4671.2,4698.342,4642.669,4697.586
2024-08-14,4698.003,4698.148,4649.278,4649.278
2024-08-15,4639.084,4743.728,4620.555,4691.85
2024-08-16,4696.718,4703.027,4654.46,4655.651
2024-08-19,4651.297,4714.059,4644.601,4663.612
2024-08-20,4663.776,4665.634,4563.855,4579.304
2024-08-21,4564.378,4590.2,4543.881,4548.264
2024-08-22,4549.3,4562.977,4484.559,4491.839
2024-08-23,4482.654,4510.598,4462.76,4495.344
2024-08-26,4492.706,4531.173,4476.243,4512.893
2024-08-27,4500.735,4501.084,4449.215,4459.68
2024-08-28,4449.711,4506.313,4437.518,4470.55
2024-08-29,4453.431,4558.947,4443.903,4542.464
2024-08-30,4539.929,4691.015,4534.044,4629.32
2024-09-02,4627.182,4635.765,4529.834,4532.515
2024-09-03,4529.941,4598.632,4529.941,4572.397
2024-09-04,4542.905,4594.439,4529.338,4550.77
2024-09-05,4554.518,4614.752,4554.518,4586.781
2024-09-06,4588.928,4595.697,4506.387,4508.228
2024-09-09,4490.99,4523.366,4459.126,4475.532
2024-09-10,4481.488,4507.154,4400.776,4487.576
2024-09-11,4469.015,4500.683,4453.2,4486.007
2024-09-12,4490.524,4542.285,4468.744,4468.744
2024-09-13,4471.984,4478.218,4413.187,4413.187
2024-09-18,4413.903,4425.792,4342.209,4399.133
2024-09-19,4418.784,4527.613,4385.486,4482.275
2024-09-20,4484.175,4487.076,4428.165,4463.356
2024-09-23,4462.717,4513.97,4445.99,4469.133
2024-09-24,4489.492,4642.558,4466.336,4642.558
2024-09-25,4688.389,4799.857,4681.853,4686.258
2024-09-26,4675.944,4874.132,4672.866,4874.132
2024-09-27,4950.938,5164.542,4944.84,5136.441
2024-09-30,5375.571,5732.568,5307.549,5708.826
2024-10-08,6437.113,6437.113,5861.322,6201.985
2024-10-09,6052.671,6105.029,5706.045,5727.38
2024-10-10,5777.898,5881.329,5593.983,5654.53
2024-10-11,5610.948,5616.806,5349.321,5416.758
2024-10-14,5451.619,5620.419,5346.424,5615.756
2024-10-15,5585.688,5704.56,5505.81,5507.176
2024-10-16,5425.432,5598.835,5424.393,5524.255
2024-10-17,5563.465,5624.794,5504.485,5505.615
2024-10-18,5495.196,5880.896,5484.235,5749.434
2024-10-21,5797.003,5954.436,5767.79,5860.571
2024-10-22,5866.786,5940.367,5814.297,5888.815
2024-10-23,5871.318,5991.589,5856.368,5903.578
2024-10-24,5871.286,5887.45,5817.932,5861.632
2024-10-25,5876.437,6014.11,5876.214,5974.909
2024-10-28,5988.723,6082.088,5965.001,6082.088
2024-10-29,6106.194,6113.638,5982.526,5983.836
2024-10-30,5960.792,6043.587,5945.675,6019.347
2024-10-31,6041.013,6161.555,6004.713,6116.663
2024-11-01,6100.79,6125.408,5912.532,5930.232
2024-11-04,5912.314,6053.112,5912.314,6053.112
2024-11-05,6057.208,6279.915,6051.457,6266.542
2024-11-06,6287.293,6368.869,6247.152,6293.193
2024-11-07,6238.617,6403.918,6229.49,6403.918
2024-11-08,6470.074,6526.65,6400.094,6423.122
2024-11-11,6416.168,6580.568,6412.576,6579.005
2024-11-12,6593.822,6616.157,6429.35,6491.972
2024-11-13,6453.864,6512.597,6357.556,6474.394
2024-11-14,6462.01,6472.954,6263.314,6272.191
2024-11-15,6246.336,6331.872,6124.661,6125.513
2024-11-18,6154.507,6180.88,5937.085,5974.558
2024-11-19,5977.844,6130.496,5945.456,6130.285
2024-11-20,6116.96,6262.083,6105.222,6250.803
2024-11-21,6241.009,6292.86,6199.706,6262.164
2024-11-22,6240.086,6280.603,6030.375,6030.488
2024-11-25,6047.938,6076.191,5937.905,6052.129
2024-11-26,6036.638,6093.371,5979.392,5981.57
2024-11-27,5942.533,6119.011,5856.997,6118.664
2024-11-28,6121.678,6170.134,6077.601,6086.085
2024-11-29,6066.714,6246.198,6039.832,6189.128
2024-12-02,6188.802,6325.86,6188.802,6313.608
2024-12-03,6318.966,6342.357,6239.44,6303.276
2024-12-04,6301.048,6303.505,6175.839,6204.945
2024-12-05,6186.123,6302.355,6186.123,6285.601
2024-12-06,6291.302,6384.657,6229.212,6349.621
2024-12-09,6346.595,6371.098,6257.542,6303.272
2024-12-10,6493.537,6497.889,6352.762,6362.02
2024-12-11,6343.781,6454.971,6343.781,6447.374
2024-12-12,6454.942,6493.71,6390.589,6490.146
2024-12-13,6447.203,6460.939,6351.301,6354.988
2024-12-16,6355.628,6367.809,6248.158,6277.516
2024-12-17,6262.493,6269.14,6133.129,6143.944
2024-12-18,6156.692,6242.517,6121.054,6195.868
2024-12-19,6127.22,6223.805,6108.394,6207.186
2024-12-20,6195.644,6320.963,6191.081,6271.753
2024-12-23,6271.763,6276.971,6086.912,6096.381
2024-12-24,6110.767,6165.202,6066.226,6164.361
2024-12-25,6158.649,6159.596,6037.736,6094.687
2024-12-26,6083.887,6185.807,6083.887,6160.452
2024-12-27,6164.67,6250.201,6135.479,6171.565
2024-12-30,6164.908,6192.585,6097.103,6145.928
2024-12-31,6151.034,6160.733,5957.717,5957.717
2025-01-02,5948.68,5982.554,5743.179,5797.089
2025-01-03,5808.542,5826.083,5609.766,5625.209
2025-01-06,5614.028,5688.922,5561.898,5608.034
2025-01-07,5610.946,5694.005,5580.885,5692.041
2025-01-08,5664.312,5706.659,5501.492,5661.779
2025-01-09,5629.895,5714.461,5629.824,5672.78
2025-01-10,5662.767,5718.212,5544.916,5544.916
2025-01-13,5487.125,5599.327,5457.51,5559.473
2025-01-14,5580.878,5814.707,5562.18,5811.055
2025-01-15,5805.898,5815.148,5755.625,5775.571
2025-01-16,5810.051,5906.466,5753.764,5801.305
2025-01-17,5780.606,5885.417,5755.907,5841.572
2025-01-20,5877.972,5925.072,5856.833,5879.15
2025-01-21,5911.405,5917.129,5834.964,5908.023
2025-01-22,5879.843,5886.742,5824.035,5855.739
2025-01-23,5911.219,5991.845,5829.033,5829.033
2025-01-24,5815.458,5943.112,5815.458,5938.13
2025-01-27,5946.729,5964.15,5846.069,5846.069
2025-02-05,5900.513,5928.88,5851.595,5881.437
2025-02-06,5869.705,6042.019,5853.746,6041.834
2025-02-07,6046.365,6198.748,6042.261,6134.055
2025-02-10,6155.051,6218.066,6126.082,6210.547
2025-02-11,6209.521,6220.964,6135.866,6190.174
2025-02-12,6172.394,6284.918,6171.061,6284.611
2025-02-13,6290.79,6290.79,6202.593,6212.497
2025-02-14,6203.477,6257.306,6182.264,6248.835
2025-02-17,6285.04,6308.484,6231.868,6281.566
2025-02-18,6264.282,6282.404,6112.585,6142.138
2025-02-19,6134.991,6290.013,6133.942,6288.529
2025-02-20,6289.133,6349.474,6274.031,6334.414
2025-02-21,6347.67,6456.919,6317.085,6449.228
2025-02-24,6454.558,6504.4,6411.766,6464.024
2025-02-25,6369.276,6503.007,6359.836,6435.428
2025-02-26,6451.402,6527.846,6423.603,6524.406
2025-02-27,6526.811,6550.1,6395.908,6499.53
2025-02-28,6460.904,6468.796,6252.014,6270.419
2025-03-03,6291.05,6382.048,6240.568,6273.67
2025-03-04,6218.831,6364.121,6217.81,6357.628
2025-03-05,6365.432,6401.831,6318.287,6398.237
2025-03-06,6438.159,6548.855,6435.543,6534.971
2025-03-07,6512.732,6577.951,6465.264,6507.765
2025-03-10,6519.028,6541.593,6466.903,6520.973
2025-03-11,6438.245,6551.734,6432.758,6551.734
2025-03-12,6585.595,6632.388,6564.716,6566.968
2025-03-13,6558.419,6570.887,6405.732,6466.851
2025-03-14,6463.925,6575.819,6428.225,6571.171
2025-03-17,6585.821,6609.889,6557.634,6589.566
2025-03-18,6605.043,6642.857,6581.965,6611.926
2025-03-19,6590.555,6598.508,6536.716,6564.677
2025-03-20,6551.82,6596.271,6528.858,6535.062
2025-03-21,6507.95,6531.76,6389.615,6405.611
2025-03-24,6403.565,6412.518,6244.868,6360.341
2025-03-25,6355.814,6382.188,6289.124,6310.764
2025-03-26,6297.329,6371.101,6297.329,6334.908
2025-03-27,6315.097,6394.21,6254.887,6328.767
2025-03-28,6326.813,6356.804,6261.686,6268.321
2025-03-31,6229.556,6259.364,6143.65,6226.649
2025-04-01,6242.071,6300.666,6240.204,6259.484
2025-04-02,6252.63,6316.636,6251.852,6277.253
2025-04-03,6208.288,6299.165,6168.535,6203.257
2025-04-07,5811.544,5905.573,5437.453,5496.443
2025-04-08,5475.56,5632.641,5426.034,5530.019
2025-04-09,5439.177,5688.485,5224.973,5652.33
2025-04-10,5766.505,5883.459,5766.406,5784.585
2025-04-11,5744.795,5923.136,5743.078,5862.188
2025-04-14,5933.992,5979.902,5914.254,5938.526
2025-04-15,5938.573,5949.861,5872.287,5914.029
2025-04-16,5897.2,5903.119,5758.666,5835.348
2025-04-17,5802.293,5898.179,5801.12,5839.564
2025-04-18,5833.108,5855.692,5793.787,5831.687
2025-04-21,5826.622,5952.718,5802.835,5952.637
2025-04-22,5947.149,5974.317,5923.589,5949.312
2025-04-23,5971.473,6013.275,5954.027,5984.583
2025-04-24,5979.406,5984.367,5897.65,5920.478
2025-04-25,5927.316,5982.715,5901.077,5939.502
2025-04-28,5933.419,5939.958,5868.872,5877.057
2025-04-29,5850.827,5921.556,5836.031,5903.381
2025-04-30,5907.188,5972.655,5907.188,5950.117
2025-05-06,5993.334,6102.922,5993.334,6102.922
2025-05-07,6171.607,6195.139,6063.644,6111.495
2025-05-08,6093.56,6167.146,6087.372,6158.077
2025-05-09,6153.529,6153.529,6054.935,6082.082
2025-05-12,6122.669,6167.461,6110.022,6167.461
2025-05-13,6219.454,6220.445,6141.68,6151.01
2025-05-14,6144.246,6199.299,6111.112,6160.37
2025-05-15,6146.002,6146.002,6055.839,6057.036
2025-05-16,6042.22,6098.878,6042.22,6068.117
2025-05-19,6073.203,6100.802,6009.951,6095.337
2025-05-20,6097.364,6154.954,6078.218,6146.017
2025-05-21,6137.096,6141.726,6109.925,6132.181
2025-05-22,6113.207,6146.201,6062.593,6066.103
2025-05-23,6060.518,6099.227,5989.675,5989.675
2025-05-26,5991.859,6038.806,5981.842,6028.786
2025-05-27,6019.543,6023.144,5971.347,6008.46
2025-05-28,6006.889,6023.825,5972.184,5984.456
2025-05-29,5980.857,6091.962,5980.857,6089.578
2025-05-30,6075.45,6075.45,6016.891,6026.56
2025-06-03,6009.184,6086.616,6008.545,6070.037
2025-06-04,6067.827,6124.703,6067.827,6123.172
2025-06-05,6125.89,6174.85,6101.846,6167.015
2025-06-06,6164.41,6169.568,6137.565,6152.845
2025-06-09,6161.138,6226.383,6158.903,6218.964
2025-06-10,6220.042,6220.042,6098.089,6161.692
2025-06-11,6162.157,6221.202,6162.157,6186.512
2025-06-12,6171.557,6202.727,6151.036,6192.22
2025-06-13,6174.432,6183.714,6088.571,6106.008
2025-06-16,6089.963,6151.513,6089.963,6147.46
2025-06-17,6153.147,6171.165,6120.57,6141.468
2025-06-18,6126.18,6143.209,6086.694,6135.386
2025-06-19,6127.938,6146.642,6028.717,6048.224
2025-06-20,6039.991,6061.841,5997.59,5999.591
2025-06-23,5966.495,6083.527,5965.663,6078.222
2025-06-24,6082.744,6194.666,6082.744,6194.666
2025-06-25,6196.153,6282.112,6194.148,6276.163
2025-06-26,6272.443,6310.536,6244.781,6247.791
2025-06-27,6265.923,6319.161,6257.587,6276.937
2025-06-30,6297.077,6358.026,6292.514,6356.181
2025-07-01,6358.06,6373.768,6308.061,6373.768
2025-07-02,6358.873,6358.873,6285.0,6309.484
2025-07-03,6306.745,6349.145,6295.225,6342.638
2025-07-04,6338.557,6375.067,6292.136,6312.197
2025-07-07,6305.045,6333.512,6303.862,6327.139
2025-07-08,6321.553,6408.114,6318.523,6407.698
2025-07-09,6412.144,6431.091,6375.082,6390.466
2025-07-10,6385.213,6427.739,6367.66,6406.568
2025-07-11,6411.314,6487.44,6388.402,6461.1
2025-07-14,6465.506,6474.934,6443.555,6462.305
2025-07-15,6451.997,6472.527,6381.557,6442.834
2025-07-16,6440.517,6487.83,6433.507,6462.063
2025-07-17,6458.414,6535.671,6451.153,6535.671
2025-07-18,6546.362,6563.817,6521.5,6552.074
2025-07-21,6557.251,6614.606,6555.043,6612.259
2025-07-22,6607.826,6642.235,6597.048,6637.104
2025-07-23,6634.123,6667.858,6594.483,6607.22
2025-07-24,6602.169,6701.12,6602.169,6701.12
2025-07-25,6708.08,6716.703,6674.541,6706.61
2025-07-28,6713.818,6736.079,6679.211,6729.979
2025-07-29,6724.315,6773.884,6684.158,6773.884
2025-07-30,6758.327,6770.883,6662.906,6718.482
2025-07-31,6701.156,6750.078,6639.123,6661.186
2025-08-01,6665.642,6702.679,6625.928,6670.472
2025-08-04,6637.839,6739.725,6631.124,6739.694
2025-08-05,6753.527,6787.481,6744.072,6787.481
2025-08-06,6784.175,6865.017,6774.033,6861.309
2025-08-07,6864.446,6876.497,6813.774,6862.15
2025-08-08,6844.439,6865.838,6816.094,6838.13
2025-08-11,6850.572,6957.404,6850.572,6943.937
2025-08-12,6943.666,6963.804,6894.846,6963.611
2025-08-13,6966.273,7070.504,6966.273,7064.334
2025-08-14,7072.903,7077.809,6957.397,6976.488
2025-08-15,6956.508,7117.51,6956.508,7117.501
2025-08-18,7158.531,7267.981,7143.066,7237.602
2025-08-19,7231.93,7289.032,7193.595,7242.849
2025-08-20,7212.97,7305.461,7166.991,7305.461
2025-08-21,7318.757,7343.174,7215.338,7253.343
2025-08-22,7250.191,7362.94,7250.191,7362.94
2025-08-25,7418.346,7504.009,7405.939,7477.728
2025-08-26,7457.77,7526.166,7435.301,7476.467
2025-08-27,7488.928,7565.353,7336.504,7336.504
2025-08-28,7331.187,7447.11,7216.766,7447.11
2025-08-29,7449.864,7477.204,7380.83,7438.677
2025-09-01,7475.0,7502.592,7424.341,7501.148
2025-09-02,7498.445,7499.602,7258.589,7313.882
2025-09-03,7336.386,7361.028,7182.291,7206.876
2025-09-04,7214.72,7254.999,6939.665,7041.154
2025-09-05,7046.958,7248.577,7017.946,7245.667
2025-09-08,7257.332,7321.157,7220.591,7311.034
2025-09-09,7287.402,7315.967,7198.319,7226.028
2025-09-10,7214.226,7296.001,7179.757,7230.168
2025-09-11,7215.928,7399.885,7161.281,7399.885
2025-09-12,7402.417,7472.874,7387.589,7422.884
2025-09-15,7445.498,7454.295,7404.496,7415.571
2025-09-16,7426.409,7487.066,7364.733,7483.628
2025-09-17,7478.408,7564.816,7461.41,7554.813
2025-09-18,7552.23,7665.97,7393.18,7476.402
2025-09-19,7473.022,7520.919,7405.291,7438.189
2025-09-22,7457.886,7489.478,7418.465,7489.478
2025-09-23,7500.618,7504.231,7261.666,7408.069
2025-09-24,7375.911,7534.222,7342.47,7534.222
2025-09-25,7521.317,7563.079,7487.119,7506.512
2025-09-26,7476.937,7516.111,7396.585,7397.589
2025-09-29,7415.128,7517.118,7376.909,7497.831
2025-09-30,7525.624,7592.914,7524.915,7574.963
2025-10-09,7623.299,7671.171,7590.473,7648.052
2025-10-10,7608.292,7621.976,7513.166,7533.82
2025-10-13,7250.579,7535.207,7250.579,7519.764
2025-10-14,7580.393,7611.826,7342.6,7373.152
2025-10-15,7384.011,7484.049,7315.483,7483.449
2025-10-16,7460.763,7472.755,7378.297,7401.838
2025-10-17,7395.866,7426.21,7176.959,7185.478
2025-10-20,7259.486,7301.988,7196.28,7239.185
2025-10-21,7257.112,7350.923,7236.634,7344.047
2025-10-22,7304.964,7349.797,7278.713,7312.21
2025-10-23,7292.39,7319.55,7192.416,7308.099
2025-10-24,7340.669,7419.407,7340.669,7419.235
2025-10-27,7483.295,7511.414,7430.62,7495.383
2025-10-28,7462.911,7534.051,7443.701,7479.221
2025-10-29,7481.237,7569.117,7469.07,7569.117
2025-10-30,7560.6,7569.156,7476.701,7485.085
2025-10-31,7480.658,7583.033,7480.658,7506.675
2025-11-03,7507.374,7539.327,7417.273,7538.118
2025-11-04,7523.64,7523.64,7387.378,7435.731
2025-11-05,7332.104,7490.904,7332.104,7464.863
2025-11-06,7482.908,7551.83,7466.752,7551.83
2025-11-07,7519.748,7581.56,7492.926,7541.878
2025-11-10,7568.751,7592.757,7515.684,7563.254
2025-11-11,7579.908,7598.988,7530.144,7540.791
2025-11-12,7520.179,7537.761,7421.459,7486.377
2025-11-13,7483.664,7604.891,7475.511,7590.576
2025-11-14,7527.834,7591.315,7502.757,7502.757
2025-11-17,7514.84,7544.723,7487.808,7523.076
2025-11-18,7508.531,7521.656,7412.276,7448.101
2025-11-19,7438.139,7471.732,7348.037,7387.208
2025-11-20,7429.7,7439.044,7332.321,7340.412
2025-11-21,7235.326,7274.334,7067.703,7067.703
2025-11-24,7105.642,7190.723,7064.598,7156.409
2025-11-25,7195.1,7311.727,7194.766,7249.947
2025-11-26,7236.655,7307.199,7225.087,7248.449
2025-11-27,7243.714,7330.6,7243.714,7257.454
2025-11-28,7257.165,7334.21,7239.854,7334.21
2025-12-01,7356.513,7388.618,7342.596,7386.681
2025-12-02,7364.204,7364.204,7299.272,7313.178
2025-12-03,7312.667,7324.211,7220.976,7248.274
2025-12-04,7246.862,7269.902,7185.911,7248.657
2025-12-05,7244.277,7346.999,7194.661,7342.492
2025-12-08,7359.488,7446.192,7359.488,7423.046
2025-12-09,7400.934,7439.546,7370.296,7380.584
2025-12-10,7367.492,7421.423,7332.053,7408.244
2025-12-11,7421.787,7425.441,7311.995,7311.995
2025-12-12,7312.871,7384.848,7284.555,7370.942
2025-12-15,7324.48,7375.612,7305.832,7309.078
2025-12-16,7302.159,7302.159,7143.615,7181.62
2025-12-17,7178.307,7303.375,7149.019,7288.738
2025-12-18,7244.64,7336.732,7241.861,7272.402
2025-12-19,7295.671,7357.042,7279.987,7329.806
2025-12-22,7363.064,7433.428,7363.064,7408.349
2025-12-23,7410.224,7441.412,7363.934,7392.42
2025-12-24,7391.561,7513.254,7386.489,7506.381
2025-12-25,7507.297,7591.782,7502.154,7579.379
2025-12-26,7575.926,7644.84,7550.014,7605.53
2025-12-29,7606.435,7637.91,7574.775,7594.158
2025-12-30,7556.537,7636.153,7552.401,7597.299
2025-12-31,7606.646,7619.221,7560.723,7595.285
2026-01-05,7639.538,7753.959,7623.749,7753.88
2026-01-06,7756.158,7864.903,7755.072,7864.903
2026-01-07,7881.836,7939.752,7864.139,7906.42
2026-01-08,7886.81,7993.631,7886.629,7971.589
2026-01-09,7969.19,8131.491,7969.19,8129.183
2026-01-12,8196.085,8371.749,8171.105,8357.011
2026-01-13,8381.042,8381.042,8177.629,8203.133
2026-01-14,8204.28,8415.098,8154.241,8257.172
2026-01-15,8197.061,8267.813,8151.107,8240.775
2026-01-16,8276.608,8304.399,8180.117,8232.729
2026-01-19,8204.627,8298.48,8187.938,8265.646
2026-01-20,8271.779,8300.05,8104.918,8182.752
2026-01-21,8138.682,8289.134,8136.918,8247.68
2026-01-22,8272.468,8314.216,8252.745,8309.346
2026-01-23,8331.77,8478.556,8323.349,8470.744
2026-01-26,8513.222,8530.417,8302.099,8365.435
2026-01-27,8325.433,8406.099,8186.244,8382.153
2026-01-28,8392.753,8432.62,8334.683,8399.794
2026-01-29,8380.605,8463.125,8308.825,8332.207
2026-01-30,8255.335,8313.227,8083.97,8254.86
2026-02-02,8166.736,8221.582,7974.599,7975.428
2026-02-03,8058.763,8210.047,8023.238,8209.101
2026-02-04,8184.205,8216.204,8101.2,8207.12
2026-02-05,8121.511,8154.558,8027.623,8068.077
2026-02-06,7980.466,8152.322,7950.01,8051.574
2026-02-09,8177.291,8235.155,8149.646,8233.778
2026-02-10,8246.218,8274.143,8199.511,8250.3
2026-02-11,8239.17,8304.125,8236.957,8239.513
2026-02-12,8252.185,8337.371,8227.604,8314.832
2026-02-13,8272.876,8323.715,8200.148,8204.829
2026-02-24,8319.691,8356.914,8236.707,8299.771
2026-02-25,8320.612,8449.763,8310.325,8426.331
2026-02-26,8447.783,8496.748,8398.066,8490.617
2026-02-27,8434.096,8561.295,8433.717,8560.843
2026-03-02,8464.273,8535.807,8393.927,8476.965
2026-03-03,8495.954,8510.854,8128.305,8142.454
2026-03-04,8039.593,8228.895,8039.593,8094.518
2026-03-05,8235.374,8243.829,8121.382,8171.119
2026-03-06,8120.495,8273.68,8115.479,8248.857
2026-03-09,8131.742,8230.656,7983.569,8203.869
2026-03-10,8272.941,8351.666,8271.493,8350.09
2026-03-11,8356.09,8394.122,8334.328,8363.526
2026-03-12,8357.351,8388.633,8267.39,8335.908
2026-03-13,8297.913,8350.917,8196.374,8214.293
2026-03-16,8212.267,8226.032,8089.488,8211.352
2026-03-17,8219.5,8223.989,8019.075,8019.857
2026-03-18,8050.714,8105.806,7970.189,8096.595
2026-03-19,7988.873,8008.389,7874.262,7909.234
2026-03-20,7943.413,7996.164,7781.579,7783.435
2026-03-23,7632.972,7712.04,7357.696,7409.107
2026-03-24,7538.697,7601.883,7361.793,7600.857
2026-03-25,7654.784,7781.197,7654.784,7751.181
2026-03-26,7733.702,7775.893,7614.889,7639.376
2026-03-27,7526.586,7784.547,7526.586,7746.313
2026-03-30,7664.636,7774.851,7618.961,7767.93
2026-03-31,7741.959,7789.239,7618.187,7619.85
2026-04-01,7767.883,7786.759,7692.01,7764.153
2026-04-02,7733.747,7764.027,7581.392,7623.417
2026-04-03,7658.821,7664.756,7521.944,7536.6
2026-04-07,7556.277,7640.505,7554.408,7606.017
2026-04-08,7765.55,7955.768,7765.197,7955.768
2026-04-09,7881.803,7959.067,7872.475,7921.447
2026-04-10,7981.622,8059.755,7981.622,7998.232
2026-04-13,7947.222,8040.026,7947.222,8025.572
2026-04-14,8088.05,8144.762,8059.38,8144.762
2026-04-15,8186.074,8193.296,8083.265,8106.165
2026-04-16,8120.358,8239.008,8100.489,8232.983
2026-04-17,8225.729,8333.222,8223.706,8307.436
2026-04-20,8308.055,8374.812,8308.055,8357.814
2026-04-21,8331.592,8358.124,8270.161,8351.156
2026-04-22,8317.278,8482.153,8317.278,8481.24
2026-04-23,8488.996,8500.438,8302.849,8362.74
2026-04-24,8318.597,8360.79,8254.431,8304.141
2026-04-27,8292.811,8366.312,8249.944,8338.726
2026-04-28,8307.692,8316.267,8187.239,8226.692
2026-04-29,8163.348,8361.487,8163.348,8343.065
2026-04-30,8345.247,8402.356,8324.294,8381.947
2026-05-06,8462.023,8610.881,8462.023,8574.556
2026-05-07,8602.146,8716.861,8573.295,8714.51
2026-05-08,8655.127,8760.194,8651.059,8741.151
2026-05-11,8807.905,8888.873,8760.714,8866.779
2026-05-12,8880.415,8881.902,8749.722,8821.887
2026-05-13,8764.023,8958.456,8764.023,8955.447
2026-05-14,8989.487,8991.85,8778.709,8778.709
2026-05-15,8786.382,8846.515,8616.06,8682.654
2026-05-18,8645.763,8766.306,8610.742,8720.213
2026-05-19,8691.384,8812.031,8602.046,8808.645
2026-05-20,8769.097,8823.684,8697.4,8808.91
2026-05-21,8852.434,8896.6,8500.92,8510.496
2026-05-22,8578.9,8719.387,8521.695,8692.666
2026-05-25,8756.458,8802.946,8670.716,8799.312
2026-05-26,8755.908,8756.463,8560.804,8687.253
2026-05-27,8679.536,8737.055,8495.723,8546.514
2026-05-28,8527.909,8659.61,8459.949,8637.743
2026-05-29,8673.798,8680.266,8357.801,8408.736
2026-06-01,8393.518,8504.983,8339.353,8345.129
2026-06-02,8360.807,8440.232,8219.153,8384.781
2026-06-03,8386.858,8549.249,8357.464,8432.679
2026-06-04,8338.854,8456.017,8338.854,8420.095
2026-06-05,8380.852,8500.1,8305.396,8340.963
2026-06-08,8069.482,8260.192,7987.396,8081.261
2026-06-09,8178.823,8322.109,8096.577,8318.698
2026-06-10,8232.024,8285.286,8103.01,8198.723
2026-06-11,8158.46,8223.527,8084.9,8159.455
2026-06-12,8294.897,8348.786,8181.417,8202.799
2026-06-15,8269.397,8521.233,8269.397,8521.233
2026-06-16,8534.27,8684.65,8508.908,8646.403
2026-06-17,8581.65,8705.403,8581.65,8704.468
2026-06-18,8666.638,8796.485,8664.278,8771.024
2026-06-22,8813.725,8865.815,8609.611,8865.676
2026-06-23,8838.763,8862.719,8626.101,8680.039
2026-06-24,8650.816,8803.501,8581.751,8793.487
2026-06-25,8806.071,8872.123,8743.249,8825.92
2026-06-26,8771.598,8797.282,8563.695,8601.408
2026-06-29,8616.424,8677.63,8413.864,8597.893
2026-06-30,8574.25,8815.108,8547.312,8809.786
2026-07-01,8827.47,8944.195,8806.646,8876.63
2026-07-02,8688.291,8865.966,8598.869,8625.334
2026-07-03,8627.382,8740.668,8559.285,8620.789
2026-07-06,8669.123,8694.805,8432.897,8472.603
2026-07-07,8436.389,8489.476,8261.398,8301.804
2026-07-08,8315.962,8328.965,8117.861,8117.861
2026-07-09,8161.859,8312.621,7978.806,8300.077
2026-07-10,8312.492,8438.194,8198.308,8198.308
2026-07-13,8124.363,8171.504,7769.292,7787.853
2026-07-14,7799.813,7934.103,7657.671,7925.123
2026-07-15,7959.374,7979.077,7783.219,7817.831
2026-07-16,7713.135,7836.39,7591.421,7631.762
2026-07-17,7599.388,7605.613,7163.309,7167.996
2026-07-20,7256.267,7298.122,6824.145,6965.376
2026-07-21,6975.893,7264.338,6714.187,7259.863
2026-07-22,7196.863,7302.454,7118.66,7158.762
2026-07-23,7169.543,7247.141,7113.498,7195.5
2026-07-24,7109.248,7174.552,6995.693,6995.693
2026-07-27,6981.165,7228.785,6972.282,7228.785
2026-07-28,7135.735,7189.177,6992.944,7026.276
2026-07-29,7020.223,7132.352,6897.392,7095.186
2026-07-30,7053.09,7121.523,6841.751,6900.658
2026-07-31,7082.754,7218.061,7071.048,7075.507
2026-08-03,7055.271,7118.097,7042.889,7079.776
2026-08-04,7128.494,7307.171,7102.46,7279.193
2026-08-05,7253.225,7523.498,7253.225,7493.048
2026-08-06,7440.008,7564.692,7434.494,7530.425
2026-08-07,7534.242,7685.57,7448.459,7679.529
2026-08-10,7723.38,7736.102,7621.65,7733.9
2026-08-11,7686.042,7789.21,7642.437,7698.048
2026-08-12,7704.959,7805.272,7692.438,7793.717
2026-08-13,7847.238,7880.217,7714.367,7715.895
2026-08-14,7750.987,7784.377,7673.441,7769.82
2026-08-17,7797.184,7968.383,7750.433,7968.383
2026-08-18,7969.374,7995.501,7842.246,7945.964
2026-08-19,7795.259,7821.177,7490.212,7517.768
2026-08-20,7602.498,7656.613,7541.475,7589.779
2026-08-21,7555.548,7634.084,7472.495,7601.804
2026-08-24,7614.889,7633.336,7377.724,7491.49
2026-08-25,7420.767,7556.066,7347.953,7527.498
2026-08-26,7536.374,7601.838,7467.414,7544.67
2026-08-27,7551.443,7734.309,7531.784,7732.945
