date,300750,300502,601318,601899,600519,600036,000333,688256,603259,600900,002371,688012,002475,601166,600030,603986,688981,601398,601138,002384,300059,002594,688008,688041,600183,000725,600276,601211,601288,600919,000651,300394,002463,601328,600887,603993,600150,300476,300408,601857,601816,000338,600309,000858,688072,300274,601088,600000,603019,600031,300124,002415,000001,002714,601688,000063,601601,601225,600584,601919,000100,600176,000988,300308,600111,601728,301308,300760,600089,600522,601229,601988,601939,600660,600406,000792,600941,601668,002916,000938,002142,000977,688521,600926,600016,002028,600938,002602,300014,002050,600028,002353,601169,600690,002230,601600,300433,300498,601766,002352,600489,601012,601985,603501,601009,300033,002938,600547,600050,000425,000776,002460,601872,000408,002241,603799,600999,000657,600549,601658,688111,600809,601006,000568,000807,603288,601100,601818,600160,600989,300442,600905,000630,002837,600760,601628,688271,002709,601825,002466,601888,600893,600010,600362,002202,600019,002027,601336,002625,300661
2023-01-03,389.64,24.7,47.15,10.53,1730.01,37.58,51.88,56.78,81.69,20.91,230.3,99.9,31.52,17.77,19.9,103.2,41.54,4.31,9.31,24.69,19.27,260.48,62.59,42.02,15.18,3.45,38.44,13.45,2.9,7.32,32.5,26.14,12.61,4.74,30.7,4.63,22.9,13.26,30.8,5.01,4.86,10.27,92.4,178.2,223.5,115.61,28.01,7.23,22.81,15.8,70.01,34.29,13.77,47.44,11.89,25.93,23.92,18.68,23.42,10.28,3.78,13.94,17.05,28.3,25.77,4.35,61.59,311.36,20.17,16.9,5.91,3.16,5.63,35.5,25.12,23.1,71.95,5.49,73.35,20.37,32.21,22.64,45.23,13.3,3.44,39.47,15.48,3.76,87.47,20.82,4.4,28.75,4.29,24.37,34.37,4.54,10.79,19.33,5.13,57.78,8.41,42.03,6.09,77.49,10.48,98.08,27.96,19.49,4.93,5.14,15.16,70.91,5.82,26.53,17.41,56.2,13.25,16.38,20.27,4.66,283.94,275.84,6.62,219.86,11.12,77.69,61.71,3.04,15.9,12.3,42.1,5.84,3.16,34.94,60.43,36.7,180.72,44.42,5.9,81.36,214.1,43.78,1.93,17.5,11.29,5.6,6.81,30.11,17.38,171.06
2023-01-04,384.01,24.81,48.53,10.3,1725.01,38.65,53.75,56.94,82.6,20.83,226.3,98.66,28.37,18.07,20.15,100.41,41.92,4.36,9.35,22.38,19.35,259.1,63.24,41.05,15.23,3.51,38.77,13.46,2.93,7.53,33.31,26.81,12.3,4.8,30.58,4.57,23.0,13.27,29.82,4.99,4.85,10.39,92.45,178.62,210.8,112.25,27.73,7.31,22.96,16.05,66.7,33.92,14.32,47.46,11.9,26.44,24.71,18.26,23.54,10.23,3.85,13.88,17.04,28.68,25.5,4.38,61.05,318.45,19.72,16.19,5.98,3.2,5.68,35.06,24.16,22.97,73.37,5.6,73.26,22.41,33.48,22.89,45.48,13.53,3.47,38.73,15.29,3.9,84.08,20.6,4.41,28.39,4.33,24.86,34.15,4.45,10.7,19.17,5.16,57.63,8.34,40.65,6.07,77.89,10.75,99.94,26.4,19.58,5.02,5.25,15.18,68.41,5.72,25.9,16.92,55.61,13.29,15.79,19.86,4.76,281.58,276.0,6.63,221.0,10.88,77.0,62.4,3.11,16.0,12.15,42.54,5.82,3.09,34.88,59.75,37.73,183.96,42.91,5.96,79.05,215.11,43.84,1.94,17.22,11.17,5.65,6.92,31.22,17.45,167.01
2023-01-05,407.51,25.07,48.93,10.39,1801.0,38.5,54.91,56.8,87.97,20.77,228.31,99.45,29.4,18.09,20.44,102.66,41.87,4.33,9.49,23.7,20.37,265.08,65.13,41.47,15.2,3.52,39.55,13.61,2.93,7.55,34.2,26.8,12.48,4.81,31.54,4.6,23.08,13.4,30.3,4.98,4.85,10.7,92.9,189.0,205.58,113.91,27.6,7.35,23.09,16.34,66.65,34.35,14.48,47.71,12.06,26.44,25.0,18.36,24.0,10.23,3.84,13.92,17.18,28.67,25.83,4.36,63.7,320.15,19.9,16.4,5.97,3.2,5.68,35.48,24.42,23.26,73.99,5.59,73.95,24.65,33.1,22.88,45.7,13.58,3.48,39.02,15.28,3.88,87.88,20.88,4.39,28.04,4.3,25.71,34.42,4.48,10.8,18.8,5.16,60.22,8.24,41.07,6.04,79.5,10.75,103.76,26.98,19.38,5.07,5.28,15.63,70.03,5.73,26.17,18.61,58.98,13.45,15.97,20.26,4.74,275.8,286.06,6.62,234.59,10.82,79.96,63.4,3.1,16.11,12.29,43.5,5.83,3.05,35.47,60.18,37.93,181.66,44.59,5.96,81.79,225.9,44.14,1.93,17.22,11.19,5.76,7.39,31.94,17.66,168.15
2023-01-06,416.66,25.22,49.74,10.43,1803.77,38.38,54.01,56.65,87.57,20.89,228.32,99.49,28.85,18.1,20.41,102.88,41.68,4.34,9.38,23.58,20.37,266.2,64.05,42.37,15.12,3.62,39.31,13.61,2.92,7.57,34.1,26.46,12.43,4.81,31.5,4.62,22.64,13.38,30.15,4.97,4.83,10.65,93.68,190.46,208.02,120.1,27.62,7.34,23.0,16.5,67.12,33.75,14.62,47.49,12.0,26.0,24.83,18.96,23.98,10.26,3.86,14.0,17.18,28.42,26.38,4.3,63.61,318.1,20.19,16.48,5.96,3.21,5.67,36.0,24.56,23.35,73.46,5.52,73.75,23.46,32.63,22.83,45.61,13.55,3.47,40.4,15.32,3.85,89.85,21.08,4.38,28.6,4.28,25.64,33.94,4.5,10.58,18.91,5.14,59.61,8.22,42.67,6.06,81.57,10.76,104.44,26.96,19.2,4.99,5.27,15.66,71.56,5.85,26.5,18.26,59.76,13.5,16.14,20.76,4.73,278.49,287.5,6.58,234.57,11.0,79.3,63.99,3.08,16.4,12.43,46.58,5.97,3.04,36.1,60.03,37.03,176.39,44.91,5.94,84.25,224.67,43.97,1.93,17.34,11.28,5.9,6.88,32.11,17.61,166.0
2023-01-09,416.6,24.96,50.91,11.44,1841.2,38.8,54.11,56.89,89.39,20.78,229.4,98.6,29.09,18.08,20.65,105.06,41.53,4.33,9.51,23.81,21.07,263.38,63.85,41.99,14.99,3.65,39.55,13.73,2.92,7.53,34.09,26.27,12.41,4.81,31.6,4.84,22.39,13.5,32.01,4.98,4.97,10.87,93.11,195.88,215.03,120.5,27.7,7.34,22.95,16.95,68.05,33.07,14.8,48.69,12.13,25.64,24.89,19.15,24.02,10.23,3.86,14.25,17.28,28.2,26.65,4.35,64.95,318.64,20.18,16.89,5.98,3.19,5.63,35.7,25.83,23.3,73.34,5.53,73.99,23.4,32.83,22.86,45.6,13.59,3.46,40.92,15.5,3.87,87.83,21.63,4.38,28.51,4.26,25.56,34.04,4.69,10.57,19.47,5.15,59.3,8.41,42.27,6.06,83.02,10.78,107.3,27.35,19.96,4.98,5.39,16.28,72.28,5.83,26.77,18.36,59.56,13.62,16.3,21.26,4.76,273.27,289.98,6.55,238.46,11.53,80.23,66.2,3.08,16.43,12.72,46.75,5.91,3.19,35.73,58.48,37.27,175.55,46.13,5.95,85.02,225.68,42.54,1.95,18.28,11.3,5.89,7.07,32.55,17.43,166.87
2023-01-10,432.0,24.89,49.21,11.41,1854.45,38.25,53.5,57.14,89.53,20.63,230.5,100.14,29.65,17.78,20.44,106.38,41.56,4.3,9.4,24.52,21.0,266.59,63.46,42.21,15.01,3.67,39.38,13.72,2.91,7.42,34.12,26.24,12.53,4.79,32.51,4.83,22.0,13.41,31.82,4.96,4.92,10.73,90.9,195.24,218.9,121.92,27.44,7.28,22.85,16.88,67.9,33.34,14.44,48.29,12.11,25.49,24.16,19.0,25.1,10.19,3.87,14.27,17.11,28.25,26.51,4.31,67.82,328.09,20.08,16.82,5.93,3.18,5.6,36.32,26.2,23.09,73.06,5.43,74.52,22.87,32.51,22.81,46.1,13.38,3.43,41.18,15.43,3.94,88.01,22.37,4.37,28.33,4.23,25.75,34.12,4.77,10.64,19.18,5.13,59.1,8.64,42.57,5.98,85.49,10.57,108.0,27.66,19.9,4.98,5.51,16.25,73.38,5.75,26.77,18.28,61.14,13.61,15.98,20.85,4.75,272.37,294.0,6.53,239.0,12.04,80.15,66.2,3.05,16.43,12.7,48.54,5.87,3.19,36.07,57.68,36.4,180.7,47.15,5.91,85.93,231.98,41.81,1.91,18.35,11.21,5.83,7.03,31.71,17.3,166.0
2023-01-11,427.86,24.52,50.7,11.49,1844.95,38.92,54.5,56.37,89.56,20.82,228.9,100.03,29.36,17.98,20.34,107.1,41.18,4.31,9.36,24.47,20.91,268.99,63.73,41.49,15.06,3.68,38.45,13.64,2.91,7.5,34.43,26.09,12.37,4.83,32.45,4.87,22.08,13.33,31.69,4.97,4.82,10.68,90.47,194.1,222.2,121.96,28.82,7.3,22.57,16.72,65.68,32.89,14.67,48.44,12.02,26.29,25.08,19.63,26.15,10.15,3.85,14.34,17.31,27.96,26.53,4.35,65.43,324.72,20.11,16.39,5.92,3.19,5.64,36.18,25.92,22.95,74.29,5.43,73.73,23.16,33.7,22.51,45.63,13.35,3.44,40.52,15.49,3.81,82.98,23.02,4.41,28.62,4.24,26.08,33.2,4.79,10.51,19.42,5.19,58.66,8.55,42.4,5.97,83.5,10.61,107.82,27.6,19.78,4.96,5.5,15.47,72.06,5.93,26.57,17.88,60.8,13.58,15.6,20.86,4.83,267.56,294.0,6.58,237.0,12.49,78.9,67.15,3.05,16.26,12.72,49.42,5.82,3.29,35.62,57.65,36.99,175.94,46.62,5.92,84.29,228.6,41.31,1.91,18.56,11.15,5.88,6.76,32.45,17.24,161.68
2023-01-12,433.5,24.68,50.91,11.42,1834.0,39.05,54.77,55.73,90.92,20.68,225.61,99.25,29.46,18.05,20.46,106.33,40.82,4.3,9.32,24.84,21.1,277.3,63.43,40.71,14.97,3.73,37.79,13.7,2.92,7.56,34.12,26.19,12.49,4.83,32.23,4.92,22.07,13.32,31.67,5.04,4.86,10.75,91.2,193.39,219.98,120.39,28.8,7.27,22.63,16.75,66.79,32.66,14.67,48.25,12.05,26.6,25.38,19.66,26.28,10.06,3.86,14.3,17.35,28.11,26.52,4.4,64.32,321.8,20.21,16.69,5.91,3.19,5.61,36.6,26.5,23.55,75.95,5.39,73.78,23.29,33.66,22.61,45.72,13.38,3.41,40.8,15.75,3.78,84.85,23.04,4.44,28.4,4.22,25.74,33.31,4.79,10.45,19.57,5.14,58.11,8.49,43.39,5.98,83.75,10.74,109.7,27.62,19.58,5.11,5.47,15.63,73.13,6.07,26.6,18.28,63.26,13.67,15.68,20.88,4.86,270.81,297.3,6.57,236.66,12.68,79.0,66.75,3.06,16.34,12.66,47.4,5.86,3.32,36.05,57.53,37.12,171.98,47.62,5.91,85.26,225.02,41.44,1.9,18.49,11.21,5.93,6.79,32.26,16.87,162.26
2023-01-13,439.5,24.52,52.35,11.55,1887.0,39.66,55.95,56.09,91.0,20.93,227.11,100.15,29.24,18.23,20.75,108.43,41.3,4.34,9.43,24.83,21.75,278.58,61.5,40.62,15.08,3.76,39.27,13.88,2.94,7.59,34.45,25.94,12.27,4.87,32.59,4.88,21.95,13.3,31.27,5.09,4.95,10.93,93.33,198.58,224.58,120.32,28.98,7.34,22.7,17.02,69.01,33.64,14.95,49.4,12.2,26.43,25.95,19.73,26.26,10.13,3.86,14.54,17.39,27.82,26.68,4.44,64.8,330.82,20.12,16.46,5.98,3.23,5.64,35.98,26.5,23.45,75.45,5.45,74.25,23.6,33.97,22.65,46.25,13.55,3.45,40.22,15.76,3.8,84.0,23.8,4.45,29.69,4.25,26.39,33.26,4.87,10.52,20.31,5.18,60.38,8.58,43.4,5.99,84.37,10.79,110.8,27.88,19.6,5.06,5.63,16.42,73.54,6.07,26.89,18.07,63.06,13.89,15.46,20.82,4.89,268.51,306.56,6.68,244.3,12.7,82.31,67.23,3.09,16.06,12.67,46.47,5.84,3.34,35.55,57.73,38.05,174.0,48.8,5.93,85.64,228.5,41.72,1.91,18.52,11.11,5.98,7.02,33.89,17.0,162.4
2023-01-16,446.63,25.1,52.09,11.51,1912.9,40.47,57.7,57.79,98.18,20.97,236.0,104.66,29.78,18.23,21.54,115.02,41.92,4.34,9.5,25.0,22.52,273.8,61.5,41.61,15.38,3.87,43.13,14.23,2.91,7.51,35.48,26.5,12.4,4.84,33.4,4.88,23.18,13.6,32.31,5.11,4.96,10.97,95.46,206.52,239.79,121.58,28.62,7.33,23.34,17.02,67.26,34.67,15.08,50.0,12.7,26.8,26.23,19.62,26.49,10.2,3.99,14.54,17.53,28.21,27.01,4.35,67.36,341.88,20.32,16.42,6.01,3.21,5.62,37.35,26.79,23.99,73.81,5.46,75.25,23.73,34.2,23.2,48.09,13.4,3.47,43.45,15.75,3.86,83.33,24.42,4.47,31.18,4.25,27.22,35.18,4.92,11.06,21.25,5.2,61.09,8.57,44.0,6.0,91.25,10.6,116.72,28.14,19.82,5.02,5.69,17.72,74.33,6.13,26.96,18.56,63.21,14.33,15.51,20.9,4.82,278.99,311.9,6.67,252.0,12.78,85.08,66.49,3.07,16.01,12.99,46.0,5.86,3.34,35.65,58.4,37.43,185.9,46.66,5.93,87.22,232.8,42.63,1.93,18.44,11.16,6.12,7.07,33.35,17.44,172.3
2023-01-17,445.61,25.17,51.5,11.29,1908.0,40.68,58.0,58.05,95.66,20.68,242.56,106.32,31.04,18.2,21.63,120.01,42.1,4.33,9.52,25.85,22.8,269.99,62.14,41.8,15.6,3.9,42.18,14.3,2.91,7.54,35.45,26.38,12.65,4.86,33.75,4.85,23.63,13.7,33.48,5.08,4.89,10.94,95.65,202.86,255.89,121.7,28.66,7.3,23.17,17.18,68.53,34.75,14.97,49.43,12.93,26.53,25.86,19.81,26.69,10.27,4.02,14.55,18.08,28.32,27.17,4.3,67.56,339.33,20.36,16.09,6.0,3.22,5.6,36.81,27.2,24.84,73.43,5.39,76.31,24.06,33.78,23.12,49.63,13.36,3.47,43.51,15.47,3.82,83.79,24.6,4.45,32.1,4.23,26.94,35.5,4.89,11.12,20.73,5.22,60.59,8.49,44.28,5.97,93.0,10.74,117.35,28.55,19.62,4.95,5.63,17.78,74.78,6.04,27.13,18.6,63.84,14.38,15.38,20.91,4.78,276.9,306.0,6.66,249.01,12.79,84.5,69.04,3.06,16.05,13.11,46.13,5.8,3.42,35.57,58.85,36.1,183.18,47.07,5.96,86.64,230.99,43.21,1.93,18.36,11.19,6.07,6.88,33.06,17.51,180.93
2023-01-18,448.5,25.3,51.55,11.39,1893.0,40.38,57.6,58.5,94.73,20.7,239.2,106.36,30.8,18.04,21.38,116.69,42.0,4.34,9.53,26.71,22.67,269.0,62.14,41.99,15.84,3.93,41.57,14.25,2.92,7.55,35.21,26.82,12.53,4.87,32.23,4.99,23.6,13.69,33.06,5.09,4.89,10.95,94.93,205.8,251.9,121.7,28.51,7.31,23.39,17.1,66.8,35.16,15.11,48.55,12.86,26.8,25.81,19.84,26.5,10.26,4.04,14.59,18.21,28.7,27.11,4.39,69.0,337.11,20.38,16.45,6.0,3.21,5.61,36.91,27.03,24.63,74.52,5.37,76.45,23.87,33.72,23.4,49.85,13.4,3.48,44.92,15.8,3.93,84.28,24.9,4.47,32.75,4.24,26.55,35.38,5.01,11.14,20.66,5.21,60.91,8.51,44.73,5.98,93.18,10.68,118.05,28.92,19.65,5.07,5.59,17.81,75.88,6.29,27.13,18.5,64.36,14.33,15.96,21.19,4.86,282.75,299.13,6.65,246.5,13.02,83.06,67.99,3.09,16.18,13.15,48.0,5.78,3.5,35.15,58.85,36.2,180.12,47.01,5.98,87.99,229.3,43.16,1.93,19.04,11.25,6.09,6.8,32.72,17.77,183.8
2023-01-19,446.77,25.42,51.81,11.58,1880.21,40.65,57.38,61.0,97.49,20.42,245.66,108.93,31.0,18.07,21.62,118.83,42.5,4.33,9.53,26.5,23.34,270.5,62.97,44.9,16.0,4.04,43.64,14.41,2.92,7.52,35.1,27.09,12.65,4.88,32.42,5.04,23.6,13.9,35.0,5.1,4.91,11.05,95.85,205.3,266.5,120.1,28.56,7.33,23.9,17.12,67.81,36.79,15.09,47.99,13.05,26.81,25.84,19.89,26.91,10.27,4.13,14.59,18.77,28.86,27.4,4.41,70.52,341.51,20.43,15.16,6.04,3.22,5.62,37.32,26.92,24.79,74.58,5.39,77.39,23.85,33.26,23.78,57.18,13.31,3.48,43.57,15.71,3.96,83.75,24.93,4.49,32.09,4.26,26.36,38.61,5.03,11.26,20.75,5.24,61.03,8.47,44.73,6.0,97.45,10.64,120.4,29.58,19.37,5.17,5.58,18.16,75.78,6.3,27.17,18.72,64.4,14.59,15.69,21.21,4.83,294.68,298.48,6.66,247.38,12.9,80.65,67.93,3.09,16.03,13.2,48.36,5.75,3.53,34.51,59.54,35.99,186.3,46.68,5.95,89.03,231.64,43.6,1.94,19.28,11.33,6.08,7.0,33.0,17.98,187.2
2023-01-20,452.0,25.6,52.1,11.91,1860.01,41.05,57.08,61.03,97.5,21.03,245.69,108.35,31.09,17.96,21.67,122.63,42.59,4.33,9.53,26.45,23.23,270.07,64.65,44.98,16.04,4.03,43.54,14.49,2.92,7.52,35.05,27.24,12.73,4.87,32.33,5.13,23.66,14.08,34.5,5.19,4.93,11.07,94.92,208.72,258.81,128.55,28.71,7.36,24.19,17.27,71.11,36.73,15.13,48.1,13.13,27.36,26.29,20.02,27.25,10.42,4.12,14.75,18.7,28.99,28.71,4.85,70.06,341.05,21.24,15.46,6.05,3.22,5.63,37.15,26.79,25.02,77.87,5.57,77.4,23.76,33.21,23.86,55.7,13.28,3.5,44.16,16.19,3.97,84.87,24.59,4.54,32.27,4.27,26.39,37.88,5.2,11.27,20.66,5.3,60.37,8.7,47.15,6.02,96.58,10.66,118.9,29.42,20.0,5.53,5.66,17.8,78.2,6.34,28.0,18.85,65.0,14.6,16.25,21.46,4.9,294.7,296.4,6.7,247.8,13.43,79.74,68.16,3.1,16.27,13.3,48.53,5.8,3.52,35.53,59.57,36.1,186.48,47.58,5.97,93.98,230.5,43.8,2.01,19.6,11.51,6.13,7.0,33.13,18.15,186.75
2023-01-30,470.65,25.76,51.48,11.53,1888.0,42.03,55.65,64.31,96.34,20.91,244.13,106.9,32.64,17.9,21.61,121.25,42.37,4.32,9.64,29.1,22.9,281.99,59.84,44.2,16.23,4.08,43.25,14.42,2.92,7.48,35.05,27.38,12.72,4.88,33.25,5.5,23.68,14.23,34.47,5.21,4.91,11.24,97.87,217.6,250.4,130.9,28.06,7.4,24.33,17.26,72.42,37.05,15.15,48.15,13.03,27.01,26.0,19.55,27.16,10.42,4.24,14.74,18.82,28.91,29.13,5.0,72.0,339.36,21.24,15.63,6.04,3.23,5.63,38.93,26.36,24.87,75.6,5.5,77.98,23.37,33.62,23.92,56.43,13.16,3.5,44.0,16.06,3.97,87.67,26.26,4.52,32.66,4.26,26.15,41.67,5.26,13.39,20.07,5.35,58.87,8.66,48.0,6.03,96.3,10.51,120.4,29.41,19.85,5.33,5.73,17.65,79.25,6.27,28.09,20.16,66.23,14.43,16.52,21.71,4.85,302.08,296.93,6.67,249.23,13.33,80.29,66.82,3.08,16.1,13.41,47.31,5.79,3.43,34.89,61.24,34.8,183.89,48.94,5.96,96.97,217.49,45.29,2.04,19.4,11.6,6.13,6.92,31.77,18.26,191.01
2023-01-31,465.2,25.14,50.98,11.79,1845.76,41.21,55.2,62.1,93.25,20.79,234.29,104.89,32.48,17.62,21.41,114.55,41.86,4.32,9.51,28.6,22.49,285.8,55.41,43.01,16.15,3.98,42.21,14.27,2.91,7.42,34.63,28.42,12.72,4.85,32.58,5.67,23.71,14.21,33.33,5.17,4.92,11.21,96.61,209.0,234.97,130.0,28.39,7.37,24.11,17.52,71.18,35.85,14.99,49.94,12.97,26.64,25.8,19.55,26.68,10.63,4.2,14.75,18.76,29.1,29.03,5.0,68.64,332.64,21.28,16.35,5.99,3.22,5.61,39.04,26.39,25.03,76.16,5.54,76.31,23.0,32.8,23.66,54.99,13.02,3.49,43.53,15.89,3.97,88.05,25.56,4.52,32.36,4.25,25.7,40.58,5.29,13.29,20.14,5.35,58.64,8.64,48.15,6.04,94.16,10.39,117.95,28.83,19.79,5.23,5.82,17.4,78.83,6.39,27.86,20.68,65.73,14.29,16.4,22.15,4.81,281.3,291.55,6.7,237.0,13.45,79.34,65.43,3.07,16.57,13.38,47.6,5.75,3.49,35.75,61.06,34.04,181.9,49.08,5.91,95.98,212.3,45.35,2.04,19.44,11.72,6.18,6.95,31.12,18.37,178.0
2023-02-01,476.8,25.79,51.35,12.27,1844.97,40.54,55.5,64.74,93.88,20.79,238.16,105.79,33.11,17.5,22.09,115.0,43.46,4.31,9.58,29.07,23.36,304.33,56.38,43.8,16.48,4.05,42.64,14.55,2.92,7.39,34.95,28.48,13.99,4.86,32.58,6.01,23.86,14.52,33.4,5.2,4.92,11.5,96.95,210.06,239.65,126.04,28.28,7.36,24.7,17.23,71.5,36.25,14.7,50.5,13.22,26.98,25.99,19.44,27.59,10.84,4.23,14.87,19.1,29.83,30.8,5.03,69.61,330.99,21.57,16.56,6.01,3.22,5.62,39.1,26.5,25.38,77.05,5.57,79.77,23.3,32.53,24.18,56.85,13.04,3.5,43.7,16.03,4.11,90.05,26.0,4.52,32.42,4.26,25.76,42.99,5.54,13.32,20.51,5.42,57.85,8.86,48.69,6.09,94.82,10.4,123.0,29.23,20.19,5.28,5.9,17.88,80.48,6.55,28.12,20.69,67.89,14.56,17.24,23.48,4.76,291.0,290.93,6.7,238.48,13.8,79.24,66.28,3.06,16.63,13.74,47.76,5.79,3.59,35.15,61.3,33.94,185.22,49.86,5.93,97.09,212.85,45.96,2.1,19.71,11.77,6.3,6.8,31.19,18.5,177.0
2023-02-02,466.1,26.14,50.83,12.07,1836.11,40.03,53.96,69.9,95.0,20.95,255.59,108.93,32.63,17.41,21.43,117.09,43.42,4.3,9.55,28.51,22.7,302.62,56.53,45.78,16.61,4.01,43.0,14.38,2.92,7.41,34.88,29.39,14.08,4.85,32.52,5.92,23.59,14.5,33.1,5.18,4.86,11.45,100.04,212.51,249.45,124.25,28.49,7.36,24.85,16.99,71.73,36.39,14.6,50.51,13.03,26.95,25.85,19.62,27.61,10.83,4.19,15.1,19.03,30.35,30.39,5.14,70.81,329.01,21.45,16.04,6.0,3.21,5.61,39.3,26.23,25.43,76.61,5.53,80.18,22.85,32.24,24.1,57.8,12.91,3.48,42.7,16.1,4.16,90.2,25.81,4.52,32.42,4.25,26.36,42.88,5.49,13.23,20.73,5.39,58.45,8.97,48.65,6.05,95.1,10.28,121.8,29.22,20.41,5.2,5.77,17.32,79.56,6.59,28.25,20.11,67.37,14.36,17.25,23.44,4.74,306.18,291.4,6.69,239.02,13.73,79.88,64.93,3.05,16.93,13.77,47.65,5.74,3.56,35.4,59.99,33.89,184.38,49.02,5.92,94.84,215.22,45.28,2.1,19.47,11.68,6.29,6.83,30.88,18.08,182.09
2023-02-03,456.2,26.39,49.6,11.85,1818.0,39.3,53.31,71.11,93.8,20.92,252.81,108.2,32.78,17.26,21.36,117.52,43.33,4.3,9.36,28.66,22.58,295.0,56.51,47.68,16.6,4.01,42.8,14.28,2.91,7.36,34.7,31.78,14.1,4.84,32.03,5.89,23.91,14.77,33.18,5.17,4.78,11.58,99.98,210.0,245.96,122.94,28.25,7.27,25.1,16.66,71.81,36.7,14.32,50.12,12.9,27.11,25.5,19.26,27.87,10.65,4.17,14.71,19.19,31.56,29.55,5.13,70.13,325.52,21.11,15.36,5.95,3.21,5.6,39.45,26.13,25.11,77.81,5.41,80.32,23.12,31.83,24.42,58.89,12.74,3.45,43.54,15.89,4.18,88.38,25.3,4.47,31.71,4.24,25.91,43.86,5.35,13.33,20.36,5.36,57.71,8.8,47.01,6.01,94.07,10.15,120.96,29.19,19.95,5.24,5.8,17.13,78.5,6.79,28.0,22.12,65.68,14.25,17.36,24.53,4.68,323.0,286.58,6.65,235.3,13.54,78.59,65.05,3.03,16.6,13.73,47.6,5.69,3.5,35.54,60.47,33.51,190.0,48.13,5.91,93.16,210.96,46.76,2.09,19.23,11.56,6.11,6.78,30.45,18.32,183.66
2023-02-06,450.6,27.24,48.16,11.39,1795.0,38.35,51.25,72.84,91.44,20.98,254.0,107.33,31.92,17.15,20.85,114.39,43.0,4.29,9.33,28.42,21.92,289.98,56.88,49.1,16.24,4.03,42.49,14.16,2.92,7.31,33.84,32.38,13.76,4.84,31.12,5.71,23.55,14.86,32.6,5.15,4.76,11.68,99.19,201.7,243.4,121.39,28.12,7.25,25.43,16.48,71.3,36.52,14.0,50.3,12.69,26.83,25.54,19.09,27.45,10.68,4.14,14.48,19.18,32.04,29.38,5.05,67.5,316.49,21.25,15.27,5.92,3.2,5.59,38.59,26.02,24.93,78.35,5.4,79.15,22.8,31.11,25.25,58.4,12.71,3.43,44.69,15.9,4.22,86.79,24.89,4.49,31.65,4.23,25.49,47.9,5.3,13.21,20.69,5.38,57.0,8.57,46.4,6.0,92.37,10.16,119.04,28.85,19.11,5.03,5.77,16.67,77.18,6.81,27.98,22.76,64.75,14.02,16.68,23.2,4.65,314.79,281.35,6.65,234.03,13.43,78.6,65.05,3.01,16.05,13.45,51.97,5.72,3.42,35.06,59.91,33.49,190.21,47.18,5.89,91.59,206.16,45.87,2.05,19.04,11.54,6.04,6.65,29.95,18.73,178.6
2023-02-07,448.1,28.95,48.7,11.56,1797.0,38.41,51.5,75.7,91.7,21.3,249.64,104.65,31.74,17.17,20.9,113.49,43.18,4.29,9.27,29.0,22.1,289.0,56.88,49.66,16.49,4.02,42.1,14.19,2.92,7.37,34.42,34.19,13.85,4.85,31.02,5.89,23.59,15.03,32.41,5.17,4.78,11.83,98.04,203.17,237.0,119.99,28.15,7.24,26.09,16.52,71.34,37.26,14.21,49.65,12.7,27.17,25.4,19.1,27.37,10.7,4.15,14.69,19.68,33.83,29.12,5.03,67.46,317.19,21.22,15.19,5.93,3.19,5.59,38.69,26.15,25.1,76.8,5.5,79.95,23.35,31.5,26.79,58.8,12.73,3.44,43.06,16.0,4.37,84.99,27.38,4.5,31.74,4.25,25.89,46.69,5.38,13.33,20.26,5.43,57.45,8.62,46.04,6.01,92.64,10.2,125.39,29.07,19.25,5.02,5.78,16.7,77.21,6.89,28.26,22.14,64.52,14.06,17.2,23.83,4.67,303.0,284.54,6.67,232.9,13.43,78.13,64.5,3.02,16.05,13.58,51.43,5.7,3.43,34.49,59.38,33.7,181.55,47.45,5.89,91.74,205.56,45.44,2.06,19.18,11.58,6.1,6.58,30.15,18.26,175.91
2023-02-08,447.21,28.58,48.5,11.37,1784.0,38.49,51.01,74.8,90.73,21.37,244.96,104.95,31.61,17.11,20.87,113.08,42.62,4.3,9.26,28.65,21.73,285.66,57.13,47.23,16.48,3.99,42.96,14.1,2.92,7.34,34.29,32.72,13.81,4.87,31.26,5.83,23.39,14.94,32.34,5.15,4.75,11.92,97.26,199.55,235.0,120.85,27.91,7.23,25.39,16.45,70.88,36.9,14.04,49.26,12.6,26.75,25.75,18.99,26.95,10.78,4.1,14.7,19.3,33.1,28.65,4.88,71.65,320.0,21.27,15.2,5.92,3.2,5.59,38.56,26.09,25.26,76.28,5.41,79.2,22.94,31.6,26.97,57.05,12.62,3.44,43.3,15.96,4.33,84.42,26.85,4.51,31.5,4.24,26.16,46.33,5.31,13.31,19.95,5.43,57.77,8.49,45.88,5.98,91.7,10.16,123.28,28.71,19.11,4.85,5.68,16.5,81.85,7.14,28.6,21.34,64.45,13.92,16.81,23.35,4.63,303.37,280.46,6.68,232.17,13.06,77.3,63.98,3.0,15.84,13.87,52.08,5.64,3.37,34.26,58.49,33.41,180.88,47.74,5.84,93.24,204.31,44.67,2.04,18.99,11.49,6.06,6.57,30.04,17.98,171.86
2023-02-09,452.99,32.0,49.32,11.4,1818.0,38.49,51.53,79.07,91.32,21.29,253.2,108.81,32.44,17.19,21.17,118.08,43.6,4.3,9.45,29.2,22.25,288.33,60.96,53.51,16.83,4.09,43.65,14.25,2.93,7.39,34.35,36.2,14.98,4.88,31.5,5.84,24.34,17.07,33.02,5.17,4.77,11.76,97.48,207.39,245.56,122.91,28.03,7.26,27.19,16.64,72.99,37.73,14.13,49.41,12.71,27.83,26.69,19.14,28.09,10.91,4.19,14.86,20.09,35.18,28.99,5.03,75.8,327.0,21.34,15.83,5.96,3.21,5.61,38.66,26.09,25.4,76.7,5.44,83.96,24.0,31.48,29.67,60.5,12.65,3.45,43.2,16.02,4.65,85.16,27.1,4.51,31.9,4.26,26.28,46.4,5.33,13.59,20.02,5.48,57.95,8.54,46.24,6.01,95.0,10.19,125.48,29.84,19.18,4.94,5.75,16.74,81.62,7.18,28.64,22.31,64.57,14.1,16.9,23.81,4.56,318.0,289.0,6.68,241.57,13.07,77.82,65.0,3.01,15.97,14.39,53.5,5.66,3.4,35.79,59.13,34.18,182.78,47.57,5.87,92.23,205.69,45.31,2.07,19.09,11.64,6.08,6.75,30.57,18.54,179.3
2023-02-10,445.95,32.46,49.3,11.19,1810.0,38.16,51.62,79.11,89.77,21.21,248.49,109.35,32.13,17.19,20.96,116.55,43.07,4.31,9.78,29.5,21.97,281.86,60.9,50.59,17.36,4.08,43.6,14.22,2.93,7.38,34.27,39.0,15.5,4.9,31.46,5.76,24.05,18.28,32.68,5.14,4.76,11.75,97.99,204.7,249.58,120.6,27.7,7.24,26.65,16.53,72.48,36.7,13.98,49.07,12.66,28.2,26.42,18.81,28.18,10.83,4.2,14.86,19.82,34.95,28.56,5.01,74.03,324.16,21.09,15.68,5.96,3.23,5.61,38.24,25.63,25.15,76.1,5.43,85.13,23.41,31.41,29.69,60.51,12.52,3.44,43.23,15.89,4.61,84.1,27.96,4.5,31.5,4.27,26.16,47.91,5.27,13.61,19.92,5.49,57.4,8.39,45.38,6.02,94.0,10.17,123.09,29.94,19.04,4.98,5.84,16.64,78.84,7.38,28.11,22.29,63.03,14.02,16.54,23.36,4.59,294.58,287.01,6.69,247.0,12.81,77.7,65.42,3.01,16.9,14.75,52.28,5.71,3.34,34.95,58.26,34.23,189.8,46.03,5.87,89.85,204.42,45.0,2.04,18.83,11.68,6.07,6.8,30.5,18.28,175.7
2023-02-13,460.0,33.72,49.25,11.3,1856.35,37.72,52.44,87.5,89.3,21.11,252.29,109.8,32.96,16.95,20.93,117.05,42.98,4.29,9.66,29.62,22.18,282.32,62.85,52.52,18.04,4.06,44.97,14.29,2.92,7.3,34.71,41.96,15.63,4.88,31.59,5.74,24.42,19.27,32.58,5.15,4.83,12.37,97.97,212.4,262.62,120.91,27.43,7.23,27.8,18.18,74.5,36.6,13.82,49.19,12.68,28.16,27.13,18.66,28.23,10.77,4.18,15.39,19.76,35.98,28.8,5.08,74.54,320.56,21.09,15.61,5.96,3.21,5.59,38.14,25.59,25.39,76.2,5.46,85.1,25.2,30.57,32.66,62.94,12.47,3.44,43.59,15.96,4.63,84.14,27.18,4.49,32.41,4.26,26.7,48.5,5.32,13.63,19.54,5.57,58.06,8.46,45.62,6.01,94.4,10.15,124.59,29.92,19.13,5.04,6.35,16.77,78.62,7.09,28.19,22.88,63.5,14.07,16.84,23.51,4.55,289.92,296.7,6.7,260.6,13.05,78.87,69.78,2.99,17.09,14.66,52.63,5.7,3.37,36.34,58.4,34.6,186.31,46.18,5.86,89.7,208.0,45.19,2.04,19.02,11.69,6.11,6.91,30.79,18.34,174.25
2023-02-14,451.05,32.36,49.9,11.57,1843.79,38.0,52.21,85.48,89.08,21.16,248.26,109.31,32.98,17.05,20.92,115.86,43.03,4.3,9.7,30.78,22.04,281.97,62.8,53.17,17.68,4.06,45.22,14.29,2.91,7.31,34.87,39.6,15.55,4.87,31.63,5.93,24.23,18.04,32.99,5.17,4.85,12.41,100.0,209.24,259.0,119.48,27.52,7.24,29.09,18.34,74.9,36.18,13.96,49.62,12.67,28.28,27.76,18.77,28.86,10.79,4.2,15.65,19.82,35.15,29.22,5.07,71.32,326.78,21.38,15.75,5.98,3.2,5.6,37.89,26.58,26.1,75.26,5.49,84.39,24.41,31.1,33.92,62.01,12.28,3.45,45.74,16.09,4.66,84.11,27.04,4.51,32.03,4.27,26.77,47.38,5.44,13.81,20.01,5.55,57.3,8.57,45.44,6.03,93.87,10.08,126.97,29.9,19.26,4.96,6.31,16.7,77.76,7.27,28.45,22.68,63.33,14.05,16.81,23.78,4.62,296.69,299.5,6.71,252.03,13.43,78.87,70.14,2.99,17.68,15.09,52.38,5.67,3.41,35.53,58.02,35.23,186.3,46.36,5.87,89.18,205.45,44.96,2.06,19.51,11.67,6.23,6.83,31.29,18.22,172.37
2023-02-15,448.6,33.05,48.88,11.57,1841.0,37.17,51.35,89.1,86.95,21.05,255.93,112.47,33.23,16.96,20.75,116.77,42.86,4.29,10.05,31.09,21.66,279.0,65.55,56.21,18.1,4.26,44.81,14.22,2.91,7.23,34.54,40.88,16.48,4.86,31.18,5.91,23.84,19.03,33.58,5.15,4.8,12.44,99.41,211.0,278.0,116.39,27.21,7.2,31.63,18.23,73.6,36.18,13.67,48.59,12.59,29.1,27.63,18.54,29.29,10.7,4.48,15.38,20.13,35.78,28.71,5.27,73.14,324.95,21.18,15.9,5.94,3.2,5.57,37.61,26.41,25.78,76.0,5.39,86.51,25.42,30.43,37.31,63.97,12.23,3.44,45.14,15.94,4.8,82.83,27.04,4.51,31.75,4.26,26.26,50.79,5.49,13.69,19.66,5.54,55.9,8.49,45.24,5.99,94.47,10.02,124.0,30.3,19.15,5.05,6.21,16.52,76.68,7.11,27.99,23.1,62.1,13.98,16.17,23.16,4.55,295.23,297.02,6.69,250.6,13.57,78.05,69.84,2.98,18.05,14.98,54.29,5.64,3.4,36.24,58.44,34.76,183.71,45.77,5.85,88.22,200.5,45.54,2.03,20.04,11.63,6.21,6.81,30.82,18.17,174.14
2023-02-16,443.2,31.48,49.2,11.27,1861.82,37.27,51.28,80.5,86.1,20.95,251.1,110.3,33.03,16.97,20.57,113.33,41.98,4.28,9.89,31.89,21.55,277.02,62.89,51.5,17.85,4.18,43.79,14.1,2.91,7.18,34.15,39.01,15.8,4.85,30.88,5.77,23.15,18.04,33.03,5.15,4.79,12.12,99.0,210.79,272.99,115.78,26.9,7.19,29.57,17.82,73.68,37.39,13.6,48.07,12.47,29.86,27.52,18.38,28.03,10.62,4.43,15.15,19.82,35.04,27.91,5.7,70.7,322.65,20.63,15.49,5.92,3.21,5.57,37.63,25.65,25.3,77.8,5.44,83.95,24.6,30.51,38.0,62.32,12.09,3.43,44.99,15.82,4.65,81.93,26.55,4.51,31.08,4.25,26.3,48.5,5.28,13.49,19.44,5.49,55.3,8.33,44.44,5.95,91.59,9.94,125.19,29.54,18.89,5.21,6.07,16.22,75.15,6.93,27.39,21.98,60.69,13.88,15.58,22.27,4.59,297.86,299.51,6.65,250.0,13.02,78.06,67.33,2.98,17.42,14.98,54.23,5.6,3.28,34.5,57.54,34.42,182.89,45.08,5.79,85.76,204.18,44.6,1.99,19.42,11.38,6.2,6.78,30.41,17.82,170.56
2023-02-17,420.19,30.84,48.8,11.36,1820.78,36.71,51.38,80.0,85.21,20.76,238.04,104.82,31.75,16.71,20.24,108.74,41.81,4.28,9.71,30.13,20.95,271.66,61.05,48.43,17.0,4.11,44.17,14.02,2.92,7.13,33.97,37.94,15.26,4.85,30.69,5.83,23.03,17.22,32.6,5.15,4.81,12.24,101.61,208.15,260.2,112.22,27.03,7.13,27.82,18.03,71.32,36.51,13.43,47.93,12.36,27.97,27.12,18.5,27.17,10.57,4.3,14.92,19.4,33.35,28.04,5.45,67.13,318.98,20.53,15.16,5.91,3.22,5.56,37.54,25.4,25.52,75.8,5.37,81.51,22.88,30.04,36.51,59.38,11.9,3.42,44.1,15.85,4.5,79.8,26.54,4.52,31.02,4.25,25.94,46.7,5.34,13.14,19.27,5.48,53.9,8.4,43.37,5.94,87.88,9.76,116.5,28.87,18.76,4.92,6.13,15.94,73.99,7.0,27.48,21.18,59.9,13.74,15.35,22.54,4.56,277.62,294.0,6.65,251.4,13.35,78.3,67.5,2.95,17.48,15.09,51.75,5.56,3.33,31.75,56.79,34.42,178.88,44.3,5.77,83.55,200.54,44.36,2.0,19.47,11.25,6.15,6.64,30.36,17.74,167.35
2023-02-20,420.47,31.27,49.95,11.69,1875.0,38.49,53.3,82.45,86.22,21.18,239.07,107.88,31.3,17.14,21.04,109.52,42.26,4.31,9.91,30.24,21.99,272.8,61.1,51.9,17.98,4.19,45.22,14.46,2.94,7.31,35.15,39.34,15.74,4.92,31.35,5.98,23.27,17.95,32.94,5.24,4.86,12.91,104.01,212.95,262.42,118.83,27.58,7.26,29.96,19.56,73.1,38.7,14.15,48.76,12.78,29.57,28.68,19.16,28.63,10.66,4.46,15.63,19.87,34.2,28.53,6.0,67.77,326.18,20.94,15.39,5.99,3.24,5.62,37.65,25.62,25.22,80.72,5.69,83.32,24.12,31.49,38.33,62.4,12.32,3.45,45.52,16.05,4.61,75.28,26.98,4.62,31.39,4.3,27.55,50.94,5.68,13.3,19.48,5.63,55.0,8.58,44.12,6.0,89.59,9.99,122.9,29.38,18.98,5.29,6.74,16.57,73.45,7.09,27.48,21.51,60.18,14.22,15.4,22.77,4.68,282.29,297.87,6.73,257.74,14.33,79.79,72.4,3.0,17.8,15.89,53.74,5.62,3.46,33.85,57.14,36.18,172.71,44.14,5.86,82.98,205.97,45.0,2.04,19.95,11.39,6.42,6.83,31.45,17.75,165.68
2023-02-21,415.01,30.84,50.01,12.13,1867.0,38.69,53.54,85.3,85.26,21.27,239.05,108.02,31.46,17.21,21.09,108.85,42.35,4.32,9.88,30.19,22.13,274.75,58.28,49.99,17.75,4.23,44.5,14.5,2.94,7.31,36.14,39.46,15.62,4.9,31.49,6.18,23.41,17.66,33.18,5.26,4.88,12.98,106.8,210.08,270.12,117.6,27.89,7.29,29.59,19.26,73.1,38.76,14.1,49.41,12.81,30.16,28.64,19.5,28.66,10.86,4.49,15.58,19.7,33.72,29.79,6.15,65.81,322.49,21.7,15.49,6.0,3.24,5.64,37.99,25.95,25.14,80.0,5.77,82.92,24.51,31.08,37.05,61.2,12.28,3.46,44.8,16.05,4.51,75.03,26.86,4.69,30.72,4.3,27.6,50.66,5.74,13.28,20.07,5.61,54.44,8.71,45.19,6.05,89.23,9.96,123.1,29.24,19.1,5.47,7.12,16.6,73.9,7.1,27.6,21.67,60.63,14.22,15.76,23.6,4.64,278.1,292.27,6.8,254.43,14.36,80.6,73.1,3.01,17.82,15.97,55.53,5.62,3.5,32.95,57.93,36.15,171.0,45.58,5.88,83.11,203.5,45.52,2.1,20.14,11.58,6.63,6.69,31.63,17.8,163.14
2023-02-22,409.47,30.98,49.18,11.95,1836.0,38.16,52.78,84.4,83.9,21.14,240.91,108.49,30.76,17.04,20.8,108.5,42.3,4.3,9.75,30.21,21.75,270.42,58.18,50.17,17.59,4.18,44.11,14.39,2.93,7.26,36.08,38.45,15.92,4.88,31.06,6.14,23.25,17.68,32.9,5.24,4.91,12.83,103.2,207.5,278.64,117.64,27.86,7.24,30.35,19.34,73.03,38.17,14.02,50.9,12.71,30.64,28.3,19.59,28.41,10.84,4.53,15.56,19.92,33.7,29.43,5.68,66.3,317.47,21.5,15.31,5.98,3.23,5.62,37.52,25.72,24.82,78.14,5.72,82.17,24.3,30.59,37.99,61.32,12.28,3.43,45.8,16.14,4.49,73.57,26.51,4.65,30.79,4.3,27.41,50.38,5.65,13.07,20.14,5.68,53.88,8.83,44.37,6.03,88.41,9.95,122.31,28.99,19.22,5.31,7.09,16.43,72.81,7.09,27.53,21.25,59.3,14.1,15.55,23.5,4.6,280.0,290.12,6.79,252.38,14.03,80.69,71.43,2.99,17.68,15.71,54.84,5.62,3.46,32.86,57.73,35.85,170.66,45.46,5.87,82.03,200.54,45.74,2.07,19.95,11.54,6.63,6.54,31.41,17.75,162.6
2023-02-23,413.23,30.66,48.98,11.95,1818.0,38.27,53.37,83.22,84.08,21.09,240.1,108.43,31.71,17.05,21.03,108.53,42.16,4.3,9.7,29.65,21.8,270.44,57.72,50.18,17.21,4.16,43.52,14.46,2.93,7.27,37.03,38.42,15.49,4.88,31.0,6.17,23.03,17.4,32.24,5.25,4.91,12.69,102.69,205.1,262.35,122.28,28.02,7.23,29.09,19.15,73.29,37.74,14.05,50.39,12.75,29.78,28.01,19.76,28.14,10.77,4.51,15.66,19.81,33.5,29.56,5.45,65.4,316.12,21.6,15.79,6.0,3.23,5.61,37.56,25.8,24.93,78.18,5.7,82.0,23.2,30.38,37.29,61.23,12.29,3.43,46.96,16.09,4.49,74.44,26.31,4.65,30.79,4.31,27.14,48.45,5.6,12.88,20.06,5.67,54.04,8.77,45.79,6.01,88.04,9.96,121.0,28.84,19.17,5.19,6.99,16.52,73.25,6.97,28.0,20.96,59.85,14.17,15.4,23.51,4.59,276.64,289.0,6.78,251.48,14.06,80.47,71.14,2.99,17.81,15.54,53.36,5.61,3.43,32.8,57.2,35.84,169.82,45.82,5.86,82.71,199.99,45.56,2.06,19.95,11.54,6.63,6.45,31.33,17.54,161.9
2023-02-24,405.4,31.38,48.2,11.63,1788.0,37.46,52.98,87.93,82.66,21.02,237.33,106.95,31.0,16.9,20.59,107.02,41.97,4.29,9.62,29.34,20.9,267.58,58.33,52.03,17.23,4.14,43.19,14.28,2.92,7.23,36.56,41.71,15.61,4.88,30.61,5.99,24.09,17.7,32.15,5.23,4.87,12.53,101.74,201.1,262.0,120.7,27.85,7.18,31.57,18.66,73.36,37.68,13.86,49.79,12.56,30.1,27.66,19.72,28.25,10.72,4.45,15.3,19.78,34.87,29.33,5.53,66.36,315.04,21.41,15.75,5.96,3.22,5.6,37.03,25.9,24.71,77.89,5.62,80.9,23.65,29.96,38.25,62.1,12.25,3.41,46.01,15.98,4.52,72.78,25.57,4.63,30.94,4.3,26.54,49.15,5.49,12.73,19.96,5.7,53.71,8.73,44.71,5.99,87.06,9.93,119.85,28.61,18.95,5.16,7.05,16.29,73.0,7.18,27.91,21.16,58.82,14.06,15.4,23.05,4.54,281.07,281.88,6.77,248.6,13.53,79.75,69.93,2.97,18.29,15.46,53.27,5.58,3.4,32.34,58.44,35.53,168.92,44.96,5.86,82.25,197.51,45.94,2.04,19.69,11.43,6.72,6.38,31.0,17.59,161.87
2023-02-27,401.1,30.9,47.8,11.41,1810.41,37.16,52.4,85.17,81.9,20.95,230.77,104.34,30.0,16.82,20.44,104.02,41.63,4.29,9.52,29.31,20.63,259.81,58.0,50.48,17.11,4.11,43.13,14.2,2.92,7.21,35.21,40.2,15.8,4.86,30.5,5.87,24.3,17.01,31.85,5.21,4.85,12.36,102.85,204.81,260.4,120.01,27.96,7.16,31.41,18.76,72.39,37.22,13.69,49.31,12.48,31.29,27.4,20.1,27.71,10.68,4.42,15.18,19.78,34.58,28.81,5.5,62.63,312.47,21.54,16.18,5.96,3.21,5.59,37.09,26.25,24.91,78.5,5.6,79.49,24.48,29.6,37.24,60.82,12.22,3.4,46.04,15.95,4.4,72.32,26.14,4.61,31.18,4.29,26.24,47.79,5.45,12.56,20.01,5.64,53.43,8.7,44.2,6.02,85.45,9.92,118.84,28.18,18.83,5.09,6.95,16.17,72.93,7.15,27.8,20.49,58.23,13.91,14.92,22.9,4.51,288.71,283.75,6.82,251.2,13.43,81.56,69.17,2.96,19.07,15.46,53.63,5.57,3.36,32.76,57.79,35.69,171.1,45.13,5.84,82.5,197.31,45.51,2.05,19.57,11.36,6.64,6.34,30.76,17.45,160.6
2023-02-28,403.9,32.19,48.2,11.41,1813.74,37.31,52.46,83.97,82.68,21.16,233.25,105.3,29.94,16.91,20.65,104.89,42.02,4.3,9.6,29.2,20.92,260.8,57.77,51.88,18.13,4.17,43.5,14.29,2.93,7.19,35.52,40.2,16.4,4.9,30.46,5.9,23.89,17.37,31.86,5.23,4.95,12.44,104.26,204.42,256.9,119.6,28.0,7.18,32.33,18.73,73.3,38.38,13.78,49.54,12.6,32.24,27.62,20.0,28.14,10.78,4.44,15.15,19.92,35.5,29.05,5.85,62.99,314.02,21.56,16.06,5.98,3.23,5.64,37.07,26.25,24.8,80.6,5.62,79.86,25.4,29.54,39.0,62.96,12.13,3.41,47.05,15.97,4.4,72.7,25.55,4.66,30.92,4.33,26.31,48.34,5.53,12.75,19.79,5.7,53.93,8.71,44.24,6.06,85.95,9.91,118.5,28.44,18.98,5.28,7.1,16.33,72.4,7.04,27.91,21.55,59.1,13.98,15.16,22.86,4.52,291.0,282.65,6.79,250.0,13.34,82.18,68.94,2.98,18.84,15.8,54.65,5.59,3.38,33.0,57.82,35.77,168.01,44.99,5.93,81.99,197.58,45.9,2.05,19.62,11.36,6.58,6.54,31.17,17.51,157.09
2023-03-01,411.78,33.16,49.99,11.98,1838.53,38.25,54.62,90.6,83.82,21.25,233.65,106.27,30.9,17.16,20.9,104.5,42.37,4.3,9.96,28.95,21.28,265.5,57.48,53.5,18.38,4.23,43.77,14.46,2.93,7.22,36.42,41.39,16.58,4.92,31.12,6.06,24.27,17.88,32.12,5.28,5.24,12.47,103.21,207.38,257.29,115.4,28.06,7.26,34.33,19.27,74.31,39.81,14.17,50.18,12.79,32.91,28.7,20.02,29.18,10.85,4.48,15.61,21.02,35.91,29.35,6.35,63.16,316.49,21.61,16.06,6.0,3.24,5.64,37.42,26.26,24.91,84.61,5.75,81.8,26.99,30.38,42.88,69.57,12.24,3.43,46.18,16.14,4.5,72.67,25.32,4.75,30.84,4.35,26.17,49.88,5.68,12.91,19.65,5.79,54.11,8.71,44.14,6.22,86.54,9.94,125.11,28.85,19.15,5.81,7.19,16.58,72.25,7.62,27.67,21.78,59.28,14.23,15.15,22.79,4.59,300.0,284.3,6.89,255.28,14.02,82.2,70.1,3.0,19.16,16.24,56.38,5.66,3.45,33.32,57.94,37.1,165.6,44.68,5.91,82.1,196.85,46.18,2.07,20.1,11.48,6.62,6.74,32.22,17.55,155.8
2023-03-02,400.8,33.41,50.2,12.1,1828.0,38.25,54.85,91.5,83.45,21.24,234.7,109.3,30.51,17.18,20.88,105.19,42.46,4.32,10.34,28.47,21.07,263.71,56.86,53.03,18.51,4.23,43.19,14.5,2.93,7.24,36.61,44.0,16.41,4.95,31.14,6.09,24.93,17.7,31.72,5.36,5.25,12.58,106.33,206.24,262.92,113.25,28.18,7.27,34.18,19.3,77.0,39.4,14.24,49.93,12.9,32.59,28.73,20.0,28.81,11.17,4.46,15.59,21.29,36.62,28.09,6.28,63.34,311.4,21.32,16.29,6.01,3.26,5.67,37.35,26.36,24.62,84.73,5.89,81.29,26.57,30.66,43.15,66.38,12.29,3.43,45.35,16.67,4.5,70.85,23.85,4.85,31.17,4.36,26.0,50.9,5.7,12.82,19.43,5.94,54.4,8.7,43.4,6.42,86.11,9.92,127.63,29.1,19.2,5.95,7.42,16.55,71.51,7.59,27.14,21.45,58.28,14.22,15.03,22.32,4.65,305.5,278.9,6.96,254.96,13.97,81.6,71.1,3.02,18.95,16.21,56.12,5.66,3.45,32.45,57.71,37.01,160.97,43.91,5.92,80.55,195.52,46.66,2.04,20.1,11.62,6.73,6.77,32.21,17.29,153.0
2023-03-03,402.32,32.5,50.28,11.98,1818.04,38.25,55.2,93.71,83.25,21.33,248.94,119.19,30.25,17.31,21.17,105.75,43.32,4.36,11.37,28.12,21.35,263.79,57.62,55.31,18.24,4.23,43.4,14.58,2.97,7.3,36.97,40.57,16.09,5.0,31.06,5.98,26.37,18.03,31.63,5.5,5.27,12.5,106.01,205.76,269.3,112.41,28.46,7.35,33.0,19.29,76.0,39.37,14.29,49.76,12.97,31.98,28.5,19.96,29.53,11.28,4.46,15.61,20.9,35.43,28.07,6.38,66.41,313.1,21.62,16.04,6.09,3.31,5.83,37.31,26.65,24.47,86.9,6.11,81.6,25.83,30.78,38.84,65.98,12.37,3.46,45.25,17.18,4.47,71.79,24.09,5.02,30.73,4.39,25.98,50.71,5.72,12.85,19.49,6.27,54.33,8.76,43.36,6.52,86.6,9.99,124.45,29.22,19.23,6.07,7.36,16.71,70.93,7.65,27.29,21.25,58.1,14.38,14.98,22.1,4.89,299.0,275.58,7.06,254.5,13.92,80.88,71.4,3.05,19.17,16.16,55.61,5.71,3.42,32.05,59.03,36.88,160.2,44.05,5.94,80.23,196.06,47.39,2.06,20.07,11.66,6.8,6.72,32.26,17.45,160.45
2023-03-06,408.42,32.16,48.58,11.93,1807.14,37.0,53.83,91.23,82.0,21.26,254.88,123.24,30.01,16.98,20.69,105.12,43.4,4.35,11.06,28.48,20.96,264.27,57.4,55.39,18.27,4.21,43.42,14.42,2.96,7.23,36.91,40.04,16.08,5.01,30.73,6.04,26.58,17.85,31.86,5.51,5.24,12.18,104.1,204.58,288.77,118.88,28.14,7.33,33.79,18.54,73.5,39.9,13.85,49.59,12.87,32.76,28.01,19.38,28.91,11.26,4.4,15.4,21.32,35.57,27.51,6.42,64.95,313.01,22.1,16.17,6.08,3.31,5.81,36.91,26.88,24.42,89.6,6.04,81.2,26.0,29.58,34.99,65.3,12.14,3.44,45.31,17.2,4.39,72.5,24.5,5.1,30.67,4.37,25.25,50.32,5.69,12.68,19.16,6.31,53.7,9.02,45.02,6.52,86.0,9.74,120.06,29.25,19.57,6.05,7.28,16.46,71.51,7.52,27.45,20.99,58.36,14.12,15.51,21.52,4.74,294.71,274.3,7.07,252.37,13.46,80.48,69.11,3.04,19.04,15.94,57.4,5.67,3.35,32.12,59.26,36.03,167.15,43.96,5.9,81.18,191.93,47.32,2.04,19.96,11.72,6.68,6.46,31.84,17.45,157.25
2023-03-07,402.2,30.42,47.91,11.98,1788.3,36.56,52.86,87.88,81.2,21.13,247.66,119.25,29.33,17.0,20.51,101.27,42.73,4.39,10.51,27.54,20.06,260.68,56.17,52.26,17.7,4.12,42.12,14.27,3.01,7.27,36.24,38.5,15.11,5.06,29.94,5.97,25.95,17.06,30.82,5.64,5.16,12.04,102.65,200.45,275.88,119.99,28.87,7.31,32.43,18.21,72.34,38.92,13.69,48.43,12.68,31.15,27.4,19.69,27.6,11.26,4.36,15.24,20.54,34.41,26.93,6.16,62.28,308.0,21.62,15.53,6.1,3.34,5.86,36.16,26.56,23.8,86.36,6.03,78.76,24.86,28.91,35.02,65.35,12.1,3.45,44.8,18.21,4.28,71.29,23.98,5.26,31.34,4.39,24.78,48.83,5.72,12.46,18.63,6.2,52.49,9.38,44.44,6.49,83.46,9.79,118.12,28.43,19.71,5.88,7.15,16.0,70.28,7.29,27.59,20.33,57.09,13.98,15.02,21.19,4.87,285.71,266.65,7.17,247.4,13.58,77.8,67.87,3.08,18.58,15.92,55.3,5.64,3.34,30.97,58.25,35.49,160.51,43.3,5.94,79.71,188.6,46.31,2.01,19.82,11.46,6.71,6.38,30.97,17.04,152.9
2023-03-08,397.73,31.08,47.23,11.66,1770.42,36.0,52.29,90.01,79.95,20.96,248.98,124.0,29.13,16.91,20.36,101.8,42.84,4.4,10.57,27.7,20.14,256.99,55.9,53.16,18.2,4.12,41.96,14.25,3.02,7.16,36.49,39.2,15.67,5.09,29.87,5.97,26.32,17.3,31.03,5.57,5.13,11.97,100.99,199.3,280.21,115.98,28.48,7.31,33.0,18.28,72.37,39.0,13.53,48.04,12.71,31.4,27.16,19.58,27.77,11.15,4.38,15.2,21.14,34.63,27.15,6.45,63.9,306.09,21.34,15.64,6.1,3.33,5.86,36.37,26.46,23.91,88.55,6.01,79.5,25.1,28.46,35.27,68.2,12.0,3.44,45.29,18.12,4.37,70.62,23.86,5.31,29.5,4.38,24.58,48.62,5.65,12.53,18.45,6.18,53.16,9.14,43.86,6.56,84.14,9.68,117.79,28.78,19.11,6.07,7.21,16.0,70.3,7.33,27.99,20.39,57.31,13.95,14.7,21.05,4.84,306.82,264.68,7.24,243.8,13.32,77.3,68.92,3.07,18.54,15.94,55.88,5.62,3.33,31.0,58.78,35.1,161.98,43.38,5.92,79.36,187.65,46.54,2.01,19.41,11.46,6.69,6.39,30.79,17.16,151.74
2023-03-09,397.01,31.37,46.64,11.56,1770.02,35.58,52.7,90.6,80.75,20.8,258.29,124.25,29.28,16.83,20.28,102.19,43.27,4.38,11.15,27.98,20.0,256.07,56.74,52.89,18.23,4.13,41.73,14.21,3.01,7.15,36.62,39.34,15.61,5.06,29.55,5.99,26.1,17.28,30.76,5.57,5.11,11.9,99.09,198.0,294.5,114.79,28.55,7.27,33.6,17.95,72.76,38.32,13.2,47.87,12.63,32.59,26.84,19.77,28.21,11.19,4.35,14.95,21.39,34.43,27.05,6.8,66.75,303.61,21.23,15.66,6.07,3.35,5.83,36.08,26.14,23.85,90.61,5.92,79.65,27.61,28.01,34.14,67.1,11.93,3.43,44.29,18.2,4.33,69.05,23.92,5.31,30.18,4.39,24.15,48.28,5.59,12.52,18.24,6.23,52.5,9.04,43.02,6.52,83.36,9.65,116.66,29.69,19.13,6.0,7.13,15.91,70.68,8.02,28.42,19.98,58.68,13.94,14.36,20.6,4.82,310.0,263.49,7.29,242.98,13.22,75.22,68.02,3.09,18.5,15.84,59.63,5.58,3.32,30.59,57.0,35.06,161.38,43.96,5.92,80.11,184.49,46.09,2.0,19.6,11.38,6.62,6.39,30.55,17.14,155.9
2023-03-10,405.79,30.84,46.0,11.44,1750.0,35.03,51.15,91.98,80.22,20.75,261.17,123.5,28.8,16.6,19.99,101.03,43.0,4.34,10.85,27.8,19.88,243.14,55.88,52.35,17.88,4.07,41.86,13.97,2.98,7.04,35.61,38.78,15.5,4.99,29.11,5.87,25.39,16.76,30.48,5.44,5.03,11.6,98.24,195.24,303.75,113.98,28.12,7.15,32.23,17.78,72.35,37.81,13.14,46.96,12.41,32.29,26.09,19.34,28.19,10.95,4.28,14.67,21.08,34.32,26.57,6.63,67.58,309.76,20.68,15.16,6.0,3.3,5.76,35.0,26.06,23.39,89.4,5.84,78.15,27.41,27.74,31.74,67.56,11.71,3.4,44.81,17.55,4.22,68.74,23.37,5.21,29.51,4.33,23.5,47.63,5.46,12.26,17.96,6.1,52.08,9.3,42.12,6.49,81.85,9.52,116.05,29.31,19.45,5.74,7.04,15.61,69.12,7.95,27.66,19.82,57.3,13.75,13.77,20.4,4.71,302.88,262.15,7.11,237.98,12.84,75.25,66.27,3.03,18.15,15.41,61.16,5.55,3.28,30.3,56.66,34.71,161.5,42.93,5.87,78.33,181.73,45.33,1.96,19.11,11.11,6.44,6.32,29.83,16.86,151.44
2023-03-13,392.0,31.64,46.5,12.16,1762.0,35.05,52.06,95.78,78.97,20.94,262.84,122.0,28.8,16.56,20.13,101.5,43.6,4.4,11.61,27.52,20.1,240.49,55.52,53.55,17.79,4.1,41.42,14.14,3.01,7.04,37.11,40.19,15.69,5.05,29.47,5.92,25.79,16.73,31.12,5.68,5.18,11.64,99.0,198.6,308.64,111.41,29.02,7.06,33.82,17.93,72.85,39.21,13.05,47.92,12.46,34.01,26.97,19.68,28.49,11.01,4.28,14.79,21.14,34.76,26.71,7.26,66.81,309.01,22.21,15.25,6.0,3.32,5.83,34.97,26.7,23.29,98.34,6.11,78.5,27.98,27.85,34.03,67.73,11.64,3.4,45.35,18.41,4.25,67.28,23.85,5.53,29.56,4.37,24.11,49.2,5.59,12.33,18.25,6.22,53.95,9.7,41.99,6.62,82.78,9.62,119.65,29.04,20.05,6.05,7.2,15.72,67.3,7.9,26.46,20.35,56.55,13.83,13.81,20.52,4.8,323.99,271.2,7.27,244.73,12.93,76.66,68.05,3.06,18.07,15.75,65.74,5.57,3.29,30.2,56.86,35.32,162.96,41.5,5.86,77.02,186.81,46.29,1.96,19.35,11.0,6.57,6.48,30.0,17.08,149.7
2023-03-14,387.23,30.87,45.46,12.03,1766.0,34.58,51.15,102.89,79.02,21.07,278.0,126.18,28.33,16.49,19.86,105.04,48.01,4.41,11.76,27.32,19.97,239.98,55.99,55.0,17.53,4.06,41.48,14.02,3.01,7.01,36.94,38.64,15.36,5.06,29.54,5.83,25.89,16.2,30.51,5.55,5.17,11.66,98.21,195.28,317.4,105.72,28.73,7.02,32.82,17.43,71.5,38.9,12.87,50.4,12.24,33.73,26.23,19.39,28.97,10.79,4.21,14.45,20.77,33.55,26.12,7.28,70.13,308.73,21.78,15.22,5.97,3.33,5.83,35.01,26.25,23.16,98.17,5.99,78.28,27.28,27.64,32.17,66.9,11.35,3.38,44.7,17.91,4.18,65.8,23.72,5.52,29.0,4.33,23.58,48.15,5.62,12.15,19.45,6.11,53.3,9.84,41.88,6.62,84.18,9.49,117.23,28.36,20.8,6.18,7.02,15.52,67.61,7.48,26.31,19.93,56.59,13.69,13.98,20.34,4.73,321.98,272.1,7.23,240.5,12.76,75.86,66.82,3.04,17.79,15.31,65.0,5.55,3.28,29.3,55.57,33.96,166.0,40.88,5.82,77.0,186.35,46.02,1.94,19.32,10.9,6.52,6.39,29.35,17.09,152.06
2023-03-15,388.0,30.0,45.95,11.82,1750.92,34.88,50.46,103.98,78.3,21.01,272.0,124.7,28.74,16.58,20.05,104.96,48.88,4.46,12.07,27.56,20.01,238.62,56.07,53.63,17.4,4.14,41.38,14.14,3.04,7.07,37.45,36.71,15.29,5.1,29.19,5.84,25.98,15.82,30.6,5.65,5.21,11.85,97.72,192.32,304.0,104.92,28.84,7.08,32.4,17.55,70.41,39.08,13.05,50.4,12.32,33.01,26.43,19.44,29.08,11.3,4.26,14.67,21.04,32.86,26.13,7.15,69.25,308.4,22.48,15.78,6.03,3.39,5.95,34.79,26.61,23.19,99.23,6.18,81.09,26.79,27.91,31.69,69.12,11.41,3.39,44.73,17.87,4.17,65.61,23.87,5.53,28.82,4.36,23.7,48.18,5.72,12.22,19.69,6.21,53.03,9.8,42.24,6.76,84.2,9.41,116.9,27.9,20.59,6.0,6.87,15.62,67.08,7.92,26.47,20.33,56.57,13.76,13.68,20.5,4.83,308.33,268.1,7.29,236.88,12.86,75.1,64.88,3.08,17.92,15.49,64.66,5.57,3.28,29.18,55.06,34.33,164.25,40.83,5.84,76.1,182.95,45.66,1.97,19.33,11.12,6.73,6.53,29.71,17.0,154.36
2023-03-16,385.11,29.56,45.23,11.39,1751.99,34.65,50.04,102.44,76.27,21.21,267.0,121.26,27.72,16.68,19.91,105.28,49.31,4.52,12.35,27.06,19.72,234.79,56.31,53.03,17.39,4.09,41.19,14.05,3.07,7.03,37.3,36.33,15.03,5.1,29.1,5.38,24.88,15.38,30.83,5.48,5.15,11.64,96.75,191.2,287.52,98.43,28.04,7.12,31.11,17.37,69.89,38.01,12.82,48.53,12.25,32.42,26.25,18.79,30.59,11.09,4.18,14.44,20.78,32.63,25.53,7.04,68.5,314.09,21.87,15.33,6.05,3.49,5.99,34.12,25.91,22.73,100.06,6.08,80.4,26.64,27.8,31.56,69.7,11.42,3.4,43.53,16.93,4.16,63.7,23.66,5.45,27.72,4.39,23.71,48.87,5.38,12.05,18.68,6.11,52.4,9.79,40.0,6.68,84.02,9.33,118.07,27.44,20.81,5.86,6.96,15.43,65.0,7.33,25.7,19.97,54.74,13.64,12.96,19.88,4.89,309.66,273.51,7.31,236.98,12.27,75.44,63.66,3.09,17.4,14.99,64.36,5.49,3.13,28.39,53.5,33.72,160.12,39.05,5.84,73.89,184.26,44.72,1.92,18.43,10.94,6.5,6.42,29.2,16.69,153.4
2023-03-17,375.98,31.36,46.2,11.46,1742.0,34.36,50.33,122.93,74.15,21.2,270.0,124.22,27.59,16.72,20.16,105.17,52.57,4.52,13.59,26.62,20.31,237.91,57.92,57.5,17.75,4.17,40.82,14.25,3.08,7.04,37.51,42.14,15.49,5.13,28.87,5.37,25.1,16.16,31.69,5.83,5.18,11.66,97.42,188.5,293.65,96.16,28.57,7.11,33.16,17.47,68.0,40.35,12.75,47.96,12.44,34.68,26.94,18.96,30.91,11.11,4.22,14.46,21.4,34.61,25.9,7.25,70.36,298.95,21.88,15.27,6.05,3.48,6.02,34.04,27.36,23.02,101.1,6.23,82.1,27.44,27.25,32.21,77.02,11.42,3.39,43.5,17.47,4.33,62.0,23.59,5.68,27.51,4.38,23.38,52.28,5.54,12.18,18.97,6.24,52.5,9.76,39.33,6.77,83.51,9.24,132.42,27.91,20.86,6.15,6.84,15.65,65.88,7.29,25.56,19.7,54.83,13.82,13.23,19.94,4.95,357.5,267.23,7.36,235.72,12.84,74.77,63.2,3.12,17.35,14.82,69.7,5.49,3.18,28.02,53.67,34.41,156.77,39.04,5.87,74.68,185.3,44.98,1.93,18.72,10.94,6.62,6.62,29.99,16.66,149.49
2023-03-20,379.95,31.9,45.58,11.8,1729.6,34.12,50.44,135.0,74.0,20.95,277.29,130.65,27.9,16.62,20.05,107.82,51.81,4.51,14.88,26.95,19.98,235.57,62.59,60.42,18.35,4.23,40.4,14.25,3.1,6.99,37.1,44.05,16.95,5.18,28.54,5.35,24.68,16.95,31.7,5.77,5.16,11.56,97.08,185.9,286.11,99.7,28.83,7.13,33.8,17.22,67.71,41.26,12.57,47.26,12.35,33.7,27.53,18.81,32.76,11.09,4.23,14.99,21.29,35.82,26.08,6.53,72.31,295.4,21.69,16.8,6.03,3.51,6.02,34.31,27.46,22.83,91.96,6.12,86.47,28.05,27.52,32.31,79.5,11.38,3.4,43.67,16.96,4.49,64.2,23.5,5.66,27.08,4.4,23.08,51.08,5.56,12.19,18.77,6.12,51.73,10.21,39.21,6.72,86.98,9.09,140.4,28.12,21.8,5.56,6.74,15.56,67.0,7.18,25.95,20.53,53.65,13.74,13.76,20.08,4.84,343.98,266.23,7.38,231.0,13.09,74.52,62.48,3.1,17.33,15.01,65.17,5.46,3.21,28.75,53.93,34.33,151.55,40.15,5.85,75.03,182.67,44.58,1.92,18.88,10.93,6.5,6.51,29.6,16.56,153.15
2023-03-21,393.78,32.13,46.01,11.82,1775.0,34.23,52.1,136.8,80.26,20.94,273.79,131.03,28.24,16.62,20.21,107.51,52.11,4.45,14.6,27.65,20.18,239.51,62.06,61.6,18.2,4.22,41.6,14.25,3.05,6.97,37.62,45.5,17.31,5.1,28.98,5.7,25.12,17.23,31.41,5.68,5.15,11.61,98.02,192.24,290.03,101.57,28.53,7.13,34.67,17.3,68.75,41.0,12.7,47.55,12.38,33.9,26.56,18.66,32.21,11.06,4.28,14.66,21.35,36.83,26.5,6.62,69.99,305.5,21.85,17.33,6.03,3.43,5.94,34.65,27.31,23.1,91.6,6.04,87.79,27.95,27.44,32.9,76.89,11.61,3.4,45.35,16.88,4.52,66.61,24.27,5.57,27.03,4.37,23.83,50.82,5.54,12.48,18.86,6.16,53.09,9.98,39.45,6.65,86.85,9.1,142.0,28.6,21.53,5.58,6.71,15.71,68.35,7.31,26.0,20.46,55.39,13.78,13.8,20.33,4.81,339.3,272.35,7.27,240.55,13.14,74.8,62.64,3.1,17.51,15.24,65.09,5.48,3.21,29.08,55.56,34.24,165.68,40.46,5.82,76.99,188.0,46.46,1.93,19.15,11.03,6.36,6.64,29.77,16.92,151.63
2023-03-22,399.2,37.05,46.5,11.74,1773.35,34.54,51.7,160.15,81.3,20.97,267.52,132.6,28.86,16.77,20.3,106.05,52.3,4.52,16.06,29.34,19.0,243.2,63.13,65.93,18.84,4.36,42.63,14.3,3.09,7.06,37.21,49.42,19.04,5.15,28.88,5.82,24.92,18.31,30.0,5.7,5.15,11.85,97.85,191.77,278.3,102.2,28.87,7.18,37.34,17.44,68.42,42.8,12.79,47.51,12.42,35.72,26.29,19.21,32.79,11.1,4.54,14.35,22.81,44.2,26.45,6.7,71.09,308.6,21.73,16.97,6.06,3.44,6.03,34.58,27.12,22.95,92.06,6.09,91.12,29.38,28.05,34.59,80.04,11.74,3.42,45.08,16.83,4.61,67.75,24.37,5.64,27.14,4.42,23.48,51.55,5.36,12.75,19.13,6.09,53.23,9.91,39.38,6.75,87.31,9.19,142.2,31.46,21.3,5.67,6.68,15.66,68.03,7.22,26.04,21.19,56.75,13.8,13.78,20.38,4.82,325.92,269.05,7.3,241.89,13.07,75.1,64.1,3.1,17.11,15.04,68.88,5.49,3.19,31.02,54.85,33.9,162.2,41.08,5.84,76.99,184.69,45.03,1.93,18.97,11.05,6.4,6.74,29.98,16.96,153.14
2023-03-23,398.38,38.96,46.88,12.14,1774.86,35.2,51.82,167.0,80.28,20.92,268.35,133.87,29.33,16.87,20.49,116.66,52.32,4.52,16.99,29.97,19.55,245.49,69.0,66.2,19.61,4.46,42.67,14.5,3.1,7.15,37.14,50.85,20.94,5.17,29.01,5.84,24.95,19.74,30.37,5.77,5.2,11.8,97.11,194.58,276.5,100.0,29.38,7.21,38.18,17.38,68.0,44.8,12.9,47.47,12.58,36.6,27.1,19.29,33.83,11.44,4.6,14.84,23.54,50.0,26.42,6.89,80.0,311.88,21.48,17.44,6.07,3.47,6.06,34.49,26.97,22.88,93.08,6.18,98.86,31.26,27.99,38.05,96.05,11.85,3.46,45.07,17.01,5.07,67.65,22.98,5.7,27.04,4.43,23.4,56.71,5.65,13.56,19.34,6.11,54.0,10.12,39.51,6.76,92.0,9.18,167.91,33.15,21.97,5.77,6.67,15.79,68.04,7.11,25.5,22.15,56.2,14.07,13.52,20.42,4.83,360.82,271.11,7.32,244.04,13.5,74.78,65.86,3.18,17.04,14.96,70.26,5.55,3.25,32.46,55.19,34.47,158.15,40.94,5.86,76.68,184.56,45.62,1.92,19.24,11.05,6.41,6.67,30.26,17.24,157.14
2023-03-24,393.58,39.3,46.2,12.01,1778.62,34.43,52.09,183.0,80.14,20.78,259.01,128.14,31.3,16.78,20.52,117.9,50.8,4.48,17.66,29.79,20.24,246.02,70.17,66.25,19.85,4.49,41.7,14.43,3.05,7.06,36.86,49.91,21.6,5.11,29.13,5.89,24.2,19.5,29.92,5.64,5.12,11.55,95.6,193.02,265.01,101.4,28.98,7.21,39.5,16.94,69.1,44.6,12.82,47.49,12.62,35.39,26.29,19.21,33.4,11.35,4.6,14.84,23.68,52.23,26.14,6.63,83.77,304.0,21.48,18.08,6.06,3.4,5.99,34.39,27.58,22.75,90.86,5.92,96.36,31.63,27.71,40.2,92.9,11.76,3.44,45.85,16.7,5.3,68.13,23.73,5.52,26.97,4.41,23.48,60.02,5.62,13.88,19.42,5.97,53.73,10.04,40.05,6.56,93.85,9.12,176.26,33.36,21.81,5.5,6.49,15.71,67.54,6.99,25.08,22.49,56.07,14.03,13.18,20.75,4.68,392.0,273.6,7.28,245.65,13.71,74.94,62.74,3.15,16.76,14.73,70.14,5.53,3.29,32.6,54.82,33.77,155.85,40.99,5.85,76.14,186.32,45.76,1.92,19.31,11.14,6.34,6.65,29.75,17.23,154.6
2023-03-27,396.5,43.2,45.99,11.99,1767.79,34.21,51.85,186.39,82.03,20.32,252.42,128.41,31.0,16.63,20.4,114.01,49.5,4.46,17.63,29.0,20.62,243.65,68.59,63.26,19.31,4.41,43.28,14.46,3.05,6.99,36.38,49.16,22.57,5.09,29.12,5.92,24.04,19.66,29.25,5.58,5.06,11.9,94.88,190.41,262.86,105.4,27.68,7.15,38.4,16.81,69.7,43.61,12.6,48.49,12.6,34.29,25.55,19.57,32.71,11.3,4.47,14.8,24.28,56.04,26.38,6.35,85.9,305.5,21.63,18.73,5.99,3.36,5.94,34.51,27.62,22.66,87.95,5.87,95.6,30.56,27.37,38.83,92.83,11.49,3.43,44.8,16.47,5.26,68.38,25.56,5.35,27.36,4.36,23.36,60.46,5.46,13.77,19.92,5.97,54.14,10.11,40.29,6.46,89.51,9.07,194.99,33.31,21.79,5.4,6.53,15.71,67.74,7.01,24.78,22.16,55.82,13.96,13.3,20.66,4.61,391.37,271.49,7.23,242.19,13.6,74.1,63.51,3.02,16.99,14.29,67.18,5.48,3.26,33.63,54.03,34.41,161.97,41.34,5.82,76.38,184.75,44.88,1.9,19.43,11.27,6.28,6.74,29.36,16.97,147.97
2023-03-28,392.6,42.73,45.88,12.01,1781.8,34.4,51.09,172.0,81.22,20.18,247.34,128.2,29.77,16.69,20.39,108.8,49.1,4.49,16.45,29.28,19.93,245.01,64.48,64.9,19.07,4.33,43.0,14.42,3.09,6.97,36.4,46.84,21.0,5.11,29.0,5.89,23.85,18.47,29.35,5.67,5.15,12.21,95.85,192.5,252.8,103.97,27.38,7.18,37.2,16.77,69.96,42.45,12.64,48.44,12.55,34.8,25.66,19.36,33.18,11.25,4.39,14.69,23.28,53.81,25.9,6.42,80.9,307.63,21.81,17.38,6.01,3.38,5.95,34.56,27.66,22.38,88.46,5.86,91.49,30.11,27.62,35.8,93.68,11.5,3.44,44.71,16.79,5.55,67.8,25.75,5.56,27.9,4.4,23.41,58.24,5.4,13.36,20.29,5.97,53.5,9.85,39.85,6.43,87.75,9.09,179.0,31.05,21.47,5.53,6.56,15.59,66.25,6.97,24.03,21.32,54.49,13.88,13.07,20.2,4.64,401.01,274.83,7.2,248.73,13.45,74.94,63.82,3.03,17.16,14.43,65.49,5.47,3.23,33.11,53.54,33.81,159.95,41.16,5.79,74.55,182.61,44.3,1.88,19.65,11.12,6.27,6.79,29.35,16.76,145.44
2023-03-29,400.18,45.31,45.42,12.01,1790.0,34.12,51.4,172.0,80.14,20.72,271.87,138.35,30.2,16.6,20.21,115.02,49.36,4.51,16.16,30.96,19.97,247.7,68.24,74.5,18.73,4.39,43.16,14.35,3.1,6.95,36.15,48.82,21.15,5.11,28.7,5.93,23.22,18.39,30.04,5.61,5.12,12.35,94.98,195.28,278.95,104.62,27.27,7.16,40.01,17.11,69.77,42.8,12.53,47.67,12.46,34.69,25.7,19.15,32.81,11.22,4.42,14.49,23.92,55.55,25.84,6.32,83.86,308.0,21.73,17.12,5.99,3.39,5.94,34.47,27.38,22.32,88.8,5.73,92.12,30.44,27.53,36.71,97.33,11.45,3.43,45.05,16.85,5.36,68.46,26.08,5.47,27.55,4.38,23.49,59.25,5.36,13.38,19.73,5.93,54.55,9.8,40.03,6.35,89.96,9.02,176.33,31.0,21.44,5.46,6.7,15.47,67.12,6.89,24.15,21.41,54.15,13.75,13.02,20.19,4.65,450.0,273.99,7.16,253.58,13.38,74.86,64.0,3.03,17.02,14.35,67.28,5.47,3.19,33.3,53.42,34.01,157.63,41.0,5.76,75.3,182.54,43.5,1.87,19.54,11.08,6.19,6.64,29.0,16.57,151.03
2023-03-30,400.11,45.56,45.48,12.25,1800.0,34.35,54.47,176.1,81.49,21.22,263.97,139.99,30.45,16.82,20.48,121.32,49.08,4.52,16.88,30.63,20.04,257.2,70.0,76.5,18.75,4.43,43.01,14.41,3.09,7.01,37.23,48.31,21.14,5.13,29.2,5.93,23.38,18.05,30.39,6.0,5.18,12.27,96.43,198.39,275.0,105.55,28.13,7.19,38.12,17.21,70.87,41.6,12.68,48.12,12.5,31.6,25.75,20.38,32.87,11.43,4.46,14.86,24.09,55.0,25.9,6.08,100.63,313.46,21.81,17.07,6.0,3.4,5.96,34.51,27.55,22.54,86.34,5.85,92.49,28.98,27.8,34.52,93.0,11.59,3.48,45.11,17.15,5.47,68.66,26.03,5.6,27.65,4.4,24.22,58.77,5.39,13.47,19.92,5.98,55.2,9.81,40.51,6.45,90.36,9.01,175.0,30.86,21.34,5.29,7.08,15.55,66.8,7.07,24.28,21.3,54.5,13.84,13.08,20.36,4.82,438.88,275.0,7.18,256.54,13.46,75.79,66.0,3.02,17.27,14.57,64.96,5.44,3.2,33.12,53.68,32.89,155.37,41.38,5.77,76.52,187.47,43.55,1.87,19.75,11.15,6.3,6.79,28.92,16.6,156.0
2023-03-31,406.05,48.5,45.6,12.39,1820.0,34.27,53.81,185.95,79.5,21.25,265.85,147.51,30.31,16.89,20.48,122.0,50.11,4.46,17.22,30.25,20.03,256.02,69.52,77.17,18.46,4.44,42.82,14.36,3.11,7.02,36.75,51.72,21.49,5.11,29.12,5.99,23.4,17.88,30.1,5.92,5.22,12.61,95.88,197.0,281.95,104.86,28.17,7.19,38.33,17.09,70.3,42.66,12.53,49.0,12.77,32.56,25.92,20.34,32.45,11.03,4.43,14.61,25.41,58.9,26.09,6.33,98.71,311.71,21.71,17.09,5.99,3.38,5.94,34.76,27.11,22.36,89.97,5.8,92.32,29.29,27.31,35.1,96.9,11.61,3.45,45.72,17.04,6.02,69.7,25.75,5.62,28.32,4.4,22.68,63.68,5.52,13.51,20.47,6.12,55.38,10.53,40.41,6.39,91.1,8.96,204.3,31.02,22.04,5.42,6.93,15.77,66.47,7.01,24.16,21.4,55.0,13.79,13.4,20.38,4.65,473.0,272.4,7.19,254.79,13.61,76.54,66.22,3.01,17.68,14.75,67.93,5.48,3.22,32.83,53.84,33.29,154.24,41.96,5.76,75.52,183.24,43.15,1.89,19.79,11.04,6.24,6.87,30.5,16.56,155.2
2023-04-03,398.71,58.2,45.68,12.12,1802.07,34.37,54.69,211.0,77.86,21.1,279.89,163.9,30.58,16.89,21.0,131.53,54.58,4.45,17.76,29.58,22.89,255.92,71.53,84.8,19.0,4.5,42.56,14.61,3.1,7.03,37.26,60.53,22.49,5.1,28.99,5.91,23.24,17.65,32.97,6.0,5.26,12.7,95.82,195.19,308.78,105.9,27.89,7.19,41.46,17.69,70.6,42.43,12.67,49.88,13.15,32.28,26.36,20.2,34.55,10.79,4.51,15.16,27.95,67.24,26.53,6.52,106.6,303.1,21.73,17.66,6.01,3.36,5.95,34.86,27.11,22.51,92.72,5.85,93.69,32.22,27.22,37.65,104.21,11.68,3.45,46.01,17.64,6.45,69.0,25.2,5.56,28.16,4.42,22.28,69.3,5.51,13.53,20.6,6.36,54.13,10.21,40.63,6.4,93.9,9.05,235.0,30.34,21.61,5.56,6.97,16.24,68.34,6.45,24.36,21.82,55.52,14.03,13.42,20.71,4.63,511.92,267.82,7.22,254.29,13.14,77.2,66.18,3.01,17.57,15.01,66.4,5.51,3.2,33.0,54.37,33.65,151.94,42.43,5.79,80.09,184.39,43.65,1.9,19.69,11.08,6.28,6.73,31.63,17.08,160.95
2023-04-04,388.0,61.7,45.57,12.35,1814.59,34.28,54.63,215.51,77.8,21.27,283.33,165.8,30.77,17.0,21.07,130.56,56.66,4.52,17.41,29.22,22.7,250.92,74.0,85.88,19.02,4.43,43.15,15.0,3.15,7.09,37.03,61.29,23.41,5.17,29.11,5.94,23.16,19.14,32.5,6.17,5.29,12.71,94.98,196.15,300.0,100.94,28.21,7.21,41.16,17.7,69.69,44.91,12.65,50.66,13.72,32.52,26.52,20.33,34.94,10.84,4.56,15.05,30.75,67.1,26.35,6.97,103.89,304.12,21.46,17.32,6.04,3.43,6.05,33.92,26.9,22.23,97.19,6.16,92.26,34.43,27.18,36.51,110.8,11.64,3.47,44.84,18.06,6.5,67.34,25.1,5.79,27.9,4.45,22.0,65.9,5.64,13.49,21.89,6.73,53.54,10.89,40.19,6.64,95.58,9.06,226.97,30.91,22.76,5.7,7.06,16.39,65.84,6.35,24.04,22.38,54.16,14.06,12.98,19.96,4.72,486.51,267.36,7.3,259.23,13.29,78.36,67.0,3.04,16.94,14.88,66.74,5.51,3.17,31.68,53.88,33.71,157.0,40.81,5.8,77.35,178.04,42.9,1.9,19.75,11.03,6.45,6.64,31.79,17.12,159.82
2023-04-06,388.02,65.89,45.08,13.13,1796.96,33.8,54.02,208.0,78.6,21.2,307.43,172.8,31.3,16.92,20.89,134.5,59.07,4.53,19.0,28.8,22.03,250.0,75.23,81.23,19.83,4.48,42.78,14.93,3.18,7.04,36.75,66.8,25.75,5.2,28.92,5.97,23.4,22.45,32.76,6.18,5.26,12.52,94.01,190.54,339.74,101.07,27.92,7.18,40.68,17.61,69.36,43.86,12.58,50.18,13.8,33.64,26.19,20.01,37.23,10.77,4.65,15.13,31.95,67.0,27.0,6.92,103.51,303.06,21.55,18.0,6.03,3.44,6.04,34.17,26.66,22.28,97.19,6.11,96.8,33.8,26.97,38.78,104.91,11.66,3.46,43.33,17.77,6.04,67.25,25.29,5.81,27.29,4.44,22.29,63.98,5.7,13.88,21.88,6.65,54.68,11.38,40.29,6.61,101.1,9.07,215.3,31.99,24.85,5.57,7.07,16.26,64.26,6.55,24.06,23.49,53.4,14.16,13.09,20.03,4.7,472.0,257.26,7.26,250.04,13.11,76.68,65.75,3.04,16.6,14.68,70.77,5.47,3.22,34.85,54.2,33.28,161.7,40.62,5.8,76.24,176.82,43.74,1.89,19.89,11.01,6.49,6.35,31.59,17.09,165.02
2023-04-07,390.51,70.2,45.63,12.89,1790.99,34.14,54.68,225.5,83.82,21.08,312.66,180.2,31.1,16.97,21.17,138.6,59.9,4.53,18.37,29.43,22.45,249.28,76.3,81.65,19.63,4.47,45.15,14.98,3.17,7.04,37.29,67.5,25.11,5.18,29.14,5.89,23.41,21.18,33.09,6.15,5.23,12.41,94.96,189.06,379.5,99.46,27.74,7.23,40.08,17.4,68.52,45.58,12.62,49.43,13.87,37.0,26.72,19.83,37.67,10.82,4.63,15.22,31.77,70.5,26.79,6.98,106.3,309.0,21.39,17.85,6.03,3.43,6.06,34.28,27.17,22.3,96.52,6.12,93.58,34.16,27.44,38.18,109.16,11.71,3.46,43.12,17.57,6.64,67.12,24.75,5.71,27.46,4.44,22.49,65.5,5.72,13.63,21.4,6.6,58.0,11.44,40.47,6.56,103.52,9.06,220.0,31.78,24.97,5.56,6.96,16.45,64.19,6.72,23.92,23.02,53.93,14.2,13.19,20.13,4.69,470.34,252.39,7.17,249.0,13.1,76.65,66.68,3.04,17.21,14.48,71.37,5.48,3.17,34.43,54.38,33.59,163.7,41.11,5.81,75.92,181.82,43.69,1.89,19.79,11.02,6.53,6.44,31.47,17.08,166.49
2023-04-10,402.01,71.85,46.06,12.98,1771.7,34.24,54.76,207.59,84.61,21.24,299.7,175.08,30.73,17.05,21.12,130.86,60.0,4.55,17.47,28.46,21.78,251.0,71.7,74.8,19.53,4.38,46.27,14.9,3.17,7.05,37.75,61.71,24.13,5.18,28.86,5.95,24.29,19.97,33.14,6.46,5.21,12.24,93.6,184.65,353.0,101.45,27.61,7.21,38.56,17.03,69.1,45.05,12.68,49.38,13.75,35.6,27.5,19.47,35.6,10.88,4.53,15.08,32.5,70.18,26.5,6.89,101.64,311.9,21.84,17.12,6.02,3.43,6.05,34.18,27.08,22.53,97.25,6.17,91.3,31.2,27.87,38.05,99.83,11.71,3.46,42.38,18.0,6.38,70.18,24.36,5.89,27.04,4.41,22.55,58.95,5.91,13.24,21.32,6.68,57.45,11.4,41.23,6.59,107.49,9.1,193.24,30.69,24.52,5.55,6.85,16.4,65.23,6.81,24.06,22.64,54.2,14.1,13.31,20.14,4.68,423.0,244.11,7.11,247.5,13.53,75.7,65.71,3.03,18.19,14.26,67.8,5.53,3.16,34.84,54.81,33.96,159.84,42.72,5.8,78.15,179.85,43.7,1.87,19.74,11.02,6.57,6.4,31.77,16.89,161.65
2023-04-11,399.95,72.08,45.66,13.43,1745.5,33.73,55.84,201.5,83.8,21.28,295.4,168.43,30.46,16.99,21.34,132.72,58.43,4.55,17.35,28.01,21.76,249.83,72.6,76.0,19.53,4.43,46.01,14.96,3.21,7.03,39.4,61.39,23.63,5.2,28.52,6.12,23.81,19.96,33.1,6.56,5.13,12.32,93.26,180.53,340.6,102.82,27.58,7.18,41.02,17.52,69.9,44.38,12.54,49.1,13.87,35.05,26.96,19.34,35.78,10.73,4.56,15.36,31.95,68.3,26.95,6.62,115.5,309.78,21.7,17.38,6.04,3.46,6.07,33.79,26.86,22.49,94.59,6.22,90.8,31.52,27.78,41.5,96.02,11.72,3.45,43.0,17.82,6.51,68.86,24.41,6.0,27.7,4.46,22.72,59.85,6.0,13.51,21.42,6.75,56.52,12.0,40.46,6.61,107.99,9.03,193.7,30.6,25.86,5.51,6.86,16.63,66.94,6.72,24.24,22.78,55.9,14.26,13.29,20.43,4.68,431.3,245.56,7.12,238.99,13.69,75.08,65.51,3.04,17.8,14.54,66.83,5.51,3.2,36.4,54.75,33.41,156.54,42.8,5.78,79.97,179.27,43.2,1.89,20.24,11.1,6.65,6.72,31.72,16.89,158.5
2023-04-12,392.01,70.99,45.6,13.55,1694.1,33.74,55.5,206.0,82.93,21.4,296.2,167.9,32.02,16.98,21.34,134.99,59.3,4.61,18.42,27.85,22.17,243.4,76.41,82.69,19.76,4.49,45.63,14.96,3.23,7.04,39.4,62.49,23.9,5.26,28.16,6.17,23.82,20.48,33.78,6.83,5.14,12.14,92.12,175.82,329.05,99.79,27.85,7.21,42.85,17.39,70.48,46.37,12.48,48.64,13.91,36.95,27.6,19.42,36.6,10.96,4.6,15.21,31.66,68.57,26.93,7.02,117.01,308.35,21.51,17.34,6.06,3.49,6.16,33.48,26.7,22.24,97.25,6.41,92.04,33.4,27.54,43.87,98.5,11.71,3.47,42.61,18.14,6.9,66.8,24.23,6.16,28.05,4.5,22.99,61.74,6.2,13.84,21.0,6.84,56.9,12.24,39.61,6.72,109.0,8.97,200.0,30.64,26.18,5.93,6.76,16.59,65.94,6.84,24.11,24.24,54.98,14.2,13.58,20.43,4.79,439.99,241.08,7.36,233.19,14.26,74.28,65.54,3.06,18.16,14.19,70.0,5.5,3.29,40.04,54.78,33.68,155.9,42.09,5.8,78.49,176.0,42.97,1.9,21.02,11.08,6.94,6.79,31.89,16.7,161.9
2023-04-13,388.26,66.86,45.12,13.4,1723.0,34.01,54.14,188.0,86.18,21.15,286.01,166.74,30.53,17.07,20.94,128.31,58.0,4.63,17.66,27.0,21.57,242.82,71.65,76.22,19.06,4.4,47.35,14.97,3.24,7.06,38.52,57.77,22.45,5.3,28.1,6.15,24.81,19.15,32.92,6.78,5.15,11.8,91.92,177.88,358.87,100.04,28.17,7.25,39.56,17.07,68.6,45.2,12.56,48.45,13.72,34.57,27.7,19.5,34.9,11.09,4.47,14.96,30.69,64.73,26.84,6.8,108.18,313.36,21.47,16.42,6.09,3.54,6.2,33.32,26.93,21.74,95.1,6.39,88.24,30.64,28.42,39.54,93.35,11.91,3.48,43.22,18.83,6.6,66.1,23.8,6.07,27.66,4.56,22.78,59.09,6.19,13.3,20.81,6.77,56.55,12.07,39.38,6.74,103.1,9.08,188.94,28.94,26.39,5.75,6.69,16.39,65.19,6.95,23.15,23.3,53.9,14.14,13.52,20.66,4.93,409.59,246.67,7.35,234.3,14.36,73.69,65.29,3.08,17.79,14.08,67.26,5.53,3.27,42.38,54.99,33.73,158.89,41.79,5.83,76.91,176.65,43.05,1.89,20.98,11.24,6.87,6.75,32.09,16.66,167.2
2023-04-14,397.29,72.68,45.49,13.94,1713.42,34.39,53.94,195.0,85.8,21.21,314.61,189.5,30.57,17.11,20.95,135.41,62.26,4.63,18.07,27.1,21.59,246.06,74.19,77.04,19.04,4.35,47.72,14.99,3.23,7.1,38.4,58.15,22.29,5.3,27.92,6.41,24.51,19.37,32.97,6.9,5.19,11.85,91.98,175.59,430.64,102.04,28.4,7.27,41.53,16.99,68.51,44.56,12.69,48.26,13.76,34.4,27.57,19.3,36.12,11.09,4.46,14.85,30.71,66.51,26.94,6.89,104.89,312.5,21.62,16.24,6.11,3.51,6.19,33.4,26.85,22.18,98.3,6.49,88.97,30.74,28.69,38.9,95.39,12.05,3.48,42.68,18.95,6.59,68.9,24.09,6.1,27.65,4.55,22.76,59.18,6.36,13.28,20.61,6.84,56.88,12.26,39.26,6.78,106.22,9.11,195.8,29.19,27.29,5.8,6.72,16.39,68.98,7.1,23.83,23.37,55.75,14.15,13.69,20.9,4.95,418.0,243.31,7.45,229.55,15.17,73.12,64.32,3.09,17.56,14.09,66.35,5.56,3.36,41.67,54.85,33.72,158.45,42.65,5.81,81.39,174.78,43.09,1.9,21.31,11.25,6.89,6.47,31.77,16.61,168.28
2023-04-17,407.88,69.83,47.48,13.91,1753.0,35.2,55.42,196.8,85.62,21.3,328.9,190.88,29.69,17.32,21.78,135.9,63.0,4.73,17.93,27.25,21.83,249.44,72.0,80.13,18.81,4.36,49.29,15.35,3.3,7.3,40.26,56.54,22.33,5.47,28.18,6.35,24.8,19.16,32.97,7.34,5.33,11.95,97.27,178.18,448.0,102.68,29.04,7.39,43.55,17.32,67.72,43.95,12.93,48.68,14.57,33.68,28.68,20.05,35.13,11.44,4.47,15.6,31.05,64.68,27.35,7.03,103.96,313.26,21.99,16.1,6.19,3.58,6.3,34.22,26.69,22.3,102.81,6.58,88.47,31.56,28.63,39.96,93.7,12.2,3.52,45.18,19.85,6.21,68.97,24.59,6.35,28.31,4.64,23.4,58.23,6.63,13.24,20.94,6.81,56.88,12.04,39.62,6.88,103.59,9.19,199.64,28.78,26.82,5.88,6.95,16.97,69.29,7.31,23.8,22.56,56.1,14.51,13.73,21.09,5.15,427.27,245.0,7.65,233.42,15.95,73.7,65.49,3.15,18.32,14.66,65.99,5.59,3.45,41.13,55.57,35.2,161.2,43.01,5.86,82.28,179.81,43.45,1.92,21.5,11.37,7.03,6.37,32.7,16.61,167.61
2023-04-18,409.0,79.9,48.62,13.86,1758.0,35.68,56.78,195.78,80.82,21.26,322.5,183.94,29.53,17.41,21.73,132.91,60.9,4.77,19.19,27.38,18.03,249.0,70.68,82.6,18.58,4.34,48.93,15.27,3.35,7.49,40.58,65.28,23.07,5.51,28.49,6.33,24.88,19.94,32.66,7.29,5.33,12.0,98.13,178.32,434.0,109.88,29.37,7.54,47.88,17.29,65.01,43.54,13.0,48.48,14.41,34.82,30.29,20.38,34.29,11.6,4.44,16.06,32.68,74.48,27.09,7.08,102.94,314.51,22.59,16.44,6.26,3.6,6.33,34.29,27.19,22.26,105.68,6.5,88.26,32.71,28.82,41.78,94.73,12.14,3.57,47.35,19.32,6.26,67.86,24.38,6.33,29.12,4.66,23.52,59.76,6.54,13.11,21.0,6.81,56.87,11.97,40.01,6.79,104.2,9.23,195.07,28.71,26.9,6.07,7.03,16.53,70.11,7.32,24.16,20.3,56.06,14.43,14.26,21.03,5.31,441.55,245.83,7.64,234.08,15.85,74.44,67.02,3.17,18.39,14.43,71.28,5.56,3.45,41.99,56.55,37.0,157.44,44.61,5.87,83.25,180.3,43.39,1.9,21.3,11.31,6.97,6.6,33.35,16.3,160.89
2023-04-19,410.37,77.01,48.4,13.9,1759.0,35.5,56.08,221.8,79.36,21.08,327.6,186.85,28.87,17.37,21.48,130.75,62.21,4.76,17.27,26.55,17.69,250.85,72.1,90.55,18.53,4.27,48.66,15.1,3.37,7.48,40.02,64.38,23.7,5.53,28.22,6.92,24.21,20.77,32.09,7.19,5.27,11.66,96.41,176.29,455.11,109.1,29.29,7.53,49.74,17.01,64.06,43.16,12.85,48.26,14.19,35.35,30.25,20.31,34.38,11.52,4.36,15.9,31.72,75.62,26.5,6.77,102.0,317.65,22.49,16.08,6.29,3.61,6.33,33.98,26.82,21.99,101.68,6.34,90.77,31.95,27.93,41.3,97.47,12.05,3.57,46.79,19.08,6.32,67.42,24.5,6.28,28.71,4.71,22.93,58.51,6.6,13.15,21.01,6.76,56.0,11.79,38.93,6.81,104.42,9.21,197.65,29.0,26.48,5.73,6.93,15.93,69.88,7.27,23.67,19.79,55.81,14.24,13.98,20.69,5.41,443.0,244.69,7.6,232.09,15.69,73.24,70.16,3.18,18.7,14.22,69.95,5.56,3.49,41.3,56.21,36.73,156.01,43.81,5.9,83.52,176.96,42.8,1.89,21.35,11.25,7.08,6.66,33.14,17.45,155.74
2023-04-20,396.0,82.57,48.79,13.59,1741.88,34.99,57.04,266.16,78.13,21.13,352.0,193.01,28.62,17.39,21.55,136.28,66.48,4.74,19.0,26.5,17.97,245.02,76.46,97.3,19.7,4.35,47.8,15.15,3.37,7.47,41.81,71.48,26.07,5.52,28.08,6.71,23.79,21.69,32.55,7.32,5.27,11.79,94.6,173.5,440.1,105.68,29.25,7.68,54.71,16.9,62.6,41.62,12.75,48.2,14.41,37.3,30.79,20.08,34.69,11.64,4.37,15.54,34.89,81.0,26.12,6.82,109.78,309.03,23.02,16.2,6.3,3.6,6.31,33.83,26.65,21.62,102.7,6.47,98.7,34.26,27.8,42.98,104.0,12.05,3.61,45.94,19.37,6.65,64.54,23.49,6.34,28.83,4.72,23.49,63.95,6.55,13.3,21.21,6.95,55.5,11.67,37.61,6.81,103.11,9.26,210.0,31.9,26.0,5.72,6.97,15.89,68.09,7.17,22.99,19.66,54.9,14.19,14.05,20.34,5.35,480.0,241.94,7.61,229.5,15.56,72.04,68.65,3.19,18.5,14.03,73.69,5.53,3.48,44.3,55.82,36.98,151.5,42.15,5.89,80.02,171.0,43.07,1.88,21.18,11.07,7.03,6.68,33.25,17.22,149.91
2023-04-21,404.99,75.7,46.74,13.29,1725.47,34.5,56.85,248.0,76.41,21.06,337.27,184.0,27.72,17.11,20.81,126.41,62.8,4.7,18.79,25.37,17.03,243.0,72.06,91.39,17.82,4.16,47.32,14.68,3.33,7.39,41.02,64.0,24.51,5.49,28.0,6.59,24.69,20.7,31.12,7.29,5.22,11.44,92.48,172.0,409.0,110.0,29.03,7.59,53.54,16.6,61.4,39.72,12.5,47.77,13.93,36.57,29.58,19.7,32.28,11.37,4.22,14.68,36.26,78.19,25.48,6.64,98.03,301.5,22.88,15.42,6.24,3.58,6.26,33.65,26.08,21.0,101.29,6.37,94.21,32.5,27.06,43.96,90.69,11.87,3.56,45.24,19.28,6.46,62.78,22.67,6.25,27.64,4.69,23.05,58.04,6.34,12.6,20.95,6.9,54.66,11.5,37.44,6.72,95.22,9.24,196.2,30.3,25.65,5.51,6.86,15.35,66.76,6.97,22.45,18.81,53.51,13.75,13.62,19.86,5.33,448.0,238.87,7.56,229.12,15.02,71.19,67.31,3.16,17.09,12.94,71.3,5.46,3.42,42.92,56.61,35.95,150.8,42.32,5.83,79.19,167.17,43.67,1.84,20.88,10.9,6.88,6.34,32.35,16.68,148.1
2023-04-24,396.88,78.99,46.4,12.69,1705.0,33.6,57.03,243.0,75.0,21.03,332.91,187.15,27.0,16.93,20.62,120.74,63.05,4.72,18.33,24.98,16.0,253.49,69.2,89.27,17.35,4.08,48.35,14.66,3.36,7.39,41.29,65.46,24.97,5.51,27.36,6.26,25.43,21.12,30.0,7.32,5.1,11.3,90.74,168.0,406.02,103.4,28.91,7.49,53.99,16.0,61.09,39.25,12.1,47.32,13.78,38.03,30.07,19.44,32.53,11.35,4.1,14.67,37.99,85.41,25.19,6.66,93.8,301.5,22.65,15.6,6.24,3.62,6.28,33.48,26.05,21.19,100.8,6.24,91.7,33.28,25.81,47.0,88.0,11.87,3.56,44.69,18.9,6.64,62.02,22.78,6.32,27.33,4.72,22.61,58.76,6.16,12.81,20.41,6.79,54.59,11.25,36.23,6.76,91.44,9.18,185.0,29.28,24.99,5.48,6.7,15.06,67.83,6.8,23.02,18.12,49.86,13.65,13.26,19.66,5.36,440.2,236.23,7.57,221.75,14.42,70.2,66.16,3.17,16.65,13.15,68.3,5.45,3.36,41.42,56.95,36.26,145.5,40.64,5.79,76.02,163.89,43.2,1.81,20.48,10.82,6.75,6.01,33.84,16.39,127.85
2023-04-25,385.9,73.8,46.09,12.88,1730.38,34.03,57.65,248.0,67.5,21.17,330.88,179.0,26.02,17.27,20.72,117.72,61.37,4.75,18.5,24.3,16.08,244.3,68.75,98.75,17.35,4.02,47.98,14.8,3.42,7.56,40.84,61.52,24.35,5.63,27.51,6.18,25.28,19.98,29.87,7.62,5.17,11.22,94.25,169.8,398.02,102.45,28.79,7.56,59.39,16.17,61.46,37.45,12.28,47.74,13.83,36.89,30.0,19.35,31.49,11.26,4.03,14.39,35.31,80.89,24.84,6.51,95.2,302.72,21.77,15.27,6.3,3.67,6.38,33.08,25.39,20.12,101.9,6.3,88.29,32.4,26.62,47.1,86.95,12.17,3.62,44.8,19.11,6.48,60.38,22.16,6.53,26.7,4.77,22.49,61.17,6.16,11.26,20.69,6.83,54.8,11.73,35.01,6.79,90.53,9.33,195.01,27.33,25.45,5.47,6.64,14.97,62.07,6.72,21.96,17.45,46.87,13.74,12.6,19.11,5.58,445.8,240.78,7.63,225.52,14.46,70.75,59.55,3.19,15.87,13.04,67.17,5.36,3.31,41.96,56.89,36.89,143.2,39.09,5.83,70.07,161.95,42.3,1.78,20.38,10.6,6.66,6.25,33.84,15.83,122.58
2023-04-26,224.5,71.2,45.79,12.57,1743.91,33.82,56.7,238.0,68.33,21.18,334.99,175.5,26.64,17.25,20.63,110.98,58.16,4.75,16.65,24.45,15.86,251.0,64.2,92.49,16.66,4.03,48.2,14.7,3.39,7.5,40.0,60.9,22.16,5.55,27.46,6.07,25.45,17.76,29.08,7.54,5.14,11.34,91.73,168.61,389.22,117.48,28.69,7.46,53.45,16.03,61.06,37.1,12.12,47.5,13.59,35.26,29.41,19.32,28.34,11.08,4.01,14.3,34.45,79.45,25.08,6.49,90.0,300.5,22.74,14.94,6.23,3.66,6.35,33.54,25.6,20.67,97.48,6.13,83.56,29.16,26.26,43.94,81.8,12.04,3.59,45.2,18.53,6.46,66.79,23.47,6.51,27.4,4.73,22.46,56.98,6.26,11.31,20.2,6.69,55.06,11.61,36.26,6.74,88.43,9.17,174.92,26.5,25.25,5.32,6.56,14.98,63.86,6.69,22.59,17.52,50.3,13.63,12.82,19.37,5.46,430.11,240.06,7.58,225.61,14.2,68.44,61.35,3.16,16.24,13.27,64.69,5.4,3.3,45.3,57.25,36.14,144.8,42.0,5.84,71.3,162.0,43.18,1.8,20.13,10.77,6.57,6.22,33.5,16.07,123.5
2023-04-27,231.0,63.0,50.37,12.82,1757.92,32.63,57.26,230.75,67.12,21.89,336.3,177.9,25.15,17.14,21.03,112.48,58.29,4.75,16.1,24.21,15.68,258.92,63.04,87.3,16.28,3.99,48.2,14.83,3.42,7.58,39.8,57.56,21.78,5.57,27.8,5.89,26.69,17.47,29.27,7.5,5.25,11.23,93.5,169.17,397.99,116.44,28.72,7.48,48.11,16.22,61.2,37.9,12.26,47.67,13.74,34.67,31.37,19.25,27.0,10.96,4.01,14.23,31.89,78.49,24.94,6.53,92.95,309.0,22.36,14.59,6.28,3.67,6.32,34.04,25.52,20.51,99.4,6.3,82.0,27.81,26.18,42.38,82.46,12.03,3.62,45.43,18.38,6.27,66.67,23.32,6.59,27.22,4.73,22.45,55.36,6.2,11.22,20.07,6.84,57.3,11.93,35.97,6.77,90.24,9.35,170.2,25.69,25.96,5.35,6.67,14.96,65.68,6.62,22.74,17.2,49.72,13.71,12.92,19.39,5.5,407.0,244.12,7.74,225.54,13.94,69.47,61.62,3.18,15.92,13.31,58.0,5.37,3.27,40.77,57.45,38.47,151.15,42.95,5.88,70.86,161.6,44.06,1.79,20.1,10.99,6.56,6.22,35.8,17.68,124.1
2023-04-28,230.85,68.99,51.8,12.83,1760.52,33.6,56.78,249.5,67.53,21.88,334.52,181.45,26.1,17.22,21.02,108.47,61.58,4.72,16.12,24.7,16.09,255.86,60.9,94.15,16.05,4.02,48.65,15.12,3.42,7.71,39.34,60.87,21.93,5.57,29.56,5.96,25.91,18.51,30.25,7.89,5.43,11.52,92.18,169.0,412.49,112.74,29.08,7.6,50.7,16.49,61.8,37.75,12.55,47.87,14.05,35.62,31.21,19.57,27.55,11.11,4.0,14.58,33.32,90.0,25.16,6.69,96.2,311.9,22.59,14.59,6.28,3.67,6.31,33.95,26.12,20.42,101.12,6.57,82.26,29.63,27.38,41.1,83.62,12.56,3.63,45.96,19.33,6.85,65.55,23.34,6.71,27.12,4.74,23.7,60.6,6.39,11.66,19.78,6.99,56.45,11.92,34.87,6.9,91.25,9.42,177.99,26.11,25.7,5.44,6.86,15.34,64.99,6.63,22.88,17.74,52.0,13.97,13.3,19.54,5.51,440.2,248.46,7.7,226.24,14.22,70.6,61.55,3.2,15.15,13.18,60.0,5.42,3.29,39.75,57.51,39.0,145.72,42.68,5.91,71.26,160.98,43.76,1.82,20.41,10.96,6.44,6.44,38.85,17.57,124.1
2023-05-04,225.52,64.21,53.7,12.93,1749.9,34.13,56.58,232.8,67.26,22.56,322.32,168.69,25.62,16.76,21.27,105.0,58.76,4.95,15.38,24.0,15.97,252.52,59.35,92.15,15.49,4.03,49.27,15.3,3.58,7.75,35.42,54.05,20.45,5.92,29.85,5.7,26.0,17.1,30.16,8.01,5.71,12.67,90.05,168.95,408.0,113.0,29.57,7.68,50.75,16.33,59.95,37.2,12.73,47.09,14.34,33.63,34.08,19.59,27.03,11.02,3.92,14.7,31.48,85.2,24.75,6.65,90.56,315.0,22.9,14.59,6.4,3.94,6.55,33.71,26.48,20.26,103.84,7.0,79.0,28.92,27.92,41.88,82.48,12.73,3.99,45.17,18.92,6.62,65.18,23.83,6.71,25.45,4.85,23.5,59.99,6.41,11.69,19.49,6.97,55.42,12.42,34.09,7.16,92.19,9.44,175.24,24.29,26.65,5.44,6.34,15.42,64.73,6.33,22.79,17.81,51.6,14.35,13.08,19.53,5.74,416.2,239.01,7.96,221.18,14.08,69.28,58.42,3.32,14.96,13.12,58.78,5.46,3.32,38.15,56.61,40.16,146.3,42.5,6.05,73.16,153.32,42.88,1.82,20.66,10.97,6.64,7.08,41.4,17.6,124.41
2023-05-05,227.0,59.65,53.83,12.58,1750.0,34.69,55.33,207.98,66.47,22.1,322.13,170.3,25.84,17.13,21.93,104.8,58.8,4.99,14.77,23.78,16.0,250.07,58.94,92.24,15.43,3.99,47.47,15.53,3.62,7.7,35.15,52.4,20.25,6.03,29.71,5.62,25.15,16.62,29.5,7.97,5.73,12.8,90.11,173.71,392.0,107.51,29.89,7.76,48.41,16.24,58.76,36.06,12.91,47.15,14.56,33.45,33.4,19.82,26.69,10.82,3.95,15.1,30.18,78.39,24.12,6.61,89.85,314.36,22.93,14.1,6.38,4.08,6.68,33.22,26.07,20.15,101.97,6.92,77.14,27.91,27.68,38.86,82.23,12.9,4.15,44.04,18.5,5.96,64.1,23.29,6.59,24.39,4.83,22.6,58.05,6.32,11.47,19.22,6.76,54.47,12.21,33.16,7.09,91.33,9.39,174.95,23.74,26.38,5.49,6.43,15.88,63.93,6.12,22.57,17.61,51.68,14.57,12.94,19.22,5.72,417.0,240.4,7.92,223.79,13.56,69.36,58.94,3.39,14.82,13.01,57.58,5.46,3.22,37.79,56.01,38.95,148.4,42.53,6.15,72.16,152.88,42.16,1.8,20.15,10.83,6.62,7.25,41.26,17.39,121.59
2023-05-08,230.81,61.94,54.92,12.66,1720.52,35.6,55.01,208.39,67.72,22.34,301.23,174.59,25.6,17.63,22.69,104.16,59.43,5.3,14.68,23.78,16.12,254.03,59.41,88.66,15.4,4.0,46.51,15.78,3.89,7.86,34.61,52.2,20.97,6.32,30.13,5.85,27.67,17.08,29.21,8.58,5.73,13.01,89.41,171.4,401.0,107.8,31.73,8.07,50.55,16.34,58.33,35.92,13.32,46.6,14.86,34.5,34.93,20.88,27.03,11.28,3.57,15.29,30.45,77.44,24.33,6.89,87.1,301.14,23.87,14.1,6.55,4.49,7.03,33.42,26.27,20.27,107.65,7.08,76.89,29.1,28.63,38.22,81.19,13.07,4.44,44.04,19.92,5.96,63.93,22.96,6.89,25.54,5.04,22.38,63.86,6.53,11.58,18.95,7.04,51.08,12.2,33.53,7.23,91.27,9.6,177.68,23.58,26.5,5.66,6.5,16.27,64.0,6.16,22.73,17.48,52.67,15.18,13.37,19.25,5.93,440.0,234.7,8.07,222.3,14.39,68.89,58.96,3.55,14.85,13.03,57.75,5.51,3.33,36.82,58.62,39.66,145.86,42.62,6.3,72.21,149.86,43.1,1.85,20.81,11.11,6.88,7.21,43.05,17.4,123.45
2023-05-09,225.83,64.28,53.48,12.25,1722.0,34.99,54.8,211.4,66.49,22.75,301.18,167.8,26.39,17.56,22.74,101.76,52.78,5.27,14.7,24.01,16.57,250.11,57.87,88.9,15.32,4.05,45.93,15.79,3.83,7.7,34.67,53.13,22.5,6.21,29.9,5.86,27.78,17.17,29.08,8.09,5.65,12.62,89.75,174.77,375.0,107.1,31.68,7.96,52.98,16.2,57.78,35.95,13.16,46.91,15.11,33.16,34.06,20.89,27.23,11.36,3.59,15.1,30.24,81.94,24.99,6.65,87.46,304.2,23.48,13.56,6.55,4.56,6.99,33.16,26.26,20.04,103.72,6.97,77.32,28.67,28.2,38.66,80.0,12.95,4.3,43.85,19.73,5.78,62.69,22.63,6.81,24.71,4.95,22.26,64.28,6.35,11.62,19.11,6.9,51.23,11.88,33.03,7.09,91.61,9.46,178.06,23.29,25.67,5.48,6.36,16.46,62.87,6.15,22.68,17.98,51.59,14.98,13.31,19.33,5.6,445.36,241.32,7.83,221.25,13.72,68.36,58.67,3.58,14.45,12.82,57.5,5.5,3.24,35.56,59.16,38.49,144.35,41.8,6.3,71.17,147.61,43.14,1.87,20.54,11.02,7.04,7.04,40.61,16.71,122.9
2023-05-10,232.52,61.56,52.31,12.08,1725.0,34.4,55.4,199.08,66.6,22.39,289.5,166.7,26.6,17.31,21.89,100.09,52.45,5.03,14.6,24.3,16.12,259.79,56.49,77.49,15.14,3.99,46.35,15.32,3.61,7.61,34.59,51.39,20.88,5.93,29.83,5.81,27.25,16.7,28.56,7.77,5.49,12.7,89.89,173.32,364.72,109.84,31.36,7.7,50.1,16.23,57.5,36.4,12.84,46.5,14.48,32.12,32.56,20.44,27.09,11.21,3.63,15.07,29.1,75.8,24.82,6.75,86.96,307.32,23.8,14.3,6.38,4.31,6.62,33.76,27.0,20.21,103.0,6.77,74.51,27.83,27.34,36.08,79.7,12.66,4.18,45.3,19.15,5.65,64.96,23.08,6.47,24.5,4.78,22.64,65.45,6.29,11.62,18.88,6.7,50.8,11.89,33.41,7.12,90.9,9.26,173.76,23.3,25.37,5.46,6.22,16.06,64.78,5.96,23.14,18.07,52.24,14.71,13.48,19.44,5.39,419.5,237.55,7.8,217.76,13.79,68.12,58.45,3.41,14.55,12.81,56.05,5.47,3.2,35.61,57.32,38.0,146.11,44.48,6.12,74.91,144.98,42.61,1.87,20.3,11.2,6.81,7.07,39.98,16.41,122.9
2023-05-11,240.4,60.89,52.35,11.68,1717.07,34.45,55.45,196.02,67.79,22.8,289.7,167.91,26.53,17.25,21.8,100.83,52.96,5.0,14.46,24.25,16.06,263.75,55.79,75.95,14.96,3.99,46.43,15.33,3.59,7.66,34.01,51.02,20.43,5.91,29.58,5.66,26.5,16.8,28.89,7.63,5.55,12.54,89.0,172.57,378.52,111.1,31.03,7.67,46.35,16.09,56.85,36.27,12.85,46.85,14.57,31.68,32.31,20.41,27.3,11.33,3.65,14.81,28.7,72.54,24.87,6.55,90.6,304.04,23.86,14.94,6.4,4.16,6.54,34.19,27.16,20.21,99.95,6.73,74.77,27.08,27.59,35.34,79.58,12.65,4.15,45.4,19.23,5.74,68.0,23.42,6.33,24.72,4.79,22.37,62.27,6.06,11.54,18.82,6.6,50.47,11.65,33.75,7.16,90.3,9.23,169.16,23.07,24.89,5.35,6.4,15.95,65.76,6.03,23.14,18.43,53.25,14.65,13.19,19.34,5.38,419.81,236.07,7.72,215.99,13.35,67.43,58.0,3.37,14.16,12.72,55.05,5.5,3.14,34.51,57.49,38.95,145.65,45.47,6.22,75.88,144.05,42.25,1.86,19.82,11.19,6.73,7.13,40.58,16.28,123.39
2023-05-12,237.98,62.77,51.27,10.98,1706.4,34.04,55.82,196.0,66.22,22.91,285.7,168.58,26.38,17.03,21.5,100.52,53.69,4.98,14.36,24.17,15.62,260.1,53.73,74.42,14.8,3.92,45.51,15.22,3.56,7.6,34.27,52.6,19.96,5.83,29.77,5.3,26.01,16.25,28.75,7.5,5.51,12.18,87.75,169.37,381.0,108.6,30.84,7.62,45.66,15.71,56.28,35.45,12.62,46.71,14.43,31.05,31.65,20.14,28.11,11.23,3.62,14.39,28.67,75.83,24.42,6.39,90.98,306.79,22.99,14.69,6.36,4.16,6.51,33.86,26.96,19.92,96.14,6.53,72.39,26.62,27.3,35.51,78.83,12.58,4.09,45.13,18.86,5.52,66.91,23.2,6.34,24.4,4.85,22.41,63.24,5.79,11.36,18.81,6.48,50.22,11.07,32.8,7.16,89.5,9.15,172.19,22.54,23.99,5.26,6.17,15.74,64.6,5.91,22.9,18.37,51.83,14.42,13.19,19.15,5.24,415.28,233.8,7.74,213.82,12.85,67.06,57.22,3.33,13.89,12.76,54.92,5.5,2.99,33.56,57.15,39.19,144.61,44.6,6.21,74.71,139.7,41.25,1.83,18.96,11.1,6.51,6.98,39.52,16.09,121.21
2023-05-15,238.29,63.61,53.71,11.11,1716.3,34.7,56.59,188.45,69.03,23.0,288.72,160.16,26.8,17.15,21.82,102.08,54.87,5.04,15.12,24.46,16.08,264.9,54.15,76.5,14.82,3.98,47.44,15.4,3.58,7.64,34.47,52.82,19.53,5.9,30.26,5.46,28.61,16.36,29.93,7.47,5.56,12.53,88.55,172.44,394.0,116.49,30.85,7.69,45.99,16.12,57.39,35.36,12.83,46.19,14.59,31.36,33.55,20.49,28.41,11.38,3.63,14.6,28.79,79.6,25.03,6.24,94.0,309.94,23.6,15.34,6.44,4.18,6.62,34.61,27.41,20.8,96.91,6.49,73.07,27.16,27.52,35.91,77.28,12.7,4.09,46.42,19.06,5.46,70.36,23.81,6.38,24.52,4.93,22.45,63.9,5.77,11.47,18.63,6.59,50.31,11.07,33.83,7.02,90.5,9.24,172.57,22.94,24.13,5.16,6.25,15.9,70.2,6.07,24.52,18.45,53.85,14.77,13.28,20.06,5.43,415.0,235.33,7.73,215.88,12.9,67.4,57.42,3.34,14.05,13.09,55.85,5.51,3.03,35.34,59.79,42.75,145.55,46.89,6.22,82.18,142.0,42.5,1.86,19.17,11.25,6.41,6.94,40.9,16.27,122.31
2023-05-16,239.0,59.99,53.2,11.25,1703.29,34.82,55.35,184.51,68.84,22.96,296.95,162.82,26.86,17.24,21.8,106.07,54.25,5.01,14.78,25.03,15.89,265.13,53.81,74.17,14.72,3.97,49.13,15.3,3.6,7.62,33.86,51.35,18.5,5.89,30.05,5.42,28.76,16.03,30.35,7.52,5.52,12.4,88.58,170.49,412.88,116.52,31.16,7.67,44.2,16.02,57.89,35.45,12.62,46.05,14.5,31.11,32.97,20.52,29.85,11.15,3.64,14.42,27.72,76.82,24.93,6.11,106.0,310.6,23.66,15.98,6.42,4.19,6.65,34.54,27.88,20.46,94.23,6.33,72.75,26.92,27.24,35.36,77.0,12.76,4.06,46.52,18.95,5.25,70.25,23.91,6.41,24.93,4.95,22.32,59.12,5.69,11.48,18.87,6.55,49.09,10.9,33.64,7.01,92.27,9.16,169.06,22.99,24.09,5.1,6.11,15.72,69.08,6.02,23.84,18.82,53.37,14.71,13.03,19.9,5.34,413.85,233.5,7.7,213.0,13.04,66.49,57.57,3.36,13.87,13.32,56.59,5.51,3.0,34.82,59.79,41.19,143.03,45.59,6.21,82.61,138.78,42.11,1.84,19.15,11.28,6.28,6.82,39.66,16.07,120.91
2023-05-17,240.0,61.46,51.91,11.0,1701.0,34.5,55.02,187.54,67.8,22.88,300.76,163.45,27.67,17.14,21.66,109.45,54.2,4.99,15.55,25.08,15.82,261.0,55.15,76.83,14.81,3.92,48.5,15.28,3.58,7.59,34.02,53.88,18.4,5.84,29.82,5.35,30.04,16.24,29.94,7.47,5.58,12.33,87.49,169.34,411.0,116.97,30.77,7.61,45.43,16.2,58.7,35.0,12.49,45.79,14.41,31.27,31.3,20.16,29.69,11.03,3.63,14.44,28.7,79.01,24.94,5.85,108.02,309.55,23.96,15.87,6.37,4.15,6.58,34.58,27.88,20.44,91.09,6.33,73.72,27.45,26.75,38.34,78.18,12.65,4.04,46.0,18.82,5.3,69.06,24.5,6.45,25.05,4.9,22.09,58.33,5.65,11.63,18.93,6.56,49.19,10.77,33.65,7.1,95.74,9.07,169.5,23.4,23.97,4.99,6.25,15.66,68.0,5.99,23.58,18.96,52.47,14.59,13.08,19.79,5.28,404.0,230.2,7.7,210.0,12.88,64.76,57.2,3.33,13.77,13.34,55.44,5.49,2.97,35.04,60.72,40.4,143.35,46.21,6.2,80.84,136.44,42.57,1.84,19.2,11.28,6.2,6.83,38.96,16.39,119.7
2023-05-18,232.4,73.75,51.82,11.1,1691.0,34.45,55.0,196.81,66.82,23.08,301.24,164.0,27.5,17.18,21.67,107.2,55.1,5.12,16.35,24.51,15.73,259.08,58.0,81.33,15.01,3.93,48.02,15.34,3.69,7.69,34.34,63.04,19.74,5.93,29.67,5.4,29.95,17.55,29.75,7.71,5.66,12.26,87.11,168.66,412.77,113.75,30.92,7.68,48.34,16.06,59.17,35.53,12.49,42.99,14.41,32.46,31.73,20.49,29.7,11.04,3.64,14.47,31.57,94.81,24.72,5.9,107.44,307.46,23.71,15.89,6.43,4.21,6.72,33.13,27.82,20.22,92.4,6.28,75.13,28.53,26.65,38.89,79.48,12.66,4.06,46.53,18.96,5.44,68.13,25.63,6.59,25.38,4.97,22.09,61.19,5.68,11.65,18.35,6.72,48.92,10.83,33.08,7.07,95.4,9.09,187.94,23.87,24.84,5.03,6.3,15.59,67.94,5.92,23.43,18.45,51.95,14.47,12.98,19.63,5.43,436.14,227.14,7.78,207.37,12.91,64.38,56.5,3.38,13.58,13.04,55.58,5.44,2.98,35.92,59.84,41.16,140.4,44.85,6.22,81.0,133.88,41.9,1.83,19.2,11.22,6.23,6.79,39.38,16.27,119.84
2023-05-19,230.0,66.3,51.04,10.89,1699.5,33.95,55.8,195.3,67.2,22.82,301.28,163.66,28.12,17.04,21.29,112.01,55.0,5.04,16.16,25.85,15.69,259.18,58.96,80.9,15.1,3.96,49.13,15.04,3.62,7.62,34.82,57.4,19.22,5.82,29.85,5.34,29.03,18.64,30.45,7.53,5.58,12.08,87.0,170.8,411.0,114.68,30.93,7.54,47.1,15.84,58.41,35.62,12.34,42.73,14.1,32.64,31.01,20.3,30.52,11.11,3.67,14.55,31.08,93.55,24.43,5.84,109.21,311.05,23.37,16.04,6.31,4.16,6.65,33.26,27.91,20.16,93.11,6.18,74.97,28.28,26.52,39.09,83.15,12.63,4.03,46.95,19.04,5.64,67.99,25.55,6.41,25.1,4.89,22.38,59.92,5.59,11.78,18.06,6.57,50.09,10.78,32.96,6.93,97.67,9.04,185.4,23.91,24.58,4.99,6.2,15.37,67.01,5.87,23.5,18.6,51.18,14.31,12.87,18.73,5.4,432.24,232.28,7.64,213.15,12.7,64.71,55.86,3.29,13.57,12.96,55.41,5.4,2.97,28.35,59.61,41.6,140.45,44.72,6.13,79.49,135.16,42.05,1.84,19.15,11.15,6.24,6.67,38.93,16.34,117.68
2023-05-22,230.3,62.39,51.42,10.9,1746.0,34.2,56.71,188.65,68.4,23.23,297.31,162.69,27.85,17.08,21.3,113.31,54.55,5.07,15.41,25.43,15.78,265.1,59.41,78.01,15.15,3.94,48.7,14.94,3.61,7.66,35.2,53.74,18.68,5.82,30.45,5.35,28.8,18.71,30.86,7.49,5.61,12.04,88.9,177.61,401.0,113.8,30.83,7.54,46.15,16.09,60.3,35.88,12.38,43.04,13.94,32.16,31.64,20.07,29.7,11.18,3.63,14.7,29.69,89.89,24.48,5.89,102.62,313.0,23.41,15.8,6.3,4.17,6.69,33.4,27.82,20.47,94.47,6.16,74.59,28.07,26.87,39.5,81.66,12.77,4.05,47.34,19.16,5.41,68.3,25.78,6.32,25.17,4.86,23.11,58.86,5.61,11.65,18.0,6.57,50.42,10.78,33.35,7.01,97.53,9.04,168.7,23.79,24.76,4.98,6.34,15.29,66.89,6.05,23.43,18.31,51.33,14.24,12.89,19.15,5.47,414.36,224.99,7.59,224.0,12.81,66.32,57.19,3.26,13.88,13.06,54.18,5.56,2.97,27.21,59.43,40.95,140.88,45.17,6.1,79.48,138.87,41.8,1.86,19.07,11.22,6.27,6.65,38.93,16.31,116.22
2023-05-23,225.42,63.03,49.9,10.67,1724.55,33.6,55.95,184.11,69.18,23.04,291.48,158.5,27.66,16.95,20.85,107.48,52.9,4.93,15.23,25.92,15.61,262.93,57.7,77.27,15.08,3.92,49.1,14.79,3.5,7.56,35.05,54.65,17.94,5.74,30.67,5.24,27.98,19.57,30.93,7.35,5.54,11.93,87.8,174.0,387.0,114.35,30.76,7.45,44.82,15.88,60.56,36.68,12.21,42.99,13.67,31.21,30.1,19.84,29.5,11.14,3.66,14.57,29.1,87.2,24.42,5.7,103.7,311.38,22.8,15.51,6.21,4.04,6.5,33.35,27.05,20.35,91.6,6.05,73.6,27.42,26.35,37.4,78.83,12.51,3.98,46.81,18.54,5.43,67.02,25.51,6.23,25.11,4.78,22.93,59.09,5.42,11.59,17.89,6.44,49.61,10.41,32.9,6.87,95.19,8.98,161.5,23.55,24.11,4.85,6.19,15.12,65.6,5.9,23.5,18.14,49.89,13.96,12.72,19.03,5.33,408.2,213.78,7.51,220.7,12.5,65.31,56.03,3.19,13.84,13.0,54.5,5.48,2.92,27.04,58.06,39.26,140.65,44.5,6.05,78.62,136.51,41.1,1.83,18.7,11.11,6.1,6.59,38.0,16.14,113.35
2023-05-24,225.25,64.08,48.47,10.69,1710.9,32.93,53.6,182.0,68.8,22.63,297.51,158.58,27.84,16.72,20.28,108.38,49.91,4.76,14.82,25.27,15.33,261.91,58.0,76.83,15.07,3.75,47.96,14.53,3.41,7.47,34.49,58.58,18.16,5.6,30.0,5.25,27.78,20.14,30.51,7.22,5.41,11.76,87.71,170.35,391.86,117.3,30.19,7.29,44.72,15.54,60.2,36.0,12.01,43.18,13.41,31.35,28.8,19.29,29.36,10.89,3.54,14.3,29.55,87.67,24.2,5.64,109.01,312.0,22.64,15.43,6.13,3.89,6.3,33.14,26.98,20.23,90.29,5.85,73.46,27.31,25.66,37.15,79.59,12.22,3.91,46.59,18.4,5.51,67.37,25.06,6.09,25.98,4.67,22.29,56.57,5.28,11.53,17.58,6.3,48.8,10.39,33.11,6.78,95.97,8.89,155.0,23.84,24.51,4.77,6.03,14.91,64.11,5.85,23.5,18.11,49.2,13.8,12.72,18.97,5.18,401.39,215.4,7.37,217.72,12.22,64.4,57.21,3.1,14.01,12.85,29.86,5.4,2.89,26.79,58.0,37.5,137.6,44.16,5.95,78.18,133.51,40.2,1.83,18.48,10.92,5.99,6.52,37.1,16.02,113.02
2023-05-25,224.09,68.55,48.4,10.52,1701.0,32.42,54.01,194.5,67.82,22.7,299.16,159.65,27.68,16.67,20.32,110.8,50.36,4.74,16.3,25.37,15.1,255.6,60.1,81.0,15.06,3.81,48.06,14.6,3.44,7.48,34.34,70.3,19.1,5.65,29.73,5.16,28.17,20.07,30.32,7.16,5.48,11.67,86.72,168.2,392.9,120.03,30.05,7.31,47.2,15.29,59.97,34.95,11.93,42.84,13.37,32.15,28.63,18.76,29.99,10.88,3.49,13.59,30.56,93.18,24.11,5.67,113.4,314.71,22.78,15.53,6.12,3.89,6.21,33.03,26.9,19.67,91.5,5.8,74.72,29.02,25.65,39.92,80.75,12.12,3.91,46.85,18.1,5.39,67.8,25.77,6.09,25.73,4.69,22.28,55.61,5.2,11.5,17.28,6.33,48.92,10.26,32.44,6.86,96.85,8.65,154.51,24.05,24.09,4.76,5.97,15.02,63.2,5.76,22.83,18.22,48.67,13.85,12.52,18.82,5.15,393.0,215.65,7.44,216.6,12.02,63.98,57.8,3.11,13.9,12.58,30.09,5.42,2.87,27.12,58.91,37.55,136.71,44.51,5.94,76.85,131.4,40.89,1.83,18.32,11.1,5.99,6.47,37.07,16.15,113.37
2023-05-26,220.0,69.4,48.44,10.8,1690.56,32.74,54.26,224.0,66.02,22.56,301.6,164.53,27.45,16.78,20.37,114.0,51.8,4.8,16.79,26.2,15.14,246.99,61.14,86.51,14.69,3.86,48.4,14.67,3.5,7.53,34.4,68.77,19.92,5.81,29.47,5.25,27.82,24.08,30.92,7.11,5.47,11.77,86.27,170.1,407.23,114.03,29.3,7.32,50.14,15.19,59.91,35.44,12.1,42.82,13.47,33.65,28.46,17.93,30.38,10.98,3.52,13.58,31.27,91.45,23.9,5.75,116.73,317.36,22.68,15.13,6.17,3.89,6.35,33.19,26.84,18.93,93.77,5.75,76.4,29.38,25.96,41.38,84.0,12.04,3.9,46.37,18.0,5.43,66.03,26.18,6.18,25.78,4.74,22.16,56.63,5.26,11.64,17.27,6.35,48.88,10.43,31.49,6.98,96.1,8.58,159.6,24.43,24.86,4.77,5.96,15.19,61.55,5.73,22.9,18.27,48.27,13.92,12.36,18.84,5.2,412.87,217.36,7.59,214.13,12.39,64.12,55.26,3.15,13.61,12.49,31.79,5.41,2.94,26.3,58.94,37.7,137.7,42.8,5.89,73.92,130.7,40.43,1.83,18.51,11.0,6.07,6.49,37.11,16.03,113.22
2023-05-29,217.06,71.49,48.04,10.8,1689.0,32.69,53.45,219.6,66.79,22.89,304.55,171.8,27.35,16.75,20.35,112.17,52.6,4.85,17.9,24.56,14.61,244.93,62.92,86.37,15.07,3.91,48.3,14.66,3.56,7.52,34.03,75.5,18.38,5.96,29.18,5.25,29.06,25.49,30.98,7.62,5.56,11.56,83.71,168.26,417.81,109.4,29.45,7.41,50.09,15.13,60.13,34.0,11.98,41.74,13.52,34.42,28.13,17.58,31.2,10.83,3.72,13.66,30.6,96.0,23.68,5.81,112.65,312.02,22.77,14.77,6.2,3.98,6.49,32.9,26.86,18.89,94.45,5.8,77.9,30.47,25.02,39.8,88.09,11.86,3.94,46.79,18.37,5.79,64.7,25.55,6.51,25.51,4.82,21.92,55.84,5.37,11.4,17.13,6.46,48.02,10.49,30.25,7.09,97.5,8.46,154.45,24.76,24.94,4.81,5.9,15.0,61.36,5.81,22.66,17.97,47.76,13.93,12.13,18.41,5.27,415.96,214.11,7.75,213.96,12.43,63.27,54.81,3.19,13.5,12.45,32.06,5.48,2.94,27.0,58.92,37.52,135.5,41.61,5.9,73.28,127.44,40.3,1.83,18.52,10.9,6.03,6.45,36.72,15.8,111.27
2023-05-30,224.99,76.31,47.99,10.71,1668.29,32.64,52.33,234.8,66.5,22.75,305.11,173.89,27.65,16.69,20.36,112.6,52.89,4.82,18.03,25.58,14.43,252.2,63.73,90.92,15.25,3.94,48.29,14.78,3.5,7.44,33.61,78.9,18.99,5.88,29.19,5.25,29.08,26.9,30.68,7.67,5.6,11.62,83.08,165.17,421.47,110.6,29.17,7.37,54.04,15.05,60.45,35.16,11.87,41.8,13.53,34.98,28.12,17.36,31.36,10.73,3.77,13.76,33.66,109.0,23.61,6.0,115.65,307.6,22.91,14.53,6.2,3.93,6.46,32.81,27.52,18.82,96.46,5.96,78.2,31.56,25.0,43.78,89.59,11.74,3.92,47.93,18.34,6.13,65.22,25.4,6.45,24.41,4.77,21.7,60.2,5.46,11.57,16.98,6.95,47.5,10.62,29.5,7.13,97.54,8.56,162.2,24.9,24.75,4.91,5.93,14.97,62.09,5.8,22.7,18.29,47.5,13.9,12.0,18.36,5.2,439.19,210.69,7.69,209.76,12.34,61.93,54.69,3.15,13.39,12.16,32.6,5.46,2.93,27.64,58.13,38.05,135.55,41.78,5.87,73.4,127.8,39.68,1.81,18.49,10.86,5.98,6.54,37.13,15.88,109.61
2023-05-31,221.17,84.43,47.0,10.69,1628.9,32.3,51.33,254.19,65.0,22.51,303.45,173.34,27.3,16.56,20.05,110.8,54.4,4.83,18.05,25.41,14.02,253.66,63.8,92.73,15.26,3.97,45.55,14.8,3.52,7.42,32.98,76.1,20.89,5.85,28.81,5.24,28.82,28.0,30.15,7.5,5.77,11.56,82.26,161.18,411.8,110.14,28.23,7.35,53.5,14.68,59.09,34.86,11.6,40.05,13.53,35.18,27.85,16.76,31.2,10.44,3.86,13.63,34.69,107.5,23.86,6.09,121.38,300.58,22.37,14.54,6.17,3.9,6.4,32.44,27.44,18.79,96.4,5.9,78.34,32.62,24.6,44.56,93.36,11.61,3.96,47.34,17.55,6.22,64.0,25.99,6.36,24.4,4.73,21.48,59.75,5.41,11.63,16.82,7.04,47.33,11.23,28.82,7.04,99.89,8.44,160.84,25.42,25.25,4.92,5.98,14.9,62.0,5.71,22.98,18.38,46.25,13.91,12.05,18.06,5.14,432.0,209.83,7.64,204.03,12.1,60.5,54.56,3.15,13.15,12.15,32.36,5.43,2.9,27.54,58.93,37.34,135.63,40.89,5.9,71.94,123.1,39.75,1.83,18.5,10.88,5.88,6.42,36.79,15.88,108.44
2023-06-01,222.9,81.8,47.45,11.05,1635.92,32.06,48.89,237.01,67.1,22.38,296.65,171.26,28.5,16.55,20.1,110.31,54.42,4.86,17.92,24.87,14.2,255.45,62.1,87.3,15.17,3.96,45.93,14.8,3.46,7.41,32.53,75.36,21.1,5.82,29.09,5.29,28.93,27.94,30.08,7.63,5.47,11.77,82.2,163.32,412.55,107.64,27.97,7.28,52.69,14.93,59.39,35.9,11.59,40.36,13.74,35.91,28.2,16.74,30.56,10.43,3.8,13.31,33.66,108.04,23.97,6.18,116.22,299.04,22.39,14.83,6.16,3.91,6.38,32.28,26.98,19.05,98.84,6.01,77.88,32.45,24.62,45.29,89.55,11.57,3.91,47.72,17.72,6.84,63.48,25.12,6.49,23.11,4.7,21.46,65.73,5.44,11.63,16.67,6.88,47.25,11.15,28.63,7.0,99.5,8.46,176.28,25.57,25.53,5.02,5.9,14.91,62.1,5.71,23.02,19.18,46.1,13.85,12.03,18.39,5.16,471.0,212.41,7.56,207.53,12.4,50.12,54.88,3.15,13.23,12.05,32.35,5.41,2.92,28.72,59.25,37.8,138.05,42.1,5.83,72.33,120.95,40.35,1.84,18.5,10.85,5.85,6.45,36.78,15.76,109.61
2023-06-02,228.44,79.23,49.1,11.59,1670.6,33.07,51.8,228.7,67.84,22.33,298.19,171.92,28.79,16.7,20.19,108.89,53.72,4.88,17.83,25.66,14.52,259.06,60.69,83.2,15.16,3.98,46.03,14.83,3.46,7.48,34.09,72.82,20.42,5.81,29.76,5.47,28.4,26.5,29.78,7.65,5.51,11.88,84.44,167.9,418.2,107.96,28.26,7.35,50.78,15.27,58.81,35.91,11.93,40.76,13.71,36.03,28.55,16.99,30.53,10.52,3.86,13.8,32.69,106.7,24.28,6.18,112.8,301.58,22.73,15.7,6.21,3.89,6.34,33.23,26.82,19.65,99.29,6.08,77.15,31.95,25.82,44.4,89.02,11.94,3.93,47.68,17.94,6.84,65.65,25.35,6.49,24.17,4.75,22.75,66.8,5.65,11.84,16.87,6.68,48.64,11.53,29.24,6.93,98.68,8.61,173.85,25.5,26.14,5.05,6.15,15.03,64.2,6.01,23.82,19.31,48.95,13.9,12.47,18.94,5.21,471.0,216.13,7.45,212.22,13.0,50.83,56.3,3.15,13.85,12.5,32.65,5.42,2.94,28.63,58.47,38.4,138.51,42.67,5.85,76.3,122.81,40.84,1.86,18.97,10.99,5.94,6.48,37.37,15.78,110.19
2023-06-05,219.8,80.25,48.51,11.28,1665.0,33.04,53.94,230.32,66.09,22.45,317.0,175.3,28.35,16.73,20.0,107.0,55.04,4.96,18.93,25.45,14.43,258.32,60.28,83.5,15.22,4.02,46.5,14.78,3.56,7.48,34.17,73.6,21.44,5.87,29.51,5.44,28.64,25.56,29.79,7.72,5.61,11.85,84.5,165.2,437.47,104.08,28.56,7.41,51.76,15.14,59.01,36.0,11.91,40.38,13.59,36.05,28.51,17.38,31.02,10.58,3.88,13.74,33.15,111.2,24.08,6.15,111.2,301.4,22.6,15.6,6.21,3.98,6.49,33.23,26.75,19.75,97.5,6.0,77.38,32.16,25.85,44.65,86.31,11.87,4.0,47.45,18.08,6.75,63.2,25.77,6.57,24.45,4.8,22.85,66.88,5.49,11.85,16.4,6.62,48.37,11.04,28.41,6.84,97.84,8.54,176.6,25.52,25.06,5.06,6.06,14.99,64.66,5.83,23.8,19.28,49.1,13.88,12.39,18.88,5.26,480.05,212.0,7.47,206.76,12.84,49.72,55.69,3.2,13.9,12.51,32.23,5.39,2.94,27.92,57.29,37.71,140.27,41.49,5.87,75.97,119.55,39.92,1.85,18.97,10.94,5.95,6.55,37.22,15.01,106.71
2023-06-06,219.28,79.5,48.76,11.39,1666.99,33.07,54.21,223.25,64.45,22.32,309.5,164.3,26.27,16.74,19.83,103.06,53.99,4.96,18.22,23.95,14.16,260.88,59.09,79.39,14.75,3.93,46.31,14.63,3.56,7.45,34.09,77.25,20.4,5.91,29.5,5.38,27.84,24.8,29.35,7.66,5.53,11.67,85.76,165.62,427.0,104.95,29.31,7.38,50.0,15.08,57.75,34.9,11.84,40.24,13.46,35.31,29.27,17.73,29.55,10.5,3.8,13.87,32.58,107.31,23.5,6.1,109.0,300.0,21.87,15.22,6.19,3.99,6.48,32.81,26.78,19.42,98.33,6.02,75.14,31.08,26.2,43.79,84.48,11.85,3.96,46.93,17.98,6.55,62.67,24.87,6.55,24.02,4.77,22.75,63.6,5.52,11.38,16.23,6.63,48.16,11.13,27.66,6.7,94.96,8.49,169.01,24.71,25.0,5.04,6.02,14.84,63.21,5.77,23.63,17.96,47.6,13.73,12.24,18.7,5.22,451.2,210.7,7.42,208.99,13.11,49.45,56.18,3.18,13.78,12.52,32.4,5.32,2.91,30.71,56.22,37.48,135.16,41.33,5.84,74.48,117.71,39.66,1.81,18.85,10.71,5.9,6.58,37.29,14.87,103.1
2023-06-07,207.3,80.55,49.01,11.4,1650.9,33.3,55.25,221.2,63.28,22.34,308.0,154.05,27.16,16.81,19.87,103.24,54.67,5.01,18.03,23.83,14.29,256.55,59.91,79.88,14.7,3.94,45.5,14.74,3.62,7.47,34.47,77.45,20.43,5.95,29.5,5.39,27.57,24.86,29.23,7.66,5.67,11.54,84.8,164.0,414.94,102.16,29.32,7.46,49.81,14.98,57.73,34.72,11.94,39.97,13.54,35.66,29.32,17.59,31.52,10.47,3.84,13.91,35.84,108.11,23.42,6.12,110.32,294.98,21.98,14.75,6.24,4.04,6.58,32.89,26.44,19.33,95.85,6.02,75.64,31.13,26.45,42.62,85.98,11.89,3.98,45.9,18.09,6.49,60.02,24.64,6.54,23.94,4.84,22.63,64.94,5.51,11.4,16.23,6.6,47.45,11.1,27.5,6.71,95.38,8.55,168.7,24.82,24.83,5.11,5.99,14.87,62.3,5.74,23.6,18.14,47.16,13.71,12.16,18.55,5.28,450.0,205.92,7.59,205.28,12.94,49.3,54.76,3.2,13.5,12.38,32.18,5.26,2.9,31.75,55.4,37.68,133.0,40.36,5.88,73.41,116.58,39.58,1.81,18.8,10.58,5.89,6.52,37.44,14.58,104.47
2023-06-08,208.01,55.08,49.67,11.52,1668.0,34.08,56.89,221.01,64.11,22.66,301.9,152.11,27.41,17.08,20.2,101.13,53.56,5.09,17.85,23.41,14.46,255.0,57.11,77.25,14.57,3.93,45.59,14.88,3.71,7.61,35.49,73.6,19.83,6.07,29.61,5.41,27.8,23.74,28.84,7.82,5.65,11.66,86.97,164.82,415.3,102.91,29.6,7.57,49.82,15.69,57.38,34.55,12.12,40.71,13.71,35.39,29.75,17.81,31.33,10.68,3.86,14.09,34.24,106.72,23.37,6.17,105.3,294.0,22.01,14.49,6.31,4.15,6.65,32.83,26.31,19.39,96.9,6.17,73.58,31.0,26.85,43.05,84.6,12.3,4.05,46.0,18.43,6.88,59.69,24.4,6.67,24.34,4.9,23.0,64.21,5.6,11.24,17.22,6.62,48.05,10.96,27.34,6.84,93.95,8.7,166.4,24.58,24.69,5.18,6.17,14.96,63.2,5.77,23.73,17.83,47.12,13.86,12.21,18.6,5.43,448.89,208.01,7.73,206.3,12.93,49.28,55.7,3.31,13.48,12.7,31.93,5.21,2.91,29.56,55.8,38.26,130.95,39.91,5.94,74.55,117.58,39.53,1.81,18.97,10.63,5.95,6.67,37.95,14.68,102.69
2023-06-09,212.04,58.89,49.48,11.71,1666.0,33.74,56.11,226.78,67.44,22.86,307.0,152.29,27.18,17.1,20.18,103.25,53.53,5.07,19.64,23.77,14.23,258.0,58.19,77.81,14.83,4.0,45.79,14.88,3.68,7.6,35.2,78.2,21.81,6.05,29.84,5.4,27.8,25.1,28.77,7.86,5.64,11.82,87.35,164.59,429.99,103.72,29.45,7.56,52.04,15.49,57.04,32.36,11.88,40.79,13.76,36.4,29.81,17.75,31.8,10.66,3.9,13.93,36.43,115.2,23.9,6.49,110.03,302.0,22.99,15.48,6.29,4.13,6.58,32.99,26.68,19.38,102.66,6.18,76.3,32.99,26.76,45.67,85.86,12.21,4.01,46.74,18.67,7.57,58.62,24.2,6.78,24.26,4.89,22.8,66.35,5.58,11.53,16.97,6.53,48.08,11.2,27.6,6.88,96.01,8.72,165.74,25.09,25.4,5.31,6.15,14.94,63.91,6.03,23.98,18.18,47.13,13.88,9.31,18.65,5.51,494.5,204.2,7.74,205.94,12.9,48.75,55.5,3.29,13.34,12.59,33.56,5.45,2.91,30.85,55.47,37.88,136.8,40.03,5.91,74.98,116.8,40.19,1.82,18.99,10.73,5.91,6.76,37.65,14.48,103.66
2023-06-12,211.95,60.82,49.57,11.55,1696.0,33.73,57.35,220.21,67.71,22.38,315.8,151.75,27.49,16.94,19.85,102.9,52.87,4.97,21.35,25.6,14.16,260.51,58.2,78.39,14.92,3.96,44.7,14.86,3.66,7.52,36.08,86.21,22.31,5.89,29.89,5.39,27.75,25.66,28.88,7.78,5.62,11.94,88.65,170.41,419.0,105.37,29.83,7.43,51.2,15.71,58.76,31.75,11.79,40.79,13.52,35.97,29.77,17.95,32.62,10.57,3.87,13.85,36.0,121.5,23.83,6.28,107.53,299.35,22.76,15.03,6.21,4.04,6.48,33.55,26.45,19.38,99.8,6.05,77.71,32.71,26.7,45.23,88.67,12.22,3.96,47.2,18.58,7.26,58.92,26.62,6.62,24.54,4.8,23.31,68.5,5.6,11.8,16.88,6.53,48.78,10.98,27.82,6.88,95.64,8.64,167.66,25.35,24.94,5.22,6.42,14.86,63.09,6.06,23.87,18.18,47.23,13.86,9.3,18.89,5.46,488.0,206.05,7.6,217.2,13.05,49.42,56.9,3.17,13.66,12.73,33.2,5.37,2.91,30.82,55.6,37.57,137.47,39.5,5.86,73.89,120.01,39.41,1.81,18.98,10.66,5.86,6.77,38.66,14.86,105.3
2023-06-13,213.1,61.38,49.63,11.6,1699.0,33.73,56.61,232.9,68.81,22.3,320.5,158.48,28.76,17.01,19.98,111.94,55.4,5.0,22.02,25.9,14.37,261.22,62.85,80.78,15.17,3.99,45.0,14.92,3.67,7.55,36.07,90.8,22.56,5.93,28.93,5.37,27.76,25.72,29.84,7.61,5.59,12.04,89.62,173.08,426.55,104.51,29.62,7.46,53.78,15.68,59.04,33.58,11.77,40.76,13.68,36.78,29.75,17.8,33.47,10.57,3.84,13.84,35.98,121.55,23.75,6.18,113.59,302.28,22.63,15.41,6.23,4.06,6.51,33.6,26.61,19.36,97.52,6.0,79.65,33.4,26.75,49.12,90.55,12.27,3.96,47.35,18.02,7.53,57.71,27.36,6.57,24.36,4.84,23.25,74.85,5.53,11.87,16.91,6.43,48.76,10.91,27.75,6.87,99.76,8.64,179.65,24.87,25.01,5.17,6.43,14.9,63.21,6.06,23.48,18.54,47.74,13.89,9.22,18.91,5.48,480.37,204.8,7.57,220.9,13.13,50.01,57.11,3.15,13.56,12.84,34.55,5.33,2.89,32.08,55.43,37.94,135.78,39.15,5.86,73.87,120.8,39.48,1.81,18.89,10.66,5.82,6.93,38.81,14.9,108.07
2023-06-14,213.4,65.8,48.05,11.88,1726.88,33.39,57.08,224.8,67.66,22.25,316.6,164.86,28.64,16.9,20.0,112.2,56.0,4.87,22.79,25.42,14.26,263.0,62.91,81.48,15.18,4.03,46.0,14.84,3.56,7.48,36.62,105.89,23.24,5.81,29.07,5.51,27.76,26.69,30.21,7.6,5.54,12.06,90.46,177.68,437.09,103.17,30.03,7.4,55.41,16.24,59.05,33.37,11.47,40.67,13.79,36.83,29.62,17.82,32.56,10.59,3.85,13.97,37.09,129.55,23.81,6.05,112.84,299.61,22.29,15.9,6.16,4.0,6.34,33.57,26.37,19.23,96.5,5.95,79.29,34.4,26.3,52.5,88.78,12.11,3.93,46.2,18.25,7.53,55.6,27.28,6.58,24.53,4.69,23.33,75.13,5.65,11.75,16.66,6.41,49.14,10.76,27.32,6.74,100.49,8.61,183.3,24.81,25.0,5.1,6.66,14.94,62.86,6.25,23.23,18.21,47.33,13.89,9.35,19.11,5.25,471.21,210.83,7.51,228.2,13.41,50.25,59.49,3.11,13.92,13.13,35.31,5.25,2.9,32.41,55.28,38.0,137.12,38.76,5.83,73.01,121.13,39.23,1.8,19.06,10.61,5.73,7.21,38.54,14.77,110.05
2023-06-15,230.88,63.8,48.42,11.8,1755.0,33.72,58.0,211.0,70.9,22.28,317.45,163.48,28.4,17.0,20.3,110.91,54.78,4.91,22.64,26.05,14.65,271.88,61.49,75.78,15.14,4.03,46.93,14.88,3.6,7.47,37.04,101.4,22.0,5.86,29.3,5.58,27.5,25.5,29.6,7.56,5.41,12.24,91.6,182.0,420.0,110.77,30.0,7.45,53.91,16.92,62.93,33.44,11.61,41.25,13.98,37.7,28.76,17.91,32.2,10.64,3.88,14.15,38.14,134.79,24.25,5.99,108.12,302.3,22.48,16.0,6.17,4.01,6.36,34.36,27.42,19.59,97.17,6.01,78.98,34.06,26.53,52.02,86.49,12.13,3.94,46.96,18.21,7.89,60.09,29.0,6.52,24.55,4.72,23.77,72.88,5.65,11.7,16.81,6.43,49.65,10.37,29.18,6.78,99.96,8.64,179.58,24.79,23.55,5.07,6.66,15.09,65.0,6.12,23.53,18.23,48.35,14.06,9.61,19.35,5.21,450.0,219.57,7.47,230.5,13.5,51.08,63.55,3.13,14.12,13.3,33.69,5.29,2.93,31.35,57.14,37.76,138.4,41.6,5.84,75.86,130.0,39.9,1.82,19.12,10.85,5.73,7.37,38.18,14.94,111.45
2023-06-16,231.1,68.64,48.6,12.03,1797.69,33.93,58.35,222.85,71.81,22.2,320.4,169.9,29.64,16.99,20.39,111.88,55.56,4.88,24.06,27.13,14.86,271.08,60.83,77.08,15.4,4.04,47.5,14.94,3.58,7.41,37.1,107.3,22.5,5.82,29.37,5.66,28.68,26.07,30.0,7.58,5.58,12.34,91.29,184.08,428.0,114.09,29.96,7.43,55.78,17.05,63.55,35.14,11.63,42.43,14.08,39.0,28.5,17.97,32.43,10.79,3.94,14.6,41.13,155.0,24.27,5.96,109.18,306.21,22.45,16.08,6.18,3.96,6.3,34.28,27.84,19.59,95.74,6.12,79.47,35.27,26.35,56.5,87.54,12.04,3.94,46.77,18.5,7.85,60.99,29.38,6.51,25.22,4.71,23.85,74.31,5.85,11.87,17.17,6.55,49.77,10.49,29.63,6.78,100.63,8.66,193.0,24.98,23.92,5.07,6.69,15.1,65.31,6.19,23.47,18.48,47.3,14.07,9.77,19.34,5.12,485.8,219.97,7.43,232.6,13.75,51.05,64.17,3.11,13.49,13.16,33.85,5.34,2.96,31.45,57.32,37.89,140.28,41.8,5.82,76.02,130.16,40.79,1.83,19.31,10.82,5.82,7.49,38.23,15.18,86.43
2023-06-19,227.88,78.3,47.5,11.81,1744.0,33.58,56.81,239.1,69.8,22.18,315.57,168.8,29.89,15.79,20.15,114.08,55.06,4.83,26.46,28.45,14.73,269.21,62.11,80.01,16.11,4.06,46.88,14.75,3.52,7.34,36.04,120.75,23.36,5.72,29.05,5.49,30.15,26.63,30.25,7.52,5.39,12.23,91.9,177.54,418.76,113.95,29.82,7.34,61.12,16.85,63.84,36.15,11.45,42.43,14.0,39.68,27.84,17.89,33.51,10.78,3.91,14.46,43.52,160.01,24.02,6.09,114.33,303.79,22.24,16.57,6.12,3.9,6.23,34.41,28.05,19.25,96.0,5.91,79.77,36.74,25.84,62.15,87.82,11.98,3.9,45.97,18.35,7.81,60.01,30.31,6.48,25.01,4.63,23.41,75.6,5.64,11.94,17.39,6.41,48.9,10.35,28.98,6.76,103.1,8.65,209.99,25.17,23.89,5.2,6.64,14.99,63.95,6.2,23.06,18.58,47.0,13.91,9.65,19.0,5.06,484.0,215.03,7.37,226.06,13.06,50.41,64.18,3.05,13.57,12.85,36.08,5.31,2.9,33.3,58.0,36.48,138.75,41.39,5.77,73.97,127.3,40.1,1.81,19.05,10.84,5.68,7.44,37.27,15.06,87.72
2023-06-20,228.0,80.0,46.89,11.76,1743.46,33.19,57.58,267.0,68.95,22.09,310.97,165.8,31.58,15.78,20.06,113.36,52.27,4.83,26.03,28.11,14.74,268.25,60.4,83.97,15.3,4.03,46.78,14.75,3.5,7.31,36.37,118.95,22.5,5.71,28.82,5.52,32.7,25.88,30.75,7.37,5.3,12.12,90.71,174.01,412.21,113.56,29.8,7.29,59.68,16.83,64.45,36.34,11.36,42.55,14.12,43.65,27.23,17.8,34.0,10.67,3.9,14.5,42.05,170.0,23.97,6.06,111.0,303.13,22.38,16.22,6.1,3.87,6.16,34.49,27.97,19.08,94.5,5.84,79.48,36.8,25.72,65.0,85.16,11.94,3.9,45.82,17.95,8.15,60.7,31.49,6.32,25.1,4.61,23.6,80.8,5.54,11.94,17.48,6.41,48.52,10.36,28.73,6.84,102.88,8.58,212.0,25.19,23.77,5.05,6.55,14.89,63.33,5.83,22.82,18.62,46.89,13.83,9.65,19.08,4.98,517.0,209.0,7.33,221.39,12.98,50.22,66.35,3.05,13.8,12.95,36.91,5.28,2.88,32.52,59.7,35.97,137.0,40.98,5.78,73.21,126.28,41.18,1.81,18.85,10.78,5.59,7.39,36.73,15.12,86.31
2023-06-21,224.91,70.44,46.64,11.57,1735.83,33.17,58.28,230.98,63.3,22.1,294.9,158.0,30.4,15.77,19.85,107.8,50.8,4.85,24.5,26.58,14.3,267.78,58.08,76.4,14.59,3.98,46.4,14.61,3.53,7.28,36.16,107.7,21.59,5.74,28.8,5.34,32.28,24.27,30.23,7.52,5.26,12.17,89.74,171.4,403.38,113.15,29.81,7.27,54.66,16.58,63.27,35.16,11.35,42.15,13.77,42.82,26.62,17.67,33.55,10.66,3.81,14.46,37.85,159.9,23.56,5.67,100.86,299.1,22.2,15.8,6.09,3.88,6.22,34.38,22.79,18.88,92.33,5.87,77.53,36.77,25.44,61.48,81.64,11.83,3.92,45.15,17.84,7.75,58.99,30.94,6.21,24.67,4.6,23.42,77.6,5.45,11.72,17.33,6.34,47.77,10.05,27.99,6.78,100.48,7.98,198.0,24.29,23.35,4.83,6.49,14.71,62.16,5.76,22.81,17.94,46.18,13.6,9.47,18.82,4.99,497.5,203.6,7.36,219.9,12.68,49.65,65.8,3.04,13.29,12.75,34.8,5.28,2.84,31.73,59.25,35.45,133.77,40.6,5.79,72.19,122.15,40.52,1.79,18.64,10.7,5.53,7.1,36.22,14.96,85.39
2023-06-26,225.17,64.28,45.93,11.49,1709.0,32.61,58.14,202.5,64.11,22.24,298.15,159.6,30.35,15.61,19.29,105.85,50.97,4.77,23.09,25.91,14.01,262.89,56.0,69.44,13.7,3.99,46.36,14.22,3.47,7.21,35.97,101.98,19.55,5.65,28.73,5.26,31.88,22.99,29.75,7.46,5.16,11.91,88.83,166.66,408.72,115.23,29.69,7.16,49.19,16.35,63.6,33.84,11.18,42.33,13.49,41.85,25.99,17.41,32.01,10.75,3.78,14.37,35.17,148.0,23.54,5.65,99.46,298.6,21.78,16.01,6.04,3.78,6.14,34.52,22.67,19.0,93.04,5.69,74.79,35.02,24.94,56.71,79.52,11.7,3.67,45.08,17.82,7.42,58.76,29.58,6.07,24.78,4.53,23.43,72.48,5.33,11.51,17.23,6.21,47.08,10.19,28.01,6.86,100.79,7.86,182.6,23.52,23.44,4.75,6.36,14.53,61.18,5.62,22.33,17.42,45.7,13.23,9.38,18.83,4.88,477.71,195.6,7.23,212.46,12.35,48.65,63.99,3.01,13.31,12.51,32.67,5.32,2.8,30.29,59.18,34.86,135.95,40.93,5.79,71.65,117.44,40.4,1.78,18.51,10.37,5.5,6.87,35.2,14.76,84.4
2023-06-27,223.47,61.56,46.3,11.69,1711.05,32.82,59.69,196.69,63.7,22.12,300.98,151.5,31.46,15.68,19.49,105.84,51.39,4.81,23.01,25.61,14.16,260.05,56.09,68.72,14.2,4.04,45.95,14.3,3.53,7.28,36.88,100.32,19.8,5.76,28.6,5.38,32.89,22.75,29.72,7.73,5.16,12.3,89.4,166.12,402.75,116.94,29.98,7.19,49.23,16.56,63.26,34.1,11.28,42.36,13.53,44.39,26.67,17.7,32.05,10.87,3.76,14.4,35.35,147.2,23.77,5.74,101.62,297.62,22.04,16.15,6.08,3.86,6.24,34.51,22.67,19.02,94.45,5.9,75.5,34.94,25.07,56.52,77.36,11.78,3.74,44.79,18.09,7.41,58.92,29.8,6.22,25.22,4.56,23.8,72.43,5.51,11.69,17.6,6.44,47.51,10.51,28.18,6.88,100.0,7.93,184.63,23.73,23.77,4.93,6.47,14.62,61.42,5.7,22.55,17.61,45.64,13.35,9.53,19.09,4.96,504.55,191.89,7.42,218.22,12.99,48.0,64.16,3.05,13.56,12.77,32.69,5.32,2.88,30.61,42.35,35.18,139.7,40.29,5.84,72.33,116.69,40.83,1.79,18.84,10.43,5.62,6.92,35.92,14.87,83.99
2023-06-28,224.5,57.0,46.54,11.66,1728.38,33.05,59.7,202.95,62.64,22.48,314.03,155.5,30.48,15.69,19.5,105.05,51.72,4.82,22.98,24.97,14.1,260.25,55.38,70.0,13.91,4.0,46.2,14.3,3.52,7.31,37.3,97.53,19.2,5.75,28.53,5.37,32.41,21.91,29.36,7.54,5.34,12.37,88.75,166.67,413.99,116.51,30.37,7.21,47.8,16.53,63.26,33.74,11.3,42.15,13.56,42.6,27.03,18.1,31.08,9.39,3.84,14.35,34.36,141.98,23.68,5.62,101.71,299.82,22.26,16.0,5.7,3.87,6.2,34.91,22.96,18.94,93.44,5.96,74.01,31.45,25.3,50.73,77.55,11.72,3.72,45.26,18.22,7.13,58.15,29.8,6.32,25.29,4.6,23.83,69.35,5.51,11.54,17.55,6.44,47.37,10.35,29.32,7.1,97.57,7.99,178.6,23.55,23.62,4.83,6.57,14.57,60.7,5.7,22.36,17.39,45.81,13.41,9.46,18.99,4.94,483.0,191.54,7.48,217.86,12.93,47.97,62.95,3.05,13.39,12.88,30.83,5.41,2.88,29.94,43.42,35.12,135.68,40.71,5.46,72.05,115.79,41.34,1.78,18.9,10.47,5.65,6.94,36.12,14.99,83.74
2023-06-29,222.5,60.6,46.3,11.35,1713.71,32.68,59.14,193.0,61.82,22.13,311.79,155.06,32.41,15.55,19.44,105.36,51.0,4.78,23.8,25.0,14.01,255.7,55.67,68.01,13.86,3.96,47.05,13.78,3.49,7.3,36.79,102.56,19.04,5.73,28.23,5.31,32.61,22.29,29.33,7.47,5.26,12.46,87.9,163.81,412.0,116.05,30.15,7.18,49.74,16.41,64.0,33.37,11.18,42.0,13.46,45.18,26.24,17.9,30.87,9.34,3.85,14.22,34.87,148.01,24.07,5.67,104.51,298.78,22.12,15.81,5.68,3.86,6.2,35.15,23.29,18.74,94.02,5.98,73.86,31.37,25.1,48.04,74.91,11.7,3.74,46.11,18.02,7.42,57.24,30.7,6.3,25.04,4.6,23.54,69.05,5.46,11.72,18.12,6.55,44.76,10.44,28.85,7.11,98.1,7.98,174.96,23.72,23.88,4.83,6.68,14.55,59.74,5.62,22.0,17.73,44.94,13.36,9.55,18.83,4.88,472.44,185.59,7.48,212.27,12.6,47.1,63.86,3.07,13.2,12.68,30.4,5.37,2.84,29.94,44.72,35.19,139.41,40.17,5.42,71.31,110.89,41.12,1.78,18.75,10.64,5.62,6.84,36.38,15.12,82.68
2023-06-30,228.79,67.97,46.4,11.37,1691.0,32.76,58.92,188.0,62.31,22.06,317.65,156.45,32.45,15.65,19.78,106.25,50.52,4.82,25.2,25.9,14.2,258.27,57.42,68.27,14.2,4.09,47.9,13.99,3.53,7.35,36.51,106.83,20.94,5.8,28.32,5.33,32.91,24.11,29.35,7.47,5.26,12.46,87.84,163.57,425.97,116.63,30.75,7.24,50.9,16.63,64.21,33.11,11.23,42.15,13.77,45.54,25.98,18.19,31.17,9.4,3.94,14.16,38.01,147.45,23.98,5.63,101.76,299.8,22.29,15.91,5.75,3.91,6.26,35.85,23.1,19.17,93.3,5.74,75.37,31.85,25.3,48.5,71.92,11.75,3.75,46.72,18.12,7.59,60.5,30.26,6.36,25.13,4.63,23.48,67.96,5.49,11.76,18.35,6.5,45.09,10.33,28.67,7.05,98.04,8.0,175.28,24.29,23.48,4.8,6.77,14.71,60.96,5.79,22.57,17.75,45.91,13.57,9.69,19.03,4.89,472.22,185.07,7.43,209.57,12.73,46.85,64.33,3.07,13.78,12.61,30.76,5.37,2.89,29.94,45.0,34.96,138.01,41.19,5.45,69.91,110.53,42.26,1.79,18.98,10.62,5.62,6.81,36.77,15.26,82.13
2023-07-03,229.88,67.76,48.18,11.93,1724.1,33.72,59.06,192.54,63.69,22.12,303.92,153.2,33.68,15.83,20.24,106.39,51.0,4.88,24.37,25.73,14.45,267.48,59.87,69.6,14.38,4.16,47.36,14.22,3.62,7.42,37.4,104.61,21.36,5.89,29.13,5.56,32.73,24.0,29.2,7.82,5.44,12.89,87.58,167.36,420.0,122.79,31.16,7.32,50.13,16.6,64.7,33.4,11.49,42.09,14.09,45.25,27.2,18.56,31.66,9.51,3.98,14.26,38.04,146.0,24.14,5.74,99.71,300.2,22.49,16.44,5.81,3.98,6.34,35.66,23.09,19.25,94.8,5.78,75.56,31.8,25.58,47.36,72.16,11.92,3.8,46.6,18.62,6.83,60.45,29.2,6.53,25.46,4.69,23.3,66.08,5.61,11.91,18.14,6.61,46.35,10.62,28.88,7.11,99.1,8.09,171.0,24.66,24.02,4.91,6.71,14.85,61.39,6.08,23.01,18.59,46.56,13.86,9.73,19.02,4.98,450.88,196.17,7.48,218.0,13.0,48.27,64.7,3.11,13.6,12.98,31.05,5.39,3.0,29.9,46.4,36.23,138.4,41.28,5.49,70.44,115.23,42.84,1.8,19.19,10.77,5.75,6.48,39.6,15.33,83.47
2023-07-04,229.25,71.39,47.95,11.8,1730.6,33.51,58.9,202.41,64.85,22.05,306.54,154.33,34.01,15.68,20.28,108.82,51.41,4.83,24.58,26.65,14.45,271.5,62.7,71.15,14.76,4.16,48.85,14.28,3.56,7.36,36.88,103.36,22.37,5.81,29.14,5.53,31.65,24.05,30.2,7.79,5.41,12.82,87.4,168.22,408.99,120.11,31.11,7.28,50.1,16.65,66.1,34.59,11.4,42.28,14.08,44.6,27.33,18.78,32.19,10.13,4.01,13.77,38.35,146.52,24.32,5.8,103.05,297.52,22.32,16.32,5.78,3.92,6.28,36.06,23.43,19.36,95.19,5.73,76.04,31.58,25.22,47.36,72.38,11.89,3.77,46.88,19.05,6.88,60.03,29.73,6.5,25.71,4.64,23.07,66.54,5.62,12.25,18.19,6.65,46.12,10.51,28.82,7.06,103.1,8.03,168.29,25.38,23.79,4.9,6.6,14.84,61.87,6.08,22.91,19.08,45.25,13.88,9.71,19.04,4.98,456.0,201.28,7.41,220.85,12.87,48.87,62.68,3.07,13.36,12.99,32.24,5.37,3.0,29.8,45.74,35.78,139.99,41.7,5.47,70.63,115.29,42.91,1.83,19.23,10.74,5.72,6.64,39.65,15.53,85.74
2023-07-05,227.51,66.41,47.35,11.8,1715.38,33.03,59.12,200.8,64.54,22.07,295.0,150.98,33.69,15.6,20.15,110.35,50.98,4.82,23.86,26.14,14.24,267.0,62.68,69.29,15.29,4.14,49.19,14.2,3.55,7.34,36.95,98.98,22.81,5.79,28.77,5.6,30.98,23.65,30.0,7.79,5.42,12.73,86.33,165.38,358.0,119.54,28.85,7.25,48.06,16.68,70.5,34.27,11.34,41.09,13.95,43.64,27.09,19.02,31.83,10.16,3.99,13.69,40.1,138.96,26.49,5.79,103.18,296.32,21.97,15.95,5.78,3.92,6.26,35.75,23.75,19.41,94.32,5.75,74.9,31.0,24.97,46.53,71.31,11.81,3.75,46.93,19.06,6.78,59.74,29.1,6.48,25.34,4.65,22.94,64.68,5.78,12.18,17.67,6.66,45.48,10.72,28.15,7.03,102.9,8.05,166.7,24.85,23.94,4.83,6.59,14.83,61.99,6.03,23.12,18.82,45.99,13.86,10.15,19.89,4.93,458.0,198.05,7.46,214.72,12.93,47.63,65.35,3.06,13.18,13.08,31.42,5.36,3.02,30.92,45.4,35.4,143.8,41.52,5.47,70.76,112.82,42.56,1.91,19.42,10.64,5.73,6.61,39.14,15.34,83.93
2023-07-06,224.85,68.0,47.3,11.61,1702.98,32.58,58.37,206.82,63.48,22.0,289.99,150.6,33.25,15.56,20.05,110.44,50.0,4.77,23.88,26.18,14.1,268.1,63.72,69.5,15.51,4.22,48.11,14.18,3.51,7.3,36.69,100.05,23.9,5.75,28.62,5.51,31.0,24.79,30.46,7.75,5.37,12.71,85.92,164.3,351.2,118.4,28.63,7.21,48.75,16.52,67.89,33.88,11.24,41.18,13.97,43.28,27.42,19.11,31.7,9.96,4.1,13.66,43.05,139.8,25.26,5.79,105.06,294.91,21.94,16.03,5.76,3.89,6.2,35.72,23.45,19.06,94.21,5.69,76.58,31.5,24.88,48.01,71.69,11.72,3.74,46.87,19.06,6.93,58.19,28.82,6.49,25.35,4.3,22.8,67.14,5.65,12.24,17.94,6.59,44.88,10.65,27.89,7.19,105.75,7.97,168.24,25.01,23.65,4.81,6.61,14.77,60.9,6.06,22.89,18.7,44.88,13.8,9.94,19.35,4.9,449.24,197.93,7.44,212.68,12.7,46.7,64.87,3.04,13.13,12.75,30.62,5.33,3.0,30.73,44.57,35.23,142.57,40.78,5.44,69.21,111.01,42.27,1.85,19.13,10.73,5.68,6.78,39.42,15.23,83.33
2023-07-07,222.25,67.48,47.21,11.55,1690.03,32.31,57.75,195.43,63.01,22.0,285.14,149.33,33.31,15.52,20.13,105.21,49.38,4.76,23.66,25.61,14.02,264.4,63.7,67.05,15.0,4.32,48.39,14.38,3.52,7.29,36.48,97.78,22.9,5.75,28.68,5.4,30.95,23.52,30.37,7.73,5.49,12.65,85.41,163.66,346.95,115.6,28.7,7.22,46.78,16.54,67.21,33.3,11.2,41.68,14.21,42.99,27.47,19.13,30.75,10.01,4.16,13.44,40.65,146.99,25.2,5.73,99.9,291.64,21.89,15.62,5.77,3.88,6.19,35.8,23.5,18.97,93.19,5.64,75.68,30.61,24.74,46.02,71.22,11.69,3.77,47.37,19.1,7.0,56.89,28.17,6.55,25.21,4.38,22.86,68.61,6.06,12.11,18.43,6.63,45.09,10.54,27.36,7.38,105.18,7.98,165.25,24.72,23.47,4.69,6.57,14.83,60.9,6.13,22.81,18.52,43.98,13.91,9.87,19.23,4.88,447.0,198.1,7.56,211.35,13.01,45.79,64.66,3.06,13.1,12.75,30.42,5.35,3.02,30.16,44.68,34.77,144.09,40.34,5.46,68.51,109.66,41.78,1.85,19.19,10.64,5.71,6.77,40.23,15.07,81.66
2023-07-10,228.8,64.85,46.61,11.54,1700.9,32.45,56.63,196.96,63.6,22.0,286.48,146.76,32.65,15.46,20.12,106.0,49.72,4.77,23.8,25.13,14.09,263.55,61.0,70.35,14.81,4.21,47.61,14.47,3.51,7.25,36.67,97.87,22.13,5.78,28.38,5.47,31.04,23.08,30.16,7.63,5.54,12.73,87.3,164.6,347.5,117.75,28.63,7.22,46.85,16.63,66.07,34.05,11.2,42.0,14.25,42.4,26.93,19.19,30.56,9.92,4.18,13.86,39.6,143.6,24.95,5.73,97.88,293.18,22.28,15.3,5.77,3.89,6.22,35.67,23.56,19.2,93.0,5.69,76.8,30.14,24.78,45.27,70.28,11.7,3.73,47.25,19.0,7.0,59.34,27.1,6.44,25.34,4.4,23.13,65.89,5.86,12.03,18.39,6.62,46.43,10.64,29.69,7.37,107.01,8.02,164.91,24.24,23.98,4.68,6.55,14.85,62.16,6.08,23.07,18.43,44.8,13.88,9.74,19.12,4.89,446.0,201.37,7.58,213.0,12.76,46.03,63.96,3.05,13.95,13.1,29.65,5.36,3.03,30.21,45.34,34.23,144.22,41.66,5.46,70.83,117.56,42.05,1.84,19.23,10.74,5.69,7.03,39.23,15.27,85.0
2023-07-11,229.09,65.3,47.2,11.84,1710.0,32.71,56.66,210.3,63.9,22.0,293.77,148.48,33.24,15.48,20.24,115.33,50.3,4.83,24.24,25.86,14.18,269.33,61.97,77.8,15.11,4.26,48.24,14.48,3.53,7.33,37.09,100.3,22.16,5.8,28.5,5.53,30.94,23.19,30.83,7.64,5.56,12.86,89.5,165.14,342.9,117.19,28.51,7.28,48.67,16.71,68.54,34.2,11.21,42.04,14.25,43.31,27.09,19.04,31.81,9.87,4.2,13.97,43.11,148.5,25.08,5.7,107.0,294.71,22.32,15.67,5.8,3.93,6.29,36.01,23.5,19.13,93.35,5.73,77.88,30.55,24.73,45.78,71.92,11.81,3.78,49.15,18.91,6.9,59.63,28.06,6.45,25.52,4.5,23.34,69.17,5.75,12.27,18.33,6.64,47.33,10.86,29.24,7.33,111.13,8.01,165.25,24.75,24.94,4.72,6.56,14.89,62.22,6.09,23.01,18.59,45.99,13.95,9.82,19.17,4.94,437.01,201.91,7.51,212.43,12.47,45.09,64.33,3.08,13.83,13.23,29.4,5.37,3.03,31.57,45.44,34.19,141.65,40.65,5.48,70.7,115.87,42.39,1.83,19.25,10.83,5.71,7.04,39.3,15.37,88.8
2023-07-12,226.99,59.34,47.29,11.95,1713.8,33.2,57.09,196.29,63.4,22.14,284.76,142.68,32.75,15.51,20.08,113.21,48.38,4.81,22.53,25.1,14.0,265.61,59.08,74.94,14.93,4.26,47.77,14.37,3.55,7.38,37.22,89.31,21.18,5.43,28.36,5.52,30.24,22.25,30.5,7.78,5.46,12.66,90.85,165.46,330.1,118.36,28.42,7.25,45.14,16.61,68.08,34.29,11.24,42.24,14.08,41.5,27.51,16.81,31.37,9.74,4.19,13.7,42.13,138.79,24.95,5.47,106.25,297.46,22.9,15.33,5.82,3.93,6.24,36.55,23.87,19.13,90.9,5.64,76.65,28.75,24.93,41.2,68.85,11.83,3.77,51.93,19.27,6.5,58.73,27.79,6.48,25.91,4.54,23.18,68.15,5.74,12.09,18.37,6.45,46.95,10.98,30.55,7.39,107.97,8.0,157.85,24.13,25.2,4.58,6.53,14.75,60.88,6.19,23.03,18.09,45.87,13.82,10.02,19.15,4.96,424.7,204.34,7.44,213.85,12.46,44.26,65.11,3.06,14.45,13.32,28.75,5.36,3.02,31.0,45.31,33.98,141.7,39.85,5.51,70.36,116.15,41.52,1.82,19.14,10.78,5.66,7.08,39.62,15.11,86.23
2023-07-13,230.0,63.4,48.62,12.52,1738.4,31.85,57.8,200.1,67.13,22.42,289.53,144.55,34.42,15.68,20.47,118.25,49.2,4.87,24.78,24.76,14.49,267.83,61.48,76.94,15.36,4.28,48.01,14.54,3.61,7.42,37.22,94.7,23.3,5.51,28.99,5.8,30.67,24.1,31.65,8.24,5.56,12.66,91.65,172.65,334.2,118.86,28.68,7.4,45.71,16.69,67.65,34.88,11.43,41.86,14.53,42.48,28.61,16.72,32.96,9.76,4.25,13.86,42.29,154.2,25.06,5.57,116.5,300.25,22.97,15.38,5.88,3.99,6.38,36.66,24.18,19.29,91.91,5.71,79.01,28.69,25.46,42.2,69.23,11.58,3.82,51.6,19.75,6.77,58.39,27.81,6.65,26.3,4.59,23.32,68.34,5.9,12.34,18.51,6.6,47.27,11.07,30.67,7.31,107.8,8.09,162.7,24.69,25.6,4.65,6.72,14.95,61.16,6.44,23.1,18.65,46.3,14.04,10.02,19.38,4.85,431.5,212.96,7.07,227.25,13.15,45.35,65.55,3.11,14.45,13.39,28.53,5.39,3.1,32.42,44.9,33.69,140.1,39.97,5.53,70.81,119.1,41.77,1.83,19.74,10.92,5.74,7.35,40.42,15.13,87.26
2023-07-14,228.28,65.39,48.64,12.58,1753.0,31.93,57.46,206.01,67.66,22.47,298.9,144.39,34.17,15.68,20.5,117.34,49.46,4.87,27.26,24.24,14.41,264.41,61.99,78.4,15.58,4.37,47.52,14.48,3.61,7.43,36.74,102.0,25.21,5.58,28.07,5.84,31.75,25.87,31.56,8.24,5.55,12.62,91.13,171.99,331.55,113.85,28.86,7.44,48.7,17.17,68.48,34.65,11.46,41.59,14.56,44.01,28.98,16.68,34.7,9.71,4.48,13.75,42.84,155.39,24.77,5.91,115.94,301.45,22.88,15.87,5.89,3.99,5.96,36.2,23.63,19.15,95.35,5.71,79.9,29.88,25.27,43.87,69.78,11.5,3.86,50.54,19.07,6.72,57.58,27.91,6.66,26.61,4.62,23.05,70.19,5.89,12.32,18.47,6.65,47.4,10.7,30.04,7.2,106.54,8.11,169.51,24.81,25.3,5.12,7.06,14.89,61.18,6.48,22.93,18.37,45.74,13.97,9.92,19.14,4.85,439.23,211.0,7.1,228.99,13.13,45.1,66.42,3.11,14.53,13.49,29.07,5.36,3.15,32.59,44.75,33.99,138.14,38.97,5.55,70.2,117.05,41.5,1.82,19.88,10.85,5.77,7.33,40.31,15.1,87.21
2023-07-17,225.65,68.18,48.05,12.34,1729.97,31.65,57.13,200.2,65.86,22.44,288.7,139.8,34.06,15.59,20.28,118.36,48.77,4.57,26.11,23.48,14.24,264.49,61.1,76.1,16.13,4.37,47.2,14.5,3.62,6.99,36.88,108.1,25.25,5.52,27.55,5.76,32.23,26.88,32.02,8.13,5.55,12.66,90.47,169.66,324.01,114.29,27.76,7.42,49.5,17.16,67.85,34.21,11.31,42.9,14.45,44.17,28.1,16.39,34.98,9.67,4.47,13.56,45.3,157.71,23.87,5.86,114.85,299.61,22.73,16.03,5.9,3.77,5.91,35.75,24.34,19.16,95.28,5.66,80.34,29.81,24.8,46.04,69.16,11.35,3.88,51.87,19.05,6.42,56.81,27.62,6.56,26.45,4.63,22.82,70.0,5.74,12.38,18.8,6.69,47.01,10.83,29.79,7.21,102.28,8.1,166.68,24.62,25.51,5.28,7.15,14.8,60.56,6.41,22.99,18.25,46.17,13.93,9.89,18.63,4.78,440.6,210.84,7.17,222.99,12.77,45.0,66.01,3.11,14.9,13.42,28.74,5.35,3.08,31.97,44.78,32.81,136.1,36.14,5.54,69.17,115.4,41.26,1.8,19.52,10.83,5.74,7.2,40.08,15.19,88.07
2023-07-18,225.5,65.03,47.6,12.4,1722.8,31.46,56.74,185.0,68.02,22.41,286.56,138.87,34.34,15.56,20.29,115.73,49.7,4.54,25.53,24.09,14.31,265.48,60.17,73.16,16.15,4.33,47.2,14.51,3.4,6.95,37.24,108.1,24.52,5.5,27.3,5.75,31.88,26.72,31.91,8.06,5.58,12.72,91.0,168.4,326.2,113.05,27.83,7.39,48.48,17.28,67.43,34.07,11.25,42.54,14.57,42.85,27.62,16.21,35.55,9.84,4.42,13.72,43.15,151.29,24.02,5.78,110.78,297.9,16.58,15.72,5.91,3.71,5.88,36.21,24.46,19.38,95.11,5.62,80.75,29.14,24.55,46.98,69.91,11.28,3.89,51.87,18.86,6.3,56.7,27.93,6.49,26.54,4.59,22.8,67.13,5.8,12.36,18.6,6.63,46.88,10.9,29.5,7.15,104.13,8.07,166.36,24.75,25.57,5.27,7.1,14.84,60.1,6.4,23.23,18.09,47.48,13.93,9.96,18.58,4.76,433.0,211.41,7.24,222.3,12.96,44.45,65.97,3.11,14.95,13.56,28.56,5.32,3.09,32.26,45.01,32.69,136.3,35.75,5.54,67.99,114.51,41.46,1.8,19.55,10.93,5.71,7.2,39.8,15.06,86.46
2023-07-19,219.5,64.17,47.77,12.59,1723.0,31.58,58.13,182.37,67.87,22.5,276.63,137.0,33.56,15.72,20.41,114.6,49.15,4.56,25.09,23.6,14.37,264.83,59.19,71.95,15.94,4.3,46.69,14.61,3.4,7.03,37.51,106.7,24.42,5.52,27.24,5.85,31.85,26.8,31.74,8.14,5.57,12.75,91.15,168.32,318.5,110.7,27.96,7.41,47.99,17.37,67.01,34.29,11.31,42.45,14.68,42.19,27.55,16.28,35.16,9.96,4.4,13.77,44.16,149.0,23.99,5.84,110.93,297.52,16.41,15.56,5.95,3.72,5.89,36.28,24.6,19.37,95.25,5.65,79.7,28.69,24.3,45.11,68.59,11.32,3.92,51.64,19.18,6.32,56.05,28.07,6.53,26.81,4.63,23.06,67.76,5.8,12.29,18.77,6.58,47.1,11.24,29.24,7.18,103.87,8.12,165.1,24.61,25.9,5.23,6.99,14.9,59.77,6.5,23.39,18.03,47.82,14.01,9.89,18.5,4.78,451.0,212.95,7.21,221.15,13.18,44.2,68.68,2.94,14.97,13.54,28.67,5.32,3.1,32.1,44.88,32.59,135.1,35.09,5.58,67.84,114.23,41.48,1.81,19.67,10.91,5.74,7.31,39.97,14.89,85.3
2023-07-20,221.05,57.82,47.42,12.61,1724.0,31.69,57.53,176.0,67.64,22.4,276.97,136.0,32.37,15.79,20.3,112.37,49.29,4.58,23.25,22.82,14.22,264.95,57.75,68.53,15.45,4.23,45.96,14.47,3.42,7.01,37.25,93.8,22.61,5.56,27.18,5.85,31.43,24.45,31.53,8.02,5.52,12.6,92.25,168.56,316.8,109.37,27.76,7.42,45.25,17.26,66.5,33.82,11.32,42.41,14.6,40.19,26.88,16.37,33.96,9.91,4.32,13.92,39.74,130.0,23.92,5.75,102.24,300.84,16.02,15.5,5.95,3.73,5.91,36.21,24.23,19.97,94.69,5.61,76.78,27.57,24.65,43.25,66.5,11.34,3.91,50.99,18.84,5.85,55.66,27.42,6.37,27.05,4.63,23.12,64.05,5.86,12.07,18.8,6.51,47.32,11.11,29.56,7.06,101.25,8.13,158.61,23.93,25.61,5.12,7.1,14.78,59.93,6.38,23.81,17.7,50.06,13.92,9.83,18.49,4.79,431.01,213.0,7.15,222.24,13.55,44.11,67.87,2.95,15.26,13.49,28.22,5.31,3.13,29.58,44.39,31.99,135.01,34.85,5.56,68.27,113.15,40.58,1.8,19.48,10.81,5.76,7.25,38.68,14.64,84.18
2023-07-21,221.59,55.62,46.97,12.53,1771.3,31.8,57.13,170.9,67.8,21.6,269.38,133.4,32.01,15.78,20.36,112.27,49.0,4.58,23.04,22.4,14.21,264.32,57.6,61.4,15.58,4.21,45.93,14.49,3.41,7.02,37.03,91.27,22.64,5.55,27.42,5.81,30.9,24.23,32.07,8.01,5.52,12.55,91.61,171.27,315.55,108.47,27.67,7.12,44.12,17.42,66.13,33.42,11.34,43.02,14.59,40.18,26.48,16.19,34.47,9.91,4.26,13.98,38.4,130.24,23.81,5.75,100.28,299.91,16.02,15.64,5.97,3.74,5.9,36.1,24.06,19.6,94.8,5.5,76.66,27.33,24.7,42.42,67.16,11.33,3.93,50.85,18.68,5.74,55.92,26.88,6.36,26.89,4.63,22.95,64.58,5.86,11.98,19.18,6.47,46.82,11.13,28.69,7.07,100.63,8.15,157.29,23.82,25.35,5.14,7.16,14.78,58.44,6.35,23.65,17.57,49.82,13.96,9.62,18.46,4.75,425.99,214.52,7.18,226.95,13.36,44.79,66.9,2.94,15.86,13.57,27.89,5.3,3.11,28.46,43.73,31.66,136.5,34.32,5.57,66.23,113.72,40.34,1.8,19.05,10.8,5.76,7.2,38.71,14.63,84.29
2023-07-24,218.98,56.55,46.62,12.43,1771.15,31.45,56.77,167.16,67.73,21.56,267.44,132.09,32.03,15.66,20.39,110.93,49.0,4.57,23.66,22.49,14.09,257.5,58.59,61.2,15.83,4.18,47.29,14.45,3.43,6.97,36.62,94.01,24.19,5.52,27.27,5.75,32.27,25.09,31.96,7.96,5.49,12.57,92.0,169.36,311.8,106.9,27.58,7.13,46.14,17.13,66.66,32.95,11.26,42.74,14.66,41.18,26.14,16.1,34.3,9.85,4.26,13.92,39.43,131.0,23.64,5.79,98.4,297.72,16.08,15.54,6.0,3.71,5.88,36.39,23.83,19.09,96.55,5.56,77.58,28.25,24.47,45.86,65.86,11.31,3.91,50.67,18.49,5.71,54.64,27.06,6.36,27.05,4.57,22.68,63.41,5.76,12.02,18.82,6.46,46.36,10.96,28.34,7.14,101.18,8.15,157.49,23.96,25.57,5.18,7.02,14.69,55.46,6.32,22.72,17.43,49.25,13.94,9.51,18.37,4.75,415.36,209.3,7.19,223.07,13.15,43.75,66.18,2.96,15.38,13.39,28.1,5.29,3.08,28.96,44.62,31.6,140.0,33.62,5.66,63.04,111.27,40.27,1.79,18.92,10.82,5.76,7.1,38.39,14.59,83.48
2023-07-25,226.35,57.8,49.55,12.94,1828.55,33.27,58.98,167.0,68.15,21.33,274.51,134.66,32.06,15.94,21.58,112.9,49.77,4.62,24.0,23.18,15.1,264.59,59.28,60.4,16.5,4.22,47.76,14.99,3.49,7.1,38.7,96.5,24.38,5.6,27.76,5.98,32.34,25.4,32.22,8.03,5.56,12.81,94.88,179.5,313.51,108.26,28.23,7.27,46.18,17.68,68.06,34.49,11.72,42.7,15.72,40.86,28.75,16.55,34.16,9.9,4.26,14.43,39.27,134.25,24.12,5.82,101.29,300.49,16.24,15.7,6.02,3.81,5.98,37.06,23.78,19.47,95.5,5.82,79.75,28.46,26.62,46.83,67.19,11.65,3.93,49.44,18.98,5.55,56.87,28.04,6.46,27.28,4.57,23.85,64.31,6.09,12.24,18.06,6.58,48.15,10.91,29.22,7.06,102.93,8.29,178.16,25.08,25.21,5.23,7.19,15.23,58.12,6.41,23.6,17.72,50.94,14.23,9.94,18.68,4.96,429.01,225.0,7.15,238.76,14.33,44.88,66.38,2.99,15.23,13.68,28.44,5.33,3.18,29.35,44.14,33.5,141.01,34.83,5.7,65.64,118.21,40.58,1.82,19.37,10.93,6.09,7.44,42.19,14.85,85.45
2023-07-26,226.66,55.0,49.46,13.07,1828.55,33.35,58.58,169.42,69.19,21.39,277.76,136.94,32.07,15.95,21.78,111.8,50.15,4.63,23.25,23.38,14.84,262.09,58.69,59.15,15.96,4.17,48.08,15.03,3.48,7.04,38.86,94.06,23.18,5.62,27.72,6.03,31.68,24.16,31.58,7.86,5.55,12.56,95.0,177.8,322.09,109.38,28.45,7.29,45.17,17.31,68.46,34.11,11.67,43.03,15.84,39.35,29.38,16.56,34.15,9.88,4.22,14.5,38.0,129.04,24.09,5.71,99.99,303.4,16.22,15.96,6.01,3.79,5.94,37.02,23.92,19.54,94.6,5.83,77.91,27.72,26.69,44.88,67.44,11.55,3.93,49.76,18.76,5.3,56.76,26.86,6.27,28.11,4.56,23.89,62.72,6.11,12.07,18.05,6.48,48.3,11.04,29.29,7.17,101.47,8.31,171.4,24.51,25.88,5.14,7.06,15.25,58.58,6.39,23.8,17.55,49.9,14.27,10.02,18.61,4.92,411.0,227.92,7.12,237.7,14.44,45.14,66.35,3.01,15.35,13.83,28.06,5.34,3.19,28.91,44.33,33.77,147.07,35.18,5.72,65.08,118.3,40.45,1.86,19.46,10.94,6.1,7.27,41.82,14.81,87.04
2023-07-27,226.98,53.49,49.88,12.88,1838.03,33.66,58.48,165.14,69.3,21.23,273.83,136.27,31.36,16.0,21.52,110.46,49.39,4.7,22.68,22.84,14.67,261.63,58.1,57.28,15.86,4.12,48.11,14.91,3.54,7.07,38.19,92.26,22.39,5.68,27.76,5.92,32.89,23.53,31.28,7.87,5.53,12.52,94.66,178.46,321.79,108.9,28.38,7.37,44.75,17.07,68.6,34.69,11.75,43.5,15.59,39.02,28.89,16.4,33.47,9.82,4.21,14.56,36.97,127.9,23.92,5.62,102.61,304.2,16.05,15.75,6.03,3.82,6.05,36.95,23.7,19.35,94.2,5.81,76.51,27.33,27.01,45.12,66.31,11.56,3.94,49.77,18.83,5.23,58.38,27.24,6.23,27.33,4.57,23.62,62.35,6.11,11.87,18.36,6.45,48.79,10.93,28.65,7.24,100.97,8.32,164.53,24.08,25.71,5.08,6.91,15.2,57.97,6.33,23.38,17.41,48.98,14.15,9.84,18.53,4.98,405.0,235.7,7.1,239.77,14.47,44.72,66.7,3.03,14.99,14.21,29.36,5.3,3.2,28.25,44.0,34.47,145.05,35.58,5.73,64.18,120.99,40.27,1.86,19.55,10.95,6.29,7.27,42.26,14.73,85.3
2023-07-28,230.05,52.6,51.93,12.79,1897.0,35.1,59.74,160.8,69.28,21.34,276.0,138.59,31.82,16.49,23.67,114.23,50.26,4.79,22.26,22.85,16.14,267.0,59.02,56.86,16.03,4.2,49.05,15.69,3.61,7.2,38.8,92.73,22.0,5.78,28.48,6.03,32.4,23.21,32.19,7.97,5.62,12.93,95.71,181.18,317.99,109.03,28.41,7.5,45.15,17.56,69.61,35.52,12.26,43.54,16.9,39.36,30.6,16.53,33.48,10.1,4.28,14.9,36.43,126.9,24.25,5.82,99.36,308.86,16.28,15.74,6.13,3.91,6.15,37.4,23.99,19.97,95.06,6.02,76.83,26.94,28.41,47.12,67.58,12.12,4.02,49.45,18.89,5.15,58.53,26.83,6.26,27.68,4.66,24.45,62.43,6.21,12.15,18.52,6.61,49.75,10.62,29.5,7.28,101.73,8.54,192.1,24.36,24.88,5.3,6.95,16.05,59.07,6.41,24.29,17.61,49.24,14.98,9.95,18.72,5.23,412.0,237.28,7.22,244.97,14.75,45.75,69.0,3.09,15.07,14.29,28.94,5.36,3.22,28.5,43.99,36.45,145.54,35.95,5.85,65.16,125.97,40.56,1.89,19.78,11.07,6.48,7.28,45.58,14.86,85.8
2023-07-31,237.75,51.9,52.6,13.01,1880.58,35.56,59.32,164.01,71.67,21.46,283.83,142.82,32.32,16.66,24.1,114.78,51.36,4.77,22.33,22.46,16.08,272.0,57.92,57.09,15.93,4.23,44.58,15.58,3.62,7.22,38.76,89.39,21.93,5.82,28.66,6.17,33.38,22.58,32.51,7.92,5.47,13.2,97.76,181.0,330.07,111.5,28.38,7.6,44.9,17.75,71.01,36.32,12.32,44.45,16.96,39.15,29.9,16.24,32.99,10.12,4.29,14.84,35.98,128.0,24.68,5.68,95.58,296.0,16.38,15.74,6.17,3.91,6.16,37.88,24.32,20.0,93.75,6.11,76.53,27.28,29.12,45.71,68.9,12.26,4.02,49.0,18.78,5.29,59.23,27.85,6.2,28.01,4.67,24.7,62.88,6.37,12.36,19.01,6.71,49.75,10.64,29.85,7.31,102.6,8.57,189.0,24.51,24.39,5.16,7.07,16.38,59.83,6.39,24.06,17.9,50.33,14.96,10.27,19.06,5.19,406.0,238.78,7.16,241.11,14.84,46.3,71.72,3.12,14.92,14.16,28.4,5.39,3.25,28.38,42.86,36.67,141.99,36.82,5.9,66.55,125.77,40.44,1.89,19.99,11.2,6.42,7.45,45.42,15.0,84.39
2023-08-01,235.5,53.77,51.74,13.05,1889.0,34.99,58.25,164.77,74.98,21.72,281.68,141.43,33.25,16.63,23.67,114.41,50.72,4.78,22.67,22.97,15.91,268.5,57.63,58.94,16.02,4.22,43.38,15.5,3.63,7.18,38.45,97.69,22.71,5.8,28.25,6.25,33.17,23.21,32.88,8.08,5.53,13.0,97.6,179.88,333.85,106.1,28.44,7.6,45.64,17.27,70.0,36.0,12.16,43.88,16.56,39.83,29.68,16.27,33.2,10.05,4.29,14.81,36.57,134.8,24.75,5.73,94.36,295.24,16.47,15.89,6.17,3.93,6.17,37.59,23.99,19.95,94.29,6.1,75.59,27.68,28.12,47.7,69.7,12.11,4.01,48.99,19.04,5.36,58.8,27.84,6.27,28.36,4.66,24.57,60.85,6.33,12.33,18.3,6.7,49.79,10.84,29.3,7.29,103.55,8.57,183.64,24.74,24.72,5.14,6.85,16.22,59.29,6.59,23.78,17.87,50.29,14.86,10.39,19.1,5.16,413.5,232.5,7.19,237.59,14.99,46.05,70.63,3.12,14.69,14.09,28.03,5.44,3.31,28.64,43.02,36.65,138.7,36.99,5.88,66.28,123.64,40.6,1.93,20.2,11.19,6.47,7.53,45.28,14.94,89.39
2023-08-02,236.5,54.59,51.41,12.86,1880.0,34.03,58.3,166.9,73.8,21.59,283.29,143.5,33.35,16.36,23.85,113.98,50.83,4.67,22.32,23.08,16.17,268.0,56.65,60.72,15.94,4.17,42.28,15.47,3.51,7.13,38.29,98.33,22.49,5.66,28.25,6.16,32.47,23.34,32.72,7.63,5.42,13.0,97.05,177.98,348.85,104.72,27.91,7.48,45.0,17.41,70.28,35.66,12.03,43.03,16.59,39.9,29.48,16.05,33.36,9.98,4.29,14.89,36.76,133.8,24.61,5.67,91.68,296.04,16.43,15.89,6.09,3.82,5.99,37.71,23.52,19.75,93.39,6.07,77.63,27.68,27.65,47.31,70.55,11.94,3.96,48.93,18.84,5.37,58.27,27.98,6.03,28.08,4.59,24.57,61.82,6.37,12.42,17.74,6.67,48.73,10.67,29.09,7.18,105.63,8.51,184.9,25.26,24.39,5.1,6.96,16.19,58.59,6.41,23.61,17.84,50.34,14.88,10.33,19.07,4.93,414.77,231.35,7.13,237.42,15.08,45.85,71.47,3.08,14.61,14.15,27.68,5.42,3.27,28.82,42.83,36.57,137.03,36.53,5.82,65.41,122.94,39.85,1.91,20.2,11.16,6.5,7.48,45.0,15.0,88.95
2023-08-03,239.14,53.51,52.41,12.74,1878.47,34.68,57.98,168.21,77.05,21.66,283.8,144.86,33.83,16.51,24.43,114.11,50.91,4.72,22.5,22.76,16.92,268.23,56.95,63.29,15.86,4.19,42.27,15.8,3.55,7.25,38.22,94.55,21.81,5.71,28.51,6.1,32.28,23.0,32.5,7.58,5.42,12.96,96.65,178.6,341.5,106.37,27.89,7.56,45.26,17.56,71.61,35.53,12.33,43.26,17.08,39.82,30.34,16.17,33.25,9.98,4.3,14.8,35.7,130.51,24.66,5.64,89.03,294.55,16.63,15.46,6.16,3.87,6.03,37.59,23.84,19.88,93.63,6.11,77.22,27.5,28.11,47.86,68.72,12.06,4.0,49.55,18.53,5.4,59.16,28.11,5.99,28.3,4.64,24.7,62.14,6.33,12.47,17.96,6.67,49.42,10.56,30.85,7.34,107.13,8.58,193.9,25.24,24.3,5.1,6.88,16.64,58.4,6.35,23.72,18.04,50.0,15.25,10.31,19.15,4.98,417.01,234.57,7.13,237.88,14.69,46.31,71.52,3.11,14.92,14.08,27.42,5.43,3.25,29.88,42.72,38.0,136.6,36.51,5.9,65.77,124.13,39.89,1.92,20.02,11.21,6.54,7.54,47.0,14.94,91.0
2023-08-04,245.51,56.73,51.9,12.85,1893.47,34.88,57.92,172.86,75.56,21.54,281.51,142.29,33.74,16.56,24.7,106.86,51.1,4.74,23.77,23.01,16.96,268.3,58.05,63.52,16.0,4.17,41.07,15.9,3.55,7.29,38.44,107.2,22.98,5.7,28.31,6.1,30.7,23.65,32.66,7.62,5.47,13.0,96.54,179.28,341.7,110.74,27.8,7.58,46.64,17.5,71.42,36.55,12.3,43.31,17.69,40.82,30.35,16.08,34.33,9.92,4.27,14.58,37.06,139.95,24.65,5.88,87.3,286.08,16.67,15.41,6.17,3.89,6.05,38.15,23.82,19.85,96.91,6.09,77.65,28.84,28.16,50.6,70.1,12.01,3.99,50.12,18.63,5.47,59.98,28.7,6.05,28.4,4.65,24.6,63.32,6.31,12.49,17.95,6.69,49.09,10.62,30.76,7.31,103.2,8.58,195.5,25.33,24.41,5.48,6.81,16.79,58.27,6.34,24.51,18.1,52.02,15.5,10.26,19.08,5.04,428.52,234.15,7.1,239.9,14.91,46.03,69.42,3.12,14.74,13.89,28.6,5.43,3.27,30.01,42.77,37.98,135.36,36.58,5.96,66.34,125.86,40.0,1.91,20.02,11.19,6.52,7.55,46.8,14.96,89.45
2023-08-07,246.49,57.67,51.7,12.85,1887.93,34.5,57.88,169.75,73.97,21.92,283.1,143.15,34.13,16.5,24.77,105.33,49.26,4.71,24.98,23.06,16.73,266.99,57.79,64.4,15.98,4.13,39.13,15.76,3.53,7.2,38.05,107.72,23.24,5.65,28.11,6.11,30.74,23.97,33.16,7.69,5.42,12.99,96.94,177.31,339.0,109.0,27.86,7.52,46.03,17.39,70.91,36.58,12.16,43.54,17.76,36.75,29.38,16.06,33.86,9.88,4.22,14.58,37.5,141.75,25.0,5.78,83.03,268.81,16.49,15.41,6.13,3.86,5.99,37.66,24.3,19.65,96.32,6.03,77.36,28.42,27.85,50.41,69.78,11.82,3.97,50.04,18.75,5.57,59.24,28.75,6.13,28.15,4.6,24.34,63.8,6.32,12.47,18.06,6.7,48.73,10.77,30.51,7.46,104.48,8.49,193.38,25.09,24.58,5.3,6.76,16.61,58.09,6.29,24.37,17.96,51.4,15.37,10.16,19.18,4.99,432.05,231.93,7.06,235.21,14.9,45.6,69.66,3.09,14.86,13.81,27.59,5.43,3.26,30.27,43.05,37.17,134.0,36.93,5.86,65.65,124.96,39.93,1.9,20.04,11.15,6.4,7.54,45.46,14.93,86.9
2023-08-08,247.14,55.69,51.26,13.03,1890.0,34.15,57.0,169.15,73.61,22.1,283.39,143.16,34.82,16.45,24.9,104.75,49.47,4.68,24.18,22.8,16.62,263.3,57.49,64.34,15.7,4.11,40.14,15.84,3.51,7.15,37.9,105.0,22.44,5.61,28.09,6.14,29.31,23.42,32.64,7.79,5.37,12.83,97.04,176.88,336.29,111.0,27.92,7.52,45.15,17.04,69.81,36.33,12.1,42.85,17.87,37.41,29.28,16.15,33.01,9.83,4.15,14.7,38.53,134.51,24.92,5.8,82.54,270.46,16.34,14.98,6.11,3.83,5.97,37.56,24.4,19.6,96.74,6.01,77.12,28.25,27.9,48.71,69.74,11.8,3.96,51.11,18.75,5.53,58.48,29.13,6.15,27.68,4.57,24.21,63.57,6.39,12.47,17.92,6.68,48.56,11.0,30.23,7.47,104.4,8.5,186.11,24.96,25.31,5.28,6.75,16.66,57.7,6.24,24.37,17.89,51.36,15.38,10.19,19.28,5.0,436.5,230.7,7.11,235.9,15.12,45.74,68.66,3.08,16.35,13.75,27.69,5.39,3.28,30.02,42.72,37.12,135.09,37.2,5.87,65.73,123.85,40.02,1.89,20.08,11.13,6.36,7.52,45.1,14.82,87.82
2023-08-09,247.0,52.77,51.26,12.87,1890.28,34.02,57.56,165.12,76.24,22.11,280.52,140.5,34.18,16.5,24.91,104.06,48.64,4.71,22.25,22.59,16.57,262.9,56.63,61.0,15.39,4.06,40.21,15.79,3.52,7.13,36.96,94.52,21.4,5.62,28.16,6.13,29.1,22.36,32.28,7.8,5.41,12.78,96.96,177.18,329.9,113.0,27.83,7.55,42.44,16.48,69.11,35.98,12.17,42.69,17.91,36.89,29.41,16.08,32.45,9.84,4.05,14.72,34.68,126.84,24.92,5.74,80.47,271.25,16.32,14.69,6.14,3.84,5.98,37.58,24.16,19.61,96.22,6.04,75.7,27.26,28.25,47.05,68.41,11.79,4.0,51.5,18.64,5.48,58.9,28.4,6.13,27.91,4.59,24.1,63.95,6.31,12.26,17.6,6.62,48.68,10.93,30.11,7.32,103.63,8.52,184.21,24.72,24.98,5.24,6.72,16.58,57.15,6.26,24.3,17.59,51.4,15.38,10.07,19.09,5.0,424.45,231.7,7.1,237.3,14.9,46.24,68.34,3.08,16.66,13.73,27.47,5.34,3.22,29.5,42.45,37.07,135.94,37.03,5.85,64.91,123.47,40.18,1.89,19.86,11.03,6.37,7.43,45.04,14.9,88.0
2023-08-10,246.5,51.76,51.36,12.73,1875.0,34.14,56.35,164.0,78.9,22.09,284.66,143.54,33.99,16.44,25.2,103.65,48.47,4.69,21.5,22.3,16.97,262.7,56.87,58.87,15.77,4.08,39.9,15.9,3.52,7.13,36.55,94.2,21.74,5.62,27.87,6.09,29.39,21.81,32.63,7.92,5.42,12.79,96.75,176.31,339.63,115.06,28.12,7.42,42.2,16.5,69.31,36.2,12.16,43.31,17.98,36.47,29.72,16.67,32.56,9.92,4.07,14.66,34.03,124.01,24.8,5.85,79.96,270.21,16.48,14.77,6.15,3.83,5.98,37.58,24.39,19.65,97.48,6.0,75.51,27.27,28.02,47.49,67.92,11.8,4.02,51.3,19.01,5.58,59.24,28.3,6.2,28.39,4.59,24.19,63.19,6.31,12.35,17.88,6.61,48.89,10.83,30.21,7.35,103.38,8.54,190.07,23.47,25.09,5.32,6.65,16.79,57.46,6.52,24.25,17.72,51.46,15.51,10.08,19.05,4.99,414.02,231.96,7.13,237.0,14.76,46.1,68.61,3.09,16.35,14.03,27.98,5.3,3.21,30.3,42.95,37.14,135.02,37.36,5.93,65.28,122.62,39.91,1.88,19.9,11.12,6.42,7.42,44.66,14.78,88.51
2023-08-11,241.5,50.65,49.37,12.5,1834.0,33.15,55.18,158.0,78.6,21.75,278.6,139.58,33.1,16.1,24.1,102.05,46.92,4.61,21.5,20.76,16.12,259.25,54.55,55.27,15.22,3.96,39.2,15.41,3.46,7.05,35.91,94.56,21.27,5.54,27.5,5.95,29.01,21.35,32.28,7.79,5.37,12.3,95.0,172.36,339.1,111.61,27.51,7.23,40.64,15.9,67.5,35.26,11.89,42.16,17.0,35.75,28.55,16.23,31.79,9.72,3.9,14.32,33.34,121.98,24.26,5.85,77.76,266.3,16.12,14.67,6.05,3.78,5.93,37.21,23.59,19.16,98.0,5.86,74.07,26.44,27.6,45.19,66.3,11.58,3.96,51.17,18.66,5.53,57.5,27.6,6.08,26.8,4.49,23.6,62.0,6.14,12.05,17.34,6.3,47.66,10.65,29.42,7.19,100.79,8.39,180.89,23.0,24.4,5.26,6.44,16.12,56.1,6.23,24.0,17.3,49.82,15.01,9.95,18.72,4.92,408.16,226.3,7.05,232.68,14.48,44.33,66.27,3.04,16.49,13.84,27.88,5.23,3.15,28.82,42.38,35.97,133.33,36.62,5.84,63.77,120.5,39.18,1.84,19.46,10.88,6.29,7.27,42.85,14.41,87.81
2023-08-14,232.9,51.0,48.53,12.32,1803.0,32.46,55.44,159.4,78.49,21.81,273.01,138.18,32.55,15.96,23.75,101.19,47.34,4.56,21.4,20.57,15.89,245.82,53.08,53.8,15.2,3.99,40.62,15.33,3.42,7.06,35.82,99.11,21.44,5.47,27.38,5.87,29.75,21.59,31.98,7.84,5.41,12.24,94.39,168.62,328.9,111.5,27.36,7.1,41.8,15.86,67.31,34.96,11.67,41.93,16.96,36.62,28.44,16.16,31.97,9.63,3.99,14.38,33.85,123.52,24.07,6.0,78.06,269.62,16.14,14.62,5.99,3.72,5.88,36.86,23.4,18.92,99.59,5.9,73.73,27.04,27.35,45.82,66.06,11.43,3.88,50.3,18.66,5.65,56.6,27.71,6.1,26.49,4.45,23.27,63.98,6.12,12.05,17.33,6.26,47.11,10.7,29.31,7.3,100.0,8.27,181.15,22.65,24.51,5.4,6.4,15.97,53.61,6.25,24.0,16.8,49.96,15.03,9.81,18.35,4.86,409.0,224.27,7.08,229.9,14.5,43.31,65.05,3.02,16.7,13.83,28.17,5.19,3.21,29.08,43.5,35.48,131.44,36.48,5.76,62.17,118.28,39.53,1.84,19.4,10.91,6.27,7.38,42.7,14.28,87.51
2023-08-15,231.3,50.34,48.68,12.32,1812.98,32.36,55.16,158.57,78.01,22.02,271.01,135.5,32.5,16.05,24.11,97.75,47.52,4.64,21.39,20.28,16.51,244.54,51.15,52.6,15.05,3.98,40.5,15.48,3.49,7.09,35.74,99.58,21.45,5.61,27.37,5.84,29.43,21.64,31.73,7.84,5.44,12.18,94.63,166.5,323.88,108.85,27.52,7.17,41.17,15.78,67.09,34.82,11.73,41.76,17.35,36.71,28.98,16.17,31.17,9.67,4.03,14.43,34.2,121.9,23.9,5.94,76.51,267.93,15.9,14.44,6.07,3.82,5.95,36.63,23.57,18.78,99.59,5.92,73.37,26.46,27.45,44.03,64.15,11.48,3.99,49.25,18.66,5.48,56.03,27.31,6.17,27.0,4.54,23.44,64.0,6.07,11.85,17.33,6.31,46.96,10.58,28.39,7.36,92.16,8.35,185.0,22.12,24.22,5.32,6.35,16.11,52.75,6.21,24.0,16.35,49.17,15.11,9.63,18.14,4.95,405.84,224.0,7.21,229.33,14.52,42.73,65.34,3.06,16.48,13.84,26.87,5.19,3.2,29.29,43.35,36.47,134.21,35.91,5.82,61.66,116.1,38.8,1.84,19.27,10.82,6.29,7.29,43.31,14.11,85.2
2023-08-16,232.6,49.13,48.35,12.19,1820.0,31.97,55.23,152.8,77.91,21.87,261.55,133.52,31.84,16.08,24.01,94.5,47.55,4.64,20.89,19.71,16.26,244.2,48.75,51.0,14.73,3.93,41.01,15.55,3.49,7.11,35.82,94.01,21.4,5.6,27.16,5.79,28.7,21.15,31.16,7.65,5.43,12.11,93.73,166.7,318.73,106.99,27.4,7.14,39.99,15.8,66.83,33.74,11.73,41.22,17.26,35.55,28.66,16.14,30.92,9.53,3.97,14.42,33.37,121.01,23.52,5.77,74.92,271.75,15.34,14.36,6.11,3.81,5.93,36.69,23.43,18.54,96.49,5.94,72.2,25.86,27.17,42.4,62.5,11.73,3.98,48.6,18.26,5.38,55.41,26.92,6.07,26.99,4.52,23.4,58.48,5.99,11.65,17.29,6.2,46.36,10.37,27.94,7.22,88.05,8.4,182.3,21.77,24.13,5.18,6.31,16.04,51.66,6.12,24.0,16.31,50.08,15.19,9.61,17.98,4.9,375.3,225.5,7.24,229.68,14.61,42.49,65.32,3.07,16.29,13.72,23.48,5.2,3.21,28.44,42.54,35.97,134.5,35.8,5.89,60.81,116.81,38.08,1.83,19.08,10.77,6.29,7.27,42.79,14.13,78.01
2023-08-17,235.25,50.18,47.91,12.29,1828.05,31.79,55.84,156.94,79.73,22.12,264.12,135.41,31.86,16.02,23.95,95.47,48.15,4.6,20.91,19.37,16.23,246.01,48.81,50.68,14.85,3.94,40.57,15.49,3.47,7.12,36.02,92.8,21.58,5.53,27.31,5.8,29.08,21.33,31.82,7.69,5.45,12.26,93.17,168.44,324.99,106.62,27.41,7.1,40.82,16.08,68.45,34.4,11.57,41.57,17.19,35.91,28.32,16.05,31.5,9.56,3.95,14.31,33.79,122.25,23.73,5.76,76.56,273.5,15.15,14.53,6.04,3.77,5.91,37.42,23.18,18.28,96.33,5.94,72.62,26.0,26.89,42.79,62.41,11.47,3.94,49.66,18.44,5.44,55.05,27.17,6.12,28.04,4.47,23.37,58.83,6.04,11.6,17.42,6.25,46.54,10.47,28.18,7.25,88.0,8.33,176.06,21.71,24.29,5.2,6.44,15.98,51.55,6.24,24.02,16.35,50.42,15.06,9.8,18.08,4.85,381.5,229.72,7.24,235.07,14.75,42.73,67.08,3.04,16.02,13.71,22.93,5.19,3.17,29.08,44.87,35.22,132.68,35.8,5.81,60.86,120.03,39.81,1.83,19.08,10.82,6.25,7.31,42.35,14.49,77.61
2023-08-18,235.87,47.0,47.52,12.08,1802.59,31.88,54.79,151.4,77.77,22.06,257.0,134.5,31.01,15.94,23.97,93.77,48.01,4.61,20.1,18.83,16.07,240.29,48.62,50.13,14.45,3.86,39.95,15.3,3.49,7.12,35.48,83.85,20.42,5.57,26.95,5.67,28.16,20.26,31.46,7.68,5.37,12.1,91.8,163.53,330.94,107.13,27.35,7.07,39.28,15.75,67.92,33.9,11.56,41.01,17.24,34.61,28.52,16.12,30.4,9.57,3.86,14.3,32.5,115.51,23.39,5.62,75.42,271.8,15.09,14.31,6.08,3.78,5.96,37.63,23.01,17.99,94.41,5.85,71.4,25.24,27.35,40.91,63.56,11.63,3.97,49.54,18.46,5.33,54.3,26.5,6.07,27.31,4.52,22.91,56.68,5.92,11.36,17.1,6.15,46.07,10.23,27.91,7.23,88.23,8.46,173.98,21.38,23.83,5.06,6.26,15.85,50.0,6.28,23.55,16.01,48.5,14.93,9.59,17.8,4.89,368.41,225.76,7.28,229.7,14.38,41.35,65.63,3.06,16.13,13.66,22.65,5.14,3.13,27.92,44.91,36.11,131.22,34.86,5.81,59.12,114.09,39.55,1.81,18.8,10.61,6.22,7.15,42.83,14.65,74.28
2023-08-21,232.96,47.86,46.67,11.98,1791.0,31.13,54.38,151.4,77.8,21.85,255.67,135.15,30.33,15.7,22.94,91.51,47.68,4.56,20.41,18.86,15.36,234.41,47.8,50.34,14.28,3.81,38.8,14.89,3.43,7.04,34.61,84.6,20.61,5.46,26.58,5.64,27.96,20.2,30.7,7.56,5.3,11.92,91.49,161.97,315.89,99.72,27.01,6.96,39.35,15.59,66.05,34.37,11.32,40.08,16.2,34.6,27.2,15.89,30.11,9.35,3.84,14.13,31.07,117.87,23.04,5.68,75.2,270.19,14.75,14.17,5.98,3.73,5.92,37.73,22.8,17.66,97.36,5.82,65.91,25.59,26.74,40.6,58.6,11.56,3.92,49.11,18.46,5.3,52.69,26.5,6.04,27.56,4.46,22.67,55.9,5.86,11.55,16.87,6.07,44.65,10.22,27.01,7.25,87.12,8.31,166.12,20.88,23.7,5.11,6.22,15.35,49.08,6.04,23.31,15.9,47.79,14.46,9.48,17.64,4.82,370.57,226.85,7.3,228.9,14.4,40.6,64.51,3.02,15.94,13.58,23.05,5.08,3.13,28.05,43.68,34.55,125.0,34.2,5.77,58.68,116.0,38.7,1.8,18.68,10.42,6.17,7.2,41.23,14.18,71.41
2023-08-22,230.75,49.96,47.0,12.41,1788.0,31.32,54.37,157.61,77.59,22.0,257.75,138.14,31.71,15.92,23.22,92.14,48.82,4.62,22.45,18.8,15.66,234.54,49.16,51.8,14.77,3.9,39.15,15.03,3.48,7.06,34.5,91.68,22.09,5.56,26.73,5.82,28.98,21.2,30.94,7.73,5.33,11.96,93.04,162.15,322.83,99.1,27.52,7.01,40.85,15.68,68.01,35.19,11.37,40.08,16.7,36.33,27.82,16.2,30.91,9.38,3.96,14.18,31.57,126.0,22.74,5.99,76.85,269.75,14.69,14.11,6.01,3.79,5.99,37.92,23.11,17.71,100.45,5.93,63.79,26.26,27.11,43.0,60.3,11.6,3.99,49.14,18.81,5.51,51.86,27.53,6.2,28.48,4.52,22.88,57.3,5.97,11.64,16.98,6.17,44.3,10.54,25.84,7.26,90.01,8.34,168.79,21.16,24.38,5.5,6.26,15.41,49.24,6.1,23.34,15.75,47.11,14.57,9.43,17.64,4.92,381.35,226.45,7.37,228.83,14.32,40.49,64.96,3.08,15.86,13.61,23.61,5.04,3.16,28.5,44.59,35.45,109.0,33.8,5.78,59.16,113.09,39.5,1.8,18.9,10.01,6.22,7.27,42.18,14.29,70.88
2023-08-23,227.5,47.2,46.46,12.17,1774.0,30.85,53.72,150.14,76.43,21.95,251.12,129.32,31.14,15.91,22.8,90.1,47.89,4.64,21.34,18.16,15.34,230.09,48.43,49.9,14.28,3.82,38.7,14.89,3.48,7.05,34.23,86.61,20.7,5.57,26.36,5.69,28.35,20.18,30.51,7.75,5.3,11.81,91.46,160.01,314.42,94.43,28.04,7.02,39.18,15.25,66.65,34.18,11.25,39.77,16.38,34.73,27.32,16.48,30.08,9.33,3.81,13.9,30.6,119.0,21.97,5.93,76.88,266.91,14.55,13.78,6.02,3.83,6.04,37.73,22.64,17.3,99.21,5.85,62.14,25.3,26.81,40.69,59.8,11.53,3.99,48.43,18.74,5.21,49.77,27.36,6.19,28.7,4.54,22.37,54.17,5.82,11.22,16.85,6.1,44.0,10.55,24.81,7.29,88.61,8.34,160.9,20.54,24.44,5.42,6.16,15.12,47.51,6.15,22.95,15.04,45.45,14.34,9.04,17.29,4.88,372.46,221.8,7.32,224.48,14.09,39.83,63.73,3.08,15.61,13.37,23.01,5.01,3.09,28.17,43.39,35.0,105.0,32.5,5.78,57.4,110.34,38.24,1.78,18.77,9.73,6.15,7.15,41.54,13.98,72.48
2023-08-24,228.95,46.9,46.5,12.49,1816.3,31.06,55.05,150.3,78.7,21.77,259.83,133.8,31.45,15.93,23.56,91.51,48.62,4.59,22.43,18.32,15.62,234.9,49.7,50.69,14.2,3.82,40.44,14.97,3.47,7.02,34.77,89.3,21.23,5.55,26.5,5.85,28.19,21.19,29.93,7.66,5.2,11.81,92.88,162.26,330.43,99.3,27.81,6.99,39.59,15.12,66.16,34.19,11.13,40.18,16.67,34.95,26.99,16.41,30.86,9.48,3.85,13.91,30.38,121.0,22.04,5.8,79.8,275.0,14.61,13.87,6.0,3.78,5.95,38.1,22.7,17.41,97.99,5.58,63.71,25.59,27.01,41.6,60.71,11.44,3.96,49.2,18.72,5.27,49.97,27.85,6.14,29.38,4.49,23.0,53.3,5.94,11.11,17.05,5.89,43.97,11.08,25.76,7.03,88.88,8.3,168.0,20.55,25.97,5.26,6.08,15.18,47.91,6.12,22.51,14.85,46.08,14.45,8.95,17.2,4.83,371.02,229.92,7.27,233.3,14.16,40.28,62.88,3.03,15.45,13.58,23.07,4.96,3.18,27.53,43.46,34.71,104.02,33.03,5.85,58.2,111.95,38.42,1.77,18.94,9.46,6.07,7.4,40.83,14.7,75.6
2023-08-25,228.34,43.8,47.01,12.3,1824.98,31.56,55.26,140.52,79.06,22.16,257.0,130.55,31.0,16.01,23.43,89.1,48.3,4.66,20.32,17.86,15.79,232.6,48.02,49.66,14.07,3.77,40.72,14.95,3.48,7.06,34.65,80.55,19.57,5.58,26.75,5.8,28.2,19.76,29.89,7.71,5.24,11.61,92.8,161.55,332.24,98.18,27.89,7.05,37.12,15.17,64.84,33.28,11.23,40.79,16.85,33.71,27.3,16.4,29.81,9.39,3.81,13.86,29.13,106.95,21.53,5.79,74.24,277.99,14.58,13.53,6.04,3.79,6.04,37.96,22.58,17.84,97.59,5.67,62.83,24.42,26.85,37.44,59.15,11.48,4.0,48.8,18.74,5.12,48.6,27.68,6.16,29.0,4.54,22.58,51.37,5.82,10.95,17.2,5.94,43.48,10.88,25.53,7.22,89.18,8.34,163.28,20.15,25.75,5.12,6.12,15.26,46.93,6.07,22.22,14.42,45.49,14.46,8.95,17.06,4.85,356.4,230.85,7.31,231.6,13.93,40.08,62.45,3.06,15.46,13.56,23.29,4.95,3.1,26.48,42.72,35.11,104.4,32.5,5.87,57.0,107.5,37.75,1.77,18.77,9.28,6.17,7.38,41.67,14.22,73.5
2023-08-28,230.5,44.48,48.11,12.14,1834.97,32.26,56.16,145.1,79.22,22.12,254.0,130.56,32.06,16.2,23.79,89.49,48.55,4.73,20.68,17.98,16.4,235.53,48.75,50.77,14.21,3.82,41.92,15.13,3.54,7.09,34.53,82.6,20.24,5.63,26.82,5.73,28.5,20.4,30.34,7.83,5.32,11.9,93.3,157.49,323.11,100.2,28.5,7.15,38.16,15.57,66.18,34.04,11.52,40.87,16.89,34.27,28.1,16.98,30.07,9.54,3.8,13.95,29.43,111.5,22.02,5.95,72.12,282.43,14.8,13.71,6.1,3.84,6.14,37.63,22.87,17.8,98.55,5.82,62.9,25.49,27.58,36.91,59.7,11.59,4.01,49.45,18.97,5.29,48.9,28.17,6.2,29.0,4.59,23.43,51.32,5.94,11.06,17.18,6.18,44.0,10.8,26.48,7.2,88.2,8.42,169.5,20.41,25.69,5.23,6.2,15.56,46.99,6.18,22.38,14.72,42.47,14.82,9.18,17.21,4.98,358.11,235.0,7.31,228.29,14.14,39.82,63.1,3.08,15.36,13.57,23.48,4.96,3.19,26.06,43.62,35.66,102.99,32.53,5.96,57.38,109.78,37.8,1.78,19.0,9.43,6.36,7.44,42.3,14.46,71.7
2023-08-29,238.5,45.15,48.56,12.08,1851.33,32.04,56.05,145.96,81.26,21.92,261.41,138.8,32.39,16.0,23.38,92.27,51.0,4.63,21.59,18.62,16.66,246.71,50.8,53.02,14.58,3.88,42.25,15.05,3.48,7.07,34.79,85.06,20.93,5.55,26.62,5.77,29.06,21.4,30.7,7.75,5.37,11.86,93.43,159.4,339.26,102.38,28.44,7.07,39.35,15.53,67.01,35.36,11.31,41.14,16.56,34.91,27.73,16.72,31.07,9.54,3.94,14.15,30.71,115.19,22.43,6.01,75.08,271.6,15.0,14.0,6.05,3.8,6.03,37.45,23.4,17.93,98.35,5.75,64.1,26.63,27.09,38.68,62.99,11.42,3.97,50.75,18.97,5.43,50.76,30.11,6.1,29.02,4.5,23.32,52.06,5.94,11.68,17.09,6.11,44.55,10.9,27.1,7.15,90.24,8.3,172.14,21.0,25.88,5.32,6.02,15.56,48.04,6.22,22.63,15.16,42.44,14.63,9.3,17.65,4.92,380.01,242.79,7.24,233.85,14.42,40.0,61.13,3.04,15.82,13.6,24.66,5.02,3.19,26.82,43.98,35.59,108.1,32.83,5.87,58.69,112.15,38.8,1.8,19.0,9.54,6.18,7.48,41.82,15.03,74.84
2023-08-30,237.5,45.42,48.25,12.45,1856.0,31.66,56.82,159.86,82.14,21.97,268.15,146.79,32.9,15.79,22.56,94.0,52.94,4.59,21.8,19.07,16.22,249.8,51.47,56.54,14.91,3.98,42.15,14.71,3.48,7.05,35.12,84.98,21.27,5.53,26.55,5.78,29.14,21.72,31.6,7.76,5.39,11.79,93.65,157.82,346.5,101.49,28.28,7.03,40.38,15.47,67.91,35.45,11.13,40.75,16.12,35.2,27.91,16.72,32.49,9.78,4.06,14.07,31.44,116.0,22.33,5.93,78.7,269.0,14.87,14.54,5.99,3.76,5.98,37.86,23.66,18.08,98.66,5.62,65.89,27.11,26.28,39.54,66.15,11.26,3.93,51.29,19.01,5.54,50.4,30.01,6.08,28.83,4.46,23.45,55.46,5.89,12.18,16.95,6.02,43.85,11.0,26.85,7.09,91.71,8.25,171.11,21.4,26.34,5.25,5.98,15.32,48.28,6.07,22.61,15.32,40.95,14.42,9.46,17.54,4.9,389.85,242.0,7.15,233.26,14.4,39.82,63.09,3.01,16.02,13.81,25.89,5.01,3.22,27.55,44.49,35.48,109.79,33.15,5.82,59.39,111.4,39.26,1.79,19.03,9.54,6.11,7.76,40.99,14.99,77.7
2023-08-31,236.55,45.58,48.79,12.36,1847.0,31.55,56.51,158.8,81.5,22.06,271.26,152.34,33.0,15.81,22.2,93.98,54.24,4.62,21.91,18.8,15.87,249.4,51.24,59.19,14.82,4.01,41.78,14.56,3.46,7.13,35.79,84.46,21.13,5.55,26.0,5.73,28.39,22.06,32.11,7.75,5.1,11.8,93.75,155.91,366.24,99.75,28.17,6.98,40.69,15.49,68.28,35.28,11.13,40.58,15.88,35.45,27.7,16.64,32.6,9.8,4.1,13.96,31.45,114.62,22.08,5.76,79.0,270.0,14.7,14.57,5.95,3.75,6.0,38.0,23.82,17.9,100.48,5.63,66.17,26.93,26.17,39.13,66.75,11.2,3.78,51.18,19.0,5.42,49.4,29.7,6.07,28.59,4.47,23.51,54.83,5.92,12.3,16.66,5.94,43.48,11.12,26.55,7.2,92.02,7.92,167.35,21.39,26.23,5.21,6.05,15.06,47.41,5.89,22.47,15.32,39.9,14.21,9.37,17.35,4.86,394.6,242.05,7.13,232.3,14.44,39.1,62.15,3.01,16.39,13.71,25.7,4.92,3.21,27.4,44.55,35.63,110.27,32.83,5.82,57.57,108.92,39.24,1.79,18.9,9.5,6.06,7.7,40.5,14.9,77.43
2023-09-01,236.4,44.25,50.1,12.8,1851.05,32.27,57.93,148.83,80.16,21.81,273.02,151.57,32.7,15.94,22.38,94.5,53.68,4.57,21.25,19.14,15.98,249.12,51.36,59.31,14.78,4.0,41.53,14.57,3.44,7.13,36.69,80.99,20.81,5.53,26.05,5.94,28.39,22.08,31.97,7.76,5.14,12.09,96.58,159.74,370.01,100.49,28.75,7.01,40.3,15.95,68.2,35.55,11.32,40.88,16.16,34.86,29.25,17.68,32.38,9.86,4.13,14.37,30.82,112.15,22.36,5.72,80.0,269.3,14.85,14.55,6.03,3.71,6.0,38.13,23.24,17.88,96.9,5.72,65.96,26.39,27.67,38.6,66.2,11.41,3.82,51.73,19.15,5.36,48.97,29.78,6.11,28.3,4.53,24.25,54.37,6.31,12.07,16.88,5.97,43.68,11.15,26.58,7.22,90.37,7.95,166.35,21.4,26.25,5.2,6.41,15.18,47.49,6.12,22.62,15.43,40.53,14.23,9.54,17.55,4.9,386.99,249.2,7.16,237.8,15.69,39.45,64.08,3.01,16.08,14.15,25.5,4.92,3.33,27.24,44.52,37.33,108.43,32.86,5.86,57.47,109.35,38.91,1.8,19.42,9.44,6.36,7.58,41.97,14.71,77.82
2023-09-04,237.65,44.84,51.45,13.2,1866.0,33.53,58.22,148.88,81.38,21.67,271.0,149.47,33.13,16.24,22.57,96.8,56.9,4.6,20.99,19.19,16.1,252.45,51.62,61.1,15.3,4.07,41.2,14.75,3.48,7.13,37.21,81.75,21.46,5.6,26.44,6.17,28.92,22.42,31.93,7.95,5.19,12.6,97.76,167.93,348.0,99.96,29.58,7.11,41.85,17.07,68.98,35.81,11.56,40.95,16.48,35.22,30.39,18.14,33.62,9.95,4.21,14.47,31.38,112.35,22.98,5.91,82.96,268.6,15.03,14.79,6.11,3.73,6.07,38.68,23.57,18.35,97.98,5.8,67.39,26.87,28.91,38.98,66.5,11.8,3.88,50.68,19.46,5.41,50.09,28.53,6.3,29.81,4.6,24.78,53.25,6.82,12.23,16.96,6.14,44.87,11.23,27.04,7.31,92.45,8.0,166.56,21.49,25.94,5.31,6.79,15.35,49.04,6.29,24.2,15.81,41.08,14.33,10.19,18.1,5.0,386.17,262.82,7.25,241.18,16.21,40.04,67.27,3.06,16.5,14.36,26.42,4.96,3.44,27.6,43.98,38.08,108.05,33.36,5.91,59.4,115.92,39.63,1.83,20.28,9.58,6.63,7.69,42.75,14.77,80.87
2023-09-05,236.82,43.8,50.2,13.15,1858.7,33.11,57.78,144.5,81.41,21.89,271.3,148.86,31.32,16.17,22.38,99.64,55.63,4.59,20.31,18.95,15.89,249.03,51.62,58.13,15.42,4.08,41.21,14.65,3.45,6.88,36.96,78.58,20.48,5.55,26.03,6.18,28.84,22.06,31.85,7.95,5.15,12.55,97.15,165.72,354.0,99.3,29.76,7.04,40.34,16.99,69.75,35.53,11.39,40.77,16.33,34.2,30.02,18.27,33.31,9.94,4.24,14.51,30.92,109.01,22.97,5.79,85.6,267.49,14.96,14.68,6.09,3.71,6.03,38.38,23.51,18.31,96.99,5.72,68.02,26.25,28.2,37.91,65.9,11.58,3.82,50.94,19.5,5.34,49.62,28.7,6.34,29.39,4.57,24.72,52.36,6.75,12.32,16.76,6.06,44.8,11.23,28.1,7.28,92.79,7.89,161.8,21.44,25.82,5.19,6.75,15.18,49.29,6.12,24.29,15.79,40.63,14.23,10.16,17.9,4.91,371.36,258.31,7.25,238.08,15.68,39.99,67.1,3.04,16.28,14.12,26.4,4.98,3.4,27.89,43.66,37.17,106.91,33.3,5.87,59.66,114.5,39.57,1.82,20.34,9.51,6.55,7.63,41.01,14.54,83.42
2023-09-06,234.42,43.83,51.03,13.06,1861.0,33.36,57.18,152.95,77.0,21.81,280.4,158.48,31.24,16.29,22.13,99.92,56.83,4.61,20.22,18.96,15.73,250.45,53.79,60.0,15.6,4.06,40.73,14.67,3.46,6.91,36.73,79.45,20.18,5.56,26.19,6.25,28.47,22.01,31.85,8.08,5.12,12.39,96.53,165.69,368.13,97.52,29.68,7.09,40.61,16.78,70.03,35.17,11.43,40.67,16.23,33.88,30.48,18.2,33.66,9.84,4.14,14.41,31.19,109.7,22.87,5.83,88.44,265.0,14.85,14.58,6.12,3.71,6.05,38.88,23.37,18.2,96.05,5.73,69.02,26.1,28.02,37.49,69.18,11.59,3.8,50.99,19.64,5.27,49.04,28.59,6.31,30.03,4.57,24.61,51.8,6.77,12.48,16.69,6.01,44.31,11.0,27.87,7.21,94.06,7.93,156.75,21.7,25.54,5.18,6.67,15.13,48.9,5.89,23.97,15.99,40.87,14.16,10.04,17.87,4.92,369.26,256.61,7.21,238.09,15.73,40.08,65.94,3.05,16.04,14.26,26.25,4.94,3.38,28.24,45.5,37.15,108.0,33.28,5.9,59.0,113.0,39.93,1.8,20.12,9.59,6.42,7.58,41.56,14.93,83.4
2023-09-07,226.51,42.19,50.22,13.01,1838.0,33.14,56.57,138.88,76.3,21.85,264.5,148.16,29.94,16.2,22.12,98.3,52.12,4.62,19.2,18.1,15.64,248.4,51.5,58.08,15.32,3.96,40.29,14.64,3.46,6.93,36.59,76.2,19.58,5.57,25.88,6.16,27.07,21.45,31.35,8.24,5.07,12.27,96.11,163.1,352.0,95.95,29.79,7.04,39.43,16.75,69.3,34.3,11.33,40.26,16.15,33.17,30.34,18.34,32.51,9.79,4.04,14.29,30.5,106.31,22.45,5.85,88.0,257.68,14.56,14.35,6.1,3.71,6.05,38.6,23.01,17.88,96.31,5.67,67.51,25.21,27.8,36.36,64.55,11.51,3.78,49.98,19.72,5.15,47.71,28.21,6.31,30.03,4.59,24.49,50.71,6.7,12.3,16.51,5.92,43.36,10.95,26.74,7.2,93.15,7.91,157.48,21.15,25.55,5.14,6.72,14.98,47.65,5.82,23.69,15.62,39.92,14.04,9.76,17.62,4.91,362.06,253.74,7.23,233.57,15.51,39.12,65.52,3.03,16.02,14.26,25.91,4.87,3.33,27.86,44.98,36.74,106.8,31.58,5.91,57.3,110.24,39.4,1.78,19.92,9.4,6.37,7.53,40.8,14.6,81.74
2023-09-08,222.94,41.39,50.12,12.88,1818.5,33.17,56.08,140.48,76.2,21.84,266.5,151.0,29.35,16.16,22.25,97.35,52.5,4.59,19.08,17.83,15.68,244.05,51.65,57.24,15.36,3.97,40.58,14.7,3.45,6.93,36.06,75.0,19.6,5.54,25.78,6.08,27.41,21.16,31.98,8.06,5.06,12.03,94.55,161.92,354.0,93.14,29.44,7.0,38.6,16.56,70.11,33.98,11.27,40.1,16.26,32.85,30.26,18.15,32.48,9.73,4.04,14.19,30.0,105.25,22.17,5.91,87.3,259.75,14.32,14.31,6.06,3.68,6.06,37.95,23.0,17.66,97.67,5.67,68.18,24.95,27.56,35.17,65.5,11.44,3.78,50.23,19.37,5.07,47.55,28.59,6.23,30.89,4.57,24.25,49.47,6.57,12.35,16.54,5.9,42.79,11.1,26.32,7.26,92.36,7.91,161.47,20.9,26.0,5.18,6.75,15.03,46.65,5.83,23.5,15.67,39.35,14.04,9.65,17.64,4.9,354.99,255.53,7.22,233.3,15.33,38.46,66.64,3.02,16.02,14.33,26.25,4.84,3.31,27.58,45.2,36.99,106.11,29.33,5.89,56.03,108.4,39.76,1.78,19.66,9.43,6.22,7.4,40.86,15.16,80.1
2023-09-11,221.53,44.02,50.36,13.0,1822.17,32.91,56.43,141.09,77.5,21.99,266.11,148.88,29.85,16.21,22.6,97.5,52.06,4.59,19.46,17.99,15.82,247.01,51.81,58.3,15.5,3.93,43.0,14.95,3.44,7.02,36.22,80.01,20.09,5.54,26.11,6.19,27.93,21.78,31.77,8.13,5.06,12.3,94.63,164.35,346.4,92.4,29.79,7.04,40.34,16.7,69.4,34.0,11.34,40.64,16.74,34.18,29.86,18.01,32.7,9.78,4.04,14.19,31.9,109.2,22.41,5.91,85.42,269.91,14.5,14.46,6.11,3.69,6.04,38.39,23.16,17.84,98.46,5.69,68.58,25.97,27.75,37.99,66.5,11.5,3.8,51.19,19.5,5.16,48.14,28.72,6.26,30.72,4.58,24.12,51.0,6.66,12.39,16.61,5.93,43.5,11.35,26.66,7.31,93.0,7.92,162.55,21.26,26.24,5.18,6.69,15.22,46.9,5.88,23.43,16.0,39.74,14.15,9.83,17.82,4.88,367.68,256.95,7.29,235.39,15.59,39.03,65.48,3.05,16.16,14.5,25.7,4.86,3.34,27.13,44.02,36.86,108.37,28.52,5.95,57.28,110.23,39.05,1.78,19.97,9.52,6.21,7.48,41.56,15.13,79.5
2023-09-12,217.93,44.28,49.95,12.84,1819.96,32.88,57.21,142.2,77.45,22.07,264.0,147.45,30.25,16.17,22.39,97.79,51.52,4.6,19.28,18.9,15.6,251.99,51.1,56.76,15.43,3.96,42.91,14.88,3.44,7.07,36.55,79.9,20.17,5.53,26.21,6.17,27.69,23.91,31.91,8.1,5.05,12.3,94.31,162.98,337.5,91.09,29.81,7.06,40.4,16.62,69.48,33.77,11.28,41.14,16.6,33.9,29.34,17.9,32.5,9.79,4.09,14.04,33.8,109.92,22.38,6.0,85.18,267.09,14.53,14.39,6.1,3.67,6.04,38.76,23.2,18.0,99.4,5.66,68.75,26.2,27.52,38.2,64.84,11.47,3.79,50.85,19.36,5.12,48.35,29.15,6.27,30.03,4.57,24.13,50.81,6.56,12.36,17.24,5.91,43.22,11.21,26.85,7.37,92.95,7.87,157.91,21.37,26.03,5.2,6.62,15.21,47.81,5.82,23.68,16.0,39.87,14.15,9.75,17.81,4.88,365.08,254.45,7.29,233.09,15.07,39.2,64.75,3.06,16.65,14.46,25.67,4.9,3.3,28.8,43.76,36.07,105.59,29.17,5.98,58.63,109.0,38.94,1.79,19.87,9.51,6.2,7.39,38.34,15.0,78.72
2023-09-13,216.6,42.49,49.5,12.84,1819.91,32.75,57.0,136.38,77.33,22.25,259.65,147.06,29.0,16.17,22.28,98.95,50.76,4.62,18.86,17.98,15.38,251.55,50.88,55.33,15.26,3.89,42.2,14.65,3.45,7.04,36.27,77.46,19.22,5.56,26.18,6.15,27.48,22.05,31.65,8.27,5.08,12.16,94.36,163.65,338.0,91.51,30.26,7.05,39.09,16.5,69.3,33.23,11.25,40.97,16.47,33.0,29.05,18.11,31.14,9.8,4.01,14.02,32.47,106.67,22.23,6.02,85.8,266.58,14.38,14.17,6.12,3.69,6.08,38.41,22.76,17.9,99.63,5.68,67.58,25.13,27.53,37.9,63.71,11.43,3.78,50.49,19.61,5.02,47.38,28.44,6.29,30.65,4.6,24.04,49.31,6.6,12.11,17.06,5.88,42.51,11.21,26.41,7.37,93.58,7.87,149.61,20.87,26.08,5.17,6.54,15.0,47.06,5.83,23.74,15.56,39.33,13.94,9.69,17.65,4.9,354.28,255.8,7.34,232.23,15.14,39.35,64.35,3.05,15.85,14.5,24.83,4.86,3.31,27.88,43.09,36.1,105.6,28.63,5.98,57.75,107.52,38.53,1.78,19.86,9.42,6.24,7.39,38.54,14.88,77.33
2023-09-14,214.93,41.82,49.19,12.98,1818.69,33.07,56.55,133.58,77.96,22.69,251.96,143.8,28.69,16.26,22.29,96.96,50.77,4.68,18.59,17.97,15.41,243.63,50.38,53.69,15.28,3.88,42.59,14.86,3.5,7.12,36.28,75.25,19.25,5.65,26.25,6.26,27.51,21.57,31.26,8.34,5.12,12.12,94.01,162.0,327.76,89.12,31.15,7.11,38.39,16.54,69.25,33.24,11.29,40.74,16.63,33.34,29.24,18.69,30.56,9.92,3.98,14.01,32.66,102.65,22.17,6.2,85.33,269.1,14.48,14.08,6.15,3.73,6.16,38.07,22.95,17.8,101.37,5.71,67.5,25.0,27.5,37.74,62.45,11.49,3.85,50.11,20.23,4.99,46.56,27.94,6.33,31.09,4.62,24.0,49.08,6.67,11.96,16.84,5.9,42.08,11.67,26.13,7.46,91.48,7.92,146.6,20.65,26.39,5.21,6.57,15.06,46.25,5.93,23.79,15.39,38.85,14.01,9.77,17.52,4.95,354.52,255.2,7.41,232.24,15.17,39.02,63.53,3.09,16.0,14.47,24.6,4.85,3.35,27.83,43.28,35.98,104.1,28.2,6.05,56.85,105.45,38.51,1.78,20.19,9.31,6.28,7.35,38.25,14.64,77.02
2023-09-15,207.76,40.25,49.2,13.15,1781.99,32.96,55.79,133.97,79.8,22.52,249.15,144.59,28.5,16.1,22.05,100.0,51.7,4.63,18.13,17.85,15.39,244.29,51.77,52.85,15.28,3.85,43.6,14.72,3.47,7.07,35.96,72.94,18.87,5.65,26.13,6.35,27.42,20.87,31.03,8.29,5.12,12.11,92.84,159.71,332.67,87.92,31.17,7.12,38.01,16.38,69.51,32.55,11.22,40.48,16.24,32.6,29.21,18.25,30.53,9.89,3.99,13.99,31.51,98.68,22.12,6.14,90.48,277.19,14.42,13.93,6.14,3.7,6.12,37.75,23.05,17.49,101.97,5.63,67.25,24.62,27.57,35.82,65.4,11.31,3.78,49.23,20.32,4.93,46.28,27.73,6.09,32.05,4.58,23.85,48.02,6.68,11.96,16.79,5.85,41.78,11.61,26.26,7.35,93.46,7.89,144.8,20.55,26.16,5.17,6.47,14.95,45.5,5.98,23.6,15.35,38.16,14.0,9.81,17.6,4.99,343.95,252.55,7.3,226.6,15.25,39.08,63.45,3.07,15.49,14.36,24.39,4.82,3.35,26.83,43.39,35.64,106.3,28.05,6.05,56.1,106.06,38.34,1.78,20.29,9.26,6.22,7.26,38.42,14.59,79.88
2023-09-18,213.06,39.05,49.3,13.07,1829.2,33.02,56.1,129.2,81.0,22.41,245.48,140.38,29.25,16.14,22.14,99.51,49.63,4.64,18.3,17.94,15.4,247.38,50.98,52.95,15.18,3.84,44.36,14.76,3.47,7.06,36.15,70.53,18.7,5.65,26.28,6.25,27.85,20.77,30.61,8.23,5.06,12.2,93.1,162.8,317.35,89.14,31.23,7.07,37.4,16.32,68.56,32.49,11.23,40.52,16.38,32.63,29.39,18.53,30.01,9.88,3.98,14.02,30.95,95.5,22.46,6.01,86.12,278.0,14.54,13.95,6.12,3.7,6.15,38.5,22.55,17.71,99.23,5.61,67.34,24.44,27.72,35.62,62.85,11.28,3.8,50.07,20.33,4.86,47.21,28.25,6.01,31.93,4.6,23.86,48.38,6.58,11.92,16.91,5.83,42.05,11.43,26.32,7.4,94.8,7.9,145.0,20.71,26.08,5.11,6.55,14.96,47.12,6.09,23.55,15.49,38.73,14.01,9.71,17.68,4.99,345.0,252.57,7.28,227.33,15.16,39.06,64.5,3.07,15.67,14.36,24.49,4.82,3.34,26.95,43.15,35.95,107.12,28.63,6.04,57.66,111.78,38.0,1.78,20.09,9.27,6.21,7.44,38.25,14.58,78.78
2023-09-19,212.32,38.92,49.28,13.17,1826.94,32.96,56.05,126.79,80.4,22.53,239.9,140.78,29.25,16.22,22.02,101.39,49.35,4.68,18.48,17.58,15.31,247.17,50.83,52.07,15.16,3.81,44.63,14.81,3.53,7.15,36.1,73.26,19.51,5.71,26.23,6.3,28.01,20.72,30.63,8.32,5.12,12.24,92.8,160.91,318.52,87.45,31.38,7.13,36.78,16.3,68.4,31.85,11.21,40.44,16.39,32.32,29.64,18.8,29.23,9.89,3.99,14.1,30.02,96.5,22.17,6.03,90.19,278.86,14.52,13.81,6.17,3.73,6.18,38.43,22.63,17.51,100.88,5.63,66.23,24.04,27.9,34.9,61.15,11.32,3.83,49.75,20.41,4.83,45.99,27.97,6.15,33.16,4.63,24.0,46.75,6.61,11.75,17.03,5.84,41.46,11.49,25.95,7.44,96.0,7.95,143.97,20.38,26.28,5.1,6.66,14.89,46.05,6.11,23.58,15.24,38.27,14.01,9.66,17.28,5.06,346.88,250.0,7.34,227.39,15.26,38.95,65.24,3.09,15.6,14.28,23.89,4.79,3.37,26.19,42.71,36.67,106.0,28.49,6.09,56.33,109.68,37.59,1.78,20.13,9.2,6.39,7.24,37.84,14.4,77.64
2023-09-20,209.9,39.64,48.89,13.25,1824.0,32.73,56.89,123.3,80.19,22.56,233.98,138.58,29.21,16.22,21.9,100.44,49.34,4.69,18.4,17.35,15.25,244.0,50.75,51.39,15.25,3.79,44.35,14.69,3.58,7.19,36.6,72.55,19.88,5.75,26.14,6.23,27.75,20.75,30.98,8.12,5.1,12.23,91.72,159.84,310.0,86.62,31.47,7.13,36.9,16.05,67.82,32.01,11.15,40.42,16.48,32.43,29.33,18.94,28.83,9.94,3.96,14.07,30.11,97.15,21.84,5.95,93.2,276.12,14.42,13.75,6.19,3.78,6.24,38.27,22.22,17.36,100.4,5.64,65.66,24.01,28.29,34.93,60.34,11.37,3.85,49.25,20.61,4.81,45.02,27.6,6.14,32.28,4.64,24.11,46.5,6.56,11.72,17.5,5.83,41.05,11.54,25.74,7.36,93.58,8.02,142.67,20.18,26.07,5.08,6.61,14.81,45.35,6.17,23.47,15.15,37.82,13.94,9.5,17.2,5.12,346.63,248.04,7.34,227.15,15.02,38.67,65.29,3.1,15.87,14.19,24.28,4.71,3.31,25.0,42.63,36.67,104.38,27.95,6.1,55.31,109.6,36.71,1.77,20.02,9.15,6.4,7.25,37.6,14.3,77.0
2023-09-21,206.73,39.8,48.49,13.09,1798.39,32.37,56.32,123.8,78.55,22.38,232.41,137.22,28.9,16.15,21.73,100.52,49.5,4.69,18.31,17.13,14.95,239.68,49.7,51.3,15.25,3.77,43.89,14.63,3.56,7.16,36.14,73.65,19.91,5.74,25.86,6.14,27.85,20.57,31.0,7.99,5.15,12.08,91.12,157.66,311.21,84.91,31.16,7.1,37.22,16.01,67.42,31.92,11.05,39.5,16.35,33.21,29.17,18.83,29.86,9.98,3.93,13.81,29.94,97.37,21.61,6.0,92.36,273.19,14.36,13.64,6.18,3.76,6.25,38.0,22.03,17.24,100.38,5.57,65.47,24.22,27.85,36.01,59.81,11.28,3.82,49.2,20.74,4.76,44.61,27.51,6.12,31.74,4.63,23.93,46.6,6.49,11.73,17.31,5.77,40.15,11.33,25.38,7.36,92.0,8.02,141.48,19.95,25.78,5.05,6.55,14.71,44.9,6.62,23.26,15.04,37.68,13.87,9.45,17.18,5.04,340.88,241.5,7.31,220.68,14.96,37.82,65.3,3.08,15.35,14.18,24.17,4.67,3.28,24.84,43.26,36.8,103.4,27.75,6.06,54.5,105.95,36.51,1.74,19.83,9.02,6.26,7.16,37.4,14.24,76.82
2023-09-22,210.93,44.64,50.33,12.93,1849.0,33.34,57.05,130.49,79.55,22.48,234.5,141.12,30.15,16.37,22.61,101.98,51.2,4.74,19.94,17.61,15.56,245.05,51.27,54.26,15.32,3.89,44.06,14.9,3.59,7.16,36.71,88.38,21.9,5.78,26.6,6.09,28.21,22.7,30.77,8.11,5.16,12.35,93.19,159.92,323.66,85.1,31.25,7.18,39.13,16.38,68.13,33.2,11.24,39.81,16.8,34.76,29.65,18.72,30.18,10.01,4.03,14.02,32.93,111.08,22.06,6.04,92.74,273.21,14.55,14.0,6.18,3.79,6.28,38.41,22.78,17.48,99.86,5.73,67.23,25.2,27.91,37.91,62.18,11.27,3.83,49.5,20.67,4.93,45.65,27.51,6.24,31.63,4.64,24.23,49.45,6.47,12.14,17.43,5.93,41.06,11.28,25.95,7.28,96.19,8.04,152.02,20.68,25.51,5.11,6.51,15.0,45.6,6.74,23.34,15.75,38.3,14.16,9.5,17.41,5.07,374.96,246.31,7.28,227.0,14.9,39.3,64.69,3.09,14.82,14.09,24.85,4.76,3.25,26.43,44.06,37.3,105.71,28.04,6.09,55.85,109.3,37.14,1.75,19.75,9.18,6.24,7.34,37.86,14.4,77.82
2023-09-25,209.28,42.7,49.06,12.76,1832.38,33.0,56.63,126.13,81.5,22.49,235.0,142.4,29.92,16.37,21.9,99.95,51.33,4.73,19.29,17.31,15.2,245.8,50.0,52.57,15.24,3.84,44.85,14.78,3.62,7.25,36.65,89.07,22.38,5.82,26.66,6.08,28.12,22.8,30.61,8.0,5.14,12.54,91.43,158.9,319.0,84.58,31.35,7.16,38.79,16.1,68.56,33.05,11.22,39.81,16.25,33.77,29.46,18.76,30.16,10.08,3.97,13.89,33.41,107.5,21.77,5.98,90.22,276.3,14.6,13.82,6.21,3.8,6.3,38.56,22.71,17.54,99.21,5.6,66.6,23.51,27.5,36.57,61.04,11.23,3.85,48.81,20.44,4.91,45.06,28.56,6.14,31.77,4.66,24.01,48.89,6.38,12.16,17.54,5.87,40.4,11.31,26.18,7.32,94.9,8.12,146.4,20.24,25.77,5.08,6.48,14.8,44.88,6.7,23.52,15.53,37.95,14.02,9.38,17.26,5.06,365.82,244.72,7.35,225.3,14.61,38.41,65.51,3.11,14.89,14.1,24.51,4.74,3.24,26.06,43.51,37.24,105.0,28.01,6.14,55.15,107.72,36.72,1.73,19.65,9.15,6.24,7.27,37.29,14.12,77.83
2023-09-26,204.5,43.86,48.56,12.65,1816.0,32.8,56.0,130.42,81.55,22.41,232.61,142.38,29.69,16.35,21.98,98.78,50.06,4.7,19.73,17.0,15.17,238.5,49.24,53.46,14.94,3.82,44.7,14.68,3.62,7.25,36.55,89.6,22.66,5.8,26.77,6.08,28.28,22.51,30.5,7.98,5.15,12.73,91.12,156.65,320.3,84.02,31.16,7.15,39.3,16.16,68.8,33.49,11.16,39.72,16.34,33.88,29.31,18.6,30.2,9.92,3.95,13.7,33.46,111.8,21.64,5.83,90.27,272.37,14.55,13.95,6.2,3.78,6.31,37.86,22.46,17.2,97.18,5.51,65.38,23.47,27.2,37.12,59.99,11.14,3.82,48.78,20.48,4.91,44.4,29.01,6.11,31.2,4.65,23.87,51.1,6.36,11.97,17.67,5.79,40.4,11.24,26.14,7.32,93.53,8.1,148.95,19.81,25.56,4.91,6.48,14.71,43.87,6.65,22.53,15.32,37.36,14.04,9.32,17.13,5.02,376.5,243.26,7.33,222.44,14.96,37.97,65.63,3.1,15.24,14.0,24.3,4.73,3.22,26.2,41.98,37.26,103.65,27.05,6.11,54.01,106.83,36.51,1.71,19.56,9.14,6.2,7.32,37.31,14.13,78.03
2023-09-27,203.66,45.1,48.66,12.41,1814.0,32.82,56.19,126.8,87.67,22.21,232.95,139.98,29.93,16.25,22.03,98.88,50.66,4.65,19.8,17.19,15.18,237.83,49.55,54.0,14.82,3.8,45.31,14.75,3.56,7.22,36.5,92.89,22.28,5.75,26.64,6.01,27.38,22.15,30.37,8.0,5.15,12.61,89.21,156.59,317.7,87.5,30.86,7.13,38.52,16.02,68.58,33.45,11.17,39.7,16.31,32.98,28.99,18.39,30.54,9.82,3.99,13.75,33.4,114.07,21.79,5.86,87.08,270.68,14.79,14.6,6.18,3.74,6.19,37.47,22.04,17.1,97.25,5.56,65.27,23.39,27.01,36.75,60.61,11.15,3.82,50.99,20.8,4.92,45.4,29.19,6.16,31.54,4.62,23.92,50.93,6.3,11.91,17.68,5.81,40.7,11.07,27.74,7.31,92.98,8.06,150.88,20.02,25.38,4.91,6.39,14.76,44.62,6.55,22.91,15.3,37.45,14.05,9.3,17.14,4.97,375.7,241.71,7.26,222.11,15.02,39.03,65.3,3.08,15.28,14.24,24.53,4.76,3.2,26.25,41.96,36.93,106.98,27.17,6.06,54.61,107.5,36.58,1.71,19.41,9.25,6.12,7.36,37.0,14.39,78.31
2023-09-28,203.03,46.0,48.3,12.13,1798.55,32.97,55.48,123.95,86.18,22.24,241.3,150.55,29.82,16.29,21.66,98.6,51.15,4.68,19.7,17.34,15.2,236.7,49.7,53.98,15.36,3.86,44.94,14.54,3.6,7.18,36.3,95.0,22.51,5.76,26.53,5.91,27.9,22.36,31.0,7.98,5.13,12.53,88.32,156.1,238.21,89.51,31.2,7.1,38.54,15.89,66.49,33.8,11.2,37.89,15.81,32.68,28.59,18.46,30.5,9.81,4.08,13.5,33.67,115.8,21.79,5.79,87.6,269.81,14.82,14.85,6.17,3.77,6.3,36.92,22.19,17.16,96.82,5.53,66.57,23.57,26.87,37.61,59.95,11.16,3.84,51.68,21.14,4.83,45.12,29.7,6.07,31.89,4.63,23.6,50.66,6.28,12.28,17.38,5.84,40.8,10.94,27.28,7.3,93.06,8.05,149.46,20.36,25.11,4.91,6.37,14.67,44.6,6.43,22.82,15.78,37.51,13.98,9.32,17.15,4.97,370.8,239.5,7.29,216.65,15.1,37.99,63.9,3.07,15.22,14.3,24.35,4.78,3.19,26.28,42.85,36.26,104.09,27.03,6.04,54.93,105.97,37.15,1.72,19.26,9.23,6.09,7.15,36.83,14.44,77.77
2023-10-09,195.5,44.97,48.07,12.2,1777.0,32.58,55.76,126.03,86.49,22.56,246.25,152.79,31.21,16.22,21.68,102.69,50.72,4.67,19.26,17.64,15.12,237.97,50.61,53.06,15.3,3.92,44.76,14.49,3.6,7.19,36.6,89.87,22.33,5.77,26.57,5.98,28.33,22.5,30.76,7.91,5.04,12.66,87.9,154.27,236.54,89.65,31.55,7.03,38.6,15.88,67.87,34.01,11.11,35.0,15.78,33.55,28.45,18.76,30.45,9.79,4.09,13.58,33.79,111.06,21.61,5.86,93.81,272.15,14.82,14.89,6.15,3.76,6.29,38.31,22.29,17.17,99.03,5.44,67.24,23.58,27.13,37.25,59.52,11.08,3.66,49.79,20.98,4.95,45.12,30.11,6.06,30.64,4.62,23.37,51.23,6.31,12.81,17.6,5.78,40.92,11.05,27.1,7.36,95.35,7.98,149.6,20.75,25.42,4.96,6.4,14.64,44.05,6.43,22.57,17.36,37.12,13.91,9.29,17.05,4.96,379.84,243.04,7.27,214.95,15.13,38.01,61.52,3.07,15.55,14.13,24.27,4.76,3.22,26.9,43.2,36.09,103.2,26.88,6.02,54.16,100.4,37.23,1.72,18.85,9.28,6.14,7.29,36.71,14.38,80.78
2023-10-10,194.72,44.73,47.6,12.22,1770.0,32.59,54.77,123.62,84.45,22.61,247.85,151.0,30.96,16.18,21.43,103.85,50.83,4.68,18.86,17.7,15.13,237.91,53.37,53.94,15.46,3.96,44.37,14.41,3.61,7.12,35.25,88.2,22.26,5.77,26.79,5.89,27.75,22.22,31.59,7.79,4.92,12.55,87.09,153.41,238.7,88.1,31.06,7.01,38.35,15.3,66.23,33.81,11.02,36.03,15.65,32.93,28.16,18.54,30.46,9.51,4.09,13.47,33.62,109.45,21.73,5.83,98.8,271.58,14.75,14.57,6.14,3.74,6.26,38.0,22.38,17.47,98.72,5.22,67.59,23.27,26.83,36.99,59.89,11.03,3.65,49.39,20.2,5.06,44.87,29.23,5.93,30.67,4.59,23.16,51.65,6.27,12.95,17.84,5.59,40.8,11.14,26.71,7.38,98.5,7.94,150.7,20.76,25.71,4.94,6.23,14.63,44.63,6.35,22.57,17.15,36.99,13.86,9.35,17.02,4.93,376.16,240.9,7.26,211.29,14.85,38.27,59.3,3.04,15.4,14.4,24.31,4.72,3.17,26.69,43.43,35.71,101.9,26.6,6.05,55.88,100.87,37.14,1.71,18.74,9.22,6.11,7.26,36.05,14.38,80.2
2023-10-11,194.77,45.03,47.69,12.13,1778.5,32.45,54.77,127.0,88.15,22.63,244.29,152.1,31.82,16.16,21.51,105.0,54.2,4.72,19.17,18.25,15.23,238.59,53.74,55.02,15.94,3.95,45.05,14.39,3.65,7.06,35.07,87.7,22.42,5.75,27.05,5.84,27.49,22.82,32.31,7.66,4.93,12.68,87.49,153.7,241.99,87.55,30.86,7.02,39.38,15.21,66.86,34.18,10.98,35.65,15.6,33.92,28.57,18.27,30.89,9.47,4.11,13.64,33.71,109.73,21.81,5.79,95.68,271.7,14.63,14.55,6.12,3.77,6.34,38.08,22.33,17.3,98.25,5.24,67.99,23.69,26.59,37.9,60.3,10.92,3.71,47.7,20.29,5.1,44.94,29.09,5.8,30.47,4.57,23.08,55.48,6.21,13.31,17.7,5.61,40.91,10.79,26.96,7.26,101.49,7.91,152.61,21.35,24.97,4.92,6.18,14.58,44.44,6.26,22.24,18.31,36.84,13.86,9.18,16.92,4.92,380.85,239.9,7.2,210.13,14.81,40.36,59.17,3.04,15.12,14.07,24.53,4.75,3.14,26.6,41.95,36.27,105.06,26.5,6.0,55.41,100.23,36.46,1.71,18.56,9.2,6.03,7.27,35.82,14.21,84.91
2023-10-12,195.94,43.73,48.43,12.29,1786.0,33.07,55.28,123.9,89.3,22.62,253.48,161.9,32.1,16.34,21.76,104.3,53.69,4.84,18.75,19.16,15.37,244.45,53.38,55.0,16.47,3.97,44.95,14.56,3.67,7.13,35.16,84.37,22.38,5.91,27.1,5.91,27.54,22.93,32.16,7.67,5.03,12.81,87.21,155.73,259.15,88.62,30.7,7.14,39.1,15.42,66.2,34.6,11.11,36.04,15.61,33.73,29.89,18.31,30.44,9.66,4.14,13.95,32.91,106.67,22.18,5.9,96.7,273.67,14.89,15.19,6.2,3.89,6.51,38.65,22.6,17.72,98.68,5.34,69.01,23.12,25.11,36.9,60.57,11.01,3.74,47.73,20.38,5.23,46.9,28.7,5.82,29.75,4.64,23.26,54.28,6.3,13.37,17.71,5.67,41.39,10.98,27.32,7.39,101.91,8.0,153.72,21.38,25.31,5.03,6.18,14.72,48.2,6.29,22.82,18.35,37.98,13.97,9.46,17.28,5.06,376.5,234.99,7.3,209.98,14.83,40.11,59.35,3.11,15.35,14.03,24.5,4.79,3.22,26.72,42.11,37.86,109.6,28.22,6.07,59.28,101.06,36.92,1.72,18.84,9.33,6.12,7.32,37.02,14.3,85.9
2023-10-13,190.6,42.87,47.97,12.02,1751.0,32.61,54.99,121.04,90.18,22.74,248.7,162.82,31.95,16.27,21.52,103.18,54.56,4.89,17.88,19.18,15.13,240.36,53.0,53.51,16.9,4.0,44.65,14.47,3.72,7.13,34.81,82.24,21.88,5.95,26.85,5.78,26.8,22.49,32.68,7.67,4.94,12.82,87.08,153.63,254.94,87.76,30.77,7.1,37.41,15.32,65.71,34.41,11.0,36.01,15.54,32.26,30.05,18.49,30.54,9.57,4.18,13.08,32.29,102.37,22.0,5.9,100.1,271.21,14.74,15.17,6.23,3.97,6.72,38.83,22.13,17.51,99.73,5.26,69.82,22.56,24.94,35.24,59.69,10.92,3.74,47.69,20.73,5.14,45.29,27.87,5.85,30.29,4.66,23.02,53.34,6.11,13.68,17.54,5.59,41.3,10.91,26.8,7.4,102.95,7.99,151.12,21.48,25.31,4.98,6.08,14.6,47.25,6.24,22.42,18.33,36.99,13.88,9.53,17.14,5.08,364.1,230.25,7.29,205.15,14.35,38.92,58.83,3.12,14.9,14.23,24.14,4.77,3.16,26.79,41.5,37.48,106.98,27.79,6.08,58.05,97.18,36.1,1.72,18.57,9.23,6.06,7.23,36.72,13.97,84.72
2023-10-16,184.76,41.2,47.54,12.14,1729.9,32.31,55.08,117.05,87.9,22.78,243.1,158.65,31.82,16.2,21.51,101.14,53.1,4.92,17.42,18.35,14.96,237.51,51.6,51.89,16.89,3.94,44.23,14.48,3.71,7.15,34.58,83.56,21.3,5.97,26.47,5.78,26.93,21.88,32.28,7.8,4.93,13.41,86.4,150.14,249.59,85.6,31.43,7.07,36.7,15.06,65.81,33.77,11.01,35.67,15.59,31.74,29.81,18.69,29.67,9.63,4.04,13.04,31.15,100.01,21.66,5.95,100.0,267.9,14.5,14.9,6.22,3.99,6.7,38.95,21.78,17.06,99.86,5.25,67.93,22.17,24.9,34.84,57.85,10.8,3.77,47.47,20.87,5.19,44.14,27.81,5.86,30.8,4.65,22.82,53.0,6.06,13.61,17.45,5.55,40.8,11.09,26.33,7.48,100.22,7.97,150.05,20.92,25.44,4.98,6.04,14.42,45.23,6.64,22.18,17.81,35.95,13.85,9.2,16.92,5.13,364.5,226.77,7.32,203.44,14.07,35.85,59.56,3.11,14.62,14.44,23.66,4.75,3.14,26.29,41.19,37.62,104.19,26.82,6.09,55.82,94.88,35.82,1.69,18.56,9.19,5.9,7.09,36.89,13.78,82.89
2023-10-17,185.44,41.07,47.68,12.06,1726.0,32.52,55.88,115.47,88.25,22.96,246.67,166.2,31.65,16.22,21.95,102.2,54.4,4.92,17.28,18.0,15.13,238.0,52.85,52.54,16.57,3.94,44.47,14.6,3.72,7.18,34.79,85.88,21.03,5.97,26.85,5.74,26.88,21.69,32.4,7.93,4.96,13.36,87.56,150.41,257.0,84.44,31.59,7.09,36.38,15.08,65.13,33.94,11.02,35.79,15.99,31.47,30.58,18.7,29.83,9.73,4.06,13.05,30.89,100.56,21.69,6.11,99.7,266.88,14.59,15.13,6.23,3.98,6.73,38.53,22.14,17.02,103.42,5.29,67.81,21.89,25.2,34.3,57.78,10.73,3.77,47.68,21.13,5.12,44.6,27.65,5.91,31.1,4.67,23.08,52.38,6.04,13.64,17.66,5.59,40.65,11.1,26.22,7.51,101.11,7.97,152.77,20.67,25.51,5.07,6.14,14.65,45.36,6.56,22.08,17.85,35.87,14.0,9.77,16.87,5.15,362.5,229.4,7.29,203.84,13.96,36.48,58.9,3.11,14.65,14.26,23.85,4.8,3.11,26.09,40.95,37.96,107.8,27.09,6.12,55.9,95.93,35.9,1.68,18.49,9.19,6.2,7.11,37.79,13.95,82.22
2023-10-18,186.3,39.18,47.39,11.98,1728.0,32.49,55.47,120.2,87.51,22.95,244.23,162.9,31.7,16.17,21.86,100.4,54.57,4.93,16.92,17.61,15.02,249.07,50.75,55.51,16.48,3.91,43.82,14.53,3.74,7.24,34.39,86.85,20.08,5.95,26.59,5.62,26.18,19.98,32.28,7.98,4.93,13.34,85.97,149.24,255.35,82.4,31.6,7.05,36.57,14.91,64.74,33.69,10.95,35.22,16.0,30.35,30.26,18.71,29.12,9.77,4.04,13.0,29.5,97.45,21.15,6.12,95.09,264.53,14.5,14.85,6.21,4.02,6.75,38.95,22.33,16.69,102.6,5.22,66.68,20.52,24.82,30.87,57.19,10.66,3.75,48.38,20.48,5.13,44.02,27.73,5.9,30.53,4.65,23.15,53.47,6.04,13.59,17.79,5.5,39.8,11.02,25.87,7.5,101.09,7.96,148.21,20.2,25.18,5.02,6.01,14.65,44.15,6.57,21.84,17.31,35.11,13.96,9.34,16.9,5.13,345.0,232.13,7.29,204.21,13.99,36.48,58.6,3.09,14.35,14.29,23.18,4.81,3.08,26.15,39.99,37.74,106.0,26.31,6.07,54.26,94.25,35.19,1.62,18.09,9.06,6.22,7.03,37.1,13.89,80.53
2023-10-19,182.7,38.12,46.05,11.77,1630.0,31.57,54.23,144.24,86.18,22.55,243.13,162.0,31.01,15.85,21.56,99.46,56.03,4.83,16.53,17.25,14.97,240.6,50.4,59.06,16.35,3.82,43.41,14.46,3.67,7.08,33.71,82.2,20.01,5.84,26.16,5.52,25.79,19.89,31.67,7.74,4.83,13.18,84.85,144.25,254.88,81.81,30.95,6.84,37.42,14.62,63.64,33.24,10.6,32.15,15.8,30.21,29.38,18.43,29.12,9.53,3.93,12.65,29.17,94.64,20.91,5.97,95.99,260.27,14.23,14.64,6.05,3.97,6.62,37.9,22.43,16.19,100.49,5.17,66.35,20.51,24.28,30.9,58.51,10.37,3.65,46.53,20.17,5.13,43.0,26.88,5.77,30.0,4.53,22.62,53.8,5.95,12.75,17.2,5.4,39.0,10.97,25.46,7.37,100.5,7.73,147.35,20.09,24.99,4.89,5.92,14.48,42.79,6.39,20.92,17.06,34.54,13.88,9.31,16.6,5.0,327.62,224.0,7.13,197.81,13.87,35.43,56.46,3.03,14.22,13.85,22.78,4.71,3.05,25.66,40.21,36.0,106.15,25.73,6.0,52.7,92.83,34.49,1.6,17.98,8.9,5.84,6.86,36.13,13.66,81.05
2023-10-20,181.0,36.56,45.84,11.65,1645.0,31.65,53.18,135.55,84.62,22.35,239.74,159.5,30.71,15.79,21.53,97.39,57.1,4.79,16.17,16.6,14.96,239.2,48.0,59.22,16.09,3.77,42.72,14.42,3.66,7.04,33.58,82.9,19.59,5.8,25.96,5.38,25.74,19.22,31.08,7.69,4.8,13.09,85.0,143.7,247.35,83.4,30.78,6.87,36.06,14.45,62.55,32.69,10.6,31.64,15.68,29.09,28.52,18.2,28.45,9.56,3.85,12.56,27.56,94.07,20.85,5.74,92.3,257.4,14.2,14.67,6.02,3.94,6.55,37.07,22.1,16.39,98.49,5.14,64.51,20.02,24.12,29.65,56.06,10.68,3.65,47.62,20.11,5.05,43.81,26.39,5.69,30.14,4.53,22.48,51.08,5.91,12.56,17.1,5.36,38.78,10.91,25.55,7.34,98.93,7.78,145.95,19.36,25.06,4.72,5.86,14.53,45.41,6.37,21.58,16.66,34.93,13.89,9.31,16.62,4.92,315.0,223.41,7.08,197.0,13.74,35.09,55.92,3.02,14.28,13.83,21.87,4.73,3.03,26.9,40.3,34.47,108.99,26.21,6.0,54.73,92.36,34.28,1.59,17.85,8.97,5.84,6.74,35.83,13.54,80.46
2023-10-23,177.26,33.41,45.94,11.45,1643.98,31.23,53.25,108.44,84.35,22.29,234.6,157.28,31.62,15.74,21.18,94.7,56.79,4.82,14.55,16.25,14.54,238.65,47.4,59.15,16.2,3.69,43.07,14.15,3.65,6.99,33.45,86.65,19.4,5.8,25.59,5.15,25.19,18.41,30.85,7.57,4.81,13.0,83.88,143.75,242.0,80.04,30.93,6.83,34.44,14.24,62.2,33.8,10.5,31.64,15.3,27.98,28.48,18.08,27.7,9.5,3.76,12.32,26.45,96.1,20.0,5.68,91.01,259.21,13.65,14.22,5.99,3.92,6.5,36.48,21.66,16.04,98.75,5.08,62.85,19.43,24.07,28.29,53.96,10.48,3.64,49.09,20.31,4.97,42.82,25.95,5.58,29.01,4.54,22.23,51.87,5.69,12.48,17.42,5.3,39.12,10.74,24.7,7.14,99.1,7.76,138.0,18.74,24.78,4.72,5.7,14.28,43.66,6.17,21.58,17.08,33.85,13.62,8.73,15.99,4.83,305.0,225.6,7.1,197.59,13.4,35.07,54.51,2.99,13.9,13.45,20.8,4.64,2.94,24.89,41.34,34.87,110.17,25.56,5.97,52.58,90.07,34.25,1.54,17.48,8.62,5.79,6.78,35.37,13.24,81.1
2023-10-24,176.42,33.96,46.1,11.75,1642.95,31.3,53.18,108.66,84.07,22.6,249.5,167.1,31.34,15.67,21.62,97.68,55.05,4.76,13.76,16.59,14.99,235.55,48.19,57.16,16.51,3.7,43.23,14.5,3.6,6.92,33.55,87.2,20.13,5.71,25.61,5.31,25.22,18.66,31.31,7.76,4.83,12.99,84.66,144.05,253.0,80.35,30.59,6.82,34.58,14.28,62.16,33.87,10.55,31.75,15.8,26.19,28.5,18.14,28.28,9.51,3.78,11.57,26.82,95.8,20.64,5.59,95.88,260.0,13.8,14.35,5.99,3.84,6.42,36.6,21.58,16.16,96.0,5.09,64.45,19.6,23.88,28.45,55.46,10.48,3.59,48.99,20.2,5.09,42.41,26.54,5.61,29.45,4.49,22.08,46.7,5.74,12.33,17.72,5.32,39.24,10.78,24.7,7.27,100.03,7.73,144.2,19.33,24.85,4.68,5.67,14.53,44.7,6.27,21.82,17.0,34.09,13.91,9.07,16.38,4.74,305.27,230.08,7.18,198.8,13.19,34.59,54.41,2.95,13.98,13.5,21.13,4.64,2.99,25.0,41.35,34.37,114.91,25.43,5.92,53.39,90.2,34.37,1.58,17.66,8.67,5.8,6.77,35.62,13.27,82.38
2023-10-25,175.98,32.26,45.51,12.08,1677.5,31.42,52.42,112.68,83.47,21.91,248.01,166.2,31.16,15.57,21.84,96.45,54.68,4.71,13.54,17.43,14.91,237.4,48.74,60.98,16.5,3.78,43.17,14.58,3.56,6.95,33.49,79.3,19.19,5.78,26.05,5.34,25.1,19.04,31.53,7.33,4.95,14.14,85.96,149.34,243.73,79.15,30.36,6.93,35.37,14.6,62.47,35.27,10.38,33.71,15.97,25.9,28.7,18.13,28.29,9.71,3.82,11.71,26.51,88.01,20.32,5.4,96.95,257.7,14.08,14.28,6.02,3.82,6.38,36.9,21.69,16.21,91.9,5.19,64.53,19.64,24.4,28.47,56.5,10.68,3.66,48.29,19.63,5.51,42.4,27.04,5.48,28.7,4.5,22.14,47.65,5.9,12.49,17.73,5.38,39.5,10.75,24.65,7.19,102.16,7.79,139.4,19.43,24.89,4.51,5.89,14.64,43.89,6.43,21.71,17.19,34.41,13.99,9.11,16.38,4.75,303.04,239.45,7.2,206.05,13.46,35.05,56.07,2.97,14.27,14.1,22.24,4.7,3.05,25.1,42.35,33.93,115.02,25.25,5.96,52.9,90.21,35.02,1.61,18.05,8.82,6.33,6.73,35.12,13.38,82.4
2023-10-26,178.07,32.7,45.7,12.08,1672.23,31.5,52.51,111.26,84.37,22.33,249.33,164.75,31.22,15.71,21.8,94.38,54.89,4.79,13.83,17.36,14.84,238.61,48.63,60.1,16.27,3.81,44.45,14.61,3.62,7.02,33.39,77.45,19.45,5.84,26.01,5.35,25.49,19.13,29.37,7.45,5.04,14.09,86.01,151.05,246.0,78.1,30.55,6.96,35.4,14.62,62.63,35.34,10.41,34.34,15.87,25.66,28.51,18.18,28.08,9.71,3.85,11.63,27.71,89.9,20.52,5.42,87.35,256.8,13.99,14.36,6.11,3.88,6.5,37.53,22.09,16.22,92.81,5.21,64.57,19.87,24.58,29.32,56.52,10.7,3.69,48.4,20.06,5.5,44.75,27.55,5.56,29.37,4.58,22.31,45.72,6.0,12.91,18.25,5.42,39.18,11.12,23.9,7.29,99.35,7.83,136.66,19.18,25.0,4.51,5.95,14.6,43.58,6.26,21.98,17.28,35.31,14.02,9.27,16.41,4.8,305.5,242.88,7.26,206.06,13.42,35.26,56.1,2.99,14.03,14.08,23.2,4.75,3.04,25.99,42.49,33.95,116.48,25.44,6.01,52.4,89.62,35.28,1.61,18.01,8.8,6.33,6.77,35.12,13.59,80.38
2023-10-27,184.72,32.41,45.18,12.01,1676.71,31.53,53.74,109.16,88.72,22.24,251.79,165.56,32.0,15.78,22.03,101.83,56.98,4.77,14.07,18.55,15.06,241.95,49.79,59.44,17.13,3.83,45.4,14.69,3.63,6.89,34.22,74.15,19.52,5.82,26.88,5.43,25.88,19.12,29.71,7.42,5.04,13.9,87.85,152.99,246.5,82.86,30.35,6.99,36.07,14.91,61.38,35.9,10.45,36.15,15.82,26.06,27.5,17.9,28.51,9.73,3.84,11.65,27.59,89.41,20.76,5.42,95.96,265.85,14.11,14.65,6.13,3.89,6.45,38.52,22.54,16.71,92.89,5.22,68.68,19.69,24.39,29.22,57.81,10.82,3.66,48.93,19.9,5.66,46.55,27.28,5.6,29.49,4.59,22.64,45.56,6.04,12.78,18.56,5.52,40.19,11.15,24.98,7.24,102.5,7.86,141.14,20.13,24.7,4.53,6.06,14.8,45.56,6.31,22.25,17.43,36.74,14.1,8.87,16.74,4.79,293.12,242.51,7.2,208.96,13.39,37.33,58.05,3.0,14.76,14.29,23.29,4.79,3.08,25.99,42.07,33.5,116.7,27.02,6.0,55.6,93.9,35.43,1.64,18.19,8.79,6.28,6.97,34.38,13.7,82.73
2023-10-30,188.02,32.44,45.31,12.42,1681.0,30.9,54.5,109.68,90.46,22.45,257.8,169.68,33.78,15.57,21.6,106.88,58.3,4.69,14.6,18.84,15.19,244.6,53.6,62.8,17.84,4.02,46.58,14.58,3.56,6.92,34.05,73.7,19.95,5.59,26.67,5.62,26.01,20.0,30.95,7.13,5.01,13.8,88.63,156.6,249.78,86.96,29.71,6.8,37.5,15.03,61.08,36.56,10.45,37.81,15.56,26.62,27.14,17.61,30.61,9.72,4.06,11.48,28.25,89.82,20.91,5.31,100.42,283.08,14.08,14.64,6.02,3.84,6.23,37.63,22.5,16.81,91.17,5.17,69.76,19.97,24.22,29.74,54.63,10.71,3.61,49.9,19.52,5.9,46.85,27.25,5.39,28.55,4.52,22.42,45.66,6.14,13.19,19.02,5.43,41.0,10.9,25.16,7.36,111.1,7.82,141.6,21.0,24.02,4.46,6.04,14.8,45.73,6.42,22.42,18.16,37.01,14.05,8.93,16.91,4.56,285.0,245.78,7.15,211.16,13.89,37.87,59.04,2.95,15.01,14.25,23.55,4.77,3.12,26.55,42.27,33.22,119.99,28.3,5.96,55.9,95.42,35.24,1.64,18.37,8.9,6.28,6.96,33.35,13.93,92.09
2023-10-31,185.6,31.38,45.46,12.44,1684.58,30.76,52.92,107.23,86.51,22.57,256.0,171.15,32.77,15.08,21.71,107.0,57.25,4.73,14.72,18.71,15.27,238.54,55.03,61.97,17.59,3.92,47.94,14.77,3.59,6.9,33.93,71.21,19.54,5.63,27.42,5.54,25.88,20.3,30.86,7.12,5.0,13.88,88.8,156.0,252.08,84.15,30.32,6.82,36.71,14.47,60.44,36.45,10.46,37.76,16.03,26.15,27.75,18.02,30.8,9.77,3.93,11.57,28.15,87.75,20.9,5.33,100.4,286.02,13.99,13.99,6.07,3.9,6.27,37.2,22.55,16.93,92.34,5.18,69.56,19.61,24.99,29.39,53.35,10.7,3.72,49.29,19.5,5.86,46.42,26.74,5.46,28.55,4.56,22.22,45.56,6.2,13.06,18.8,5.34,39.3,10.95,24.13,7.42,110.31,7.84,140.59,21.42,23.89,4.46,5.73,14.84,44.28,6.43,22.39,18.03,36.79,14.14,8.91,16.95,4.57,287.1,247.2,7.21,214.61,13.92,37.65,56.3,2.97,15.15,14.42,23.35,4.8,3.11,25.6,42.18,33.6,119.36,27.81,5.96,55.0,94.6,35.35,1.62,18.35,8.79,6.26,6.92,33.4,13.99,89.58
2023-11-01,187.54,30.68,45.11,12.2,1780.99,30.45,53.01,108.0,84.95,22.66,252.45,168.2,32.24,15.11,21.73,105.46,58.21,4.77,14.53,18.53,15.19,236.2,55.27,64.8,17.42,3.75,47.97,14.92,3.62,6.83,33.84,68.6,19.19,5.71,27.32,5.43,25.95,20.63,30.58,7.16,4.97,14.06,85.5,160.0,248.47,82.12,30.29,6.86,37.17,14.21,59.71,36.17,10.48,37.86,16.05,26.03,27.5,17.95,30.58,9.66,3.87,11.69,28.02,85.22,20.8,5.32,99.8,282.8,14.01,14.17,6.08,3.92,6.28,37.0,22.66,16.71,93.5,5.15,69.55,19.55,24.91,29.71,53.34,10.66,3.73,48.82,19.63,5.76,45.58,26.86,5.47,29.04,4.52,22.28,44.96,6.27,13.26,18.74,5.31,39.01,10.85,23.33,7.47,105.96,7.78,139.19,21.06,23.78,4.44,5.61,14.76,43.3,6.43,22.3,17.78,36.56,14.06,9.43,17.11,4.61,283.74,251.01,7.21,221.93,14.04,37.15,55.38,2.96,14.97,14.37,22.94,4.78,3.09,24.79,42.19,33.15,116.0,27.66,5.89,53.61,93.84,35.02,1.61,18.14,8.89,6.25,6.94,32.95,14.04,88.19
2023-11-02,185.57,30.06,45.06,12.21,1779.5,30.68,53.18,104.75,85.38,22.76,250.2,166.18,31.52,15.25,21.53,104.53,57.31,4.78,14.6,18.24,15.05,234.8,55.4,64.38,17.18,3.79,47.9,14.87,3.66,6.84,34.03,69.02,19.7,5.76,27.34,5.37,25.57,19.47,30.6,7.25,4.96,14.16,86.36,157.9,233.44,80.3,30.49,6.94,36.68,14.04,60.1,35.87,10.48,37.8,16.1,25.71,27.12,18.0,30.55,9.76,3.88,11.52,27.63,85.93,20.68,5.33,100.6,283.4,13.87,13.83,6.11,3.95,6.34,37.09,22.67,16.59,93.68,5.16,68.81,19.32,24.85,29.07,52.93,10.64,3.8,48.89,19.64,5.64,44.68,25.83,5.53,29.14,4.55,22.43,44.39,6.17,13.1,18.56,5.29,38.43,10.68,22.41,7.41,104.98,7.76,137.08,20.7,23.62,4.41,5.58,14.65,42.63,6.52,22.16,17.55,35.81,14.0,9.15,16.97,4.67,286.59,246.73,7.23,218.44,13.7,36.86,55.16,2.98,14.8,14.28,22.26,4.76,3.06,24.35,40.92,32.53,115.29,26.91,5.91,52.45,92.73,34.66,1.6,18.01,8.79,6.29,6.92,32.55,13.9,90.37
2023-11-03,187.44,32.0,45.24,12.17,1811.24,30.99,52.8,109.03,86.92,22.71,257.04,165.38,32.0,15.2,21.86,108.0,57.86,4.74,14.75,18.95,15.36,238.65,56.7,66.65,17.47,3.85,47.51,14.94,3.62,6.86,34.01,71.3,19.93,5.71,27.6,5.41,25.95,19.91,31.14,7.33,4.99,14.1,87.09,159.67,237.8,83.61,30.37,6.89,37.26,14.24,62.47,35.81,10.48,38.21,16.36,26.3,26.94,17.98,31.28,9.81,4.03,11.73,28.61,88.65,21.08,5.34,103.89,282.65,13.94,13.99,6.08,3.89,6.3,37.38,22.58,16.76,93.67,5.15,70.66,19.81,25.06,30.17,56.26,10.7,3.79,49.35,19.52,5.73,45.35,26.5,5.51,29.56,4.53,22.61,46.05,6.03,13.41,18.57,5.35,39.02,10.54,22.87,7.37,106.39,7.77,138.71,21.03,23.47,4.45,5.68,14.8,43.06,6.59,22.19,18.29,36.19,14.05,9.42,17.06,4.64,301.0,249.58,7.17,221.28,13.57,37.53,57.06,2.96,15.04,14.33,22.73,4.78,3.06,25.15,41.28,32.74,116.76,27.17,5.81,53.04,94.58,35.17,1.61,18.09,8.85,6.17,6.88,32.52,14.09,92.4
2023-11-06,197.08,33.01,46.06,11.93,1812.0,31.14,53.14,116.77,90.88,22.24,258.74,163.0,33.3,15.27,22.83,109.35,57.3,4.71,14.97,19.86,15.79,242.9,57.3,65.9,17.75,4.01,48.33,15.29,3.58,6.92,34.08,73.2,20.62,5.66,27.55,5.31,26.17,20.93,32.46,7.09,4.97,14.12,88.16,159.84,233.99,86.99,29.48,6.94,38.79,14.48,63.74,36.93,10.69,37.5,16.76,27.06,27.06,17.47,31.88,9.67,4.15,11.93,29.34,91.42,21.56,5.28,107.97,285.22,14.06,14.55,6.06,3.84,6.2,37.1,22.66,17.08,91.15,5.24,74.96,20.3,25.2,30.89,57.0,10.75,3.79,48.6,18.8,5.88,48.02,27.96,5.37,29.26,4.5,22.61,47.44,5.87,14.07,18.16,5.37,40.13,10.39,23.45,7.2,111.05,7.81,149.14,21.85,23.22,4.48,5.71,15.14,44.94,6.48,22.5,18.92,37.23,14.4,9.67,17.27,4.62,320.0,251.49,7.11,220.6,13.21,37.94,57.36,2.97,15.11,14.39,23.52,4.79,3.03,27.28,41.56,33.49,120.94,28.58,5.81,54.96,96.19,35.69,1.64,18.28,9.09,6.09,6.98,33.56,14.37,94.9
2023-11-07,191.24,39.61,45.3,12.01,1791.17,30.8,53.1,122.82,89.75,22.27,256.35,165.2,32.85,15.19,22.79,106.94,57.55,4.72,15.39,19.65,15.67,240.97,57.81,67.97,17.72,4.0,48.43,15.26,3.61,6.87,33.79,78.71,21.05,5.76,27.6,5.27,26.06,21.16,31.86,7.09,4.98,14.19,87.2,159.31,232.5,89.0,29.65,6.91,40.09,14.38,64.2,36.86,10.6,37.31,16.68,27.21,25.89,17.68,32.27,9.62,4.15,11.77,30.41,99.2,21.59,5.26,106.95,282.6,14.05,14.53,6.06,3.89,6.25,37.03,22.62,16.98,91.14,5.17,74.87,20.79,25.16,31.56,59.36,10.66,3.83,48.29,19.03,6.09,47.2,28.21,5.37,29.15,4.5,22.43,48.11,5.83,13.96,18.39,5.31,39.9,10.36,23.43,7.18,112.76,7.83,149.18,21.78,23.14,4.48,5.67,15.12,44.45,6.37,22.61,18.99,36.93,14.4,9.55,17.45,4.6,332.1,248.43,7.12,219.75,13.03,38.1,57.3,2.96,15.2,14.65,24.43,4.77,3.01,27.24,41.53,32.64,121.45,27.93,5.8,54.7,95.61,35.83,1.63,17.95,9.06,6.09,6.95,32.84,14.44,93.4
2023-11-08,191.84,41.25,44.63,11.82,1798.34,30.6,52.85,134.99,90.73,22.37,259.97,171.95,32.6,15.13,22.58,106.69,58.31,4.71,15.3,19.57,15.57,240.0,57.54,68.8,17.62,3.95,49.28,15.19,3.6,6.85,33.67,76.21,21.0,5.76,27.58,5.18,25.9,20.89,31.75,7.03,4.94,14.13,83.38,158.63,251.45,88.42,29.76,6.9,40.41,14.36,62.8,37.22,10.5,37.07,16.42,27.27,25.23,17.72,31.91,9.67,4.13,11.66,30.1,96.65,21.38,5.24,104.88,286.7,13.94,14.4,6.03,3.88,6.26,36.94,22.51,16.88,91.48,5.14,74.87,20.82,25.15,31.82,59.9,10.59,3.8,48.0,18.94,6.06,47.29,27.93,5.31,30.09,4.48,22.33,48.6,5.76,13.89,18.27,5.29,39.94,10.31,23.42,7.22,111.9,7.72,151.67,22.01,23.04,4.51,5.74,14.99,44.24,6.28,22.49,18.68,36.92,14.29,9.46,17.41,4.56,335.0,248.5,7.1,216.9,12.82,38.02,58.22,2.97,14.9,14.26,24.7,4.74,2.97,27.24,41.5,32.11,123.0,27.89,5.77,54.8,96.3,35.98,1.61,17.7,9.05,6.03,6.97,32.75,14.44,91.17
2023-11-09,191.45,41.41,43.28,11.88,1794.11,30.66,52.45,132.52,88.93,22.57,257.05,168.19,31.92,15.12,22.46,105.1,57.0,4.78,15.59,19.46,15.54,239.3,56.88,65.0,17.57,3.95,48.38,15.13,3.63,6.84,33.7,78.68,21.5,5.81,27.63,5.2,25.73,21.22,31.14,7.09,4.93,14.14,84.96,158.55,246.12,90.2,30.72,6.93,40.9,14.3,62.99,37.07,10.49,37.22,16.29,27.69,25.1,18.18,31.57,9.64,4.12,11.72,30.2,100.99,21.27,5.26,102.55,284.0,14.3,14.61,6.05,3.95,6.38,36.94,22.67,16.91,90.8,5.15,74.5,21.45,25.16,35.0,59.11,10.66,3.84,48.65,18.98,6.02,47.99,27.83,5.4,29.3,4.49,22.28,48.51,5.77,13.62,18.43,5.34,40.02,10.24,24.24,7.23,110.41,7.73,150.48,21.86,22.83,4.49,5.67,14.9,44.6,6.21,22.72,18.59,37.21,14.27,9.41,17.53,4.61,333.0,248.45,7.13,215.73,12.93,38.51,58.28,2.97,14.85,14.45,25.17,4.76,2.97,26.95,41.08,31.99,121.8,28.09,5.78,55.09,95.98,36.0,1.6,17.77,9.09,6.07,6.89,32.64,14.3,90.18
2023-11-10,189.03,42.6,42.35,11.78,1775.84,30.16,52.7,136.99,88.19,22.57,256.01,170.01,32.41,14.98,22.46,105.18,54.39,4.78,15.41,19.26,15.43,236.96,56.6,65.02,17.59,3.95,48.39,15.09,3.63,6.76,33.48,78.21,21.52,5.82,27.52,5.15,25.5,20.67,30.87,7.08,4.92,14.18,83.33,156.9,250.36,89.06,31.1,6.88,39.48,14.17,62.04,37.18,10.3,37.41,16.3,27.21,24.14,18.5,31.52,9.7,4.1,11.64,29.97,101.54,21.19,5.23,103.13,285.21,14.1,14.42,6.02,3.95,6.41,36.41,22.52,16.87,90.8,5.07,74.21,20.98,24.84,34.14,58.56,10.58,3.81,48.15,19.04,5.99,47.3,27.7,5.41,28.73,4.47,22.32,47.4,5.68,13.77,18.62,5.24,40.15,10.39,23.53,7.26,109.6,7.69,149.86,21.83,22.68,4.45,5.6,14.86,44.81,6.21,23.28,19.39,36.81,14.28,9.38,17.33,4.57,333.28,244.3,7.12,212.07,12.73,38.36,57.59,2.95,14.72,14.29,24.16,4.73,2.97,26.81,41.68,30.9,121.8,28.03,5.78,54.66,94.4,36.11,1.59,17.58,9.02,6.05,6.9,32.0,14.36,90.1
2023-11-13,187.85,43.25,42.39,11.9,1764.0,29.82,51.06,135.19,86.52,22.53,257.13,171.72,32.02,14.96,22.29,104.11,54.24,4.76,16.11,19.17,15.44,237.12,58.37,65.4,17.43,3.95,47.3,15.09,3.62,6.7,32.57,81.66,21.76,5.78,27.43,5.23,25.73,21.06,31.22,7.14,4.9,14.01,83.1,154.88,248.12,89.44,30.93,6.88,40.1,14.24,61.86,37.24,10.25,37.46,16.22,27.92,24.23,18.44,31.54,9.72,4.12,11.56,30.83,104.9,21.24,5.28,102.62,282.79,14.07,14.18,6.02,3.94,6.37,36.19,22.32,16.84,91.0,5.14,73.97,21.39,24.55,34.76,59.38,10.53,3.82,47.8,19.25,5.94,47.45,27.86,5.49,29.39,4.46,21.82,49.64,5.68,13.78,18.63,5.3,40.35,10.41,23.84,7.14,108.19,7.68,152.08,21.99,22.86,4.51,5.68,14.81,44.2,6.18,24.01,19.19,37.08,14.3,9.44,17.37,4.53,341.27,240.6,7.1,209.21,12.74,38.25,58.12,2.93,14.76,14.27,25.06,4.74,3.01,27.1,43.46,31.25,120.57,28.14,5.79,54.16,95.12,37.31,1.62,17.7,9.06,6.18,6.77,32.09,14.59,88.75
2023-11-14,183.68,44.06,42.61,11.86,1765.27,30.2,51.09,153.02,85.56,22.37,257.03,173.52,31.89,14.72,22.62,103.67,54.65,4.79,16.37,19.04,15.55,237.63,59.12,68.54,17.66,3.98,47.04,15.25,3.63,6.69,32.78,81.95,21.64,5.79,27.27,5.22,26.08,21.26,30.54,7.1,4.91,14.02,82.68,155.9,255.82,88.69,30.65,6.88,40.36,14.24,61.12,36.49,10.27,37.47,16.17,27.78,24.09,18.24,31.68,9.71,4.15,11.5,30.6,105.01,21.21,5.27,102.37,286.47,14.07,14.2,6.03,3.96,6.37,36.43,22.01,16.76,90.78,5.13,75.05,21.45,24.77,34.86,60.75,10.63,3.85,47.25,19.01,6.04,46.9,27.63,5.44,29.28,4.48,22.13,49.91,5.81,13.76,18.65,5.31,40.77,10.3,23.73,7.15,108.2,7.67,153.0,21.92,22.7,4.54,5.67,14.89,43.68,6.16,24.13,19.12,36.69,14.39,9.31,17.32,4.53,331.6,240.88,7.08,209.58,12.98,38.35,59.03,2.94,14.84,14.32,26.12,4.76,3.0,26.67,43.35,30.94,122.78,27.89,5.75,53.62,95.24,37.59,1.61,17.71,9.07,6.07,6.71,32.08,14.63,89.0
2023-11-15,184.48,42.69,43.36,12.0,1772.93,30.64,51.54,151.5,87.7,22.6,253.8,167.39,32.67,14.85,22.6,106.99,54.32,4.79,16.41,19.31,15.54,238.64,59.99,67.42,17.73,3.99,47.33,15.29,3.62,6.75,32.85,80.87,21.66,5.81,27.26,5.37,26.06,21.1,30.6,7.18,4.91,14.43,83.3,157.25,248.75,92.0,30.74,6.96,40.4,14.34,61.73,36.65,10.37,37.46,16.1,27.77,24.6,18.37,31.81,9.76,4.18,11.65,30.65,104.0,21.47,5.24,103.26,290.95,14.2,14.49,6.03,3.95,6.36,36.44,22.43,17.05,90.24,5.17,75.75,21.52,24.84,34.55,60.26,10.62,3.83,48.25,19.22,5.91,46.98,28.63,5.53,29.54,4.48,22.47,50.4,5.88,13.79,18.42,5.35,40.99,10.42,24.39,7.13,108.98,7.7,152.5,21.83,22.72,4.53,5.72,14.9,45.14,6.15,24.49,19.25,37.2,14.43,9.43,17.7,4.56,330.0,242.51,7.08,211.9,13.38,39.15,59.2,2.94,15.39,14.42,25.92,4.78,3.08,26.8,43.11,31.93,122.6,28.19,5.77,55.54,96.15,37.37,1.62,18.04,9.15,6.2,6.73,32.71,14.67,89.65
2023-11-16,181.15,41.47,42.87,11.97,1760.05,30.54,51.75,151.95,85.42,22.71,248.0,165.0,32.31,14.77,22.43,104.69,53.42,4.8,15.94,18.91,15.29,238.3,59.6,66.22,17.51,3.96,46.8,15.24,3.65,6.74,32.61,78.59,20.96,5.82,27.02,5.26,25.88,20.7,30.5,7.13,4.9,14.37,82.35,156.37,243.65,87.8,30.77,6.93,39.75,14.17,61.05,36.0,10.24,37.12,15.96,27.43,24.17,18.4,31.7,9.74,4.16,11.74,30.01,100.04,21.07,5.13,102.0,288.08,14.05,14.26,6.03,3.97,6.4,36.8,22.21,16.71,90.6,5.14,76.3,21.29,24.8,34.31,58.76,10.54,3.85,48.01,19.36,5.85,45.5,28.18,5.48,29.52,4.49,22.36,49.26,5.8,13.52,18.22,5.31,41.05,10.34,23.71,7.11,106.6,7.68,149.69,21.59,22.53,4.47,5.68,14.78,44.27,6.15,24.66,18.9,36.21,14.36,9.26,17.45,4.54,328.65,238.0,7.08,210.64,13.28,38.35,58.91,2.94,15.05,14.53,26.5,4.74,3.02,26.46,42.86,31.62,122.65,27.11,5.77,54.15,94.36,37.25,1.6,17.84,9.05,6.23,6.71,32.33,14.5,87.97
2023-11-17,180.73,46.83,42.66,11.97,1753.42,30.33,51.86,153.7,85.36,22.62,247.0,167.78,31.9,14.71,22.52,104.98,53.7,4.78,16.35,19.29,15.3,236.76,59.91,66.12,17.57,3.98,47.14,15.27,3.63,6.68,32.5,81.92,21.26,5.79,26.95,5.25,25.71,21.19,31.03,7.04,4.9,14.58,82.3,155.0,248.38,87.46,30.8,6.86,40.14,14.21,61.4,35.71,10.15,36.95,15.84,27.56,24.16,18.48,31.97,9.69,4.17,11.38,31.04,105.59,21.12,5.06,99.48,285.5,14.09,14.22,6.0,3.95,6.38,37.2,22.2,16.71,89.43,5.09,76.15,21.53,24.88,35.7,59.04,10.48,3.8,48.09,19.12,5.87,45.51,29.31,5.44,28.45,4.47,22.22,49.2,5.82,13.55,18.26,5.31,40.95,10.56,23.59,7.06,107.0,7.65,150.58,21.98,22.76,4.47,5.69,14.81,44.05,6.12,24.69,19.24,36.28,14.32,9.34,17.57,4.5,327.48,235.98,7.04,208.3,13.26,38.1,58.63,2.92,15.05,14.36,27.06,4.72,3.01,27.11,42.94,31.57,124.81,27.22,5.75,54.11,93.58,37.17,1.6,17.89,9.05,6.18,6.64,32.23,14.57,87.51
2023-11-20,180.3,47.24,42.91,11.86,1762.5,30.58,52.43,165.43,86.86,22.65,242.31,164.97,31.15,14.85,22.35,100.06,53.92,4.81,16.12,19.29,15.25,235.0,57.97,68.19,17.13,3.94,47.49,15.26,3.65,6.75,32.79,80.75,21.03,5.85,27.16,5.3,26.65,21.01,30.47,7.1,4.93,14.78,82.3,154.4,242.69,88.26,30.72,6.91,41.11,14.19,62.11,35.79,10.19,38.12,15.73,27.52,24.27,18.45,31.68,9.66,4.12,11.48,30.96,102.35,21.29,5.06,96.19,287.5,14.1,14.24,5.98,3.97,6.39,37.26,22.46,16.68,88.85,5.07,77.08,21.88,24.77,37.82,59.01,10.48,3.83,49.5,19.04,5.89,45.43,29.4,5.49,29.62,4.49,22.5,49.67,5.76,13.43,18.75,5.33,41.49,10.48,23.49,7.07,104.13,7.64,149.39,22.2,22.6,4.47,5.75,14.83,44.0,5.99,24.5,18.78,36.13,14.3,9.29,17.6,4.52,326.97,236.44,7.03,208.87,13.09,38.41,58.38,2.92,15.2,14.19,27.6,4.74,3.01,27.19,43.67,31.36,127.47,27.12,5.74,54.06,94.46,37.53,1.6,17.93,9.08,6.18,6.7,32.38,14.62,86.71
2023-11-21,180.61,46.28,43.07,12.14,1790.0,30.43,52.45,155.0,86.86,22.7,240.54,162.0,30.71,14.89,22.44,97.9,53.61,4.81,15.96,19.08,15.2,234.2,58.9,67.1,16.99,3.94,47.58,15.27,3.67,6.76,32.87,80.28,20.89,5.84,27.45,5.36,26.38,20.58,30.32,7.13,4.99,14.81,82.73,155.3,237.26,88.52,30.71,6.96,39.96,14.29,61.92,35.87,10.28,38.28,15.83,27.24,24.64,18.5,31.69,9.74,4.1,11.5,32.15,103.57,21.1,5.06,94.49,287.2,14.03,14.06,6.0,3.97,6.4,37.42,22.22,16.62,88.28,5.12,75.37,21.33,24.97,36.43,57.31,10.51,3.84,49.35,18.99,5.83,44.83,28.4,5.5,29.24,4.52,22.55,48.99,5.84,13.28,18.67,5.33,41.75,10.5,23.29,7.08,103.79,7.66,150.48,21.92,22.74,4.46,5.77,14.87,43.47,6.0,24.5,18.56,35.82,14.31,9.21,17.52,4.55,322.97,244.55,7.08,213.07,13.21,38.23,58.0,2.92,15.47,14.4,26.65,4.74,3.06,27.02,43.49,31.6,127.3,26.87,5.76,53.61,95.03,37.29,1.6,17.99,9.04,6.26,6.69,32.47,14.47,87.19
2023-11-22,177.0,43.45,42.73,11.95,1781.51,30.16,52.15,152.78,84.23,22.7,235.6,159.69,30.18,14.85,22.21,95.69,52.64,4.8,15.57,18.52,15.0,230.0,58.47,67.33,16.86,3.88,47.14,15.21,3.66,6.76,32.75,76.41,20.55,5.87,27.2,5.3,26.09,19.7,29.86,7.12,4.97,14.54,81.82,153.51,236.1,86.77,30.65,6.94,39.36,14.11,60.76,35.55,10.16,38.55,15.71,26.57,24.48,18.7,31.36,9.69,4.05,11.31,30.76,97.36,20.7,5.17,93.13,282.89,13.88,13.76,5.99,3.97,6.37,37.37,22.06,16.2,89.68,5.09,73.86,21.03,24.82,36.42,56.28,10.45,3.83,48.3,19.06,5.78,43.7,27.71,5.47,28.87,4.52,22.4,47.8,5.68,13.03,19.0,5.28,40.98,10.37,22.79,7.03,103.83,7.65,147.0,21.63,22.74,4.51,5.66,14.73,42.38,5.92,24.07,18.31,34.81,14.28,9.11,17.35,4.52,317.91,242.89,7.08,210.75,12.95,38.0,56.57,2.91,15.3,14.39,26.74,4.68,3.02,26.8,43.2,31.43,129.21,26.23,5.74,52.09,93.27,36.94,1.58,17.8,8.96,6.21,6.75,32.08,14.32,86.3
2023-11-23,177.7,44.65,43.05,11.99,1786.0,30.14,52.76,152.03,84.68,22.62,238.6,162.55,30.89,14.83,22.24,96.69,53.38,4.8,15.72,18.98,15.05,228.83,58.46,67.31,17.11,3.91,47.17,15.27,3.66,6.77,32.96,76.99,20.69,5.84,27.31,5.32,26.31,20.2,29.71,7.11,4.99,14.92,81.75,153.07,240.75,86.79,30.95,6.93,39.74,14.17,61.89,35.85,10.15,38.49,15.49,26.83,24.81,19.05,31.5,9.83,4.1,11.48,30.81,98.14,20.74,5.18,95.68,282.33,13.92,13.88,5.99,3.96,6.36,37.89,22.24,16.24,89.88,5.12,74.08,21.23,24.71,37.85,56.48,10.41,3.83,48.32,19.23,5.79,44.6,28.49,5.47,29.1,4.53,22.45,47.89,5.71,13.3,18.98,5.31,41.0,10.32,22.88,7.01,103.68,7.62,143.5,22.06,22.49,4.53,5.73,14.7,42.33,6.0,24.41,18.43,34.69,14.26,9.15,17.51,4.53,317.6,240.34,7.09,209.7,13.1,37.91,57.3,2.92,16.2,14.6,26.8,4.69,3.03,27.58,43.15,31.75,129.0,26.17,5.76,52.37,93.84,36.81,1.58,17.91,9.0,6.25,6.74,32.51,14.46,86.25
2023-11-24,175.0,42.57,42.69,11.85,1777.0,30.0,52.48,142.08,83.76,22.68,235.75,160.77,31.06,14.81,22.05,94.76,54.09,4.8,15.4,18.66,14.88,216.85,57.65,63.43,16.84,3.86,46.93,15.22,3.66,6.8,33.0,74.15,20.09,5.84,27.35,5.28,25.74,19.41,29.7,7.12,4.97,14.88,81.4,153.23,234.48,84.49,31.05,6.95,38.0,14.09,62.55,35.81,10.1,38.94,15.26,26.25,24.63,19.25,30.76,9.86,4.11,11.4,30.26,94.4,20.4,5.16,91.55,283.2,13.75,13.7,6.0,3.98,6.4,37.55,22.06,16.13,90.37,5.1,72.88,20.78,24.65,36.52,54.48,10.44,3.83,48.13,19.4,5.64,43.5,28.16,5.48,28.63,4.55,22.49,46.38,5.66,13.1,19.34,5.26,41.11,10.21,22.52,6.99,103.55,7.63,141.28,21.65,22.42,4.51,5.73,14.56,41.84,5.92,24.31,18.09,34.19,14.19,9.03,17.24,4.54,302.08,240.51,7.15,210.36,13.07,37.98,56.95,2.91,16.17,14.72,26.48,4.65,3.03,26.65,42.36,31.37,129.81,25.55,5.76,51.88,92.0,36.27,1.58,17.85,8.9,6.21,6.7,32.04,14.18,84.31
2023-11-27,170.7,45.3,41.85,11.87,1763.0,29.4,51.97,144.01,83.13,22.61,240.46,166.43,31.69,14.75,21.69,95.04,54.61,4.78,14.89,18.7,14.82,208.9,57.88,67.31,17.03,3.9,46.8,15.1,3.63,6.77,32.77,75.41,20.36,5.83,27.18,5.25,26.0,19.17,29.65,7.13,4.99,14.99,81.18,149.25,249.02,83.65,31.25,6.9,37.86,13.83,63.8,35.28,10.01,39.41,15.01,26.11,24.68,19.25,30.88,9.89,4.15,11.32,30.31,97.88,20.09,5.1,93.05,281.27,13.79,13.57,5.95,3.98,6.36,37.15,22.1,15.88,88.8,5.02,73.48,20.57,24.32,35.09,54.79,10.35,3.85,49.81,19.18,5.55,42.41,28.08,5.44,29.09,4.54,21.97,45.71,5.61,13.19,19.39,5.2,40.85,10.59,21.87,7.02,107.67,7.53,141.13,21.39,22.68,4.43,5.78,14.5,40.4,6.07,24.08,18.14,33.29,14.09,9.07,17.21,4.45,302.56,237.2,7.13,206.5,12.99,37.49,56.58,2.89,16.1,14.73,26.34,4.63,3.01,26.86,42.55,30.73,129.0,25.05,5.72,50.39,90.89,36.2,1.56,17.77,8.81,6.16,6.65,31.32,14.17,85.0
2023-11-28,171.92,44.85,41.67,11.89,1769.04,29.16,52.53,144.1,84.24,22.5,240.29,166.3,31.74,14.8,21.61,95.2,54.55,4.79,15.15,18.96,14.81,209.91,57.76,70.74,17.13,3.92,47.5,15.08,3.64,6.72,32.89,73.64,20.56,5.77,27.27,5.25,26.35,19.41,29.65,7.07,5.03,15.27,80.8,148.75,253.9,84.31,30.99,6.87,38.12,13.87,64.7,35.28,9.95,38.78,14.81,25.98,24.7,19.26,30.8,9.79,4.19,11.34,29.8,94.75,20.18,5.07,94.47,284.58,14.08,13.49,5.94,3.97,6.37,37.6,22.01,16.07,88.23,5.01,73.83,20.74,24.05,35.37,55.29,10.23,3.84,49.24,19.23,5.52,42.75,28.9,5.46,29.19,4.52,22.25,45.68,5.64,13.23,19.15,5.21,41.8,10.58,21.9,6.97,104.38,7.35,141.71,21.6,22.45,4.37,5.72,14.51,40.28,6.02,24.16,18.43,33.18,14.05,9.05,17.26,4.45,308.3,233.99,7.16,206.3,12.97,37.98,56.2,2.89,16.16,14.85,27.1,4.64,3.02,26.59,42.53,30.53,133.92,24.95,5.67,50.42,91.0,36.17,1.56,17.78,8.86,6.26,6.68,31.29,14.26,85.9
2023-11-29,166.85,44.29,40.75,12.15,1774.71,28.8,52.01,142.8,83.81,22.46,236.02,166.9,31.8,14.6,21.4,94.64,53.7,4.77,14.95,18.96,14.63,201.98,58.01,70.6,17.18,3.91,47.67,14.98,3.63,6.61,32.88,73.0,20.52,5.72,27.05,5.25,26.44,19.49,29.6,7.06,5.03,15.09,80.34,148.3,257.68,82.2,31.17,6.82,37.69,13.68,65.09,35.02,9.72,38.83,14.38,25.78,24.05,19.58,30.78,9.85,4.17,11.18,29.42,94.74,20.08,5.08,94.03,286.28,14.1,13.16,5.85,3.98,6.34,37.8,21.9,15.97,88.51,4.94,73.5,20.4,23.07,35.58,54.11,9.97,3.79,48.84,19.46,5.54,41.61,28.93,5.4,29.08,4.5,21.96,45.06,5.59,13.12,19.1,5.17,41.64,10.87,21.46,6.89,108.22,7.2,140.52,21.74,23.13,4.35,5.53,14.38,39.49,6.01,23.98,18.2,32.5,14.0,9.11,17.27,4.35,300.65,236.98,7.19,205.35,12.92,37.81,56.02,2.87,16.18,14.74,26.43,4.6,3.06,27.1,42.46,29.98,137.63,24.27,5.65,50.32,89.5,36.14,1.55,17.8,8.77,6.17,6.62,31.07,14.09,89.0
2023-11-30,167.0,46.3,40.8,12.18,1791.5,28.79,51.67,149.81,82.6,22.83,234.55,169.9,31.83,14.6,21.45,94.1,53.7,4.81,15.1,18.63,14.64,199.15,58.98,71.77,17.13,3.87,48.02,15.1,3.66,6.62,32.95,73.3,20.67,5.84,27.25,5.21,27.64,19.26,29.32,7.18,5.05,14.9,80.65,149.15,267.49,83.2,31.49,6.85,37.05,13.65,66.01,34.79,9.68,39.08,14.33,25.63,24.09,19.48,30.54,10.01,4.18,11.07,29.59,94.92,19.84,5.19,92.99,290.87,13.93,12.98,5.89,3.99,6.4,37.66,22.01,15.85,90.98,4.97,73.09,20.21,22.92,35.23,53.4,9.94,3.85,49.54,19.88,5.58,42.19,28.92,5.47,29.65,4.53,22.12,44.75,5.54,13.06,19.26,5.2,42.26,10.77,21.23,7.03,108.24,7.22,140.48,21.55,23.2,4.39,5.53,14.41,39.0,6.01,23.92,18.0,32.1,14.07,9.05,17.19,4.39,301.75,238.86,7.26,207.5,12.87,38.11,56.3,2.89,15.89,14.67,27.0,4.6,3.04,27.48,42.05,30.04,143.0,24.2,5.73,50.08,89.15,35.96,1.53,17.71,8.7,6.22,6.54,31.25,13.95,89.67
2023-12-01,165.5,49.83,41.02,12.04,1760.28,28.26,50.55,155.0,83.0,22.73,232.84,169.02,31.36,14.61,21.56,95.15,54.15,4.81,15.15,18.55,14.72,197.05,60.09,71.9,17.18,3.87,46.58,15.07,3.65,6.64,32.5,76.68,21.02,5.78,27.05,5.28,27.58,19.69,29.52,7.18,5.07,13.9,78.88,147.21,257.86,83.23,31.51,6.85,38.13,13.72,65.69,35.5,9.66,38.58,14.47,26.14,23.91,19.55,30.54,9.87,4.18,10.9,30.77,100.0,19.88,5.27,96.17,290.1,13.99,12.89,5.96,4.04,6.38,37.44,21.98,15.99,92.68,4.95,72.73,20.98,22.62,36.52,53.97,9.97,3.87,49.44,19.96,5.77,41.6,28.49,5.44,28.57,4.55,21.45,47.18,5.59,13.09,19.12,5.26,41.68,10.69,21.21,7.1,109.5,7.28,147.01,21.54,23.16,4.46,5.55,14.51,38.78,5.99,23.89,18.27,31.95,14.09,9.15,17.12,4.42,312.12,235.85,7.3,202.0,12.77,37.32,55.63,2.91,15.87,14.18,26.7,4.62,3.05,27.3,42.47,30.2,143.59,23.97,5.69,50.12,87.9,36.19,1.55,17.65,8.53,6.25,6.3,31.49,13.86,90.49
2023-12-04,161.65,49.0,40.38,12.4,1750.71,28.08,50.09,157.82,77.26,22.7,229.41,164.5,30.99,14.51,21.41,94.47,53.18,4.8,14.78,18.2,14.72,196.39,59.56,72.71,16.88,3.86,45.99,15.11,3.64,6.56,32.8,79.7,20.82,5.8,26.8,5.17,27.95,19.58,29.22,7.2,5.08,14.08,79.25,145.85,259.0,82.43,31.76,6.81,39.9,13.52,65.31,34.9,9.63,39.91,14.47,25.78,23.57,19.76,30.09,10.05,4.14,10.65,30.95,102.78,20.03,5.24,95.7,293.05,13.88,13.17,5.95,4.03,6.42,37.41,21.99,15.94,92.2,4.88,72.65,20.85,21.95,36.27,54.16,9.93,3.87,49.27,19.85,5.71,40.98,28.75,5.48,28.46,4.59,21.25,47.27,5.48,12.79,19.62,5.25,41.35,10.92,21.06,7.11,108.48,7.24,153.99,21.5,24.21,4.45,5.46,14.43,38.93,6.08,24.06,17.88,31.67,14.06,9.26,17.12,4.4,310.0,229.0,7.28,198.43,11.98,36.75,55.29,2.93,16.06,14.22,26.9,4.6,3.09,26.96,42.87,29.45,145.74,23.25,5.7,50.64,86.6,36.44,1.55,17.92,8.5,6.23,6.2,31.03,13.84,89.91
2023-12-05,158.81,48.1,39.53,11.95,1709.0,27.51,49.22,153.0,74.7,22.58,223.95,163.29,30.4,14.18,21.13,90.06,52.39,4.76,14.15,17.74,14.48,196.34,57.82,72.85,16.54,3.79,45.25,14.89,3.61,6.43,32.47,82.39,20.16,5.77,26.43,4.94,27.42,18.8,28.66,7.06,5.01,14.02,77.77,142.67,258.3,80.05,31.28,6.71,38.39,13.29,63.0,33.8,9.48,39.3,14.34,25.08,22.94,19.63,29.44,9.92,4.09,10.5,29.45,100.8,19.6,5.17,90.2,288.84,13.57,13.0,5.88,4.01,6.36,37.0,21.6,15.63,91.5,4.81,70.4,19.65,21.14,34.25,51.42,9.71,3.83,48.3,19.63,5.55,40.43,27.81,5.38,27.12,4.53,20.9,45.45,5.34,12.49,19.48,5.16,40.48,10.59,20.61,7.03,105.19,7.18,151.55,20.88,23.4,4.37,5.32,14.23,39.65,5.93,23.6,17.37,31.44,13.89,8.99,16.84,4.35,301.8,222.22,7.24,192.61,11.69,36.7,55.7,2.89,15.76,13.94,25.93,4.49,3.02,25.86,42.26,28.6,144.22,23.09,5.64,51.13,84.0,35.42,1.54,17.4,8.37,6.14,6.06,30.23,13.57,86.51
2023-12-06,162.88,48.4,39.53,12.0,1703.0,27.76,49.18,157.51,76.16,22.5,223.0,161.28,30.29,14.17,20.95,91.32,51.97,4.7,14.25,17.76,14.41,201.19,58.05,75.59,16.57,3.86,45.41,14.8,3.53,6.5,32.42,82.82,19.95,5.71,26.43,5.02,28.01,18.7,28.41,6.81,5.02,14.1,77.1,144.1,263.9,81.45,31.04,6.61,38.97,13.3,60.05,33.6,9.5,40.63,14.25,25.21,23.05,19.54,28.99,9.89,4.12,10.31,29.19,100.68,19.89,5.12,91.76,281.85,13.55,13.05,5.83,3.96,6.29,36.98,21.41,16.2,90.67,4.77,69.95,19.62,21.13,33.74,51.11,9.8,3.79,47.86,19.47,5.7,42.68,27.7,5.39,27.19,4.48,20.84,45.38,5.31,12.52,20.03,5.12,40.35,10.59,21.1,6.96,104.5,7.16,151.51,20.72,23.28,4.29,5.29,14.22,42.33,5.88,23.94,17.41,32.73,13.75,9.07,17.1,4.34,305.0,222.72,7.25,191.47,11.75,36.4,55.4,2.86,16.14,14.2,26.02,4.45,3.04,26.3,42.3,28.65,150.0,23.8,5.62,55.98,84.48,35.44,1.54,17.39,8.32,6.12,6.02,30.36,13.59,84.68
2023-12-07,164.49,50.98,39.34,11.8,1700.0,27.81,50.22,157.69,75.5,22.6,216.52,154.04,29.91,14.12,21.03,89.77,52.67,4.73,14.33,17.72,14.46,199.45,56.9,73.16,16.59,3.83,44.78,14.83,3.56,6.53,32.82,83.29,20.91,5.72,26.35,4.95,27.99,18.95,28.42,6.78,5.06,13.99,75.98,142.52,251.77,79.5,30.57,6.61,39.18,13.13,58.63,33.09,9.44,40.88,14.28,25.17,23.31,19.23,28.72,9.96,4.1,10.14,29.62,104.37,19.7,5.06,90.05,283.0,13.49,12.78,5.85,3.99,6.3,36.64,21.31,16.11,90.95,4.76,69.9,19.95,21.03,34.17,51.88,9.81,3.81,48.31,19.4,5.73,42.13,28.23,5.36,27.06,4.52,20.85,47.08,5.27,12.57,20.06,5.17,40.42,10.67,20.78,6.98,103.3,7.12,153.99,20.84,23.04,4.29,5.29,14.26,42.27,5.8,24.01,17.44,32.22,13.85,8.93,17.09,4.33,311.75,224.78,7.27,189.0,11.72,36.39,54.25,2.87,16.21,14.04,26.4,4.42,3.03,25.92,41.66,28.76,146.39,23.61,5.62,56.23,82.88,35.05,1.53,17.36,8.23,6.14,6.14,30.47,13.47,81.65
2023-12-08,163.59,54.2,39.19,11.67,1704.92,27.5,50.34,169.42,76.0,22.62,222.23,156.03,30.89,14.11,20.95,91.91,52.55,4.73,15.76,17.71,14.37,198.55,57.5,80.34,16.88,3.87,45.59,14.74,3.57,6.54,32.88,98.15,22.42,5.71,26.36,4.9,27.59,19.88,29.14,6.87,4.96,13.92,76.19,142.93,260.99,79.02,30.58,6.67,41.21,12.99,59.11,32.65,9.3,40.1,14.14,26.1,23.09,19.24,29.75,9.93,4.17,10.08,32.58,117.5,19.62,5.16,94.29,296.0,13.47,12.82,5.84,3.94,6.35,36.45,21.26,16.05,91.73,4.76,70.91,20.94,20.82,36.08,54.98,9.82,3.82,48.66,20.07,5.7,41.59,28.25,5.47,26.83,4.54,20.8,48.45,5.23,12.7,19.66,5.18,41.19,10.6,20.73,7.04,107.3,7.18,159.3,21.06,22.78,4.34,5.34,14.22,42.15,5.75,24.05,17.74,32.15,14.06,8.96,17.0,4.37,324.3,231.5,7.33,190.0,11.8,36.35,52.77,2.9,16.11,13.94,27.47,4.44,3.03,26.16,40.8,28.49,150.08,23.33,5.63,55.6,82.3,34.8,1.57,17.26,8.34,6.11,6.07,30.16,13.47,81.8
2023-12-11,165.35,55.28,39.6,11.67,1698.0,27.76,51.02,169.99,76.71,22.82,228.0,158.51,31.43,14.39,21.21,92.9,53.18,4.73,15.59,18.08,14.58,199.19,59.99,82.22,17.18,3.78,46.53,14.93,3.55,6.59,32.84,104.2,22.3,5.73,26.33,4.86,27.93,19.7,28.98,6.86,5.07,13.97,76.61,139.2,266.0,79.6,31.08,6.72,41.16,13.07,61.04,34.18,9.35,40.74,14.35,26.57,23.24,19.69,30.2,9.99,4.05,10.12,33.06,120.15,19.66,5.19,96.43,297.84,13.52,12.89,5.88,3.92,6.37,37.04,21.32,15.87,92.6,4.79,71.85,21.0,20.86,36.3,56.35,9.83,3.81,49.85,19.67,5.76,41.55,29.4,5.36,27.14,4.52,20.61,49.66,5.23,12.92,20.01,5.24,41.6,10.26,20.8,7.18,106.92,7.24,164.57,21.64,22.13,4.38,5.3,14.34,41.47,5.86,24.3,18.6,31.78,14.24,8.94,17.12,4.36,343.0,225.6,7.33,181.55,11.59,36.72,53.46,2.88,16.5,14.28,27.99,4.49,3.04,26.35,41.8,28.77,147.31,23.32,5.65,53.44,82.4,35.82,1.54,17.19,8.28,6.17,6.15,30.63,14.82,81.88
2023-12-12,163.63,52.73,39.79,11.62,1709.99,28.05,51.0,154.0,75.3,22.98,227.36,158.51,32.0,14.59,21.13,93.62,54.12,4.79,15.26,18.1,14.51,196.33,60.53,80.67,17.25,3.8,45.8,14.95,3.62,6.65,33.28,102.2,22.44,5.83,26.45,4.84,28.78,19.45,29.08,6.91,5.06,14.06,76.17,139.3,257.76,78.6,31.25,6.71,41.58,13.12,61.5,34.02,9.42,40.47,14.39,26.45,23.72,19.83,29.99,10.1,4.0,10.24,32.52,114.96,19.59,5.25,96.4,297.79,13.5,12.91,5.93,3.98,6.46,37.54,21.21,15.82,92.5,4.85,71.7,21.1,21.28,36.48,55.95,9.95,3.85,50.04,19.84,5.61,41.18,28.95,5.41,26.95,4.57,20.84,49.49,5.23,12.96,19.66,5.24,41.43,10.2,20.82,7.34,107.6,7.28,162.56,21.26,22.38,4.42,5.27,14.3,40.77,5.84,24.09,18.74,31.82,14.24,8.91,17.02,4.41,338.0,230.47,7.31,184.46,11.47,36.57,52.81,2.92,16.92,14.67,27.7,4.53,3.02,26.14,42.01,28.8,141.48,23.45,5.69,52.72,82.14,35.8,1.53,17.27,8.19,6.04,6.33,31.0,14.6,84.8
2023-12-13,159.35,52.38,38.89,11.44,1660.0,27.22,50.69,148.28,74.03,22.99,226.71,157.85,31.78,14.34,20.71,93.3,53.75,4.79,15.08,17.76,14.18,191.8,60.15,77.65,18.53,3.75,45.62,14.96,3.62,6.58,32.96,100.34,22.2,5.83,25.83,4.72,28.73,19.31,28.44,6.76,5.01,13.99,73.66,133.78,253.45,76.0,30.78,6.71,40.44,12.85,61.25,33.5,9.16,39.99,14.16,25.88,23.6,19.59,29.77,10.05,3.94,10.1,32.06,113.4,19.23,5.18,93.87,297.89,13.24,12.48,5.91,3.98,6.44,37.93,20.88,15.51,92.48,4.76,70.89,20.63,20.42,35.65,55.6,9.78,3.82,50.19,19.39,5.6,39.93,29.51,5.32,26.3,4.53,20.17,48.9,5.09,12.81,19.36,5.2,40.35,10.05,20.29,7.3,107.82,7.21,160.4,21.15,21.92,4.38,5.14,14.22,39.77,5.74,23.93,18.63,30.64,14.06,8.73,16.85,4.35,339.7,222.0,7.33,174.3,11.13,35.0,51.16,2.89,16.69,14.35,26.92,4.48,2.97,26.04,42.23,28.23,140.49,22.42,5.68,51.94,78.9,35.57,1.49,16.98,7.97,6.0,6.26,30.3,14.37,85.94
2023-12-14,156.63,53.8,38.7,11.48,1635.9,27.03,50.89,148.85,74.61,23.01,225.95,156.59,31.49,14.34,20.5,95.11,53.1,4.77,15.0,17.75,14.15,191.18,61.59,75.6,18.0,3.73,45.73,15.0,3.62,6.54,33.14,98.97,21.82,5.82,25.88,4.71,28.59,19.25,28.4,6.75,4.98,13.72,75.05,132.65,248.19,76.4,30.69,6.64,40.15,12.77,60.59,33.32,9.15,39.47,14.18,26.35,23.34,19.51,29.8,10.1,3.91,10.07,31.64,112.81,18.91,5.17,98.68,295.0,13.22,12.52,5.9,3.98,6.43,37.74,21.1,15.25,93.0,4.75,70.25,20.56,20.28,35.79,54.92,9.73,3.79,50.19,19.56,5.57,39.35,29.23,5.29,26.44,4.51,20.21,48.9,5.11,12.76,19.28,5.17,40.24,10.07,20.33,7.29,108.41,7.19,158.64,21.07,22.44,4.37,5.08,14.21,39.47,5.67,24.1,18.55,30.33,13.94,8.69,16.72,4.31,336.94,216.2,7.27,169.52,11.06,34.83,50.77,2.88,16.88,14.19,26.64,4.47,2.97,25.71,42.04,28.0,136.24,22.23,5.69,51.98,78.5,35.2,1.47,16.91,7.92,6.01,6.23,30.08,14.52,85.88
2023-12-15,155.0,51.0,38.79,11.7,1645.0,27.23,50.33,144.8,73.38,22.78,225.0,153.5,31.73,14.31,20.46,94.14,53.6,4.73,14.78,17.92,14.18,193.28,60.38,73.84,17.78,3.73,44.66,14.99,3.58,6.54,33.1,96.85,21.54,5.73,25.51,4.77,28.82,18.97,28.89,6.73,4.88,13.66,75.16,133.7,243.2,77.42,30.41,6.57,39.13,12.79,60.38,33.31,9.21,39.39,14.07,26.68,23.25,19.4,29.47,10.03,3.91,10.03,31.17,110.05,18.88,5.16,97.05,293.0,13.18,12.26,5.85,3.91,6.37,36.76,20.65,15.25,92.65,4.73,69.9,20.28,20.39,34.82,53.36,9.71,3.75,50.14,19.35,5.62,39.32,29.04,5.25,26.61,4.48,20.18,48.34,5.11,12.68,19.42,5.13,40.11,9.91,20.68,7.2,108.53,7.16,157.3,21.02,22.0,4.33,5.08,14.19,40.07,5.63,24.02,18.6,30.42,13.87,8.54,16.78,4.34,328.22,217.5,7.19,172.05,11.2,34.69,51.11,2.86,16.73,14.12,26.7,4.42,2.97,25.47,41.41,27.92,134.1,22.2,5.65,53.55,78.19,34.61,1.46,17.1,7.84,6.06,6.22,30.12,14.22,85.3
2023-12-18,146.97,51.7,38.61,11.78,1662.0,27.28,51.09,145.45,73.52,23.07,221.06,151.4,31.95,14.36,20.44,92.64,53.74,4.77,15.03,17.39,14.16,189.06,59.5,75.23,17.81,3.7,45.49,14.97,3.62,6.51,33.17,96.6,21.54,5.8,25.6,4.66,29.03,18.54,29.08,6.76,4.87,13.55,75.87,134.0,241.05,76.15,30.75,6.58,39.38,12.7,59.3,33.14,9.13,39.97,14.02,25.97,23.27,19.58,29.18,10.63,3.88,9.86,30.77,113.39,18.29,5.13,92.78,290.97,12.85,11.85,5.88,3.99,6.42,36.72,20.84,15.0,93.39,4.7,69.09,19.91,20.14,34.44,51.6,9.67,3.8,49.89,19.55,5.56,38.34,29.15,5.29,26.46,4.48,20.29,47.33,5.08,12.56,19.37,5.1,40.27,9.72,20.19,7.35,106.31,7.13,158.31,20.76,21.73,4.33,5.02,14.09,39.1,5.95,24.02,18.4,29.68,13.84,8.42,16.42,4.31,325.9,218.27,7.21,172.76,11.12,34.55,50.51,2.85,16.51,14.11,25.88,4.38,2.91,24.91,41.01,27.8,134.9,21.5,5.67,52.8,76.46,33.95,1.42,16.97,7.69,6.0,6.12,29.82,13.81,83.23
2023-12-19,149.0,51.88,38.71,11.8,1675.0,27.29,50.75,148.78,72.91,23.05,229.1,153.3,32.5,14.4,20.64,93.88,54.76,4.79,15.17,17.55,14.17,188.0,59.79,76.1,18.36,3.72,44.78,15.0,3.64,6.51,33.15,96.25,21.66,5.79,25.45,4.68,29.65,18.52,28.93,6.77,4.88,13.56,75.8,133.33,244.4,79.45,30.8,6.56,39.8,12.76,59.58,33.32,9.1,39.81,14.12,25.94,23.2,19.66,29.2,10.59,3.91,9.74,30.68,113.19,17.89,5.19,92.79,289.08,12.92,11.66,5.88,3.97,6.44,36.93,21.14,15.04,95.1,4.68,70.04,19.96,19.91,34.7,51.46,9.65,3.79,49.91,19.71,5.66,38.62,29.44,5.29,26.25,4.47,20.42,48.18,5.09,12.75,19.21,5.08,39.81,9.71,20.37,7.32,108.28,7.11,158.99,20.9,21.85,4.33,5.03,14.14,39.13,5.88,24.29,18.89,29.7,13.86,8.43,16.32,4.29,325.16,218.7,7.2,172.06,11.15,34.34,50.77,2.85,16.51,14.32,25.8,4.41,2.9,25.05,40.72,27.88,134.46,21.74,5.67,52.49,76.89,33.96,1.42,16.92,7.6,6.0,6.18,29.85,13.85,86.28
2023-12-20,148.45,49.22,38.45,12.02,1649.79,27.06,51.03,142.89,72.41,23.3,229.3,153.2,32.67,14.33,20.16,91.16,54.51,4.79,14.55,17.35,13.86,184.88,59.0,74.52,17.86,3.69,44.23,14.66,3.63,6.52,30.8,90.82,21.47,5.78,25.33,4.71,29.19,18.06,28.35,6.77,4.84,13.4,75.83,132.13,240.89,79.22,31.03,6.53,38.36,12.81,58.69,32.8,9.03,39.2,13.74,25.16,22.67,19.9,28.74,10.02,3.91,9.53,29.45,109.3,17.7,5.13,90.91,290.35,12.85,11.51,5.91,3.99,6.41,36.76,21.02,14.9,94.07,4.67,69.15,19.04,19.67,32.82,48.77,9.64,3.8,48.99,19.84,5.57,37.89,28.97,5.28,26.31,4.46,20.1,46.33,5.09,12.62,19.08,5.05,39.48,9.81,20.28,7.37,108.32,7.11,151.35,20.89,22.1,4.27,4.96,13.98,38.6,5.87,24.15,18.86,29.17,13.56,8.29,16.26,4.26,313.11,215.8,7.21,169.32,11.19,33.96,50.65,2.85,16.51,14.12,25.46,4.32,2.91,24.63,39.81,27.3,134.38,21.26,5.69,51.5,75.83,32.89,1.39,16.97,7.48,6.02,6.07,29.12,13.7,86.84
2023-12-21,154.39,50.76,38.8,12.07,1670.0,27.71,52.02,146.2,73.25,23.15,235.96,155.01,32.58,14.48,20.27,91.69,54.57,4.79,14.57,17.37,13.92,189.68,60.11,77.17,18.06,3.68,44.49,14.64,3.61,6.54,31.49,93.8,21.64,5.77,25.66,4.84,29.2,18.18,28.52,6.77,4.83,13.46,76.68,134.1,241.9,82.29,30.77,6.57,39.45,13.18,60.11,32.88,9.17,39.51,13.96,25.57,22.64,20.08,28.87,10.05,3.9,9.68,30.09,114.19,18.03,5.16,93.59,290.31,13.06,11.68,5.89,3.98,6.4,37.49,21.32,15.07,92.48,4.72,69.6,19.23,19.89,33.71,49.71,9.64,3.78,49.26,19.72,5.74,38.73,28.56,5.24,26.65,4.4,20.33,47.13,5.16,12.64,19.06,5.12,39.94,9.75,21.28,7.35,108.73,7.16,152.83,21.09,22.1,4.27,5.02,14.06,39.06,5.94,24.36,18.7,29.74,13.42,8.33,16.41,4.28,313.29,221.73,7.2,170.76,11.34,35.19,51.26,2.85,16.45,14.37,25.44,4.32,2.91,25.23,39.68,27.36,135.37,22.02,5.63,52.12,79.75,33.24,1.41,17.05,7.55,6.0,6.14,29.44,13.74,86.0
2023-12-22,156.29,48.85,39.1,12.14,1670.65,27.61,52.77,147.0,72.53,23.18,231.0,152.06,32.35,14.62,20.28,91.12,54.79,4.78,14.32,17.15,13.89,192.25,58.85,75.31,17.88,3.74,44.01,14.68,3.63,6.55,32.04,93.0,21.31,5.78,26.0,4.9,29.31,17.8,28.68,6.83,4.85,13.47,77.37,133.42,238.3,83.01,31.38,6.58,39.01,13.11,59.7,32.7,9.2,39.91,13.87,25.17,23.05,20.5,28.57,10.19,3.91,9.61,29.21,110.39,18.59,5.18,91.76,288.82,13.33,11.67,5.9,3.99,6.4,37.5,21.59,15.31,94.35,4.76,67.88,18.75,19.58,32.6,48.69,9.67,3.77,49.98,19.93,5.17,39.49,28.83,5.35,26.97,4.42,20.73,45.96,5.39,12.5,19.12,5.18,39.67,9.74,21.22,7.37,108.69,7.22,149.04,20.74,22.1,4.27,5.06,14.14,39.87,6.05,24.55,18.49,30.79,13.47,8.47,16.6,4.29,308.9,222.26,7.23,170.48,11.5,35.82,51.31,2.86,16.36,14.58,24.55,4.34,2.94,25.62,41.7,27.53,134.94,22.4,5.64,54.09,79.1,34.81,1.42,17.21,7.59,6.07,5.94,29.42,14.31,84.56
2023-12-25,157.54,49.47,39.18,12.22,1672.0,27.53,52.67,136.2,73.57,23.4,230.16,150.5,32.79,14.61,20.01,90.92,53.01,4.8,14.21,17.21,13.86,192.18,56.9,72.61,17.96,3.76,44.0,14.69,3.66,6.56,31.95,93.0,21.98,5.78,26.1,4.93,28.88,17.87,29.0,6.92,4.88,13.73,77.65,134.55,232.17,82.47,31.76,6.58,38.35,13.21,60.46,32.94,9.19,39.68,13.71,25.32,23.16,20.68,28.79,9.79,3.97,9.7,29.54,111.25,19.01,5.15,92.04,287.09,13.36,11.74,5.93,4.02,6.44,37.0,21.55,15.27,95.3,4.72,69.8,18.86,19.68,32.81,49.24,9.68,3.8,50.03,20.0,5.02,39.85,29.08,5.39,27.11,4.41,20.81,46.64,5.41,12.72,19.29,5.2,39.68,9.85,21.28,7.43,109.36,7.19,148.96,21.1,22.45,4.21,5.14,14.12,39.92,5.85,24.74,19.0,30.96,13.45,8.48,16.74,4.28,312.03,226.66,7.2,173.09,11.4,36.3,51.53,2.88,16.18,14.44,24.72,4.33,2.96,25.97,43.42,27.44,136.95,22.68,5.65,54.34,79.61,36.19,1.43,17.22,7.62,6.07,6.04,29.4,14.36,83.3
2023-12-26,156.13,47.36,39.1,12.18,1670.0,27.27,52.8,132.5,72.16,23.53,225.49,149.68,32.25,14.56,19.85,89.14,51.85,4.82,13.87,16.93,13.69,191.75,55.43,71.0,17.51,3.7,43.98,14.64,3.67,6.55,31.77,90.38,22.38,5.78,25.81,4.92,28.77,17.45,28.36,6.99,4.85,13.67,76.83,134.32,227.16,82.93,31.31,6.56,37.27,13.24,59.93,32.8,9.1,39.46,13.59,24.64,22.82,20.59,27.94,9.75,3.94,9.55,28.36,106.96,18.78,5.21,87.88,283.03,13.32,11.52,5.99,4.03,6.47,36.94,21.45,15.14,96.8,4.71,68.65,18.17,19.44,31.67,46.9,9.59,3.78,50.84,20.03,5.01,39.78,28.12,5.4,27.47,4.43,20.62,45.17,5.37,12.2,19.11,5.19,39.33,9.95,20.98,7.43,106.47,7.24,145.8,20.92,22.99,4.22,5.16,13.97,39.9,5.87,24.92,18.42,31.03,13.37,,16.71,4.24,307.7,224.97,7.22,171.14,11.26,36.2,50.9,2.86,16.02,14.41,24.12,4.32,3.0,26.0,43.06,27.65,136.86,22.74,5.68,54.48,78.85,36.3,1.41,17.21,7.68,6.02,6.11,29.5,14.67,81.93
2023-12-27,154.33,47.02,39.0,12.4,1667.06,27.3,53.6,131.51,71.25,23.53,238.6,157.56,32.61,14.52,19.9,90.83,51.91,4.83,13.93,16.88,13.42,191.45,57.64,70.48,17.81,3.79,44.09,14.68,3.69,6.65,32.05,89.6,21.86,5.81,26.13,5.08,29.28,17.6,28.65,7.12,4.83,13.66,76.2,133.83,239.67,81.84,31.65,6.6,37.74,13.24,60.33,32.94,9.12,40.98,13.77,24.64,22.73,20.75,28.6,9.72,4.13,9.6,28.38,107.13,18.81,5.35,90.22,285.99,13.4,11.64,6.0,4.05,6.55,37.35,21.65,15.17,99.09,4.73,69.19,18.3,19.48,31.95,47.09,9.71,3.74,51.0,20.62,4.96,39.03,28.4,5.52,28.17,4.47,20.72,45.05,5.51,12.6,19.92,5.19,39.04,10.0,20.68,7.48,107.05,7.32,144.4,20.67,23.12,4.36,5.19,14.03,39.18,6.0,24.66,18.77,30.73,13.53,,16.76,4.29,304.67,225.5,7.27,170.27,11.42,36.28,49.77,2.88,16.24,14.48,24.79,4.32,3.15,26.57,42.15,27.33,136.0,22.63,5.75,53.5,78.37,36.36,1.4,17.52,7.63,6.05,6.0,29.34,14.6,82.51
2023-12-28,162.99,48.3,40.26,12.35,1724.99,27.99,54.05,132.11,73.45,23.28,245.6,159.88,33.2,14.74,20.37,92.5,53.13,4.77,14.8,17.53,13.96,198.05,57.33,70.31,17.99,3.82,44.75,14.84,3.63,6.73,32.31,91.53,22.22,5.74,26.85,5.16,28.8,17.9,28.93,7.06,4.89,13.52,78.2,140.1,236.69,89.4,31.22,6.68,38.89,13.7,62.69,33.85,9.45,40.78,13.96,26.3,23.9,20.55,29.24,9.62,4.16,9.88,29.1,109.01,19.41,5.35,90.22,290.51,13.87,12.4,6.02,3.99,6.48,36.9,21.88,15.87,97.59,4.82,70.73,19.22,20.2,32.92,49.25,10.0,3.74,50.68,20.66,5.04,42.17,28.18,5.47,27.98,4.52,21.08,46.05,5.58,12.79,19.78,5.25,39.98,10.03,22.75,7.39,108.85,7.43,156.78,21.15,23.2,4.37,5.39,14.26,42.37,5.9,25.29,19.1,32.75,13.66,,17.13,4.35,313.55,233.31,7.21,179.49,12.07,37.86,52.07,2.9,16.41,14.51,24.86,4.39,3.25,27.32,42.11,28.58,135.9,24.89,5.72,56.67,85.02,36.84,1.46,17.78,7.93,5.96,6.25,31.1,14.67,86.98
2023-12-29,163.26,49.32,40.3,12.46,1726.0,27.82,54.63,134.96,72.76,23.34,245.71,153.6,34.45,16.21,20.37,92.39,53.02,4.78,15.12,18.18,14.04,198.0,58.76,70.98,18.31,3.9,45.23,14.88,3.64,6.69,32.17,91.52,22.12,5.74,26.75,5.2,29.44,18.45,29.45,7.06,4.92,13.65,76.82,140.31,231.3,87.59,31.35,6.62,39.49,13.77,63.14,34.72,9.39,41.18,13.95,26.48,23.78,20.89,29.86,9.58,4.3,9.83,29.76,112.91,19.34,5.41,92.05,290.6,13.8,12.49,5.97,3.99,6.51,37.39,22.32,15.95,99.48,4.81,70.99,19.35,20.11,33.2,49.96,10.01,3.74,52.04,20.97,5.16,42.2,29.4,5.58,28.11,4.53,21.0,46.38,5.64,13.2,20.06,5.26,40.4,9.96,22.9,7.5,106.71,7.38,156.87,22.32,22.87,4.38,5.46,14.29,42.8,5.88,25.34,21.01,32.93,13.64,,17.18,4.35,316.2,230.73,7.21,179.42,12.22,37.95,54.68,2.9,16.49,14.77,25.37,4.37,3.28,27.48,42.18,28.35,137.01,25.08,5.74,55.79,83.69,37.38,1.46,17.86,8.0,5.93,6.32,31.13,14.78,89.01
