date,300502,601318,601899,600519,600036,000333,600900,002371,002475,601166,600030,603986,601398,002384,300059,002594,600183,000725,600276,601211,601288,600919,000651,300394,002463,601328,600887,603993,600150,300476,300408,601857,000338,600309,000858,300274,601088,600000,603019,600031,300124,002415,000001,002714,601688,000063,601601,601225,600584,601919,000100,600176,000988,300308,600111,600089,600522,601229,601988,601939,600660,600406,000792,601668,002916,000938,002142,000977,600926,600016,002028,002602,300014,002050,600028,002353,601169,600690,002230,601600,300433,300498,601766,002352,600489,601012,601985,603501,601009,300033,600547,600050,000425,000776,002460,601872,000408,002241,603799,600999,000657,600549,600809,601006,000568,000807,603288,601100,601818,600160,300442,000630,002837,600760,601628,002709,002466,601888,600893,600010,600362,002202,600019,002027,601336,002625,300661
2017-01-03,115.77,35.68,3.36,334.56,17.96,29.12,12.61,26.66,19.5,16.24,16.19,,4.43,19.43,17.08,49.83,10.97,3.1,46.0,18.72,3.12,9.75,25.06,33.15,4.84,5.81,17.69,3.75,28.29,22.76,15.92,7.97,9.97,22.84,34.66,10.47,16.19,16.3,27.97,6.24,20.2,24.24,9.16,23.32,18.19,16.2,28.02,4.88,17.85,5.28,3.43,9.9,15.76,24.06,12.43,9.21,10.63,23.59,3.47,5.49,18.67,,19.62,8.87,,57.54,17.4,21.24,21.13,9.11,13.75,,28.94,11.02,5.51,20.22,9.88,9.94,27.39,4.24,27.31,35.45,9.84,42.25,12.12,13.51,7.11,,11.25,70.36,36.76,7.44,3.39,17.11,26.54,4.98,15.27,27.22,36.03,16.5,14.7,22.04,25.08,7.21,33.2,6.74,29.72,15.79,3.95,10.63,44.2,3.16,31.36,20.24,25.25,42.32,32.38,43.41,33.52,2.84,17.08,17.2,6.35,14.17,45.01,37.57,
2017-01-04,117.69,35.65,3.37,351.91,18.02,29.83,12.7,28.38,20.13,16.32,16.22,,4.43,19.29,17.29,50.8,12.07,3.12,46.58,18.79,3.12,9.8,25.14,33.2,4.88,5.82,17.9,3.8,28.79,22.83,16.08,8.0,10.3,23.71,35.9,10.56,16.3,16.33,27.64,6.3,20.28,24.16,9.16,23.7,18.44,16.15,28.18,4.91,18.04,5.33,3.42,9.99,15.93,23.9,12.54,9.28,11.05,23.72,3.47,5.49,18.66,,19.72,8.97,,58.07,17.51,21.48,21.31,9.11,13.94,,30.9,10.99,5.57,20.6,9.87,10.04,28.02,4.3,27.3,35.92,9.94,43.04,12.14,13.53,7.12,,11.38,72.55,36.91,7.43,3.39,17.19,28.27,5.03,15.36,27.42,36.91,16.65,14.79,22.45,26.21,7.29,34.35,6.77,29.73,15.51,3.95,10.96,44.2,3.28,34.5,21.25,25.32,46.55,34.95,43.47,33.63,2.84,17.35,17.27,6.47,14.72,45.07,37.75,
2017-01-05,112.69,35.73,3.41,346.74,18.1,29.69,12.7,28.01,19.91,16.33,16.15,,4.44,19.11,17.23,50.43,11.95,3.08,46.59,18.68,3.13,9.74,25.26,32.55,4.89,5.8,17.88,3.8,29.2,22.51,16.09,8.16,10.33,23.47,35.93,10.47,16.31,16.3,27.46,6.59,20.25,24.3,9.17,23.61,18.35,15.88,28.34,4.94,18.36,5.34,3.42,9.95,15.84,23.53,12.51,9.25,10.99,23.5,3.46,5.49,18.42,,19.73,8.93,,57.88,17.32,21.4,21.2,9.08,13.77,,30.2,10.72,5.75,21.06,9.88,10.04,28.12,4.31,26.96,35.84,9.9,43.32,12.29,13.64,7.07,,11.4,72.0,37.62,7.84,3.42,17.22,28.15,5.03,15.18,27.45,36.64,16.61,14.72,22.34,26.1,7.5,34.38,6.97,29.83,15.69,3.94,10.98,43.79,3.29,37.95,,25.38,47.41,34.76,43.78,33.98,2.85,17.95,17.19,6.48,14.5,44.9,37.75,
2017-01-06,106.18,35.44,3.38,350.76,17.96,29.39,12.71,27.98,19.74,16.17,16.01,,4.44,18.5,17.07,49.8,11.74,3.09,45.99,18.52,3.13,9.63,25.0,33.09,4.86,5.78,17.65,3.77,28.91,22.0,15.98,8.36,10.29,23.59,36.1,10.3,16.39,16.18,26.9,6.52,20.1,24.1,9.13,23.67,18.15,15.63,27.94,4.9,18.0,5.39,3.39,10.02,15.68,22.83,12.44,9.21,11.15,23.16,3.44,5.46,18.34,,19.37,8.88,,57.3,17.25,20.85,20.88,9.01,13.58,,29.65,10.39,5.87,21.39,9.83,10.02,27.79,4.48,26.52,36.37,9.94,42.31,12.19,13.52,7.05,,11.21,71.28,37.29,7.68,3.4,17.05,27.39,5.03,15.11,27.04,35.53,16.49,14.49,22.01,25.77,7.47,34.43,7.04,29.6,15.68,3.92,10.95,42.96,3.27,41.75,,25.18,48.15,34.23,43.61,33.83,2.85,17.87,16.79,6.61,14.51,44.24,37.0,
2017-01-09,102.88,35.42,3.37,348.51,17.94,29.25,12.73,28.94,19.71,16.24,16.07,,4.46,18.52,17.1,49.91,11.74,3.16,45.57,18.66,3.13,9.66,24.74,32.68,4.87,5.79,17.67,3.79,30.36,21.52,16.01,8.37,10.41,23.41,36.45,10.31,16.5,16.2,26.7,6.74,20.05,24.26,9.15,23.45,18.15,15.05,28.35,4.89,18.31,5.44,3.42,10.01,15.76,23.0,12.46,9.35,11.18,23.24,3.44,5.47,18.35,,19.84,8.95,,57.33,17.51,20.87,20.94,9.02,13.79,42.2,30.32,10.05,5.86,21.42,9.86,10.01,27.94,4.51,25.12,35.83,10.14,42.35,12.06,13.95,7.21,,11.33,71.99,36.78,7.71,3.47,17.06,27.72,5.08,15.87,27.36,36.61,16.47,14.7,22.16,25.65,7.49,34.55,6.98,30.14,15.98,3.92,11.16,43.0,3.29,45.93,,25.58,47.85,35.32,43.6,34.87,2.86,17.99,17.03,6.64,14.37,44.7,37.45,
2017-01-10,103.0,35.23,3.4,349.0,17.94,29.18,12.72,28.39,19.95,16.22,16.11,,4.46,18.2,17.0,49.65,11.56,3.15,46.04,18.64,3.13,9.62,24.93,32.83,4.89,5.79,17.83,3.83,29.75,21.26,15.94,8.4,10.57,23.58,36.5,10.25,16.64,16.19,25.92,6.65,19.91,24.58,9.15,23.83,18.04,15.0,28.04,4.98,18.1,5.49,3.41,10.1,15.93,23.55,12.5,9.33,11.02,22.98,3.43,5.47,18.37,,19.71,8.88,,56.93,17.5,20.83,20.78,9.03,13.33,37.98,30.34,10.3,5.9,20.79,9.86,10.02,27.74,4.49,25.16,35.54,10.06,41.97,12.2,14.0,7.14,,11.17,71.97,37.43,7.54,3.44,17.11,27.26,5.13,15.94,27.16,37.5,16.49,14.76,22.25,25.46,7.37,34.36,7.1,30.25,15.96,3.91,11.0,43.01,3.31,50.52,,25.02,46.58,34.88,43.49,34.33,2.87,18.11,16.98,6.8,13.89,44.38,37.26,
2017-01-11,98.9,35.23,3.41,345.45,17.96,28.6,12.7,28.42,19.96,16.15,16.1,,4.47,17.79,16.79,49.43,11.39,3.16,45.27,18.66,3.12,9.51,24.68,32.24,4.82,5.79,17.69,3.97,29.75,21.08,15.94,8.31,10.51,23.47,35.86,10.15,16.53,16.16,24.87,6.48,19.68,24.57,9.14,23.51,17.83,14.93,28.07,4.98,17.53,5.48,3.38,10.04,15.71,23.2,12.45,9.24,11.02,22.54,3.43,5.47,18.12,,19.69,8.74,,56.84,17.2,20.56,20.29,8.99,13.31,35.18,30.49,10.23,5.76,20.11,9.8,10.01,27.83,4.55,24.59,35.48,9.97,42.06,12.15,13.9,7.13,,11.0,70.81,37.12,6.9,3.41,17.27,27.4,5.02,15.71,27.24,37.63,16.32,14.96,22.37,25.34,7.29,33.9,7.09,29.91,15.52,3.91,11.15,43.92,3.29,55.57,22.31,25.51,47.34,34.81,43.06,33.99,2.87,18.08,16.79,6.87,13.9,44.51,36.98,
2017-01-12,100.05,35.21,3.4,347.05,18.0,28.2,12.66,28.08,19.74,16.12,16.15,,4.47,17.85,16.77,48.96,11.27,3.3,45.26,18.75,3.12,9.27,24.31,31.19,4.81,5.79,17.51,3.89,28.88,21.39,16.24,8.32,10.29,23.31,35.6,10.13,16.47,16.12,24.97,6.43,19.38,24.3,9.15,23.32,17.74,15.17,27.84,4.97,17.13,5.37,3.44,9.89,15.46,22.75,12.21,9.1,10.99,22.29,3.43,5.49,18.02,,19.16,8.6,,57.1,16.91,20.5,19.96,9.0,13.19,32.58,30.85,10.16,5.83,19.92,9.8,9.95,27.44,4.44,24.52,35.9,9.87,41.16,12.21,13.69,7.07,,11.02,68.76,37.68,6.67,3.39,17.25,27.64,4.96,15.6,26.88,39.19,16.29,14.5,21.92,25.54,7.21,33.08,6.87,29.88,15.3,3.89,10.88,42.73,3.2,52.33,23.43,25.37,47.49,34.55,43.2,33.48,2.84,17.67,16.56,6.79,13.82,44.03,35.75,
2017-01-13,93.91,35.56,3.41,344.87,18.22,28.22,12.78,28.1,19.97,16.26,16.21,,4.49,17.91,16.42,48.91,11.34,3.19,45.66,18.8,3.12,9.35,24.16,30.43,4.91,5.84,17.6,3.92,28.82,21.9,16.55,8.39,10.48,23.51,35.69,10.04,16.6,16.27,24.27,6.5,19.43,24.4,9.16,23.14,17.88,14.9,28.12,5.04,17.06,5.33,3.38,9.92,15.15,22.25,12.07,9.15,11.03,22.04,3.46,5.54,18.03,,18.9,8.54,,56.23,17.03,20.26,19.64,9.08,13.39,32.11,30.28,10.11,5.89,19.88,9.89,9.92,27.1,4.47,24.25,34.88,9.9,39.92,11.86,13.94,7.08,,11.13,67.18,36.56,6.63,3.33,17.25,27.11,4.99,15.32,26.99,38.51,16.38,14.19,21.06,25.51,7.27,33.1,6.76,31.65,15.35,3.92,10.84,41.6,3.19,48.9,22.26,25.7,44.65,33.52,43.91,33.62,2.85,17.55,16.42,6.84,13.83,45.01,35.39,
2017-01-16,89.58,36.19,3.45,341.47,18.58,28.25,12.94,26.3,19.85,16.55,16.36,,4.55,17.44,15.39,47.76,10.79,3.09,46.48,18.98,3.16,9.5,23.79,,4.64,5.92,17.93,3.99,27.49,21.5,16.21,8.52,10.34,24.0,35.45,9.59,16.89,16.56,23.14,6.5,19.23,24.16,9.14,22.9,18.16,14.64,28.67,5.17,16.7,5.2,3.32,9.99,14.67,20.47,12.18,9.28,11.19,22.42,3.5,5.61,18.24,,18.25,8.65,,52.74,17.17,19.15,19.63,9.2,13.02,30.05,28.51,9.9,5.96,19.19,10.06,10.08,26.44,4.57,23.16,34.98,10.01,38.3,11.96,14.07,7.09,,11.3,66.44,37.04,6.59,3.24,17.0,25.58,5.05,15.15,26.65,37.04,16.64,13.31,19.65,26.0,7.36,32.75,6.74,32.11,15.25,3.97,10.96,39.0,3.18,49.6,21.67,26.2,42.78,32.71,44.44,34.17,2.88,17.91,16.02,6.96,13.76,45.8,34.7,
2017-01-17,92.7,35.98,3.49,349.13,18.45,28.91,12.93,26.97,20.1,16.42,16.26,,4.53,17.5,15.99,48.2,10.89,3.16,46.29,18.86,3.15,9.44,24.17,,4.64,5.9,18.03,4.0,27.76,21.55,16.92,8.54,10.22,23.42,35.76,9.73,16.86,16.4,23.7,6.67,19.82,24.47,9.15,23.0,18.05,14.79,28.88,5.12,17.09,5.28,3.43,9.95,14.88,21.28,12.07,9.29,11.41,22.45,3.5,5.62,18.29,,18.32,8.6,,52.75,17.48,19.31,19.72,9.15,13.16,30.83,29.0,10.02,5.99,20.2,9.96,10.03,26.82,4.65,23.98,35.1,9.94,38.94,12.16,14.08,7.03,,11.29,68.48,37.81,6.56,3.26,16.92,25.81,5.01,15.17,27.3,39.08,16.52,13.44,19.88,26.38,7.33,33.5,6.73,31.4,15.46,3.96,10.87,39.96,3.12,51.08,22.75,26.16,43.19,33.15,44.34,34.44,2.86,17.61,16.34,6.84,13.65,45.45,34.01,
2017-01-18,87.78,36.21,3.49,355.08,18.59,29.14,12.93,26.23,20.02,16.65,16.27,,4.53,17.41,15.72,48.11,11.02,3.15,46.52,18.94,3.15,9.34,24.96,,4.6,5.93,18.14,3.91,27.63,21.24,17.04,8.57,10.46,24.65,36.95,9.71,17.05,16.48,23.61,6.66,19.79,25.0,9.17,23.35,18.13,14.99,29.02,5.28,16.87,5.41,3.42,10.01,14.71,20.87,12.0,9.39,11.31,22.29,3.51,5.62,18.29,,18.31,8.74,,52.58,17.74,19.22,19.38,9.18,13.12,29.62,28.38,10.15,5.97,20.31,10.03,10.03,26.5,4.64,23.53,34.9,9.95,38.84,12.46,14.2,7.03,,11.49,67.92,38.09,6.62,3.26,16.92,25.72,5.05,15.13,27.42,39.17,16.55,13.39,19.88,26.43,7.34,34.25,,31.14,15.38,3.99,10.89,39.0,3.13,47.88,23.89,26.1,42.43,33.06,44.65,34.09,2.89,17.69,16.48,7.0,13.57,45.75,33.3,
2017-01-19,89.78,36.05,3.42,354.72,18.52,28.77,12.94,26.19,19.78,16.64,16.27,,4.53,16.92,15.74,48.1,10.9,3.16,46.96,19.01,3.16,9.34,24.88,,4.57,5.94,18.22,3.93,27.0,20.48,16.84,8.5,10.75,24.48,36.85,9.58,16.98,16.54,23.75,6.59,19.73,24.99,9.18,23.58,18.17,14.86,28.65,5.3,16.99,5.42,3.45,9.87,14.85,20.88,11.93,9.39,11.23,22.55,3.52,5.62,18.13,,18.22,8.67,,52.41,17.57,19.26,19.45,9.18,13.1,29.55,28.4,10.23,5.86,20.46,10.01,9.92,26.38,4.75,23.76,34.81,9.86,39.35,12.19,14.21,6.98,,11.48,68.61,37.14,6.27,3.26,16.92,25.54,5.05,15.14,27.27,37.6,16.59,13.68,19.66,25.4,7.26,34.0,,31.16,15.59,3.98,11.22,38.57,3.11,46.61,25.08,25.61,41.68,33.2,44.61,34.13,2.86,17.45,16.47,6.99,13.57,45.56,32.4,
2017-01-20,92.0,36.26,3.44,354.99,18.59,29.22,12.96,27.07,19.85,16.78,16.41,,4.52,17.44,16.01,48.58,11.25,3.28,47.0,19.24,3.16,9.45,25.37,,4.66,5.97,18.28,3.92,27.49,20.81,17.19,8.45,10.75,24.68,36.91,9.75,17.12,16.6,24.27,6.64,20.02,25.12,9.22,23.85,18.45,14.98,28.74,5.24,17.24,5.44,3.5,9.91,14.96,21.25,12.02,9.47,11.36,22.94,3.52,5.61,18.43,,18.33,8.72,,53.61,17.8,19.72,19.74,9.22,13.19,30.48,28.85,10.4,5.86,20.47,10.03,9.95,26.75,4.74,24.5,35.22,9.93,39.7,12.29,14.17,7.01,,11.49,69.55,37.3,6.31,3.28,17.15,25.85,5.07,15.15,27.53,37.72,16.74,13.85,19.77,25.34,7.27,34.08,,31.19,15.88,4.0,11.23,39.64,3.12,48.05,24.34,25.5,42.83,33.93,44.47,34.46,2.88,17.26,16.61,6.93,13.59,45.81,35.64,
2017-01-23,91.97,36.2,3.51,351.22,18.5,28.96,13.01,27.13,20.23,16.73,16.44,,4.53,17.72,16.1,48.86,11.32,3.43,47.61,19.13,3.17,9.47,25.28,,4.73,5.93,18.26,4.02,28.68,20.89,17.05,8.52,10.95,24.73,37.38,9.84,17.13,16.57,24.6,6.75,20.07,25.23,9.22,23.75,18.4,14.99,28.88,5.3,17.14,5.47,3.53,10.03,15.04,22.15,12.13,9.44,11.37,23.03,3.51,5.58,18.61,,18.43,8.83,,53.9,17.71,19.76,19.76,9.22,13.34,33.53,29.0,10.32,5.87,20.89,10.08,10.0,26.87,4.89,25.72,35.3,9.97,40.12,12.4,14.28,7.03,,11.3,69.81,37.85,6.35,3.33,17.32,25.9,5.08,15.24,27.63,38.57,16.79,13.9,19.98,24.81,7.09,34.29,,31.03,15.8,4.0,11.29,40.9,3.25,49.72,24.73,25.76,43.42,34.02,44.24,34.48,2.9,18.25,16.52,6.8,13.58,45.88,36.42,
2017-01-24,91.88,36.18,3.49,350.31,18.87,29.1,13.06,27.28,20.24,16.92,16.38,,4.55,17.82,15.89,48.65,11.35,3.4,46.84,19.03,3.18,9.42,25.32,,4.73,5.98,18.21,4.04,28.23,21.07,17.15,8.76,11.09,24.97,37.42,10.15,17.3,16.69,24.93,6.8,20.3,25.7,9.27,24.18,18.36,15.08,28.96,5.39,16.95,5.48,3.5,10.12,14.9,22.51,12.08,9.33,11.27,22.95,3.54,5.65,18.64,,18.38,8.8,,54.23,17.86,19.61,19.69,9.27,13.62,33.62,28.7,10.38,6.06,20.71,10.09,10.04,26.73,4.82,25.25,34.92,9.98,40.51,12.29,14.36,7.04,,11.56,68.88,37.66,6.32,3.37,17.23,25.94,5.05,15.04,27.26,37.41,16.69,13.75,19.79,24.84,7.09,34.3,,31.16,15.53,4.06,11.13,40.08,3.28,48.35,23.49,25.99,42.35,34.09,45.05,34.27,2.91,18.4,16.77,,13.58,45.9,35.91,
2017-01-25,96.55,36.43,3.51,347.63,18.88,29.4,13.05,27.5,20.11,16.93,16.39,,4.56,18.3,15.88,48.9,11.47,3.4,47.78,19.04,3.19,9.47,25.5,30.31,4.74,5.98,18.39,4.05,27.7,21.67,,8.74,11.15,24.75,37.27,10.13,17.19,16.69,24.74,6.77,20.64,26.06,9.26,24.13,18.4,15.29,29.1,5.27,16.74,5.47,3.5,10.12,14.99,22.39,12.14,9.48,11.2,23.02,3.54,5.68,18.75,,18.44,8.98,,54.53,17.76,19.8,19.7,9.22,13.54,32.93,28.75,10.39,6.05,20.71,10.07,10.06,26.82,4.98,25.51,35.29,10.01,40.69,12.09,14.34,7.04,,11.54,69.78,37.13,6.59,3.35,17.37,25.83,5.06,14.64,27.33,37.54,16.67,13.85,20.03,24.89,7.11,33.93,,31.08,16.07,4.06,11.45,41.23,3.27,50.81,23.54,25.81,42.63,34.15,45.49,34.72,2.9,18.89,16.62,,13.57,45.69,36.67,
2017-01-26,95.72,36.51,3.58,344.42,19.0,29.9,13.03,28.19,20.34,17.07,16.48,,4.6,18.4,15.92,48.68,11.33,3.41,47.83,19.16,3.21,9.59,25.78,29.94,4.77,6.02,18.41,4.13,28.06,21.8,,8.65,11.11,24.43,37.0,10.14,17.22,16.74,24.94,6.88,20.6,26.13,9.33,23.96,18.47,15.15,29.02,5.3,17.1,5.42,3.48,10.16,15.04,22.96,12.5,9.43,11.22,23.28,3.58,5.75,18.8,,18.57,8.94,,54.56,17.75,19.82,20.15,9.25,13.76,33.16,29.08,10.35,6.03,20.58,10.09,10.11,27.03,5.13,25.68,35.52,10.0,42.02,12.16,14.6,7.05,,11.49,72.38,37.02,6.54,3.36,17.51,26.12,5.06,14.75,27.71,38.51,16.76,14.38,21.85,24.74,7.14,33.69,,31.21,16.08,4.08,11.32,41.92,3.47,52.66,24.72,25.72,43.4,34.63,45.75,34.71,2.94,20.78,16.69,,13.55,46.17,37.0,
2017-02-03,94.9,35.62,3.57,346.85,18.7,29.9,12.91,27.84,21.01,16.73,16.37,,4.56,18.24,15.59,48.35,11.25,3.22,48.89,18.97,3.18,9.54,25.39,29.4,4.76,5.97,18.24,4.06,29.17,22.02,,8.58,11.11,24.8,36.41,10.16,16.92,16.63,25.02,6.88,20.4,26.39,9.26,23.6,18.15,15.0,28.26,5.18,17.0,5.39,3.46,10.18,15.05,23.1,12.42,9.44,11.25,22.93,3.55,5.69,18.53,,18.55,8.84,,54.22,17.61,20.85,19.89,9.17,13.61,33.25,28.79,10.29,5.95,20.58,10.02,10.15,28.06,5.02,25.32,35.15,9.97,41.75,12.33,14.48,7.07,,11.38,71.05,37.39,6.52,3.34,17.25,25.89,5.03,14.81,27.65,39.0,16.53,14.15,21.42,24.74,6.98,32.9,,30.03,15.91,4.03,11.3,41.07,3.35,50.98,24.83,25.15,42.87,34.15,45.36,34.72,2.92,20.07,16.65,,13.58,44.83,36.12,
2017-02-06,96.23,35.94,3.54,346.85,18.62,29.99,12.97,28.34,21.16,16.72,16.34,,4.56,18.14,15.75,48.67,11.8,3.17,48.28,18.92,3.18,9.6,25.26,30.59,4.79,5.98,18.15,4.06,29.41,22.15,,8.55,11.17,24.59,36.45,10.34,16.72,16.66,25.08,6.96,20.68,26.0,9.31,23.78,18.1,15.07,28.44,5.19,17.32,5.39,3.53,10.21,15.17,23.29,12.4,9.57,11.38,23.04,3.55,5.66,18.51,,18.67,8.87,,54.25,17.4,20.93,20.1,9.16,13.7,34.59,29.26,10.41,5.95,21.05,10.03,10.08,29.96,4.95,26.36,35.3,10.0,41.95,12.43,14.45,7.1,,11.25,72.66,37.82,6.52,3.37,17.26,26.1,5.04,15.09,28.08,39.01,16.53,14.29,21.46,24.54,6.99,33.3,,29.76,16.15,4.04,11.22,41.36,3.32,53.17,24.92,26.0,43.41,34.32,45.17,34.67,2.91,19.62,16.6,,13.58,45.27,37.08,
2017-02-07,94.0,36.06,3.58,343.58,18.57,29.65,12.98,27.85,21.03,16.66,16.3,,4.55,18.65,15.58,49.34,12.03,3.19,47.95,18.77,3.17,9.51,25.13,30.29,4.84,5.95,18.09,4.1,29.3,22.1,,8.51,11.57,24.08,36.45,10.23,16.72,16.67,24.89,7.17,20.39,25.85,9.3,23.97,17.97,14.93,28.4,5.24,17.46,5.66,3.5,10.12,15.15,23.56,12.46,9.6,11.38,22.8,3.54,5.65,18.82,,18.62,8.8,,53.69,17.66,20.94,19.92,9.14,13.7,34.54,29.41,10.51,5.87,20.91,10.03,10.03,29.76,4.96,26.21,34.96,9.95,42.02,12.83,14.38,7.08,,11.4,71.99,38.71,6.5,3.42,17.13,25.73,5.09,15.03,28.4,41.16,16.46,14.36,21.76,24.94,6.98,33.55,,29.76,16.12,4.03,11.51,40.9,3.35,51.52,25.74,26.24,42.67,33.48,44.85,34.12,2.91,19.72,16.37,,13.58,45.81,37.56,
2017-02-08,94.95,36.02,3.55,344.21,18.6,29.88,13.1,28.28,21.53,16.67,16.52,,4.56,18.88,16.03,50.5,12.1,3.19,48.26,19.04,3.18,9.59,25.35,30.5,4.86,5.96,18.1,4.11,30.56,22.12,,8.41,11.64,23.95,37.09,10.31,16.85,16.67,24.93,7.14,20.49,26.58,9.3,23.8,18.27,14.99,28.12,5.32,17.59,5.85,3.52,10.15,15.2,23.92,12.46,9.57,11.34,23.01,3.55,5.65,18.75,,18.62,8.84,,54.02,17.67,21.01,20.1,9.12,13.86,34.76,30.05,10.55,5.85,21.07,10.02,10.03,30.01,4.97,26.53,34.98,9.95,41.9,12.77,14.33,7.08,,11.38,73.2,38.43,6.79,3.46,17.44,26.12,5.09,15.03,29.02,41.49,16.81,14.36,22.06,24.99,7.06,33.75,,29.93,16.26,4.05,11.44,41.16,3.38,53.07,27.03,26.44,43.3,33.63,45.08,34.59,2.91,20.11,16.45,,13.55,45.96,38.7,
2017-02-09,96.87,36.11,3.58,347.61,18.73,30.02,13.06,28.32,21.53,16.69,16.51,,4.57,18.98,16.04,49.98,12.14,3.22,48.15,19.07,3.18,9.61,25.62,30.94,4.86,6.01,18.1,4.1,30.78,22.45,,8.43,11.6,23.98,37.34,10.37,16.89,16.72,25.35,7.24,20.55,26.39,9.31,23.86,18.24,15.15,28.0,5.4,17.59,5.85,3.52,10.28,15.25,24.99,12.52,9.57,11.44,23.12,3.57,5.68,18.78,,18.64,8.87,,55.39,17.58,21.1,20.11,9.12,13.85,34.81,30.75,10.68,5.81,21.03,9.95,10.04,29.95,4.96,26.42,35.01,10.05,42.28,12.8,14.36,7.11,,11.32,72.67,38.48,6.79,3.45,17.42,26.82,5.13,15.04,29.01,41.21,16.82,14.38,22.06,25.25,7.08,35.11,,29.77,16.27,4.06,11.63,41.45,3.34,53.1,27.48,26.5,47.63,34.37,45.18,34.59,2.95,19.77,16.45,,13.55,46.58,38.93,
2017-02-10,93.2,36.2,3.55,345.08,18.9,30.12,13.12,27.82,21.55,16.76,16.67,,4.59,18.58,16.06,49.63,12.34,3.26,47.81,19.2,3.2,9.78,25.97,30.73,4.85,6.03,18.16,4.15,30.16,22.5,,8.44,11.76,25.14,37.83,10.39,17.06,16.78,24.95,7.36,21.08,26.21,9.33,24.08,18.32,15.21,28.01,5.49,17.42,5.99,3.58,10.46,15.17,24.79,12.56,9.88,11.33,23.45,3.6,5.72,19.15,,18.83,9.18,,56.45,17.83,20.78,20.53,9.11,14.08,33.75,30.53,10.7,5.87,20.63,9.96,10.05,29.45,5.03,26.24,35.1,10.35,42.32,12.59,14.38,7.16,,11.57,69.02,37.85,6.78,3.8,17.57,26.8,5.21,14.94,28.97,41.36,16.88,14.54,22.12,24.94,7.1,34.71,,29.89,16.26,4.08,11.55,40.7,3.4,52.85,28.85,26.4,46.4,34.55,44.86,34.46,3.01,20.27,17.04,,13.53,46.32,37.78,
2017-02-13,94.7,36.31,3.6,349.75,18.97,30.91,13.15,28.09,21.6,16.87,16.69,,4.62,18.58,16.76,49.73,12.26,3.27,47.89,19.21,3.22,10.01,27.1,30.74,4.86,6.06,18.52,4.44,30.21,22.35,,8.41,11.89,25.33,38.58,10.4,17.2,16.85,24.91,7.39,21.13,27.14,9.41,24.45,18.5,15.27,28.05,5.54,17.56,6.27,3.6,10.8,15.18,24.65,12.63,9.91,11.23,24.12,3.63,5.77,19.06,,18.84,9.21,,56.51,18.33,20.87,21.24,9.14,14.06,33.03,30.55,10.91,5.87,21.53,10.05,10.16,29.29,5.04,25.82,35.17,10.41,42.18,12.66,14.53,7.2,,11.87,68.85,37.88,6.84,3.87,17.82,27.02,5.25,15.09,28.67,42.98,16.98,14.59,22.41,26.09,7.11,36.06,,30.84,16.52,4.13,11.58,42.46,3.48,55.7,28.71,26.86,46.54,34.55,45.36,34.34,2.99,20.98,17.09,,13.5,46.99,36.9,
2017-02-14,94.19,36.1,3.63,350.21,18.87,30.69,13.14,27.91,21.89,16.74,16.64,,4.62,18.64,16.55,49.54,12.3,3.21,48.31,19.25,3.22,9.89,26.9,30.76,4.85,6.06,18.2,4.51,29.96,22.6,,8.39,11.72,24.8,38.66,10.31,17.31,16.75,24.82,7.47,21.31,27.08,9.4,24.2,18.4,15.51,27.72,5.55,17.53,6.23,3.62,10.81,15.08,24.18,12.64,10.35,11.29,23.88,3.62,5.79,18.82,,18.84,9.2,,56.56,18.28,21.03,21.03,9.1,14.03,34.54,30.75,10.89,5.84,21.63,9.97,10.18,29.42,5.34,26.78,34.6,10.44,42.05,12.65,14.43,7.16,,11.79,67.47,37.74,6.82,3.91,17.74,27.06,5.25,15.07,29.0,42.32,16.89,14.53,22.84,26.92,7.14,36.5,,30.92,16.74,4.12,11.4,41.7,3.56,56.26,27.86,26.57,47.44,34.83,45.04,34.22,3.03,21.49,17.18,,13.5,46.38,36.31,
2017-02-15,92.63,36.32,3.55,348.53,19.13,31.06,13.18,27.08,21.89,16.8,16.56,,4.68,18.89,16.54,48.75,12.12,3.25,47.87,19.14,3.29,10.1,26.99,30.26,4.84,6.13,17.9,4.32,29.25,22.35,17.9,8.42,11.56,24.59,38.4,10.18,17.31,16.84,24.31,7.24,20.78,27.11,9.45,24.06,18.31,15.37,27.75,5.44,17.31,6.06,3.6,10.51,14.93,25.11,12.44,10.16,11.12,24.12,3.67,5.92,18.72,,18.52,9.04,,55.64,18.31,20.66,21.64,9.15,13.9,33.85,29.78,10.66,5.85,21.33,10.08,10.07,29.28,5.27,29.09,34.13,10.37,41.81,12.4,14.3,7.17,,12.02,67.65,37.06,6.73,3.81,17.67,26.38,5.26,15.02,29.72,40.97,16.82,14.14,22.31,26.96,7.04,36.22,,30.8,16.56,4.14,11.32,41.4,3.43,57.65,29.25,26.58,46.79,34.28,44.87,34.15,3.0,20.37,16.86,,12.58,46.38,36.29,
2017-02-16,91.95,36.3,3.62,348.09,19.13,32.03,13.17,27.01,21.9,16.78,16.72,,4.68,18.86,16.66,48.9,12.48,3.27,49.41,19.38,3.29,10.26,27.59,30.23,4.87,6.16,17.84,4.75,29.41,22.14,17.99,8.32,11.67,26.31,38.46,10.19,17.4,16.78,24.38,7.3,21.14,27.91,9.46,24.24,18.38,15.4,27.65,5.7,17.3,6.12,3.66,10.72,15.0,26.66,12.98,10.19,11.09,24.19,3.69,5.94,18.94,,18.75,9.07,,55.71,18.4,20.74,21.93,9.12,13.66,33.74,30.09,10.82,5.81,21.52,10.15,10.13,29.95,5.26,29.52,34.22,10.38,41.29,12.52,14.34,7.44,,12.15,68.14,37.22,6.73,3.85,17.96,26.59,5.27,15.4,29.85,45.07,16.95,14.54,23.29,26.9,7.04,36.35,,30.81,16.58,4.16,11.36,41.44,3.48,56.8,30.67,26.49,47.78,34.68,44.99,34.18,3.14,20.3,17.06,,11.98,46.06,36.61,
2017-02-17,88.3,36.26,3.57,350.56,19.02,32.25,13.12,26.73,21.74,16.69,16.67,,4.64,18.95,16.61,48.56,12.24,3.22,49.08,19.25,3.26,9.97,27.41,29.75,4.81,6.12,17.98,4.7,29.96,21.47,18.0,8.28,11.3,26.18,38.95,10.11,17.12,16.64,24.01,7.29,21.07,28.17,9.39,24.27,18.3,15.18,27.66,5.65,17.13,6.05,3.62,10.62,15.3,25.9,12.76,10.08,11.09,23.71,3.63,5.86,18.7,,18.4,8.89,,54.76,18.11,20.58,21.23,9.03,13.62,34.59,29.66,10.76,5.79,20.92,10.08,10.23,29.2,5.12,28.14,33.87,10.25,40.39,12.46,14.07,7.3,,11.87,68.17,37.19,6.5,3.86,17.86,26.15,5.17,15.57,29.39,43.52,16.96,14.22,23.04,27.17,6.99,37.0,7.4,30.72,16.2,4.1,11.01,40.86,3.45,55.44,29.89,26.57,47.08,34.09,45.04,34.28,3.06,19.91,16.75,,12.1,45.91,36.11,
2017-02-20,88.4,36.82,3.62,361.29,19.4,32.58,13.27,26.66,22.1,16.91,16.88,,4.67,19.07,16.74,49.16,12.45,3.22,49.74,19.54,3.26,10.59,28.55,30.17,4.9,6.24,18.19,4.73,30.2,21.3,18.45,8.35,11.45,26.48,41.4,10.26,17.27,16.91,24.96,7.3,21.59,28.65,9.56,25.24,18.52,15.68,27.98,5.76,17.2,6.34,3.74,10.99,15.37,26.75,12.83,10.57,11.19,24.92,3.69,5.98,19.03,,18.59,9.07,,55.99,18.91,20.82,23.13,9.14,13.8,34.91,30.36,10.92,5.88,21.46,10.19,10.63,29.5,5.21,28.26,34.16,10.37,40.05,12.44,14.44,7.34,,12.47,68.0,37.08,6.54,4.04,18.07,26.33,5.3,15.55,29.95,45.25,17.11,14.31,23.35,28.68,7.06,38.66,7.59,31.01,16.2,4.19,11.15,40.94,3.5,56.18,28.4,26.47,47.91,34.33,45.83,34.17,3.1,20.21,17.24,,12.02,46.43,35.7,
2017-02-21,92.04,36.77,3.64,358.74,19.41,32.45,13.23,27.01,21.62,16.92,16.91,,4.68,19.09,16.91,50.04,12.61,3.26,49.85,19.49,3.27,10.37,28.24,30.67,4.9,6.3,18.1,5.0,30.33,21.5,18.46,8.35,11.48,26.68,40.86,10.4,17.29,16.88,25.18,7.32,22.04,28.65,9.57,26.35,18.86,15.71,27.91,5.79,17.2,6.3,3.73,10.9,15.56,27.41,12.9,10.56,11.23,24.56,3.71,5.94,18.87,,18.7,9.06,,56.38,18.69,21.06,22.61,9.13,13.96,35.36,31.2,10.99,5.89,22.23,10.17,10.65,30.59,5.16,28.71,34.65,10.47,41.99,12.55,14.47,7.4,,12.29,68.7,37.22,6.59,4.02,18.17,26.88,5.31,15.57,30.09,49.78,17.15,,23.89,28.56,7.08,38.5,7.54,30.78,16.73,4.19,11.25,41.45,3.49,58.44,28.53,26.69,49.23,34.77,46.28,34.21,3.12,20.1,17.19,,11.98,46.4,35.8,
2017-02-22,91.75,36.82,3.63,361.89,19.4,33.05,13.19,27.75,21.63,16.88,16.8,,4.7,19.01,16.81,49.97,12.63,3.34,49.96,19.42,3.27,10.23,28.32,30.7,4.93,6.35,18.48,5.0,29.96,21.2,18.4,8.4,11.62,27.36,41.28,10.35,17.17,16.75,25.69,7.44,21.92,28.78,9.57,26.33,18.86,15.52,27.67,5.72,17.39,6.38,3.76,11.03,15.75,27.32,12.9,10.53,11.34,24.28,3.72,5.97,19.13,,18.73,9.05,,56.24,18.78,20.98,22.25,9.09,13.96,35.53,31.2,10.99,5.97,22.86,10.13,10.66,30.79,5.12,28.52,34.23,10.44,45.63,12.5,14.24,7.41,,12.36,68.64,37.0,6.59,4.13,18.12,27.46,5.34,15.65,30.4,51.43,17.06,,24.38,30.83,7.06,38.81,7.67,30.49,16.94,4.19,11.86,41.66,3.45,58.55,27.1,26.64,50.38,36.19,46.31,34.14,3.16,20.05,17.16,,11.96,46.13,36.91,
2017-02-23,92.31,36.52,3.64,361.7,19.38,33.1,13.18,28.67,21.6,16.88,16.66,,4.71,18.99,16.71,50.31,12.53,3.33,50.33,19.32,3.28,10.26,27.91,30.92,4.91,6.37,18.33,5.5,29.57,21.6,18.4,8.29,11.43,26.96,40.48,10.4,17.05,16.69,25.47,7.49,21.94,28.89,9.51,26.19,18.45,15.66,27.38,5.57,,6.23,3.69,10.97,15.58,27.32,12.9,10.67,11.25,24.27,3.73,5.97,19.37,,18.83,8.96,,56.1,18.58,21.2,22.29,9.08,14.33,36.49,31.78,10.95,5.88,22.76,10.14,10.47,30.32,5.12,28.82,34.24,10.47,50.19,12.58,14.34,7.34,,12.21,68.44,37.06,6.55,4.1,17.83,28.89,5.29,15.55,30.28,56.57,16.89,,25.09,31.15,7.02,38.08,7.64,30.4,16.97,4.19,12.08,41.73,3.39,59.0,26.78,26.38,50.85,37.64,46.83,33.63,3.13,19.72,16.94,,11.83,45.48,36.67,
2017-02-24,94.01,36.56,3.61,362.62,19.43,32.37,13.14,28.85,21.57,16.9,16.71,,4.7,18.98,16.7,50.22,12.45,3.35,51.36,19.35,3.27,10.17,27.85,31.22,4.9,6.28,18.27,5.25,30.04,22.12,18.35,8.26,11.21,26.83,40.29,10.67,16.95,16.71,25.52,7.41,21.79,28.24,9.5,26.38,18.48,15.59,27.58,5.47,,6.23,3.69,10.71,15.63,28.81,12.82,10.61,11.18,24.29,3.72,5.95,19.32,,18.73,9.03,,56.37,18.57,21.28,22.34,9.07,14.43,37.61,31.7,11.1,5.81,22.46,10.13,10.52,30.76,4.97,29.05,34.38,10.4,55.21,12.69,14.38,7.38,,12.25,68.77,37.51,7.08,4.04,17.83,28.64,5.37,15.83,29.8,54.58,16.99,,24.53,,7.02,38.36,7.41,30.48,16.6,4.16,12.02,42.07,3.31,58.62,28.12,26.12,49.91,36.93,46.87,33.73,3.14,19.0,16.96,,11.73,45.2,36.22,
2017-02-27,91.38,36.32,3.57,357.6,19.41,31.61,13.01,28.54,21.68,16.81,16.54,,4.69,19.01,16.44,50.27,12.17,3.29,50.81,19.12,3.25,10.05,27.13,30.78,4.88,6.26,18.2,5.18,29.29,22.77,18.4,8.21,11.19,25.65,39.39,10.53,16.88,16.59,25.27,7.27,21.8,27.93,9.43,25.81,18.18,15.65,27.41,5.42,,6.1,3.63,10.67,15.37,28.4,12.78,10.25,11.09,23.95,3.69,5.9,19.64,,18.55,8.83,,55.6,18.5,20.86,21.81,9.04,14.65,37.0,31.21,11.1,5.73,22.36,10.08,10.63,31.14,4.94,28.62,34.08,10.29,60.73,12.65,14.6,7.27,,12.11,68.74,37.45,7.03,4.05,17.53,28.59,5.28,15.93,29.89,55.83,16.77,,23.99,29.42,6.96,37.05,7.23,31.09,16.11,4.15,11.84,41.89,3.29,57.33,28.57,25.59,49.4,36.44,49.37,33.38,3.14,18.82,16.8,7.31,11.86,44.22,35.99,
2017-02-28,90.47,36.23,3.57,354.66,19.44,31.86,12.96,28.5,21.94,16.75,16.55,,4.69,19.19,16.53,50.11,12.47,3.27,50.39,19.14,3.25,10.4,27.44,30.77,4.92,6.23,18.06,5.29,29.3,22.93,18.31,8.23,11.27,26.22,39.56,10.46,16.94,16.59,25.34,7.29,21.68,27.98,9.48,26.08,18.15,15.8,27.34,5.53,,6.11,3.64,10.89,15.5,28.3,12.88,10.33,11.13,24.48,3.68,5.92,19.54,,18.6,8.85,,56.25,18.83,21.18,22.95,9.03,14.8,37.44,31.86,10.86,5.75,23.38,10.06,10.91,30.76,4.94,27.98,34.14,10.32,66.8,12.5,14.72,7.28,,12.24,68.8,37.07,7.03,4.07,17.58,28.7,5.3,16.18,29.77,58.55,16.83,15.74,24.5,29.7,6.96,37.39,7.3,30.89,16.17,4.15,11.91,42.12,3.32,58.05,29.32,25.67,49.77,36.56,49.12,33.51,3.11,18.92,16.86,7.09,12.35,44.3,36.07,
2017-03-01,91.35,36.16,3.57,356.61,19.34,32.03,13.0,28.84,21.9,16.66,16.54,,4.68,19.32,16.61,50.19,12.48,3.25,49.84,19.14,3.26,10.24,27.46,31.45,4.89,6.3,18.0,5.2,29.54,22.83,18.52,8.25,11.49,26.23,39.98,10.41,16.88,16.56,25.41,7.32,22.1,28.04,9.49,25.95,18.13,15.75,27.22,5.75,,6.22,3.61,10.73,15.77,28.34,12.92,10.47,11.09,24.23,3.67,5.89,19.39,,18.63,8.85,,56.24,18.65,21.1,22.59,9.04,15.06,36.6,31.78,10.94,5.76,23.01,10.0,10.81,30.58,5.11,28.3,34.23,10.4,70.0,12.43,14.75,7.26,,12.15,68.56,36.82,7.19,4.03,17.68,28.56,5.28,16.28,30.04,58.02,16.78,15.74,24.86,29.72,6.96,37.91,7.72,30.85,16.01,4.21,12.08,42.27,3.35,56.31,30.79,25.55,50.15,36.81,48.87,33.72,3.11,19.47,16.81,7.08,12.35,44.32,36.79,
2017-03-02,90.01,35.86,3.53,356.82,19.1,31.49,13.0,28.38,21.8,16.5,16.46,,4.67,19.18,16.42,49.75,12.57,3.21,49.6,19.04,3.26,10.41,27.31,30.93,4.86,6.3,17.96,5.22,29.08,22.95,18.44,8.18,11.37,26.39,39.96,10.51,16.79,16.41,25.12,7.27,21.91,28.5,9.43,26.01,18.1,15.62,26.79,5.69,18.28,6.23,3.59,10.69,15.58,,12.97,10.34,10.92,24.35,3.67,5.91,19.32,,18.72,8.68,,55.86,18.37,20.96,23.14,8.97,14.59,35.91,33.35,10.78,5.74,23.44,9.86,10.85,30.33,5.1,28.51,34.1,10.26,67.91,12.35,14.58,7.2,,11.91,67.69,36.48,7.12,3.95,17.67,29.05,5.27,16.16,29.94,59.81,16.8,15.88,24.53,30.97,6.92,37.95,7.8,30.67,16.07,4.19,11.85,42.01,3.29,55.88,30.5,25.27,51.18,37.2,49.39,33.55,3.1,19.12,16.6,7.0,12.06,44.21,36.08,
2017-03-03,95.98,35.85,3.45,356.54,19.01,31.72,13.02,29.46,22.2,16.48,16.37,,4.65,19.33,16.27,51.01,12.99,3.22,49.8,18.93,3.24,10.18,27.3,31.32,4.83,6.24,18.04,4.94,29.12,23.22,18.46,8.04,11.5,26.41,39.99,10.57,16.67,16.35,25.65,7.11,21.9,28.95,9.4,25.77,18.01,15.57,26.81,5.68,18.39,6.19,3.58,10.57,15.74,,12.89,10.44,10.98,24.04,3.65,5.88,19.6,,18.9,8.68,,55.8,18.15,20.84,22.57,8.97,15.36,35.85,35.64,10.81,5.66,23.75,9.88,10.86,30.81,5.01,29.44,34.13,10.27,62.6,12.06,14.97,7.2,,11.84,67.89,35.54,7.08,3.91,17.55,31.76,5.25,16.02,30.97,56.8,16.78,16.33,24.42,31.23,6.93,38.5,8.0,30.94,16.14,4.16,12.13,41.9,3.24,55.46,29.8,25.29,53.97,38.75,50.17,33.78,3.1,18.66,16.68,6.85,12.01,43.98,35.88,
2017-03-06,98.99,35.83,3.47,358.96,19.06,32.89,12.98,30.86,23.05,16.53,16.43,,4.64,20.75,16.5,50.9,13.36,3.21,50.2,18.93,3.24,10.21,28.15,32.18,4.91,6.18,18.09,4.99,29.5,23.98,18.8,8.06,11.63,26.91,40.55,10.69,16.86,16.41,26.57,7.29,22.76,28.88,9.45,26.09,18.16,15.56,26.87,5.8,18.64,6.15,3.62,10.59,16.08,,12.95,10.36,11.2,24.12,3.63,5.88,19.73,,19.11,8.63,,56.89,18.3,21.12,22.67,8.96,15.37,36.55,35.93,,5.64,23.66,9.85,11.06,31.92,4.94,31.41,34.16,10.25,63.06,12.1,14.85,7.24,,12.04,68.25,35.67,7.21,4.02,17.72,32.86,5.25,16.29,31.96,56.19,16.82,16.05,24.56,31.01,6.92,38.5,7.9,30.95,16.05,4.14,12.22,42.79,3.25,57.14,31.29,25.28,53.69,38.65,49.59,34.08,3.15,18.69,16.72,6.88,12.11,43.66,36.68,
2017-03-07,98.0,35.96,3.46,367.2,19.24,33.01,12.96,30.71,22.9,16.59,16.45,,4.68,20.77,16.45,51.0,13.25,3.22,51.15,18.93,3.24,10.33,28.23,32.21,4.97,6.22,18.28,4.85,29.07,23.98,18.82,8.09,11.62,27.36,41.65,10.69,16.86,16.43,27.22,7.38,22.69,29.0,9.45,26.53,18.1,15.28,26.99,5.73,19.18,5.99,3.63,10.56,16.1,,12.83,10.63,11.12,24.15,3.64,5.94,19.54,,18.97,8.61,,,18.26,21.39,22.98,8.97,15.69,37.01,35.58,,5.63,23.01,9.86,11.12,34.37,4.88,31.49,34.3,10.2,63.6,12.1,14.92,7.21,,12.16,68.5,35.75,7.16,3.99,17.62,33.16,5.25,16.27,31.96,52.97,16.77,15.76,24.11,31.73,6.95,39.92,7.77,31.37,16.21,4.16,12.0,42.99,3.22,57.72,32.85,25.72,53.13,38.1,50.61,33.83,3.13,18.62,16.58,6.82,12.01,44.11,36.95,
2017-03-08,96.28,35.82,3.44,367.25,19.29,33.28,12.97,30.33,22.85,16.53,16.37,,4.69,20.77,16.21,50.84,13.27,3.2,51.38,18.88,3.25,10.24,28.09,31.81,4.93,6.23,18.29,4.88,29.1,23.74,18.51,8.09,11.55,27.26,41.12,10.65,16.81,16.39,26.78,7.4,22.48,28.92,9.42,26.1,18.11,,27.0,5.73,19.01,6.02,3.59,10.56,15.86,,12.71,10.63,11.01,23.97,3.64,5.89,19.76,,18.81,8.86,,,18.19,21.15,22.81,8.92,15.97,36.36,35.58,,5.65,22.56,9.84,11.01,33.69,4.89,31.2,34.15,10.19,65.4,12.05,14.71,7.2,,12.08,67.92,35.51,7.7,3.94,17.49,34.16,5.3,16.15,31.62,53.34,16.69,16.07,24.03,31.43,6.94,39.92,7.81,31.12,16.38,4.15,11.92,43.15,3.21,58.89,33.65,25.71,53.4,38.22,51.13,33.84,3.15,18.68,16.65,6.68,11.86,43.87,36.8,
2017-03-09,97.12,35.78,3.39,369.9,19.05,32.92,12.99,30.57,22.94,16.39,16.33,,4.7,21.03,15.94,50.17,12.91,3.16,51.16,18.84,3.23,10.1,28.4,31.63,4.88,6.18,18.12,4.91,28.03,23.19,18.47,7.96,11.16,26.49,40.67,10.46,16.6,16.22,27.4,7.37,22.06,28.94,9.38,26.21,18.03,,27.13,5.62,19.02,5.88,3.55,10.19,15.79,31.17,12.63,10.54,11.07,23.66,3.64,5.87,19.72,,18.54,8.71,,,17.96,20.96,22.49,8.87,15.78,35.75,36.4,,5.6,21.93,9.83,10.77,33.6,4.79,31.05,33.32,10.15,62.3,11.89,14.6,7.18,,11.84,67.52,35.18,7.75,3.89,17.25,34.17,5.27,16.07,31.42,53.68,16.69,15.41,23.31,30.71,6.94,39.57,7.7,30.87,16.04,4.11,11.83,43.16,3.16,57.09,34.91,25.28,52.71,37.53,51.46,33.32,3.12,18.26,16.38,6.65,11.76,43.92,36.54,
2017-03-10,102.06,35.6,3.4,369.85,18.91,34.22,12.9,30.3,22.93,16.41,16.24,,4.71,21.07,16.0,50.19,13.05,3.14,51.28,18.72,3.24,10.0,28.96,31.87,4.83,6.16,18.2,4.86,27.69,23.27,18.37,7.93,11.12,26.64,40.66,10.46,16.4,16.23,27.01,7.5,22.05,29.56,9.4,26.52,17.78,,27.29,5.64,18.78,5.8,3.55,10.2,15.66,34.29,12.65,10.42,11.11,23.64,3.63,5.88,20.12,,18.63,8.62,,,18.02,20.82,22.26,8.84,15.56,35.71,37.76,,5.51,22.05,9.84,11.03,34.22,4.84,30.45,33.39,10.05,62.91,11.91,14.76,7.15,,11.76,67.46,35.18,7.78,3.93,17.27,37.48,5.21,16.06,31.48,54.44,16.63,15.3,23.27,30.95,6.9,39.5,7.7,31.61,15.98,4.14,11.83,43.04,3.2,56.95,,24.9,54.01,39.46,51.45,33.35,3.11,18.31,16.3,6.8,11.7,43.3,36.29,
2017-03-13,102.89,35.97,3.46,371.55,19.03,33.9,13.02,31.44,23.18,16.55,16.34,195.77,4.73,21.36,16.0,49.84,13.6,3.2,50.76,18.84,3.26,10.04,28.87,32.0,4.87,6.22,18.52,4.91,27.92,24.53,18.18,7.97,11.29,26.75,41.65,10.51,16.51,16.34,27.44,7.66,23.12,30.18,9.44,26.6,17.87,,27.81,5.84,19.48,5.85,3.58,10.24,16.02,35.68,12.82,10.53,11.46,23.6,3.67,5.93,20.62,,18.62,8.67,,,18.11,20.94,22.58,8.86,16.35,35.02,37.2,,5.53,22.24,9.91,11.29,34.59,4.9,31.47,33.57,10.12,60.89,12.11,14.85,7.17,,11.79,68.25,36.16,7.41,4.02,17.41,37.7,5.24,16.06,32.62,55.34,16.7,15.48,24.04,31.46,6.94,40.63,7.63,31.92,16.03,4.22,12.15,42.97,3.24,57.7,33.69,25.14,53.73,39.64,49.9,33.53,3.1,18.93,16.4,6.83,11.63,43.89,36.07,
2017-03-14,102.28,35.94,3.44,369.5,19.1,34.02,13.08,31.4,23.36,16.52,16.37,215.35,4.76,21.33,15.87,49.76,13.38,3.18,50.89,18.85,3.26,10.0,28.71,31.87,4.85,6.22,18.52,4.93,27.76,24.23,17.91,7.99,11.42,27.05,41.38,10.48,16.48,16.26,28.03,7.67,22.7,29.98,9.44,26.41,17.82,,27.88,5.97,19.31,5.85,3.54,10.18,15.81,36.05,12.82,10.45,11.49,23.84,3.66,5.93,20.67,,18.54,8.72,,,18.28,20.86,22.39,8.84,16.23,35.2,36.36,,5.55,22.11,9.86,11.27,34.4,4.94,31.09,33.39,10.11,61.1,12.05,15.38,7.19,,11.85,67.9,35.99,7.38,4.02,17.31,36.7,5.22,16.06,32.55,54.32,16.65,15.18,23.78,31.16,6.93,39.97,7.44,31.39,15.82,4.23,12.07,42.76,3.21,57.65,37.06,25.15,52.58,39.3,49.96,33.41,3.1,18.78,16.36,6.9,11.8,43.65,36.07,
2017-03-15,103.36,35.96,3.46,374.68,19.01,34.42,13.17,31.26,23.0,16.51,16.3,236.89,4.75,21.29,15.91,49.47,13.39,3.23,52.24,18.81,3.26,9.99,29.3,31.63,4.83,6.2,18.48,4.95,27.41,23.94,18.24,7.99,11.46,27.19,41.54,10.41,16.78,16.24,27.59,7.6,22.76,29.95,9.48,26.71,17.76,,27.9,5.96,19.29,5.9,3.54,10.17,15.85,34.79,12.74,10.42,11.44,23.85,3.66,5.93,20.83,,18.58,8.76,,,18.22,20.98,22.2,8.86,16.4,34.78,36.13,,5.59,21.72,9.82,11.44,33.75,4.91,30.65,33.44,10.14,59.52,12.11,15.32,7.2,,11.86,67.1,36.19,7.48,4.04,17.31,37.15,5.22,16.17,32.39,56.94,16.68,15.25,23.55,31.15,6.92,40.23,7.45,31.36,15.81,4.26,11.91,42.85,3.22,58.45,39.1,24.96,51.58,39.27,49.49,33.36,3.12,18.98,16.27,6.88,11.66,43.51,36.53,
2017-03-16,103.99,36.07,3.48,374.77,19.06,33.98,13.17,31.75,22.99,16.58,16.58,245.88,4.7,21.28,16.1,50.02,13.66,3.23,51.81,19.18,3.28,10.28,29.23,32.44,4.87,6.2,18.25,4.99,28.16,23.99,18.54,8.04,11.51,27.18,41.04,10.53,16.81,16.29,27.89,7.48,22.92,30.33,9.52,27.18,18.08,16.81,27.85,6.1,19.52,5.98,3.57,10.23,16.04,37.24,12.9,10.58,11.63,24.32,3.68,5.92,21.25,,18.74,8.76,,,18.36,21.16,22.79,8.88,16.43,34.93,36.79,,5.64,22.44,9.9,11.36,34.5,4.95,30.52,33.48,10.2,60.2,12.18,15.77,7.24,,12.01,67.66,36.33,7.69,4.01,17.67,37.35,5.27,16.29,32.5,56.67,16.99,15.5,23.9,30.91,6.93,39.95,7.55,31.49,16.1,4.25,12.32,42.99,3.28,60.13,40.65,25.57,52.02,40.19,49.55,33.61,3.13,19.13,16.52,6.91,11.64,43.78,36.6,
2017-03-17,101.62,35.75,3.45,378.48,18.81,33.41,13.15,31.23,22.66,16.37,16.31,224.76,4.69,20.4,15.9,49.49,13.2,3.19,51.96,18.79,3.26,10.07,28.81,31.73,4.85,6.16,18.12,4.82,27.65,23.4,18.34,7.94,11.33,27.01,40.76,10.53,16.69,16.2,27.92,7.48,22.48,30.16,9.31,27.18,17.8,17.16,27.59,5.92,19.34,5.78,3.54,10.14,15.83,36.8,12.81,10.57,11.38,24.05,3.65,5.89,20.55,,18.5,8.77,,,18.06,20.66,22.32,8.81,16.68,34.05,35.74,,5.56,22.12,9.81,11.23,33.61,4.82,29.61,33.23,10.12,61.03,12.07,15.71,7.19,,11.82,68.05,36.02,7.77,3.96,17.28,36.45,5.21,17.03,31.85,55.59,16.76,15.16,24.16,31.0,6.85,39.77,7.25,31.14,15.9,4.12,11.92,42.28,3.22,58.57,39.28,25.57,50.25,39.33,49.73,34.08,3.07,18.6,16.57,6.72,11.73,43.36,36.18,
2017-03-20,100.82,35.83,3.5,386.41,18.76,33.48,13.18,30.41,22.94,16.24,16.3,215.85,4.71,20.39,15.78,49.19,13.05,3.23,52.41,18.73,3.26,10.09,29.26,31.76,4.86,6.17,18.27,4.68,27.76,23.49,18.7,8.02,11.59,26.7,41.09,10.58,18.36,16.14,27.46,7.42,22.46,30.18,9.25,27.95,17.64,17.22,27.35,5.98,19.07,5.81,3.54,10.24,15.77,35.78,12.81,11.09,11.44,24.29,3.67,5.88,20.67,,18.52,8.89,,,17.97,20.13,22.55,8.71,16.45,34.0,35.94,,5.68,21.81,9.69,11.24,33.48,4.83,29.62,33.3,10.21,58.91,12.09,15.75,7.33,,11.71,67.89,35.97,7.77,4.0,17.25,37.18,5.28,17.19,31.93,52.1,16.71,15.06,24.38,30.93,7.06,39.6,7.21,31.16,16.08,4.12,11.98,42.75,3.2,61.78,37.71,25.48,50.98,39.39,51.13,33.97,3.04,18.34,16.75,6.73,11.43,42.74,36.2,
2017-03-21,101.06,36.27,3.47,394.01,18.76,34.31,13.21,30.35,23.06,16.18,16.22,217.07,4.71,20.63,15.71,49.3,13.36,3.29,53.48,18.74,3.25,10.05,30.34,31.93,4.86,6.15,18.68,4.64,27.6,23.8,18.9,8.03,11.68,26.92,43.38,10.55,19.89,16.0,27.14,7.45,22.5,30.68,9.24,28.09,17.38,17.05,27.36,5.92,19.18,5.81,3.56,10.5,15.77,35.58,12.7,11.09,11.76,24.15,3.65,5.89,21.44,,18.49,8.93,,,18.03,19.7,22.57,8.67,16.47,35.08,36.03,,5.67,21.62,9.74,11.38,35.04,4.83,30.06,33.43,10.27,58.99,11.94,15.99,7.34,,11.75,67.66,35.54,7.66,4.0,17.18,36.21,5.27,16.98,32.99,51.84,16.59,14.85,24.0,32.59,7.09,41.6,7.31,31.7,16.11,4.1,11.79,43.23,3.2,62.82,38.09,25.17,51.36,38.74,51.01,34.27,3.02,18.07,16.72,6.68,11.13,42.16,36.48,
2017-03-22,99.88,36.0,3.46,394.48,18.52,34.36,13.17,30.48,23.46,16.09,16.07,228.48,4.66,21.09,15.46,48.9,13.49,3.32,53.66,18.47,3.24,9.96,30.5,31.4,4.77,6.04,18.89,4.62,27.19,24.0,18.8,7.98,11.54,26.47,43.96,10.43,19.49,15.78,27.03,7.51,22.15,31.55,9.16,28.66,16.91,17.3,26.71,5.91,19.07,5.74,3.53,10.49,15.41,36.81,12.66,11.34,11.74,23.73,3.6,5.8,21.95,,18.17,8.96,,,17.58,19.79,21.92,8.55,16.12,34.77,37.3,,5.74,21.87,9.53,11.25,35.93,4.79,31.3,33.18,10.29,59.3,12.11,15.99,7.36,,11.47,67.15,35.99,7.66,4.09,16.91,36.23,5.28,17.05,33.54,52.31,16.48,14.94,23.72,32.47,7.12,42.99,7.24,32.44,16.19,4.04,11.83,42.48,3.16,63.09,35.49,24.43,51.04,39.08,56.11,34.01,2.99,17.78,16.85,6.51,11.15,41.13,36.11,
2017-03-23,102.0,36.57,3.46,389.79,18.64,34.75,13.26,30.32,24.37,16.17,16.15,205.76,4.67,21.17,15.47,49.45,13.2,3.32,53.64,18.56,3.24,9.94,31.2,31.4,4.76,6.07,18.92,4.61,27.35,23.88,19.49,7.92,11.3,26.33,43.56,10.39,19.34,15.88,27.73,7.48,22.2,31.54,9.2,28.0,16.97,17.4,26.65,5.94,19.54,5.84,3.55,10.55,15.39,36.81,12.53,11.5,11.74,23.77,3.6,5.84,21.84,,18.52,8.88,,,17.88,19.81,21.88,8.59,16.12,35.05,36.57,,5.71,22.07,9.57,11.46,35.6,4.84,31.37,33.07,10.22,58.82,12.17,15.75,7.39,,11.68,67.1,36.51,7.79,4.11,17.0,36.39,5.24,16.93,33.94,52.98,16.42,14.59,23.44,31.56,7.09,42.18,7.35,34.24,16.3,4.04,11.7,42.46,3.17,60.82,35.56,24.57,50.35,39.58,58.31,34.16,3.03,17.93,16.88,6.46,10.96,41.42,35.86,
2017-03-24,101.18,36.55,3.42,386.82,18.78,34.92,13.42,29.97,25.0,16.18,16.29,206.42,4.69,22.64,15.62,49.65,13.34,3.4,53.48,18.79,3.25,9.91,31.54,30.6,4.79,6.1,19.15,4.54,28.0,24.47,20.28,7.96,11.28,27.54,43.24,10.39,19.29,15.96,27.62,7.61,22.78,32.62,9.19,27.87,17.02,17.9,27.07,5.98,19.73,5.98,3.59,10.85,15.49,37.44,12.45,11.44,12.07,23.87,3.63,5.84,22.66,,18.52,9.55,,,18.16,19.91,21.83,8.6,16.08,34.92,36.61,,5.8,22.28,9.59,11.89,36.28,4.81,32.47,33.5,10.55,58.91,12.01,16.14,7.42,,11.85,67.35,35.9,7.66,4.18,17.27,35.41,5.39,16.95,34.54,50.07,16.59,14.4,22.86,31.14,7.15,42.06,7.38,33.59,16.3,4.05,11.76,41.88,3.19,61.45,38.11,24.9,49.15,39.16,57.5,34.22,3.08,17.83,17.43,6.57,11.4,41.71,35.85,
2017-03-27,99.42,36.74,3.47,378.82,19.1,34.15,13.34,30.15,24.31,16.2,16.26,215.45,4.75,22.58,15.58,49.6,13.35,3.42,53.8,18.88,3.28,10.09,30.71,30.66,4.85,6.18,18.93,4.56,27.94,23.89,20.16,7.92,11.26,27.15,42.55,10.31,19.08,16.04,27.7,7.53,22.33,32.45,9.14,27.93,17.02,17.53,27.03,6.08,19.23,5.89,3.64,10.83,15.41,38.42,12.37,11.52,12.01,24.14,3.65,5.92,22.48,,18.69,9.37,,,18.25,19.7,21.99,8.61,15.75,34.9,38.05,,5.71,21.59,9.62,11.64,36.04,4.75,32.1,33.31,10.46,61.12,12.26,16.04,7.34,,11.92,66.82,36.79,7.53,4.15,17.26,35.77,5.34,16.79,33.9,50.28,16.58,14.47,22.71,30.27,7.4,40.89,7.27,34.11,16.65,4.09,11.6,40.87,3.17,61.28,37.77,25.09,49.63,39.27,57.27,34.2,3.05,17.56,17.42,6.49,11.86,41.75,35.82,
2017-03-28,96.9,36.73,3.44,380.26,18.97,33.95,13.27,31.2,24.46,16.12,16.19,225.09,4.75,22.12,15.6,49.9,12.9,3.49,53.84,18.74,3.28,10.01,30.8,30.58,4.83,6.18,18.65,4.64,27.9,23.88,20.31,7.85,11.32,27.18,42.77,10.29,19.06,16.01,27.9,7.45,22.22,32.46,9.12,27.75,17.02,17.51,27.06,6.05,19.25,6.07,3.63,10.84,15.32,38.02,12.42,11.26,12.1,23.93,3.64,5.91,22.93,,18.7,9.49,,,18.09,19.51,21.95,8.55,16.17,34.73,37.99,,5.67,21.1,9.6,11.66,35.27,4.67,31.53,33.36,10.47,59.14,12.11,15.97,7.28,,11.91,66.86,36.48,7.44,4.09,17.16,38.1,5.4,16.8,33.86,50.49,16.44,14.43,22.79,30.37,7.39,41.0,7.29,34.95,16.39,4.09,11.45,40.86,3.17,59.4,36.27,25.06,50.58,40.35,57.14,33.9,3.07,17.66,17.1,6.49,11.87,41.7,35.73,
2017-03-29,92.35,36.78,3.46,383.65,19.09,33.8,13.27,30.13,24.86,16.06,16.14,215.2,4.78,22.2,15.4,48.8,12.8,3.48,53.35,18.14,3.29,9.93,31.2,29.83,4.91,6.15,18.71,4.55,28.18,23.22,19.96,7.85,11.2,26.51,43.1,10.17,19.15,15.87,27.3,7.49,22.01,32.5,9.11,27.41,16.82,17.05,26.63,6.14,19.38,6.16,3.63,10.67,15.1,38.53,12.37,11.45,11.92,23.6,3.65,5.93,22.81,,18.65,9.43,,,17.91,19.16,21.41,8.52,15.92,34.94,36.99,,5.69,21.35,9.53,12.0,34.93,4.7,31.0,33.08,10.5,58.64,12.04,15.7,7.3,,11.7,66.02,36.56,7.43,4.15,17.09,39.44,5.53,16.54,33.3,49.86,16.38,14.48,22.98,30.13,7.37,41.52,7.36,34.31,16.45,4.08,11.49,39.9,3.2,55.17,36.37,24.87,50.31,41.03,56.27,33.69,3.08,17.82,17.16,6.53,11.66,41.44,35.33,
2017-03-30,89.2,36.75,3.4,386.14,19.02,33.13,13.25,28.77,24.35,16.11,16.07,223.83,4.81,22.24,14.93,47.82,12.84,3.41,53.24,18.15,3.29,9.7,30.72,29.07,4.91,6.14,18.63,4.48,27.27,22.81,19.83,7.86,11.3,26.59,42.73,9.95,19.19,15.81,26.2,7.31,21.8,31.72,9.08,27.7,16.81,17.0,27.05,6.07,18.86,6.01,3.53,10.62,14.78,35.86,12.07,11.39,11.69,23.08,3.66,5.93,22.29,,18.43,9.19,,,17.94,18.9,20.64,8.46,15.48,34.57,34.8,,5.67,20.59,9.55,11.95,34.64,4.58,30.32,32.73,10.31,55.85,11.71,15.93,7.27,,11.7,64.61,35.74,7.34,4.12,17.06,39.62,5.63,16.17,33.4,50.02,16.37,14.44,21.62,29.33,7.39,41.78,7.13,34.48,16.0,4.09,11.11,38.96,3.16,53.19,33.6,24.8,48.25,40.15,56.32,33.38,3.01,17.11,16.14,6.44,11.82,41.95,33.96,
2017-03-31,89.24,37.01,3.38,386.36,19.17,33.3,13.27,28.5,25.3,16.21,16.11,210.1,4.84,22.08,14.98,48.02,13.12,3.44,54.33,18.25,3.34,10.0,31.7,29.37,5.0,6.23,18.91,4.71,28.3,23.13,19.81,7.87,11.25,27.11,43.0,10.12,19.36,16.01,26.31,7.2,21.95,31.9,9.17,27.2,16.81,16.96,27.42,6.18,18.88,5.91,3.53,10.56,14.88,34.3,12.11,11.19,11.79,23.98,3.7,5.94,22.61,,18.39,9.2,,,18.42,19.0,22.7,8.48,15.66,34.63,35.73,,5.74,20.73,9.61,12.18,35.1,4.65,30.72,32.86,10.24,55.76,11.72,15.82,7.26,,12.02,63.36,35.78,7.47,4.07,17.09,41.33,5.43,16.08,34.04,51.8,16.27,13.94,21.53,29.29,7.57,42.19,7.3,34.81,15.94,4.11,11.21,38.5,3.17,52.32,33.39,25.3,50.17,43.2,56.69,33.67,3.03,17.25,16.06,6.51,12.17,42.19,33.98,
2017-04-05,90.55,37.1,3.42,389.66,19.07,33.19,13.31,29.27,25.63,16.34,16.29,206.01,4.85,23.09,15.12,49.4,13.93,3.56,54.49,18.48,3.35,9.92,31.46,29.7,5.25,6.24,18.94,5.18,28.78,24.23,20.46,7.97,11.58,27.95,43.12,10.36,19.35,16.16,28.94,7.35,22.57,31.9,9.21,27.38,17.19,17.33,27.52,6.19,19.04,6.08,3.63,10.97,15.15,35.08,12.36,11.4,11.98,23.84,3.68,6.01,22.64,,18.82,9.49,,,18.39,19.41,22.93,8.51,15.48,36.83,37.98,,5.85,21.07,9.91,12.09,35.81,4.97,31.4,33.17,10.64,56.21,11.83,16.03,7.41,,12.04,64.73,36.12,,4.2,17.36,44.8,5.48,16.42,33.77,55.63,16.47,14.3,22.02,29.82,7.67,42.16,7.68,35.58,16.32,4.11,11.52,39.34,3.23,53.48,34.27,25.26,52.42,47.52,57.55,33.89,3.09,17.7,16.22,6.73,12.11,42.21,34.47,
2017-04-06,90.73,36.96,3.46,391.91,19.04,33.89,13.26,29.27,25.4,16.32,16.24,209.6,4.83,22.65,14.99,49.48,13.77,3.57,54.72,18.54,3.34,9.88,32.0,32.67,5.25,6.23,18.79,5.14,28.83,24.07,20.17,7.98,11.56,28.13,42.95,10.35,19.17,16.1,28.43,7.33,22.68,32.08,9.2,27.77,17.18,17.29,27.36,6.28,19.39,6.13,3.61,11.05,15.17,35.75,12.35,11.57,11.95,23.8,3.66,6.0,22.44,,18.82,10.05,,,18.14,19.76,22.72,8.49,16.12,37.7,39.1,,5.89,21.14,9.8,12.15,35.35,4.97,31.1,33.56,10.85,56.1,11.87,16.77,7.54,,11.98,64.03,,,4.25,17.33,43.84,5.55,16.26,32.68,55.74,16.48,14.15,21.86,30.17,7.72,41.8,7.82,35.96,15.97,4.08,11.46,39.64,3.24,53.77,33.79,25.06,52.27,48.28,56.63,33.78,3.09,17.79,16.12,6.74,12.01,41.85,34.4,
2017-04-07,90.25,36.6,3.56,392.87,18.89,33.65,13.27,29.26,25.48,16.34,16.28,215.03,4.86,22.33,14.85,49.6,13.83,3.66,54.83,18.62,3.36,9.89,31.81,32.21,5.24,6.25,18.61,5.1,29.29,24.16,20.28,8.05,11.56,28.84,42.69,10.39,19.29,16.1,30.09,7.25,22.97,32.39,9.2,27.51,17.18,17.26,27.28,6.23,19.47,6.02,3.63,11.35,15.07,36.43,12.38,11.45,12.06,23.83,3.64,6.02,22.11,,18.85,9.93,,,18.21,19.68,22.7,8.5,15.99,36.96,38.54,,5.99,21.54,9.74,12.0,35.17,4.94,32.08,33.19,10.86,56.67,12.49,16.75,7.52,,11.91,63.63,,,4.21,17.33,43.02,5.46,16.43,33.2,54.46,16.47,14.27,22.25,29.93,7.71,41.55,7.75,35.66,16.17,4.07,11.36,39.04,3.23,53.83,35.87,25.05,51.55,47.78,57.59,34.14,3.1,17.85,16.03,6.69,12.16,42.18,34.57,
2017-04-10,83.48,36.45,3.51,389.2,18.91,32.9,13.3,27.87,25.25,16.26,16.24,204.06,4.83,21.89,14.64,49.65,13.33,3.79,53.9,18.48,3.34,9.77,31.52,30.87,5.14,6.21,18.59,4.91,30.18,23.26,19.68,8.05,11.6,28.9,41.66,10.17,19.61,15.97,30.82,7.26,22.99,32.41,9.18,26.68,17.04,17.35,27.29,6.18,18.79,6.27,3.58,11.68,15.35,36.0,12.21,11.35,11.82,23.59,3.63,5.96,22.07,,18.66,10.04,,,18.04,19.29,22.11,8.43,16.07,37.62,37.48,,5.95,21.3,9.7,11.87,33.0,5.03,32.56,32.8,10.69,55.16,12.26,16.48,7.56,,11.72,61.94,,,4.17,17.1,42.82,5.47,16.59,32.7,49.94,16.48,13.78,21.87,29.24,7.84,40.4,7.75,35.06,16.02,4.05,11.47,39.5,3.19,51.73,35.44,24.9,50.93,47.8,58.52,34.12,3.11,17.62,15.79,6.71,11.92,42.11,34.22,
2017-04-11,85.23,36.19,3.57,385.29,19.02,32.4,13.29,28.13,24.9,16.18,16.27,,4.8,21.6,14.79,53.01,13.39,3.79,52.89,18.51,3.34,9.84,30.83,30.52,5.23,6.16,18.47,4.98,31.63,23.78,19.75,8.02,11.59,28.99,40.95,10.18,19.45,15.89,31.23,7.34,23.0,32.12,9.15,27.0,17.04,17.3,27.01,6.11,18.89,6.33,3.58,11.67,15.69,36.09,12.3,11.56,11.77,23.74,3.62,5.9,21.68,,18.87,10.43,,,17.95,19.7,22.77,8.41,16.0,36.79,37.43,,5.94,21.76,9.63,11.75,33.19,5.0,33.49,33.15,10.78,56.34,12.76,16.55,7.69,,11.75,62.3,,,4.25,17.15,42.09,5.62,16.36,32.49,49.36,16.45,13.66,22.17,29.19,7.84,39.95,7.69,35.68,16.14,4.04,11.63,38.97,3.2,52.24,38.98,24.79,50.78,46.72,57.17,37.53,3.12,17.53,15.87,6.61,11.81,42.08,33.96,
2017-04-12,83.57,36.01,3.57,390.23,19.05,32.4,13.55,27.98,25.4,16.0,16.37,183.65,4.85,21.57,14.8,52.98,12.88,3.72,53.36,18.6,3.32,9.73,30.81,29.47,5.2,6.14,18.66,5.03,31.18,23.68,20.3,8.1,11.66,28.67,42.05,10.21,19.25,15.89,29.25,7.09,23.14,32.05,9.12,26.96,17.39,17.05,27.15,6.26,18.71,6.15,3.69,11.23,15.5,34.8,12.48,11.44,11.61,23.47,3.62,5.96,21.79,,18.75,10.24,,,17.72,19.53,22.08,8.37,16.28,37.13,36.39,,5.93,21.49,9.56,11.81,32.36,5.01,33.2,32.85,10.62,54.9,12.9,16.16,7.6,,11.6,62.8,,,4.16,17.08,42.39,5.53,16.48,32.65,53.16,16.57,13.52,22.07,30.12,7.89,40.46,7.7,35.3,15.99,4.03,12.16,38.25,3.16,50.37,38.36,24.86,49.45,46.45,51.45,37.92,3.17,17.41,15.76,6.55,11.75,42.49,36.36,
2017-04-13,84.24,35.9,3.58,398.39,18.92,32.96,13.57,28.31,25.04,15.92,16.29,179.49,4.81,21.49,14.83,52.45,12.98,3.77,54.16,18.53,3.32,9.73,31.25,29.83,5.14,6.12,18.47,4.99,30.98,24.0,20.38,8.06,11.57,29.29,42.81,10.27,19.29,15.75,29.4,7.07,23.22,32.38,9.12,26.79,17.27,16.96,27.02,6.22,18.08,6.15,3.65,11.39,15.43,34.8,12.53,11.51,11.64,23.36,3.63,5.92,22.09,,18.46,9.98,,,17.45,19.37,21.84,8.33,16.43,36.43,37.1,,5.89,20.98,9.52,11.78,32.84,5.01,32.0,32.77,10.48,54.56,12.8,16.2,7.58,,11.49,63.14,,,4.13,17.05,44.75,5.5,16.48,33.04,52.68,16.46,13.64,21.99,30.91,7.81,41.27,8.14,35.32,16.25,4.01,12.12,37.1,3.15,49.95,37.63,24.97,49.86,50.8,51.51,37.33,3.15,17.48,16.11,6.54,11.76,42.24,,
2017-04-14,84.5,35.89,3.62,395.45,18.82,32.64,13.55,27.27,24.8,15.81,16.18,177.9,4.81,21.66,14.95,51.35,12.55,3.71,54.0,18.36,3.31,9.56,30.68,29.16,5.03,6.11,18.39,4.95,31.14,23.88,20.15,8.02,11.68,29.53,42.35,10.08,19.24,15.51,30.17,6.91,23.3,32.61,9.08,27.05,17.11,16.79,26.74,6.12,17.85,6.02,3.57,11.21,15.08,34.88,12.63,11.47,11.36,23.09,3.61,5.88,21.87,,18.3,9.91,,,17.26,19.03,21.48,8.2,16.34,36.22,35.52,,5.88,20.98,,11.56,32.57,5.0,30.99,32.8,10.4,52.31,13.16,15.84,7.48,,11.38,62.01,,,4.06,16.81,42.85,5.4,16.2,32.77,53.54,16.4,13.45,21.66,30.39,7.79,41.16,8.24,34.72,16.02,4.0,12.15,36.92,3.08,49.26,36.3,24.51,46.81,49.08,50.64,36.83,3.24,17.23,15.84,6.55,11.74,42.21,,
2017-04-17,82.83,36.02,3.53,395.79,18.88,33.18,13.52,26.93,24.39,15.84,16.18,178.53,4.83,20.8,14.63,51.38,12.27,3.71,54.18,18.3,3.3,9.36,31.75,28.05,5.04,6.12,18.45,5.05,29.83,23.35,20.48,8.05,11.86,28.02,42.96,10.03,19.3,15.56,29.57,6.81,23.7,32.95,9.1,26.3,17.14,16.85,26.59,6.08,17.7,5.96,3.56,11.26,14.97,34.05,12.73,11.77,11.43,22.78,3.6,5.88,22.04,,17.18,9.94,,,16.93,19.07,21.04,8.23,15.9,35.75,35.23,,5.85,21.08,,11.67,32.71,5.09,31.1,32.07,10.45,50.48,12.65,16.07,7.46,,11.22,61.87,,,4.03,16.8,42.88,5.35,16.12,31.65,55.12,16.46,13.13,21.13,30.11,7.78,41.95,8.36,34.82,15.88,3.98,12.29,35.11,3.04,46.21,33.68,24.62,46.48,50.96,52.2,35.8,3.23,17.21,15.88,6.5,11.4,41.63,,
2017-04-18,79.98,35.7,3.47,404.65,18.6,34.08,13.46,26.16,24.26,15.56,16.03,176.56,4.79,20.8,11.66,51.6,11.91,3.79,54.96,18.11,3.27,9.23,32.23,27.69,5.01,6.01,18.55,4.92,29.67,23.79,21.19,7.96,11.68,29.99,43.88,9.95,19.22,15.3,28.59,6.81,22.8,34.22,9.05,26.5,16.78,16.85,25.66,6.08,17.74,5.88,3.54,11.39,14.97,32.98,12.48,11.79,11.47,22.57,3.57,5.83,22.57,,17.01,10.0,,,16.7,18.87,20.92,8.06,16.23,35.01,33.51,,5.8,19.61,,11.92,30.44,5.12,33.05,31.73,10.43,50.49,12.67,16.33,7.5,,10.97,61.98,,,4.02,16.56,41.4,5.29,15.36,32.36,54.66,16.05,13.3,20.97,31.39,7.79,43.05,8.65,36.07,15.3,3.93,12.38,34.96,3.0,45.55,33.76,24.05,43.65,50.27,53.09,35.49,3.13,16.81,15.81,6.4,11.62,40.94,,
2017-04-19,81.23,35.51,3.49,405.74,18.46,34.23,13.47,26.35,24.45,15.29,16.05,181.5,4.74,20.99,11.33,51.26,11.77,3.73,54.97,18.09,3.25,9.29,33.21,27.86,4.89,5.97,18.57,4.62,29.02,23.47,20.73,7.8,11.39,30.25,44.0,9.95,18.99,15.11,27.48,6.77,23.13,34.42,8.91,26.62,16.79,17.25,25.74,5.82,17.86,5.71,3.51,11.33,14.74,34.0,12.14,12.0,11.5,22.72,3.53,5.76,22.75,,16.45,9.98,,,16.92,19.03,21.37,7.94,16.69,34.55,34.46,,5.76,18.68,,11.93,30.81,4.89,33.14,31.51,10.43,50.23,12.36,16.39,7.49,,11.02,60.3,,,3.95,16.41,41.37,5.26,15.1,32.87,51.21,15.98,12.37,19.99,31.42,7.79,43.51,8.32,36.24,14.57,3.88,12.18,34.82,2.98,46.8,32.15,23.83,44.18,49.91,53.15,35.62,3.05,16.2,15.68,6.19,11.92,40.92,,
2017-04-20,79.79,35.8,3.43,415.31,18.39,34.5,13.66,26.16,26.15,15.21,16.1,180.09,4.73,21.19,11.4,51.95,11.87,3.8,55.78,18.15,3.26,9.2,33.02,27.21,4.82,5.9,19.0,4.6,29.36,23.59,21.65,7.69,11.55,31.34,45.65,9.89,18.98,14.91,27.63,6.83,22.94,35.87,8.92,26.77,16.77,,26.11,5.85,17.85,5.6,3.51,11.6,14.81,33.98,12.14,12.38,11.71,22.46,3.51,5.76,23.25,,16.63,10.26,,52.01,16.85,18.87,20.89,7.84,16.92,34.5,34.04,,5.75,18.15,,12.23,31.06,4.75,34.19,31.58,10.47,51.27,11.98,16.4,7.57,,10.99,60.2,,,3.94,16.39,39.8,5.28,15.1,33.59,51.69,15.96,12.01,19.99,32.87,7.97,45.87,8.3,37.15,14.59,3.87,12.19,34.67,2.93,46.04,32.89,23.81,42.6,47.44,53.39,35.41,3.06,16.09,15.83,6.22,12.47,41.45,,
2017-04-21,80.2,36.09,3.44,400.53,18.8,34.23,13.81,24.77,25.84,15.36,16.25,174.9,4.81,20.93,11.14,51.97,11.71,3.98,56.28,18.33,3.29,9.26,32.91,27.13,4.8,5.95,18.96,4.49,28.23,24.0,21.53,7.79,11.51,30.67,45.65,9.88,19.16,15.05,27.16,6.91,23.56,36.3,8.97,27.45,16.88,,26.67,5.9,17.2,5.62,,11.25,14.55,34.45,11.99,11.57,11.73,22.58,3.54,5.92,22.78,,16.61,10.22,,50.8,17.24,18.91,21.08,7.9,16.91,35.11,33.91,11.89,5.8,18.17,,12.36,30.57,4.83,32.79,31.6,10.56,50.45,12.03,16.44,7.6,,11.3,58.8,,,3.97,16.64,40.1,5.3,14.94,33.43,49.04,16.13,11.84,20.08,32.43,8.0,45.68,8.34,36.77,14.62,3.89,12.52,34.33,2.94,46.55,33.79,24.13,42.28,47.94,53.23,34.97,3.07,16.27,15.97,6.25,12.55,41.7,,
2017-04-24,80.32,36.17,3.36,398.55,18.91,33.12,13.81,23.17,25.25,15.36,16.3,174.99,4.82,20.7,10.68,50.84,11.38,3.92,56.59,18.44,3.32,9.2,32.51,26.1,4.78,5.97,,4.21,27.32,24.15,21.35,7.77,11.0,30.58,44.31,9.59,19.3,15.0,25.67,6.71,23.34,36.03,8.93,26.25,16.97,,27.03,5.88,17.02,5.43,,10.93,14.21,34.46,11.29,11.13,11.67,22.7,3.57,5.9,22.58,,16.1,9.78,,52.03,17.25,19.35,21.06,7.83,16.49,34.51,30.52,12.02,5.84,17.22,,12.45,30.87,4.74,34.75,31.48,10.44,48.02,11.28,16.16,7.59,,11.14,56.8,,,3.72,16.59,36.9,5.27,14.35,33.27,44.34,16.23,11.23,19.39,31.58,8.06,44.8,8.18,36.23,14.27,3.88,11.97,32.61,2.81,46.41,30.44,24.55,38.05,44.56,53.25,34.81,3.0,15.79,15.67,6.05,12.66,42.82,,
2017-04-25,81.37,36.48,3.36,418.89,18.96,34.24,13.69,23.06,26.58,15.37,16.12,174.58,4.81,21.38,10.7,51.18,11.69,3.86,56.39,18.19,3.33,9.26,33.84,26.27,4.72,6.0,,4.23,29.33,24.64,21.91,7.74,10.99,30.11,46.6,9.63,19.21,15.05,25.61,6.81,23.68,37.55,9.0,26.46,16.81,17.66,27.27,5.9,16.68,5.46,,11.0,14.46,36.0,11.23,11.04,11.54,22.9,3.57,5.93,22.8,,16.09,9.74,,51.34,17.37,19.5,21.31,7.84,17.26,34.12,30.69,12.31,5.79,16.9,,12.42,30.86,4.83,35.03,31.49,10.26,48.3,11.35,16.86,7.57,,11.18,56.5,,,3.72,16.52,37.5,5.22,14.43,34.14,44.66,16.04,11.3,19.43,31.99,7.85,47.51,8.61,36.08,14.29,3.89,12.54,33.05,2.81,49.01,30.47,24.9,37.69,44.21,53.45,35.04,3.02,15.88,15.52,6.09,12.66,43.8,,
2017-04-26,82.4,37.51,3.35,417.96,19.11,34.3,13.92,23.4,26.4,15.38,16.2,191.99,4.87,22.36,10.75,52.52,11.84,4.03,55.58,18.22,3.35,9.24,33.43,26.56,4.62,6.01,,4.27,27.72,24.8,22.04,7.73,11.16,29.08,45.7,9.61,19.15,15.05,26.16,6.98,23.92,37.6,8.99,28.01,16.93,17.92,27.64,5.93,17.27,5.44,,11.23,14.36,35.53,11.25,10.98,10.51,22.88,3.58,5.98,23.15,,16.09,9.5,,51.53,17.24,19.32,21.38,7.71,17.09,30.71,31.71,12.25,5.78,16.8,9.0,12.56,31.76,4.8,37.06,31.73,10.24,48.57,11.35,17.03,7.5,,11.05,56.99,,,3.69,16.73,41.25,5.18,15.15,35.13,46.85,16.08,11.42,19.53,30.84,7.81,46.06,8.61,36.89,14.66,3.88,12.91,33.22,2.82,52.88,30.03,25.48,38.73,46.94,54.06,34.38,3.0,16.14,15.41,6.16,12.91,44.8,,
2017-04-27,84.06,37.82,3.35,421.44,18.98,34.04,13.89,24.5,26.5,15.46,16.23,194.99,4.88,22.37,11.14,52.09,12.05,4.05,54.71,18.2,3.38,9.19,33.58,27.26,4.67,6.02,,4.38,26.65,24.71,21.4,7.8,11.17,28.16,46.0,9.77,19.31,15.21,26.97,7.04,23.73,36.7,8.97,28.12,16.9,17.87,27.76,6.01,17.44,5.49,,11.41,14.5,35.67,11.31,11.31,10.51,22.73,3.59,5.96,22.74,,16.17,9.33,,52.6,17.37,19.15,21.3,7.87,17.08,30.6,31.71,12.8,5.78,17.12,8.99,12.55,31.61,4.84,36.86,31.92,10.2,49.69,11.31,16.93,7.76,,11.13,57.46,,,3.74,16.7,42.6,5.15,15.0,34.89,47.7,15.94,11.34,20.15,31.75,7.78,46.75,8.78,36.79,14.7,3.86,13.06,34.04,2.81,53.73,30.6,26.01,38.8,48.0,54.41,34.2,2.99,16.28,14.87,6.14,12.82,44.82,,
2017-04-28,83.58,37.96,3.38,413.48,19.13,33.66,13.89,25.0,27.13,15.46,16.23,198.06,4.88,22.38,11.1,51.88,11.95,4.03,53.63,18.2,3.38,9.17,33.0,27.12,4.71,6.02,18.26,4.4,26.66,23.38,21.59,7.8,11.22,27.86,45.5,9.72,19.47,15.21,26.77,7.03,23.49,36.57,8.99,27.9,17.0,17.76,27.75,5.95,17.44,5.5,,11.39,14.49,33.65,11.39,11.33,10.63,22.69,3.59,5.98,22.5,,16.06,9.36,,52.15,17.61,19.14,21.38,7.87,17.23,31.1,31.69,12.66,5.78,17.34,8.99,12.19,31.7,4.85,36.75,31.91,10.1,49.79,11.46,16.95,7.74,,10.56,56.64,,,3.76,16.73,42.16,5.16,15.39,17.37,47.33,15.94,11.39,20.32,31.01,7.8,46.5,8.59,36.84,14.99,3.86,13.16,34.1,2.85,54.12,32.42,26.13,39.46,48.21,53.15,34.35,3.02,16.42,15.01,6.24,12.64,44.84,,
2017-05-02,81.98,37.91,3.37,412.08,19.01,34.92,14.0,24.92,26.96,15.46,16.11,198.55,4.82,22.98,11.02,49.7,12.39,4.1,53.14,17.96,3.33,9.11,32.97,26.86,4.66,5.95,18.42,4.52,26.11,23.89,21.5,7.69,11.15,28.28,44.6,9.75,19.8,15.16,26.92,7.02,23.87,35.79,8.94,27.92,16.8,17.64,27.41,5.92,17.44,5.55,,11.4,14.51,33.1,11.43,11.19,10.45,22.35,3.56,5.91,22.05,,15.97,9.32,,52.17,17.15,18.93,21.11,7.86,17.28,30.95,31.92,12.8,5.73,17.05,8.92,12.95,31.3,4.7,36.78,31.9,10.04,50.73,11.25,16.95,7.71,,10.37,56.0,,,3.82,16.53,43.99,,15.03,17.53,49.69,15.85,11.66,20.4,30.98,7.92,45.29,8.26,37.45,15.46,3.85,14.18,35.03,2.86,54.1,31.64,25.94,40.39,48.95,53.28,33.69,3.0,16.37,14.86,6.28,13.1,44.89,,
2017-05-03,82.51,38.0,3.36,417.61,18.93,35.19,14.0,25.26,26.8,15.43,16.05,191.38,4.81,22.96,11.03,48.8,12.43,4.18,53.71,17.9,3.31,9.14,32.65,27.07,4.64,5.92,18.25,4.47,25.92,23.57,21.0,7.6,11.06,28.27,44.92,9.62,20.07,15.08,28.65,7.18,23.31,35.99,8.91,27.92,16.5,17.82,27.38,5.94,16.95,5.58,,11.68,14.85,33.59,11.44,11.22,10.66,22.49,3.53,5.88,22.47,,15.82,9.11,,52.42,16.99,19.02,21.45,7.78,17.16,30.5,31.69,12.94,5.73,16.99,8.78,13.11,31.6,4.53,36.08,31.31,9.88,50.56,11.21,17.19,7.59,,10.22,57.25,,,3.82,16.44,44.05,,15.15,16.9,49.66,15.83,12.83,21.1,31.46,7.96,45.93,8.07,36.2,15.86,3.87,14.29,34.1,2.82,55.89,31.79,25.73,40.0,49.2,51.71,34.07,2.92,16.21,14.65,6.22,12.81,45.55,,
2017-05-04,81.86,37.82,3.33,416.0,18.75,35.3,14.0,24.65,26.92,15.35,16.06,189.38,4.81,23.27,10.77,48.71,12.57,4.15,54.39,17.9,3.32,9.19,32.66,26.72,4.66,5.92,18.29,4.36,25.25,23.6,21.3,7.58,11.0,27.85,44.38,9.75,19.89,14.98,28.18,7.17,23.71,37.25,8.74,28.01,16.5,17.83,27.32,5.78,16.82,5.58,,11.54,14.69,33.28,11.4,11.13,10.59,22.48,3.53,5.89,22.14,,15.67,9.27,,52.76,16.98,18.8,21.68,7.71,17.2,30.44,31.86,13.66,5.71,16.96,8.7,13.1,30.95,4.41,38.68,30.59,9.9,49.81,10.85,17.23,7.59,10.11,10.24,57.05,,,3.81,16.28,42.36,,14.85,16.9,48.63,15.8,12.82,20.82,31.73,7.94,45.63,7.84,37.0,15.59,3.86,13.89,34.27,2.77,54.3,30.93,26.05,39.33,46.6,51.79,33.54,2.93,15.74,15.17,6.15,12.45,45.78,,
2017-05-05,90.05,37.26,3.3,416.19,18.8,36.15,14.06,24.11,26.69,15.38,15.78,189.99,4.86,22.65,10.38,48.34,12.43,4.11,54.64,17.86,3.33,9.09,32.77,26.48,4.57,5.93,18.34,4.27,24.37,22.7,21.18,7.55,10.63,26.7,44.16,9.6,19.78,14.92,26.26,6.99,23.06,37.0,8.63,27.79,16.53,17.6,27.34,5.52,16.48,5.44,,11.2,14.56,32.99,11.45,11.12,10.57,22.18,3.54,5.94,22.43,,15.14,9.32,,52.45,16.63,18.49,21.6,7.71,16.98,30.07,31.63,13.2,5.64,15.46,8.68,13.14,30.47,4.42,37.93,30.48,9.93,48.54,10.86,16.7,7.61,11.12,10.15,57.36,,,3.68,15.85,41.8,,14.7,17.0,44.95,15.82,12.39,20.83,31.01,7.97,45.41,7.7,36.4,15.64,3.86,14.29,33.77,2.72,54.96,29.56,25.77,38.78,45.03,52.01,32.73,2.93,15.24,14.96,6.05,12.42,45.91,,
2017-05-08,85.63,37.79,3.29,405.48,18.79,35.68,14.16,23.6,26.7,15.4,15.66,193.73,4.9,22.24,10.93,48.79,12.32,3.71,54.72,17.95,3.37,9.01,31.68,26.18,4.54,5.99,18.42,4.29,23.05,22.53,20.71,7.48,10.37,26.95,42.62,9.53,19.88,14.86,25.6,6.88,21.9,35.6,8.57,25.28,16.61,17.03,27.55,5.44,16.32,5.33,,11.2,14.4,33.76,11.5,10.18,10.65,22.14,3.57,5.93,22.28,,15.01,9.35,,51.86,16.58,17.81,21.59,7.75,16.02,29.3,31.6,12.8,5.72,15.47,8.59,13.23,30.0,4.39,34.9,29.03,10.02,48.63,10.65,16.13,7.7,12.23,10.01,59.47,,,3.53,15.78,42.31,,14.5,16.66,43.89,15.92,12.4,20.92,30.28,8.07,43.7,7.38,35.49,14.89,3.86,13.89,32.61,2.69,54.36,26.75,26.36,37.8,44.99,52.34,31.08,2.96,15.15,14.7,6.0,12.8,46.39,,
2017-05-09,87.1,37.99,3.27,408.76,18.79,35.3,13.97,24.77,27.06,15.44,15.6,204.48,4.87,22.99,11.2,49.0,12.45,3.76,54.38,17.81,3.36,9.2,31.16,26.37,4.55,5.95,17.41,4.29,23.61,22.65,21.26,7.49,10.58,27.35,43.67,9.58,19.74,14.76,26.15,6.82,22.29,36.48,8.64,26.18,16.48,17.16,27.34,5.59,16.56,5.37,,11.39,14.29,34.2,11.6,10.23,10.56,22.68,3.57,5.93,22.11,,15.06,9.33,,51.78,16.7,17.02,22.85,7.75,16.29,29.7,31.51,13.7,5.71,15.89,8.59,12.86,29.0,4.41,35.7,28.43,9.98,50.5,10.53,16.46,7.65,13.45,10.12,60.06,,,3.58,15.79,42.1,,14.4,17.18,43.48,15.81,12.69,21.36,30.31,7.97,44.58,7.56,34.75,14.63,3.87,14.04,33.34,2.7,54.7,27.57,26.17,37.69,45.8,51.22,30.66,2.95,15.28,14.75,5.97,13.01,46.96,,
2017-05-10,86.5,39.84,3.23,410.09,19.02,35.15,13.97,23.7,27.8,15.42,15.48,201.65,4.9,24.0,10.8,48.0,11.74,3.81,55.36,17.74,3.38,9.28,31.48,25.78,4.41,5.93,17.42,4.14,23.24,22.4,21.46,7.44,10.46,26.5,43.49,9.21,19.73,14.61,24.98,6.62,21.87,38.45,8.67,25.34,16.45,16.81,27.89,5.5,16.56,5.22,,10.96,13.83,35.56,11.09,9.94,10.54,22.83,3.58,5.94,22.13,,14.65,9.24,,51.12,16.96,16.64,23.22,7.75,16.05,29.71,31.25,13.5,5.71,15.8,8.63,12.85,28.51,4.3,34.55,27.46,9.93,49.89,10.13,15.97,7.63,14.8,10.3,58.85,,,3.44,15.59,39.83,,14.43,17.54,42.86,15.81,12.44,20.5,29.31,7.97,44.69,7.18,35.48,14.77,3.89,13.42,32.3,2.64,55.55,26.87,27.1,36.27,43.26,51.56,27.59,2.91,14.81,14.16,5.92,12.6,48.78,,
2017-05-11,87.64,39.77,3.2,412.16,19.26,35.82,14.1,24.88,27.78,15.57,15.52,205.42,4.93,24.0,11.0,47.83,11.94,3.79,55.92,17.85,3.41,9.25,32.88,25.43,4.32,5.94,17.58,4.17,23.97,22.82,21.77,7.62,10.7,26.77,44.33,9.22,19.78,14.75,24.23,6.6,22.19,38.69,8.7,25.25,16.54,17.3,27.99,5.52,16.74,5.21,,11.1,13.41,34.77,11.02,10.25,10.63,22.68,3.62,6.0,22.15,,14.43,9.37,,49.53,17.3,16.61,22.62,7.79,16.04,29.6,15.18,13.26,5.8,16.27,8.73,13.24,27.91,4.26,33.82,27.79,10.05,49.09,9.92,16.22,7.47,16.28,10.45,59.78,,,3.47,15.72,41.7,,13.71,17.31,43.55,15.94,12.19,20.12,29.29,8.08,46.0,7.33,36.01,14.89,3.9,13.61,31.8,2.61,57.88,28.28,27.02,36.66,44.36,52.01,27.05,2.91,14.69,14.4,5.87,12.72,48.55,,
2017-05-12,88.38,40.95,3.2,413.47,20.34,35.75,14.12,24.17,27.67,15.92,15.65,194.66,5.06,23.79,10.9,48.03,11.74,3.8,55.96,17.88,3.46,9.4,33.07,25.38,4.38,6.07,17.54,4.12,23.81,22.47,21.99,7.6,10.68,26.88,44.25,8.99,19.71,15.21,24.24,6.67,22.69,38.9,8.9,25.15,16.61,17.24,28.99,5.53,16.69,5.31,,10.97,13.25,34.48,10.93,10.21,10.61,23.16,3.67,6.16,23.08,,14.49,9.4,,49.99,17.83,16.77,23.7,7.99,15.94,30.31,15.2,13.37,5.87,16.3,8.9,13.15,28.3,4.23,33.45,28.31,10.0,50.89,10.13,16.22,7.5,17.91,10.8,60.27,,,3.5,15.87,41.2,,14.01,17.3,43.4,15.97,11.92,19.99,28.92,8.09,46.33,7.19,36.6,14.89,3.97,13.22,31.42,2.64,59.85,28.98,27.75,36.54,44.06,52.86,26.38,2.91,14.7,14.56,5.85,12.73,50.03,,
2017-05-15,90.33,40.9,3.21,419.55,20.67,35.31,14.21,23.41,29.0,15.89,15.81,188.98,5.1,25.11,10.63,47.93,11.74,3.88,56.5,18.1,3.44,9.33,33.03,25.41,4.38,6.04,18.13,4.18,23.33,22.66,21.89,7.7,10.78,27.97,45.18,8.88,20.27,15.27,25.43,6.7,23.0,40.16,8.86,24.62,17.0,17.44,28.77,5.58,17.14,5.32,,11.15,13.27,35.3,10.88,10.04,10.79,23.18,3.66,6.15,22.23,,14.41,9.34,,51.29,17.98,16.97,23.56,7.95,15.6,30.15,14.96,13.89,5.9,16.58,8.83,13.17,29.17,4.23,33.4,28.51,10.01,50.22,10.26,16.03,7.5,19.7,10.78,59.9,,,3.48,16.09,40.9,,13.89,18.02,42.67,16.19,11.77,19.89,29.79,8.3,46.99,7.24,37.93,15.01,3.96,13.67,31.51,2.69,60.0,28.67,27.14,36.49,44.08,53.76,26.36,2.91,14.83,14.61,5.9,12.93,49.02,,
2017-05-16,94.1,41.09,3.25,430.12,20.49,35.32,14.33,24.1,29.71,15.85,15.84,198.96,5.0,25.26,10.9,48.65,12.43,4.18,57.82,18.13,3.41,9.31,33.58,26.45,4.46,5.99,18.34,4.38,23.85,23.97,22.22,7.69,11.01,28.31,47.6,9.08,20.21,15.27,25.97,6.75,23.23,27.17,8.84,24.63,17.01,18.94,28.69,5.63,17.42,5.35,,9.41,13.61,36.16,11.06,10.19,10.92,23.14,3.63,6.11,23.03,,14.73,9.21,,51.92,17.65,17.18,23.3,7.94,16.0,31.17,15.98,14.24,5.87,16.67,8.84,13.3,29.98,4.27,35.93,28.45,9.94,55.24,10.31,15.45,7.53,21.67,10.66,60.18,,,3.51,16.14,44.99,,14.33,18.52,45.87,16.2,12.15,20.75,31.07,8.44,48.75,7.35,38.2,15.5,3.94,13.96,32.63,2.75,66.0,29.7,27.07,39.18,47.78,54.6,26.75,2.94,15.15,14.7,5.94,12.88,49.02,,
2017-05-17,94.0,40.42,3.24,426.6,20.19,34.37,14.2,24.71,29.0,15.73,15.84,200.11,4.96,25.46,11.29,48.86,12.33,4.11,57.44,18.1,3.41,9.28,32.92,26.47,4.46,5.95,18.2,4.35,24.14,23.71,21.65,7.59,11.02,28.44,46.36,9.41,20.05,15.21,26.95,6.74,23.24,25.93,8.77,24.97,17.0,18.97,28.08,5.66,17.23,,,9.41,13.57,35.72,11.02,10.27,10.93,23.3,3.62,6.05,22.87,,14.62,9.2,,53.13,17.36,17.04,22.85,7.88,16.0,31.8,15.88,14.0,5.79,16.67,8.77,13.13,29.86,4.28,35.22,28.45,9.9,53.71,10.33,15.46,7.52,23.84,10.52,61.57,,,3.52,16.03,44.99,,14.44,18.1,44.33,16.11,12.13,20.67,30.97,8.31,47.15,7.39,37.38,15.6,3.9,13.7,32.65,2.74,68.95,29.61,26.29,38.39,46.54,53.85,27.24,2.93,15.09,14.71,5.96,13.2,48.34,,
2017-05-18,96.05,40.62,3.27,429.54,20.25,34.48,14.24,24.54,28.23,15.61,15.68,199.32,5.0,24.74,11.47,48.37,12.33,4.16,58.83,17.97,3.42,9.13,32.64,26.3,4.43,5.92,18.35,4.31,23.74,23.4,21.59,7.62,11.05,23.69,46.5,9.44,19.86,15.01,26.73,6.73,23.25,26.28,8.73,25.0,16.87,19.04,27.83,5.64,16.99,,,9.47,13.84,35.29,10.91,10.09,10.9,23.04,3.61,6.07,22.89,,14.54,9.15,,52.21,17.37,16.75,22.06,7.82,16.32,31.6,15.6,13.73,5.81,17.9,8.68,13.15,29.8,4.22,33.94,28.29,9.85,53.69,10.44,15.55,7.51,26.22,10.49,60.8,32.51,,3.47,15.81,44.25,,14.89,17.73,44.79,16.1,12.02,20.69,30.95,8.39,46.82,7.21,38.62,15.49,3.86,13.58,32.6,2.72,67.6,28.61,26.24,37.45,45.39,54.11,26.79,2.94,14.86,14.53,5.95,13.13,47.84,,
2017-05-19,93.05,41.01,3.24,440.82,20.53,35.54,14.29,24.48,28.24,15.59,15.71,195.0,4.98,25.32,11.16,48.55,12.1,4.15,58.73,18.06,3.43,9.12,33.1,26.45,4.49,5.92,18.86,4.32,23.81,23.67,21.0,7.6,11.0,23.13,47.08,9.64,19.98,15.02,28.18,6.7,23.09,26.58,8.69,24.83,16.69,19.12,27.84,5.65,16.94,,,9.41,13.75,34.9,11.08,10.12,10.9,22.96,3.61,6.05,22.73,,14.53,9.09,,53.01,17.3,18.43,21.62,7.81,16.44,32.1,15.55,13.51,5.84,18.34,8.65,13.32,29.35,4.22,33.58,28.01,9.83,52.88,10.27,15.43,7.43,24.29,10.52,60.25,30.3,,3.46,15.73,42.02,,15.04,17.79,45.22,16.03,12.29,20.89,30.5,8.4,47.22,7.19,39.0,15.48,3.86,12.7,32.33,2.72,66.99,28.17,26.24,37.18,44.69,54.2,26.63,2.93,14.97,14.66,5.99,13.04,48.06,,
2017-05-22,86.72,42.84,3.23,441.78,20.89,36.21,14.56,23.5,29.14,15.69,15.55,94.83,5.03,25.2,11.08,48.39,11.61,4.12,59.32,18.13,3.45,9.03,33.82,25.41,4.35,5.95,19.25,4.24,23.19,23.85,20.9,7.69,10.92,23.15,47.13,9.54,20.15,15.04,26.49,6.7,23.39,27.92,8.68,24.28,16.57,19.0,28.63,5.66,16.43,,,9.29,13.36,33.79,10.97,9.65,10.98,22.6,3.63,6.11,23.16,,14.35,8.98,,52.04,17.12,18.41,21.56,7.77,16.15,31.8,15.52,13.52,5.95,17.19,8.6,13.49,29.4,4.19,34.24,28.38,9.83,52.48,10.07,14.87,7.47,21.86,10.33,60.11,30.05,,3.4,15.6,41.46,,,17.54,42.99,16.13,12.49,20.39,29.53,8.48,47.38,7.0,38.6,15.16,3.85,12.61,31.15,2.73,60.29,28.27,27.08,36.45,44.72,54.43,25.99,2.93,15.05,14.58,6.15,12.63,49.95,,
2017-05-23,86.02,43.17,3.27,454.2,21.83,36.32,14.76,22.34,29.28,15.94,15.73,87.78,5.1,24.31,11.06,48.79,11.28,3.98,60.2,18.4,3.5,8.89,33.99,24.41,4.27,6.03,19.33,4.26,21.61,22.97,20.87,7.79,10.73,23.91,48.26,9.42,20.97,15.43,24.98,6.7,23.45,28.13,8.79,23.72,16.78,19.0,29.05,5.68,16.04,,,9.28,13.09,34.52,10.93,9.48,10.97,22.81,3.68,6.2,24.62,,14.14,9.07,,50.44,17.68,17.11,21.68,7.89,15.62,31.08,15.49,13.68,6.0,15.75,8.68,13.69,28.3,4.16,33.19,28.68,9.93,54.16,9.9,14.75,7.49,22.18,10.54,60.41,28.66,,3.31,15.7,41.79,,13.54,17.62,42.27,16.3,11.95,20.22,32.19,8.59,48.7,6.55,39.5,14.8,3.91,11.95,30.3,2.64,60.4,26.64,27.93,36.15,44.95,54.14,24.87,2.96,14.9,14.68,6.28,12.58,51.01,,
2017-05-24,83.71,43.03,3.25,450.32,21.91,36.11,14.78,22.42,28.9,16.02,15.79,89.1,5.11,25.2,11.38,48.8,11.51,4.07,60.11,18.5,3.5,8.76,33.75,24.94,4.29,6.02,18.87,4.29,21.8,23.52,20.6,7.75,10.81,23.9,47.95,9.72,21.09,15.47,25.88,6.69,22.95,27.93,8.81,23.2,16.85,18.98,28.84,5.67,15.65,,,9.38,13.26,35.22,10.98,9.61,10.98,22.58,3.66,6.19,24.29,,14.06,9.06,,51.53,17.56,17.18,20.54,7.82,15.96,31.91,15.67,13.5,5.98,16.66,8.65,13.71,28.93,4.16,33.93,29.34,9.94,56.9,9.73,14.52,7.5,22.49,10.52,60.95,27.52,,3.32,15.68,42.98,,13.29,17.4,43.13,16.38,12.09,20.25,31.4,8.52,48.18,6.57,38.96,14.98,3.87,12.0,30.49,2.64,58.2,26.96,27.45,36.5,45.63,54.33,24.93,2.96,14.74,14.68,6.22,12.62,50.38,,
2017-05-25,84.52,45.49,3.27,450.6,22.95,35.33,14.69,22.81,28.4,16.57,16.41,90.82,5.16,24.82,11.7,48.75,11.67,4.06,58.6,18.99,3.48,9.01,33.59,25.09,4.35,6.13,19.31,4.29,22.07,23.55,20.39,7.87,11.11,24.02,47.73,9.71,21.44,12.93,26.84,6.84,22.9,27.31,9.1,23.69,17.37,19.92,29.75,6.02,15.66,,,9.75,13.66,35.12,11.1,9.63,11.1,23.44,3.7,6.28,24.28,,14.33,9.28,,51.9,18.23,17.51,21.11,8.11,16.2,32.89,15.51,13.4,6.16,16.8,8.97,13.61,29.84,4.25,33.73,29.38,10.01,56.32,9.86,14.44,7.59,21.2,11.09,62.38,27.67,,3.38,16.65,42.92,,13.48,17.44,43.66,16.8,12.23,20.6,31.48,8.46,48.35,6.74,38.84,15.0,3.98,12.05,30.66,2.69,56.42,28.8,28.66,36.85,45.21,55.52,24.97,2.99,15.24,14.72,6.41,12.69,52.12,,
2017-05-26,85.7,45.18,3.28,451.92,22.64,35.67,14.64,23.1,27.6,16.5,16.39,88.58,5.23,24.11,11.6,49.11,11.41,4.02,58.89,19.01,3.51,8.95,34.07,25.16,4.31,6.17,19.51,4.23,21.99,23.12,20.21,7.8,11.19,23.11,47.56,9.72,21.55,12.84,29.52,6.91,22.48,26.74,9.1,24.08,17.39,19.38,29.94,5.93,15.78,,,9.93,13.56,35.2,10.97,9.67,11.06,23.55,3.7,6.37,24.0,,14.16,9.33,,52.45,18.15,17.67,20.94,8.01,16.24,32.93,15.57,13.04,6.14,16.77,8.92,13.96,29.91,4.26,32.84,23.69,10.01,56.0,10.0,14.83,7.63,21.92,11.1,62.41,28.49,,3.37,16.58,42.5,,13.36,16.98,43.19,16.8,12.16,20.26,31.55,8.46,48.53,6.63,38.83,15.27,3.97,11.94,30.76,2.69,62.06,28.34,28.58,36.89,44.94,55.48,24.58,2.99,15.22,14.73,6.47,12.57,52.3,,
2017-05-31,87.38,45.07,3.28,442.94,22.42,36.12,14.81,23.04,27.82,16.55,16.44,87.77,5.25,24.73,11.79,49.85,11.25,3.86,49.79,19.26,3.54,9.03,34.08,25.23,4.3,6.2,19.41,4.21,22.31,23.18,20.58,7.82,11.16,23.13,47.88,9.75,21.42,12.84,29.07,6.9,23.0,26.5,9.2,24.15,17.58,19.53,30.35,5.97,15.0,,,9.9,13.5,34.86,10.96,9.66,11.22,23.9,3.73,6.37,23.92,,14.16,9.45,,52.33,18.45,17.77,21.35,8.03,16.81,32.94,15.6,13.15,6.27,16.25,8.94,14.17,29.82,4.23,35.1,24.1,10.13,53.71,9.98,14.79,7.72,22.81,11.09,63.45,28.55,,3.37,16.65,41.61,,13.69,17.0,42.62,17.0,12.1,19.93,30.91,8.55,48.22,6.52,38.94,15.17,3.99,11.41,30.76,2.69,65.55,28.54,28.08,37.2,44.45,54.24,24.56,2.19,15.1,15.19,6.34,12.88,53.07,,
2017-06-01,78.74,45.97,3.27,449.28,22.59,36.5,15.03,22.67,27.73,16.58,16.37,87.33,5.31,24.29,11.47,49.33,10.79,3.86,50.76,19.46,3.58,9.34,33.97,23.76,4.23,6.25,19.44,4.07,21.59,21.7,20.39,7.85,11.1,22.61,48.34,9.6,21.72,12.92,29.27,6.97,22.9,27.95,9.19,23.76,17.68,19.55,30.79,6.01,13.98,,,10.01,13.1,31.95,10.84,,11.36,24.44,3.74,6.41,24.43,,13.93,9.59,,51.8,18.34,17.69,21.6,8.02,16.77,33.12,14.6,13.28,6.33,15.4,8.98,14.38,29.79,4.28,35.6,24.01,10.27,53.98,9.7,14.89,7.8,20.53,11.14,62.08,27.69,,3.39,16.52,39.27,,13.55,17.2,40.16,17.15,12.0,19.45,31.05,8.41,48.01,6.4,40.47,14.69,4.01,11.09,29.0,2.64,23.86,28.61,28.68,35.45,41.6,56.29,24.0,2.15,14.8,14.97,6.31,13.51,53.21,,
2017-06-02,25.51,44.96,3.26,447.31,22.16,36.39,14.98,23.32,27.9,16.43,16.38,89.26,5.3,24.5,12.13,49.44,10.92,3.89,50.08,19.14,3.57,9.6,33.5,24.16,4.29,6.22,19.2,4.04,22.28,21.95,19.89,7.77,11.44,22.69,47.96,9.6,22.29,12.89,29.61,6.93,22.45,27.86,9.17,23.7,17.55,19.75,30.1,6.1,14.37,,,9.97,13.4,32.25,10.76,,11.33,24.73,3.72,6.35,24.31,,14.16,9.57,,52.75,18.04,17.69,22.29,8.0,16.58,33.11,14.58,13.22,6.26,15.72,8.89,14.3,30.14,4.26,35.33,23.75,10.23,53.29,9.74,14.84,7.78,20.15,10.99,63.8,27.84,,3.41,16.48,39.4,,13.53,17.26,41.42,16.9,11.79,19.04,30.63,8.42,47.46,6.33,40.15,14.92,4.03,11.26,29.38,2.67,22.4,28.48,28.11,35.63,41.86,57.15,23.95,2.14,15.0,14.94,6.36,13.67,50.8,,
2017-06-05,25.5,44.67,3.28,444.41,21.98,36.39,14.78,23.6,28.21,16.28,16.21,90.25,5.14,24.73,12.21,50.2,11.01,3.89,48.77,19.12,3.46,9.53,33.27,24.24,4.29,6.11,18.99,4.07,22.52,22.13,20.2,7.74,11.48,22.77,47.09,10.02,,12.85,28.86,6.88,22.11,27.99,9.03,24.17,17.47,19.62,29.4,6.04,14.81,,,9.98,13.41,32.31,10.82,,11.38,24.32,3.63,6.15,24.13,,14.16,9.53,,52.76,17.79,17.92,22.07,7.9,16.68,33.51,14.8,13.76,6.12,16.12,8.79,14.23,30.2,4.27,29.81,23.45,10.07,54.55,10.05,15.35,7.69,,10.79,63.18,29.42,,3.41,16.5,39.77,,13.51,17.85,41.4,16.85,11.78,19.17,30.61,8.23,46.69,6.32,39.74,15.16,3.97,11.38,29.26,2.7,24.64,28.76,27.5,36.68,42.97,57.26,24.15,2.15,15.09,14.99,6.29,13.58,50.02,,
2017-06-06,25.49,46.03,3.3,448.82,21.93,38.0,14.78,24.53,28.17,16.27,16.25,88.87,5.14,25.2,12.17,50.0,11.07,3.85,49.49,19.19,3.47,9.34,34.26,24.33,4.33,6.12,19.3,4.09,22.55,22.21,19.58,7.72,11.22,22.76,48.51,10.24,,12.8,28.06,6.85,22.44,28.62,9.04,24.75,17.44,19.81,29.54,6.01,15.01,,,10.15,13.55,32.31,10.79,,11.4,24.54,3.64,6.17,24.85,,14.25,9.6,,52.22,17.96,17.74,15.44,7.93,16.77,34.0,14.41,13.85,6.09,16.03,8.84,14.65,30.85,4.26,29.3,23.58,10.1,53.55,10.14,15.29,7.76,,10.86,63.39,29.6,,3.45,16.55,37.31,,13.49,18.25,42.29,16.86,11.75,19.04,31.63,8.04,47.81,6.36,40.0,15.18,3.96,11.44,29.19,2.7,27.1,29.87,27.62,36.47,42.24,57.37,25.35,2.16,15.19,14.94,6.36,13.67,50.92,,42.94
2017-06-07,26.96,45.98,3.32,459.37,22.52,38.7,14.8,24.82,28.65,16.44,16.37,91.61,5.16,25.5,12.59,50.5,11.35,3.91,50.34,19.36,3.51,9.37,34.6,25.03,4.42,6.13,19.25,4.16,22.81,22.5,19.7,7.75,11.38,24.44,50.9,10.34,,12.84,29.19,6.97,23.17,29.55,9.13,25.21,17.52,20.59,30.66,6.15,15.58,,,10.51,13.89,33.89,11.02,,11.49,24.57,3.67,6.18,24.87,,14.44,9.67,,53.49,18.1,17.98,15.69,8.02,17.3,35.3,14.94,14.21,6.09,16.39,8.9,14.66,31.3,4.33,29.81,23.73,10.11,54.85,10.22,15.46,7.76,,10.98,63.89,29.79,,3.48,16.74,38.35,,13.93,19.04,43.34,17.02,11.92,19.5,32.33,8.08,49.56,6.59,40.03,15.3,3.97,11.5,30.3,2.73,29.81,30.64,27.49,37.69,44.02,58.67,26.1,2.19,15.51,15.1,6.43,14.4,50.5,,47.23
2017-06-08,26.44,47.62,3.29,464.31,22.74,40.25,15.05,26.65,29.0,16.49,16.44,88.23,5.16,25.41,12.54,50.5,11.53,4.02,51.26,19.36,3.51,9.39,36.25,25.3,4.39,6.11,20.48,4.17,23.11,22.44,20.2,7.73,11.42,24.57,51.4,10.86,,12.84,29.19,6.96,23.44,29.56,9.13,25.23,17.54,20.63,31.22,6.12,15.55,,,10.62,13.75,34.6,10.97,,11.49,24.99,3.67,6.18,25.79,16.22,14.37,9.59,,53.36,17.98,17.8,15.59,8.06,17.19,35.3,14.94,14.42,6.14,16.19,8.89,15.05,30.98,4.3,30.17,23.6,10.02,53.94,10.15,15.57,7.76,,10.93,63.22,29.43,,3.47,16.78,38.73,,13.95,19.01,43.16,16.98,12.17,19.34,33.75,8.21,50.0,6.54,41.66,15.4,3.97,11.29,30.08,2.73,32.79,30.16,28.5,37.4,45.26,59.04,26.4,2.19,15.5,15.13,6.49,14.48,51.79,,51.95
2017-06-09,25.88,48.14,3.3,465.74,22.91,40.3,14.88,25.9,28.65,16.62,16.57,88.76,5.16,25.16,12.43,50.24,11.54,4.05,51.14,19.25,3.5,9.38,36.04,25.08,4.41,6.12,20.43,4.2,22.85,22.0,21.0,7.73,11.59,24.78,52.17,10.84,,12.93,28.82,7.3,23.41,31.22,9.15,25.59,17.41,20.98,32.09,6.3,15.75,,,10.78,14.02,35.05,11.06,9.97,11.58,25.07,3.66,6.21,26.1,17.84,14.28,9.86,,53.38,18.07,17.64,15.49,8.12,17.19,35.3,15.3,14.26,6.11,15.9,8.93,15.01,31.35,4.27,30.75,23.46,10.09,53.05,10.03,15.65,7.91,,11.01,62.22,28.97,,3.54,16.79,39.52,,13.78,19.42,44.96,16.9,12.3,19.51,34.29,8.37,49.85,6.51,41.99,15.57,3.99,11.29,29.63,2.73,32.5,29.87,28.46,37.66,45.51,59.38,26.83,2.17,15.57,15.42,6.49,14.99,52.75,,57.15
2017-06-12,24.38,48.93,3.25,472.88,22.84,40.46,14.89,25.02,27.55,16.62,16.43,79.88,5.15,24.5,12.26,50.5,11.05,4.0,51.23,19.27,3.48,9.32,37.57,24.69,4.44,6.06,20.52,4.22,22.21,21.45,20.95,7.64,11.79,25.66,54.83,10.71,,12.78,28.08,7.29,23.69,30.7,9.11,25.45,17.24,20.99,32.74,6.47,15.4,,,10.67,13.7,34.35,10.77,9.81,11.38,24.57,3.64,6.24,26.33,18.16,13.98,9.88,,52.4,18.22,17.18,15.36,8.05,16.57,36.21,15.18,14.53,6.11,15.86,8.93,15.07,30.58,4.2,29.85,23.9,10.02,51.71,9.96,15.27,7.94,,10.88,59.71,29.05,,3.52,16.42,38.65,,13.55,19.04,45.85,16.72,12.26,19.13,35.14,8.41,51.02,6.35,42.11,15.44,3.97,10.76,27.91,2.69,30.4,29.79,29.0,36.96,45.4,58.73,27.0,2.15,15.31,15.55,6.46,14.84,52.82,,62.87
2017-06-13,24.3,48.44,3.31,473.04,22.49,40.16,14.7,25.3,27.93,16.54,16.42,79.93,5.15,24.79,12.5,51.82,11.31,4.0,50.8,19.25,3.49,9.28,37.35,25.24,4.5,6.07,20.55,4.5,22.47,21.68,20.84,7.65,11.8,25.82,54.69,10.8,,12.59,28.72,7.32,23.99,30.72,9.12,25.76,17.31,20.95,32.8,6.56,15.6,,,10.54,13.87,34.6,10.96,9.86,11.39,24.63,3.64,6.27,26.27,18.16,14.6,9.9,,52.71,18.26,17.31,15.38,8.09,16.74,36.3,16.7,15.48,6.05,16.07,8.89,15.02,30.99,4.27,30.7,23.86,9.99,51.96,10.07,15.45,7.95,,10.89,59.98,29.24,,3.53,16.58,41.99,,13.68,19.05,50.44,16.73,12.45,19.8,35.21,8.36,50.88,6.58,42.55,15.45,3.96,11.05,28.73,2.75,31.4,30.52,28.48,39.57,49.27,59.36,26.71,2.18,15.86,15.56,6.58,14.97,51.37,,69.16
2017-06-14,24.0,47.21,3.31,474.39,21.3,39.1,14.53,25.43,27.54,15.92,16.35,79.22,5.15,24.62,12.24,51.6,11.38,3.9,50.82,19.25,3.48,9.21,36.43,25.61,4.45,6.07,20.0,4.55,22.49,21.18,20.82,7.66,11.64,25.18,53.7,10.89,,12.46,28.49,7.33,23.95,29.3,9.08,26.05,17.32,20.79,31.69,6.49,15.63,,,10.42,13.81,35.15,11.1,9.82,11.3,24.16,3.63,6.25,25.31,17.77,14.63,9.52,,52.77,17.91,17.25,15.03,8.06,16.49,36.5,16.45,15.24,5.98,16.06,8.82,14.35,31.08,4.31,30.33,23.62,9.97,51.22,10.14,15.38,7.89,,10.81,58.81,29.45,,3.59,16.62,42.05,,13.42,18.72,53.19,16.81,12.31,20.16,35.47,8.23,50.23,6.53,42.0,15.79,3.95,11.05,29.31,2.73,30.2,31.01,27.49,39.8,50.0,58.24,26.82,2.17,15.78,15.34,6.32,14.57,49.87,,76.08
2017-06-15,26.4,46.18,3.35,464.3,20.93,39.7,14.4,25.5,27.52,15.8,16.46,82.67,5.05,24.8,12.5,51.7,11.41,3.9,50.52,19.34,3.44,9.24,36.54,26.32,4.51,6.05,19.91,4.62,22.54,21.52,20.8,7.65,11.62,24.92,52.21,10.95,,12.38,28.81,7.34,23.86,29.16,9.04,25.68,17.4,21.3,31.52,6.44,16.41,,,10.51,14.01,36.6,11.18,9.75,11.3,24.3,3.61,6.16,25.23,17.27,14.8,9.54,,53.55,17.83,17.47,15.14,8.02,16.5,36.76,16.63,,5.92,16.19,8.82,14.09,32.07,4.3,30.32,23.69,9.97,51.37,10.11,15.67,7.82,,10.78,61.93,29.17,,3.6,16.79,42.75,,13.43,18.95,53.01,16.85,12.34,20.16,34.34,8.07,49.1,6.65,40.59,16.11,3.93,11.39,29.69,2.73,30.73,31.39,27.14,40.86,49.93,57.27,27.09,2.18,15.77,15.33,6.36,14.31,49.37,,74.06
2017-06-16,25.63,46.7,3.35,462.63,20.81,39.06,14.4,25.23,27.99,15.79,16.31,81.69,5.04,24.5,12.45,51.05,11.12,3.98,51.36,19.22,3.45,9.13,35.99,26.02,4.45,6.05,19.83,5.04,22.77,21.48,20.71,7.65,11.49,25.33,52.02,10.7,,12.35,28.07,7.26,24.02,29.54,9.02,25.67,17.25,21.44,31.64,6.3,16.13,,,10.33,14.0,36.81,11.22,9.74,11.39,24.22,3.62,6.12,25.08,17.2,14.67,9.2,,54.47,17.63,17.36,14.95,8.03,16.34,36.36,16.63,,5.93,16.18,8.9,14.0,31.75,4.31,30.04,23.44,9.96,50.46,10.03,15.64,7.75,,10.78,60.64,28.81,,3.56,16.69,43.09,,13.55,18.5,55.38,16.79,12.37,20.59,34.27,8.1,49.31,6.61,40.23,15.95,3.93,11.29,30.1,2.76,32.18,34.14,26.83,40.3,49.64,28.08,27.3,2.18,15.67,15.26,6.38,14.48,49.19,,70.91
2017-06-19,25.72,48.56,3.35,470.17,21.16,40.34,14.53,25.29,28.15,15.91,16.71,82.76,5.0,24.3,12.53,51.23,11.21,3.98,50.27,19.85,3.43,9.18,37.31,26.11,4.5,6.07,20.01,4.95,23.17,22.24,20.71,7.65,11.81,25.45,52.57,10.73,,12.4,27.95,7.47,24.7,29.24,9.13,25.9,17.75,21.61,32.18,6.62,16.33,,,10.39,14.06,40.0,11.21,9.86,11.43,24.5,3.61,6.13,25.08,17.4,9.79,9.31,,54.3,17.71,17.57,15.01,8.1,16.48,35.96,16.79,,5.95,16.04,8.96,14.21,32.17,4.36,29.85,23.45,10.0,51.34,10.05,15.63,7.89,,10.83,61.19,28.71,,3.56,17.03,42.62,,13.5,18.99,56.49,17.05,12.53,20.64,34.43,8.12,49.0,6.81,40.86,16.28,3.95,11.34,29.36,2.77,30.55,36.23,27.13,39.95,48.9,28.36,28.2,2.19,15.82,15.27,6.45,13.06,49.87,,69.31
2017-06-20,25.67,48.1,3.33,466.3,21.08,40.88,14.56,25.52,28.0,15.88,16.68,83.8,5.04,25.0,12.24,50.58,11.36,4.06,49.3,19.86,3.47,9.19,37.31,25.8,4.53,6.09,19.82,4.97,22.96,22.33,20.36,7.7,11.9,25.41,52.2,10.67,,12.29,28.05,7.44,24.81,29.19,9.12,26.34,17.78,21.86,31.68,6.58,16.69,,,10.45,14.49,39.0,11.24,9.83,11.41,24.39,3.62,6.17,25.08,17.02,9.94,9.29,,54.27,17.55,17.6,15.02,8.1,16.47,35.97,17.25,,5.94,16.31,8.89,13.96,31.95,4.47,29.03,23.4,9.94,51.05,10.11,15.93,7.81,,10.77,62.06,28.93,,3.56,17.12,44.55,,13.48,18.81,55.98,17.1,12.55,20.95,33.62,8.12,49.3,7.12,40.04,16.24,3.95,11.63,29.83,2.78,29.3,33.93,26.54,42.45,52.84,27.73,28.0,2.2,15.75,15.26,6.42,13.27,48.92,,70.08
2017-06-21,25.3,49.43,3.34,472.71,21.31,42.79,14.71,25.3,28.89,15.94,16.77,83.23,5.05,25.0,12.01,50.95,11.49,4.08,49.99,19.85,3.47,9.21,38.54,25.76,4.59,6.12,20.59,4.98,23.13,22.32,20.56,7.72,12.05,26.5,54.61,10.77,,12.34,27.19,7.45,25.15,31.15,9.15,26.31,17.79,22.81,32.23,6.61,16.32,,,10.57,14.51,40.37,11.18,9.89,11.42,24.84,3.62,6.19,26.46,17.2,9.92,9.32,,54.58,17.69,17.38,15.02,8.1,16.51,36.15,17.38,,5.94,16.21,8.89,14.65,32.28,4.5,29.65,23.66,9.94,50.77,10.14,15.93,7.85,,10.82,62.14,28.91,,3.55,17.05,44.0,,13.43,19.48,56.88,17.01,12.62,20.91,35.14,8.21,50.15,7.14,41.21,16.2,3.96,11.68,29.35,2.76,27.92,33.26,26.79,41.98,52.9,28.59,27.95,2.19,15.68,15.26,6.56,13.32,49.39,,68.07
2017-06-22,24.63,49.14,3.35,472.75,22.73,42.5,14.81,24.17,29.1,16.19,16.9,77.26,5.1,24.75,11.79,50.77,11.17,3.99,49.51,19.9,3.5,9.32,38.62,25.42,4.56,6.15,20.64,4.86,22.76,22.2,19.99,7.69,12.07,26.07,54.15,10.46,,12.57,26.95,7.6,24.81,31.21,9.25,26.32,17.87,22.4,33.21,6.51,15.89,,,10.08,14.36,39.57,11.19,9.89,11.45,25.33,3.65,6.27,25.77,16.95,10.19,9.44,,55.56,17.83,17.21,15.16,8.14,16.22,35.63,16.83,,5.97,16.0,8.99,14.3,33.18,4.44,29.89,23.48,9.99,50.41,10.13,16.2,7.88,,10.9,60.97,29.23,,3.58,17.11,42.92,,13.2,19.0,54.33,17.09,12.48,20.21,34.92,8.24,49.94,7.04,40.13,15.91,3.99,11.37,28.75,2.74,27.7,33.23,27.46,40.7,52.8,28.29,27.42,2.17,15.72,15.3,6.51,13.39,50.49,,70.46
2017-06-23,24.37,49.72,3.36,472.73,23.03,44.48,14.88,23.75,30.22,16.3,16.94,77.34,5.14,25.1,11.76,50.6,11.17,4.03,50.13,19.89,3.51,9.23,40.01,25.35,4.56,6.17,20.97,4.83,22.63,22.15,20.18,7.74,12.32,27.04,55.0,10.76,,12.64,26.6,7.74,25.48,31.7,9.25,26.39,17.94,23.55,33.25,6.51,15.63,,,10.18,14.27,40.44,11.23,9.77,11.54,25.58,3.67,6.32,26.23,16.38,10.76,9.61,,56.41,18.18,17.08,14.95,8.11,16.08,34.48,17.07,16.05,6.01,15.82,9.0,14.8,33.63,4.45,29.48,23.66,10.01,49.7,10.02,16.38,7.89,,10.92,60.71,29.04,,3.55,17.03,43.68,,13.27,19.35,56.33,17.16,12.39,21.07,35.32,8.27,50.04,7.02,41.29,16.23,4.0,11.6,28.68,2.76,27.68,33.27,27.68,41.23,55.18,28.19,27.18,2.17,16.15,15.29,6.46,13.45,52.08,,70.39
2017-06-26,24.84,49.72,3.37,484.68,23.04,44.25,14.95,24.19,30.0,16.37,17.26,79.45,5.11,25.8,12.03,51.52,11.8,4.16,51.09,20.5,3.5,9.26,40.64,26.1,4.61,6.09,20.91,4.87,23.05,22.31,20.4,7.73,13.02,27.89,56.74,10.78,,12.64,27.2,8.29,25.49,32.03,9.3,26.61,18.18,23.85,33.64,6.76,16.44,,,10.6,14.59,40.58,11.43,10.17,11.96,25.45,3.66,6.31,26.57,17.39,10.75,9.77,,59.59,18.41,17.22,14.99,8.12,16.06,34.98,17.26,16.57,6.0,15.95,9.08,15.2,36.39,4.55,29.83,23.73,10.06,51.2,10.03,16.95,7.88,,11.08,61.77,29.11,,3.71,17.35,46.93,,14.17,19.95,58.27,17.24,12.48,21.77,35.92,8.29,52.2,7.19,41.13,16.49,3.99,11.68,29.15,2.79,27.49,33.35,27.37,41.21,55.8,28.7,28.0,2.19,16.44,15.79,6.59,13.32,51.25,,67.9
2017-06-27,24.95,49.92,3.36,484.1,24.36,44.0,15.01,24.03,29.65,16.47,17.11,78.7,5.09,25.28,12.35,51.47,11.82,4.15,51.1,20.46,3.49,9.34,41.43,25.82,4.59,6.11,21.3,4.92,23.15,22.68,20.74,7.7,13.16,27.79,57.16,10.77,,12.7,27.08,8.32,25.5,31.68,9.36,26.29,18.12,23.97,33.85,7.03,16.49,,,10.63,14.53,40.43,11.41,10.26,11.97,25.67,3.66,6.36,26.44,17.36,10.64,9.75,,59.12,18.94,17.15,14.97,8.18,16.14,36.56,16.96,16.22,5.9,15.97,9.08,15.24,36.14,4.55,29.55,23.66,10.05,50.95,10.04,17.16,7.85,,11.12,61.8,29.17,,3.72,17.26,46.1,,14.2,19.45,59.85,17.19,12.43,21.53,35.39,8.4,51.8,7.2,42.2,16.35,4.02,11.87,29.13,2.78,28.05,33.93,27.12,40.16,54.61,29.35,28.24,2.18,16.41,15.76,6.61,13.73,51.44,,66.12
2017-06-28,24.2,48.61,3.37,475.3,23.8,42.78,15.0,23.97,28.9,16.82,17.09,77.83,5.07,24.6,12.31,50.56,11.94,4.14,50.1,20.47,3.47,9.39,40.36,25.43,4.53,6.14,20.79,4.84,22.89,22.5,20.51,7.69,13.2,28.98,55.64,10.83,,12.79,28.1,8.14,24.69,31.25,9.43,26.06,18.01,23.83,32.93,7.04,16.06,,,10.66,14.52,39.55,11.4,10.3,11.94,25.37,3.67,6.4,25.78,17.34,10.46,9.7,,58.5,19.65,17.2,15.05,8.27,16.0,36.1,16.93,15.88,5.91,15.77,9.22,15.0,37.8,4.53,28.86,23.51,10.05,50.28,10.07,17.11,7.76,,11.32,60.15,29.19,,3.67,17.17,46.68,,13.89,18.84,58.01,17.16,12.44,21.69,34.59,8.36,50.6,7.26,41.0,16.23,4.04,11.64,28.69,2.8,26.66,33.89,26.68,39.79,54.16,29.22,27.41,2.2,16.66,15.58,6.7,13.63,50.31,,65.64
2017-06-29,24.22,49.96,3.39,473.01,24.15,43.16,15.19,23.96,28.7,16.89,17.09,78.18,5.18,24.4,12.3,50.31,12.3,4.23,50.62,20.39,3.5,9.36,40.5,25.62,4.53,6.15,21.48,4.97,22.95,23.4,20.68,7.69,13.27,28.76,55.42,11.02,,12.76,28.48,8.17,25.38,32.5,9.43,26.4,17.97,23.97,33.75,7.13,16.29,,,10.85,14.58,41.92,11.42,10.34,12.09,25.63,3.68,6.44,25.98,17.28,10.34,9.65,,60.99,19.8,17.5,14.98,8.25,15.86,36.28,16.75,16.17,5.92,15.95,9.22,15.04,40.05,4.57,28.8,23.32,10.05,50.62,10.09,16.84,7.79,,11.33,62.28,29.1,,3.75,17.24,46.22,,14.0,19.14,57.15,17.05,12.46,21.7,34.96,8.3,50.57,7.4,40.83,16.25,4.05,11.65,28.9,2.84,26.48,33.38,26.81,40.0,53.86,29.74,27.61,2.21,16.8,15.51,6.71,13.54,50.95,,65.8
2017-06-30,23.98,49.61,3.43,471.85,23.89,43.04,15.38,23.92,29.24,16.86,17.02,77.81,5.25,24.7,12.02,49.95,12.34,4.16,50.59,20.51,3.52,9.29,41.17,25.59,4.55,6.16,21.59,5.06,22.87,23.63,20.99,7.69,13.2,28.64,55.66,11.09,,12.65,28.14,8.13,25.54,32.3,9.39,27.22,17.9,23.74,33.87,7.07,16.05,,,10.98,14.59,41.13,11.33,10.33,12.05,25.54,3.7,6.15,26.04,17.65,10.45,9.68,,61.12,19.3,17.32,14.85,8.22,15.94,36.26,18.15,16.32,5.93,15.82,9.17,15.05,39.9,4.52,29.09,23.44,10.12,53.16,10.03,17.1,7.81,,11.21,62.21,28.93,,3.75,17.25,46.25,,13.88,19.28,60.78,17.22,12.32,21.49,34.69,8.39,50.58,7.22,40.78,16.29,4.05,12.03,29.17,2.84,26.63,33.12,26.98,41.17,54.35,30.14,27.3,2.19,16.88,15.47,6.71,13.76,51.4,,67.38
2017-07-03,24.44,48.94,3.44,460.37,23.52,41.8,15.34,24.56,28.25,16.88,16.91,84.06,5.24,24.1,12.35,50.03,12.3,4.12,50.08,20.28,3.52,9.3,40.49,25.9,4.58,6.19,21.33,5.07,23.0,24.31,20.83,7.74,13.0,28.29,54.03,11.35,,12.56,28.55,8.07,24.56,31.24,9.4,27.03,17.73,22.6,33.21,7.47,16.3,,,10.84,14.74,41.42,11.5,10.23,11.96,25.44,3.69,6.14,25.52,17.53,10.68,9.58,,60.59,19.35,17.53,14.88,8.23,15.9,36.73,19.24,16.45,5.94,15.87,9.15,14.56,43.45,4.6,28.91,23.51,10.1,52.99,10.03,17.61,7.8,,11.18,63.44,28.81,,3.8,17.13,46.7,,13.84,18.25,61.52,17.15,12.54,21.44,34.21,8.39,48.92,7.49,38.83,16.75,4.04,12.29,29.37,2.87,26.25,33.08,26.72,42.2,54.45,29.78,27.24,2.24,16.93,15.62,6.99,13.76,50.25,,67.6
2017-07-04,24.45,47.92,3.45,451.92,23.0,41.5,15.41,24.45,28.51,16.71,16.73,83.11,5.25,24.85,12.29,50.5,12.14,4.15,49.18,20.27,3.52,9.19,39.87,25.91,4.55,6.19,20.92,4.85,23.0,23.88,20.91,7.83,13.2,28.13,52.55,11.24,,12.55,27.63,8.1,24.72,30.21,9.34,27.72,17.48,22.64,33.07,7.37,16.08,,,10.71,14.6,41.6,11.47,10.2,11.99,25.04,3.68,6.11,24.88,17.6,10.49,9.41,,59.35,19.12,17.55,14.75,8.17,15.98,37.34,19.81,16.36,6.05,16.31,9.05,14.24,43.65,4.51,28.45,23.61,10.06,51.99,10.02,17.63,7.84,,11.05,63.32,28.9,,3.8,17.0,46.09,,13.78,18.32,57.96,16.94,12.92,21.2,34.42,8.24,47.85,7.39,38.68,16.61,4.03,12.26,29.05,2.85,25.85,33.59,26.82,43.73,53.93,29.18,27.49,2.22,16.48,15.29,6.84,13.4,50.05,,66.88
2017-07-05,25.01,50.42,3.47,460.13,23.9,42.94,15.19,24.48,29.0,16.91,16.87,83.71,5.23,24.9,12.35,51.18,12.44,4.16,49.75,20.15,3.52,9.23,39.26,26.2,4.58,6.2,21.11,5.19,23.03,23.9,20.46,7.81,13.28,28.59,53.42,11.23,,12.62,27.57,8.2,24.53,30.75,9.37,27.74,17.75,23.52,34.47,7.62,16.18,,,10.97,14.72,41.6,11.69,10.24,11.99,25.39,3.68,6.09,25.31,18.14,10.57,9.49,,59.39,20.02,17.65,14.76,8.2,15.9,36.92,19.77,17.19,6.05,16.28,9.13,14.36,43.63,4.66,28.57,23.53,10.05,52.22,10.03,17.57,7.86,,11.2,62.3,28.91,,3.82,16.77,48.7,,13.74,18.69,62.59,17.0,13.01,22.24,34.62,8.33,48.8,7.8,39.3,16.64,3.95,12.31,29.39,2.89,26.43,33.33,27.38,44.35,56.21,29.51,27.53,2.23,16.91,15.33,6.92,13.58,53.69,,68.46
2017-07-06,24.71,51.39,3.49,455.98,23.96,42.6,15.25,24.85,19.45,17.11,16.73,86.22,5.23,24.96,12.08,50.85,12.35,4.14,49.27,20.11,3.53,9.19,39.2,25.98,4.57,6.19,20.8,5.71,23.3,24.65,20.7,7.83,13.88,28.64,52.99,11.1,,12.66,27.61,7.97,24.88,30.85,9.4,28.16,17.69,23.25,34.86,8.08,16.77,,,10.82,14.9,41.34,12.14,10.1,12.23,25.2,3.67,6.09,25.09,18.09,10.8,9.45,,59.0,20.02,17.41,14.69,8.06,15.75,36.67,21.73,17.2,6.06,16.0,9.17,14.22,42.55,4.71,29.25,23.81,10.04,52.27,10.17,18.28,7.84,,11.17,61.89,29.49,,3.78,16.85,49.06,,13.8,18.63,62.59,16.96,13.49,23.24,34.53,8.36,48.82,7.82,38.77,17.98,3.97,12.41,29.18,2.95,27.24,33.49,27.79,44.74,57.53,29.02,27.24,2.29,17.05,15.32,7.01,9.25,56.23,,67.52
2017-07-07,24.89,51.01,3.51,445.97,23.26,41.63,15.34,25.4,19.5,17.09,16.95,91.42,5.21,25.22,12.11,50.67,12.68,4.14,48.82,20.31,3.54,9.18,38.41,26.57,4.57,5.9,20.41,5.97,23.62,24.33,20.69,7.8,13.75,28.66,51.8,11.1,,12.6,27.29,7.99,24.51,30.13,9.47,28.59,17.85,23.19,34.71,8.48,17.14,,,10.99,14.9,40.6,13.35,10.15,12.11,25.23,3.69,6.11,24.6,18.14,11.03,9.4,,58.94,19.87,17.63,14.74,8.03,15.55,36.69,22.45,16.89,6.04,16.07,9.17,14.18,43.15,4.9,29.92,23.89,10.08,51.69,10.29,18.31,7.88,,11.13,61.68,29.87,,3.85,16.98,50.8,,13.78,18.56,65.08,17.27,14.4,25.56,34.25,8.86,48.25,8.25,38.07,17.88,3.95,12.42,29.67,3.0,28.51,33.83,27.44,44.96,58.75,28.24,27.42,2.38,17.59,15.29,7.02,9.03,55.88,,69.18
2017-07-10,24.04,51.13,3.54,454.47,23.26,41.37,15.52,24.84,19.03,17.12,17.01,87.06,5.23,24.64,11.8,50.05,12.76,4.02,49.32,20.31,3.53,9.15,39.06,25.49,4.61,5.91,20.51,6.51,23.49,23.75,20.74,7.84,13.75,28.21,52.79,10.76,,12.53,26.87,8.3,24.34,29.41,9.59,29.82,18.17,22.45,35.04,8.5,16.75,,,11.08,15.19,42.18,13.11,10.15,11.83,25.01,3.69,6.08,24.38,17.71,10.82,9.7,,58.08,19.28,17.71,14.62,8.04,16.16,36.83,21.91,16.84,6.14,15.93,9.15,14.14,43.22,4.91,29.04,23.65,10.09,51.0,10.19,17.87,7.94,,11.07,60.8,29.31,,3.95,17.11,50.18,,13.81,18.44,64.67,17.28,13.94,25.71,33.61,8.9,48.32,8.17,38.33,18.9,3.96,12.29,28.76,2.98,25.85,33.83,27.12,45.68,58.48,29.12,28.02,2.38,17.38,15.23,7.26,9.02,55.45,,64.4
2017-07-11,23.52,51.23,3.47,463.13,24.08,42.95,15.63,24.94,19.07,17.41,17.16,86.82,5.06,24.14,11.7,50.09,12.61,4.02,49.52,20.72,3.58,9.23,41.53,24.85,4.54,5.99,20.89,6.09,23.11,23.77,20.76,7.84,13.1,29.0,53.69,10.71,,12.8,26.91,8.06,24.21,30.61,10.25,28.75,18.52,22.61,35.55,7.93,16.02,,,10.79,14.99,43.2,12.67,10.23,11.8,25.33,3.72,6.2,25.0,17.39,10.62,9.64,,57.6,15.19,17.46,14.75,8.13,16.29,36.88,20.88,16.21,6.15,15.84,9.36,14.51,39.87,4.79,28.4,23.53,10.08,51.08,10.04,17.9,7.89,,11.28,60.96,29.12,,3.9,17.19,48.73,,13.78,18.42,60.76,17.37,13.9,24.59,34.15,8.83,49.58,7.92,38.9,18.37,4.02,11.7,28.31,2.9,24.35,32.16,28.38,43.24,57.5,28.94,28.27,2.33,17.02,15.26,7.21,8.93,55.46,,63.37
2017-07-12,23.52,50.61,3.47,457.47,24.34,41.7,15.33,24.18,19.78,17.62,17.23,84.23,5.08,23.63,11.73,49.84,12.4,3.94,49.07,20.72,3.59,9.28,40.79,24.51,4.47,6.04,20.84,6.16,22.85,23.99,22.08,7.79,13.07,29.07,52.18,10.86,,12.86,26.64,7.95,24.64,29.71,10.34,28.97,18.59,23.41,34.49,8.08,15.98,,,10.75,14.94,42.0,13.12,9.98,11.55,25.88,3.75,6.27,24.59,16.87,10.86,9.78,,57.08,15.05,17.91,14.92,8.2,16.1,36.9,21.65,16.29,6.08,15.71,7.65,14.17,39.4,4.85,27.94,23.42,10.0,50.61,10.17,17.88,7.79,,11.46,59.92,29.45,,3.88,17.12,51.69,,13.65,18.53,62.84,17.17,14.17,25.43,33.31,8.81,48.64,7.9,38.72,18.13,4.07,11.85,28.2,2.92,25.66,31.84,27.98,47.56,61.82,29.49,29.51,2.32,17.12,15.15,7.1,8.92,54.26,,64.4
2017-07-13,23.06,51.63,3.55,456.16,24.9,41.99,15.21,23.93,19.72,17.82,17.49,82.96,5.16,23.01,11.66,49.86,13.09,3.95,49.1,20.98,3.47,9.37,41.01,24.43,4.48,6.13,20.53,5.97,23.38,23.85,21.88,7.89,13.66,28.57,52.18,10.86,,13.27,26.48,7.82,24.02,30.1,10.9,29.35,19.12,23.22,35.14,8.0,15.64,,,10.75,15.07,41.95,14.19,10.07,11.58,26.12,3.81,6.3,24.12,17.12,10.72,10.02,,58.38,15.7,17.82,15.1,8.41,16.08,36.92,20.76,15.44,6.18,15.72,7.8,14.08,40.0,4.97,27.93,23.39,10.11,50.48,10.51,17.52,7.86,,11.74,59.2,30.88,,3.89,17.43,51.19,,13.59,18.1,63.79,17.72,14.03,25.93,33.02,9.0,48.82,8.12,37.36,18.97,4.12,11.76,28.2,2.95,24.64,32.01,28.8,49.2,61.04,29.29,30.28,2.42,17.25,15.21,7.23,8.86,57.16,,63.0
2017-07-14,23.05,52.77,3.55,456.41,25.18,42.17,14.85,23.84,19.95,17.9,17.38,81.18,5.17,23.28,11.61,50.57,13.14,4.01,48.71,21.19,3.49,9.38,41.08,24.17,4.49,6.19,20.9,6.3,23.16,23.8,22.1,7.89,13.71,29.23,52.54,10.86,,13.59,26.15,8.03,24.57,30.13,10.9,28.91,19.16,23.97,35.3,8.14,15.95,,,10.67,15.05,41.67,13.76,9.97,11.58,26.07,3.68,6.32,24.2,17.18,10.61,10.15,,58.01,15.96,17.16,15.01,8.55,15.91,36.98,21.43,16.32,6.22,15.65,7.85,14.19,39.15,4.99,27.75,21.75,10.22,51.4,10.36,17.81,7.9,,11.91,59.3,30.62,,3.93,17.42,51.6,,13.63,18.41,64.03,17.82,13.82,26.44,32.94,9.04,49.16,8.22,37.85,18.79,4.18,11.58,27.26,2.92,24.26,31.4,29.05,50.71,62.9,29.46,30.18,2.39,17.11,15.28,7.18,8.85,57.67,,61.4
2017-07-17,20.75,53.9,3.58,450.07,25.11,41.66,14.98,22.4,19.67,18.16,17.0,74.77,5.34,22.1,10.45,49.0,12.89,3.9,49.04,20.75,3.6,9.73,41.06,22.55,4.29,6.37,20.81,6.43,21.56,22.03,22.1,8.13,13.81,29.19,51.51,10.15,,13.76,24.06,7.93,23.71,29.78,10.81,27.27,18.58,22.9,35.66,7.91,15.79,,,10.31,14.1,39.81,13.49,9.58,10.96,26.31,3.79,6.52,24.17,17.06,9.55,9.94,,54.26,16.4,16.55,15.32,8.59,15.1,35.61,20.4,16.07,6.32,14.79,7.92,14.29,40.02,5.15,27.9,19.98,10.01,49.09,10.22,17.97,7.87,,12.01,53.37,31.33,,3.8,17.12,52.12,,13.32,17.99,60.87,17.38,13.67,26.06,32.54,9.07,47.97,8.33,37.8,17.93,4.33,10.77,24.53,2.87,21.83,28.26,29.5,49.52,61.87,28.44,29.14,2.35,17.14,14.45,7.12,8.6,60.43,,55.26
2017-07-18,20.6,53.47,3.6,452.55,24.52,41.0,14.94,22.51,19.56,18.03,16.82,75.88,5.28,22.3,10.59,48.97,13.41,3.95,50.13,20.35,3.57,9.72,40.23,22.63,4.32,6.36,20.44,6.61,21.81,21.98,22.11,8.06,13.68,29.24,52.59,10.33,,13.55,24.57,8.11,24.1,28.87,11.05,27.92,18.43,22.07,35.98,8.14,15.6,,,10.37,14.32,39.93,14.0,9.68,11.06,26.63,3.76,6.41,24.14,17.16,9.73,10.43,,54.77,16.36,16.54,15.27,8.55,15.67,35.2,21.12,16.18,6.28,14.3,7.82,14.14,40.1,5.27,29.01,19.88,10.1,49.36,10.47,17.78,8.02,,8.27,49.11,31.65,,3.83,16.98,52.99,,13.4,17.89,60.98,17.1,13.91,26.67,32.85,8.98,48.51,8.4,39.0,17.83,4.3,11.02,24.72,2.95,22.73,28.37,29.21,49.9,61.86,29.02,30.38,2.48,17.84,14.56,7.31,8.57,61.56,,56.12
2017-07-19,20.35,53.84,3.64,456.86,25.22,41.22,14.91,22.61,20.76,18.1,17.78,73.44,5.27,23.59,10.83,49.59,14.12,4.03,50.51,21.44,3.56,9.82,39.99,22.65,4.36,6.39,20.46,7.16,22.65,22.65,23.17,8.11,14.32,30.92,53.71,10.82,,13.69,24.79,8.45,24.38,29.97,11.09,28.3,19.82,22.67,35.6,8.95,15.79,,,10.86,14.59,40.29,14.36,9.94,11.33,27.21,3.76,6.44,24.89,17.47,10.19,10.42,,55.81,16.35,,15.62,8.67,15.75,34.99,21.72,16.89,6.1,14.32,8.05,14.17,43.23,5.67,31.91,19.9,10.24,49.85,11.1,18.91,8.02,,8.35,48.77,32.43,,3.98,18.03,54.72,,13.5,18.64,64.18,18.22,15.1,27.76,33.88,9.05,49.92,9.24,38.8,18.78,4.3,11.31,24.69,3.09,23.88,28.25,29.37,52.1,63.75,29.25,30.83,2.53,18.79,14.79,7.59,8.78,60.93,,55.6
2017-07-20,20.34,54.01,3.59,466.47,25.2,42.25,15.1,23.37,21.0,18.07,17.61,75.85,5.29,23.51,10.95,50.08,13.97,4.03,50.37,21.34,3.59,9.76,41.04,22.66,4.37,6.37,20.73,7.15,22.72,22.55,23.03,8.11,14.17,31.8,54.81,11.18,,13.62,24.61,8.37,24.74,30.0,10.97,28.41,19.95,23.58,35.34,8.66,15.96,,,10.81,14.54,39.27,14.44,9.91,11.3,20.45,3.79,6.48,24.91,17.63,10.6,10.45,,53.93,16.2,,15.49,8.61,16.3,36.11,21.99,17.32,6.19,14.49,8.05,14.63,47.06,5.62,32.02,19.86,10.21,49.7,10.94,19.78,8.07,,8.25,48.74,31.84,,3.95,17.96,58.22,,14.3,19.44,65.89,18.1,15.3,27.8,34.37,9.09,51.35,9.48,40.12,18.43,4.32,11.36,24.64,3.05,22.83,30.05,29.29,51.16,66.05,29.15,30.41,2.54,18.55,14.69,7.45,8.72,61.05,,55.44
2017-07-21,20.09,51.96,3.54,473.2,24.74,41.9,15.03,22.67,21.01,17.83,17.52,76.73,5.33,23.8,10.83,50.49,14.94,3.97,49.91,21.21,3.6,9.58,40.71,22.03,4.36,6.34,20.74,7.36,22.68,22.92,23.42,8.03,6.91,31.81,54.71,11.16,,13.45,25.34,8.38,24.74,30.59,10.89,28.7,19.55,23.66,34.79,8.73,15.53,,,10.74,14.65,40.7,14.13,10.21,11.48,19.95,3.78,6.45,24.75,17.51,10.52,10.7,,54.87,15.96,,15.26,8.54,16.3,36.04,21.88,17.15,6.19,14.41,7.94,14.54,45.83,5.51,32.6,19.71,10.21,49.4,10.93,19.93,8.0,,8.13,49.31,31.82,,3.97,17.8,63.7,,13.88,19.0,67.46,17.8,14.76,27.07,35.39,9.06,51.38,9.11,39.85,19.31,4.26,11.3,24.55,3.06,22.4,29.79,28.69,49.93,68.44,28.99,30.41,2.51,18.59,14.79,7.48,8.72,59.47,,55.14
2017-07-24,20.29,52.61,3.56,477.8,25.71,43.42,14.92,23.25,21.0,18.0,17.51,73.37,5.39,24.3,10.8,49.89,14.6,4.03,50.06,20.91,3.61,9.68,41.3,21.73,4.4,6.36,21.19,7.22,23.09,22.65,23.16,8.01,6.92,31.56,55.91,11.42,,13.67,25.42,8.5,24.99,30.46,10.95,29.15,19.53,23.97,34.61,8.47,14.98,,,11.07,15.01,40.5,14.13,10.31,11.41,20.34,3.8,6.47,24.45,17.62,10.5,10.54,,54.3,16.08,,15.4,8.69,16.14,35.74,21.07,16.84,6.07,14.37,7.98,14.74,46.23,5.54,32.55,19.82,10.17,49.3,10.86,19.67,7.96,,8.17,48.91,31.6,,4.03,17.78,61.2,,13.9,19.2,63.78,17.68,14.76,27.09,36.16,9.05,52.59,8.99,39.12,20.5,4.27,11.65,24.66,3.05,22.7,30.05,28.31,46.85,66.0,28.85,30.77,2.49,18.1,14.88,7.29,8.62,59.7,,56.13
2017-07-25,20.53,52.31,3.56,477.96,25.53,43.42,14.89,23.2,21.09,17.96,17.42,72.11,5.48,24.51,10.78,49.39,14.79,3.96,50.12,20.79,3.69,9.5,41.02,22.06,4.4,6.45,21.02,7.04,22.91,21.98,22.62,8.07,6.78,31.71,55.36,11.43,,13.51,25.08,8.49,25.16,30.52,11.0,28.56,19.16,23.12,34.59,8.4,14.89,,,10.83,15.01,40.54,13.93,10.26,11.31,19.94,3.85,6.66,24.4,17.11,10.44,10.38,,53.62,15.9,,15.1,8.62,15.99,35.11,21.84,16.91,6.08,14.31,8.02,14.48,44.1,5.61,32.71,19.91,10.11,49.36,10.68,19.56,7.98,,8.05,48.3,30.96,,3.99,17.52,61.98,,14.11,19.08,63.19,17.57,14.66,26.29,35.86,8.92,53.15,9.12,38.33,19.91,4.27,11.4,24.77,3.1,23.29,29.15,28.28,47.58,65.16,28.64,29.4,2.47,18.76,14.83,7.2,8.69,59.88,,56.03
2017-07-26,20.12,51.89,3.67,471.63,25.46,42.34,14.97,22.51,21.1,17.73,17.51,71.72,5.6,23.8,10.69,48.9,14.37,3.92,50.23,20.94,3.74,9.46,40.0,22.32,4.36,6.49,20.63,7.08,23.18,22.7,22.26,8.19,6.63,32.26,54.01,11.49,,13.38,24.85,8.5,24.87,29.74,10.74,27.8,19.67,22.92,34.36,8.31,14.97,5.89,3.61,10.67,14.91,40.57,15.14,10.16,11.12,19.75,3.9,6.76,23.73,17.08,11.0,10.38,,53.0,15.65,,14.98,8.59,16.03,35.5,23.03,16.4,6.14,14.75,7.95,14.28,44.7,5.55,30.79,19.92,10.08,49.2,10.68,19.8,7.99,,8.0,47.94,30.97,,3.98,17.6,62.0,,13.96,18.49,62.02,17.74,14.73,26.9,35.95,8.92,52.0,9.02,38.59,19.84,4.29,12.2,24.43,3.19,,29.09,28.34,48.3,64.22,28.81,29.57,2.52,20.12,14.75,7.21,8.71,59.02,,55.6
2017-07-27,21.09,52.36,3.66,473.87,25.9,41.2,15.01,23.02,20.99,17.76,17.43,73.25,5.53,24.77,11.56,49.1,15.08,3.93,50.47,21.01,3.72,9.41,38.9,22.94,4.49,6.45,20.38,6.6,23.37,,22.59,8.15,6.63,31.04,53.75,11.7,,13.38,25.59,8.3,25.58,29.98,10.59,27.82,19.59,22.75,34.36,7.89,15.61,6.25,3.58,10.66,15.21,42.4,15.75,10.36,11.31,19.8,3.87,6.7,23.45,17.14,10.92,10.16,,54.9,15.78,16.67,14.99,8.5,15.58,35.08,22.63,16.17,6.14,15.04,7.8,14.07,49.14,5.32,31.22,20.7,10.09,49.39,10.82,19.98,7.88,,8.01,51.06,31.2,,3.93,17.6,60.18,,13.98,19.24,59.43,17.86,14.27,26.34,38.25,8.93,52.8,8.7,38.49,19.43,4.24,12.2,25.57,3.11,,29.67,28.3,47.1,62.0,29.42,29.66,2.5,19.62,14.65,7.05,9.05,59.32,,57.55
2017-07-28,20.71,51.89,3.65,483.92,25.78,41.4,15.32,22.95,20.97,17.87,17.28,71.08,5.55,24.73,11.33,49.47,14.87,3.91,50.89,20.8,3.72,9.17,39.57,23.57,4.44,6.43,20.49,7.01,23.34,,22.58,8.1,6.79,31.62,55.73,12.11,,13.47,25.13,8.28,24.96,29.87,10.74,28.57,19.66,23.25,34.19,8.05,15.61,6.88,3.59,10.66,15.08,43.01,16.92,10.19,11.36,19.8,3.88,6.81,23.41,17.46,11.23,10.28,,54.0,15.92,16.83,14.89,8.53,15.72,35.57,22.99,16.93,6.11,14.76,7.82,14.03,47.45,5.44,30.17,20.33,10.09,49.12,10.67,20.99,7.88,,7.99,49.95,30.87,,3.92,17.52,65.5,,13.92,19.09,62.26,17.54,14.63,27.73,39.61,8.79,55.13,8.9,38.5,19.43,4.23,12.25,24.99,3.12,,29.13,27.92,48.46,65.65,29.25,29.22,2.55,19.6,14.9,7.12,9.02,58.61,,56.6
2017-07-31,20.71,52.02,3.73,481.22,25.57,41.2,15.21,23.06,20.98,17.76,17.35,71.1,5.51,24.79,11.51,49.0,15.35,3.95,51.2,20.89,3.71,9.02,39.24,23.35,4.47,6.4,20.63,7.23,23.14,,21.83,8.13,7.01,34.64,55.76,12.64,,13.36,24.91,8.51,24.84,30.0,10.67,28.45,19.9,22.95,34.17,8.39,15.53,7.27,3.67,10.98,15.19,42.72,18.61,10.51,11.49,19.75,3.92,6.74,23.25,17.4,11.59,10.29,,55.05,15.81,16.75,14.85,8.6,15.73,35.3,23.3,17.4,6.11,15.01,7.8,14.04,47.42,5.98,30.29,20.22,10.08,49.01,10.94,22.34,7.82,,,49.49,31.92,,4.02,17.75,67.11,,14.28,19.23,64.04,17.91,15.25,30.5,40.83,8.75,55.37,9.79,38.74,19.93,4.23,12.73,25.1,3.23,,28.55,27.6,49.5,66.0,28.89,28.98,2.81,20.73,15.23,7.44,8.88,57.46,,57.05
2017-08-01,20.91,54.85,3.76,480.24,26.14,41.19,15.29,23.96,20.58,18.06,17.56,77.01,5.56,24.54,11.9,49.06,15.05,3.93,51.3,21.04,3.74,9.13,39.26,23.32,4.52,6.45,20.72,7.05,23.05,,21.82,8.23,7.01,34.47,56.58,12.38,,13.43,25.02,8.7,24.21,29.7,11.04,27.5,20.16,22.82,35.79,8.06,15.53,7.19,3.83,10.97,15.38,41.6,18.11,10.58,11.49,19.81,3.96,6.8,23.71,17.4,11.46,10.49,,55.0,16.13,16.55,15.13,8.69,15.55,35.13,24.61,16.97,6.22,15.21,7.89,13.84,48.75,6.0,30.3,20.19,10.11,49.16,11.08,22.11,7.84,,,50.0,32.29,,4.02,17.95,67.79,,13.97,19.24,66.05,18.01,14.85,30.57,40.94,8.84,56.56,10.22,39.55,19.57,4.26,13.16,25.11,3.16,,28.33,28.74,49.9,66.04,29.18,28.58,2.77,19.91,15.21,7.44,8.74,63.21,,58.24
2017-08-02,20.32,54.04,3.74,482.84,26.62,40.8,15.48,23.4,20.42,18.08,17.65,75.64,5.7,24.1,12.01,48.5,14.39,3.92,50.24,21.22,3.79,8.98,39.02,22.56,4.46,6.58,21.21,7.16,22.6,,21.58,8.14,6.99,34.7,55.71,12.32,,13.44,24.62,8.53,24.7,29.62,11.15,27.77,20.48,22.85,35.46,8.09,15.48,7.28,3.77,10.88,15.04,41.06,17.95,10.33,11.3,19.6,4.05,6.89,23.42,17.08,12.07,10.19,,54.25,16.16,16.16,15.1,8.68,16.19,35.13,24.89,16.86,6.14,14.88,7.93,13.71,48.19,6.42,30.18,19.82,10.12,48.77,10.9,22.04,7.69,,7.95,50.48,31.77,,3.96,18.0,68.76,,13.79,19.26,66.07,18.2,14.81,32.25,41.25,8.73,55.5,10.69,39.2,19.22,4.3,12.74,24.61,3.15,,29.06,28.32,48.75,70.93,29.25,28.04,2.89,19.62,15.18,7.56,8.73,63.73,,56.5
2017-08-03,20.63,52.92,3.76,477.22,25.89,40.08,15.49,23.09,19.8,17.74,17.5,79.25,5.66,24.14,12.86,48.67,14.4,3.9,50.11,20.9,3.76,8.91,38.33,22.63,4.5,6.51,21.29,7.47,22.92,24.97,21.41,8.11,7.13,34.14,54.5,12.16,,13.08,24.76,8.64,24.62,28.69,11.01,27.4,20.53,22.14,34.52,8.15,15.23,7.17,3.78,10.81,15.26,40.57,18.36,10.66,11.26,19.06,4.06,6.86,23.07,16.9,12.45,10.01,,53.94,15.75,15.89,14.91,8.58,15.78,34.88,24.42,16.89,6.09,14.89,7.84,13.16,45.47,6.71,30.41,20.0,10.06,48.96,10.95,22.86,7.63,,7.84,51.85,31.72,,4.0,17.82,67.98,,13.76,18.69,68.11,18.08,15.07,32.43,41.66,8.74,53.9,10.69,38.88,19.25,4.25,12.55,25.17,3.19,,28.65,27.85,47.34,69.27,28.77,28.33,2.92,19.71,15.37,7.77,8.6,61.66,,57.14
2017-08-04,20.57,51.94,3.79,473.64,25.52,39.45,14.98,22.8,19.98,17.58,17.56,,5.67,23.89,13.07,48.51,13.69,3.86,50.13,20.9,3.76,8.91,37.79,22.58,4.46,6.47,20.71,7.01,24.35,23.84,20.42,8.18,7.02,34.28,54.09,12.0,,12.87,24.56,8.86,24.61,28.63,11.17,28.0,20.37,21.84,34.16,8.3,15.07,7.16,3.71,10.49,14.97,40.45,17.41,10.55,11.09,19.02,4.03,6.86,22.83,16.64,11.86,9.98,,53.97,15.3,15.94,14.79,8.56,15.31,34.8,22.97,16.7,6.1,14.89,7.75,13.15,45.63,6.68,30.48,20.09,10.13,48.86,11.5,21.37,7.66,,7.88,52.5,33.16,,4.0,17.89,63.54,,13.31,18.58,65.31,18.24,15.08,31.17,40.62,8.79,53.35,10.65,37.93,18.49,4.19,12.64,24.78,3.23,,31.52,27.19,45.53,65.5,28.34,30.03,2.94,19.6,15.18,8.1,8.54,60.61,,55.87
2017-08-07,20.8,52.32,3.75,481.56,25.98,40.29,15.02,22.81,20.04,17.47,17.31,,5.66,24.46,12.97,48.91,13.76,3.89,50.72,20.14,3.73,8.9,38.43,22.94,4.5,6.47,21.52,7.2,24.12,23.9,20.42,8.19,7.01,34.29,56.0,12.21,,12.93,24.74,8.89,24.98,28.93,11.0,29.2,20.15,22.12,34.79,8.43,15.37,7.76,3.72,10.59,15.2,38.98,19.15,10.47,11.18,19.11,4.01,6.84,23.13,16.66,12.05,9.94,,54.05,15.27,16.2,14.86,8.57,15.3,34.65,23.22,16.88,6.04,14.98,7.76,13.3,45.53,7.09,30.15,20.33,10.12,48.9,11.34,21.54,7.67,,7.88,52.4,32.55,,3.97,17.61,64.37,,13.35,18.4,67.97,18.09,15.54,33.99,43.99,8.61,55.99,11.49,37.86,18.91,4.18,12.67,25.16,3.29,,33.25,27.29,45.63,66.76,28.21,29.58,3.05,19.92,15.22,8.64,8.66,60.66,,55.59
2017-08-08,21.16,52.45,3.9,482.58,25.85,39.98,14.91,22.75,19.55,17.42,17.34,,5.68,24.18,13.3,49.21,13.74,3.82,50.74,20.21,3.72,8.88,38.49,23.21,4.49,6.43,21.54,7.13,24.2,24.35,20.62,8.18,6.98,34.12,55.81,12.46,,12.87,25.1,8.79,24.76,28.56,11.05,32.12,19.45,22.28,34.68,8.18,15.41,8.23,3.72,10.56,15.27,38.82,19.57,10.58,11.16,18.99,4.07,6.88,22.84,16.57,11.87,10.08,,53.61,15.16,16.28,14.81,8.56,15.4,34.0,22.82,16.31,6.03,14.99,7.66,13.18,48.51,7.44,29.8,22.36,10.26,48.81,11.38,21.12,7.64,,7.8,53.98,32.41,,3.94,17.66,62.66,,13.35,19.15,66.51,18.24,15.21,33.63,43.92,8.61,56.2,12.33,37.98,19.35,4.18,12.32,25.35,3.27,,35.25,27.4,44.31,64.94,28.21,29.48,2.96,19.79,15.21,8.47,8.7,62.43,,54.88
2017-08-09,21.04,52.06,4.06,490.89,25.54,40.8,14.92,23.09,19.92,17.25,17.13,,5.54,24.3,12.94,49.13,14.14,3.79,52.94,19.8,3.65,8.77,39.18,23.0,4.48,6.32,23.11,7.11,23.83,24.28,20.94,8.12,7.07,33.99,56.64,12.15,,12.76,25.6,8.85,24.98,29.08,10.73,32.24,19.25,22.68,34.36,8.51,15.28,7.95,3.68,10.41,15.19,37.47,19.85,10.4,11.21,18.94,3.98,6.7,23.09,16.86,11.99,9.95,,53.8,15.2,16.15,14.66,8.36,15.25,33.94,23.96,16.33,6.02,14.85,7.56,13.35,48.22,7.64,30.3,21.72,10.22,48.65,11.52,20.96,7.62,,7.75,53.42,32.88,,4.01,17.53,64.19,,13.35,18.89,67.13,17.94,15.7,34.29,46.35,8.57,58.82,12.72,38.37,19.32,4.13,12.4,25.24,3.35,,34.57,27.04,45.23,65.19,28.5,29.24,2.99,20.49,15.07,8.64,8.9,61.29,,54.6
2017-08-10,20.56,50.73,4.04,491.63,25.14,40.85,15.05,23.07,20.28,17.31,17.22,71.33,5.52,23.99,12.94,48.73,13.87,3.69,52.59,19.93,3.64,8.8,38.82,22.67,4.41,6.28,23.06,6.75,23.95,23.89,20.65,8.09,6.92,33.45,57.6,12.05,,12.79,24.63,8.56,25.02,29.64,10.62,31.58,19.37,22.48,34.12,8.28,15.07,7.98,3.61,10.39,15.57,38.05,20.02,10.15,11.1,19.05,3.98,6.66,22.97,16.79,11.36,9.98,,55.05,15.36,15.96,14.7,8.34,15.5,33.66,23.5,16.11,6.07,14.59,7.55,13.24,48.0,7.31,31.41,21.66,10.21,49.71,11.57,21.17,7.66,,7.73,52.55,33.95,,3.93,17.42,63.85,,13.46,19.71,63.21,18.11,15.18,33.52,46.93,8.75,58.13,13.38,39.28,19.35,4.11,12.02,24.6,3.23,,35.55,27.12,43.99,63.39,28.19,29.47,2.91,19.61,15.11,8.22,8.87,60.55,,53.03
2017-08-11,20.33,49.58,3.88,484.06,24.49,39.64,15.12,22.8,20.49,17.15,16.87,68.4,5.55,24.21,12.83,47.85,13.38,3.7,53.14,19.94,3.65,8.69,38.16,22.95,4.37,6.29,22.39,6.21,23.72,24.35,20.59,7.97,6.63,31.44,56.0,12.1,,12.68,24.41,8.06,24.73,29.23,10.02,32.29,18.68,21.88,33.99,7.62,14.84,7.32,3.53,10.33,15.31,37.5,18.35,9.85,10.94,18.31,3.95,6.61,22.31,16.87,11.0,9.78,,53.25,15.04,15.75,14.42,8.18,15.19,33.65,22.48,16.01,6.0,14.53,7.36,13.23,47.96,6.62,30.45,21.28,9.81,48.66,11.25,21.27,7.69,,7.55,51.98,34.18,,3.78,16.92,62.1,,13.5,19.46,62.16,17.57,13.73,30.18,46.8,8.68,56.59,12.04,39.69,18.86,4.1,11.44,24.2,3.0,,33.44,27.02,42.73,60.8,27.85,28.65,2.67,17.76,14.87,7.71,8.98,60.64,,52.6
2017-08-14,20.94,50.49,3.79,499.83,24.8,40.12,15.02,23.47,21.54,17.05,17.05,70.05,5.49,25.7,13.45,48.2,14.08,3.81,54.95,20.1,3.61,8.71,38.83,24.03,4.44,6.23,22.95,6.45,23.94,26.55,21.0,7.95,6.77,33.32,57.38,12.47,,12.56,25.45,8.2,25.41,30.15,10.22,32.86,19.35,21.77,34.03,7.65,15.19,7.45,3.58,10.53,15.93,39.0,20.0,10.01,11.24,18.47,3.91,6.61,22.75,17.01,11.22,9.97,,54.74,15.12,16.25,14.46,8.18,14.48,33.74,23.8,16.35,5.98,14.84,7.37,13.22,52.76,6.76,32.4,21.67,9.91,49.07,11.22,21.09,7.73,,7.6,53.6,33.96,,3.83,17.13,68.31,,13.52,20.82,66.92,17.79,13.96,32.74,46.64,8.62,57.0,11.8,40.96,18.89,4.07,11.59,24.99,3.04,,34.13,27.27,44.43,65.7,28.0,28.88,2.74,17.96,14.88,7.79,9.17,60.53,,53.5
2017-08-15,21.2,50.9,3.73,495.97,25.53,39.77,15.09,23.5,21.54,17.23,17.02,69.02,5.61,26.35,13.28,48.0,14.17,3.8,54.54,19.95,3.65,8.77,38.58,23.92,4.43,6.28,23.07,6.4,24.19,26.84,20.8,7.93,6.75,34.44,57.5,12.34,,12.59,25.33,8.15,25.59,30.54,10.31,32.4,19.67,21.84,34.4,7.69,15.35,7.31,3.6,10.38,15.92,39.11,20.08,9.94,11.22,18.57,4.04,6.81,23.31,16.87,11.16,9.97,,54.89,15.38,16.24,14.55,8.23,14.65,33.44,24.21,16.49,5.97,14.73,7.43,13.19,54.9,6.7,32.6,21.44,9.9,50.29,10.97,21.34,7.67,,7.74,53.79,33.29,,3.8,17.07,69.51,,13.43,20.9,67.12,17.91,13.78,32.15,45.87,8.75,57.24,11.71,41.56,19.69,4.09,11.8,25.05,3.03,,35.16,27.39,44.38,66.58,27.97,28.89,2.75,17.8,14.89,7.82,9.21,61.86,,54.06
2017-08-16,23.32,51.21,3.66,496.49,25.17,39.05,15.34,23.96,21.89,17.05,17.08,69.55,5.63,26.58,14.12,48.26,14.12,3.85,54.07,19.87,3.63,8.78,37.92,24.3,4.49,6.23,22.81,6.22,24.39,27.55,20.9,7.9,6.68,33.85,56.85,12.78,,12.49,25.91,8.11,25.95,31.63,10.34,32.06,19.72,22.43,34.29,7.77,15.45,7.44,3.59,10.25,16.01,39.9,18.61,9.9,11.32,18.52,4.03,6.76,23.24,16.79,11.08,9.85,,56.1,15.33,16.58,14.5,8.17,14.25,33.11,23.82,16.26,5.92,14.87,7.39,12.95,58.09,6.99,33.12,21.55,9.87,50.11,10.85,20.0,7.7,,7.7,57.0,32.62,,3.75,17.11,68.38,,13.29,21.0,65.06,17.79,13.67,31.01,45.48,8.78,56.86,11.8,41.31,19.1,4.06,11.69,25.52,3.02,,34.98,27.17,44.65,64.0,28.41,29.15,2.7,17.71,15.26,7.84,9.31,61.08,,55.59
2017-08-17,24.75,51.1,3.82,492.69,25.06,39.32,15.33,24.12,21.45,17.12,17.16,71.14,5.62,26.3,14.06,48.32,14.1,3.83,53.59,20.15,3.65,8.79,38.08,24.59,4.51,6.26,22.88,6.26,25.83,26.92,20.75,7.93,6.74,34.52,55.81,12.55,,12.53,26.62,8.21,26.43,31.45,10.42,32.05,19.87,22.95,33.65,7.82,16.09,7.9,3.6,10.36,16.14,39.73,18.87,9.99,11.43,18.54,4.02,6.76,23.57,16.94,11.18,9.98,,58.0,15.3,16.91,14.6,8.22,14.32,32.92,23.92,16.11,5.94,14.97,7.44,13.03,59.5,7.07,31.94,21.52,9.96,51.42,11.03,20.09,7.8,,7.71,58.0,33.17,,3.79,17.21,68.29,,13.33,20.58,65.67,18.09,13.87,31.81,45.53,9.04,55.91,11.94,40.67,19.17,4.1,11.83,25.76,3.07,,34.23,27.44,44.77,64.7,28.82,29.61,2.72,18.11,15.23,7.96,9.26,59.91,,55.69
2017-08-18,24.08,53.17,3.76,489.65,25.42,39.13,15.42,23.62,21.15,17.09,16.7,70.14,5.62,26.1,13.68,48.55,14.04,3.82,53.71,19.75,3.64,8.71,38.27,24.29,4.53,6.24,22.99,6.12,26.49,26.71,20.4,7.95,6.81,34.5,55.81,12.36,,12.51,26.97,8.18,25.96,31.16,10.44,31.73,19.36,23.25,33.76,7.84,15.92,7.94,3.59,10.54,15.9,38.9,18.37,9.96,11.32,18.5,4.0,6.73,23.71,17.38,11.01,9.94,,57.28,15.44,16.84,14.61,8.21,14.62,33.73,23.23,16.0,5.92,14.98,7.46,13.04,60.0,6.76,31.13,21.47,9.95,51.84,11.0,20.63,7.78,,7.73,56.73,33.05,,3.79,17.05,65.95,,13.57,20.08,63.36,17.83,13.7,31.3,44.4,9.21,56.1,11.12,41.8,18.49,4.1,11.69,25.42,3.03,,33.49,28.29,43.91,62.23,29.4,29.65,2.67,17.91,15.17,7.82,9.1,59.91,,55.36
2017-08-21,24.0,53.03,3.78,489.73,25.3,39.71,15.28,23.62,21.0,17.09,16.81,73.43,5.63,27.26,13.79,48.66,14.5,3.87,54.8,19.88,3.65,8.64,38.9,24.72,4.57,6.23,23.11,6.26,26.04,26.75,20.4,8.02,6.91,34.53,55.51,12.32,,12.51,29.67,8.3,25.8,31.05,10.46,31.43,19.51,23.03,33.63,7.96,15.99,8.09,3.62,10.59,16.4,39.0,18.45,9.98,11.46,18.5,3.99,6.76,23.71,17.34,11.35,9.95,,58.16,15.36,17.02,14.62,8.19,14.74,34.25,23.26,16.05,6.02,15.09,7.44,13.22,62.77,7.27,31.82,21.52,9.96,51.94,11.2,20.42,7.78,,7.7,56.6,33.09,8.22,3.85,17.22,66.5,,13.75,20.25,63.92,17.9,13.89,31.8,44.7,9.07,55.81,11.81,41.64,18.85,4.08,11.83,25.74,3.09,,33.58,27.84,43.98,62.22,29.76,29.75,2.73,18.37,15.25,8.13,9.11,58.88,,56.84
2017-08-22,24.2,55.2,3.75,487.22,25.89,40.45,15.26,23.36,20.9,17.26,16.77,74.86,5.69,26.9,13.53,48.16,14.38,3.86,54.23,19.83,3.69,8.66,39.06,24.03,4.59,6.24,23.27,6.67,25.49,25.85,20.0,8.01,6.9,36.35,54.08,12.39,,12.43,29.39,8.29,25.82,31.3,10.65,33.75,19.52,22.87,34.87,7.92,16.21,7.91,3.59,10.48,16.11,37.73,18.13,9.86,11.33,18.58,4.0,6.78,23.68,17.44,11.27,10.02,,56.91,15.41,16.98,14.56,8.2,14.61,34.1,23.38,16.5,5.99,14.98,7.44,13.28,60.47,7.31,31.34,21.95,9.93,50.95,11.09,20.05,7.71,,7.7,56.73,32.87,9.04,3.82,17.15,70.49,,13.71,20.0,70.31,17.84,13.9,32.97,42.89,8.94,54.91,11.65,42.15,18.9,4.09,12.07,25.45,3.1,,32.89,28.07,42.82,64.37,29.59,29.0,2.7,18.66,15.19,8.22,9.19,59.85,,56.74
2017-08-23,23.58,55.4,3.67,494.01,26.52,40.81,15.25,23.51,20.88,17.48,16.91,70.31,5.85,26.76,13.16,48.27,14.55,3.89,54.6,20.07,3.75,8.74,39.2,24.19,4.52,6.3,23.15,6.48,25.58,25.9,20.09,7.99,6.82,35.76,54.79,12.73,,12.57,28.29,8.1,26.1,31.03,10.9,33.54,19.99,22.86,35.12,7.71,16.03,7.56,3.58,10.37,15.91,37.75,17.2,9.75,11.27,18.82,4.06,6.9,23.6,17.12,11.26,10.03,,56.49,16.0,17.8,14.68,8.24,14.74,33.91,22.05,16.69,5.95,14.94,7.5,13.21,58.93,7.0,30.91,21.76,9.89,50.71,10.95,20.09,7.71,,7.83,55.35,32.18,8.96,3.81,17.29,,,13.85,20.24,69.38,17.89,13.51,31.33,44.59,8.94,55.24,10.97,41.82,18.48,4.11,11.92,25.38,3.05,,33.19,28.09,41.99,64.4,29.48,28.79,2.65,17.97,15.14,7.91,9.05,61.53,,57.12
2017-08-24,23.0,55.12,3.64,492.81,26.69,41.52,15.25,23.11,21.0,17.44,16.65,69.86,5.92,26.24,13.21,48.0,13.94,3.87,54.79,19.89,3.79,8.66,39.43,23.73,4.52,6.27,22.67,6.36,25.33,25.4,20.19,7.96,6.79,35.85,54.06,12.73,,12.47,28.05,8.1,25.33,30.5,10.93,35.16,19.64,22.82,35.48,7.76,15.62,7.4,3.55,10.3,15.82,37.41,17.24,9.66,11.15,18.52,4.06,6.95,23.7,16.81,11.08,10.03,,56.75,15.96,17.35,14.5,8.19,14.65,34.4,21.7,16.28,5.96,15.0,7.48,13.22,59.21,7.04,31.4,21.91,9.82,51.36,10.8,20.51,7.63,,7.78,54.73,31.73,8.36,3.78,17.09,70.14,,15.24,20.22,70.7,17.61,13.44,30.85,43.11,8.95,54.04,10.85,40.87,18.82,4.07,11.83,25.25,3.03,,32.84,27.64,41.06,63.34,29.28,28.71,2.64,17.97,11.47,8.04,8.73,61.12,,57.9
2017-08-25,24.46,55.83,3.7,492.99,27.53,41.9,15.36,23.55,20.15,17.96,17.14,72.27,6.16,26.43,13.95,48.68,14.1,3.9,54.69,20.46,3.91,8.79,39.65,24.96,4.57,6.62,22.87,6.58,25.36,25.49,20.0,8.07,6.91,35.9,54.1,12.8,,12.78,28.34,8.26,25.71,31.05,11.11,35.69,20.77,22.91,37.21,8.13,15.96,7.56,3.58,10.41,15.96,37.95,17.65,9.82,11.28,18.81,4.21,7.12,23.61,16.9,11.22,10.28,,56.68,16.23,17.58,14.67,8.38,14.6,34.04,22.04,16.8,6.03,15.07,7.65,13.47,61.97,7.54,31.42,21.96,9.91,51.45,10.93,20.69,7.77,,8.18,56.78,32.04,8.38,3.84,17.56,73.43,,14.71,20.25,74.76,18.15,13.72,31.84,43.26,9.05,53.95,11.81,40.98,18.93,4.21,11.9,25.6,3.09,,33.38,29.27,41.65,64.5,29.27,29.1,2.7,18.53,11.6,8.08,8.82,64.18,,59.18
2017-08-28,24.96,56.2,3.74,492.04,27.24,42.27,15.28,23.94,20.75,17.95,18.2,79.5,6.05,27.29,14.82,49.35,13.88,3.92,54.02,21.73,3.86,8.91,39.82,25.09,4.61,6.7,22.55,6.66,25.83,25.68,20.5,8.2,6.9,35.69,55.43,13.05,,12.89,28.48,8.48,26.28,32.01,11.35,38.08,22.79,23.69,38.32,8.2,16.44,7.66,3.61,10.4,16.28,39.3,18.0,9.91,11.39,19.15,4.23,7.07,23.41,16.93,11.25,10.24,,58.11,16.31,17.77,15.09,8.45,14.39,33.88,22.42,16.7,6.07,15.18,7.7,13.98,57.9,7.65,32.04,22.37,9.98,51.13,11.2,21.75,7.81,,8.2,60.05,32.94,8.35,3.86,18.8,74.3,,14.99,21.55,77.0,19.5,14.15,32.81,44.78,9.04,54.74,12.1,40.79,19.26,4.24,11.95,26.1,3.11,,33.51,29.51,42.74,68.84,29.49,29.48,2.72,19.06,11.98,8.0,9.08,65.35,,62.44
2017-08-29,24.83,57.06,3.79,489.44,27.14,41.7,15.4,24.07,20.47,18.21,18.0,87.45,6.08,27.63,14.74,48.42,14.02,3.83,54.0,21.47,3.9,8.84,39.38,24.97,4.59,6.66,22.57,6.84,25.36,24.97,20.58,8.12,6.9,35.44,55.19,12.73,,12.96,27.86,8.5,26.47,31.9,11.67,37.13,22.75,23.72,38.43,8.18,16.69,7.59,3.59,10.33,16.05,39.0,17.7,9.97,11.56,19.03,4.32,7.11,22.94,16.8,11.25,10.2,,57.56,16.17,17.59,14.91,8.43,14.35,34.8,21.99,16.48,6.06,15.15,7.72,14.18,56.1,7.51,31.71,22.35,9.94,50.84,11.24,21.69,7.78,,8.24,59.4,33.24,8.34,3.86,18.67,72.9,,,21.7,76.75,19.22,14.15,32.43,46.43,9.1,53.76,12.25,40.8,19.08,4.28,11.87,26.08,3.09,,31.84,30.01,41.95,68.19,29.01,28.77,2.72,19.19,11.95,7.98,9.11,65.13,,61.46
2017-08-30,24.93,56.41,3.77,492.97,27.16,41.98,15.15,24.27,20.98,17.82,18.02,91.61,5.97,28.3,14.69,48.39,13.89,3.85,54.07,21.35,3.85,8.8,39.58,24.88,4.58,6.65,22.54,6.92,25.3,26.7,20.72,8.13,6.92,35.9,56.25,12.8,,12.87,28.54,8.05,26.53,31.87,11.43,40.79,22.56,24.03,38.3,8.41,16.5,7.85,3.59,10.36,16.05,39.0,18.21,10.0,11.5,18.98,4.27,7.03,22.9,16.76,11.25,10.23,,57.7,15.95,17.54,14.86,8.44,14.39,34.5,22.33,16.47,6.06,15.16,7.72,14.12,56.64,8.09,32.44,22.78,9.97,51.05,11.17,21.26,7.76,,8.16,60.2,32.97,8.2,3.83,18.71,74.17,,,21.85,79.25,19.39,14.36,33.53,46.82,9.15,55.0,13.32,41.39,19.42,4.23,11.86,25.91,3.11,,32.13,29.39,41.96,68.23,29.72,29.02,2.8,19.39,11.95,8.3,9.37,62.04,,60.82
2017-08-31,24.88,56.03,3.75,491.15,26.75,41.0,14.98,25.12,,17.65,18.23,95.6,5.9,28.1,14.84,48.49,14.53,3.83,54.14,21.58,3.77,8.79,38.65,24.96,4.62,6.58,23.32,7.53,25.29,26.59,20.68,8.11,7.2,36.03,55.49,12.72,,12.71,28.72,7.83,26.4,32.15,11.28,41.77,22.95,23.86,38.22,8.57,16.54,7.79,3.57,10.29,15.91,39.0,18.09,10.04,11.77,18.92,4.23,6.99,22.97,16.92,11.64,9.99,,58.16,15.91,17.4,14.95,8.4,14.14,34.12,22.64,16.05,6.01,15.11,7.64,14.03,57.01,8.01,32.31,23.2,9.94,50.82,11.15,21.39,7.72,,8.06,60.2,32.64,8.04,3.81,19.03,76.35,,,21.6,82.06,19.54,14.55,34.49,46.55,9.14,55.28,13.71,40.58,19.45,4.2,11.69,26.35,3.12,,30.91,29.27,42.54,69.82,29.97,29.37,2.79,19.54,11.99,8.2,9.37,61.46,,63.36
2017-09-01,25.52,56.17,4.04,495.18,26.76,40.84,14.97,25.33,21.4,17.52,18.3,98.49,5.79,28.92,15.27,48.29,14.59,3.84,55.68,21.71,3.7,8.81,38.11,25.04,4.63,6.5,23.4,7.43,25.49,26.52,20.88,8.09,7.25,37.23,55.5,12.72,21.25,12.77,29.55,7.78,26.88,32.94,11.21,42.26,23.19,23.68,38.26,8.97,16.88,8.02,3.59,10.22,16.02,38.91,18.78,10.02,11.73,18.9,4.2,6.86,22.76,16.78,11.71,9.8,,58.07,16.03,17.75,14.89,8.37,14.16,34.2,23.06,16.75,5.99,15.1,7.62,13.95,58.25,8.09,31.5,22.89,9.9,50.78,11.35,20.99,7.71,,8.07,62.06,33.29,7.96,3.81,19.38,80.2,,16.49,21.93,85.81,19.69,14.71,35.43,48.49,9.1,55.25,13.6,40.79,19.95,4.15,12.05,26.93,3.2,,30.72,28.76,45.08,71.06,29.98,29.31,2.89,19.84,12.11,8.57,9.5,60.28,,63.17
2017-09-04,26.9,55.15,4.3,492.42,26.96,41.36,14.98,27.05,21.8,17.73,18.18,98.58,5.88,29.32,15.06,48.76,14.58,3.9,58.41,21.53,3.75,8.78,38.08,24.81,4.66,6.53,23.49,7.52,25.67,26.3,21.62,8.1,7.45,37.15,54.21,13.3,22.54,12.78,30.91,7.76,27.6,34.37,11.72,40.71,23.32,24.39,37.88,8.78,16.84,7.69,3.57,10.11,16.37,40.63,19.35,9.96,11.79,18.8,4.21,6.88,22.74,16.64,11.65,9.8,,60.0,16.45,18.59,14.79,8.38,14.37,32.99,23.02,17.14,5.95,15.11,7.65,13.98,58.3,8.12,31.26,22.62,9.88,50.79,11.7,22.79,7.69,,8.19,63.6,34.44,8.05,3.83,19.33,80.14,,17.0,22.39,84.42,19.86,14.73,35.29,47.54,9.12,54.08,13.31,40.95,19.47,4.21,12.14,26.74,3.24,,31.34,28.84,46.5,69.87,32.59,30.22,2.9,20.48,11.89,8.64,9.42,60.87,,63.55
2017-09-05,26.58,56.29,4.27,489.99,27.34,41.41,14.89,26.6,21.6,17.7,18.19,98.68,5.95,28.89,14.67,48.88,14.73,4.01,58.22,21.5,3.85,8.79,38.13,25.02,4.72,6.58,24.07,7.32,25.21,26.01,22.0,8.08,7.42,37.19,54.27,13.21,21.42,13.03,33.54,7.79,27.75,34.12,11.64,40.72,23.4,24.36,39.65,8.93,17.32,7.61,3.59,10.15,16.38,42.23,18.92,9.97,11.67,18.92,4.27,7.06,22.74,16.39,11.78,9.79,,59.43,16.25,18.53,14.79,8.4,14.41,32.93,23.95,17.34,5.95,15.13,7.68,14.21,59.19,7.9,31.1,22.84,9.89,51.49,11.47,23.21,7.7,,8.21,63.15,33.79,7.89,3.8,19.3,88.15,,17.25,22.41,85.93,19.6,14.65,34.67,47.19,9.01,53.73,13.16,41.22,19.35,4.23,12.06,26.6,3.26,,31.65,29.27,49.23,73.86,32.27,30.11,2.86,20.81,12.02,8.39,9.3,61.52,,65.79
2017-09-06,27.3,55.4,4.38,484.98,26.87,40.97,15.0,26.9,21.0,17.61,18.11,102.98,5.9,28.45,15.0,50.3,14.94,4.01,57.56,21.53,3.85,8.74,38.19,25.69,4.73,6.54,24.0,7.76,25.09,25.81,21.95,8.14,7.48,38.51,53.83,13.29,21.44,12.96,32.88,7.78,28.12,33.72,11.7,41.1,23.43,24.95,38.84,8.87,17.83,7.76,3.58,10.13,16.8,41.47,18.78,10.04,11.65,18.72,4.26,7.02,22.64,16.24,11.92,9.9,,59.92,16.06,18.71,14.82,8.34,14.35,33.38,26.35,17.46,6.0,15.59,7.63,14.03,58.28,7.88,31.48,22.73,9.96,50.87,11.47,23.22,7.74,,8.19,63.33,33.88,7.88,3.84,19.19,90.5,,18.5,21.9,91.19,19.58,14.61,35.1,45.98,8.95,53.24,13.25,42.3,19.03,4.2,12.33,26.94,3.24,,31.45,28.68,49.63,75.4,32.15,30.94,2.88,20.21,11.9,8.39,9.87,60.31,,66.71
2017-09-07,28.63,54.91,4.17,481.27,26.35,40.97,15.1,27.15,21.31,17.43,17.95,106.75,5.88,28.46,14.71,49.57,14.57,3.96,58.37,21.09,3.83,8.71,37.8,25.66,4.72,6.52,23.46,7.58,24.74,26.55,21.94,8.09,7.31,39.52,53.15,12.91,20.73,12.85,33.08,7.83,27.89,33.18,11.44,40.0,22.92,24.46,38.69,8.68,17.53,7.66,,,16.61,40.69,18.16,9.97,11.66,18.61,4.22,7.01,23.31,16.24,11.74,9.77,,58.32,15.95,18.35,14.71,8.3,14.57,33.04,26.02,17.06,5.96,15.4,7.61,13.98,58.87,7.66,31.29,22.67,9.87,50.48,11.29,22.23,7.66,,8.13,64.4,33.41,7.91,3.82,18.95,89.32,,18.44,21.4,87.96,19.76,14.26,34.17,46.07,8.87,53.4,12.98,41.61,19.28,4.17,12.16,26.92,3.17,,30.94,28.51,49.41,75.16,31.26,30.39,2.82,19.47,11.98,8.16,9.79,59.3,,67.53
2017-09-08,28.64,55.02,4.29,474.37,26.38,40.99,15.23,26.75,21.3,17.45,17.77,109.11,5.9,28.3,14.53,49.82,15.13,3.97,59.43,20.95,3.8,8.69,37.09,25.29,4.76,6.47,23.68,7.77,24.78,26.23,22.12,8.08,7.38,40.13,51.85,12.85,20.99,13.03,31.97,7.8,28.02,33.03,11.49,40.45,22.17,25.35,38.32,8.75,17.4,7.8,,,16.92,40.5,18.14,9.94,11.54,18.56,4.2,7.01,23.28,16.43,12.8,9.68,,58.4,16.08,18.14,14.69,8.3,15.01,32.77,26.07,17.11,5.96,15.44,7.59,13.79,55.2,7.56,31.11,22.88,9.85,50.47,11.51,22.78,7.61,,8.12,64.38,33.94,7.74,3.82,18.8,93.06,,18.7,21.64,86.27,19.58,15.01,34.38,45.01,8.84,51.54,12.9,41.49,18.85,4.15,12.04,27.25,3.15,,30.62,28.57,49.48,75.95,32.19,30.08,2.8,19.33,11.89,8.02,10.0,59.42,,66.25
2017-09-11,28.32,53.99,4.16,478.32,26.18,40.31,15.3,27.9,21.1,17.44,17.78,109.4,5.89,27.82,14.69,51.85,15.35,3.97,58.42,21.02,3.82,8.69,37.11,25.32,4.79,6.48,23.24,8.54,24.94,27.5,21.8,8.08,7.5,39.43,52.87,13.7,20.84,12.99,32.27,7.7,28.49,32.6,11.38,40.16,22.14,25.3,37.01,8.92,17.46,7.94,,10.33,17.0,39.76,18.65,10.15,11.91,18.6,4.2,6.98,23.43,16.53,14.08,9.71,,58.55,15.96,18.2,14.71,8.33,15.13,32.4,28.15,17.9,5.98,15.38,7.6,13.99,54.73,8.09,31.06,22.85,9.88,50.31,11.32,25.06,7.6,,8.22,63.48,33.28,7.54,3.83,18.84,100.0,,19.5,21.57,93.96,19.69,15.24,35.9,44.96,8.9,52.0,14.19,40.5,19.13,4.16,12.13,27.71,3.18,,31.23,27.94,54.43,81.98,32.19,30.15,2.84,19.7,12.06,7.98,10.05,57.39,,68.0
2017-09-12,27.84,54.81,4.14,484.91,26.44,40.22,15.22,27.88,20.75,17.44,17.91,111.99,5.93,27.56,14.43,55.81,15.47,3.92,58.28,21.21,3.84,8.68,36.7,25.08,4.76,6.5,23.5,8.23,24.94,26.9,22.3,8.03,7.5,42.3,53.6,14.08,21.57,13.04,33.36,7.65,28.74,32.74,11.54,38.66,22.34,24.94,38.09,9.01,17.39,8.06,,10.33,17.01,39.1,19.25,10.15,11.81,18.53,4.2,6.98,23.6,16.65,13.87,9.71,,59.18,15.9,19.89,14.61,8.33,15.02,32.09,27.02,17.77,5.96,15.21,7.61,14.1,55.75,,30.87,22.62,9.84,50.55,11.25,25.52,7.61,,8.21,63.2,32.87,7.58,3.85,19.36,92.3,5.41,18.72,21.5,86.28,20.7,14.97,35.4,48.47,8.96,52.4,14.9,40.62,18.79,4.17,12.4,27.37,3.16,,31.48,27.98,52.97,76.38,32.05,30.35,2.9,19.37,12.48,8.04,9.83,57.82,,64.64
2017-09-13,27.61,55.07,4.05,491.63,26.17,41.19,15.19,27.85,20.85,17.36,17.89,123.19,5.93,27.07,14.63,54.88,15.34,3.91,58.43,21.17,3.82,8.68,37.33,24.99,4.75,6.45,23.56,8.43,25.04,26.7,22.45,8.03,7.57,42.63,54.96,15.15,21.75,12.87,33.13,7.8,28.47,33.05,11.43,39.19,22.28,24.93,37.92,9.07,16.93,7.99,,10.52,16.8,38.37,19.59,10.28,11.86,18.43,4.18,6.96,24.28,16.43,14.12,9.66,,58.35,15.84,19.53,14.57,8.29,15.3,31.9,27.15,17.62,5.96,15.25,7.57,14.35,55.71,,29.73,22.48,9.88,50.54,11.19,26.87,7.58,,8.15,62.62,32.75,7.48,3.86,19.11,95.07,5.23,19.46,20.72,87.88,20.42,15.19,36.23,50.26,8.96,54.67,15.2,41.32,18.75,4.14,12.28,27.42,3.15,,31.44,27.78,53.65,76.9,32.61,30.86,2.89,19.18,12.49,8.05,9.73,56.85,,66.93
2017-09-14,28.99,54.02,4.01,490.71,25.86,40.9,15.04,28.98,20.94,17.37,17.97,124.41,5.88,26.65,14.57,54.47,14.97,3.84,57.75,21.16,3.79,8.65,37.5,25.46,4.72,6.37,23.58,8.26,24.59,26.35,22.11,8.03,7.75,42.18,54.8,15.42,21.18,12.85,34.13,7.75,27.85,32.45,11.32,39.45,22.31,24.55,36.85,8.86,17.06,7.82,,10.55,17.47,42.21,18.81,10.36,12.44,18.39,4.12,6.84,24.19,16.22,14.82,9.73,,58.62,15.99,19.89,14.49,8.24,15.7,32.3,26.1,17.19,5.95,15.15,7.53,14.25,54.06,,29.4,22.53,9.96,51.49,11.12,26.94,7.51,,8.07,60.69,32.56,7.48,3.79,18.89,89.95,5.21,20.52,20.79,89.0,20.38,15.38,34.82,51.05,8.97,54.6,16.05,41.17,18.55,4.13,11.98,26.93,3.11,,31.34,27.92,54.3,73.09,34.0,30.6,2.83,19.11,12.39,7.76,9.72,56.35,,65.96
2017-09-15,30.62,53.38,4.01,489.84,25.97,42.03,15.05,28.55,20.78,17.38,18.03,115.99,5.77,26.7,14.63,53.4,14.82,3.84,58.23,21.21,3.76,8.65,37.94,25.54,4.73,6.35,24.24,7.79,24.62,26.71,22.12,7.98,7.61,41.57,54.93,15.02,20.49,12.83,34.23,7.69,28.33,32.59,11.29,39.38,22.52,24.62,36.73,8.5,16.97,7.59,,10.54,17.09,40.96,17.62,10.21,12.59,18.38,4.06,6.82,24.04,16.31,15.93,9.87,,57.16,15.89,19.79,14.53,8.23,16.3,32.3,26.3,16.97,5.92,15.14,7.53,14.52,53.0,,29.24,22.6,9.88,51.32,11.14,26.73,7.52,,8.04,60.31,32.68,7.31,3.79,18.93,89.75,5.17,21.19,20.8,86.02,20.39,14.92,32.75,50.36,8.85,54.99,14.45,43.15,18.37,4.11,11.67,26.82,3.06,,34.19,28.03,54.97,73.25,34.34,31.68,2.76,18.51,12.35,7.4,9.66,56.9,,63.88
2017-09-18,33.68,53.3,3.95,498.97,25.76,42.03,14.97,28.99,20.76,17.42,18.38,127.59,5.76,27.43,15.06,57.93,15.52,4.01,58.6,21.49,3.7,8.68,,25.9,4.72,6.32,24.38,7.91,24.58,26.19,23.06,8.0,7.6,40.97,56.42,15.58,20.4,12.91,35.29,7.8,28.0,32.14,11.25,39.31,22.66,24.94,36.37,8.55,17.68,7.63,,10.68,17.06,42.5,17.65,10.22,12.31,18.43,4.06,6.73,24.05,16.3,15.94,9.92,,57.56,15.81,20.1,14.55,8.25,16.39,32.23,26.31,17.32,5.93,15.36,7.57,14.14,53.94,,29.96,22.69,9.9,53.29,11.11,27.27,7.49,,8.06,62.92,32.37,7.32,3.81,19.29,89.86,5.14,20.21,20.81,89.57,20.44,15.97,34.13,55.38,8.85,56.28,14.3,44.9,19.18,4.09,11.88,27.1,3.07,,33.02,27.8,54.03,73.99,34.0,31.71,2.76,18.76,12.86,7.37,9.87,56.79,,68.4
2017-09-19,37.05,53.46,3.99,496.95,26.17,42.0,14.98,29.25,19.98,17.41,18.16,123.92,5.78,26.7,14.56,57.25,15.28,4.01,58.77,21.15,3.72,8.68,37.29,27.21,4.81,6.33,24.36,7.86,24.32,25.55,23.2,7.97,7.5,39.89,56.47,16.65,20.38,12.9,33.54,7.75,27.7,32.09,11.13,38.58,22.09,24.52,36.63,8.64,17.3,7.37,,10.71,16.7,44.7,17.54,10.28,12.52,18.44,4.08,6.78,24.06,16.2,17.0,9.83,,56.92,15.94,19.75,14.59,8.25,16.59,32.1,25.76,17.0,5.95,15.2,7.51,14.11,56.05,,29.45,22.58,9.86,56.41,11.01,28.23,7.45,,8.0,61.68,32.14,7.25,3.77,18.98,87.38,5.09,20.03,20.18,88.66,20.15,15.68,33.72,54.11,8.87,55.2,14.7,44.69,18.71,4.1,11.85,26.81,3.06,,32.89,27.79,51.7,72.99,33.2,31.72,2.71,18.53,12.75,7.36,9.9,57.22,,71.2
2017-09-20,38.22,53.08,4.05,496.2,25.89,43.29,14.98,30.76,20.23,17.33,18.12,131.37,5.79,26.57,14.38,61.82,15.82,4.0,58.88,21.41,3.71,8.66,37.83,27.89,4.88,6.29,24.84,8.18,24.79,26.1,23.25,7.94,7.53,40.3,56.52,16.93,20.52,12.88,33.71,7.72,28.37,32.14,11.29,37.76,21.79,24.78,35.96,8.93,,7.47,,10.72,17.09,45.5,17.85,10.23,12.29,18.45,4.13,6.79,24.09,16.17,18.7,9.73,,60.0,16.19,20.28,14.57,8.25,16.43,32.2,26.28,16.89,5.83,15.2,7.55,14.08,55.79,,29.5,22.66,9.87,55.78,11.17,28.11,7.52,,8.03,62.1,32.5,7.21,3.78,19.03,88.41,5.11,20.64,20.29,91.02,20.16,16.1,34.66,54.34,8.86,55.62,16.17,44.74,18.43,4.09,12.16,27.2,3.11,,32.89,27.59,53.4,73.99,34.11,31.58,2.73,18.93,13.14,7.43,10.04,56.81,,75.03
2017-09-21,35.88,53.82,3.9,498.77,26.06,43.1,15.0,29.73,20.0,17.36,18.11,129.91,5.95,26.0,13.76,62.57,15.73,3.96,58.24,21.53,3.77,8.62,37.99,27.28,4.81,6.34,25.19,7.85,24.53,25.59,23.5,7.97,7.42,39.54,55.72,15.91,20.46,12.87,33.55,7.63,28.19,32.95,11.46,37.86,22.01,24.97,36.73,8.65,,7.3,3.64,10.69,16.99,43.5,17.14,10.2,12.41,18.47,4.16,6.94,24.49,16.28,18.83,9.71,,58.8,16.2,19.7,14.52,8.23,16.3,31.88,25.4,17.0,5.84,15.54,7.57,14.3,52.94,,29.43,22.66,9.84,54.86,10.9,26.99,7.47,,8.04,60.17,31.36,7.48,3.75,19.07,87.64,5.11,19.08,20.15,88.91,20.18,15.49,33.03,53.45,8.83,55.13,15.5,45.01,17.91,4.12,11.76,27.75,3.05,,32.24,27.69,51.41,71.36,33.75,31.01,2.71,18.35,13.56,7.32,9.93,57.64,,78.5
2017-09-22,35.5,54.04,3.92,499.93,25.95,44.1,15.12,28.49,20.05,17.42,18.14,132.25,5.98,26.5,13.79,62.32,15.12,4.0,58.14,21.81,3.79,8.6,39.25,28.58,4.75,6.35,25.32,7.6,24.35,25.44,23.23,7.95,7.32,38.71,56.08,16.33,20.62,12.89,33.91,7.46,28.48,32.77,11.44,36.79,22.14,26.7,37.11,8.6,,7.24,3.57,10.67,17.3,45.56,17.26,10.11,13.5,18.31,4.19,7.0,24.86,16.34,17.59,9.62,,59.21,16.28,19.2,14.48,8.18,16.24,31.85,25.1,16.72,5.88,15.42,7.5,14.59,53.07,,29.24,22.07,9.83,53.23,10.84,27.23,7.51,,8.08,60.7,31.49,7.41,3.71,19.03,83.35,5.08,18.77,20.24,85.85,20.37,15.51,32.6,53.83,8.85,55.64,15.17,45.21,17.69,4.12,11.42,28.3,3.04,,31.86,28.14,50.36,69.2,33.27,30.6,2.7,18.18,13.58,7.17,9.99,57.95,,77.99
2017-09-25,33.91,54.16,3.91,507.24,25.81,43.09,15.3,28.5,19.46,17.59,18.08,125.39,6.11,26.93,13.34,60.29,14.74,3.99,58.12,21.81,3.85,8.46,38.93,27.5,4.63,6.4,25.79,7.39,24.34,25.45,23.8,8.06,7.3,39.97,57.42,16.0,20.78,12.94,32.45,7.32,27.5,31.88,11.29,37.24,22.16,26.25,37.89,8.45,,7.07,3.51,10.58,16.88,44.25,15.92,9.89,13.37,17.95,4.23,7.09,24.97,16.33,18.2,9.42,,58.15,16.3,18.86,14.24,8.16,16.25,31.86,24.7,15.79,5.93,15.0,7.4,14.69,53.3,,27.5,21.6,9.77,52.15,10.67,27.88,7.56,,7.99,60.03,31.59,7.18,3.66,18.86,85.05,5.05,18.25,19.36,82.34,20.57,14.7,30.85,56.03,8.95,57.45,14.4,45.43,17.68,4.12,11.42,27.98,3.0,,31.96,28.36,50.48,69.19,33.23,30.29,2.66,18.05,13.21,7.13,10.03,59.06,,73.34
2017-09-26,33.93,54.25,3.93,509.29,25.71,42.68,15.25,28.51,19.19,17.55,18.0,123.46,6.07,26.83,13.75,65.0,14.62,4.17,58.08,21.71,3.85,8.44,38.4,27.08,4.72,6.39,25.8,7.51,24.67,25.3,23.55,8.09,7.4,40.42,56.89,15.8,21.23,12.86,32.13,7.35,27.47,31.48,11.05,36.79,22.01,26.58,37.67,8.61,,7.09,3.55,10.66,16.43,44.89,16.12,9.93,13.4,17.88,4.2,7.05,25.0,16.25,20.02,9.48,,57.33,16.1,18.94,14.15,8.05,16.48,31.83,25.09,15.96,5.96,15.63,7.42,14.52,52.24,,27.22,21.61,9.76,52.78,10.75,27.16,7.52,,7.99,61.5,31.74,7.32,3.66,18.87,85.92,5.05,18.52,19.45,84.24,20.59,14.84,31.32,56.59,8.91,56.74,14.7,45.35,18.01,4.1,11.57,27.25,3.02,,33.45,28.37,51.33,69.8,34.55,30.75,2.7,18.28,13.27,7.27,10.0,59.18,,71.15
2017-09-27,35.8,53.6,3.91,508.21,25.4,43.81,15.14,28.94,20.23,17.38,18.03,124.83,6.02,28.5,13.73,67.87,14.94,4.2,58.44,21.41,3.82,8.41,38.55,29.1,4.9,6.34,25.44,7.77,,25.88,23.55,8.05,7.35,40.94,56.7,16.56,21.28,12.85,33.52,7.55,28.15,31.25,10.93,36.97,21.98,28.02,36.6,8.84,,7.09,3.54,10.94,16.92,47.9,16.25,9.89,14.47,17.82,4.15,6.96,25.34,16.43,19.46,9.48,,59.2,15.88,19.14,14.11,8.01,16.72,31.52,26.17,16.43,5.92,15.68,7.4,14.8,53.0,,28.63,21.6,9.77,54.11,10.69,27.24,7.48,22.17,7.91,62.13,31.38,7.47,3.69,18.81,92.6,5.04,19.08,20.16,89.13,20.93,14.71,31.88,55.8,8.84,56.2,14.85,45.98,17.86,4.08,11.55,27.27,3.03,,33.67,27.85,53.44,73.5,34.17,31.06,2.72,18.39,13.03,7.46,9.96,57.74,,74.2
2017-09-28,33.1,53.74,3.87,518.46,25.2,43.43,15.14,29.63,20.7,17.34,18.03,127.17,6.05,28.69,13.69,68.95,15.04,4.49,60.08,21.43,3.84,8.26,37.9,28.67,4.9,6.33,26.4,7.76,,25.85,23.85,8.0,7.37,41.71,57.45,16.73,21.24,12.84,36.87,7.48,28.73,31.46,10.88,36.24,22.07,28.15,36.71,8.81,,6.89,3.61,10.82,16.77,47.0,15.93,9.8,14.29,17.77,4.14,6.98,25.69,16.46,19.48,9.31,,59.44,15.7,19.25,14.0,7.99,16.61,31.16,25.71,16.15,5.9,15.68,7.38,14.91,52.85,,28.78,21.33,9.72,54.18,10.57,29.21,7.47,24.39,7.87,62.0,31.19,7.44,3.68,18.74,91.45,4.96,19.14,20.11,90.76,20.74,14.52,31.94,56.42,8.85,56.8,14.3,46.16,17.67,4.07,12.05,27.32,3.01,,34.28,27.91,53.44,72.55,34.08,31.3,2.7,18.34,13.13,7.34,9.92,57.25,,72.18
2017-09-29,34.19,54.16,3.87,517.64,25.55,44.19,15.07,29.83,20.66,17.29,18.19,130.26,6.0,28.72,13.83,68.3,15.33,4.4,59.93,21.63,3.82,8.3,37.9,29.72,4.94,6.32,27.5,7.84,,25.3,24.59,7.99,7.49,42.15,57.28,16.83,20.94,12.87,36.89,7.65,28.9,32.0,11.11,37.07,22.62,28.3,36.93,8.8,,6.89,3.56,11.46,16.88,48.59,16.13,9.86,14.29,17.86,4.12,6.97,25.49,16.52,18.92,9.28,,61.5,15.78,19.19,13.93,8.02,16.9,31.18,25.28,16.08,5.9,15.51,7.46,15.09,53.65,,28.79,21.51,9.73,54.98,10.72,29.47,7.46,,7.91,62.5,31.43,7.42,3.68,18.98,87.3,4.95,18.4,20.24,91.47,21.39,14.44,32.13,55.05,8.75,56.1,13.87,47.39,18.19,4.05,12.2,27.47,3.02,,33.65,27.74,53.45,70.29,34.49,31.27,2.7,18.46,13.06,7.39,10.05,56.67,,73.9
2017-10-09,35.4,54.76,3.9,527.77,26.08,46.47,15.24,29.99,20.73,17.46,18.11,134.91,6.1,28.84,14.04,72.08,15.57,4.79,61.95,21.56,3.79,8.4,39.1,29.52,5.03,6.32,27.79,7.81,,25.16,25.18,7.98,7.53,42.96,58.54,16.58,20.69,13.04,37.2,7.77,29.5,32.13,11.3,37.98,22.38,29.98,36.68,8.7,19.03,6.94,3.72,11.93,17.54,49.0,16.07,9.94,14.32,18.05,4.12,7.02,26.04,16.76,19.46,9.46,,63.39,16.09,19.62,13.99,8.12,17.42,31.25,26.09,16.02,5.87,16.09,7.51,15.35,55.29,,28.48,21.85,9.79,55.17,10.78,30.02,7.5,26.83,8.01,62.6,31.56,7.29,3.74,19.08,87.7,4.99,18.57,19.83,88.94,21.07,14.72,32.4,53.98,8.87,56.38,14.23,46.15,17.99,4.1,12.29,27.86,3.04,,33.06,27.75,52.9,70.72,34.75,30.69,2.72,18.48,13.45,7.46,10.35,56.37,,74.28
2017-10-10,34.67,54.92,3.9,540.06,26.12,46.66,15.27,29.62,20.24,17.8,18.23,135.91,6.14,28.89,14.29,70.62,15.62,4.81,60.92,21.34,3.78,8.39,38.79,29.1,5.22,6.38,27.59,7.54,,25.54,24.88,8.0,7.55,43.48,59.18,16.45,20.48,13.1,38.11,7.79,29.82,32.41,11.47,39.91,21.73,30.1,35.98,8.44,20.18,7.15,3.74,11.92,17.97,49.8,15.55,9.96,13.58,18.06,4.14,7.07,25.87,16.78,17.51,9.45,,63.78,16.3,20.31,13.97,8.16,17.69,31.62,25.66,15.62,5.85,16.21,7.54,14.76,56.26,,28.39,22.49,9.84,56.0,10.74,29.39,7.51,29.51,8.06,63.49,31.49,7.2,3.76,19.19,84.2,5.03,18.19,19.76,87.07,20.88,14.53,31.39,54.36,9.02,57.7,13.76,47.37,18.0,4.1,12.5,28.19,3.04,,33.67,27.4,51.94,68.83,35.3,30.7,2.69,18.24,13.38,7.34,10.5,54.55,,75.1
2017-10-11,34.85,55.31,3.87,545.54,26.04,47.1,15.53,28.32,20.09,17.7,18.05,128.68,6.2,26.67,14.13,68.65,15.19,4.73,62.39,21.37,3.84,8.4,39.95,27.7,5.21,6.38,28.57,7.28,,25.47,24.2,8.0,7.52,41.41,61.18,16.23,20.57,13.06,36.57,7.76,29.5,34.56,11.53,40.17,21.59,28.89,36.69,8.4,19.11,6.94,3.69,12.01,17.51,48.5,15.5,10.13,13.35,17.99,4.17,7.1,25.42,16.78,17.09,9.52,,62.7,16.29,19.64,13.95,8.19,18.36,32.23,25.7,16.07,5.86,16.02,7.53,14.8,55.38,,27.95,22.98,9.83,56.52,10.66,29.18,7.51,32.46,8.03,62.71,31.2,7.15,3.75,19.09,86.66,5.04,18.35,19.74,83.79,20.71,14.28,31.14,56.65,9.02,59.2,12.59,48.73,18.2,4.11,12.84,27.79,3.02,,34.96,27.6,50.63,69.33,36.55,31.09,2.67,18.06,13.33,7.28,10.83,55.34,,71.69
2017-10-12,36.11,57.11,3.87,544.09,26.37,47.68,15.35,29.1,20.4,17.76,18.0,129.1,6.21,27.34,13.88,68.3,15.4,4.77,62.93,21.24,3.8,8.38,40.42,28.04,5.25,6.32,28.49,7.14,,25.09,24.25,7.97,7.58,42.69,60.81,16.02,20.26,13.05,37.3,7.81,30.03,34.8,11.55,39.66,21.46,29.17,37.35,8.19,19.19,6.98,3.68,12.34,17.53,48.42,15.28,10.08,13.43,17.93,4.16,7.07,25.45,16.62,16.91,9.48,,63.13,16.2,19.68,13.87,8.16,18.76,32.4,25.23,16.23,5.82,16.25,7.5,15.62,54.72,,28.51,22.84,9.83,55.5,10.73,28.19,7.47,35.71,8.05,63.04,31.3,7.32,3.72,18.98,84.93,5.01,17.26,20.23,82.64,20.54,14.55,30.42,55.96,9.06,59.5,12.6,48.85,17.92,4.1,12.41,27.68,3.05,,,28.09,48.71,67.1,36.32,31.81,2.67,18.33,13.8,7.37,10.85,57.34,,72.54
2017-10-13,35.29,57.08,3.9,556.15,26.2,47.68,15.37,29.99,21.31,17.8,18.0,131.18,6.14,29.56,14.03,67.72,15.16,5.1,62.91,21.23,3.76,8.4,40.27,27.36,5.19,6.31,27.6,7.17,,24.85,24.7,7.98,7.95,41.44,61.62,16.75,20.43,12.94,39.81,7.9,29.9,35.0,11.36,38.55,21.49,29.5,37.14,8.24,19.5,6.94,3.76,12.12,17.68,50.2,15.29,10.11,13.57,17.89,4.14,7.03,26.25,16.65,16.66,9.39,,62.54,16.2,19.56,13.94,8.17,18.33,32.38,25.45,17.12,5.81,16.07,7.51,15.93,55.55,,29.62,22.98,9.87,56.34,10.68,28.5,7.48,32.63,8.05,64.91,31.18,7.25,3.74,18.94,86.97,5.0,17.32,20.82,82.73,20.26,14.47,30.82,55.05,8.97,59.0,12.73,49.05,18.43,4.1,12.42,27.93,3.04,,,27.95,49.19,68.18,36.46,31.74,2.66,18.37,13.67,7.53,10.84,57.96,,73.0
2017-10-16,31.76,57.17,4.01,560.69,26.87,46.84,15.38,28.96,22.0,18.04,17.97,129.11,6.21,29.41,13.55,67.4,14.7,5.11,63.0,21.21,3.8,8.31,39.5,27.0,5.12,6.35,27.69,7.23,,23.95,24.07,8.05,7.86,38.79,59.65,16.5,20.45,13.04,39.97,7.87,29.11,36.44,11.59,38.76,21.49,30.45,38.57,8.25,18.79,7.03,3.88,11.9,17.35,48.0,15.38,9.91,13.55,17.83,4.15,7.13,25.9,16.76,16.29,9.4,,61.8,16.66,19.03,13.95,8.16,18.15,32.34,24.65,16.85,5.81,15.56,7.48,15.92,53.23,,29.78,23.26,10.0,55.02,10.68,27.8,7.45,30.23,8.08,61.75,30.58,7.21,3.72,18.95,89.72,4.98,17.2,20.68,84.04,20.22,14.45,31.39,53.1,8.96,57.64,13.3,48.57,18.08,4.13,12.23,25.99,3.13,,,28.36,48.55,69.21,36.07,32.3,2.66,19.29,13.26,7.61,11.15,58.58,,72.79
2017-10-17,30.81,57.94,3.91,556.73,27.03,48.15,15.48,30.16,21.99,17.9,17.9,126.91,6.15,29.97,13.33,67.37,14.82,5.15,63.81,21.01,3.76,8.38,40.68,27.26,5.1,6.3,27.9,7.07,,24.1,24.06,8.05,7.85,38.9,60.1,17.28,20.25,12.99,40.05,7.91,29.99,36.1,11.51,39.97,21.47,30.46,38.75,8.07,19.47,6.97,4.01,12.09,17.3,47.5,14.98,9.9,13.34,17.89,4.14,7.08,26.0,16.84,16.18,9.4,,61.78,16.74,18.57,13.9,8.14,18.56,32.83,23.83,16.8,5.82,15.51,7.49,16.11,50.32,,30.82,23.1,10.01,57.31,10.47,29.21,7.48,30.37,8.02,59.98,29.9,7.21,3.73,18.66,86.84,4.98,17.29,20.83,83.15,20.18,14.0,29.19,53.31,8.98,57.05,12.78,49.8,18.15,4.11,12.17,26.07,3.05,,,28.22,47.4,67.73,36.16,32.41,2.64,18.74,13.9,7.48,10.9,58.22,,76.3
2017-10-18,30.38,58.98,3.93,560.72,27.11,48.73,15.91,29.98,22.97,18.0,18.05,126.44,6.28,31.07,13.34,67.43,14.12,5.29,63.63,21.3,3.82,8.35,41.19,27.0,5.02,6.35,29.54,6.74,,23.94,24.29,8.25,7.85,37.71,61.35,17.06,20.54,13.07,37.69,7.97,30.1,36.81,11.69,38.6,21.64,30.63,39.57,8.01,19.31,7.01,4.21,12.53,17.49,47.49,14.65,9.87,13.55,17.72,4.17,7.24,26.25,17.09,,9.49,,61.0,16.87,18.35,13.77,8.13,18.36,32.87,22.89,16.81,5.9,15.27,7.45,16.45,48.46,,31.77,22.85,9.94,56.38,10.45,29.83,7.56,28.66,8.03,59.35,30.26,7.16,3.7,18.54,85.26,4.98,17.78,20.99,80.55,20.5,13.66,28.14,54.7,9.16,58.46,12.02,50.89,18.3,4.13,11.8,25.28,3.02,,,28.69,46.45,66.59,36.45,31.73,2.58,18.28,13.9,7.4,11.0,59.6,,74.53
2017-10-19,30.29,59.59,3.94,582.6,27.1,48.63,16.05,29.16,22.7,18.03,17.79,115.78,6.34,30.86,12.87,65.15,14.12,5.03,65.43,21.19,3.85,8.22,41.06,26.49,4.95,6.39,29.76,6.77,,23.52,24.74,8.27,7.59,37.99,63.0,16.82,20.69,13.13,37.83,7.81,29.53,36.06,11.63,39.21,21.22,28.38,39.89,7.8,18.61,6.91,4.16,12.24,16.94,47.08,14.7,9.75,13.15,17.46,4.19,7.29,25.66,,,9.33,,60.04,16.63,18.07,13.37,8.07,17.55,32.86,22.95,16.37,5.92,15.33,7.37,16.56,49.22,,31.29,23.0,9.87,56.99,10.2,30.11,7.6,28.49,7.93,58.78,30.29,6.92,3.68,18.13,87.08,4.91,18.21,21.06,81.33,20.03,13.49,28.26,55.1,9.23,59.42,12.0,50.9,17.85,4.14,11.82,25.19,2.99,,,28.82,46.83,67.25,37.24,31.11,2.51,17.99,13.92,7.45,11.29,59.95,,77.3
2017-10-20,30.91,59.02,3.94,574.33,26.77,47.64,15.96,30.07,22.25,17.88,17.78,118.79,6.24,30.8,13.08,68.55,14.33,5.06,64.98,20.86,3.83,8.25,40.5,26.56,4.93,6.36,29.17,7.14,,23.55,24.53,8.15,7.46,39.13,62.51,16.69,20.51,13.01,38.64,7.87,29.69,35.6,11.48,39.67,21.01,28.66,38.88,8.01,18.97,7.08,4.09,12.59,17.06,47.89,15.14,9.87,13.16,17.53,4.17,7.2,25.57,,,9.35,,60.58,16.42,18.48,13.38,8.07,17.7,32.82,23.55,16.82,5.86,15.49,7.41,16.08,50.03,,30.5,22.88,9.92,59.27,10.29,29.94,7.57,29.53,7.94,59.69,30.17,6.99,3.69,18.17,91.46,5.05,19.84,20.34,87.27,19.76,13.77,29.03,54.35,9.17,58.01,12.21,49.55,17.88,4.11,11.91,25.52,3.01,,,28.32,49.39,70.15,36.81,32.08,2.56,18.29,14.6,7.55,11.6,58.19,,78.66
2017-10-23,32.1,59.88,3.9,573.41,26.5,47.63,15.99,30.78,22.41,17.65,17.58,124.57,6.19,31.0,13.18,66.91,14.34,5.25,65.11,20.67,3.78,8.24,40.63,26.47,5.01,6.32,29.5,7.12,,24.04,25.08,8.15,7.5,38.94,62.6,16.86,20.36,12.84,40.07,7.82,29.68,35.7,11.19,42.15,20.56,28.49,39.23,8.01,19.3,7.13,4.34,12.9,17.21,47.53,15.05,9.85,13.26,17.47,4.11,7.12,26.49,,,9.25,,60.72,16.19,18.66,13.23,8.05,17.9,32.99,23.4,17.45,5.85,15.41,7.39,16.13,50.12,,30.73,23.29,10.02,59.1,10.23,29.5,7.53,28.37,7.89,60.03,29.89,7.12,3.7,18.0,90.7,5.01,,20.56,86.45,19.44,13.78,28.65,54.72,9.21,57.88,12.08,49.83,18.65,4.06,11.92,25.88,2.99,,34.48,28.99,49.07,69.9,36.85,31.89,2.56,18.11,14.65,7.52,12.08,58.68,,79.32
2017-10-24,32.35,60.2,3.96,567.33,26.62,48.59,16.23,30.24,23.34,17.77,17.79,123.61,6.23,32.23,13.39,65.06,14.27,5.22,64.85,20.91,3.8,8.23,41.27,26.59,4.98,6.35,29.68,7.22,,23.6,25.49,8.17,7.64,38.49,63.59,16.76,20.58,12.86,38.49,7.88,30.65,35.76,11.39,42.08,20.79,27.72,39.56,8.05,19.23,7.07,4.27,12.89,16.9,47.6,15.17,10.03,13.6,17.35,4.12,7.16,26.22,,,9.39,,59.92,16.42,18.3,12.97,8.1,17.76,32.84,23.47,17.51,5.92,15.31,7.39,16.38,49.99,,30.5,23.26,10.21,58.1,10.32,30.58,7.61,29.39,7.93,60.42,30.31,7.06,3.7,18.28,92.08,5.04,,21.22,87.45,19.73,13.78,28.66,54.91,9.38,58.81,11.91,49.97,18.57,4.07,11.76,25.45,3.01,,33.89,29.26,49.05,71.87,37.11,31.44,2.61,18.5,14.45,7.65,11.78,59.8,,78.9
2017-10-25,32.44,60.08,3.97,565.67,26.8,50.4,16.29,31.05,23.23,17.71,17.85,124.41,6.16,33.0,13.4,65.48,14.72,5.72,66.81,20.9,3.77,8.26,41.81,27.26,5.19,6.32,29.79,7.2,,24.0,25.46,8.13,7.74,39.0,63.02,16.85,20.71,12.9,39.03,8.15,30.59,36.91,11.27,43.75,20.83,28.27,39.65,8.13,19.16,7.02,4.4,13.11,17.43,48.06,15.1,10.0,13.59,17.39,4.07,7.1,26.55,,15.78,9.44,,60.45,16.45,18.43,13.05,8.1,18.1,32.87,23.1,18.5,5.91,15.44,7.41,16.99,50.98,,31.51,23.63,10.19,58.03,10.34,30.39,7.58,29.28,7.92,60.27,30.28,7.08,3.78,18.46,87.9,5.06,19.29,21.65,86.09,19.71,13.81,28.51,54.88,9.4,57.78,12.2,49.06,19.27,4.07,12.12,25.81,3.0,,32.97,29.29,47.36,70.34,37.84,31.26,2.63,18.41,14.51,7.71,12.15,59.68,,79.49
2017-10-26,33.3,61.39,3.87,605.09,26.55,49.96,16.0,32.3,24.2,17.5,17.92,134.35,6.05,32.8,13.39,65.8,14.79,5.76,66.27,20.79,3.7,8.28,42.88,27.13,5.24,6.25,29.74,7.36,,23.81,25.01,8.17,7.98,40.04,65.06,17.52,20.64,12.82,39.98,8.32,30.0,36.18,11.18,43.25,20.53,30.0,40.55,8.31,19.82,7.19,4.42,12.91,17.56,48.8,15.32,10.12,13.61,17.5,4.0,7.0,27.51,16.8,15.95,9.68,,62.15,16.43,18.55,12.99,8.12,17.92,32.8,22.98,18.28,5.89,15.54,7.39,16.58,50.54,,31.8,24.26,10.98,58.62,10.42,31.93,7.65,28.91,7.83,60.07,30.38,7.13,3.82,18.39,87.06,5.06,19.12,21.53,89.65,19.77,13.93,28.98,56.0,9.12,58.85,12.64,51.28,19.64,4.06,12.22,25.93,3.01,,32.97,29.3,46.48,69.83,38.54,31.95,2.65,18.64,14.74,7.86,12.25,60.26,,79.48
2017-10-27,32.0,63.93,3.72,649.63,28.1,50.72,16.05,32.06,24.61,17.7,17.86,135.13,6.19,32.99,13.32,65.13,14.73,5.92,65.88,20.47,3.72,8.32,43.77,26.4,5.32,6.28,30.19,7.27,,24.28,24.25,8.13,7.94,39.2,67.99,17.07,20.71,12.85,39.7,8.23,30.3,36.0,11.56,44.6,20.07,30.08,41.52,8.21,19.58,,4.46,12.84,17.5,48.2,14.88,10.11,13.85,17.65,4.03,7.14,27.51,16.53,15.74,9.67,,61.3,17.3,18.23,13.09,8.18,17.94,33.05,22.64,18.02,5.87,15.72,7.41,16.72,49.7,,32.82,24.3,10.68,58.16,10.23,31.99,7.63,28.54,7.97,59.63,29.78,7.35,3.81,18.15,85.41,5.08,19.4,21.72,90.47,19.91,13.44,28.31,58.28,9.17,59.8,12.23,50.79,20.08,4.07,12.04,25.79,2.98,,31.62,29.47,46.71,70.56,39.54,31.47,2.68,18.19,14.6,7.7,12.12,60.83,,79.5
2017-10-30,31.83,64.06,3.7,622.08,27.79,51.76,16.07,32.55,24.92,17.66,17.47,148.64,6.25,33.0,12.3,62.53,14.69,6.15,65.01,20.17,3.74,8.13,43.75,25.06,5.43,6.26,30.36,6.86,,24.2,23.57,8.3,8.01,37.58,67.0,17.79,20.6,12.7,39.24,8.27,29.93,36.8,11.56,44.81,19.71,31.5,42.06,7.84,20.4,,4.4,12.73,16.92,47.7,14.22,10.07,13.2,17.56,4.05,7.25,27.45,16.91,15.13,9.59,,62.65,17.34,17.85,12.83,8.17,18.07,33.22,22.0,17.85,5.99,15.44,7.4,16.97,52.3,,32.99,25.09,11.19,56.83,10.02,32.46,7.77,26.75,8.02,56.11,29.28,7.65,3.73,17.94,84.43,5.0,18.48,22.06,87.68,18.94,13.01,27.22,59.27,9.15,59.85,11.59,50.7,19.51,4.05,11.57,24.8,2.89,,30.09,30.97,46.23,71.93,40.0,30.42,2.61,17.53,14.6,7.71,12.15,64.16,,80.98
2017-10-31,34.15,64.36,3.69,618.03,27.1,51.0,15.91,33.11,24.66,17.44,17.32,163.12,6.1,33.55,12.36,63.0,15.19,6.22,67.23,19.94,3.74,8.12,42.55,25.4,5.53,6.22,29.55,7.17,,24.19,23.67,8.27,8.35,37.08,66.62,19.32,20.77,12.61,39.03,8.2,30.86,39.28,11.54,47.09,19.57,32.29,42.78,7.86,21.72,6.93,4.34,13.07,18.0,48.52,14.52,10.04,13.22,17.62,3.94,7.16,27.12,16.92,15.43,9.5,,63.16,17.15,17.73,12.86,8.29,18.0,32.77,22.4,17.89,5.97,15.27,7.34,17.3,53.6,,33.26,25.3,11.45,59.92,10.08,32.82,7.79,27.13,7.97,56.38,29.51,7.64,3.76,17.73,87.61,5.08,18.76,22.14,94.97,18.67,13.08,27.74,58.42,9.1,60.88,11.94,51.27,21.46,4.04,11.7,25.1,2.91,,30.29,31.4,47.96,75.98,41.37,30.41,2.6,17.64,14.4,7.67,11.9,63.92,,84.8
2017-11-01,34.24,64.12,3.68,623.01,26.9,50.61,15.93,35.47,24.12,17.25,17.22,,6.09,34.0,12.1,64.2,15.17,6.19,68.51,19.84,3.73,8.11,41.8,25.67,5.41,6.17,28.52,7.25,,24.78,22.94,8.39,8.6,37.35,67.02,19.39,20.42,12.54,42.53,8.18,30.58,38.65,11.4,46.68,19.16,31.58,43.14,7.96,22.44,6.81,4.21,12.81,18.06,47.76,14.5,10.22,12.74,17.45,3.91,7.06,26.99,17.5,15.51,9.88,,62.48,16.85,18.03,12.96,8.24,17.99,32.7,22.32,17.95,6.11,15.18,7.35,16.83,53.12,,33.0,26.37,11.4,61.1,10.12,32.43,7.81,29.84,7.92,56.49,29.65,7.8,3.75,17.71,87.3,5.03,19.3,21.26,98.2,18.37,13.12,28.1,58.54,8.91,62.26,11.91,49.91,22.67,4.03,11.51,24.88,2.91,,30.89,32.88,47.51,76.12,40.42,30.15,2.63,17.74,14.14,7.85,11.88,63.26,,89.01
2017-11-02,33.6,64.14,3.7,626.92,27.01,51.24,15.98,36.2,24.0,17.25,17.23,,6.09,31.92,12.25,63.32,15.46,5.82,69.07,19.88,3.72,8.01,42.26,25.68,5.34,6.18,28.77,7.01,,25.34,22.85,8.39,8.59,35.97,67.62,18.98,20.47,12.53,42.22,7.84,30.13,38.62,11.54,46.24,19.32,32.12,43.17,7.89,22.46,6.73,4.22,12.39,17.75,47.6,14.32,10.22,12.53,17.44,3.89,7.07,26.89,17.64,15.66,9.91,,62.15,17.12,18.37,13.07,8.22,17.96,32.78,21.58,17.01,6.12,14.95,7.36,16.87,56.8,,32.44,26.24,11.4,61.28,10.05,31.8,7.79,32.05,7.87,56.62,30.17,7.65,3.68,17.82,86.3,4.96,18.88,21.46,96.41,18.42,13.07,27.77,57.58,8.94,65.3,11.99,50.51,22.09,4.03,11.32,24.35,2.88,,30.29,32.94,46.85,77.24,40.31,29.49,2.59,17.43,13.81,7.88,11.83,63.56,,87.32
2017-11-03,33.99,64.45,3.7,639.17,27.06,50.65,16.04,38.34,24.69,17.23,17.27,,6.1,32.8,12.35,64.25,14.97,6.01,71.95,19.96,3.72,7.91,41.83,26.08,5.4,6.2,29.4,6.9,,25.4,23.06,8.32,8.24,35.65,68.33,18.47,20.56,12.58,43.33,7.86,29.81,38.95,11.39,47.5,19.4,32.75,43.38,7.7,23.0,6.66,4.28,12.2,17.85,45.56,13.8,10.16,12.8,17.14,3.88,7.03,27.09,17.73,14.8,9.79,,63.99,16.83,18.3,12.93,8.25,18.44,33.04,20.59,16.72,6.15,15.1,7.38,16.98,57.0,,33.16,26.04,11.34,60.71,9.9,31.96,7.8,33.37,7.9,55.76,30.28,7.46,3.64,17.62,87.11,4.92,18.05,21.37,96.97,18.49,13.37,26.35,57.94,8.84,64.91,11.28,50.73,22.35,4.03,11.1,24.05,2.82,,30.69,33.08,45.3,75.49,39.98,29.15,2.54,17.0,13.8,7.87,11.9,62.95,,89.36
2017-11-06,34.22,64.01,3.68,653.06,26.61,52.69,16.3,38.5,24.95,16.85,17.13,,6.05,31.89,12.4,65.57,15.97,6.54,75.7,19.99,3.68,7.92,43.53,26.45,5.64,6.16,30.68,6.89,,25.7,23.19,8.38,8.8,37.14,70.15,19.95,20.39,12.47,44.28,7.8,29.9,39.9,11.28,48.36,19.23,34.0,42.32,7.75,23.4,6.59,4.68,12.57,18.52,46.6,14.14,10.24,13.17,17.11,3.87,6.95,27.8,17.84,15.04,9.67,,64.93,16.72,18.58,12.93,8.26,18.61,34.02,20.47,17.5,6.2,15.39,7.3,18.12,57.37,,33.49,25.43,11.2,61.3,9.88,34.11,7.8,34.07,7.7,55.01,29.99,7.57,3.67,17.49,86.0,4.91,17.93,20.82,92.78,18.28,13.6,26.78,60.81,8.83,66.44,11.11,53.64,23.51,4.0,11.25,24.35,2.83,,30.43,32.52,45.8,74.16,42.01,29.49,2.61,17.34,13.95,8.11,12.46,61.55,,92.26
2017-11-07,33.9,65.37,3.73,642.07,27.03,52.75,16.45,39.94,24.86,17.08,17.52,,6.07,32.7,12.81,65.52,16.16,6.53,72.3,20.18,3.71,8.0,44.19,25.9,5.63,6.21,30.28,6.9,,25.25,23.2,8.59,8.74,37.68,71.0,19.48,20.44,12.54,48.71,7.89,28.63,40.11,11.92,48.15,20.09,33.65,43.69,7.99,23.56,6.73,4.8,12.47,18.36,48.19,14.31,10.21,13.38,17.35,3.91,7.0,27.58,17.62,15.1,9.62,,65.12,17.19,19.29,13.1,8.36,18.4,35.13,20.71,17.64,6.29,16.44,7.31,17.97,60.1,,33.35,25.51,11.4,60.76,9.92,34.86,7.89,33.86,7.77,55.68,30.18,7.97,3.68,17.9,85.33,4.9,17.79,21.36,92.06,18.54,13.51,27.07,59.9,8.86,66.6,11.48,54.25,25.3,4.05,11.19,24.52,2.84,,31.25,32.65,46.5,74.76,41.4,29.73,2.67,17.49,14.59,8.22,12.46,62.47,,93.33
2017-11-08,33.77,64.61,3.72,650.38,27.09,51.48,16.43,38.9,24.4,17.14,18.11,,6.04,32.17,13.31,67.37,16.19,6.44,70.47,20.43,3.71,8.0,43.53,25.73,5.54,6.22,29.83,6.92,,25.52,22.05,8.5,8.58,37.46,70.47,19.63,20.53,12.58,48.79,8.04,28.95,39.7,12.13,46.91,20.24,32.81,42.39,8.13,22.7,6.77,4.75,12.69,18.14,47.86,14.39,10.48,13.43,17.39,3.95,7.01,26.97,17.46,15.48,9.67,,64.05,17.06,19.19,13.07,8.4,17.94,36.0,21.78,18.06,6.22,16.34,7.34,18.07,59.08,,33.1,24.96,11.16,60.74,9.96,34.71,7.81,35.88,7.79,57.55,30.2,7.86,3.7,18.28,87.49,4.91,17.94,20.6,93.38,19.13,13.46,27.4,59.6,8.88,65.01,11.19,53.54,24.78,4.05,11.25,25.08,2.84,25.62,31.47,32.39,48.9,78.0,42.24,30.12,2.68,17.26,14.5,8.22,12.22,61.4,,90.8
2017-11-09,32.72,66.33,3.73,650.07,27.07,52.6,16.52,39.55,25.07,17.05,18.28,,5.94,33.33,13.35,67.99,16.62,6.52,70.98,20.37,3.68,7.99,43.74,25.9,5.75,6.17,29.79,6.88,,25.36,22.49,8.52,8.73,37.23,71.15,19.85,22.05,12.55,50.19,8.09,29.6,41.3,12.33,45.54,20.33,34.94,42.51,8.22,23.15,6.91,5.01,12.73,18.75,48.6,14.39,10.51,13.78,17.3,3.92,6.94,27.59,18.81,15.4,9.69,,66.9,17.02,19.19,13.08,8.37,18.0,35.98,21.78,18.12,6.23,16.39,7.31,18.96,59.32,,36.1,25.3,11.25,59.96,10.0,35.64,7.8,39.47,7.81,56.3,30.21,8.19,3.74,18.27,85.9,4.92,17.79,21.07,91.53,19.47,13.59,27.2,59.06,8.92,67.11,11.02,54.38,25.18,4.02,11.29,25.11,2.85,26.71,31.19,32.79,49.24,76.64,42.69,30.26,2.66,17.32,14.9,8.29,12.04,61.83,,93.97
2017-11-10,35.99,69.89,3.7,677.95,27.07,53.4,16.59,42.05,25.77,16.95,18.39,,5.82,34.05,13.6,67.65,17.21,6.5,71.52,20.28,3.63,7.95,45.67,27.84,5.83,6.11,30.85,6.76,,26.57,22.28,8.39,8.99,36.74,74.6,20.82,21.6,12.63,50.28,8.51,30.47,42.53,12.3,47.19,20.27,35.26,44.41,8.05,24.38,6.83,4.98,13.43,19.24,50.92,14.31,11.12,14.18,17.18,3.87,6.8,28.05,20.5,15.56,9.45,,67.21,16.9,19.34,12.94,8.41,18.06,35.89,21.91,19.0,6.09,16.05,7.28,19.2,58.28,,38.11,25.77,10.91,60.32,9.96,39.2,7.72,43.42,7.77,56.96,29.99,8.25,3.81,18.4,85.18,4.87,18.12,22.05,91.79,19.46,13.45,27.5,60.3,8.84,68.49,10.68,54.55,25.46,4.0,11.45,25.02,2.83,25.58,30.91,34.03,48.65,76.8,43.84,29.81,2.65,17.08,15.87,8.34,12.16,67.35,,92.8
2017-11-13,37.2,70.15,3.67,687.88,27.67,53.71,16.32,46.26,25.79,17.12,18.24,,5.96,34.08,13.68,70.1,17.25,6.41,69.44,20.21,3.64,8.1,45.64,27.67,5.93,6.13,30.53,6.71,,26.71,22.5,8.4,9.0,39.8,74.44,21.73,22.34,12.8,55.3,8.7,30.97,43.0,12.9,46.48,20.12,36.59,44.24,8.24,25.69,6.79,4.96,13.88,19.98,50.4,14.83,11.24,14.45,17.55,3.89,6.84,28.75,20.38,15.96,9.33,,70.7,17.32,20.11,13.15,8.45,17.9,36.55,22.07,19.28,6.12,16.27,7.35,19.07,64.11,,38.18,25.17,10.94,57.93,9.86,40.33,7.7,,7.94,56.94,29.42,8.24,3.8,18.28,82.08,4.86,18.83,22.8,88.82,19.35,13.43,28.19,59.28,8.99,67.58,11.0,53.55,25.05,4.06,11.32,24.95,2.82,24.37,30.89,33.87,50.14,73.17,46.2,29.75,2.69,17.37,16.83,8.66,12.3,67.32,,98.15
2017-11-14,36.08,70.42,3.65,678.75,28.02,52.31,16.26,45.05,25.38,16.94,18.14,,5.91,33.65,13.39,68.0,17.45,6.13,67.07,20.04,3.61,7.99,44.86,27.1,5.79,6.08,29.28,6.76,,26.47,23.28,8.36,8.91,40.21,72.19,21.17,23.53,12.6,53.52,8.58,30.02,41.7,12.95,48.32,19.83,36.57,43.85,8.52,24.25,6.84,4.82,13.8,19.58,48.3,14.93,11.01,14.28,17.25,3.88,6.84,28.83,20.13,15.49,9.35,,68.56,17.27,21.37,12.96,8.44,17.42,35.8,21.79,18.36,6.07,15.88,7.33,18.68,66.33,,37.0,25.82,10.62,55.3,9.9,38.55,7.7,,7.97,55.89,29.42,7.85,3.8,17.99,77.13,4.78,18.85,22.5,83.65,19.05,13.16,28.0,58.5,8.95,65.58,10.98,52.36,25.14,4.03,11.22,24.59,2.81,24.28,31.44,33.68,49.98,68.86,43.69,30.44,2.68,17.46,16.85,8.83,12.38,70.27,,96.5
2017-11-15,39.69,69.2,3.66,688.08,27.88,52.28,16.24,45.1,24.95,16.94,18.08,,5.91,31.82,13.07,63.96,16.59,6.22,68.1,19.99,3.61,7.94,45.46,28.36,5.79,6.07,29.37,6.4,,25.87,23.08,8.15,8.63,39.67,74.8,20.59,23.91,12.6,49.02,8.35,27.96,39.64,12.9,46.87,19.76,36.02,43.63,8.33,22.9,6.65,4.83,13.9,19.27,47.79,14.11,10.74,13.84,17.12,3.87,6.84,28.65,19.53,13.94,9.35,,69.81,17.58,20.99,12.92,8.36,16.8,35.93,20.12,17.78,5.95,15.39,7.32,19.11,63.0,,34.93,25.25,10.6,55.45,10.07,37.91,7.69,41.41,7.95,55.35,30.65,8.01,3.74,17.84,72.07,4.71,17.96,22.0,77.44,18.96,12.88,26.03,59.05,8.91,67.31,10.97,52.07,24.77,4.02,11.01,24.26,2.76,26.71,31.39,32.39,45.86,64.35,42.21,30.03,2.64,16.87,16.73,8.75,12.12,68.26,,96.3
2017-11-16,38.58,73.01,3.6,719.11,28.1,52.88,16.3,43.5,25.58,16.85,17.82,,5.85,31.99,13.0,64.23,16.78,6.42,69.87,19.7,3.57,7.77,45.86,27.66,5.82,6.05,30.6,6.16,,26.5,22.49,8.08,8.8,40.94,76.2,20.92,23.57,12.39,50.02,8.42,28.13,40.7,13.1,51.56,19.16,37.9,46.06,8.13,23.34,6.47,4.86,14.38,19.33,46.3,13.96,10.85,14.46,15.41,3.84,6.78,28.55,20.52,13.5,9.27,,69.69,17.44,21.13,12.32,8.28,16.84,35.87,19.79,17.98,5.92,15.52,7.26,19.18,67.38,,38.0,26.48,10.33,54.71,9.98,40.03,7.44,40.87,7.87,55.18,30.57,7.95,3.83,17.58,71.34,4.66,18.13,21.85,77.74,18.6,12.98,25.58,59.47,8.79,70.63,9.9,53.35,25.06,4.01,11.02,24.31,2.75,27.13,30.82,33.52,43.05,64.87,43.1,29.6,2.61,16.62,16.6,8.63,12.11,70.1,,91.6
2017-11-17,34.72,75.27,3.69,690.25,29.38,53.65,16.93,40.0,24.98,17.36,18.3,,6.03,31.59,12.86,63.59,16.42,6.18,67.72,20.32,3.66,7.77,45.95,25.4,5.49,6.22,31.51,6.04,,25.86,22.17,8.12,8.7,39.32,74.86,19.71,23.37,12.78,48.82,8.7,27.96,39.8,13.18,52.4,19.55,36.05,47.74,7.85,22.49,6.13,4.68,14.17,18.39,45.72,13.14,10.59,14.68,15.08,3.92,6.99,28.66,20.68,12.7,9.48,,66.6,17.9,20.48,12.27,8.54,16.84,34.4,18.9,16.97,6.0,15.07,7.45,19.26,67.15,,38.98,26.7,10.63,52.71,9.83,38.53,7.53,36.78,8.13,53.5,31.04,7.97,3.82,17.76,68.9,4.52,17.69,21.36,76.26,19.27,12.3,23.79,56.55,9.03,69.01,8.91,51.94,24.13,4.09,10.6,22.82,2.69,25.9,29.57,34.53,43.05,65.12,42.41,27.88,2.54,16.16,16.51,8.84,12.63,71.72,,85.57
2017-11-20,36.1,75.71,3.71,679.15,30.53,54.62,17.02,42.65,26.2,17.56,17.73,,6.11,33.09,12.74,69.49,17.22,6.27,68.92,20.21,3.67,7.79,45.82,25.39,5.67,6.21,31.2,6.22,,25.51,22.44,8.18,8.58,39.08,72.93,20.39,23.69,12.85,52.62,8.86,28.55,41.55,14.25,54.8,19.05,39.25,47.71,7.98,24.3,6.09,4.71,14.86,18.88,47.46,13.29,10.73,15.53,15.09,3.94,7.12,28.37,21.1,13.09,9.42,,73.26,18.58,22.31,12.2,8.59,16.46,35.07,19.79,17.22,6.0,14.87,7.43,19.05,70.26,,40.88,27.55,10.66,53.81,9.88,41.01,7.44,38.71,8.31,52.02,30.83,8.11,3.72,17.53,72.99,4.49,17.72,21.78,81.27,18.85,12.54,24.15,54.41,9.03,68.49,8.59,53.53,25.57,4.11,10.48,22.83,2.72,25.07,29.79,34.08,43.88,68.15,42.47,28.03,2.57,16.34,17.24,8.67,13.08,70.82,,94.13
2017-11-21,38.2,78.44,3.68,677.25,30.36,57.66,16.87,41.91,27.7,17.74,19.22,,6.12,32.0,13.63,72.3,17.51,6.67,69.21,20.76,3.66,7.92,47.8,25.85,5.9,6.24,32.26,6.11,,26.99,21.6,8.22,8.84,40.17,73.95,19.67,23.19,12.94,53.44,8.99,28.27,42.28,14.45,54.79,20.14,40.04,47.76,8.01,24.67,6.23,4.84,15.09,19.11,47.68,13.16,10.87,15.47,15.65,3.92,7.12,29.28,20.78,13.17,9.64,,74.24,18.65,22.36,12.27,8.64,16.55,34.95,19.7,17.44,6.0,14.74,7.49,20.24,70.19,,39.95,27.53,10.78,54.12,9.82,42.34,7.46,36.76,8.35,53.25,30.99,8.23,3.86,18.34,72.87,4.56,17.96,21.53,82.17,19.87,12.39,23.9,55.9,9.29,70.17,8.72,54.66,27.29,4.11,10.38,22.32,2.69,27.58,29.17,34.7,43.69,67.82,45.48,27.68,2.56,16.39,17.37,8.93,13.68,71.05,,103.38
2017-11-22,37.45,77.45,3.73,650.52,30.9,56.43,17.16,43.07,27.5,18.0,19.68,,6.23,30.76,13.93,72.79,16.27,6.48,68.77,20.86,3.8,7.98,47.36,26.17,5.79,6.37,31.95,6.18,,26.92,20.65,8.4,8.86,39.22,71.9,19.62,24.4,13.23,53.7,8.7,28.08,41.66,15.1,53.0,20.3,40.15,46.52,8.13,24.21,6.42,4.72,14.49,18.66,46.6,13.49,10.69,15.81,15.65,4.03,7.37,28.86,20.84,12.98,9.96,,76.1,18.56,21.74,12.29,9.07,17.01,34.08,19.97,17.28,6.22,14.91,7.58,20.0,71.18,,38.98,27.75,11.83,53.58,9.91,42.19,7.57,38.78,8.37,52.68,31.55,8.18,3.86,18.42,73.09,4.59,17.72,22.23,83.49,20.01,12.3,24.05,54.9,9.38,67.67,8.78,54.36,26.53,4.23,10.28,22.33,2.72,26.98,32.09,33.63,44.18,68.18,42.96,28.5,2.59,16.75,16.9,9.09,13.53,69.24,,104.68
2017-11-23,36.3,74.32,3.79,633.73,30.0,53.44,16.8,42.92,25.81,17.81,19.15,,6.12,29.4,13.36,70.61,15.5,6.06,64.91,20.32,3.79,7.8,45.01,25.6,5.46,6.36,30.6,6.27,,25.47,20.23,8.29,8.39,38.81,67.57,17.66,23.61,13.06,49.83,8.53,26.8,38.0,14.35,50.9,19.54,38.81,45.11,7.99,23.53,6.17,4.31,13.64,17.7,45.59,13.22,10.32,14.89,15.28,4.0,7.33,27.67,19.68,12.59,9.73,,71.77,18.02,20.3,11.89,9.07,16.2,33.74,19.5,16.64,6.17,14.6,7.56,18.65,66.82,,36.72,26.5,11.59,51.98,9.82,37.97,7.46,39.96,8.28,50.94,31.44,8.19,3.82,17.85,72.91,4.48,16.94,20.8,84.92,19.48,12.28,23.51,51.21,9.11,63.51,8.73,50.92,25.0,4.18,9.87,22.31,2.74,28.03,31.32,32.71,43.01,66.16,41.7,27.35,2.54,17.01,16.4,8.88,12.55,66.37,,98.91
2017-11-24,34.0,74.62,3.83,630.04,30.09,54.1,16.85,38.63,25.28,17.86,19.01,,6.07,29.4,13.52,70.7,14.79,5.78,65.24,20.37,3.8,7.78,45.51,26.27,5.48,6.37,30.0,6.7,,24.85,20.45,8.4,8.5,37.68,68.46,17.53,23.05,13.09,45.6,8.44,26.78,37.5,14.56,50.23,19.53,38.18,44.9,8.25,22.23,6.26,4.2,13.8,17.38,45.13,13.99,10.28,15.05,15.22,4.0,7.3,27.26,19.73,13.85,9.63,,69.5,18.83,19.59,11.88,9.1,15.88,33.56,19.71,16.87,6.18,14.78,7.57,18.66,63.24,,33.84,25.24,11.66,51.92,9.77,35.96,7.48,36.17,8.22,50.6,31.16,7.78,3.73,18.09,75.06,4.49,17.58,20.83,86.75,19.54,12.52,24.47,50.27,9.02,64.16,9.08,50.31,24.93,4.18,10.04,22.61,2.77,28.85,31.0,32.36,43.46,67.02,41.05,27.64,2.57,17.37,16.22,8.9,12.71,65.72,40.0,96.68
2017-11-27,30.6,73.55,3.84,621.29,29.88,52.64,16.82,35.5,24.1,17.84,19.02,,5.98,29.01,13.46,63.63,14.74,5.22,64.23,20.41,3.8,7.73,44.04,23.86,5.2,6.38,29.97,6.55,,25.08,20.7,8.34,8.12,37.05,67.59,17.22,23.08,13.1,43.17,8.28,25.71,37.25,13.93,48.25,19.55,34.36,44.86,8.17,20.88,6.11,4.14,13.39,17.06,44.81,13.77,9.97,14.39,15.09,3.95,7.19,26.86,19.76,13.95,9.61,,68.04,18.2,18.85,11.62,9.11,15.52,32.15,18.96,16.39,6.18,14.47,7.58,18.31,61.55,,33.6,24.41,11.68,50.95,9.77,35.02,7.49,32.55,8.22,50.26,31.23,7.12,3.64,17.98,68.87,4.44,17.38,20.45,78.56,19.57,12.19,23.73,49.53,9.02,62.92,9.07,48.88,24.23,4.18,10.0,22.41,2.74,26.47,31.76,32.44,42.83,60.94,38.57,26.81,2.53,17.18,16.19,8.91,11.88,64.26,38.3,90.88
2017-11-28,31.5,72.73,3.84,648.23,29.19,52.59,16.55,37.14,24.58,17.62,18.86,,5.92,30.14,13.79,64.73,15.03,5.39,66.25,20.4,3.75,7.77,44.0,24.49,5.35,6.33,29.72,6.83,,25.09,20.71,8.21,8.19,37.63,68.68,17.75,23.33,12.94,45.56,8.45,26.02,38.17,13.7,51.4,19.39,35.52,44.09,8.54,21.88,6.27,4.23,14.04,17.39,44.8,14.17,10.16,14.98,15.12,3.92,7.1,26.96,19.85,14.13,9.57,,71.71,17.91,19.49,11.82,8.84,15.75,32.15,19.19,16.78,6.02,14.53,7.51,18.35,67.0,,33.99,24.65,11.35,51.68,9.83,36.0,7.46,34.68,8.16,51.16,31.12,7.17,3.68,17.9,71.23,4.47,17.81,20.13,83.59,19.27,12.35,24.22,50.32,8.9,62.99,9.19,50.65,24.93,4.14,10.14,22.68,2.77,27.82,32.56,31.99,43.72,61.62,39.08,27.31,2.58,17.48,16.34,9.12,12.23,63.73,35.02,98.91
2017-11-29,29.92,72.42,3.95,638.12,29.56,51.1,16.5,36.0,24.23,17.5,19.17,,5.92,29.94,13.8,64.35,14.73,5.41,65.3,20.23,3.75,7.83,42.45,24.4,5.28,6.3,28.73,7.01,,25.2,20.0,8.24,8.27,38.82,66.22,17.37,23.91,12.94,43.52,9.12,26.6,38.32,13.82,51.73,19.3,34.22,42.78,8.64,21.25,6.38,4.2,14.41,16.93,42.6,14.49,10.16,14.7,15.2,3.93,7.14,27.04,18.97,14.2,9.71,,68.8,18.48,19.02,11.98,8.85,15.81,31.96,19.36,16.49,6.04,14.26,7.42,17.57,67.09,,33.27,24.8,11.41,51.16,9.93,35.59,7.41,32.41,8.16,50.69,31.38,7.06,3.77,17.86,71.9,4.53,18.28,19.5,82.78,19.13,12.74,26.13,48.87,8.88,60.86,9.52,49.33,25.9,4.13,10.3,22.39,2.82,26.87,32.56,31.34,42.85,61.0,40.63,27.58,2.64,18.39,16.1,9.42,12.12,64.34,38.52,98.58
2017-11-30,29.2,69.92,3.95,631.0,28.99,51.18,16.46,35.86,23.54,17.49,19.19,,5.92,28.7,13.61,62.22,14.77,5.34,65.19,20.22,3.74,7.82,42.45,23.96,5.3,6.31,28.68,7.07,,24.8,20.09,8.17,8.14,38.5,65.6,16.44,23.8,12.91,43.51,9.01,26.06,37.01,13.38,46.95,19.3,33.08,41.74,8.58,21.1,6.29,4.18,13.84,16.85,42.7,14.19,10.0,14.93,15.11,3.93,7.14,26.33,18.96,13.72,9.65,,66.83,18.38,18.77,12.04,8.85,16.22,31.38,19.47,16.53,6.03,14.11,7.42,17.29,65.86,,34.3,24.06,11.6,51.22,9.73,32.03,7.35,33.16,8.16,49.98,30.13,6.96,3.75,17.78,73.4,4.5,18.12,18.93,84.74,19.14,12.5,25.7,48.11,8.85,59.28,9.51,48.9,25.12,4.18,10.16,22.39,2.79,26.05,32.04,30.98,42.16,61.16,41.69,27.41,2.6,18.44,15.8,9.38,12.0,62.48,35.9,101.69
2017-12-01,29.8,68.1,3.94,622.35,28.61,50.58,16.47,36.88,23.7,17.45,18.94,,5.89,30.25,14.22,63.35,14.81,5.38,66.09,20.18,3.74,7.76,41.63,24.36,5.42,6.32,28.75,7.1,,24.96,20.16,8.16,8.17,37.62,65.3,16.6,23.0,12.91,45.13,9.07,27.25,37.5,13.0,47.07,19.25,33.56,40.86,8.45,22.03,6.37,4.15,13.65,17.26,44.41,14.15,10.01,15.15,15.17,3.92,6.98,26.49,19.07,13.71,9.64,,67.76,17.62,19.12,11.96,8.83,16.48,32.13,19.5,16.4,6.02,14.19,7.39,17.33,68.74,,34.62,24.7,11.63,51.67,9.7,33.47,7.36,36.47,8.07,51.5,29.92,7.04,3.74,17.6,72.99,4.54,18.29,19.08,86.2,18.94,12.53,25.42,48.7,8.86,60.01,9.27,48.95,27.47,4.18,10.21,22.53,2.78,25.76,32.15,30.89,42.13,60.74,41.61,27.67,2.62,18.45,15.94,9.11,12.94,62.18,33.9,102.0
2017-12-04,28.98,69.39,3.94,637.79,28.72,51.5,16.48,37.2,24.76,17.48,18.94,,5.89,30.25,14.09,63.43,14.26,5.6,67.41,19.97,3.74,7.83,42.16,23.95,5.53,6.33,29.6,6.99,,25.03,19.86,8.17,7.78,37.94,67.95,16.83,22.81,12.92,45.63,9.01,27.0,38.39,13.3,49.43,19.24,34.92,42.46,8.44,21.87,6.76,4.2,13.73,16.92,44.9,14.1,9.89,15.56,15.16,3.92,7.0,26.83,18.92,13.58,9.56,,64.7,17.58,18.91,11.82,8.84,16.0,32.21,19.22,17.23,6.03,13.89,7.4,17.65,67.78,,35.7,25.26,11.54,51.15,9.59,34.73,7.36,35.92,8.08,50.9,29.42,7.12,3.69,17.44,71.83,4.58,17.75,19.1,87.27,18.67,12.34,25.21,52.04,8.87,62.35,8.88,49.49,28.02,4.18,10.17,21.74,2.8,23.3,30.1,31.46,41.78,60.38,40.94,27.37,2.65,18.63,16.8,9.0,12.66,64.67,30.51,96.0
2017-12-05,29.21,71.2,4.01,632.96,29.49,52.18,16.89,35.16,24.6,17.8,19.27,,6.0,29.45,13.9,62.69,13.85,5.62,66.4,20.43,3.81,7.75,42.5,22.7,5.36,6.47,30.16,6.61,,24.89,19.6,8.22,7.73,,68.32,16.58,23.32,13.17,42.73,9.0,26.33,38.18,13.3,49.2,19.71,34.02,43.64,8.17,21.28,6.66,4.08,13.61,16.32,44.28,13.3,9.69,14.92,15.15,3.98,7.15,26.79,19.37,12.43,9.73,,62.94,17.75,17.8,11.79,9.03,15.92,32.27,18.16,17.52,6.13,12.64,7.49,17.99,62.81,,35.1,24.97,11.73,50.91,9.42,34.15,7.52,36.33,8.18,49.69,30.07,7.05,3.66,17.61,68.38,4.41,17.37,18.14,83.47,19.17,11.8,23.49,51.03,9.07,62.61,8.58,48.63,26.29,4.25,9.86,20.9,2.72,21.88,30.16,32.19,40.02,58.84,40.9,27.26,2.55,17.83,16.68,9.0,12.66,66.37,29.48,93.68
2017-12-06,30.68,69.4,3.9,625.01,28.93,50.95,16.74,37.3,24.61,17.56,19.26,,5.97,30.01,14.18,60.9,14.18,5.71,65.38,20.32,3.8,7.79,41.95,23.16,5.57,6.43,29.49,6.59,,24.21,19.82,8.09,7.64,,68.32,16.45,22.73,12.96,43.92,9.08,26.66,37.9,13.08,51.36,19.73,34.57,42.7,8.18,22.47,6.7,4.14,13.22,16.58,44.25,13.39,9.74,15.71,15.09,3.96,7.14,26.63,19.43,12.77,9.65,,64.51,17.82,18.29,11.72,8.87,15.76,32.22,18.5,17.69,6.09,12.52,7.43,17.74,64.0,,34.84,25.37,11.68,50.48,9.28,33.2,7.48,39.96,8.16,50.4,29.79,7.01,3.7,17.6,70.0,4.4,17.56,18.12,83.26,19.18,11.91,23.25,51.22,9.05,61.05,8.67,48.41,27.31,4.21,10.02,21.1,2.71,22.16,30.56,31.78,40.83,59.28,41.19,27.72,2.55,17.25,17.05,8.5,12.94,65.16,28.86,96.0
2017-12-07,31.28,68.64,3.9,616.69,28.25,49.13,16.6,38.8,24.45,17.38,18.61,,5.9,30.07,13.72,59.07,13.87,5.58,64.46,20.2,3.78,7.84,40.8,22.7,5.41,6.43,28.91,6.38,,23.7,20.27,8.05,7.59,,65.96,16.26,22.02,12.96,42.16,8.88,26.17,37.04,12.83,50.44,19.51,33.86,42.1,7.8,22.19,6.62,4.04,13.19,16.76,46.0,13.22,9.66,15.58,14.75,3.94,7.04,26.85,18.88,12.6,9.64,,62.94,17.2,18.06,11.74,8.87,15.79,32.18,18.11,17.49,6.07,12.42,7.38,17.36,61.16,,34.09,25.21,11.65,49.11,9.59,32.59,7.53,39.91,8.11,50.09,30.09,6.93,3.68,17.45,68.02,4.39,17.54,18.11,79.91,18.94,11.87,22.8,49.87,8.97,59.22,8.5,48.48,26.94,4.2,10.04,21.25,2.71,22.69,30.8,31.46,40.96,57.8,39.99,28.25,2.52,16.83,16.21,8.26,12.7,63.04,29.0,91.21
2017-12-08,31.58,71.49,3.86,627.28,28.52,50.43,16.52,38.68,25.88,17.26,18.51,,5.88,31.32,13.71,59.75,14.32,5.67,65.43,20.0,3.74,7.9,41.69,23.55,5.55,6.36,29.4,6.6,,24.15,20.38,8.06,7.67,,67.9,17.04,21.87,12.93,42.81,8.63,26.94,38.2,13.09,53.07,19.41,35.31,42.92,8.0,23.22,6.65,4.1,13.43,17.06,47.86,13.41,9.79,15.38,14.81,3.92,6.99,27.08,18.64,12.83,9.54,,64.56,17.25,18.47,11.79,8.82,16.17,32.07,18.38,17.76,6.03,12.48,7.38,17.83,60.5,,34.81,25.07,11.34,50.07,9.6,33.97,7.5,39.35,8.07,50.56,29.75,6.98,3.68,17.48,69.13,4.41,17.4,18.32,81.0,18.69,11.91,23.01,51.12,8.97,60.7,8.7,49.28,26.3,4.17,10.14,21.62,2.73,22.9,30.98,31.8,41.89,59.31,42.63,28.4,2.55,16.97,16.37,8.4,13.0,64.18,29.14,92.53
2017-12-11,32.05,73.25,3.87,650.99,28.93,53.62,16.52,39.26,26.45,17.32,18.76,,5.89,31.36,14.01,62.59,14.73,5.8,69.42,19.97,3.73,8.02,43.44,23.8,5.73,6.33,30.81,6.78,,23.98,20.2,8.09,7.81,,71.9,18.04,22.4,12.97,43.78,8.78,27.58,39.37,13.5,53.9,19.56,37.27,43.88,8.02,23.44,6.87,4.18,13.95,17.2,52.65,13.56,9.86,15.54,14.89,3.93,7.0,27.42,19.27,13.09,9.51,,66.84,17.38,19.4,11.8,8.75,16.3,32.06,18.65,18.11,6.03,12.67,7.35,18.41,62.13,,35.33,24.85,11.41,51.57,9.62,35.83,7.48,40.93,7.97,51.62,29.85,7.07,3.87,17.71,70.28,4.48,17.47,18.64,85.77,18.6,12.02,23.31,53.52,8.92,63.62,8.74,50.99,27.1,4.17,10.2,21.7,2.74,23.05,30.93,32.15,42.4,61.39,44.31,28.71,2.61,17.17,16.9,8.52,13.44,65.71,28.85,92.65
2017-12-12,30.85,71.21,3.85,651.32,28.35,53.3,16.41,39.99,25.9,17.16,18.29,,5.84,30.5,13.61,62.07,14.62,5.73,68.78,19.59,3.7,7.93,43.02,23.32,5.67,6.3,30.55,6.86,,23.76,20.53,8.02,7.62,,71.86,17.64,21.81,12.75,44.26,8.55,27.31,38.85,13.02,53.16,19.02,37.09,42.06,7.86,23.27,6.82,4.08,13.62,17.05,52.6,13.4,9.67,15.15,14.75,3.88,6.93,27.47,18.92,13.38,9.39,,66.11,17.16,19.38,11.63,8.56,15.75,32.26,19.08,17.55,6.04,12.5,7.31,17.96,61.89,,35.3,24.31,11.02,51.19,9.58,35.03,7.47,43.83,7.86,50.47,29.9,6.95,3.82,17.33,73.58,4.44,17.48,17.96,90.81,18.14,12.38,23.69,53.5,8.87,62.91,8.38,51.22,27.24,4.12,10.08,21.2,2.71,21.97,31.05,30.97,43.44,62.57,44.49,28.57,2.59,17.02,16.67,8.36,13.32,64.01,27.56,92.8
2017-12-13,31.8,72.12,3.88,668.21,28.6,54.9,16.49,41.28,25.75,17.28,18.42,,5.9,29.4,13.53,63.0,14.93,5.79,69.46,19.4,3.71,7.9,43.95,23.8,5.79,6.31,31.7,6.76,,23.88,20.59,8.02,7.67,,74.15,17.93,22.18,12.74,44.74,8.47,27.66,39.41,13.13,53.3,18.94,38.1,42.21,7.97,23.52,6.89,4.12,13.98,17.32,54.6,13.47,9.71,14.99,14.81,3.9,7.03,28.22,19.46,13.45,9.41,27.79,66.84,17.2,19.28,11.6,8.6,15.95,32.44,19.29,18.88,6.03,12.62,7.29,18.82,62.36,,33.79,24.45,11.09,51.4,9.62,36.43,7.43,43.83,7.87,50.51,29.97,6.99,3.85,17.27,73.57,4.48,17.4,17.63,87.69,18.07,12.31,23.85,55.2,8.88,65.74,8.51,52.46,28.4,4.15,10.14,21.45,2.73,22.31,32.37,31.06,43.53,62.03,44.34,28.47,2.59,17.17,18.34,8.47,13.54,63.72,27.65,91.94
2017-12-14,32.73,71.01,3.93,664.55,28.63,54.5,16.47,41.12,24.46,17.2,18.14,,5.89,28.89,13.1,63.66,15.06,5.8,69.64,19.12,3.71,7.83,43.72,23.69,5.7,6.28,31.9,6.83,,23.94,20.79,7.94,7.64,,74.69,17.85,22.08,12.69,44.36,8.52,28.15,38.92,13.0,53.4,18.25,38.29,41.66,8.05,23.09,6.75,4.07,14.25,17.31,53.3,13.22,9.68,15.62,14.75,3.89,6.98,28.05,18.57,13.11,9.36,30.57,68.29,17.19,19.73,11.59,8.51,15.93,32.19,19.15,18.55,5.96,12.86,7.26,18.83,60.79,,31.8,23.94,11.24,51.45,9.69,36.61,7.4,42.9,7.81,50.05,30.24,6.96,4.06,17.03,73.72,,17.47,17.82,88.89,17.86,12.22,23.68,55.68,8.86,65.77,8.49,52.51,28.17,4.12,10.03,21.5,2.71,21.89,32.98,30.14,44.17,60.77,43.14,28.81,2.57,16.97,18.4,8.47,13.72,62.5,27.32,92.97
2017-12-15,32.8,70.38,3.98,653.79,28.06,53.7,16.4,39.8,24.38,17.02,17.95,,5.85,28.64,13.04,62.75,14.66,5.52,67.55,19.07,3.67,7.73,43.11,23.09,5.54,6.18,31.54,6.63,,23.99,20.76,7.87,7.46,,72.95,17.53,21.8,12.62,45.11,8.45,27.8,37.95,12.72,53.21,18.2,37.0,41.51,7.9,21.41,6.57,3.96,14.22,17.12,54.52,13.19,9.59,14.74,14.47,3.86,6.97,27.52,18.5,13.35,9.3,33.63,66.4,17.11,19.57,11.46,8.44,16.61,32.6,18.7,18.06,5.93,12.76,7.17,18.52,61.2,,30.75,23.46,11.22,50.91,9.8,35.48,7.28,39.1,7.76,50.04,30.77,6.83,4.03,16.9,70.8,,17.37,17.78,84.89,17.65,11.98,23.94,56.43,8.78,65.0,8.67,52.22,28.11,4.06,10.0,21.58,2.7,22.44,34.61,30.33,43.94,58.13,42.17,28.59,2.54,17.17,18.0,8.22,13.77,63.51,29.07,90.7
2017-12-18,31.39,70.67,3.99,665.77,28.33,55.32,16.43,37.23,24.34,17.06,18.03,,5.92,28.84,12.9,62.51,14.88,5.53,68.14,19.11,3.67,7.68,43.95,22.4,5.56,6.17,31.83,6.59,,23.17,20.8,7.88,7.75,,77.08,17.37,22.48,12.65,40.6,8.52,27.7,37.63,12.75,51.52,18.16,34.97,41.47,8.23,21.1,6.48,3.94,14.25,16.92,54.36,13.39,9.56,14.28,14.38,3.86,7.09,27.65,18.42,13.0,9.31,36.99,63.92,17.28,18.96,11.41,8.46,16.4,33.07,19.14,18.38,5.94,12.73,7.16,18.89,58.73,,30.08,23.78,11.23,50.02,9.78,34.46,7.29,37.85,7.75,49.7,30.69,6.71,4.11,16.88,69.34,,17.75,16.97,80.14,17.57,12.1,23.97,58.33,8.79,66.76,8.88,52.4,27.88,4.05,10.06,21.15,2.73,21.47,33.42,30.6,43.77,,42.26,28.39,2.54,17.69,17.29,8.4,13.32,63.83,27.95,88.1
2017-12-19,31.93,73.58,3.99,667.09,29.36,55.44,16.38,37.45,24.55,17.19,18.27,,5.98,29.3,13.27,62.29,15.23,5.65,68.64,19.12,3.71,7.73,44.58,22.81,5.54,6.24,31.96,6.57,,22.97,21.05,7.89,7.96,,78.42,17.39,22.46,12.75,39.88,8.52,27.66,38.03,13.28,52.29,18.19,35.66,43.19,8.25,21.46,6.55,4.05,14.48,17.3,57.87,13.39,9.74,14.49,14.49,3.89,7.25,27.9,18.47,13.08,9.38,40.69,64.79,17.67,19.96,11.45,8.57,16.47,33.19,18.97,18.18,5.96,12.71,7.18,19.04,59.68,,31.09,23.75,11.45,50.7,9.78,34.87,7.28,39.83,7.85,50.9,30.37,6.77,4.12,17.04,68.75,,18.09,17.36,80.16,17.66,12.18,23.8,57.99,8.79,66.99,8.81,53.06,27.69,4.09,10.3,21.48,2.73,21.63,34.35,31.48,43.79,,43.52,28.49,2.55,17.66,17.54,8.5,13.54,68.1,28.07,89.66
2017-12-20,30.45,73.94,3.99,684.91,29.47,55.07,16.43,37.4,23.98,17.14,17.87,,5.97,29.07,12.88,60.8,15.82,5.66,69.38,19.07,3.71,7.62,44.48,22.34,5.7,6.25,33.13,6.4,,22.88,20.2,7.94,7.88,,81.6,17.74,22.56,12.73,39.47,8.22,27.17,37.8,13.26,54.82,18.07,35.39,43.58,8.05,20.92,6.67,4.0,14.94,16.68,57.79,13.04,9.66,14.73,14.37,3.9,7.27,27.88,18.32,13.04,9.4,44.76,63.88,17.65,20.01,11.23,8.59,16.3,33.14,18.7,18.25,5.97,12.8,7.19,19.25,61.5,,30.74,24.28,11.66,51.56,9.61,35.25,7.31,40.79,7.86,50.19,29.88,6.59,4.08,16.72,69.24,,18.17,17.06,79.2,17.44,12.07,22.97,57.6,8.81,68.2,8.56,54.06,26.92,4.08,10.83,20.82,2.74,20.61,34.28,31.69,43.84,,43.61,27.76,2.51,17.31,18.52,8.24,13.61,68.49,,90.0
2017-12-21,30.95,74.91,4.05,681.74,29.64,55.94,16.5,38.97,24.2,17.12,18.19,,5.96,30.22,12.9,62.0,16.27,5.91,70.8,19.08,3.7,7.61,45.06,22.93,5.8,6.22,33.29,6.5,,23.02,20.2,7.98,8.11,,82.15,18.66,22.7,12.7,40.86,8.35,28.02,39.9,13.54,54.95,18.24,37.85,44.09,8.02,21.55,6.73,4.07,15.98,17.17,57.9,13.18,9.75,14.96,14.38,3.9,7.24,28.43,18.72,12.89,9.37,49.24,65.5,17.79,20.21,11.21,8.58,16.38,33.68,18.52,19.19,5.97,12.52,7.3,19.42,61.79,,31.44,24.25,11.69,51.38,9.62,36.57,7.27,40.99,7.84,50.72,29.82,6.68,4.06,16.79,70.7,,18.04,17.62,82.17,17.51,12.05,23.36,57.51,8.82,68.26,8.56,54.17,27.33,4.08,10.87,20.9,2.77,20.66,34.56,31.99,44.62,,44.04,28.05,2.52,17.95,19.05,8.41,14.0,68.53,,91.73
2017-12-22,30.06,74.02,4.16,682.92,29.29,56.58,16.43,40.15,23.82,17.04,18.19,,5.92,29.69,12.9,62.2,16.68,5.92,71.23,18.88,3.67,7.53,45.07,22.5,5.78,6.21,33.16,6.44,,23.1,20.56,8.09,8.14,,80.58,19.41,23.13,12.62,41.41,8.32,28.53,39.97,13.52,54.65,17.89,38.07,43.88,7.96,21.2,6.67,4.03,16.16,17.08,56.3,13.44,9.89,14.87,14.3,3.9,7.23,28.59,18.59,12.81,9.35,54.16,66.3,17.81,19.95,11.09,8.47,16.1,34.2,18.65,19.35,6.03,12.82,7.23,19.29,61.76,,31.05,24.25,11.72,51.59,9.58,39.07,7.26,43.63,7.78,50.7,29.87,6.63,4.04,16.68,70.6,,18.08,17.54,81.73,17.38,12.09,23.82,56.14,8.9,66.12,8.6,53.49,27.85,4.06,10.57,20.9,2.78,20.63,34.22,31.77,45.62,,43.6,28.04,2.51,18.01,18.88,8.43,13.83,67.51,,91.09
2017-12-25,30.01,74.16,4.18,688.12,29.29,57.87,16.33,39.6,22.79,17.02,18.06,,6.0,28.3,12.4,61.99,16.74,5.86,71.01,18.6,3.68,7.41,45.41,22.18,5.79,6.2,33.06,6.44,,23.38,20.34,8.04,8.13,,80.56,19.34,23.11,12.59,39.95,8.46,27.78,40.04,13.25,53.62,17.37,37.21,43.17,7.89,20.31,6.47,3.86,16.51,16.72,57.6,13.49,9.8,14.54,14.15,3.92,7.4,28.83,17.89,12.91,9.35,59.58,66.42,17.88,19.52,11.19,8.49,15.93,33.99,18.24,18.86,6.03,12.78,7.19,19.4,61.92,,28.43,23.98,11.6,51.26,9.72,38.42,7.25,42.66,7.78,49.98,30.46,6.52,4.09,16.6,68.1,4.44,17.83,16.83,82.37,16.99,12.05,24.07,56.27,8.89,66.38,8.82,53.75,27.01,4.06,10.5,20.36,2.78,19.69,32.83,31.18,46.2,,43.53,27.02,2.41,18.17,19.23,8.33,13.65,67.1,,91.77
2017-12-26,30.46,73.94,4.18,680.81,29.71,56.3,16.12,40.2,23.11,17.16,18.41,,6.08,28.15,12.59,63.36,16.96,5.81,70.71,18.78,3.76,7.44,44.66,22.56,5.55,6.23,32.38,6.42,,23.66,20.5,8.07,8.3,,79.47,19.08,22.9,12.64,40.17,9.08,28.11,39.76,13.66,54.11,17.46,37.2,43.83,7.93,21.05,6.59,3.87,16.43,16.99,58.71,13.71,9.97,14.57,14.3,3.95,7.54,29.15,18.08,12.85,9.31,65.54,66.72,18.15,20.19,11.62,8.54,15.9,34.26,18.38,19.16,6.06,12.86,7.23,19.09,61.38,,29.21,24.06,12.17,51.34,9.7,38.22,7.29,43.39,7.85,50.25,30.29,6.61,4.5,16.74,68.86,4.4,17.58,16.78,81.34,17.14,11.99,24.32,55.74,8.98,65.34,8.96,52.81,28.43,4.09,10.71,20.73,2.82,19.89,32.94,31.52,44.83,51.9,42.62,27.25,2.42,18.87,19.08,8.35,13.66,70.98,,95.62
2017-12-27,29.16,70.35,4.26,664.18,28.76,54.39,15.79,39.11,22.54,17.05,18.1,,6.05,26.65,12.52,67.11,16.7,5.75,68.15,18.63,3.75,7.34,43.18,22.0,5.32,6.22,31.67,6.56,,23.8,20.1,8.09,8.26,,77.9,18.72,23.1,12.62,39.28,8.92,28.56,37.97,13.29,52.35,17.18,36.18,42.26,8.08,20.44,6.55,3.84,16.11,16.93,58.0,13.89,9.82,13.87,14.22,3.92,7.5,28.47,17.78,14.14,9.23,72.09,68.81,17.92,19.72,11.67,8.46,16.04,33.68,19.41,18.1,6.1,13.22,7.07,18.49,59.64,,28.99,23.95,12.03,50.55,9.73,36.24,7.25,40.03,7.77,49.82,30.28,6.51,4.54,16.5,71.64,4.35,18.0,16.79,81.81,16.93,12.12,24.72,55.16,9.02,63.7,9.46,52.79,27.96,4.07,10.48,21.43,2.84,19.78,35.3,30.66,45.89,52.91,41.23,27.08,2.43,18.86,18.03,8.37,13.45,67.76,,92.28
2017-12-28,28.66,70.59,4.69,718.69,28.63,55.55,15.82,39.06,22.9,16.94,18.12,,6.14,27.65,12.93,65.68,17.76,5.79,69.42,18.64,3.78,7.32,43.74,22.12,5.28,6.16,32.08,7.01,,23.69,20.18,8.06,8.34,,80.86,18.92,23.37,12.54,39.11,9.08,28.67,38.6,13.21,53.17,17.22,36.22,42.42,8.28,20.74,6.68,3.83,16.31,16.75,58.76,14.81,9.87,13.8,14.23,3.93,7.55,28.68,17.86,14.42,8.94,79.3,75.3,17.83,19.49,11.7,8.39,15.82,33.36,19.6,18.0,6.18,13.13,7.05,18.65,58.82,,29.52,24.0,12.03,50.25,9.92,36.16,7.3,39.44,7.73,50.03,31.04,6.41,4.61,16.57,71.38,4.34,17.76,16.81,81.13,16.97,12.53,26.25,56.99,9.03,66.35,10.35,53.26,27.78,4.05,10.52,21.05,2.95,20.99,35.64,30.65,45.17,52.9,42.86,26.72,2.47,20.13,18.57,8.65,14.04,69.56,,91.8
2017-12-29,28.99,69.98,4.59,697.49,29.02,55.43,15.59,41.44,23.44,16.99,18.1,,6.2,28.46,12.95,65.05,17.26,5.79,68.98,18.52,3.83,7.35,43.7,22.35,5.33,6.21,32.19,6.88,,23.95,20.16,8.09,8.34,,79.88,18.77,23.17,12.59,40.24,9.07,29.02,39.0,13.3,52.86,17.26,36.36,41.42,8.16,21.33,6.77,3.9,16.29,16.58,58.5,14.59,9.91,13.94,14.18,3.97,7.68,29.0,18.28,13.91,9.02,87.23,72.03,17.81,19.88,11.53,8.39,15.85,33.98,19.61,18.34,6.13,13.12,7.15,18.84,59.14,,29.85,23.9,12.11,50.36,9.89,36.44,7.35,41.77,7.74,49.98,31.18,6.33,4.63,16.68,71.75,4.39,17.7,17.35,80.23,17.16,12.42,25.74,56.99,9.07,66.0,10.23,53.8,27.44,4.05,10.63,21.48,2.92,20.35,34.89,30.45,45.99,53.21,43.39,26.91,2.46,20.17,18.85,8.64,14.08,70.2,,94.2
