date,300750,300502,601318,601899,600519,600036,000333,688256,603259,600900,002371,688012,002475,601166,600030,603986,688981,601398,601138,002384,300059,002594,688008,600183,000725,600276,601211,601288,600919,000651,300394,002463,601328,600887,603993,600150,300476,300408,601857,601816,000338,600309,000858,300274,601088,600000,603019,600031,300124,002415,000001,002714,601688,000063,601601,601225,600584,601919,000100,600176,000988,300308,600111,300760,600089,600522,601229,601988,601939,600660,600406,000792,601668,002916,000938,002142,000977,688521,600926,600016,002028,002602,300014,002050,600028,002353,601169,600690,002230,601600,300433,300498,601766,002352,600489,601012,601985,603501,601009,300033,002938,600547,600050,000425,000776,002460,601872,000408,002241,603799,600999,000657,600549,601658,688111,600809,601006,000568,000807,603288,601100,601818,600160,600989,300442,000630,002837,600760,601628,002709,002466,601888,600893,600010,600362,002202,600019,002027,601336,002625,300661
2020-01-02,107.52,40.77,86.12,4.75,1130.0,38.88,59.75,,91.62,18.47,93.0,103.85,37.6,20.21,25.49,219.53,,5.97,18.38,25.47,15.9,48.17,74.25,22.74,4.61,87.68,18.67,3.73,7.27,67.9,38.35,23.78,5.68,31.75,4.37,22.11,17.41,23.2,5.87,,16.16,55.89,132.08,11.17,18.59,12.47,35.54,17.95,30.63,33.91,16.87,91.82,20.35,35.45,38.88,9.02,23.07,5.36,4.57,10.96,20.85,53.45,11.07,180.33,6.72,8.44,9.54,3.72,7.31,24.56,21.9,9.0,5.91,148.65,32.48,29.1,30.72,,9.34,6.36,13.95,12.18,50.45,17.61,5.17,37.0,5.73,19.88,35.04,3.6,14.82,34.31,7.24,37.48,8.51,26.53,5.09,149.11,8.86,112.33,45.92,32.9,6.04,5.8,15.46,35.46,7.93,7.4,20.52,40.13,18.43,6.89,13.18,5.93,156.5,88.8,8.17,85.45,5.24,108.0,49.91,4.45,7.33,9.58,15.39,2.34,17.45,31.8,34.95,21.16,30.69,90.05,22.37,1.33,17.13,12.43,5.8,6.53,50.85,9.24,257.29
2020-01-03,109.55,40.33,86.2,4.8,1078.56,39.4,58.26,,89.26,18.57,92.7,103.96,37.27,20.14,25.38,220.4,,5.99,18.22,26.9,16.0,48.04,74.88,22.8,4.73,85.95,18.83,3.72,7.24,67.1,38.51,23.42,5.69,31.74,4.48,22.12,17.82,23.77,5.95,,16.42,56.94,130.55,11.1,18.56,12.6,35.72,17.75,30.85,34.17,17.18,90.8,20.15,36.55,39.62,9.0,23.11,5.26,4.65,11.0,20.9,52.88,11.06,178.0,6.69,8.45,9.5,3.71,7.31,24.52,21.97,8.63,5.98,146.07,32.16,29.2,31.63,,9.36,6.34,13.92,12.76,48.09,18.02,5.27,37.6,5.74,19.1,34.66,3.6,15.16,34.6,7.25,37.19,8.8,26.98,5.09,145.0,8.82,111.25,46.65,34.78,6.04,5.78,15.54,36.38,7.96,7.35,20.58,44.13,18.5,6.89,13.15,5.98,150.0,87.64,8.16,85.79,5.19,105.41,48.49,4.42,7.27,9.69,15.47,2.32,17.72,32.76,34.98,20.87,30.95,90.98,22.44,1.34,17.17,12.56,5.8,6.61,50.94,9.52,244.0
2020-01-06,109.09,40.29,85.6,4.86,1077.99,39.24,57.2,,86.6,18.2,90.85,103.06,38.1,19.91,25.32,226.0,,5.97,17.9,26.98,16.15,48.28,71.91,23.48,4.71,84.09,19.02,3.69,7.16,65.88,38.63,23.56,5.66,31.09,4.49,22.52,19.0,23.45,6.23,,15.19,55.2,129.2,11.65,18.78,12.46,35.92,17.17,30.72,34.41,17.07,90.35,20.36,36.7,38.6,9.23,23.52,5.13,4.61,10.72,21.94,52.03,11.27,176.62,6.72,8.48,9.44,3.69,7.24,24.87,21.95,8.7,6.09,147.04,31.81,29.27,31.36,,9.31,6.3,14.2,12.85,51.9,19.25,5.36,39.49,5.7,18.99,36.72,3.63,15.85,35.83,7.19,36.85,9.4,27.6,5.13,141.5,8.77,114.79,45.58,37.91,6.02,5.57,15.57,40.0,7.9,7.54,20.37,46.77,18.44,7.02,13.38,5.91,152.79,86.5,8.07,85.62,5.3,103.62,47.03,4.36,7.22,9.74,15.65,2.33,17.96,33.15,34.65,22.83,32.68,90.0,22.3,1.35,16.99,12.85,5.75,6.6,50.21,9.51,239.8
2020-01-07,108.5,40.3,86.15,4.67,1094.53,39.15,58.05,,87.91,18.19,91.32,107.0,38.3,19.99,25.7,212.78,,6.01,17.86,26.65,16.14,48.05,68.5,23.3,4.68,84.87,19.04,3.72,7.24,67.32,38.52,23.52,5.69,32.15,4.42,22.6,18.83,23.44,6.11,,15.29,54.78,129.37,11.66,18.82,12.5,36.25,17.19,30.46,34.4,17.15,93.8,20.4,36.6,39.09,9.36,22.93,5.14,4.57,10.8,22.19,52.42,11.18,180.7,6.75,8.55,9.49,3.72,7.23,24.91,22.13,8.8,6.02,148.71,32.21,29.41,31.29,,9.38,6.33,14.42,13.3,51.44,18.8,5.25,37.69,5.74,19.25,36.75,3.61,15.88,38.25,7.19,37.7,9.12,27.63,5.14,137.9,8.87,114.89,46.3,36.76,6.02,5.63,15.66,39.98,7.63,7.52,20.13,45.92,18.55,7.0,13.31,5.92,152.98,86.92,8.12,86.0,5.39,106.0,47.22,4.4,7.25,9.75,15.74,2.34,18.03,33.17,35.14,22.66,32.21,90.91,23.0,1.37,17.1,12.8,5.83,6.61,50.66,9.59,233.6
2020-01-08,109.6,39.12,85.0,4.7,1088.14,38.41,58.28,,87.36,18.05,89.11,117.97,37.36,19.58,24.94,213.5,,5.91,17.52,25.99,15.54,47.28,68.84,22.51,4.96,84.68,18.63,3.69,7.13,68.8,36.94,22.61,5.64,32.19,4.46,24.1,18.84,22.8,6.23,,14.77,54.25,128.89,11.61,18.35,12.32,36.37,16.89,31.28,34.08,16.66,94.88,19.79,35.71,38.5,9.01,21.61,4.97,4.72,10.62,21.8,51.08,10.9,180.15,6.67,8.39,9.36,3.69,7.14,25.01,21.59,8.72,5.93,145.6,31.89,28.9,29.9,,9.26,6.29,14.4,12.63,50.59,19.53,5.28,37.99,5.64,19.23,36.05,3.52,15.28,37.11,7.11,37.25,9.52,27.71,5.07,138.69,8.69,109.41,45.9,38.49,5.92,5.55,15.09,40.66,7.51,7.56,19.89,46.31,18.03,6.95,13.02,5.85,148.81,87.7,8.04,84.85,5.14,106.17,46.28,4.33,7.04,9.58,15.52,2.32,18.27,33.52,34.13,22.8,31.94,91.3,23.21,1.34,16.85,12.69,5.74,6.59,49.6,9.53,240.0
2020-01-09,115.0,41.13,85.04,4.51,1102.7,38.9,59.45,,91.3,18.09,90.74,118.08,39.96,19.68,25.44,225.8,,5.91,18.3,27.45,16.01,47.65,70.08,23.0,5.0,86.88,18.85,3.68,7.16,69.88,38.44,23.19,5.65,32.49,4.42,23.41,19.21,22.88,6.06,,14.97,55.36,130.77,11.66,18.4,12.37,38.0,17.08,30.95,34.65,16.79,93.51,20.11,37.02,38.9,9.03,22.11,5.03,4.78,10.79,22.99,52.73,10.96,189.86,6.73,8.76,9.38,3.69,7.16,25.09,21.82,8.75,5.99,150.89,32.31,29.5,32.0,,9.41,6.31,14.66,12.87,51.96,19.67,5.19,39.17,5.67,19.46,36.54,3.54,16.1,37.37,7.15,37.26,8.9,28.95,5.12,147.8,8.76,111.77,48.22,35.73,5.95,5.61,15.41,40.89,7.6,7.55,20.9,46.62,18.28,6.96,13.1,5.87,157.0,91.48,8.12,87.5,5.18,107.79,48.11,4.31,7.17,9.65,15.75,2.33,19.14,32.4,34.61,24.43,31.53,94.0,23.04,1.35,16.84,12.8,5.8,6.92,50.39,9.59,249.56
2020-01-10,113.31,41.45,84.78,4.54,1112.5,39.04,59.99,,91.02,18.0,91.0,115.5,39.73,19.69,25.55,245.0,,5.91,18.03,26.8,16.11,46.92,69.35,23.1,4.95,87.5,18.9,3.68,7.19,69.75,39.26,23.44,5.64,32.42,4.38,,18.85,22.77,5.99,,14.94,54.36,133.62,11.3,18.16,12.39,37.7,17.28,31.0,34.36,16.69,90.78,20.19,37.36,38.45,8.99,22.65,5.03,4.67,10.87,22.7,52.05,10.95,187.5,6.69,8.7,9.4,3.69,7.16,25.07,21.36,8.58,5.9,154.62,32.28,29.16,31.92,,9.49,6.33,14.84,12.84,53.85,19.66,5.16,37.93,5.65,19.89,36.26,3.52,16.05,36.15,7.12,37.59,8.76,28.58,5.08,156.32,8.76,111.81,50.0,35.06,5.91,5.73,15.5,41.08,7.4,7.4,21.28,46.46,18.83,6.88,13.01,5.9,156.27,94.2,8.1,90.5,5.28,107.96,50.0,4.28,7.09,9.62,15.62,2.3,19.01,31.97,35.05,23.66,32.0,94.34,22.75,1.34,16.83,12.55,5.74,6.96,50.32,9.36,262.0
2020-01-13,116.9,42.97,86.45,4.63,1124.27,39.1,60.11,,93.0,18.07,100.1,134.0,41.48,19.7,25.97,261.8,,5.93,18.61,29.41,16.19,51.61,75.13,24.32,4.94,87.84,19.08,3.68,7.23,69.76,39.87,24.77,5.65,32.99,4.39,23.01,19.36,22.83,5.97,,14.93,54.4,139.66,11.58,18.19,12.41,41.47,17.05,31.66,35.23,16.99,91.38,20.44,37.96,38.81,9.02,23.29,5.07,4.77,11.39,23.03,53.4,11.05,188.3,6.7,8.77,9.25,3.7,7.17,25.24,21.46,8.56,5.95,170.08,33.92,29.0,32.87,,9.69,6.35,15.08,12.79,54.84,19.87,5.14,38.0,5.66,19.89,36.99,3.52,17.02,36.62,7.09,37.92,8.73,28.83,5.06,167.38,8.73,113.42,50.26,34.81,5.91,5.77,15.63,41.58,7.31,7.42,21.69,46.66,18.95,6.9,13.27,5.79,154.77,95.2,8.03,93.03,5.24,108.3,49.54,4.28,7.22,9.66,15.82,2.29,20.91,31.92,35.27,23.94,32.01,91.0,22.58,1.34,16.85,12.62,5.73,6.87,51.25,9.55,280.28
2020-01-14,115.7,42.07,86.83,4.74,1107.4,38.81,59.88,,92.5,18.18,107.15,135.01,41.83,19.75,25.56,253.99,,5.94,18.39,28.41,15.87,53.44,78.3,23.88,4.96,86.51,18.91,3.68,7.19,69.81,38.89,24.19,5.67,32.73,4.71,22.65,19.84,22.98,5.95,,14.53,55.07,138.56,11.53,18.15,12.43,42.25,16.97,31.35,35.36,16.76,90.81,20.19,36.71,38.87,8.96,23.14,5.08,4.87,11.3,22.55,51.91,11.08,187.0,6.77,8.78,9.19,3.69,7.16,26.19,21.33,8.88,5.95,171.95,34.17,28.49,32.1,,9.64,6.38,15.46,13.37,55.4,19.79,5.14,37.4,5.68,20.0,36.4,3.56,16.68,36.33,7.16,37.42,8.73,28.7,5.07,166.44,8.74,110.85,49.67,34.39,6.18,5.63,15.41,43.41,7.25,8.16,21.99,48.9,18.75,6.94,13.39,5.76,160.51,94.46,8.04,92.07,5.46,105.9,48.98,4.29,7.14,9.67,15.99,2.3,23.0,31.36,34.84,24.09,34.78,88.84,22.54,1.34,16.9,12.53,5.72,6.84,50.83,9.67,268.83
2020-01-15,115.3,42.56,85.81,4.6,1112.13,38.12,59.5,,94.0,18.01,108.0,147.0,43.7,19.49,25.32,256.18,,5.88,18.7,28.5,15.75,53.31,78.61,23.93,4.88,86.93,18.71,3.65,7.13,68.9,39.22,24.62,5.62,33.27,4.56,22.17,20.43,22.94,5.87,,14.67,53.96,140.8,11.38,17.83,12.25,43.09,16.93,31.4,36.7,16.52,89.68,19.95,36.92,38.44,8.85,24.12,4.97,4.84,11.06,22.74,52.5,10.85,188.44,6.7,8.69,9.16,3.67,7.14,25.79,21.0,8.94,5.83,170.24,33.7,28.25,32.23,,9.69,6.32,15.57,13.0,54.78,19.74,5.09,37.8,5.65,19.65,36.28,3.5,17.4,35.76,7.07,37.0,8.69,28.68,5.03,177.05,8.74,109.82,49.3,34.46,6.12,5.58,15.29,42.1,7.14,7.79,22.23,46.06,19.16,6.88,13.09,5.7,165.18,96.15,7.95,92.34,5.24,107.37,48.6,4.23,7.05,9.62,16.05,2.29,25.3,30.8,34.8,24.14,33.07,89.36,22.22,1.33,16.5,12.44,5.68,6.73,50.7,9.49,265.75
2020-01-16,116.4,42.46,85.55,4.52,1107.0,37.96,59.66,,95.49,18.02,113.0,171.01,42.8,19.27,25.11,252.2,,5.8,18.41,27.98,15.7,54.09,81.32,23.6,4.89,86.44,18.62,3.61,7.1,67.32,39.27,24.31,5.61,33.53,4.49,22.4,20.19,22.78,5.83,6.77,14.29,54.11,140.66,11.4,17.8,12.2,42.42,16.98,31.4,36.8,16.33,90.5,19.97,37.41,37.57,8.68,24.1,4.99,4.91,11.08,23.47,52.88,10.79,192.7,6.66,8.57,9.16,3.65,7.09,25.82,20.16,8.81,5.8,171.38,33.76,28.4,32.06,,9.61,6.3,15.31,12.91,55.18,19.42,5.07,37.69,5.61,19.54,36.32,3.49,17.81,35.58,6.97,36.86,8.59,28.45,5.0,173.8,8.62,108.96,49.51,34.08,6.02,5.51,15.15,41.79,7.06,7.85,22.32,46.05,18.93,6.9,13.05,5.64,168.2,97.49,7.92,92.65,5.18,108.49,48.52,4.18,7.09,9.53,15.84,2.3,27.83,30.58,33.92,23.85,32.76,90.39,22.27,1.31,16.45,12.53,5.64,6.59,50.01,9.17,255.17
2020-01-17,115.08,45.4,86.25,4.62,1107.5,37.93,60.31,,96.93,17.74,113.0,196.01,41.9,19.25,25.36,253.01,,5.82,18.99,27.48,15.75,57.95,86.73,23.0,4.83,90.66,18.65,3.62,7.1,67.91,37.65,23.93,5.61,32.88,4.42,22.09,19.89,23.16,5.84,6.65,14.71,53.92,138.55,11.31,17.9,12.23,43.4,16.88,30.8,35.67,16.39,88.82,19.84,38.84,37.73,8.69,23.7,4.9,4.86,10.97,22.22,53.0,10.7,193.05,6.63,8.55,9.13,3.65,7.08,25.64,18.4,,5.8,168.5,34.47,28.15,33.5,,9.49,6.29,15.26,12.92,54.88,19.4,5.07,38.26,5.62,19.45,35.96,3.47,17.65,35.4,6.94,37.18,8.64,28.88,4.99,175.5,8.61,110.69,48.8,34.28,5.97,5.57,15.18,41.84,6.91,7.89,21.99,44.93,18.94,6.88,12.97,5.67,183.0,96.69,7.93,91.8,5.27,109.86,49.34,4.18,7.27,9.48,15.89,2.29,30.61,30.71,33.05,24.24,32.23,89.85,22.24,1.3,16.29,12.43,5.72,6.55,50.07,8.97,259.55
2020-01-20,123.2,49.27,87.6,4.54,1091.0,38.31,60.2,,98.01,17.87,117.98,177.61,43.6,19.4,25.76,276.0,,5.84,19.34,28.45,16.03,58.76,83.49,24.2,4.98,90.1,19.0,3.62,7.13,68.35,39.1,24.53,5.62,32.89,4.38,22.28,21.6,23.84,5.85,7.32,14.51,54.53,137.56,11.59,17.7,12.25,43.37,17.25,30.77,36.12,16.45,90.83,20.03,40.06,37.8,8.73,24.82,4.84,5.2,11.22,22.79,56.32,10.88,194.04,6.66,8.71,9.16,3.66,7.1,25.02,19.19,8.93,5.82,172.41,34.85,28.24,35.17,,9.59,6.32,15.38,12.85,60.29,19.78,5.05,40.2,5.63,19.43,36.62,3.46,19.42,36.13,7.01,38.86,8.57,28.99,5.0,188.5,8.66,112.42,50.62,34.41,6.06,5.7,15.49,42.56,7.23,7.76,23.11,45.5,19.62,6.9,13.09,5.72,177.9,95.9,8.0,90.59,5.21,112.05,50.02,4.2,7.08,9.5,16.11,2.31,32.26,31.09,34.18,24.28,32.58,86.9,22.25,1.31,16.38,12.54,5.74,6.47,51.13,8.9,275.2
2020-01-21,121.65,49.85,85.6,4.36,1075.3,37.79,58.1,,98.15,17.79,117.4,170.55,44.12,19.07,25.17,271.42,,5.77,19.09,29.84,15.6,56.72,80.43,24.62,4.97,90.37,18.5,3.58,7.07,66.5,38.15,24.08,5.57,32.2,4.2,21.79,20.8,23.73,5.79,7.68,14.25,53.78,132.62,11.08,17.52,12.08,42.09,16.52,29.74,34.99,16.0,88.5,19.47,38.61,36.79,8.51,24.5,4.73,5.1,10.78,22.71,55.42,10.57,193.37,6.56,8.55,9.13,3.64,7.04,24.75,18.81,8.84,5.65,171.49,34.0,27.84,35.1,,9.44,6.25,15.28,12.92,59.8,19.77,5.01,39.65,5.56,19.39,36.03,3.39,20.17,35.72,6.9,38.96,8.42,29.66,4.94,184.0,8.48,109.34,49.96,34.63,5.92,5.35,15.41,41.3,6.81,7.56,22.99,44.86,19.52,6.88,12.79,5.66,170.0,94.5,7.91,87.26,4.92,111.95,50.79,4.13,7.05,9.38,16.43,2.25,30.9,30.04,33.43,23.95,31.75,83.75,22.08,1.29,15.61,12.09,5.6,6.27,49.49,8.86,282.3
2020-01-22,133.82,54.84,85.22,4.43,1075.51,37.82,57.48,,98.75,17.6,127.0,200.9,47.2,19.13,25.2,289.6,,5.79,20.85,31.48,15.87,59.27,94.0,25.75,4.92,90.33,18.42,3.57,7.11,66.64,39.45,24.87,5.54,32.45,4.33,21.93,21.73,24.23,5.74,7.32,14.35,53.92,131.7,11.92,17.7,11.77,44.9,16.9,29.78,36.61,16.09,86.05,19.56,40.65,36.98,8.62,26.0,4.73,5.13,10.68,24.08,56.22,10.56,193.27,6.52,8.61,9.1,3.64,7.05,25.0,18.87,8.59,5.66,186.28,34.66,27.74,36.35,,9.4,6.26,15.4,12.82,62.7,20.75,4.98,39.78,5.55,19.36,36.86,3.38,21.55,34.42,6.87,38.41,8.21,29.86,4.92,185.97,8.5,111.69,51.46,33.16,5.88,5.43,15.45,43.65,6.82,7.39,24.33,47.0,19.52,6.87,12.75,5.71,184.0,95.48,7.84,87.51,4.95,109.74,52.08,4.17,7.27,9.36,16.99,2.26,27.83,29.9,33.51,26.35,32.56,84.58,21.91,1.28,15.68,12.1,5.6,6.29,49.44,8.86,291.18
2020-01-23,130.57,51.9,83.49,4.29,1052.8,36.81,55.1,,95.79,17.15,118.5,183.38,45.15,18.59,23.9,283.0,,5.72,20.0,28.7,15.08,59.83,96.62,24.32,4.72,87.99,17.57,3.52,6.95,63.94,37.79,23.97,5.47,30.64,4.12,21.41,21.67,23.21,5.64,7.05,13.53,51.91,126.16,11.39,17.28,11.35,41.65,16.03,29.25,36.0,15.54,81.68,18.94,39.17,35.96,8.39,26.24,4.75,5.06,10.0,22.12,53.46,10.14,187.68,6.36,8.26,8.91,3.61,6.97,24.59,18.17,8.48,5.47,177.49,33.06,26.93,34.13,,9.17,6.08,14.82,12.7,60.3,20.8,4.94,36.98,5.42,18.57,35.19,3.3,20.68,32.68,6.76,39.22,8.11,29.05,4.85,185.55,8.27,109.05,49.98,32.47,5.65,5.19,14.81,43.37,6.31,7.03,23.61,47.2,18.75,6.81,12.5,5.67,179.5,91.68,7.7,82.65,4.72,107.21,50.49,4.02,6.97,9.08,17.1,2.21,28.88,29.0,32.26,25.15,30.82,82.0,21.59,1.25,15.13,11.77,5.43,5.88,47.99,8.44,275.11
2020-02-03,135.36,46.71,77.71,3.86,1003.92,35.03,50.19,,91.99,17.13,106.65,150.3,40.7,17.11,21.51,254.7,,5.42,18.0,25.83,13.57,53.85,77.3,21.89,4.25,85.46,15.81,3.37,6.5,58.77,34.01,21.57,5.11,28.38,3.71,19.27,19.5,20.89,5.13,6.35,12.18,48.49,113.54,10.25,15.98,10.47,37.49,14.43,26.41,32.47,13.99,73.6,17.05,35.91,32.81,8.0,23.62,4.28,4.55,9.21,19.91,48.11,9.13,186.0,5.72,7.43,8.35,3.43,6.44,22.68,16.45,8.06,5.0,159.74,29.75,25.5,32.1,,8.46,5.69,13.34,11.66,54.27,19.7,4.62,34.85,5.11,17.0,31.95,2.97,18.61,29.41,6.08,38.66,7.55,28.0,4.43,167.0,7.61,98.15,44.98,31.6,5.09,4.67,13.33,39.03,5.68,6.33,21.25,42.48,16.88,6.13,11.25,5.5,171.9,82.51,7.22,74.39,4.25,101.83,45.44,3.73,6.27,8.17,15.39,1.99,25.99,26.1,29.19,23.03,27.74,73.8,19.43,1.13,13.62,10.59,4.89,5.29,43.58,7.6,247.6
2020-02-04,148.9,49.85,80.43,3.98,1038.01,35.35,52.79,,95.5,17.31,117.32,177.66,44.56,17.54,21.73,278.9,,5.5,18.02,26.55,13.55,56.36,88.04,21.55,4.41,86.75,16.11,3.42,6.59,61.57,34.33,20.78,5.2,29.54,3.78,18.18,20.77,21.4,5.17,6.81,12.82,49.47,114.5,10.19,16.25,10.66,39.72,15.4,27.65,34.18,14.6,80.96,17.28,38.37,33.76,7.92,24.3,4.06,4.92,9.68,19.33,52.92,8.9,199.99,5.81,7.31,8.51,3.5,6.68,23.86,17.25,7.75,5.21,165.77,30.81,26.62,35.1,,8.71,5.83,12.96,12.42,59.18,21.15,4.64,38.21,5.19,17.35,35.15,2.98,19.72,30.26,6.03,38.8,7.63,29.9,4.53,183.7,7.84,97.73,44.3,31.32,5.18,4.7,13.56,42.93,5.23,5.97,22.32,44.12,17.01,5.87,10.78,5.54,206.28,79.75,7.39,72.12,4.19,102.68,47.9,3.8,6.38,7.88,16.68,1.96,26.6,26.52,30.57,25.33,29.0,75.08,19.7,1.14,13.7,10.55,5.19,5.15,45.8,7.23,263.78
2020-02-05,163.79,52.41,80.38,4.03,1049.99,35.36,52.87,,97.05,17.31,124.62,179.21,44.61,17.53,22.07,281.49,,5.49,18.69,26.23,13.86,60.81,87.13,21.34,4.42,88.91,16.34,3.42,6.55,62.85,34.61,20.56,5.2,29.6,3.97,18.76,20.31,21.31,5.21,7.3,13.27,49.51,117.51,10.17,16.24,10.7,39.99,15.59,27.99,35.1,14.63,81.93,17.53,38.2,33.58,7.85,24.0,4.18,4.98,9.83,20.95,54.8,9.28,219.99,5.87,7.41,8.51,3.5,6.71,23.9,17.24,7.86,5.2,164.66,31.35,25.97,36.17,,8.64,5.84,13.09,11.92,59.35,21.44,4.64,37.0,5.2,17.5,38.19,3.03,20.01,30.73,6.12,42.1,7.75,29.8,4.55,190.47,7.82,99.6,44.88,32.28,5.21,4.72,13.71,45.7,5.45,6.06,21.75,45.62,17.17,5.92,11.09,5.5,211.95,81.28,7.38,72.4,4.27,104.0,47.21,3.79,6.6,8.01,17.68,2.0,26.56,26.74,30.24,27.86,28.06,77.78,19.95,1.16,13.88,10.98,5.16,5.3,45.51,7.65,254.0
2020-02-06,169.89,57.36,81.52,4.13,1071.0,35.75,53.79,,104.8,17.44,137.08,183.0,44.53,17.66,22.63,283.12,,5.5,18.92,26.58,14.62,60.75,90.45,21.92,4.67,90.09,16.71,3.43,6.58,63.24,36.87,20.85,5.24,30.3,3.97,19.02,20.4,21.8,5.27,7.36,13.36,49.73,119.15,10.42,16.27,10.79,42.04,16.0,28.43,35.5,14.77,90.12,17.93,39.22,33.6,7.87,24.59,4.2,5.48,9.9,21.21,59.85,9.36,221.84,5.92,7.5,8.59,3.51,6.69,23.95,17.48,8.02,5.32,167.01,34.06,25.85,39.79,,8.7,5.91,13.12,13.0,62.54,21.74,4.7,37.85,5.23,17.73,39.3,3.06,19.99,31.36,6.2,45.35,7.8,30.4,4.58,198.21,7.86,103.72,44.01,32.24,5.38,4.78,14.03,46.93,5.47,6.24,21.83,44.58,17.48,5.91,11.31,5.52,214.0,82.41,7.37,73.89,4.33,105.25,46.5,3.81,6.9,8.11,18.71,2.01,28.4,27.26,30.44,30.65,28.15,80.8,20.18,1.16,14.04,11.08,5.2,5.38,46.49,7.8,254.1
2020-02-07,160.2,62.95,81.03,4.1,1076.0,35.42,52.83,,102.38,17.89,144.96,195.66,42.78,17.61,22.54,294.48,,5.44,19.3,26.75,14.62,57.9,108.54,22.94,4.66,89.65,16.74,3.4,6.56,62.38,40.56,22.15,5.25,30.75,3.88,19.05,20.2,21.67,5.28,7.73,13.34,48.85,120.58,10.72,16.18,10.86,46.24,15.79,28.24,35.2,14.62,92.45,17.94,38.93,33.4,7.86,26.51,4.16,5.69,9.77,22.16,62.61,9.4,215.87,6.04,7.54,8.59,3.51,6.63,23.83,17.55,8.06,5.27,177.5,36.7,25.35,43.77,,8.65,5.89,13.08,13.77,61.02,21.2,4.73,38.43,5.25,17.76,38.86,3.04,19.26,30.86,6.18,44.85,7.84,32.77,4.6,195.23,7.89,104.69,42.89,32.42,5.35,4.75,14.04,46.94,5.41,6.21,21.26,42.4,17.5,5.92,11.25,5.5,245.0,85.21,7.37,74.76,4.3,106.5,47.13,3.79,6.78,8.14,19.95,1.99,29.55,27.4,29.99,29.1,27.47,80.2,20.8,1.17,13.98,10.9,5.22,5.32,46.07,7.79,264.19
2020-02-10,165.26,61.86,80.3,4.2,1066.49,35.1,52.3,,105.16,17.63,140.08,193.11,43.22,17.52,22.67,281.6,,5.42,18.91,25.92,14.7,60.93,109.6,23.36,4.75,88.5,16.85,3.39,6.53,62.1,42.09,21.9,5.23,30.17,4.08,19.32,20.16,22.07,5.28,7.78,13.98,50.3,121.13,10.86,16.35,10.77,47.02,16.45,28.88,35.03,14.5,99.21,18.16,40.12,33.16,7.94,26.1,4.25,5.6,9.93,21.99,63.17,9.58,225.43,6.08,7.65,8.59,3.5,6.62,24.13,18.65,8.1,5.34,176.79,37.72,25.52,42.91,,8.67,5.86,13.42,14.08,66.3,22.99,4.71,39.43,5.24,18.0,39.02,3.07,19.3,32.25,6.2,45.22,7.98,33.15,4.61,183.0,7.84,104.78,42.48,33.08,5.4,4.94,14.2,51.63,5.57,6.48,20.9,46.64,17.77,6.14,11.68,5.51,226.92,85.8,7.29,73.72,4.42,105.8,48.26,3.78,6.72,8.48,18.42,2.03,28.17,27.8,30.31,30.13,28.52,79.0,20.49,1.18,14.24,11.05,5.29,5.47,45.7,7.88,254.1
2020-02-11,158.4,61.79,81.13,4.24,1098.0,35.57,54.68,,104.06,17.6,141.3,204.0,45.5,17.69,22.69,282.9,,5.46,19.23,28.15,14.56,59.04,110.0,23.18,4.75,90.15,16.77,3.42,6.56,63.92,41.08,22.24,5.26,30.23,4.28,19.33,21.37,22.57,5.3,7.57,14.28,50.0,124.79,10.67,16.65,10.86,45.65,16.55,29.2,35.56,14.79,100.01,18.26,40.01,33.48,8.14,26.49,4.33,5.5,9.92,21.51,63.16,9.55,223.2,6.06,7.61,8.65,3.53,6.69,24.47,18.64,8.51,5.38,180.0,36.99,26.35,43.2,,8.7,5.9,13.55,14.13,66.08,22.42,4.72,41.01,5.25,18.55,37.83,3.08,20.67,32.16,6.22,44.31,7.89,32.81,4.61,187.3,7.87,104.0,46.73,32.58,5.38,4.9,14.2,53.13,5.54,6.47,22.99,49.8,17.69,6.1,11.84,5.51,214.96,87.4,7.34,77.4,4.48,107.0,49.32,3.88,6.57,8.82,17.73,2.05,27.03,27.37,30.52,30.09,27.93,80.05,20.4,1.2,14.25,11.01,5.33,5.69,45.87,7.74,270.61
2020-02-12,159.65,62.11,81.2,4.3,1097.27,35.6,54.89,,107.71,17.58,142.35,205.6,45.1,17.72,22.9,291.66,,5.46,19.15,28.66,14.99,59.19,116.05,23.81,4.76,92.96,16.92,3.43,6.59,63.82,41.83,22.32,5.28,30.25,4.71,19.39,23.51,23.35,5.31,7.63,14.29,50.44,124.49,11.62,16.65,10.86,48.2,16.59,29.87,36.0,14.77,98.25,18.52,40.14,33.4,8.18,27.17,4.35,5.55,10.08,22.42,64.41,9.83,228.0,6.31,7.75,8.72,3.54,6.69,24.51,19.0,8.73,5.4,181.16,39.89,26.15,47.52,,8.69,5.9,13.76,15.09,69.85,22.55,4.73,40.4,5.26,18.61,39.3,3.11,20.65,32.38,6.27,43.9,7.91,33.52,4.62,188.29,7.86,109.59,47.04,32.64,5.41,4.95,14.5,58.44,5.62,6.7,23.43,54.78,17.8,6.24,12.94,5.5,231.0,87.59,7.35,77.49,4.54,107.08,50.51,3.89,6.64,8.82,18.15,2.08,28.43,27.32,31.14,31.0,30.72,80.4,20.56,1.2,14.34,11.16,5.32,5.69,46.0,7.82,269.08
2020-02-13,156.34,58.9,80.45,4.32,1091.0,35.27,53.8,,107.8,17.6,145.29,216.0,44.1,17.58,22.55,317.96,,5.41,18.42,28.7,14.64,57.55,115.8,24.34,4.72,91.45,16.67,3.41,6.54,62.9,40.97,22.39,5.24,29.67,5.02,19.03,24.42,23.81,5.28,7.46,14.44,50.22,124.14,11.61,16.58,10.76,46.5,16.79,29.12,35.96,14.65,98.17,18.44,39.71,33.25,8.14,27.83,4.28,5.68,10.08,22.34,63.03,9.79,227.1,6.38,7.64,8.7,3.53,6.62,24.13,18.87,8.58,5.41,188.86,40.82,25.97,47.91,,8.58,5.86,13.78,15.19,69.9,22.33,4.7,40.45,5.22,18.3,38.42,3.07,20.79,32.11,6.23,42.88,8.09,32.76,4.59,197.36,7.77,110.0,47.02,33.75,5.36,4.91,14.23,59.49,5.43,6.77,23.12,54.0,17.43,6.24,13.24,5.5,220.5,87.85,7.32,77.5,4.49,104.7,50.42,3.86,6.54,8.72,17.32,2.06,27.21,26.9,30.63,30.81,33.79,79.16,20.06,1.18,14.32,11.05,5.27,5.5,45.42,7.66,275.2
2020-02-14,149.9,59.1,81.0,4.54,1088.0,35.64,53.74,,109.75,17.62,141.41,205.1,44.36,17.75,22.98,311.41,,5.43,18.35,28.44,15.3,56.9,109.16,25.89,4.68,91.55,16.98,3.43,6.56,62.73,40.95,22.98,5.28,29.7,5.42,19.04,25.76,23.9,5.28,7.3,14.3,49.96,123.43,11.29,16.72,10.86,47.92,16.8,29.24,35.74,15.03,106.01,18.69,39.47,33.6,8.17,30.35,4.31,5.56,10.2,23.05,62.94,9.81,236.55,6.25,7.65,8.73,3.56,6.65,24.39,19.24,8.81,5.5,195.3,42.0,26.45,47.39,,8.64,5.89,13.96,15.22,70.03,21.97,4.71,40.5,5.25,18.2,38.36,3.11,21.42,33.25,6.26,42.47,8.0,32.18,4.58,191.0,7.81,118.9,48.4,33.4,5.36,4.94,14.52,57.78,5.45,6.66,23.27,52.66,17.69,6.25,13.06,5.5,218.0,87.35,7.3,77.72,4.58,104.7,52.66,3.89,6.62,8.71,17.17,2.08,26.89,26.94,30.57,29.93,36.38,80.94,20.17,1.2,14.6,11.0,5.29,5.56,45.75,7.63,277.24
2020-02-17,154.1,65.0,82.39,4.61,1093.82,36.17,54.4,,114.0,17.69,146.4,205.48,46.16,18.15,24.18,318.0,,5.49,19.19,30.2,15.91,58.48,111.3,28.0,4.91,92.38,17.75,3.47,6.68,63.12,44.09,24.71,5.34,30.17,5.4,20.09,25.88,24.86,5.38,7.3,14.8,51.49,124.3,11.77,16.89,11.18,48.92,17.18,30.11,37.15,15.37,105.45,19.75,43.12,34.24,8.21,30.75,4.44,5.79,10.3,23.57,66.15,10.01,241.35,6.34,8.13,8.86,3.6,6.74,25.28,19.39,8.96,5.54,214.83,42.92,26.93,48.16,,8.93,5.96,14.43,15.01,77.03,22.14,4.78,41.59,5.33,18.58,39.54,3.17,22.44,34.33,6.43,46.35,8.12,33.09,4.68,192.99,8.05,127.54,49.1,33.94,5.54,5.09,15.15,62.0,5.65,6.82,23.98,54.6,18.52,6.4,13.21,5.56,222.0,87.4,7.4,78.22,4.67,105.37,54.5,3.96,6.78,8.96,17.91,2.13,29.58,29.47,31.44,30.7,37.41,81.25,22.19,1.22,14.9,11.34,5.42,5.63,46.9,7.9,281.78
2020-02-18,156.62,66.66,81.55,4.57,1084.0,35.7,53.53,,112.89,17.52,154.01,210.0,45.85,17.9,23.98,327.07,,5.46,18.85,30.25,15.74,59.47,113.38,27.98,5.06,90.6,17.6,3.45,6.62,62.16,44.32,24.75,5.31,30.2,5.25,20.41,26.02,25.37,5.35,7.71,14.54,50.78,123.39,12.75,16.73,11.06,50.41,16.98,30.61,36.83,15.2,106.25,19.46,43.53,33.76,8.1,31.6,4.43,6.15,10.14,23.68,67.89,10.27,242.29,6.36,8.16,8.82,3.58,6.7,24.91,19.34,9.29,5.43,216.31,43.68,26.44,49.02,,8.83,5.9,14.44,15.19,79.05,22.42,4.75,40.15,5.29,18.51,40.05,3.17,22.35,33.89,6.4,45.71,8.3,33.34,4.8,196.0,7.96,123.15,48.61,34.79,5.53,5.11,15.06,60.22,5.78,6.88,23.43,53.34,18.42,6.58,13.45,5.52,229.7,86.66,7.38,77.7,4.66,103.38,55.55,3.92,7.01,9.04,18.28,2.14,32.54,28.82,31.12,30.93,36.1,80.2,24.41,1.22,14.78,11.32,5.38,5.66,46.46,8.24,295.97
2020-02-19,153.2,63.27,81.7,4.59,1096.5,35.53,53.54,,110.9,17.52,155.16,203.07,46.08,17.89,24.0,341.13,,5.48,18.49,29.49,15.76,61.91,112.88,27.08,4.96,89.68,17.59,3.48,6.6,61.67,43.15,24.28,5.32,30.51,4.73,20.08,26.77,25.74,5.33,7.45,14.33,51.2,126.0,12.8,16.6,11.11,48.55,16.74,30.91,38.17,15.24,107.8,19.44,43.68,33.86,8.05,30.5,4.39,6.09,10.14,23.25,65.95,10.0,234.8,6.54,8.27,8.84,3.6,6.71,24.64,19.34,9.24,5.38,216.9,43.0,26.26,46.9,,8.78,5.89,14.53,14.8,78.84,21.51,4.74,39.66,5.27,18.21,38.66,3.18,21.2,35.29,6.41,46.62,8.41,32.64,4.76,192.61,7.95,121.46,47.89,35.51,5.49,5.06,15.06,58.33,5.65,7.09,23.66,48.01,18.41,6.47,12.75,5.5,229.7,87.85,7.37,79.03,4.58,103.84,54.67,3.9,7.71,8.9,17.59,2.14,35.79,28.66,31.19,32.9,34.6,83.31,26.22,1.2,14.7,11.39,5.36,5.56,46.87,8.28,325.57
2020-02-20,160.0,65.25,83.28,4.59,1118.0,35.98,54.86,,111.0,17.62,154.89,192.4,49.7,18.15,25.42,375.24,,5.51,18.81,32.06,17.34,68.1,107.01,27.95,5.34,90.8,18.46,3.51,6.71,63.5,43.84,24.56,5.35,31.09,4.68,20.27,26.33,25.95,5.38,7.6,14.78,51.62,130.15,13.4,16.76,11.23,48.96,17.0,30.75,38.79,15.59,108.21,20.45,44.59,34.6,8.14,30.3,4.48,6.7,10.31,24.13,67.4,10.11,234.99,6.57,8.36,8.9,3.63,6.76,25.09,19.65,9.25,5.43,220.01,42.9,26.72,47.43,,8.95,5.94,15.98,14.53,79.15,21.95,4.79,39.99,5.32,18.89,39.01,3.23,21.9,35.54,6.47,46.79,8.41,33.25,4.8,203.8,8.11,133.61,48.04,35.27,5.58,5.22,15.8,58.87,5.89,7.26,24.62,46.3,19.32,6.53,13.12,5.56,223.2,91.23,7.42,82.77,4.7,105.88,53.71,3.95,7.53,9.02,18.33,2.16,39.37,28.88,31.99,31.56,36.22,85.8,25.07,1.22,14.89,11.63,5.4,5.85,48.41,8.46,341.76
2020-02-21,159.9,68.9,82.38,4.7,1112.88,35.64,54.28,,112.71,17.53,153.0,192.99,50.35,18.08,25.18,394.48,,5.49,19.6,33.36,18.5,67.5,105.43,29.28,5.35,90.2,18.58,3.49,6.69,62.64,43.65,25.45,5.37,30.71,4.6,20.48,26.05,26.01,5.37,7.53,14.91,51.41,130.0,13.75,16.74,11.3,52.31,17.22,30.91,39.4,15.58,110.46,20.36,45.55,34.52,8.08,30.84,4.46,6.67,10.19,24.72,68.37,10.2,240.34,6.48,8.54,8.87,3.62,6.77,25.01,20.2,9.21,5.39,234.91,43.72,26.55,48.15,,8.95,5.91,17.58,14.69,80.66,21.85,4.79,40.61,5.29,18.82,41.34,3.23,22.25,35.09,6.49,45.79,8.78,33.9,4.78,200.02,8.13,146.97,51.21,37.19,5.63,5.31,15.64,57.68,5.82,7.63,25.37,46.0,19.06,6.49,12.97,5.52,227.6,90.26,7.42,82.69,4.72,104.87,54.35,3.93,7.95,8.97,18.22,2.16,39.95,29.31,32.2,30.26,36.36,85.07,26.18,1.22,14.91,11.47,5.39,5.76,47.99,8.78,335.81
2020-02-24,154.41,75.79,80.72,4.72,1087.18,35.05,54.91,,113.25,17.41,168.3,197.33,51.0,17.84,25.04,402.0,,5.44,20.14,35.0,18.66,66.2,109.5,32.21,5.75,88.38,18.42,3.46,6.64,61.57,48.02,28.0,5.31,29.97,4.41,20.43,28.21,27.8,5.28,7.3,14.59,49.99,127.1,13.51,16.53,11.16,53.53,17.28,31.42,39.05,15.23,111.57,20.22,50.11,33.75,8.05,33.88,4.34,7.17,10.0,25.79,72.47,10.04,250.08,6.41,9.12,8.79,3.59,6.71,25.16,20.13,9.23,5.29,258.4,46.15,26.21,49.15,,8.87,5.86,19.34,14.91,77.51,21.49,4.72,38.73,5.26,18.31,42.4,3.17,22.61,35.36,6.39,45.96,8.93,34.0,4.72,220.02,8.01,147.32,53.07,38.5,5.9,5.35,15.51,54.99,5.49,7.77,25.98,42.61,18.88,6.61,12.78,5.5,236.88,88.63,7.32,81.11,4.68,103.94,54.86,3.89,8.74,9.21,18.19,2.15,43.95,29.82,31.64,29.71,34.89,82.97,25.44,1.21,14.87,11.31,5.34,5.63,47.16,9.15,350.0
2020-02-25,161.85,80.19,80.19,4.57,1074.81,34.63,54.43,,117.38,17.18,174.7,216.25,51.04,17.71,25.21,426.16,,5.41,19.96,35.79,19.95,70.85,110.9,33.69,5.83,88.31,18.33,3.43,6.55,60.25,52.82,30.8,5.28,29.69,4.6,19.9,27.5,27.1,5.19,7.19,14.17,48.77,125.3,13.4,16.24,11.09,52.88,16.83,32.39,38.35,15.04,119.97,19.99,55.11,33.38,7.86,35.08,4.25,7.36,9.68,25.42,71.4,9.79,259.38,6.29,9.56,8.72,3.57,6.64,24.97,19.31,9.13,5.23,253.6,49.51,25.76,47.9,,8.72,5.81,20.44,14.53,82.65,22.43,4.66,37.34,5.19,17.8,42.0,3.11,22.2,35.6,6.26,49.63,8.8,33.51,4.64,213.5,7.92,146.0,54.03,37.2,5.8,5.18,15.42,60.49,5.42,7.55,27.4,44.72,18.78,6.51,12.91,5.5,231.5,87.08,7.24,79.55,4.6,102.17,55.22,3.85,9.61,9.55,17.58,2.13,48.35,29.01,31.05,30.17,38.15,81.84,24.49,1.19,14.55,11.02,5.23,5.55,46.46,9.84,354.0
2020-02-26,152.86,72.17,79.83,4.36,1073.7,34.83,54.3,,110.55,17.0,157.23,195.0,47.61,17.7,24.71,385.0,,5.41,18.71,32.21,18.73,71.7,98.9,30.55,5.37,86.68,18.19,3.45,6.56,60.29,52.73,28.8,5.31,29.37,4.38,21.89,24.75,24.89,5.22,7.14,14.15,48.46,124.1,12.53,16.45,11.2,49.27,16.9,30.58,36.9,14.99,116.0,19.72,50.95,33.25,7.96,31.57,4.3,6.65,9.69,23.17,64.74,9.68,247.9,6.31,9.14,8.75,3.6,6.65,24.5,19.03,9.2,5.45,228.24,49.48,25.77,46.9,,8.79,5.84,21.44,13.82,74.39,20.85,4.68,37.01,5.21,17.61,39.78,3.19,21.66,35.37,6.65,48.55,8.5,31.82,4.71,194.98,7.94,131.4,48.63,35.63,5.89,5.29,15.3,59.07,5.41,7.27,24.92,42.63,18.64,6.5,13.0,5.52,222.0,87.15,7.29,78.5,4.64,100.84,54.08,3.86,8.9,9.37,17.28,2.17,48.07,29.22,30.93,28.13,35.88,80.2,23.77,1.22,14.52,10.98,5.32,5.66,46.42,9.29,341.0
2020-02-27,149.48,72.3,79.79,4.41,1087.39,35.22,54.91,,110.0,17.23,162.6,180.21,46.76,17.82,24.77,355.08,,5.4,18.9,31.16,18.98,70.05,90.6,30.99,5.29,87.21,18.22,3.46,6.58,60.71,51.77,27.8,5.31,29.95,4.38,20.66,24.82,24.87,5.17,7.09,15.12,49.86,126.3,12.53,16.41,11.21,48.88,17.7,29.7,36.8,15.11,118.6,19.82,51.48,33.12,8.1,29.21,4.24,6.44,9.77,23.16,64.3,9.67,245.1,6.5,8.95,8.81,3.62,6.67,24.3,20.28,9.66,5.39,221.1,50.47,26.0,46.55,,8.8,5.85,19.3,13.95,72.65,20.59,4.66,37.44,5.21,17.8,40.99,3.15,20.17,34.85,6.55,50.04,8.57,32.57,4.68,183.16,8.0,134.22,46.89,36.04,5.75,5.45,15.33,56.53,5.33,7.32,24.13,41.99,18.71,6.54,12.72,5.52,234.31,89.94,7.25,79.02,4.55,102.45,57.11,3.88,8.49,9.44,17.3,2.15,48.1,29.06,30.9,27.43,34.8,80.45,24.52,1.2,14.38,10.99,5.29,5.57,46.1,9.37,357.55
2020-02-28,135.67,66.92,77.72,4.16,1057.0,34.2,53.05,,106.0,17.03,148.01,161.6,47.8,17.29,23.4,363.04,,5.3,17.08,28.3,17.35,65.37,88.5,30.85,4.9,84.09,17.0,3.41,6.38,59.2,46.65,26.1,5.2,28.91,4.07,19.25,22.5,23.8,5.07,6.87,14.33,47.04,120.6,11.42,16.0,10.85,45.18,17.43,28.31,35.0,14.5,116.5,18.55,50.0,31.89,7.9,26.61,4.04,5.88,9.38,21.13,62.04,9.1,239.0,6.23,8.42,8.61,3.55,6.5,23.17,19.83,9.56,5.37,207.58,45.42,25.16,42.05,,8.59,5.72,17.37,13.45,66.55,19.88,4.6,34.6,5.11,17.02,38.59,3.06,19.47,32.53,6.4,48.95,8.11,30.7,4.59,174.22,7.76,123.49,42.21,33.92,5.48,5.27,14.5,51.98,5.06,6.7,22.27,37.79,17.65,6.22,11.94,5.5,235.52,86.25,7.08,74.8,4.24,99.58,58.0,3.78,8.25,9.51,16.45,2.06,43.29,27.8,29.45,24.69,31.72,78.5,23.1,1.17,13.69,10.52,5.2,5.34,44.18,8.46,321.8
2020-03-02,139.99,73.6,79.58,4.3,1086.01,34.75,54.34,,110.09,17.26,142.2,160.0,48.59,17.59,24.48,352.34,,5.36,17.44,29.77,18.18,66.85,91.29,33.94,5.08,85.2,18.23,3.46,6.5,60.03,51.32,28.63,5.29,29.59,4.22,19.8,24.26,24.17,5.17,7.07,15.3,50.16,122.65,11.88,16.61,11.04,48.01,18.94,29.14,35.6,14.79,120.0,19.33,54.6,32.37,8.15,26.95,4.17,6.36,9.97,22.54,66.19,9.4,242.97,6.65,9.02,8.74,3.6,6.59,23.69,21.27,10.04,5.83,228.34,46.92,26.69,43.4,,8.77,5.81,17.49,13.37,69.3,21.41,4.7,35.23,5.21,17.64,40.78,3.17,19.99,33.9,6.72,50.03,8.23,31.5,4.77,169.91,7.91,131.0,43.27,34.34,5.7,5.71,15.19,53.3,5.43,7.03,22.9,38.35,18.32,6.36,12.31,5.53,249.46,89.4,7.21,77.82,4.46,101.95,61.9,3.86,8.45,10.2,17.17,2.13,44.96,28.46,30.13,25.16,32.76,78.39,23.82,1.21,14.3,10.95,5.42,5.45,45.42,8.72,307.6
2020-03-03,145.78,70.73,79.49,4.3,1113.0,34.62,54.5,,115.03,17.57,141.49,165.89,48.1,17.66,24.73,350.3,,5.38,17.44,30.18,18.45,67.87,91.82,33.88,5.09,88.34,18.25,3.48,6.52,59.99,49.73,28.39,5.32,29.85,4.27,19.88,24.3,24.23,5.19,7.02,15.06,49.32,124.37,12.05,16.77,11.06,48.97,18.48,29.95,35.85,14.72,119.59,19.62,52.94,32.02,8.12,27.13,4.27,6.4,9.76,22.91,64.9,9.48,261.99,6.6,9.0,8.77,3.62,6.6,23.48,20.98,10.23,5.76,223.26,46.6,26.87,44.26,,8.8,5.84,17.65,13.15,69.96,23.12,4.71,36.97,5.24,17.64,43.8,3.17,20.26,33.87,6.65,48.08,8.26,31.01,4.77,174.7,7.87,130.17,43.15,34.57,5.71,5.65,15.34,54.75,5.4,6.99,22.98,40.17,18.5,6.3,12.24,5.52,270.0,91.5,7.23,79.0,4.48,103.75,59.98,3.87,8.72,10.1,17.27,2.13,49.46,28.93,29.9,25.91,33.6,79.17,24.57,1.21,14.26,10.82,5.4,5.4,45.2,8.75,304.0
2020-03-04,143.7,68.16,80.58,4.33,1128.92,34.78,54.25,,116.68,17.59,131.72,154.3,45.82,17.71,25.33,321.79,,5.39,16.76,29.03,19.32,66.58,87.5,32.29,5.02,87.8,18.61,3.49,6.52,59.82,48.42,27.48,5.34,30.36,4.29,19.83,23.68,23.65,5.18,6.96,15.22,49.9,125.27,12.11,16.72,11.03,48.57,18.82,30.35,35.53,14.69,121.7,19.9,51.36,32.21,8.21,26.11,4.28,6.2,9.77,22.81,62.82,9.6,257.01,6.69,9.07,8.81,3.63,6.6,23.53,20.88,10.38,5.83,227.7,45.53,26.75,44.38,,8.81,5.86,18.27,13.58,70.77,23.0,4.71,35.86,5.25,17.89,43.26,3.19,19.55,34.73,6.62,48.13,8.45,30.45,4.8,169.88,7.89,133.5,41.63,35.1,5.68,5.8,15.6,55.08,5.52,7.03,22.17,40.95,18.87,6.27,12.29,5.5,257.25,91.06,7.31,78.88,4.57,104.1,58.36,3.87,8.28,10.18,17.44,2.16,47.32,29.21,30.0,25.69,34.37,79.06,25.09,1.22,14.47,10.8,5.42,5.42,45.74,8.69,289.5
2020-03-05,145.22,67.6,82.45,4.35,1171.0,36.23,56.54,,115.72,17.72,136.99,158.31,45.48,18.29,25.99,325.9,,5.46,17.16,29.7,20.17,66.81,90.15,31.92,5.1,91.7,19.04,3.52,6.66,62.99,47.43,27.69,5.39,30.94,4.32,20.23,23.75,24.22,5.25,7.17,15.26,52.2,133.2,12.49,17.05,11.32,48.36,18.85,29.77,36.18,15.39,126.6,20.46,51.91,33.49,8.28,26.52,4.35,6.25,10.0,24.28,64.0,9.82,261.22,7.36,9.48,8.92,3.66,6.71,23.93,21.6,10.34,5.82,226.0,46.84,27.86,44.76,,9.07,5.95,18.86,14.04,70.59,22.5,4.79,36.02,5.34,18.49,42.8,3.24,19.91,38.0,6.71,48.6,8.49,31.34,4.9,174.79,8.15,135.56,42.6,35.51,5.83,5.8,15.97,54.05,5.7,7.2,22.23,40.35,19.19,6.42,12.49,5.62,249.49,100.17,7.38,83.4,4.66,106.41,57.97,3.97,8.51,10.22,17.6,2.2,48.01,29.24,30.98,25.59,34.15,84.11,25.12,1.24,14.75,11.24,5.5,5.54,47.12,8.8,293.64
2020-03-06,143.52,67.94,80.91,4.38,1155.5,35.41,55.8,,115.75,17.48,133.72,152.73,45.56,17.92,25.11,321.88,,5.41,16.99,30.02,19.17,65.36,87.81,31.35,5.16,92.25,18.47,3.5,6.56,61.48,46.87,27.25,5.34,30.37,4.33,19.89,23.31,24.7,5.2,7.03,14.86,51.6,130.07,12.22,16.77,11.12,46.75,18.25,29.85,35.22,15.03,128.0,19.92,50.86,32.68,8.12,26.35,4.27,6.37,9.65,23.77,64.78,9.66,263.5,7.55,9.25,8.8,3.63,6.63,23.56,21.34,10.42,5.68,227.98,46.2,27.48,43.13,,8.89,5.9,18.6,14.11,71.12,22.35,4.79,36.06,5.27,18.03,41.85,3.18,19.58,36.2,6.66,47.91,8.59,30.7,4.81,172.51,8.03,129.22,42.28,36.51,5.72,5.63,15.45,54.2,5.55,7.1,22.14,40.89,18.93,6.4,12.35,5.51,247.0,96.2,7.28,81.38,4.57,105.69,57.81,3.9,8.25,10.78,17.56,2.17,48.28,28.92,30.58,25.7,34.89,83.27,24.8,1.22,14.43,10.96,5.39,5.44,46.04,8.89,283.91
2020-03-09,133.45,67.92,78.14,4.08,1114.01,34.18,53.89,,112.01,17.45,121.85,140.12,42.48,17.37,24.31,295.92,,5.31,16.18,28.1,17.99,59.45,80.21,30.0,4.9,88.89,17.89,3.43,6.41,59.23,46.38,26.85,5.28,29.03,4.17,19.13,21.59,23.11,5.15,6.88,14.21,48.52,126.3,11.29,16.28,10.78,43.44,17.54,28.69,33.48,14.45,133.49,19.07,51.01,30.96,7.81,23.82,4.31,5.95,9.19,22.96,63.73,9.29,266.7,7.7,9.2,8.62,3.57,6.48,22.99,21.58,10.1,5.48,223.89,43.77,27.22,41.1,,8.57,5.79,17.18,13.16,67.51,21.08,4.91,32.45,5.18,17.59,39.75,3.1,18.01,35.06,6.48,47.0,8.23,28.72,4.69,155.28,7.79,120.6,39.45,35.02,5.64,5.37,14.93,50.15,6.11,6.78,20.34,41.06,18.32,6.27,11.93,5.49,227.81,90.0,7.13,77.8,4.36,101.9,55.74,3.82,7.59,10.49,17.01,2.1,48.35,27.59,29.15,24.12,31.79,79.13,23.45,1.19,13.91,10.5,5.28,5.26,44.22,8.43,264.78
2020-03-10,140.53,73.1,79.18,4.04,1156.0,34.68,55.32,,111.63,17.64,133.23,156.6,45.17,17.57,25.06,314.61,,5.36,16.59,30.2,19.0,60.17,86.08,33.0,5.03,90.6,18.34,3.46,6.47,60.77,49.43,29.54,5.35,29.89,4.22,19.37,22.69,23.86,5.15,6.93,14.5,49.56,130.72,11.73,16.55,10.87,45.34,17.89,29.09,34.4,14.76,130.31,19.55,54.16,31.65,7.94,25.48,4.3,6.17,9.25,24.82,68.4,9.37,259.18,7.7,10.12,8.65,3.59,6.53,23.27,21.88,9.99,5.6,246.28,46.17,27.24,43.72,,8.69,5.84,18.18,13.9,72.0,21.96,4.82,31.54,5.2,17.7,41.18,3.13,18.9,34.69,6.56,47.05,8.2,29.32,4.74,162.8,7.85,126.24,40.94,34.37,5.77,5.45,15.29,52.31,6.12,6.77,21.25,40.84,18.72,6.25,12.12,5.5,229.0,94.35,7.19,81.22,4.43,104.32,56.29,3.87,7.84,9.92,17.4,2.14,51.7,28.23,29.55,25.1,32.44,81.48,24.28,1.2,14.15,10.63,5.3,5.32,45.15,8.71,276.12
2020-03-11,140.78,68.39,78.15,4.02,1158.52,34.45,54.47,,107.16,17.59,124.64,149.45,43.97,17.35,24.34,293.42,,5.32,16.54,28.99,18.17,58.75,82.3,33.0,4.88,89.03,17.8,3.43,6.41,59.63,49.41,28.47,5.28,29.26,4.08,19.39,22.0,23.28,5.12,6.94,14.28,48.57,129.9,11.8,16.42,10.77,43.85,17.41,28.65,33.86,14.69,127.46,19.07,52.48,30.97,7.83,24.5,4.44,5.83,9.16,24.35,63.6,9.27,249.0,7.66,10.33,8.6,3.59,6.52,22.96,21.39,10.05,5.5,247.02,44.0,26.7,,,8.61,5.81,17.54,13.54,70.48,21.37,4.75,30.64,5.15,17.35,39.9,3.1,18.31,34.16,6.66,46.01,8.26,29.75,4.68,159.6,7.8,122.14,40.15,34.8,5.67,5.27,14.95,51.07,6.73,6.66,20.63,38.78,18.59,6.43,12.1,5.51,212.02,93.8,7.12,81.51,4.34,105.58,54.81,3.82,7.58,9.74,17.5,2.11,49.1,31.05,29.26,25.15,32.0,82.66,24.53,1.19,13.97,10.51,5.25,5.23,44.35,8.47,264.1
2020-03-12,134.2,65.02,76.65,3.92,1138.5,34.16,53.17,,102.5,17.45,126.0,151.35,43.23,17.19,23.98,300.2,,5.29,16.1,27.91,18.11,57.03,82.98,32.77,4.61,86.38,17.55,3.43,6.34,58.22,51.0,28.15,5.28,28.57,3.93,18.87,21.49,22.5,5.07,6.79,13.87,46.47,126.04,11.84,16.26,10.64,43.18,17.0,27.9,32.88,14.68,121.8,18.77,51.42,30.46,7.7,24.81,4.4,5.5,8.72,23.6,59.75,9.13,244.2,7.35,10.93,8.54,3.58,6.54,22.41,21.63,9.95,5.37,250.39,42.59,26.19,,,8.52,5.8,16.96,13.19,67.78,20.68,4.64,29.24,5.14,16.75,38.44,3.08,18.16,32.82,6.52,44.78,7.98,28.42,4.62,164.0,7.73,119.73,38.77,33.6,5.57,5.19,14.69,49.73,6.9,6.42,19.63,36.8,18.09,6.19,11.86,5.51,215.52,91.0,7.13,80.25,4.26,102.66,53.93,3.81,7.59,9.45,17.2,2.08,45.69,30.73,28.53,24.41,30.73,79.08,24.19,1.18,13.79,10.22,5.18,5.09,43.91,8.13,261.65
2020-03-13,132.1,63.05,74.71,3.84,1112.03,33.41,51.9,,100.11,17.0,133.4,165.93,42.96,16.86,23.94,310.62,,5.22,15.65,26.89,17.93,55.66,86.56,33.19,4.49,84.7,17.34,3.4,6.27,56.91,51.74,28.6,5.25,28.26,3.85,18.49,21.42,22.26,5.04,6.69,13.63,44.96,122.6,11.93,16.03,10.7,47.03,16.76,26.88,32.04,14.52,122.6,18.65,50.79,29.66,7.56,25.32,4.24,5.46,8.51,24.75,59.19,9.03,246.26,8.09,10.82,8.46,3.56,6.49,21.8,22.33,9.72,5.35,258.58,43.02,26.0,,,8.42,5.78,17.8,12.97,66.66,20.66,4.55,28.2,5.09,16.24,38.31,3.05,17.8,32.19,6.44,44.16,7.73,28.0,4.55,162.66,7.63,118.12,38.02,32.03,5.48,5.12,14.57,48.0,6.67,6.28,19.14,35.31,17.85,6.06,12.1,5.55,223.03,90.72,7.05,78.92,4.17,100.98,53.77,3.77,7.41,9.09,16.99,2.06,47.07,30.74,27.65,23.53,29.45,83.59,24.8,1.17,13.57,9.93,5.11,5.0,43.33,8.02,267.8
2020-03-16,119.06,56.75,72.0,3.64,1067.0,31.67,50.1,,91.98,16.92,130.33,168.0,38.66,16.21,22.67,279.56,,5.17,14.3,24.2,16.47,53.88,83.0,29.87,4.15,82.05,16.57,3.37,6.11,54.4,46.57,25.96,5.19,27.25,3.69,17.88,20.07,20.83,5.03,6.5,12.79,42.43,115.5,10.74,15.93,10.51,47.3,15.56,25.59,30.1,13.75,114.0,17.65,45.71,28.21,7.35,23.2,4.1,4.92,8.04,22.95,55.1,8.8,240.57,7.82,10.1,8.28,3.54,6.42,21.07,20.9,9.68,5.25,239.3,39.8,24.81,,,8.11,5.68,17.06,12.99,59.99,18.84,4.63,25.92,4.98,15.54,36.1,3.01,16.02,31.12,6.39,43.0,7.67,25.2,4.48,146.39,7.4,109.84,35.32,31.68,5.31,4.89,13.91,43.2,6.42,6.04,17.23,31.84,16.96,5.83,12.02,5.44,210.2,87.03,7.02,74.05,4.07,98.0,50.55,3.67,7.52,9.04,16.63,2.04,44.96,29.69,27.02,21.61,27.13,77.8,24.0,1.15,13.26,9.54,4.96,4.7,40.72,7.68,241.02
2020-03-17,117.95,57.4,72.14,3.48,1045.1,31.73,49.0,,92.08,16.93,137.15,174.24,37.66,16.11,22.93,283.11,,5.17,13.91,23.07,16.78,53.04,86.95,29.0,4.25,81.09,16.46,3.4,6.13,52.95,46.69,25.29,5.2,27.78,3.75,17.75,20.38,20.52,5.01,6.39,12.7,41.45,112.36,10.47,15.7,10.43,48.85,15.92,25.27,29.02,13.41,114.02,17.72,41.55,27.97,7.28,23.62,4.14,5.09,7.98,23.0,56.35,8.7,242.5,8.3,11.11,8.25,3.56,6.45,20.24,21.3,9.64,5.25,229.58,39.99,24.48,,,8.12,5.7,18.22,13.27,59.08,18.84,4.59,25.83,4.94,15.1,36.29,3.01,15.19,31.09,6.38,42.82,7.52,24.9,4.52,146.38,7.4,112.3,35.36,30.06,5.33,5.15,13.88,41.47,6.71,5.9,17.13,32.8,17.05,5.66,11.9,5.37,217.0,85.63,7.05,71.65,4.09,97.0,50.9,3.7,7.87,8.85,17.33,2.04,45.25,28.41,26.24,21.42,25.8,77.22,23.81,1.16,13.24,9.19,4.9,4.56,40.73,7.55,237.95
2020-03-18,117.35,57.54,69.87,3.41,1007.99,30.82,49.7,,90.83,16.72,134.49,163.03,37.42,15.7,22.23,273.58,,5.11,13.56,22.45,16.16,52.09,84.4,28.45,4.13,80.6,16.1,3.36,6.03,52.44,45.35,24.41,5.12,27.67,3.6,17.5,20.1,20.48,4.95,6.3,12.47,41.69,107.59,10.2,15.52,10.21,49.0,15.39,25.16,29.0,12.71,117.51,17.27,39.1,27.75,7.13,23.07,4.08,4.9,7.92,22.16,55.64,8.6,234.5,7.95,11.13,8.16,3.5,6.39,20.03,20.58,9.5,5.15,223.2,39.16,23.27,,,7.89,5.6,17.64,13.29,58.18,18.26,4.53,24.97,4.88,15.02,35.63,2.97,15.14,31.4,6.28,43.26,7.48,24.31,4.47,144.0,7.2,109.0,33.71,29.48,5.2,5.0,13.52,41.05,6.76,5.79,16.61,32.02,16.54,5.51,11.62,5.3,222.1,83.81,6.97,69.77,4.01,97.0,50.05,3.63,7.61,8.66,16.92,2.01,43.08,27.17,25.8,20.98,24.79,75.38,23.1,1.14,12.8,9.23,4.87,4.32,39.93,7.42,235.0
2020-03-19,115.04,62.18,67.81,3.36,996.0,29.31,48.6,,88.83,16.36,143.0,165.3,37.18,15.01,22.36,275.99,,4.99,13.51,23.21,16.73,51.36,86.49,29.55,4.18,79.0,16.17,3.31,6.0,50.3,49.89,26.01,5.02,27.84,3.56,17.75,20.8,20.98,4.88,6.23,12.25,40.38,102.11,10.39,14.78,9.94,48.91,15.02,24.92,29.03,12.23,120.13,17.4,41.75,26.7,6.84,23.9,4.03,5.04,7.88,22.75,57.85,8.6,226.29,8.08,11.9,8.1,3.46,6.21,19.31,20.01,9.18,5.07,227.4,38.85,22.33,38.29,,7.74,5.48,18.2,14.07,58.95,17.99,4.45,24.47,4.81,14.55,36.51,2.95,15.37,31.52,6.19,44.9,7.39,23.89,4.43,149.69,7.08,113.23,33.81,28.93,5.19,5.01,13.65,40.61,6.34,5.82,16.94,31.91,16.58,5.44,11.45,5.23,228.7,80.2,6.76,66.51,4.0,93.4,48.82,3.52,7.88,8.48,17.08,1.98,43.3,27.4,24.71,20.9,23.46,71.92,22.83,1.14,12.31,9.18,4.72,4.25,38.77,7.54,240.85
2020-03-20,115.86,63.03,69.0,3.46,1035.28,31.04,49.05,,92.18,16.49,144.01,160.57,38.22,15.4,22.66,273.8,,5.08,13.57,23.14,16.88,52.52,85.88,29.3,4.2,80.16,16.29,3.34,6.05,51.57,48.45,25.9,5.09,28.35,3.58,18.23,20.58,21.4,4.91,6.33,12.6,40.57,108.51,10.38,14.89,10.09,48.05,15.9,24.59,29.08,12.52,116.7,17.46,41.88,27.2,6.95,23.94,4.06,4.99,8.01,22.93,57.94,8.73,236.0,7.8,12.02,8.14,3.5,6.32,19.33,19.86,9.25,5.22,209.9,38.26,23.07,39.58,,7.84,5.6,19.48,14.45,59.2,17.45,4.51,25.61,4.83,14.61,36.23,2.96,15.72,31.48,6.33,45.24,7.69,24.06,4.44,145.74,7.24,113.0,33.92,30.1,5.29,5.17,13.82,40.37,6.09,5.82,17.02,31.34,16.76,5.59,11.42,5.26,228.0,83.22,6.79,68.65,4.05,100.04,51.68,3.57,8.01,8.67,17.25,2.0,42.21,27.29,25.3,20.94,23.22,75.6,23.25,1.15,12.61,9.45,4.78,4.34,39.48,7.83,235.4
2020-03-23,107.48,61.03,66.76,3.46,1019.0,30.16,46.5,,86.6,16.52,129.61,138.18,34.4,15.01,21.89,246.42,,4.99,12.52,20.83,16.03,48.15,76.0,27.74,3.94,82.3,15.85,3.28,5.9,49.22,47.05,25.2,5.02,27.51,3.41,17.6,19.0,19.4,4.81,6.08,12.01,38.45,104.51,9.68,14.78,9.84,43.25,15.97,23.53,27.18,12.15,111.5,17.02,40.83,26.37,6.93,21.55,3.96,4.58,7.61,21.97,52.5,8.43,242.55,7.42,11.3,8.15,3.44,6.17,17.93,20.0,8.79,5.11,191.82,35.4,22.29,38.66,,7.57,5.54,18.14,13.87,53.28,15.74,4.43,23.05,4.71,13.85,34.74,2.9,14.15,30.54,6.17,44.53,7.51,22.27,4.34,136.0,7.06,108.01,30.53,30.0,5.15,5.02,13.41,36.38,5.48,5.46,15.34,29.14,16.3,5.33,10.97,5.08,214.0,80.99,6.69,66.63,3.9,102.38,53.74,3.5,7.21,8.39,17.64,1.97,39.41,26.6,24.33,19.58,20.9,72.15,22.17,1.13,12.19,9.13,4.6,4.24,37.91,7.53,232.64
2020-03-24,111.57,61.8,68.95,3.74,1056.0,31.51,47.99,,91.85,16.91,125.3,142.0,35.41,15.43,22.31,244.11,,5.12,13.02,21.2,16.68,49.73,76.2,27.5,3.95,85.66,16.32,3.35,6.03,51.14,46.18,25.65,5.09,28.35,3.53,17.86,19.0,19.23,4.84,6.24,12.41,39.2,109.05,9.84,15.58,10.06,43.3,16.72,24.03,27.84,12.61,114.77,17.26,42.55,27.79,7.21,21.36,4.0,4.61,7.7,22.81,54.7,8.64,243.2,7.32,10.97,8.36,3.48,6.37,18.75,20.82,8.92,5.17,193.5,36.03,23.3,39.25,,7.64,5.63,17.55,13.74,52.9,15.9,4.48,23.15,4.77,14.62,35.48,2.94,14.25,31.7,6.23,44.86,8.16,22.49,4.4,137.34,7.17,113.95,30.82,33.0,5.31,5.15,13.7,39.11,5.36,5.54,15.53,30.12,16.53,5.48,11.18,5.14,218.0,84.13,6.83,70.17,4.02,104.02,58.4,3.57,7.24,8.51,18.66,2.01,39.7,27.46,25.52,20.03,21.18,73.27,22.47,1.15,12.6,9.24,4.69,4.25,39.28,7.72,255.9
2020-03-25,121.0,63.18,70.35,3.8,1080.1,32.49,49.49,,96.63,17.03,127.25,144.8,38.95,15.83,22.76,251.3,,5.18,13.55,22.67,16.88,52.25,79.57,28.19,4.05,88.97,16.6,3.37,6.09,53.48,46.9,26.4,5.12,28.64,3.6,18.13,19.95,19.81,4.86,6.45,12.9,41.29,114.0,10.18,15.68,10.15,43.91,17.0,25.04,28.85,12.87,118.38,17.53,44.85,29.19,7.33,22.15,4.05,4.74,8.28,22.98,55.9,8.8,253.88,7.46,11.01,8.38,3.51,6.38,20.51,20.71,9.08,5.27,208.25,36.83,24.3,40.83,,7.72,5.66,17.87,14.4,58.19,16.7,4.52,23.79,4.84,15.04,35.99,2.97,15.68,31.63,6.36,46.59,8.34,23.92,4.46,148.7,7.32,114.16,33.03,34.0,5.36,5.19,13.95,42.35,5.44,5.73,17.08,31.19,16.8,5.57,11.37,5.17,235.89,86.9,6.9,72.91,4.07,104.11,58.5,3.64,7.3,8.65,18.4,2.03,43.67,27.75,27.0,20.82,22.23,74.8,22.8,1.16,12.87,9.93,4.79,4.38,40.9,7.81,251.8
2020-03-26,119.63,61.18,70.19,3.77,1064.92,32.72,49.0,,97.06,16.83,123.82,140.03,37.35,16.19,22.48,246.3,,5.18,13.29,22.2,16.59,54.27,77.61,27.7,3.95,90.28,16.3,3.37,6.12,52.83,44.9,25.67,5.12,28.38,3.51,17.9,19.33,19.23,4.79,6.4,12.82,41.12,113.89,9.99,15.94,10.23,43.25,16.8,25.56,28.32,13.06,118.0,17.32,43.1,28.58,7.25,21.9,3.99,4.54,8.14,22.16,54.0,8.86,268.7,7.18,11.18,8.41,3.51,6.4,19.72,20.0,9.16,5.19,205.43,36.89,24.33,39.5,,7.73,5.67,16.83,14.04,55.29,16.25,4.49,23.28,4.85,14.63,35.81,2.92,15.03,30.66,6.28,45.9,8.31,23.61,4.43,145.2,7.37,111.0,32.34,34.41,5.28,5.07,13.79,40.83,5.55,5.67,17.04,30.32,16.64,5.58,11.26,5.28,249.53,88.72,6.79,72.98,3.98,112.0,57.57,3.67,7.1,8.61,18.08,1.99,41.79,27.56,26.98,20.3,21.0,72.9,22.29,1.14,12.68,9.69,4.72,4.32,40.52,7.57,243.1
2020-03-27,118.71,60.53,69.72,3.79,1075.5,32.72,49.45,,93.3,16.91,123.81,140.42,37.05,16.28,22.57,250.07,,5.21,13.07,21.78,16.64,54.78,77.85,27.3,3.95,90.89,16.37,3.39,6.14,52.57,43.0,25.09,5.16,28.69,3.47,17.92,18.93,19.0,4.74,6.35,12.62,41.28,115.81,10.05,16.27,10.24,45.02,17.25,26.79,28.4,13.15,114.34,17.27,43.39,28.74,7.29,21.13,4.03,4.49,8.31,21.83,53.4,8.72,262.83,7.4,10.67,8.35,3.52,6.47,19.55,20.0,8.92,5.33,205.25,36.69,24.13,38.21,,7.86,5.71,16.82,13.35,55.12,16.11,4.49,22.79,4.88,14.77,35.99,2.92,14.71,30.03,6.59,45.6,8.36,24.24,4.46,149.3,7.39,111.64,31.88,35.16,5.26,5.17,13.81,39.76,5.56,5.75,16.52,29.46,16.86,5.51,11.25,5.3,245.8,90.33,6.85,74.5,3.99,115.13,58.46,3.67,7.04,8.61,17.99,2.0,40.0,27.98,26.83,19.94,20.33,72.42,22.25,1.15,12.7,9.73,4.77,4.32,40.52,7.53,241.22
2020-03-30,119.31,57.93,69.15,3.69,1072.0,32.65,48.09,,87.5,17.1,117.1,136.81,38.18,16.2,22.27,252.59,,5.22,12.82,20.84,16.34,56.23,76.97,26.5,3.76,90.7,16.28,3.41,6.08,52.08,40.19,23.74,5.22,29.03,3.43,18.6,17.81,18.34,4.62,6.22,12.05,40.0,113.23,9.69,16.58,10.28,43.08,17.61,26.0,27.48,12.94,114.5,17.2,42.74,28.42,7.37,20.13,3.96,4.28,7.97,20.18,52.0,8.51,258.69,7.55,9.9,8.25,3.52,6.47,18.91,20.05,8.49,5.36,199.52,36.04,23.28,38.5,,7.8,5.7,16.37,12.56,56.05,16.28,4.47,21.56,4.87,14.3,34.53,2.88,14.41,30.8,6.66,47.19,8.14,24.76,4.38,158.0,7.33,108.98,30.72,34.26,5.27,5.14,13.64,38.8,5.81,5.65,16.75,28.9,16.83,5.36,11.0,5.26,220.0,88.06,6.8,71.91,3.86,113.79,60.65,3.69,6.77,8.42,17.02,1.99,36.03,28.95,26.55,19.53,18.41,67.95,21.5,1.14,12.46,9.53,4.75,4.1,40.31,7.41,263.87
2020-03-31,120.39,58.35,69.17,3.69,1111.0,32.28,48.42,,90.49,17.29,116.3,137.8,38.16,15.91,22.16,242.01,,5.15,13.21,20.61,16.05,59.97,79.79,26.47,3.71,92.03,16.28,3.37,6.01,52.2,39.0,23.68,5.16,29.86,3.47,18.43,17.92,18.24,4.62,6.2,11.96,41.25,115.2,9.51,16.24,10.15,43.67,17.3,25.85,27.9,12.8,122.21,17.23,42.8,28.22,7.48,19.67,4.11,4.14,7.9,19.74,53.75,8.99,261.7,7.3,9.61,8.24,3.48,6.34,19.18,19.75,8.91,5.27,197.42,35.32,23.06,38.78,,7.7,5.71,18.01,12.35,58.11,16.07,4.43,22.11,4.83,14.4,34.46,2.88,14.56,32.3,6.56,47.24,8.07,24.84,4.4,155.9,7.25,108.6,31.76,34.34,5.22,5.05,13.68,40.25,6.39,5.93,16.41,29.41,17.12,5.42,11.33,5.27,224.5,90.18,6.8,73.65,3.87,125.17,61.5,3.61,6.78,8.42,16.35,1.99,38.31,28.63,26.34,19.52,18.45,67.2,21.2,1.15,12.63,9.5,4.87,4.42,39.8,7.32,268.36
2020-04-01,120.4,59.43,69.32,3.73,1103.0,32.13,48.58,,90.5,17.03,116.24,139.0,39.05,15.96,22.1,242.29,,5.16,13.41,20.97,16.07,57.12,83.52,26.4,3.8,90.0,16.33,3.38,5.99,51.99,39.7,23.48,5.16,29.3,3.55,18.15,18.22,18.28,4.55,6.19,12.38,41.39,115.0,9.61,16.0,10.09,43.67,17.5,26.05,28.98,12.89,121.3,17.32,41.48,27.95,7.5,20.31,4.01,4.37,7.91,19.4,54.07,9.02,254.83,7.23,9.46,8.21,3.48,6.38,18.86,19.3,9.17,5.21,199.0,35.48,22.8,37.57,,7.65,5.69,18.34,12.36,58.4,16.46,4.39,22.72,4.83,14.68,34.5,2.88,15.37,31.63,6.51,45.85,8.03,25.35,4.37,155.98,7.27,108.81,32.67,34.76,5.2,5.02,13.63,41.64,6.29,5.85,17.43,31.1,17.37,5.39,11.26,5.26,226.36,90.55,6.73,73.84,3.84,121.8,60.4,3.6,6.85,8.32,16.26,1.99,37.45,27.87,26.15,19.91,20.04,68.53,20.88,1.14,12.57,9.49,4.8,4.38,40.1,7.52,263.52
2020-04-02,123.6,63.16,69.67,3.7,1145.0,32.34,48.96,,94.06,17.26,127.09,151.2,41.98,16.07,22.43,266.52,,5.19,13.98,22.61,16.62,56.59,89.36,27.48,3.9,91.85,16.55,3.4,6.01,52.3,42.5,24.34,5.21,29.23,3.6,18.48,19.53,18.94,4.71,6.24,12.65,42.2,117.19,10.05,16.25,10.2,46.8,17.53,26.7,30.45,12.97,120.53,17.67,42.7,28.25,7.64,21.6,4.04,4.57,8.03,20.11,56.21,9.01,254.1,7.4,10.2,8.28,3.5,6.43,18.86,19.51,9.25,5.28,210.46,37.63,22.75,39.64,,7.72,5.72,18.8,12.69,61.84,16.89,4.55,24.99,4.86,14.85,35.46,2.92,16.65,31.37,6.52,46.28,7.91,25.96,4.41,166.16,7.29,113.02,35.59,33.9,5.25,5.06,13.85,43.02,6.41,5.88,18.8,31.53,17.86,5.45,11.33,5.27,244.5,91.21,6.8,74.25,3.9,124.38,61.5,3.62,7.07,8.36,16.55,2.0,39.9,28.27,26.62,21.04,20.43,71.83,21.52,1.15,12.73,9.53,4.81,4.41,40.8,7.6,289.87
2020-04-03,121.0,63.2,68.86,3.7,1139.79,32.15,48.38,,93.76,17.22,124.6,146.5,41.23,16.06,22.13,257.78,,5.14,13.96,22.04,16.23,55.0,86.54,26.46,3.82,93.73,16.35,3.4,5.96,51.96,42.69,23.58,5.17,29.43,3.53,18.35,18.83,18.73,4.63,6.18,12.73,42.92,117.52,9.81,16.12,10.15,46.8,17.88,26.88,30.78,12.61,122.86,17.47,40.97,27.71,7.5,21.19,3.96,4.4,7.94,19.66,55.44,9.04,256.88,7.17,9.9,8.29,3.49,6.4,18.76,19.31,9.38,5.24,207.5,36.59,22.2,38.89,,7.65,5.71,18.14,12.8,61.37,17.22,4.46,24.35,4.84,14.78,34.8,2.89,16.95,31.7,6.42,47.31,7.88,25.33,4.39,163.5,7.27,109.96,36.28,34.32,5.26,5.03,13.7,41.51,6.37,5.89,18.52,30.26,17.81,5.44,11.21,5.26,241.96,90.79,6.78,74.3,3.82,127.9,61.2,3.59,6.89,8.5,16.32,1.98,38.32,28.34,26.3,20.76,20.08,72.63,21.71,1.14,12.66,9.55,4.79,4.16,40.67,7.47,303.0
2020-04-07,124.7,64.0,69.97,3.97,1159.95,32.52,48.97,,97.3,17.25,126.65,149.63,42.16,16.21,22.58,264.5,,5.16,14.15,22.71,16.77,56.31,87.61,27.92,3.94,95.5,16.69,3.42,6.02,52.72,43.85,25.51,5.21,30.19,3.63,18.7,19.61,19.49,4.67,6.31,13.13,43.6,124.14,10.02,16.14,10.28,47.7,19.0,28.0,31.13,12.88,128.3,17.85,41.7,27.95,7.52,21.67,4.0,4.64,8.17,20.89,56.59,9.16,264.72,7.43,10.15,8.35,3.51,6.42,19.02,20.04,9.65,5.35,213.18,37.68,23.45,39.98,,7.84,5.78,18.98,13.21,63.26,17.91,4.51,25.19,4.87,14.97,35.78,2.94,18.16,32.97,6.51,48.93,8.45,25.76,4.48,165.98,7.35,113.59,36.53,36.97,5.4,5.53,13.96,43.28,6.89,6.09,18.93,31.74,17.99,5.59,11.39,5.29,250.0,91.3,6.88,76.24,3.91,133.85,65.52,3.62,7.09,8.69,16.77,2.03,39.79,30.08,26.83,22.84,20.9,75.55,22.24,1.16,13.16,9.9,4.87,4.21,41.72,7.66,307.0
2020-04-08,123.0,69.17,69.39,3.95,1159.76,32.22,48.24,,96.42,17.21,126.18,148.8,42.39,16.05,22.55,268.65,,5.14,14.14,23.75,16.74,55.32,87.5,28.41,3.94,94.78,16.64,3.4,6.0,51.8,45.01,25.51,5.19,29.93,3.64,19.03,19.71,19.52,4.64,6.39,13.08,43.39,125.28,10.02,16.14,10.24,47.8,18.9,28.46,30.59,12.78,123.29,17.97,41.13,27.51,7.53,22.0,3.97,4.61,8.32,21.23,58.17,9.17,266.98,7.37,10.83,8.29,3.49,6.37,18.85,20.06,9.8,5.31,216.5,36.97,22.76,40.1,,7.8,5.78,18.49,13.58,63.05,17.7,4.5,24.8,4.86,14.83,35.59,2.94,18.52,32.61,6.44,48.7,8.43,25.67,4.49,167.59,7.59,112.58,37.69,36.29,5.34,5.69,13.91,42.7,7.1,6.08,18.8,32.78,17.85,5.68,11.42,5.27,237.39,92.43,6.87,76.12,3.9,127.3,63.78,3.6,7.04,8.71,16.97,2.03,39.5,30.6,26.28,22.62,20.65,75.62,23.32,1.15,13.26,10.1,4.93,4.1,41.0,7.67,289.86
2020-04-09,120.21,68.9,69.64,3.95,1158.5,32.3,48.3,,102.0,17.06,125.66,145.75,41.24,16.03,22.65,262.15,,5.13,13.95,23.45,17.45,55.65,86.33,28.73,3.92,96.79,16.65,3.4,6.0,51.88,44.41,25.62,5.17,30.15,3.63,19.06,19.91,19.44,4.65,6.36,13.23,43.18,124.98,10.04,16.0,10.2,46.98,18.88,27.6,30.09,12.74,124.3,18.19,41.12,27.63,7.47,21.72,3.93,4.56,8.46,21.0,58.26,9.08,271.49,7.66,10.87,8.29,3.49,6.4,18.87,20.52,9.82,5.29,225.06,36.3,23.19,40.13,,7.79,5.78,19.59,14.43,62.74,17.52,4.51,25.05,4.85,14.87,36.94,2.93,17.93,32.67,6.42,48.6,8.43,25.09,4.47,162.85,7.56,123.84,37.15,36.5,5.52,5.65,13.97,41.75,6.83,6.02,18.22,33.05,17.87,5.68,11.6,5.26,234.64,93.8,6.86,76.35,3.9,127.48,66.0,3.59,7.06,8.7,17.06,2.02,40.35,31.0,26.24,22.62,20.69,77.5,23.25,1.15,13.14,10.02,4.92,4.09,41.14,7.74,287.5
2020-04-10,118.46,65.01,70.99,3.97,1165.0,32.1,49.28,,100.15,17.05,117.0,137.38,39.65,16.15,22.49,246.93,,5.11,13.62,22.05,17.13,54.57,79.85,28.56,3.8,96.21,16.48,3.41,6.01,53.74,45.55,24.91,5.18,30.2,3.53,18.77,20.12,18.72,4.6,6.25,13.18,42.9,126.52,9.79,15.89,10.21,45.0,19.07,28.32,29.4,12.79,123.9,18.03,39.29,27.96,7.4,20.71,3.88,4.41,8.35,20.72,57.52,9.11,261.41,7.43,10.29,8.29,3.5,6.37,18.85,20.41,9.96,5.25,225.9,35.11,23.27,38.11,,7.8,5.77,18.55,13.6,59.01,17.18,4.49,25.53,4.82,15.29,35.76,2.9,17.64,32.65,6.28,48.13,8.39,24.75,4.44,155.5,7.52,116.24,35.81,36.05,5.38,5.65,13.81,39.65,6.75,5.95,17.81,32.48,17.6,5.6,11.76,5.24,223.25,93.48,6.89,76.85,3.86,126.8,66.45,3.58,6.81,8.54,16.6,2.0,38.43,31.35,26.48,22.3,19.99,77.32,22.68,1.14,13.07,9.86,4.85,4.04,41.17,7.54,276.0
2020-04-13,114.69,63.66,70.13,4.0,1162.3,31.93,49.89,,101.1,17.11,114.19,137.2,39.23,15.95,22.27,236.2,,5.1,13.15,21.57,17.68,55.8,80.1,27.76,3.74,96.67,16.29,3.4,5.92,56.51,45.64,24.59,5.17,29.86,3.49,18.66,19.17,18.4,4.58,6.21,13.48,42.33,125.0,9.5,15.85,10.11,43.67,19.82,28.9,29.16,12.59,123.5,17.81,38.5,27.69,7.39,19.9,3.77,4.3,8.24,20.5,55.25,9.16,260.7,7.26,10.31,8.31,3.52,6.32,18.77,20.14,10.01,5.22,213.95,34.43,22.93,35.15,,7.7,5.7,17.89,13.01,56.79,16.62,4.5,24.86,4.77,15.47,34.93,2.9,15.88,31.12,6.27,49.0,8.45,23.88,4.45,148.03,7.5,118.4,35.01,36.22,5.36,5.82,13.7,38.29,6.63,5.73,17.06,32.03,17.36,5.6,11.45,5.24,219.4,93.71,6.81,78.13,3.85,126.85,68.95,3.62,6.79,8.99,15.95,2.0,37.48,31.28,26.78,22.57,19.45,78.43,22.29,1.14,13.38,9.9,4.84,3.9,40.97,7.5,275.2
2020-04-14,126.16,66.43,71.02,4.28,1185.1,32.71,50.48,,101.99,17.23,120.14,141.6,41.28,16.14,23.21,245.32,,5.12,13.81,22.47,17.9,57.92,83.58,28.95,3.84,98.49,16.62,3.42,5.95,56.4,46.91,25.26,5.19,30.52,3.63,18.74,19.68,18.98,4.59,6.27,13.47,43.98,128.45,9.78,16.17,10.25,45.48,19.82,29.35,30.22,12.86,124.57,18.18,39.53,28.34,7.61,20.58,3.8,4.47,8.51,20.85,59.43,9.26,261.0,7.45,10.73,8.37,3.53,6.36,18.88,20.78,9.98,5.28,226.0,36.08,23.24,36.3,,7.75,5.78,18.8,14.29,60.96,18.28,4.5,25.8,4.81,15.41,35.07,2.94,15.83,31.31,6.31,48.85,8.71,25.28,4.47,157.3,7.57,119.86,37.0,37.17,5.41,5.89,14.01,42.12,6.66,5.74,17.68,34.05,17.98,5.67,11.66,5.26,225.2,96.1,6.89,78.39,3.93,128.5,70.01,3.63,7.12,9.05,16.03,2.02,39.02,31.5,26.9,24.11,20.83,79.39,22.74,1.15,13.54,10.12,4.91,4.11,41.86,7.63,278.0
2020-04-15,128.0,67.19,70.85,4.26,1189.6,32.42,50.2,,99.25,17.07,122.18,150.86,41.27,16.0,23.02,255.13,,5.13,13.87,22.97,17.32,60.14,84.23,28.55,3.84,97.43,16.6,3.42,5.9,54.41,46.42,24.87,5.18,29.98,3.57,18.57,20.16,19.15,4.55,6.23,13.41,43.1,127.91,9.86,15.93,10.18,45.36,19.21,29.35,30.03,12.87,121.67,18.01,39.49,28.01,7.47,21.06,3.74,4.43,8.32,20.72,59.53,9.13,264.56,7.53,10.76,8.31,3.54,6.34,18.96,20.68,9.57,5.23,223.43,36.38,22.82,36.37,,7.72,5.76,19.15,13.91,59.18,19.13,4.49,25.46,4.78,14.92,34.71,2.91,15.88,31.06,6.26,47.91,9.0,25.24,4.45,165.69,7.49,116.62,39.2,36.79,5.32,5.7,13.82,43.52,6.64,5.76,17.94,33.4,17.8,5.64,11.48,5.25,237.29,96.07,6.85,78.63,4.05,124.9,69.39,3.6,7.03,8.89,15.46,2.0,38.65,31.29,26.61,25.66,19.99,76.6,22.64,1.13,13.16,9.97,4.9,4.3,41.75,7.49,275.08
2020-04-16,132.95,67.68,70.38,4.25,1197.1,32.1,49.49,,98.07,17.15,125.25,152.86,41.28,15.92,23.67,258.05,,5.12,14.05,22.86,17.57,60.01,84.68,28.31,3.81,97.41,16.89,3.43,5.9,54.98,46.8,24.83,5.2,29.8,3.55,18.73,19.99,19.65,4.53,6.25,13.39,42.2,126.1,9.95,16.0,10.16,45.93,19.16,29.54,30.1,12.68,119.27,18.22,39.2,27.87,7.48,21.52,3.68,4.45,8.32,20.75,59.31,9.04,262.5,8.11,11.18,8.29,3.55,6.34,18.76,21.37,9.6,5.2,226.31,36.56,22.56,36.86,,7.72,5.78,20.22,14.51,60.38,19.27,4.47,25.49,4.78,14.74,34.42,2.91,15.95,30.5,6.24,47.7,8.98,26.29,4.47,170.47,7.46,117.0,38.9,37.49,5.29,5.71,13.89,43.72,6.58,5.71,17.89,34.53,17.86,5.57,11.26,5.24,236.68,95.66,6.83,77.18,4.09,125.32,69.2,3.61,6.95,8.78,15.68,2.0,38.23,33.15,26.51,25.6,19.55,77.0,22.99,1.13,13.06,10.02,4.9,4.26,41.65,7.49,287.32
2020-04-17,136.95,70.0,72.4,4.13,1226.0,32.86,50.09,,98.79,17.12,136.71,161.0,42.09,16.06,23.38,269.0,,5.15,13.99,23.68,17.64,58.8,88.0,28.96,3.89,96.6,16.75,3.44,5.92,54.7,47.29,25.78,5.19,29.95,3.57,18.54,20.99,19.87,4.55,6.28,13.45,44.12,128.82,10.01,16.03,10.2,46.02,19.6,29.7,30.24,12.89,123.97,18.15,40.0,29.3,7.55,22.49,3.69,4.61,8.5,20.93,61.79,9.08,259.24,7.89,10.91,8.29,3.58,6.35,19.23,21.06,9.54,5.27,230.19,37.6,23.22,37.3,,7.77,5.79,19.94,14.43,63.17,19.07,4.56,25.3,4.78,14.82,34.63,2.91,16.88,30.79,6.35,48.66,8.65,28.92,4.45,175.8,7.46,117.91,39.21,36.33,5.29,5.84,13.89,44.51,6.42,5.71,19.14,34.17,17.89,5.55,11.41,5.26,244.31,97.45,6.85,78.33,4.07,125.95,67.68,3.61,6.97,8.82,15.57,1.99,42.05,31.1,28.06,25.18,19.59,81.3,22.78,1.14,13.09,9.97,4.93,4.33,42.67,7.44,291.58
2020-04-20,134.51,72.05,73.5,4.14,1227.3,32.9,50.73,,104.95,17.0,137.99,161.13,42.39,15.93,23.49,267.1,,5.12,14.47,23.96,17.7,58.86,88.34,30.2,3.85,96.7,16.88,3.42,5.9,54.48,48.6,26.15,5.17,30.5,3.53,18.66,21.15,19.68,4.55,6.26,13.47,44.17,129.31,9.9,15.92,10.11,47.6,19.63,30.15,30.87,12.99,124.1,18.25,40.7,29.27,7.51,22.85,3.73,4.61,8.52,21.48,63.51,9.04,265.95,7.91,11.32,8.24,3.55,6.31,19.24,21.58,9.65,5.25,236.45,38.79,23.71,39.33,,7.72,5.73,20.38,14.32,66.03,19.53,4.61,25.64,4.75,14.9,35.03,2.9,16.92,30.76,6.32,48.71,8.67,27.9,4.48,179.0,7.44,119.13,39.18,36.05,5.32,5.84,13.96,44.12,6.89,5.78,18.97,34.05,18.08,5.56,11.58,5.23,251.42,98.19,6.82,78.05,4.03,125.26,68.63,3.59,6.95,8.9,15.55,2.0,46.06,31.31,28.18,26.17,19.75,82.8,23.58,1.14,13.1,9.95,4.89,4.44,43.72,7.34,296.37
2020-04-21,130.52,72.9,72.37,4.09,1200.0,32.65,50.25,,103.49,17.09,135.85,154.0,41.4,15.8,23.17,257.02,,5.08,14.16,23.16,17.38,59.37,86.9,31.09,3.8,95.3,16.69,3.41,5.85,53.4,48.6,26.91,5.13,30.03,3.46,18.8,20.99,19.21,4.51,6.18,13.25,42.95,126.47,9.7,15.37,10.03,48.16,19.5,29.85,29.99,13.45,123.51,17.85,40.38,28.67,7.28,22.47,3.76,4.45,8.26,21.65,62.3,8.85,268.02,7.78,11.67,8.15,3.56,6.25,18.92,21.01,9.69,5.2,238.09,38.56,23.44,40.22,,7.64,5.7,20.02,13.92,62.88,19.44,4.54,24.8,4.72,14.71,34.54,2.88,16.96,30.1,6.22,47.93,8.58,27.7,4.49,171.77,7.42,116.11,37.36,36.17,5.28,5.74,13.7,42.6,7.11,5.83,18.43,32.82,18.11,5.58,11.34,5.19,252.98,96.68,6.74,74.73,3.95,124.99,68.43,3.56,6.94,8.7,15.35,1.98,43.4,31.38,27.82,26.2,19.23,82.22,24.0,1.12,12.89,9.75,4.84,4.36,43.3,7.22,286.23
2020-04-22,130.85,71.33,72.07,4.06,1244.5,32.73,51.4,,105.15,17.22,139.22,159.69,41.85,15.8,23.19,255.99,,5.09,14.06,23.26,17.42,59.43,89.61,30.84,3.81,97.5,16.78,3.42,5.84,54.2,48.81,26.65,5.14,30.33,3.48,19.45,21.04,19.67,4.46,6.17,13.42,42.85,130.3,9.91,15.38,10.07,47.39,19.5,29.92,29.98,13.23,126.46,17.88,40.6,28.92,7.1,22.64,3.72,4.44,8.36,21.27,62.54,9.13,272.62,8.06,11.5,8.11,3.53,6.26,18.81,21.23,9.77,5.2,232.82,38.37,23.33,40.01,,7.64,5.7,19.92,14.07,63.94,19.3,4.51,25.29,4.72,14.86,35.25,2.89,16.86,30.88,6.23,49.01,8.55,28.15,4.46,171.0,7.37,115.9,37.88,36.03,5.29,5.78,13.7,42.54,7.01,5.8,18.54,33.16,18.29,5.7,11.37,5.15,248.34,99.6,6.78,77.28,3.95,126.42,68.8,3.6,6.98,8.64,15.69,1.99,42.99,31.38,27.93,25.81,19.29,85.92,23.89,1.13,12.87,9.93,4.83,4.42,43.23,7.24,290.7
2020-04-23,129.9,67.25,72.16,4.15,1252.26,32.69,51.99,,102.3,17.3,133.48,155.96,41.45,15.71,22.92,251.7,,5.07,13.96,22.57,17.14,58.25,91.99,30.96,3.77,96.05,16.7,3.4,5.78,54.87,47.52,26.08,5.14,30.73,3.47,19.8,20.69,20.05,4.55,6.15,13.16,42.91,131.09,9.69,15.3,10.06,46.0,19.11,30.2,29.9,13.23,128.01,17.71,39.97,29.21,7.08,22.58,3.79,4.34,8.3,20.56,62.08,9.04,270.52,7.8,10.9,8.11,3.46,6.21,18.93,20.62,9.41,5.14,229.9,38.05,23.4,39.26,,7.6,5.69,19.02,13.63,63.0,19.3,4.55,26.7,4.74,15.1,34.71,2.88,16.18,30.5,6.19,49.03,8.74,27.85,4.41,168.35,7.36,113.94,37.75,37.08,5.24,5.63,13.63,41.3,7.62,5.86,17.98,33.21,17.98,5.9,11.32,5.1,253.2,99.12,6.82,77.74,3.94,125.85,68.01,3.56,6.82,8.66,15.56,1.99,41.51,31.49,28.09,25.86,18.89,86.56,23.96,1.12,12.8,9.91,4.83,4.38,43.26,7.6,275.9
2020-04-24,131.69,67.96,70.5,4.23,1250.56,32.51,52.01,,99.9,17.53,132.0,156.07,41.24,15.62,22.7,246.09,,5.05,13.95,22.13,16.82,58.73,91.11,29.87,3.7,95.28,16.52,3.4,5.74,54.15,48.55,25.56,5.14,31.2,3.43,19.24,20.39,20.03,4.48,6.11,13.1,42.75,131.4,9.57,15.16,10.06,44.43,19.2,30.45,29.73,13.24,128.4,17.44,38.85,28.42,7.21,21.9,3.7,4.24,8.28,20.18,62.5,8.89,265.67,7.81,10.6,8.07,3.43,6.2,18.8,19.76,9.07,5.11,225.75,37.21,23.52,37.94,,7.48,5.7,18.9,13.46,62.81,19.2,4.49,25.14,4.73,14.89,33.74,2.86,15.96,31.01,6.17,47.3,8.76,27.71,4.34,168.22,7.36,110.58,37.32,37.45,5.18,5.61,13.42,42.3,7.2,5.57,17.33,32.73,17.75,5.73,11.15,5.06,248.01,100.0,6.81,77.88,3.9,127.08,67.54,3.54,6.72,8.85,15.59,1.97,40.83,31.31,27.78,25.65,18.7,87.69,23.65,1.11,12.67,9.75,4.82,4.31,42.58,7.72,272.02
2020-04-27,133.91,68.0,71.2,3.84,1276.0,33.58,51.5,,103.61,17.61,133.6,156.07,41.97,16.02,22.83,246.0,,5.09,13.95,22.94,16.71,56.98,92.0,30.17,3.67,96.35,16.53,3.41,5.8,54.08,53.18,25.66,5.15,31.03,3.42,18.72,20.14,19.86,4.45,6.1,12.91,42.05,132.7,9.68,15.32,10.34,44.57,19.37,31.14,31.08,13.5,133.2,17.44,38.85,29.3,7.33,21.79,3.64,4.27,8.28,20.05,63.45,8.82,272.99,7.91,10.68,8.15,3.44,6.26,18.83,19.55,9.18,5.14,224.59,38.54,24.87,37.53,,7.66,5.76,19.36,13.67,62.0,19.73,4.51,22.75,4.77,14.9,32.8,2.85,16.06,30.61,6.16,47.01,8.59,28.34,4.34,167.0,7.5,111.5,36.97,37.11,5.18,5.63,13.36,41.8,7.23,5.01,17.4,33.36,17.89,5.62,11.1,5.07,247.7,99.32,6.78,78.15,3.94,125.65,69.4,3.59,6.62,8.72,15.48,1.95,41.9,31.72,27.89,25.34,18.15,86.4,23.19,1.1,12.73,9.83,4.83,4.5,43.01,8.03,273.56
2020-04-28,138.3,68.53,72.38,3.97,1279.13,33.86,51.79,,105.18,17.75,141.93,159.11,45.5,16.09,23.29,259.3,,5.11,14.21,23.9,17.23,56.98,94.5,30.73,3.54,96.05,16.62,3.4,5.76,54.99,49.56,26.08,5.15,31.42,3.35,18.24,20.6,19.72,4.36,6.03,12.82,42.5,139.0,9.98,15.37,10.33,46.29,19.78,32.98,31.0,13.52,133.7,17.63,39.16,29.88,7.38,22.6,3.52,4.23,8.17,19.91,63.91,8.63,274.1,7.42,10.43,8.11,3.43,6.27,18.86,19.57,9.04,5.15,229.34,40.67,25.22,38.5,,7.73,5.75,18.78,13.6,64.55,19.75,4.43,22.94,4.84,15.06,32.76,2.77,17.15,29.61,6.1,48.1,8.27,29.8,4.25,176.68,7.51,112.99,38.81,36.15,5.12,5.58,13.45,42.84,7.29,4.51,18.05,32.79,18.2,5.48,10.88,5.02,255.7,109.25,6.72,82.5,3.87,127.8,71.45,3.63,6.28,8.3,15.05,1.91,42.49,32.95,28.27,26.19,16.77,89.62,23.45,1.07,12.54,9.73,4.75,4.62,43.35,7.76,292.01
2020-04-29,138.72,68.26,74.0,3.92,1274.9,35.02,52.25,,102.53,17.61,142.3,151.0,46.1,16.51,23.39,252.56,,5.15,14.24,24.35,17.48,58.0,92.23,30.95,3.57,93.39,16.74,3.44,6.04,55.22,48.64,25.75,5.18,29.29,3.35,18.28,22.66,20.23,4.38,6.35,13.01,43.39,135.5,10.7,15.65,10.61,46.5,19.47,32.5,31.17,14.02,128.9,17.64,38.74,30.75,7.36,22.9,3.55,4.32,8.31,20.09,62.7,8.64,264.7,7.38,10.7,8.14,3.46,6.42,19.13,19.53,8.84,5.18,223.92,40.3,26.08,39.25,,7.98,5.87,19.03,13.88,63.83,20.84,4.44,23.93,4.96,15.73,32.27,2.8,17.72,30.08,6.13,46.85,8.34,29.98,4.26,178.48,7.67,113.91,40.3,36.14,5.14,5.47,13.48,42.88,7.08,4.34,18.21,32.91,18.24,5.48,10.93,5.13,252.19,103.49,7.08,79.09,3.99,126.49,70.88,3.73,6.19,8.3,14.69,1.92,40.79,33.38,28.75,26.6,15.55,90.3,24.3,1.05,12.51,9.59,4.77,4.74,44.91,7.88,291.42
2020-04-30,144.38,72.3,74.46,3.91,1265.7,35.09,53.75,,101.77,17.45,152.17,168.06,47.31,16.62,23.7,277.82,,5.17,14.69,26.54,18.24,59.96,98.23,32.46,3.76,93.0,16.92,3.46,6.04,54.77,52.07,26.86,5.18,29.24,3.48,18.69,22.62,20.82,4.44,6.5,13.4,45.0,135.77,10.9,15.93,10.63,48.32,19.65,32.73,32.06,13.93,127.4,18.14,41.09,30.77,7.54,25.19,3.6,4.64,8.8,20.9,64.86,9.03,256.3,7.53,11.17,8.17,3.48,6.43,19.79,20.1,,5.24,233.4,41.66,26.05,41.5,,8.28,5.89,19.76,13.9,67.5,22.03,4.46,24.92,4.98,15.46,33.28,2.85,18.27,30.23,6.19,46.79,8.4,30.81,4.33,194.48,7.69,119.45,41.79,36.29,5.22,5.55,13.71,46.31,6.78,,19.35,34.44,18.48,5.66,11.26,5.22,262.48,107.31,7.18,79.17,4.03,122.93,69.4,3.73,6.44,8.44,14.95,1.94,42.71,33.49,28.54,27.46,16.56,91.3,24.75,1.08,12.8,9.98,4.87,4.82,44.95,7.94,315.42
2020-05-06,145.79,75.56,73.81,3.96,1300.0,34.63,54.2,,100.24,17.24,161.01,190.9,47.51,16.33,23.62,305.6,,5.11,14.76,27.07,18.42,62.18,105.5,32.96,3.82,96.42,16.7,3.42,6.01,54.46,52.9,27.79,5.13,29.17,3.65,18.79,22.96,21.14,4.47,6.4,14.33,45.82,138.21,10.95,15.77,10.46,52.0,20.22,33.9,32.2,13.77,123.8,18.17,41.92,30.42,7.32,27.23,3.56,4.8,8.86,21.65,66.68,9.57,260.78,7.71,11.4,8.11,3.45,6.34,19.78,20.02,,5.24,244.9,42.25,25.96,43.07,,8.38,5.84,20.08,14.02,69.62,21.63,4.43,25.25,4.94,15.22,33.86,2.86,18.39,30.27,6.21,46.88,8.44,30.53,4.35,209.41,7.67,121.23,43.51,36.46,5.25,5.73,13.71,48.95,6.6,4.12,20.84,37.26,18.31,5.79,11.65,5.16,266.0,106.28,7.0,79.03,4.07,127.19,70.76,3.69,6.71,8.48,15.17,1.94,43.9,34.8,27.9,26.92,17.17,90.25,25.1,1.1,12.91,10.34,4.9,5.14,45.33,7.98,343.0
2020-05-07,143.2,73.92,73.23,3.95,1312.0,34.45,54.0,,101.29,17.03,158.26,183.49,46.87,16.16,23.41,226.0,,5.1,14.38,26.32,18.14,60.09,101.99,32.81,3.77,96.6,16.47,3.41,6.0,54.1,51.21,27.38,5.12,29.06,3.61,18.7,23.21,20.75,4.45,6.36,14.28,45.9,141.91,11.05,15.77,10.39,52.11,20.29,33.8,31.58,13.69,123.65,18.06,42.21,30.38,7.23,27.02,3.53,4.71,8.7,22.27,64.89,9.28,264.7,7.6,11.18,8.07,3.44,6.31,20.62,20.01,,5.18,248.68,41.75,25.78,42.41,,8.22,5.8,19.11,14.64,68.16,21.83,4.41,25.28,4.94,14.97,33.9,2.83,18.32,30.34,6.17,46.12,8.33,31.19,4.31,208.19,7.69,118.79,43.27,35.9,5.21,5.75,13.61,50.4,6.48,3.91,20.49,37.3,18.04,5.73,11.56,5.15,268.23,108.5,6.97,80.3,4.01,107.71,72.27,3.66,6.6,8.43,15.64,1.93,42.85,34.4,27.52,26.53,17.05,91.2,24.96,1.13,12.86,10.29,4.83,4.96,45.1,7.81,366.8
2020-05-08,144.08,75.0,72.97,4.01,1314.61,34.97,56.33,,103.6,17.09,156.15,188.8,47.25,16.37,23.82,221.01,,5.1,14.44,26.33,18.4,59.78,101.36,32.35,3.86,97.05,16.68,3.42,6.06,56.99,51.63,27.41,5.14,29.44,3.65,18.88,23.2,21.25,4.47,6.41,14.38,46.83,142.9,11.03,15.86,10.44,40.83,20.39,34.68,31.84,13.95,123.3,18.32,42.49,29.69,7.34,26.72,3.57,4.74,8.69,22.34,65.95,9.33,266.21,7.61,11.48,8.13,3.46,6.35,20.66,20.0,,5.19,256.3,41.79,26.23,42.77,,8.47,5.84,19.28,14.57,67.68,22.02,4.42,25.19,4.98,15.35,34.27,2.84,18.41,30.2,6.2,45.91,8.44,31.2,4.34,208.97,7.76,120.52,42.88,36.63,5.24,5.91,13.82,49.64,6.44,3.71,20.76,37.79,18.37,5.82,11.63,5.17,274.87,108.35,6.95,81.64,4.04,108.72,73.84,3.69,6.71,8.46,15.52,1.94,46.0,34.35,27.94,27.29,18.76,92.68,24.87,1.12,12.99,10.34,4.88,5.0,45.12,7.95,358.65
2020-05-11,137.62,76.44,73.9,3.95,1323.01,34.96,56.91,,102.8,17.16,152.53,186.28,46.64,16.39,23.57,220.38,,5.14,14.52,26.49,18.25,58.88,101.1,31.4,3.95,93.68,16.51,3.42,6.03,58.21,50.68,26.87,5.15,29.22,3.58,19.15,22.93,21.7,4.47,6.36,14.39,46.75,141.85,10.96,15.89,10.43,39.13,20.52,34.26,32.02,14.0,116.6,18.09,43.04,29.99,7.43,26.51,3.54,4.84,9.05,22.46,66.52,9.25,260.1,7.78,12.63,8.11,3.46,6.39,20.95,19.74,,5.23,251.6,42.09,26.0,42.38,,8.55,5.82,20.55,14.48,67.06,22.26,4.41,27.4,4.95,15.57,34.54,2.83,18.02,29.64,6.19,47.15,8.35,30.8,4.32,206.69,7.69,119.07,42.38,35.91,5.23,6.38,13.74,48.77,6.56,3.78,21.26,36.2,18.15,5.77,11.59,5.18,262.0,107.1,6.96,82.8,4.06,107.34,72.35,3.7,6.69,8.97,15.58,1.96,44.24,34.9,28.34,26.9,17.6,88.9,,1.11,12.96,10.3,4.92,5.09,45.58,8.33,349.03
2020-05-12,139.0,75.44,73.93,3.88,1333.0,34.59,58.0,,106.1,17.22,154.15,184.88,47.66,16.24,23.63,217.89,,5.13,14.23,27.05,18.2,59.13,103.5,31.86,3.92,95.44,16.28,3.41,5.98,59.0,50.81,27.3,5.13,29.13,3.54,19.24,23.61,21.35,4.43,6.31,14.22,46.53,142.9,11.02,15.97,10.34,39.5,20.56,35.5,32.16,13.79,116.03,18.02,42.22,29.48,7.41,28.15,3.46,4.83,9.2,22.19,65.85,9.17,260.28,7.64,12.4,8.06,3.44,6.35,20.75,19.76,,5.17,255.3,43.8,25.57,43.57,,8.47,5.79,21.11,14.39,68.8,23.03,4.4,27.03,4.91,15.5,34.15,2.79,18.65,29.67,6.16,46.74,8.21,32.0,4.3,207.05,7.66,119.3,43.13,35.71,5.2,6.5,13.69,49.3,6.36,3.61,21.34,35.7,17.85,5.76,11.44,5.16,257.1,111.29,6.96,84.12,3.99,112.47,75.7,3.7,6.82,9.06,15.57,1.94,45.0,34.75,27.79,27.02,17.12,90.44,24.46,1.12,12.81,10.22,4.89,5.0,45.6,8.31,355.3
2020-05-13,138.26,76.93,73.34,3.88,1335.95,34.54,57.75,,110.21,17.18,158.8,191.2,49.45,16.25,23.74,219.0,,5.13,14.18,27.14,18.25,58.99,102.99,31.7,3.9,95.7,16.28,3.41,5.96,58.39,50.6,27.09,5.13,29.48,3.55,18.77,23.12,21.11,4.43,6.38,14.22,46.85,146.0,10.93,15.9,10.38,39.36,20.31,35.46,32.05,13.63,115.3,18.02,41.76,29.48,7.27,27.5,3.42,4.89,9.18,22.22,66.0,9.2,267.19,7.86,12.33,8.03,3.46,6.38,20.48,20.05,,5.17,178.35,43.18,25.41,42.8,,8.57,5.79,21.11,14.67,68.15,22.68,4.41,26.62,4.92,15.3,34.05,2.79,18.58,29.43,6.13,46.57,8.25,32.04,4.29,208.47,7.69,120.25,43.19,35.69,5.17,6.5,13.67,50.36,6.42,3.65,20.95,36.11,17.74,5.78,11.5,5.15,263.37,117.26,6.96,88.66,3.97,113.18,75.6,3.68,6.71,9.11,15.67,1.94,44.09,34.99,27.75,27.36,18.45,89.99,24.5,1.11,12.72,10.28,4.92,5.03,45.54,8.15,366.0
2020-05-14,135.6,74.9,72.23,3.83,1326.59,33.93,58.0,,110.22,17.15,155.87,194.88,48.81,16.02,23.44,214.73,,5.1,13.69,26.81,17.89,57.69,102.03,32.35,3.86,97.2,16.11,3.39,5.92,58.57,49.53,26.95,5.12,29.0,3.47,18.8,23.09,21.22,4.4,6.27,13.95,46.01,146.3,10.67,15.87,10.3,38.98,20.03,35.3,31.21,13.3,112.83,17.77,40.68,28.88,7.2,28.93,3.35,4.99,9.14,21.9,65.0,9.38,267.8,7.7,12.36,8.03,3.45,6.32,20.12,19.99,,5.09,179.29,43.08,24.75,42.19,,8.52,5.77,20.56,14.37,65.72,22.58,4.38,26.3,4.89,15.12,33.89,2.76,18.52,28.4,6.1,45.78,8.32,30.53,4.24,207.02,7.64,117.6,42.23,36.02,5.13,6.37,13.51,49.05,6.17,3.83,21.06,35.48,17.49,5.78,11.61,5.1,258.0,116.73,6.93,87.8,3.91,110.32,73.85,3.65,6.55,9.27,15.62,1.92,43.98,35.12,27.25,27.81,18.08,88.85,24.31,1.1,12.72,10.04,4.83,4.9,44.29,7.91,355.5
2020-05-15,145.48,74.93,72.23,3.94,1313.0,33.85,56.95,,109.33,17.16,161.99,210.15,48.23,16.05,23.44,230.0,,5.09,13.79,27.28,17.91,57.96,105.08,31.99,3.93,94.83,16.1,3.39,5.95,57.93,50.42,26.62,5.13,28.48,3.48,18.82,24.4,21.48,4.42,6.25,13.77,43.97,145.22,10.52,16.03,10.28,40.2,19.31,35.12,30.88,13.23,114.0,17.75,41.17,28.68,7.21,31.21,3.37,5.19,9.12,22.0,64.43,9.39,260.18,7.63,12.4,8.04,3.45,6.31,19.92,19.86,,5.1,183.07,42.8,24.73,42.51,,8.61,5.76,20.51,14.2,66.24,23.02,4.36,26.31,4.88,15.12,33.42,2.76,18.66,28.08,6.07,45.45,8.43,30.65,4.24,214.9,7.63,117.88,41.88,36.91,5.13,6.27,13.62,51.3,6.14,4.02,21.16,35.69,17.51,5.77,11.64,5.08,264.68,115.18,6.92,87.56,3.93,110.4,72.52,3.64,6.77,9.17,15.58,1.92,43.35,34.65,26.88,28.42,18.05,87.57,24.58,1.1,12.61,9.84,4.78,4.91,44.86,7.86,391.05
2020-05-18,141.81,70.16,72.2,4.14,1346.21,33.8,57.49,,110.63,17.04,167.08,211.7,45.43,16.03,23.08,216.0,,5.1,13.49,25.16,18.03,57.18,97.64,29.44,3.8,97.2,16.09,3.39,5.96,57.99,47.28,25.0,5.14,28.68,3.56,19.28,23.21,20.68,4.44,6.23,13.79,44.62,151.19,10.83,16.04,10.32,39.32,19.82,35.14,29.9,13.2,119.3,17.66,40.21,28.59,7.21,30.3,3.32,4.9,8.89,21.46,62.82,9.88,265.02,7.65,12.01,8.03,3.45,6.32,19.99,19.44,,5.11,169.62,41.46,24.8,40.9,,8.82,5.78,19.52,13.83,61.86,22.45,4.37,25.93,4.88,15.06,33.22,2.8,16.81,28.83,6.06,45.6,9.18,31.74,4.24,194.1,7.65,117.13,41.0,39.9,5.16,6.25,13.5,49.96,6.1,4.22,19.29,35.34,17.47,5.9,11.98,5.07,268.02,119.29,6.93,89.5,4.04,112.8,74.29,3.66,6.96,8.98,15.7,1.94,39.88,35.6,26.8,27.9,17.28,87.5,25.61,1.12,12.99,10.0,4.78,4.88,44.49,7.94,372.0
2020-05-19,143.26,71.0,72.9,4.02,1346.11,34.27,58.76,,111.22,17.02,183.79,249.18,46.86,16.12,23.21,221.92,,5.12,13.78,26.03,18.26,58.22,103.65,30.18,3.85,97.94,16.15,3.4,5.97,58.02,48.85,25.26,5.14,29.0,3.55,19.05,23.76,20.94,4.46,6.28,13.97,47.75,151.42,11.49,16.49,10.35,41.22,20.01,35.64,30.35,13.36,116.91,17.79,40.43,29.0,7.35,32.89,3.36,5.09,9.41,21.77,64.53,9.81,269.73,7.58,11.94,8.03,3.46,6.39,20.5,19.55,,5.12,171.31,42.85,25.21,42.55,,8.77,5.8,20.12,13.93,62.85,22.6,4.39,27.66,4.9,15.42,34.63,2.84,17.49,28.3,6.08,46.88,8.82,32.42,4.25,200.1,7.67,117.78,42.4,37.82,5.15,6.3,13.62,49.92,6.1,4.43,20.07,35.84,17.45,6.04,11.89,5.1,288.86,120.5,6.9,89.1,4.05,114.19,73.8,3.71,7.06,9.06,16.1,1.93,40.04,35.91,27.12,28.26,17.45,89.4,25.7,1.1,13.02,10.1,4.83,4.86,45.07,7.9,394.1
2020-05-20,149.3,68.41,72.95,4.12,1351.0,34.68,59.03,,109.45,17.04,174.2,235.81,46.21,16.2,23.09,216.66,,5.12,13.85,25.28,17.95,59.01,99.77,29.25,3.91,97.9,16.1,3.41,5.99,57.38,48.19,24.63,5.15,28.72,3.55,18.61,23.1,20.84,4.43,6.22,13.9,47.4,150.85,11.25,16.37,10.41,39.48,19.52,35.02,30.03,13.51,113.3,17.67,40.45,29.14,7.39,31.92,3.33,5.16,9.36,21.58,64.11,9.64,263.02,7.54,12.09,8.01,3.47,6.41,20.22,19.37,,5.1,169.9,41.73,25.49,43.0,,8.75,5.8,19.16,13.59,64.74,23.3,4.37,26.37,4.9,15.33,34.29,2.8,17.19,28.1,6.1,45.79,9.2,31.86,4.23,189.0,7.76,115.66,40.62,38.54,5.12,6.16,13.58,51.55,5.98,4.57,20.8,35.99,17.32,6.0,11.7,5.1,283.7,120.11,6.84,87.83,4.0,114.18,71.37,3.7,6.9,8.85,15.93,1.91,39.2,34.14,27.15,27.29,17.73,87.66,25.05,1.08,12.87,9.95,4.8,4.97,45.44,8.06,371.02
2020-05-21,147.46,68.3,72.38,4.03,1366.1,34.73,58.72,,110.0,17.02,160.94,225.8,46.0,16.11,23.02,215.0,,5.1,13.6,24.5,14.68,57.15,92.0,28.2,3.87,99.74,15.97,3.4,5.94,57.01,46.66,24.09,5.13,28.58,3.49,18.35,22.32,20.65,4.45,6.16,13.67,46.11,151.68,10.7,16.21,10.33,38.18,18.96,34.95,29.61,13.4,114.6,17.58,39.3,28.82,7.35,29.6,3.26,5.12,9.54,20.62,63.05,9.85,283.01,7.2,11.74,8.02,3.45,6.43,19.99,19.07,,5.05,166.0,40.5,25.84,41.25,,8.87,5.76,19.24,13.38,60.8,22.79,4.36,26.96,4.89,15.43,32.87,2.81,16.73,27.26,6.04,45.0,9.17,31.75,4.18,186.7,7.69,112.81,39.6,37.3,5.12,6.04,13.49,49.07,5.88,4.8,21.6,33.9,17.13,6.08,11.72,5.11,270.0,121.95,6.82,87.63,4.07,118.09,70.95,3.67,6.77,8.81,15.54,1.89,38.15,34.02,27.05,27.02,16.73,87.78,24.71,1.08,12.84,9.85,4.77,4.89,45.09,7.73,244.3
2020-05-22,142.81,66.25,70.12,3.92,1328.2,33.63,57.12,,105.65,16.77,157.25,225.34,44.55,15.78,22.3,205.0,,5.05,13.26,23.95,14.19,56.03,91.97,27.76,3.77,95.88,15.71,3.37,5.85,55.62,45.6,24.17,5.07,27.89,3.42,18.13,21.81,19.46,4.37,6.12,13.29,44.7,144.25,10.6,15.91,10.14,37.84,18.72,34.33,29.96,12.92,116.57,17.23,38.38,28.0,7.18,29.57,3.14,4.95,8.89,20.16,60.72,10.02,274.13,7.09,11.75,8.0,3.42,6.32,19.68,18.74,,5.01,161.8,39.3,25.36,40.47,,8.78,5.68,18.28,13.33,60.61,22.25,4.25,26.1,4.83,15.05,32.4,2.76,16.35,26.66,5.98,44.4,9.24,30.97,4.1,186.2,7.59,111.1,40.59,36.81,5.06,6.01,13.11,47.35,5.95,4.95,20.6,32.19,16.6,6.24,11.8,5.08,273.02,117.9,6.76,84.08,4.01,113.32,70.01,3.64,6.61,8.62,15.67,1.88,37.85,32.79,26.31,25.96,16.34,86.17,24.22,1.07,12.63,9.66,4.72,4.76,43.33,7.4,251.0
2020-05-25,144.3,65.95,70.03,3.84,1362.9,33.09,56.84,,107.0,17.07,153.9,218.05,44.13,15.84,22.21,199.0,,5.09,13.12,23.41,14.13,56.52,87.57,26.99,3.71,80.95,15.7,3.39,5.83,54.9,46.33,23.6,5.09,28.5,3.37,18.17,21.42,19.02,4.34,6.23,13.12,45.07,147.03,10.77,16.1,10.27,36.27,19.14,34.66,27.98,12.96,119.56,17.35,37.08,27.49,7.32,28.37,3.17,4.9,8.99,19.57,57.91,9.84,279.0,7.13,11.39,7.98,3.44,6.33,19.58,18.57,,5.01,157.3,38.47,24.91,38.83,,8.71,5.7,17.79,13.54,61.48,21.84,4.22,25.05,4.84,15.1,31.55,2.76,16.14,26.85,5.94,44.59,8.92,31.06,4.09,181.0,7.62,111.47,39.91,36.4,5.03,6.15,13.09,47.3,5.71,4.88,20.59,31.74,16.86,6.05,11.51,5.09,266.83,121.95,6.75,84.78,3.95,115.98,71.78,3.69,6.59,8.6,15.63,1.87,37.31,32.97,25.32,25.23,16.26,88.79,24.57,1.06,12.59,9.69,4.75,4.72,42.44,7.41,246.96
2020-05-26,150.03,68.65,70.51,3.88,1358.0,33.43,58.0,,109.5,17.06,160.28,234.51,46.0,15.86,22.47,202.95,,5.08,13.5,24.39,14.41,58.3,93.39,27.8,3.77,81.5,15.81,3.38,5.86,56.88,47.84,24.02,5.08,28.62,3.42,18.29,22.04,20.05,4.35,6.23,13.21,46.6,147.81,10.93,16.1,10.27,38.78,19.1,35.54,28.38,13.04,117.28,17.47,37.53,27.77,7.24,28.78,3.19,5.03,8.98,19.9,58.89,9.9,285.69,7.19,11.87,7.99,3.43,6.34,19.78,18.75,,5.01,158.0,38.82,25.15,39.95,,8.72,5.7,18.26,13.45,63.05,22.33,4.21,25.85,4.84,15.6,32.2,2.78,16.79,26.81,5.95,44.88,9.22,31.47,4.1,192.0,7.66,113.09,42.62,37.03,5.03,6.1,13.22,48.75,5.82,4.7,22.42,32.42,16.9,6.16,11.65,5.09,272.49,122.88,6.78,85.35,3.98,116.41,71.69,3.69,6.67,8.69,15.86,1.88,39.39,33.17,25.56,27.22,17.26,96.02,24.6,1.07,12.69,9.74,4.78,5.0,43.1,7.72,267.98
2020-05-27,151.5,65.38,70.65,3.8,1338.0,33.43,58.25,,104.43,16.98,161.67,231.79,44.54,15.95,22.29,195.0,,5.12,13.48,23.61,14.23,57.3,90.95,27.2,3.71,79.87,15.72,3.4,5.93,56.24,47.19,23.65,5.11,28.73,3.38,18.29,21.28,19.63,4.31,6.2,12.99,45.51,146.16,10.85,16.45,10.35,37.76,18.41,34.55,28.32,13.0,114.94,17.32,37.0,27.79,7.25,29.47,3.17,4.88,8.84,19.4,56.65,10.04,276.95,7.07,12.06,8.05,3.45,6.37,19.99,18.65,,5.01,151.1,38.11,24.96,38.89,,8.9,5.71,17.73,12.99,62.82,22.33,4.19,26.02,4.86,16.05,31.7,2.78,16.38,26.64,5.93,44.53,9.09,31.28,4.07,183.9,7.78,110.97,42.09,36.12,4.99,5.87,13.16,47.98,5.7,4.94,21.7,31.45,16.87,6.19,11.94,5.08,268.77,122.22,6.81,84.16,3.94,114.35,68.19,3.79,6.56,8.76,15.68,1.87,39.18,33.04,25.73,28.99,17.07,96.6,23.99,1.11,12.61,9.51,4.86,4.91,43.05,7.56,241.18
2020-05-28,147.84,66.28,71.51,3.83,1344.0,34.22,58.15,,102.68,17.45,150.72,218.01,44.45,16.15,22.48,196.49,,5.17,13.46,23.45,14.4,57.48,88.18,27.45,3.7,78.5,15.78,3.43,5.96,56.82,47.1,23.43,5.16,28.44,3.43,18.04,21.84,19.62,4.29,6.28,13.22,45.05,146.16,11.04,16.44,10.53,37.6,18.35,33.78,28.41,13.07,115.3,17.49,36.3,28.59,7.21,29.09,3.19,4.94,8.73,19.56,56.8,10.08,271.7,6.93,11.69,8.11,3.47,6.42,19.6,18.7,,5.01,152.28,38.05,25.84,39.08,,9.03,5.76,17.82,12.95,63.85,21.9,4.19,25.34,4.9,15.91,31.76,2.81,16.6,26.14,5.89,44.53,9.38,30.85,4.08,182.68,7.92,111.4,40.86,37.04,4.98,5.84,13.23,48.53,5.88,5.18,21.85,31.94,17.0,6.21,12.16,5.1,264.25,124.5,6.86,84.0,4.04,113.66,70.03,3.81,6.48,8.64,15.67,1.88,38.37,33.26,26.11,27.2,18.08,95.0,24.05,1.1,12.7,9.41,4.89,4.88,43.96,7.46,218.17
2020-05-29,145.53,46.52,70.71,3.78,1366.6,33.82,59.02,,106.5,17.39,152.0,217.11,44.5,16.1,22.27,193.39,,5.12,13.41,23.33,14.25,57.41,88.87,26.8,3.71,78.7,15.67,3.4,5.92,56.94,46.66,23.43,5.11,28.45,3.42,18.04,21.44,19.89,4.25,6.21,13.04,46.48,148.2,11.25,16.38,10.57,37.22,18.33,34.33,27.47,13.0,120.19,17.28,36.05,28.28,7.17,29.03,3.16,5.22,8.83,19.43,56.99,10.15,278.8,6.87,11.6,8.1,3.45,6.37,19.64,18.51,,5.0,151.0,38.27,25.61,38.53,,9.1,5.69,17.61,13.4,64.93,22.35,4.14,25.48,4.88,16.55,31.95,2.8,16.3,26.43,5.84,45.58,9.28,32.41,4.03,183.58,7.9,107.29,42.01,37.1,4.96,5.87,13.18,49.5,5.92,5.44,21.24,32.47,16.6,6.3,12.43,5.08,267.47,128.11,6.82,85.3,4.03,114.9,73.58,3.81,6.57,8.9,15.95,1.89,25.6,33.6,25.6,27.97,19.89,101.23,24.05,1.1,12.75,9.48,4.89,4.94,43.75,7.43,218.74
2020-06-01,150.95,49.93,72.16,3.89,1419.5,34.82,60.42,,109.08,17.8,157.25,226.6,47.92,16.27,23.14,206.3,,5.16,13.88,25.66,15.44,59.33,95.0,28.51,3.93,80.22,16.11,3.42,5.99,57.97,48.56,24.39,5.15,28.92,3.54,18.35,23.21,20.58,4.29,6.31,13.49,47.92,158.59,11.61,16.56,10.65,38.83,18.83,35.45,28.7,13.32,119.99,17.89,38.55,28.84,7.25,30.5,3.32,5.4,9.08,20.21,58.63,10.1,281.26,7.06,12.15,8.12,3.47,6.4,20.17,19.24,,5.06,157.11,39.66,26.59,40.3,,9.15,5.76,18.8,13.61,68.05,23.15,4.2,26.4,4.93,16.61,32.94,2.84,17.93,26.86,5.89,46.6,9.47,32.99,4.11,191.0,7.92,116.56,46.21,37.76,5.04,6.02,13.6,51.48,6.0,5.71,22.84,33.41,17.21,6.31,12.39,5.1,281.15,131.85,6.86,89.22,4.09,116.44,73.2,3.84,6.78,9.05,16.71,1.92,27.09,34.01,26.17,28.47,21.88,102.18,24.41,1.1,13.0,9.66,4.92,5.12,44.34,7.59,223.86
2020-06-02,149.46,49.24,74.28,3.88,1410.71,35.04,58.7,,109.2,18.0,158.15,228.81,48.32,16.39,23.02,207.6,,5.19,14.16,26.5,15.35,61.0,93.89,28.79,4.25,80.4,16.06,3.43,6.0,58.09,47.99,24.32,5.18,28.84,3.52,18.47,23.38,21.29,4.31,6.32,13.44,48.17,158.77,11.61,16.54,10.68,39.0,18.63,33.92,28.62,13.55,121.65,17.89,38.64,29.47,7.22,31.2,3.39,5.72,9.01,20.73,58.87,10.08,275.66,7.12,12.14,8.16,3.48,6.41,20.09,19.38,,5.12,157.3,40.2,26.69,40.5,,9.12,5.78,18.98,13.34,68.89,22.72,4.22,27.2,4.93,17.03,33.28,2.83,18.99,27.35,5.92,48.6,9.22,32.06,4.16,185.81,7.99,113.86,47.8,37.23,5.09,6.09,13.56,50.6,5.99,6.0,23.3,33.24,17.2,6.38,12.24,5.1,280.0,129.93,6.93,88.11,4.1,114.84,69.7,3.88,6.9,9.04,16.79,1.93,28.1,33.67,26.86,28.72,23.0,99.87,24.41,1.1,12.95,9.72,4.9,5.03,45.67,7.69,225.34
2020-06-03,148.5,48.31,75.01,3.93,1399.3,35.22,58.33,,112.68,18.16,156.43,220.6,50.7,16.33,22.9,207.6,,5.19,14.22,27.94,15.25,59.93,91.6,28.25,4.23,80.17,15.95,3.42,6.0,58.02,47.05,24.34,5.19,28.76,3.5,18.31,23.35,21.04,4.34,6.34,13.92,48.99,158.24,11.82,16.67,10.7,38.63,18.91,34.72,28.56,13.54,120.29,17.78,38.7,29.22,7.24,30.44,3.35,5.71,8.99,20.52,58.57,9.8,276.56,7.07,12.07,8.14,3.5,6.43,20.77,19.36,,5.07,156.5,39.98,27.26,38.26,,9.09,5.77,18.71,13.16,69.14,17.61,4.24,29.56,4.93,16.44,33.46,2.82,19.36,27.03,5.92,49.75,9.09,32.02,4.13,182.93,7.96,112.35,48.95,36.65,5.05,6.04,13.45,49.98,5.9,6.3,23.71,33.17,17.08,6.21,12.02,5.14,272.12,129.97,6.94,87.48,4.08,114.34,71.56,3.86,6.8,9.12,16.85,1.91,27.92,33.31,27.99,28.11,22.28,102.18,24.13,1.09,13.04,9.61,4.62,5.18,45.95,7.62,217.25
2020-06-04,150.0,47.25,75.14,3.85,1407.99,35.15,58.85,,81.4,17.8,152.37,210.0,50.2,16.25,22.76,205.66,,5.18,14.16,28.48,15.25,60.11,90.21,27.77,4.33,81.2,15.86,3.41,5.95,59.65,47.85,24.12,5.16,28.88,3.68,18.2,22.9,20.79,4.32,6.37,13.88,49.09,158.85,11.67,16.39,10.64,38.0,18.98,35.05,28.64,13.57,71.66,17.74,38.24,29.13,7.16,29.57,3.36,5.8,9.0,20.78,59.07,9.77,274.2,7.02,11.98,8.11,3.5,6.4,20.89,19.12,,5.04,155.53,40.03,27.27,38.24,,9.04,5.74,18.44,12.89,71.79,18.28,4.19,29.3,4.91,16.31,33.3,2.82,19.42,27.16,5.89,50.0,8.91,31.34,4.09,181.23,7.92,111.0,50.0,36.05,5.04,5.93,13.43,50.57,5.8,6.62,23.35,35.73,17.0,6.18,12.14,5.14,265.22,133.18,6.93,89.08,4.07,114.54,72.35,3.85,6.79,8.69,17.43,1.92,26.54,32.66,27.81,28.63,24.0,99.92,24.11,1.09,12.88,9.6,4.6,5.31,45.29,7.55,217.3
2020-06-05,151.2,46.81,75.3,3.82,1425.0,35.24,58.95,,81.77,17.75,154.13,213.3,51.85,16.21,22.84,226.23,,5.21,14.08,28.69,15.37,63.2,91.93,27.86,4.34,82.3,15.96,3.42,5.96,60.17,47.38,24.15,5.16,28.48,3.61,18.13,22.39,20.96,4.3,6.42,13.73,48.81,160.09,11.61,16.38,10.67,38.2,18.79,34.35,28.77,13.59,69.18,17.9,38.17,29.26,7.13,29.84,3.4,5.77,8.85,21.18,58.31,9.68,273.83,7.05,11.75,8.11,3.5,6.43,21.37,19.0,,5.04,158.33,39.68,27.42,38.3,,9.01,5.76,18.26,13.39,73.39,18.8,4.23,28.91,4.92,16.75,33.38,2.82,20.06,26.91,5.88,50.38,8.81,31.31,4.12,186.5,7.89,112.96,49.47,36.12,5.04,5.92,13.74,50.19,5.85,6.29,23.66,35.03,17.15,6.1,12.0,5.15,259.59,134.6,6.96,93.59,4.09,115.37,74.6,3.85,6.72,8.69,17.38,1.91,26.46,32.56,27.83,28.93,23.0,106.41,23.66,1.08,13.05,9.74,4.56,5.48,45.3,7.51,219.81
2020-06-08,151.4,46.79,76.72,4.01,1406.1,35.67,60.16,,79.5,17.89,155.04,212.38,51.16,16.15,22.97,223.51,,5.24,14.26,29.25,15.16,62.79,90.76,27.51,4.74,80.3,16.15,3.41,5.97,62.39,47.51,24.44,5.14,30.28,3.71,18.03,22.28,20.77,4.34,6.66,13.73,49.79,160.61,12.0,16.65,10.61,37.16,18.96,34.55,29.37,13.62,69.52,17.93,38.92,30.37,7.15,28.34,3.48,6.01,9.51,21.94,58.99,9.73,270.95,7.02,11.85,8.11,3.51,6.4,21.71,19.2,,5.06,158.49,39.65,27.46,38.31,,9.01,5.75,18.27,13.2,73.74,19.11,4.3,30.54,4.92,17.0,33.8,2.85,20.32,27.5,5.86,51.45,8.86,31.9,4.12,183.05,7.89,112.7,50.73,36.29,5.05,5.91,13.64,50.06,5.86,5.98,23.38,35.51,17.2,6.39,12.1,5.22,252.26,135.37,6.98,95.03,4.23,113.2,73.0,3.81,6.73,8.71,17.09,1.96,27.52,32.97,28.9,29.5,23.1,106.18,23.55,1.09,13.61,10.14,4.56,5.38,46.18,7.51,220.2
2020-06-09,153.96,47.02,76.5,4.04,1416.55,35.53,60.66,,79.9,18.02,157.33,209.47,51.6,16.25,23.29,226.98,,5.26,14.55,28.5,15.72,61.98,90.97,27.65,4.6,82.97,16.35,3.42,5.99,61.92,47.2,24.26,5.15,30.55,3.72,17.99,22.29,21.01,4.35,6.57,14.2,49.5,162.61,11.91,16.96,10.68,37.24,19.24,34.56,29.25,13.67,69.4,18.2,38.75,30.29,7.18,28.73,3.52,5.76,9.88,21.8,59.3,9.6,272.53,7.06,11.64,8.16,3.51,6.43,22.04,18.98,,5.09,158.2,38.28,26.99,38.44,,8.97,5.78,18.28,13.6,38.85,19.32,4.29,30.43,4.95,17.38,33.63,2.86,20.89,27.43,5.88,52.45,8.74,32.46,4.14,190.35,7.87,116.31,49.02,35.95,5.05,5.97,13.76,52.04,6.13,6.19,23.2,35.25,17.16,6.44,12.06,5.22,257.25,134.99,7.05,95.79,4.2,113.87,73.55,3.83,6.72,8.86,17.24,1.94,27.25,32.76,29.15,29.99,22.65,110.0,23.42,1.09,13.6,10.05,4.58,5.42,46.3,7.41,242.0
2020-06-10,156.68,46.29,75.58,4.01,1423.66,35.34,60.32,,81.31,17.87,155.77,202.9,54.62,16.02,23.06,234.29,,5.27,14.28,28.9,15.81,61.05,88.5,27.2,4.8,84.54,16.25,3.4,5.94,61.33,47.88,23.91,5.13,29.35,3.62,17.87,22.11,21.32,4.32,6.63,14.0,49.16,162.54,11.81,16.73,10.58,37.86,19.35,35.91,29.28,13.49,69.62,18.14,38.54,29.9,7.09,28.65,3.47,5.98,9.93,22.02,58.54,9.67,273.83,6.93,11.69,8.18,3.5,6.4,21.32,19.07,,5.04,153.99,38.57,26.84,39.22,,8.88,5.74,18.56,13.78,41.95,19.17,4.09,30.39,4.93,17.14,35.45,2.82,21.13,27.27,5.84,53.46,8.81,31.91,4.11,194.0,7.74,117.8,48.83,36.15,5.0,6.18,13.56,51.56,6.08,5.9,24.53,34.23,17.07,6.38,12.03,4.85,258.5,135.14,7.03,95.95,4.22,114.12,76.07,3.79,6.62,8.7,17.14,1.93,26.9,32.64,28.92,30.33,22.35,106.34,23.39,1.08,13.5,10.09,4.57,5.29,45.55,7.44,244.5
2020-06-11,163.98,48.68,74.22,4.05,1400.46,34.47,59.66,,81.29,17.6,157.0,208.12,54.87,15.81,22.79,227.9,,5.27,14.02,28.55,15.81,62.84,89.78,27.73,4.65,84.46,16.26,3.38,5.9,58.92,47.76,23.78,5.1,28.89,3.61,17.78,21.93,21.06,4.28,6.49,13.71,49.0,160.07,11.87,16.4,10.48,38.2,19.7,34.45,28.73,13.08,66.1,18.0,38.28,27.89,7.06,28.35,3.43,5.83,9.71,21.78,58.82,9.89,272.7,6.89,11.52,8.24,3.48,6.35,21.1,19.15,,5.01,153.41,38.91,26.3,39.65,,8.88,5.69,18.65,13.94,42.25,19.5,4.03,29.56,4.9,16.73,34.86,2.8,21.07,20.95,5.78,52.98,8.89,33.53,4.08,190.0,7.67,118.88,49.15,36.44,4.97,6.11,13.46,51.63,5.93,5.84,24.18,34.13,16.91,6.35,12.2,4.76,263.0,133.98,7.01,94.9,4.23,113.67,75.54,3.76,6.64,8.62,17.11,1.93,26.9,32.42,28.4,29.55,23.58,108.95,23.28,1.09,13.32,10.1,4.51,5.2,44.65,7.3,243.23
2020-06-12,159.3,51.45,74.15,3.97,1416.37,34.5,59.98,,83.18,17.53,150.21,205.81,54.5,15.97,22.61,230.03,,5.22,13.81,27.63,16.13,61.48,88.2,27.52,4.63,85.84,16.25,3.38,5.94,58.92,48.32,23.43,5.1,29.1,3.57,18.01,21.83,20.77,4.26,6.35,13.68,48.5,161.5,11.85,16.28,10.55,39.88,19.5,33.9,28.82,12.99,66.7,17.82,38.2,27.75,7.04,27.75,3.37,5.76,9.53,21.76,59.98,9.69,277.9,6.82,11.53,8.28,3.48,6.38,21.53,20.1,,5.01,152.72,38.61,26.29,39.45,,8.91,5.68,18.94,14.47,41.81,19.44,4.04,29.37,4.91,16.59,34.9,2.78,22.26,20.46,5.72,53.29,8.7,33.34,4.07,189.57,7.73,119.84,47.91,35.86,4.92,6.04,13.4,50.26,5.87,5.67,24.18,33.59,16.91,6.25,12.17,4.7,258.67,135.3,6.94,95.0,4.14,115.1,74.65,3.75,6.46,8.58,17.28,1.95,26.9,32.65,28.14,29.12,23.41,119.85,23.3,1.08,13.08,10.37,4.57,5.26,44.2,7.36,239.03
2020-06-15,157.7,51.57,72.54,3.91,1383.0,33.57,58.0,,82.55,17.23,142.92,195.59,53.4,15.63,22.59,215.21,,5.24,13.67,26.89,16.23,62.5,84.3,26.61,4.42,84.24,16.17,3.33,5.88,57.29,48.37,23.43,5.07,28.6,3.52,17.94,21.54,21.2,4.23,6.24,13.36,47.16,157.0,12.51,14.61,10.35,39.98,19.36,33.88,28.31,12.82,69.23,18.13,37.59,27.4,6.93,26.53,3.43,5.57,9.27,21.48,58.1,9.39,282.71,6.71,11.05,8.43,3.44,6.27,20.95,19.95,,4.97,150.64,37.64,25.79,38.37,,8.68,5.62,18.41,14.62,42.29,18.87,3.99,28.9,4.85,16.02,34.12,2.75,21.26,21.02,5.6,55.0,8.57,32.8,4.04,180.15,7.7,119.22,46.74,35.37,4.86,5.94,13.41,49.86,5.71,5.39,23.43,33.34,16.9,6.07,12.17,4.66,262.0,133.32,6.94,90.36,4.07,114.01,73.9,3.7,6.41,8.53,17.62,1.92,26.65,31.88,27.4,28.96,25.63,120.0,22.7,1.07,12.88,10.37,4.5,5.09,43.68,7.51,244.0
2020-06-16,160.0,52.44,73.46,4.0,1403.88,34.14,59.0,,84.2,17.64,149.2,198.61,55.27,15.77,22.86,217.52,,5.3,14.03,27.75,16.5,64.1,85.54,28.41,4.54,87.14,16.28,3.35,5.9,57.84,52.3,24.06,5.1,28.91,3.77,17.96,22.2,21.45,4.27,6.29,13.53,48.25,157.68,12.69,14.65,10.45,40.09,19.59,34.95,28.6,12.89,68.96,18.19,40.15,27.82,7.02,27.12,3.47,5.79,9.4,22.49,60.75,9.51,286.83,6.85,11.3,8.36,3.47,6.31,21.0,20.02,,5.03,159.8,38.26,26.02,39.15,,8.82,5.65,18.77,14.42,42.93,19.4,4.02,30.03,4.89,16.45,35.07,2.8,21.6,21.08,5.62,54.99,8.65,33.0,4.08,179.21,7.67,120.6,47.4,35.62,4.91,6.13,13.53,52.15,5.76,5.48,24.09,36.67,16.93,6.13,12.32,4.68,263.0,134.0,6.99,90.49,4.28,116.22,73.88,3.74,6.51,8.6,17.35,1.94,27.65,32.4,27.85,29.66,25.89,126.5,23.02,1.1,13.23,10.3,4.62,5.25,44.36,7.57,252.0
2020-06-17,157.8,52.35,73.01,4.03,1405.0,34.2,57.9,,85.05,17.92,149.46,195.22,42.89,15.74,22.77,215.2,,5.26,14.25,27.31,16.42,64.11,85.37,29.28,4.45,89.65,16.3,3.36,5.9,57.77,52.49,24.19,5.1,29.39,3.78,18.11,22.0,21.22,4.25,6.23,13.38,47.82,155.88,12.52,14.76,10.47,39.0,19.24,33.68,29.5,12.85,70.0,18.13,39.75,27.52,7.05,26.94,3.42,5.79,9.4,22.32,60.85,9.46,284.53,6.82,11.31,8.33,3.46,6.31,20.92,20.0,,5.04,159.45,40.14,25.82,38.83,,9.05,5.65,18.65,14.06,42.32,19.24,4.01,31.22,4.89,16.79,35.1,2.79,21.95,21.05,5.6,55.6,8.76,33.25,4.09,179.8,7.7,118.9,46.73,35.81,4.88,6.06,13.51,52.0,5.77,5.34,24.75,38.04,16.84,6.09,12.17,4.64,262.0,133.36,7.05,89.6,4.32,115.85,74.47,3.77,6.49,8.62,17.17,1.92,27.95,33.41,27.62,29.45,25.35,124.88,23.4,1.11,13.21,10.18,4.65,5.22,44.57,7.59,244.02
2020-06-18,158.95,57.59,73.4,4.15,1413.0,33.89,57.85,,84.7,18.19,152.16,206.28,45.65,15.75,23.08,221.31,,5.19,14.4,28.6,16.95,66.74,88.25,29.53,4.55,89.3,16.41,3.35,5.91,58.06,54.7,24.61,5.11,29.24,3.78,17.9,22.52,21.9,4.29,6.26,13.59,48.6,158.36,12.42,14.96,10.5,39.54,19.25,33.96,30.0,12.76,72.11,18.26,42.38,27.78,7.25,28.26,3.52,6.13,9.38,23.89,63.53,9.48,279.74,6.91,11.57,8.3,3.46,6.28,21.12,20.32,,5.08,163.63,41.9,25.51,40.96,,9.04,5.64,18.7,13.79,42.51,19.26,4.01,31.0,4.88,17.18,34.98,2.83,24.15,21.48,5.64,55.97,8.66,33.25,4.14,182.85,7.74,119.98,48.25,35.07,4.9,6.06,13.61,54.16,5.89,5.42,26.1,38.5,16.97,6.13,12.13,4.62,272.98,133.39,7.09,89.89,4.39,116.63,72.17,3.75,6.73,8.69,17.46,1.95,29.71,32.28,27.6,30.03,24.94,129.08,22.97,1.15,13.31,10.18,4.79,5.23,45.21,7.54,263.01
2020-06-19,165.9,58.3,73.42,4.16,1439.84,33.86,59.77,,89.18,18.17,156.01,212.91,45.6,15.77,23.85,226.3,,5.2,14.35,29.14,18.15,66.99,89.22,29.31,4.59,92.98,16.8,3.35,5.93,58.84,54.08,24.45,5.14,29.91,3.79,17.88,23.21,22.41,4.3,6.36,13.7,48.94,165.57,12.65,14.96,10.61,39.5,19.2,34.8,30.18,12.8,74.93,18.83,42.87,27.98,7.29,28.52,3.57,6.15,9.43,23.8,62.82,9.55,294.35,6.91,11.68,8.32,3.47,6.28,21.45,20.22,,5.11,163.46,42.11,25.62,40.89,,9.09,5.67,18.67,13.68,43.8,21.19,4.01,31.2,4.9,17.51,35.21,2.82,24.35,21.59,5.66,55.99,8.74,33.95,4.14,197.8,7.42,125.25,48.58,35.29,4.92,6.06,13.91,54.5,5.96,5.69,26.6,39.12,17.73,6.13,12.2,4.62,281.7,137.82,7.13,91.89,4.34,119.39,74.05,3.81,6.7,8.7,17.55,1.95,30.01,32.15,28.17,32.29,25.09,130.81,23.1,1.11,13.35,10.12,4.75,5.19,45.25,7.46,262.95
2020-06-22,165.0,58.88,72.77,4.25,1439.0,33.5,59.09,,89.78,18.21,168.33,231.93,47.33,15.68,24.11,236.45,,5.16,14.4,29.49,18.94,68.0,94.19,29.68,4.6,93.23,17.11,3.36,5.96,57.26,54.51,24.59,5.12,30.09,3.78,17.95,23.57,24.65,4.27,6.32,13.41,48.55,163.0,12.71,14.78,10.55,40.75,18.6,35.5,29.78,12.64,75.94,19.38,42.19,27.88,7.23,30.77,3.47,6.16,9.57,23.99,62.8,9.59,297.6,6.92,11.62,8.27,3.46,6.3,21.03,20.23,,5.0,162.98,42.79,25.27,41.06,,8.91,5.67,18.94,14.14,44.47,22.0,3.99,30.88,4.89,17.51,35.53,2.82,24.74,21.86,5.7,54.4,8.85,34.68,4.12,202.6,7.35,128.8,48.16,36.34,5.0,5.9,14.28,55.6,5.83,5.87,26.93,39.6,19.16,6.11,12.11,4.61,287.84,135.8,7.07,90.41,4.48,117.89,72.78,3.81,6.77,8.67,17.9,1.93,29.71,32.32,28.02,33.47,24.62,126.25,23.48,1.09,13.31,10.11,4.71,5.35,45.0,7.41,270.05
2020-06-23,168.89,59.99,71.96,4.24,1474.5,33.35,59.0,,93.08,18.75,167.86,232.6,49.05,15.59,24.04,237.28,,5.14,14.11,29.64,19.61,71.03,97.11,29.25,4.6,94.5,17.12,3.35,5.93,56.23,55.28,24.12,5.09,30.24,3.74,17.69,23.75,25.89,4.26,6.26,13.24,48.02,167.98,12.71,14.65,10.48,39.6,18.43,35.87,30.01,12.6,75.99,19.36,39.83,27.38,7.14,30.64,3.42,6.15,9.31,24.3,61.8,9.6,302.56,6.88,11.32,8.19,3.44,6.27,21.04,20.73,,5.0,159.34,43.15,25.5,42.05,,8.84,5.65,18.67,15.26,44.8,22.06,3.97,30.63,4.87,17.29,35.32,2.78,24.46,21.37,5.62,55.62,8.78,36.0,4.09,204.99,7.35,128.73,51.67,35.77,4.96,5.83,14.37,55.65,5.75,5.81,27.43,38.97,19.09,6.0,12.06,4.56,312.24,138.5,7.07,93.28,4.44,121.3,75.91,3.78,6.74,8.57,18.4,1.92,29.94,32.7,27.65,33.73,26.18,126.5,23.65,1.09,13.34,9.99,4.61,5.56,44.4,7.33,286.0
2020-06-24,171.5,60.0,72.26,4.38,1460.01,33.9,59.7,,95.88,19.09,169.04,232.0,49.04,15.84,24.25,244.07,,5.22,15.52,29.44,19.18,71.7,106.08,29.88,4.53,92.95,17.36,3.37,5.69,57.22,55.13,24.96,5.12,30.82,3.7,17.52,23.91,25.74,4.26,6.28,13.54,50.02,168.61,13.58,14.68,10.6,39.66,18.53,36.96,30.27,12.8,75.2,19.46,39.71,27.51,7.26,31.04,3.44,6.14,9.38,24.47,62.1,9.41,299.19,6.87,11.3,8.24,3.46,6.32,21.24,20.73,,4.84,167.09,42.58,26.11,41.8,,9.07,5.67,19.15,15.73,44.38,21.88,3.97,30.94,4.9,17.92,36.58,2.77,25.51,21.9,5.59,55.2,8.96,38.0,4.12,206.68,7.41,128.02,50.5,36.48,4.87,5.88,14.37,54.03,5.68,5.8,27.16,38.32,20.17,6.01,11.75,4.58,320.42,138.18,7.07,92.46,4.43,123.8,76.26,3.59,6.85,8.5,18.6,1.91,29.49,32.25,28.23,33.52,25.8,127.3,23.35,1.08,13.28,9.98,4.6,5.55,44.82,7.28,300.4
2020-06-29,171.04,60.16,71.01,4.37,1463.17,33.64,59.95,,96.97,18.98,166.24,218.5,48.03,15.79,23.5,233.78,,5.25,15.22,28.75,18.5,70.6,100.58,29.02,4.63,92.23,16.94,3.37,5.66,56.46,56.65,24.52,5.12,30.88,3.66,17.37,23.49,25.49,4.24,6.2,13.51,49.18,167.5,14.2,14.39,10.57,38.01,18.64,37.06,29.42,12.8,78.0,18.56,39.2,27.12,7.16,30.75,3.41,6.16,9.26,24.05,61.85,9.22,301.85,6.7,11.13,8.21,3.47,6.28,20.84,20.31,,4.77,165.41,42.05,26.39,38.8,,8.91,5.66,20.11,15.1,47.55,21.58,3.92,30.42,4.88,17.94,36.19,2.75,25.88,21.6,5.56,54.7,9.13,40.3,4.09,199.83,7.33,126.72,49.81,36.72,4.83,5.86,13.88,53.49,5.6,6.09,26.7,38.02,20.52,5.91,11.64,4.55,310.96,143.77,7.0,90.88,4.3,124.65,75.19,3.58,6.77,8.38,18.75,1.95,28.7,32.63,27.2,34.17,23.22,140.03,23.56,1.07,13.35,9.98,4.56,5.42,43.88,7.18,290.6
2020-06-30,174.36,63.12,71.4,4.4,1462.88,33.72,59.79,,96.6,18.94,170.91,219.31,51.35,15.78,24.11,235.91,,4.98,15.15,29.95,20.2,71.8,101.68,29.27,4.67,92.3,17.26,3.38,5.67,56.57,59.55,24.98,5.13,31.13,3.67,17.44,24.05,27.7,4.19,6.23,13.72,49.99,171.12,14.39,14.36,10.58,38.4,18.76,37.99,30.35,12.8,82.0,18.8,40.13,27.25,7.21,31.27,3.47,6.2,9.15,24.43,63.0,9.32,305.7,6.77,11.45,8.3,3.48,6.31,20.87,20.25,,4.77,167.52,42.98,26.27,39.18,,8.92,5.67,20.46,15.31,47.85,21.9,3.91,31.0,4.9,17.7,37.43,2.76,28.04,21.8,5.57,54.7,9.14,40.73,4.09,201.95,7.33,133.08,50.06,36.62,4.84,5.91,14.12,53.57,5.83,6.39,29.36,38.86,21.95,5.96,11.84,4.57,341.58,145.0,7.04,91.12,4.36,124.4,80.2,3.58,6.89,8.42,18.56,1.93,29.62,32.82,27.21,33.79,22.95,154.03,23.48,1.08,13.46,9.97,4.56,5.57,44.28,7.25,305.05
2020-07-01,169.4,61.6,73.5,4.59,1494.27,34.79,62.44,,94.77,19.45,173.75,226.71,51.7,16.15,24.72,237.12,,4.99,15.42,29.74,20.24,72.47,100.03,29.1,4.65,91.05,17.52,3.39,5.77,57.41,57.85,24.87,5.16,31.89,3.75,17.6,24.12,26.77,4.25,6.3,13.97,52.05,181.98,14.9,14.74,10.74,38.49,19.38,38.58,32.12,13.12,83.28,19.28,39.75,28.29,7.31,30.9,3.51,6.08,9.49,24.85,61.86,9.47,298.5,6.99,11.21,8.37,3.5,6.36,20.97,20.26,,4.89,168.99,43.67,27.19,37.32,,9.12,5.75,20.5,15.32,47.35,21.94,3.93,31.14,4.98,17.95,37.22,2.81,29.25,22.31,5.65,55.18,9.35,41.63,4.15,207.68,7.44,132.0,49.28,36.99,4.9,6.16,14.61,54.69,5.85,6.24,29.0,40.27,21.95,6.03,11.92,4.6,328.8,151.26,7.02,100.23,4.52,125.0,53.25,3.84,6.82,8.45,19.4,1.99,28.72,33.8,28.13,33.85,22.06,167.28,23.89,1.08,13.93,10.01,4.64,5.79,45.76,7.23,316.3
2020-07-02,167.2,62.01,76.0,4.62,1544.0,35.3,62.95,,93.0,19.15,171.3,227.99,51.29,16.55,26.06,238.35,,5.06,15.61,29.72,21.9,72.14,101.21,29.64,4.87,91.2,18.46,3.45,5.98,58.21,58.2,25.28,5.27,31.94,3.87,17.9,23.87,27.06,4.32,6.45,14.73,54.26,189.49,15.28,15.11,11.05,42.34,20.22,37.8,33.08,13.43,81.5,20.53,40.5,29.47,7.74,33.99,3.65,6.32,9.75,24.6,61.79,9.64,290.58,7.12,11.42,8.57,3.58,6.48,21.56,20.54,,4.98,166.61,45.15,27.89,36.98,,9.53,5.86,21.85,15.22,46.16,21.6,4.01,31.89,5.08,18.12,38.0,2.88,29.26,22.42,5.8,55.52,9.22,40.94,4.22,214.73,7.65,145.2,49.41,36.52,5.01,6.3,15.52,56.0,5.97,6.34,28.64,39.73,24.15,6.19,12.36,4.67,316.0,151.54,6.6,107.61,4.68,124.0,50.43,3.92,7.0,8.68,19.71,2.04,28.44,33.59,30.04,33.33,22.07,166.14,24.2,1.11,14.31,10.21,4.71,5.77,48.46,7.36,307.0
2020-07-03,167.6,61.65,77.96,4.75,1541.79,36.74,62.39,,95.87,19.09,180.16,227.8,50.6,16.97,28.67,234.41,,5.16,15.91,29.21,22.8,79.35,101.8,30.7,4.8,91.88,19.58,3.51,6.06,58.44,57.96,25.81,5.35,31.59,4.07,18.03,24.55,26.7,4.42,6.54,15.18,53.6,188.72,15.31,15.88,11.19,41.25,20.43,37.77,33.38,14.25,82.79,22.11,42.41,30.7,7.99,34.1,4.01,6.18,9.7,24.42,62.99,9.86,296.69,7.18,11.46,8.9,3.63,6.68,22.01,20.95,,5.08,169.02,44.8,28.3,38.18,,9.6,5.94,21.5,15.54,47.12,21.8,4.08,31.98,5.14,17.98,38.13,2.99,27.91,22.72,5.88,56.23,9.39,41.7,4.33,208.39,7.85,158.01,49.0,36.54,5.08,6.23,16.56,56.99,6.17,6.22,28.73,39.78,26.57,6.3,12.72,4.77,315.7,147.55,6.71,110.1,4.92,124.35,51.03,4.02,7.14,8.88,20.64,2.05,28.56,35.22,33.04,34.43,22.52,182.75,24.4,1.12,14.48,10.31,4.81,5.68,50.55,7.46,297.01
2020-07-06,177.8,64.12,84.12,5.11,1600.0,40.41,64.03,,94.0,19.31,198.18,266.08,52.71,18.63,31.54,257.85,,5.6,16.49,30.41,24.8,80.9,114.49,31.5,5.01,93.13,21.51,3.76,6.67,61.26,59.5,26.6,5.67,33.8,4.35,18.85,25.46,27.43,4.72,6.88,15.51,55.65,192.82,15.18,16.9,12.2,43.44,21.1,38.8,35.36,15.68,87.98,24.32,44.64,33.72,8.45,37.51,4.37,6.51,10.09,24.0,65.01,10.57,291.37,7.3,12.07,9.64,3.87,7.25,23.0,21.51,,5.48,175.98,46.62,31.13,40.12,,10.56,6.44,21.92,16.1,48.72,22.68,4.27,33.45,5.61,18.82,39.4,3.29,28.74,23.79,6.24,56.78,9.74,44.46,4.53,228.8,8.63,173.81,49.77,37.67,5.37,6.45,18.21,59.0,6.43,6.23,29.23,43.1,29.23,6.61,13.44,5.25,340.94,147.1,7.01,111.47,5.41,124.44,52.18,4.42,7.54,9.21,20.82,2.24,29.03,38.74,36.34,37.84,23.8,201.03,26.19,1.19,15.78,10.86,5.15,6.05,55.61,7.72,315.7
2020-07-07,195.58,64.66,83.22,5.13,1688.0,41.06,64.38,,95.72,19.32,202.83,258.5,54.7,18.35,31.13,266.12,,5.56,16.38,31.16,23.58,83.0,110.38,31.78,5.19,97.29,20.82,3.73,6.6,60.08,60.2,26.46,5.65,33.6,4.31,18.83,25.1,28.11,4.7,6.72,15.35,55.19,201.89,15.94,16.94,12.11,45.1,20.85,39.93,35.4,15.48,87.0,23.27,45.35,32.7,8.2,38.34,4.17,6.81,9.92,24.07,66.64,10.45,299.64,7.22,12.38,9.46,3.82,7.25,22.6,21.67,,5.4,180.67,49.2,31.56,40.51,,10.43,6.52,22.65,17.06,53.59,24.34,4.23,33.24,5.48,18.59,40.4,3.28,29.89,23.55,6.23,61.36,10.03,44.2,4.47,229.93,8.36,164.55,51.9,38.43,5.28,6.41,17.39,64.9,7.07,6.18,30.86,43.7,28.43,6.52,13.35,5.19,356.99,152.05,6.97,114.85,5.66,128.05,54.59,4.44,7.44,9.13,22.39,2.19,31.55,42.61,37.29,41.62,25.81,192.4,27.21,1.18,15.39,10.89,5.21,5.88,56.7,7.87,324.56
2020-07-08,197.57,68.0,85.69,5.58,1681.34,40.5,63.98,,96.92,19.18,211.98,260.0,55.8,18.63,33.5,268.5,,5.47,16.4,31.54,25.94,82.75,112.98,32.43,5.28,97.06,21.53,3.71,6.74,59.49,60.0,26.64,5.66,34.84,4.44,20.71,25.52,28.86,4.67,6.77,15.53,55.04,203.36,16.13,16.85,12.14,46.4,20.64,43.92,35.45,15.76,87.85,24.14,46.05,33.77,8.37,41.62,4.28,6.87,9.91,26.48,67.2,11.5,301.22,7.4,12.49,9.08,3.82,7.23,22.83,22.22,,5.46,183.59,49.67,31.87,43.7,,10.88,6.52,23.83,17.23,55.68,24.56,4.21,32.63,5.54,18.6,40.93,3.41,32.88,23.6,6.3,61.59,10.34,46.13,4.55,231.51,8.45,178.61,52.5,39.37,5.35,6.45,18.18,64.57,7.02,6.13,32.29,44.2,29.85,6.99,14.69,5.19,364.03,149.77,6.94,114.89,6.23,127.77,54.3,4.47,7.66,9.17,22.82,2.3,32.58,46.87,41.02,42.73,26.66,195.86,29.93,1.24,16.09,11.0,5.32,5.93,58.6,8.21,330.4
2020-07-09,205.02,68.0,85.92,6.14,1706.0,39.91,64.98,,101.31,19.03,212.0,264.89,56.29,18.35,33.08,276.91,,5.38,16.72,32.38,27.16,84.46,116.3,34.28,5.32,98.51,21.19,3.64,6.67,59.82,64.38,28.05,5.58,35.02,4.52,21.98,26.32,28.88,4.74,6.9,15.71,55.0,203.72,17.6,17.04,11.99,51.04,20.96,48.31,38.36,15.53,90.75,23.7,47.12,33.8,8.6,43.33,4.33,6.87,10.2,27.17,70.17,12.31,319.96,7.55,13.74,8.94,3.77,7.17,22.4,22.19,,5.48,194.1,51.76,31.8,44.69,,10.33,6.44,23.85,17.16,60.0,24.81,4.23,33.76,5.52,18.63,42.4,3.57,33.14,24.65,6.35,61.6,11.05,46.35,4.65,240.84,8.4,177.51,54.29,41.55,5.36,6.58,18.45,64.68,7.15,6.17,32.21,44.92,28.59,7.11,15.65,5.15,390.68,151.2,6.99,119.5,6.85,128.64,55.7,4.39,7.74,9.33,22.77,2.34,32.68,51.56,44.0,43.39,26.8,193.79,32.92,1.27,16.5,11.46,5.43,6.09,58.67,8.26,328.28
2020-07-10,203.9,69.22,82.34,5.66,1713.85,37.25,63.4,,101.31,18.89,221.3,269.18,56.17,17.6,31.77,273.8,,5.22,16.03,32.1,25.63,89.0,117.2,33.1,5.08,99.35,20.62,3.36,6.36,58.99,63.59,27.24,5.42,34.56,4.29,20.6,26.01,28.29,4.6,6.66,15.33,53.79,207.0,17.86,16.46,11.6,50.49,20.44,48.6,36.96,14.86,89.41,22.96,44.94,31.7,7.87,47.66,4.2,6.61,9.79,25.83,69.39,12.64,318.67,7.32,13.3,8.71,3.67,6.55,21.9,22.0,,5.27,188.05,50.26,30.68,45.03,,9.8,6.27,24.42,17.12,56.67,24.5,4.13,32.06,5.4,17.97,41.13,3.37,34.9,24.29,6.18,64.85,10.4,46.21,4.53,244.0,8.1,172.18,52.25,39.3,5.19,6.33,17.65,64.19,6.87,6.48,32.31,43.96,,6.97,15.65,4.9,391.0,154.4,6.86,121.5,6.3,130.24,57.99,4.16,7.6,9.13,22.9,2.26,34.0,56.72,40.9,41.89,28.72,203.49,32.2,1.22,15.71,11.12,5.25,6.02,55.88,9.09,337.02
2020-07-13,224.11,76.14,82.36,6.0,1781.99,37.3,63.25,,105.0,19.16,224.51,271.4,60.0,17.51,32.48,274.0,,5.21,16.5,33.4,26.92,97.9,117.56,34.82,5.26,99.82,20.86,3.35,6.43,59.45,69.95,27.98,5.44,35.45,4.72,21.19,26.77,29.33,4.63,6.73,15.98,55.2,218.2,18.25,16.61,11.66,52.87,21.6,49.26,37.63,14.89,93.63,23.49,46.17,32.06,7.95,50.99,4.33,6.99,10.47,26.45,70.55,13.0,329.5,7.62,13.66,8.7,3.69,6.5,23.05,22.02,,5.34,193.53,50.6,29.82,46.21,,9.93,5.85,26.48,14.3,58.13,25.47,4.17,33.12,5.44,18.3,41.58,3.46,36.0,25.66,6.25,66.44,10.59,47.6,4.61,245.51,8.14,174.18,52.7,39.85,5.3,6.87,17.29,69.87,7.11,6.78,34.5,48.36,,7.17,16.1,4.94,434.86,163.96,6.87,124.91,6.65,131.37,59.98,4.14,8.1,9.32,22.12,2.39,34.72,58.5,40.28,43.3,31.59,194.67,32.5,1.24,16.72,11.46,5.29,6.04,55.94,9.72,355.26
2020-07-14,215.95,81.42,81.3,5.82,1762.0,36.51,61.84,,103.48,19.41,214.06,285.1,58.96,17.35,32.03,288.9,,5.14,16.59,31.72,28.99,96.55,114.38,33.4,5.17,98.43,20.81,3.31,6.29,58.52,72.06,26.89,5.03,35.16,4.7,21.59,25.52,29.06,4.56,6.9,16.24,54.96,220.9,18.14,16.48,11.38,51.32,21.02,50.2,36.55,14.68,96.3,23.6,44.8,31.57,8.08,51.15,4.23,6.76,10.56,25.75,69.46,13.03,326.41,7.68,13.31,8.55,3.67,6.42,24.1,22.4,,5.28,184.05,48.59,29.3,44.06,,9.94,5.74,26.6,13.89,53.91,24.58,4.09,32.15,5.38,18.05,39.9,3.42,33.88,26.11,6.21,65.72,10.22,48.89,4.66,249.7,8.06,171.02,51.54,38.75,5.69,6.75,16.95,64.56,6.93,6.77,33.4,45.29,,7.06,15.9,4.88,410.0,165.58,6.8,123.8,7.0,130.6,59.75,4.07,7.89,9.26,22.44,2.33,31.97,59.04,39.63,42.59,29.68,190.0,32.6,1.22,16.38,11.26,5.25,5.84,56.47,10.34,390.79
2020-07-15,207.03,73.28,80.22,5.65,1752.53,35.86,62.98,,106.8,19.96,198.0,268.0,56.77,16.24,32.0,270.0,,5.08,16.2,30.27,28.02,94.5,105.6,31.0,4.94,102.99,20.22,3.28,6.22,58.68,66.07,25.55,4.96,35.45,4.41,20.58,24.7,28.6,4.49,6.68,16.23,58.26,223.95,18.49,16.16,11.18,47.13,21.47,50.0,36.03,14.27,96.43,23.01,42.72,31.15,7.79,46.05,4.15,6.43,10.33,24.61,66.12,12.13,346.99,7.38,12.78,8.51,3.43,6.31,23.47,22.0,,5.17,173.31,47.1,28.94,42.05,,9.69,5.65,24.66,13.18,53.22,24.35,4.05,31.36,4.99,18.55,38.8,3.37,31.86,25.64,6.09,66.43,10.1,48.66,4.57,230.58,7.87,166.93,49.93,38.91,5.36,6.88,16.63,63.83,6.6,6.55,31.86,42.85,,6.89,15.56,4.81,410.0,173.98,6.73,127.88,6.3,134.16,59.65,3.97,7.6,9.39,22.8,2.25,30.69,57.29,39.57,42.17,28.5,190.53,31.15,1.19,15.87,10.74,5.12,5.86,55.93,9.43,380.0
2020-07-16,196.77,68.8,78.22,5.44,1614.0,35.6,61.14,,100.58,19.13,178.2,230.0,52.92,16.12,29.32,243.0,82.92,5.06,14.87,27.98,25.28,85.05,96.85,29.23,4.69,96.35,19.35,3.27,6.19,55.99,63.37,24.11,4.91,33.1,4.13,19.58,23.25,27.0,4.41,6.26,15.73,56.99,201.56,17.33,15.71,11.2,44.23,20.45,50.2,34.79,14.15,90.02,21.46,40.07,30.23,7.63,41.45,3.95,6.3,10.14,22.89,60.9,11.95,330.7,7.12,11.83,8.37,3.4,6.3,22.52,21.23,,5.05,162.66,43.32,29.15,39.33,,9.68,5.62,24.15,12.28,51.77,23.2,3.98,29.4,4.9,16.98,37.03,3.22,29.75,23.83,5.91,63.67,9.66,45.8,4.45,208.16,7.89,152.08,47.22,37.35,5.16,6.48,15.91,59.34,6.41,6.42,30.14,40.52,,6.64,14.7,4.77,374.87,156.58,6.6,115.09,6.02,127.0,55.16,3.92,7.21,8.96,22.8,2.16,30.8,54.06,34.97,41.21,27.67,171.0,29.82,1.16,14.92,10.37,4.96,5.76,54.57,9.28,342.0
2020-07-17,195.7,70.4,78.02,5.35,1648.05,36.08,63.9,,102.29,18.61,173.0,213.79,55.16,16.09,28.62,232.9,77.06,5.06,14.79,28.32,24.64,81.59,94.7,29.0,4.63,96.33,18.89,3.28,6.11,57.21,67.05,24.24,4.89,34.35,4.12,19.95,22.74,27.33,4.39,6.2,15.93,62.09,205.39,18.11,15.58,11.27,44.96,20.85,50.1,35.11,14.14,94.48,21.0,40.33,29.78,7.55,39.17,4.01,6.62,10.9,22.76,61.15,11.72,340.9,7.1,12.02,8.27,3.41,6.29,24.02,21.0,,5.05,162.67,43.26,30.42,39.11,,9.73,5.6,23.53,12.42,51.97,22.95,3.97,29.4,4.87,17.47,37.24,3.15,31.08,24.02,5.9,63.33,9.57,46.26,4.31,218.43,7.85,149.44,47.25,37.23,5.15,6.48,15.34,60.55,6.43,6.49,32.3,40.66,,6.68,14.53,4.72,348.65,156.55,6.56,114.01,6.0,130.1,58.0,3.87,7.1,8.91,24.4,2.15,29.98,59.47,34.52,39.83,28.7,188.1,30.81,1.14,15.01,10.43,4.89,5.66,52.55,9.48,335.17
2020-07-20,205.3,72.15,82.8,5.61,1636.96,37.27,67.38,212.4,100.69,18.64,182.28,210.08,55.69,16.48,30.65,240.19,79.17,5.13,15.29,28.85,25.8,87.17,95.74,29.75,4.82,96.49,19.56,3.32,6.25,58.93,67.84,24.81,4.96,33.44,4.5,21.4,23.84,28.02,4.49,6.32,17.15,65.3,201.68,18.62,16.26,11.52,45.99,22.75,52.12,35.03,14.73,96.98,22.02,41.24,31.68,7.87,41.98,4.29,6.7,11.99,23.23,62.09,12.89,338.0,7.7,12.16,8.45,3.46,6.4,25.89,22.95,,5.22,165.19,44.97,31.65,40.02,,10.21,5.7,24.5,12.55,52.48,22.96,4.04,31.56,4.99,17.78,37.77,3.47,31.45,24.33,6.1,65.3,10.08,47.73,4.48,217.69,8.09,153.43,48.07,38.43,5.3,6.99,16.04,61.8,6.77,6.58,32.59,42.59,23.31,7.0,15.68,4.81,353.2,152.8,6.69,112.8,6.6,130.95,59.62,4.04,7.45,9.3,23.85,2.25,29.05,65.42,37.97,40.03,29.14,196.0,33.89,1.2,15.89,11.03,5.18,6.05,57.81,10.2,353.0
2020-07-21,207.0,71.84,80.76,5.68,1668.0,36.84,67.35,274.0,109.51,18.67,182.0,217.0,56.0,16.35,30.33,241.3,78.63,5.1,15.43,28.85,25.86,88.09,97.81,29.87,4.94,99.3,19.42,3.3,6.18,58.91,68.35,24.89,4.93,34.06,4.46,20.72,23.93,28.01,4.47,6.3,17.25,64.57,205.58,19.27,16.18,11.54,46.0,22.86,52.33,34.69,14.49,95.57,21.75,40.98,31.29,8.0,40.99,4.36,6.96,11.84,23.57,61.83,12.63,344.75,8.22,11.98,8.38,3.43,6.37,26.13,22.99,,5.22,164.65,44.74,31.26,39.67,,9.97,5.66,24.24,12.38,53.42,23.2,4.02,31.87,4.93,17.55,37.99,3.43,30.9,23.98,6.08,67.62,10.44,48.7,4.44,215.69,8.01,149.95,50.05,39.13,5.26,7.05,15.84,62.24,6.68,6.7,32.4,42.1,22.31,6.94,15.3,4.77,368.64,158.97,6.66,115.03,6.83,135.54,61.59,3.98,7.46,9.34,24.71,2.24,28.36,60.84,39.24,40.8,26.74,196.75,31.92,1.18,15.7,10.94,5.13,6.07,56.45,11.22,364.85
2020-07-22,207.89,72.86,79.93,5.85,1678.08,36.44,67.35,281.0,109.52,18.67,187.0,209.55,57.31,16.28,30.5,242.53,79.57,5.09,15.36,29.0,26.69,87.19,93.15,29.89,4.94,99.37,19.45,3.29,6.22,59.52,68.85,24.76,4.91,36.0,4.44,20.81,23.97,28.54,4.61,6.28,17.0,67.24,208.9,19.02,15.98,11.62,46.07,21.79,51.5,36.07,14.41,93.52,21.91,41.4,30.87,7.93,41.44,4.36,6.98,11.8,23.42,63.3,12.95,348.3,8.48,11.84,8.39,3.43,6.34,26.0,22.65,,5.18,164.7,45.09,31.1,39.6,,9.83,5.64,24.67,12.22,56.5,23.36,4.08,33.13,4.92,17.94,38.02,3.4,31.57,23.95,6.06,67.22,10.89,47.92,4.44,220.1,8.03,151.91,49.76,39.45,5.24,6.85,15.99,61.54,6.65,7.04,33.76,42.15,22.31,7.22,15.51,4.79,383.99,166.8,6.65,117.1,6.71,135.88,61.06,3.96,7.43,9.37,24.3,2.24,28.25,61.74,38.6,40.83,26.79,206.61,32.34,1.19,15.97,11.05,5.11,6.28,55.38,10.91,374.11
2020-07-23,213.5,71.73,79.0,5.82,1676.0,35.6,70.19,281.5,114.98,18.66,191.85,205.23,57.38,15.99,30.54,239.89,78.78,5.03,14.98,28.24,27.53,88.99,88.27,28.9,4.78,99.37,19.19,3.27,6.13,60.09,69.99,24.11,4.86,35.54,4.44,21.72,23.53,28.0,4.54,6.23,16.84,66.34,210.07,20.06,15.76,10.84,44.61,21.8,52.0,35.4,14.01,92.01,21.83,39.72,30.34,8.01,42.48,4.26,6.72,11.69,23.44,61.21,13.03,352.6,8.58,11.53,8.32,3.41,6.27,24.58,22.24,,5.19,160.49,44.23,31.69,38.67,,9.73,5.61,24.86,11.49,59.14,22.94,4.03,32.3,4.88,17.61,37.23,3.39,31.08,23.53,6.0,66.23,11.0,52.71,4.42,214.0,7.86,150.52,48.32,40.15,5.24,6.68,15.91,61.48,6.5,7.39,35.59,40.75,22.05,7.15,15.58,4.71,397.8,169.5,6.55,120.0,6.64,140.7,61.97,3.88,7.32,9.26,24.04,2.24,26.42,67.91,37.9,40.87,26.26,227.27,34.41,1.2,15.93,11.41,5.05,6.32,54.45,11.87,383.5
2020-07-24,198.68,68.3,77.0,5.63,1595.3,34.6,66.5,259.33,107.05,18.2,178.59,199.97,53.1,15.66,28.5,225.59,71.95,4.98,14.16,26.0,25.01,83.0,82.72,27.17,4.52,94.79,18.35,3.23,5.97,57.16,65.1,23.49,4.77,34.03,4.22,22.28,21.86,26.66,4.5,6.15,16.16,62.11,201.39,19.46,15.48,10.42,41.95,21.1,48.69,33.63,13.5,89.25,20.53,37.92,29.37,7.94,39.35,4.09,6.1,11.75,22.2,56.3,12.34,332.39,8.2,11.15,8.13,3.35,6.12,23.32,20.91,,5.06,151.5,42.6,30.08,36.87,,9.36,5.52,23.31,11.33,56.08,21.8,4.0,30.3,4.79,16.57,35.95,3.23,28.37,23.43,5.86,63.55,10.93,51.2,4.31,199.35,7.76,140.4,44.35,40.45,5.1,6.32,15.15,55.33,6.2,7.24,32.95,38.68,20.7,6.91,14.96,4.62,384.0,162.88,6.44,113.98,6.21,137.07,59.19,3.78,7.08,9.42,22.8,2.16,25.58,65.8,35.4,38.08,24.75,204.54,34.21,1.16,15.23,10.93,4.91,5.98,51.89,12.25,345.15
2020-07-27,191.3,68.61,76.43,6.02,1622.55,34.25,67.18,234.01,106.78,18.53,177.21,190.45,52.68,15.54,28.5,224.68,70.82,4.97,14.01,25.78,24.84,83.52,84.6,27.0,4.47,95.39,18.41,3.22,6.0,56.78,65.88,23.55,4.76,33.9,4.39,21.13,21.24,26.89,4.46,6.22,16.29,63.65,204.1,20.3,15.54,10.37,42.45,21.13,48.3,36.99,13.24,87.16,20.45,38.28,29.51,8.04,39.55,4.07,6.04,12.02,22.42,54.62,12.46,334.0,8.23,11.26,8.1,3.33,6.06,24.2,20.78,,5.03,147.87,43.21,28.75,36.47,,9.47,5.52,24.55,12.27,55.07,21.35,4.01,31.25,4.77,16.26,35.95,3.26,29.03,23.51,5.8,67.29,11.79,53.8,4.31,197.0,7.7,138.61,45.5,43.98,5.07,6.38,15.15,54.33,6.11,7.6,33.99,41.78,20.65,7.01,14.97,4.59,352.04,163.86,6.44,115.05,6.52,144.99,58.94,3.75,7.0,10.12,22.92,2.22,26.45,65.95,35.33,36.89,24.89,199.69,35.31,1.16,16.02,10.61,4.89,5.95,51.62,13.48,336.97
2020-07-28,197.52,70.45,76.38,5.76,1670.0,34.58,67.11,238.64,108.9,18.66,176.24,188.0,55.95,15.6,28.4,225.01,72.56,4.98,14.21,26.93,24.89,83.91,85.0,27.21,4.59,94.6,18.26,3.23,5.99,56.97,71.78,23.59,4.76,35.36,4.53,21.27,21.59,27.69,4.47,6.2,16.21,66.18,214.0,19.75,15.59,10.39,42.43,21.02,50.31,36.72,13.34,90.24,20.35,38.38,29.4,8.08,39.2,4.16,6.13,12.32,23.24,56.33,12.4,339.99,7.93,11.58,8.11,3.33,6.08,24.26,20.8,,5.03,147.21,42.24,29.08,36.61,,9.38,5.53,24.2,12.44,56.75,22.25,4.01,30.45,4.79,16.36,36.0,3.27,29.65,23.9,5.8,67.98,11.23,53.07,4.29,199.84,7.82,137.6,47.25,42.4,5.08,6.3,15.22,55.6,6.19,7.66,37.16,43.32,20.79,7.19,15.26,4.61,364.78,174.0,6.48,116.9,6.43,146.19,60.79,3.77,7.03,10.24,23.3,2.26,26.38,63.75,35.11,37.59,25.76,206.7,37.54,1.17,15.8,10.56,4.91,6.17,51.9,14.83,328.78
2020-07-29,204.18,73.38,77.3,5.74,1672.0,35.07,71.63,241.5,109.6,18.57,189.2,200.18,57.65,15.81,29.77,233.96,75.07,5.02,14.51,27.77,26.7,86.93,88.9,28.8,4.68,95.85,18.87,3.25,6.07,59.4,72.07,24.32,4.8,35.87,4.55,21.28,22.64,28.75,4.5,6.24,16.6,65.65,214.98,20.2,15.66,10.51,44.3,21.42,51.33,37.8,13.54,91.1,21.0,39.54,29.99,8.07,42.0,4.39,6.32,13.31,23.52,59.0,12.74,342.98,8.09,11.8,8.26,3.37,6.14,24.91,21.14,,5.08,153.73,43.69,29.66,38.28,,9.59,5.59,26.62,12.44,58.11,22.96,4.02,31.93,4.86,18.0,37.16,3.29,32.26,24.13,5.87,70.0,11.3,54.48,4.35,207.17,7.91,141.88,48.77,42.79,5.15,6.42,15.64,57.0,6.29,7.82,39.62,43.94,21.88,7.24,15.49,4.66,382.3,174.0,6.54,118.19,6.63,148.6,61.8,3.83,7.19,10.29,23.41,2.26,26.77,64.7,36.95,38.31,26.11,214.0,38.04,1.18,15.88,10.77,4.97,6.27,53.61,16.31,346.1
2020-07-30,205.35,71.1,76.03,5.65,1680.0,34.56,70.97,243.17,110.02,18.33,189.54,208.14,56.6,15.65,29.56,229.66,75.69,4.98,14.29,27.43,26.11,85.0,87.77,28.51,4.59,94.97,18.4,3.23,6.02,57.48,69.88,23.95,4.77,36.02,4.47,21.08,22.48,28.2,4.46,6.2,16.22,67.07,216.32,20.8,15.45,10.4,43.53,21.31,49.89,37.29,13.37,91.04,20.63,38.91,29.47,8.05,41.88,4.37,6.16,13.91,23.16,58.21,12.52,338.15,8.71,11.57,8.29,3.34,6.12,24.4,21.14,,5.04,152.61,43.22,29.15,37.52,,9.49,5.54,27.83,12.06,57.81,23.21,3.99,32.0,4.84,,36.23,3.3,31.4,23.89,5.85,70.29,10.92,57.32,4.35,203.4,7.82,138.87,48.87,41.35,5.09,6.37,15.48,55.27,6.24,8.21,38.89,44.75,21.66,7.22,15.21,4.63,379.98,179.09,6.54,118.19,6.78,147.0,60.8,3.77,7.17,10.57,22.85,2.23,26.5,65.55,36.14,37.81,25.14,223.3,37.32,1.17,15.69,11.85,4.92,6.19,52.56,17.94,357.6
2020-07-31,212.17,72.57,75.9,5.85,1678.18,34.8,71.75,249.6,113.0,18.37,208.49,220.39,58.59,15.66,29.96,231.5,82.21,4.96,14.59,29.35,26.67,85.39,88.39,28.77,4.67,94.38,18.48,3.23,6.05,56.91,70.75,24.06,4.76,36.63,4.4,20.71,23.05,28.62,4.45,6.2,16.19,67.59,217.5,21.0,15.33,10.36,44.38,21.11,50.26,36.99,13.34,91.48,20.79,39.17,29.51,8.09,44.53,4.33,6.26,13.84,23.38,59.08,12.41,346.99,8.73,11.67,8.28,3.33,6.12,24.4,21.25,,5.03,154.14,43.8,28.97,37.96,,9.44,5.54,28.3,12.1,60.2,23.72,4.0,31.34,4.83,,36.62,3.29,32.85,23.75,5.84,70.92,11.34,56.8,4.34,205.64,7.76,143.09,51.0,43.01,5.08,6.35,15.6,55.96,6.25,8.24,42.7,42.76,21.53,7.16,15.0,4.64,392.99,180.34,6.49,117.98,6.78,150.08,60.9,3.78,7.44,10.32,22.92,2.28,26.78,63.93,36.49,38.0,25.3,243.0,36.87,1.17,16.19,13.0,4.92,6.06,52.86,19.73,363.0
2020-08-03,215.6,77.91,76.44,5.84,1668.0,35.0,72.49,249.5,112.93,18.33,229.34,249.49,59.24,15.77,30.41,232.55,84.0,4.98,14.89,29.6,27.74,86.17,91.06,29.27,4.8,93.2,18.91,3.24,6.1,57.32,71.54,24.49,4.77,38.1,4.54,21.66,23.46,29.64,4.48,6.27,16.99,67.6,217.72,20.45,15.59,10.41,46.62,21.5,52.9,38.53,13.59,93.42,21.32,39.5,30.06,8.1,47.65,4.76,6.34,13.5,24.35,60.64,13.1,344.96,8.68,11.94,8.32,3.34,6.15,26.81,21.71,,5.08,158.65,45.79,29.45,38.9,,9.7,5.56,28.54,12.21,60.38,24.2,4.01,31.55,4.87,19.8,37.75,3.37,34.41,24.5,5.93,70.93,11.23,57.7,4.42,201.42,7.84,147.12,51.6,42.64,5.17,6.5,16.08,57.29,6.49,8.25,43.21,43.28,21.5,7.7,15.5,4.68,425.0,180.01,6.52,117.51,7.04,149.44,62.9,3.82,7.5,10.28,23.65,2.29,29.0,68.79,37.43,39.02,25.74,238.5,40.56,1.18,16.29,13.11,4.97,6.02,54.5,21.7,363.01
2020-08-04,210.69,76.66,78.67,5.79,1669.99,36.68,72.05,235.0,114.26,18.35,213.0,228.77,57.31,16.16,30.22,233.9,81.08,5.05,14.68,28.75,27.21,89.0,88.1,28.59,4.75,93.98,18.95,3.27,6.24,57.17,74.58,24.09,4.82,37.77,4.68,21.11,22.81,28.82,4.53,6.28,17.02,66.89,215.8,19.88,15.64,10.66,45.75,21.81,52.2,38.93,14.04,93.09,21.42,38.88,30.84,7.99,46.12,4.75,6.21,13.82,24.12,60.2,12.9,341.51,8.48,11.67,8.45,3.38,6.25,26.93,21.78,,5.14,157.0,45.43,30.67,37.9,,10.03,5.65,28.29,11.68,58.3,23.97,4.04,30.87,4.93,20.72,37.47,3.4,33.34,24.34,5.97,69.98,11.07,58.51,4.42,197.67,8.08,146.86,50.72,42.14,5.17,6.55,16.18,58.77,6.4,7.99,41.05,45.25,21.41,7.7,15.54,4.75,408.9,178.58,6.56,117.1,7.02,148.4,64.58,3.92,7.39,10.5,23.97,2.31,28.72,63.8,39.27,38.55,25.32,223.55,39.59,1.18,16.86,12.78,4.99,5.96,58.78,23.87,362.6
2020-08-05,210.35,77.08,77.13,6.04,1668.0,36.3,71.4,236.92,117.0,18.17,215.0,226.2,57.18,15.9,29.91,236.3,83.0,5.0,14.61,28.93,27.67,88.15,90.01,28.62,4.77,92.79,18.75,3.24,6.16,56.85,73.93,24.15,4.78,37.73,4.85,21.22,22.97,28.88,4.5,6.24,16.7,68.5,217.48,20.16,15.52,10.51,47.46,21.31,52.86,39.01,13.76,94.7,21.17,39.14,30.24,7.83,48.18,4.78,6.43,13.56,24.43,60.5,14.19,344.32,8.76,11.7,8.33,3.35,6.21,27.19,22.06,,5.07,159.05,45.18,30.46,37.81,,9.86,5.59,28.23,11.75,58.36,23.67,4.02,31.18,4.87,21.88,37.42,3.43,33.02,23.92,5.89,69.83,11.59,57.92,4.38,201.97,7.92,147.05,51.0,44.86,5.12,6.48,15.72,58.15,6.33,8.06,41.38,46.44,21.02,7.73,16.22,4.67,409.48,178.02,6.52,118.86,6.92,149.35,66.34,3.86,7.44,10.6,24.0,2.32,28.68,64.75,38.5,38.04,25.23,223.85,42.55,1.2,16.92,12.79,4.92,6.05,57.15,26.26,355.2
2020-08-06,211.5,75.4,77.15,6.57,1637.96,37.02,70.6,243.83,114.4,18.07,217.97,220.0,56.24,15.98,32.08,230.15,84.82,5.02,14.5,28.43,28.67,88.73,88.93,28.22,4.93,91.0,19.15,3.25,6.18,56.22,73.26,23.75,4.78,37.13,4.92,21.8,22.59,28.45,4.53,6.22,16.41,69.7,211.02,19.86,15.46,10.53,47.96,20.97,51.73,38.37,13.9,93.0,21.86,38.71,30.48,7.83,48.85,4.81,6.78,13.62,23.92,60.12,14.08,335.0,8.76,11.47,8.34,3.36,6.19,28.0,21.61,,5.06,156.04,44.7,31.59,38.76,,10.04,5.6,28.31,11.27,55.81,22.8,4.03,31.4,4.88,21.28,38.7,3.48,32.9,23.34,5.88,68.15,11.92,55.5,4.38,197.18,7.98,148.88,49.8,45.61,5.1,6.41,16.11,57.3,6.31,8.01,40.26,46.46,21.64,7.78,16.86,4.66,400.0,170.15,6.51,114.73,7.02,150.68,64.18,3.89,7.32,11.18,23.59,2.48,27.79,71.23,39.55,38.65,25.08,218.26,46.55,1.2,17.08,12.35,4.93,5.88,58.0,27.6,351.3
2020-08-07,204.29,71.94,76.33,6.64,1631.0,36.61,70.55,227.44,111.9,18.08,208.4,208.21,53.65,15.73,31.96,220.89,80.47,4.98,14.3,27.17,26.93,85.38,88.11,27.52,4.79,91.2,18.6,3.23,6.11,56.25,71.07,23.44,4.76,36.43,4.76,22.35,21.77,27.58,4.45,6.2,16.41,67.57,207.26,19.85,15.36,10.43,46.5,21.17,51.47,38.72,13.7,90.82,20.93,38.9,29.99,7.7,45.97,4.73,6.58,13.02,24.29,58.07,14.61,327.37,9.1,11.27,8.29,3.34,6.18,28.82,21.87,,5.11,150.91,43.08,31.89,37.56,,10.04,5.56,28.43,11.07,54.32,22.6,3.99,29.95,4.84,22.59,37.99,3.37,30.74,22.93,5.93,67.7,11.45,58.2,4.33,188.78,7.96,140.6,48.96,44.52,5.03,6.41,15.56,56.08,6.18,8.41,38.63,44.61,20.79,7.66,16.61,4.63,393.0,167.24,6.46,111.0,6.65,152.49,63.18,3.82,7.11,11.73,23.32,2.41,26.74,73.4,38.22,39.45,24.43,220.88,51.21,1.19,16.61,12.27,4.87,5.82,54.96,30.36,334.36
2020-08-10,200.68,70.46,77.01,6.33,1633.99,37.0,72.0,222.5,113.2,18.06,220.8,220.99,52.43,15.83,33.21,218.04,77.89,4.99,14.41,26.96,26.5,81.98,89.02,27.9,4.8,90.79,18.9,3.23,6.19,56.3,69.94,23.59,4.78,36.42,4.57,22.16,21.72,27.35,4.47,6.25,16.35,66.9,205.94,21.84,15.46,10.52,46.32,21.05,52.22,37.96,13.95,91.75,21.09,38.34,30.56,7.77,45.29,5.02,6.49,13.29,24.4,57.51,13.72,323.48,9.05,11.4,8.35,3.35,6.21,29.19,21.71,,5.22,151.67,43.31,33.54,38.23,,10.39,5.6,30.08,11.07,53.25,22.39,4.0,31.7,4.87,22.33,38.06,3.36,29.52,23.17,6.17,67.4,11.34,58.68,4.46,191.51,8.05,141.83,47.94,43.16,5.1,6.48,15.77,54.4,6.35,8.72,38.01,43.57,20.95,7.46,15.81,4.66,399.98,166.87,6.54,111.9,6.19,152.01,63.0,3.85,7.21,12.63,22.97,2.34,26.89,69.55,40.25,36.2,24.51,213.7,50.12,1.18,15.95,12.18,4.91,6.13,59.05,31.5,324.88
2020-08-11,198.42,69.19,76.77,6.03,1642.51,37.54,71.3,221.49,113.25,18.07,219.8,211.91,52.18,15.84,31.31,215.66,76.4,4.98,14.16,26.73,25.19,81.0,86.6,27.69,4.69,91.78,18.62,3.23,6.17,55.87,68.2,23.43,4.77,36.0,4.43,23.59,21.22,27.54,4.45,6.21,16.05,66.7,209.0,23.1,15.37,10.47,44.4,20.86,52.89,39.35,14.13,93.93,20.65,38.03,30.8,7.74,43.51,5.19,6.24,13.12,23.66,56.46,13.87,316.5,8.96,11.2,8.4,3.35,6.2,29.31,20.89,,5.14,148.64,42.15,33.03,37.16,,10.66,5.58,27.07,10.68,52.64,21.98,3.99,33.59,4.85,21.7,36.77,3.28,29.1,23.39,6.03,66.08,11.05,57.0,4.58,187.0,8.11,138.82,47.64,41.39,5.06,6.46,15.44,54.1,6.47,8.61,37.24,41.66,20.5,7.17,15.53,4.65,378.0,166.21,6.51,112.86,6.04,153.93,63.06,3.85,7.07,12.1,22.57,2.28,26.1,67.8,39.54,36.16,25.5,214.28,51.08,1.17,15.36,11.99,4.89,6.08,57.74,28.35,319.58
2020-08-12,195.73,67.66,77.16,5.7,1626.95,37.79,69.66,217.76,109.15,18.02,212.62,214.99,53.2,16.01,31.09,211.5,75.23,4.99,15.14,27.4,24.68,81.98,85.66,27.99,4.69,90.01,18.15,3.24,6.2,55.74,67.16,23.42,4.77,35.32,4.38,22.35,21.11,27.72,4.46,6.3,15.7,64.44,206.47,20.81,15.55,10.56,44.53,20.31,50.62,40.0,14.38,92.7,20.7,38.62,31.28,7.66,44.88,5.21,6.29,12.68,23.48,55.22,13.26,312.5,8.8,11.18,8.43,3.34,6.21,28.0,21.08,,5.32,145.16,41.3,32.99,36.12,,10.72,5.62,26.91,10.37,50.97,21.76,3.99,33.6,4.86,21.61,36.37,3.23,30.0,23.5,6.06,64.56,10.15,55.36,4.68,187.05,8.28,139.09,46.53,39.3,5.1,6.34,15.41,57.8,6.59,8.58,40.09,43.24,20.01,6.92,15.19,4.63,365.0,161.34,6.62,110.9,5.92,153.72,60.04,3.87,7.05,12.34,22.66,2.25,25.59,65.66,39.37,36.88,28.05,206.65,47.55,1.16,15.01,11.73,4.91,6.02,58.9,25.52,331.66
2020-08-13,195.99,67.92,76.6,5.72,1635.0,37.33,70.01,212.5,107.13,18.02,205.0,210.65,52.2,15.94,30.89,210.63,75.18,4.98,15.17,26.97,24.91,81.8,88.2,27.88,4.85,88.88,18.47,3.24,6.24,55.78,65.84,23.43,4.76,34.84,4.31,22.39,21.17,28.0,4.47,6.29,15.66,65.95,206.9,20.85,15.53,10.51,43.71,20.23,52.55,39.64,14.18,92.0,20.63,38.19,30.78,7.72,44.17,5.11,6.26,12.69,23.29,54.89,13.4,313.0,8.76,11.23,8.39,3.33,6.2,28.08,20.91,,5.29,144.0,41.06,32.23,35.75,,10.96,5.59,26.63,10.59,50.39,22.1,4.01,33.19,4.86,21.49,36.6,3.22,29.38,23.73,6.05,64.98,10.14,56.09,4.58,182.97,8.26,139.3,45.65,38.88,5.31,6.31,15.48,55.77,6.46,8.45,38.83,42.0,20.11,6.95,15.16,4.64,366.32,162.36,6.62,111.18,5.92,153.09,60.26,3.86,7.17,12.66,22.94,2.26,26.14,64.86,38.94,36.3,26.87,204.49,49.0,1.19,15.02,11.82,4.95,5.95,58.75,23.79,338.75
2020-08-14,200.37,69.8,78.19,5.78,1661.0,38.0,72.04,212.68,107.88,18.21,208.0,207.1,53.8,16.1,31.37,212.1,75.55,5.02,15.03,27.16,25.33,81.93,88.94,28.01,4.94,89.5,19.0,3.25,6.44,56.25,67.4,23.37,4.79,35.24,4.35,23.19,22.02,28.32,4.48,6.31,15.92,67.48,212.9,20.93,15.63,10.59,44.34,20.4,55.13,39.84,14.47,92.28,20.92,38.37,32.03,7.78,45.48,5.21,6.29,12.84,23.46,56.47,13.47,315.72,8.68,11.26,8.53,3.35,6.23,28.54,21.18,,5.3,145.56,42.95,33.56,36.3,,11.64,5.63,26.85,10.64,52.24,22.49,4.02,33.29,4.9,22.3,38.45,3.25,30.1,23.78,5.92,66.2,10.2,56.35,4.54,186.28,8.6,141.84,46.19,39.21,5.32,6.35,15.66,54.7,6.42,8.65,40.7,42.11,20.49,6.99,15.3,4.69,369.99,166.9,6.64,117.59,5.96,155.0,60.64,3.93,7.18,12.38,22.73,2.28,26.29,66.15,42.83,37.28,25.59,207.25,49.81,1.19,15.1,11.71,4.95,6.12,62.5,23.4,346.0
2020-08-17,196.62,69.98,81.1,6.11,1690.0,39.05,72.13,219.08,106.91,18.37,213.19,207.7,53.87,16.5,32.97,214.99,76.02,5.09,15.28,28.1,26.18,82.92,90.0,28.52,5.23,90.9,19.9,3.3,6.57,56.8,66.55,23.68,4.86,35.35,4.47,23.49,24.22,28.81,4.54,6.4,16.23,67.19,219.99,21.05,16.01,10.84,45.75,21.3,55.47,40.04,15.19,91.71,21.72,40.25,33.71,7.99,47.13,5.42,6.65,13.3,23.66,58.6,13.93,314.0,8.66,11.62,8.72,3.4,6.37,30.17,22.03,,5.35,148.02,43.24,34.57,36.99,,12.4,5.72,27.42,10.77,53.42,22.32,4.07,33.98,5.02,24.09,39.0,3.31,31.47,24.2,5.99,66.4,10.65,56.02,4.58,183.71,9.0,148.28,47.13,40.94,5.34,6.51,16.27,55.38,6.57,8.65,41.2,42.87,22.54,7.12,15.56,4.83,360.0,171.5,6.72,123.9,6.2,155.4,60.77,4.1,7.3,13.49,22.35,2.33,27.49,68.04,47.11,38.44,25.32,207.2,51.0,1.2,15.54,12.04,5.06,6.73,67.21,24.99,318.6
2020-08-18,199.28,67.98,79.75,6.36,1705.0,38.85,71.8,213.81,109.08,18.24,214.23,210.86,52.72,16.26,33.14,213.98,74.28,5.05,15.18,27.75,26.19,82.18,87.16,28.01,5.24,93.4,19.65,3.27,6.46,56.02,63.59,23.56,4.82,36.14,4.45,23.12,23.78,27.56,4.53,6.36,16.13,68.99,220.57,21.0,16.06,10.69,45.85,21.19,55.64,39.07,15.15,91.17,21.51,39.75,33.27,8.02,46.91,5.34,6.74,13.2,23.24,58.87,13.8,319.0,8.83,11.56,8.58,3.36,6.32,29.9,22.42,,5.27,146.44,43.3,34.7,37.06,148.0,11.93,5.68,27.2,11.2,52.56,21.74,4.06,33.4,4.99,23.78,38.58,3.33,30.97,24.15,5.98,68.64,11.45,56.8,4.61,182.66,8.8,145.8,47.5,42.5,5.42,6.48,16.08,55.52,6.56,8.5,40.18,42.46,23.49,7.07,15.27,4.78,378.0,172.52,6.68,125.66,6.16,158.33,61.2,4.02,7.35,13.32,22.77,2.35,27.01,68.07,49.49,41.02,24.93,210.95,51.5,1.2,15.63,11.91,5.04,6.61,66.58,25.94,315.93
2020-08-19,190.19,65.17,78.17,6.5,1687.0,38.35,70.12,205.2,106.28,18.53,207.8,200.0,50.29,16.04,32.69,206.85,71.84,5.03,14.85,26.9,25.16,79.65,86.24,27.03,5.13,92.73,19.48,3.25,6.46,55.19,63.5,23.31,4.79,34.99,4.42,22.8,23.33,27.37,4.52,6.29,15.72,67.66,222.2,19.91,16.0,10.58,44.19,21.26,56.42,38.14,15.1,89.6,21.06,38.65,31.93,8.01,44.08,5.38,6.53,14.38,22.5,58.35,13.86,309.0,9.0,11.32,8.47,3.34,6.27,28.56,22.65,,5.23,141.9,44.15,35.07,36.0,146.99,11.72,5.63,26.5,11.03,50.09,21.64,4.06,32.51,4.95,23.28,37.85,3.31,30.7,24.26,5.96,70.71,11.15,53.54,4.62,187.3,8.83,140.89,45.78,30.28,5.39,6.59,15.87,54.21,6.58,8.18,37.81,42.3,22.5,7.03,15.1,4.77,371.0,171.43,6.65,127.87,6.17,163.83,63.22,3.95,7.3,13.43,22.77,2.37,26.19,64.33,45.76,40.08,25.71,200.0,47.9,1.19,15.73,11.57,5.03,6.48,63.71,23.35,310.0
2020-08-20,188.42,64.99,77.6,6.32,1664.0,37.52,69.04,201.51,105.51,18.98,199.0,201.0,51.31,15.89,31.98,205.9,72.1,5.0,14.83,27.02,25.18,78.55,85.11,26.42,5.18,91.7,19.22,3.24,6.46,54.13,63.5,23.03,4.77,34.07,4.48,22.09,23.29,26.92,4.46,6.25,15.48,68.8,216.44,19.3,15.86,10.47,44.48,21.31,53.8,37.81,14.59,89.81,20.84,38.85,32.03,7.85,44.67,5.18,6.47,14.35,22.22,57.08,13.2,310.39,8.52,11.23,8.39,3.33,6.2,28.51,22.44,,5.17,142.84,42.61,33.97,36.14,128.48,11.42,5.59,26.45,10.75,48.58,20.65,4.03,32.29,4.9,23.06,37.37,3.26,31.8,23.88,5.87,69.13,10.85,51.42,4.53,183.0,8.6,140.0,45.19,29.07,5.31,6.49,15.61,52.14,6.68,8.16,40.09,43.59,21.66,6.86,14.62,4.7,350.9,167.06,6.59,125.36,6.02,164.16,61.13,3.9,7.49,12.95,23.54,2.31,26.14,59.91,43.98,40.63,24.6,194.0,46.61,1.18,15.6,11.43,5.04,6.37,62.42,21.02,303.66
2020-08-21,192.23,65.3,78.25,6.2,1676.0,37.77,69.38,204.95,105.5,18.99,199.4,197.68,53.62,15.94,31.92,205.8,71.87,5.01,14.8,27.25,26.15,79.58,86.3,24.94,5.19,91.8,19.54,3.24,6.41,54.22,63.74,21.93,4.77,34.89,4.48,21.87,22.8,27.08,4.46,6.26,15.39,69.2,218.4,19.5,15.82,10.5,45.08,21.1,55.32,37.65,14.45,89.74,21.22,38.88,32.27,7.92,43.2,5.29,6.55,14.4,22.62,57.51,12.93,317.72,8.4,11.25,8.39,3.33,6.22,28.44,22.39,,5.18,139.5,45.58,34.89,35.78,130.22,11.53,5.6,26.05,10.87,49.62,22.03,4.03,32.67,4.9,23.0,38.85,3.29,32.14,23.81,5.89,71.61,10.65,54.0,4.7,188.01,8.65,141.2,47.32,28.78,5.35,6.41,15.83,51.8,6.74,8.23,42.88,44.18,21.8,7.17,14.79,4.72,356.0,172.12,6.59,127.86,6.26,165.5,60.1,3.9,7.14,12.84,24.82,2.32,25.71,60.39,44.7,40.04,24.38,199.38,46.0,1.18,15.59,11.33,5.08,7.01,63.35,21.5,309.0
2020-08-24,202.01,66.39,77.8,6.7,1696.35,37.5,70.37,197.9,105.49,18.91,194.7,193.93,57.45,15.85,31.8,205.89,72.0,4.99,14.99,28.32,25.93,81.44,86.4,25.2,5.46,92.42,19.39,3.23,6.39,54.14,66.58,21.53,4.76,35.22,4.4,21.91,23.38,27.9,4.46,6.24,15.81,71.2,225.0,20.78,15.93,10.46,45.92,21.98,56.06,38.6,14.46,90.69,21.23,38.49,31.4,7.93,42.39,5.19,6.77,14.51,23.03,60.0,13.1,317.78,8.41,11.27,8.38,3.32,6.22,28.42,22.8,,5.17,140.95,45.44,33.37,35.78,131.71,11.42,5.58,26.16,10.84,52.64,22.35,4.04,33.65,4.89,22.97,38.23,3.27,35.42,24.6,5.88,72.97,10.86,58.3,4.74,188.65,8.7,143.59,50.93,29.03,5.3,6.49,15.89,53.35,6.71,8.15,43.26,42.99,21.89,7.21,14.89,4.69,348.0,177.79,6.58,128.06,6.3,165.06,63.0,3.86,7.18,12.88,24.63,2.29,25.72,60.63,43.62,41.38,24.51,203.52,46.51,1.17,15.45,11.42,5.02,7.71,61.66,20.97,294.82
2020-08-25,199.92,68.63,78.11,6.6,1727.0,37.58,69.98,189.98,106.49,18.55,195.39,190.49,56.26,15.87,31.68,205.8,70.82,5.0,15.09,28.76,26.45,81.24,84.0,25.6,5.35,93.99,19.45,3.23,6.31,54.29,67.38,21.67,4.77,35.25,4.28,21.09,24.07,27.48,4.45,6.22,15.72,69.56,235.6,20.69,15.8,10.45,45.35,22.42,57.48,38.38,14.6,90.2,21.14,38.22,31.25,7.76,42.1,5.22,6.62,15.15,23.88,59.81,12.65,322.1,8.14,11.21,8.36,3.32,6.21,28.8,23.05,,5.15,144.1,31.28,34.45,35.94,119.8,11.53,5.56,25.73,10.91,53.88,22.08,4.03,33.9,4.9,23.24,38.13,3.22,36.77,24.24,5.85,72.92,10.66,58.85,4.64,180.17,8.63,155.97,49.91,28.49,5.23,6.6,15.73,52.55,6.59,8.01,43.78,41.16,21.23,7.08,14.78,4.68,332.25,186.56,6.58,138.37,6.05,167.18,62.84,3.87,7.13,12.66,25.99,2.26,25.72,58.2,43.63,41.11,23.8,210.31,43.82,1.16,15.13,11.33,4.96,7.76,61.94,20.1,294.66
2020-08-26,194.4,65.94,76.8,6.53,1727.0,37.23,69.29,176.4,106.9,18.72,184.7,175.8,54.97,15.71,30.73,191.27,66.26,4.98,14.54,29.15,25.28,83.42,81.31,24.59,5.05,94.58,19.34,3.23,6.26,53.4,64.82,21.01,4.75,35.82,4.16,20.72,23.04,25.88,4.43,6.18,15.4,69.32,236.65,20.1,15.56,10.37,45.2,22.25,56.0,37.69,14.37,89.2,20.61,38.04,30.61,7.8,40.68,5.23,6.44,15.0,23.67,59.27,12.17,317.09,8.06,10.79,8.25,3.29,6.16,27.96,22.84,,5.1,137.3,31.33,34.49,35.61,109.6,11.23,5.53,25.01,10.58,50.43,21.88,4.05,33.14,4.87,22.6,37.13,3.19,34.1,23.4,5.77,80.21,10.5,57.6,4.57,169.6,8.65,153.8,48.24,28.16,5.25,6.44,15.44,49.23,6.73,7.88,42.6,39.93,20.78,6.92,14.44,4.63,329.79,188.1,6.53,138.2,5.93,172.0,64.0,3.83,7.01,12.53,24.35,2.23,25.16,57.34,43.05,39.95,22.05,203.53,41.04,1.16,15.0,11.03,4.9,7.67,58.5,20.81,283.34
2020-08-27,204.95,67.89,76.54,6.48,1731.0,36.9,67.99,182.56,108.3,18.67,189.0,190.0,55.2,15.71,30.97,192.89,67.23,4.97,14.65,27.77,25.52,85.42,83.16,24.71,5.12,94.11,19.28,3.22,6.3,52.94,67.03,20.69,4.75,36.9,4.19,20.77,22.79,26.08,4.43,6.21,15.47,70.34,238.08,20.95,15.54,10.35,44.62,22.68,58.7,36.99,14.46,88.6,20.97,38.88,30.85,7.98,41.69,5.23,6.65,14.65,23.46,59.68,12.3,327.3,8.14,10.68,8.22,3.28,6.15,28.22,22.51,,5.1,137.27,31.49,34.56,35.43,114.72,11.44,5.53,25.63,10.58,50.12,22.35,4.03,33.7,4.86,22.57,37.25,3.18,34.16,23.5,5.77,79.62,10.77,60.6,4.6,171.93,8.6,155.7,48.29,28.68,5.2,6.45,15.56,51.08,6.77,7.81,42.25,40.25,21.15,7.0,14.66,4.64,339.36,190.47,6.58,142.48,5.93,183.02,65.0,3.83,7.04,12.43,24.65,2.26,25.1,57.9,43.1,40.27,22.28,203.99,41.79,1.16,15.11,11.08,4.9,7.47,60.07,21.28,289.6
2020-08-28,208.3,68.27,77.89,6.65,1757.0,38.45,70.28,174.28,111.0,18.99,190.74,187.06,55.82,15.92,31.99,196.92,66.78,5.0,14.75,27.77,26.33,85.39,83.16,25.07,5.43,95.39,19.7,3.23,6.46,55.04,67.31,20.91,4.77,40.59,4.23,21.11,23.06,27.14,4.45,6.22,14.9,74.56,240.5,21.75,15.85,10.46,45.45,22.35,57.89,37.96,15.13,89.73,21.7,38.83,31.53,8.18,42.08,5.36,6.76,14.71,23.83,59.42,12.47,339.32,8.22,10.88,8.36,3.3,6.21,28.62,23.14,,5.2,139.14,31.41,36.33,36.04,118.19,12.58,5.59,26.08,10.84,50.48,22.32,4.03,33.99,4.88,23.24,37.52,3.2,35.44,24.96,5.84,87.58,10.76,62.96,4.61,175.31,8.96,165.07,48.58,28.98,5.22,6.49,15.93,51.4,6.61,7.86,42.87,40.62,21.76,7.01,14.9,4.68,319.03,193.38,6.6,151.49,6.08,180.9,67.17,3.88,7.09,12.69,26.05,2.31,25.36,58.6,44.77,41.25,22.9,220.3,43.89,1.18,15.45,11.53,4.98,7.62,61.69,21.33,292.17
2020-08-31,206.35,67.09,76.62,7.19,1786.5,37.69,70.54,170.0,109.91,19.3,184.3,185.58,55.0,16.16,31.8,199.53,66.68,4.96,14.74,27.79,26.16,85.0,82.52,24.81,5.5,94.87,19.34,3.21,6.42,54.5,66.58,21.04,4.73,41.94,4.28,20.89,23.54,27.98,4.43,6.23,14.82,73.29,240.0,21.93,16.16,10.36,45.19,22.14,55.8,37.42,15.08,87.8,21.41,39.0,30.82,8.13,41.83,5.44,7.08,14.85,24.35,59.21,12.35,342.45,8.17,11.3,8.42,3.28,6.2,28.98,22.4,,5.14,138.65,32.8,35.5,36.1,119.98,12.95,5.55,25.65,11.07,49.01,22.6,4.03,34.25,4.87,22.3,37.69,3.16,34.52,24.68,5.86,85.1,10.9,63.28,4.66,167.83,8.59,167.92,48.9,28.99,5.19,6.21,16.17,50.51,6.46,8.2,41.09,40.16,21.55,7.07,14.7,4.62,330.87,197.22,6.62,149.5,6.11,183.2,65.51,3.84,7.0,12.5,25.79,2.29,25.37,59.05,43.68,40.36,22.7,208.0,44.64,1.16,15.62,10.92,4.94,7.54,59.85,22.6,285.15
2020-09-01,214.25,67.29,76.38,7.34,1801.98,37.42,71.7,171.18,107.68,19.53,185.92,183.99,57.01,16.35,32.11,199.83,65.35,4.96,14.73,27.4,26.29,93.5,82.53,25.11,5.57,93.99,19.44,3.21,6.5,54.75,66.3,21.09,4.72,41.52,4.37,21.05,23.47,28.7,4.41,6.2,14.85,74.26,236.24,22.16,16.15,10.29,45.01,22.2,57.28,37.82,15.14,88.92,21.84,38.67,30.86,8.16,41.39,5.58,7.16,14.87,24.34,58.55,12.52,346.85,8.16,11.74,8.38,3.25,6.2,30.24,22.7,,5.16,141.74,34.77,34.63,35.94,114.0,12.84,5.56,25.89,11.42,49.74,23.9,4.03,34.05,4.86,22.0,38.36,3.17,36.33,24.51,5.84,84.52,11.35,67.28,4.67,168.7,8.44,169.9,48.21,29.79,5.17,6.09,16.54,52.47,6.38,8.09,41.97,40.73,22.15,7.15,14.8,4.63,332.53,195.0,6.6,147.77,6.13,188.68,67.12,3.84,6.98,12.72,25.85,2.34,25.78,60.2,43.94,42.21,22.97,216.8,44.43,1.16,16.23,10.55,4.96,7.4,59.76,23.29,284.0
2020-09-02,211.31,66.8,75.93,7.13,1795.0,37.2,70.93,167.76,109.89,19.65,180.03,180.3,57.33,16.32,31.9,196.92,64.17,4.92,14.77,28.07,26.84,94.3,82.88,25.02,5.74,94.7,19.31,3.19,6.42,54.53,66.53,21.25,4.69,41.6,4.23,20.57,23.15,28.63,4.35,6.2,15.03,73.5,235.0,22.26,15.96,10.18,44.5,23.21,56.5,38.42,15.32,89.29,21.6,38.84,30.66,8.08,37.9,5.37,7.56,14.31,24.07,59.9,12.23,347.3,8.12,11.69,8.38,3.22,6.17,31.45,23.03,,5.1,140.7,34.01,34.22,35.48,110.5,12.44,5.53,25.85,11.4,50.36,23.47,4.0,34.58,4.83,21.9,38.17,3.11,36.74,24.41,5.8,83.98,11.14,68.01,4.66,170.4,8.35,174.01,50.0,28.88,5.13,6.19,16.49,52.78,6.36,8.29,43.82,39.64,22.07,7.04,14.65,4.61,349.85,196.18,6.57,147.1,5.96,198.48,70.99,3.81,7.05,12.32,25.8,2.29,25.6,57.5,44.08,44.6,22.44,223.0,43.0,1.16,15.95,10.45,4.98,7.5,59.38,21.96,282.27
2020-09-03,209.9,66.11,75.39,7.06,1793.0,36.98,70.93,170.09,108.13,20.02,184.99,178.29,55.6,16.28,31.52,202.47,65.08,4.91,14.51,27.58,26.33,92.59,83.1,24.54,5.71,95.0,19.04,3.17,6.45,54.75,64.82,20.88,4.67,41.55,4.19,20.2,21.88,28.49,4.31,6.18,15.15,75.8,238.64,21.9,16.1,10.12,43.44,23.78,54.76,38.42,14.9,88.03,21.37,37.66,30.5,8.08,37.81,5.59,7.45,14.88,23.74,59.9,12.08,343.88,8.01,11.32,8.46,3.22,6.13,31.31,22.43,,5.07,138.0,32.04,33.76,35.06,120.78,12.53,5.53,25.56,11.14,51.84,22.03,3.99,33.6,4.82,21.3,37.23,3.08,36.35,23.75,5.73,83.0,10.89,66.45,4.83,186.12,8.43,166.91,48.75,28.33,5.12,6.1,16.61,51.51,6.26,8.18,43.05,38.99,22.21,6.96,14.39,4.62,322.9,198.01,6.55,150.51,5.9,185.0,69.97,3.79,7.02,12.27,25.9,2.27,25.1,56.9,43.41,43.4,21.39,224.3,43.5,1.16,15.88,10.26,5.02,7.32,58.69,22.04,288.8
2020-09-04,204.26,66.99,74.82,7.0,1770.0,36.8,68.79,174.53,105.22,20.01,187.05,185.39,55.04,16.12,31.04,204.06,66.28,4.9,14.17,27.38,25.91,90.0,83.69,24.73,5.62,93.51,18.78,3.16,6.47,54.83,64.89,20.95,4.65,40.98,4.17,20.3,22.03,28.89,4.31,6.19,15.0,77.5,230.22,21.89,16.17,10.07,42.87,23.18,54.93,37.85,14.96,87.45,21.27,37.48,30.18,8.1,38.21,5.58,7.43,14.96,23.57,59.42,11.95,336.0,7.97,11.23,8.44,3.2,6.11,30.79,21.54,,5.05,138.1,32.06,33.7,35.18,122.05,12.5,5.52,25.46,11.24,50.4,21.61,3.98,32.75,4.81,21.3,36.98,3.06,35.27,23.7,5.7,83.69,10.9,66.4,4.73,187.1,8.41,163.18,47.37,28.46,5.09,6.1,16.3,50.6,6.2,8.25,42.46,39.13,22.05,6.9,14.23,4.58,310.06,193.88,6.52,152.38,5.71,170.79,67.66,3.77,6.94,12.16,26.64,2.32,25.1,57.26,42.5,40.99,21.24,219.8,42.87,1.15,15.45,10.25,5.01,7.24,58.1,21.66,296.0
2020-09-07,186.4,65.03,75.06,7.09,1723.5,36.79,66.7,163.52,100.46,20.08,170.13,165.0,52.29,16.19,29.91,185.51,58.8,4.9,13.94,26.21,24.6,94.74,79.7,24.34,5.38,91.6,18.52,3.14,6.47,55.01,63.0,20.43,4.63,40.38,4.12,19.67,21.85,28.31,4.28,6.21,14.57,72.88,226.89,21.54,16.07,10.01,41.87,22.41,53.89,36.39,14.94,82.82,20.73,36.6,30.1,8.0,36.3,5.8,7.02,15.4,23.21,56.38,11.69,325.01,7.86,11.07,8.41,3.19,6.11,30.69,20.85,,5.01,133.07,30.67,33.14,34.01,102.8,12.06,5.48,25.26,10.97,47.97,20.92,3.96,30.78,4.79,21.09,36.05,3.06,33.5,22.86,5.64,80.59,10.92,62.52,4.63,182.0,8.45,156.95,45.99,27.72,5.06,6.07,15.85,49.06,6.24,8.23,40.43,38.44,21.18,6.86,14.03,4.57,314.77,190.25,6.52,152.0,5.67,161.68,64.2,3.75,6.8,11.36,27.16,2.34,23.63,55.15,40.7,40.91,20.5,209.28,40.99,1.16,15.82,10.15,4.98,7.37,56.8,20.19,268.01
2020-09-08,186.9,61.79,77.14,7.04,1711.4,37.59,66.88,160.86,100.88,20.0,167.09,161.76,52.76,16.51,30.65,185.78,57.55,4.95,14.21,25.99,25.01,91.0,77.77,23.53,5.51,92.33,19.02,3.18,6.59,55.48,61.1,19.73,4.65,39.88,4.1,19.85,21.67,27.69,4.31,6.21,14.86,73.68,221.93,21.53,16.49,10.05,41.58,23.38,53.37,36.3,15.43,82.78,21.08,36.23,31.02,8.43,35.37,6.04,7.04,15.16,23.3,56.0,11.79,328.9,8.09,11.08,8.5,3.21,6.22,30.71,20.94,,5.11,123.98,30.2,33.63,32.64,97.6,13.0,5.51,24.61,11.0,46.47,21.07,3.97,31.06,4.83,21.3,36.35,3.12,34.1,22.33,5.69,80.11,10.8,63.5,4.68,177.05,8.56,157.3,47.02,27.21,5.12,6.13,16.46,50.08,6.25,8.3,38.94,38.29,21.44,6.9,14.2,4.61,307.64,187.93,6.57,141.64,5.85,168.5,63.45,3.8,6.82,11.44,27.54,2.37,24.02,56.02,43.09,40.48,20.38,204.2,40.28,1.19,15.95,10.35,5.05,7.47,61.2,19.49,274.0
2020-09-09,184.32,59.35,76.48,6.73,1688.0,37.6,64.86,160.68,98.18,19.99,155.0,155.23,51.65,16.32,30.09,176.0,54.11,4.94,13.91,25.27,23.96,85.99,73.19,22.4,5.3,90.3,18.7,3.17,6.51,54.5,58.51,18.62,4.63,39.17,4.02,20.1,20.52,26.2,4.28,6.15,14.34,69.7,217.0,20.38,16.26,10.01,39.61,22.39,51.69,36.1,15.21,79.4,20.69,34.76,30.33,8.26,33.99,6.07,6.76,14.38,22.53,52.55,11.36,312.12,8.12,10.8,8.5,3.21,6.18,29.18,20.23,,5.04,116.03,29.75,33.18,30.81,97.88,12.75,5.48,23.45,10.63,45.08,20.52,3.94,28.87,4.8,20.91,34.87,3.14,32.51,21.43,5.66,77.3,10.58,62.85,4.65,171.31,8.48,151.01,46.5,27.04,5.08,6.01,16.12,48.05,6.29,8.29,38.88,36.12,20.67,6.75,13.75,4.59,298.7,188.08,6.56,138.41,5.76,158.9,64.85,3.78,6.71,10.95,25.7,2.39,23.82,57.96,42.7,37.85,19.91,197.18,39.92,1.3,15.41,10.14,5.1,6.96,60.24,18.63,275.0
2020-09-10,184.96,57.32,76.52,6.98,1705.8,37.7,65.9,157.58,97.89,20.07,156.43,153.78,53.1,16.24,30.0,174.5,52.78,4.91,13.56,25.26,23.2,87.09,73.4,22.55,5.09,90.74,18.41,3.16,6.48,54.6,57.29,18.33,4.62,38.82,4.01,19.35,20.19,25.87,4.24,6.14,14.16,71.8,223.2,20.35,16.28,9.96,38.95,22.86,51.5,35.9,15.34,79.2,20.34,32.99,30.61,8.56,34.3,5.99,6.59,13.76,22.68,50.51,11.33,318.11,8.13,10.52,8.43,3.2,6.14,30.14,20.2,,5.03,114.52,27.24,33.04,30.04,91.08,12.63,5.47,23.18,10.25,44.79,20.67,3.92,29.03,4.76,21.32,34.56,3.04,31.91,21.52,5.6,78.48,10.58,63.91,4.57,174.11,8.52,147.99,48.44,26.87,5.04,5.78,15.84,46.85,6.08,8.19,39.0,36.49,20.44,6.88,13.98,4.57,295.75,196.67,6.55,141.58,5.68,160.21,64.8,3.75,6.56,10.7,25.25,2.3,22.57,55.24,44.07,38.68,19.17,205.6,40.3,1.2,15.15,9.88,5.03,6.9,60.8,20.49,271.99
2020-09-11,187.3,59.16,77.21,6.91,1733.0,37.24,66.18,161.96,98.2,20.36,157.2,158.05,55.95,16.13,30.09,178.9,55.23,4.93,13.62,26.22,23.46,91.2,74.59,22.73,5.24,91.81,18.33,3.16,6.33,54.86,58.5,18.5,4.61,38.84,3.98,19.17,20.41,26.15,4.24,6.14,14.17,72.15,227.88,24.42,15.99,9.92,39.23,23.07,52.27,36.18,15.01,78.31,20.29,33.7,30.72,8.56,36.15,5.8,6.99,14.31,22.75,51.18,11.43,328.89,8.47,10.64,8.28,3.2,6.15,31.17,19.9,,5.02,116.18,27.76,32.55,30.99,95.65,12.49,5.46,24.58,10.65,46.82,20.97,3.91,29.2,4.76,21.28,34.7,3.05,34.17,21.63,5.59,79.83,10.64,69.82,4.54,187.72,8.38,148.23,49.72,27.04,5.03,5.76,16.0,47.17,6.03,7.78,42.2,37.12,20.68,6.98,13.97,4.58,305.17,210.02,6.52,146.0,5.62,161.14,67.85,3.72,6.57,10.76,25.81,2.3,22.65,53.87,44.58,40.22,19.56,207.21,40.75,1.18,15.16,10.4,5.03,7.27,60.46,20.28,282.28
2020-09-14,192.78,61.51,78.55,7.14,1766.0,37.35,68.0,164.72,97.6,20.9,153.4,158.9,56.21,16.12,30.05,178.03,54.88,4.93,13.85,26.99,23.61,92.5,79.05,23.0,5.24,91.36,18.35,3.16,6.31,55.28,58.97,18.54,4.62,39.02,4.03,19.11,20.59,26.91,4.26,6.16,14.35,74.08,230.08,24.52,16.06,9.9,39.43,22.94,52.01,36.5,15.3,78.13,20.27,33.48,30.46,8.47,35.99,5.64,7.04,14.5,23.26,51.22,11.61,336.83,8.55,11.07,8.35,3.21,6.13,31.87,20.17,,5.03,115.71,27.17,32.75,31.1,104.28,12.59,5.45,24.58,10.6,48.36,21.46,3.92,29.33,4.79,22.0,35.03,3.06,35.38,21.59,5.6,78.8,10.72,72.82,4.57,191.0,8.57,150.18,54.67,27.05,5.06,5.87,16.0,49.16,6.01,7.44,42.7,38.41,20.55,7.17,14.44,4.59,324.9,211.6,6.5,146.44,5.58,159.0,71.82,3.72,6.56,11.01,26.99,2.31,22.7,53.13,44.09,42.71,20.07,214.3,39.93,1.19,15.27,10.5,5.02,7.26,58.43,19.44,284.8
2020-09-15,194.7,62.9,79.91,7.17,1760.0,37.9,70.42,169.34,98.7,20.59,160.0,170.26,55.49,16.09,30.22,180.5,56.39,4.92,13.73,27.04,23.71,101.3,81.72,22.98,5.22,91.1,18.41,3.16,6.4,55.77,58.33,18.47,4.62,39.93,4.05,19.26,20.72,26.95,4.24,6.16,14.9,75.4,230.33,24.6,16.06,9.86,40.22,24.02,53.79,37.64,15.35,78.71,20.43,33.61,30.42,8.46,36.24,5.72,6.94,14.86,23.47,51.81,11.5,338.11,8.66,10.94,8.38,3.21,6.12,31.99,20.24,,5.06,116.6,27.59,32.86,31.23,105.3,12.49,5.45,24.45,10.62,48.8,21.45,3.92,31.2,4.78,22.13,35.1,3.05,34.28,21.48,5.63,80.95,11.18,71.97,4.55,188.54,8.62,153.7,54.25,27.64,5.03,5.95,15.94,52.3,6.03,7.54,41.4,38.49,20.71,7.05,14.16,4.58,330.18,209.85,6.46,146.21,5.63,162.4,71.88,3.7,6.63,10.82,27.97,2.32,22.78,53.91,44.18,45.77,20.74,222.58,40.25,1.18,15.41,10.44,5.01,7.57,60.42,19.3,289.68
2020-09-16,192.26,61.23,78.6,7.04,1725.1,38.06,69.66,166.77,97.3,20.61,155.97,166.91,54.19,16.14,30.23,178.78,56.7,4.94,13.6,26.34,23.32,105.4,79.39,22.58,5.16,89.74,18.39,3.17,6.49,55.05,58.22,18.15,4.65,39.1,4.04,18.91,20.4,26.37,4.25,6.19,15.02,75.28,226.02,26.29,16.25,9.86,39.49,24.05,53.2,37.47,15.44,75.45,20.44,33.63,30.5,8.58,35.89,5.62,6.79,14.98,23.54,52.0,11.36,328.11,8.71,10.77,8.41,3.21,6.13,33.29,20.39,,5.08,115.1,27.92,32.9,30.91,107.28,12.67,5.47,24.63,10.52,48.69,21.0,3.94,30.7,4.8,22.13,35.15,3.05,33.05,21.12,5.64,78.25,11.04,73.2,4.56,195.88,8.54,150.08,54.41,27.11,5.03,5.96,15.88,53.21,6.02,7.32,40.32,38.65,20.66,7.16,14.08,4.58,324.0,207.99,6.45,143.48,5.6,160.2,71.3,3.71,6.65,10.7,27.79,2.29,22.61,53.02,43.71,46.83,22.3,217.26,39.4,1.18,15.13,10.33,5.06,7.52,60.91,19.78,287.94
2020-09-17,198.4,62.8,79.0,6.8,1670.52,37.87,70.6,174.22,95.28,20.42,160.48,172.6,53.68,15.98,29.61,180.75,57.7,4.94,13.56,26.52,23.47,115.94,81.0,23.96,5.23,86.29,18.1,3.17,6.45,54.8,58.82,19.97,4.64,38.16,3.99,18.8,20.89,27.13,4.23,6.15,16.18,75.9,222.65,28.35,16.15,9.83,39.87,25.06,55.36,36.35,15.57,74.09,20.42,33.38,30.32,8.47,36.15,5.6,,14.97,23.66,52.45,11.39,317.55,8.52,10.75,8.32,3.21,6.15,35.8,20.23,,5.05,122.55,27.79,33.28,31.81,107.0,12.41,5.44,24.75,10.41,49.49,21.13,3.93,31.16,4.79,22.19,35.05,3.02,33.12,20.83,5.58,78.2,10.6,74.5,4.53,193.01,8.5,148.04,56.44,26.16,5.01,6.06,15.76,53.65,6.02,7.13,40.47,38.12,20.36,7.1,14.03,4.57,331.1,197.79,6.43,140.0,5.54,157.67,71.24,3.68,6.79,10.66,27.5,2.28,22.79,53.3,42.95,48.91,22.84,212.13,40.85,1.17,14.99,10.28,5.06,7.63,61.08,19.13,299.94
2020-09-18,198.03,63.3,82.89,7.03,1695.0,38.99,70.28,174.26,96.58,20.71,163.58,175.73,55.7,16.4,30.9,182.8,57.69,4.98,13.82,26.66,25.0,115.5,81.21,23.99,5.27,88.98,18.8,3.2,6.58,55.65,59.03,20.35,4.68,39.35,4.11,19.09,20.96,27.68,4.27,6.19,16.59,74.99,229.52,28.01,16.66,9.94,40.41,25.2,55.45,36.64,16.07,75.3,21.17,33.78,32.44,9.08,36.99,5.82,6.87,15.89,23.79,52.85,11.69,323.85,8.71,10.88,8.45,3.24,6.24,34.93,20.43,,5.24,121.16,28.48,34.29,32.21,105.91,12.93,5.5,25.68,10.59,49.4,21.95,3.96,31.77,4.85,22.73,35.58,3.11,34.31,21.28,5.7,78.9,10.8,72.05,4.61,191.8,8.66,162.1,57.55,26.75,5.1,6.17,16.54,55.8,6.15,7.15,40.86,38.63,21.95,7.22,14.28,4.62,333.99,198.93,6.51,142.17,5.92,158.22,71.27,3.77,6.83,10.94,27.47,2.35,22.87,55.48,47.25,49.71,22.51,216.0,41.57,1.18,15.99,10.34,5.13,8.0,67.19,19.62,302.5
2020-09-21,197.93,63.26,80.93,6.87,1666.8,38.6,70.03,170.77,95.21,20.32,163.57,175.98,54.81,16.44,30.93,179.32,56.46,4.96,13.74,26.51,24.45,105.77,82.1,24.34,5.13,88.5,18.61,3.19,6.54,56.55,57.79,20.36,4.65,38.55,4.07,19.41,20.86,28.04,4.25,6.18,16.0,76.0,224.9,26.57,16.67,9.84,40.37,25.22,55.83,36.26,15.86,73.83,21.0,34.7,32.64,8.93,37.53,5.83,6.66,15.78,23.89,52.08,11.58,319.55,8.85,10.93,8.37,3.22,6.21,34.26,20.18,,5.24,124.49,28.3,34.2,31.94,104.82,12.75,5.45,25.4,10.56,49.41,22.38,3.97,31.23,4.82,22.6,35.82,3.11,33.25,21.03,5.65,77.18,10.82,71.19,4.58,185.95,8.56,156.7,56.75,26.62,5.06,6.12,16.43,55.23,6.09,7.15,39.99,38.0,21.7,7.12,14.18,4.6,328.74,198.29,6.48,140.5,6.03,157.0,71.55,3.74,,10.72,28.57,2.38,22.87,58.4,45.92,49.82,22.25,209.01,42.12,1.17,16.03,10.25,5.11,7.79,64.82,21.19,292.49
2020-09-22,200.5,63.13,79.07,6.56,1665.69,37.88,69.89,167.65,95.03,20.05,158.73,174.3,55.75,16.25,30.62,177.0,55.86,4.93,13.56,25.89,24.31,106.77,80.03,24.18,5.07,89.3,18.52,3.17,6.37,55.5,57.28,20.47,4.61,38.63,3.98,19.02,20.31,27.8,4.14,6.13,15.62,72.01,222.9,26.12,16.45,9.7,39.56,24.73,54.99,36.05,15.57,72.9,20.81,34.27,31.57,8.58,36.55,5.73,6.43,15.48,23.44,51.88,11.24,337.0,8.69,10.66,8.27,3.2,6.19,33.67,19.82,,5.18,122.48,27.75,34.13,31.11,103.04,12.45,5.42,24.76,10.3,48.12,22.02,3.93,30.87,4.78,22.31,34.98,3.05,33.17,20.66,5.6,76.9,10.3,69.99,4.51,185.58,8.42,155.8,56.59,25.81,5.02,5.98,16.35,53.91,5.99,7.14,40.07,36.96,21.58,6.88,13.84,4.57,328.3,196.59,6.43,139.93,5.84,155.73,71.09,3.71,,10.43,28.82,2.36,21.95,55.92,45.75,49.09,21.32,206.71,40.53,1.17,15.45,10.0,5.03,7.83,63.13,19.72,292.11
2020-09-23,197.0,64.12,78.56,6.45,1649.98,37.5,71.07,170.75,98.0,20.01,160.31,176.04,56.4,16.15,30.31,182.7,56.22,4.92,13.57,25.92,24.13,110.4,83.4,23.96,5.12,89.84,18.36,3.16,6.34,55.51,58.07,20.22,4.61,38.85,3.94,18.96,20.42,27.64,4.11,6.12,15.48,71.1,219.32,29.83,16.29,9.63,39.86,25.0,54.71,36.6,15.63,74.52,20.78,34.02,31.44,8.65,36.7,5.91,6.38,15.59,23.43,51.67,11.35,336.66,9.04,10.68,8.25,3.21,6.17,34.04,19.81,,5.14,121.15,27.6,33.86,31.35,105.55,12.35,5.41,24.68,10.44,49.6,22.04,3.92,30.82,4.76,22.64,35.0,3.02,33.4,20.76,5.58,77.71,10.16,76.99,4.46,184.7,8.28,155.4,58.07,25.51,5.01,6.03,16.09,53.54,5.99,7.15,39.99,36.84,21.3,6.85,13.87,4.56,328.87,198.31,6.43,139.64,5.66,158.31,73.41,3.68,,10.63,29.12,2.3,22.04,56.09,45.14,49.05,21.32,217.5,40.08,1.16,15.17,10.1,5.0,7.9,63.1,20.2,295.79
2020-09-24,190.82,61.82,77.07,6.02,1629.32,37.06,70.46,164.51,96.84,19.4,156.88,172.05,55.35,15.96,29.95,180.4,54.5,4.9,13.23,25.05,23.75,106.4,80.76,23.68,4.91,87.86,18.16,3.15,6.28,54.33,55.83,19.66,4.57,37.9,3.81,18.33,20.0,27.42,4.1,6.07,15.08,69.59,216.3,26.88,16.11,9.5,38.45,24.61,54.0,36.79,15.12,73.71,20.61,33.18,31.1,8.53,36.31,5.79,6.16,14.95,22.89,50.21,11.01,330.91,8.41,10.49,8.21,3.2,6.13,32.89,19.33,,5.07,117.58,25.88,33.01,30.65,103.13,12.06,5.37,23.7,10.19,47.33,21.43,3.89,29.77,4.72,22.03,34.45,2.96,31.88,20.37,5.51,76.55,9.88,69.69,4.39,182.8,8.11,156.8,56.7,25.16,4.92,5.8,15.85,50.53,5.81,7.15,39.0,35.15,20.82,6.74,13.31,4.49,319.0,198.24,6.38,137.72,5.42,156.33,72.15,3.62,,10.51,29.52,2.24,21.17,54.01,45.58,47.88,20.38,213.1,39.34,1.15,14.64,9.91,4.92,7.53,62.6,20.33,293.4
2020-09-25,191.5,61.54,77.59,6.2,1635.11,37.18,70.3,162.45,97.97,18.86,156.85,165.8,55.2,15.95,30.2,178.5,53.7,4.89,13.17,25.14,24.02,105.09,78.31,23.5,4.86,88.45,18.5,3.15,6.31,54.11,56.09,19.39,4.57,38.11,3.76,18.39,19.72,27.94,4.09,5.96,14.97,69.03,217.2,26.85,16.33,9.47,38.56,24.28,55.94,36.07,15.19,73.95,20.87,33.11,31.52,8.65,36.62,5.52,6.13,14.72,23.01,49.64,10.81,330.0,8.42,10.36,8.19,3.19,6.14,32.36,19.67,,5.09,117.6,25.83,32.75,30.86,98.85,12.0,5.31,23.59,10.04,49.96,21.75,3.89,30.27,4.71,21.49,34.52,2.95,31.73,20.15,5.5,77.3,10.02,71.12,4.38,174.91,8.06,157.39,57.37,25.36,4.91,5.73,15.94,51.9,5.82,7.16,39.56,34.76,21.3,6.7,13.37,4.49,307.48,196.94,6.34,138.88,5.4,157.35,72.1,3.62,,10.49,29.58,2.24,21.01,53.9,45.4,50.68,20.31,219.2,38.51,1.15,14.59,9.91,4.92,7.86,62.6,21.31,284.21
2020-09-28,192.91,60.64,77.95,6.19,1661.0,37.25,70.9,156.88,96.6,19.05,154.76,163.19,56.89,15.99,30.22,174.0,49.94,4.94,13.28,24.58,23.87,106.4,75.7,23.11,4.87,88.58,18.4,3.19,6.29,53.02,55.63,19.2,4.58,38.18,3.72,18.12,20.07,28.63,4.1,5.84,14.95,70.32,220.13,27.74,16.58,9.46,38.07,24.75,55.84,36.43,15.31,70.67,20.81,32.59,31.46,8.73,34.95,5.69,6.13,14.62,22.75,49.9,10.74,330.49,8.69,10.2,8.21,3.24,6.19,32.21,19.82,,5.08,117.47,25.71,33.14,30.23,91.2,12.1,5.33,23.75,9.72,49.58,21.67,3.89,29.91,4.72,21.6,34.05,2.94,32.07,19.7,5.49,79.81,10.05,74.0,4.41,175.2,8.04,159.88,56.89,25.55,4.86,5.64,15.91,51.5,5.72,7.12,40.51,33.93,21.77,6.65,13.4,4.5,307.66,196.6,6.38,144.36,5.39,156.92,72.25,3.63,,10.53,28.58,2.23,20.51,54.1,45.57,51.2,19.91,224.9,38.52,1.15,14.44,9.95,4.95,7.82,63.5,22.5,286.0
2020-09-29,204.99,63.77,76.8,6.19,1652.3,36.31,72.45,161.36,100.6,19.04,161.09,172.37,56.9,15.9,30.26,174.25,50.09,4.91,13.56,24.81,24.21,107.89,80.19,23.42,5.02,89.89,18.41,3.17,6.21,53.06,56.72,19.13,4.56,38.29,3.75,18.45,20.21,29.06,4.09,5.83,14.91,70.34,219.73,26.85,16.51,9.43,38.39,24.74,56.3,37.21,14.8,74.0,20.72,32.91,31.45,8.63,35.9,5.89,6.26,14.69,23.01,50.09,10.8,339.33,8.58,10.47,8.21,3.2,6.14,31.72,19.62,,5.05,117.13,25.76,32.41,30.6,94.4,11.88,5.3,24.43,9.73,50.13,22.18,3.89,31.04,4.71,22.19,34.49,2.94,32.31,19.93,5.51,79.97,10.03,75.09,4.42,174.96,7.96,162.05,57.23,25.5,4.86,5.65,15.94,54.73,5.76,7.02,40.64,34.62,21.88,6.65,13.43,4.53,320.0,196.68,6.38,144.0,5.38,158.32,71.64,3.6,,10.62,29.13,2.24,21.1,57.31,45.49,51.0,20.35,224.3,41.0,1.15,14.25,9.99,4.96,7.99,63.75,22.86,285.15
2020-09-30,209.2,64.25,76.26,6.15,1668.5,36.0,72.6,160.19,101.5,19.13,159.06,170.16,57.13,16.13,30.03,173.11,49.65,4.92,13.59,26.4,23.99,116.24,79.98,23.32,4.91,89.82,18.24,3.17,6.08,53.3,56.19,18.79,4.54,38.5,3.72,18.46,20.31,28.87,4.11,5.85,15.1,69.3,221.0,27.49,16.47,9.39,37.72,24.89,57.9,38.11,15.17,74.0,20.53,33.1,31.21,8.39,35.79,5.73,6.15,14.44,22.82,50.3,10.74,348.0,8.78,10.48,8.14,3.2,6.15,32.39,19.72,,5.08,116.5,25.43,31.48,30.39,92.5,11.78,5.3,23.8,9.52,49.5,22.2,3.91,29.78,4.68,21.82,34.27,2.91,32.12,19.54,5.49,81.2,10.05,75.01,4.39,177.37,7.89,159.87,57.19,,4.85,5.55,15.78,54.19,5.76,7.11,40.43,34.69,21.61,6.57,13.39,4.51,330.0,198.19,6.37,143.55,4.96,162.1,71.4,3.65,,10.2,29.0,2.23,21.3,57.29,44.43,51.7,19.88,222.94,41.25,1.15,14.17,10.23,4.99,8.07,62.08,21.8,299.35
2020-10-09,224.87,65.27,77.9,6.22,1696.0,36.18,73.39,163.73,103.69,18.96,161.7,170.64,61.44,16.17,30.6,179.82,50.94,4.91,13.85,27.54,24.62,120.35,82.72,24.49,5.2,91.95,18.54,3.17,6.11,54.75,56.5,19.33,4.55,40.3,3.88,18.83,21.31,30.63,4.13,5.86,15.79,72.2,227.57,31.96,16.58,9.42,38.89,25.58,61.75,38.15,15.18,72.58,20.97,33.38,32.02,8.9,36.78,6.03,6.49,15.41,23.47,51.29,11.08,358.1,9.26,10.86,8.15,3.21,6.14,32.69,20.1,,5.1,120.98,25.89,31.48,31.3,95.41,11.72,5.3,24.7,9.72,50.86,23.82,3.93,30.76,4.7,22.1,35.54,2.99,35.75,19.66,5.56,85.69,10.2,82.0,4.46,182.4,7.9,163.65,58.84,25.91,4.92,5.81,16.0,56.66,5.9,7.14,42.95,35.92,21.96,6.73,13.72,4.52,349.0,199.74,6.44,145.6,5.46,163.09,74.77,3.66,,10.21,29.94,2.27,21.98,58.24,44.85,56.87,20.76,204.1,41.76,1.16,14.55,10.62,5.05,8.05,63.01,21.84,307.7
2020-10-12,234.78,68.85,80.86,6.58,1750.61,37.56,73.98,174.3,107.8,19.25,177.87,184.28,62.0,16.74,31.72,187.47,57.41,4.96,14.02,27.51,26.09,128.5,84.42,25.24,5.25,94.2,19.0,3.19,6.26,55.82,60.29,19.94,4.6,41.69,3.96,19.26,21.81,32.78,4.18,5.91,16.02,77.2,241.75,32.22,16.74,9.59,40.29,27.44,63.71,38.62,15.9,75.83,21.62,34.86,33.17,8.99,39.15,6.06,6.58,15.62,24.19,53.03,11.46,376.6,9.38,11.06,8.3,3.23,6.23,33.35,20.9,,5.15,126.5,26.92,33.28,32.64,102.25,12.09,5.37,25.46,9.97,54.72,23.98,3.96,30.83,4.77,22.8,36.11,3.04,36.46,20.41,5.65,87.3,10.39,82.73,4.55,191.43,8.13,169.0,54.95,26.45,5.0,5.93,16.5,57.47,6.08,7.17,43.7,36.9,22.68,6.9,14.24,4.57,354.0,216.55,6.52,151.79,5.46,172.34,77.05,3.86,,10.76,30.01,2.31,22.5,61.78,46.86,61.52,21.65,212.0,43.46,1.18,14.91,10.75,5.09,8.41,67.09,22.88,318.6
2020-10-13,235.67,69.94,81.38,6.58,1739.0,37.79,75.89,171.9,109.0,19.33,179.99,179.13,61.4,16.77,31.35,185.96,57.29,4.92,13.93,27.48,26.12,129.29,82.71,25.07,5.17,93.7,18.76,3.17,6.22,55.91,60.23,19.87,4.58,41.48,3.95,19.27,21.96,31.88,4.15,5.87,16.01,79.1,242.27,31.4,16.79,9.54,40.36,27.65,63.22,39.07,16.06,81.35,21.45,35.74,32.81,9.26,39.35,6.04,6.51,15.96,24.21,53.3,11.48,377.5,9.49,11.08,8.33,3.21,6.17,32.56,20.84,,5.11,126.68,26.94,33.72,33.13,106.52,12.27,5.34,25.34,9.88,55.16,23.6,3.94,30.48,4.75,23.41,36.66,3.02,36.07,20.6,5.62,91.3,10.36,82.69,4.52,192.16,8.09,165.62,58.66,26.37,4.97,5.92,16.3,59.45,6.07,7.11,42.85,36.92,22.38,6.92,14.2,4.59,351.83,219.3,6.5,152.45,5.5,172.63,77.83,3.95,7.04,10.81,30.01,2.27,22.66,62.26,47.0,63.28,21.6,214.1,43.1,1.18,14.85,10.91,5.04,8.97,66.03,23.66,275.0
2020-10-14,237.3,70.09,81.38,6.49,1729.0,38.05,75.25,168.35,108.53,19.12,174.0,172.87,59.8,16.75,30.95,184.24,55.96,4.92,13.73,26.56,25.89,130.5,81.59,24.69,5.05,93.0,18.6,3.17,6.2,57.6,61.12,19.38,4.56,41.8,3.89,19.06,21.28,30.23,4.11,5.83,16.22,80.15,239.4,31.6,16.66,9.53,39.66,27.51,62.7,39.0,16.03,78.0,21.29,35.3,32.47,9.12,38.3,6.16,6.33,15.99,24.0,53.34,11.25,382.0,9.55,11.48,8.29,3.2,6.17,32.51,21.1,,5.11,122.9,26.24,33.64,32.55,103.99,12.42,5.33,26.0,9.49,54.3,23.69,3.92,29.85,4.74,23.4,36.43,2.97,34.86,20.09,5.58,93.18,10.17,79.82,4.6,186.7,8.11,161.31,55.15,25.88,4.97,5.86,16.27,58.45,6.03,7.02,40.5,37.27,22.04,6.84,14.23,4.6,351.88,221.35,6.52,150.7,5.46,171.49,77.88,3.97,7.11,10.93,30.03,2.26,23.15,64.45,47.01,62.44,20.76,209.2,42.2,1.16,14.62,12.0,5.0,9.39,65.55,22.56,254.63
2020-10-15,238.6,69.73,81.4,6.56,1725.0,39.01,76.1,169.17,109.31,19.03,171.55,170.52,59.75,17.01,30.97,185.57,57.3,4.93,13.75,25.95,25.72,131.55,80.16,24.65,4.97,93.16,18.61,3.18,6.21,57.94,60.71,19.23,4.58,41.47,3.89,18.79,21.09,29.79,4.11,5.78,16.09,79.57,238.91,30.42,16.75,9.62,39.07,27.47,63.2,39.4,16.56,76.3,21.38,34.76,32.87,9.11,37.82,6.02,6.28,15.4,25.28,52.99,11.24,371.66,9.37,11.39,8.34,3.21,6.23,31.82,20.95,,5.12,123.0,25.81,35.02,32.28,102.88,13.08,5.35,26.2,8.83,54.3,23.3,3.92,29.13,4.76,23.03,35.85,2.97,35.42,19.85,5.55,89.99,10.16,77.9,4.56,185.3,8.23,159.9,53.5,25.87,4.92,5.79,16.26,58.7,5.96,7.04,40.91,37.08,22.1,6.74,14.11,4.62,340.8,221.72,6.48,151.7,5.43,171.0,77.6,3.98,6.98,10.87,29.47,2.25,22.65,64.15,48.04,61.65,22.4,202.83,41.33,1.17,14.64,12.46,5.01,9.18,66.49,22.33,258.19
2020-10-16,228.1,68.88,82.0,6.59,1712.0,39.78,74.8,171.4,108.41,18.91,173.21,166.2,58.37,17.64,31.08,183.53,58.21,4.99,13.78,25.41,25.98,127.8,81.02,24.34,4.92,93.1,18.67,3.19,6.3,57.7,59.4,18.96,4.61,41.21,3.9,18.77,21.18,29.9,4.11,5.73,16.09,79.6,236.88,30.42,17.02,9.72,38.75,27.29,62.42,38.48,17.1,75.25,21.37,34.47,33.35,9.35,38.18,6.01,6.09,15.32,24.2,53.17,11.13,375.5,9.21,11.45,8.39,3.23,6.4,30.14,20.6,,5.12,122.3,25.58,35.17,31.83,100.2,13.25,5.39,23.58,8.9,54.92,22.82,3.93,28.67,4.8,22.28,35.62,2.99,34.84,19.92,5.58,89.78,10.09,76.32,4.59,184.5,8.38,160.46,51.7,26.01,4.93,5.77,16.33,57.13,5.99,7.05,40.38,35.98,22.34,6.74,14.08,4.69,335.25,215.94,6.5,149.88,5.5,168.35,77.76,4.06,6.83,10.77,29.54,2.25,22.52,60.76,49.63,60.0,21.32,203.43,39.87,1.17,14.66,11.63,5.21,9.35,67.83,22.2,257.3
2020-10-19,229.41,68.83,81.85,6.68,1699.0,39.99,75.0,182.71,105.55,18.82,168.28,164.69,58.47,17.67,30.88,181.29,60.28,5.02,13.86,26.79,25.97,128.08,80.93,24.6,4.85,91.52,18.51,3.21,6.35,57.25,58.78,18.87,4.6,40.18,3.91,18.65,21.0,28.96,4.11,5.74,15.81,79.3,236.18,28.8,16.84,9.65,39.1,26.99,62.57,39.27,17.48,74.2,21.22,34.5,33.81,9.16,37.85,5.96,5.91,14.87,24.63,53.42,11.16,367.51,9.07,11.34,8.31,3.24,6.52,29.76,20.65,,5.11,120.35,24.92,35.53,32.0,97.12,13.49,5.4,23.6,8.79,53.24,22.22,3.92,28.75,4.82,22.24,35.35,2.99,34.91,19.74,5.56,89.44,10.13,71.5,4.5,179.98,8.38,157.02,54.11,26.12,4.93,5.77,16.12,57.4,5.99,7.03,41.18,36.38,22.35,6.71,14.11,4.67,328.0,208.24,6.49,150.0,5.6,163.07,76.12,4.05,6.82,10.68,28.37,2.26,22.36,61.05,50.0,59.49,20.5,200.1,39.5,1.18,14.8,11.27,5.3,9.22,67.5,21.68,248.6
2020-10-20,241.6,69.28,81.23,6.75,1734.0,39.97,76.3,182.96,107.83,18.84,170.57,166.5,59.22,17.8,30.65,181.71,59.5,4.98,13.85,26.23,26.75,140.0,81.79,24.62,4.93,91.01,18.4,3.18,6.27,57.65,56.77,19.2,4.57,41.5,3.98,18.7,21.23,31.72,4.1,5.66,15.94,79.9,240.98,29.95,16.81,9.58,39.51,27.16,64.07,39.28,17.54,74.9,21.18,34.84,33.55,9.17,37.77,5.96,6.11,14.72,25.02,52.9,11.13,372.0,9.11,11.51,8.26,3.21,6.35,31.02,20.64,,5.07,121.48,25.28,35.2,32.87,98.0,13.62,5.35,23.4,8.88,55.97,22.94,3.93,28.43,4.79,22.2,35.59,2.99,35.97,19.71,5.54,90.39,10.01,73.09,4.54,180.9,8.27,158.46,53.62,25.82,4.95,5.78,16.12,58.9,5.95,6.83,43.48,37.44,22.32,6.84,14.14,4.64,335.14,214.0,6.48,157.09,5.54,169.65,75.94,4.02,6.82,10.91,28.65,2.25,22.86,61.0,49.89,62.75,20.73,200.02,39.7,1.18,14.73,11.35,5.14,9.35,67.51,21.71,250.3
2020-10-21,232.33,66.02,82.4,6.97,1733.33,40.8,77.5,186.4,108.31,19.0,164.4,160.4,57.68,18.17,30.43,177.65,57.65,5.05,13.64,25.7,26.35,137.5,78.1,24.24,4.84,89.58,18.38,3.21,6.39,58.0,55.9,18.81,4.6,41.85,3.96,18.32,20.73,31.42,4.11,5.56,15.66,79.12,241.77,29.28,16.75,9.7,38.67,27.12,62.75,39.26,17.91,73.04,21.08,34.13,34.18,9.08,36.57,6.01,6.07,14.6,24.41,50.8,10.99,366.55,8.82,11.12,8.51,3.24,6.43,31.2,19.98,,5.09,117.15,24.44,36.28,31.66,94.03,13.94,5.4,22.1,8.73,55.07,22.39,3.93,28.06,4.84,22.87,34.76,2.97,34.96,19.58,5.61,89.76,10.09,72.0,4.53,178.72,8.47,156.66,52.75,26.08,5.09,5.68,16.1,58.48,5.87,6.5,42.55,35.95,22.15,6.71,14.05,4.67,323.98,213.15,6.51,157.9,5.49,168.77,74.96,4.14,6.92,10.72,27.6,2.26,22.86,58.45,51.96,56.48,19.99,195.6,37.05,1.17,14.94,10.88,5.21,9.57,69.5,20.6,249.7
2020-10-22,231.88,65.3,82.1,6.96,1742.5,41.19,78.4,179.18,108.36,19.0,161.11,156.2,57.59,18.22,30.44,180.32,57.67,5.06,13.66,25.71,26.09,143.79,77.02,23.94,4.87,89.56,18.35,3.21,6.34,58.6,55.46,19.06,4.59,42.14,3.94,18.29,20.55,32.25,4.1,5.53,15.38,78.41,241.74,28.8,16.84,9.65,38.55,26.53,62.24,39.14,17.56,71.24,21.28,33.63,33.35,9.01,36.03,6.06,6.15,14.56,23.99,49.91,10.85,365.62,8.79,10.99,8.49,3.23,6.47,30.66,20.59,,5.05,118.95,23.96,35.7,31.64,93.43,13.52,5.4,22.19,8.86,55.05,22.87,3.92,27.5,4.82,22.92,34.74,2.96,34.55,19.14,5.55,87.63,9.97,70.5,4.49,177.69,8.4,158.66,52.06,25.58,4.95,5.63,16.11,58.21,6.09,6.83,42.56,36.2,22.3,6.7,13.95,4.66,322.88,212.79,6.49,162.0,5.64,168.7,73.23,4.12,6.85,10.61,28.26,2.24,22.53,58.05,50.69,55.11,21.21,195.99,36.83,1.16,14.83,10.87,5.2,9.16,68.7,20.38,248.0
2020-10-23,225.0,64.2,83.5,6.91,1715.33,41.22,75.11,172.01,104.18,18.73,157.72,151.35,56.75,18.32,30.1,177.04,57.22,5.06,13.59,25.1,25.19,138.67,73.39,23.2,4.79,88.15,18.33,3.23,6.4,58.32,57.51,18.64,4.65,40.45,3.92,18.3,20.13,31.67,4.12,5.55,15.3,78.7,236.63,27.97,16.68,9.7,38.01,24.78,62.18,39.15,18.13,69.02,21.16,33.43,34.04,8.92,35.31,6.17,6.11,14.43,23.79,49.66,10.78,355.0,8.56,10.9,8.5,3.24,6.47,31.6,20.29,,5.11,115.97,23.58,35.84,31.31,88.0,13.61,5.42,22.18,8.66,53.16,22.42,3.9,27.79,4.84,22.72,34.75,2.95,33.71,19.2,5.56,84.99,9.88,67.95,4.47,172.3,8.45,154.98,50.27,25.45,4.92,5.6,16.05,58.24,6.01,7.17,42.34,35.62,22.18,6.66,13.61,4.67,300.0,208.0,6.5,155.6,5.72,164.73,69.67,4.16,6.79,10.73,27.79,2.22,22.08,55.92,49.0,53.97,21.17,193.06,35.84,1.16,14.84,11.18,5.33,9.24,67.7,20.21,238.38
2020-10-26,233.15,63.82,82.2,7.04,1643.0,40.62,76.66,169.8,104.68,18.99,159.5,150.0,57.5,17.78,29.02,174.98,58.45,5.02,13.68,25.97,24.33,139.96,74.1,23.05,4.79,89.18,18.1,3.23,6.24,58.19,59.62,18.36,4.63,41.4,3.89,18.16,20.25,31.2,4.11,5.77,15.28,76.5,232.61,30.02,16.6,9.6,37.53,25.05,62.37,42.79,17.7,70.45,20.51,33.49,34.35,8.91,34.97,6.14,6.02,14.0,23.7,49.1,10.76,363.0,8.66,11.11,8.13,3.24,6.44,32.6,20.52,,5.22,114.85,23.78,34.32,30.74,91.2,13.16,5.37,22.18,8.48,54.32,22.2,3.9,27.93,4.76,22.98,35.3,2.93,34.36,18.88,5.56,87.25,9.68,70.31,4.46,173.12,8.13,141.89,52.2,25.14,4.92,5.54,15.7,58.41,5.94,7.53,43.83,36.11,21.03,6.6,13.44,4.64,302.99,203.5,6.48,155.51,5.78,162.5,70.91,4.02,6.73,10.9,26.65,2.22,22.13,56.99,47.87,57.25,21.27,185.68,36.05,1.17,14.93,11.47,5.35,9.72,65.6,20.02,251.7
2020-10-27,237.21,68.55,81.07,7.07,1625.0,40.45,75.71,187.43,108.55,19.09,162.28,152.28,57.62,17.8,28.97,177.64,58.7,5.03,13.87,27.2,24.33,140.28,74.53,22.92,4.75,89.23,18.05,3.21,6.17,57.23,59.9,18.4,4.59,41.22,3.94,18.38,20.27,31.75,4.1,5.72,15.2,77.59,233.5,30.52,16.73,9.48,37.98,25.32,62.8,44.2,17.76,71.39,20.4,33.4,34.28,8.86,35.76,6.08,6.01,13.92,23.83,48.86,10.74,362.72,8.42,11.0,8.04,3.23,6.39,31.84,20.5,,5.18,116.64,23.9,34.6,30.9,91.97,13.26,5.32,21.72,8.57,55.8,22.72,3.88,27.8,4.72,23.02,36.06,2.93,34.23,18.75,5.52,87.03,9.79,71.34,4.44,181.3,8.14,140.6,53.57,25.29,4.89,5.51,15.62,62.21,5.85,7.72,44.93,37.58,20.89,6.62,13.53,4.6,323.8,208.77,6.44,155.9,5.58,164.47,74.07,4.01,6.78,10.47,26.72,2.21,20.7,57.15,49.03,57.21,21.65,184.81,36.46,1.16,14.62,11.13,5.43,9.53,66.76,21.18,257.04
2020-10-28,240.26,64.29,79.58,7.16,1664.81,40.1,76.71,183.89,109.6,19.13,163.8,157.08,59.44,17.52,29.26,181.15,59.33,5.0,13.94,27.08,24.34,151.6,75.68,23.47,4.79,91.36,18.24,3.18,6.11,57.26,60.49,18.29,4.58,42.99,3.93,18.23,20.49,31.8,4.09,5.65,15.2,82.3,239.98,31.53,16.6,9.4,36.09,25.34,62.8,44.21,17.63,70.35,20.53,34.5,33.11,8.92,35.65,6.3,6.13,13.92,24.12,48.1,10.79,374.0,8.38,10.98,7.88,3.21,6.29,33.57,21.33,,5.15,107.0,24.0,34.33,30.63,89.0,13.18,5.3,21.6,8.58,57.2,23.49,3.88,28.91,4.72,24.06,38.0,2.95,36.75,18.49,5.5,86.74,9.69,72.16,4.45,180.16,8.04,141.23,54.51,25.05,4.85,5.48,15.76,63.58,5.88,7.69,47.65,38.7,21.06,6.47,13.81,4.55,320.31,223.5,6.45,162.7,5.78,165.94,77.28,3.93,6.8,10.78,26.68,2.22,20.1,56.96,49.06,62.93,20.63,198.41,36.06,1.16,15.27,10.88,5.46,10.0,68.01,21.41,257.23
2020-10-29,240.0,63.99,78.66,7.01,1676.0,40.19,81.18,183.12,112.75,18.9,161.34,156.13,58.4,17.8,29.62,177.0,60.88,4.96,13.96,26.11,24.37,158.38,74.75,23.93,4.85,91.04,18.76,3.15,6.09,57.63,60.32,18.33,4.56,44.14,4.02,18.06,20.96,31.48,4.05,5.59,15.59,78.45,250.0,32.36,16.51,9.37,35.66,26.12,65.54,44.89,17.77,72.0,20.69,33.08,32.61,8.79,36.17,6.41,6.24,13.68,24.27,48.0,10.57,395.0,8.3,11.13,7.84,3.19,6.29,34.77,21.22,,5.12,104.98,23.21,35.3,30.9,86.0,13.33,5.28,21.56,8.53,53.55,23.9,3.89,28.12,4.7,25.31,38.12,2.93,36.47,19.47,5.46,86.12,9.46,74.2,4.5,184.3,7.79,139.93,52.32,24.47,4.83,5.53,15.88,63.5,5.95,7.61,48.39,41.4,21.0,6.37,14.05,4.52,325.98,230.6,6.43,178.97,5.7,167.17,77.23,3.9,6.78,10.62,,2.19,19.58,56.48,48.0,62.06,20.25,200.43,36.45,1.15,15.22,11.97,5.52,9.83,69.1,21.68,260.33
2020-10-30,247.17,59.5,77.83,6.99,1670.02,39.81,77.87,187.08,112.72,18.96,171.0,161.98,54.86,17.8,28.63,194.7,62.24,4.92,13.65,25.3,23.38,159.81,68.65,23.91,4.73,88.84,18.4,3.15,6.01,58.43,59.2,18.42,4.53,39.73,3.95,17.82,20.85,31.03,4.07,5.58,15.13,78.49,244.35,38.83,16.65,9.26,35.78,25.95,64.24,44.9,17.75,70.88,20.36,32.27,31.91,8.75,37.02,6.54,6.03,13.95,23.28,47.3,10.07,386.8,8.21,11.03,7.85,3.18,6.29,37.48,20.76,,5.11,107.8,22.0,33.98,30.5,85.24,12.97,5.28,21.35,8.53,53.23,24.45,3.9,26.73,4.67,24.86,38.04,2.87,33.23,18.95,5.39,82.8,9.3,75.99,4.43,198.02,7.65,135.12,48.95,23.78,4.77,5.36,15.4,60.82,5.79,7.82,45.36,39.78,20.69,6.26,13.42,4.6,327.51,225.12,6.41,172.5,5.49,160.2,75.66,3.92,6.67,10.17,,2.17,19.22,51.83,46.08,62.15,19.8,199.4,36.54,1.14,14.8,11.58,5.34,9.34,64.2,19.75,272.6
2020-11-02,260.14,57.81,77.23,7.19,1674.01,40.25,83.4,184.11,114.1,19.79,178.96,155.43,56.48,17.8,28.08,205.6,62.65,4.94,13.16,25.7,23.52,167.98,70.06,23.64,4.97,89.23,17.97,3.17,5.97,60.19,60.69,17.99,4.51,37.9,4.03,17.15,21.19,32.31,4.06,5.54,15.98,79.58,245.7,45.33,16.7,9.25,33.13,26.2,77.09,45.62,17.63,71.9,19.38,31.13,31.28,9.19,38.51,6.39,6.28,14.55,23.52,47.85,10.04,393.21,8.2,10.47,7.84,3.19,6.24,38.7,22.0,,5.1,102.85,21.86,33.52,27.65,85.8,13.49,5.13,21.53,7.69,53.9,24.6,3.91,25.45,4.68,26.39,40.18,2.9,33.32,18.72,5.33,84.2,9.45,73.73,4.61,217.82,7.59,137.32,50.55,24.19,4.71,4.97,15.43,64.24,5.53,7.74,47.42,41.47,20.7,6.27,13.33,4.69,325.0,229.58,6.34,177.9,5.87,161.54,79.81,3.88,6.66,9.67,,2.18,19.22,52.57,44.68,65.3,19.99,194.4,35.93,1.13,15.05,11.71,5.55,9.64,61.55,19.87,291.9
2020-11-03,256.02,60.55,79.16,7.65,1695.0,41.24,82.55,184.92,113.7,20.0,180.9,165.79,56.85,17.91,28.73,203.3,64.56,4.95,13.38,25.8,24.3,164.08,74.84,24.72,5.06,90.15,18.41,3.18,6.0,60.03,63.96,18.56,4.54,39.11,4.19,17.65,21.36,32.86,4.12,5.62,15.49,80.05,250.4,45.78,16.83,9.3,34.58,25.27,77.8,45.62,17.96,71.63,19.64,31.96,31.93,9.3,38.23,6.77,6.36,14.68,24.2,50.19,11.04,405.31,8.37,10.58,7.87,3.2,6.27,37.76,22.03,,5.16,105.57,22.33,33.7,28.04,91.3,13.48,5.16,22.06,8.13,53.8,24.54,3.95,26.36,4.72,26.9,40.2,3.02,33.25,18.94,5.4,85.66,9.77,70.96,4.61,215.59,7.64,140.22,51.97,24.84,4.82,5.01,15.79,65.65,5.56,7.98,46.62,41.45,21.31,6.55,14.21,4.67,339.0,225.99,6.4,182.43,5.99,160.7,79.45,3.98,6.82,10.12,,2.26,19.7,53.9,45.78,63.44,20.97,197.76,38.4,1.15,16.1,11.79,5.59,9.63,62.7,20.27,293.0
2020-11-04,255.55,60.56,79.5,7.67,1699.58,42.93,85.66,178.93,115.05,19.95,174.01,163.2,57.93,18.35,28.73,205.0,63.0,4.95,13.47,25.66,24.22,168.03,74.5,24.46,5.04,90.17,18.26,3.17,6.0,62.18,62.48,18.42,4.55,39.46,4.14,17.79,21.0,32.96,4.11,5.62,15.86,83.13,253.0,44.3,17.12,9.34,34.88,25.68,79.0,46.58,18.32,71.15,19.24,31.64,31.81,9.31,38.37,6.86,6.43,14.82,24.47,49.94,11.12,406.01,8.21,10.45,7.85,3.2,6.35,40.87,21.82,,5.23,106.3,22.23,35.5,27.89,89.55,13.92,5.15,21.84,8.06,57.2,26.25,3.93,28.0,4.73,28.18,40.04,3.0,33.25,18.84,5.39,89.2,9.63,69.8,4.6,211.0,7.66,139.25,51.71,24.6,4.78,4.9,15.8,68.4,5.49,8.14,46.73,41.71,21.22,6.57,14.21,4.71,338.07,231.48,6.44,183.54,5.93,162.16,79.51,4.02,6.83,10.23,,2.26,19.65,56.09,43.43,62.27,21.6,202.43,38.93,1.15,15.64,11.85,5.75,9.59,59.96,20.24,291.1
2020-11-05,268.5,67.8,80.94,7.66,1721.9,42.79,86.11,183.38,116.9,20.35,178.65,165.11,58.49,18.18,29.19,206.8,64.84,4.95,13.81,26.76,24.98,184.83,74.95,26.39,5.11,91.2,18.57,3.18,6.02,62.8,67.42,19.69,4.57,39.48,4.2,17.81,20.82,33.36,4.12,5.66,16.7,83.55,259.41,45.5,17.23,9.36,35.82,26.74,80.12,48.12,17.7,71.89,19.39,34.8,32.28,9.4,38.76,7.31,6.51,15.23,24.7,52.84,11.26,390.82,8.32,11.25,7.88,3.2,6.36,43.06,22.12,,5.27,115.66,23.35,34.45,29.14,92.17,13.57,5.17,22.16,8.14,61.38,26.78,3.96,26.55,4.75,28.25,40.55,3.03,33.64,18.75,5.46,88.2,9.8,73.99,4.64,214.0,7.88,140.89,52.68,24.89,4.87,4.95,16.04,72.2,5.6,8.19,48.0,43.19,21.3,6.6,14.34,4.71,343.61,234.19,6.45,183.36,6.05,168.65,80.01,4.05,6.87,10.28,,2.28,20.94,54.59,42.74,68.5,22.47,200.1,38.52,1.16,15.76,11.98,6.12,10.1,58.92,22.26,296.19
2020-11-06,263.5,68.72,81.3,7.9,1700.62,42.48,90.14,188.7,116.41,20.36,189.88,164.95,59.05,17.99,29.24,212.16,64.95,4.96,14.0,26.67,25.2,190.44,74.98,26.62,5.24,88.89,18.68,3.2,6.01,66.38,66.03,19.77,4.58,38.88,4.24,18.07,21.94,34.15,4.13,5.7,16.63,85.86,259.3,43.4,17.83,9.39,36.33,27.49,79.49,49.11,17.64,70.66,19.22,35.8,32.01,9.49,41.15,7.51,6.66,14.51,24.67,52.7,11.21,374.35,8.38,11.15,7.87,3.21,6.39,43.35,22.35,,5.37,117.21,23.67,33.5,29.02,91.43,13.23,5.17,21.59,8.07,61.8,26.0,3.98,25.53,4.76,28.9,41.09,3.07,33.25,18.59,5.57,83.49,9.95,71.33,4.66,219.31,7.99,139.88,51.91,25.82,4.88,5.17,16.06,75.1,5.79,8.39,48.0,44.0,21.17,6.56,14.49,4.78,339.0,234.74,6.47,182.8,6.11,169.9,84.3,4.06,6.88,10.29,,2.29,20.9,52.45,41.28,72.28,23.94,196.32,37.77,1.15,15.95,11.59,6.19,10.14,56.98,22.4,298.4
2020-11-09,266.43,72.7,82.98,8.13,1742.57,43.03,90.72,197.18,119.45,20.36,204.49,181.96,59.6,17.99,30.27,225.09,67.85,4.98,14.4,29.34,26.92,190.95,79.23,27.93,5.35,89.37,19.11,3.21,6.08,67.55,66.87,20.8,4.6,39.51,4.34,18.28,23.25,34.18,4.18,5.72,16.84,87.4,270.0,44.3,17.92,9.43,37.23,27.54,82.66,48.4,17.84,71.65,19.96,38.07,33.45,9.88,45.27,8.26,6.8,14.93,25.84,54.38,11.47,379.99,8.49,11.31,7.95,3.22,6.4,42.0,23.15,,5.31,124.9,24.49,34.6,30.84,109.72,13.26,5.22,22.51,8.4,62.69,26.8,4.01,26.7,4.8,28.41,41.7,3.29,34.57,18.94,5.6,83.38,10.0,72.17,4.7,239.45,8.15,148.13,54.35,25.9,4.93,5.22,17.67,76.48,6.19,8.75,46.75,46.26,22.23,6.76,14.71,4.76,335.45,235.49,6.52,185.95,6.72,168.87,87.58,4.08,6.85,10.56,,2.35,21.99,53.41,42.59,73.8,26.33,199.5,38.22,1.17,16.2,12.13,6.54,9.83,58.24,22.74,338.18
2020-11-10,265.92,68.24,83.2,7.7,1745.0,43.72,89.66,188.35,120.31,20.22,195.0,174.42,58.11,18.56,29.75,216.44,66.01,5.02,15.06,28.81,26.67,182.58,77.97,27.62,5.44,87.95,18.91,3.21,6.06,65.86,64.3,20.37,4.61,38.94,4.22,18.14,23.25,32.88,4.2,5.78,16.39,90.24,272.8,47.2,17.85,9.46,36.72,27.32,82.1,48.77,18.11,70.83,19.66,36.56,33.63,9.71,44.73,8.23,7.03,16.42,25.63,52.7,11.51,354.99,8.29,11.07,7.93,3.22,6.45,41.42,22.76,,5.27,120.41,23.62,34.58,30.27,103.58,12.99,5.22,22.58,8.25,63.01,26.4,4.04,28.95,4.79,28.5,41.33,3.28,33.56,19.25,5.55,82.66,9.62,74.79,4.67,224.91,8.09,143.62,53.85,24.89,4.87,5.16,17.89,72.63,6.08,8.4,45.07,45.98,21.92,6.68,14.44,4.78,301.3,249.8,6.49,189.45,7.39,167.79,87.6,4.07,7.03,10.8,,2.38,21.71,52.48,42.65,74.0,25.88,185.27,36.98,1.17,16.12,12.28,6.45,9.87,58.79,22.15,322.0
2020-11-11,250.84,63.98,83.52,7.53,1731.35,44.35,88.1,179.0,114.87,20.54,179.26,159.0,56.7,18.68,29.26,202.01,61.36,5.07,14.54,27.09,25.37,164.35,73.8,26.72,5.17,86.17,18.69,3.23,6.08,65.81,63.01,19.56,4.64,39.26,4.2,18.05,22.67,31.98,4.27,5.74,16.7,88.5,268.9,43.52,18.0,9.56,35.95,28.31,80.33,47.31,17.81,70.47,19.29,35.92,33.8,9.95,41.72,7.46,6.79,17.05,25.44,49.86,11.61,349.2,8.21,10.67,7.94,3.24,6.58,40.78,22.88,,5.37,115.9,22.66,35.1,29.31,101.18,13.14,5.23,22.22,7.98,63.9,25.38,4.12,29.12,4.8,28.0,40.0,3.33,32.92,18.91,5.68,80.4,9.51,73.0,4.67,202.42,8.19,138.16,52.22,24.66,4.92,5.26,17.15,71.76,5.82,7.98,44.05,43.5,21.5,6.72,14.7,4.83,290.7,251.55,6.52,190.7,7.5,167.2,91.19,4.18,6.99,10.76,,2.4,20.99,51.2,42.77,73.0,23.98,184.6,36.42,1.18,16.3,12.07,6.39,9.73,59.46,20.97,296.89
2020-11-12,254.25,62.74,82.27,7.67,1734.79,43.58,90.6,181.08,117.2,20.61,179.7,157.0,57.05,18.49,29.12,203.4,61.86,5.01,14.48,27.3,25.45,169.33,75.0,27.82,5.37,86.55,18.38,3.21,6.05,66.37,62.53,19.8,4.59,39.01,4.22,17.8,22.81,32.26,4.22,5.79,16.88,90.48,267.65,47.77,17.72,9.43,36.06,28.7,80.37,48.0,17.66,68.11,19.12,36.1,32.94,9.99,41.66,7.5,6.87,17.28,25.75,50.47,11.42,343.89,8.28,10.7,7.87,3.23,6.53,41.55,23.36,,5.31,117.54,22.85,34.3,29.32,99.6,13.11,5.17,21.79,7.9,63.63,25.45,4.06,29.91,4.77,28.65,44.0,3.28,32.99,18.63,5.59,81.35,9.44,70.05,4.62,204.17,8.11,139.0,53.83,24.4,4.85,5.24,17.02,72.98,5.83,8.1,43.7,46.2,21.33,6.64,14.63,4.81,297.33,255.0,6.51,192.11,7.32,164.37,91.3,4.15,7.06,10.86,32.02,2.4,20.73,51.72,41.9,75.85,24.07,196.15,36.41,1.17,15.88,11.78,6.39,9.67,59.23,20.82,301.4
2020-11-13,253.21,62.41,80.34,7.64,1705.0,42.58,90.52,179.2,117.7,20.36,181.87,159.46,55.87,17.77,28.71,207.15,62.46,4.96,14.35,26.7,24.96,175.9,77.03,28.54,5.36,85.5,18.05,3.18,5.98,66.26,61.74,19.87,4.55,38.32,4.35,17.92,23.89,33.84,4.18,5.73,16.92,87.9,265.0,46.36,17.48,9.36,36.23,28.16,81.83,47.3,17.18,70.08,18.65,35.82,31.78,9.94,43.09,7.78,7.18,17.23,26.25,50.88,11.73,343.85,8.12,10.76,7.8,3.22,6.4,41.24,23.6,,5.25,117.98,22.46,33.3,29.11,101.3,12.79,5.13,21.81,7.99,67.4,25.6,4.02,29.79,4.72,28.4,42.6,3.31,31.88,18.55,5.51,80.83,9.43,66.56,4.57,201.79,7.97,140.16,52.37,24.45,4.78,5.15,16.84,74.01,5.7,8.51,41.47,49.94,21.25,6.69,14.83,4.69,296.0,250.1,6.45,186.69,7.39,162.81,92.3,4.0,6.94,10.93,38.42,2.42,20.43,52.63,40.7,80.5,24.58,192.5,38.34,1.18,15.92,11.74,6.35,9.5,57.38,21.0,309.85
2020-11-16,254.9,60.5,83.1,8.19,1730.05,43.0,89.36,173.32,120.85,19.98,179.4,150.0,52.79,17.67,28.97,200.5,61.79,4.98,14.28,26.44,25.18,170.02,76.64,27.44,5.38,85.63,18.16,3.19,6.01,66.8,61.11,19.5,4.56,38.22,4.62,18.24,24.09,33.84,4.25,5.81,16.84,91.95,273.0,45.85,17.8,9.45,35.9,28.3,82.64,48.2,17.37,72.83,18.64,35.17,32.36,10.2,42.47,8.07,7.19,17.89,26.26,51.95,12.25,351.34,8.4,10.7,7.83,3.23,6.42,40.98,23.86,,5.29,114.9,22.86,32.93,28.89,98.28,13.06,5.16,21.71,8.17,66.7,25.45,4.1,31.32,4.73,28.73,42.19,3.45,30.38,19.22,5.56,80.0,9.64,66.87,4.73,199.8,8.06,139.88,50.33,24.74,4.81,5.22,17.01,78.42,5.82,8.62,39.19,51.64,21.31,6.94,15.45,4.71,302.43,273.21,6.53,197.97,8.13,162.36,87.86,4.01,7.29,11.02,38.42,2.66,20.44,53.7,41.41,78.15,22.69,186.45,38.69,1.21,17.44,11.76,6.54,9.57,58.41,20.77,305.48
2020-11-17,250.68,60.2,84.03,8.21,1715.8,43.84,89.92,171.0,116.51,19.55,183.32,150.8,53.38,17.91,29.13,214.64,60.93,5.0,14.14,26.35,25.16,167.0,77.29,28.13,5.27,85.53,18.15,3.19,6.03,68.4,59.16,19.19,4.59,37.97,4.48,18.07,23.94,32.99,4.28,5.87,17.74,90.39,269.1,44.99,17.85,9.53,35.31,28.26,82.5,46.74,17.83,72.35,18.6,35.5,32.7,9.89,44.09,8.88,6.89,17.92,26.58,51.08,11.92,339.31,8.47,10.78,7.85,3.23,6.48,41.32,23.94,,5.32,114.43,22.56,34.58,28.62,95.98,13.46,5.17,20.7,8.06,63.82,25.09,4.12,32.77,4.75,29.1,40.85,3.35,31.32,19.28,5.57,78.45,9.48,65.19,4.71,202.7,8.07,138.95,50.54,24.31,4.83,5.17,16.81,77.14,6.07,8.61,39.69,52.0,21.5,6.88,15.03,4.71,299.65,266.8,6.58,197.0,8.08,160.06,87.7,4.05,7.34,11.71,41.35,2.57,20.01,50.9,41.42,72.61,23.84,181.0,36.66,1.19,17.22,11.39,6.36,9.57,58.43,20.34,302.3
2020-11-18,240.5,60.68,85.37,8.42,1693.65,44.75,89.29,170.32,105.87,19.77,179.48,149.62,52.43,19.2,29.15,210.8,61.36,5.03,14.4,26.42,25.31,167.0,77.25,27.33,5.44,86.61,18.24,3.21,6.1,66.69,58.55,19.19,4.62,38.33,4.57,18.49,23.72,32.38,4.26,5.87,17.7,90.39,263.72,44.1,17.79,9.7,35.19,27.5,80.56,45.85,18.46,72.6,18.74,35.73,33.08,9.9,43.5,9.3,6.97,17.68,26.12,50.48,12.39,334.8,8.4,11.01,7.92,3.24,6.57,41.0,23.54,,5.31,108.51,22.23,35.38,28.46,94.25,13.85,5.21,21.1,8.0,61.3,24.33,4.11,32.16,4.8,28.11,40.88,3.46,31.05,19.26,5.57,77.94,9.53,62.74,4.7,202.54,8.2,140.9,49.42,24.37,4.83,5.14,16.77,70.8,5.94,8.57,39.96,51.5,21.83,7.07,15.25,4.79,313.84,258.98,6.62,191.5,8.5,161.5,86.41,4.24,7.54,12.1,42.07,2.63,19.81,51.51,42.82,71.36,22.55,175.25,38.05,1.2,17.55,12.06,6.31,9.61,60.01,20.57,300.47
2020-11-19,242.1,61.39,85.42,8.38,1720.19,44.87,94.0,171.17,106.96,19.84,178.89,150.21,52.04,19.33,29.33,212.0,61.23,5.04,14.34,26.5,25.83,161.62,78.04,27.32,5.39,87.3,18.29,3.23,6.1,67.9,59.0,19.42,4.61,39.08,4.57,18.82,23.84,32.7,4.24,5.81,17.77,89.49,264.7,43.92,17.62,9.74,35.48,27.89,79.93,48.1,18.85,75.19,18.82,36.3,34.1,9.84,42.78,9.24,6.89,17.37,26.45,50.15,12.27,343.83,8.29,11.1,7.94,3.24,6.65,40.25,23.5,,5.31,110.69,22.28,36.15,28.83,93.8,14.8,5.21,21.33,7.95,63.0,24.88,4.12,33.08,4.8,29.1,40.89,3.38,31.07,19.76,5.56,80.79,9.42,64.83,4.68,205.2,8.3,142.28,50.26,24.2,4.82,5.1,16.83,72.6,5.89,8.59,40.07,51.08,22.36,7.01,14.79,4.8,328.4,259.93,6.6,191.66,8.4,163.01,86.42,4.33,7.65,11.89,41.4,2.67,19.98,55.77,43.21,71.65,21.16,183.31,41.0,1.19,17.17,12.19,6.29,9.47,60.55,21.61,296.64
2020-11-20,252.08,59.92,84.54,8.98,1719.96,45.05,91.59,169.77,109.1,19.81,176.17,148.79,52.18,19.02,29.42,207.6,61.03,5.03,14.25,26.22,25.73,176.06,78.15,26.46,5.39,86.91,18.31,3.2,6.07,67.9,58.92,19.24,4.6,39.23,4.73,18.63,23.73,32.81,4.24,5.78,17.92,90.6,268.47,45.67,17.73,9.67,36.29,28.92,80.26,47.63,18.86,72.97,18.79,36.22,33.68,10.11,41.97,10.16,6.88,17.55,26.59,49.71,12.41,346.51,8.41,11.12,7.91,3.23,6.57,40.93,23.95,,5.33,109.8,22.33,35.4,28.61,92.19,14.65,5.19,21.93,7.88,65.4,25.07,4.09,33.6,4.79,29.54,40.92,3.62,31.07,19.53,5.57,79.26,9.61,66.89,4.68,202.35,8.2,141.45,50.7,24.45,4.81,5.15,16.8,75.49,6.23,8.79,39.85,51.8,22.17,7.17,15.39,4.75,314.52,269.0,6.61,194.15,8.6,164.26,88.51,4.19,7.93,12.53,39.6,2.73,19.89,56.07,42.51,74.3,23.28,185.0,41.94,1.2,18.05,12.26,6.49,9.71,59.9,21.39,292.46
2020-11-23,253.0,59.04,86.22,9.16,1790.21,45.4,93.47,168.88,107.5,19.9,176.17,146.2,51.68,19.94,29.9,210.61,60.91,5.07,14.17,26.14,26.34,184.2,73.66,26.63,5.41,86.12,18.92,3.24,6.14,68.25,58.21,19.26,4.64,39.51,4.8,18.73,23.26,31.87,4.31,5.79,18.0,89.41,272.58,50.9,18.38,9.9,36.2,30.1,84.42,46.76,19.62,72.0,19.06,35.75,34.25,10.71,42.85,10.67,7.09,17.85,26.94,48.46,12.72,348.5,8.36,11.2,7.98,3.25,6.71,41.88,24.19,,5.42,108.97,22.56,37.04,28.5,90.68,15.01,5.23,22.49,7.83,68.01,25.11,4.2,35.7,4.84,30.4,41.1,3.87,30.88,19.32,5.65,78.8,9.85,67.7,4.73,200.5,8.41,143.51,49.56,24.62,4.88,5.28,17.03,81.3,6.21,8.7,38.29,54.35,22.01,7.29,15.68,4.83,318.07,266.91,6.68,197.86,8.75,162.54,92.57,4.4,8.21,12.85,41.48,2.75,19.66,55.97,42.64,79.24,24.86,187.89,42.28,1.23,19.18,12.67,6.39,9.49,60.09,21.11,288.3
2020-11-24,254.7,59.75,85.0,9.15,1763.5,44.87,90.65,169.62,105.04,19.71,176.9,146.09,50.97,20.08,29.53,210.6,61.31,5.05,14.17,25.96,26.11,184.19,73.69,26.93,5.39,87.17,18.79,3.23,6.1,66.8,58.56,19.27,4.62,38.7,4.86,18.77,23.3,32.03,4.33,5.74,17.83,87.25,271.79,51.26,18.4,9.85,35.95,30.11,83.8,46.13,19.36,72.42,19.08,36.58,33.95,10.56,43.69,10.5,7.12,17.59,25.67,49.66,13.68,343.6,8.71,11.1,7.94,3.26,6.64,41.02,25.7,,5.44,108.48,22.58,36.7,28.54,93.49,14.82,5.21,22.9,7.87,67.67,24.02,4.19,35.95,4.83,28.95,38.89,4.12,30.57,19.29,5.64,78.15,9.58,66.88,4.73,205.2,8.35,141.54,48.25,23.97,4.88,5.32,16.87,83.22,6.19,8.43,37.68,54.4,21.59,7.4,16.16,4.9,317.49,265.77,6.64,198.77,8.93,163.25,92.3,4.38,8.33,13.2,39.8,2.77,19.82,54.81,41.89,83.6,27.35,193.39,43.46,1.26,20.15,12.78,6.52,9.25,58.7,21.11,292.49
2020-11-25,246.22,60.13,87.25,8.62,1726.88,44.43,89.56,166.91,102.2,19.46,176.9,143.81,51.08,19.76,29.22,205.8,60.2,5.04,14.09,25.17,25.67,183.53,73.22,26.5,5.35,86.13,18.57,3.22,6.08,66.83,58.92,19.69,4.61,37.79,4.63,18.26,22.84,31.7,4.31,5.73,17.53,84.18,262.97,48.36,18.42,9.81,35.08,29.32,82.58,45.61,19.06,72.58,19.0,35.54,36.0,10.36,44.88,10.19,7.0,16.67,25.6,49.6,13.98,324.02,8.56,11.03,7.93,3.24,6.62,40.63,24.83,,5.37,108.77,22.22,35.81,28.24,94.9,14.58,5.2,22.89,7.71,67.59,22.74,4.23,36.38,4.81,28.3,38.4,4.08,30.33,19.13,5.58,76.32,9.5,66.78,4.69,209.9,8.27,140.12,47.4,23.88,4.88,5.23,16.6,79.47,5.99,8.42,37.11,52.5,20.96,7.09,15.78,5.0,306.37,255.59,6.68,192.25,8.86,159.2,89.82,4.34,8.16,12.89,38.83,2.64,19.73,52.85,42.2,82.67,26.94,189.0,41.58,1.22,19.74,12.64,6.38,9.29,59.82,20.46,290.01
2020-11-26,245.34,58.81,89.15,8.86,1734.39,45.09,87.02,163.0,103.0,20.23,169.35,140.6,50.18,20.41,29.3,201.76,58.64,5.09,14.0,25.46,25.92,175.82,73.32,26.83,5.21,86.0,18.66,3.23,6.07,66.45,57.43,20.38,4.63,38.12,4.58,19.46,22.7,32.12,4.29,5.69,17.25,82.1,260.58,47.99,18.96,9.98,34.78,29.61,78.2,46.03,19.5,75.0,18.92,35.7,37.85,10.57,43.75,10.19,6.84,16.54,24.95,49.39,14.3,333.78,8.68,11.03,7.96,3.25,6.74,40.17,23.13,,5.4,106.96,21.93,36.55,28.15,92.86,14.64,5.23,23.36,7.61,65.76,23.25,4.26,35.6,4.83,27.34,38.13,4.07,31.07,19.24,5.57,76.63,9.5,67.47,4.79,202.77,8.35,139.33,48.08,23.8,4.9,5.23,16.66,79.75,6.02,8.2,36.68,52.1,21.11,7.0,15.89,5.04,310.33,255.15,6.76,192.75,8.85,160.05,88.98,4.45,8.08,12.45,38.19,2.68,20.84,54.16,41.98,80.45,26.6,191.25,42.91,1.21,20.57,12.84,6.38,9.41,61.45,20.96,291.0
2020-11-27,242.0,58.92,90.1,8.95,1737.9,45.85,87.8,163.99,102.83,20.31,169.66,143.24,52.0,20.61,29.98,203.59,58.93,5.39,13.83,25.89,26.69,174.1,73.3,27.58,5.24,86.95,18.94,3.32,6.22,66.66,58.18,20.12,4.75,38.3,4.57,19.36,22.76,32.32,4.3,5.73,17.35,83.88,262.3,46.92,19.3,10.2,34.91,31.11,77.8,47.0,19.7,77.18,19.3,34.99,38.48,10.54,42.92,10.01,6.8,17.19,24.82,48.72,13.75,338.61,8.68,10.91,8.09,3.33,7.03,39.92,24.0,,5.5,105.62,21.9,37.55,28.08,94.15,15.19,5.35,23.27,7.59,65.79,23.41,4.28,35.56,4.92,28.3,38.3,4.07,32.16,19.61,5.64,77.95,9.54,69.5,4.85,205.8,8.55,140.91,50.59,23.91,4.92,5.31,16.93,77.25,5.98,8.25,37.48,53.44,21.4,7.04,15.34,5.18,314.85,256.26,6.85,192.9,8.89,161.87,90.88,4.5,8.03,12.17,36.8,2.67,20.34,59.57,42.8,79.66,25.97,193.2,45.0,1.21,20.85,12.57,6.32,9.44,62.02,20.1,298.61
2020-11-30,242.8,56.52,90.03,9.29,1713.91,44.2,86.85,166.28,103.33,20.11,172.0,148.41,51.69,21.02,30.3,206.59,59.25,5.32,13.81,27.36,27.5,172.15,75.6,27.91,5.41,85.99,18.72,3.29,6.23,66.64,56.61,19.88,4.71,37.79,4.59,19.24,23.05,31.95,4.31,5.8,16.69,81.2,254.0,48.06,19.62,10.06,35.36,30.71,77.0,45.67,19.74,77.0,19.3,34.73,38.65,10.44,44.06,9.92,7.01,16.82,24.66,48.95,13.54,337.35,8.53,10.81,8.07,3.3,7.15,40.1,23.59,,5.43,106.74,22.36,36.9,28.0,96.52,15.2,5.3,22.71,7.84,64.5,23.42,4.19,36.99,4.88,26.97,38.22,4.13,32.82,19.3,5.66,80.0,9.53,68.7,4.91,215.44,8.62,143.06,55.65,23.84,4.9,5.44,16.93,78.2,6.04,8.17,37.97,52.32,22.0,7.03,15.17,5.23,321.08,240.68,6.78,183.33,9.45,159.2,91.53,4.34,7.89,12.59,37.15,2.7,19.83,60.73,42.41,78.58,27.83,193.2,45.32,1.21,22.0,12.51,6.21,9.7,61.23,20.67,311.06
2020-12-01,246.17,57.44,93.38,9.39,1737.0,46.2,87.92,166.43,108.48,20.3,171.4,150.3,52.68,21.6,31.3,207.07,58.89,5.47,14.08,27.65,29.42,176.81,77.11,28.24,5.6,87.61,19.29,3.36,6.43,67.2,57.19,20.13,4.78,38.55,4.61,19.3,24.11,32.7,4.3,5.86,17.15,84.0,257.99,48.89,19.74,10.3,35.63,32.23,80.51,45.48,20.05,78.25,19.79,35.06,39.85,10.63,44.99,9.69,7.28,16.68,24.86,48.82,13.87,341.1,8.58,10.93,8.23,3.36,7.3,39.84,23.44,,5.51,109.6,22.68,37.42,28.79,98.0,15.2,5.41,23.28,8.26,66.1,23.6,4.23,36.96,5.01,27.7,39.0,4.09,32.95,19.37,5.71,80.4,9.58,69.92,4.92,216.88,8.79,147.3,56.0,24.11,4.95,5.78,17.4,78.32,6.04,8.12,37.99,52.35,24.01,7.01,15.23,5.26,325.0,249.82,6.82,184.27,9.54,165.19,97.18,4.43,7.94,12.72,36.97,2.72,20.03,62.73,43.1,74.83,26.44,196.0,48.0,1.21,22.3,12.92,6.3,10.24,62.16,20.6,309.75
2020-12-02,243.69,59.48,92.85,9.35,1738.01,46.8,89.91,170.0,108.05,20.2,171.06,152.79,51.6,21.3,31.08,215.09,60.9,5.45,14.05,27.87,28.67,169.75,79.77,28.3,5.73,87.53,19.18,3.33,6.35,69.53,57.85,20.34,4.74,38.54,4.65,19.08,24.11,33.51,4.3,5.85,17.15,82.96,260.55,47.33,19.99,10.25,35.27,32.39,81.31,44.83,19.63,79.22,19.72,35.48,39.28,10.68,46.11,9.72,8.01,,24.74,51.06,13.53,338.0,8.57,11.08,8.17,3.33,7.31,39.2,22.83,,5.5,110.25,23.18,38.0,28.98,100.06,14.86,5.37,23.19,8.1,62.18,23.08,4.22,37.06,5.02,27.71,38.92,4.18,32.75,19.57,5.72,79.98,9.64,69.72,4.91,218.77,8.73,146.6,55.68,24.32,4.92,5.93,17.29,75.45,6.06,8.1,37.09,51.61,24.36,7.13,15.33,5.1,329.7,249.43,6.9,183.91,9.61,166.7,97.08,4.35,7.65,12.85,38.84,2.73,20.0,62.41,42.45,74.46,25.52,195.52,47.42,1.22,21.73,12.66,6.47,10.42,63.75,20.19,304.95
2020-12-03,245.99,58.46,91.87,8.86,1749.0,46.49,89.6,167.92,110.07,20.24,164.92,151.02,51.27,21.24,30.9,212.98,60.19,5.38,13.87,28.37,29.2,171.09,79.88,28.75,5.49,89.99,19.09,3.31,6.39,68.5,56.9,20.41,4.73,38.94,4.53,18.82,24.01,33.88,4.3,5.97,16.92,83.15,261.63,47.75,19.07,10.24,36.25,31.66,81.04,45.5,19.54,79.07,19.63,35.06,38.98,10.1,44.85,9.62,7.62,,24.63,50.8,13.12,344.99,8.56,10.88,8.23,3.31,7.3,39.2,22.56,,5.38,109.95,22.96,37.23,29.48,96.61,14.64,5.39,22.9,8.11,62.16,23.42,4.2,36.21,5.06,27.35,39.37,3.95,32.58,19.58,5.66,80.89,9.55,69.43,4.84,217.09,8.74,147.47,55.72,24.33,4.87,5.73,17.39,74.76,5.98,8.18,37.12,50.68,23.71,6.95,14.88,5.12,340.9,257.34,6.89,186.38,8.65,171.55,96.49,4.32,7.48,12.46,36.72,2.64,19.83,62.5,42.13,73.7,25.4,194.93,46.3,1.2,20.4,12.35,6.2,10.32,63.99,20.12,295.55
2020-12-04,249.72,58.41,92.19,9.13,1793.11,45.78,88.36,166.42,110.97,20.12,165.38,148.3,52.14,21.12,30.3,216.5,58.2,5.31,13.84,28.66,28.36,171.86,80.1,29.43,5.36,91.32,18.89,3.27,6.25,69.0,57.24,20.17,4.7,39.79,4.66,19.04,24.61,34.2,4.29,5.91,17.03,84.36,267.19,47.0,18.89,10.17,36.06,32.05,85.47,45.87,19.3,78.14,19.43,34.81,38.79,10.11,44.44,9.78,7.19,,24.78,51.28,13.33,350.0,8.44,10.82,8.14,3.28,7.14,39.07,22.54,,5.3,112.29,23.07,36.87,28.97,92.67,14.63,5.36,22.82,8.21,62.24,23.67,4.18,36.76,5.02,27.22,38.71,3.99,32.79,19.43,5.63,83.06,9.59,69.24,4.83,217.64,8.52,143.74,55.4,24.36,4.83,5.74,17.06,78.02,5.98,8.08,38.35,53.64,23.84,7.3,15.19,5.0,345.0,262.94,6.85,190.8,8.91,181.95,99.02,4.31,7.53,12.94,37.85,2.67,19.77,62.7,41.71,75.98,27.21,196.43,48.0,1.19,21.18,12.41,6.07,10.28,63.35,20.19,295.05
2020-12-07,261.46,57.69,90.38,8.81,1812.4,44.42,88.06,166.66,111.03,19.8,175.8,150.97,52.77,20.5,30.01,214.0,60.33,5.19,13.71,29.52,27.75,175.29,81.8,30.26,5.28,89.88,18.51,3.24,6.07,68.0,56.98,19.98,4.65,40.18,4.56,19.03,24.48,34.38,4.24,5.83,16.68,83.24,270.24,48.8,18.48,9.99,34.93,31.93,84.7,44.8,18.91,78.77,19.2,33.81,37.81,9.91,44.41,9.43,7.06,,24.54,51.0,13.34,345.62,8.22,10.89,8.04,3.25,6.97,38.74,22.5,,5.21,111.24,22.53,35.51,28.57,92.5,14.31,5.28,22.59,7.99,61.16,23.63,4.11,37.22,4.96,27.02,38.46,3.89,33.46,19.99,5.57,81.75,9.49,71.72,4.74,216.86,8.3,141.86,55.7,24.07,4.78,5.75,16.66,79.8,5.81,7.8,38.01,54.49,22.92,7.16,15.07,4.91,359.39,261.08,6.74,190.78,8.78,181.98,98.35,4.19,7.49,12.31,38.77,2.57,19.85,62.78,41.9,76.59,28.56,207.75,47.7,1.19,20.62,12.4,5.96,10.3,61.96,20.2,296.2
2020-12-08,266.03,58.26,88.05,8.91,1850.0,44.26,86.7,161.0,110.9,19.83,172.8,151.9,52.55,20.26,30.01,213.5,60.96,5.12,14.14,29.41,28.05,177.97,83.08,29.1,5.25,90.07,18.44,3.22,5.93,65.66,56.98,20.12,4.64,40.68,4.49,18.79,23.85,34.98,4.21,5.77,16.54,82.99,272.0,51.88,18.4,9.98,34.44,31.48,85.58,44.28,18.71,78.22,19.14,33.8,37.67,9.91,44.09,9.66,7.16,,24.47,51.49,13.04,351.9,8.28,10.77,8.07,3.24,6.77,38.74,22.62,,5.17,108.0,22.04,35.74,28.3,93.76,14.32,5.32,22.66,7.99,63.71,24.3,4.1,36.94,4.94,26.97,38.54,3.86,33.15,19.84,5.55,80.21,9.57,72.54,4.74,218.0,8.2,142.22,54.51,24.5,4.79,5.6,16.62,82.24,5.79,7.71,37.16,55.38,23.1,6.93,15.01,4.85,349.5,265.1,6.77,191.85,8.49,183.5,96.79,4.12,7.53,12.32,38.45,2.53,19.98,62.1,41.81,84.25,29.55,208.03,46.99,1.18,20.29,12.51,5.97,10.36,62.1,19.99,291.81
2020-12-09,266.0,57.68,87.87,8.71,1840.0,44.24,83.56,159.0,108.82,20.09,168.3,152.8,53.05,20.45,29.29,207.26,60.35,5.1,13.82,28.9,26.7,173.24,82.35,28.59,5.17,88.24,18.05,3.23,,62.61,55.47,19.61,4.62,40.24,4.53,19.22,23.29,33.95,4.18,5.72,16.1,82.6,269.72,50.87,18.6,9.91,33.45,30.81,84.03,43.71,18.71,76.58,18.68,32.84,37.4,10.0,41.78,9.39,6.88,,24.0,51.41,12.63,343.13,8.18,10.6,8.03,3.23,6.72,37.76,22.35,,5.15,105.77,21.5,35.2,28.43,91.36,14.59,5.36,21.72,7.76,66.46,23.15,4.07,35.4,4.99,26.31,37.71,3.79,32.68,19.39,5.5,77.85,9.26,73.37,4.69,217.13,8.1,139.06,53.37,24.03,4.75,5.45,16.16,80.0,5.74,7.79,40.03,57.5,22.57,6.79,14.78,4.87,339.82,271.9,6.72,190.01,8.33,184.1,96.03,4.1,7.3,11.96,37.47,2.51,19.51,58.5,41.75,85.8,31.3,202.33,44.9,1.17,20.32,11.77,5.92,10.19,60.69,19.73,278.28
2020-12-10,264.82,57.42,87.68,8.55,1832.9,44.28,85.1,158.6,109.66,19.95,168.7,159.21,51.8,20.28,29.16,209.9,61.0,5.06,13.43,28.71,26.73,169.52,86.86,27.96,5.18,89.0,18.01,3.23,,62.83,54.36,19.52,4.58,39.43,4.38,18.76,23.14,34.45,4.19,5.7,16.1,82.12,267.67,56.38,18.54,9.82,32.95,30.85,84.15,45.0,18.65,75.0,18.59,32.84,37.35,10.04,41.81,9.37,6.83,,23.88,51.95,12.45,351.53,8.15,10.69,7.98,3.22,6.58,38.42,22.44,,5.14,106.89,21.4,35.01,28.1,90.1,14.33,5.3,21.45,7.72,66.02,22.2,4.06,35.9,4.95,26.2,38.0,3.8,33.1,19.12,5.49,78.94,9.04,74.1,4.67,232.41,8.04,139.09,54.02,23.7,4.7,5.5,16.15,79.0,5.73,7.75,39.2,56.24,22.73,6.72,14.84,4.85,335.45,279.58,6.81,190.7,8.49,190.21,98.43,4.06,7.39,11.75,37.38,2.51,19.66,60.89,40.53,86.98,28.17,207.8,45.05,1.19,20.47,11.99,6.16,10.48,59.68,19.27,282.0
2020-12-11,266.56,56.23,86.1,8.43,1820.0,42.68,84.0,163.22,109.0,20.01,164.88,171.0,50.68,20.12,28.75,200.5,60.99,5.08,13.47,27.0,26.47,167.0,93.66,27.15,5.08,89.5,17.79,3.22,,63.8,52.53,18.92,4.55,39.04,4.31,18.5,23.0,34.22,4.22,5.67,15.94,81.82,267.52,54.1,18.63,9.7,31.78,31.5,83.09,44.47,18.52,73.7,18.33,32.17,36.77,10.17,40.07,8.88,6.72,,23.22,53.25,11.9,355.7,8.04,10.52,7.9,3.21,6.49,38.0,22.32,,5.1,109.0,20.61,35.25,27.87,91.0,14.47,5.19,20.78,7.77,64.35,22.05,4.12,37.25,4.79,26.3,38.38,3.7,32.76,18.63,5.44,78.27,8.89,72.8,4.67,232.75,8.04,138.0,51.96,23.48,4.67,5.55,15.89,78.7,5.7,7.57,37.8,55.8,21.94,6.71,14.47,4.92,331.06,292.0,6.77,191.5,8.07,186.2,98.4,4.03,7.5,11.89,36.97,2.48,19.25,59.13,39.78,85.51,27.39,206.0,44.15,1.17,19.89,11.7,6.11,9.43,59.08,19.44,280.11
2020-12-14,266.0,56.67,87.69,8.51,1829.0,44.37,84.44,160.43,113.2,19.77,165.6,165.45,49.81,20.53,28.84,205.59,60.62,5.05,13.54,26.3,26.59,170.2,93.75,27.58,5.19,90.11,17.78,3.22,,62.76,52.99,18.98,4.53,40.06,4.64,18.18,22.14,33.5,4.19,5.67,16.0,80.26,273.15,57.14,17.45,9.75,31.98,31.31,84.19,45.85,18.88,74.85,18.28,32.51,37.37,9.43,40.6,8.87,6.97,,23.24,54.58,12.0,368.14,7.93,10.52,7.9,3.2,6.53,37.8,22.09,,5.09,113.8,20.38,35.08,27.8,91.97,14.77,5.22,20.93,7.79,67.68,22.16,4.06,37.38,4.88,25.9,38.31,3.67,30.64,19.52,5.46,78.5,8.83,75.77,4.65,235.8,7.98,138.35,51.13,23.53,4.66,5.43,15.94,82.05,5.73,7.43,36.82,60.8,21.72,6.72,14.52,4.85,345.7,295.61,6.6,197.95,8.21,194.23,102.08,4.05,7.49,11.72,36.8,2.45,18.99,63.35,39.02,94.06,28.1,213.6,45.75,1.17,19.57,12.21,5.96,9.42,59.62,19.5,280.22
2020-12-15,278.5,55.96,86.3,8.33,1816.01,44.35,85.73,159.25,115.9,19.53,164.81,158.8,50.34,20.08,28.81,204.9,58.43,5.01,13.56,26.18,26.7,174.7,91.9,27.57,5.27,97.02,17.77,3.19,,60.99,53.66,18.85,4.51,40.4,4.72,17.92,21.76,34.1,4.15,5.65,16.11,84.09,270.8,61.99,17.66,9.71,33.05,31.53,86.45,46.71,18.74,75.06,18.35,32.88,36.87,9.36,41.03,9.28,7.12,,23.42,54.24,11.86,378.0,8.71,10.44,7.89,3.18,6.43,39.87,22.77,,5.08,113.2,21.01,35.0,28.33,90.14,14.57,5.18,20.9,7.67,70.3,22.16,4.03,36.75,4.83,26.01,38.9,3.61,31.03,19.2,5.4,77.1,8.92,76.31,4.67,228.5,8.1,137.8,51.0,23.83,4.64,5.31,15.98,83.5,5.68,7.43,36.9,59.99,21.82,6.6,14.58,4.79,362.3,295.0,6.56,193.71,8.16,196.91,102.37,3.97,7.55,11.69,37.46,2.42,18.64,64.63,38.52,92.63,29.36,218.38,45.57,1.16,19.35,12.58,5.91,9.96,58.42,19.38,275.45
2020-12-16,286.06,53.72,86.84,8.38,1840.0,44.06,88.1,157.63,118.11,19.76,159.48,155.99,52.33,20.42,28.61,203.01,55.2,5.0,13.53,25.85,26.15,171.87,90.44,26.75,5.17,97.01,17.69,3.18,,61.03,53.19,18.42,4.51,40.49,4.65,17.82,22.84,33.48,4.15,5.73,15.84,86.35,274.33,62.99,17.74,9.65,32.31,32.33,85.5,46.0,19.01,74.53,18.23,32.5,37.61,9.23,38.65,9.42,6.93,16.1,23.02,53.8,11.75,377.03,8.78,10.48,7.87,3.18,6.43,39.76,23.23,,5.1,116.64,20.84,35.24,27.67,85.7,14.5,5.19,20.63,7.6,69.82,21.56,4.04,37.43,4.82,26.78,38.78,3.59,30.29,18.95,5.37,79.4,8.86,76.0,4.63,228.2,8.04,137.19,50.38,23.75,4.62,5.51,15.85,83.15,5.57,7.41,36.77,59.29,21.78,6.67,14.63,4.81,354.0,300.0,6.51,198.22,8.05,199.71,101.78,4.04,7.91,11.72,37.5,2.43,18.08,63.85,39.03,94.08,31.38,220.36,45.85,1.16,19.4,12.68,5.88,9.55,59.56,18.84,274.01
2020-12-17,284.81,55.02,88.98,8.83,1865.51,44.05,89.67,158.15,123.0,19.82,160.69,155.15,52.39,20.77,29.22,205.31,56.01,5.03,13.58,26.12,27.31,171.79,89.21,26.85,5.25,105.18,18.02,3.18,5.59,61.61,54.15,18.71,4.52,41.31,5.12,17.99,22.64,33.33,4.22,5.75,16.04,85.95,277.81,62.0,18.13,9.77,32.64,32.37,85.94,44.87,18.95,74.73,18.51,32.81,38.18,9.41,39.03,10.12,7.05,16.68,24.13,54.11,12.36,381.51,8.96,10.51,7.91,3.19,6.45,39.13,23.48,,5.12,116.8,20.98,35.32,27.48,87.0,14.6,5.22,20.93,7.39,69.22,21.7,4.09,37.5,4.85,27.33,38.13,3.79,30.1,19.04,5.43,79.35,9.03,74.81,4.74,228.9,8.04,139.48,49.63,23.91,4.65,5.68,16.21,83.3,5.75,7.42,36.6,61.81,22.6,6.93,15.38,4.87,364.04,324.36,6.54,204.8,8.47,196.0,102.02,4.06,8.1,11.85,37.44,2.55,18.61,63.39,39.81,96.53,34.18,225.49,44.02,1.17,20.92,12.81,6.12,9.35,60.28,18.79,284.42
2020-12-18,289.99,53.59,87.79,9.19,1845.0,43.1,89.3,159.66,121.8,19.75,159.0,157.0,51.48,20.46,28.81,201.9,55.02,5.0,13.65,25.85,26.9,176.0,88.72,27.0,5.18,105.66,17.92,3.17,5.58,61.37,53.12,18.77,4.51,40.7,5.06,17.98,22.27,34.39,4.26,5.79,16.05,87.1,276.86,61.38,19.07,9.76,32.04,31.56,88.16,45.88,18.36,73.21,18.2,32.81,37.43,9.8,38.19,10.07,6.9,17.37,23.35,52.7,12.44,378.07,9.38,10.53,7.81,3.18,6.41,40.2,24.15,,5.14,111.07,20.73,34.52,27.02,86.21,14.32,5.2,20.75,7.3,72.18,21.9,4.1,36.28,4.82,27.66,38.83,3.8,29.65,18.82,5.37,80.0,9.01,77.65,4.85,233.0,7.97,137.7,49.4,23.94,4.69,5.58,16.04,89.4,5.66,7.64,37.22,64.72,22.55,7.09,16.5,4.83,360.68,330.34,6.6,204.63,8.5,189.04,99.66,3.99,8.27,11.89,37.5,2.57,18.24,62.13,38.91,99.97,34.0,217.25,43.77,1.19,21.41,13.1,6.23,10.29,59.3,19.1,284.41
2020-12-21,325.0,54.37,87.05,9.39,1842.5,42.89,88.81,162.06,123.43,19.58,173.25,165.5,52.92,20.14,29.03,200.19,54.36,5.0,13.65,25.98,27.59,193.6,89.0,27.18,5.4,107.86,17.92,3.17,5.61,60.7,53.4,18.95,4.52,41.5,5.18,18.0,22.98,36.38,4.25,5.78,16.37,88.82,281.91,65.9,18.8,9.75,33.0,31.0,90.8,45.19,18.28,74.0,18.21,32.38,37.59,9.69,39.27,10.36,7.09,17.65,23.44,55.09,12.6,396.0,9.58,10.68,7.84,3.19,6.36,42.6,25.18,,5.07,110.98,20.95,34.14,27.11,87.2,14.36,5.17,21.13,7.4,76.63,24.09,4.07,35.05,4.83,26.6,40.09,3.74,29.94,18.88,5.37,81.83,9.17,85.42,4.82,227.12,7.93,139.8,48.96,24.45,4.64,5.58,16.13,93.5,5.7,8.02,37.45,71.19,22.65,7.15,17.6,4.84,361.0,321.25,6.55,213.6,8.2,194.3,99.6,3.97,8.17,11.59,38.18,2.61,18.3,67.2,39.09,106.0,35.0,229.13,46.73,1.19,21.99,13.71,6.2,9.92,60.2,19.77,278.9
2020-12-22,313.64,51.91,84.15,8.75,1881.0,41.91,89.75,157.98,124.7,19.15,164.24,156.68,52.49,19.81,28.01,193.5,54.49,4.94,13.27,25.5,26.32,184.0,85.2,26.03,5.34,106.2,17.22,3.15,5.5,60.11,49.25,18.17,4.46,40.96,4.83,17.6,22.48,35.73,4.14,5.73,15.8,85.98,282.38,62.9,17.8,9.61,32.48,31.3,86.0,44.82,17.9,71.35,17.62,31.52,35.81,9.12,38.4,9.75,6.77,17.57,23.43,51.7,11.82,387.51,9.48,10.41,7.75,3.16,6.23,42.0,24.64,,5.02,106.28,20.31,33.7,26.08,83.0,14.1,5.12,21.02,7.35,73.99,24.14,3.98,33.58,4.76,26.42,38.75,3.52,29.97,18.4,5.31,86.5,8.77,87.9,4.76,212.76,7.8,135.29,48.32,23.51,4.54,5.43,15.51,92.3,5.48,7.62,38.09,67.5,21.42,6.99,17.27,4.77,369.97,327.86,6.47,215.1,7.6,193.0,99.04,3.88,7.93,11.29,37.01,2.47,17.45,65.7,37.38,97.98,36.1,236.95,45.88,1.16,19.79,12.85,5.93,9.63,57.85,19.33,271.74
2020-12-23,318.0,52.89,84.85,8.77,1841.65,42.32,92.0,158.0,125.45,19.05,172.82,159.77,55.47,19.82,28.2,194.49,55.3,4.96,13.58,26.6,26.64,186.79,86.0,25.48,5.58,106.0,17.28,3.14,5.41,60.15,51.62,18.3,4.45,41.57,4.88,17.82,21.94,36.15,4.14,5.69,15.51,86.96,278.29,69.92,17.95,9.55,32.96,32.52,88.51,45.76,18.0,71.98,17.78,31.79,36.12,9.26,41.21,10.2,6.88,17.2,23.3,52.22,12.62,388.31,9.81,10.8,7.73,3.16,6.24,44.3,25.9,,5.0,108.4,20.4,33.73,25.93,83.1,14.08,5.12,21.42,7.19,74.53,24.55,3.99,34.05,4.76,27.44,39.08,3.59,30.61,18.53,5.33,86.8,8.73,92.2,4.93,218.95,7.82,123.63,50.04,23.38,4.51,5.45,15.62,96.53,5.47,7.49,39.29,67.12,21.54,7.19,17.52,4.72,383.5,326.1,6.44,216.05,7.59,195.44,101.74,3.94,7.97,11.57,37.22,2.49,17.49,72.27,37.4,98.93,37.81,246.88,50.47,1.16,19.97,13.88,6.03,9.73,58.29,19.52,272.79
2020-12-24,311.0,54.54,84.2,8.91,1830.34,42.57,92.89,155.02,126.2,18.98,176.08,157.77,55.73,20.17,28.06,189.0,54.01,4.96,13.38,26.13,26.53,183.0,85.62,25.53,5.69,108.8,17.1,3.14,5.37,60.06,50.75,18.06,4.44,40.51,4.92,17.95,21.8,36.82,4.16,5.62,15.39,88.6,275.32,70.4,18.02,9.55,32.35,32.68,91.28,47.12,18.26,75.65,17.66,31.17,36.31,9.27,40.78,10.44,6.71,17.16,23.6,51.25,12.65,389.45,9.65,10.65,7.74,3.17,6.27,46.51,25.86,,4.97,106.7,19.92,34.23,25.29,78.45,14.66,5.14,21.12,6.82,72.27,24.41,3.99,33.52,4.75,28.4,38.97,3.58,30.15,18.64,5.32,86.19,8.69,90.6,4.91,230.02,7.84,119.35,50.06,23.31,4.45,5.4,15.44,98.98,5.53,7.56,39.54,68.9,21.81,7.13,17.7,4.72,370.06,318.61,6.42,214.0,7.55,195.43,102.63,3.9,7.6,11.52,37.05,2.53,17.09,73.11,37.25,97.2,35.89,252.2,50.45,1.16,19.61,14.22,5.94,9.78,57.69,20.34,277.09
2020-12-25,312.79,53.37,83.2,9.27,1830.0,42.72,93.58,149.5,131.5,19.32,172.79,146.85,56.56,20.21,28.02,183.13,53.43,4.97,13.4,26.51,26.83,185.22,82.4,27.5,5.69,115.01,17.24,3.15,5.39,59.21,49.73,18.29,4.45,40.0,5.41,17.72,21.5,35.99,4.17,5.66,15.16,91.21,275.92,74.7,18.47,9.58,32.19,33.71,92.45,47.25,18.04,74.33,17.64,31.04,35.4,9.5,41.07,11.48,6.79,18.88,24.04,49.43,13.26,402.5,10.62,10.66,7.76,3.18,6.27,46.51,25.81,,5.0,105.46,19.6,34.27,25.15,76.1,14.9,5.18,20.73,6.94,77.95,25.05,4.0,33.91,4.77,28.43,38.12,3.71,30.69,18.33,5.37,85.95,8.78,93.45,5.05,220.0,7.91,120.5,50.25,23.41,4.49,5.4,15.72,108.88,5.62,7.68,38.13,75.79,21.74,7.43,18.0,4.72,371.83,327.51,6.46,212.9,7.84,201.0,107.0,3.87,8.09,11.58,37.14,2.6,16.91,74.6,37.52,102.1,38.3,259.0,51.93,1.18,20.59,14.33,6.06,9.6,56.9,20.11,263.49
2020-12-28,316.78,51.95,84.62,9.44,1873.0,43.04,95.8,137.01,128.85,19.13,172.62,146.1,55.58,20.49,27.98,184.25,52.03,4.97,13.27,25.68,27.42,187.93,80.58,28.16,5.67,111.0,17.03,3.14,5.37,60.6,48.07,18.09,4.45,41.89,5.95,17.46,20.82,36.1,4.14,5.55,15.58,88.0,285.95,73.96,18.55,9.57,31.61,33.95,90.9,47.0,18.85,77.5,17.39,30.57,36.25,9.54,39.58,11.99,6.87,19.81,23.57,47.34,13.05,399.4,10.66,10.86,7.72,3.17,6.24,47.1,26.78,,4.95,102.48,19.15,34.98,24.43,75.11,15.06,5.16,19.51,6.72,79.2,24.81,3.99,33.0,4.76,28.98,36.83,3.72,30.58,18.34,5.32,85.41,8.84,92.15,5.03,223.89,7.94,117.45,49.63,23.66,4.5,5.25,15.61,107.01,5.57,7.46,37.72,77.34,21.0,7.27,17.37,4.75,366.0,358.3,6.44,224.83,7.61,196.63,105.97,3.91,8.13,11.87,36.63,2.6,17.56,73.25,37.4,100.89,40.48,257.6,53.0,1.17,20.84,14.2,5.99,9.59,57.18,19.08,259.82
2020-12-29,308.0,55.4,85.5,9.1,1867.0,42.83,95.19,137.78,129.25,18.98,175.77,147.83,55.5,20.63,28.15,193.81,52.53,4.98,13.51,26.58,27.59,178.6,81.64,27.72,5.59,108.28,17.05,3.14,5.39,60.87,52.84,18.72,4.46,41.87,5.71,17.59,21.42,35.88,4.13,5.56,15.55,89.35,281.0,66.3,18.05,9.53,32.77,33.47,86.2,46.61,19.17,76.45,17.4,33.63,36.26,9.23,39.71,12.05,6.7,19.8,23.4,50.91,12.3,401.6,9.77,10.99,7.74,3.17,6.25,45.93,26.34,,4.95,106.98,20.29,35.52,26.14,76.52,14.79,5.16,19.86,7.0,75.4,23.7,4.02,33.52,4.77,27.97,37.06,3.54,30.69,18.14,5.32,85.15,8.7,88.4,4.9,221.7,7.91,117.49,49.6,23.4,4.49,5.3,15.64,96.31,5.65,7.5,38.5,69.61,20.87,6.93,16.58,4.73,370.77,360.0,6.44,221.1,7.36,197.39,106.95,3.92,8.11,11.55,35.8,2.51,17.81,71.8,37.71,100.0,38.34,255.15,51.32,1.16,19.74,13.85,5.88,9.62,57.27,20.21,264.93
2020-12-30,340.0,53.83,85.88,9.27,1933.0,43.05,95.98,141.39,131.21,19.03,173.04,148.77,56.08,20.9,28.5,195.22,56.47,4.96,13.67,26.06,28.93,186.0,82.21,28.09,5.96,112.7,17.14,3.13,5.4,61.27,52.32,18.61,4.46,43.96,5.86,17.39,21.21,37.05,4.13,5.57,15.53,91.22,286.88,67.97,18.03,9.5,33.71,34.45,87.56,46.95,19.2,76.27,17.51,33.44,36.22,9.32,41.12,11.64,6.94,19.99,23.39,50.33,12.58,418.06,9.86,10.82,7.78,3.17,6.22,47.9,26.21,,4.94,107.02,20.11,34.98,26.44,77.99,14.87,5.17,19.91,7.01,79.25,24.35,4.01,34.04,4.78,28.1,37.8,3.62,30.44,18.12,5.27,87.16,8.75,90.74,4.86,227.38,7.94,118.74,48.19,23.44,4.45,5.36,15.81,101.0,5.6,7.64,37.9,73.24,21.22,7.29,16.78,4.75,374.15,363.88,6.41,224.9,7.55,199.97,109.51,3.95,8.06,11.58,35.38,2.55,17.5,73.7,37.38,101.45,39.3,263.12,54.3,1.17,20.06,14.03,5.97,9.7,56.88,20.23,261.88
2020-12-31,351.11,55.48,86.98,9.29,1998.0,43.95,98.44,146.78,134.72,19.16,180.74,157.59,56.12,20.87,29.4,197.5,57.75,4.99,13.69,26.0,31.0,194.3,82.88,28.16,6.0,111.46,17.53,3.14,5.46,61.94,53.33,18.79,4.48,44.37,6.25,17.69,21.57,37.25,4.15,5.66,15.79,91.04,291.85,72.28,18.01,9.68,34.23,34.98,93.3,48.51,19.34,77.1,18.01,33.65,38.4,9.34,42.57,12.21,7.08,19.96,23.19,50.86,13.09,426.0,10.15,10.84,7.84,3.18,6.28,48.05,26.57,,4.97,108.06,20.45,35.34,26.88,80.58,14.92,5.2,20.06,7.11,81.5,24.65,4.03,35.0,4.84,29.21,40.87,3.63,30.61,18.23,5.31,88.23,8.81,92.2,4.92,231.1,8.08,123.98,49.67,23.62,4.46,5.37,16.28,101.2,5.65,8.01,37.32,79.3,23.34,7.25,16.85,4.78,411.0,375.29,6.46,226.16,7.53,200.54,113.0,3.99,8.11,11.7,36.35,2.57,17.5,78.18,38.39,103.8,39.27,282.45,59.35,1.17,19.95,14.25,5.95,9.87,57.97,22.25,263.8
