date,601318,601899,600519,600036,000333,600900,002371,002475,601166,600030,601398,002384,300059,002594,600183,000725,600276,601288,000651,002463,601328,600887,603993,600150,300408,601857,000338,600309,000858,300274,601088,600000,603019,600031,300124,002415,000001,002714,601688,000063,601601,601225,600584,601919,000100,600176,000988,300308,600111,600089,600522,601988,601939,600660,600406,000792,601668,000938,002142,000977,600016,002028,002602,300014,002050,600028,002353,601169,600690,002230,601600,601766,002352,600489,601012,601009,300033,600547,600050,000425,000776,002460,601872,000408,002241,600999,000657,600549,600809,601006,000568,000807,603288,601100,601818,600160,000630,600760,601628,002709,002466,601888,600893,600010,600362,002202,600019,002027,601336,002625
2014-01-02,,,,,,6.28,,,,,,20.77,,,,,,,32.08,,,,,23.93,,,,20.34,,,,,,,,,,,,,,,6.57,3.3,2.32,,,12.57,,,,,,,14.68,16.82,,27.7,,,,,,,11.26,,79.0,,,,3.36,,,,,,,18.05,3.23,,,,2.4,6.07,,,11.8,,,,,3.38,,,,,9.89,5.07,,,30.0,,,,,,4.04,5.31,,11.3
2014-01-03,,,,,,6.18,,,,,,21.42,,,,,,,30.99,,,,,23.43,,,,19.84,,,,,,,,,,,,,,,6.56,3.23,2.29,,,12.52,,,,,,,14.73,16.47,,30.47,,,,,,,11.45,,79.69,,,,3.38,,,,,,,18.06,3.17,,,,2.37,5.96,,,11.67,,,,,3.36,,,,,9.74,5.04,,,30.34,,,,,,4.01,5.42,,11.2
2014-01-06,,,,,,6.05,,,,,,21.2,,,,,,,30.02,,,,,22.47,,,,19.0,,,,,,,,,,,,,,,6.5,3.12,2.27,,,12.33,,,,,,,14.81,15.93,,28.91,,,,,,,10.96,,78.95,,,,3.27,4.73,,,,,,17.48,3.08,,,,2.28,5.78,,,11.47,,,,,3.22,,,,,9.26,4.91,,,30.64,,,,,,3.9,5.34,,10.83
2014-01-07,,,,,,6.01,,,,,,21.44,,,,,,,29.97,,,,,22.61,,,,19.12,,,,,,,,,,,,,,,6.78,3.15,2.27,,,12.4,,,,,,,15.5,15.99,,28.57,,,,,,,10.65,,81.8,,,,3.26,4.66,,,,,,17.35,3.09,,,,2.31,6.01,,,11.33,,,,,3.19,,,,,9.18,4.98,,,30.58,,,,,,3.89,5.37,,10.85
2014-01-08,,,,,,5.99,,,,,,22.88,,,,,,,30.16,,,,,22.88,,,,18.97,,,,,,,,,,,,,,,6.84,3.11,2.28,,,12.36,,,,,,,15.62,15.71,,28.87,,,,,,,10.34,,81.7,,,,3.22,4.56,,,,,,16.67,3.05,,,,2.26,6.15,,,11.31,,,,,3.15,,,,,9.04,4.92,,,30.3,,,,,,3.83,5.45,,10.96
2014-01-09,,,,,,5.9,,,,,,22.8,,,,,,,29.46,,,,,22.0,,,,18.65,,,,,,,,,,,,,,,6.54,3.08,2.3,,,12.38,,,,,,,15.41,15.22,,29.68,,,,,,,10.16,,82.97,,,,3.14,4.61,,,,,,16.46,3.02,,,,2.24,6.09,,,10.92,,,,,3.05,,,,,8.81,4.85,,,28.81,,,,,,3.79,6.0,,10.52
2014-01-10,,,,,,5.96,,,,,,23.18,,,,,,,29.48,,,,,20.89,,,,18.68,,,,,,,,,,,,,,,5.9,3.05,2.32,,,12.0,,,,,,,14.89,14.85,,26.88,,,,,,,10.18,,79.58,,,,3.19,4.52,,,,,,16.49,3.0,,,,2.22,6.09,,,10.44,,,,,3.12,,,,,8.95,4.73,,,29.11,,,,,,3.78,5.81,,10.75
2014-01-13,,,,,,5.96,,,,,,,,,,,,,28.35,,,,,21.08,,,,18.28,,,,,,,,,,,,,,,6.05,3.05,2.28,,,11.68,,,,,,,14.99,14.77,,27.07,,,,,,,10.18,,79.68,,,,3.5,4.51,,,,,,16.47,3.01,,,,2.21,6.08,,,10.53,,,,,3.29,,,,,9.19,4.58,,,29.25,,,,,,3.84,5.6,,10.35
2014-01-14,,,,,,6.0,,,,,,22.61,,,,,,,29.23,,,,,21.82,,,,18.45,,,,,,,,,,,,,,,6.3,3.07,2.35,,,12.05,,,,,,,15.01,15.04,,28.91,,,,,,,10.36,,81.07,,,,3.33,4.57,,,,,,16.25,3.04,,,,2.25,6.16,,,10.54,,,,,3.2,,,,,9.26,4.68,,,29.43,,,,,,3.91,5.75,,10.62
2014-01-15,,,,,,5.97,,,,,,22.62,,,,,,,29.35,,,,,21.43,,,,18.64,,,,,,,,,,,,,,,6.41,3.07,2.34,,,12.46,,,,,,,15.17,14.83,,29.4,,,,,,,10.61,,83.28,,19.9,,3.24,4.51,,,,,,15.83,3.03,,,,2.21,6.17,,,10.5,,,,,3.13,,,,,9.16,4.72,,,29.96,,,,,,3.86,5.86,,10.77
2014-01-16,,,,,,5.99,,,,,,22.95,,,,,,,28.8,,,,,21.03,,,,19.17,,,,,,,,,,,,,,,6.35,3.08,2.32,,,12.03,,,,,,,14.86,15.17,,28.42,,,,,,,10.5,,82.5,,20.0,,3.29,4.43,,,,,,15.89,3.01,,,24.81,2.22,6.19,,,10.66,,,,,3.19,,,,,9.19,4.69,,,31.45,,,,,,3.87,5.71,,10.91
2014-01-17,,,,,,5.96,,,,,,23.39,,,,,,,28.07,,,,,20.65,,,,18.79,,,,,,,,,,,,,,,6.13,3.12,2.29,,,11.93,,,,,,,14.33,15.38,,29.15,,,,,,,10.51,,80.0,,19.94,,3.2,4.32,,,,,,15.33,2.99,,,24.6,2.2,6.16,,,10.47,,,,,3.12,,,,,8.91,4.72,,,30.53,,,,,,3.74,6.28,,10.77
2014-01-20,,,,,,5.96,,,,,,22.88,,,,,,,29.57,,,,,21.39,,,,18.48,,,,,,,,,,,,,,,6.25,3.05,2.28,,,11.96,,,,,,,14.1,15.24,,31.73,,,,,,,10.33,,77.79,,19.75,,3.19,4.28,,,,,,15.46,2.98,,,24.3,2.19,6.1,,,10.25,,,,,3.08,,,,,9.16,4.8,,,30.56,,,,,,3.73,6.91,,11.0
2014-01-21,,,,,,6.05,,,,,,22.82,,,,,,,29.65,,,,,20.99,,,,18.57,,,,,,,,,,,,,,,6.68,3.07,2.28,,,12.16,,,10.65,,,,14.21,15.25,,31.5,,,,,,,10.46,,80.82,,20.03,,3.21,4.35,,,,,,15.48,3.01,,,24.81,2.21,6.16,,,10.29,,,,,3.09,,,,,9.13,4.91,,,30.58,,,,,,3.74,7.6,,11.1
2014-01-22,,,,,,6.08,,,,,,23.5,,,,,,,30.4,,,,,21.94,,,,19.63,,,14.39,,,,,,,,,13.21,,,6.71,3.14,2.32,,,12.76,,,11.06,,,,14.62,15.46,,31.72,,,,,8.03,,10.7,,80.69,,20.77,,3.3,4.56,,,,,,15.86,3.05,,,24.95,2.26,6.22,,,10.49,,,,,3.17,,,,,9.34,4.97,,,31.07,,,,,,3.82,8.36,,11.24
2014-01-23,,,,,,6.1,,,,,,23.38,,,,,,,30.28,,,,,22.06,,,,19.56,,,14.25,,,,,,,,,13.24,,,6.87,3.11,2.32,,,12.77,,,11.14,,,,14.54,15.27,,32.46,,,,,8.83,,10.8,,80.11,,21.19,,3.28,4.6,,,,,,15.85,3.02,,,24.75,2.25,6.3,,,10.53,,,,,3.18,,,,,9.25,4.94,,,30.83,,,,,,3.76,8.22,,11.33
2014-01-24,,,,,,6.11,,,,,,23.16,,,,,,,30.0,,,,,21.95,,,,19.6,,,14.37,,,,,,,,,13.54,,,7.03,3.14,2.33,,,12.75,,,11.32,,,,14.59,15.33,,32.28,,,,,9.71,,10.81,,82.46,,21.8,,3.31,4.61,,,,,,16.31,3.03,,,25.09,2.26,6.36,,,10.83,,,,,3.21,,,,,9.35,4.88,,,32.03,,,,,,3.78,8.25,,11.4
2014-01-27,,,,,,6.02,22.21,,,,,23.43,,,,,,,29.0,,,,,21.84,,,,19.58,,,14.09,,,,,,,,,13.54,,,7.27,3.17,2.56,,,13.18,,,11.42,,,,14.74,14.99,,30.45,,,,,10.68,,11.03,,80.37,,21.43,,3.23,4.45,,,,,,16.73,2.99,,,25.18,2.24,6.23,,,10.52,,,,,3.14,,,,,9.11,4.88,,,33.72,,,,,,3.76,8.31,,11.95
2014-01-28,,,,,,5.99,23.19,,,,,22.78,,,,,,,29.2,,,,,21.37,,,,20.09,,,14.03,,,,,,,,,13.6,,,7.2,3.17,2.58,,,13.39,,,11.67,,,,14.6,15.17,,30.47,,,,,11.75,,10.92,,80.83,,21.16,,3.28,4.44,,,,,,16.38,3.03,,,24.89,2.25,6.24,,,10.6,,,,,3.17,,,,,9.12,4.93,,,33.5,,,,,,3.77,8.16,,12.04
2014-01-29,,,,,,6.02,22.82,,,,,23.18,,,,,,,28.68,,,,,21.67,,,,20.28,,,14.07,,,,,,,,,13.5,,,7.26,3.19,2.6,,,13.19,,,11.73,,,,14.53,15.1,,31.87,,,,,12.93,,10.89,,78.5,,21.56,,3.25,4.37,,,,,,16.25,3.04,,,25.55,2.25,6.27,,,10.51,,,,,3.21,,,,,9.08,4.93,,,33.65,,,,,,3.82,8.37,,11.94
2014-01-30,,,,,,6.03,22.9,,,,,23.98,,,,,,,28.36,,,,,21.8,,,,19.78,,,13.84,,,,,,,,,13.27,,,7.15,3.14,2.5,,,13.3,,,11.86,,,,14.1,14.9,,30.79,,,,,14.22,,10.8,,75.2,,21.18,,3.23,4.24,,,,,,16.49,3.0,,,25.12,2.22,6.29,,,10.2,,,,,3.19,,,,,8.95,4.95,,,33.34,,,,,,3.79,8.13,,11.93
2014-02-07,,,,,,6.0,22.7,,,,,25.51,,,,,,,28.75,,,,,23.98,,,,19.74,,,13.96,,,,,,,,,13.67,,,7.43,3.15,2.61,,,13.22,,,12.45,,,,14.25,15.21,,31.31,,,,,15.64,,11.25,,79.29,,21.5,,3.24,4.23,,,,,,16.23,3.03,,,26.23,2.23,6.32,,,10.42,,,,,3.18,,,,,8.98,5.04,,,36.55,,,,,,3.79,8.24,,12.14
2014-02-10,,,,,,6.07,24.8,,,,,25.82,,,,,,,29.56,,,,,24.0,,,,20.36,,,14.13,,,,,,,,,14.03,,,8.0,3.19,2.62,,,14.18,,,12.79,,,,15.48,15.63,,32.29,,,,,,,11.4,,80.88,,22.35,,3.31,4.49,,,,,,16.67,3.06,,,28.85,2.31,6.46,,,10.77,,,,,3.25,,,,,9.24,5.17,,,40.21,,,,,,3.83,8.14,,12.46
2014-02-11,,,,,,6.08,25.1,,,,,25.1,,,,,,,29.92,,,,,23.73,,,,19.98,,,14.26,,,,,,,,,13.87,,,8.52,3.24,2.67,,,14.95,,,12.79,,,,15.23,15.67,,33.89,,,,,,,11.6,,80.0,,21.37,,3.43,4.47,,,,,,17.25,3.08,,,29.85,2.31,6.43,,,10.87,,,,,3.46,,,,,9.42,5.16,,,44.23,,,,,,3.84,7.84,,12.89
2014-02-12,,,,,,6.04,25.15,,,,,24.7,,,,,,,31.08,,,,,23.7,,,,20.07,,,14.18,,,,,,,,,14.0,,,8.41,3.25,2.64,,,14.84,,,12.77,,,,15.14,15.86,,34.0,,,,,,,12.05,,78.98,,21.34,,3.38,4.49,,,,,,17.24,3.09,,,30.1,2.33,7.07,,,10.84,,,,,3.39,,,,,9.35,5.2,,,46.22,,,,,,3.84,7.84,,12.78
2014-02-13,,,,,,5.99,24.36,,,,,23.72,,,,,,,31.74,,,,,22.91,,,,19.5,,,14.04,,,,,,,,,13.57,,,8.53,3.24,2.64,,,14.81,,,,,,,15.11,15.69,,32.0,,,,,17.2,,11.9,,76.81,,20.8,53.22,3.38,4.36,,,,,,17.29,3.07,,,30.54,2.32,7.08,,,11.08,,,,,3.36,,,,,9.31,5.12,,,45.0,,,,,,3.83,8.08,,12.42
2014-02-14,,,,,,6.01,25.09,,,,,24.3,,,,,,,31.63,,,,,23.14,,,,19.6,,,14.08,,,,,,,,,13.5,,,8.62,3.26,2.65,,,15.3,,,,,,,15.07,15.85,,33.19,,,,,18.92,,12.07,,76.8,,20.93,53.39,3.39,4.44,,,,,,17.38,3.08,,,30.78,2.35,7.22,,,11.18,,,,,3.37,,,,,9.42,5.17,,,44.88,,,,,,3.85,7.74,,12.56
2014-02-17,,,,,,6.02,25.5,,,,,24.91,,,,,,,31.56,,,,,23.73,,,,19.58,,,14.29,,,,,,,,,14.35,,,9.22,3.29,2.68,,,16.02,,,,,,,16.01,16.05,,33.76,,,,,20.81,,12.23,,76.3,,20.98,54.8,3.4,4.44,,,,,,17.81,3.15,,,30.85,2.35,7.17,,,11.16,,,,,3.4,,,,,9.5,5.22,,,45.43,,,,,,3.86,7.91,,12.8
2014-02-18,,,,,,5.94,25.58,,,,,24.44,,,,,,,31.35,,,,,23.67,,,,19.11,16.04,,14.06,,,,,,,,,14.23,,,9.19,3.35,2.62,,,15.48,,,,,,,16.12,15.7,,32.9,,,,,22.89,,12.08,,74.55,,21.54,54.37,3.36,4.36,,,,,,17.27,3.08,,,29.7,2.32,6.98,,,10.95,,,,,3.35,,,,,9.31,5.35,,,44.55,,,,,,3.82,8.3,,12.64
2014-02-19,,,,,46.08,5.97,25.57,,,,,24.52,,,,,,,31.95,,,,,22.94,,,,19.3,16.07,,14.26,,,,,,,,,14.25,,,9.21,3.44,2.58,,,14.98,,,12.39,,,,16.36,15.81,,33.5,,,,,25.18,,11.9,,77.54,,21.8,52.9,3.4,4.39,,,,,,17.48,3.12,,,29.54,2.36,7.03,,,11.13,,,,,3.37,,,,,9.37,5.38,,,44.78,,,,,,3.84,9.13,,12.67
2014-02-20,,,,,44.91,6.06,25.72,,,,,23.42,,,,,,,30.95,,,,,22.54,,,,19.11,15.8,,14.32,,,,,,,,,13.91,,,9.89,3.38,2.56,,,15.46,,,12.63,,,,16.27,15.87,,32.15,,,,,,,11.57,,76.75,,21.58,56.39,3.39,4.44,,,,,,17.17,3.14,,,28.28,2.42,7.07,,,11.13,,,,,3.41,,,,,9.34,5.37,,,42.39,,,,,,3.85,8.74,,12.3
2014-02-21,,,,,44.7,5.98,25.6,,,,,23.2,17.19,,,,,,30.5,,,,,22.59,,,,18.99,15.95,,14.39,,,,,,,,,13.79,,,9.75,3.34,2.6,,,15.23,,,13.48,,,,16.18,15.56,,31.41,,,,,,,11.45,,74.69,,20.7,55.16,3.33,4.4,,,,,,16.88,3.14,,,28.66,2.34,6.88,,,11.04,,,,,3.35,,,,,9.31,5.41,,,42.05,,,,,,3.82,8.41,,12.03
2014-02-24,,,,,41.92,5.92,24.95,,,,,23.41,17.6,,,,,,28.37,,,,,21.48,,,,18.04,15.76,,14.05,,,,,,,,,13.51,,,9.78,3.27,2.65,,,15.99,,,13.57,,,,16.77,14.95,,32.11,,,,,27.7,,11.68,,74.73,,18.63,54.26,3.23,4.22,,,,,,16.62,3.07,,,28.84,2.27,6.88,,,10.78,,,,,3.27,,,,,9.03,5.19,,,42.2,38.5,,,,,3.74,8.13,,12.49
2014-02-25,,,,,40.34,5.87,22.9,,,,,21.15,16.39,,,,,,27.78,,,,,20.56,,,,17.52,15.11,,13.75,,,,,,,,,13.09,,,8.82,3.2,2.65,,,15.42,,,12.92,,,,16.38,14.5,,31.4,,,,,28.0,,11.4,,69.71,,17.9,51.39,3.16,4.16,,,,,,16.58,3.01,,,26.76,2.23,6.25,,,10.49,,,,,3.18,,,,,8.78,5.05,,,39.0,37.37,,,,,3.7,7.8,,11.82
2014-02-26,,,,,39.26,5.86,22.54,,,,,21.83,16.35,,,,,,28.07,,,,,20.93,,,,17.28,15.1,,13.75,,,,,,,,,13.0,,,9.03,3.21,2.75,,,14.85,,,12.83,,,,17.9,14.68,,31.03,,,,,27.8,,11.4,,69.6,,17.74,50.53,3.2,4.12,,,,,,18.24,3.03,,,28.8,2.24,6.48,,,10.79,,,,,3.27,,,,,8.97,5.08,,,41.45,37.47,,,,,3.66,7.58,,12.13
2014-02-27,,,,,38.16,5.93,21.83,,,,,21.48,15.88,,,,,,26.36,,,,,21.16,,,,17.24,15.1,,13.75,,,,,,,,,12.83,,,8.76,3.22,2.73,,,14.35,,,13.07,,,,17.63,14.88,,29.0,,,,,26.75,,11.3,,66.0,,17.91,49.85,3.14,4.2,,,,,,17.95,3.08,,,29.62,2.23,6.3,,,10.56,,,,,3.22,,,,,8.77,5.09,,,42.7,37.18,,,,,3.72,7.18,,11.95
2014-02-28,,,,,38.94,5.97,22.13,,,,,21.45,16.17,,,,,,27.75,,,,,21.39,,,,17.52,15.27,,13.8,,,,,,,,,13.15,,,8.64,3.26,2.78,,,14.86,,,12.82,,,,18.74,14.97,,29.5,,,,,26.65,,11.55,,70.68,,18.25,50.49,3.21,4.17,,,,,,18.85,3.06,,,32.58,2.25,6.65,,,10.53,,,,,3.27,,,,,8.89,5.0,,,46.97,37.94,,,,,3.68,7.27,,12.88
2014-03-03,,,,,39.92,5.95,22.87,,,,,21.39,16.28,,,,,,28.13,,,,,21.72,,,,17.61,15.78,,13.62,,,,,,,,,13.46,,,8.83,3.33,2.77,,,15.34,,,13.3,,,,18.91,15.02,,30.31,,,,,25.98,,12.04,,71.97,,18.58,51.23,3.33,4.24,,,,,,19.39,3.26,,,34.0,2.28,6.7,,,10.57,,,,,3.33,,,,,8.9,,,,48.8,37.23,,,,,3.69,7.31,,13.2
2014-03-04,,,,,38.88,5.86,22.29,,,,,21.56,16.27,,,,,,28.0,,,,,21.72,,,,17.27,15.9,,13.47,,,,,,,,,13.71,,,9.11,3.28,2.69,,,15.1,,,13.51,,,,18.33,15.92,,30.69,,55.33,,,25.69,,11.95,,70.28,,18.05,51.44,3.3,4.19,,,,,,18.93,3.28,,,36.73,2.26,6.65,,,10.73,,,,,3.3,,,,,8.94,,,,50.95,36.76,,,,,3.68,7.6,,12.92
2014-03-05,,,,,38.8,5.82,22.55,,,,,21.84,17.78,,,,,,27.38,,,,,21.65,,,,17.35,16.17,,13.56,,,,,,,,,13.33,,,9.11,3.28,2.64,,,15.25,,,13.35,,,,17.82,15.51,,30.01,,53.99,,,24.13,,12.5,,70.13,,17.51,50.95,3.33,4.18,,,,,,18.37,3.23,,,35.78,2.26,6.45,,,10.55,,,,,3.3,,,,,8.87,,,,49.1,37.1,,,,,3.66,7.42,,12.52
2014-03-06,,,,,40.65,5.76,22.23,,,,,21.56,17.47,,,,,,27.94,,,,,21.07,,,,17.37,16.11,,13.6,,,,,,,,,13.37,,,9.07,3.29,2.63,,,14.7,,,13.8,,,,17.67,15.62,,31.13,,52.54,,,24.62,,12.89,,67.4,,17.15,51.49,3.3,4.18,21.46,,,,,18.12,3.23,,,34.9,2.28,6.37,,,10.47,,,,,3.29,,,,,8.85,,,,47.45,38.06,,,,,3.66,7.25,,12.77
2014-03-07,,,,,40.49,5.73,22.21,,,,,21.08,17.15,,,,,,27.76,,,,,21.13,,,,17.64,16.16,,13.45,,,,,,,,,13.1,,,8.71,3.36,2.63,,,15.58,,,13.36,,,,18.14,15.39,,30.68,,52.73,,,25.05,,12.7,,65.5,,17.52,50.1,3.34,4.19,22.19,,,,,18.52,3.25,,,35.2,2.28,6.35,,,10.63,,,,,3.3,,,,,8.95,5.5,,,49.3,36.87,,,,,3.64,7.28,,13.13
2014-03-10,,,,,40.64,5.57,21.8,,,,,20.8,16.13,,,,,,27.2,,,,,19.25,,,,17.07,15.45,,12.91,,,,,20.9,,,,12.4,,,8.15,3.31,2.49,,,14.98,,,13.22,,,,16.64,14.67,,29.1,,50.58,,,24.34,,12.5,,63.5,,16.91,46.86,3.22,4.12,21.12,,,,,17.28,3.17,,,33.0,2.2,6.09,,,10.85,,,,,3.12,,,,,8.41,6.05,,,47.48,35.8,,,,,3.56,6.86,,12.2
2014-03-11,,,,,41.76,5.59,20.94,,,,,20.55,16.1,,,,,,27.79,,,,,18.66,,,,16.81,16.59,,12.85,,,,,21.1,,,,12.31,,,8.0,3.38,2.5,,,14.5,,,13.14,,,,16.23,14.72,,28.8,,51.0,,,21.92,,12.32,,63.6,,16.64,46.63,3.2,4.14,21.02,,,,,17.52,3.15,,,,2.21,6.16,,,11.0,,,,,3.14,,,,,8.46,5.69,,,44.34,35.99,,,,,3.61,6.99,,13.42
2014-03-12,,,,,42.07,5.64,20.67,,,,,20.58,15.98,,,,,,28.16,,,,,18.85,,,,16.82,16.73,,12.88,,,,,20.7,,,,12.27,,,8.04,3.37,2.48,,,14.28,,,13.07,,,,16.28,14.74,,27.99,,50.7,,,20.84,,12.28,,64.4,,16.62,44.96,3.22,4.13,21.5,,,,,18.46,3.08,,,,2.21,6.28,,,11.12,,,,,3.16,,,,,8.87,6.26,,,45.59,35.22,,,,,3.61,6.71,,12.14
2014-03-13,,,,,41.8,5.66,20.95,,,,,21.91,16.16,,,,,,27.97,,,,,19.06,,,,16.96,17.8,,13.18,,,,,20.56,,,,12.26,,,8.28,3.38,2.5,,,14.46,,,13.2,,,,16.18,14.92,,28.48,,51.31,,,21.4,,12.55,,66.09,,17.03,45.75,3.23,4.18,21.54,,,,,18.39,3.08,,,,2.21,6.28,,,11.01,,,,,3.16,,,,,8.88,5.83,,,46.18,35.21,,,,,3.62,7.15,,11.88
2014-03-14,,,,,41.8,5.6,20.35,,,,,21.97,15.97,,,,,,27.59,,,,,18.47,,,,17.22,17.58,,13.06,,,,,20.66,,,,12.09,,,8.4,3.48,2.53,,,14.65,,,13.07,,,,15.97,14.7,,29.41,,51.1,,,21.11,,12.41,,65.3,,17.22,46.96,3.21,4.14,21.21,,,,,18.58,3.08,,,,2.23,6.23,,,10.87,,,,,3.15,,,,,8.63,5.74,,,44.5,34.33,,,,,3.59,7.13,,11.63
2014-03-17,,,,,43.0,5.64,20.32,,,,,22.04,16.67,,,,,,27.84,,,,,18.84,,,,17.39,17.76,,13.12,,,,,20.83,,,,12.5,,,8.85,3.48,2.54,,,14.64,,,13.0,,,,16.39,14.89,,29.6,,54.16,,,23.22,,12.69,,66.24,,17.01,47.54,3.25,4.22,21.78,,,,,18.88,3.09,,,,2.24,6.37,,,10.98,,,,,3.19,,,,,8.66,6.31,,,48.95,34.96,,,,,3.62,7.26,,11.7
2014-03-18,,,,,42.11,5.67,20.33,,,,,22.6,17.05,,,,,,27.4,,,,,18.87,,,,17.0,18.03,,13.14,,,,,20.5,,,,12.4,,,8.5,3.48,,,,15.03,,,13.06,,,,16.22,14.88,,30.1,,54.99,,,23.3,,12.53,,64.0,7.2,17.17,47.25,3.25,4.42,21.98,,,,,18.11,3.06,6.7,,,2.24,6.35,,,10.98,,,,,3.18,,,,,8.67,6.94,,,49.8,34.87,22.33,,,,3.63,7.12,,11.74
2014-03-19,,,,,41.04,5.75,19.83,,,,,22.6,16.89,,,,,,26.9,,,,,18.81,,,,16.56,17.55,,13.32,,,,,18.63,,,,12.58,,,8.57,3.41,2.6,,,15.33,,,13.54,,,,15.11,15.27,,28.89,,54.99,,,22.67,,12.29,,61.1,7.15,16.63,46.1,3.26,4.39,22.65,,,,,17.72,3.07,6.67,,,2.24,6.62,,,10.93,,,,,3.17,,10.29,,,8.55,6.94,,,50.8,34.19,22.2,,,,3.61,6.86,,11.81
2014-03-20,,,,,39.79,5.67,18.8,,,,,21.98,16.89,,,,,,26.46,,,,,17.7,,,,16.43,17.02,,13.11,,,,,17.76,,,,12.58,,,8.53,3.38,2.5,,,14.95,,,12.7,,,,14.97,14.8,,27.9,,54.2,,,21.09,,12.12,,59.81,7.1,15.31,45.3,3.17,4.49,21.7,,,,,17.03,3.02,6.6,,,2.22,6.42,,,11.29,,,,,3.12,,10.05,,,8.44,6.88,,,47.61,34.18,21.48,,,,3.58,6.56,,11.58
2014-03-21,,,,,40.85,5.78,19.0,,,,,22.95,16.94,,,,,,27.12,,,,,18.2,,,,16.95,17.4,,13.52,,,,,18.27,,,,13.04,,,8.38,3.5,2.56,,,15.3,,,13.03,,,,15.39,15.15,,27.9,,53.69,,,20.92,,12.25,,62.0,7.44,16.21,45.5,3.26,4.47,22.24,,,,,17.22,3.09,6.8,,,2.29,6.48,,,11.42,,,,,3.2,,10.2,,,8.76,6.77,,,52.37,34.8,22.24,,,,3.65,6.62,,11.62
2014-03-24,,,,,41.16,5.81,19.26,,,,,22.92,17.9,,,,,,26.81,,,,,18.3,,,,16.91,17.78,,13.72,,,,,18.15,,,,12.97,,,8.18,3.54,2.62,,,14.98,,,13.14,,,,15.4,15.34,,26.88,,52.83,,,21.27,,12.34,,60.79,7.58,15.87,44.96,3.32,4.6,22.31,,,,,17.05,3.12,6.89,,,2.37,6.8,,,11.61,,,,,3.25,,10.36,,,8.79,6.94,,,51.99,34.98,22.09,,,,3.78,6.68,,11.6
2014-03-25,,,,,41.44,5.82,18.75,,,,,22.96,17.67,,,,,,27.14,,,,,18.54,,,,16.83,17.25,,13.62,,,,,17.84,,,,12.92,,,8.26,3.58,2.7,,,15.03,,,12.9,,,,15.47,15.33,,27.0,,52.93,,,20.88,,12.5,,62.5,7.53,16.03,45.3,3.35,4.56,22.5,,,,,16.97,3.11,6.89,,,2.42,6.68,,,11.35,,,,,3.32,,10.46,,,8.99,6.58,,,50.48,34.52,22.15,,,,3.78,6.74,,11.58
2014-03-26,,,,,42.28,5.8,18.5,,,,,22.58,17.8,,,,,,27.13,,,,,18.39,,,,16.92,17.09,,13.73,,,,,18.03,,,,12.78,,,8.44,3.55,2.67,,,15.09,,,12.93,,,,15.96,15.24,,27.09,,52.99,,,21.54,,12.31,,62.27,7.52,16.03,46.46,3.31,4.5,22.28,,,,,17.09,3.09,6.84,,,2.38,6.51,,,11.36,,,,,3.25,,10.25,,,8.9,6.59,,,50.99,34.59,22.12,,,,3.76,6.79,,11.67
2014-03-27,,,,,42.12,5.73,18.56,,,,,21.8,16.98,,,,,,26.74,,,,,18.01,,,,16.92,17.06,,13.57,,,,,17.4,,,,12.42,,,8.11,3.6,2.55,,,14.9,,,12.58,,,,15.53,15.24,,24.55,,,,,19.39,,12.38,,61.99,7.54,15.71,46.45,3.29,4.47,20.9,,,,,16.7,3.06,6.75,,,2.39,6.49,,,11.26,,,,,3.22,,10.1,,,8.79,6.28,,,50.63,34.2,21.61,,,,3.8,6.51,,11.41
2014-03-28,,,,,42.85,5.79,18.0,,,,,21.5,17.14,,,,,,27.6,,,,,17.72,,,,17.21,16.6,,13.79,9.67,,,,17.21,,,,12.49,,,7.75,,2.51,,,14.89,,,11.72,,,,14.61,15.0,,23.25,,,,,18.15,,12.1,,60.9,7.56,16.23,44.71,3.47,4.49,20.46,,,,,16.55,3.09,6.67,,,2.39,6.22,,,11.34,,,,,3.3,,9.91,,,8.95,5.9,,,48.24,32.76,20.68,,,,3.81,6.15,,10.95
2014-03-31,,,,,45.08,5.77,18.03,,,,,21.2,17.58,,,,,,28.0,,,,,18.5,,,,17.47,16.67,,13.83,9.72,,,,17.45,,,,12.64,,,7.91,,2.53,,,15.15,,,11.62,,,,14.12,14.96,,23.05,,49.8,,,18.3,,11.9,,60.2,7.59,16.24,45.0,3.39,4.51,20.5,,,,,16.74,3.06,6.68,,,2.35,6.15,,,11.33,,,,,3.25,,9.63,,,8.92,5.98,,,48.68,33.25,20.84,,,,3.85,6.15,,10.93
2014-04-01,,2.26,,,47.02,5.77,19.78,,,,,21.42,19.0,,,,,,28.32,,,,,18.53,,,,18.01,17.23,,13.87,9.73,,,,17.69,,,,13.14,,,8.03,,2.54,,,15.2,,,12.02,,,,14.29,15.16,,23.82,,50.5,,,18.55,,11.95,,60.19,7.6,16.25,45.2,3.37,4.58,20.7,,,,,16.76,3.06,6.77,,,2.42,6.27,,,11.23,,,,,3.29,,9.84,,,8.99,5.99,,,50.91,33.77,21.2,,,,3.92,6.29,,11.1
2014-04-02,,2.27,,,46.31,5.89,19.78,,,,,21.51,18.86,,,,,,28.21,,,,,18.62,,,,18.03,17.28,,14.17,9.94,,,,17.67,,,,13.18,,,7.99,,2.54,,,15.11,,,12.05,,,,14.13,15.27,,23.5,,48.35,,,18.4,,12.15,,59.09,7.68,16.36,45.1,3.4,4.65,20.42,,,,,16.85,3.09,6.82,,,2.44,6.19,,,11.11,,,,,3.39,,9.85,,,9.13,5.87,,,48.88,33.29,20.99,,,,3.97,6.2,,11.13
2014-04-03,,2.26,,,46.1,5.82,19.7,,,,,22.2,19.0,,,,,,27.9,,,,,18.48,,,,17.68,17.19,,13.98,9.67,,,,18.41,,,,12.89,,,8.01,3.42,2.57,,,15.08,,,11.96,,,,14.24,14.99,,23.94,,48.4,,,18.6,,12.19,,59.11,7.57,16.0,45.24,3.35,4.62,20.93,,,,,16.89,3.07,6.76,,,2.41,6.18,,,11.08,,,,,3.73,,9.88,,,9.1,5.96,,,48.6,33.3,20.74,,,,3.88,6.35,,11.21
2014-04-04,,2.26,,,46.01,5.87,19.81,,,,,22.89,19.26,,,,,,28.47,,,,,18.79,,,,17.85,17.17,,14.01,9.73,,,,18.81,,,,12.92,,,8.07,3.37,2.58,,,15.15,,,12.18,,,,14.36,15.06,,24.0,,48.44,,,19.17,16.86,12.4,,59.37,7.62,16.07,46.54,3.39,4.62,21.0,,,,,16.81,3.07,6.79,,,2.42,6.24,,,11.29,,,,,3.91,,9.95,,,9.05,6.03,,26.14,48.76,33.81,21.15,,,,3.93,6.5,,11.4
2014-04-08,,2.29,,,46.75,5.93,20.12,,,,,22.8,18.8,,,,,,29.49,,,,,19.97,,,,18.06,17.22,,14.38,10.14,,,,19.05,,,,13.06,,,7.91,3.37,2.64,,,15.05,,,12.54,,,,14.8,15.28,,23.93,,49.18,,,19.61,16.28,12.55,,62.09,7.85,16.93,47.0,3.42,4.68,20.98,,,,,17.26,3.12,6.92,,,2.45,6.25,,,11.45,,,,,3.89,,10.19,,,9.17,6.13,,26.74,47.86,34.93,22.69,,,,4.0,6.49,,11.57
2014-04-09,,2.29,,,46.84,5.91,19.89,,,,,22.87,19.32,,,,,,29.95,,,,,19.97,,,,17.98,17.33,,14.57,10.1,,,,19.06,,32.78,,13.4,,,8.14,3.34,2.63,,,15.74,,,12.43,,,,14.8,15.38,,25.01,,51.0,,,20.02,17.14,12.62,,63.51,7.83,17.05,46.82,3.41,4.74,21.26,,,,,17.3,3.13,6.91,,,2.47,6.34,,,11.45,,,,,3.84,,10.32,,,9.12,6.14,,27.8,48.1,34.85,23.18,,,,3.96,6.58,21.2,11.87
2014-04-10,,2.31,,,46.59,5.98,19.83,,,,,21.2,19.18,,,,,,30.21,,,39.22,,20.01,,,,18.11,17.45,,15.08,10.23,,,,18.84,,31.98,,13.43,,,8.17,3.55,2.64,,,15.2,,,12.51,,,,15.0,15.44,,25.19,,51.25,,,21.25,17.93,12.55,,64.0,7.89,17.09,47.22,3.45,4.83,21.22,,,,,17.35,3.17,7.04,,,2.52,6.29,,,11.51,,,,,3.76,,10.22,,,9.2,6.08,,27.25,50.03,35.75,,,,,4.07,7.24,21.77,11.69
2014-04-11,,2.29,,,47.9,6.07,19.7,,,,,20.96,18.4,,,,,,31.31,,,39.53,,20.4,,,,17.51,18.17,,15.05,10.25,,,,18.4,,32.69,,13.84,,,7.99,3.42,2.61,,,13.93,,,12.25,,,,14.78,15.35,,24.89,,51.24,,,20.32,17.86,12.79,,62.05,7.95,,47.83,3.42,4.7,20.89,,,,,17.32,3.16,6.97,,,2.5,6.3,,,11.52,,,,,3.71,,10.33,,5.33,9.26,5.87,,26.2,50.38,35.6,,,,,4.12,7.7,21.32,11.67
2014-04-14,,2.3,,,47.34,6.01,19.75,,,,,21.53,18.39,,,,,,31.1,,,39.76,,20.46,,,,17.19,17.97,28.35,14.87,10.12,,,,18.99,,35.59,,13.71,,,8.16,3.37,2.61,7.9,,13.7,,,12.3,,,,15.33,15.38,,24.67,,51.05,,,20.02,17.5,12.82,,60.33,7.86,17.31,47.65,3.39,4.65,21.31,,,,,17.42,3.14,6.98,,,2.48,6.34,,,11.55,,,,,3.73,,10.31,,5.29,9.27,6.05,,26.3,49.87,35.95,,,,,4.07,7.5,21.15,11.9
2014-04-15,,2.27,,,45.9,5.96,20.35,,,,,21.27,18.54,,,,,,30.12,,,38.45,,19.7,,,,17.23,17.6,28.19,14.51,9.85,,,,19.03,,35.58,,13.68,,,8.57,3.36,2.6,7.91,,13.78,,,12.6,,,,14.91,15.55,,24.16,,49.43,,,20.14,16.83,12.82,,60.2,7.66,16.78,47.0,3.35,4.53,21.36,,15.02,,,16.87,3.1,6.86,,,2.42,6.18,,,11.19,,,,,3.63,,10.02,,5.18,9.12,5.95,,25.82,50.4,35.19,,,,,3.98,7.22,20.63,11.83
2014-04-16,,2.27,,,46.16,5.98,20.88,,,,,21.24,18.04,,,,,,30.44,,,38.48,,19.31,,,,17.1,17.61,27.94,14.6,9.9,,,,19.15,,36.5,,13.45,,,8.58,3.36,2.61,7.96,,14.24,,,12.72,,,,14.93,15.35,,23.1,,48.99,,,19.3,16.93,13.09,,60.77,7.67,16.46,27.05,3.34,4.52,21.16,,14.91,,,16.72,3.12,6.87,,,2.43,6.28,,,11.11,,,,,3.59,,10.17,,5.2,9.38,5.96,,25.95,49.0,34.98,,,,,3.99,7.22,20.77,11.99
2014-04-17,,2.26,,,46.34,5.93,20.89,,,,,21.58,18.2,,,,,,29.86,,,37.81,5.6,19.51,,,,17.01,17.67,28.22,14.38,9.76,,,,19.03,,36.0,,13.48,,,8.78,3.34,2.59,8.09,,14.15,,,12.61,,,,14.85,15.31,,23.37,,48.31,,,19.34,17.14,13.48,,60.15,7.62,16.7,27.42,3.33,4.52,21.51,8.03,14.86,,,16.7,3.12,6.83,,,2.44,6.4,,,11.11,,,,,3.58,,10.16,,5.21,9.37,5.92,,26.29,49.09,34.77,22.62,,,,3.99,7.31,20.67,12.0
2014-04-18,,2.26,,,46.7,5.92,20.78,,,,,21.33,18.6,,,,,,29.68,,,37.8,5.58,19.87,,,,17.02,17.66,28.49,14.35,9.78,,,,18.89,,35.52,,13.59,,,9.02,3.32,2.58,8.19,,14.2,,,12.63,,,,15.22,15.21,,25.71,,49.0,,,19.5,17.02,13.64,,60.94,7.58,16.19,26.93,3.31,4.41,20.59,8.04,15.05,,,16.72,3.14,6.85,,,2.48,6.38,,,11.21,,,,17.72,3.57,,10.25,,5.22,9.29,5.9,,25.75,49.0,34.97,23.0,,,,3.95,7.27,20.86,12.01
2014-04-21,,2.24,,,46.0,5.89,20.75,40.13,,11.4,,20.9,18.77,,,,,,29.02,,,36.8,5.52,19.56,,,,16.85,17.18,28.9,14.15,9.71,,,,19.19,,36.78,,13.32,,,8.84,3.2,2.51,7.74,,14.19,,,12.7,,,,14.76,14.92,,25.37,,49.05,,,19.66,16.46,13.4,,60.15,7.46,16.02,25.71,3.23,4.3,20.49,7.92,14.61,,,16.49,3.08,6.79,,,2.42,6.17,,,11.0,,,,17.16,3.46,,10.1,,5.19,9.03,5.68,,26.1,48.53,34.17,22.4,,,,3.9,6.95,20.37,11.7
2014-04-22,,2.23,,,45.15,5.89,19.8,40.75,,11.49,,20.68,18.52,,,,,,29.5,,,36.34,5.45,19.32,,,,16.89,17.09,27.96,14.13,9.9,,,,19.32,,36.88,,13.68,,,8.75,3.23,2.52,7.75,,14.08,,,12.62,,,,14.38,14.89,,25.6,,49.1,,,19.95,15.94,13.48,,62.57,7.55,15.82,25.61,3.24,4.3,19.89,7.93,14.11,,,16.45,3.16,6.74,,,2.41,6.17,,,11.0,,,,17.11,3.47,,9.94,,5.19,9.06,5.7,,25.56,45.15,33.86,23.05,,,,3.9,6.76,20.5,11.52
2014-04-23,,2.23,,,46.1,5.88,20.02,40.2,,11.43,,20.6,18.81,,,,,,30.27,,,36.47,5.49,19.91,,,,16.51,17.7,26.94,14.04,9.88,,,,19.19,,35.79,,13.47,,,8.7,3.23,2.51,7.74,,14.29,,,12.19,,,,14.0,15.13,,24.63,,48.6,,,20.25,15.57,13.5,,65.95,7.53,15.64,25.0,3.26,4.38,19.91,7.93,14.41,,,16.33,3.1,6.72,,,2.4,6.29,,,11.0,,,,17.44,3.5,,9.99,,5.27,9.05,5.76,,25.56,44.44,33.67,23.86,,,,3.9,6.74,20.33,11.42
2014-04-24,,2.23,,,47.17,5.82,20.02,40.2,,11.44,,21.05,18.22,,,,,,29.85,,,36.58,5.49,19.37,,,,16.39,17.87,26.0,14.11,9.87,,,,18.84,,35.16,,13.15,,,8.09,3.22,2.5,7.61,,14.86,,,11.94,,,,14.14,14.83,,23.71,,48.23,,,18.23,15.55,13.05,,65.0,7.53,15.72,24.66,3.25,4.37,19.9,7.97,14.24,,,16.58,3.09,6.87,,,2.37,6.14,29.4,,10.83,,,,17.32,3.49,,10.1,,5.24,8.95,6.34,,24.55,44.07,33.46,23.08,,,,3.91,6.4,20.2,11.67
2014-04-25,,2.21,,,47.01,5.83,20.04,40.88,,11.21,,20.89,17.19,,,,,,29.47,,,35.27,5.49,18.88,,,,16.39,17.24,26.11,14.06,9.84,,,64.45,18.45,,34.8,,12.86,,,7.8,3.13,2.4,7.4,,15.07,,,11.81,,,,13.96,14.59,,23.13,,47.1,,,17.52,15.06,12.99,,63.45,7.54,15.29,24.51,3.18,4.34,19.23,7.92,13.52,,,16.47,3.06,6.7,,,2.35,6.06,28.51,,10.78,,,,16.54,3.37,,9.89,,5.22,8.76,6.5,,24.01,44.69,32.84,22.44,,,,3.89,6.28,20.14,11.57
2014-04-28,,2.2,,,46.44,5.79,19.73,39.49,,11.17,,20.15,17.2,,,,,,29.25,,,34.39,5.5,18.26,,,,16.11,17.21,24.92,14.05,9.67,,,62.85,18.18,,33.8,,12.9,,,7.39,3.04,2.34,7.3,,15.2,,,11.76,,,,13.7,14.26,,20.82,,45.7,,,17.04,14.2,12.68,,63.75,7.6,15.01,24.87,3.12,4.27,18.35,7.77,13.11,,,16.03,3.04,6.51,,,2.28,5.78,26.77,10.2,10.7,,14.66,,16.31,3.23,,9.5,,4.7,8.98,5.87,,21.61,43.16,32.17,21.73,,,,3.88,6.33,19.72,11.36
2014-04-29,,2.2,,,46.99,5.72,19.87,39.66,,11.43,,20.8,17.6,,,,,,30.47,,,35.5,5.42,18.62,,,,16.46,17.57,25.31,14.16,9.8,,,58.0,18.44,,35.73,,13.28,,,7.44,3.06,2.37,7.43,,14.26,,,12.23,,,,14.18,14.4,,20.8,,46.75,,,17.35,14.55,13.04,,65.7,7.62,15.37,25.23,3.18,4.29,18.65,7.78,13.51,,,15.92,3.07,6.65,,,2.31,6.21,27.43,10.38,10.68,,14.73,,16.4,3.26,,9.5,2.45,4.74,9.18,6.02,,21.84,,32.52,22.01,,,9.09,3.88,6.96,20.11,11.62
2014-04-30,,2.22,,,17.27,5.69,19.77,38.9,,11.39,,20.78,18.9,46.22,,,,,30.11,,,37.1,5.51,18.58,,,,16.47,17.6,25.82,14.21,9.77,,,60.02,19.02,,35.19,,13.18,,,7.48,3.07,2.38,7.4,,14.24,,8.94,12.16,,,,14.02,14.4,,21.01,,48.06,,,17.74,14.67,13.01,,67.5,7.62,15.35,24.99,3.13,4.26,19.03,7.81,13.51,,,16.05,3.18,6.6,,,2.37,6.0,27.8,10.37,10.76,,14.63,,16.48,3.25,,9.52,2.46,4.75,9.07,6.26,,22.77,,32.73,22.1,,,9.0,3.88,6.93,19.99,11.96
2014-05-05,,2.23,,,17.55,5.71,19.5,41.75,,11.53,,21.05,19.73,45.65,,,,,30.06,,,37.66,5.7,18.93,,,,16.28,17.14,26.11,14.0,9.74,,,59.9,18.94,,37.71,,13.07,,,7.79,3.05,2.37,7.48,,14.27,,8.65,12.24,,,,13.68,14.5,,21.85,,48.28,,,18.14,15.2,12.95,,67.57,7.51,15.22,25.0,3.06,4.33,18.88,7.88,13.55,,,16.14,3.12,6.64,,,2.39,6.21,28.6,10.52,10.79,,14.52,,16.45,,,9.62,2.43,4.75,9.26,6.28,,23.0,,33.25,22.46,3.64,,9.11,3.91,7.16,19.92,12.08
2014-05-06,,2.22,,,17.15,5.71,19.5,43.78,,11.44,,21.5,19.62,45.9,,,,,29.93,,,37.67,5.66,19.27,,,,16.35,17.06,26.46,13.79,9.7,,,59.97,19.4,,38.7,,13.16,,,7.91,3.09,2.4,7.57,,14.4,,8.79,12.37,,,,13.68,14.52,,22.09,,49.15,,,18.42,15.12,13.04,,67.6,7.5,15.12,25.56,3.07,4.39,19.18,7.83,13.72,7.82,,15.99,3.15,6.7,,,2.37,6.16,29.5,10.5,10.73,,14.5,,16.39,,,9.65,2.43,4.7,9.16,6.18,,23.84,,33.69,22.83,3.9,11.99,9.06,3.91,7.14,20.08,12.23
2014-05-07,,2.2,,,16.7,5.68,18.72,43.75,,11.41,,21.33,19.5,43.32,,,,,29.26,,,36.49,5.75,19.22,,,,16.3,17.0,25.43,13.86,9.66,,,58.29,18.99,,39.92,8.09,12.91,,,7.72,3.03,2.39,7.52,,14.31,,8.56,12.32,,,,13.07,14.35,,21.17,8.97,48.4,,,17.77,14.72,12.78,,66.15,7.46,14.62,25.06,3.02,4.46,20.43,7.74,13.21,7.79,,15.82,3.16,6.65,,,2.33,6.08,29.3,10.5,10.58,,14.33,,16.23,,,9.51,2.43,4.66,9.15,6.63,,26.18,,33.36,22.17,3.72,11.93,8.76,3.87,7.37,19.89,11.96
2014-05-08,,2.2,,,16.84,5.74,18.93,43.64,,11.46,,21.2,19.02,42.07,,,,,29.21,,,36.17,5.92,19.47,,,,16.32,16.91,25.09,13.99,9.75,,,56.05,19.06,,39.21,8.13,12.6,,,7.61,3.02,2.38,7.54,,14.01,,8.48,12.48,,,,12.93,14.37,,22.3,9.01,48.5,,,17.66,14.75,12.85,,66.96,7.47,14.46,24.74,3.04,4.42,20.5,7.72,13.25,7.84,,15.76,3.22,6.69,,,2.36,6.03,29.01,10.61,10.58,,14.37,,16.28,,,9.46,2.43,4.65,9.12,6.92,,24.95,,33.16,22.65,3.69,11.92,8.6,3.9,7.25,19.9,11.98
2014-05-09,,2.22,,9.91,17.13,5.76,18.65,42.9,9.87,11.53,,21.27,19.38,40.74,,,,,29.51,,,35.95,6.51,19.55,,,,15.97,16.91,24.46,14.12,9.76,,,54.27,19.05,,38.19,8.2,12.64,,,7.75,3.04,2.35,7.37,,13.89,,8.37,12.5,,,,12.96,14.65,,21.74,9.1,47.7,,,17.4,14.34,12.94,,64.71,7.45,14.29,24.36,3.05,4.37,21.1,7.76,13.42,7.85,,15.88,3.23,6.81,10.42,,2.35,6.04,27.61,10.73,10.69,,14.41,,16.37,,,9.16,2.43,4.79,9.25,6.67,,24.96,,32.66,22.45,3.71,12.07,8.55,3.89,7.07,19.74,12.32
2014-05-12,,2.27,,10.03,,5.85,19.0,42.38,10.02,11.98,,21.49,19.57,41.83,,2.17,,,29.71,,,36.37,7.16,19.77,,,,16.5,17.15,25.28,14.78,9.93,,,55.24,19.42,,39.25,8.39,12.96,,,8.0,3.13,2.4,7.52,,14.0,,8.63,12.51,,,,13.35,15.39,,22.38,9.21,49.09,,,18.23,15.77,13.2,,65.6,7.58,14.52,24.66,3.17,4.44,20.78,8.04,13.65,7.96,,16.52,3.25,7.02,10.73,,2.46,6.18,28.66,10.99,11.15,,14.82,,16.69,,,9.3,2.46,5.27,10.1,6.75,,25.62,,32.96,22.83,3.9,12.89,8.73,3.98,7.53,20.26,
2014-05-13,,2.25,,9.99,17.2,5.89,18.45,42.48,9.98,11.85,,21.33,20.85,41.8,,2.17,,,29.44,,,36.86,7.16,19.94,,,17.45,16.7,17.26,25.44,14.44,9.9,,,27.15,19.46,,37.75,8.31,13.01,,,8.06,3.12,2.38,7.5,7.92,13.99,,8.7,12.2,,,,13.27,15.08,,22.0,9.12,23.88,,,18.34,15.53,13.28,,67.17,7.56,14.79,24.32,3.12,4.43,20.33,7.92,13.3,7.92,,16.25,3.36,6.92,10.65,,2.41,6.12,28.07,10.83,11.11,,14.95,,16.77,,,9.23,2.46,5.8,9.77,7.02,,24.69,,32.41,23.0,3.81,12.71,8.69,3.94,7.64,20.15,
2014-05-14,,2.24,,9.99,17.28,5.88,18.5,42.75,10.01,11.92,,21.42,20.77,42.01,,2.16,,,29.39,,,36.22,6.77,19.62,,,17.38,16.57,16.95,24.96,14.51,9.81,,5.35,27.59,19.37,,38.22,8.33,12.92,,,7.83,3.13,2.39,7.48,8.22,14.17,,8.66,12.22,,,,13.33,15.12,,21.88,9.14,24.5,,,18.46,15.25,13.06,,68.0,7.61,14.44,24.41,3.11,4.42,20.21,7.88,13.45,7.92,,16.16,3.32,6.92,10.76,,2.46,6.1,28.08,10.84,11.06,,14.67,,16.58,,,9.16,2.46,,9.62,6.77,,25.36,,32.41,22.87,3.86,12.46,8.78,3.92,7.48,20.24,
2014-05-15,39.63,2.21,,9.98,17.01,5.87,18.38,39.1,9.97,11.63,,20.71,19.5,41.06,,2.13,30.95,,29.24,,,35.69,6.37,19.88,,,17.18,16.21,16.73,24.37,14.56,9.73,,5.26,27.15,19.14,11.19,38.14,8.1,12.56,,,7.56,3.04,2.36,7.24,8.06,14.18,,8.44,12.09,,,,13.27,15.12,,20.98,9.07,24.15,,,17.72,14.95,12.87,,66.3,7.56,14.04,23.17,3.04,4.33,19.41,7.79,13.13,7.85,25.78,16.01,3.24,6.86,10.46,,2.48,5.99,27.41,10.49,10.77,,14.46,,16.39,,,9.17,2.47,,9.45,6.61,,25.49,,31.93,22.68,3.83,12.48,8.71,3.86,7.21,20.0,
2014-05-16,39.53,2.21,155.16,10.03,17.1,5.92,18.08,38.88,9.97,11.34,3.48,20.84,18.25,40.97,6.13,2.16,30.9,2.45,29.42,3.72,3.77,35.47,6.4,19.98,,7.63,17.38,16.51,16.82,24.88,14.4,9.75,,5.37,26.3,19.33,11.27,39.85,7.98,12.53,16.27,4.25,7.27,3.06,2.36,7.29,8.08,13.96,19.5,8.46,12.09,2.65,4.0,7.93,13.27,15.34,2.97,21.78,9.08,23.65,7.68,9.78,17.95,14.5,12.94,5.03,67.97,7.64,14.31,22.4,3.06,4.33,19.21,7.78,12.97,7.87,12.49,15.9,3.24,7.13,10.43,,2.48,6.05,27.46,10.46,11.05,24.36,14.45,6.74,16.43,,72.16,9.09,2.47,5.57,9.46,7.1,13.66,26.55,,32.1,22.91,3.74,12.4,8.62,3.87,7.45,20.02,
2014-05-19,38.71,2.21,147.98,9.86,16.61,5.9,18.24,38.8,9.69,11.06,3.46,21.05,18.42,40.9,5.47,2.13,30.61,2.44,29.09,3.71,3.74,35.0,6.32,19.93,,7.59,17.16,16.28,16.4,24.99,14.18,9.52,,5.27,26.68,19.1,11.27,39.7,7.75,12.3,15.96,4.17,7.25,3.04,2.33,7.3,8.05,14.0,19.41,8.38,12.21,2.65,3.99,8.08,12.9,15.2,2.92,21.22,8.97,22.85,7.42,9.81,18.54,14.65,12.8,4.99,66.66,7.58,14.09,22.37,3.03,4.24,19.44,7.75,13.02,7.78,13.4,15.82,3.21,7.06,10.18,,2.43,6.02,27.23,10.18,11.17,24.17,13.98,6.66,16.17,,34.99,9.06,2.44,5.51,9.57,7.19,13.42,26.09,,31.01,21.6,3.71,12.4,8.74,3.86,7.1,19.65,
2014-05-20,38.78,2.21,144.98,9.88,16.59,5.96,17.74,39.4,9.67,11.17,3.47,20.79,18.35,40.69,5.55,2.15,30.83,2.45,29.22,3.68,3.76,34.83,6.16,19.01,,7.63,17.23,16.34,16.09,25.28,14.17,9.55,,5.28,27.45,19.35,11.24,40.55,7.77,12.32,16.06,4.14,7.4,3.05,2.34,7.33,8.13,14.03,19.24,8.45,12.21,2.65,3.99,8.07,12.8,15.19,2.94,21.81,8.97,23.64,7.37,9.81,18.46,14.81,13.12,5.0,66.0,7.59,13.81,22.03,3.03,4.27,19.57,7.72,13.13,7.81,13.1,15.75,3.19,6.97,10.17,,2.44,6.04,27.08,10.21,11.05,24.22,13.77,6.64,15.88,,35.43,9.16,2.45,5.67,9.33,7.91,13.55,26.1,,31.09,21.57,3.69,12.26,8.61,3.86,7.27,19.75,
2014-05-21,39.17,2.21,151.0,9.95,16.57,5.97,18.21,28.85,9.78,11.27,3.49,20.83,18.32,41.58,5.54,2.16,30.93,2.46,29.29,3.67,3.79,35.04,6.25,19.12,,7.67,17.47,16.41,16.44,25.7,14.29,9.6,,5.3,27.71,19.01,11.33,39.87,7.87,12.53,16.16,4.22,7.62,3.06,2.35,7.51,8.25,13.97,19.37,8.62,12.16,2.66,4.0,8.11,12.9,15.36,2.95,22.17,9.06,25.22,7.4,9.89,18.96,15.23,13.18,5.11,66.01,,14.08,22.27,3.03,4.31,19.65,7.77,13.01,7.91,13.5,15.82,3.2,7.01,10.2,,2.44,6.04,27.35,10.29,11.18,24.7,13.9,6.71,15.91,,34.57,9.25,2.47,5.67,9.4,7.83,13.67,25.73,,31.75,21.75,3.75,12.31,8.6,3.86,7.66,20.12,
2014-05-22,39.13,2.2,150.05,9.96,16.76,6.04,18.02,29.93,9.79,11.24,3.5,20.8,18.41,42.16,5.48,2.16,31.24,2.46,29.24,3.65,3.79,34.67,6.03,19.0,,7.64,17.25,16.38,16.39,26.2,14.31,9.6,,5.27,28.5,18.25,11.39,38.86,7.85,12.43,16.25,4.12,7.83,3.04,2.34,7.29,8.15,13.94,19.19,8.57,11.89,2.67,4.01,8.06,12.85,15.09,2.95,22.13,9.03,24.99,7.41,9.8,18.65,15.0,13.13,5.09,64.9,7.66,14.16,22.43,3.0,4.26,19.68,7.74,13.03,7.89,13.2,15.79,3.21,6.88,10.13,,2.4,5.99,27.1,10.22,11.14,24.14,13.79,6.71,15.85,,34.8,9.12,2.47,5.48,9.21,8.16,13.69,25.31,,31.96,21.46,3.7,12.15,8.8,3.86,8.24,20.0,
2014-05-23,39.39,2.22,152.3,10.07,16.9,6.12,18.32,29.93,9.88,11.42,3.52,20.77,19.05,42.16,5.5,2.16,31.94,2.47,29.3,3.67,3.81,35.08,6.09,19.16,,7.65,17.39,16.49,16.5,27.44,14.37,9.7,,5.29,28.8,17.78,11.58,39.65,7.94,12.68,16.4,4.14,7.82,3.03,2.35,7.29,8.28,13.96,19.26,8.57,11.93,2.68,4.02,8.1,13.0,15.24,2.99,24.34,9.08,27.49,7.46,9.8,19.28,15.85,13.21,5.11,65.66,7.73,14.63,23.2,3.04,4.27,19.54,7.78,13.15,7.95,13.63,15.91,3.22,6.94,10.17,,2.4,6.0,26.93,10.33,11.19,24.3,13.89,6.71,15.83,,35.16,9.13,2.48,5.48,9.31,8.1,13.8,25.62,,32.09,21.63,3.7,12.22,8.86,3.87,8.15,20.08,
2014-05-26,39.26,2.21,153.57,10.08,17.0,6.04,18.38,29.76,9.89,11.38,3.51,20.82,10.88,46.38,5.5,2.17,31.6,2.46,29.88,3.67,3.8,35.35,6.2,19.44,,7.65,17.45,16.59,16.59,28.54,14.39,9.74,,5.3,29.65,17.54,11.58,39.79,7.93,12.72,16.4,4.15,7.8,3.03,2.35,7.31,8.47,14.39,19.29,8.73,12.05,2.69,4.02,8.27,13.39,15.26,2.99,24.36,9.1,29.52,7.49,9.94,19.55,16.0,13.37,5.07,61.35,7.8,14.61,23.14,3.04,4.29,20.08,7.77,13.58,7.96,13.67,15.84,3.2,6.93,10.14,,2.42,5.96,26.5,10.36,11.15,24.66,14.02,6.72,16.0,,35.47,9.2,2.48,5.56,9.4,7.93,13.79,25.96,,32.22,21.61,3.74,12.31,9.06,3.94,8.17,20.19,
2014-05-27,39.27,2.2,153.2,10.11,16.94,6.04,18.21,29.8,9.82,11.18,3.53,20.4,10.84,46.65,5.49,2.17,31.67,2.47,29.87,3.64,3.8,34.8,6.07,19.24,,7.62,17.4,16.79,16.62,28.53,14.37,9.66,,5.25,29.74,17.6,11.58,40.45,7.86,12.63,16.41,4.13,7.71,3.02,2.34,7.24,8.53,14.25,19.2,8.85,12.41,2.68,4.02,8.32,13.36,15.35,2.99,24.29,9.07,30.9,7.44,9.95,19.36,15.73,13.17,5.04,60.65,7.82,14.66,23.25,3.02,4.27,19.81,7.77,13.6,7.95,13.54,15.78,3.16,6.9,10.12,,2.41,5.87,26.31,10.29,11.06,24.55,13.86,6.68,15.87,,34.82,9.22,2.48,5.36,9.31,7.68,13.76,25.72,,31.43,21.39,3.71,12.17,9.03,3.94,7.94,20.27,
2014-05-28,39.83,2.2,153.94,10.2,17.33,6.1,19.13,30.48,9.94,11.48,3.57,20.38,11.16,47.8,5.44,2.18,31.71,2.48,30.85,3.71,3.82,34.69,6.09,19.15,,7.63,17.6,16.95,16.84,28.83,14.39,9.68,,5.28,30.15,18.11,11.6,41.3,7.99,13.18,16.62,4.15,8.3,3.04,2.36,7.26,8.59,14.45,19.34,8.87,12.68,2.69,4.06,8.42,13.57,15.42,3.0,25.85,9.12,33.99,7.45,10.05,19.85,16.36,13.27,5.07,61.0,7.88,15.01,24.25,3.04,4.29,19.93,7.74,13.54,7.97,13.78,15.67,3.2,6.92,10.34,,2.45,5.92,26.88,10.51,11.02,24.62,14.01,6.71,16.0,,35.2,9.28,2.49,5.4,9.46,7.77,13.96,25.98,,31.8,21.6,3.72,12.31,9.5,3.95,8.25,20.63,
2014-05-29,39.98,2.19,154.29,10.15,17.32,6.1,19.3,29.19,9.86,11.29,3.57,20.99,10.76,46.29,5.39,2.16,32.37,2.49,30.9,3.66,3.82,34.38,6.03,18.94,,7.63,17.55,16.91,16.79,27.23,14.35,9.62,,5.22,28.6,17.97,11.5,39.61,7.84,13.0,16.7,4.1,8.3,2.99,2.34,7.22,8.38,14.3,19.16,8.77,12.68,2.69,4.05,8.16,13.29,15.56,3.01,25.2,9.07,36.11,7.42,9.93,19.04,15.88,13.18,5.11,60.08,7.88,15.04,23.68,3.02,4.24,19.49,7.68,13.44,7.91,13.16,15.45,3.18,6.84,10.03,,2.41,5.8,26.34,10.33,10.91,24.46,13.81,6.7,15.84,,35.31,9.14,2.47,5.32,9.39,7.32,14.04,26.5,,31.4,21.65,3.67,12.2,9.35,3.96,7.97,20.47,
2014-05-30,39.88,2.19,153.22,10.15,17.42,6.03,19.51,30.3,9.83,11.32,3.56,20.64,11.48,46.68,5.41,2.16,32.39,2.49,30.96,3.62,3.81,33.95,6.29,19.42,,7.6,17.42,16.85,16.78,13.19,14.32,9.57,,5.21,27.91,18.02,11.5,39.31,7.82,13.15,16.78,4.12,8.41,3.0,2.35,7.2,8.51,14.45,19.29,8.88,12.77,2.67,4.03,8.16,13.16,15.8,3.02,25.42,9.06,36.73,7.45,9.85,19.14,16.01,12.95,5.1,60.49,7.85,15.05,23.7,3.02,4.22,19.53,7.68,13.56,7.92,13.23,15.46,3.22,6.83,10.12,,2.41,5.8,26.62,10.37,11.02,24.76,13.84,6.71,15.82,,34.79,9.07,2.47,5.41,9.41,7.84,14.0,25.77,,31.78,21.83,3.7,12.22,9.5,3.94,7.4,20.24,
2014-06-03,39.9,2.19,152.77,10.18,17.63,6.14,19.0,29.89,9.8,11.31,3.58,20.85,11.33,45.91,5.34,2.14,32.93,2.51,31.03,3.62,3.82,31.32,6.41,19.6,,7.63,17.52,16.72,16.71,13.34,14.33,9.54,,5.2,26.58,18.28,11.51,39.55,7.79,13.03,16.75,4.12,8.15,3.01,2.35,7.15,8.38,14.19,19.18,8.65,12.65,2.72,4.05,8.08,12.98,15.62,3.02,24.47,9.03,33.9,7.44,9.86,19.28,16.1,12.92,5.04,60.15,7.84,15.08,23.92,3.0,4.2,19.39,7.64,13.33,7.91,13.31,15.53,3.16,6.83,10.08,,2.41,5.85,26.99,10.23,10.9,24.79,13.85,6.7,15.86,,34.76,9.18,2.48,5.34,9.29,7.66,14.02,25.42,,31.36,21.74,3.69,12.05,9.38,3.93,7.39,20.3,
2014-06-04,39.32,2.18,151.15,10.1,17.32,6.07,18.3,29.71,9.72,11.26,3.57,20.79,11.57,44.69,5.25,2.14,32.35,2.48,30.49,3.52,3.8,32.05,6.08,19.43,,7.65,17.53,16.45,16.52,13.38,14.24,9.45,,5.12,25.54,18.18,11.33,37.87,7.65,12.87,16.67,4.09,8.43,2.99,2.33,7.07,8.11,13.79,18.82,8.49,12.48,2.72,4.02,8.05,12.83,15.26,2.96,24.78,8.91,35.19,7.4,9.67,20.55,15.79,9.8,5.04,59.99,7.77,14.65,23.19,2.98,4.17,19.11,7.59,13.0,7.85,13.3,15.39,3.15,6.74,9.99,,2.37,5.75,26.6,10.04,10.81,24.82,13.5,6.7,15.65,,34.53,9.19,2.46,5.13,9.14,7.75,13.88,25.37,,31.11,21.29,3.66,12.01,9.17,3.92,7.45,20.11,
2014-06-05,39.79,2.19,154.77,10.16,17.49,6.13,18.33,30.75,9.85,11.41,3.63,20.83,11.74,45.35,5.28,2.17,33.19,2.52,31.12,3.57,3.83,32.71,6.13,19.74,,7.5,17.65,16.79,16.83,13.43,14.38,9.62,,5.16,26.5,18.0,11.43,37.73,7.72,13.08,16.96,4.11,8.47,3.01,2.35,7.09,8.12,13.78,19.4,8.59,12.8,2.73,4.07,8.1,13.09,15.33,2.98,25.17,9.03,34.53,7.46,9.82,20.43,16.13,9.85,5.03,60.8,7.94,15.03,23.5,2.99,4.21,19.65,7.6,13.0,7.93,13.46,15.43,3.18,6.81,10.07,,2.39,5.78,26.11,10.19,10.93,25.23,13.69,6.74,15.88,,34.5,9.29,2.48,5.16,9.19,7.85,14.21,25.05,,31.31,21.6,3.71,12.07,9.25,3.93,7.65,20.44,
2014-06-06,39.46,2.17,153.59,10.0,17.5,6.1,18.22,31.53,9.73,11.3,3.61,20.53,11.78,46.07,5.36,2.14,32.88,2.51,29.45,3.6,3.79,31.95,6.1,19.66,,7.47,17.49,16.56,16.95,13.87,14.33,9.51,,5.12,26.67,17.85,11.38,38.18,7.63,12.89,16.94,4.08,8.45,2.98,2.33,7.06,8.17,13.79,19.1,8.51,12.92,2.7,4.05,8.0,12.96,15.16,2.96,24.61,8.99,34.0,7.4,9.74,21.26,15.95,9.6,5.03,60.1,7.92,14.99,23.2,2.97,4.18,19.59,7.6,12.89,7.89,13.78,15.44,3.16,6.75,9.96,,2.37,5.76,27.02,10.09,10.94,25.0,13.54,6.68,15.9,,34.79,9.15,2.47,5.14,9.1,8.11,14.18,24.68,,31.24,21.43,3.67,11.99,9.34,3.93,7.42,20.6,
2014-06-09,39.7,2.17,153.23,10.0,17.57,6.27,18.16,31.22,9.79,11.18,3.66,20.38,11.33,45.7,5.31,2.13,33.51,2.52,29.12,3.58,3.81,31.99,6.01,19.6,,7.48,17.51,16.49,16.93,14.03,14.34,9.54,,5.09,25.58,16.93,11.48,38.5,7.63,12.6,17.05,4.06,8.29,2.98,2.29,7.14,8.15,13.64,19.26,8.47,12.94,2.72,4.09,8.03,13.04,15.12,2.96,23.99,8.97,33.25,7.38,9.62,20.81,15.74,9.67,5.02,38.78,7.89,15.1,22.77,3.0,4.16,19.59,7.54,13.02,7.88,13.6,15.27,3.15,6.75,9.97,29.91,2.36,5.82,26.62,10.01,11.16,25.44,13.4,6.68,15.81,,34.38,9.11,2.48,5.06,9.03,8.19,14.28,24.3,,31.24,21.75,3.68,11.92,9.45,3.93,7.25,20.88,
2014-06-10,40.45,2.17,154.8,10.15,18.26,6.26,18.31,31.53,9.94,11.5,3.73,20.65,11.76,45.64,5.4,2.16,33.62,2.55,29.41,3.61,3.85,31.99,5.98,19.84,,7.51,17.69,16.68,17.4,14.98,14.38,9.63,,5.12,26.5,17.28,11.75,39.9,7.77,12.91,17.29,4.09,8.59,3.0,2.3,7.25,8.28,13.68,19.29,8.6,13.06,2.74,4.13,8.1,13.19,15.28,2.98,26.39,9.06,35.34,7.45,9.72,20.75,16.21,9.8,5.11,40.15,7.96,15.43,23.47,3.05,4.24,19.76,7.56,13.03,7.94,13.63,15.39,3.17,6.81,10.13,30.49,2.38,5.85,27.97,10.17,11.13,25.53,13.42,6.75,15.93,,34.6,9.2,2.5,5.1,9.14,8.31,14.46,25.04,,31.48,21.78,3.68,12.0,9.6,3.95,7.41,21.27,
2014-06-11,40.13,2.17,153.94,10.12,18.34,6.28,18.24,32.13,9.9,11.37,3.72,20.87,11.59,45.3,5.36,2.16,34.0,2.55,29.45,3.62,3.84,32.42,6.04,19.72,,7.51,17.76,16.73,17.51,15.26,14.42,9.59,,5.13,26.9,17.06,11.78,39.3,7.71,13.08,17.25,4.08,8.51,3.03,2.29,7.29,8.49,13.61,19.3,8.7,13.08,2.74,4.13,8.16,13.4,15.22,2.98,26.85,9.11,33.9,7.38,9.75,21.17,16.23,10.01,5.12,39.87,7.99,15.39,23.58,3.1,4.25,19.93,7.58,13.39,7.95,13.69,15.42,3.16,6.81,10.1,30.53,2.39,5.85,28.03,10.12,11.13,25.57,13.66,6.76,16.51,,34.84,9.34,2.49,5.18,9.19,8.18,14.39,24.8,,31.71,21.8,3.69,12.13,9.65,3.91,7.43,20.97,
2014-06-12,39.97,2.16,152.63,10.07,18.43,6.22,18.13,32.0,9.88,11.33,3.71,20.88,11.45,45.14,5.3,2.15,33.67,2.55,29.2,3.63,3.84,33.15,6.01,20.02,,7.5,,16.55,17.53,15.2,14.36,9.54,,5.15,27.45,17.0,9.71,39.4,7.67,13.0,17.14,4.08,8.37,3.02,2.28,7.29,8.41,13.43,19.1,8.75,13.07,2.76,4.13,8.1,13.25,15.08,2.95,27.12,9.11,34.95,7.34,9.82,22.66,16.36,10.42,5.08,39.7,7.98,15.13,23.04,3.07,4.25,19.82,7.54,13.52,7.87,13.5,15.33,3.14,6.86,10.02,29.86,2.41,5.83,27.49,10.1,11.06,24.96,13.58,6.73,16.4,,34.49,9.24,2.5,5.08,9.13,8.05,14.29,24.7,,31.16,23.34,3.7,12.02,9.55,3.93,7.33,21.15,
2014-06-13,40.83,2.16,152.81,10.22,19.07,6.25,18.41,32.0,10.11,11.46,3.74,20.89,11.56,47.8,5.37,2.17,33.36,2.58,29.63,3.64,3.88,33.27,6.25,19.95,,7.55,18.08,16.66,17.7,15.15,14.4,9.73,,5.16,27.48,17.03,10.12,39.58,7.78,13.12,17.56,4.11,8.61,3.02,2.3,7.3,8.86,13.58,19.21,8.88,13.08,2.8,4.16,8.17,13.42,15.19,2.98,27.09,9.19,37.71,7.45,9.92,24.55,17.37,10.5,5.13,39.72,8.09,15.49,23.4,3.06,4.38,20.13,7.58,13.48,7.95,13.47,15.49,3.15,6.9,10.13,32.85,2.4,5.91,27.78,10.25,11.39,25.2,13.68,6.8,16.43,,34.62,9.26,2.54,5.13,9.19,8.07,14.46,27.17,,31.66,23.32,3.71,12.06,9.7,3.95,7.45,21.52,
2014-06-16,40.9,2.19,154.42,10.39,19.09,6.26,18.98,31.63,10.27,11.65,3.78,21.33,12.25,47.15,5.6,2.21,33.02,2.58,29.81,3.65,3.92,33.15,6.29,20.1,,7.62,18.15,15.99,17.47,15.66,14.57,9.81,,5.17,28.06,17.08,10.13,40.98,7.86,13.38,17.96,4.13,8.63,3.0,2.31,7.37,8.82,13.65,19.2,8.75,13.15,2.81,4.19,8.34,13.52,15.23,3.0,27.54,9.24,38.19,7.68,9.94,24.56,17.13,10.48,5.21,41.01,8.1,15.7,25.74,3.05,4.44,20.15,7.65,13.96,8.03,14.82,15.62,3.2,6.9,10.17,31.73,2.38,,28.03,10.32,11.32,25.18,13.4,7.0,16.52,,34.96,9.3,2.58,5.16,9.2,8.0,14.55,28.0,,32.08,23.87,3.69,12.11,9.95,3.96,7.48,21.59,
2014-06-17,40.38,2.18,153.19,10.32,18.53,6.22,18.6,30.77,10.12,11.54,3.73,10.59,12.14,46.67,5.68,2.19,32.81,2.57,29.5,3.61,3.88,32.73,6.19,19.91,,7.58,17.87,15.98,17.15,15.3,14.49,9.73,,5.13,27.33,16.79,10.04,41.11,7.8,13.22,17.97,4.08,8.49,2.99,2.28,7.28,8.95,13.57,19.16,8.58,12.7,2.78,4.15,8.22,13.32,15.16,2.85,27.6,9.13,37.39,7.62,9.76,26.19,16.82,10.69,5.18,41.3,8.0,15.44,26.2,3.02,4.44,20.35,7.57,14.09,7.99,14.73,15.35,3.16,6.73,10.08,31.06,2.38,,27.48,10.19,11.26,24.42,13.09,6.94,16.35,,34.52,9.23,2.55,5.16,8.95,8.09,14.25,26.88,,32.04,23.31,3.66,11.98,9.84,3.94,7.7,21.13,
2014-06-18,40.25,2.17,153.58,10.25,18.33,6.25,18.47,31.55,10.04,11.46,3.74,10.89,12.16,47.0,5.71,2.24,33.38,2.52,29.33,3.67,3.85,32.44,6.81,19.67,,7.57,17.75,15.48,17.17,15.17,14.5,9.73,,5.1,27.19,16.85,9.86,40.21,7.72,13.1,17.76,4.1,8.39,2.95,2.27,7.22,9.0,13.25,19.21,8.6,12.81,2.76,4.14,8.25,13.33,15.27,2.85,26.63,9.08,36.5,7.66,9.6,25.05,16.8,10.6,5.12,41.03,7.91,14.72,26.74,3.04,4.38,20.33,7.6,15.5,7.92,14.4,15.29,3.15,6.75,10.01,31.01,2.34,,27.19,10.11,11.43,24.79,13.05,6.94,16.14,,32.81,8.92,2.5,4.83,9.18,7.68,14.07,26.88,,31.62,23.61,3.65,12.06,9.54,3.93,7.63,21.03,
2014-06-19,39.81,2.14,152.73,10.19,18.48,6.2,18.2,31.04,9.87,11.23,3.71,10.33,11.4,45.8,5.81,2.22,32.96,2.49,29.3,3.57,3.82,31.84,6.74,19.09,,7.52,17.49,14.88,17.18,14.35,14.52,9.64,,4.99,26.03,16.3,9.78,38.69,7.56,12.74,17.75,4.03,8.09,2.92,2.24,7.12,8.75,12.88,18.92,8.36,12.61,2.72,4.11,8.17,12.71,14.67,2.82,26.39,9.02,33.95,7.63,9.24,23.46,15.75,10.46,5.08,39.75,7.88,14.56,25.63,2.97,4.36,20.46,7.45,,7.85,13.1,15.2,3.16,6.67,9.75,29.65,2.29,,26.32,9.94,12.23,25.09,12.59,6.88,15.91,,32.21,8.77,2.48,4.69,8.9,7.25,13.88,25.0,,31.26,22.83,3.51,11.81,9.34,3.92,7.04,20.73,
2014-06-20,40.03,2.16,153.18,10.21,18.37,6.15,18.25,31.26,9.97,11.3,3.45,10.35,11.62,46.6,5.77,2.2,32.94,2.51,29.05,3.69,3.84,31.87,6.58,19.24,,7.56,17.61,14.96,17.04,14.75,14.52,9.7,,4.99,27.33,16.44,9.85,40.26,7.59,12.78,18.04,4.05,8.17,2.93,2.25,7.22,8.98,12.87,19.03,8.4,12.68,2.75,4.14,8.26,12.93,14.72,2.82,27.37,9.06,34.46,7.71,9.24,23.7,15.85,10.74,5.09,39.99,7.95,14.51,27.36,2.99,4.37,21.54,7.59,,7.88,13.33,15.55,3.18,6.69,9.67,30.38,2.32,,26.45,9.95,12.23,24.74,12.62,6.86,16.02,,32.38,8.8,2.5,4.69,9.03,7.23,14.05,25.76,,31.44,22.96,3.48,11.88,9.33,3.92,7.16,20.64,
2014-06-23,39.68,2.17,156.31,10.1,18.0,6.1,18.2,31.26,9.9,11.25,3.41,10.28,11.84,46.8,5.8,2.18,33.51,2.5,28.85,3.76,3.86,31.56,6.8,19.39,,7.52,17.65,14.87,17.25,15.68,14.57,9.66,,4.95,28.8,16.53,9.77,40.75,7.59,12.76,17.85,4.07,8.42,2.95,2.26,7.29,8.94,13.23,19.23,8.45,12.74,2.73,4.12,8.24,13.0,14.8,2.78,,9.09,34.58,7.63,9.35,24.71,16.13,10.79,5.06,39.69,7.95,14.19,27.47,3.02,4.38,22.42,7.76,,7.89,13.55,15.74,3.16,6.7,9.63,32.23,2.31,,26.41,9.93,12.22,25.08,12.7,6.33,16.11,,33.09,8.88,2.51,4.71,9.29,7.32,13.85,28.34,,32.24,22.97,3.49,12.29,9.47,3.91,7.19,20.66,
2014-06-24,39.74,2.16,163.57,10.18,18.27,6.11,18.78,30.89,9.93,11.38,3.42,10.1,11.7,48.46,5.99,2.19,33.52,2.5,29.18,3.76,3.87,31.8,6.77,19.71,,7.53,17.6,14.97,17.63,15.78,14.6,9.04,,4.99,28.78,16.65,9.8,39.9,7.61,12.83,18.21,4.08,8.57,2.95,2.27,7.34,9.31,13.72,20.03,8.42,12.84,2.75,4.12,8.32,13.05,14.84,2.8,,9.12,35.93,7.6,9.29,24.68,15.49,10.67,5.07,40.4,8.0,13.89,27.18,3.08,4.35,22.21,7.72,,7.93,13.36,15.7,3.22,6.75,9.68,33.24,2.3,,26.27,9.95,12.09,25.65,13.18,6.38,16.43,,32.99,8.91,2.53,4.81,9.32,7.47,13.9,30.16,,31.97,23.9,3.59,12.33,9.41,3.93,7.09,21.08,
2014-06-25,39.42,2.16,142.23,10.14,18.28,6.11,18.8,30.82,9.86,11.27,3.38,10.09,11.56,48.85,5.92,2.17,32.86,2.51,29.09,3.8,3.85,32.42,6.58,19.75,,7.53,17.46,14.98,17.49,15.36,14.59,8.98,,4.94,29.46,16.83,9.77,42.58,7.4,12.83,18.15,4.12,8.44,2.92,2.26,7.28,9.1,13.75,19.43,8.38,12.61,2.77,4.1,8.26,13.01,14.68,2.8,,9.08,34.7,6.25,9.05,,14.58,10.51,5.18,40.08,8.05,13.99,26.33,3.05,4.31,21.78,7.65,,7.93,13.25,15.62,3.24,6.69,9.7,32.75,2.28,,25.96,9.92,11.82,25.21,13.04,6.27,16.3,,33.3,8.89,2.52,4.72,8.91,7.29,13.51,31.1,,31.83,23.5,3.53,12.19,9.35,3.99,6.91,20.47,
2014-06-26,39.7,2.17,141.64,10.24,18.67,6.1,19.01,30.7,9.93,11.4,3.39,10.04,11.98,49.5,5.93,2.18,32.75,2.53,29.4,3.8,3.86,33.22,6.63,19.85,,7.53,17.65,15.03,17.74,15.54,14.68,8.99,,4.97,30.5,16.88,9.82,43.81,7.46,12.95,18.09,4.18,8.57,2.94,2.27,7.4,9.4,14.15,19.45,8.43,12.72,2.77,4.11,8.33,13.16,14.8,2.81,,9.12,35.12,6.25,9.26,,14.86,10.65,5.21,40.42,8.03,14.37,27.59,3.05,4.33,22.77,7.65,,7.97,13.65,15.55,3.28,6.74,9.76,33.66,2.29,,26.5,10.0,11.88,25.18,13.08,6.26,16.4,,34.82,9.05,2.53,4.77,9.05,7.37,13.6,32.39,,32.18,23.6,3.53,12.34,9.39,4.08,7.04,20.78,
2014-06-27,38.87,2.16,140.38,10.18,19.2,6.09,19.4,30.97,9.94,11.42,3.39,10.04,11.89,48.91,5.92,2.18,32.62,2.52,29.36,3.11,3.87,33.31,6.64,20.44,,7.53,17.65,14.96,17.84,16.3,14.45,8.97,,5.03,30.16,16.92,9.82,43.28,7.47,13.06,17.58,4.18,8.5,3.02,2.28,7.57,9.4,14.17,19.38,8.45,12.99,2.54,4.11,8.33,13.24,14.95,2.81,25.2,9.15,34.2,6.19,9.34,,16.05,10.85,5.24,40.17,8.0,14.38,27.06,3.05,4.41,22.14,7.61,,7.95,13.94,15.46,3.3,6.78,9.77,35.84,2.32,,26.1,10.02,11.73,25.2,13.39,6.24,16.35,,34.41,9.18,2.53,4.81,8.94,7.47,13.49,31.98,,32.98,24.34,3.62,12.26,9.51,4.18,7.14,20.61,
2014-06-30,39.34,2.18,141.98,10.24,19.32,6.22,20.06,32.78,10.03,11.46,3.39,10.11,12.03,47.49,6.16,2.17,33.16,2.52,29.45,3.23,3.88,33.12,6.7,21.06,,7.54,17.79,15.16,17.93,16.51,14.54,9.05,,5.04,31.2,16.94,9.91,44.05,7.52,13.12,17.79,4.13,8.83,2.99,2.28,7.76,9.39,14.39,19.65,8.49,13.09,2.55,4.13,8.4,13.33,15.07,2.82,25.52,9.2,35.18,6.21,9.4,,15.77,10.86,5.27,40.25,8.06,14.76,26.6,3.04,4.5,22.06,7.6,,8.0,13.96,15.48,3.23,6.85,9.8,36.0,2.34,,26.66,10.11,11.96,25.4,13.28,6.31,16.38,,33.84,9.26,2.54,4.84,8.96,8.02,13.61,30.94,,33.04,25.77,3.62,12.27,9.49,4.1,7.14,21.13,
2014-07-01,39.28,2.21,141.77,10.23,18.89,6.17,19.95,32.95,10.01,11.41,3.39,10.1,11.94,47.7,6.09,2.18,33.35,2.53,28.3,3.18,3.88,33.15,6.78,20.72,,7.51,17.7,15.15,17.01,16.66,14.51,9.06,,5.02,32.13,17.17,9.86,44.04,7.51,13.23,17.52,4.14,8.84,3.01,2.29,8.05,9.56,14.29,19.69,8.65,13.78,2.56,4.13,8.35,13.33,15.08,2.81,25.59,9.15,35.41,6.21,9.43,,16.25,11.22,5.1,39.15,8.09,14.45,27.98,3.06,4.5,22.36,7.75,16.25,7.97,14.24,15.88,3.27,6.89,9.8,36.0,2.34,,27.1,10.08,11.99,25.77,13.21,6.34,16.42,,33.97,9.24,2.55,4.89,9.15,7.95,13.62,31.44,,33.18,25.08,3.6,12.69,9.64,4.08,7.53,21.08,
2014-07-02,39.44,2.19,142.08,10.26,19.3,6.23,19.99,33.39,10.06,11.5,3.41,10.0,11.8,47.9,6.12,2.22,33.0,2.52,28.02,3.18,3.9,32.18,6.91,22.32,,7.53,17.8,15.08,17.07,17.3,14.68,9.06,,5.07,31.64,16.93,9.89,43.4,7.58,13.22,17.76,4.19,9.29,3.04,2.33,8.07,9.35,15.72,19.72,8.65,13.82,2.58,4.13,8.4,13.32,15.14,2.81,25.7,9.17,34.87,6.23,9.4,23.03,16.37,11.2,5.11,36.34,8.1,14.39,28.5,3.07,4.55,22.69,7.73,15.93,7.98,14.34,15.88,3.29,6.91,9.85,36.82,2.37,,27.1,10.13,12.18,25.5,13.37,6.38,16.58,,33.67,9.5,2.54,4.91,9.25,8.29,13.67,30.63,,33.25,25.22,3.6,12.65,9.62,4.08,7.48,21.21,
2014-07-03,39.55,2.21,143.26,10.34,19.56,6.3,19.85,32.9,10.05,11.54,3.42,9.96,11.39,48.85,6.09,2.2,33.37,2.36,28.1,3.22,3.9,32.2,6.86,21.93,,7.55,17.87,15.14,17.41,17.03,14.68,9.07,,5.09,31.25,16.99,9.96,42.52,7.63,13.22,18.0,4.15,10.11,3.13,2.32,8.03,9.2,15.23,19.81,8.68,13.83,2.59,4.17,8.48,14.07,15.18,2.81,25.76,9.19,34.21,6.26,9.6,23.52,17.13,11.2,5.09,36.87,8.17,14.3,28.31,3.11,4.56,22.35,7.78,15.97,8.02,14.22,15.92,3.33,6.89,9.89,36.5,2.51,,26.67,10.12,12.14,26.17,13.27,6.41,16.61,,33.72,9.65,2.55,4.89,9.34,8.14,13.68,33.69,,32.71,24.87,3.59,12.92,9.65,4.1,7.5,21.27,
2014-07-04,39.88,2.21,143.32,10.34,19.56,6.32,20.03,32.51,10.02,11.55,3.42,9.95,11.51,48.29,6.07,2.19,32.84,2.36,28.03,3.2,3.93,33.3,6.69,21.5,,7.54,18.02,15.07,17.36,16.58,14.75,9.07,,5.07,31.16,16.97,9.91,42.75,7.58,13.13,18.23,4.18,10.0,3.08,2.31,8.09,9.16,15.1,19.61,8.59,13.67,2.59,4.19,8.47,14.2,15.03,2.83,26.73,9.16,35.9,6.23,9.7,23.25,18.3,11.11,5.06,38.2,8.2,14.39,28.73,3.1,4.58,22.02,7.71,15.59,8.0,14.12,15.78,3.31,6.75,9.88,18.45,2.43,,26.49,10.09,12.05,25.93,13.14,6.38,16.36,,34.07,9.74,2.56,4.93,9.27,8.14,13.76,32.5,,32.27,24.99,3.59,13.0,9.41,4.05,7.41,21.79,
2014-07-07,40.04,2.13,144.16,10.32,19.22,6.29,19.86,32.36,10.03,11.49,3.45,9.95,11.23,47.75,5.9,2.19,32.7,2.37,27.6,3.18,3.96,33.48,6.75,21.91,,7.54,17.9,14.83,17.62,16.61,14.77,9.05,,5.04,29.16,17.0,9.86,42.0,7.58,13.22,18.29,4.2,10.14,3.05,2.29,8.06,9.35,15.2,19.41,8.56,13.69,2.58,4.2,8.45,14.36,14.9,2.84,26.88,9.18,36.76,6.21,9.66,23.45,17.67,10.86,5.04,37.07,8.22,14.11,28.2,3.07,4.72,21.98,7.66,15.83,7.99,14.22,15.6,3.3,6.79,9.85,18.48,2.42,,26.3,10.06,11.91,25.63,13.07,6.32,16.45,,33.26,10.01,2.56,4.86,9.36,8.32,13.9,31.69,,32.13,25.12,3.55,12.74,9.24,4.09,7.43,22.07,
2014-07-08,40.08,2.13,142.18,10.37,19.37,6.33,19.9,32.26,9.98,11.5,3.47,9.83,11.36,49.23,5.98,2.2,32.84,2.37,27.99,3.16,3.96,33.86,6.78,21.59,,7.53,17.82,14.75,17.73,16.85,14.8,9.05,,5.02,29.96,16.89,9.93,42.0,7.59,13.26,18.28,4.18,10.26,3.05,2.35,7.94,9.19,15.53,19.44,8.51,13.7,2.58,4.22,8.48,14.24,14.88,2.84,27.65,9.19,39.7,6.2,9.63,23.36,18.98,11.02,5.05,37.04,8.24,14.09,28.4,3.09,4.71,22.6,7.62,16.15,8.01,14.37,15.59,3.31,6.88,9.83,19.34,2.43,,26.55,10.03,12.0,26.28,13.1,6.34,16.4,,33.29,9.71,2.56,4.97,9.6,8.23,13.88,32.49,,31.15,24.4,3.53,12.78,9.33,4.07,7.65,22.16,
2014-07-09,39.71,2.12,141.24,10.24,18.99,6.28,20.14,31.63,9.82,11.4,3.42,9.87,11.23,47.96,5.86,2.17,31.65,2.35,27.44,3.14,3.91,33.2,6.67,21.83,,7.48,17.66,14.33,17.31,16.03,14.64,8.92,,4.99,28.61,16.23,9.65,41.44,7.46,13.0,17.92,4.16,9.9,3.04,2.32,8.21,8.94,14.9,19.67,8.36,13.41,2.56,4.2,8.41,13.84,14.71,2.8,27.18,9.08,39.6,6.11,9.45,22.5,18.75,10.8,4.98,35.97,8.07,13.74,26.11,3.04,4.66,22.03,7.59,15.61,7.91,14.06,15.7,3.26,7.01,9.51,18.95,2.41,,26.64,9.95,11.92,26.46,12.9,6.29,16.16,,32.6,9.52,2.53,4.88,9.39,8.33,13.71,30.7,,30.92,24.12,3.54,12.59,9.14,4.03,7.38,21.74,
2014-07-10,39.4,2.11,141.04,10.26,18.85,6.28,19.94,30.4,9.8,11.4,3.45,9.74,11.25,46.59,5.85,2.19,31.63,2.36,27.44,3.16,3.9,32.25,6.57,21.85,,7.48,17.69,14.39,17.72,15.91,14.71,8.92,,4.99,27.79,15.62,9.67,41.2,7.48,12.8,17.7,4.19,9.66,3.05,2.39,8.3,8.95,14.66,20.06,8.44,13.24,2.54,3.87,8.41,14.49,14.68,2.81,26.81,9.1,38.34,6.05,10.14,22.11,18.0,10.71,4.96,34.3,8.13,13.75,26.12,3.11,4.63,22.46,7.58,15.09,7.92,15.47,15.64,3.36,7.14,9.52,19.15,2.47,,24.99,9.94,12.09,28.32,12.9,6.29,16.1,,32.2,9.52,2.54,4.85,9.46,8.08,13.66,30.36,,31.04,23.62,3.54,12.75,9.15,4.0,7.39,21.46,
2014-07-11,39.41,2.13,141.87,9.69,19.0,6.11,19.91,29.28,9.83,11.51,3.44,9.67,11.29,46.91,5.9,2.2,31.92,2.35,27.68,3.18,3.66,32.3,6.62,22.83,,7.5,17.65,14.5,17.91,15.42,14.78,8.94,,5.02,27.87,15.46,9.67,41.95,7.58,12.9,17.68,4.07,9.66,3.11,2.43,8.51,9.57,14.58,20.06,8.7,13.33,2.55,3.9,8.49,14.62,14.88,2.82,26.38,8.7,37.77,6.05,10.04,22.18,18.26,11.04,5.0,34.6,8.23,13.97,26.0,3.14,4.75,22.72,7.67,15.13,7.92,17.02,15.88,3.4,7.27,9.58,19.3,2.56,,24.75,10.02,12.09,27.75,13.0,6.37,16.25,,32.32,9.56,2.53,4.94,9.56,8.16,13.67,30.43,,31.01,24.03,3.58,12.8,8.99,4.0,7.57,21.58,
2014-07-14,39.96,2.14,149.77,9.75,19.11,6.29,20.08,30.84,9.85,11.71,3.45,9.95,10.63,48.74,6.04,2.2,32.34,2.36,28.13,3.24,3.67,32.75,6.8,22.88,,7.52,18.24,14.51,18.96,16.15,13.84,9.0,,5.12,28.4,15.75,9.72,44.24,7.68,13.03,18.08,4.11,9.93,3.11,,8.8,9.56,14.79,20.39,8.86,13.63,2.56,3.9,8.68,14.95,15.12,2.85,27.19,8.79,39.37,6.05,10.44,21.57,18.95,10.98,5.03,33.28,8.26,14.36,25.86,3.14,4.81,23.26,7.68,15.31,7.96,17.96,15.84,3.43,7.48,9.69,20.45,2.53,,24.9,10.12,12.34,28.89,14.3,6.52,16.75,,32.19,9.66,2.55,4.99,9.68,8.21,13.84,31.65,,31.43,23.96,3.6,13.01,9.06,4.03,7.68,21.93,
2014-07-15,39.93,2.14,153.81,9.78,19.3,6.37,20.47,29.5,9.93,11.69,3.47,9.89,10.63,47.71,5.99,2.21,32.58,2.37,28.0,3.36,3.69,33.91,6.71,22.84,,7.55,18.45,14.79,19.21,15.79,13.8,9.01,,5.21,27.0,16.0,,45.55,7.66,13.5,18.1,4.18,9.74,3.11,,8.72,9.44,14.09,20.64,8.81,13.48,2.57,3.93,8.67,14.71,15.27,2.87,26.37,8.84,37.67,6.03,10.56,21.35,17.73,11.29,5.01,33.18,8.19,14.29,25.6,3.15,4.75,22.82,7.64,15.29,7.98,17.4,15.71,3.36,7.45,9.67,19.88,2.55,,24.99,10.08,12.05,28.76,14.94,6.51,17.12,,33.03,9.64,2.56,5.02,9.57,8.5,13.82,30.78,,31.06,24.08,3.78,12.89,8.96,4.08,7.54,21.57,
2014-07-16,39.72,2.16,154.57,9.79,19.02,6.39,21.93,28.7,9.91,11.67,3.46,9.71,10.21,47.1,5.93,2.21,31.63,2.37,27.93,3.33,3.73,21.9,6.85,21.61,,7.57,18.36,14.79,19.16,15.11,13.85,9.02,,5.2,26.28,15.79,9.61,45.5,7.67,13.42,18.05,4.17,9.42,3.16,,8.53,9.13,14.03,20.23,8.77,13.68,2.57,3.93,8.63,14.54,15.24,2.98,25.21,8.82,36.69,6.04,10.21,20.92,17.08,11.08,5.0,33.91,8.21,14.2,25.6,3.23,4.62,22.28,7.61,15.13,,16.53,15.54,3.37,7.41,9.66,18.75,2.59,,24.63,10.07,11.88,27.85,15.01,6.78,16.76,,32.76,9.61,2.56,5.03,9.6,8.19,13.78,31.78,,31.43,23.13,3.72,12.73,9.02,4.17,7.29,21.66,
2014-07-17,39.91,2.15,153.75,9.74,19.01,6.39,21.64,28.75,9.87,11.69,3.45,9.63,10.15,46.49,5.82,2.19,31.73,2.37,28.07,3.22,3.7,21.75,7.25,21.52,,7.54,18.69,14.59,18.72,14.7,13.76,8.99,,5.26,26.68,15.48,9.59,45.6,7.63,13.49,17.95,4.11,9.5,3.16,,8.53,8.99,14.1,20.22,8.69,13.36,2.57,3.91,8.4,14.4,15.07,2.9,25.43,8.81,34.15,6.01,10.29,21.02,17.46,11.03,4.98,34.6,6.79,14.29,25.22,3.2,4.65,22.09,7.62,15.11,7.97,16.53,15.55,3.34,7.49,9.57,18.47,2.57,,24.18,10.04,11.93,28.08,14.68,6.83,16.84,,32.74,9.53,2.39,5.09,9.65,8.2,13.67,30.27,,31.43,23.06,3.68,12.76,9.03,4.17,7.32,21.42,
2014-07-18,39.81,2.16,160.98,9.79,19.26,6.34,21.35,28.9,9.51,11.85,3.45,9.62,10.18,46.36,5.82,2.19,31.76,2.36,28.64,3.21,3.71,22.33,7.06,21.2,,7.55,18.85,14.7,19.3,14.63,13.7,9.02,,5.21,25.79,15.8,9.6,46.4,7.69,13.41,17.91,4.12,9.45,3.14,,8.98,8.99,14.09,20.15,8.75,13.29,2.57,3.9,8.36,14.26,15.18,2.99,24.96,8.82,34.22,6.01,10.12,20.54,17.4,11.25,4.97,34.1,6.77,14.6,25.1,3.27,4.64,22.05,7.72,15.29,8.01,16.53,15.82,3.36,7.62,9.63,18.8,2.54,,23.4,10.07,11.9,27.21,15.49,6.86,17.3,,32.83,9.52,2.39,5.04,9.55,8.3,13.67,29.87,,31.22,23.27,3.66,12.72,8.93,4.14,7.34,21.51,
2014-07-21,39.86,2.13,160.98,9.81,19.22,6.36,21.09,29.85,9.48,11.76,3.42,9.72,10.34,46.03,5.78,2.18,32.26,2.36,28.69,3.21,3.69,23.35,6.93,21.49,,7.5,18.71,15.23,18.95,14.88,13.62,8.98,,5.21,26.05,17.02,9.55,47.2,7.62,13.2,18.1,4.07,9.23,3.14,,9.08,9.0,13.91,19.93,8.71,12.96,2.57,3.9,8.71,14.49,15.07,3.0,24.61,8.76,34.49,5.95,10.27,20.08,16.48,11.55,4.89,33.37,6.71,15.18,25.15,3.38,4.79,21.58,7.64,15.71,8.04,16.73,15.63,3.35,7.85,9.52,18.74,2.58,,23.83,9.98,11.52,27.4,15.58,6.83,17.26,,32.63,9.41,2.41,5.0,9.35,8.22,13.7,29.05,,30.79,23.32,3.69,12.52,8.68,4.17,7.15,22.13,
2014-07-22,40.22,2.16,163.2,9.98,19.31,6.42,21.1,30.55,9.67,12.0,3.43,9.92,10.47,48.6,5.88,2.18,32.48,2.36,28.77,3.22,3.7,23.26,6.99,21.68,,7.53,18.94,15.34,19.49,15.4,13.77,9.06,,5.22,27.8,16.96,9.73,49.29,7.74,13.37,18.92,4.14,9.61,3.17,,9.03,9.1,13.97,20.46,8.91,13.2,2.57,3.9,8.85,14.87,15.45,2.99,25.2,8.82,35.08,6.03,10.42,20.2,18.13,11.58,4.99,34.37,6.73,15.12,25.42,3.56,4.83,21.95,7.71,15.94,8.09,17.1,15.78,3.34,7.85,9.62,19.87,2.59,,23.75,10.13,11.76,28.89,15.74,6.85,17.39,,32.86,9.58,2.41,5.12,9.6,8.34,13.89,30.75,,30.99,23.49,3.74,12.86,8.81,4.23,7.23,22.27,
2014-07-23,41.08,2.16,163.89,10.07,19.36,6.47,20.69,30.24,9.71,12.12,3.44,9.78,10.1,47.7,5.85,2.18,32.14,2.36,28.83,3.2,3.72,23.23,6.93,22.17,,7.55,19.49,15.45,19.48,14.9,13.88,9.08,,5.33,27.11,17.1,9.76,49.46,7.78,13.18,19.2,4.15,9.39,3.15,,8.9,8.95,13.78,20.3,8.9,13.05,2.56,3.93,8.79,14.66,15.35,3.04,23.83,8.82,34.16,6.03,10.27,20.63,17.83,11.93,5.02,32.98,6.74,15.52,23.97,3.5,5.06,21.34,7.77,16.39,8.09,16.36,15.89,3.32,7.64,9.69,19.53,2.53,,23.73,10.23,11.99,28.88,15.38,7.02,17.27,,32.58,9.48,2.42,5.03,9.76,8.52,14.1,29.9,,30.46,23.1,3.78,13.35,8.72,4.28,7.13,23.15,
2014-07-24,42.19,2.19,163.53,10.34,20.1,6.66,19.87,29.13,10.24,12.51,3.48,9.76,9.83,47.71,6.18,2.2,32.28,2.4,29.5,3.19,3.82,23.71,6.81,22.26,,7.65,19.65,16.32,19.5,14.15,14.3,9.32,,5.4,26.78,16.86,10.16,48.5,7.98,13.36,19.41,4.29,9.14,3.22,,9.14,8.61,13.73,20.89,9.07,13.03,2.59,3.99,8.99,14.71,15.65,3.08,24.32,9.02,34.1,6.2,10.17,20.5,17.24,11.91,5.08,32.36,6.97,15.9,23.17,3.51,5.13,21.07,7.85,16.16,8.3,16.41,16.06,3.38,7.7,9.99,19.14,2.58,,23.87,10.54,11.86,29.45,15.48,7.11,17.5,,32.75,9.24,2.47,5.08,9.94,8.24,14.36,28.89,,30.38,22.98,3.85,13.47,8.79,4.32,7.11,24.25,
2014-07-25,42.44,2.23,163.88,10.49,20.2,6.68,20.1,30.0,10.33,12.66,3.52,9.86,9.95,48.43,6.25,2.21,32.29,2.45,29.68,3.25,3.84,23.68,7.25,22.63,,7.7,20.37,16.4,19.63,14.36,14.76,9.39,,5.43,27.15,17.08,10.22,48.3,8.11,13.51,19.59,4.35,9.28,3.23,,9.19,8.73,13.8,21.81,9.11,13.19,2.61,4.02,9.28,14.61,15.83,3.12,24.45,9.19,36.14,6.24,10.41,20.45,17.24,12.17,5.11,32.77,7.07,16.1,23.52,3.58,5.16,21.31,8.0,15.98,7.9,16.3,16.38,3.49,8.12,10.09,19.69,2.59,,24.0,10.61,12.19,30.7,16.13,7.17,17.99,,33.4,9.35,2.49,5.15,10.42,8.21,14.41,29.15,,31.03,23.11,3.92,13.79,8.93,4.31,7.23,24.47,
2014-07-28,43.83,2.27,164.25,10.97,21.03,6.73,20.1,30.0,10.91,13.22,3.6,9.93,10.55,49.07,6.35,2.26,32.34,2.53,30.52,3.29,4.22,24.15,7.57,23.17,,7.85,20.65,16.57,20.02,14.55,15.3,9.76,,5.61,27.44,17.51,10.78,49.24,8.45,13.7,19.94,4.68,9.6,3.3,,8.96,8.88,14.05,21.98,9.28,13.39,2.7,4.16,9.39,14.73,16.36,3.19,25.07,9.82,36.72,6.62,10.45,22.5,17.47,12.2,5.21,33.59,7.26,16.0,24.3,3.77,5.25,21.76,8.15,16.89,8.24,17.93,16.79,3.52,8.1,10.52,20.07,2.63,,24.83,11.0,13.41,31.77,16.54,7.16,18.75,3.58,33.85,9.42,2.6,5.21,10.59,8.39,14.84,30.05,,32.2,23.69,3.98,14.0,9.08,4.45,7.33,24.96,
2014-07-29,43.93,2.25,161.06,11.03,20.91,6.81,20.14,31.05,10.95,13.14,3.59,9.95,10.59,51.41,6.31,2.28,32.49,2.52,30.11,3.3,4.5,24.53,7.61,23.35,,7.8,20.5,16.59,19.53,14.73,15.07,9.78,,5.6,27.92,18.57,10.82,48.4,8.4,13.87,19.99,4.6,9.6,3.28,,8.96,9.01,14.34,21.86,9.32,13.55,2.72,4.16,9.4,15.3,16.19,3.18,25.08,9.94,36.6,6.61,10.5,22.4,18.0,12.1,5.17,36.05,7.31,16.28,24.44,3.7,5.21,21.81,8.12,16.88,8.42,18.72,16.63,3.51,7.99,10.52,20.79,2.61,,25.83,10.98,13.44,31.94,16.47,7.15,18.87,3.94,34.0,9.48,2.63,5.29,10.45,8.85,14.95,30.22,,32.87,24.3,3.93,13.91,9.08,4.39,7.37,24.33,
2014-07-30,43.92,2.25,158.51,10.99,20.76,6.78,20.59,30.85,10.92,13.02,3.57,10.12,10.71,51.39,6.45,2.27,33.24,2.49,30.0,3.33,4.39,25.28,7.42,23.88,,8.04,20.68,16.7,19.23,14.66,15.13,9.71,,5.61,28.49,18.61,10.75,47.55,8.39,13.78,19.88,4.53,9.59,3.27,,8.84,9.0,14.23,21.73,9.14,13.57,2.68,4.11,9.25,15.29,16.38,3.13,25.61,9.8,38.91,6.58,10.41,21.92,18.38,12.08,5.23,39.34,7.22,16.09,25.45,3.62,5.1,21.89,8.02,16.52,8.42,19.32,16.42,3.54,8.0,10.52,22.53,2.6,,26.0,10.95,13.2,32.22,15.95,7.05,18.7,4.33,33.93,9.51,2.59,5.3,10.3,8.89,14.96,30.0,,33.64,24.33,3.92,13.7,9.04,4.32,7.39,24.46,
2014-07-31,44.62,2.41,160.27,11.07,21.38,6.82,20.82,31.05,11.07,13.16,3.6,10.09,10.61,50.71,6.76,2.3,33.05,2.52,30.24,3.33,4.6,26.54,7.54,23.81,,8.02,20.64,17.38,19.39,14.71,15.37,9.8,,5.64,28.7,18.89,10.87,50.25,8.56,13.87,20.07,4.6,9.68,3.3,,8.82,9.12,14.27,22.2,9.19,13.6,2.71,4.15,9.74,15.4,16.4,3.14,26.17,10.05,37.73,6.65,10.83,22.07,18.27,12.36,5.22,38.6,7.35,16.21,25.15,3.66,5.19,22.16,8.74,16.69,8.53,19.25,16.55,3.53,7.98,10.61,22.5,2.62,,26.01,11.06,13.29,32.57,16.21,7.14,19.29,4.76,34.08,9.54,2.62,5.34,10.63,8.92,15.15,30.29,,33.76,24.73,3.98,13.59,9.01,4.32,7.5,24.79,
2014-08-01,43.72,2.33,162.98,11.02,21.46,6.86,21.0,30.38,10.92,12.83,3.59,9.94,10.33,49.69,6.82,2.27,33.62,2.52,30.24,3.26,4.47,26.5,7.26,22.93,,7.97,20.38,16.98,19.3,14.16,15.69,9.76,,5.61,27.65,18.7,10.7,50.96,8.44,13.58,19.68,4.59,9.53,3.25,,8.85,8.85,14.32,21.89,9.04,13.41,2.71,4.15,9.99,15.01,16.1,3.15,25.57,9.9,36.59,6.57,10.64,21.32,17.63,12.31,5.17,38.46,7.28,16.31,24.93,3.55,5.14,21.76,8.38,15.89,8.42,18.6,,3.47,7.92,10.43,22.01,2.58,,25.65,10.82,13.06,31.49,15.88,7.15,19.29,5.24,34.5,9.52,2.66,5.25,10.34,8.65,15.07,29.2,,33.49,24.14,4.11,13.39,8.86,4.41,7.33,24.5,
2014-08-04,45.1,2.36,164.4,11.25,21.93,6.96,21.22,30.46,11.1,13.61,3.61,10.18,10.51,51.47,6.89,2.3,33.69,2.53,30.75,3.32,4.5,26.88,7.41,23.53,,8.05,20.88,17.18,19.68,14.66,16.1,9.92,,5.68,27.48,18.49,10.93,52.5,8.8,13.85,20.28,4.86,9.54,3.31,,8.97,8.97,14.34,23.39,9.18,13.73,2.73,4.17,10.06,15.1,16.7,3.21,27.38,10.03,37.16,6.69,10.75,21.29,17.78,12.34,5.29,38.48,7.39,16.73,25.03,3.75,5.36,22.48,8.54,16.13,8.55,18.85,,3.6,8.02,10.79,22.35,2.62,,25.8,11.25,13.28,33.0,16.0,7.24,19.7,5.36,34.54,9.57,2.78,5.35,10.65,8.81,15.56,29.3,,34.46,24.37,4.26,13.81,8.9,4.61,7.36,25.32,
2014-08-05,44.48,2.36,166.25,11.18,21.75,6.95,21.54,30.11,10.87,13.43,3.59,10.53,10.83,51.39,6.82,2.29,33.19,2.53,30.53,3.33,4.42,27.0,7.43,23.63,,8.03,20.99,16.92,19.5,15.44,15.85,9.87,,,28.08,18.86,10.82,52.53,8.81,14.03,20.0,4.85,9.56,3.31,,9.2,9.52,14.49,23.75,9.15,13.89,2.72,4.18,10.18,14.7,17.07,3.19,27.27,9.94,37.0,6.61,10.86,21.66,18.31,12.2,5.24,38.07,7.33,16.64,25.0,3.7,5.3,22.68,8.47,16.25,8.43,19.89,,3.6,7.94,10.7,23.14,2.64,,25.87,11.17,13.18,33.01,16.14,7.21,19.59,5.16,34.1,9.77,2.76,5.39,10.6,8.74,15.37,29.8,,35.18,24.24,4.28,13.84,9.05,4.6,7.61,25.06,
2014-08-06,43.67,2.4,163.32,10.98,21.3,6.83,21.78,30.73,10.66,13.47,3.58,10.57,10.75,52.5,7.22,2.33,33.21,2.53,29.98,3.38,4.4,26.74,7.57,23.9,,7.98,20.93,16.53,19.39,15.99,15.76,9.74,,6.02,28.75,18.57,10.65,51.7,8.8,14.0,19.64,4.82,10.05,3.41,,9.2,9.42,14.42,24.38,9.08,13.89,2.71,4.14,10.07,14.65,17.11,3.18,27.28,9.87,36.8,6.51,10.83,21.48,18.06,12.18,5.22,38.29,7.31,16.05,25.21,4.07,5.24,22.65,8.62,17.29,8.34,19.37,,3.57,7.98,10.7,22.94,2.7,,26.4,11.16,13.23,33.49,15.89,7.13,19.58,5.37,34.26,9.94,2.74,5.43,10.77,8.94,15.19,29.85,,34.74,24.74,4.59,14.05,9.23,4.7,7.99,24.58,
2014-08-07,42.99,2.37,160.6,10.74,20.92,6.74,21.31,31.32,10.54,13.08,3.52,10.47,10.76,51.3,7.21,2.3,33.01,2.49,29.54,3.32,4.36,25.9,7.36,23.92,,7.86,20.42,16.53,18.97,17.59,15.4,9.56,,5.84,28.52,18.68,10.5,50.3,8.55,13.92,19.38,4.65,9.98,3.35,,9.04,9.2,14.16,23.82,9.29,13.6,2.68,4.09,9.85,14.43,16.69,3.14,26.57,9.65,36.85,6.39,10.73,21.53,18.09,12.24,5.15,37.92,7.18,15.57,24.68,4.09,5.12,22.15,8.54,17.64,8.23,19.81,,3.49,7.82,10.48,22.62,2.7,,25.92,11.0,12.99,32.05,15.62,7.03,18.9,5.07,34.02,9.76,2.69,5.32,10.51,8.68,14.97,30.12,,34.75,24.41,5.05,13.93,9.15,4.69,7.73,23.96,
2014-08-08,42.82,2.43,162.14,10.83,21.21,6.73,21.33,31.17,10.56,13.06,3.51,10.45,11.19,51.45,7.12,2.3,33.1,2.5,29.68,3.31,4.4,26.4,7.39,23.67,,7.89,20.53,16.74,19.03,17.96,15.47,9.54,,5.67,29.07,18.99,10.54,52.23,8.52,14.06,19.35,4.61,9.91,3.32,,8.97,9.37,14.29,23.49,9.26,13.7,2.69,4.09,9.94,14.47,16.77,3.13,27.53,9.67,37.72,6.4,10.66,21.29,18.16,12.33,5.24,37.49,7.2,15.45,24.97,3.88,5.07,22.38,8.89,17.32,8.24,21.17,,3.5,7.88,10.5,22.9,2.81,,26.37,10.99,12.88,31.55,15.73,7.07,18.87,5.03,33.95,9.77,2.72,5.31,10.63,8.71,14.92,32.09,,34.87,24.69,4.88,14.1,9.24,4.62,7.74,24.02,
2014-08-11,43.55,2.43,163.07,11.08,21.3,6.85,21.85,31.52,10.71,13.36,3.56,10.51,11.18,51.9,7.35,2.33,33.58,2.52,29.93,3.37,4.42,26.64,7.45,24.18,,7.98,21.37,16.9,19.19,17.99,15.78,9.7,,5.71,29.38,19.14,10.71,56.4,8.71,14.14,19.77,4.68,10.53,3.38,,9.18,9.42,14.36,24.15,9.43,14.08,2.71,4.12,10.15,14.65,18.45,3.16,27.65,9.85,37.57,6.48,10.75,21.84,18.2,12.55,5.29,37.75,7.25,15.67,25.62,3.89,5.19,22.59,8.83,18.2,8.33,20.93,,3.54,7.97,10.66,22.78,2.84,,26.6,11.2,13.02,31.89,15.95,7.22,19.01,5.16,34.41,9.93,2.76,5.4,10.8,8.77,15.29,35.3,,35.22,24.84,4.89,14.19,9.46,4.68,7.76,24.64,
2014-08-12,42.99,2.4,162.04,10.91,21.0,6.86,22.35,32.88,10.6,13.23,3.53,10.49,11.33,51.59,7.27,2.36,33.89,2.51,29.46,3.4,4.35,26.66,7.54,24.07,,7.97,21.19,17.15,19.18,17.8,15.62,9.64,,5.66,28.98,19.13,10.6,56.0,8.69,13.99,19.51,4.61,10.63,3.37,,9.12,9.68,14.63,24.06,9.42,14.22,2.7,4.1,10.12,14.61,18.86,3.15,28.31,9.76,37.75,6.43,10.72,21.87,18.5,12.89,5.29,38.74,7.15,15.54,26.49,4.01,5.16,22.78,8.72,18.12,8.28,21.1,,3.49,8.02,10.58,22.23,2.84,,26.9,11.14,13.22,31.62,15.97,7.21,19.06,5.13,34.43,10.08,2.74,5.38,10.65,9.05,15.15,34.27,,34.54,24.78,4.96,14.07,9.46,4.57,7.81,24.4,
2014-08-13,43.75,2.38,162.49,10.83,21.08,6.8,22.23,34.65,10.58,13.38,3.51,10.4,11.37,51.21,7.26,2.33,33.84,2.51,29.53,3.38,4.31,26.38,7.75,23.52,,7.94,21.25,16.88,19.49,17.34,15.64,9.61,,5.65,28.26,19.08,10.65,54.82,8.67,14.11,19.88,4.71,10.49,3.4,,8.99,9.56,14.94,23.93,9.26,14.38,2.7,4.13,10.35,14.49,19.29,3.15,27.88,9.71,36.8,6.4,10.57,22.15,18.17,13.06,5.28,38.58,7.12,15.67,26.31,3.96,5.12,24.54,8.61,18.0,8.22,22.32,,3.5,8.27,10.62,21.87,2.89,,26.77,11.15,13.48,32.14,16.43,7.17,19.65,5.06,34.49,10.13,2.74,5.33,10.55,8.92,15.35,33.9,,34.67,24.37,5.26,13.95,9.26,4.55,7.69,25.27,
2014-08-14,43.15,2.34,161.46,10.74,21.04,6.77,22.12,34.49,10.49,13.17,3.51,10.65,11.19,51.55,7.28,2.33,33.57,2.5,29.34,3.37,4.29,26.39,7.52,23.62,,7.87,20.68,16.85,19.28,17.22,15.5,9.6,,5.6,27.96,18.67,10.54,54.12,8.49,13.86,19.69,4.56,10.2,3.41,,8.8,9.69,14.68,23.26,9.19,14.03,2.69,4.1,10.21,14.31,18.85,3.13,27.6,9.59,36.98,6.33,10.56,22.52,17.7,13.35,5.22,37.98,7.06,15.5,26.09,3.84,5.13,24.25,8.45,17.85,8.17,22.39,,3.49,8.07,10.47,21.8,2.9,,26.38,11.03,13.11,31.7,16.0,7.28,19.3,4.88,33.79,9.96,2.71,5.43,10.24,8.81,15.03,32.95,,34.4,24.8,5.05,13.67,9.24,4.46,7.9,24.4,
2014-08-15,43.85,2.35,161.54,10.79,21.15,6.88,22.13,34.2,10.52,13.32,3.52,10.82,11.32,51.6,7.35,2.36,34.13,2.52,29.57,3.42,4.32,26.55,7.54,23.65,,7.94,20.91,17.05,19.5,,15.49,9.68,,5.64,28.27,18.94,10.58,54.12,8.71,13.97,20.5,4.6,10.45,3.42,2.67,8.98,9.97,14.74,23.34,9.26,14.3,2.7,4.11,10.16,14.3,18.96,3.18,27.81,9.68,37.84,6.35,10.64,22.45,17.87,13.58,5.27,37.83,7.08,15.79,26.78,3.84,5.22,24.25,8.48,17.91,8.23,22.43,,3.58,8.12,10.62,22.13,2.88,,26.59,11.23,13.3,31.77,16.51,7.3,19.9,4.88,34.68,9.95,2.72,5.44,10.29,8.84,15.32,33.25,,35.88,25.25,5.12,13.71,9.24,4.49,8.01,24.9,
2014-08-18,43.7,2.36,159.75,10.8,21.53,7.05,22.62,34.32,10.52,13.31,3.51,11.78,11.66,51.5,7.29,2.36,34.76,2.5,29.62,3.44,4.33,26.33,7.65,23.75,,7.95,21.03,16.98,19.63,17.69,15.47,9.72,,5.67,29.15,18.95,10.65,54.2,8.78,14.18,20.4,4.63,10.85,3.49,2.72,9.12,10.11,15.0,23.35,9.28,14.47,2.7,4.11,10.07,14.61,18.93,3.2,27.99,9.73,38.0,6.35,10.81,22.59,18.26,13.68,5.27,38.45,7.1,16.21,27.46,3.9,5.23,24.5,8.49,18.5,8.26,22.1,,3.57,8.13,10.67,22.58,2.97,,27.27,11.29,13.64,31.77,16.49,7.43,20.14,4.98,35.18,10.22,2.72,5.47,10.4,8.86,15.37,35.9,,38.75,25.99,5.22,13.76,9.33,4.47,8.08,24.71,8.99
2014-08-19,43.37,2.38,158.68,10.78,21.9,6.98,23.08,34.5,10.52,13.19,3.52,11.74,11.67,51.35,7.15,2.34,34.64,2.51,29.36,3.46,4.3,26.47,7.58,23.62,,8.02,20.89,16.92,19.49,18.04,15.51,9.71,,5.65,29.58,19.33,10.58,54.6,8.69,14.32,20.4,4.71,10.71,3.48,2.71,9.37,10.04,14.96,23.16,9.24,14.3,2.69,4.1,10.04,14.58,18.48,3.19,28.89,9.72,39.01,6.4,10.97,23.35,18.34,13.43,5.41,38.24,7.09,16.15,27.74,3.88,5.16,24.03,8.63,18.42,8.26,21.85,,3.57,8.07,10.62,22.56,2.95,,27.26,11.15,13.84,30.83,16.32,7.34,19.84,5.0,35.19,10.19,2.71,5.45,10.39,8.96,15.33,36.75,,37.92,25.81,5.25,13.72,9.27,4.51,8.07,24.49,9.89
2014-08-20,42.91,2.37,162.0,10.72,21.92,6.98,22.82,34.09,10.41,13.1,3.52,11.51,11.64,50.6,7.17,2.33,34.28,2.5,29.45,3.44,4.28,26.17,7.52,23.24,,7.95,20.7,16.89,19.75,18.39,15.33,9.64,,5.63,29.5,19.2,10.47,53.4,8.69,14.4,20.0,4.67,10.9,3.45,2.68,9.18,10.08,14.88,23.17,9.27,14.13,2.7,4.09,10.02,14.62,18.44,3.2,28.89,9.76,37.97,6.36,10.84,23.14,18.1,13.29,5.36,37.8,7.06,16.19,27.26,3.87,5.13,24.15,8.51,18.53,8.25,21.76,,3.52,8.1,10.61,22.29,3.0,,28.14,11.15,13.72,30.77,16.47,7.3,18.76,4.93,36.22,10.19,2.7,5.54,10.4,9.09,15.17,35.31,,38.06,25.68,5.21,13.65,9.48,4.49,7.93,24.29,10.88
2014-08-21,42.53,2.35,159.97,10.6,21.85,7.03,22.61,34.21,10.31,12.85,3.5,11.49,12.24,50.95,7.07,2.3,34.49,2.48,29.25,3.41,4.25,25.95,7.48,23.04,,7.88,20.29,16.79,19.42,18.24,15.12,9.5,,5.58,29.98,19.32,10.34,53.4,8.58,14.32,19.99,4.59,10.95,3.43,2.61,9.1,10.01,14.81,22.71,9.17,14.31,2.69,4.07,10.09,14.81,18.82,3.18,29.43,9.61,38.23,6.32,10.7,23.05,18.03,13.63,5.32,38.25,7.0,15.96,27.39,3.9,5.08,24.0,8.38,18.55,8.19,22.15,,3.48,8.03,10.44,21.62,3.0,,28.03,10.98,14.56,30.54,16.18,7.23,18.35,5.08,36.07,10.04,2.67,5.51,10.37,8.92,15.01,35.26,,37.4,25.33,5.1,13.73,9.41,4.5,8.31,24.34,10.46
2014-08-22,42.85,2.34,159.27,10.71,22.66,7.1,23.32,33.7,10.36,12.98,3.51,11.6,13.46,49.98,7.09,2.31,34.44,2.48,29.64,3.41,4.27,25.67,7.49,23.51,,7.9,20.39,16.65,19.44,18.55,15.15,9.54,,5.58,29.72,19.97,10.35,54.6,8.67,14.32,20.1,4.6,11.05,3.51,2.63,9.12,10.32,15.1,22.64,9.22,14.39,2.71,4.07,10.05,15.0,18.65,3.19,29.93,9.7,38.0,6.33,10.78,22.79,18.2,13.59,5.3,38.3,7.14,15.98,27.45,3.87,5.08,24.06,8.43,19.44,8.25,24.37,,3.49,7.95,10.51,21.83,3.04,,27.83,11.04,14.67,30.21,16.19,7.27,18.6,4.98,36.54,10.15,2.69,5.5,10.47,8.93,15.03,34.96,,37.41,25.36,5.14,13.88,9.49,4.56,8.25,24.46,10.31
2014-08-25,42.25,2.32,158.75,10.58,22.38,7.1,22.83,33.71,10.24,12.79,3.5,11.57,13.31,49.87,7.03,2.3,34.31,2.46,29.33,3.4,4.21,25.38,7.35,23.52,,7.93,20.24,16.5,18.87,18.98,14.87,9.44,,5.48,29.03,19.82,10.21,52.01,8.51,14.07,19.42,4.48,11.18,3.47,2.58,9.03,10.02,14.98,23.02,9.12,14.08,2.7,4.05,9.85,14.41,18.04,3.18,28.99,9.67,39.05,6.28,10.99,22.77,18.6,13.39,5.43,39.3,7.07,15.61,26.8,3.77,5.13,24.09,8.29,19.58,8.18,24.7,,3.43,7.98,10.31,22.27,2.97,,27.46,10.84,14.54,30.57,15.67,7.25,18.4,4.84,36.68,10.05,2.68,5.47,10.33,8.67,14.92,34.12,47.48,36.97,25.17,4.95,13.71,10.44,4.42,8.06,23.86,10.54
2014-08-26,42.38,2.3,157.72,10.6,21.9,7.4,22.44,32.89,10.26,12.63,3.49,11.48,12.77,49.35,6.86,2.27,34.46,2.46,28.37,3.3,4.24,26.01,7.15,22.79,,7.89,20.15,16.08,18.7,17.96,14.83,9.46,,5.39,28.09,19.64,10.19,51.92,8.35,13.87,19.46,4.39,10.7,3.37,2.52,8.69,9.84,14.32,22.35,8.93,14.27,2.68,4.06,9.66,14.03,17.96,3.17,28.3,9.63,38.06,6.31,10.84,21.66,18.04,13.11,5.43,39.14,7.19,15.19,26.01,3.62,5.05,23.0,8.37,18.71,8.14,25.04,,3.38,7.72,10.19,21.14,2.88,,26.78,10.73,14.08,30.05,15.44,7.26,17.84,4.77,35.56,10.39,2.68,5.36,10.09,8.4,14.77,34.18,52.23,36.97,25.79,4.98,13.34,10.98,4.37,7.89,23.74,10.13
2014-08-27,42.42,2.28,156.37,10.57,22.11,7.27,22.45,32.63,10.27,12.62,3.49,11.35,12.83,50.33,6.84,2.28,33.89,2.45,28.37,3.33,4.21,26.01,7.24,23.34,,7.91,20.26,16.16,18.8,17.54,14.87,9.45,,5.4,28.2,20.0,10.24,50.92,8.34,13.92,19.14,4.41,10.46,3.35,2.53,8.74,9.94,14.36,22.31,8.91,13.9,2.67,4.04,9.81,14.24,17.89,3.15,29.03,9.56,40.1,6.28,11.65,20.86,17.89,13.0,5.44,39.84,7.33,15.25,26.18,3.65,5.06,22.9,8.32,18.98,8.15,24.1,,3.4,7.7,10.2,21.14,2.86,,26.82,10.68,14.16,29.9,15.42,7.26,17.77,4.75,35.66,10.17,2.67,5.42,10.1,8.56,14.79,33.42,57.45,36.79,28.37,5.0,13.4,,4.36,7.9,23.9,10.29
2014-08-28,42.1,2.26,156.02,10.47,21.8,7.17,22.57,33.1,10.16,12.64,3.44,11.19,12.45,49.24,6.94,2.25,33.88,2.41,28.14,3.28,4.14,26.21,7.2,23.16,,7.93,20.43,16.27,18.37,17.57,14.85,9.36,,5.42,27.48,19.58,10.15,50.01,8.31,13.79,19.09,4.4,,3.31,2.48,8.65,9.7,14.17,21.97,9.0,13.89,2.63,4.0,9.84,14.29,17.72,3.11,28.59,9.41,39.79,6.2,11.33,20.65,17.2,13.41,5.52,39.07,7.18,15.26,25.91,3.61,5.05,22.95,8.28,19.19,8.13,23.78,,3.38,7.7,10.13,20.67,2.86,,26.35,10.65,13.81,29.85,15.5,7.29,17.54,4.79,35.66,9.96,2.62,5.36,10.1,8.44,14.86,34.6,60.0,36.29,27.88,4.91,13.18,,4.34,7.71,24.12,10.14
2014-08-29,42.5,2.28,158.23,10.56,22.0,7.45,22.6,34.35,10.32,12.89,3.46,11.09,12.85,50.55,7.19,2.28,33.85,2.43,28.44,3.3,4.19,26.56,7.35,23.98,,7.89,20.48,16.67,18.73,17.93,15.04,9.47,,5.49,27.94,19.8,10.25,51.55,8.38,13.96,19.24,4.44,,3.34,2.5,8.78,9.87,14.44,22.37,9.09,14.14,2.68,4.02,9.99,14.44,17.98,3.14,28.7,9.47,40.38,6.26,11.35,21.2,17.28,13.73,5.53,39.18,7.33,15.94,26.43,3.6,5.12,23.28,8.35,19.47,8.2,24.28,,3.46,7.84,10.23,20.88,2.94,,27.47,10.73,14.36,30.48,15.81,7.4,17.9,4.79,37.0,10.06,2.67,5.39,10.16,8.61,14.96,34.49,58.67,37.48,28.72,4.8,13.33,,4.43,7.79,24.25,10.2
2014-09-01,42.63,2.31,158.45,10.54,22.22,7.45,23.0,34.66,10.31,12.93,3.48,11.32,13.33,51.09,7.22,2.28,34.09,2.44,28.82,3.39,4.2,26.55,7.39,24.78,,7.91,20.57,16.58,18.81,18.05,15.05,9.49,,5.49,28.71,19.9,10.3,51.4,8.43,14.17,19.5,4.47,,3.37,2.6,8.94,10.14,14.69,22.41,9.15,14.6,2.66,4.01,10.1,14.79,18.08,3.16,29.68,9.54,43.1,6.25,11.65,22.46,17.48,14.16,5.55,39.31,7.36,16.03,27.46,3.64,5.15,23.75,8.4,19.8,8.22,25.04,,3.45,8.02,10.32,21.12,2.96,,27.71,10.78,14.63,30.85,16.2,7.39,18.12,4.93,38.64,10.22,2.65,5.43,10.29,8.71,15.04,35.27,58.5,37.62,28.92,4.8,13.46,,4.5,7.96,24.62,10.4
2014-09-02,43.0,2.33,162.56,10.69,22.36,7.46,23.29,34.67,10.46,13.2,3.52,11.27,13.41,51.3,7.29,2.29,34.08,2.47,29.16,3.45,4.35,26.56,7.47,25.41,,7.95,20.71,16.81,19.33,17.96,15.21,9.6,,5.55,28.78,19.96,10.45,51.79,8.61,14.36,19.8,4.54,,3.51,2.6,9.09,10.18,14.83,22.69,9.36,14.66,2.69,4.07,10.12,15.08,18.18,3.19,30.48,9.72,43.6,6.34,11.73,22.55,17.76,14.2,5.57,39.33,7.48,16.19,27.69,3.79,5.2,24.06,8.44,19.85,8.36,25.06,,3.49,8.07,10.49,21.37,3.02,,28.0,10.99,14.89,31.05,16.98,7.47,18.5,5.13,38.78,10.42,2.68,5.47,10.44,9.08,15.16,36.37,59.45,37.89,29.92,4.93,13.61,,4.55,8.08,24.88,10.61
2014-09-03,43.4,2.34,164.82,10.78,22.31,7.62,23.15,34.66,10.55,13.26,3.55,11.79,13.53,51.76,7.28,2.3,34.5,2.5,29.51,3.54,4.35,27.03,7.5,25.52,,8.05,21.13,16.95,19.43,19.76,15.44,9.68,,5.63,28.97,20.39,10.5,52.0,8.69,14.33,20.09,4.59,,3.53,2.62,9.15,10.39,15.12,22.77,9.92,14.94,2.71,4.11,10.13,15.12,18.42,3.21,31.13,9.76,42.99,6.37,11.61,22.14,17.76,14.2,5.69,40.82,7.71,16.35,27.79,3.81,5.22,24.32,8.52,20.26,8.41,24.82,,3.55,8.09,10.52,21.51,3.08,,27.94,11.02,14.83,31.05,17.25,7.69,18.57,5.09,38.66,10.5,2.71,5.5,10.56,9.2,15.38,37.57,59.11,37.6,29.68,4.99,13.67,11.62,4.54,8.11,24.95,10.98
2014-09-04,43.98,2.36,165.06,10.83,22.03,7.68,23.11,34.16,10.59,13.55,3.59,11.8,13.63,51.61,7.29,2.31,34.31,2.51,29.66,3.62,4.37,27.08,7.54,26.12,,8.09,21.06,17.22,19.54,19.87,15.52,9.71,,5.63,29.58,20.67,10.55,52.35,8.84,14.39,20.3,4.6,,3.57,2.63,9.95,10.49,15.35,22.78,9.88,15.01,2.72,4.13,10.43,15.16,18.54,3.28,30.9,9.8,42.95,6.4,11.75,22.1,18.16,14.39,5.69,40.63,7.89,16.99,28.86,3.78,,24.35,8.6,20.61,8.44,24.63,,3.58,8.08,10.66,21.23,3.1,,27.85,11.16,14.63,30.85,17.24,7.86,18.6,5.04,38.87,10.64,2.73,5.57,10.6,9.37,15.91,38.12,59.08,38.45,29.95,5.02,13.71,11.68,4.51,8.35,25.09,10.9
2014-09-05,44.14,2.37,167.51,10.93,22.25,7.66,23.89,33.79,10.62,13.63,3.61,12.13,13.98,51.75,7.29,2.33,34.41,2.52,29.58,3.59,4.4,28.19,7.59,28.73,,8.12,21.09,17.59,19.41,19.83,15.69,9.74,,5.75,29.08,20.35,10.57,52.17,8.98,14.33,20.55,4.66,11.51,3.58,2.63,9.87,10.8,15.63,22.95,9.94,15.03,2.74,4.16,10.48,16.68,18.45,3.31,30.54,9.88,42.06,6.44,11.69,21.9,17.88,14.6,5.74,41.26,7.91,17.04,28.61,3.85,5.33,24.21,8.62,20.59,8.46,25.98,,3.59,8.21,10.79,21.1,3.16,,28.68,11.24,14.82,31.23,17.09,8.02,18.47,5.06,38.54,10.93,2.75,5.57,11.5,9.77,15.9,37.88,60.3,38.32,29.88,5.05,14.07,11.73,4.54,8.35,25.48,10.97
2014-09-09,43.62,2.38,164.08,10.8,21.97,7.58,23.62,33.6,10.49,13.43,3.59,12.13,14.28,54.13,7.19,2.34,33.97,2.51,29.91,3.95,4.34,28.22,7.46,29.61,,8.09,21.11,17.55,19.15,19.36,15.7,9.7,,5.71,29.1,19.99,10.46,51.9,9.04,14.3,20.28,4.65,11.32,3.58,2.71,10.05,11.22,16.18,22.79,10.07,15.04,2.73,4.15,10.59,16.73,18.2,3.36,30.96,9.84,42.2,6.4,11.64,21.7,18.27,14.76,5.7,43.07,7.71,16.93,28.65,3.79,5.33,24.36,8.5,20.61,8.48,25.87,,3.57,8.19,10.76,21.23,3.14,,28.7,11.16,14.71,30.84,16.88,7.95,18.21,,38.27,10.89,2.73,5.56,11.22,9.75,15.89,37.08,59.47,38.35,29.98,5.09,13.94,11.64,4.57,8.41,25.34,11.24
2014-09-10,43.16,2.36,163.91,10.71,21.58,7.6,23.53,33.94,10.37,13.3,3.56,12.62,14.16,53.66,7.06,2.33,33.96,2.49,29.61,3.99,4.31,27.7,7.49,29.16,,8.03,20.74,17.59,19.18,19.12,15.41,9.59,,5.67,30.16,20.1,10.33,52.0,8.89,14.58,19.91,4.59,11.19,3.61,2.67,10.03,11.16,15.96,22.89,10.07,14.85,2.71,4.11,10.51,16.46,18.23,3.32,31.25,9.81,42.08,6.33,11.62,21.95,18.2,14.8,5.63,43.07,7.65,16.53,28.17,3.76,5.37,24.69,8.46,21.23,8.41,25.65,,3.52,8.14,10.61,20.84,3.17,,27.95,11.05,15.2,30.9,17.21,7.82,18.31,,38.34,11.03,2.72,5.71,11.25,9.81,15.73,38.95,58.43,38.36,30.15,5.08,13.85,11.76,4.56,8.65,24.78,11.24
2014-09-11,43.02,2.37,161.98,10.63,21.45,7.56,23.18,33.63,10.36,13.38,3.55,12.66,13.63,52.11,7.0,2.34,33.57,2.48,29.43,3.89,4.31,26.59,7.41,29.47,,8.02,20.42,17.64,19.03,19.62,15.34,9.6,,5.74,31.93,19.87,10.37,51.3,8.9,14.38,19.61,4.57,11.11,3.56,2.67,9.88,10.91,15.64,22.48,10.32,15.18,2.7,4.11,10.36,16.18,18.0,3.33,30.7,9.86,42.26,6.35,11.76,22.05,18.12,14.7,5.6,41.7,7.61,16.98,28.18,3.76,5.32,24.39,8.49,21.63,8.45,25.81,,3.53,8.11,10.64,20.6,3.13,,28.12,11.1,15.11,30.42,17.09,7.71,18.12,,38.48,10.99,2.72,5.64,11.09,9.6,15.56,,56.74,38.57,29.57,5.0,13.64,11.92,4.51,8.4,24.54,11.24
2014-09-12,42.88,2.4,162.45,10.69,21.59,7.58,23.75,33.53,10.37,13.38,3.57,13.11,13.9,51.9,7.05,2.38,33.91,2.5,29.2,3.92,4.32,26.37,7.44,32.42,,8.06,20.52,17.68,19.01,19.69,15.39,9.6,,5.85,31.84,19.95,10.37,51.14,8.88,14.44,19.71,4.61,11.59,3.68,2.7,10.01,10.99,15.98,22.49,10.28,15.44,2.72,4.13,10.31,16.62,18.03,3.39,31.25,9.85,41.79,6.35,11.77,21.77,18.4,14.82,5.64,41.91,7.68,16.88,28.21,3.82,5.33,25.1,8.49,21.83,8.46,25.52,,3.56,8.21,10.68,21.06,3.19,,27.62,11.14,15.69,30.42,16.92,7.78,18.08,,38.0,11.04,2.74,5.69,11.16,10.56,15.69,,57.2,38.86,30.0,5.14,13.85,11.89,4.48,8.48,24.63,11.39
2014-09-15,42.26,2.41,159.41,10.62,21.05,7.48,23.72,33.28,10.31,13.28,3.57,13.86,13.57,51.6,7.19,2.38,33.86,2.48,28.93,3.99,4.31,26.55,7.49,32.16,,8.07,20.41,17.33,18.87,19.53,15.46,9.6,,5.86,31.98,20.1,10.31,50.5,8.85,14.42,19.5,4.8,11.49,3.72,2.7,10.0,11.28,16.8,22.6,10.21,15.41,2.71,4.12,10.4,16.4,18.33,3.36,31.25,9.82,41.45,6.31,12.02,22.96,18.28,14.97,5.6,41.74,7.8,17.14,28.44,3.83,5.31,25.25,8.55,21.86,8.5,24.86,,3.55,8.43,10.63,20.82,3.23,,27.48,11.15,15.78,30.8,16.82,7.84,18.0,,37.82,11.22,2.71,5.72,11.31,11.62,15.56,,56.37,39.92,29.91,5.43,13.92,11.69,4.48,8.55,24.43,11.7
2014-09-16,41.83,2.46,157.46,10.58,20.74,7.51,22.5,32.68,10.23,12.86,3.55,13.07,13.03,49.98,6.92,2.42,33.93,2.5,28.51,3.84,4.3,25.39,7.23,29.9,,8.03,20.06,17.0,18.53,18.38,15.21,9.62,,5.67,30.0,18.84,10.25,49.9,8.59,13.91,19.15,4.69,10.96,3.86,2.71,9.45,10.59,16.28,21.92,9.75,14.75,2.72,4.11,9.98,15.92,17.57,3.36,29.51,9.77,39.93,6.27,11.43,22.56,17.48,14.39,5.45,39.45,7.7,16.48,26.91,3.89,5.25,24.5,8.54,20.47,8.6,23.35,,3.57,8.21,10.34,19.99,3.27,,27.04,10.83,15.35,29.71,16.03,7.66,17.52,,36.4,10.74,2.75,5.5,11.02,12.09,15.29,,55.66,38.8,28.2,5.33,13.69,11.18,4.51,8.13,23.75,11.18
2014-09-17,41.91,2.51,158.23,10.58,20.9,7.58,22.22,32.47,10.25,12.93,3.56,12.83,,50.26,7.04,2.44,35.6,2.49,28.74,3.87,4.31,25.37,7.27,30.01,,8.05,19.93,17.1,18.5,18.05,15.24,9.57,,5.83,30.36,18.76,10.26,52.69,8.59,14.08,19.32,4.7,11.09,3.91,2.75,9.31,10.56,16.46,22.04,9.82,14.88,2.7,4.11,10.03,16.06,17.43,3.39,29.78,9.78,40.23,6.26,11.49,22.08,17.45,14.55,5.43,39.2,7.87,16.45,26.95,3.87,5.26,24.59,8.79,20.07,8.51,23.8,,3.57,8.64,10.41,18.89,3.28,,27.15,10.85,15.35,29.74,16.17,7.66,17.68,,36.84,10.7,2.74,5.47,11.08,11.7,15.39,,54.8,38.34,28.76,5.46,13.86,11.19,4.43,8.19,23.87,11.16
2014-09-18,42.0,2.46,159.25,10.57,20.98,7.6,22.29,32.7,10.29,12.99,3.56,12.83,13.72,49.91,6.98,2.45,36.67,2.5,28.67,4.06,4.39,25.87,7.28,29.34,,8.03,19.95,17.1,18.49,18.34,15.25,9.73,,5.76,30.72,18.79,10.33,52.99,8.66,14.24,19.38,4.78,10.97,3.98,2.74,9.45,10.78,16.29,22.01,9.84,15.09,2.72,4.11,9.96,16.08,17.51,3.34,29.36,9.92,39.59,6.3,11.5,21.65,17.44,14.57,5.42,39.73,7.9,16.3,26.82,3.92,5.24,24.7,8.69,20.42,8.54,24.04,,3.54,8.64,10.45,18.89,3.37,,27.23,10.88,15.52,29.93,16.16,7.78,17.63,,36.56,10.85,2.77,5.49,11.07,12.02,15.42,,55.54,37.9,28.43,5.2,13.85,11.2,4.43,8.19,23.9,11.22
2014-09-19,42.39,2.44,160.85,10.62,20.81,7.65,22.63,33.36,10.34,13.11,3.56,12.97,13.97,50.0,7.02,2.42,37.08,2.5,28.69,4.03,4.4,25.83,7.3,31.71,,7.91,20.27,17.24,18.68,18.4,15.32,9.85,,5.75,30.4,19.19,10.38,52.28,8.74,14.66,19.54,4.75,11.09,3.97,2.74,9.49,10.77,16.07,22.1,9.81,15.08,2.72,4.12,10.15,16.09,17.64,3.35,29.37,9.95,40.24,6.31,11.58,21.86,17.57,14.64,5.44,39.73,7.98,16.53,27.34,3.9,5.26,24.96,8.57,19.91,8.58,23.85,,3.6,8.74,10.52,19.18,3.34,,27.4,11.07,15.75,29.86,16.44,7.73,17.8,,37.14,10.9,2.78,6.04,11.08,12.38,15.56,,58.11,39.29,28.91,5.17,13.85,11.37,4.41,8.27,24.08,11.51
2014-09-22,41.03,2.38,156.94,10.36,20.25,7.67,22.9,33.98,10.09,12.84,3.49,12.87,14.55,48.45,7.16,2.36,36.83,2.45,28.07,3.97,4.27,25.38,7.08,31.37,,7.75,19.92,16.99,18.09,18.01,15.03,9.61,,5.58,29.41,18.64,10.06,50.38,8.54,14.84,18.79,4.63,10.9,3.87,2.65,9.22,10.35,15.73,21.49,9.77,15.2,2.67,4.05,10.06,16.1,17.36,3.27,28.63,9.73,39.99,6.18,11.17,21.7,17.12,14.51,5.33,38.46,7.86,16.23,26.75,3.75,5.09,24.45,8.32,19.97,8.4,23.8,,3.49,8.51,10.37,18.74,3.23,,27.59,10.88,15.27,28.87,16.11,7.55,17.3,,36.96,10.94,2.69,6.05,10.9,11.88,15.18,,56.15,39.46,27.93,5.12,13.41,11.09,4.23,8.56,23.34,11.39
2014-09-23,41.28,2.41,157.48,10.39,20.4,7.67,24.08,33.74,10.12,13.05,3.5,13.11,16.01,48.85,7.16,2.38,37.76,2.46,28.25,3.98,4.27,25.73,7.09,33.24,,7.76,20.14,17.16,18.17,17.98,15.11,9.63,,5.63,29.37,18.69,10.1,50.4,8.68,14.86,18.89,4.67,10.95,3.85,2.67,9.47,10.47,16.05,21.5,9.9,15.37,2.68,4.05,10.06,16.39,17.52,3.29,29.2,9.78,40.2,6.2,11.28,21.86,17.34,15.19,5.34,38.25,8.09,16.73,28.3,3.77,5.11,24.78,8.38,19.96,8.43,24.45,,3.54,8.59,10.53,18.89,3.23,,27.99,11.09,15.19,28.86,16.28,7.68,17.35,,37.64,11.1,2.73,6.07,10.92,11.99,15.27,,55.66,39.76,28.82,5.2,13.49,11.34,4.25,8.77,23.58,11.6
2014-09-24,42.35,2.47,160.19,10.57,20.7,7.75,24.39,33.7,10.33,13.49,3.54,13.1,15.95,49.54,7.29,2.41,38.09,2.48,28.58,4.04,4.33,26.16,7.18,33.43,,7.84,20.4,17.32,18.46,18.39,15.44,9.76,,5.71,29.84,18.95,10.28,50.53,9.03,14.99,19.46,5.14,11.07,3.91,2.72,9.65,10.81,16.89,21.91,10.03,15.71,2.7,4.11,10.15,16.33,17.97,3.38,30.55,9.94,40.35,6.28,11.47,21.95,17.52,15.4,5.32,39.14,8.14,16.78,29.06,3.85,5.22,25.26,8.49,20.41,8.55,25.15,,3.57,8.7,10.95,19.31,3.28,,28.03,11.63,15.49,29.73,16.73,7.78,17.59,,37.72,11.2,2.77,6.08,11.22,12.69,15.61,,57.01,39.69,29.98,5.55,13.72,11.36,4.31,8.98,24.26,11.77
2014-09-25,41.95,2.44,162.19,10.5,20.77,7.74,24.0,33.0,10.25,13.31,3.55,13.0,15.27,49.04,7.45,2.39,37.52,2.49,28.43,3.98,4.32,25.85,7.16,33.13,,7.82,20.27,17.2,18.47,19.51,15.42,9.71,,5.77,29.54,18.9,10.18,50.79,9.03,14.74,19.51,5.04,11.4,4.11,2.69,9.63,10.71,16.64,22.01,9.99,15.51,2.7,4.1,10.3,16.35,18.07,3.4,33.61,9.87,40.57,6.25,11.55,21.75,17.38,15.2,5.33,38.48,7.99,16.8,28.98,3.83,5.27,25.1,8.46,21.01,8.51,24.81,,3.56,8.74,10.84,19.72,3.35,,27.69,11.51,15.24,30.32,16.98,7.84,17.66,,37.32,11.13,2.76,6.08,11.08,13.58,15.62,,56.42,39.84,30.32,5.63,13.66,11.63,4.3,8.86,24.05,11.84
2014-09-26,41.81,2.46,162.31,10.45,20.54,7.79,24.27,32.0,10.2,13.28,3.55,12.85,15.1,48.88,7.45,2.46,37.73,2.49,28.34,4.0,4.3,25.71,7.47,34.0,,7.79,20.25,17.04,18.36,19.79,15.43,9.72,,5.78,29.84,18.56,10.12,50.52,8.98,14.9,19.3,5.01,11.49,4.08,2.72,9.69,10.72,16.7,21.86,10.05,15.62,2.69,4.11,10.43,16.85,18.32,3.39,32.91,9.94,39.8,6.23,11.5,21.22,17.44,15.1,5.31,38.4,7.97,16.79,31.25,3.82,5.24,25.59,8.46,20.86,8.67,24.38,,3.59,8.74,10.85,19.5,3.28,,27.22,11.5,15.2,30.02,16.92,7.78,17.79,5.16,37.34,11.15,2.76,6.1,11.12,13.32,15.76,,55.9,38.34,30.15,5.69,13.64,11.69,4.29,9.06,24.21,11.93
2014-09-29,41.6,2.45,162.47,10.4,19.81,7.85,24.8,32.04,10.24,13.39,3.52,12.88,15.12,49.05,7.43,2.45,37.56,2.48,27.92,4.05,4.3,25.67,7.46,34.99,,7.8,20.28,17.12,18.45,19.56,15.47,9.76,,5.83,29.77,19.3,10.12,53.1,9.15,15.26,19.4,5.51,11.4,4.05,2.71,9.78,11.1,17.21,21.69,10.03,16.19,2.68,4.08,10.46,17.08,18.36,3.37,32.05,10.22,40.0,6.24,11.8,21.38,17.54,14.99,5.31,38.94,8.02,16.33,31.51,3.85,5.27,25.88,8.45,20.35,8.85,24.23,,3.6,8.81,10.94,19.57,3.33,,27.3,11.63,15.24,29.89,16.77,7.8,17.86,5.17,37.55,11.15,2.78,6.2,11.4,13.18,15.63,,56.18,37.57,30.01,2.88,13.74,11.68,4.3,9.19,24.28,12.23
2014-09-30,41.34,2.48,162.13,10.39,19.89,7.9,25.04,32.75,10.22,13.32,3.53,13.27,15.69,48.83,7.68,2.44,37.07,2.49,27.73,4.13,4.29,25.9,7.48,36.4,,7.79,20.28,17.31,18.47,19.7,15.56,9.75,,5.85,30.09,19.27,10.14,54.97,9.12,15.16,19.41,5.72,11.94,4.06,2.7,9.9,11.08,17.18,21.81,9.97,16.12,2.7,4.07,10.52,17.13,18.3,3.39,32.25,10.28,40.63,6.24,11.83,21.56,17.56,14.8,5.3,38.98,8.03,15.8,31.3,3.88,5.26,26.01,8.55,20.75,9.0,24.51,,3.58,8.89,10.95,19.76,3.35,,27.55,11.63,15.41,30.06,16.61,7.78,17.79,5.19,37.54,11.27,2.77,6.29,11.4,12.91,15.55,41.86,56.05,37.87,29.72,2.79,13.82,11.7,4.34,9.6,24.48,12.81
2014-10-08,41.87,2.47,160.73,10.45,20.29,7.9,25.35,32.43,10.34,13.36,3.53,14.22,15.49,49.45,7.81,2.47,39.0,2.49,28.06,4.14,4.3,26.37,7.4,39.23,,7.81,20.64,17.95,18.36,19.39,15.4,9.84,,5.94,30.94,19.42,10.26,54.5,9.12,15.16,19.46,5.72,12.25,4.1,2.72,10.28,11.04,10.49,21.98,10.05,16.18,2.69,4.09,10.53,17.05,18.71,3.44,33.02,10.31,42.14,6.42,12.31,22.15,17.75,15.22,5.29,38.69,8.01,16.04,30.85,3.88,5.3,26.31,8.54,20.76,9.1,24.51,,3.6,9.04,11.01,20.12,3.39,,27.52,11.82,15.38,30.12,16.56,7.93,17.7,5.13,37.32,11.64,2.78,6.3,11.39,13.36,15.59,41.09,57.04,38.6,29.96,2.83,13.84,12.05,4.35,9.59,24.46,12.88
2014-10-09,41.9,2.54,160.01,10.45,20.23,7.83,24.86,32.71,10.33,13.39,3.52,14.75,15.57,50.32,7.68,2.51,38.89,2.49,28.27,4.33,4.29,26.48,7.54,42.63,,7.84,20.5,17.95,18.62,19.07,15.45,9.85,,5.91,30.67,19.32,10.2,54.59,9.05,15.4,19.56,6.14,11.99,4.07,2.76,10.3,11.09,10.45,22.41,10.07,15.91,2.7,4.09,10.41,16.68,,3.5,32.46,10.13,41.18,6.42,12.23,22.03,18.8,15.18,5.31,39.06,8.08,16.13,30.51,3.94,5.3,26.46,8.67,20.35,9.01,24.0,,3.63,8.94,10.93,20.79,3.39,,27.92,11.66,15.03,30.77,16.6,7.92,17.7,5.15,36.88,11.66,2.77,6.27,11.59,13.08,15.7,41.59,58.58,38.01,29.75,2.93,13.94,11.91,4.32,9.53,24.6,12.58
2014-10-10,41.38,2.51,159.02,10.47,20.05,7.59,24.8,32.55,10.27,13.24,3.51,14.8,15.04,49.5,7.49,2.67,38.72,2.48,28.0,4.42,4.26,25.95,7.42,41.48,,7.79,20.61,17.88,18.35,18.28,15.36,9.83,,5.83,29.99,19.15,10.16,53.42,9.02,15.15,19.4,6.19,11.8,4.04,3.04,10.01,10.78,10.23,22.03,9.87,15.78,2.69,4.07,10.2,17.16,,3.51,32.0,10.08,40.4,6.33,12.1,21.83,18.42,14.91,5.27,38.33,8.02,15.91,30.65,3.87,5.23,27.41,8.5,19.21,8.96,23.62,,3.59,8.69,10.88,20.34,3.51,,27.74,11.58,15.18,30.14,16.35,7.8,17.45,5.06,36.87,11.63,2.75,6.12,11.41,12.74,15.52,40.84,58.25,37.07,29.75,2.88,13.75,11.7,4.3,9.26,24.32,12.67
2014-10-13,40.88,2.56,156.1,10.42,19.92,7.49,24.24,31.85,10.15,13.09,3.48,15.26,15.59,49.08,7.37,2.62,39.57,2.46,27.68,4.51,4.23,24.32,7.42,44.38,,7.75,20.21,17.61,18.02,17.5,15.41,9.73,,5.99,29.7,18.66,10.1,50.8,8.93,14.97,19.04,6.22,11.42,3.97,3.01,10.03,10.58,10.56,22.63,9.72,15.77,2.67,4.04,10.17,17.61,,3.46,31.5,9.95,39.69,6.26,12.03,21.51,17.63,14.95,5.19,36.85,7.82,15.61,29.9,3.86,5.21,27.62,8.58,19.22,8.95,23.25,,3.55,8.6,10.75,19.93,3.44,,27.35,11.44,14.95,30.68,16.43,7.55,17.0,5.06,36.67,11.81,2.74,6.15,11.37,12.46,15.2,40.21,57.55,36.15,30.82,2.87,13.71,11.56,4.28,9.43,23.82,13.03
2014-10-14,40.75,2.54,154.91,10.36,19.87,7.34,24.0,32.01,10.14,12.98,3.48,14.93,15.54,48.25,7.35,2.65,38.87,2.46,27.47,4.66,4.21,24.17,7.29,43.37,,7.74,20.14,17.71,17.94,17.0,15.22,9.72,,5.96,29.07,18.51,10.12,51.61,8.97,14.9,18.87,6.04,11.36,4.0,3.15,9.89,10.59,10.22,22.46,9.64,16.55,2.66,4.06,10.1,17.5,,3.46,31.22,10.0,40.2,6.25,11.96,21.6,17.52,14.8,5.2,36.5,7.76,15.73,29.73,3.83,5.29,27.0,8.51,19.69,8.9,23.47,,3.55,8.58,10.77,20.03,3.5,,27.12,11.41,14.72,30.32,16.21,7.55,17.12,5.03,36.61,11.74,2.71,6.06,11.65,12.56,15.2,39.7,56.52,36.73,30.86,2.86,13.89,11.56,4.3,9.2,23.89,12.98
2014-10-15,41.35,2.56,157.32,10.42,20.12,7.61,25.14,32.5,10.17,13.34,3.5,14.75,15.48,48.35,7.35,2.65,38.95,2.47,27.74,5.13,4.23,24.18,7.27,40.51,,7.75,20.24,18.42,17.78,16.4,15.18,9.79,,5.93,27.45,18.74,10.16,50.77,9.35,15.0,19.24,6.02,11.69,4.09,3.1,9.94,10.5,10.06,22.33,9.7,16.38,2.67,4.06,10.21,17.67,,3.44,31.5,10.06,40.18,6.26,12.03,21.56,17.61,14.81,5.2,35.65,7.84,15.77,29.73,3.9,5.29,26.99,8.55,19.37,9.04,23.76,,3.57,8.64,11.22,20.13,3.6,,27.24,11.74,14.6,29.72,16.33,7.57,16.79,4.93,36.85,11.74,2.72,6.53,11.24,12.3,15.44,39.23,55.9,36.79,29.99,2.88,14.01,11.67,4.42,9.1,24.29,12.89
2014-10-16,41.13,2.6,157.32,10.39,20.24,7.43,25.02,32.31,10.17,13.14,3.52,14.47,14.99,47.93,7.28,2.56,37.9,2.48,27.56,4.9,4.24,23.79,7.18,39.79,,7.73,20.01,18.55,17.7,16.63,15.08,9.89,,5.9,26.94,19.13,10.2,49.24,9.19,14.75,19.15,5.92,11.05,3.99,2.98,9.72,10.33,10.0,21.82,9.56,16.02,2.67,4.08,10.07,17.19,,3.45,31.25,10.16,39.93,6.29,11.79,20.67,17.13,14.5,5.19,35.25,7.86,15.51,29.78,3.87,5.82,27.18,8.61,18.75,9.18,23.13,,3.6,8.49,11.17,20.32,3.48,,26.89,11.57,14.6,29.08,16.61,7.58,16.76,4.67,37.35,11.59,2.73,6.78,10.91,11.72,15.39,39.08,54.94,37.15,29.29,2.79,13.85,11.51,4.32,9.07,24.63,12.74
2014-10-17,41.16,2.56,158.38,10.37,20.41,7.46,25.18,31.72,10.14,13.3,3.52,14.92,14.75,47.87,7.29,2.57,38.27,2.46,27.8,5.12,4.21,24.1,6.97,40.57,,7.69,19.85,18.12,18.03,17.38,14.81,9.85,,6.05,27.09,19.67,10.12,48.7,9.39,14.64,19.22,5.73,11.06,3.87,3.0,9.6,10.56,9.86,21.93,9.64,15.78,2.67,4.08,10.43,17.01,,3.39,30.35,10.04,40.05,6.28,11.52,20.21,17.28,13.9,5.15,35.58,7.79,15.59,29.32,3.76,5.77,26.88,8.69,18.54,9.2,22.51,,3.55,8.38,11.4,20.23,3.62,,27.28,11.68,14.78,28.74,17.24,7.54,16.91,4.7,38.42,11.42,2.7,6.49,10.78,11.79,15.28,40.55,54.0,38.04,28.97,2.8,13.59,11.32,4.35,8.8,24.88,12.71
2014-10-20,41.27,2.58,156.92,10.39,20.44,7.54,25.26,32.18,10.24,13.25,3.52,15.23,15.11,48.2,7.41,2.59,37.73,2.47,27.75,5.08,4.22,23.96,7.1,39.96,,7.7,20.04,17.97,17.85,17.12,14.87,9.9,,6.03,27.35,19.89,10.17,49.6,9.39,14.83,19.2,5.77,11.19,3.91,3.04,9.82,10.89,10.01,21.86,9.71,15.98,2.68,4.09,10.8,17.31,,3.39,31.28,10.09,41.02,6.3,11.72,20.49,17.37,14.04,5.16,35.65,7.79,15.81,30.91,3.8,5.68,27.18,8.7,19.0,9.18,22.65,,3.54,8.43,11.38,20.65,3.61,,,11.84,14.91,29.22,16.95,7.62,16.85,4.9,38.37,11.5,2.71,6.53,10.88,12.02,15.29,41.0,54.9,37.55,28.95,2.79,13.62,11.44,4.38,9.13,24.97,12.79
2014-10-21,40.96,2.57,158.46,10.37,20.16,7.86,25.18,34.07,10.13,13.18,3.51,15.1,14.72,47.31,7.23,2.53,38.57,2.46,27.48,4.89,4.21,23.73,6.99,38.04,,7.68,19.9,17.62,17.69,16.87,14.83,9.78,,5.89,26.84,19.65,10.09,49.95,9.33,14.51,18.98,5.57,11.13,3.83,2.98,9.71,11.09,9.79,21.42,9.6,15.57,2.67,4.06,10.7,16.83,,3.34,30.9,9.97,40.52,6.24,11.56,20.75,17.16,13.87,5.12,34.91,7.71,15.54,30.87,3.74,5.62,26.62,8.73,18.99,8.95,22.76,,3.48,8.35,11.3,19.81,3.48,,,11.88,15.8,28.31,16.84,7.63,16.71,4.85,37.46,11.34,2.69,6.44,10.63,11.69,15.18,40.98,53.79,36.44,28.46,2.71,13.38,11.59,4.33,9.16,24.7,12.61
2014-10-22,41.42,2.51,159.08,10.36,20.41,7.88,24.68,33.38,10.17,13.03,3.5,14.58,14.83,47.3,7.12,2.49,38.2,2.47,27.52,4.9,4.21,23.33,6.99,38.14,,7.67,19.93,17.28,17.52,16.75,14.84,9.78,,5.76,26.05,19.84,10.1,50.0,9.22,14.53,19.18,5.62,10.92,3.84,2.92,9.58,10.69,9.56,21.14,9.56,15.27,2.68,4.06,10.58,16.22,,3.32,30.2,10.07,41.45,6.24,11.38,21.37,16.81,13.7,5.12,34.52,7.76,15.5,31.18,3.66,5.68,25.99,8.53,,8.95,22.51,,3.47,8.31,11.1,18.95,3.38,,27.84,11.65,15.4,27.77,16.85,7.63,16.52,4.75,37.65,11.15,2.69,6.28,10.44,11.69,15.27,38.0,52.06,36.31,29.38,2.62,13.26,11.37,4.28,9.16,26.04,12.24
2014-10-23,41.14,2.43,159.05,10.39,20.29,7.94,24.34,33.39,10.23,12.81,3.52,14.07,14.5,47.3,7.03,2.49,37.88,2.45,27.56,4.58,4.19,22.76,6.91,38.91,,7.58,19.68,17.0,17.26,16.17,14.58,9.75,,5.65,26.43,19.51,10.24,48.15,9.13,14.57,19.11,5.73,10.68,3.71,3.0,9.64,10.53,9.2,20.62,9.24,15.21,2.67,4.06,10.3,15.99,,3.29,29.55,10.1,39.88,6.22,11.5,21.85,16.1,13.43,5.07,33.68,7.78,15.39,30.3,3.57,5.89,24.82,8.26,18.71,9.17,21.49,,3.41,8.15,11.07,18.3,3.27,,27.19,11.53,15.45,27.89,16.06,7.46,16.2,4.53,36.73,11.09,2.66,6.1,10.2,11.31,15.12,36.03,50.0,36.33,29.22,2.54,13.05,11.31,4.2,8.77,26.46,12.51
2014-10-24,41.07,2.45,158.88,10.36,20.01,7.89,24.97,33.43,10.24,12.68,3.52,14.07,14.9,47.41,7.0,2.46,38.03,2.45,27.34,4.68,4.2,23.31,6.82,37.86,,7.58,19.5,16.82,17.0,16.52,14.56,9.68,,5.59,26.76,19.41,10.18,50.28,9.13,14.69,19.14,5.49,10.52,3.69,2.96,9.78,11.35,9.21,20.72,9.28,15.22,2.66,4.05,10.25,15.75,,3.26,29.75,10.13,39.64,6.21,11.79,22.02,16.22,13.57,5.05,34.52,7.75,15.52,29.39,3.56,5.8,25.06,8.2,18.57,9.21,21.36,,3.42,8.1,11.02,18.17,3.28,,27.33,11.47,14.83,28.73,15.62,7.48,16.16,4.59,36.53,10.89,2.65,6.12,10.29,11.01,15.28,35.96,52.37,36.48,29.04,2.58,13.06,11.38,4.19,8.51,26.27,13.16
2014-10-27,40.11,2.43,157.5,10.16,19.56,7.75,24.98,33.56,10.01,12.33,3.49,14.42,15.4,46.76,7.06,2.44,38.99,2.43,26.5,4.76,4.14,23.7,6.83,37.89,,7.56,19.13,16.95,17.07,17.13,14.3,9.47,,5.61,27.04,19.13,10.02,50.04,8.89,14.74,18.73,5.39,10.69,3.7,2.98,9.77,11.39,9.22,20.64,9.34,15.3,2.61,3.99,10.23,15.91,,3.19,30.4,9.85,38.93,6.12,11.64,21.78,16.03,,5.02,34.72,7.62,15.54,30.0,3.52,,25.47,8.24,19.27,8.92,21.54,,3.39,8.17,10.64,18.32,3.34,,26.79,11.09,14.86,28.89,16.18,7.38,16.26,4.58,36.41,11.26,2.62,6.17,10.31,11.16,14.84,36.12,51.6,36.13,29.62,2.56,13.09,11.72,4.13,8.58,25.8,13.11
2014-10-28,40.71,2.49,158.74,10.28,19.85,7.92,25.35,33.96,10.15,12.72,3.52,14.55,15.89,47.38,7.21,2.5,39.42,2.45,26.82,5.03,4.18,23.58,6.97,41.47,,7.64,19.56,17.37,17.28,17.29,14.56,9.59,,5.73,27.32,19.73,10.17,54.48,9.22,15.0,19.21,5.62,11.16,3.84,3.04,10.05,11.7,9.53,21.08,9.55,15.82,2.64,4.04,10.36,16.28,,3.3,31.12,10.03,39.95,6.18,11.96,22.09,16.51,,5.09,35.07,7.74,15.71,30.64,3.63,,26.19,8.38,19.5,9.14,23.4,,3.46,8.36,10.97,18.76,3.46,,27.2,11.52,15.02,29.39,16.36,7.61,16.44,4.69,37.58,11.64,2.65,6.29,10.56,11.79,15.04,37.44,52.72,36.66,30.92,2.64,13.31,11.95,4.22,9.1,26.79,13.46
2014-10-29,42.05,2.55,158.3,10.38,20.44,8.04,26.44,33.56,10.28,12.94,3.54,14.48,15.88,48.1,7.3,2.55,39.45,2.48,27.33,5.1,4.23,23.86,7.06,41.58,,7.69,19.93,17.45,17.38,17.33,14.77,9.7,,5.81,27.27,19.8,10.3,53.0,9.47,15.03,19.49,5.83,11.2,4.05,3.08,10.16,11.6,9.62,21.28,9.63,15.77,2.69,4.07,10.45,16.83,,3.38,31.09,10.23,40.33,6.25,12.03,22.6,16.88,,5.15,35.12,7.85,15.71,30.76,3.71,,26.39,8.4,19.4,9.33,23.88,,3.5,8.45,11.21,19.02,3.66,,27.23,11.89,,29.72,16.55,7.7,16.56,4.78,37.53,11.55,2.69,6.32,10.61,12.5,15.43,37.94,53.46,37.26,30.7,2.72,13.4,12.24,4.32,9.4,27.48,14.0
2014-10-30,42.04,2.64,155.42,10.47,20.14,8.19,26.42,33.04,10.45,12.98,3.59,14.32,16.8,47.33,7.27,2.6,39.57,2.5,27.07,4.98,4.28,24.06,7.09,40.64,,7.73,19.95,17.18,17.32,16.89,14.72,9.81,,5.92,26.9,20.18,10.43,53.07,9.75,14.99,19.33,5.81,11.23,4.15,3.16,10.16,12.35,9.69,21.31,9.68,15.62,2.71,4.09,10.56,16.42,,3.47,30.41,10.58,39.82,6.27,11.99,22.39,16.87,,5.18,34.49,7.98,,30.57,3.81,,26.64,8.46,19.43,9.8,24.13,,3.57,8.48,11.25,18.83,3.9,,26.82,11.93,16.52,29.28,16.59,7.99,16.54,4.9,37.69,11.79,2.81,6.3,10.6,12.3,15.43,37.3,51.9,37.64,29.85,2.77,13.44,12.11,4.36,9.27,27.66,13.68
2014-10-31,43.0,2.63,156.68,10.8,20.9,8.26,25.56,32.34,10.86,13.27,3.66,14.22,16.5,46.97,7.17,2.64,38.95,2.56,28.4,4.92,4.41,23.99,7.23,40.39,,7.84,20.33,17.83,17.69,16.97,15.15,10.2,,5.98,26.5,20.07,11.03,52.77,10.47,15.2,19.97,5.94,11.13,4.11,3.18,10.06,12.24,9.48,22.0,9.71,15.38,2.8,4.18,10.65,16.5,,3.48,30.7,11.49,39.23,6.44,11.93,21.92,16.72,,5.27,36.85,8.43,16.53,29.72,3.85,,26.9,8.46,19.63,10.73,23.8,,3.63,8.63,11.62,18.63,3.9,,27.01,12.29,16.23,30.0,16.92,7.98,16.84,4.88,37.93,12.48,2.98,6.46,10.79,12.58,16.16,38.6,51.62,37.71,29.82,2.81,13.85,12.23,4.45,9.31,29.45,13.73
2014-11-03,42.88,2.66,155.58,10.69,20.82,8.26,25.95,32.15,10.76,13.21,3.63,14.01,17.34,46.18,7.25,2.65,38.7,2.54,28.35,4.93,4.37,23.95,7.2,39.33,,7.82,20.22,17.99,17.6,16.78,15.06,10.16,,6.1,27.6,20.17,11.11,52.81,10.59,15.05,19.68,5.96,,4.52,3.33,10.53,12.35,9.74,21.96,9.7,15.7,2.78,4.14,11.05,16.61,,3.59,31.8,11.37,39.91,6.37,11.95,21.93,16.6,,5.25,35.97,8.3,16.66,29.75,3.88,,27.63,8.54,19.54,10.68,24.8,,3.66,8.8,11.71,18.87,4.17,,27.66,12.25,16.26,30.28,16.83,8.1,16.67,4.9,38.1,12.4,2.93,6.45,10.72,13.41,15.95,39.3,51.65,36.91,29.87,2.84,13.9,12.17,4.52,9.59,28.85,13.88
2014-11-04,42.54,2.72,151.39,10.6,20.65,8.32,25.86,32.1,10.65,13.13,3.64,13.54,17.06,46.34,7.07,2.7,38.39,2.54,28.02,4.94,4.34,23.25,7.3,38.19,,7.78,20.69,17.87,17.38,17.54,15.31,10.07,,6.56,27.11,19.93,10.85,51.7,10.64,14.96,19.63,6.02,,4.91,3.28,11.18,12.48,9.54,21.84,10.16,15.75,2.79,4.16,10.79,16.35,,3.87,31.18,11.25,39.45,6.31,11.81,21.89,16.6,,5.22,35.13,8.2,16.6,29.07,4.0,,26.7,8.6,19.29,10.72,24.42,,3.72,9.68,11.69,19.0,,,27.71,12.47,16.52,29.91,16.67,7.97,16.46,5.29,37.16,12.61,2.91,6.76,10.84,13.37,15.84,38.7,53.09,36.64,29.03,2.8,14.2,11.89,4.56,9.3,28.6,14.1
2014-11-05,42.51,2.62,146.15,10.51,20.59,8.48,25.88,31.8,10.49,13.26,3.58,13.33,17.4,46.01,7.07,2.63,38.59,2.5,28.07,5.07,4.32,22.75,7.2,38.34,,7.77,20.55,18.22,17.21,18.82,15.24,9.99,,6.4,26.74,19.58,10.82,51.68,10.95,15.22,19.77,5.8,,4.67,3.23,11.51,11.98,9.48,21.58,10.0,15.77,2.76,4.13,10.61,16.4,,3.73,30.69,11.16,39.9,6.33,12.13,22.62,17.18,,5.17,35.22,8.1,16.22,28.79,3.86,,26.93,8.39,19.14,10.52,23.99,,3.65,9.96,11.95,,,,27.48,12.68,16.33,29.93,16.9,8.01,16.38,5.14,37.42,12.93,2.87,6.9,10.61,14.19,15.89,38.26,53.0,35.85,29.1,2.77,13.77,11.84,4.61,9.33,29.41,13.61
2014-11-06,42.14,2.64,147.15,10.55,20.23,8.33,26.0,32.17,10.48,13.18,3.57,13.63,17.52,46.15,7.02,2.63,39.1,2.5,28.13,5.23,4.31,22.92,7.26,37.45,,7.79,20.37,17.94,17.32,18.33,15.25,10.03,7.62,6.34,27.28,19.6,10.84,52.62,10.94,15.13,19.65,5.84,,4.76,3.21,11.27,12.16,9.59,21.48,10.09,16.12,2.75,4.13,10.99,16.19,,3.81,30.93,11.18,40.29,6.33,12.12,23.2,16.95,,5.16,34.86,8.13,16.28,29.61,3.92,,28.24,8.42,19.54,10.52,23.95,,3.62,9.75,12.02,19.24,,,27.62,12.54,16.16,29.96,17.0,8.0,16.5,5.16,37.38,12.76,2.87,6.98,10.62,14.13,15.78,40.85,53.11,35.93,29.29,2.74,13.84,12.56,4.51,9.31,28.34,13.61
2014-11-07,,2.58,148.04,10.57,20.71,8.34,25.77,31.9,10.59,13.63,3.57,13.48,18.1,46.08,6.96,2.58,38.11,2.49,28.21,5.18,4.33,22.58,7.23,37.69,,7.75,20.32,17.96,17.17,18.8,15.0,10.18,8.38,6.25,26.92,19.88,10.91,51.89,11.39,14.83,20.09,5.75,,4.82,3.19,11.27,11.73,9.59,21.26,10.0,15.66,2.77,4.14,10.82,15.86,19.16,3.67,30.31,11.34,40.35,6.34,11.83,24.21,16.81,,5.16,34.26,8.17,16.29,,3.86,,27.62,8.35,19.17,10.96,25.23,,3.6,9.44,12.47,18.46,,,27.41,12.88,16.13,28.96,16.45,7.96,16.67,5.15,37.69,12.33,2.89,6.85,10.39,13.98,15.89,39.58,53.4,36.44,29.01,2.7,13.69,12.39,4.46,9.35,28.89,13.52
2014-11-10,42.93,2.67,153.77,10.76,21.7,8.49,25.8,31.84,10.82,14.12,3.67,13.37,18.24,46.54,7.02,2.66,37.99,2.55,28.83,5.0,4.44,24.14,7.3,37.24,,7.86,21.03,18.32,17.96,18.17,15.34,10.55,9.22,6.39,26.54,20.0,11.14,50.43,12.34,15.12,20.37,5.89,,5.06,3.29,11.97,11.92,,21.6,10.31,15.89,2.86,4.2,11.28,15.99,19.15,4.04,29.52,11.7,40.53,6.63,11.88,26.63,16.65,,5.26,35.15,8.34,17.03,,4.05,,28.09,8.51,19.39,11.53,27.75,,3.72,9.94,13.05,18.24,,,26.79,13.45,16.13,29.27,18.1,8.51,17.35,5.25,38.34,12.39,2.97,6.78,10.65,13.34,16.53,39.95,53.0,36.41,28.86,2.82,14.07,12.8,4.7,9.32,29.37,13.67
2014-11-11,43.05,2.62,153.35,11.02,21.85,8.47,24.66,30.52,11.04,14.26,3.81,12.69,17.64,44.63,6.65,2.6,38.34,2.69,28.68,4.9,4.71,23.96,7.49,34.86,,7.92,20.81,17.94,17.9,17.56,15.41,10.92,10.14,6.17,25.55,19.75,11.27,49.59,12.25,14.86,20.64,6.19,,4.88,3.16,11.77,11.43,,21.39,10.35,15.76,3.15,4.34,11.36,16.36,18.31,4.03,28.04,11.67,38.0,6.8,11.44,26.94,16.01,,5.33,33.7,8.45,16.76,30.26,3.98,,27.01,8.38,19.2,11.28,30.53,,3.83,9.53,12.96,17.72,,,25.84,13.45,15.72,30.11,18.99,8.44,17.23,5.04,37.4,11.91,3.08,6.57,10.65,12.01,16.62,37.73,49.71,37.37,27.17,2.75,13.82,13.19,4.69,10.25,29.01,13.18
2014-11-12,43.81,2.66,152.89,10.99,22.21,8.52,24.86,30.76,11.02,15.38,3.76,12.79,18.3,43.9,6.8,2.62,39.32,2.65,29.35,4.9,4.65,24.4,7.52,35.31,,7.89,21.52,17.91,18.0,18.19,15.53,11.05,11.15,6.3,25.68,19.66,11.2,52.58,12.93,14.9,20.8,6.38,,4.95,3.2,12.39,11.58,,21.8,10.32,15.79,3.08,4.31,11.58,16.34,18.5,4.01,28.82,11.61,38.98,6.81,11.55,27.19,16.19,,5.29,34.05,8.48,17.31,29.93,4.07,,27.61,8.53,19.01,11.26,31.44,,3.78,9.6,13.48,18.08,,,25.99,14.01,15.67,30.9,19.19,8.78,17.3,5.12,38.43,12.26,3.09,7.23,10.91,12.05,16.78,39.13,49.99,37.88,27.6,2.8,14.29,13.09,4.71,10.42,28.82,13.3
2014-11-13,44.3,2.7,151.58,10.97,22.27,8.8,24.81,30.2,10.94,15.06,3.76,12.4,18.51,42.9,6.7,2.64,38.28,2.64,29.04,4.8,4.64,24.9,7.72,33.92,,7.92,21.61,17.33,17.8,17.59,15.41,10.94,12.27,6.26,25.24,19.14,11.05,54.53,12.87,14.71,21.14,6.26,,4.92,3.17,12.32,11.13,,22.76,10.09,15.29,3.1,4.3,11.35,15.85,19.29,3.97,28.14,11.44,38.41,6.83,11.25,26.01,15.6,,5.31,33.12,8.39,17.29,28.47,4.1,,26.71,8.64,18.21,11.06,33.7,,3.77,9.31,13.36,17.75,,,25.5,13.77,15.73,31.55,18.89,8.84,17.11,5.4,38.02,11.95,3.06,6.89,11.09,11.58,17.01,36.89,49.8,38.74,26.99,3.08,14.7,12.65,4.87,10.08,29.96,13.14
2014-11-14,44.53,2.65,157.29,10.92,22.15,8.89,24.49,30.53,10.86,15.38,3.78,12.6,18.09,44.19,6.74,2.66,38.18,2.67,28.93,4.87,4.6,25.48,7.56,35.26,,7.83,21.72,17.73,18.22,17.21,15.49,10.9,13.5,6.26,25.32,19.0,10.93,54.78,12.66,14.8,21.33,6.39,,4.78,3.25,11.82,11.07,,22.34,9.96,15.33,3.09,4.37,11.28,15.57,19.03,4.0,28.78,11.27,38.72,6.77,11.23,25.8,15.87,,5.24,33.35,8.26,17.72,28.24,4.02,,26.38,8.66,18.09,10.76,32.2,,3.75,9.34,13.47,18.76,,,25.48,13.59,15.62,31.07,19.52,9.06,17.41,5.22,37.35,11.63,3.03,6.68,10.93,11.76,16.98,36.75,51.81,37.9,27.07,3.07,14.29,12.11,4.79,9.61,29.39,13.33
2014-11-17,43.44,2.63,160.05,10.8,21.99,8.9,24.97,31.33,10.7,14.96,3.75,12.92,18.4,44.01,6.8,2.64,37.8,2.61,28.61,4.96,4.5,25.42,7.55,35.13,,7.84,21.09,17.7,17.98,17.8,15.39,10.75,14.85,6.33,25.85,19.23,10.76,54.21,,14.85,20.55,6.04,,4.67,3.23,12.18,11.32,9.53,22.09,9.99,15.48,3.02,4.29,11.27,15.69,18.75,3.93,28.38,11.19,37.2,6.58,11.44,27.3,15.99,,5.2,33.58,8.18,17.51,28.89,3.94,,26.86,8.66,17.88,10.77,31.12,,3.66,9.32,,18.8,,,25.54,13.4,15.78,30.71,18.7,9.62,17.16,5.12,37.58,11.99,2.98,6.71,10.92,12.21,16.52,37.42,51.86,38.87,27.81,2.93,14.13,12.12,4.72,9.77,28.61,13.65
2014-11-18,42.58,2.61,155.65,10.63,21.41,8.55,24.9,31.8,10.55,14.55,3.72,12.65,19.56,42.83,6.8,2.61,38.04,2.54,28.36,5.0,4.38,24.1,7.67,35.26,,7.74,20.65,17.8,17.65,17.37,15.11,10.45,16.34,6.22,26.52,19.13,10.61,59.63,,14.88,19.96,5.9,,4.71,3.19,12.25,11.36,9.55,21.88,9.93,15.28,2.93,4.2,11.02,15.41,19.05,3.81,28.2,10.94,36.73,6.46,11.44,27.32,15.94,,5.11,33.3,8.1,16.92,28.5,3.89,,26.49,8.67,17.79,10.49,34.23,,3.61,9.4,,18.85,4.24,,25.88,13.14,16.02,30.51,18.45,9.22,16.88,5.13,38.19,12.07,2.9,6.6,10.94,12.05,16.24,37.65,51.82,39.3,27.48,2.95,13.95,12.19,4.56,9.43,28.31,13.63
2014-11-19,42.57,2.61,153.07,10.64,21.4,8.56,25.29,31.55,10.52,14.4,3.69,12.83,20.12,42.8,6.81,2.59,38.33,2.54,28.35,5.02,4.37,23.94,7.53,35.48,,7.71,20.66,17.62,17.5,17.75,14.9,10.47,17.97,6.13,26.8,18.94,10.63,62.31,,15.19,19.96,5.96,,4.63,3.22,11.88,12.45,9.65,21.7,10.0,15.47,2.92,4.19,10.94,15.34,20.02,3.75,28.94,10.93,37.49,6.45,11.47,27.32,16.06,,5.08,33.45,8.06,16.89,29.37,3.87,,26.85,8.6,18.06,10.54,35.31,,3.61,9.3,,18.61,4.02,,25.88,13.11,16.19,30.18,18.3,9.0,16.91,5.08,38.04,12.08,2.88,6.67,10.77,11.77,16.16,37.84,51.32,39.5,27.64,2.99,13.97,11.96,4.54,9.56,28.37,13.67
2014-11-20,42.91,2.59,150.68,10.59,21.35,8.66,25.3,31.66,10.55,14.6,3.68,12.55,20.04,42.6,6.74,2.55,37.24,2.54,28.23,4.89,4.38,23.95,7.45,34.67,,7.71,20.61,17.57,17.5,17.19,14.89,10.57,19.77,6.13,26.7,18.73,10.63,61.66,,14.97,20.47,5.88,,4.65,3.19,11.73,12.49,9.63,21.76,10.2,15.5,2.92,4.17,10.96,15.42,19.9,3.76,28.93,10.97,36.75,6.44,11.44,27.49,15.94,,5.09,34.18,8.03,16.98,29.12,3.86,,26.51,8.53,17.84,10.71,36.28,,3.58,9.44,,18.42,3.98,,25.4,13.5,15.79,30.6,18.56,9.0,16.88,5.14,37.93,12.22,2.88,6.64,10.79,,16.67,37.57,50.55,39.27,27.3,2.95,13.93,12.07,4.53,9.62,29.75,13.66
2014-11-21,43.98,2.62,153.13,10.8,21.8,8.73,25.31,31.32,10.7,15.57,3.73,12.44,20.33,42.82,6.77,2.59,37.24,2.57,28.67,4.85,4.43,24.8,7.44,34.89,,7.75,20.88,17.63,17.65,17.47,15.03,10.79,21.75,6.24,26.87,18.95,10.8,61.3,,14.99,21.09,5.98,,4.8,3.2,12.03,12.41,9.66,22.01,10.18,15.53,2.95,4.22,11.14,15.63,21.27,3.81,28.99,11.3,37.11,6.55,11.54,27.9,16.02,,5.12,34.34,8.2,17.05,29.32,3.92,,26.86,8.63,18.2,11.19,35.5,,3.63,9.88,,18.51,4.05,,25.45,14.85,15.79,30.97,18.4,9.27,17.04,5.22,38.03,12.36,2.93,6.73,10.9,,17.22,38.62,51.53,40.23,27.3,2.98,14.16,12.11,4.59,10.0,31.67,13.72
2014-11-24,45.85,2.67,153.95,10.86,22.12,8.8,25.88,31.29,10.71,16.54,3.73,12.43,21.61,43.85,6.88,2.63,36.3,2.56,29.66,4.97,4.43,24.97,7.64,35.98,,7.82,21.41,18.03,17.83,18.05,15.44,10.86,23.93,6.37,27.12,19.02,10.78,62.61,,15.11,22.57,6.21,,4.92,3.25,13.06,12.99,9.59,22.29,10.37,15.79,2.94,4.24,11.34,15.64,21.64,4.01,29.49,11.57,38.3,6.51,11.72,28.81,16.08,,5.17,34.58,8.22,17.32,29.18,4.01,,27.15,8.82,18.45,11.31,37.4,,3.7,10.3,14.82,18.77,4.1,,25.45,16.34,15.81,31.92,18.93,9.46,17.39,5.39,37.84,12.51,2.94,6.9,11.42,,18.61,38.77,52.91,40.0,27.87,3.08,14.8,12.3,4.74,10.05,34.41,14.01
2014-11-25,45.87,2.82,154.64,11.11,22.28,8.86,25.98,31.33,10.83,16.46,3.77,12.75,23.77,44.03,7.03,2.66,36.58,2.61,30.66,5.44,4.49,25.06,8.4,35.99,,7.85,21.48,18.24,17.96,18.63,15.59,11.08,26.32,6.42,29.09,19.5,10.98,61.08,,15.6,22.41,6.59,,4.98,3.28,12.99,13.0,10.55,22.78,10.42,16.01,2.97,4.28,11.57,15.81,22.41,4.02,30.0,11.7,39.15,6.57,11.91,27.64,16.58,,5.19,35.06,8.24,17.68,29.61,4.12,,27.57,9.7,19.0,11.44,40.36,,3.75,10.37,15.69,19.5,4.15,,26.57,16.6,16.13,33.07,19.03,9.71,17.5,5.6,37.94,12.53,2.99,6.99,11.79,,18.9,38.99,53.5,42.3,28.03,3.1,15.57,12.63,4.8,10.14,35.03,14.43
2014-11-26,47.88,2.78,155.95,11.33,22.4,8.93,25.8,31.0,11.04,17.02,3.82,12.63,24.99,44.51,7.03,2.64,36.27,2.66,30.44,5.47,4.65,24.97,9.0,36.76,,7.98,21.49,18.16,18.15,18.68,15.64,11.32,28.95,6.43,29.3,19.33,11.21,59.13,13.93,15.48,23.96,6.74,,4.93,3.25,13.28,13.44,11.4,22.51,10.31,15.85,3.05,4.35,11.48,16.13,22.25,4.05,29.7,12.2,39.18,6.7,12.11,26.77,16.48,,5.27,34.74,8.42,17.64,30.24,4.12,,27.4,9.69,18.75,12.0,44.4,,3.78,10.38,16.69,19.21,4.09,,26.6,17.63,16.08,32.51,19.46,9.64,17.78,5.51,39.66,12.53,3.2,6.91,11.86,,20.76,38.99,53.02,42.45,29.2,3.08,15.48,12.5,4.79,9.95,38.53,14.7
2014-11-27,48.84,2.79,156.68,11.4,22.25,8.92,25.65,30.51,11.18,17.51,3.83,12.85,25.52,43.99,7.05,2.68,36.02,2.69,30.22,5.65,4.85,24.78,8.83,38.55,,7.99,21.47,18.27,18.06,18.31,15.95,11.48,31.85,6.52,30.04,19.74,11.31,58.5,15.32,15.49,24.58,6.74,,4.88,3.24,13.29,13.74,12.27,22.81,10.28,15.8,3.08,4.39,11.39,16.03,22.18,4.04,29.88,12.37,39.43,6.75,12.47,24.5,16.9,,5.28,34.85,8.52,17.32,29.69,4.16,,27.55,9.97,18.12,12.18,48.84,,3.77,10.28,18.35,20.5,4.08,,26.59,18.55,15.92,32.24,19.26,9.62,17.65,5.53,40.4,12.7,3.45,6.84,11.72,,21.98,39.34,54.7,43.48,28.64,3.13,15.41,12.29,4.79,9.83,42.38,14.47
2014-11-28,49.63,2.8,155.84,12.15,22.11,8.77,26.25,29.94,12.14,17.26,4.04,12.75,26.21,43.3,7.09,2.72,35.67,2.85,30.29,5.79,5.34,24.53,8.98,37.48,,8.17,21.82,17.82,18.1,18.05,15.99,12.4,35.04,6.57,29.97,19.33,12.44,57.8,16.85,15.68,24.12,6.59,,5.34,3.26,13.3,13.56,11.66,22.5,10.35,15.65,3.33,4.7,11.35,15.79,21.7,4.18,29.34,13.61,39.82,7.33,12.28,23.86,16.83,,5.39,33.22,9.18,17.11,30.75,4.35,,27.65,9.84,17.87,13.33,53.72,18.21,3.93,10.21,17.91,20.44,4.38,,26.73,18.14,15.8,31.58,19.01,9.58,17.91,5.5,39.94,12.23,3.8,6.88,11.57,,22.6,38.29,52.58,42.06,27.8,3.16,15.3,12.07,5.04,9.65,41.89,14.22
2014-12-01,50.75,2.8,160.06,12.11,23.35,8.9,25.97,29.39,11.92,17.52,4.01,12.09,25.5,43.4,7.02,2.75,36.95,2.82,31.8,6.0,5.42,25.69,9.2,36.14,,8.17,22.43,17.97,18.85,17.32,16.35,12.16,38.54,6.71,30.13,20.51,12.19,54.3,18.54,15.43,23.69,6.77,,5.5,3.38,13.1,13.19,11.18,22.5,10.3,15.58,3.38,4.79,11.54,15.67,21.93,4.22,28.47,13.21,38.85,7.19,12.04,23.56,16.36,,5.41,32.14,8.92,17.52,30.5,4.42,,26.98,9.44,17.2,12.79,59.09,18.86,3.94,10.45,18.34,20.1,4.57,,26.42,18.93,15.73,32.0,20.91,9.47,18.69,5.41,40.38,11.74,3.91,6.68,11.67,,21.79,37.15,50.84,40.52,27.31,3.26,15.45,11.94,5.35,9.32,40.91,14.57
2014-12-02,54.29,2.86,161.14,12.7,24.53,8.99,25.8,30.36,12.59,18.8,4.18,12.15,25.88,43.52,7.12,2.76,36.75,2.96,33.02,6.13,5.96,25.8,9.02,36.28,,8.37,23.07,18.11,18.92,17.35,16.8,12.87,42.39,6.92,29.88,20.57,13.12,54.86,20.39,15.52,24.89,7.05,,5.49,3.4,13.1,13.27,11.25,22.93,10.38,15.97,3.56,5.07,11.8,15.91,21.97,4.42,29.62,13.94,39.9,7.91,12.4,23.84,16.45,,5.63,32.83,9.35,17.93,30.53,4.48,,27.5,9.67,17.28,13.39,60.0,19.59,4.13,10.59,19.76,20.08,4.54,,26.53,20.82,15.82,32.33,20.97,9.68,18.77,5.39,42.94,11.93,4.2,6.74,11.91,,23.57,37.83,50.55,41.69,27.55,3.29,15.68,12.07,5.53,9.49,43.0,14.77
2014-12-03,55.01,3.06,164.83,12.65,25.2,9.1,25.58,30.5,12.38,19.15,4.1,11.97,27.09,43.15,7.15,2.9,37.2,2.92,35.21,6.1,5.86,26.12,9.72,37.31,42.32,8.37,22.8,18.4,19.44,17.89,17.17,12.58,46.63,7.08,30.61,21.66,13.1,54.33,20.5,16.14,24.24,7.35,,5.38,3.46,13.59,13.18,11.33,25.0,10.83,16.06,3.41,4.94,11.97,16.21,22.54,4.49,29.88,13.61,39.57,8.22,12.43,24.39,16.79,,5.68,33.75,9.25,18.17,30.2,4.74,,27.96,10.18,17.08,12.94,59.27,20.83,4.12,10.65,19.91,20.88,4.39,,27.71,21.53,16.4,34.44,21.65,9.48,18.99,5.66,42.5,11.98,4.0,6.86,13.1,,23.15,38.11,51.95,41.9,28.74,3.51,17.25,12.05,5.63,9.5,40.44,14.69
2014-12-04,59.99,3.13,174.13,13.64,25.65,9.28,25.79,31.25,13.29,21.07,4.27,12.3,29.8,44.58,7.34,2.99,37.79,3.05,35.99,6.0,6.19,26.61,9.88,37.75,46.55,9.21,23.67,19.26,20.03,17.95,18.58,13.27,,7.29,30.24,22.33,13.96,56.39,22.55,16.36,26.66,7.91,,5.54,3.51,13.46,13.63,11.83,25.25,11.05,16.21,3.53,5.18,12.16,16.61,22.66,4.7,30.07,14.28,39.72,8.99,12.66,26.58,16.78,,6.25,34.55,9.75,18.44,30.41,4.94,,27.94,10.41,17.34,13.54,65.2,21.02,4.47,10.9,21.9,20.89,4.45,,27.77,23.68,16.84,35.17,22.29,9.66,19.49,5.79,42.72,12.1,4.24,6.93,14.41,,25.4,38.6,51.36,41.55,29.3,3.74,18.26,12.31,5.87,9.51,43.96,15.24
2014-12-05,59.13,3.05,170.92,13.95,24.7,9.24,25.85,30.19,13.6,23.18,4.59,11.77,31.27,43.36,7.27,3.13,37.46,3.31,35.51,5.7,6.25,25.52,9.27,41.53,51.21,10.12,22.99,19.32,19.63,17.31,17.95,13.53,51.29,7.55,28.72,22.2,14.53,53.9,24.8,16.17,26.68,7.39,,5.29,3.5,13.07,13.35,11.16,24.11,10.65,17.02,3.69,5.7,11.67,16.16,22.39,4.57,28.75,14.56,38.46,9.09,12.18,,16.95,,6.56,33.1,9.92,18.06,29.21,4.75,,26.53,9.94,16.56,13.64,65.48,20.15,4.46,10.68,24.09,19.8,4.24,,27.1,26.05,15.88,33.46,21.77,9.48,20.29,5.52,40.84,11.73,4.23,6.55,15.18,,25.82,36.65,49.77,40.96,32.23,3.59,17.73,12.04,5.69,9.04,42.4,14.69
2014-12-08,64.83,3.16,172.97,13.96,,9.62,25.75,30.0,13.92,25.5,4.63,11.49,29.98,41.96,7.27,3.34,36.66,3.36,37.53,5.71,6.3,26.13,9.29,43.97,56.33,10.32,25.05,20.27,20.23,16.79,18.75,13.81,56.42,8.31,28.0,,15.23,51.6,26.4,17.35,28.18,7.42,,5.59,3.7,13.07,13.27,11.21,24.94,11.33,17.0,3.66,6.11,12.03,16.37,22.51,5.03,28.6,14.53,37.93,9.24,12.22,,16.48,,6.43,33.18,10.0,18.64,28.52,5.11,,26.54,10.22,16.34,13.64,59.96,20.42,4.88,11.75,26.5,19.34,4.36,,26.94,28.66,16.15,33.99,21.86,10.2,20.65,5.52,40.17,11.89,4.24,6.59,15.11,12.95,27.28,35.2,48.0,41.09,34.05,3.95,18.02,11.9,6.18,8.78,43.98,14.0
2014-12-09,59.32,3.1,172.86,13.04,,9.26,24.98,28.54,12.8,26.54,4.2,10.91,26.98,39.66,7.36,3.04,35.82,3.05,34.8,5.27,5.69,26.79,8.66,39.57,61.96,9.5,24.66,20.19,19.74,16.41,17.52,12.65,51.08,8.21,26.8,21.7,13.71,48.5,24.13,16.99,25.36,6.68,,5.34,3.59,13.39,12.7,10.24,24.04,11.1,16.07,3.33,5.52,12.39,15.91,22.0,5.01,27.56,13.08,36.3,8.33,12.48,,16.33,,5.9,31.65,9.11,18.31,28.45,4.92,,24.84,10.05,16.38,12.34,53.96,19.84,4.45,11.2,24.97,17.9,4.42,,25.67,26.74,15.8,32.59,21.27,9.96,19.38,5.15,40.01,11.17,4.0,6.31,14.6,14.1,24.55,33.21,44.01,40.94,30.65,3.88,17.33,11.67,5.89,8.22,39.58,13.27
2014-12-10,59.64,3.23,179.92,14.12,,9.9,25.01,29.8,13.32,27.27,4.3,11.25,27.38,40.25,7.73,3.14,36.99,3.1,37.11,5.48,5.76,27.69,8.91,38.86,64.88,9.5,26.0,21.04,20.57,16.92,17.89,13.16,52.26,8.79,28.83,23.38,14.19,51.03,23.22,17.91,25.38,6.87,,5.43,3.84,14.73,13.16,10.64,24.69,11.88,16.83,3.39,5.64,13.23,16.85,23.21,5.4,28.15,13.43,37.71,8.64,13.33,,16.67,,5.88,32.56,9.6,19.41,29.27,5.08,,25.62,10.68,17.45,12.58,53.65,20.85,4.53,12.32,25.22,18.48,4.53,,26.55,26.38,17.38,33.26,21.9,10.62,20.35,5.29,41.5,11.41,4.09,6.51,15.17,14.38,24.15,34.1,44.3,43.64,31.05,4.2,17.85,12.18,6.08,8.5,38.6,13.51
2014-12-11,56.82,3.22,175.89,14.24,,9.79,25.08,29.63,13.25,24.71,4.2,11.34,27.49,40.16,7.77,3.11,37.05,3.05,37.1,5.49,5.64,27.14,9.02,38.26,61.31,9.29,25.93,20.58,20.35,17.76,17.62,13.05,57.49,8.55,29.15,24.05,13.92,50.02,21.1,17.49,24.23,7.15,,5.8,3.82,16.2,13.45,10.88,25.06,11.79,16.75,3.34,5.46,13.0,16.93,23.94,5.41,28.48,13.43,38.31,8.61,13.3,,16.7,,5.76,33.05,9.57,19.09,29.2,5.16,,25.7,10.51,17.52,12.84,51.5,20.51,4.44,12.64,23.5,18.72,4.98,,26.68,25.53,17.95,33.26,21.94,10.27,20.19,5.45,41.01,11.54,3.96,6.65,15.05,14.0,22.79,34.09,46.04,42.0,31.4,4.45,17.61,12.24,6.57,8.68,37.32,13.35
2014-12-12,57.07,3.27,176.59,13.91,,9.77,27.59,30.49,13.11,25.47,4.21,11.66,30.24,42.28,7.7,3.1,37.65,3.04,36.96,5.63,5.69,27.52,9.24,38.62,58.78,9.35,25.66,20.17,20.37,17.82,17.61,12.98,53.32,8.33,30.59,23.48,13.94,50.99,21.39,17.33,24.54,7.12,,5.74,3.83,15.24,14.03,11.15,25.85,11.74,16.69,3.34,5.44,12.92,17.04,23.87,5.42,28.95,13.62,38.42,8.42,13.38,,17.38,,5.76,33.02,9.44,18.84,30.04,5.16,,25.91,10.44,17.25,12.71,56.65,20.45,4.47,12.75,23.91,19.0,4.82,,26.38,27.62,17.8,33.69,22.55,10.22,20.27,5.64,41.72,11.64,3.91,6.86,14.97,13.59,23.17,34.0,46.31,41.68,31.22,4.35,17.75,12.86,6.33,8.82,38.06,13.55
2014-12-15,57.99,3.28,184.04,13.62,26.18,9.79,28.6,31.0,12.84,27.06,4.13,11.84,33.26,42.18,7.63,3.11,39.08,3.0,36.75,5.78,5.57,27.7,9.12,37.8,57.37,9.23,25.9,20.72,20.51,18.03,17.33,12.76,52.91,8.64,31.31,23.95,13.58,52.85,22.51,17.36,24.88,7.14,,5.77,3.84,15.21,14.1,11.44,25.3,12.1,17.02,3.29,5.3,12.99,17.13,23.68,5.96,29.4,13.36,39.46,8.23,13.61,,17.26,,5.75,34.13,9.25,18.94,32.0,5.08,,28.08,10.37,17.54,12.64,62.32,20.1,4.39,13.65,25.0,18.86,4.88,,26.26,27.86,17.68,32.91,22.7,10.47,20.48,5.65,42.49,12.19,3.84,6.95,14.7,13.07,23.34,35.35,47.11,42.12,30.5,4.21,17.46,12.88,6.2,8.85,38.37,13.86
2014-12-16,63.1,3.27,180.63,14.2,25.86,9.71,29.3,30.78,13.37,29.77,4.25,11.6,34.74,41.72,7.83,3.23,38.79,3.1,36.56,5.71,5.8,27.14,9.3,39.14,57.27,9.56,25.99,20.64,20.27,17.53,17.85,13.29,50.18,8.61,31.22,23.28,14.39,53.0,24.76,17.36,26.45,7.51,,5.85,3.82,15.36,13.87,11.44,25.18,12.09,17.09,3.4,5.64,12.76,16.8,23.35,5.99,28.84,14.05,39.43,8.61,13.29,,17.1,,5.9,33.83,9.65,18.69,31.58,5.23,,27.18,10.3,17.55,13.76,62.9,20.01,4.54,13.77,27.5,18.59,5.06,,26.36,30.65,17.42,32.66,21.99,10.31,20.62,5.67,41.17,12.51,4.1,6.94,15.27,13.23,25.09,34.64,46.47,41.2,30.81,4.3,17.74,12.73,6.41,8.92,42.21,13.7
2014-12-17,63.72,3.22,179.07,15.1,25.47,9.72,28.66,29.99,14.28,32.75,4.47,11.23,34.49,40.48,7.66,3.16,37.48,3.24,36.25,5.45,6.15,26.47,9.07,37.76,54.31,9.78,25.44,20.05,19.98,17.01,17.68,14.11,50.0,8.42,32.14,23.15,15.36,53.43,25.04,19.1,26.67,7.2,,6.2,3.74,14.97,13.6,11.47,24.45,11.93,16.63,3.54,5.94,12.41,16.49,23.36,6.02,28.33,15.46,38.95,9.47,13.4,,16.68,,6.01,32.8,10.3,18.46,30.46,5.09,,26.26,10.14,17.29,15.08,60.04,19.51,4.54,13.33,28.3,18.44,5.57,,25.78,32.33,17.04,31.8,21.34,10.72,20.06,5.47,40.19,12.37,4.38,7.15,14.77,12.6,25.4,35.46,47.27,41.68,29.94,4.2,17.38,12.47,6.39,8.6,42.98,13.99
2014-12-18,65.74,3.22,179.34,14.73,27.9,9.89,28.76,29.74,14.27,31.74,4.35,11.58,34.4,36.43,7.57,3.19,37.82,3.16,37.44,5.26,6.07,26.75,9.26,39.2,53.85,9.79,26.58,20.21,19.96,16.93,18.0,13.89,51.22,8.71,31.43,23.08,14.89,52.79,22.87,18.81,26.8,7.14,,6.82,3.81,15.26,13.48,11.07,25.58,12.04,16.33,3.46,5.76,12.38,16.52,22.77,6.25,30.75,14.89,39.54,9.59,13.15,,16.51,,5.98,33.75,10.02,18.83,30.37,5.27,,25.88,10.27,17.9,14.31,55.8,19.71,4.66,13.72,25.84,18.25,6.13,,25.72,29.75,16.99,33.07,21.51,11.02,19.78,5.57,40.41,12.07,4.23,7.05,15.17,12.81,25.55,34.6,47.09,42.77,30.93,4.4,17.75,13.18,6.37,8.42,43.6,13.71
2014-12-19,64.95,3.33,180.82,14.92,27.63,10.24,28.07,28.78,14.49,32.23,4.41,11.34,34.6,37.47,7.55,3.18,37.39,3.24,36.9,5.43,6.21,26.46,9.4,38.6,50.08,10.08,27.78,21.9,20.02,16.63,18.98,14.09,46.1,9.58,30.4,22.55,15.0,50.5,22.69,18.81,26.63,7.28,,7.5,3.79,15.39,13.26,10.39,25.39,12.34,16.13,3.54,6.09,12.15,16.28,23.09,6.88,29.13,15.3,41.18,9.63,12.88,,,,6.22,32.98,10.09,18.69,29.24,5.8,,25.18,10.6,17.62,14.38,57.7,20.1,4.95,15.09,24.8,18.06,6.74,,25.6,28.73,16.5,33.2,22.49,11.5,20.06,5.88,40.18,12.08,4.35,6.83,15.46,12.39,25.02,33.54,45.16,43.28,30.23,4.54,18.48,12.99,7.01,8.2,42.34,13.42
2014-12-22,65.85,3.6,184.1,15.37,27.85,11.04,27.12,27.62,14.99,30.74,4.71,10.83,31.14,34.81,7.35,3.34,36.7,3.56,36.95,5.08,6.51,27.2,9.89,37.52,46.02,10.36,27.03,22.37,21.3,16.1,20.28,14.68,41.49,9.69,29.27,22.2,15.34,45.45,22.4,18.31,27.02,7.52,,7.15,3.92,15.0,12.6,9.37,25.13,12.73,15.48,3.89,6.59,12.41,16.5,22.35,6.71,,15.55,,10.51,12.56,,,,6.35,31.99,10.43,19.25,28.26,6.38,,23.59,11.0,16.7,14.61,51.93,20.7,4.9,14.39,24.51,17.15,6.43,6.5,24.74,27.61,16.22,32.58,21.91,11.2,20.6,6.01,39.34,11.48,4.53,6.59,16.06,11.23,25.56,30.22,43.09,43.88,28.83,4.41,18.87,12.58,7.15,7.48,42.1,12.08
2014-12-23,65.37,3.37,188.86,15.03,28.35,10.26,26.48,26.97,14.35,31.01,4.48,10.85,28.7,35.16,7.32,3.34,36.26,3.36,38.05,4.75,6.17,26.91,8.9,34.8,48.45,9.78,25.89,22.04,21.73,15.28,19.12,14.11,40.2,9.1,29.56,22.07,14.75,43.36,23.22,18.08,27.42,7.01,,6.63,3.97,14.41,12.57,9.49,24.84,12.3,15.54,3.72,6.26,12.26,15.52,21.77,6.3,,14.72,,10.5,12.51,,,,6.03,31.7,9.97,19.08,28.44,5.92,,23.8,10.38,16.17,13.9,50.08,19.69,4.63,13.38,24.7,17.32,6.1,7.15,24.75,27.39,16.44,32.97,22.46,10.49,21.3,5.52,39.73,11.21,4.24,6.55,14.82,10.75,26.84,30.27,43.4,45.47,28.37,4.15,17.69,12.87,6.66,7.52,43.01,12.09
2014-12-24,60.71,3.24,183.06,14.3,27.66,10.18,26.52,28.25,13.78,28.2,4.33,11.18,28.76,36.68,7.43,3.23,36.51,3.21,37.07,4.92,5.84,26.98,8.54,35.08,50.19,9.48,25.55,21.64,21.03,15.62,18.29,13.46,40.97,8.9,30.1,22.21,14.07,45.2,21.84,17.68,25.66,6.71,,6.72,3.82,14.66,12.79,9.79,25.04,11.97,15.78,3.57,5.92,11.73,15.35,21.25,6.11,,14.02,,10.3,12.98,,,,5.86,32.23,9.58,18.41,29.2,6.0,,25.0,10.14,17.44,13.23,50.98,19.48,4.49,13.64,23.03,17.49,6.01,7.87,25.21,25.45,16.64,32.22,23.0,10.27,20.77,5.52,40.48,11.45,4.04,6.8,14.59,11.27,25.34,31.51,43.93,42.58,29.17,4.05,17.09,12.6,6.37,7.75,40.04,12.14
2014-12-25,63.41,3.32,185.83,14.76,27.68,10.29,26.94,28.91,14.49,29.2,4.46,11.14,31.18,37.15,7.52,3.31,36.67,3.34,37.02,4.98,6.08,27.01,8.74,35.58,49.05,9.84,26.99,22.48,21.42,16.47,18.85,14.25,43.64,9.79,31.0,22.52,14.69,45.5,22.83,18.42,27.67,6.87,,7.24,3.87,15.02,13.14,9.9,25.6,12.65,15.83,3.72,6.32,11.89,15.72,21.75,6.71,,14.85,,10.74,12.98,,,,6.0,32.3,10.05,18.5,28.95,6.15,,25.48,10.29,18.02,13.84,52.62,19.67,4.62,15.0,23.81,17.54,6.45,8.66,25.0,26.37,16.56,32.5,23.58,10.63,20.97,5.63,40.39,12.6,4.23,6.85,14.87,11.5,27.87,31.81,43.12,43.29,29.3,4.2,17.46,12.78,6.75,7.79,42.6,12.2
2014-12-26,67.81,3.4,187.57,15.34,28.33,10.34,27.86,28.65,15.05,32.12,4.62,11.15,32.39,36.76,7.52,3.4,36.79,3.46,37.58,4.96,6.32,27.55,9.03,38.27,48.94,10.12,27.27,22.82,21.61,16.63,19.4,14.77,43.74,10.02,31.83,23.1,15.1,44.01,24.98,18.37,29.92,6.93,,7.27,3.92,14.81,13.05,9.71,26.22,12.72,16.25,3.82,6.48,12.19,15.69,22.35,6.71,,15.35,,10.9,13.11,,,,6.17,32.36,10.35,18.66,28.67,6.16,,25.5,10.51,18.3,14.26,54.6,19.89,4.76,15.19,26.19,17.61,6.39,9.53,24.97,29.01,16.63,33.7,23.24,10.85,21.04,5.71,40.31,13.35,4.5,6.79,15.3,11.52,30.66,31.56,43.15,44.01,29.49,4.26,17.93,13.07,6.91,7.71,46.86,12.3
2014-12-29,70.98,3.37,183.48,15.29,27.64,10.42,27.08,27.89,15.55,32.19,4.61,10.9,31.0,36.5,7.67,3.37,36.79,3.44,35.99,4.89,6.34,29.23,8.87,37.37,47.25,10.33,27.37,22.52,21.65,16.14,19.39,14.95,43.42,10.22,30.39,22.67,14.92,42.78,23.98,18.29,31.92,6.76,,7.54,3.84,15.61,12.42,9.26,26.76,12.67,15.78,3.85,6.42,12.12,14.78,22.1,7.28,,15.09,,10.73,12.77,,,,6.25,31.84,10.26,18.33,27.52,6.38,,25.89,10.49,20.13,14.17,50.33,19.99,4.83,15.5,25.4,16.93,6.55,10.48,25.31,27.86,16.5,34.44,23.69,10.6,20.45,5.68,39.9,13.95,4.49,6.63,15.16,11.13,33.73,30.3,41.07,42.99,30.23,4.2,17.8,13.85,6.84,7.39,49.9,11.98
2014-12-30,72.78,3.29,186.84,15.68,26.84,10.24,26.04,27.23,16.26,33.46,4.71,10.93,28.1,38.06,7.72,3.3,37.24,3.54,35.75,4.76,6.61,28.62,8.76,36.44,47.39,10.45,26.8,21.42,21.32,15.57,19.8,15.36,43.91,9.97,28.86,22.18,15.5,41.5,23.8,18.2,31.97,6.53,,7.25,3.73,15.56,11.88,9.22,25.82,12.17,15.17,3.94,6.57,11.86,14.37,21.36,7.17,,15.4,,10.78,12.3,,14.86,,6.26,30.07,10.65,17.99,26.27,6.2,,24.45,10.23,22.14,14.39,45.93,19.27,4.84,15.11,25.74,15.91,6.22,11.53,24.32,27.97,16.73,33.04,22.94,10.44,20.09,5.55,39.24,13.48,4.84,6.74,15.35,10.68,34.03,30.1,40.7,43.05,28.97,4.05,18.1,13.4,6.84,7.2,49.49,12.06
2014-12-31,74.71,3.38,189.62,16.59,27.44,10.67,26.1,27.68,16.5,33.9,4.87,10.94,27.96,38.15,7.98,3.36,37.48,3.71,37.12,4.79,6.8,28.63,8.75,36.86,47.9,10.81,27.29,21.78,21.5,16.16,20.29,15.69,42.53,9.98,29.19,22.37,15.84,44.0,24.47,18.06,32.3,6.65,,7.2,3.8,15.47,11.94,9.25,25.88,12.38,15.39,4.15,6.73,12.14,14.55,21.7,7.28,,15.73,,10.88,12.45,,13.88,,6.49,30.57,10.93,18.56,26.65,6.25,6.38,23.64,10.62,20.84,14.65,45.36,19.85,4.95,14.97,25.95,15.08,6.29,10.57,24.53,28.27,16.77,32.98,22.89,10.66,20.4,5.52,39.95,13.34,4.88,6.52,15.48,10.73,34.15,31.7,40.39,44.4,28.96,4.08,18.44,14.13,7.01,7.3,49.56,
