date,300222,300233,300237,300227,300240,300241,300242,300252,300248,300238,300262,300266,300267,300256,300272,300273,300271,300269,300278,300288,300287,300292,300291,300293,300299,300300,300301,300295,300297,300306,300312,300317,300309,300318,300310,300326,300331,300324,300311,300332,300334,300336,300349,300335,300350,300352,300351,300343,300347,600005,600035,600053,600052,600068,002377,002379,002382,002370,002383,002387,002390,002388,002399,002411,002413,002418,002412,002426,002431,002435,002433,002438,002427,002437,002439,002425,002443,002446,002447,002445,002450,002451,002453,002452,002464,002462,002471,002470,002473,002477,002481,002476,002485,002491,002492,002483,002486,002499,002503,002502,002504,002505,002509,002512,002514,002519,002520,002515,002524,002527,002526,002528,002529,002530,002542,002535,002547,002555,002564,002567,002571,002570,002573,002575,002579,002582,002574,002581,002577,002587,002584,002586,002589,002596,002606,002592,002612,002604,002607,002618,002610,002622,002619,002621,002629,002631,002640,002630,002642,002645,002647,002650,002638,002656,002660,002663,002664,002665,002667,002671,002680,002684,002685,002686,002655,002662,002692,002694,300004,300010,300027,300028,300030,300011,300032,300038,300025,300044,300043,300050,300020,300051,300056,300052,300053,300061,300064,300057,300071,300063,300068,300076,300081,300084,300086,300094,300097,300103,300087,300096,300104,300109,300090,300110,300118,300116,300128,300111,300123,300132,300143,300135,300148,300145,300151,300152,300150,300156,300149,300159,300161,300157,300162,300158,300169,300173,300168,300164,300176,300186,300187,300189,300190,300194,300197,300198,300196,300178,300209,300208,300213,300212,300226,000971,000980,000976,000982,000981,000996,000989,002009,002002,002012,002013,002005,002014,002018,002021,002034,002037,002052,002047,002059,002069,002070,002071,002080,002086,002092,002102,002103,002106,002113,002115,002122,002128,002137,002118,002114,002129,002143,002141,002161,002147,002162,002156,002166,002172,002167,002175,002180,002178,002168,002188,002190,002198,002199,002191,002196,002207,002211,002201,002210,002224,002219,002228,002217,002231,002238,002235,002247,002240,002259,002255,002260,002263,002264,002278,002279,002286,002289,002291,002297,002298,002301,002288,002309,002313,002303,002316,002314,002323,002308,002310,002325,002329,002341,002343,002331,002346,002344,002349,002355,002358,002356,002348,002359,002366,002369,600022,600026,600055,600061,300284,300285,300294,300296,300298,300315,300316,300319,300322,300323,300339,300341,300348,300353,000975,000987,000973,000990,001696,001896,002004,002006,002010,002011,002015,002020,002025,002036,002043,002044,002048,002049,002051,002053,002061,002065,002074,002075,002091,002099,002097,002101,002110,002121,002123,002127,002131,002151,002157,002163,002170,002171,002174,002176,002183,002203,002212,002226,002239,002246,002249,002252,002261,002265,002266,002270,002290,002312,002320,002326,002335,002345,002354,002368,002373,002423,002434,002436,002458,002465,002468,002506,002507,002517,002532,002537,002544,002545,002549,002558,002600,002605,002608,002601,002611,002617,002624,002635,002636,002639,002643,002654,002668,002670,002675,002681,002683,300007,300003,300008,300009,300031,300035,300047,300054,300049,300065,300073,300075,300080,300083,300085,300088,300098,300100,300113,300131,300134,300140,300142,300146,300153,300166,300180,300181,300184,300188,300182,300199,300223,300229,300251,300244,300276,603399,600804,600807,600811,600819,600818,600822,600823,600828,600832,600836,600837,600843,600844,600855,600850,600848,600856,600858,600859,600866,600862,600864,600871,600872,600873,600876,600877,600879,600880,600882,600891,600967,600973,600975,600978,600979,600981,600982,600984,600983,600986,600985,600988,600990,601001,601005,601003,601018,601028,601101,601113,601118,601168,601216,601258,601299,601360,601388,601519,601599,601608,601669,601700,601717,601727,601789,601866,601877,601989,601996,601999,603003,603008,603128,600233,600240,600238,600239,600242,600246,600248,600255,600257,600258,600259,600260,600270,600271,600273,600275,600277,600289,600291,600290,600295,600297,600299,600301,600311,600318,600317,600321,600328,600331,600330,600335,600339,600346,600353,600363,600375,600378,600381,600387,600389,600390,600392,600393,600396,600400,600401,600399,600420,600428,600429,600432,600438,600446,600461,600466,600468,600469,600475,600480,600482,600481,600485,600487,600490,600497,600499,600502,600511,600515,600525,600530,600533,600545,600551,600552,600555,600556,600559,600565,600568,600571,600572,600575,600577,600581,600587,600590,600589,600602,600603,600604,600609,600610,600614,600615,600629,600633,600634,600636,600637,600640,600641,600643,600645,600649,600651,600653,600654,600652,600655,600657,600664,600666,600663,600673,600667,600675,600677,600680,600681,600682,600687,600685,600691,600695,600696,600699,600701,600704,600705,600707,600710,600711,600714,600715,600723,600729,600732,600730,600733,600734,600736,600735,600740,600739,600744,600745,600747,600751,600754,600756,600758,600759,600764,600763,600767,600771,600773,600777,600778,600781,600784,600794,600797,600798,600800,600076,600069,600072,600074,600084,600077,600086,600075,600090,600093,600100,600103,600105,600106,600110,600112,600120,600122,600113,600129,600133,600136,600139,600146,600151,600155,600153,600157,600158,600161,600162,600163,600165,600167,600168,600173,600175,600179,600182,600186,600187,600189,600190,600191,600193,600200,600203,600207,600209,600211,600217,600220,600219,600221,600225,600226,600227,000009,000008,000010,000002,000016,000018,000019,000024,000028,000029,000031,000032,000034,000035,000038,000042,000040,000046,000048,000050,000056,000058,000062,000066,000065,000070,000099,000150,000156,000155,000153,000159,000301,000401,000403,000407,000409,000413,000415,000416,000418,000426,000428,000498,000506,000503,000510,000511,000516,000518,000519,000520,000523,000531,000533,000534,000536,000538,000540,000544,000545,000547,000553,000555,000558,000560,000563,000562,000564,000566,000571,000576,000582,000584,000590,000587,000591,000592,000606,000603,000607,000612,000615,000616,000617,000626,000627,000629,000639,000636,000662,000666,000663,000665,000667,000669,000670,000671,000673,000672,000676,000677,000687,000688,000707,000697,000711,000712,600900,002384,000651,600150,600309,600584,601919,000100,300308,600406,000792,000938,002602,002050,002353,601600,600547,600050,601872,000408,000657,000807,000630,600760,002466,600019,002027,002625
2013-01-04,,,,,,,,,,,22.1,14.85,,,,17.74,,,13.41,,,,,,14.05,,,,16.9,,17.46,,16.45,,,,,33.73,,,,26.4,,,,,,,,2.83,,,,5.7,,10.31,,,,,,,,9.96,,,,,,9.86,28.92,,,,,,,,22.28,8.37,22.66,,,,14.17,,,,7.22,18.33,,,7.91,,,,,14.63,23.58,9.1,8.98,6.99,13.95,9.34,,,,,,,,,,,,,,,,,18.52,,,12.5,,,,,,,,,,,,,,14.05,,12.13,5.76,10.84,10.87,11.55,,,,,,,8.63,19.81,10.36,45.29,,,,36.29,,,28.23,41.32,,,,,,,,,,5.48,,,,7.4,5.85,,,,,,,,,,5.35,,7.08,,,,,,,,,,,,18.15,7.24,18.6,,,8.82,,,,,8.84,,,,,,,12.0,6.93,,,,,,,,,,,13.69,,,,,,,,13.76,9.98,14.51,,,,3.94,,4.09,8.15,9.58,14.24,,,8.2,5.2,11.18,,,8.8,,,,,,,,7.63,5.45,,,,,,,7.32,,,,,7.23,,13.6,5.19,,,5.74,,,,,,8.5,11.32,,7.13,,,,,,,11.9,5.08,,,,14.2,,,,,,,,,,6.02,5.79,,,,,10.92,,,,5.35,9.73,,,,7.24,,17.01,9.87,,14.9,,9.8,,,,,,,,,,9.57,,,,,,,,,,,,,,,,11.62,,,,32.45,,,,,,,,8.6,,,6.19,,,,,,,,,,,,,3.75,,,,,,,,3.63,,,,,,,,,,,,,12.11,,,13.57,,,,,,9.95,,,,,9.79,,,,,,,,,,,,,,,,,23.6,,,16.88,,,11.41,6.93,,,,,,,,24.0,,,,,,,,,,,,,,,,,,15.32,,,,14.8,8.58,,,,,,,,7.08,,,,,,,,,,5.95,7.03,5.41,,,,11.92,,5.53,6.76,10.26,,,,,,4.12,,,,,,,,,,,,,,6.92,,,,4.84,,,,,,,,,,,3.64,,,8.73,,,,,,5.12,4.66,,,,,,,,,,,,,4.74,,,10.35,,,,4.77,,,5.37,,,,,,,9.51,7.1,,,5.12,5.76,,6.7,5.05,,5.44,,,8.07,10.82,3.69,2.68,,,,,,,,,,,4.24,8.82,,,,7.13,,,6.07,,,,,13.5,,,,4.84,,,,,,,7.09,,14.64,,,,,,,,,,,,3.28,,,3.8,,,,,,,,,,,,,,12.76,11.72,,,,8.27,13.01,,,,,18.17,5.48,,,4.14,4.56,,,,6.33,,,,,7.3,9.83,,8.29,16.47,,,4.08,,,3.73,,13.38,,4.27,,,,7.49,,6.82,,13.02,3.53,,7.19,,,,10.2,4.58,,,,,5.2,5.19,,3.93,,,5.03,,13.6,,,,,,,5.25,,4.0,,6.12,21.52,,6.94,5.16,,,,,,10.55,,3.98,,,,,9.51,12.62,,,,9.65,,,,,,,,,2.87,,,,,,3.59,,,,,,9.87,,,2.86,,,4.51,5.82,,,,,,,6.52,,31.49,,4.03,,,4.05,,,,5.07,5.39,,,,,,,,,,4.78,,4.02,6.51,,,,,,,12.12,6.5,5.37,9.28,,,,7.96,,,3.78,,,,3.16,,,,5.33,,,6.91,,,3.38,5.16,7.0,,,,18.85,4.69,,,,,6.67,,13.85,,,5.13,,,,,4.13,,,2.79,4.2,,,5.13,10.76,,,2.23,,,15.6,5.81,,,,3.83,,,,8.12,,,,,,,,,,,,26.52,,7.2,,,,,,,,,,,,,,,
2013-01-07,,,,,,,,,,,22.2,15.6,,,,18.76,,,13.46,,,,,,14.29,,,,17.22,,17.9,,16.43,,,,,35.66,,,,26.5,,,,,,,,2.81,,,,5.69,,10.3,,,,,,,,10.25,,,,,,10.27,29.0,,,,,,,,23.0,8.36,22.9,,,,14.19,,,,7.38,18.45,,,7.81,,,,,14.77,22.9,9.31,9.16,7.43,14.19,9.68,,,,,,,,,,,,,,,,,19.71,,,12.47,,,,,,,,,,,,,,14.47,,12.7,5.81,10.86,10.97,11.84,16.11,,,,,,8.85,20.57,10.15,43.98,,,,35.97,,,28.42,,,,,,,,,,,5.43,,,,7.62,5.97,,,,,,,,,,5.38,,7.19,,,,,,,,,,,,18.48,7.44,18.49,,,8.93,,,,,9.4,,,,,,,12.17,7.25,,,,,,,,,,,14.5,,,,,,,,13.58,10.98,14.48,,,,4.14,,4.2,8.18,9.58,14.28,,,8.3,5.29,12.3,,,8.68,,,,,,,,7.61,5.54,,,,,,,7.35,,,,,7.47,,13.97,5.25,,,5.73,,,,,,8.59,11.69,,6.8,,,,,,,12.1,5.12,,,,14.28,,,,,,,,,,6.02,5.78,,,,,11.47,,,,5.42,9.91,,,,7.35,,17.3,9.75,,15.6,,9.7,,,,,,,,,,9.83,,,,,,,,,,,,,,,,11.73,,,,32.85,,,,,,,,8.88,,,6.28,,,,,,,,,,,,,3.7,,,,,,,,3.76,,,,,,,,,,,,11.86,13.32,,,14.31,,,,,,10.01,,,,,9.97,,,,,,,,,,,,,,,,,23.7,,,17.09,,,11.32,7.17,,,,,,,,24.16,,,,,,,,,,,,,,,,,,15.6,,,,14.82,8.65,,,,,,,,7.17,,,,,,,,,,6.13,,5.43,,,,12.27,,5.54,6.77,10.26,,,,,,4.16,,,,,,,,,,,,,,7.0,,,,4.89,,,,,,,,,,,3.62,,,8.78,,,,,,5.05,4.7,,,,,,,,,,,,,4.72,,,10.36,,,,4.7,,,5.53,,,,,,,9.66,7.09,,,5.21,5.83,,6.75,5.13,,5.63,,,8.05,11.01,3.69,2.83,,,,,,,,,,,4.24,9.09,,,,7.17,,,6.05,,,,,13.43,,,,5.03,,,,,,,7.14,,14.98,,,,,,,,,,,,3.28,,,3.82,,,,,,,,,,,,,,12.61,11.79,,,,8.48,12.88,,,,,18.2,5.48,,,4.14,4.58,,,,6.51,,,,,7.52,9.87,,8.38,17.3,,,4.11,,,3.86,,14.05,,4.24,,,,7.75,,7.08,,13.22,3.57,,7.19,,,,10.08,4.71,,,,,5.26,5.3,,3.98,,,5.07,,13.7,,,,,,,5.22,,4.1,,6.01,23.64,,7.05,5.12,,,,,,11.06,,4.0,,,,,9.69,12.87,,,,9.8,,,,,,,,,2.87,,,,,,3.56,,,,,,10.06,,,2.84,,,4.6,5.78,,,,,,,6.85,,30.67,,4.02,,,4.1,,,,4.99,5.23,,,,,,,,,,4.86,,4.05,6.66,,,,,,,12.42,6.33,5.43,9.14,,,,7.92,,,3.82,,,,3.13,,,,5.31,,,6.84,,,3.39,5.23,6.94,,,,18.82,4.73,,,,,6.86,,,,,5.21,,,,,4.05,,,2.8,4.24,,,5.15,11.14,,,2.22,,,15.58,5.85,,,,3.88,,,,8.19,,,,,,,,,,,,26.01,,7.28,,,,,,,,,,,,,,,
2013-01-08,,,,,,,,,,,21.9,15.4,,,,19.68,,,12.96,,,,,,15.17,,,,17.24,,18.14,,17.03,,,,,35.42,,,,26.21,,,,,,,,2.8,,,,5.68,,10.52,,,,,,,,10.32,,,,6.41,,10.5,29.31,,,,,,,,23.6,8.43,23.8,,,,14.6,,,,7.49,18.62,,,7.85,,,,,15.1,23.83,9.3,9.29,7.31,15.61,10.06,,,,,,,,,,,,,,,,,19.55,,,12.49,,,,,,,,,,,,,,14.87,,13.38,5.83,10.97,11.04,11.92,16.21,,,,,,8.81,20.38,10.52,43.47,,,,36.31,,,28.4,,,,,,,,,,,5.61,,,,7.7,6.24,,,,,,,,,,5.54,,7.3,,,,,,,,,,,,18.52,7.66,19.39,,,9.26,,,,,9.41,,,,,,,12.4,7.25,,,,,,,,,,,14.45,,,,,,,,13.66,10.97,14.37,,,,4.35,,4.17,8.19,9.39,14.29,,,8.69,5.3,13.53,,,8.93,,,,,,,,7.85,5.6,,,,,,,7.4,,,,,7.53,,13.62,5.48,,,5.79,,,,,,8.82,11.93,,6.89,,,,,,,12.1,5.15,,,,14.17,,,,,,,,,,5.97,5.82,,,,,11.44,,,,5.51,9.98,,,,7.44,,17.64,9.77,,15.26,,9.88,,,,,,,,,,10.4,,,,,,,,,,,,,,,,11.91,,,,31.99,,,,,,,,8.72,,,6.38,,,,,,,,,,,,,3.71,,,,,,,,3.73,,,,,,,,,,,,11.94,12.8,,,15.74,,,,,,10.24,,,,,10.05,,,,,,,,,,,,,,,,,23.95,,,17.3,,,11.4,7.24,,,,,,,,24.18,,,,,,,,,,,,,,,,,,16.01,,,,14.84,8.83,,,,,,,,7.28,,,,,,,,,,6.14,,5.36,,,,12.0,,5.68,6.86,10.03,,,,,,4.18,,,,,,,,,,,,,,7.28,,,,4.85,,,,,,,,,,,3.59,,,8.86,,,,,,5.15,4.7,,,,,,,,,,,,,4.71,,,10.65,,,,4.63,,,5.53,,,,,,,9.87,7.08,,,5.28,5.84,,6.63,5.24,,5.64,,,8.12,11.17,3.7,2.78,,,,,,,,,,,4.19,9.45,,,,7.17,,,6.03,,,,,13.32,,,,5.03,,,,,,,7.3,,15.0,,,,,,,,,,,,3.33,,,3.81,,,,,,,,,,,,,,12.93,11.86,,,,,13.19,,,,,18.46,5.45,,,4.18,4.56,,,,6.57,,,,,7.85,10.03,,8.39,17.26,,,4.2,,,3.84,,14.32,,4.24,,,,7.7,,7.08,,13.28,3.67,,7.23,,,,10.45,4.63,,,,,5.34,5.33,,3.99,,,5.03,,13.72,,,,,,,5.24,,4.07,,6.17,23.13,,7.18,5.17,,,,,,10.94,,4.02,,,,,9.58,12.93,,,,9.71,,,,,,,,,2.89,,,,,,3.58,,,,,,9.79,,,2.85,,,4.62,5.84,,,,,,,6.99,,29.99,,4.03,,,4.17,,,,4.99,5.24,,,,,,,,,,4.9,,4.25,6.75,,,,,,,12.41,6.61,5.5,9.16,,,,8.06,,,3.88,,,,3.18,,,,5.29,,,6.86,,,3.47,5.23,6.9,,,,18.46,4.79,,,,,7.05,,,,,5.33,,,,,4.05,,,2.85,4.17,,,5.1,11.0,,,2.21,,,15.44,5.8,,,,3.93,,,,8.06,,,,,,,,,,,,26.24,,7.75,,,,,,,,,,,,,,,
2013-01-09,,,,,,,,,,,21.5,15.35,,,,19.64,,,12.97,,,,,,15.8,,,,16.74,,17.87,,16.92,,,,,33.97,,,,25.12,,,,,,,,2.81,,,,5.63,,10.78,,,,,,,,10.23,,,,6.6,,10.3,28.7,,,,,,,,23.7,8.61,23.42,,,,14.76,,,,7.5,19.37,,,7.91,,,,,15.37,24.49,9.38,9.29,7.53,15.24,9.9,,,,,,,,,,,,,,,,,19.6,,,12.39,,,,,,,,,,,,,,14.6,,13.11,5.84,11.04,10.94,11.8,16.06,,,,,,9.03,20.1,10.27,44.29,,,,34.95,,,28.12,,,,,,,,,,,5.54,,,,7.7,6.14,,,,,,,,,,5.46,,7.33,,,,,,,,,,,,18.69,7.63,20.28,,,9.05,,,,,9.41,,,,,,,12.32,7.24,,,,,,,,,,,14.33,,,,,,,,13.55,10.72,14.14,,,,4.57,,4.15,8.29,9.49,14.29,,,8.6,5.41,13.95,,,9.06,,,,,,,,7.92,5.64,,,,4.02,,,7.28,,,,,7.53,,13.7,5.42,,,5.76,,,,,,8.79,11.49,,7.03,,,,,,,12.0,5.07,,,,14.06,,,,,,,,,,6.0,5.88,,,,,11.74,,,,5.47,10.29,,,,7.38,,17.28,9.8,,15.26,,9.88,,,,,,,,,,10.13,,,,,,,,,,,,,,,,11.52,,,,31.27,,,,,,,,9.11,,,7.02,,,,,,,,,,,,,3.71,,,,,,,,3.77,,,,,,,,,,,,12.29,12.45,,,15.41,,,,,,10.18,,,,,10.11,,,,,,,,,,,,,,,,,23.34,,,17.09,,,11.31,7.35,,,,,,,,23.3,,,,,,,,,,,,,,,,,,16.82,,,,14.35,9.27,,,,,,,,7.35,,,,,,,,,,6.45,,5.34,,,,12.01,,5.58,6.84,9.93,,,,,,4.19,,,,,,,,,,,,,,7.21,,,,5.03,,,,,,,,,,,3.57,,,8.76,,,,,,5.18,4.61,,,,,,,,,,,,,4.69,,,10.33,,,,4.54,,,5.63,,,,,,,10.21,7.0,,,5.81,5.82,,6.59,5.24,,5.59,,,8.12,11.19,3.71,2.85,,,,,,,,,,,4.61,9.64,,,,7.23,,,6.07,,,,,13.01,,,,4.95,,,,,,,7.26,,16.5,,,,,,,,,,,,3.36,,,3.86,,,,,,,,,,,,,,12.7,11.74,,,,,13.22,,,,,18.14,5.4,,,4.2,4.68,,,,6.5,,,,,7.8,9.89,,8.42,17.78,,,4.21,,,3.9,,14.4,,4.33,,,,7.57,,7.17,,13.08,3.62,,7.28,,,,10.48,4.58,,,,,5.2,5.34,,3.97,,,5.1,,13.78,,,,,,,5.26,,4.08,,6.19,22.88,,7.17,5.14,,,,,,11.19,,4.06,,,,,9.61,12.82,,,,10.01,,,,,,,,,2.86,,,,,,3.57,,,,,,9.69,,,2.89,,,4.67,5.85,,,,,,,7.04,,30.05,,4.0,,,4.27,,,,4.9,5.09,,,,,,,,,,4.87,,4.17,6.61,,,,,,,12.2,6.71,5.45,9.09,,,,7.93,,,3.85,,,,3.15,,,,5.35,,,6.73,,,3.51,5.75,6.91,,,,18.29,4.79,,,,,7.22,,,,,5.24,,,,,4.05,,,2.9,4.08,,,5.18,10.91,,,2.2,,,15.08,6.09,,,,3.92,,,,8.06,,,,,,,,,,,,26.65,,8.0,,,,,,,,,,,,,,,
2013-01-10,,,,,,,,,,,21.74,15.7,,,,19.83,,,13.09,,,,,,15.95,,,,17.08,,17.76,,16.79,,,,,35.02,,,,25.24,,,,,,,,2.82,,,,5.64,,10.79,,,,,,,,10.26,,,,6.65,,10.24,28.32,,,,,,,,24.37,8.55,23.4,,,,14.69,,,,7.5,19.79,,,8.07,,,,,15.33,24.1,9.6,9.47,7.53,15.38,10.2,,,,,,,,,,,,,,,,,20.18,,,12.38,,,,,,,,,,,,,,14.74,,13.36,6.13,11.02,10.83,11.89,15.9,,,,,,8.93,20.4,10.98,43.55,,,,35.04,,,27.52,,,,,,,,,,,5.54,,,,7.85,6.27,,,,,,,,,,5.52,,7.39,,,,,,,,,,,,19.72,8.03,20.05,,,9.12,,,,,9.38,,,,,,,12.33,7.4,,,,,,,,,,,14.34,,,,,,,,13.63,10.69,14.11,,,,,,4.2,8.6,9.51,14.6,,,8.6,5.33,13.74,,,9.52,,,,,,,,8.4,5.78,,,,4.03,,,7.5,,,,,7.66,,13.75,5.48,,,5.88,,,,,,8.76,11.44,,7.73,,,,,,,12.01,5.17,,,,14.1,,,,,,,,,,5.91,5.92,,,,,12.91,,,,5.49,10.38,,,,7.7,,17.36,9.68,,15.89,,9.77,,,,,,,,,,10.03,,,,,,,,,,,,,,,,11.69,,,,31.21,,,,,,,,10.02,,,7.11,,,,,,,,,,,,,3.76,,,,,,,,3.88,,,,,,,,,,,,12.23,12.41,,,15.6,,,,,,10.25,,,,,10.09,,,,,,,,,,,,,,,,,23.59,,,17.3,,,11.29,7.31,,,,,,,,23.35,,,,,,,,,,,,,,,,,,17.03,,,,14.28,9.3,,,,,,,,7.38,,,,,,,,,,6.39,,5.34,,,,12.33,,5.56,6.83,9.89,,,,,,4.19,,,,,,,,,,,,,,7.2,,,,4.94,,,,,,,,,,,3.61,,,8.89,,,,,,5.16,4.62,,,,,,,,,,,,,4.7,,,10.21,,,,4.85,,,5.72,,,,,,,10.15,7.05,,,5.77,5.77,,6.63,5.36,,5.6,,,8.31,11.15,3.72,2.82,,,,,,,,,,,4.64,9.58,,,,7.5,,,6.49,,,,,12.87,,,,4.99,,,,,,,7.33,,17.05,,,,,,,,,,,,3.32,,,3.89,,,,,,,,,,,,,,12.81,11.76,,,,,13.35,,,,,18.51,5.41,,,4.2,4.64,,,,6.57,,,,,7.9,9.78,,8.38,,,,4.2,,,3.83,,13.9,,4.32,,,,7.56,,7.13,,13.17,3.67,,7.51,,,,10.39,4.69,,,,,5.32,5.38,,4.0,,,5.06,,13.97,,,,,,,5.58,,4.06,,6.42,22.9,,7.12,5.14,,,,,,11.24,,4.06,,,,,9.67,12.89,,,,10.05,,,,,,,,,2.89,,,,,,3.6,,,,,,9.52,,,3.0,,,4.69,5.95,,,,,,,6.94,,30.2,,4.02,,,4.28,,,,4.92,5.1,,,,,,,,,,4.86,,4.07,6.65,,,,,,,12.28,6.63,5.48,8.94,,,,7.99,,,3.83,,,,3.15,,,,5.63,,,6.79,,,3.51,5.68,6.91,,,,18.62,4.81,,,,,7.21,,,,,5.27,,,,,4.09,,,2.91,4.1,,,5.17,10.91,,,2.21,,,16.36,6.1,,,,3.94,,,,8.09,,,,,,,,,,,,26.64,,7.99,,,,,,,,,,,,,,,
2013-01-11,,,,,,,,,,,21.6,16.03,,,,19.52,,,12.95,,,,,,16.06,,,,17.68,,18.29,,16.4,,,,,36.4,,,,25.98,,,,,,,,2.77,,,,5.42,,10.4,,,,,,,,9.85,,,,6.4,,10.07,29.59,,,,,,,,23.92,8.27,23.4,,,,14.5,,,,7.06,19.75,,,7.75,,,,,14.81,23.34,9.18,9.2,7.2,14.9,9.78,,,,,,,,,,,,,,,,,20.15,,,12.45,,,,,,,,,,,,,,14.26,,13.04,5.83,10.82,10.45,11.92,15.9,,,,,,8.77,19.68,10.73,43.52,,,,35.65,,,27.68,,,,,,,,,,,5.4,,,,7.65,6.29,,,,,,,,,,5.25,,7.25,,,,,,,,,,,,19.23,7.91,19.78,,,9.09,,,,,9.35,,,,,,,12.29,7.12,,,,,,,,,,,14.02,,,,,,,,13.48,10.58,13.66,,,,,,4.01,8.38,9.17,13.91,,,8.42,5.1,15.11,,,9.5,,,,,,,,8.05,5.48,,,,3.91,,,7.35,,,,,7.43,,13.24,5.31,,,5.67,,,,,,8.6,11.14,,7.9,,,,,,,11.8,5.01,,,,14.0,,,,,,,,,,5.82,5.74,,,,,14.2,,,,5.32,9.76,,,,7.67,,17.1,9.45,,16.1,,9.61,,,,,,,,,,9.7,,,,,,,,,,,,,,,,11.76,,,,32.5,,,,,,,,10.28,,,6.97,,,,,,,,,,,,,3.59,,,,,,,,3.71,,,,,,,,,,,,11.83,12.52,,,15.32,,,,,,10.13,,,,,9.85,,,,,,,,,,,,,,,,,23.98,,,17.95,,,11.13,7.02,,,,,,,,23.41,,,,,,,,,,,,,,,,,,16.95,,,,14.45,9.35,,,,,,,,7.18,,,,,,,,,,6.22,,5.2,,,,11.57,,5.45,6.6,9.59,,,,,,4.07,,,,,,,,,,,,,,6.95,,,,4.75,,,,,,,,,,,3.4,,,8.46,,,,,,5.02,4.5,,,,,,,,,,,,,4.72,,,9.94,,,,4.52,,,5.55,,,,,,,9.72,6.89,,,5.55,5.7,,6.33,5.17,,5.47,,,8.05,11.13,3.63,2.67,,,,,,,,,,,4.4,9.67,,,,7.21,,,6.78,,,,,12.69,,,,4.81,,,,,,,7.3,,16.36,,,,,,,,,,,,3.22,,,3.76,,,,,,,,,,,,,,12.55,11.67,,,,,12.77,,,,,17.84,5.25,,,4.09,4.43,,,,6.46,,,,,8.5,9.35,,8.18,,,,4.09,,,3.69,,14.13,,4.1,,,,7.36,,7.1,,13.33,3.52,,7.25,,,,10.07,4.57,,,,,5.24,5.3,,3.88,,,4.84,,13.96,,,,,,,5.29,,3.86,,6.1,21.87,,6.9,4.94,,,,,,10.81,,3.95,,,,,9.52,12.57,,,,9.61,,,,,,,,,2.77,,,,,,3.54,,,,,,9.53,,,2.87,,,4.45,5.75,,,,,,,6.76,,29.01,,3.87,,,4.12,,,,4.73,4.87,,,,,,,,,,4.78,,4.02,6.45,,,,,,,11.9,6.39,5.52,8.71,,,,7.74,,,3.78,,,,2.99,,,,5.51,,,6.51,,,3.61,5.83,6.77,,,,17.85,4.69,,,,,7.05,,,,,5.14,,,,,3.88,,,2.87,3.99,,,5.04,10.48,,,2.16,,,16.18,5.83,,,,3.86,,,,7.72,,,,,,,,,,,,25.68,,8.31,,,,,,,,,,,,,,,
2013-01-14,,,,,,,,,,,22.18,16.41,,,,20.91,,,13.58,,,,,,16.97,,,,18.61,,19.4,,17.29,,,,,37.28,,,,27.03,,,,,,,,2.83,,,,5.56,,10.8,,,,,,,,10.16,,,,6.58,,10.45,31.81,,,,,,,,24.6,8.44,24.88,,,,14.83,,,,7.18,20.52,,,7.98,,,,,16.29,24.47,9.45,9.56,7.39,15.82,10.02,,,,,,,,,,,,,,,,,20.75,,,12.9,,,,,,,,,,,,,,14.94,,13.27,5.95,11.2,10.71,12.28,16.88,,,,,,9.04,20.22,11.2,44.88,,,,36.9,,,30.45,42.85,,,,,,,,,,5.58,,,,8.16,6.45,,,,,,,,,,5.61,,7.56,,,,,,,,,,,,19.97,8.14,20.29,,,9.35,,,,,9.83,,,,,,,12.8,7.34,,,,,,,,,,,14.55,,,,,,,,13.89,10.88,14.17,,,,4.58,,4.08,8.55,9.44,14.44,,,8.77,5.2,16.33,,,9.91,3.96,,,,,,,8.25,5.59,,,,3.99,,,7.42,,,,,7.63,,13.93,5.47,,,5.92,,,,,,8.9,11.38,,8.13,,,,,,,12.12,5.2,,,,14.34,,,,,,,,,,5.96,5.86,,,,,14.85,,,,5.48,10.02,,,,7.93,,17.53,9.8,,16.92,,9.88,,,,,,,,,,10.09,,,,,,,,,,,,,,,,12.58,,,,33.62,,,,,,,,10.71,,,7.18,,,,,,,,,,,,,3.7,,,,,,,,3.8,,,,,,,,,,,,12.26,12.66,,,15.86,,,,,,10.43,,,,,10.23,,,,,,,,,,,,,,,,,24.58,,,19.75,,,11.42,7.28,,,,,15.36,,,24.29,,,,,,,,,,,,,,,,,,17.9,,,,14.9,9.69,,,,,,,,7.41,,,,,,,,,,6.58,,5.37,,,,11.93,,5.56,6.79,10.26,,,,,,4.17,,,,,,,,,,,,,,7.09,,,,4.87,,,,,,,,,,,3.46,,,8.77,,,,,,5.22,4.63,,,,,,,,,,,,,4.99,,,10.27,,,,4.72,,,5.69,,,,,,,9.94,7.03,,,5.64,5.85,,6.57,5.31,,5.68,,,8.2,11.56,3.71,2.75,,,,,,,,,,,4.64,10.61,,,,7.38,,,6.82,,,,,13.11,,,,5.02,,,,,,,7.78,,16.59,,,,,,,,,,,,3.3,,,3.88,,,,,,,,,,,,,,12.81,11.83,,,,,14.05,,,,,18.26,5.46,,,4.18,4.55,,,,6.71,,,,,9.35,9.56,,8.36,,,,4.2,,,3.76,,14.84,,4.21,,,,7.56,,7.28,,13.62,3.6,,7.4,,,,10.13,4.67,,,,,5.29,5.43,,3.96,,,4.99,,14.29,,,,,,,5.39,,3.95,,6.28,22.47,,7.05,5.03,,,,,,11.14,,4.09,,,,,9.83,12.76,,,,10.04,,,,,,,,,2.85,,,,,,3.59,,,,,,9.54,,,2.92,,,4.58,5.93,,,,,,,6.94,,30.1,,3.97,,,4.2,,,,4.86,5.08,,,,,,,,,,4.84,,4.13,6.72,,,,,,,12.27,6.7,5.63,9.42,,,,7.91,,,3.9,,,,3.03,,,,6.06,,,6.71,,,3.8,6.08,6.95,,,,18.95,4.85,,,,,7.15,,,,,5.28,,,,,4.02,,,2.92,4.12,,,5.14,10.86,,,2.21,,,16.6,5.92,,,,3.93,,,,7.86,,,,,,,,,,,,26.52,,8.53,,,,,,,,,,,,,,,
2013-01-15,,,,,,,,,,,24.4,18.05,,,,22.01,,,13.61,,,,,,16.8,,,,18.53,,19.66,,17.49,,,,,36.5,,,,27.04,,,,,,,,2.91,,,,5.65,,10.99,,,,,,,,10.54,,,,6.73,,10.69,31.79,,,,,,,,25.88,8.66,25.86,,,,15.2,,,,7.22,21.1,,,8.3,,,,,17.92,24.5,9.6,9.7,7.82,15.87,10.33,,,,,,,,,,,,,,,,,20.97,,,13.02,,,,,,,,,,,,,,15.5,,13.75,6.09,11.43,11.09,12.42,17.06,,,,,,9.18,20.9,11.45,45.84,,,,36.9,,,30.87,41.8,,,,,,,,,,5.65,,,,,6.7,,,,,,,,,,5.72,,7.79,,,,,,,,,,,,20.17,8.28,20.7,,,9.63,,,,,9.77,,,,,,,13.7,7.6,,,,,,,,,,,14.8,,,,,,,,14.0,11.16,15.45,,,,4.54,,4.2,8.71,9.49,14.78,,,9.21,5.33,15.86,,,10.39,4.02,,,,,,,8.31,5.73,,,,4.05,,,7.55,,,,,8.01,,14.06,5.65,,,6.51,,,,,,9.05,11.53,,8.09,,,,,,,12.29,5.34,,,,14.41,,,,,,,,,,6.11,5.97,,,,,14.58,,,,5.63,10.1,,,,7.96,,17.91,10.09,,17.07,,10.2,,,,,,,,,,10.31,,,,,,,,,,,,,,,,12.53,,,,33.05,,,,,,,,10.56,,,7.41,,,,,,,,,,,,,3.75,,,,,,,,3.86,,,,,,,,,,,,12.65,12.41,,,16.01,,,,,,10.62,,,,,10.82,,,,,,,,,,,,,,,,,24.6,,,20.22,,,11.54,7.41,,,,,14.94,,,24.64,,,,,,,,,,,,,,,,,,18.5,,,,16.39,9.94,,,,,,,,7.58,,,,,,,,,,6.62,,5.46,,,,11.95,,5.66,6.87,10.28,,,,,,4.22,,,,,,,,,,,,,,7.18,,,,4.94,,,,,,,,,,,3.52,,,8.94,,,,,,5.27,4.73,,,,,,,,,,,,,4.95,,,10.47,,,,4.9,,,5.78,,,,,,,10.03,7.16,,,5.69,5.92,,6.65,5.41,,5.8,,,8.43,11.57,3.76,2.75,,,,,,,,,,,4.61,10.59,,,,7.48,,,6.92,,,,,13.09,,,,5.11,,,,,,,8.02,,16.59,,,,,,,,,,,,3.36,,,3.95,,,,,,,,,,,,,,13.0,12.03,,,,,14.48,,,,,18.25,5.6,,,4.25,4.63,,,,6.83,,,,,9.31,9.7,,8.64,,,,4.35,,,3.84,,15.58,,4.31,,,,7.7,,7.58,,13.81,3.65,,7.55,,,,10.15,4.73,,,,,5.28,5.53,,4.02,,,5.0,,14.25,,,,,,,5.44,,4.01,,6.27,22.3,,7.18,5.16,,,,,,11.47,,4.14,,,,,10.03,13.05,,,,10.68,,,,,,,,,2.87,,,,,,3.65,,,,,,10.15,,,2.97,,,4.63,6.06,,,,,,,6.95,,29.84,,4.01,,,4.27,,,,4.85,5.05,,,,,,,,,,5.18,,4.17,6.84,,,,,,,12.42,6.78,5.75,9.7,,,,8.02,,,3.94,,,,3.06,,,,5.97,,,6.77,,,3.8,6.08,7.05,,,,18.93,4.9,,,,,6.94,,,,,5.36,,,,,4.05,,,2.93,4.14,,,5.16,11.04,,,2.23,,,17.0,5.93,,,,4.03,,,,7.92,,,,,,,,,,,,27.57,,8.33,,,,,,,,,,,,,,,
2013-01-16,,,,,,,,,,,22.74,17.43,,,,23.0,,,14.7,,,,,,16.3,,,,17.93,,19.05,,16.94,,,,,35.5,,,,26.66,,,,,,,,2.9,,,,5.63,,10.96,,,,,,,,10.93,,,,6.6,,10.87,31.14,,,,,,,,25.95,8.84,26.08,,,,15.04,,,,7.14,21.0,,,8.27,,,,,19.71,24.51,9.83,10.01,8.07,16.1,11.34,,,,,,,,,,,,,,,,,20.9,,,12.88,,,,,,,,,,,,,,16.09,,13.61,6.16,11.41,11.41,12.2,16.79,,,,,,9.07,20.5,11.15,44.81,,,,35.61,,,29.89,40.76,,,,,,,,,,5.59,,,,,6.57,,,,,,,,,,5.96,,7.61,,,,,,,,,,,,20.94,8.23,20.45,,,9.74,,,,,9.86,,,,,,,13.18,7.53,,,,,,,,,,,14.88,,,,,,,,13.66,10.84,15.64,,,,4.77,,4.25,8.66,9.29,14.78,,,9.1,5.38,16.02,,,10.54,4.15,,,,,,,8.63,5.66,,,,4.23,,,7.68,,,,,8.13,,13.95,5.62,,,6.27,,,,,,9.11,11.44,,8.14,,,,,,,12.15,5.86,,,,14.19,,,,,,,,,,6.02,5.97,,,,,14.2,,,,5.72,10.35,,,,7.98,,17.83,9.85,,17.35,,10.48,,,,,,,,,,10.35,,,,,,,,,,,,,,,,12.16,,,,32.04,,,,,,,,9.97,,,7.1,,,,,,,,,,,,,3.73,,,,,,,,3.85,,,,,,,,,,,,12.39,12.27,,,15.59,,,,,,10.66,,,,,10.49,,,,,,,,,,,,,,,,,24.25,,,21.78,,,11.55,7.47,,,,,14.53,,,23.93,,,,,,,,,,,,,,,,,,18.09,,,,16.28,9.77,,,,,,,,7.51,,,,,,,,,,6.58,,5.37,,,,11.71,,5.78,6.84,10.06,,,,,,4.2,,,,,,,,,,,,,,7.2,,,,4.86,,,,,,,,,,,3.53,,,8.82,,,,,,5.14,4.63,,,,,,,,,,,,,5.24,,,11.05,,,,4.88,,,5.75,,,,,,,9.75,7.08,,,5.58,5.98,,6.51,5.36,,5.89,,,8.77,11.21,3.73,2.72,,,,,,,,,,,4.57,10.62,,,,7.76,,,6.69,,,,,13.19,,,,5.41,,,,,,,7.76,,16.7,,,,,,,,,,,,3.31,,,3.95,,,,,,,,,,,,,,12.85,11.8,,,,,14.14,,,,,17.97,5.54,,,4.28,4.66,,,,6.82,,,,,9.92,10.18,,8.58,,,,4.39,,,3.81,,16.36,,4.47,,,,7.58,,8.34,,14.11,3.69,,7.71,,,,10.21,4.88,,,,,5.24,5.54,,4.0,,,4.91,,14.09,,,,,,,5.49,,3.97,,6.04,22.99,,7.26,5.2,,,,,,11.96,,4.1,,,,,10.13,13.24,,,,11.0,,,,,,,,,2.83,,,,,,3.64,,,,,,9.68,,,2.93,,,4.66,6.06,,,,,,,6.98,,28.97,,3.96,,,4.2,,,,4.76,5.02,,,,,,,,,,5.21,,4.34,7.15,,,,,,,12.78,6.7,5.78,9.55,,,,8.08,,,3.96,,,,3.18,,,,5.73,,,6.63,,,3.97,5.94,7.2,,,,18.61,4.87,,,,,6.7,,,,,5.48,,,,,3.97,,,2.92,4.09,,,5.33,11.34,,,2.2,,,16.86,6.23,,,,4.02,,,,8.05,,,,,,,,,,,,27.23,,8.05,,,,,,,,,,,,,,,
2013-01-17,,,,,,,,,,,22.34,16.68,,,,22.82,,,14.4,,,,,,15.75,,,,17.9,,18.96,,17.03,,,,,35.94,,,,26.41,,,,,,,,2.9,,,,5.54,,10.86,,,,,,,,10.82,,,,6.49,,10.57,31.18,,,,,,,,,8.64,25.83,,,,15.08,,,,7.15,19.67,,,8.25,,,,,17.86,23.91,9.66,9.68,7.92,16.2,10.4,,,,,,,,,,,,,,,,,20.55,,,12.8,,,,,,,,,,,,,,15.95,,14.02,5.94,11.3,10.98,11.96,16.84,,,,,,9.21,20.7,11.16,43.71,,,,35.24,,,29.87,39.98,,,,,,,,,,5.53,,,,,6.41,,,,,,,,,,5.91,,7.41,,,,,,,,,,,,20.52,8.13,21.28,,,9.44,,,,,9.75,,,,,,,13.09,7.4,,,,,,,9.18,,,,14.81,,,,,,,,13.4,11.07,15.6,,,,4.79,,4.17,8.54,9.3,16.26,,,8.92,5.42,14.65,,,10.15,4.06,,,,,,,8.36,5.57,,,,4.19,,,7.63,,,,,7.9,,13.79,5.54,,,6.12,,,,,,9.21,11.15,,7.85,,,,,,,12.06,5.58,,,,13.76,,,,,,,,,,6.04,5.86,,,,,13.39,,,,5.75,10.2,,,,7.83,,17.72,9.67,,17.13,,10.18,,,,,,,,,,10.35,,,,,,,,,,,,,,,,12.2,,,,30.9,,,,,,,,9.62,,,6.97,,,,,,,,,,,,,3.72,,,,,,,,3.81,,,,,,,,,,,,12.18,11.25,,,15.51,,,,,,10.36,,,,,10.39,,,,,,,,,,,,,,,,,23.7,,,19.6,,,11.99,7.7,,,,,14.5,,,23.96,,,,,,,,,,,,,,,,,,17.99,,,,15.68,9.36,,,,,,,,7.43,,,,,,,,,,6.51,,5.35,,,,11.52,,5.7,6.82,10.02,,,,,,4.17,,,,,,,,,,3.27,,,,7.28,,,,4.8,,,,,,,,,,,3.48,,,9.03,,,,,,5.16,4.56,,,,,,,,,,,,,5.0,,,10.6,,,,4.8,,,5.68,,,,,,,9.75,7.11,,,5.66,5.81,,6.47,5.26,,5.89,,,8.42,11.04,3.7,2.69,,,,,,,,,,,4.52,10.85,,,,7.61,,,6.56,,,,,12.89,,,,5.19,,,,,,,7.63,,17.0,,,,,,,,,,,,3.3,,,3.92,,,,,,,,,,,,,,12.77,11.51,,,,,14.03,,,,,18.15,5.46,,,4.21,4.58,,,,6.68,,,,,8.93,10.0,,8.58,18.14,,,4.26,,,3.76,,16.12,,4.37,,,,7.49,,8.16,,14.3,3.69,,7.56,,,,10.03,4.93,,,,,5.08,5.43,,3.96,,,4.82,,14.01,,,,,,,5.4,,4.37,,6.02,22.65,,7.15,5.16,,,,,,11.77,,4.03,,,,,9.79,12.79,,,,10.7,,,,,,,,,2.8,,,,,,3.62,,,,,,9.47,,,2.89,,,4.73,5.98,,,,,,,7.15,,29.2,,3.95,,,4.26,,,,4.79,5.04,,,,,,,,,,5.17,,4.31,6.93,,,,,,,12.72,6.61,5.68,9.34,,,,7.93,,,3.98,,,,3.08,,,,5.73,,,6.62,,,3.82,5.82,7.24,,,,18.56,4.83,,,,,6.85,,,,,5.35,,,,,3.92,,,2.91,3.98,,,5.3,11.2,,,2.19,,,16.73,6.17,,,,3.97,,,,8.13,,,,,,,,,,,,26.75,,7.98,,,,,,,,,,,,,,,
2013-01-18,,,,,,,,,,,22.6,16.87,,,,25.0,,,13.91,,,,,,16.37,,,,17.51,,18.97,,17.11,,,,,35.35,,,,26.45,,,,,,,,2.94,,,,5.67,,11.22,,,,,,,,10.91,,,,6.64,,11.07,30.83,,,,,,,,,8.69,26.67,,,,15.22,,,,7.23,20.01,,,8.29,,,,,17.73,24.0,9.73,10.65,8.25,16.36,10.44,,,,,,,,,,,,,,,,,20.7,,,12.95,,,,,,,,,,,,,,16.4,,,5.99,11.41,11.23,12.33,17.07,,,,,,9.16,20.87,11.3,44.0,,,,34.76,,,30.07,40.26,,,,,,,,,,5.62,,,,,6.47,,,,,,,,,,5.91,,7.5,,,,,,,,,,,,20.68,8.23,21.37,,,9.56,,,,,9.56,,,,,,,13.3,7.49,,,,,,,8.78,,,,15.03,,,,,,,,13.5,11.07,15.49,,,,4.74,,4.21,8.77,9.44,16.07,,,9.07,5.61,14.67,,,10.63,4.23,,,,,8.43,,8.33,5.64,,,,4.27,,,7.68,,,,,7.93,,13.8,5.63,,,6.14,,,,,,9.18,11.35,,7.94,,,,,,,12.2,5.52,,,,13.7,,,,,,,,,,6.08,6.0,,,,,13.74,,,,5.76,10.22,,,,7.93,,17.79,9.9,,17.5,,10.27,,,,,,,,,,10.71,,,,,,,,,,,,,,,,12.14,,,,31.05,,,,,,,,9.68,,,7.06,,,,,,,,,,,,,3.74,,,,,,,,3.86,,,,,,,,,,,,12.37,11.49,,,15.6,,,,,,10.46,,,,,10.58,,,,,,,,,,,,,,,,,24.07,,,19.35,,,11.9,7.68,,,,,14.62,,,23.96,,,,,,,,,,,,,,,,,,18.27,,,,15.89,9.42,,,,,,,,7.57,,,,,,,,,,6.6,,5.44,,,,12.02,,5.78,6.91,10.17,,,,,,4.22,,,,,,,,,,3.43,,,,7.36,,,,4.92,,,,,,,,,,,3.48,,,9.02,,,,,,5.16,4.72,,,,,,,,,,,,,5.03,,,10.9,,,,4.92,,,5.82,,,,,,,9.82,7.15,,,5.76,5.88,,6.58,5.41,,5.97,,,8.51,11.11,3.74,2.73,,,,,,,,,,,4.48,10.8,,,,7.73,,,6.45,,,,,12.99,,,,5.22,,,,,,,7.69,,17.51,,,,,,,,,,,,3.33,,,3.95,,,,,,,,,,,,,,12.88,11.6,,,,,14.58,,,,,18.77,5.64,,,4.28,4.66,,,,6.74,,,,,8.81,10.13,,8.69,17.75,,,4.37,,,3.84,,16.93,,4.42,,,,7.61,,8.26,,14.75,3.71,,7.63,,,,10.12,4.98,,,,,5.17,5.51,,4.05,,,4.86,,14.11,,,,,,,5.42,,4.55,,6.21,22.78,,7.18,5.26,,,,,,11.9,,4.07,,,,,9.88,12.92,,,,10.98,,,,,,,,,2.85,,,,,,3.66,,,,,,9.98,,,2.91,,,4.85,6.15,,,,,,,7.21,,30.91,,4.23,,,4.49,,,,5.09,5.28,,,,,,,,,,5.27,,4.31,6.98,,,,,,,12.64,6.97,5.74,9.67,,,,8.07,,,3.98,,,,3.11,,,,5.82,,,6.8,,,3.82,5.87,7.25,,,,18.67,4.91,,,,,6.85,,,,,5.42,,,,,4.03,,,2.92,4.02,,,5.43,11.3,,,2.23,,,17.98,6.22,,,,4.04,,,,8.24,,,,,,,,,,,,27.69,,7.99,,,,,,,,,,,,,,,
2013-01-21,,,,,,,,,,,22.63,17.19,,,,25.0,,,13.26,,,,,,16.06,,,,17.76,,18.99,,17.31,,,,,35.4,,,,28.01,,,,,,,,2.92,,,,5.79,,11.39,,,,,,,,11.07,,,,6.69,,10.9,31.45,,,,,,,,25.96,8.78,26.5,,,,15.18,,,,7.23,19.66,,,8.42,,,,,19.5,24.48,9.71,10.78,8.25,16.03,10.57,,,,,,,,,,,,,,,,,21.0,,,12.94,,,,,,,,,,,,,,16.29,,15.42,5.99,11.72,11.43,12.31,17.12,,,,,,9.28,21.58,11.19,44.83,,,,35.15,,,30.49,39.5,,,,,,,,,,5.82,,,,,6.39,,,,,,,,,,5.89,,7.52,,,,,,,,,,,,21.77,8.37,21.93,,,9.52,,,,,9.71,,,,,,,13.54,7.52,,,,,,,8.39,,,,15.01,,,,,,,,13.71,10.87,15.96,,,,4.85,,4.28,8.96,9.76,15.91,,,9.35,5.61,14.82,,,11.05,4.33,,,,,8.38,,8.4,5.71,,,,4.43,5.84,,7.89,,,,,7.92,,14.0,5.8,,,6.16,,,,,,9.14,11.25,,8.73,,,,,,,12.18,5.6,,,,13.73,,,,,,,,,,6.09,6.09,,,,,14.06,,,,5.95,10.33,,,,7.91,,17.84,10.01,,17.4,,10.47,,,,,,,,,,10.7,,,,,,,,,,,,,,,,12.18,,,,31.48,,,,,,,,9.48,,,7.16,,,,,,,,,,,,,3.79,,,,,,,,3.88,,,,,,,,,,,,12.73,11.69,,,15.41,,,,,,10.17,,,,,10.61,,,,,,,,,,,,,,,,,24.47,,,19.42,,,11.86,7.52,,,,,14.64,,,24.68,,,,,,,,,,,,,,,,,,17.78,,,,15.9,9.85,,,,,,,,7.62,,,,,,,,,,6.86,,5.45,,,,11.79,,5.75,6.97,10.28,,,,,6.54,4.25,,,,,,,,,,3.6,,,,7.32,,,,4.93,,,,,,,,,,,3.43,,,8.94,,,,,,5.17,4.79,,,,,,,,,,,,,4.99,,,10.85,,,,4.86,,,5.97,,,,,,,9.74,7.24,,,5.73,5.97,,6.67,5.46,,6.2,,,8.5,11.12,3.78,2.76,,,,,,,,,,,4.64,10.59,,,,7.8,,,6.51,,,,,13.12,,,,5.23,,,,,,,7.64,,17.24,,,,,,,,,,,,3.37,,,4.01,,,,,,,,,,,,,,13.37,11.65,,,,,14.56,,,,,18.68,5.62,,,4.27,4.74,,,,6.78,,,,,8.88,10.01,,8.7,17.77,,,4.43,,,3.86,,17.5,,4.48,,,,7.8,,8.28,,14.99,3.77,,7.65,,,,10.7,5.09,,,,,5.28,5.54,,4.08,,,5.16,,14.03,,,,,,,5.54,,4.33,,6.3,22.12,,7.28,5.27,,,,,,11.98,,4.12,,,,,9.97,12.82,,,,11.96,,,,,,,,,2.87,,,,,,3.68,,,,,,9.91,,,2.93,,,4.83,6.1,,,,,,,7.35,,30.01,,4.23,,,4.45,,,,5.1,5.19,,,,,,,,,,5.39,,4.52,6.96,,,,,,,12.63,7.17,5.78,9.92,,,,8.2,,,4.0,,,,3.13,,,,5.8,,,6.79,,,3.82,5.95,7.4,,,,18.82,4.91,,,,,6.97,,,,,5.51,,,,,4.04,,,2.99,3.99,,,5.54,11.23,,,2.23,,,17.98,6.4,,,,4.05,,,,8.17,,,,,,,,,,,,27.55,,7.99,,,,,,,,,,,,,,,
2013-01-22,,,,,,,,,,,21.75,16.2,,,,24.5,,,13.66,,,,,,15.47,,,,16.65,,17.69,,18.38,,,,,33.41,,,,26.03,,,,,,,,2.9,,,,5.66,,11.24,,,,,,,,11.33,,,,6.52,,10.47,30.36,,,,,,,,25.39,8.62,25.93,,,,14.75,,,,7.05,19.69,,,8.17,,,,,18.55,24.54,9.41,10.23,8.35,15.38,10.13,,,,,,,,,,,,,,,,,20.68,,,13.09,,,,,,,,,,,,,,15.86,,14.9,5.9,11.25,11.62,11.83,16.5,,,,,,9.0,21.11,10.89,43.2,,,,34.16,,,29.74,40.38,,,,,,,,,,5.59,,,,8.25,6.19,,,,,,,,,,5.7,,7.26,,,,,,,,,,,,21.6,8.16,21.42,,,9.27,,,,,10.68,,,,,,,12.81,7.33,,,,,,,8.27,,,,14.76,,,,,,,,13.04,10.36,15.58,,,,4.92,,4.26,9.27,9.5,15.43,,,9.54,5.4,14.06,,,11.07,4.3,,,,,8.15,,8.01,5.56,,,,4.35,5.79,,7.77,,,,,7.69,,13.46,5.59,,,6.05,,,,,,8.95,11.72,,9.18,,,,,,,12.0,5.39,,,,13.43,,,,,,,,,,5.94,5.89,,,,,13.38,,,,5.78,10.02,,,,8.08,,17.44,9.92,,17.47,,10.32,,,,,,,,,,10.79,,,,,,,,,,,,,,,,11.93,,,,28.61,,,,,,,,9.74,,,6.87,,,,,,,,,,,,,3.68,,,,,,,,3.78,,,,,,,,,,,,12.38,11.56,,,15.55,,,,,,10.15,,,,,10.43,,,,,,,,,,,,,,,,,23.75,,,18.52,,,11.4,7.43,,,,,14.0,,,23.7,,,,,,,,,,,,,,,,,,17.28,,,,15.6,9.35,,,,,,,,7.37,,,,,,,,,,6.78,,5.55,,,,11.62,,5.84,6.97,10.17,,,,,6.43,4.21,,,,,,,,,,3.64,,,,7.22,,,,4.81,,,,,,,,,,,3.34,,,8.65,,,,,,4.94,4.7,,,,,,,,,,,,,4.81,,,10.55,,,,4.78,,,5.81,,,,,,,9.51,7.09,,,5.59,5.86,,6.72,5.3,,5.98,,,8.32,11.27,3.81,2.68,,,,,,,,,,,4.54,10.63,,,,7.55,,,6.43,,,,,12.99,,,,5.12,,,,,,,7.47,,16.93,,,,,,,,,,,,3.39,,,3.95,,,,,,,,,,,,,,13.22,11.61,,,,,14.12,,,,,18.08,5.55,,,4.17,4.64,,,,6.65,,,,,8.48,9.5,,8.7,18.17,,,4.52,,,3.77,,18.24,,4.36,,,,7.73,,8.08,,15.4,3.69,,7.37,,,,10.38,5.24,,,,,5.14,5.55,,4.0,,,5.11,,13.78,,,,,,,5.52,,4.2,,6.22,21.71,,7.11,5.23,,,,,,11.78,,4.07,,,,,9.59,13.01,,,,11.52,,,,,,,,,2.83,,,,,,3.64,,,,,,9.61,,,2.86,,,4.7,5.94,,,,,,,7.6,,29.74,,4.14,,,4.32,,,,4.97,5.07,,,,,,,,,,5.28,,4.51,6.76,,,,,,,12.48,7.21,5.55,9.72,,,,8.04,,,4.03,,,,3.05,,,,5.72,,,6.68,,,3.82,5.89,7.29,,,,19.12,4.81,,,,,6.9,,,,,5.37,,,,,3.95,,,2.94,3.88,,,5.35,11.12,,,2.18,,,18.09,6.72,,,,3.92,,,,7.86,,,,,,,,,,,,27.04,,7.82,,,,,,,,,,,,,,,
2013-01-23,,,,,,,,,,,22.16,16.57,,,,24.56,,,12.94,,,,,,15.73,,,,16.75,,17.71,,17.64,,,,,34.29,,,,25.81,,,,,,,,2.92,,,,5.62,,11.41,,,,,,,,11.38,,,,6.59,,10.74,30.62,,,,,,,,24.84,8.48,26.25,,,,14.74,,,,6.95,19.3,,,8.01,,,,,19.9,24.3,9.98,10.13,8.08,15.88,10.3,,,,,,,,,,,,,,,,,20.68,,,12.94,,,,,,,,,,,,,,15.76,,14.46,5.81,11.11,11.25,11.78,16.59,,,,,,8.96,20.87,10.57,42.7,,,,37.58,,,28.81,38.02,,,,,,,,,,5.56,,,,7.99,6.12,,,,,,,,,,5.68,,7.3,,,,,,,,,,,,21.31,7.96,21.5,,,9.26,,,,,11.75,,,,,,,13.11,7.3,,,,,,,8.17,,,,14.69,,,,,,,,12.93,10.21,15.32,,,,5.17,,4.31,,9.45,15.43,,,9.59,5.55,14.66,,,10.92,4.49,,,,,8.09,,7.99,5.49,,,,4.22,5.78,,7.73,,,,,7.65,,13.49,5.46,,,6.06,,,,,,8.94,11.71,,9.5,,,,,,,12.5,5.28,,,,13.6,,,,,,,,,,5.92,5.91,,,,,13.11,,,,6.04,9.99,,,,7.93,,17.37,9.77,,16.99,,10.14,,,,,,,,,,10.09,,,,,,,,,,,,,,,,11.53,,,,29.3,,,,,,,,9.58,,,6.93,,,,,,,,,,,,,3.77,,,,,,,,3.75,,,,,,,,,,,,12.29,11.64,,,15.37,,,,,,10.07,,,,,10.63,,,,,,,,,,,,,,,,,23.86,,,20.37,,,11.39,7.29,,,,,14.2,,,23.15,,,,,,,,,,,,,,,,,,17.4,,,,15.68,9.29,,,,,,,,7.32,,,,,,,,,,6.7,,5.67,,,,11.75,,5.85,7.17,10.28,,,,,6.42,4.18,,,,,,,,,,3.53,,,,7.17,,,,4.77,,,,,,,,,,,3.4,,,8.59,,,,,,4.87,4.71,,,,,,,,,,,,,4.94,,,10.65,,,,4.71,,,6.21,,,,,,,9.91,7.07,,,5.63,5.82,,6.63,5.26,,6.16,,,8.3,11.64,3.79,2.69,,,,,,,,,,,4.6,10.99,,,,7.42,,,6.46,,,,,13.0,,,,5.12,,,,,,,7.29,,16.8,,,,,,,,,,,,3.43,,,3.9,,,,,,,,,,,,,,13.1,11.62,,,,,13.95,,,,,17.82,5.57,,,4.2,4.6,,,,6.76,,,,,8.7,9.22,,8.73,18.05,,,4.64,,,3.83,,18.92,,4.29,,,,8.16,,8.28,,14.89,3.7,,7.39,,,,10.25,4.93,,,,,5.2,5.55,,4.0,,,5.46,,14.51,,,,,,,5.45,,4.2,,6.18,21.19,,7.06,5.17,,,,,,11.58,,4.07,,,,,9.53,12.65,,,,11.8,,,,,,,,,2.85,,,,,,3.65,,,,,,9.54,,,2.85,,,4.69,5.96,,,,,,,7.38,,30.0,,4.35,,,4.42,,,,5.19,5.07,,,,,,,,,,5.29,,4.41,6.82,,,,,,,12.23,7.66,5.55,9.61,,,,8.01,,,4.03,,,,3.06,,,,5.94,,,6.64,,,3.78,5.76,7.23,,,,19.19,4.94,,,,,6.93,,,,,5.37,,,,,3.97,,,2.95,3.93,,,5.29,11.03,,,2.2,,,17.55,6.48,,,,3.9,,,,7.98,,,,,,,,,,,,26.86,,7.84,,,,,,,,,,,,,,,
2013-01-24,,,,,,,,,,,21.21,15.64,,,,25.1,,,12.29,,,,,,14.56,,,,15.95,,17.2,,16.57,,,,,32.7,,,,24.75,,,,,,,,2.88,,,,5.52,,11.26,,,,,,,,11.21,,,,6.37,,10.16,29.92,,,,,,,,23.8,8.16,25.54,,,,14.36,,,,6.78,18.47,,,7.66,,,,,19.63,23.31,9.39,9.84,7.71,15.13,9.84,,,,,,,,,,,,,,,,,20.24,,,13.04,,,,,,,,,,,,,,15.25,,13.99,5.6,10.73,10.88,11.41,15.72,,,,,,8.7,20.24,10.06,41.09,,,,35.81,,,27.5,36.4,,,,,,,,,,5.36,,,,7.72,5.88,,,,,,,,,,5.48,,8.03,,,,,,,,,,,,20.8,7.7,21.55,,,8.9,,,,,12.93,,,,,,,12.44,7.1,,,,,,,7.98,,,,14.6,,,,,37.7,,,12.61,9.78,14.5,,,,5.43,,4.14,,9.08,15.0,,,9.59,5.32,15.19,,,10.66,4.45,,,,,7.84,,7.59,5.25,,,,4.16,5.66,,7.54,,,,,7.4,,13.5,5.31,,,5.78,,,,,,8.75,10.99,,10.45,,,,,,,12.0,5.12,,,,13.35,,,,,,,,,,5.77,5.78,,,,,12.63,,,,5.84,9.58,,,,7.7,,16.88,9.52,,16.15,,9.78,,,,,,,,,,10.05,,,,,,,,,,,,,,,,10.99,,,,28.43,,,,,,,,9.28,,,6.68,,,,,,,,,,,,,3.68,,,,,,,,3.62,,,,,,,,,,,,11.8,11.76,,,15.46,,,,,,9.88,,,,,10.27,,,,,,,,,,,,,,,,,22.9,,,22.41,,,11.14,7.05,,,,,13.55,,,23.21,,,,,,,,,,,,,,,,,,16.67,,,,15.63,8.83,,,,,,,,7.1,,,,,,,,,,6.64,,5.62,,,,11.73,,5.69,6.84,10.37,,,,,6.12,4.12,,,,,,,,,,3.63,,,,6.98,,,,4.68,,,,,,,,,,,3.37,,,8.31,,,,,,4.86,4.58,,,,,,,,,,,,,4.94,,,10.05,,,,4.62,,,5.74,,,,,11.04,,9.48,6.91,,,5.4,5.62,,6.66,5.14,,5.9,,,8.08,11.74,3.72,2.63,,,,,,,,,,,4.41,10.59,,,,7.18,,,6.15,,,,,13.29,,,,4.97,,,,,,,7.15,,16.2,,,,,,,,,,,,3.27,,,3.77,,,,6.96,,,,,,,,,,12.93,11.54,,,,,13.59,,,,,17.22,5.46,,,4.09,4.46,,,,6.73,,,,,8.88,9.04,,8.74,16.9,,,4.42,,,3.7,,17.97,,4.16,,,,7.7,,8.03,,14.97,3.65,,7.64,,,,9.95,4.87,,,,,4.95,5.34,,3.87,,,5.3,,14.25,,,,,,,5.24,,4.03,,5.93,20.83,,6.83,5.08,,,,,,11.35,,4.03,,,,,9.2,12.14,,,,11.25,,,,,,,,,2.77,,,,,,3.57,,,,,,9.52,,,2.8,,,4.45,5.84,,,,,,,7.24,,29.0,,4.16,,,4.25,,,,5.0,4.99,,,,,,,,,,5.29,,4.34,6.62,,,,,,,12.03,7.47,5.46,9.63,,,,7.8,,,4.02,,,,2.99,,,,5.69,,,6.4,,,3.62,5.81,7.57,,,,19.9,4.75,,,,,6.88,,,,,5.23,,,,,3.88,,,2.92,3.9,,,5.29,10.79,,,2.17,,,18.0,6.21,,,,3.86,,,,7.58,,,,,,,,,,,,26.25,,7.6,,,,,,,,,,,,,,,
2013-01-25,,,,,,,,,,,21.05,15.26,,,,26.73,,,12.0,,,,,,14.72,,,,15.96,,17.44,,16.56,,,,,32.88,,,,24.92,,,,,,,,2.98,,,,5.51,,11.59,,,,,,,,11.37,,,,6.32,,10.16,30.73,,,,,,,,24.19,8.07,26.45,,,,14.1,,,,6.75,18.55,,,7.68,,,,,19.59,22.76,9.27,9.85,7.67,15.19,9.91,,,,,,,,,,,,,,,,,20.95,,,12.87,,,,,,,,,,,,,,15.3,,13.76,5.54,10.63,10.7,11.51,15.74,,,,,,8.71,20.45,9.89,41.06,,,,34.84,,,27.45,36.9,,,,,,,,,,5.34,,,,7.75,5.96,,,,,,,,,,5.55,,8.62,,,,,,,,,,,,20.48,7.75,21.5,,,8.94,,,,,14.22,,,,,,,12.3,7.08,,,,,,,8.0,,,,14.6,,,,,37.79,,,12.96,9.89,14.37,,,,5.7,,4.36,,9.14,14.99,,,9.42,5.3,14.38,,,10.32,4.28,,,,,7.84,,7.4,5.2,,,,4.37,5.64,,7.58,,,,,7.3,,13.3,5.32,,,5.78,,,,,,8.71,10.69,,9.58,,,,,,,12.02,5.13,,,,13.46,,,,,,,,,,5.75,5.77,,,,,12.53,,,,6.17,9.36,,,,7.72,,16.85,9.5,,16.29,,9.8,,,,,,,,,,10.1,,,,,,,,,,,,,,,,10.92,,,,28.65,,,,,,,,9.01,,,6.68,,,,,,,,,,,,,3.54,,,,,,,,3.59,,,,,,,,,,,,11.8,11.5,,,15.92,,,,,,9.73,,,,,10.29,,,,,,,,,,,,,,,,,23.1,,,21.08,,,11.14,7.07,,,,,13.57,,,22.66,,,,,,,,,,,,,,,,,,16.55,,,,15.8,8.76,,,,,,,,7.05,,,,,,,,,,6.76,,5.65,,,,11.37,,5.8,6.75,10.18,,,,,6.07,4.11,,,,,,,,,,3.81,,,,7.13,,,,4.63,,,,,,,,,,,3.29,,,8.36,,,,,,4.83,4.46,,,,,,,,,,,,,4.89,,,9.82,,,,4.58,,,5.46,,,,,11.16,,9.29,6.93,,,5.29,5.55,,6.66,5.2,,5.87,,,8.08,11.27,3.67,2.64,,,,,,,,,,,4.21,10.83,,,,7.2,,,6.11,,,,,14.04,,,,4.98,,,,,,,7.16,,16.22,,,,,,,,,,,,3.24,,,3.78,,,,6.97,,,,,,,,,,13.19,11.38,,,,,13.39,,,,,17.79,5.42,,,4.08,4.46,,,,6.87,,,,,8.68,9.14,,8.67,17.01,,,4.3,,,3.7,,17.07,,4.15,,,,7.57,,8.03,,15.37,3.65,,8.4,,,,9.91,4.82,,,,,4.83,5.58,,3.89,,,5.59,,14.55,,,,,,,5.28,,4.05,,5.81,20.97,,6.85,5.1,,,,,,11.42,,4.0,,,,,9.23,12.41,,,,11.33,,,,,,,,,2.77,,,,,,3.53,,,,,,9.13,,,2.78,,,4.36,5.71,,,,,,,7.24,,28.03,,4.1,,,4.14,,,,4.85,4.99,,,,,,,,,,5.3,,4.53,6.6,,,,,,,11.97,7.51,5.44,9.8,,,,7.87,,,4.02,,,,3.0,,,,5.7,,,6.27,,,3.59,5.69,7.53,,7.46,,19.43,4.73,,,,,6.87,,,,,5.16,,,,,3.85,,,2.9,3.87,,,5.47,10.59,,,2.15,,,18.28,6.26,,,,4.25,,,,7.6,,,,,,,,,,,,26.29,,7.63,,,,,,,,,,,,,,,
2013-01-28,,,,,,,,,,,21.71,15.77,,,,27.03,,,12.78,,,,,,15.08,,,,16.51,,17.98,,16.7,,,,,33.89,,,,25.72,,,,,,,,3.01,,,,5.63,,11.84,,,,,,,,11.61,,,,6.47,,10.47,31.0,,,,,,,,24.96,8.27,26.76,,,,14.35,,,,6.93,18.8,,,7.84,,,,,19.53,23.12,9.44,10.02,7.85,16.3,10.15,,,,,,,,,,,,,,,,,22.32,,,13.21,,,,,,,,,,,,,,15.76,,14.04,5.67,10.94,10.99,11.83,16.09,,,,,,8.88,20.91,10.11,42.14,,,,35.6,,,28.11,38.3,,,,,,,,,,5.49,,,,8.11,6.06,,,,,,14.71,,,,5.77,,8.7,,,,,,,,,,,,21.08,7.95,22.35,,,9.25,,,,,,,,,,,,12.64,7.26,,,,,,,8.16,,,,14.89,,,,,40.1,,,13.48,10.26,14.69,,,,5.99,,4.41,,9.35,15.47,,,9.48,5.41,14.68,,,11.07,4.32,,,,,8.18,,7.6,5.32,,,,4.59,5.72,,7.63,,,,,7.53,,13.38,5.44,,,5.93,,,,,,9.01,10.84,,9.45,,,,,,,12.32,5.29,,,,13.36,,,,,,,,,,5.87,5.86,,,,,12.96,,,,6.6,9.57,,,,7.95,,17.26,9.72,,16.8,,10.12,,,,,,,,,,10.35,,,,,,,,,,,,,,,,11.19,,,,29.2,,,,,,,,9.22,,,6.84,,,,,,,,,,,,,3.59,,,,,,,,3.82,,,,,,,,,,,,12.13,11.5,,,16.1,,,,,,10.03,,,,,10.54,,,,,,,,,,,,,,,,,23.84,,,21.12,,,11.38,7.21,,,,,,,,23.38,,,,,,,,,,,,,,,,,,17.55,,,,16.0,8.85,,,,,,,,7.22,,,,,,,,,,6.79,,6.11,,,,11.7,,5.84,6.9,11.01,,,,,6.23,4.19,,,,,,,,,,3.86,,,,7.34,,,,4.76,,,,,,,,,,,3.38,,,8.54,,,,,,4.88,4.62,,,,,,,,,,,,,4.97,,,10.12,,,,4.7,,,5.53,,,,,11.45,,9.23,7.14,,,5.4,5.94,,7.33,5.3,,6.08,,,8.23,11.59,3.71,2.71,,,,,,,,,,,4.27,11.57,,,,7.31,,,6.22,,,,,14.03,,,,5.1,,,,,,,7.37,,16.97,,,,,,,,,,,,3.29,,,3.83,,,,7.08,,,,,,,,,,13.11,11.43,,,,,13.77,,,,,18.57,5.53,,,4.16,4.62,,,,6.94,,,,,9.09,8.99,,8.74,17.11,,,4.37,,,3.75,,17.39,,4.24,,,,7.67,,8.34,,15.53,3.73,,8.49,,,,10.06,4.87,,,,,4.93,5.65,,3.97,,,5.67,,14.57,,,,,,,5.36,,4.12,,6.1,21.43,,6.96,5.18,,,,,,11.82,,4.07,,,,,9.39,12.64,,,,11.79,,,,,,,,,2.86,,,,,,3.58,,,,,,9.25,,,2.84,,,4.48,5.87,,,,,,,7.54,,29.29,,4.24,,,4.22,,,,5.01,5.13,,,,,,,,,,5.4,,4.55,6.77,,,,,,,12.31,7.71,5.69,10.78,,,,8.05,,,4.06,,,,3.05,,,,5.96,,,6.4,,,3.67,5.92,7.68,,7.62,,20.7,4.83,,,,,6.95,,,,,5.37,,,,,3.97,,,2.93,3.96,,,5.51,10.94,,,2.21,,,19.35,6.31,,,,4.2,,,,7.7,,,,,,,,,,,,26.82,,7.88,,,,,,,,,,,,,,,8.45
2013-01-29,,,,,,,,,,,22.35,15.92,,,,26.36,,,12.74,,,,,,15.14,,,,16.65,,17.87,,16.42,,,,,33.74,,,,26.21,,,,,,,,2.98,,,,5.67,,11.83,,,,,,,,11.98,,,,6.53,,10.51,31.45,,,,,,,,24.99,8.33,27.75,,,,14.62,,,,7.01,19.5,,,7.89,,,,,20.06,23.59,9.56,10.03,7.86,16.35,10.33,,,,,,,,,,,,,,,,,23.6,,,13.27,,,,,,,,,,,,,,15.96,,14.17,5.76,11.1,11.14,11.83,16.28,,,,,,8.93,20.91,10.35,42.6,,,,36.72,,,28.46,38.43,,,,,,,,,,5.52,,,,8.12,6.25,,,,,,15.4,,,,5.75,,9.25,,,,,,,,,,,,21.74,8.1,22.91,,,9.21,,,,,14.04,,,,,,,12.81,7.33,,,,,,,8.2,,,,14.95,,,,,40.1,,,13.32,10.37,14.93,,,,5.69,,4.71,,9.52,15.64,,,9.4,5.41,15.19,,,11.1,4.44,,,,,8.34,,7.65,5.49,,,,4.51,5.94,,7.67,,,,,7.61,,13.37,5.54,,,5.94,,,,,,9.09,10.99,,9.84,,,,,,,12.7,5.47,,,,13.47,,,,,,,,,,5.9,5.91,,,,,13.05,,,,7.18,9.73,,,,7.92,,17.29,9.94,,17.34,,10.11,,,,,,,,,,10.35,,,,,,,,,,,,,,,,11.4,,,,29.6,,,,,,,,9.3,,,6.89,,,,,,,,,,,,,3.6,,,,,,,,3.86,,,,,,,,,,,,12.31,11.7,,,16.56,,,,,,10.01,,,,,10.71,,,,,,,,,,,,,,,,,24.02,,,20.77,,,11.42,7.29,,,,,,,,23.52,,,,,,,,,,,,,,,,,,17.99,,,,16.18,9.74,,,,,,,,7.29,,,,,,,,,,6.68,,6.1,,,,11.81,,5.86,6.91,11.81,,,,,6.27,4.23,,,,,,,,,,3.94,,,,7.39,,,,4.94,,,,,,,,,,,3.46,,,8.62,,,,,,4.84,4.61,,,,,,,,,,,,,5.02,,,10.21,,,,4.7,,,5.56,,,,,11.51,,9.28,7.14,,,5.6,6.0,,7.71,5.36,,6.17,,,8.47,11.61,3.74,2.74,,,,,,,,,,,4.32,11.9,,,,7.31,,,6.23,,,,,14.0,,,,5.11,,,,,,,7.41,,17.09,,,,,,,,,,,,3.28,,,3.85,,,,7.26,,,,,,,,,,12.47,11.59,,,,,14.35,,,,,18.68,5.5,,,4.18,4.66,,,,6.93,,,,,8.95,9.01,,8.8,17.4,,,4.36,,,3.93,,18.26,,4.37,,,,7.67,,8.38,,15.95,3.75,,8.46,,,,10.06,4.8,,,,,5.11,5.67,,4.07,,,5.66,,14.57,,,,,,,5.43,,4.14,,6.14,21.85,,6.89,5.24,,,,,,11.89,,4.11,,,,,9.49,12.73,,,,12.46,,,,,,,,,2.87,,,,,,3.58,,,,,,9.29,,,2.89,,,4.54,5.92,,,,,,,7.54,,29.45,,4.22,,,4.27,,,,5.05,5.11,,,,,,,,,,5.35,,4.51,6.91,,,,,,,12.25,7.95,5.66,11.08,,,,8.09,,,4.1,,,,3.12,,,,6.1,,,6.46,,,3.73,5.97,7.67,,7.71,,20.52,4.89,,,,,7.35,,,,,5.37,,,,,4.0,,,2.96,4.0,,,5.5,11.05,,,2.23,,,19.25,6.26,,,,4.27,,,,7.68,,,,,,,,,,,,26.58,,7.88,,,,,,,,,,,,,,,8.46
2013-01-30,,,,,,,,,,,22.43,15.51,,,,26.44,,,12.58,,,,,,14.79,,,,16.52,,17.63,,16.11,,,,,33.09,,,,25.79,,,,,,,,2.99,,,,5.73,,11.69,,,,,,,,12.09,,,,6.52,,10.73,30.63,,,,,,,,24.21,8.26,27.8,,,,14.87,,,,7.06,19.33,,,7.96,,,,,19.42,23.94,9.52,9.96,7.83,16.28,10.67,,,,,,,,,,,,,,,,,23.45,,,13.3,,,,,,,,,,,,,,15.75,,13.65,5.78,11.05,10.93,12.16,16.39,,,,,,8.85,21.22,10.13,41.3,,,,36.25,,,28.55,38.01,,,,,,,,,,5.52,,,,8.04,6.13,,,,,,14.88,,,,5.77,,9.63,,,,,,,,,,,,21.45,8.07,22.9,,,9.21,,,,,13.45,,,,,,,12.91,7.28,,,,,,,8.22,,,,14.8,,,,,39.31,,,13.57,10.24,14.95,,,,5.41,,4.63,9.35,9.48,15.68,,,9.49,5.39,15.37,,,11.57,4.43,,,,,8.41,,7.79,5.45,,,,4.55,5.96,,7.78,,,,,7.54,,13.64,5.69,,,5.92,,,,,,9.11,10.85,,9.61,,,,,,,12.37,5.49,,,,,,,,,,,,,,5.93,5.82,,,,,12.73,,,,6.99,9.63,,,,8.04,,17.38,9.92,,17.17,,10.08,,,,,,,,,,10.34,,,,,,,,,,,,,,,,11.2,,,,28.99,,,,,,,,9.2,,,6.79,,,,,,,,,,,,,3.64,,,,,,,,3.81,,,,,,,,,,,,12.19,11.45,,,17.57,,,,,,10.08,,,,,10.61,,,,,,,,,,,,,,,,,23.81,,,22.85,,,11.34,7.22,,,,,14.0,,,23.1,,,,,,,,,,,,,,,,,,17.26,,,,15.8,9.74,,,,,,,,7.28,,,,,,,,,,6.62,,6.32,,,,11.94,,5.85,6.9,11.84,,,,,6.33,4.25,,,,,,,,,,4.02,,,,7.27,,,,4.92,,,,,,,,,,,3.46,,,8.69,,,,,,4.83,4.64,,,,,,,,,,,,,4.98,,,10.18,,,,4.84,,,5.51,,,,,11.61,,9.37,7.19,,,5.61,5.9,,8.48,5.39,,6.14,,,8.39,11.51,3.81,2.72,,,,,,,,,,,4.29,11.83,,,,7.49,,,6.22,,,,,13.68,,,,5.17,,,,,,,7.54,,17.28,,,,,,,,,,,,3.3,,,3.97,,,,7.26,,,,,,,,,,12.45,11.73,,,,,15.02,,,,,20.55,5.57,,,4.22,4.68,,,,6.97,,,,,9.01,9.0,,8.83,16.91,,,4.38,,,4.0,,18.33,,4.35,,,,7.72,,8.45,,15.97,3.79,,8.81,,,,10.23,4.82,,,,,5.07,5.63,,4.1,,,5.52,,14.59,,,,,,,5.4,,4.1,,6.26,21.5,,6.84,5.38,,,,,,11.87,,4.19,,,,8.26,9.61,12.67,,,,12.62,,,,,,,,,2.89,,,,,6.38,3.67,,,,,,9.14,,,2.86,,,4.55,5.85,,,,,,,7.5,,30.39,,4.22,,,4.22,,,,5.11,5.14,,,,,,,,,,5.37,,4.48,6.95,,,,,,,12.26,7.87,5.77,10.85,,,,8.12,,,4.13,,,,3.17,,,,6.01,,,6.48,,,3.75,6.05,7.62,,7.74,,20.72,4.9,,,,,6.89,,,,,5.43,,,,,3.98,,,3.26,3.98,,,5.42,11.05,,,2.25,,,19.11,6.21,,,,4.32,,,,7.67,,,,,,,,,,,,26.7,,7.88,,,,,,,,,,,,,,,8.78
2013-01-31,,,,,,,,,,,22.42,15.82,,,,25.15,,,12.22,,,,,,14.5,,,,16.51,,17.32,,16.31,,,,,32.08,,,,26.26,,,,,,,,2.99,,,,5.81,,12.05,,,,,,,,11.87,,,,6.51,,10.64,30.77,,,,,,,,23.71,8.22,27.0,,,,14.54,,,,7.0,19.21,,,7.8,,,,,19.42,23.69,9.56,9.59,8.14,16.22,10.42,,,,,,,,,,,,,,,,,23.42,,,13.25,,,,,,,,,,,,,,16.1,,13.54,5.72,11.0,10.93,12.07,16.19,,,,,,8.79,21.25,9.94,40.86,,,,36.9,,,27.83,35.53,,,,,,,,,,5.38,,,,8.0,6.24,,,,,,14.38,,,,5.88,,9.17,,,,,,,,,,,,20.68,7.73,21.09,,,9.14,,,,,12.47,,,,,,,13.31,7.15,,,,,,,8.25,,,,14.64,,,,,41.44,,,13.68,9.98,15.04,,,,5.55,,4.68,9.29,9.25,15.48,,,9.96,5.52,15.08,,,11.16,4.31,,,,,8.4,,7.54,5.33,,,,4.59,5.81,,7.7,,,,,7.62,,13.52,5.83,,,5.85,,,,,,9.09,10.97,,9.21,,,,,,,12.12,5.4,,,,,,,,,,,,,,5.86,5.58,,,,,13.18,,,,7.24,9.59,,,,8.04,,17.46,9.8,,16.97,,10.58,,,,,,,,,,10.75,,,,,,,,,,,,,,,,10.96,,,,28.41,,,,,,,,9.2,,,6.83,,,,,,,,,,,,,3.5,,,,,,,,3.8,,,,,,,,,,,,12.03,11.74,,,17.64,,,,,,10.16,,,,,10.12,,,,,,,,,,,,,,,,,23.77,,,21.18,,,11.56,7.11,,,,,13.88,,,22.9,,,,,,,,,,,,,,,,,,17.0,,,,15.93,9.53,,,,,,,,7.22,,,,,,,,,,6.64,,6.34,,,,11.38,,5.87,6.99,11.9,,,,,6.28,4.23,,,,,,,,,,3.82,,,,7.29,,,,4.91,,,,,,,,,,,3.37,,,8.93,,,,,,4.73,4.55,,,,,,,,,,,,,4.94,,,10.3,,,,4.68,,,5.47,,,,,11.56,,9.08,7.25,,,5.63,6.12,,8.86,5.35,,6.08,,,8.43,11.56,3.8,2.69,,,,,,,,,,,4.26,12.16,,,,7.29,,,6.25,,,,,13.84,,,,5.07,,,,,,,7.35,,17.42,,,,,,,,,,,,3.26,,,3.98,,,,7.16,,,,,,,,,,12.42,11.42,,,,,14.99,,,,,21.04,5.59,,,4.22,4.72,,,,6.88,,,,,9.01,8.79,,8.93,17.16,,,4.27,,,3.99,,18.63,,4.37,,,,7.84,,8.32,,15.87,3.72,,8.4,,,,10.24,4.77,,,,,5.02,5.71,,4.07,,,5.39,,14.44,,,,,,,5.34,,4.06,,6.14,21.97,,6.93,5.37,,,,,,12.03,,4.12,,,,9.09,9.84,12.94,,,,12.6,,,,,,,,,2.87,,,,,6.46,3.66,,,,,,9.18,,,2.87,,,4.45,6.06,,,,,,,7.54,,28.58,,4.12,,,4.14,,,,4.93,5.0,,,,,,,,,,5.29,,4.45,7.06,,,,,,,12.19,7.49,5.81,10.86,,,,8.24,,,4.08,,,,3.1,,,,5.79,,,6.33,,,3.77,6.33,7.44,,7.73,,20.73,4.92,,,,,6.61,,,,,5.4,,,,,3.91,,,3.48,3.99,,,5.41,11.12,,,2.22,,,17.72,6.32,,,,4.2,,,,7.48,,,,,,,,,,,,27.62,,7.81,,,,,,,,,,,,,,,8.7
2013-02-01,,,,,,,,,,,21.76,15.81,,,,24.64,,,12.26,,,,,,14.76,,,,16.5,,17.7,,16.12,,,,,32.5,,,,26.44,,,,,,,,2.97,,,,5.78,,11.97,,,,,,,,11.92,,,,6.5,,10.46,30.78,,,,,,,,24.0,8.35,27.18,,,,14.54,,,,7.11,19.12,,,7.83,,,,,19.05,23.1,9.69,9.67,8.06,16.27,10.5,,,,,,,,,,,,,,,,,23.47,,,13.53,,,,,,,,,,,,,,16.0,,13.92,5.69,11.11,11.04,12.16,16.42,,,,,,8.89,20.95,9.97,41.39,,,,36.43,,,27.75,35.74,,,,,,,,,,5.45,,,,8.24,6.2,,,,,,14.05,,,,5.91,,9.85,,,,,,,,,,,,20.81,7.85,21.09,,,9.28,,,,,12.3,,,,,,,14.07,7.3,,,,,,,8.49,,,,14.68,,,,,40.5,,,13.7,10.07,15.17,,,,5.43,,4.54,9.27,9.25,16.1,,,,5.5,15.0,,,10.94,4.22,,,,,8.62,,7.63,5.39,,,,4.71,5.86,,7.83,,,,,7.58,,13.39,5.7,,,6.03,,,,,,9.14,10.83,,9.22,,,,,,,12.19,5.53,,,,12.96,,,,,,,,,,5.87,5.58,,,,,14.5,,,,7.1,9.68,,,,8.2,,18.0,9.98,,17.1,,10.55,,,,,,,,,,10.47,,,,,,,,,,,,,,,,11.11,,,,28.4,,,,,,,,9.13,,,6.97,,,,,,,,,,,,,3.51,,,,,,,,3.81,,,,,,,,,,,,12.08,11.92,,,17.2,,,,,,10.15,,,,,10.19,,,,,,,,,4.85,,,,,,,,25.18,,,23.3,,,11.47,7.09,,,,,13.85,,,23.12,,,,,,,,,,,,,,,,,,16.9,,,,15.75,9.6,,,,,,,,7.31,,,,,,,,,,6.65,,6.85,,,,11.22,,5.86,6.98,12.54,,,,,6.3,4.28,,,,,,,,,,3.75,,,,7.22,,,,5.17,,,,,,,,,,,3.37,,,8.98,,,,,,4.72,4.59,,,,,,,,,,,,,4.94,,,10.31,,,,4.65,,,5.55,,,,,11.52,,9.18,7.28,,,5.65,6.09,,9.75,5.41,,6.0,,,8.37,11.9,3.8,2.7,,,,,,,,,,,4.29,12.23,,,,7.25,,,6.08,,,,,13.53,,,,5.08,,,,,,,7.53,,17.6,,,,,,,,,,,,3.27,,,3.97,,,,7.2,,,,,,,,,,12.51,11.25,,,,,15.27,,,,,20.59,5.61,,,4.25,4.8,,,,6.9,,,,,8.98,8.9,,8.89,17.28,,,4.3,,,4.04,,,,4.36,,,,7.79,,7.97,,15.89,3.73,,8.35,,,,10.48,4.8,,,,,5.03,5.67,,4.1,,,5.32,,14.68,,,,,,,5.33,,4.16,,6.14,21.39,,7.02,5.37,,,,,,11.98,,4.24,,,,10.0,9.79,12.82,,,,12.79,,,,,,,,,2.85,,,,,6.41,3.66,,,,,,8.9,,,2.82,,,4.46,6.02,,,,,,,7.55,,28.18,,4.13,,,4.2,,,,5.0,5.09,,,,,,,,,,5.22,,4.49,7.05,,,,,,,12.06,8.09,6.17,10.65,,,,8.12,,,4.09,,,,3.04,,,,5.86,,,6.38,,,3.82,6.48,7.41,,7.74,,21.45,4.94,,,,,6.71,,12.47,,,5.46,,,,,3.94,,,3.41,3.95,,,5.51,11.8,,,2.21,,,17.95,6.25,,,,4.21,,,,7.52,,,,,,,,,,,,27.9,,7.83,,,,,,,,,,,,,,,8.85
2013-02-04,,,,,,,,,,,20.77,15.36,,,,24.93,,,12.1,,,,,,16.08,,,,16.02,,18.17,,15.38,,,,,31.6,,,,26.95,,,,,,,,3.0,,,,5.8,,11.52,,,,,,,,12.15,,,,6.58,,10.17,30.0,,,,,,,,23.25,8.4,26.01,,,,14.54,,,,7.33,17.97,,,7.8,,,,,18.6,21.98,9.44,9.53,7.63,15.54,10.1,,,,,,,,,,,,,,,,,22.88,,,13.53,,,,,,,,,,,,,,15.61,,13.5,5.63,10.94,10.82,11.98,16.02,,,,,,8.93,20.42,10.21,40.15,,,,34.76,,,26.36,36.58,,,,,,,,,,5.42,,,,9.06,6.14,,,,,,13.68,,,,5.81,,9.67,,,,,,,,,,,,20.23,7.77,20.5,,,9.26,,,,,12.17,,,,,,,14.47,7.3,,,,,,,8.39,,,,14.51,,,,,39.4,,,13.52,9.91,14.69,,,,5.35,,4.4,8.99,9.09,16.48,,,10.0,5.38,14.57,,,10.7,4.28,,,,,8.62,,7.42,5.44,,,,4.59,5.76,,7.84,,,,,7.41,,13.39,5.53,,,6.03,,,,,,9.04,11.41,,8.98,,,,,,,11.99,5.48,,,,12.88,,,,,,,,,,5.75,5.62,,,,,13.82,,,,6.79,9.5,,,,8.18,,18.15,9.93,,16.3,,10.25,,,,,,,,,,10.0,,,,,,,,,,,,,,,,10.92,,,,28.0,,,,,,,,8.66,,,6.82,,,,,,,,,,,,,3.6,,,,,,,,3.77,,,,,,,,,,,,11.83,11.56,,,16.93,,,,,,9.99,,,,,10.61,,,,,,,,,4.61,,,,,,,,25.41,,,24.34,,,11.35,7.17,,,,,13.64,,,22.71,,,,,,,,,,,,,,,,,,16.53,,,,15.7,9.78,,,,,,,,7.21,,,,,,,,,,6.46,,6.85,,,,10.99,,5.8,7.05,12.47,,,,,6.23,4.29,,,,,,,,,,3.71,,,,7.21,,,,5.22,,,,,,,,,,,3.36,,,9.71,,,,,,4.73,4.52,,,,,,,,,,,,,4.91,,,10.07,,,,4.65,,,5.41,,,,,11.86,,9.01,7.29,,,5.7,,,10.73,5.27,,5.98,,,8.52,12.46,3.86,2.64,,,,,,,,,,,4.32,11.89,,,,7.19,,,5.91,,,,,13.5,,,,5.03,,,,,,,7.5,,17.56,,,,,,,,,,,,3.3,,,3.92,,,,7.29,,,,,,,,,,12.11,11.1,,,,,14.97,,,,,19.81,5.79,,,4.22,4.94,,,,6.76,,,,,8.82,9.79,,8.84,16.99,,,4.2,,,3.92,,,,4.4,,,,7.78,,7.65,,15.99,3.72,,8.39,,,,,4.73,,,,,4.92,5.57,,4.06,,,5.32,,14.45,,,,,,,5.24,,4.15,,6.28,20.48,,7.13,5.35,,,,,,12.7,,4.3,,,,10.79,10.18,12.92,,,,13.13,,,,,,,,,2.85,,,,,6.34,3.68,,,,,,8.54,,,2.77,,,4.4,5.89,,,,,,,7.4,,27.46,,4.11,,,4.14,,,,4.94,5.1,,,,,,,,,,5.23,,4.42,6.85,,,,,,,12.01,8.33,6.05,10.64,,,,8.41,,,4.1,,,,3.02,,,,5.68,,,6.25,,,3.79,6.13,7.39,,,,21.01,4.98,,,,,6.95,,12.3,,,5.43,,,,,3.9,,,3.4,4.06,,,5.51,11.65,,,2.22,,,16.98,5.94,,,,4.14,,,,7.28,,,,,,,,,,,,28.3,,7.76,,,,,,,,,,,,,,,9.04
2013-02-05,,,,,,,,,,,20.77,15.48,,,,25.69,,,11.97,,,13.43,,,15.08,,,,16.29,,18.0,,15.4,,,,,33.1,,,,28.26,,,,,,,,3.01,,7.17,,5.96,,11.37,,,,,,,,11.37,,,,6.61,,10.39,30.75,,,,,,,,23.47,8.57,26.28,,,,14.65,,,,7.47,18.16,,,7.88,,,,,18.6,22.44,9.38,9.55,7.66,15.73,10.21,,,,,,,,,,,,,,,,,23.16,,,13.57,,,,,,,,,,,,,,15.6,,13.58,5.7,10.99,10.86,11.85,16.37,,,,,,9.05,20.65,10.31,40.77,,,,34.98,,,26.92,39.86,,,,,,,,,,5.46,,,,9.65,6.13,,,,,,13.75,,,,5.78,,9.66,,,,,,,,,,,,20.23,7.78,20.55,,,9.32,,,,,12.14,,,,,,,14.35,7.42,,,,,,,8.39,,,,14.66,,,,,39.6,,,13.53,9.97,14.69,,,,5.48,,4.51,9.05,9.27,16.15,,,9.77,5.45,14.28,,,10.86,4.26,,,,,8.58,,7.35,5.44,,,,4.59,5.8,,7.87,,,,,7.47,,13.39,5.57,,,6.06,,,,,,9.06,11.45,,9.17,,,,,,,12.07,5.51,,,,12.65,,,,,,,,,,5.8,5.63,,,,,13.7,,,,6.8,9.52,,,,8.43,,18.04,10.65,,16.5,,10.36,,,,,,,,,,9.96,,,,,,,,,,,,25.15,,,,11.08,,,,29.59,,,,,,,,8.89,,,6.78,,,,,,,,,,,,,3.59,,,,,,,,3.9,,,,,,,,,,,,11.85,11.74,,,17.2,,,,,,9.98,,,,,10.52,,,,,,,,,4.38,,,,,,,,25.38,,,25.22,,,11.36,7.15,,,,,13.9,,,23.04,,,,,,,,,,,,,,,,,,16.77,,,,15.69,9.63,,,,,,,,7.3,,,,,,,,,,6.6,,7.09,,,,11.14,,5.86,7.13,12.32,,,,,6.26,4.32,,,,,,,,,,3.81,,,,7.35,,,,5.16,,,,,,,,,,,3.39,,,10.13,,,,,,4.76,4.97,,,,,,,,,,,,,5.05,,,10.15,,,,4.74,,,5.47,,,,,11.88,,9.18,7.47,,,5.66,6.02,,10.95,5.54,,6.0,,,8.52,12.69,3.86,2.7,,,,,,,,,,,4.35,12.09,,,,7.27,,,5.96,,,,,13.55,,,,5.03,,,,,,,7.45,,17.37,,,,,,,,,,,,3.27,,,3.94,,,,7.51,,,,,,,,,,12.28,11.16,,,,,14.9,,,,,21.75,5.98,,,4.24,4.99,,,,6.8,,,,,8.58,9.5,,8.85,17.02,,,4.23,,,3.93,,,,4.47,,,,7.82,,7.69,,16.79,3.71,,8.19,,,,,4.74,,,,,5.0,5.6,,4.13,,,5.32,,14.36,,,,,,,5.29,,4.12,,6.16,20.63,,7.06,5.38,,,,,,,,4.35,,,,10.36,10.09,13.08,,,,13.06,,,,,,,,,2.93,,,,,6.37,3.69,,,,,,8.71,,,2.77,,,4.53,5.91,3.9,,,,,,7.4,,28.45,,4.22,,,4.21,,,,5.08,5.61,,,,,,,,,,5.26,,4.6,6.89,,,,,,,12.01,8.45,6.66,10.57,,,,8.39,,,4.09,,,,3.03,,,,5.78,,,6.45,,,3.76,6.14,7.52,,,,20.6,4.97,,,,,6.98,,11.86,,,5.45,,,,,4.01,,,3.36,4.17,,,5.59,11.57,,,2.31,,,17.74,6.07,,,,4.11,,,,7.43,,,,,,,,,,,,28.55,,7.84,,,,,,,,,,,,,,,9.0
2013-02-06,,,,,,,,,,,20.89,15.8,,,,25.67,,,11.65,,,14.77,,,14.94,,,,16.4,,18.03,,15.85,,,,,33.4,,,,27.7,,,,,,,,2.98,,7.19,,5.92,,11.43,,,,,,,,11.1,,,,6.59,,10.37,30.73,,,,,,,,23.62,8.52,26.88,,,,14.64,,,,7.26,18.16,,,7.92,,,,,18.74,22.53,9.45,9.8,7.63,15.76,10.57,,,,,,,,,,,,,,,,,23.36,,,13.64,,,,,,,,,,,,,,16.05,,14.45,5.73,11.08,10.85,11.85,16.51,,,,,,9.02,20.66,10.31,40.8,,,,35.04,,,26.96,39.18,,,,,,,,,,5.53,,,,10.12,6.25,,,,,,13.77,,,,5.8,,9.53,,,,,,,,,,,,20.54,7.88,21.99,,,9.34,,,,,12.0,,,,,,,14.54,7.39,,,,,,,8.26,,,,14.72,,,,,40.08,,,13.88,10.1,14.87,,,,5.75,,4.55,9.28,9.26,16.3,,,9.88,5.44,14.72,,,10.71,4.31,,,,,8.56,,7.42,5.47,,,,4.71,5.82,,8.13,,,,,7.55,,13.42,5.57,,,6.04,,,,,,9.11,11.32,,9.28,,,,,,,12.13,5.54,,,,13.89,,,,,,,,,,5.85,5.64,,,,,13.89,,,,6.81,9.57,,,,8.48,,18.05,10.63,,17.65,,10.35,,,,,,,,,,10.12,,,,,,,,,,,,27.67,,,,11.24,,,,29.35,,,,,,,,8.93,,,6.86,,,,,,,,,,,,,3.58,,,,,,,,4.04,,,,,,,,,,,,11.86,11.81,,,17.12,,,,,,10.01,,,,,10.5,,,,,,,,,4.23,,,,,,,,25.2,,,24.42,,,11.39,7.15,,,,,14.1,,,23.38,,,,,,,,,,,,,,,,,,17.5,,,,15.57,9.64,,,,,,,,7.36,,,,,,,,,,6.59,,7.08,,,,11.01,,5.82,7.07,12.75,,,,,6.39,4.26,,,,,,,,,,3.96,,,,7.32,,,,5.15,,,,,,,,,,,3.34,,,9.82,,,,,,4.79,4.95,,,,,,,,,,,,,5.07,,,10.33,,,,4.67,,,5.5,,,,,11.77,,9.09,7.41,,,5.66,6.07,,10.78,5.43,,6.05,,,8.48,12.65,3.84,2.69,,,,,,,,,,,4.42,12.33,,,,7.31,,,6.01,,,,,13.62,,,,5.15,,,,,,,7.45,,17.47,,,,,,,,,,,,3.25,,,3.94,,,,7.44,,,,,,,,,,12.54,11.28,,,,,15.41,,,,,22.76,5.95,,,4.28,4.92,,,,6.89,,,,,8.68,9.39,,8.98,16.85,,,4.27,,,3.93,,16.83,,4.42,,,,7.84,,7.68,,17.04,3.73,,8.18,,,,,4.73,,,,,4.99,5.65,,4.09,,,5.33,,14.49,,,,,,,5.29,,4.21,,6.08,20.67,,7.04,5.39,,,,,,,,4.49,,,,11.4,10.01,13.23,,,,12.83,,,,,,,,,2.88,,,,,6.39,3.66,,,,,,8.71,,,2.75,,,4.5,5.97,3.88,,,,,,7.57,,27.67,,4.16,,,4.22,,,,5.01,5.55,,,,,,,,,,5.2,,4.59,7.07,,,,,,,12.15,8.44,7.1,10.72,,,,8.25,,,4.05,,,,3.07,,,,5.7,,,6.39,,,3.77,6.17,7.57,,,,20.75,4.96,,,,,7.05,,11.92,,,5.44,,,,,3.97,,,3.36,4.11,,,5.57,11.99,,,2.28,,,17.23,6.07,,3.24,4.21,4.15,,,,7.42,,,,,,,,,,,,28.16,,7.92,,,,,,,,,,,,,,,9.09
2013-02-07,,,,,,,,,,,21.07,15.95,,,,25.99,,,12.12,,,16.25,,,14.99,,,,16.61,,18.4,,16.18,,,,,33.62,,,,28.1,,,,,,,,2.97,,7.27,,5.91,,11.25,,,,,,,,11.0,,,,6.56,,10.29,31.16,,,,,,,,24.32,8.51,27.13,,,,14.63,,,,7.11,18.1,,,8.01,,,,,18.66,22.84,9.65,9.78,7.67,16.3,,,,,,,,,,,,,,,,,,24.4,,,13.6,,,,,,,,,,,,,,16.7,,14.3,5.7,11.32,11.06,11.84,16.83,,,,,,8.95,21.12,10.38,41.71,,,,35.81,,,27.54,38.83,,,,,,,,,,5.54,,,,9.86,6.35,,,,,,13.77,,,,5.72,,10.48,,,,,,,,,,,,21.26,7.9,22.8,,,9.38,,,,,12.0,,,,,,,14.4,7.4,,,,,,,8.12,,,,14.84,,,,,41.06,,,13.85,10.09,14.85,,,,5.86,,4.45,9.24,9.33,16.64,,,9.72,5.41,15.23,,,10.69,4.33,,,,,8.5,,7.45,5.47,,,,4.85,5.78,,8.29,,,,,7.56,,13.4,5.56,,,5.98,,,,,,9.13,11.18,,9.31,,,,,,,11.98,5.45,,,,14.12,,,,,,,,,,5.82,5.64,,,,,13.6,,,,6.7,9.62,,,,8.45,,17.89,10.62,,18.62,,10.35,,,,,,,,,,9.96,,,,,,,,,,,,30.44,,,,11.3,,,,29.8,,,,,,,,8.84,,,7.0,,,,,,,,,,,,,3.54,,,,,,,,4.01,,,,,,,,,,,,11.87,11.86,,,17.16,,,,,,10.0,,,,,10.9,,,,,,,,,4.19,,,,,,,,24.8,,,23.77,,,11.45,7.08,,,,,14.08,,,23.92,,,,,,,,,,,,,,,,,,18.78,,,,16.0,9.66,,,,,,,,7.36,,,,,,,,,,6.72,,6.78,,,,11.01,,5.84,7.05,13.29,,,,,6.43,4.31,,,,,,,,,,3.98,,,,7.33,,,,5.08,,,,,,,,,,,3.32,,,9.43,,,,,,4.81,4.93,,,,,,,,,,,,,5.24,,,11.36,,,,4.6,,,5.47,,,,,11.85,,9.14,7.58,,,5.75,6.01,,10.24,5.42,,6.16,,,8.6,13.0,3.81,2.68,,,,,,,,,,,4.34,12.76,,,,7.21,,,5.96,,,,,13.53,,,,5.08,,,,,,,7.37,,17.19,,,,,,,,,,,,3.26,,,3.93,,,,7.43,,,,,,,,,,12.71,11.26,,,,,15.5,,,,,22.82,5.98,,,4.26,4.85,,,,6.83,,,,,8.91,9.34,,8.87,16.99,,,4.24,,,3.92,,16.71,,4.36,,,,7.81,,7.77,,17.35,3.72,,8.15,,,,,4.67,,,,,4.93,5.61,,4.5,,,5.26,,14.52,,,,,,,5.34,,4.19,,5.96,20.68,,7.1,5.38,,,,,,12.19,,4.4,,,,10.87,9.89,14.06,,,,12.79,,,,,,,,,2.87,,,,,6.36,3.67,,,,,,8.61,,,2.76,,,4.5,5.91,3.86,,,,,,7.63,,27.21,,4.15,,,4.22,,,,4.98,5.48,,,,,,,,,,5.1,,4.58,7.01,,,,,,,12.25,8.42,6.76,11.08,,,,8.25,,,4.09,,,,3.04,,,,5.71,,,6.39,,,3.73,6.18,7.84,,,,21.15,4.95,,,,,7.13,,11.85,,,5.37,,,,,4.05,,,3.37,4.08,,,5.72,11.88,,,2.27,,,17.05,6.32,,3.27,4.2,4.12,,,,7.39,,,,,,,,,,,,27.92,,7.87,,,,,,,,,,,,,,,9.01
2013-02-08,,,,,,,,,,,21.48,16.05,,,,26.5,,,12.3,,,16.31,,,15.01,,,,16.88,,18.65,,16.21,,,,,34.75,,,,28.04,,,,,,,,2.98,,7.24,,5.9,,11.45,,,,,,,,11.17,,,,6.75,,10.4,32.4,,,,,,,,24.42,8.59,27.92,,,,14.84,,,,7.15,18.56,,,8.06,,,,,18.98,23.2,9.7,9.93,7.77,16.31,,,,,,,,,,,,,,,,,,25.5,,,13.71,,,,,,,,,,,,,,16.82,,15.19,5.79,11.45,11.28,12.02,17.02,,,,,,9.03,21.16,10.6,43.02,,,,36.85,,,27.95,40.8,,,,,,,,,,5.62,,,,9.86,6.52,,,,,,14.11,,,,5.85,,10.35,,,,,,,,,,,,21.48,8.1,22.7,,,9.52,,,,,12.03,,,,,,,14.78,7.44,,,,,,,8.2,,,,14.95,,,,,42.5,,,14.19,10.26,15.55,,,,5.95,,4.47,9.42,9.37,16.59,,,10.15,5.46,15.31,,,11.05,4.39,,,,,8.56,,7.69,5.57,,,,4.74,5.85,,8.16,,,,,7.68,,13.45,5.61,,,6.0,,,,,,9.17,11.23,,9.29,,,,,,,12.17,5.7,,,,14.12,,,,,,,,,,5.9,5.74,,,,,13.8,,,,7.16,9.88,,,,8.39,,18.1,10.87,,18.89,,10.44,,,,,,,,,,9.88,,,,,,,,,,,,33.48,,,,11.42,,,,30.19,,,,,,,,9.02,,,6.97,,,,,7.39,,,,,,,,3.58,,,,,,,,4.01,,,,,,,,,,,,12.24,11.86,,,17.43,,,,,,10.1,,,,,10.84,,,,,,,,,4.18,,,,,,,,25.19,,,23.43,,,11.76,7.14,,,,,14.3,,,24.64,,,,,,,,,,,,,,,,,,19.19,,,,16.32,10.63,,,,,,,,7.48,,,,,,,,,,6.7,,6.73,,,,11.12,,5.97,7.1,13.27,,,,,6.44,4.35,,,,,,,,,,3.82,,,,7.4,,,,5.18,,,,,,,,,,,3.33,,,9.47,,,,,,5.21,4.93,,,,,,,,,,,,,5.29,,,11.94,,,,4.6,,,5.52,,,,,12.1,,9.28,7.8,,,5.79,6.04,,10.06,5.47,,6.19,,,8.61,13.63,3.85,2.72,,,,,,,,,,,4.32,13.69,,,,7.23,,,6.06,,,,,13.9,,,,5.18,,,,,,,7.4,,17.5,,,,,,,,,,,,3.29,4.24,,4.02,8.75,,,7.48,,,,,,,,,,12.49,11.29,,,,,15.74,,,,,23.17,6.1,,,4.3,4.9,,,,6.92,,,,,8.93,9.35,,8.87,16.98,13.11,,4.26,,,3.94,,16.62,,4.42,,,,7.88,,8.55,,16.85,3.78,,8.17,,,,,4.68,,,,,4.94,5.76,,4.68,,,5.36,,14.93,,,,,,,5.38,,4.23,,5.95,21.55,,7.11,5.7,,,,,,11.99,,4.42,,,,10.69,10.01,14.01,,,,13.3,,,,,,,,,2.89,,,,,6.41,3.7,,,,,,8.8,,,2.79,,,4.56,6.05,3.88,,,,,,7.61,,27.26,,4.15,,,4.24,,13.0,,5.0,5.46,,,,,,,,,,5.2,,4.59,7.11,,,,19.33,,,12.34,8.39,6.59,11.16,,,,8.3,,,4.09,,,,3.05,,,,5.83,,,6.45,,,3.75,6.19,7.88,,,,21.42,4.98,,,,,7.17,,12.15,,,5.39,,,,,4.08,,,3.41,4.13,,,5.63,12.0,,,2.29,,8.66,17.43,6.21,,3.27,4.15,4.15,,,,7.54,,,,,,,,,,,,29.02,,8.05,,,,,,,,,,,,,,,9.02
2013-02-18,,,,,,,,,,,22.58,16.69,,,,27.18,,,12.52,,,15.82,,,15.29,,,,16.97,,18.49,,16.56,,,,,34.64,,,,28.19,,,,,,,,2.95,,7.16,,5.89,,11.5,,,,,,,,11.2,,,,7.04,,10.61,31.87,,,,,,,,24.5,8.68,27.92,,,,14.94,,,,7.21,18.71,,,8.14,,,,,19.56,22.8,9.8,9.98,7.87,16.32,,,,,,,,,,,,,,,,,,25.45,,,13.69,,,,,,,,,,,,,,16.96,,14.88,6.01,11.45,11.52,12.17,17.4,,,,,,9.11,21.46,11.66,42.75,,,,37.97,,,28.65,40.39,,,,,,,,,,5.68,,,,10.18,6.72,,,,,,14.54,,,,5.89,,10.55,,,,,,,,,,,,22.45,8.06,22.9,,,9.55,,,,,12.2,,,,,,,15.3,7.57,,,,,,,8.22,,,,15.46,,,,,42.44,,,13.97,10.47,15.65,,,,6.25,,4.5,9.45,9.49,16.2,,,10.15,5.6,15.3,,,11.1,4.39,,,,,8.57,,8.03,5.65,,,,4.72,5.9,,7.99,,,,,7.91,,13.73,5.76,,,6.1,,,,,,9.39,11.29,,9.55,,,,,,,12.44,5.86,,,,14.13,,,,,,,,,,5.95,5.76,,,,,13.9,,,,7.49,10.03,,,,8.25,,18.4,11.05,,18.89,,10.81,,,,,,,,,,10.19,,,,,,,,,,,,33.2,,,,12.12,,,,30.17,,,,,,,,9.92,,,7.09,,,,,7.47,,,,,,,,3.57,,,,,,,,4.08,,,,,,,,,,,,12.27,11.57,,,17.39,,,,,,10.13,,,,,10.84,,,,,,,,,4.39,,,,,,,,25.4,,,23.96,,,11.72,7.31,,,,,14.62,,,24.96,,,,,,,,,,,,,,,,,,19.28,,,,16.5,11.0,,,,,,,,7.54,,,,,,,,,,6.82,,6.71,,,,11.14,,5.99,7.09,12.6,,,,,6.58,4.35,,,,,,,,,,3.85,,,,7.47,,,,5.27,,,,,,,,,,,3.37,,,9.5,,,,,,5.28,4.93,,,,,,,,,,,,,5.39,,,11.74,,,,4.66,,,5.58,,,,,12.26,,9.14,7.73,,,5.71,6.06,,10.05,5.54,,6.27,,,8.3,13.54,3.85,2.74,,,,,,,,,,,4.35,13.27,,,,7.29,,,6.67,,,,,13.64,,,,5.23,,,,,,,7.39,,18.4,,,,,,,,,,,,3.3,4.14,,4.02,8.81,,,7.66,,,,,,,,,,12.42,11.34,,,,,15.49,,,,,24.1,6.1,,,4.31,4.83,,,,6.99,,,,,9.05,9.45,,8.81,16.12,13.17,,4.3,,,3.95,,16.07,,4.46,,,,7.86,,9.41,,16.71,3.8,,8.41,,,,,4.72,,,,,5.04,5.73,,4.52,,,5.46,,14.86,,,,,,,5.44,,4.32,,6.0,21.56,,7.18,5.72,,,,,,11.85,,4.38,,,,10.79,9.83,14.02,,,,13.49,,,,,,,,,2.9,,,,,6.6,3.69,,,,,,9.35,,,2.81,,,4.64,6.26,3.91,,,,,,7.57,,26.87,,4.16,,,4.33,,12.35,,5.02,5.4,,,,,,,,,,5.16,,4.52,7.13,,,,20.3,,,12.34,8.33,6.57,11.1,,,,8.05,,,4.09,,,,3.08,,,,5.8,,,6.59,,,3.77,6.26,8.25,,,,20.55,4.97,,,,,7.39,,11.9,,,5.45,,,,,4.26,,,3.42,4.05,,,5.59,12.21,,,2.29,,9.09,16.73,6.2,,3.38,4.16,4.22,,,,7.59,,,,,,,,,,,,29.18,,8.07,,,,,,,,,,,,,,,9.08
2013-02-19,,,,,,,,,,,23.32,16.49,,,,26.97,,,12.54,,,15.5,,,15.31,,,,16.43,,18.58,,16.06,,,,,33.53,,,,26.8,,,,,,,,2.92,,6.97,,5.75,,11.13,,,,,,,,10.92,,,,6.75,,10.46,32.44,,,,,,,,23.38,8.47,27.28,,,,16.14,,,,7.08,18.49,,,7.92,,,,,18.71,22.51,9.55,9.71,7.64,15.78,,,,,,,,,,,,,,,,,,25.1,,,13.77,,,,,,,,,,,,,,16.45,,15.11,5.98,11.14,11.73,11.97,16.87,,,,,,9.1,21.42,12.01,41.88,,,,37.08,,,27.89,39.16,,,,,,,,,,5.53,,,,10.69,6.56,,,,,,13.9,,,,5.81,,10.25,,,,,,,,,,,,22.21,8.23,22.28,,,9.4,,,,,12.47,,11.96,,,,,14.83,7.41,,,,,,,8.1,,,,15.38,,,,,40.2,,,14.0,10.18,15.11,,,,6.45,,4.41,9.11,9.25,16.09,,,10.23,5.54,15.43,,,10.69,4.21,,,,,8.27,,7.86,5.55,,,,4.7,5.82,,7.95,,,,,7.91,,14.0,5.67,,,6.03,,,,,,9.68,11.05,,9.37,,,,,,,12.38,5.88,,,,14.18,,,7.2,,,,,,,5.91,5.76,,,,,13.5,,,,7.24,9.91,,,,8.13,,18.17,11.1,,18.2,,10.91,,,,,,,,,,9.9,,,,,,,,,,,,33.58,,,,11.78,,,,29.2,,,,,,,,9.93,,,6.9,,,,,7.29,,,,,,,,3.5,,,,,,,,4.03,,,,,,,,,,,,12.0,11.44,,,16.97,,,,,,10.17,,,,,10.53,,,,,,,,,4.38,,,,,,,,25.13,,,23.08,,,11.53,7.19,,,,,14.15,,,24.02,,,,,,,,,,,,,,,,,,18.76,,,,16.18,10.92,,,,,,,,7.41,,,,,,,,,,6.75,,6.52,,,,10.8,,5.91,6.95,12.18,,,,,6.58,4.26,,,,,,,,,,3.73,,,,7.47,,,,5.33,,,,,,,,,,,3.41,,,9.14,,,,,,5.29,5.03,,,,,,,,,,,,,5.23,,,12.16,,,,4.47,,,5.64,,,,,12.18,,9.39,7.48,,,5.77,6.14,,10.28,5.41,,6.18,,,8.18,12.2,3.8,2.74,,,,,,,,,,,4.18,12.76,,,,7.16,,,7.34,,,,,13.09,,,,5.28,,,,,,,7.32,,18.36,,,,,,,,,,,,3.23,4.19,,3.94,8.7,,,7.97,,,,,,,,,,12.36,11.13,,,,,14.92,,,,,24.35,,,,4.23,4.73,,,,6.9,,,,,9.38,9.6,,8.67,15.87,12.88,,4.27,,,3.91,,16.19,,4.32,,,,7.76,,9.33,,16.3,3.8,,8.43,,,,,4.57,,,,,4.98,5.78,,4.41,,,5.36,,14.61,,,,,,,5.43,,4.2,,5.75,21.0,,7.32,5.63,,,,,,11.6,,4.29,,,,10.46,9.52,13.65,,,,12.14,,,,,,,,,2.85,,,,,6.66,3.65,,,,,,9.2,,,2.84,,,4.53,6.19,3.84,,,,,,7.5,,25.52,,4.03,,,4.26,,11.73,,4.85,5.21,,,,,,,,,,4.94,,4.39,7.15,,,,19.9,,,12.0,8.13,6.38,10.89,,,,7.85,,,4.04,,,,3.39,,,,5.57,,,6.43,,,3.71,6.13,8.18,,8.51,,20.25,4.79,,,,,7.0,,11.79,,,5.53,,,,,4.07,,,3.34,3.92,,,5.52,11.84,,,2.24,,9.02,16.09,6.06,,3.32,4.12,4.18,,,,7.34,,,,,,,,,,,,28.2,,7.89,,,,,,,,,,,,,,,9.08
2013-02-20,,,,,,,,,,,23.28,17.02,,,,28.2,,,12.63,,,15.65,,,15.7,,,,17.44,,18.92,,16.43,,,,,34.49,,,,27.32,,,,,,,,2.93,,7.04,,5.79,,11.51,,,,,,,,11.32,,,,6.82,,10.81,33.5,,,,,,,,23.67,8.58,27.46,,,,15.93,,,,7.14,18.87,,,8.11,,,,,19.37,22.7,10.16,9.89,7.77,16.55,,,,,,,,,,,,,,,,,,25.9,,,14.4,,,,,,,,,,,,,,17.08,,15.49,6.09,11.32,11.9,12.38,17.24,,,,,,9.21,22.53,12.35,43.28,,,,39.67,,,28.33,39.82,,,,,,,,,,5.7,,,,10.78,6.73,,,,,,14.2,,,,5.87,,10.41,,,,,,,,,,,,23.04,8.38,23.83,,,9.65,,,,,12.05,,12.68,,,,,15.61,7.7,,,,,,,8.18,,,,15.96,,,,,41.1,,,14.3,10.46,15.42,,,,6.33,,4.47,9.0,9.19,16.4,,,10.35,5.75,15.5,,,10.7,4.23,,,,,8.35,,7.97,5.64,,,,4.63,5.9,,7.99,,,,,8.15,,14.49,5.73,,,6.15,,,,,,9.62,11.17,,9.37,,,,,,,12.66,6.23,,,,14.54,,,7.26,,,,,,,6.06,5.88,,,,,14.21,,,,7.31,10.15,,,,8.18,,18.54,11.28,,18.62,,11.26,,,,,,,,,,9.83,,,,,,,,,,,,35.08,,,,12.14,,,,29.68,,,,,,,,9.96,,,7.15,,,,,7.41,,,,,,,,3.55,,,,,,,,4.02,,,,,,,,,,,,12.21,11.56,,,17.71,,,,,,10.32,,,,,10.76,,,,,,,,,4.4,,,,,,,,25.29,,,23.38,,,12.02,7.37,,,,,14.33,,,24.75,,,,,,,,,,,,,,,,,,19.88,,,,16.48,10.93,,,,,,,,7.54,,,,,,,,,,7.02,,6.54,,,,10.92,,5.93,7.12,12.25,,,,,6.57,4.33,,,,,,,,,,3.72,,,,7.48,,,,5.45,,,,,,,,,,,3.4,,,9.27,,,,,,5.82,4.98,,,,,,,,,,,,,5.27,,,12.11,,,,4.56,,,5.84,,,,,12.35,,9.52,7.58,,,5.84,6.4,,10.14,5.56,,6.41,,,8.24,12.24,3.81,2.8,,,,,,,,,,,4.28,12.93,,,,7.24,,,7.31,,,,,12.72,,,,5.46,,,,,,,7.58,,19.48,,,,,,,,,,,,3.26,4.1,,4.02,8.93,,,8.26,,,,,,,,,,12.43,11.33,,,,,15.16,,,,,24.41,,,,4.37,4.79,,,,7.16,,,,,9.28,9.54,,8.77,16.01,13.19,,4.43,,,3.94,,16.09,,4.37,,,,7.79,,9.65,,16.39,3.85,,8.64,,,,,4.61,,,,,5.01,5.83,,4.43,,,5.22,,14.8,,,,,,,5.5,,4.24,,5.83,21.03,,7.34,5.72,,,,,,11.76,,4.33,,,,10.54,9.67,13.78,,,,,,,,,,,,,2.87,,,,,7.33,3.66,,,,,,9.22,,,2.84,,,4.6,6.29,3.87,,,,,,7.65,,26.37,,4.07,,,4.28,,11.15,,4.89,5.21,,,,,,,,,,4.99,,4.45,7.35,,,,20.9,,,12.17,8.14,6.42,11.39,,,,7.93,,,4.05,,,,3.32,,,,5.62,,,6.47,,,3.75,6.3,8.25,,9.36,,20.41,5.16,,,,,7.16,,11.44,,,5.64,,,,,4.08,,,3.35,3.93,,,5.53,12.37,,,2.25,,9.11,16.5,6.1,,3.42,4.09,4.21,,,,7.43,,,,,,,,,,,,28.48,,8.01,,,,,,,,,,,,,,,9.21
2013-02-21,,,,,,,,,,,22.88,16.5,,,,28.18,,,12.51,,,15.27,,,15.74,,,,17.9,,19.02,,16.77,,,,,33.98,,,,26.8,,,,,,,,2.82,,6.79,,5.54,,11.01,,,,,,,,11.01,,,,6.63,,10.52,32.49,,,,,,,,22.92,8.5,27.11,,,,15.46,,,,6.96,19.23,,,7.96,,,,,19.3,23.5,9.86,9.7,7.99,16.81,,,,,,,,,,,,,,,,,,25.54,,,14.41,,,,,,,,,,,,,,16.7,,14.69,6.0,11.16,11.34,12.11,16.71,,,,,,8.95,22.18,12.1,43.28,,,,39.89,,,27.54,38.9,,,,,,,,,,5.61,,,,10.7,6.72,,,,,,13.61,,,,5.66,,9.95,,,,,,,,,,,,22.2,8.15,23.97,,,9.56,,,,,11.26,,12.43,,,,,15.59,7.81,,,,,,,8.12,,,,15.81,,,,,40.38,,,14.14,10.55,15.3,,,,6.01,,4.28,9.02,8.92,15.45,,,10.02,5.67,15.24,,,10.49,4.19,,,,,8.21,,7.88,5.57,,,,4.44,5.83,,7.96,,,,,7.83,,14.4,5.62,,,6.01,,,,,,9.37,10.7,,8.82,,,,,,,12.26,6.51,,,,14.79,,,7.11,,,,,,,5.92,5.83,,,,,13.98,,,,6.91,10.17,,,,8.1,,18.27,11.1,,18.33,,11.08,,,,,,,,,,9.75,,,,,,,,,,,,33.5,,,,11.78,,,,30.5,,,,,,,,10.1,,,7.05,,,,,7.3,,,,,,,,3.47,,,,,,,,3.9,,,,,,,,,,,,11.85,11.18,,,18.28,,,,,,10.11,,,,,10.4,,,,,,,,,4.29,,,,,,,,25.29,,,22.7,,,11.93,7.18,,,,,13.98,,,24.7,,,,,,,,,,,,,,,,,,20.05,,,,16.53,11.04,,,,,,,,7.52,,,,,,,,,,6.88,,6.19,,,,10.7,,5.73,7.01,11.5,,,,,6.6,4.21,,,,,,,,,,3.53,,,,7.29,,,,5.33,,,,,,,,,,,3.29,,,9.01,,,,,,6.14,4.81,,,,,,,,,,,,,5.1,,,11.53,,,,4.74,,,5.7,,,,,13.02,,9.69,7.37,,,5.62,6.43,,10.39,5.46,,6.21,,,8.08,11.44,3.73,2.72,,,,,,,,,,,4.15,13.09,,,,6.92,,,7.22,,,,,12.41,,,,5.27,,,,,,,7.53,,19.38,,,,,,,,,,,,3.16,4.0,,4.06,8.72,,,8.4,,,,,,,,,,12.21,11.25,,,,,14.58,,,,,23.64,,,,4.29,4.61,,,,7.11,,,,,8.92,9.13,,8.68,15.28,12.74,,4.44,,,3.9,,16.04,,4.22,,,,7.55,,9.57,,15.62,3.87,,8.34,,,,,4.45,,,,,4.85,5.7,,4.33,,,4.9,,14.37,,,,,,,5.31,,4.16,,5.67,20.47,,7.22,5.69,,,,,,11.39,,4.2,,,,10.37,9.44,13.19,,,,,,,,,,,,,2.79,,,,,7.07,3.6,,,,,,8.81,,,2.78,,,4.39,6.06,3.73,,,,,,7.54,,26.34,,3.92,,,4.23,,10.62,,4.73,5.16,,,,,,,,,,4.85,,4.28,7.19,,,,20.8,,,11.88,7.59,6.13,11.05,,,,7.67,,,3.97,,,,3.15,,,,5.43,,,6.19,,,3.61,6.44,8.06,,10.3,,19.12,5.07,,,,,7.0,,11.1,,,5.46,,,,,3.95,,,3.23,3.76,,,5.32,11.99,,,2.2,,9.22,16.63,6.08,,3.3,3.89,4.16,,,,7.14,,,,,,,,,,,,27.21,,7.76,,,,,,,,,,,,,,,9.2
2013-02-22,,,,,,,,,,,22.75,16.35,,,,27.5,,,12.8,,,15.33,,,15.7,,,,19.69,,18.58,,16.96,,,,,33.15,,,,27.19,,,,,,,,2.79,,6.87,,5.52,,11.02,,,,,,,,10.73,,,,6.64,,10.56,31.97,,,,,,,,23.0,8.64,26.74,,,,15.16,,,,7.0,19.25,,,8.06,,,,,19.2,23.72,9.87,9.75,7.82,17.03,,,,,,,,,,,,,,,,,,25.85,,,13.9,,,,,,,,,,,,,,16.53,,15.25,5.85,11.33,12.02,12.34,16.62,,,,,,8.98,22.98,11.5,42.5,,,,38.44,,,27.37,38.77,,,,,,,,6.82,,5.63,,,,11.05,7.11,,,,,,13.65,,,,5.62,,9.57,,,,,,,,,,,,22.42,8.08,24.5,,,9.58,,,,,11.39,,13.67,,,,,14.99,7.57,,,,,,,8.09,,,,15.97,,,,,40.69,,,13.86,10.22,15.12,,,,6.31,,4.28,9.06,8.96,15.2,,,9.79,5.66,15.86,,,10.39,4.13,,,,,8.25,,7.77,5.59,,,,4.42,5.81,,7.96,,,,,7.59,,14.21,5.66,,,5.97,,,,,,9.31,10.65,,8.67,,,,,,,12.04,6.42,,,,14.62,,,7.04,,,,,,,5.99,5.87,,,,,14.08,,,,6.87,9.99,,,,7.98,,19.64,10.77,,18.3,,10.9,,,,,,,,,,9.76,,,,,,,,,,,,33.35,,,,11.7,,,,30.5,,,,,,,,9.56,,,6.93,,,,,7.32,,,,,,,,3.43,,,,,,,,3.89,,,,,,,,,,,,11.99,11.46,,,18.1,,,,,,10.08,,,,,10.43,,,,,,,,,4.27,,,,,,,,25.8,,,23.58,,,11.8,7.15,,,,,13.94,,,24.34,,,,,,,,,,,,,,,,,,21.15,,,,16.51,10.82,,,,,,,,7.44,,,,,,,,,,6.87,,6.09,,,,10.7,,5.73,7.1,11.5,,,,,6.72,4.21,,,,,,,,,,3.55,,,,7.23,,,,5.19,,,,,,,,,,,3.25,,,9.06,,,,,,6.0,4.83,,,,,,,,,,,,,5.17,,,11.55,,,,5.0,,,5.88,,,,,13.82,,9.99,7.34,,,5.61,6.22,,10.21,5.45,,6.14,,,8.14,11.22,3.71,2.68,,,,,,6.67,,,,,4.14,12.36,,,,6.8,,,6.89,,,,,12.4,,,,5.24,,,,,,,7.53,,19.06,,,,,,,,,,,,3.15,4.01,,4.01,8.79,,,8.3,,,,,,,,,,12.24,11.38,,,,,14.71,,,,,23.94,,,,4.21,4.6,,,,7.09,,,,,9.0,9.12,,8.69,15.37,13.13,,4.41,,,3.96,,15.06,,4.2,,,,7.56,,9.61,,15.52,3.81,,8.12,,,,,4.44,,,,,4.84,5.62,,4.3,,,4.85,,14.36,,,,,,,5.39,,4.16,,5.76,22.03,,7.12,5.6,,,,,,11.11,,4.15,,,,10.35,9.49,13.29,,,,,,,,,,,,,2.78,,,,,6.79,3.59,,,,,,8.74,,,2.78,,,4.39,6.0,3.73,,,,,,7.34,,26.13,,3.92,,,4.22,,10.6,,4.74,5.15,,,,,,,,,,4.84,,4.28,6.98,,,,19.82,,,12.0,7.55,6.21,10.5,,,,7.7,,,3.96,,,,3.14,,,,5.44,,,6.18,,,3.61,6.29,8.14,,10.64,,18.92,4.89,,,,,6.88,,11.5,,,5.53,,,,,3.94,,,3.15,3.74,,,5.29,11.6,,,2.19,,9.68,16.65,5.9,,3.26,3.89,4.09,,,,7.1,,,,,,,,,,,,27.14,,7.69,,,,,,,,,,,,,,,9.35
2013-02-25,,,,,,,,,,,25.03,17.99,,,,28.06,,,13.16,,,15.42,,,15.7,,,,19.34,,18.8,7.91,17.33,,,,,33.68,,,,27.36,,,,,,,,2.79,,6.95,,5.53,,10.89,,,,,,,,10.79,,,,6.69,,10.83,32.5,,,,,,,,23.49,8.73,28.3,,,,15.38,,,,7.04,19.36,,,8.1,,,,,21.12,23.99,9.85,9.81,8.03,16.92,,,,,,,,,,,,,,,,,,25.96,,,13.8,,,,,,,,,,,,,,16.66,,15.46,5.89,11.64,12.16,12.62,16.8,,,,,,9.06,21.35,11.68,42.6,,,,39.51,,,27.23,39.78,,,,,,,,6.59,,5.65,,,,10.9,7.18,,,,,,15.02,,,,5.62,,9.8,,,,,,,,,,,,23.37,8.65,25.9,,,9.63,,,,,11.06,,13.99,,,,,15.93,7.59,,,,,,,8.17,,,,15.91,,,,,42.0,,,13.85,10.23,14.99,,,,6.27,,4.34,9.03,9.02,15.27,,,10.02,5.6,16.34,,,10.25,4.33,,,,,,,7.92,5.69,,,,4.48,5.86,,7.96,,,,,7.73,,14.22,5.71,,,6.0,,,,,,9.33,10.71,,9.01,,,,,,,12.16,6.55,,,,14.65,,,6.96,,,,,,,5.95,5.79,,,,,14.8,,,,6.75,10.01,,,,7.98,,19.91,11.54,,18.07,,11.41,,,,,,,,,,10.17,,,,,,,,,,,,34.64,,,,11.84,,,,29.93,,,,,,,,9.57,,,7.48,,,,,7.4,,,,,,17.28,,3.42,,,,,,,,3.91,,,,,,,,,,,,12.09,11.48,,,18.51,,,,,,10.21,,,,,10.61,,,,,,,,,4.23,,,,,,,,26.17,,,23.38,,,12.03,7.29,,,,,14.1,,,24.56,,,,,,,,,,,,,,,,,,22.0,,,,17.09,10.71,,,,,,,,7.53,,,,,,,,,,6.79,,6.17,,,,10.53,,5.72,7.23,11.61,,,,,6.97,4.24,,,,,,,,,,3.59,,,,7.16,,,,5.28,,,,,,,,,,,3.27,,,9.33,,,,,,5.72,4.92,,,,,,,,,,,,,5.29,,,11.55,,,,5.06,,,5.99,,,,,14.26,,9.89,7.38,,,5.62,6.26,,10.21,5.48,,6.2,,,8.13,11.37,3.72,2.7,,,,,,6.67,,,,,4.07,12.5,,,,6.88,,,6.94,,,,,12.35,,,,5.26,,,,,,,7.62,,19.82,,,,,,,,,,,,3.17,3.95,,3.98,8.63,,,8.59,,,,,,,,,,12.23,11.33,,,,,14.92,,,,,22.92,,,,4.23,4.65,,,,7.09,,,,,9.1,9.17,,8.75,15.5,13.04,,4.43,,,4.02,,15.13,,4.25,,,,7.53,,9.66,,15.12,3.82,,8.12,,,,,4.47,,,,,4.85,5.71,,4.31,,,4.88,,14.81,,,,,,,5.31,,4.18,,5.61,22.47,,7.06,5.68,,,,,,11.29,,4.17,,,,10.42,9.54,13.54,,,,,,,,,,,,,2.79,,,,,7.11,3.61,,,,,,8.83,,,2.79,,,4.4,6.05,3.75,,,,,,7.43,,25.9,,3.93,,,4.23,,10.19,,4.74,5.14,,,,,,,,,,4.84,,4.33,7.08,,,,19.8,,,12.03,7.66,6.32,10.51,,,,7.67,,,3.99,,,,3.26,,,,5.45,,,6.17,,,3.64,6.31,8.5,,10.38,,19.18,4.92,,,,,6.92,,11.37,,,5.65,,,,,3.94,,,3.22,3.71,,,5.38,11.62,,,2.2,,9.33,16.48,5.95,,3.3,4.08,4.07,,,,7.17,,,,,,,,,,,,27.45,,7.76,,,,,,,,,,,,,,,9.2
2013-02-26,,,,,,,,,,,26.2,17.2,,,,27.28,,,13.3,,,14.99,,,15.79,,,,19.46,,18.7,7.61,17.03,,,,,33.11,,,,28.6,,,,,,,,2.72,,6.85,,5.4,,10.73,,,,,,,,10.71,,,,6.66,,11.34,32.65,,,,,,,,22.99,8.34,28.01,,,,15.08,,,,6.93,18.39,,,8.13,,,,,20.21,24.3,9.73,9.85,7.3,17.2,,,,,,,,,,,,,,,,,,25.45,,,13.78,,,,,,,,,,,,,,16.57,,16.17,5.84,11.58,11.77,12.21,16.43,,,,,,8.85,20.53,11.75,42.09,,,,37.99,,,26.59,38.45,,,,,,,,6.46,,5.56,,,,10.44,6.95,,,,,,15.4,,,,5.54,,9.76,,,,,,,,,,,,23.48,8.44,25.2,,,9.5,,,,,11.55,,14.76,,,,,15.35,7.63,,,,,,,8.36,,,,15.94,,,,,39.8,,,13.75,10.21,15.16,,,,6.1,,4.18,8.97,8.69,14.87,,,9.8,5.52,17.28,,,10.19,4.33,,,,,,,7.67,5.54,,,,4.42,5.9,,7.78,,,,,7.73,,13.7,5.65,,,6.48,,,,,,9.4,10.62,,8.73,,,,,,,11.83,6.39,,,,14.34,,,6.77,,,,,,,5.88,5.63,,,,,14.29,,,,6.49,9.9,,,,8.01,,19.12,12.21,,18.0,,11.68,,,,,,,,,,9.9,,,,,,,,,,,,33.76,,,,11.72,,,,29.49,,,,,,,,9.43,,,7.2,,,,,7.57,,,,,,17.0,,3.37,,,,,,,,3.84,,,,,,,,,,,,11.85,11.38,,,18.1,,,,,,10.1,,,,,10.61,,,,,,,,,4.12,,,,,,,,25.0,,,23.5,,,12.36,7.23,,,,,13.94,,,24.11,,,,,,,,,,,,,,,,,,21.85,,,,17.63,10.58,,,,,,,,7.49,,,,,,,,,,6.74,,6.07,,,,10.28,,5.61,7.21,11.45,,,,,6.77,4.17,,,,,,,,,,3.47,,,,7.19,,,,5.4,,,,,,,,,,,3.21,,,9.14,,,,,,5.57,4.75,,,,,,,,,,,,,5.24,,,10.97,,,,4.95,,,5.69,,,,,13.7,,9.42,7.34,,,5.53,6.89,,10.03,5.51,,6.13,,,8.03,11.16,3.69,2.62,,,,,,6.67,,,,,3.93,12.43,,,,6.84,,,6.79,,,,,12.11,,,,5.22,,,,,,,7.42,,19.74,,,,,,,,,,,,3.12,3.97,,3.88,8.29,,,8.09,,,,,,,,,,12.12,11.21,,,,,14.57,,,,,23.48,,,,4.16,4.53,,,,7.14,,,,,9.16,9.08,,8.69,15.33,12.88,,4.27,,,4.03,,15.14,,4.15,,,,7.41,,10.63,,15.3,3.83,,7.79,,,,,4.43,,,,,4.7,5.71,,4.19,,,4.74,,14.73,,,,,,,5.22,,4.21,,5.35,23.37,,6.92,5.61,,,,,,10.96,,4.11,,,,10.17,9.29,13.42,,,,,,,,,,,,,2.74,,,,,6.88,3.59,,,,,,9.04,,,2.73,,,4.29,6.03,3.7,,,,,,7.51,,25.65,,3.83,,,4.2,,10.18,,4.58,4.95,,,,,,,,,,4.88,,4.21,7.23,,,,20.0,,,11.88,7.54,6.19,10.18,,,,7.59,,,3.97,,,,3.23,,,,5.38,,,6.06,,,3.53,6.24,8.93,,10.07,,18.93,4.8,,,,,6.84,,10.9,,,5.72,,,,,3.86,,,3.19,3.57,,,5.45,11.51,,,2.17,,9.79,16.83,5.86,,3.2,3.99,4.05,,,,7.0,,,,,,,,,,,,26.6,,7.72,,,,,,,,,,,,,,,8.72
2013-02-27,,,,,,,,,,,25.85,17.28,,,,26.62,,,12.49,,,14.99,,,15.86,,,,18.3,,18.26,7.48,16.76,,,,,33.6,,,,29.37,,,,,,,,2.88,,7.0,,5.42,,10.78,,,,,,,,10.64,,,,6.8,,11.71,31.78,,,,,,,,23.2,8.25,28.08,,,,14.89,,,,6.97,17.8,,,7.66,,,,,19.97,23.36,9.54,10.28,7.16,15.89,,,,,,,,,,,,,,,,,,25.67,,,13.71,,,,,,,,,,,,,,16.56,,15.89,5.7,11.5,11.54,12.12,16.18,,,,,,8.94,20.52,11.31,41.74,,,,37.45,,,26.53,38.81,,,,,,,,6.47,,5.49,,,,10.28,6.78,,,,,,15.2,,,,5.45,,9.4,,,,,,,,,,,,23.77,8.17,24.68,,,9.38,,,,,11.48,,14.55,,,,,15.08,7.46,,,,,,,8.19,,,,16.21,,,,,38.84,,,13.85,9.82,15.24,,,,6.18,,4.21,8.81,8.86,15.14,,,9.95,5.37,17.44,,,10.13,4.37,,,,,,,7.67,5.43,,,,4.47,5.87,,7.8,,,,,7.59,,13.77,5.61,,,6.14,,,,,,9.38,10.74,,9.06,,,,,,,11.84,6.39,,,,14.18,,,6.94,,,,,,,5.88,5.62,,,,,13.92,,,,6.41,9.92,,,,7.93,,18.51,12.21,,18.0,,11.77,,,,,,,,24.16,,9.9,,,,,,,,,,,,34.38,,,,11.75,,,,29.08,,,,,,,,9.23,,,7.2,,,,,7.72,,,,,,16.79,,3.38,,,,,,,,3.84,,,,,,,,,,,,11.83,11.5,,,18.0,,,,,,10.55,,,,,10.56,,,,,,,,,4.27,,,,,,,,24.55,,,24.03,,,12.33,7.36,,,,,15.33,,,22.98,,,,,,,,,,,,,,,,,,21.86,,,,17.9,10.4,,,,,,,,7.36,,,,,,,,,,6.7,,6.21,,,,10.4,,5.61,7.12,11.85,,,,,6.71,4.17,,,,,,,,,,3.54,,,,7.17,,,,5.47,,,,,,,,,,,3.23,,,9.13,,,,,,5.57,4.67,,,,,,,,,,,,,5.3,,,10.87,,,,4.86,,,5.61,,,,,13.43,,9.22,7.35,,,5.84,7.58,,10.08,5.41,,6.07,,,8.05,11.25,3.7,2.64,,,,,,6.86,,,,,3.92,11.95,,,,6.91,,,6.86,,,,,12.14,,,,5.11,,,,,,,7.31,,19.74,,,,,,,,,,,,3.08,4.17,,3.91,8.34,,,7.95,,,,,,,,,,12.43,11.22,,,,,14.62,,,,,25.12,,,,4.16,4.6,,,,7.01,,,,,9.52,8.97,,8.72,15.35,13.04,,4.25,,,4.16,,15.73,,4.2,,,,7.32,,11.36,,15.72,3.81,,7.77,,,,,4.49,,,,,4.83,5.72,,4.23,,,4.78,,14.79,,,,,,,5.23,,4.19,,5.44,23.56,,6.95,5.48,,,,,,11.03,,4.13,,,,9.9,9.39,13.57,,,,,,,,,,,,,2.73,,,,,6.89,3.64,,,,,,9.3,,,2.72,,,4.33,5.97,3.71,,,,,,7.45,,27.02,,3.88,,,4.2,,10.69,,4.64,5.13,,,,,,,,,,4.91,,4.22,7.14,,,,20.6,,,11.88,7.76,6.16,10.3,,,,7.67,,,3.98,,,,3.26,,,,5.46,,,6.11,,,3.53,6.24,8.89,,9.86,,19.55,4.8,,,,,6.86,,11.08,,,5.59,,,,,3.9,,,3.22,3.61,,,5.5,11.85,,,2.18,,10.2,17.7,5.81,,3.25,3.96,3.99,,,,7.05,,,,,,,,,,,,26.53,,7.61,,,,,,,,,,,,,,,8.73
2013-02-28,,,,,,,,,,,26.55,17.62,,,,26.93,,,12.3,,,15.1,,,16.0,,,,18.47,,18.4,7.68,16.83,,,,,34.58,,,,29.95,,,,,,,,2.87,,7.24,,5.54,,11.01,,,,,,,,10.87,,,,6.85,,11.7,30.91,,,,,,,,24.02,8.38,28.08,,,,15.15,,,,7.67,18.02,,,7.75,,,,,20.7,23.85,9.7,10.24,7.18,15.95,,,,,,,,,,,,,,,,,,25.98,,,13.87,,,,,,,,,,,,,,16.08,,15.95,6.27,11.76,11.93,12.27,16.41,,,,,,9.04,20.81,11.9,42.39,,,,38.3,,,27.34,39.4,,,,,,,,6.63,,5.63,,,,10.5,6.9,,,,,,15.43,,,,5.56,,9.7,,,,,,,,,,,,24.1,8.24,25.54,,,9.56,,,,,11.62,,14.8,,,,,15.44,7.6,,,,,,,8.28,,,,16.47,,,,,40.5,,,14.04,10.01,14.6,,,,6.19,,4.28,9.25,9.14,15.55,,,10.11,5.46,17.26,,,10.59,4.4,,,,,,,7.66,5.65,,,,4.65,5.99,,7.91,,,,,7.7,,14.2,5.65,,,6.07,,,,,,9.66,10.92,,9.08,,,,,,,12.07,6.39,,,,14.65,,,7.03,,,,,,,5.99,5.7,,,,,14.3,,,,6.58,9.87,,,,8.03,,18.54,12.17,,18.34,,11.88,,,,,,,,23.42,,10.02,,,,,,,,,,,,35.16,,,,11.94,,,,29.58,,,,,,,,9.75,,,7.27,,,,,7.75,,,,,,17.19,,3.45,,,,,,,,3.93,,,,,,,,,,,,12.12,11.61,,,18.21,,,,,,10.65,,,,,10.71,,,,,,,,,4.32,,,,,,,,25.1,,,23.97,,,12.48,7.56,,,,,16.66,,,23.39,,,,,,,,,,,,,,,,,,21.68,,,,18.29,10.51,,,,,,,,7.51,,,,,,,,,,6.81,,6.41,,,,10.71,,5.71,7.33,12.51,,,,,6.82,4.28,,,,,,,,,,3.59,,,,7.29,,,,5.52,,,,,,,,,,,3.27,,,9.29,,,,,,5.6,4.79,,,,,,,,,,,,,5.42,,,11.09,,,,5.01,,,5.67,,,,,13.66,,9.37,7.55,,,5.8,8.2,,10.49,5.64,,6.22,,,8.13,11.65,3.76,2.71,,,,,,6.91,,,,,4.03,12.41,,,,7.1,,,7.09,,,,,12.48,,,,5.18,,,,,,,7.64,,20.15,,,,,,,,,,,,3.15,4.38,,3.96,8.44,,,8.05,,,,,,,,,,12.93,11.34,,,,,15.05,,,,,25.61,,,,4.25,4.68,,,,7.06,,,,,9.47,9.13,,8.75,15.57,13.32,,4.35,,,4.15,,16.12,,4.25,,,,7.46,,12.0,,16.01,3.87,,7.92,,,,,4.58,,,,,4.87,5.85,,4.33,,,4.87,,14.89,,,,,,,5.39,,4.22,,5.55,23.69,,7.04,5.63,,,,,,11.39,,4.22,,,,10.17,9.65,13.79,,,,,,,,,,,,,2.8,,,,,7.13,3.67,,,,,,9.32,,,2.88,,,4.42,6.11,3.7,,,,,,7.62,,28.05,,3.98,,,4.24,,10.71,,4.76,5.32,,,,,,,,,,4.96,,4.4,7.26,,,,21.63,,,12.0,7.95,6.32,10.63,,,,7.81,,,4.04,,,,3.3,,,,5.57,,,6.23,,,3.62,6.37,9.01,,9.98,,20.38,4.87,,,,,7.0,,11.27,,,5.7,,,,,3.99,,,3.26,3.7,,,5.52,12.01,,,2.23,,10.22,18.2,6.0,,3.31,4.0,4.04,,,,7.23,,,,,,,,,,,,27.24,,7.81,,,,,,,,,,,,,,,8.88
2013-03-01,,,,,,,,,,,27.75,18.06,,,,27.99,,,12.27,,,15.19,,,16.48,,,,18.82,,19.22,7.74,17.32,,,,,34.84,,,,30.26,,,,,,,,2.94,,7.23,,5.56,,11.0,,,,,,,,11.0,,,,6.92,,11.55,30.95,,,,,,,,24.51,8.39,29.0,,,,15.41,,,,8.44,18.28,,,7.75,,,,,21.45,24.97,9.9,10.15,7.32,16.1,,,,,,,,,,,,,,,,,,26.92,,,14.05,,,,,,,,,,,,,,16.33,,16.46,6.29,11.92,11.94,12.42,16.81,,,,,,9.12,21.14,12.08,42.69,,,,39.11,,,27.63,40.21,,,,,,,,6.67,,5.76,,,,10.99,7.21,,,,,,15.92,,,,5.62,,9.87,,,,,,,,,,,,25.13,9.06,27.2,,,9.95,,,,,11.55,,14.99,,,,,16.03,7.75,,,,,,,8.4,,,,16.88,,,,,42.28,,,14.24,10.23,14.72,,,,6.3,,4.28,9.2,9.06,15.42,,,10.13,5.47,17.31,,,11.21,4.46,,,,,,,7.82,5.68,,,,4.66,6.0,,7.98,,,,,8.47,,14.23,5.73,,,6.1,,,,,,9.7,10.9,,9.2,,,,,,,12.23,6.27,,,,14.66,,,7.24,,,,,,,6.04,5.69,,,,,14.47,,,,6.71,9.85,,,,8.07,,18.7,12.47,,18.4,,12.18,,,,,,,,23.49,,10.29,,,,,,,,,,,,36.59,,,,12.32,,,,30.21,,,,,,,,10.03,,,7.61,,,,,7.74,,,,,,17.44,,3.44,,,,,,,,3.95,,,,,,,,,,,,12.28,11.95,,,18.45,,,,,,10.86,,,,,10.81,,,,,,,,,4.32,,,,,,,,24.89,,,23.9,,,12.49,7.51,,,,,17.03,,,23.62,,,,,,,,,,,,,,,,,,23.26,,,,18.89,10.76,,,,,,,,7.64,,,,,,,,,,6.87,,6.32,,,,10.54,,5.71,7.31,12.67,,,,,6.88,4.31,,,,,,,,,,3.71,,,,7.61,,,,5.62,,,,,,,,,,,3.25,,,9.35,,,,,,5.72,4.75,,,,,,,,,,,,,5.48,,,11.19,,,,5.0,,,5.66,,,,,14.39,,9.29,7.46,,,5.79,9.02,,10.49,5.83,,6.28,,,8.07,11.66,3.79,2.68,,,,,,6.92,,,,,3.95,12.86,,,,7.02,,,7.15,,,,,12.39,,,,5.34,,,,,,,7.68,,20.17,,,,,,,,,,,,3.16,4.6,,3.99,8.34,,,8.03,,,,,,,,,,13.37,11.29,,,,,15.22,,,,,28.17,,,,4.27,4.66,,,,7.18,,,,,9.51,9.24,,8.8,15.34,13.28,,4.45,,,4.57,,15.8,,4.25,,,,7.52,,12.37,,16.06,3.89,,8.05,,,,,4.54,,,,,4.94,5.86,,4.34,,,4.84,,15.07,,,,,,,5.36,,4.3,,5.48,23.16,,7.08,5.61,,,,,,11.38,,4.2,,,,10.3,9.55,13.96,,,,,,,,,,,,,2.79,,,,,7.13,3.7,,,,,,9.25,,,2.88,,,4.4,6.18,3.72,,,,,,8.0,,28.18,,3.95,,,4.27,,11.24,,4.74,5.26,,,,,,,,,,4.85,,4.39,7.4,,,,22.3,,,12.17,8.01,6.37,10.7,,,,7.76,,,4.05,,,,3.29,,,,5.53,,,6.2,,,3.61,6.61,9.07,,9.92,,20.26,4.9,,,,,7.13,,11.0,,,5.7,,,,,3.95,,,3.34,3.66,,,5.51,11.9,,,2.23,,10.73,18.53,6.02,,3.33,3.98,4.06,,,,7.53,,,,,,,,,,,,26.97,,7.98,,,,,,,,,,,,,,,9.02
2013-03-04,,,,,,,,,,,26.8,17.43,,,,27.5,,,11.71,,,14.32,,,16.4,,,,18.0,,18.5,7.54,16.5,,,,,33.5,,,,28.94,,,,,,,,2.87,,6.73,,5.37,,10.39,,,,,,,,11.13,,,,6.68,,10.82,30.96,,,,,,,,23.88,7.85,28.8,,,,14.9,,,,8.75,17.68,,,7.37,,,,,20.97,25.0,9.39,9.66,7.14,15.75,,,,,,,,,,,,,,,,,,26.7,,,13.9,,,,,,,,,,,,,,16.49,,16.2,6.28,11.42,11.7,12.0,16.06,,,,,,9.04,20.66,11.63,41.25,,,,37.72,,,26.18,38.1,,,,,,,,6.35,,5.49,,,,10.51,7.2,,,,,,15.42,,,,5.29,,10.38,,,,,,,,,,,,25.4,9.14,25.65,,,9.71,,,,,10.74,,13.99,,,,,15.84,7.63,,,,,,,8.06,,,,16.96,,,,,41.26,,,14.03,9.55,14.11,,,,6.02,,4.08,9.0,8.34,14.49,,,9.88,5.62,16.77,,,11.0,4.34,,,,,,,7.39,5.65,,,,4.43,5.88,,7.81,,,,,8.49,,14.0,5.6,,,5.82,,,,,,9.52,10.22,,8.93,,,,,,,11.83,6.21,,,,14.19,,,7.06,,,,,,,5.86,5.87,,,,,13.59,,,,6.35,9.39,,,,7.75,,18.01,12.35,,16.65,,11.67,,,,,,,,22.2,,9.92,,,,,,,,,,,,34.5,,,,11.7,,,,28.86,,,,,,,,9.7,,,8.27,,,,,7.93,,,,,,16.91,,3.28,,,,,,,,3.76,,,,,,,,,,,,12.18,12.04,,,18.21,,,,,,10.6,,,,,10.96,,,,,,,,,4.1,,,,,,,,23.85,,,22.59,,,11.69,7.06,,,,,16.31,,,22.76,,,,,,,,,,,,,,,,,,22.66,,,,18.25,10.04,,,,,,,,7.35,,,,,,,,,,6.77,,5.85,,,,9.49,,5.61,6.96,11.86,,,,,6.44,4.22,,,,,,,,,,3.55,,,,,,,,5.37,,,,,,,,,,,3.08,,,8.89,,,,,,5.41,4.63,,,,,,,,,,,,,5.43,,,10.49,,,,4.54,,,5.41,,,,,14.49,,9.1,7.19,,,5.62,9.92,,9.44,5.81,,6.18,,,7.71,10.49,3.69,2.57,,,,,,6.6,,,,,3.64,12.47,,,,6.4,,,7.16,,,,,11.84,,,,5.21,,,,,,,7.83,,19.99,,,,,,,,,,,,3.01,4.4,,3.85,7.51,,,7.74,,,,,,,,,,13.16,11.08,,,,,14.22,,,,,27.91,,,,4.12,4.45,,,,7.07,,,,,9.31,8.97,,8.63,14.36,12.87,,4.32,,,5.03,,14.71,,4.03,,,,7.14,,,,15.78,3.74,,7.64,,,,,4.35,,,,,4.46,5.69,,3.98,,,4.59,,15.1,,,,,,,5.17,,4.48,,4.93,22.29,,6.8,5.49,,,,,,11.14,,4.07,,,,9.78,8.96,13.37,,,,,,,,,,,,,2.61,,,,,7.25,3.63,,,,,,9.4,,,2.81,,,3.97,6.09,3.6,,,,,,8.04,,25.36,,3.64,,,4.09,,10.68,,4.38,4.75,,,,,,,,,,4.39,,4.27,7.31,,,,21.19,,,11.9,7.55,6.0,10.01,,,,7.2,,,3.92,,,,3.13,,,,4.99,,,5.62,,,3.47,6.55,8.62,,9.19,,19.1,4.74,,,,,6.84,,10.62,,,5.5,,,,,3.62,,,3.26,3.46,,,5.28,11.17,,,2.09,,11.27,16.68,5.86,,3.22,3.78,3.89,,,,7.65,,,,,,,,,,,,26.95,,7.75,,,,,,,,,,,,,,,8.5
2013-03-05,,,,,,,,,,,26.6,17.62,,,,27.86,,,11.75,,,14.65,,,16.55,,,,18.48,,19.06,7.68,16.72,,,,,34.46,,,,29.33,,,,,,,,2.94,,6.78,,5.44,,10.58,,,,,,,,11.36,,,,6.74,,10.99,31.89,,,,,,,,24.35,7.97,30.62,,,,15.18,,,,8.82,18.21,,,7.52,,,,,20.86,26.01,9.56,9.83,7.32,16.25,,,,,,,,,,,,,,,,,,26.8,,,14.2,,,,,,,,,,,,,,16.8,,16.94,6.37,11.65,12.07,12.21,16.86,,,,,,9.19,21.43,12.11,41.66,,,,38.2,,,26.7,38.88,,,,,,,,6.52,,5.69,,,,10.63,7.5,,,,,,15.34,,,,5.42,,10.27,,,,,,,,,,,,26.46,9.3,26.84,,,10.25,,,,,10.84,,14.21,,,,,15.8,7.87,,,,,,,8.19,,,,17.18,,,,,41.55,,,14.58,10.38,14.24,,,,6.12,,4.17,9.25,8.45,14.88,,,10.06,5.78,16.75,,,11.32,4.51,,,,,,,7.51,5.82,,,,4.57,5.95,,7.84,,,,,8.63,,13.96,5.71,,,5.9,,,,,,9.99,10.26,,9.03,,,,,,,12.1,6.13,,,,14.95,,,7.42,,,,,,,6.02,6.0,,,,,13.76,,,,6.4,9.66,,,,7.88,,18.36,12.65,,17.31,,11.73,,,,,,,,22.07,,9.91,,,,,,,,,,,,35.71,,,,12.14,,,,29.33,,,,,,,,9.88,,,8.2,,,,,8.12,,,,,,18.0,,3.32,,,,,,,,3.83,,,,,,,,,,,,12.4,12.26,,,18.88,,,,,,10.92,,,,,11.16,,,,,,,,,3.97,,,,,,,,24.33,,,22.66,,,11.95,7.11,,,,,16.69,,,23.42,,,,,,,,,,,,,,,,,,24.31,,,,18.4,10.45,,,,,,,,7.55,,,,,,,,,,7.0,,6.11,,,,9.54,,5.66,7.02,12.6,,,,,6.75,4.31,,,,,,,,,,3.63,,,,,,,,5.45,,,,,,,,,,,3.17,,,9.01,,,,,,5.42,4.71,,,,,,,,,,,,,5.43,,,10.72,,,,4.59,,,5.49,,,,,14.63,,9.23,7.31,,,5.7,9.69,,9.75,5.94,,6.41,,,7.83,10.5,3.73,2.6,,,,,,6.69,,,,,,12.82,,,,6.5,,,7.26,,,,,12.04,,,,5.43,,,,,,,7.86,,21.15,,,,,,,,,,,,3.05,4.62,,3.88,7.62,,,7.87,,,,,,,,,,13.82,11.3,,,,,15.64,,,,,28.97,,,,4.3,4.52,,,,7.26,,,,,9.38,9.09,,8.62,14.57,12.92,,4.4,,,5.24,,15.01,,4.07,,,,7.23,,7.34,,16.49,3.81,,7.88,,,,,4.49,,,,,4.51,5.9,,4.05,,,4.63,,15.17,,,,,,,5.25,,4.55,,5.31,21.93,,7.27,5.42,,,,,,11.39,,4.13,,,,9.88,9.06,13.9,,,,,,,,,,,,,2.63,,,,,7.2,3.66,,,,,,9.4,,,2.87,,,3.99,6.34,3.65,,,,,,8.15,,25.14,,3.68,,,4.16,,11.01,,4.48,4.82,,,,,,,,,,4.43,,4.4,7.53,,,,21.29,,,12.15,7.69,6.1,10.18,,,,7.24,,,3.97,,,,3.16,,,,5.05,,,5.72,,,3.53,6.72,8.61,,9.41,,20.05,4.81,,,,,6.98,,10.88,,,5.6,,,,,3.69,,,3.29,3.5,,,5.36,11.4,,,2.11,,11.83,16.55,5.87,,3.27,3.81,3.94,,,,7.66,,,,,,,,,,,,27.57,,7.83,,,,,,,,,,,,,,,8.67
2013-03-06,,,,,,,9.8,,,,25.98,17.45,,,,29.0,,,12.08,,,15.08,,,17.8,,,,18.9,,19.97,7.92,17.18,,,,,35.43,,,,30.96,,,,,,,,2.92,,6.78,,5.48,,10.8,,,,,,,,11.49,,,,6.95,,11.11,32.7,,,,,,,,24.44,8.08,30.83,,,,15.4,,,,8.55,18.14,,,7.7,,,,,20.74,26.09,9.78,10.07,7.59,16.85,,,,,,,,,,,,,,,,,,28.64,,,14.24,,,,,,,,,,,,,,18.15,,16.07,6.41,11.97,12.21,12.42,17.1,,,,,,9.27,22.0,12.9,42.88,,,,39.53,,,27.47,39.68,,,,,,,,6.72,,5.86,,,,10.92,7.79,,,,,,15.18,,,,5.56,,10.28,,,,,,,,,,,,28.46,9.25,27.5,,,10.66,,,,,10.93,,14.44,,,,,15.58,7.9,,,,,,,9.0,,,,17.48,,,,,42.7,,,14.65,10.41,14.64,,,,6.39,,4.23,9.28,8.52,15.1,,,10.24,6.27,16.72,,,12.2,4.49,,,,,,,7.66,5.86,,,,4.73,6.01,,7.97,,,,,8.69,,14.64,5.89,,,5.99,,,,,,9.98,10.4,,9.28,,,,,,,12.29,5.95,,,,15.69,,,7.43,,,,,,,6.18,6.0,,,,,15.14,,,,6.56,10.0,,,,8.13,,18.8,12.88,,17.0,,11.51,,,,,,,,22.71,,10.0,,,,,,,,,,,,36.6,,,,12.5,,,,30.74,,,,,,,,10.28,,,8.0,,,,,7.99,,,,,,18.18,,3.35,,,,,,,,3.87,,,,,,,,,,,,12.79,12.12,,,19.2,,,,,,11.06,,,,,11.11,,,,,,,,,4.12,,,,,,,,24.66,,,22.49,,,12.22,7.2,,,,,16.94,,,24.19,,,,,,,,,,,,,,,,,,25.0,,,,18.42,11.16,,,,,,,,7.74,,,,,,,,,,7.2,,6.19,,,,9.54,,5.93,7.09,12.46,,,,,6.8,4.36,,,,,,,,,,3.69,,,,,,,,5.42,,,,,,,,,,,3.2,,,9.2,,,,,,5.48,4.82,,,,,,,,,,,,,5.59,,,10.85,,,,4.54,,,5.73,,,,,14.75,,9.58,7.41,,,6.02,9.44,,9.71,6.08,,6.57,,,7.88,10.57,3.81,2.64,,,,,,6.78,,,,,3.46,13.19,,,,6.74,,,7.55,,,,,12.17,,,,5.47,,,,,,,8.08,,21.49,,,,,,,,,,,,3.07,4.85,,3.92,7.9,,,8.1,,,,,,,,,,14.51,11.55,,,,,16.7,,,,,29.02,,,,4.4,4.55,,,,7.41,,7.37,,,9.5,9.34,,8.72,14.7,12.96,,4.46,,,5.14,,14.88,,4.17,,,,7.3,,7.08,,16.48,3.9,,7.95,,,,,4.6,,,,,4.54,6.09,,4.12,,,4.63,,15.05,,,,,,,5.34,,4.52,,5.47,22.44,,7.36,5.53,,,,,,11.53,,4.22,,,,9.96,9.23,14.03,,,,,,,,,,,,,2.66,,,,,7.2,3.92,,,,,,9.78,,,2.88,,,4.04,6.52,3.7,,,,,,8.14,,24.92,,3.72,,,4.23,,10.97,,4.46,4.75,,,,,,,,,,4.71,,4.41,7.89,,,,21.78,,,12.38,7.67,6.23,10.4,,,,7.32,,,3.96,,,,3.18,,,,5.11,,,5.75,,,3.62,7.39,8.64,,9.47,,19.72,4.91,,,,,7.07,,10.76,,,5.7,,,,,3.73,,,3.31,3.51,,,5.51,11.36,,,2.13,,12.24,16.35,5.94,,3.35,3.96,4.01,,,,7.76,,,,,,,,,,,,28.42,,7.96,,,,,,,,,,,,,,,8.81
2013-03-07,,,,,,,9.83,,,,25.26,16.5,,,,28.15,,,11.72,,,14.71,,,17.25,,,,18.41,,19.75,7.81,17.12,,,,,34.31,,,,29.9,,,,,,,,2.9,,7.46,,5.4,,10.89,,,,,,,,11.1,,,,6.87,,10.78,31.95,,,,,,,,23.88,8.02,30.2,,,,15.5,,,,8.73,17.79,,,7.68,,,,,19.78,26.07,9.94,9.99,7.38,16.54,,,,,,,,,,,,,,,,,,28.0,,,14.06,,,,,,,,,,,,,,18.62,,16.09,6.22,12.18,12.05,12.42,16.98,,,,,,9.29,21.65,12.61,43.0,,,,38.32,,,27.38,38.86,,,,,,,,6.74,,5.79,,,,10.56,7.68,,,,,,14.31,,,,5.52,,,,,,,,,,,,,,27.66,8.87,26.3,,,10.47,,,,,10.85,,13.61,,,,,14.99,7.95,,,,,,,9.2,,,,17.45,,,,,40.64,,,14.8,10.16,14.44,,,,6.3,,4.18,9.38,8.73,14.92,,,10.38,6.09,15.73,,,12.32,4.44,,,,,,,7.7,5.73,,,,4.7,5.98,,8.0,,,,,8.35,,14.37,5.79,,,5.9,,,,,,9.74,10.32,,9.0,,,,,,,12.45,5.96,,,,15.8,,,7.19,,,,,,,6.14,5.91,,,,,14.76,,,,6.32,10.04,,,,8.1,,19.04,12.52,,16.7,,11.35,,,,,,,,22.4,,10.18,,,,,,,,,,,,34.2,,,,12.18,,,,29.77,,,,,,,,9.86,,,7.64,,,,,7.8,,,,,,18.02,,3.33,,,,,,,,3.9,,,,,,,,,,,,12.31,11.89,,,18.3,,,,,,10.71,,,,,10.92,,,,,,,,,4.0,,,,,,,,24.74,,,21.67,,,11.91,7.21,,,,,16.27,,,24.07,,,,,,,,,,,,,,,,,,24.0,,,,17.94,11.1,,,,,,,,7.59,,,,,,,,,,7.17,,6.09,,,,9.59,,5.84,7.24,12.03,,,,,6.66,4.44,,,,,,,,,,3.7,,,,,,,,5.38,,,,,,,,,,,3.23,,,9.05,,,,,,5.52,4.78,,,,,,,,,,,,,5.48,,,10.91,,,,4.67,,,5.68,,,6.37,,15.3,,9.46,7.65,,,6.44,8.76,,9.68,5.89,,6.47,,,7.89,10.55,3.8,2.63,,,,,,7.03,,,,,3.29,12.87,,,,6.72,,,7.16,,,,,12.18,,,,5.5,,,,,,,8.11,,22.22,,,,,,,,,,,,3.07,4.89,,3.94,7.83,,,8.0,,,,,,,,,,14.51,11.56,,,,,16.3,,,,,29.32,,,,4.39,4.61,,,,7.28,,7.35,,,9.17,9.17,,8.9,14.87,12.71,,4.43,,,4.83,,15.3,,4.1,,,,7.3,,6.7,,16.73,3.97,,8.14,,,,,4.53,,,,,4.99,5.92,,4.11,,,4.61,,14.87,,,,,,,5.33,,4.39,,5.73,21.48,,7.46,5.48,,,,,,11.34,,4.19,,,,10.33,9.13,14.35,,,,,,,,,,,,,2.67,,,,,7.03,,,,,,,10.76,,,2.83,,,4.09,6.31,3.7,,,,,,8.41,,25.11,,3.76,,,4.19,,10.69,,4.49,4.7,,,,,,,,,,4.56,,4.41,8.27,,,,21.77,,,12.57,7.55,6.1,10.34,11.6,,,7.37,,,3.97,,,,3.21,,,,5.14,,,5.74,,,3.63,8.03,8.5,,9.44,,19.49,4.86,,,,,7.04,,11.0,,,5.64,,,,,3.74,,,3.25,3.52,,,5.46,11.16,,,2.14,,11.76,16.3,5.95,,3.3,3.88,4.05,,,,8.11,,,,,,,,,,,,27.91,,7.98,,,,,,,,,,,,,,,8.93
2013-03-08,,,,,,,9.78,,,,24.89,16.34,,,,27.06,,,11.21,,,14.76,,,16.7,,,,19.06,,19.73,8.59,17.57,,,,,34.29,,,,29.44,,,,,,,,2.88,,8.21,,5.33,,10.91,,,,,,,,10.91,,,,6.85,,10.84,31.78,,,,,,,,23.35,8.03,29.77,,,,15.4,,,,8.32,17.33,,,7.66,,,,,19.31,25.47,9.76,10.01,7.2,16.4,11.63,,,,,,,,,,,,,,,,,27.7,,,14.23,,,,,,,,,,,,,,18.23,,15.52,6.2,11.86,11.86,12.82,17.42,,,,,,9.11,21.34,12.64,41.77,,,,37.58,,,28.1,38.9,,,,,,,,6.61,,5.86,,,,10.17,7.72,,,,,,13.6,,,,5.54,,,,,,,,,,,,,,26.2,8.64,26.41,,,10.2,,,,,10.93,,13.82,,,,,14.72,7.89,,,,,,,8.73,,,,16.79,,,,,38.97,,,14.77,10.0,14.18,,,,6.19,,4.3,9.18,8.7,14.95,,,10.4,6.57,15.59,,,12.1,4.44,,,,,,,7.98,5.74,,,,4.64,6.06,,8.01,,,,,8.19,,14.14,5.78,,,5.99,,,,,,9.75,10.28,,9.07,,,,,,,12.43,5.85,,,,15.41,,,7.15,,,,,,,6.3,6.25,,,,,14.41,,,,6.28,9.92,,,,8.08,,18.89,11.95,,16.27,,11.35,,,,,,,,23.13,,9.93,,,,,,,,,,,,34.01,,,,12.25,,,,29.37,,,,,,,,9.72,,,7.5,,,,,7.76,,,,,,17.3,,3.35,,,,,,,,3.88,,,,,,,,,,,,12.38,11.94,,,19.6,,,,,,10.62,,,,,10.88,,,,,,,,,4.07,,,,,,,,24.61,,,21.32,,,11.92,7.28,,,,,16.1,,,23.25,,,,,,,,,,,,,,,,,,23.09,,,,17.65,11.26,,,,,,,,7.58,,,,,,,,,,7.29,,6.18,,,,9.61,,5.91,7.18,11.7,,,,,6.62,4.34,,,,,,,,,,3.71,,,,,,,,5.37,,,,,,,,,,,3.33,,,9.21,,,,,,5.56,4.71,,,,,,,,,,,,,5.47,,,11.16,,,,4.51,,,5.65,,,6.12,,14.89,,9.43,7.53,,,6.43,8.94,,9.69,5.87,,6.58,,,7.79,10.38,3.85,2.61,,,,,,7.06,,,,,3.13,12.54,,,,6.75,,,6.89,,,,,12.12,,,,5.36,,,,,,,7.96,,22.46,,,,,,,,,,,,3.08,4.75,,3.91,7.75,,,8.01,,,,,,,,,,14.3,11.58,,,,,15.97,,,,,26.39,,,,4.28,4.56,,,,7.19,,7.27,,,8.96,9.24,,8.86,14.75,12.8,,4.45,,,4.88,,15.01,,4.08,,,,7.4,,6.34,,16.27,3.88,,8.2,,,,,4.51,,,,,4.88,5.96,,4.06,,,4.59,,15.1,,,,,,,5.39,,4.46,,5.56,21.52,,7.32,5.5,,,,,,11.35,,4.14,,,,10.45,9.09,14.46,,,,,,,,,,,,,2.64,,,,,6.99,,,,,,,11.71,,,2.85,,,4.04,6.36,3.7,,,,,,8.43,,24.64,,3.72,,,4.16,,10.28,,4.46,4.66,,,,,,,,,,4.53,,4.4,7.87,,,,20.76,,,12.38,7.36,6.11,10.33,11.62,,,7.31,,,4.0,,,,3.27,,,,5.15,,,5.7,,,3.63,7.79,8.47,,9.33,,19.12,4.82,,,,,7.04,,11.05,,,5.53,,,,,3.72,,,3.19,3.54,,,5.5,11.14,,,2.13,,11.17,16.0,5.98,,3.31,3.88,3.98,,,,7.94,,,,,,,,,,,,28.35,,7.98,,,,,,,,,,,,,,,8.84
2013-03-11,12.12,,,,,,9.69,,,,25.61,16.49,,,,27.88,,,11.17,,,14.76,,,16.3,,,,19.51,,19.32,8.73,17.32,,,,,34.12,,,,29.08,,,,,,,,2.84,,,,5.26,,10.96,,,,,,,,10.82,,,,7.0,,10.77,31.96,,,,,,,,23.14,8.05,30.86,,,,15.61,,,,8.43,17.04,,,7.72,,,,,19.37,26.0,9.7,10.01,7.22,16.97,11.14,,,,,,,,,,,,,,,,,13.65,,,14.23,,,,,,,,,,,,,,18.35,,14.55,6.25,11.7,11.65,13.3,17.29,,,,,,9.08,20.91,12.88,40.6,,,,37.62,,,28.12,38.79,,,,,,,,6.64,,5.76,,,,10.16,7.89,,,,,,13.74,,,,5.49,,,,,,,,,,,,,,26.3,8.96,25.18,,,10.9,,,,,11.28,,13.4,,,,,14.85,7.95,,,,,,,8.64,,,,16.95,,,,,39.15,,,14.72,9.88,14.18,,,,6.5,,4.47,9.17,8.68,15.0,,,11.33,6.66,16.7,,,11.79,4.53,,,,,,,8.03,5.78,,,,,6.08,,8.1,,,,,8.28,,13.67,5.85,,,6.02,,,,,,9.75,10.35,,8.89,,,,,,,12.51,5.74,,,,15.45,,,7.21,,,,,,,6.28,6.23,,,,,14.76,,,,6.54,9.87,,,,8.22,,18.9,11.95,,17.0,,11.32,,,,,,,,22.98,,10.0,,,,,,,,,,,,33.65,,,,11.98,,,,28.79,,,,,,,,9.46,,,7.55,,,,,7.7,,,,,,17.68,,3.32,,,,,,,,3.8,,,,,,,,,,,,12.15,11.58,,,19.5,,,,,,10.82,,,,,10.92,,,,,,,,,4.0,,,,,,,,24.65,,,21.61,,,11.98,7.63,,,,,16.07,,,23.14,,,,,,,,,,,,,,,7.08,,,23.8,,,,17.72,11.29,,,,,,,,7.74,,,,,,,,,,7.2,,6.09,,,,9.72,,5.92,7.05,11.56,,,,,6.54,4.37,,,,,,,,,,3.71,,,,8.37,,,,5.47,,,,,,,,,,,3.18,,,9.2,,,,,,5.45,4.72,,,,,,,,,,,,,5.38,,,11.15,,,,4.53,,,5.74,,,6.08,,15.34,,9.3,7.58,,,6.7,8.79,,9.36,5.91,,6.84,,,7.8,10.47,3.86,2.62,,,,,,7.2,,,,,2.97,12.31,,,,7.2,,,7.05,,,,,12.48,,,,5.41,,,,,,,7.87,,24.0,,,,,,,,,,,,3.06,4.8,,3.93,8.46,,,8.04,,,,,,,,,,15.02,11.58,,,,,15.9,,,,,26.72,,,,4.29,4.51,,,,7.47,,7.28,,,9.03,9.08,,8.85,14.92,12.9,,4.5,,,4.91,,15.09,,4.06,,,,7.49,,6.17,,16.84,3.98,,8.04,,,,,4.49,,,,,5.03,5.95,,4.16,,,4.6,,14.87,,,,,,,5.55,,4.5,,5.82,22.39,,7.27,5.47,,,,,,11.53,,4.13,,,,10.43,9.14,14.18,,,,,,,,,,,,,2.65,,,,,7.0,,,,,,,10.55,,,2.82,,,4.07,6.5,3.67,,,,,,8.29,,24.9,,3.72,,,4.2,,10.15,,4.46,4.65,,,,,,,,,,4.55,,4.38,7.72,,,,20.59,,,12.23,7.3,6.1,10.22,11.6,,,7.19,,,3.98,,,,3.3,,,,5.16,,,5.78,,,3.7,7.53,8.89,,9.54,,18.87,4.84,,,,,7.13,,11.16,,,5.51,,,,,3.72,,,3.13,3.48,,,5.54,11.23,,,2.14,,11.73,16.08,5.94,,3.45,4.05,3.87,,,,7.65,,,,,,,,,,,,28.53,,7.88,,,,,,,,,,,,,,,8.87
2013-03-12,11.56,,,,,,9.28,,,,25.14,16.26,,,,26.97,,,11.26,,,14.05,,,15.55,,,,18.5,,18.05,8.25,15.92,,,,,32.62,,,,27.6,,,,,,,,2.82,,,,5.32,,10.73,,,,,,,,10.27,,,,6.73,,10.24,30.4,,,,,,,,22.22,7.83,30.0,,,,14.82,,,,8.14,16.5,,,7.55,,,,,18.49,24.28,9.43,9.66,6.98,16.37,10.53,,,,,,,,,,,,,,,,,12.85,,,13.92,,,,,,,,,,,,,,17.51,,14.24,5.93,11.34,11.3,12.85,16.91,,,,,,8.77,20.36,12.43,39.56,,,,35.25,,,27.8,37.34,,,,,,,,6.39,,5.59,,,,9.51,7.35,,,,,,13.01,,,,5.27,,,,,,,,,,,,,,25.24,8.53,22.66,,,10.47,,,,,10.65,,12.66,,,,,14.09,7.45,,,,,,,8.28,,,,16.49,,,,,38.35,,,14.13,9.49,14.01,,,,6.51,,4.37,8.93,8.88,14.68,,,10.91,6.34,15.88,,,11.83,4.61,,,,,,,7.82,5.58,,,,,5.85,,8.22,,,,,7.94,,13.68,5.54,,,5.9,,,,,,9.5,9.91,,8.59,,,,,,,12.98,5.52,,,,15.48,,,6.89,,,,,,,6.07,5.99,,,,,15.4,,,,6.34,9.42,,,,8.16,,18.52,11.5,,16.43,,10.95,,,,,,,,22.75,,9.9,,,,,,,,,,,,31.95,,,,11.32,,,,26.9,,,,,,,,9.26,,,7.11,,,,,7.36,,,,,,16.88,,3.26,,,,,,,,3.71,,,,,,,,,,,,11.79,11.36,,,19.03,,,,,,10.54,,,,,10.49,,,,,,,,,3.83,,,,,,,,23.95,,,20.83,,,11.46,7.41,,,,,15.54,,,22.18,,,,,,,,,,,,,,,6.9,,,22.65,,,,17.35,10.73,,,,,,,,7.38,,,,,,,,,,6.98,,5.93,,,,9.6,,5.76,6.93,11.49,,,,,6.38,4.25,,,,,,,,,,3.65,,,,8.64,,,,5.41,,,,,,,,,,,3.13,,,8.93,,,,,,5.28,4.55,,,,,,,,,,,,,5.18,,,10.82,,,,4.71,,,5.84,,,5.89,,15.39,,8.85,7.3,,,6.6,8.99,,8.86,5.67,,7.52,,,7.63,10.17,3.71,2.56,,,,,,6.87,,,,,2.82,12.1,,,,7.4,,,6.81,,,,,12.2,,,,5.36,,,,,,,7.67,,21.72,,,,,,,,,,,,2.98,4.6,,3.83,8.3,,,7.89,,,,,,,,,,15.34,11.38,,,,,15.27,,,,,25.03,,,,4.09,4.41,,,,7.36,,7.09,,,8.68,8.7,,8.78,14.6,12.41,,4.44,,,4.72,,14.77,,3.95,,,,7.36,,6.18,,16.15,4.14,,8.34,,,,,4.36,,,,,4.8,5.74,,4.04,,,4.5,,14.43,,,,,,,5.44,,4.41,,6.35,21.54,,7.14,5.3,,,,,,11.34,,4.04,,,,10.49,8.96,13.83,,,,,,,,,,,,,2.61,,,,,6.72,,,,8.71,,,11.61,,,2.73,,,3.98,6.24,3.62,,,,,,8.2,,25.0,,3.68,,,4.07,,9.64,,4.36,4.6,,,,,,,,,,4.66,,4.31,7.61,,,,19.65,,,12.02,7.39,5.93,10.01,11.23,,,7.09,,,3.99,,,,3.2,,,,5.01,,,5.83,,,3.57,7.48,9.03,,9.18,,19.08,4.73,,,,,7.18,,10.87,,,5.32,,,,,3.68,,,3.08,3.42,,,5.5,10.8,,,2.11,,11.8,15.87,5.87,,3.34,4.03,3.8,,,,7.47,,,,,,,,,,,,27.71,,7.59,,,,,,,,,,,,,,,8.82
2013-03-13,11.4,,,,,,9.1,,,,24.66,16.1,,,,26.4,,,11.31,,,14.06,,,15.47,,,,18.61,,18.16,8.17,15.59,,,,,33.19,,,,27.88,,,,,,,,2.78,,,,5.2,,10.71,,,,,,,,10.16,,,,6.68,,10.09,30.2,,,,,,,,21.78,7.81,30.65,,,,14.63,,,,8.22,15.95,,,7.78,,12.4,,,18.04,23.9,9.18,9.52,6.99,16.48,10.26,,,,,,,,,,,,,,,,,12.99,,,13.85,,,,,,,,,,,,,,17.47,,14.28,5.73,11.07,11.26,13.58,17.22,,,,,,8.81,20.19,11.79,37.17,,,,35.52,,,28.75,37.0,,,,,,,,6.67,,5.64,,,,9.72,7.1,,,,,,12.49,,,,5.44,,,,,,,,,,,,,,25.15,8.46,22.45,,,10.16,,,,,10.52,,12.67,,,,,13.92,7.57,,,,,,,8.15,,,,16.4,,,,,37.96,,,13.7,9.19,14.01,,,,6.38,,4.57,8.94,9.13,15.1,,,11.08,6.15,15.45,,,11.95,4.72,,,,,,,8.4,5.45,,,,,5.8,,8.27,,,,,7.73,,13.56,5.48,,,5.83,,,,,,9.56,10.17,,9.14,,,,,,,13.9,5.59,,,,15.9,,,6.77,,,,,,,5.94,5.93,,,,,15.18,,,,6.06,9.13,,,,8.34,,18.4,11.58,,16.31,,10.73,,,,,,,,22.62,,10.02,,,,,,,,,,,,32.59,,,,11.0,,,,27.15,,,,,,,,9.09,,,6.98,,,,,7.18,,,,,,16.6,,3.21,,,,,,,,3.71,,,,,,,,,,,,11.83,11.56,,,19.1,,,,,,10.5,,,,,10.3,,,,,,,,,3.7,,,,,,,,23.59,,,20.43,,,11.5,7.09,,,,,15.85,,,21.62,,,,,,,,,,,,,,,6.81,,,23.6,,,,17.41,10.36,,,,,,,,7.33,,,,,,,,,,6.89,,5.88,,,,9.35,,5.62,6.84,11.18,,,,,6.38,4.27,,,,,,,,,,3.55,,,,8.58,,,,5.25,,,,,,,,,,,3.07,,,8.93,,,,,,5.14,4.33,,,,,,,,,,,,,5.08,,,10.6,,,,4.72,,,5.89,,,5.86,,14.92,,8.66,7.22,,,6.8,9.89,,8.75,5.48,,6.81,,,7.64,10.01,3.71,2.5,,,,,,6.88,,,,,2.79,11.64,,,,7.45,,,6.4,,,,,12.34,,,,5.35,,,,,,,7.54,,21.69,,,,,,,,,,,,2.98,4.46,,3.78,8.14,,,7.93,,,,,,,,,,14.99,11.31,,,,,14.87,,,,,25.1,,,,4.14,4.42,,,,7.27,,7.05,,,8.67,8.62,,8.75,16.06,12.09,,4.41,,,4.92,,14.01,,3.97,,,,7.24,,6.06,,15.97,4.15,,8.58,,,,,4.48,,,,,4.6,5.65,,4.05,,,4.45,,14.26,,,,,,,5.53,,4.24,,6.36,21.19,,7.11,5.3,,,,,,11.47,,4.03,,,,10.62,9.28,13.83,,,,,,,,,,,,,2.58,,,,,6.76,3.72,,,9.05,,,11.15,,,2.68,,,3.94,6.03,3.55,,,,,,8.26,,24.12,,3.6,,,4.01,,9.25,,4.36,4.46,,,,,,,,,,4.72,,4.28,7.47,,,,19.1,,,11.96,7.27,5.76,9.67,11.26,,,7.2,,,4.0,,,,3.39,,,,4.99,,,5.89,,,3.51,7.42,9.16,,9.29,,18.84,4.65,,,,,7.44,,10.65,,,5.24,,,,,3.65,,,3.11,3.5,,,5.48,10.64,,,2.11,,11.26,15.59,5.71,,3.27,3.92,3.73,,,,7.37,,,,,,,,,,,,27.39,,7.42,,,,,,,,,,,,,,,8.5
2013-03-14,11.43,,,,,,9.12,,,,25.55,16.18,,,,28.11,,,10.95,,,14.0,,,15.48,,,,18.1,,18.4,8.01,15.57,,,,,32.86,,,,28.98,,,,,,,,2.78,,,,5.19,,10.54,,,,,,,,10.41,,,,6.69,,10.12,30.53,,,,,,,,21.91,7.78,31.42,,,,14.66,,,,8.05,16.08,,,7.67,,12.41,,,18.09,22.2,9.18,9.5,6.96,17.48,10.29,,,,,,,,,,,,,,,,,13.1,,,13.75,,,,,,,,,,,,,,17.66,,14.28,5.73,11.05,11.34,13.34,17.78,,,,,,8.81,20.33,11.87,36.33,,,,34.9,,,30.38,37.77,,,,,,,,6.79,,5.67,,,,9.53,7.1,,,,,,12.26,,,,5.3,,,,,,,,,,,,,,25.32,8.3,23.51,,,10.4,,,,,11.16,,12.53,,,,,13.96,7.81,,,,,,,8.16,,,,16.55,,,,,38.07,,,13.72,9.2,14.2,,,,6.7,,4.67,8.85,9.03,14.8,,,11.1,6.77,15.21,,,12.15,4.64,,,,,,,8.42,5.47,,,,,5.8,,7.95,,,,,7.8,,13.46,5.44,,,5.82,,,,,,9.62,10.04,,9.71,,,,,,,13.93,5.53,,,,16.86,,,6.81,,,,5.06,,,5.95,6.01,,,,,16.1,,,,6.0,9.15,,,,8.32,,18.2,11.5,,17.3,,10.88,,,,,,,,22.63,,10.2,,,,,,,,,,,,32.45,,,,11.1,,,,26.96,,,,,,,,9.1,,,7.03,,,,,7.19,,,,,,17.18,,3.2,,,,,,,,3.72,,,,,,,,,,,,11.88,11.36,,,19.05,,,,,,10.58,,,,,10.2,,,,,,,,,3.72,,,,,,,,23.44,,,20.6,,,11.59,6.98,,,,,15.75,,,21.72,,,,,,,,,,,,,,,6.83,,,25.0,,,,17.37,10.79,,,,,,,,7.31,,,,,,,,,,7.02,,5.89,,,,9.56,,5.56,6.86,11.12,,,,,6.51,4.33,,,,,,,,,,3.58,,,,8.19,,,,5.28,,,,,,,,,,,3.06,,,8.77,,,,,,5.14,4.26,,,,,,,,,,,,,5.07,,,10.8,,,,4.81,,,5.72,,,5.79,,14.86,,8.62,7.22,,,6.78,9.57,,9.01,5.49,,6.63,,,7.48,10.04,3.72,2.53,,,,,,6.75,,,,,2.81,11.65,,,,7.47,,,6.34,,,,,12.45,,,,5.13,,,,,,,7.54,,20.84,,,,,6.5,,,,,,,3.05,4.54,,3.77,7.92,,,7.96,,,,,,,,,,15.13,11.3,,,,,14.93,,,,,26.17,,,,4.16,4.51,,,,7.26,,7.07,,,8.68,9.48,,8.73,16.03,12.08,,4.5,,,4.94,,14.0,,3.95,,,,7.22,,5.93,,16.34,4.15,,8.46,,,,,4.42,,,,,4.58,5.66,,4.19,,,4.61,,14.23,,,,,,,5.61,,4.19,,6.34,21.17,,7.09,5.28,,,,,,11.27,,4.05,,,,10.48,9.5,13.65,,,,,,,,,,,,,2.59,,,,,6.68,3.65,,,9.25,,,11.44,,5.76,2.69,,,3.95,6.07,3.53,,,,,,8.47,,24.05,,3.6,,,3.99,,9.24,,4.41,4.46,,,,,,,,,,4.7,,4.32,7.53,,,,18.15,,,11.97,7.24,5.79,9.71,11.06,,,7.22,,,4.0,,,,3.38,,,,5.06,,,5.87,,,3.5,7.45,9.07,,9.14,,18.63,4.67,,,,,7.47,,10.46,,,5.21,,,,,3.64,,,3.08,3.46,,,5.75,10.67,,,2.11,,11.61,15.62,5.81,,3.3,3.91,3.73,,,,7.4,,,,,,,,,,,,27.3,,7.61,,,,,,,,,,,,,,,8.47
2013-03-15,11.53,,,,,,9.49,,,,25.65,16.11,,,,28.77,,,10.42,,,14.27,,,17.03,,,,18.11,,19.37,7.97,15.71,,,,,32.87,,,,30.05,,,,,,,,2.77,,,,5.21,,10.41,,,,,,,,10.27,,,,6.6,,10.37,30.66,,,,,,,,22.03,7.94,31.77,,,,14.6,,,,8.05,16.62,,,7.4,,12.5,,,18.23,22.42,9.07,9.52,6.91,17.17,10.19,,,,,,,,,,,,,,,,,13.52,,,14.0,,,,,,,,,,,,,,17.95,,14.5,5.68,11.01,11.31,13.0,18.05,,,,,,8.69,20.45,12.33,36.35,,,,35.13,,,29.5,37.71,,,,,,,,6.84,,5.58,,,,9.77,7.17,,19.5,,,,12.24,,,,5.33,,,,,,,,,,,,,,26.92,8.29,23.75,,,10.37,,,,,11.3,,12.54,,,,,14.09,7.5,,,,,,,8.14,,,,16.71,,,,,39.14,,,13.93,9.18,14.4,,,,7.04,,4.46,8.9,8.83,14.58,,,11.22,6.61,15.34,,,11.88,4.56,,,,,,,8.25,5.41,,,,4.87,5.83,,7.96,,,,,7.88,,13.46,5.45,,,5.85,,,,,,9.51,10.03,,9.46,,,,,,,13.4,5.54,,,,16.84,,,6.88,,,,4.99,,,5.94,5.86,,,,,15.72,,,,5.95,9.13,,,,8.29,,18.54,11.68,,16.88,,11.05,,,,,,,,23.49,,9.95,,,,,,,,,,,,32.65,,,,11.38,,,,27.19,,,,,,,,9.1,,,7.05,,,,,7.1,,,,,,17.7,,3.19,,,,,,,,3.68,,,,,,,,,,,,11.9,11.5,,,18.98,,,,,,10.38,,,,,10.25,,,,,,,,,3.65,,,,,,,,23.32,,,20.77,,,11.5,6.92,,,,,15.78,,,21.87,,,,,,,,,,,,,,,6.75,,,24.45,,,,17.42,11.4,,,,,,,,7.36,,,,,,,,,,6.95,,6.0,,,,9.41,,5.57,6.81,11.15,,,,,6.39,4.48,,,,,,,,,,3.6,,,,7.99,,,,5.3,,,,,,,,,,,3.06,,,8.84,,,,,,5.08,4.34,,,,,,,,,,,,,5.13,,,10.83,,,,4.96,,,5.83,,,5.81,,15.5,,8.53,7.39,,,6.48,9.42,,9.01,5.53,,6.6,,,7.48,9.93,3.7,2.52,,,,,,6.67,,,,,2.73,11.68,,,,7.31,,,6.43,,,,,12.29,,,,5.12,,,,,,,7.62,,20.85,,,,,6.88,,,,,,,3.06,4.53,,3.72,7.97,,,7.97,,,,,,,,,,15.12,11.42,,,,,14.82,,,,,25.65,,,,4.1,4.45,,,,7.41,,7.04,,,8.64,9.44,,8.72,15.64,11.84,,4.37,,,4.85,,14.33,,3.97,,,,7.17,,5.93,,16.44,3.87,,8.33,,,,,4.35,,,,,4.87,5.7,,4.12,,,4.54,,14.35,,,,,,,5.59,,4.22,,6.24,21.5,,7.04,5.27,,,,,,11.27,,,,,,10.45,9.31,13.85,,,,,,,,,,,,,2.6,,,,,6.55,3.61,,,9.22,,,10.93,,5.6,2.69,,,3.97,6.06,3.52,,,,,,8.38,,22.9,,3.54,,,3.96,,9.14,,4.41,4.45,,,,,,,,,,4.82,,4.29,7.55,,,,18.35,,,11.88,7.3,5.75,9.59,11.09,,,7.13,,,4.0,,,,3.32,,,,5.07,,,5.76,,,3.5,7.54,8.97,,9.29,,18.54,4.68,,,,,7.66,,10.49,,,5.24,,,,,3.62,,,3.12,3.58,,,5.67,10.8,,,2.1,,11.49,14.98,5.84,,3.35,3.93,3.75,,,,7.5,,,,,,,,,,,,27.63,,7.57,,,,,,,,,,,,,,,8.37
2013-03-18,11.32,,,,,,9.39,,,,25.78,16.36,,,,30.49,,,9.7,,,14.17,,,16.64,,,,18.62,,19.43,7.54,15.8,,,,,32.0,,,,28.85,,,,,,,,2.75,,,,5.13,,10.94,,,,,,,,10.03,,,,6.52,,10.48,29.59,,,,,,,,21.6,7.86,31.9,,,,14.47,,,,7.7,16.68,,,7.21,,12.23,,,18.73,22.0,8.98,9.19,6.74,17.65,9.87,,,,,,,,,,,,,,,,,13.37,,,13.95,,,,,,,,,,,,,,17.75,,14.51,5.6,10.6,11.11,12.98,17.64,,,,,,8.47,20.1,12.59,36.1,,,,34.77,,,30.09,36.5,,,,,,,,6.72,,5.51,,,,9.66,,,19.73,,,,12.48,,,,5.2,,,,,,,,,,,,,,28.0,8.07,22.88,,,10.3,,,,,10.88,,13.01,,,,,14.24,7.27,,,,,,,7.84,,,,16.46,,,,,39.2,,,13.89,8.94,14.23,,,,6.9,,4.22,8.83,8.71,14.0,,,,6.68,15.23,,,11.0,4.73,,,,,,,7.66,5.27,,,,5.11,5.83,,7.86,,,,,7.89,,13.3,5.2,,,5.71,,,,,,9.64,9.88,,8.98,,,,,,,13.15,5.44,,,,16.55,,,6.83,,,,5.22,,,5.85,5.64,,,,,15.3,,,,5.95,9.01,,,,8.21,,18.6,11.89,,15.19,,10.7,,,,,,,,22.75,,10.51,,,,,,,,,,,,33.6,,,,10.96,,,,27.52,,,,,,,,9.13,,,7.04,,,,,6.94,,,,,,17.72,,3.11,,,,,,,,3.54,,,,,,,,,,,,11.43,11.25,,,19.21,,,,,,10.44,,,,,10.15,,,,,,,,,,,,,,,,,23.44,,,20.36,,,11.52,6.71,,,,,15.57,,,21.62,,,,,,,,,,,,,,,6.73,,,24.3,,,,16.68,11.97,,,,,,,,7.18,,,,,,,,,,7.0,,5.96,,,,9.56,,5.51,6.65,10.83,,,,,6.26,4.46,,,,,,,,,,3.53,,,,7.9,,,,5.41,,,,,,,,,,,2.94,,,8.74,,,,,,5.09,4.31,,,,,,,,,,,,,4.97,,,10.2,,,,4.85,,,5.6,,,5.58,,15.24,,8.39,7.41,,,6.24,9.9,,8.83,5.5,,6.44,,,7.42,9.65,3.67,2.44,,,,,,6.38,,,,,2.6,11.28,,,,7.37,,,6.57,,,,,11.21,,,,5.11,,,,,,,7.56,,19.68,,,,,6.76,,,,,,,3.02,4.38,,3.71,7.84,,,7.81,,,,,,,,,,15.2,11.16,,,,,14.31,,,,,24.96,,,,4.06,4.39,,,,7.28,,6.84,,,8.44,8.85,,8.71,15.36,11.48,,4.15,,,4.67,,14.26,,3.93,,,,7.17,,5.77,,16.34,3.71,,7.78,,,,,4.3,,,,,4.8,5.63,,4.03,,,4.45,,14.31,,,,,,,5.46,,4.16,,6.86,21.13,,6.81,5.25,,,,,,10.88,,4.03,,,,10.47,8.96,13.69,,,,,,,,,,,,,2.58,,,,,6.43,3.6,,,9.18,,,10.57,,5.57,2.65,,,3.92,5.83,3.47,,,,,,8.24,,23.22,,3.51,,,3.93,,9.02,,4.36,4.48,,,,,,,,,,4.81,,4.35,7.61,,,,17.98,,,11.4,7.18,5.53,9.58,10.6,,,7.09,,,4.13,,,,3.21,,,,5.03,,,5.75,,,3.43,7.01,9.03,,9.14,,18.4,4.6,,,,,8.05,,10.08,,,5.1,,,,,3.6,,,3.06,3.57,,,5.95,10.83,,,2.09,,11.51,14.81,5.84,,3.52,3.98,3.66,,,,7.14,,,,,,,,,,,,28.2,,7.45,,,,,,,,,,,,,,,8.12
2013-03-19,11.32,,,,,,9.52,,,,24.9,16.1,,,,31.15,,,9.79,,,14.46,,,16.83,,,,17.75,,20.2,7.59,16.59,,,,,32.22,,,,30.67,,,,,,,,2.77,,,,5.16,,11.2,,,,,,,,10.14,,,,6.59,,10.26,28.86,,,,,,,,21.17,7.83,31.49,,,,14.4,,,,7.78,16.74,,,7.27,,12.3,,,18.23,21.66,9.08,9.1,6.76,18.43,9.93,,,,,,,,,,,,,,,,,13.46,,,13.88,,,,,,,,,,,,,,17.93,,14.44,5.53,11.0,11.46,13.19,17.76,,,,,,8.56,20.0,13.05,36.5,,,,34.4,,,29.0,36.75,,,,,,,,6.97,,5.55,,,,9.8,,,19.64,,,,12.17,,,,5.06,,,,,,,,,,,,,,27.07,8.15,22.1,,,10.35,,,,,10.98,,13.04,,,,,14.05,7.33,,,,,,,7.79,,,,16.23,,,,,39.51,,,13.74,8.86,14.94,,,,7.25,,4.27,8.85,8.65,14.08,,,,6.6,15.3,,,10.65,4.9,,,,,,,7.44,5.28,,,,5.37,5.7,,7.7,,,,,7.96,,13.5,5.25,,,5.61,,,,,,9.69,9.64,,9.09,,,,,,,13.03,5.46,,,,15.86,,,6.87,,,,5.04,,,5.92,5.68,,,,,15.01,,,,6.14,9.1,,,,8.44,,19.3,11.89,,15.6,,10.97,,,,,,,,22.49,,10.12,,,,,,,,,,,,33.5,,,,10.69,,,,28.15,,,,,,,,8.98,,,6.97,,,,,6.98,,,,,,17.3,,3.13,,,,,,,,3.57,,,,,,,,,,,,11.27,11.45,,,19.89,,,,,,10.38,,,,,10.02,,,,,,,,,3.69,,,,,,,,23.66,,,20.7,,,11.41,6.71,,,,,15.31,,,21.46,,,,,,,,,,,,,,,6.69,,,23.55,,,,17.0,11.97,,,,,,,,7.15,,,,,,,,,,7.07,,6.08,,,,9.95,,5.62,6.79,10.84,,,,,6.21,4.47,,,,,,,,,,3.64,,,,7.97,,,,5.41,,,,,,,,,,,2.97,,,9.15,,,,,,5.19,4.25,,,,,,,,,,,,,4.89,,,10.29,,,,4.81,,,5.45,,,5.69,,13.95,,8.26,7.79,,,6.86,9.65,,9.1,5.37,,6.45,,,7.51,10.16,3.68,2.46,,,,,,6.48,,,,,2.61,11.35,,,,7.63,,,6.43,,,,,11.29,,,,5.02,,,,,,,7.45,,20.89,,,,,6.51,,,,,,,3.01,4.31,,3.7,7.84,,,7.67,,,,,,,,,,15.0,11.16,,,,,14.48,,,,,24.79,,,,4.07,4.43,,,,6.95,,6.89,,,8.58,8.95,4.62,8.73,16.45,11.6,,4.11,,,4.7,,14.65,,3.9,,,,7.32,,5.87,,16.34,3.83,,8.56,,,,11.53,4.25,,,,,4.78,5.7,,4.16,,,4.56,,14.07,,,,,,,5.64,,4.13,,6.85,20.56,,6.76,5.37,,,,,,11.08,,4.01,,,,10.56,8.94,14.67,,,,,,,,,,,,,2.62,,,,,6.44,3.57,,,8.91,,,10.09,,6.05,2.66,,,4.05,5.78,3.49,,,,,,8.34,,24.44,,3.58,,,3.97,,9.37,,4.47,4.65,,,,,,,,,,4.8,,4.5,7.14,,,,17.84,,,11.36,7.13,5.9,10.29,10.65,,,7.25,,,4.4,,,,3.37,,,,5.08,,,5.81,,,3.45,6.91,8.95,,9.69,,18.62,4.6,,,,,8.08,,10.14,,,5.13,,,,,3.66,,,3.01,3.52,,,5.96,10.87,,,2.1,,11.94,15.65,5.9,,3.7,4.1,3.68,,,,7.27,,,,,,,,,,,,28.53,,7.59,,,,,,,,,,,,,,,8.18
2013-03-20,11.6,,,,,,9.47,,,,25.44,16.61,,,,31.43,,,10.03,,,14.72,,,17.26,,,,18.24,,20.3,7.74,17.08,,,,,33.42,,,,31.55,,,,,,58.01,,2.79,,,,5.26,,11.16,,,,,,,,10.36,,,,6.71,,10.86,30.11,,,,,,,,21.8,8.02,31.97,,,,14.76,,,,7.98,16.96,,,7.4,,12.61,,,18.82,22.06,9.26,9.34,6.93,18.36,10.25,,,,,,,,,,,,,,,,,13.37,,,14.23,,,,,,,,,,,,,,18.51,,14.8,5.74,11.62,11.7,13.54,18.41,,,,,,8.69,20.6,13.4,37.0,,,,35.19,,,29.4,39.43,,,,,,,,7.31,,5.73,,,,10.03,,,20.17,,,,12.61,,,,5.19,,,,,,,,,,,,,,27.94,8.34,22.71,,,10.65,,,,,11.44,,13.26,,,,,14.64,7.47,,,,,,,7.98,,,,16.74,,,,,41.07,,,14.18,9.13,15.05,,,,7.58,,4.31,9.01,8.82,14.5,,,,6.75,15.77,,,11.08,4.92,,,,,,,7.6,5.43,,,,5.39,5.79,,7.88,,,,,8.21,,,5.37,,,5.69,,,,,,9.84,9.76,,9.13,,,,,,,13.33,5.61,,,,15.53,,,7.08,,,,5.28,,,6.02,5.78,,,,,15.46,,,,6.19,9.33,,,,8.5,,19.18,12.22,,16.35,,11.2,,,,,,,,22.5,,10.33,,,,,,,,,,,,34.06,,,,11.16,,,,28.51,,,,,,,,9.4,,,7.12,,,,,7.18,,,,,,18.0,,3.17,,,,,,,,3.65,,,,,,,,,,,,11.63,11.63,,,19.89,,,,,,10.7,,,,,10.29,,,,,,,,,3.72,,,,,,,,24.56,,,21.15,,,11.78,6.9,,,,,15.7,,,22.05,,,,,,,,,,,,,,,6.85,,,24.07,,,,17.57,12.39,,,,,,,,7.38,,,,,,,,,,7.41,,6.3,,,,10.14,,5.69,7.03,11.59,,,,,6.35,4.53,,,,,,,,,,3.78,,,,8.09,,,,5.48,,,,,,,,,,,3.03,,,9.54,,,,,,5.28,4.33,,,,,,,,,,,,,5.03,,,10.66,,,,5.06,,,5.55,,,5.82,,14.26,,8.58,7.77,,,6.88,9.67,,9.54,5.54,,6.6,,,7.64,10.57,3.74,2.51,,,,,,6.6,,,,,2.64,12.01,,,,7.67,,,6.77,,,,,11.57,,,,5.16,,,,,,,7.6,,21.32,,,,,6.58,,,,,,,3.06,,,3.78,8.01,,,7.84,,,,,,,,,,15.27,11.31,,,,,14.93,,,,,25.67,,,,4.48,4.52,,,,7.09,,7.12,,,8.79,9.01,4.68,8.83,16.48,11.86,,4.2,,,4.79,,15.7,,4.01,,,,7.51,,6.0,,16.7,3.84,,8.84,,,,11.07,4.4,,,,,4.84,5.97,,4.2,,,4.62,,14.3,,,,,,,5.78,,4.22,,6.77,21.06,,6.92,5.43,,,,,,11.29,,4.11,,,,11.24,9.1,14.72,,,,,,,,,,,,,2.67,,,,,6.59,3.62,,,9.14,,,10.3,,6.12,2.65,,,4.14,5.94,3.55,,,,,,8.47,,25.1,,3.67,,,4.05,,9.52,,4.54,4.73,,,,,,,,,,4.88,,4.54,7.27,,,,18.68,,,11.64,7.37,6.08,10.56,11.11,,,7.35,,,4.42,,,,3.39,,,,5.16,,,5.9,,,3.54,7.2,9.1,,9.74,,19.48,4.71,,,,,8.06,,10.37,,,5.24,,,,,3.73,,,3.06,3.58,,,6.26,11.02,,,2.12,,11.85,16.32,6.1,,3.85,4.1,3.78,,,,7.4,,,,,,,,,,,,28.79,,7.7,,,,,,,,,,,,,,,8.49
2013-03-21,11.61,,,,,,9.46,,,,26.53,17.06,,,,31.56,,,10.24,,,14.69,,,17.34,,,,19.0,,20.2,7.79,17.82,,,,,34.18,,,,32.65,,,,,,60.25,,2.82,,,,5.35,,11.35,,,,,,,,10.36,,,,6.72,,10.94,30.41,,,,,,,,21.96,8.36,33.09,,,,15.3,,,,8.06,16.24,,,7.44,,12.65,,,19.5,21.9,9.29,9.51,7.05,18.37,10.68,,,,,,,,,,,,,,10.97,,,13.2,,,14.28,,,,,,,,,,,,,,18.57,,15.45,5.78,11.55,11.74,13.38,18.4,,,,,,8.72,20.75,13.42,37.5,,,,35.83,,,30.36,39.58,,,,,,,,7.31,,5.78,,,,10.1,,,20.3,,,,13.1,,,,5.27,,,,,,,,,,,,,,28.82,8.49,23.5,,,10.67,,,,,11.6,,13.32,,,,,15.06,7.51,,,,,,,8.11,,,,17.03,,,,,41.59,,,14.2,9.25,15.37,,,,7.53,,4.37,9.09,8.85,14.57,,,,6.68,16.01,,,11.2,5.1,,,,,,,7.53,5.42,,,,5.4,5.82,,7.97,,,,,8.17,,13.77,5.39,,,5.72,,,,,,9.87,10.03,,9.08,,,,,,,13.53,5.72,,,,15.59,,,7.07,,,,5.21,,,6.2,5.79,,,,,16.08,,,,6.18,10.07,,,,8.72,,19.16,12.48,,16.25,,11.95,,,,,,,,22.71,,10.29,,,,,,,,,,,,35.1,,,,11.22,,,,28.8,,,,,,,,9.44,,,7.44,,,,,7.22,,,,,,18.45,,3.17,,,,,5.19,,,3.68,,,,,,,,,,,,11.77,11.85,,,20.1,,,,,,11.77,,,,,10.39,,,,,,,,,3.74,,,,,,,,24.6,,,21.29,,,11.97,7.01,,,,,15.98,,,22.38,,,,,,,,,,,,,,,6.9,,,25.75,,,,17.47,12.44,,,,,,,,7.42,,,,,,,,,,7.4,,6.28,,,,10.0,,5.68,7.07,11.57,,,,,6.47,4.52,,,,,,,,,,3.74,,,,8.02,,,,5.51,,,,,,,,,,,3.03,,,9.9,,,,,,5.36,4.34,,,,,,,,,,,,,5.12,,,10.71,,,,4.94,,,5.74,,,5.82,,14.2,,8.68,7.79,,,7.09,9.86,,9.55,5.57,,6.68,,,7.61,10.48,3.73,2.51,,,,,,6.77,,,,,2.77,12.15,,,,7.57,,,6.95,,,,,11.58,,,,5.29,,,,,,,7.71,,21.93,,,,,6.7,,,,,,,3.08,,,3.79,8.08,,,7.9,,,,,,,,,,16.03,11.3,,,,,15.26,,,,,26.65,,,,4.42,4.54,,,,7.42,,7.09,,,8.88,9.16,4.74,8.79,16.57,11.95,,4.21,,,4.9,,15.86,,4.0,,,,7.51,,5.94,,17.04,3.88,,8.91,,,,11.2,4.4,,,,,4.8,5.98,,4.19,,,4.59,,14.29,,,,,,,5.96,,4.22,,6.79,21.54,,6.98,5.48,,,,,,11.39,,4.1,,,,11.27,9.08,15.2,,,,,,,,,,,,,2.66,,,,,6.67,3.61,,,9.44,,,10.74,,6.09,2.62,,,4.12,6.02,3.56,,,,,,8.49,,24.81,,3.74,,,4.08,,9.4,,4.5,4.69,,,,,,,,,,4.84,,4.58,7.39,,,,18.65,,,11.7,7.31,5.99,10.5,11.17,,,7.3,,,4.62,,,,3.57,,,,5.15,,,5.87,,,3.55,7.49,9.1,,10.71,,19.58,4.73,,,,,8.42,,10.2,,,5.26,,,,,3.71,,,3.04,3.57,,,6.17,10.97,,,2.11,,11.88,16.05,,,3.7,4.11,3.82,,,,7.47,,,,,,,,,,,,29.06,,7.68,,,,,,,,,,,,,,,8.51
2013-03-22,11.53,,,,,,9.54,,,,26.18,17.04,,,,33.05,,,10.1,,,15.15,,,17.0,,,,18.51,,19.6,7.77,18.26,,,,,33.94,,,,32.4,,,,,,58.39,,2.8,,,,5.3,,11.26,,,,,,,,10.35,,,,6.75,,10.98,30.19,,,,,,,,21.55,8.31,32.73,,,,15.08,,,,8.01,16.19,,,7.41,,12.56,,,19.37,21.66,9.3,9.49,7.04,18.19,10.75,,,,,,,,,,,,,,10.98,,,13.03,,,14.32,,,,,,,,,,,,,,18.55,,15.23,5.78,11.46,11.7,12.61,18.1,,,,,,8.73,20.61,13.56,37.64,,,,35.79,,,30.06,39.69,,,,,,,,7.12,,5.83,,,,9.96,,,20.08,,,,13.03,,,,5.25,,,,,,,,,,,,,,28.1,8.4,23.66,,,10.86,,,,,11.47,,13.06,,,,,15.14,7.5,,,,,,,8.05,,,,16.99,,,,,41.9,,,14.16,9.4,15.08,,,,7.89,,4.35,8.98,8.84,14.99,,,,6.58,15.89,,,11.0,5.04,,,,,,,7.65,5.45,,,,5.41,5.84,,8.03,,,,,8.2,,13.51,5.41,,,5.75,,,,,,9.93,10.07,,9.41,,,,,,,13.24,5.7,,,,15.67,,,7.25,,,,5.19,,,6.53,5.84,,,,,16.33,,,,6.1,10.06,,,,8.83,,18.83,12.32,,15.93,,11.82,,,,,,,,22.78,,10.48,,,,,,,,,,,,36.03,,,,11.24,,,,28.57,,,,,,,,9.36,,,7.37,,,,,7.24,,,,,,18.4,,3.19,,,,,5.21,,,3.74,,,,,,,,,,,,11.77,11.79,,,20.18,,,,,,12.34,,,,,10.44,,11.88,,,,,,,3.8,,,,,,,,24.83,,,21.04,,,11.98,7.08,,,,,16.0,,,22.33,,,,,,,,,,,,,,,6.92,,,25.95,,,,17.52,12.24,,,,,,,,7.57,,,,,,,,,,7.36,,6.45,,,,10.1,,5.65,7.02,11.48,,,,,6.65,4.51,,,,,,,,,,3.78,,,,8.1,,,,5.64,,,,,,,,,,,3.02,,,9.72,,,,,,5.4,4.33,,,,,,,,,,,,,5.2,,,10.86,,,,5.11,,,5.7,,,6.2,,14.17,,8.68,7.86,,,7.12,9.37,,10.51,5.56,,6.75,,,7.71,10.59,3.76,2.52,,,,,,6.7,,,,,2.86,12.22,,,,8.04,,,6.84,,,,,11.58,,,,5.3,,,,,,,7.74,,22.67,,,,,6.63,,,,,,,3.08,,,3.8,8.08,,,7.93,,,,,,,,,,15.89,11.3,,,,,15.36,,,,,26.99,,,,4.5,4.54,,,,7.39,,7.02,,,8.78,8.99,4.68,8.89,16.4,11.84,,4.2,,,4.91,,16.87,,4.21,,,,7.69,,6.11,,17.12,3.93,,9.04,,,,11.72,4.39,,,,,4.74,5.95,,4.24,,,4.68,,14.29,,,,,,,5.86,,4.29,,6.49,22.25,,6.95,5.64,,,,,,11.43,,4.17,,,,11.34,9.09,14.98,,,,,,,,,,,,,2.65,,,,,6.62,3.62,,,9.35,,,10.52,,6.23,2.58,,,4.1,5.95,3.54,,,,,,8.59,,24.85,,3.73,,,4.07,,9.59,,4.51,4.7,,,,,,,,,,4.84,,4.58,7.43,,,,19.0,,,11.88,7.53,6.33,10.21,11.33,,,7.43,,,4.68,,,,3.57,,,,5.26,,,5.82,,,3.59,7.57,8.92,,11.26,,19.56,4.74,,,,,8.53,,11.22,,,5.25,,,,,3.74,,,3.09,3.62,,,6.14,10.99,,,2.12,,12.2,15.97,,,3.7,4.13,3.83,,,,7.47,,,,,,,,,,,,28.73,,7.72,,,,,,,,,,,,,,,8.78
2013-03-25,11.66,,,,,,9.46,,,,26.24,16.82,,,,32.9,,,9.9,,,14.82,,,16.95,,,,18.15,,20.47,7.85,18.35,,,,,33.91,,,,32.08,,,,,,59.04,,2.89,,,,5.24,,11.1,,,,,,,,10.38,,,,7.02,,11.17,30.69,,,,,,,,21.18,8.18,33.34,,,,14.85,,,,8.18,16.41,,,7.53,,12.5,,,19.23,21.7,9.29,9.67,7.07,19.06,10.97,,,,,,,,,,,,,,11.12,,,13.2,,,14.79,,,,,,,,,,,,,,19.14,,15.03,5.84,11.37,11.68,12.79,18.28,,,,,,8.71,21.02,13.01,37.99,,,,35.8,,,29.9,39.26,,,,,,,,7.29,,5.69,,,,9.72,,,20.0,,,,12.79,,,,5.16,,,,,,,,,,,,,,28.39,8.35,23.24,,,10.86,,,,,11.19,,12.83,,,,,15.18,7.47,,,,,,,8.13,,,,17.03,,,,,41.08,,,13.92,9.28,14.81,,,,8.28,,4.47,8.95,8.79,14.86,,,,6.37,15.62,,,10.98,5.04,,,13.2,,,,8.42,5.47,,,,5.68,5.88,,8.06,,,,,8.04,,13.05,5.44,,,5.73,,,,,,9.85,9.96,,9.54,,,,,,,13.09,5.62,,,,16.09,,,7.02,,,,5.39,,,6.51,5.89,,,,,17.09,,,,6.15,9.93,,,,8.76,,18.98,11.8,,15.83,,12.05,,,,,,,,22.5,,11.53,,,,,,,,,,,,35.79,,,,11.17,,,,28.61,,,,,,,,9.15,,,7.4,,,,,7.15,,,,,,18.0,,3.26,,,,,5.28,,,3.75,,,,,,,,,,,,11.96,11.67,,,21.05,,,,,,12.24,,,,,10.44,,12.0,,,,,,,3.8,,,,,,,,24.75,,,21.15,,,12.06,7.05,,,,,15.85,,,22.32,,,,,,,,,,,,,,,6.82,,,26.48,,,,17.68,11.96,,,,,,,,7.56,,,,,,,,,,7.42,,6.43,,,,10.21,,5.59,7.03,11.23,,,,,6.64,4.55,,,,,,,,,,3.82,,,,7.9,,,,5.67,,,,,,,,,,,3.23,,,9.52,,,,,,5.33,4.34,,,,,,,,,,,,,5.21,,,10.79,,,,5.11,,,5.75,,,6.15,,14.26,,8.64,7.73,,,6.76,9.28,,10.96,5.47,,6.79,,,7.66,10.4,3.77,2.51,,,,,,6.78,,,,,2.81,12.18,,,,8.05,,,6.75,,,,,11.56,,,,5.3,,,,,,,7.64,,22.09,,,,,6.82,,,,,,,3.1,,,3.78,8.14,,,7.96,,,,,,,,,,15.77,11.5,,,,,15.11,,,,,26.02,,,,4.45,4.52,,,,7.4,,,,,8.74,8.91,4.6,8.76,16.41,11.99,,4.21,,,5.02,,16.74,,4.12,,,,7.6,,5.85,,17.35,3.95,,9.19,,,,12.58,4.41,,,,,4.68,5.9,,4.3,,,4.69,,14.25,,,,,,,5.88,,4.3,,6.51,22.44,,7.11,5.53,,,,,,11.34,,4.13,,,,11.17,9.21,14.63,,,,,,,,,,,,,2.64,,,,,6.68,3.65,,,9.62,,,11.57,,6.12,2.6,,,4.1,5.99,3.56,,,,,,8.4,,25.26,,3.74,,,4.13,,9.61,,4.56,4.61,,,,,,,,,,4.76,,4.63,7.46,,,,18.79,,,12.11,7.46,6.36,10.75,11.39,,,7.37,,,4.69,,,,3.69,,,,5.2,,,5.79,,,3.61,7.63,8.81,,10.78,,19.23,4.76,,,,,8.35,,11.37,,,5.34,,,,,3.75,,,3.13,3.65,,,6.13,10.68,,,2.12,,12.81,15.86,,,3.79,4.08,3.91,,,,7.35,,,,,,,,,,,,28.63,,7.59,,,,,,,,,,,,,,,8.73
2013-03-26,11.44,,,,,,9.31,,,,25.56,16.18,,,,32.5,,,9.9,,,,,,17.59,,,,18.39,,20.7,7.67,17.8,,,47.72,,33.51,,,,32.8,,,,,,56.25,,2.83,,,,5.14,,10.73,,,,,,,,10.18,,,,7.42,,11.09,30.15,,,,,,,,21.24,8.12,33.51,,,,14.69,,,,7.9,16.34,,,7.6,,12.37,,,18.64,22.23,9.13,9.47,6.91,19.18,10.83,,,,,,,,,,,,,,11.07,,,12.92,,,14.95,,,,,,,,,,,,,,18.87,,14.82,5.78,11.15,11.41,12.23,17.58,,,,,,8.57,20.9,11.71,38.15,,,,35.11,,,28.94,38.72,,,,,,,,7.65,,5.73,,,,9.94,,,19.56,,,,12.15,,,,5.09,,,,,,,,,,,,,,28.03,8.1,23.71,,,10.83,,,,,10.8,,12.89,,,,,14.66,7.32,,,,,,,7.94,,,,17.09,,,,,40.88,,,13.57,9.09,14.89,,,,8.69,,4.37,8.8,8.71,14.43,,,11.39,6.4,15.19,,,11.3,5.32,,,13.45,,9.08,,8.83,5.39,,,,5.76,5.85,,7.99,,,,,7.87,,13.28,5.42,,,5.64,,,,,,9.65,9.8,,9.66,,,,,,,12.96,5.4,,,,16.3,,,6.75,,,,5.39,,,6.68,5.82,,,,,18.42,,,,6.11,10.17,,,,8.77,,18.93,11.8,,15.7,,12.2,,,,,,,,22.38,,,,,,,,,,,,,,37.0,,,,10.88,,,,28.16,,,,,,,,9.06,,,7.2,,,,,7.28,,,,,,18.37,,3.21,,,,,5.28,,,3.7,,,,,,,,,,,,11.76,11.26,,,,,,,,,12.19,,,,,10.21,,11.77,,,,,,,3.7,,,,,,,,24.46,,,20.21,,,11.6,6.96,,,,,15.55,,,21.88,,,,,,,,,,,,,,,6.61,,,26.88,,,,18.16,13.16,,,,,,,,7.46,,,,,,,,,,7.53,,6.27,,,,10.08,,5.67,6.89,10.75,,,,,6.64,4.48,,,,,,,,,,3.8,,,,7.8,,,,5.66,,,,,,,,,,,3.08,,,9.25,,,,,,5.19,4.24,,,,,,,,,,,,,5.17,,,10.38,,,,4.95,,,5.89,,,6.09,,14.41,,8.7,7.68,,,6.72,8.91,,10.39,5.33,,6.65,,,7.49,10.34,3.74,2.45,,,,,,6.65,,,,,2.8,11.76,,,,8.59,,,6.61,,,,,11.24,,,,5.37,,,,,,,7.58,,22.34,,,,,6.99,,,,,,,3.08,,,3.74,8.01,,,8.13,,,,,,,,,,15.95,11.29,,,,,14.81,,,,,25.57,,,,4.4,4.45,,,,7.29,,7.15,,,8.67,8.98,4.8,8.84,15.91,12.19,,4.17,,,5.05,,16.0,,4.09,,,,7.33,,5.78,,17.35,3.92,,8.88,,,,12.85,4.31,,,,,4.67,5.79,,4.25,,,4.72,,14.33,,,,,,,5.8,,4.21,,6.27,22.33,,7.02,5.54,,,,,,11.12,,4.09,,,,11.25,9.01,14.91,,,,,,,,,,,,,2.67,,,,,6.55,3.62,,,9.7,,,11.77,,6.09,2.57,,,4.02,5.95,3.84,,,,,,8.41,,25.36,,3.69,,7.87,4.06,,9.57,,4.51,4.54,,,,,,,,,,4.7,,4.55,7.28,,,,17.93,,,12.1,7.26,6.16,10.67,11.15,,,7.29,,,4.7,,,,3.6,,,,5.12,,,5.75,,,3.52,8.38,8.77,,10.38,,18.66,4.76,,,,,8.37,,11.27,,,5.23,,,,,3.7,,,3.08,3.53,,,6.24,10.33,,,2.12,,12.93,15.9,,,3.98,4.06,4.0,,,,7.45,,,,,,,,,,,,29.13,,7.45,,,,,,,,,,,,,,,8.61
2013-03-27,11.62,,,,,,9.42,,,,25.43,16.17,,,,32.0,,,9.83,,,14.29,,,17.38,,,,18.33,,20.2,7.68,18.55,,,47.82,,33.6,,,,32.1,,,,,,56.19,,2.8,,,,5.16,,10.69,,,,,,,,10.28,,,,7.49,,10.8,31.62,,,,,,,,21.1,8.11,32.95,,,,14.86,,,,7.72,16.61,,,7.56,,12.61,,,18.58,22.02,9.12,9.45,6.85,19.38,10.68,,,,,,,,,,,,,,11.11,,,12.66,,,14.89,6.58,,,,,,,,,,,,,17.92,,14.92,6.01,11.09,11.32,12.32,17.7,,,,,,8.62,21.15,,37.25,,,,35.52,,,29.15,39.45,,,,,,,,7.56,,5.74,,,,9.77,7.03,,19.77,,,,12.03,,,,5.1,,,9.35,,,,,,,,,,,27.65,8.11,24.3,,,10.87,,,,,11.04,,12.89,,,,,14.7,7.37,,,,,,,7.97,,,,16.96,,,,,41.5,,,13.4,9.14,14.74,,,,8.31,,4.43,8.64,8.68,14.45,,,11.1,6.55,15.63,,,11.08,5.52,,,13.3,,9.25,,8.52,5.51,,,,5.8,5.84,,8.13,,,,,8.08,,13.1,5.4,,,5.65,,,,,,9.65,9.92,,9.29,,,,,,,12.96,5.34,,,,16.15,,,6.78,,,,5.25,,,6.59,5.8,,,,,17.86,,,,6.15,9.96,,,,9.1,,18.88,11.54,,15.97,,12.21,,,,,,,,22.05,,,,,,,,,,,,,,38.32,,,,10.9,,,,28.36,,,,,,,,9.01,,,7.14,,,,,7.44,,,,,,18.27,,3.2,,,,,5.32,,,3.69,,,,,,,,,,,,11.85,10.98,,,,,,,,,12.22,,,,,10.23,,11.82,,,,,,,3.66,,,,,,,,24.81,,,20.3,,,11.95,7.01,,,,,16.12,,,21.62,,,,,,,,,,,,,,,6.62,,,26.08,,,,18.29,13.14,,,,,,,,7.56,,,,,,,,,,7.45,,6.27,,,,10.07,,5.64,7.16,10.86,,,,,6.66,4.45,,,,,,,,,,3.84,,,,8.01,,,,5.61,,,,,,,,,,,3.07,,,9.3,,,,,,5.12,4.23,,,,,,,,,,,,,5.12,,,10.24,,,,4.93,,,5.78,,,6.12,,14.05,,8.53,7.74,,,6.7,8.94,,10.11,5.38,,6.84,,,7.47,10.27,3.73,2.46,,,,,,6.59,,,,,2.73,12.18,,,,8.2,,,6.74,,,,,11.28,,,,5.4,,,,,,,7.58,,22.04,,,,,7.69,,,,,,,3.06,,,3.79,7.92,,,8.02,,,,,,,,,,16.11,11.35,,,,,14.85,,,,,26.17,,,,4.41,4.45,,,,7.3,,7.08,,,8.77,9.04,4.74,8.8,15.77,11.97,,4.18,,,4.85,,16.15,,4.17,,,,7.31,,5.85,,16.68,3.92,,8.91,,,,12.79,4.26,,,,,4.78,5.85,,4.21,,,4.7,,14.3,,,,,,,5.74,,4.23,,6.31,21.7,,7.12,5.56,,,,,,11.22,,4.11,,,,11.11,9.01,14.83,,,,,,,,,,,,,2.65,,,,,6.5,3.6,,,10.01,,,12.67,,6.17,2.55,,,4.11,5.9,3.77,,,,,,8.39,,25.45,,3.69,,7.79,4.05,,9.46,,4.55,4.55,,,,,,,,,,4.59,,4.57,7.42,,,,18.19,,,11.92,7.26,6.13,10.91,11.19,,,7.26,,,4.66,,,,3.57,,,,5.14,,,5.73,,,3.64,8.26,8.78,,10.4,,18.82,4.73,,,,,8.4,,11.17,,,5.26,,,,,3.78,,,3.06,3.49,,,6.24,10.27,,,2.11,,12.83,16.65,,,4.02,4.08,3.96,,,,7.38,,,,,,,,,,,,28.44,,7.42,,,,,,,,,,,,,,,8.61
2013-03-28,11.57,,,,,,9.18,,,,24.6,15.7,,,,31.6,,,9.31,,,13.7,,,15.98,,,,17.71,,19.0,7.42,17.9,,,46.3,,32.8,,,,31.5,,,,,,53.2,,2.74,,,,5.01,,11.76,,,,,,,,9.45,,,,7.4,,10.17,31.08,,,,,,,,19.95,7.83,32.0,,,,14.51,,,,7.39,16.52,,,7.42,,12.12,,,17.72,21.5,8.87,9.12,6.6,18.65,10.16,,,,,,,,,,,,,,10.78,,,12.75,,,14.72,6.28,,,,,,,,,,,,,17.38,,14.5,5.83,10.61,10.93,11.9,16.56,,,,,,8.34,20.51,,36.28,,,,35.25,,,26.88,37.38,,,,,,,,7.18,,5.53,,,,9.11,6.89,,19.05,,,,11.53,,,,4.91,,,9.06,,,,,,,,,,,26.0,7.81,23.57,,,10.35,,,,,10.26,,12.01,,,,,14.12,7.14,,,,,,,7.74,,,,16.94,,,,,39.5,,,12.93,8.75,14.9,,,,8.48,,4.13,8.51,8.4,13.83,,,10.59,6.19,15.01,,,10.63,5.4,,,12.9,,8.8,,8.38,5.43,,,,5.85,5.68,,,,,,,7.81,,13.0,5.21,,,5.44,,,,,,9.3,9.55,,8.99,,,,,,,12.69,5.09,,,,16.06,,,6.43,,,,5.24,,,6.55,5.6,,,,,17.12,,,,5.94,9.33,,,,8.79,,18.33,11.3,,15.42,,11.98,,,,,,,,20.92,,,,,,,,,,,,,,36.85,,,,10.56,,,,26.91,,,,,,,,8.42,,,6.81,,,,,7.26,,,,,,17.71,,3.07,,,,,5.1,,,3.57,,,,,,,,,,,,11.42,10.42,,,,,,,,,11.93,,,,,10.09,,11.44,,,,,,,3.5,,,,,,,,24.0,,,18.83,,,11.25,6.66,,,,,15.74,,,20.39,,,,,,,,,,,,,,,6.3,,,25.45,,,,18.22,12.68,,,,,,,,7.31,,,,,,,,,,7.49,,5.8,,,,9.59,,5.49,6.94,10.23,,,,,6.39,4.29,,,,,,,,,,3.83,,,,7.97,,,,5.39,,,,,,,,,,,2.91,,,9.28,,,,,,5.03,4.0,,,,,,,,,,,,,4.94,,,10.0,,,,4.65,,,5.54,,,5.81,,13.15,,8.04,7.42,,,6.56,8.46,,9.1,5.11,,6.96,,,7.39,10.1,3.66,2.37,,,,,,6.35,,,,,2.6,12.19,,,,7.53,,,6.58,,,,,11.05,,,,5.41,,,,,,,7.19,,21.66,,,,,8.29,,,,,,,2.98,,,3.65,7.53,,,7.78,,,,,,,,,,15.3,11.19,,,,,14.86,,,,,25.9,,,,4.31,4.27,,,,7.06,,6.83,,,8.43,8.6,4.63,8.62,15.18,11.3,,4.06,,,4.66,,15.36,,4.0,,,,7.06,,5.27,,16.46,3.84,,8.41,,,,,4.07,,,,,4.58,5.6,,4.08,,,4.65,,13.89,,,,,,,5.48,,4.12,,5.76,20.72,,6.87,5.64,,,,,,10.93,,3.98,,,,10.76,8.62,14.29,,,,,,,,,,,,,2.6,,,,,6.32,3.51,,,9.46,,,12.36,,5.74,2.58,,,3.94,5.67,3.71,,,,,,8.29,,24.53,,3.54,,7.41,4.04,,8.99,,4.41,4.41,,,,,,,,,,4.33,,4.45,7.59,,,,18.3,,,11.84,7.13,5.73,11.2,10.7,,,7.1,,,4.6,,,,3.39,,,,4.97,,,5.53,,,3.53,8.5,8.76,,10.0,,17.5,4.6,,,,,8.08,,11.02,,,5.26,,,,,3.7,,,2.93,3.37,,,6.45,9.8,,,2.06,,12.82,16.4,,,4.22,3.89,3.79,,,,7.08,,,,,,,,,,,,28.4,,7.11,,,,,,,,,,,,,,,8.48
2013-03-29,11.4,,,,,,9.14,,,,24.4,15.38,,,,31.68,,,9.51,,,13.65,,,15.95,,,,17.35,,19.1,7.39,18.75,,,46.4,,31.76,,,,31.67,,,,,,54.43,,2.76,,,,5.05,,11.36,,,,,,,,9.33,,,,7.52,,10.27,31.11,,,,,,,,21.95,7.78,32.0,,,,14.78,,,,7.54,16.14,,,7.72,,12.14,,,17.57,21.49,8.81,9.11,6.56,18.93,10.0,,,,,,,,,,,,,,10.82,,,12.71,,,15.04,6.4,,,,,,,,,,,,,17.58,,14.61,5.95,10.36,10.9,11.77,16.37,,,,,,8.29,20.16,,35.66,,,,33.5,,,26.8,36.23,,,,,,,,7.32,,5.47,,,,9.15,6.71,,19.27,,,,11.6,,,,4.87,,,9.02,,,,,,,,,,,26.34,7.88,22.99,,,10.18,,,,,10.35,,11.92,,,,,13.35,7.08,,,,,,,7.79,,,,16.46,,,,,39.5,,,12.77,8.78,14.45,,,,8.32,,4.09,8.59,8.58,13.71,,,10.62,6.14,14.75,,,10.66,5.57,,,12.86,,9.26,,8.73,5.7,,,,5.6,5.68,,8.08,,,,,8.59,,12.78,5.25,,,5.46,,,,,,9.26,10.38,,8.87,,,,,,,12.74,5.13,,,,15.41,,,6.42,,,,5.21,,,6.53,5.51,,,,,18.39,,,,5.96,9.5,,,,8.94,,18.23,11.62,,15.4,,11.76,,,,,,,,20.6,,,,,,,,,,,,,,36.63,,,,10.49,,,,27.32,,,,,,,,8.53,,,6.82,,,,,7.23,,,,,,17.36,,3.11,,,,,5.0,,,3.58,,,,,,,,,,,,11.45,11.15,,,,,,,,,11.75,,,,,10.08,,10.57,,,,,,,3.51,,,,,,,,24.37,,,18.99,,,11.25,6.5,,,,,15.65,,,20.14,,,,,,,,,,,,,,,6.31,,,27.07,,,,18.0,12.7,,,,,,,,7.32,,,,,,,,,,7.81,,5.71,,,,9.64,,5.51,7.03,10.11,,,,,6.46,4.31,,,,,,,,,,3.9,,,,7.81,,,,5.56,,,,,,,,,,,2.92,,,9.16,,,,,,4.92,3.98,,,,,,,,,,,,,4.91,,,10.01,,,,4.67,,,5.46,,,5.74,,13.19,,7.96,7.45,,,6.4,8.2,,8.96,5.15,,6.89,,,7.25,10.04,3.66,2.38,,,,,,6.46,,,,,2.64,12.24,,,,7.6,,,6.69,,,,,11.12,,,,5.62,,,,,,,7.27,,21.73,,,,,9.12,,,,,,,3.01,,,3.67,7.61,,,7.76,,,,,,,,,,15.34,11.31,,,,,14.71,,,,,24.76,,,,4.18,4.27,,,,7.13,,6.92,,,8.45,8.69,4.67,8.54,15.3,11.43,,4.03,,,4.65,,15.33,,4.0,,,,7.11,,5.15,,,3.84,,8.23,,,,13.04,4.11,,,,,4.6,5.7,,4.18,,,4.65,,13.89,,,,,,,5.47,,4.13,,5.7,20.81,,6.85,5.58,,,,,,10.69,,3.95,,,,10.7,8.51,14.11,,,,,,,,,,,,,2.6,,,,,6.3,3.52,,,9.92,,,12.93,,5.72,2.55,,,4.09,5.62,3.64,,,,,,8.52,,23.59,,3.56,,7.54,3.99,,9.03,,4.41,4.49,,,,,,,,,,4.28,,4.52,7.82,,,,18.49,,,11.87,7.11,5.75,11.27,10.67,,,7.08,,,4.55,,,,3.33,,,,5.02,,,5.56,,,3.52,8.24,9.16,,10.07,,17.15,4.6,,,,,8.2,,10.99,,,5.37,,,,,3.7,,,2.99,3.37,,,6.42,9.73,,,2.04,,13.38,16.4,,,4.05,3.92,3.84,,,,7.06,,,,,,,,,,,,29.4,,7.11,,,,,,,,,,,,,,,8.58
2013-04-01,11.47,,,,,,9.17,,,,25.05,15.48,,,,31.91,,,9.43,,,13.84,,,15.58,,,,17.52,,17.86,7.41,17.31,,,47.85,,31.61,,,,32.99,,,,,,53.92,,2.74,,,,5.08,,11.63,,,,,,,,9.35,,,,7.4,,10.42,30.65,,,,,,,,23.28,7.81,32.45,,,,15.16,,,,7.49,15.79,,,7.55,,12.22,,,17.76,21.6,8.83,9.15,6.59,18.78,10.3,,,,,,,,,,,,,,10.78,,,12.88,,,14.88,6.79,,,,,,,,,,,,,17.95,,14.38,5.73,10.48,11.16,11.94,16.42,,,,,,8.48,20.35,,36.18,,,,33.09,,,24.12,32.62,,,,,,,,7.31,,5.5,,,,9.2,6.16,,18.9,,,,11.98,,,,4.9,,,9.14,,,,,,,,,,,27.39,7.9,22.29,,,10.37,,,,,10.43,,12.01,,,,,13.39,7.18,,,,,,,7.87,,,,17.09,,,,,40.59,,,13.0,8.85,14.46,,,,8.58,,4.11,8.58,8.75,13.87,,,10.78,6.24,,,,10.74,5.87,,,13.53,,9.04,,8.5,5.68,,,,5.43,5.7,,7.81,,,,,8.58,,12.58,5.22,,,5.48,,,,,,9.42,10.62,,8.89,,,,,,,12.7,5.33,,,,15.86,,,6.51,,,,5.19,,,6.47,5.45,,,,,19.1,,,,6.01,9.7,,,,9.22,,18.39,11.77,,15.43,,11.76,,,,,,,,21.06,,,,,,,,,,,,,,38.09,,,,10.6,,,,27.88,,,,,,,,8.45,,,6.88,,,,,7.26,,,,,,17.57,,3.09,,,,,5.09,,,3.57,,,,,,,,,,,,11.46,11.37,,,,,,,,,11.53,,,,,10.12,,10.61,,,,,,,3.51,,8.02,,,,,,24.65,,,18.95,,,11.36,6.6,,,,,15.98,,,20.53,,,,,,,,,,,,,,,6.39,,,27.4,,,,18.15,12.8,,,,,,,,7.49,,,,,,,,,,7.83,,5.74,,,,9.87,,5.52,6.94,10.14,,,,,6.62,4.39,,,,,,,,,,3.94,,,,7.64,,,,5.71,,,,,,,,,,,2.92,,,9.18,,,,,,4.88,3.89,,,,,,,,,,,,,4.99,,,10.02,,,,4.72,,,5.5,,,5.77,,13.29,,7.88,7.52,,,6.35,8.3,,8.99,5.13,,6.85,,,7.24,10.2,3.66,2.39,,,,,,6.44,,,,,2.69,12.62,,,,7.61,,,6.58,,,,,11.07,,,,5.51,,,,,,,7.28,,21.62,,,,,9.39,,,,,,,3.02,,,3.68,7.72,,,7.77,,,,,,,,,,15.35,11.38,,,,,14.6,,,,,25.34,,,,4.45,4.3,,,,7.17,,7.16,,,8.53,8.71,4.59,8.52,15.13,11.41,,4.0,,,4.6,,16.02,,3.96,,,,7.12,,5.19,,,3.95,,8.33,,,,12.99,4.15,,,,,4.68,5.92,,4.18,,,4.67,,13.94,,,,,,,5.5,,4.17,,5.79,21.92,,6.77,5.72,,,,,,10.59,,3.96,,,,10.81,8.53,14.42,,,,,,,,,,,,,2.62,,,,,6.41,3.54,,,9.76,,,12.22,,5.78,2.54,,,4.05,5.95,3.65,,,,,,8.52,,24.7,,3.6,,7.68,4.01,,9.09,,4.51,4.46,,,,,,,,,,4.37,,4.53,7.67,,,,18.1,,,11.88,7.04,5.7,11.27,10.72,,,7.09,,,4.53,,,,3.29,,,,5.11,,,5.72,,,3.54,8.5,9.06,,10.41,,17.55,4.65,,,,,8.75,,10.58,,,5.36,,,,,3.71,,,3.05,3.39,,,6.31,9.83,,,2.05,,12.95,16.91,,,3.95,3.99,3.94,,,,7.12,,,,,,,,,,,,28.97,,7.15,,,,,,,,,,,,,,,8.83
2013-04-02,11.39,,,,,,8.99,,,,24.31,15.28,,,,31.25,,,9.5,,,13.49,,,15.65,,,,17.3,,17.53,7.35,17.81,,,46.45,,31.64,,,,31.2,,,,,,53.8,,2.76,,,,5.07,,11.49,,,,,,,,9.26,,,,7.39,,10.2,14.77,,,,,,,,23.03,7.78,31.19,,,,14.89,,,,7.25,15.74,,,7.32,,12.04,,,17.59,20.16,8.9,9.07,7.25,17.51,10.11,,,,,,,,,,,,,,10.65,,,12.6,,,13.58,6.74,,,,,,,,,,,,,17.58,,14.23,5.67,10.22,10.97,12.05,16.41,,,,,,8.4,19.93,10.73,36.39,,,,31.7,,,23.17,33.1,,,,,,,,7.04,,5.33,,,,8.89,6.06,,18.11,,,,12.08,,,,4.93,,,9.04,,,,,,,,,,,26.37,7.79,20.06,,,10.0,,,,,10.15,,11.86,,,,,12.92,7.19,,,,,,,7.64,,,,17.01,,,,,39.03,,,12.73,8.62,6.91,,,,8.33,,4.06,8.56,8.75,14.06,,,10.78,5.94,,,,9.95,5.28,,,13.22,,8.82,,8.6,5.67,,,,5.45,5.63,,8.25,,,,,8.33,,12.59,5.2,,,5.43,,,,,,9.29,10.43,,8.55,,,,,,,12.56,5.51,,,,15.4,,,6.29,,,,5.12,,,,5.48,,,,,18.04,,,,5.88,10.0,,,,9.16,,18.36,11.38,,15.3,,11.63,,,,,,,,20.92,,,,,,,,,,,,,,37.8,,,,10.48,,,,26.96,,,,,,,,8.58,,,6.75,,,,,7.14,,,,,,16.74,,3.1,,,,,4.92,,,3.54,,,,,,,,,,,,11.55,11.49,,,,,,,,,11.3,,,,,10.02,,10.53,,,,,,,3.47,,7.85,,,,,,25.1,,,18.75,,,11.34,6.66,,,,,15.58,,,20.36,,,,,,,,,,,,,,,6.46,,,24.66,,,,16.78,11.8,,,,,,,,7.35,,,,,,,,,,7.58,,5.77,,,,9.94,,5.51,7.38,10.25,,,,,6.6,4.35,,,,,,,,,,3.82,,,,7.48,,,,5.65,,,,,,,,,,,2.91,,,9.35,,,,,,4.97,3.9,,,,,,,,,,,,,4.97,,,9.95,,,,4.77,,,5.47,,,5.82,,12.85,,7.79,7.56,,,6.47,8.3,,9.2,5.03,,6.62,,,7.29,10.45,3.62,2.38,,,,,,6.41,,,,,2.73,12.68,,,,7.45,,,6.53,,,,,11.1,,,,5.39,,,,,,,7.33,,21.61,,,,,9.51,,,,,,,3.07,,,3.67,7.66,,,7.54,,,,,,,,,,15.95,11.26,,,,,14.61,,,,,24.93,,,,4.76,4.3,,,,6.98,,7.44,,,8.27,8.62,4.41,8.34,15.13,11.43,,4.06,,,4.43,,15.92,,3.96,,,,7.09,,5.27,,,3.96,,8.61,,,,12.59,4.02,,,,,4.81,5.61,,4.28,,,4.73,,13.73,,,,,,,5.38,,4.06,,5.79,,,6.7,5.78,,,,,,10.57,,3.95,,,,10.98,8.57,14.55,,,,,,,,,,,,,2.62,,,,,6.56,3.52,,,9.8,,,12.69,,5.92,2.52,,,4.01,5.81,3.52,,,,,,8.49,,25.55,,3.64,,7.63,3.94,,9.12,,4.54,4.76,,,,,,,,,,4.29,,4.47,7.4,,,,17.2,,,11.8,6.93,5.59,10.3,10.94,,,7.52,,,4.59,,,,3.33,,,,5.12,,,5.73,,,3.46,8.0,9.15,,10.03,,17.83,4.62,,,,,9.03,,10.43,,,5.26,,,,,3.71,,,3.06,3.41,,,6.14,9.75,,,2.06,,12.3,17.98,,,3.97,3.95,4.01,,,,7.01,,,,,,,,,,,,29.02,,7.09,,,,,,,,,,,,,,,9.03
2013-04-03,11.18,,,,,,8.81,,,,24.69,15.0,,,,30.96,,,9.53,,,13.14,,,15.06,,,,16.9,,16.56,7.15,17.35,,,46.3,,29.69,,,,30.06,,,,,,53.52,,2.75,,,,5.04,,11.9,,,,,,,,9.39,,,,7.1,,10.15,15.07,,,,,,,,21.97,7.5,29.9,,,,14.72,,,,7.28,14.7,,,7.22,,11.91,,,17.11,19.6,8.87,9.0,7.19,17.75,10.18,,,,,,,,,,,,,,10.64,,,12.48,,,13.31,6.87,,,,,,,,,,,,,16.99,,13.7,5.55,10.36,10.54,11.63,16.09,,,,,,8.34,19.42,10.14,36.13,,,,31.48,,,23.36,31.94,,,,,,,,6.93,,5.21,,,,8.64,6.0,,17.96,,,,11.46,,,,4.86,,,8.77,,,,,,,,,,,25.03,7.61,18.06,,,9.89,,,,,10.5,,11.69,,,,,12.82,7.23,,,,,,,7.42,,,,17.14,,,,,37.89,,,12.77,8.79,6.67,,,,7.91,,4.01,8.45,8.71,14.9,,,11.1,5.86,,,,9.7,4.9,,,12.92,,8.7,,8.81,5.25,,,,5.42,5.6,,8.33,,,,,8.47,,12.51,5.02,,,5.36,,,,,,9.1,10.53,,8.35,,,,,,,12.4,,,,,15.21,,,6.15,,,,5.17,,,,5.3,,,,,19.84,,,,5.87,9.89,,,,8.65,,18.11,11.25,,14.83,,11.27,,,,,,,,21.02,,,,,,,,,,,,,,38.1,,,,10.41,,,,26.5,,,,,,,,8.4,,,6.55,,,,,7.06,,,,,,16.24,,3.08,,,,,4.75,,,3.47,,,,,,,,,,,,11.45,11.24,,,,,,,,,11.34,,,,,9.89,,10.45,,,,,,,3.35,,7.64,,,,,,24.93,,,19.45,,,11.4,6.78,,,,,15.21,,,20.65,,,,,,,,,,,,,,,,,,24.53,,,,15.1,11.64,,41.2,,,,,,7.25,,,,,,,,,,7.55,,5.74,,,,9.79,,5.46,7.24,10.1,,,,,6.95,4.33,,,,,,,,,,3.8,,,,7.36,,,,5.7,,,,,,,,,,,2.88,,,8.76,,,,,,4.88,3.93,,,,,,,,,,,,,4.98,,,9.57,,,,4.65,,,5.38,,,5.81,,12.65,,7.81,7.43,,,6.27,8.35,,9.15,5.05,,6.88,,,7.2,10.54,3.61,2.37,,,,,,6.24,,,,,2.65,12.38,,,,7.45,,,6.3,,,,,11.18,,,,5.93,,,,,,,7.09,,21.18,,,,,8.96,,,,,,,3.03,,,3.67,7.72,,,7.41,,,,,,,,,,16.07,11.21,,,,,14.3,,,,,24.68,,,,4.67,4.27,,,,7.11,,7.42,,,8.42,8.48,4.27,8.49,14.78,11.59,,3.87,,,4.39,,15.85,,3.99,,,,7.01,,5.19,,,4.09,,8.12,,,,12.26,4.0,,,,,4.64,5.5,,4.26,,,4.72,,13.83,,,,,,,5.33,,4.1,,5.4,,,6.68,5.64,,,,,,10.65,,3.91,,,,11.02,8.59,13.74,,,,10.93,,,,,,,,,2.6,,,,,6.36,3.45,,,9.81,,,12.05,,5.82,2.49,,,3.9,6.27,3.43,,,,,,8.4,,25.1,,3.59,,7.7,3.88,,8.83,,4.47,4.71,,,,,,,,,,4.27,,4.39,7.75,,,,17.1,,,11.9,6.75,5.6,9.69,10.78,,,7.54,,,4.58,,,,3.25,,,,5.08,,,5.69,,,3.42,7.92,9.12,,10.42,,17.57,4.58,,,,,9.01,,10.5,,,5.45,,,,,3.64,,,3.06,3.38,,,5.95,9.54,,,2.05,,12.05,18.03,,,3.77,3.93,4.04,,,,6.79,,,,,,,,,,,,29.31,,7.04,,,,,,,,,,,,,,,8.9
2013-04-08,11.22,,,,,,8.57,,,,24.93,13.61,,,,31.56,,,9.6,,,13.17,,,15.32,,,,16.4,,16.91,7.24,17.69,,,47.22,,29.69,,,,31.87,,,,,,54.45,,2.72,,,,5.06,,12.07,,,,,,,,9.51,,,,7.15,,10.26,15.85,,,,,,,,23.81,7.5,30.85,,,,14.96,,,,7.36,14.7,,,7.16,,11.98,,,17.45,19.2,8.75,9.05,6.59,17.92,10.07,,,,,,,,,,,,,,10.44,,,12.42,,,13.11,6.98,,,,,,,,,,,,,17.11,,13.8,5.61,10.24,10.52,11.45,16.49,,,,,,8.34,19.24,10.7,37.15,,,,31.4,,,23.79,31.53,,,,,,,,6.94,,5.3,,,,8.94,6.08,,17.99,,,,11.29,,,,4.82,,,8.68,,,,,,,,,,,26.76,7.67,18.57,,,10.01,,,,,10.05,,11.74,,,,,12.98,7.19,,,,,,5.86,7.33,,,,18.25,,,,,38.62,,,12.58,8.6,6.58,,,,7.77,,4.0,8.48,8.54,14.8,,,10.99,5.76,,,,10.22,5.22,,,13.44,,8.15,,8.57,5.06,,,,5.28,5.57,,7.87,,,,,8.88,,12.14,5.32,,,5.3,,,,,,9.13,10.26,,8.25,,,,,,,12.26,,,,,15.28,,,6.15,,,,5.27,,,,5.31,,,,,20.42,,,,5.74,10.1,,,,8.7,,17.49,11.37,,14.37,,11.5,,,,,,,,21.2,,,,,,,,,,,,,,37.8,,,,10.32,,,,28.02,,,,,,,,8.17,,,6.59,,,,,7.08,,,,,,16.45,,3.05,,,,,4.73,,,3.43,,,,,,,,,,,,11.32,10.96,,,,,,,,,11.56,,,,,9.69,,10.38,,,,,,,3.28,,7.67,,,,,,24.65,,,19.57,,,11.22,6.63,,,,,15.24,,,20.78,,,,,,,,,,,,,,,,,,26.68,,,,15.12,12.3,,40.44,,,,,,7.26,,,,,,,,,,7.8,,5.64,,,,9.68,,5.41,7.24,9.93,,,,,7.19,4.29,,,,,,,,,,3.8,,,,7.43,,,,5.88,,,,,,,,,,,2.81,,,8.43,,,,,,4.8,3.9,,,,,,,,,,,,,4.8,,,9.44,,,,4.56,,,5.26,,,5.66,,12.29,,7.91,7.3,,,6.14,7.98,,8.94,4.99,,7.2,,,7.45,10.63,3.58,2.36,,,,,,6.28,,,,,2.59,12.68,,,,7.19,,,6.39,,,,,10.91,,,,6.29,,,,,,,7.1,,20.48,,,,,8.9,,,,,,,2.97,,,3.67,7.49,,,7.52,,,,,,,,,,15.62,11.25,,,,,13.69,,,,,24.89,,,2.38,,4.29,,,,7.44,,7.25,,,8.7,8.29,4.26,8.39,15.09,11.4,,3.8,,,4.64,,15.85,,4.02,,,,6.94,,5.06,,15.64,4.38,,8.0,,,,12.08,3.93,,,,,4.59,5.49,,4.23,,,4.77,,13.84,,,,,,,5.3,,4.13,,5.64,22.18,,6.71,5.59,,,,,,10.8,,3.88,,,,11.13,8.51,13.11,,,,9.84,,,,,,,,,2.57,,,,,6.25,3.49,,,10.03,,,11.58,,5.88,2.46,,,3.8,6.9,3.39,,,,,,8.28,,24.78,,3.52,,7.78,3.85,,8.56,,4.38,4.67,,,,,,,,,,4.27,,4.29,7.98,,,,17.14,,,11.87,6.74,5.6,9.96,10.73,,,7.57,,,4.67,,,,3.05,,,,5.04,,,5.73,,,3.39,8.47,8.89,,10.88,,17.86,4.51,,,,,9.26,,9.79,,,5.58,,,,,3.61,,,3.13,3.32,,,5.89,9.66,,,2.02,,12.15,16.95,,,3.58,3.87,4.09,,,,6.7,,,,,,,,,,,,28.82,,6.94,,,,,,,,,,,,,,,8.35
2013-04-09,11.31,,,,,,8.64,,,,24.77,13.69,,,,30.98,,,9.74,,,13.3,,,15.64,,,,16.53,,17.09,7.4,17.45,,,47.08,,29.6,,,,32.51,,,,,,57.57,,2.72,,,,5.07,,11.93,,,,,,,,9.56,,,,7.2,,10.38,15.78,,,,,,,,23.73,7.54,30.93,,,,15.18,,,,7.37,14.78,,,7.29,,12.11,,,17.64,19.25,8.85,9.15,6.76,18.44,10.55,,,,,,,,,,,,,,10.46,,,12.29,,,13.47,6.94,,,,,,,,,,,,,17.17,,13.66,5.76,10.38,10.62,11.52,16.45,,,,,,8.41,19.15,10.69,36.53,,,,31.81,,,23.94,31.8,,,,,,,,7.02,,5.34,,,,8.97,6.21,,18.17,,,,11.42,,,,4.91,,,8.83,,,,,,,,,,,27.6,7.69,18.8,,,10.05,,,,,11.06,,11.82,,,,,13.09,7.18,,,,,,6.11,7.43,,,,17.96,,9.55,,,39.8,,,12.84,8.75,6.63,,,,7.85,,4.15,8.54,8.6,14.81,,,11.12,5.84,,,,10.4,5.13,,,13.46,,8.28,,8.9,5.07,,,,5.4,5.64,,7.74,,,,,8.43,,12.59,5.57,,,5.4,,,,,,9.16,10.3,,8.37,,,,,,,12.35,,,,,15.18,,,6.35,,,,4.96,,,,5.43,,,,,20.25,,,,5.86,10.17,,,,8.78,,17.6,11.4,,15.4,,11.48,,,,,,,,20.88,,,,,,,,,,,,,,39.0,,,,10.46,,,,28.64,,,,,,,,8.34,,,6.62,,,,,7.15,,,,,,16.54,,3.05,,,,,4.79,,,3.48,,,,,,,,,,,,11.4,10.9,,,,,,,,,11.55,,,,,9.8,,10.51,,,,,,,3.34,,8.13,,,,,,22.81,,,19.79,,,11.57,6.78,,,,,15.36,,,20.73,,,,,,,,,,,,,,,,,,,,,,14.88,12.38,,40.5,,,,,,7.35,,,,,,,,,,7.79,,5.7,,,,9.84,,5.42,7.25,10.15,,,,,7.16,4.37,,,,,,,,,,3.84,,,,7.41,,,,5.88,,,,,,,,,,,2.84,,,8.51,,,,,,4.94,3.96,,,,,,,,,3.89,,,,4.8,,,9.62,,,,4.6,,,5.32,,,5.76,,12.43,,7.94,7.44,,,,8.21,,9.07,5.1,,7.06,,,7.44,10.69,3.62,2.4,,,,,,6.42,,,,,2.64,12.7,,,,7.25,,,6.59,,,,,11.07,,,,5.83,,,,,,,7.12,,21.52,,,,,9.79,,,,,,,2.97,,,3.7,7.66,,,7.51,,,,,,,,,,15.89,11.29,,,,,14.01,,,,,24.94,6.61,,2.41,,4.32,,,,7.3,,7.65,,,8.7,8.4,4.35,8.43,15.11,11.46,,3.84,,,4.6,,16.72,,4.07,,,,6.97,,5.22,,16.12,4.35,,8.18,,,,13.05,4.2,,,,,4.72,5.6,,4.35,,,5.0,,13.84,,,,,,,5.39,,4.13,,5.6,22.33,,6.73,5.67,,,,,,11.05,,3.92,,,,11.22,8.67,13.24,,,,9.55,,,,,,,,,2.6,,,,,6.29,3.51,,,9.94,,,12.44,,5.93,2.5,,,4.18,6.85,3.46,,,,,,8.3,,25.21,,3.61,,7.95,3.92,,8.68,,4.4,4.69,,,,,,,,,,4.37,,4.36,7.79,,,,17.39,,,11.84,6.81,5.68,9.98,11.05,,,7.87,,,4.8,,,,3.04,,,,5.13,,,5.75,,,3.43,8.84,8.79,,10.59,,18.06,4.57,,,,,9.28,,9.98,,,5.5,,,9.5,,3.64,,,3.25,3.34,,,5.96,9.78,,,2.04,,12.34,18.2,,,3.62,3.9,4.13,,,,6.73,,,,,,,,,,,,28.98,,7.04,,,,,,,,,,,,,,,8.31
2013-04-10,11.49,,,,,,8.6,,,,24.39,13.82,,,,30.47,,,9.55,,,14.63,,,15.83,,,,16.39,,16.58,7.38,18.56,,,46.14,,29.08,,,,33.4,,,,,,58.75,,2.73,,,,5.11,,11.82,,,,,,,,9.42,,,,7.3,,10.23,15.46,,,,,,,,23.16,7.55,30.4,,,,14.95,,,,7.29,14.65,,,7.05,,12.18,,,17.27,19.89,8.83,9.11,6.68,18.22,10.39,,,,,,,,,,,,,,10.52,,,12.45,,,13.26,6.86,,,,,,,,,,,,,17.03,,13.22,5.99,10.34,10.39,11.4,16.24,,,,,,8.4,18.79,10.8,37.04,,,,31.34,,,23.51,32.82,,,,,,,,7.08,,5.25,,,,9.03,6.34,,17.05,,,,11.5,,,,4.88,,,8.92,,,,,,,,,,,27.48,7.6,18.41,,,10.04,,,,,10.69,,11.7,,,,,12.81,7.28,,,,,,5.92,7.36,,,,17.58,,9.5,,,40.3,14.1,,12.75,8.61,6.63,,,,7.58,,4.08,8.57,8.61,14.57,,,10.34,5.88,,,,10.4,4.87,,,13.55,,8.15,,,5.1,,,,5.55,5.64,,7.61,,,,,8.47,,12.42,5.52,,,5.45,,,,,,9.14,10.12,,8.28,,,,,,,12.2,,,,,15.04,,,6.2,,,,4.72,,,,5.4,,,,,19.39,,,,5.82,10.2,,,,9.1,,17.28,10.84,,15.65,,10.95,,,,,,,,20.44,,,,,,,,,,,,,,38.26,,,,10.46,,,,28.38,,,,,,,,8.5,,,6.56,,,,,7.08,,,,,,16.9,,3.1,,,,,4.84,,,3.49,,,,,,,,,,,,11.24,10.74,,,,,,,,,11.35,,,,,9.73,,10.77,,,,,,,3.51,,8.1,,,,,,22.55,,,20.38,,,11.97,6.62,,,,,15.2,,,20.37,,,,,,,,,,,,,,,,,,,,,,14.88,11.95,,40.05,,,,,,7.24,,,,,,,,,,7.79,,5.64,,,,9.79,,5.39,7.14,10.1,,,,,7.19,4.34,,,,,,,,,,3.73,,,,7.38,,,,5.82,,,,,,,,,,,2.89,,,8.52,,,,,,5.06,4.17,,,,,,,,,3.92,,,,4.76,,,9.49,,,,4.52,,,5.32,,,5.77,,12.66,,8.11,7.43,,,,7.89,,8.92,5.11,,7.34,,,7.47,10.48,3.61,2.41,,,,,,6.39,,,,,2.62,12.51,,,,7.43,,,6.8,,,,,11.24,,,,6.1,,,,,,,7.16,,21.55,,,,,10.15,,,,,,,2.92,4.19,,3.73,8.05,,,7.58,,,,,,,,,,15.74,11.23,,,,,13.72,,,,,24.51,6.42,,2.41,,4.32,,,,7.13,,7.77,,,9.03,8.59,4.32,8.47,15.12,11.65,,3.88,,,4.55,,16.62,,4.01,,,,6.98,,5.26,,16.04,4.25,,8.05,,,,12.85,4.13,,,,,4.62,5.47,,4.45,,,4.99,,13.79,,,,,,,5.39,,4.06,,5.57,22.29,,6.77,5.73,,,,,,11.15,,3.88,,,,11.14,8.71,13.12,,,,9.73,,,,,,,,,2.61,,,,,6.19,3.47,,,10.88,,,12.19,,6.0,2.54,,,4.23,6.55,3.42,,,,,,8.3,,25.57,,3.63,,7.92,3.89,,8.69,,4.42,4.58,,,,,,,,,,4.33,,4.31,8.18,,,,17.0,,,11.87,6.71,5.6,10.01,11.2,,,7.8,,,4.82,,,,3.0,,,,5.11,,,5.88,,,3.39,8.77,8.79,,10.3,,18.06,4.58,,,,,9.0,,9.93,,,5.47,,,10.45,,3.62,,,3.22,3.33,,,6.0,9.72,,,2.04,,11.82,18.5,,,3.62,3.89,4.02,,,,6.74,,,,,,,,,,,,28.46,,7.01,,,,,,,,,,,,,,,8.32
2013-04-11,11.5,,,,,,8.58,,,,24.67,13.73,,,,29.3,,,9.44,,,13.93,,,15.85,,,,16.27,,16.36,7.38,18.34,,,46.26,,29.43,,,,32.69,,,,,,57.43,,2.68,,,,5.09,,11.6,,,,,,,,9.4,,,,7.59,,10.34,15.76,,,,,,,,23.44,7.5,30.47,,,,14.79,,,,7.51,14.92,,,7.18,,12.11,,,17.54,19.74,8.84,9.07,6.61,18.2,10.3,,,,,,,,,,,,,,10.56,,,12.42,,,13.35,6.84,,,,,,,,,,,,,18.05,,13.8,5.8,10.23,10.43,11.39,15.96,,,,,,8.42,19.17,11.05,37.0,,,,31.57,,,23.81,33.06,,,,,,,,6.92,,5.22,,,,9.0,6.3,,16.83,,,,11.6,,,,4.86,,,9.81,,,,,,,,,,,27.6,7.58,19.13,,,10.04,,,,,10.45,,11.64,,,,,12.85,7.39,,,,,,5.82,7.37,,,,17.54,,9.52,,,40.52,14.1,,12.7,8.75,6.65,,,,7.59,,4.02,8.55,8.54,14.4,,,10.41,5.71,,,,10.4,5.05,,,13.17,,8.24,,,5.04,,,,5.47,5.63,,7.72,,,,,8.38,,12.17,5.55,,,5.35,,,,,,9.19,10.12,,8.2,,,,,,,12.0,5.27,,,,15.25,,,6.07,,,,4.64,,,,5.35,,,,,19.41,,,,5.89,10.04,,,,9.09,,17.27,10.89,,16.47,,11.04,,,,,,,,20.12,,,,,,,,,,,,,,37.65,,,,10.52,,,,28.33,,,,,,,,8.39,,,6.65,,,,,6.94,,,,,,17.11,,3.07,,,,,4.81,,,3.46,,,,,,,,,,,,11.0,11.2,,,,,,,,,11.36,,,,,9.68,,10.84,,,,,,,3.47,,7.92,,,,,,22.54,,,19.78,,,11.93,6.56,,,,,15.17,,,20.26,,,,,,,,,,,,,,,,,,,,,,15.41,11.9,,39.69,,,,,,7.24,,,,,,,,,,7.69,,5.64,,,,9.74,,5.37,7.03,10.11,,,,,7.07,4.25,,,,,,,,,,3.74,,,,7.09,,,,5.35,,,,,,,,,,,2.83,,,8.44,,,,,,5.25,4.15,,,,,,,,,3.87,,,,4.71,,,9.19,,,,4.47,,,5.27,,,5.81,,12.65,,7.93,7.3,,,,7.94,,9.14,5.09,,7.2,,,7.31,11.02,3.58,2.4,,,,,,6.34,,,,,2.55,12.08,,,,7.42,,,6.62,,,,,11.05,,,,5.89,,,,,,,7.25,,21.01,,,,,9.8,,,,,,,2.93,4.4,,3.74,7.96,,,7.58,,,,,,,,,,15.74,11.2,,,,,13.69,,,,,25.65,6.31,,2.42,,4.25,,,,7.13,,7.58,,,8.77,8.85,4.3,8.48,14.94,11.49,,3.85,,,4.57,,16.79,,3.96,,,,6.9,,5.11,,16.5,4.13,,8.13,,,,12.84,4.05,,,,,4.68,5.44,,4.6,,,4.82,,13.67,,,,,,,5.37,,4.07,,5.45,22.3,,6.65,5.68,,,,,,11.15,,3.88,,,,10.95,8.52,12.85,,,,9.5,,,,,,,,,2.61,,,,,6.22,3.4,,,10.6,,,12.28,,6.12,2.53,,,4.13,6.45,3.4,,,,,,8.42,,25.72,,3.66,,7.94,3.92,,8.95,,4.5,4.61,,,,,,,,,,4.29,,4.29,8.04,,,,17.17,,,11.86,6.71,5.54,9.7,10.9,,,7.55,,,4.76,,,,2.9,,,,5.17,,,5.82,,,3.37,8.61,8.8,,10.28,,17.89,4.59,,,,,9.03,,9.83,,,5.49,,,10.09,,3.61,,,3.2,3.28,,,5.94,9.65,,,2.03,,11.85,18.38,,,3.62,3.89,4.07,,,,6.68,,,,,,,,,,,,27.99,,7.25,,,,,,,,,,,,,,,8.13
2013-04-12,11.46,,,,,,8.55,,,,24.38,13.53,,,,29.43,,,9.22,,,14.79,,,15.73,,,,16.21,,16.25,7.41,,,,46.3,,30.55,,,,32.84,,,,,,55.5,,2.66,,,,5.02,,11.53,,,,,,,,9.38,,,,7.6,,10.14,14.98,,,,,,,,23.05,7.38,30.48,,,,14.62,,,,7.78,14.61,,,7.17,,11.92,,,17.04,19.58,8.75,9.04,6.41,18.38,9.92,,,,,,,,,,,,,,10.51,,,12.22,,,13.09,6.92,,,,,,,,,,,,,17.71,,14.56,5.9,10.34,10.16,11.51,15.91,,,,,,8.36,18.93,11.41,36.29,,,,31.68,,,23.52,32.05,,,,,,,,6.78,,5.23,,,,8.83,6.2,,16.89,,,,11.2,,,,4.8,,,9.57,,,,,,,,,,,27.05,7.59,19.8,,,10.0,,,,,10.76,,11.58,,,,,12.56,7.36,,,,,,5.81,7.27,,,,17.05,,9.27,,,40.5,14.12,,12.64,8.66,6.53,,,,7.58,,3.94,8.42,8.48,14.07,,,10.05,5.6,,8.31,,10.57,5.33,,,13.15,,8.13,,,4.95,,,,5.65,5.58,,7.56,,,,,8.12,,12.18,5.67,,,5.36,,,,,,9.01,9.76,,8.22,,,,,,,11.99,5.06,,,,14.96,,,5.91,,,,4.6,,,,5.29,,,,,20.11,,,,5.95,10.68,,,,9.14,,17.32,11.01,,16.16,,10.92,,,,,,,,20.45,,,,,,,,,,,,,,39.4,,,,10.64,,,,28.78,,,,,,,,8.42,,,6.52,,,,,6.89,,,,,,16.75,,3.06,,,,,4.71,,,3.41,,,,,,,,,,,,11.01,11.24,,,,,,,,,11.44,,,,,9.63,,10.79,,,,,,,3.64,,7.72,,,,,,22.5,,,19.15,,,12.02,6.49,,,,,15.07,,,,,,,,,,,,,,,,,,6.53,,,,,14.55,,15.24,11.38,,39.52,,,,,,7.28,,,,,,,,,,7.61,,5.57,,,,,,5.3,7.11,9.96,,,,,6.71,4.28,,,,,,,,,,3.8,,,,7.02,,,,5.32,,,,,,,,,,,2.79,,,8.32,,,,,,5.26,4.15,,,,,,,,,3.88,,,,4.64,,,9.08,,,,4.47,,,5.18,,,5.74,,12.9,,7.95,7.26,,,,7.82,,8.77,5.05,,6.97,,,7.24,10.84,3.58,2.36,,,,,,6.28,,,,,2.42,12.08,,,,7.15,,,6.54,,,,,10.87,,,,5.65,,,,,,,7.08,,20.5,,,,,9.94,,,,,,,2.96,4.62,,3.65,7.75,,,7.63,,,,,,,,,,15.56,11.15,,,,,13.39,,,,,26.02,6.05,,2.39,,4.21,,,,6.97,,7.29,,,8.44,8.56,4.22,8.37,14.92,11.36,,3.83,,,4.52,,16.57,,3.94,,,,6.78,,5.14,,16.9,4.18,,8.26,,,,12.55,4.0,,,,,4.65,5.44,,4.57,,,4.96,,13.53,,,,,,,5.27,,4.01,,5.68,22.2,,6.63,5.59,,,,,,11.05,,3.87,,,,10.88,8.35,12.92,,,,9.66,,,,,,,,,2.58,,,,,6.13,3.41,,,10.95,,,11.8,,5.94,2.55,,,4.01,6.26,3.39,,,,,,8.58,,25.38,,3.64,,7.86,3.86,,9.09,,4.41,4.61,,,,,,,,,,4.23,,4.33,7.86,,,,16.75,,,11.99,6.7,5.54,9.78,10.8,,,7.89,,,4.75,,,,2.81,,,,5.06,,,5.84,,,3.33,8.89,9.05,,10.25,,17.35,4.51,9.94,,,,8.7,,9.6,,,5.37,,,10.0,,3.62,,,3.16,3.22,,,5.99,9.67,,,2.03,,11.98,18.56,,,3.66,4.07,4.0,,,,6.55,,,,,,,,,,,,27.49,,7.22,,,,,,,,,,,,,,,7.96
2013-04-15,11.22,,,,,,8.36,,,,24.4,13.26,,,,28.99,,12.18,9.04,,,14.59,,,15.7,,,,15.89,,16.27,7.25,,,,46.8,,30.47,,,,31.91,,,,,,53.05,,2.64,,,,5.01,,11.55,,,,,,,,9.19,,,,7.21,,10.41,14.73,,,23.66,,,,,22.9,7.23,29.91,,,,14.63,,,,7.66,14.71,,,7.12,,11.68,,,16.58,19.1,8.77,8.83,6.23,17.4,10.05,,,,,,,,,,,,,,10.36,,,12.0,,,13.11,6.65,,,,,,,,,,,,,17.31,,14.73,5.86,10.29,9.92,11.26,15.31,,,,,,8.19,18.55,11.0,34.46,,,,31.06,,,22.41,31.19,,,,,,,,6.36,,5.1,,,,8.67,6.09,,16.8,,,,11.09,,,,4.67,,,9.48,,,,,,,,,,,27.17,7.4,19.04,,,10.03,,,,,10.76,,11.8,,,,,12.49,6.96,,,,,,5.79,7.2,,,,16.72,,8.89,,,39.44,13.82,,12.22,8.51,6.23,,,,7.2,,3.88,8.27,8.54,14.54,,,9.63,5.45,,8.3,,10.29,5.03,,,13.32,,7.88,,,4.85,,,,5.69,5.45,,7.18,,,,,8.41,,12.15,5.38,,,5.33,,,,,,8.77,9.57,,8.24,,,,,,,11.77,4.85,,,,14.55,,,5.69,,,,4.77,,,,5.13,,,,,20.12,,,,5.76,10.76,,,,9.0,,17.05,10.95,,16.61,,10.9,,14.28,,,,,,20.52,,,,,,,,,,,,,,39.1,,,,10.82,,,,28.89,,,,,,,,8.07,,,6.4,,,,,6.66,,,,6.82,,16.58,,2.97,,,,,4.6,,,3.35,,,,,,,,,,,,11.02,11.08,,,,,,,,,11.63,,,,,9.3,,10.7,,,,,,,3.48,,7.56,,,,,,21.9,,,18.67,,,12.46,6.38,,,,,14.5,,,,,,,,,,,,,,,,,,6.12,,,,,14.66,,14.91,10.98,,39.53,,,,,,7.16,,,,,,,,,,7.64,,5.51,,,,9.84,,5.15,7.36,10.0,,,,,6.5,4.25,,,,,,,,,,3.71,,,,6.77,,,,5.19,,,,,,,,,,,2.72,,,8.26,,,,,,5.24,4.05,,,,,,,,,3.8,,,,4.4,,,8.8,,,,4.19,,,5.14,,,5.55,,12.54,,7.94,7.25,,,,7.71,,8.48,4.86,,6.87,,,6.68,11.18,3.52,2.36,,,,,,6.14,,,,,2.3,11.53,,,,7.01,,,6.24,,,,,10.66,,,,5.56,,,,,,,6.97,,20.38,,,,,10.39,,,,,,,2.87,4.65,,3.59,7.68,,,7.35,,,,,,,,,,15.18,11.14,,,,,13.46,,,,,25.77,6.06,,2.38,,4.21,,,,6.86,,8.02,,,8.17,8.29,4.15,8.45,13.67,11.05,,3.8,,,4.38,,16.8,,3.88,,,,6.65,,5.29,,16.68,4.26,,7.91,,,,12.34,3.96,,,,,4.66,5.53,,4.63,,,4.82,,13.33,,,,,,,5.18,,4.01,,5.76,20.52,,6.52,5.57,,,,,,10.85,,3.82,,,,10.95,8.09,12.28,,,,8.42,,,,,,,,,2.59,,,,,5.96,3.34,,,10.78,,,11.91,,5.91,2.48,,,4.05,6.27,3.33,,,,,,8.19,,26.27,,3.6,,7.86,3.76,,9.13,,4.42,4.73,,,,,,,,,,4.24,,4.31,7.61,,,,16.16,,,12.12,6.84,5.62,9.48,9.9,,,7.83,,,4.79,,,,2.75,,,,5.03,,,5.76,,,3.25,8.63,9.0,,10.16,,17.6,4.49,9.47,,,,8.46,,9.17,,,5.12,,,9.89,,3.63,,,3.18,3.14,,,5.87,9.66,,,2.03,,11.75,18.9,,,3.55,4.09,3.97,,,,6.38,,,,,,,,,,,,26.88,,7.02,,,,,,,,,,,,,,,8.04
2013-04-16,11.28,,,,,,8.46,,,,24.74,13.38,,,,29.63,,12.32,9.2,,,14.63,,,15.72,,,,16.02,,16.61,7.3,,,,48.03,,30.1,,,,33.65,,,,,,53.8,,2.63,,,,5.05,,11.76,,,,,,,,9.69,,,,7.78,,10.54,14.82,,,23.84,,,,,22.24,7.35,31.01,,,,15.0,,,,7.86,15.24,,,7.28,,11.8,,,16.75,19.42,8.88,8.92,6.3,17.66,10.34,,,,,,,,,,,,,,10.37,,,12.21,,,13.34,6.78,,,,,,,,,,,,,17.41,,14.53,5.85,10.33,10.09,11.37,15.44,,,,,,8.21,18.74,10.93,33.35,,,,31.01,,,22.61,31.78,,,,,,,,6.39,,5.21,,,,8.8,6.17,,17.12,,,,11.45,,,,4.73,,,9.5,,,,,,,,,,,27.76,7.43,19.72,,,,,,,,10.49,,12.04,,,,,12.84,6.96,,,,,,5.9,7.29,,,,16.42,,8.92,,,40.81,14.09,,12.44,8.58,6.36,,,,7.09,,3.92,8.47,8.57,14.8,,,9.56,5.59,,8.48,,6.37,5.01,,,12.56,,7.99,,,4.91,,,,5.41,5.52,,7.17,,,,,8.4,,12.12,5.25,,,5.38,,,,,,8.93,9.74,,8.12,,,,,,,11.7,4.9,,,,14.54,,,5.77,,,,,,,,5.18,,,,,20.16,,,,5.9,10.65,,,,9.19,,17.41,11.19,,16.65,,10.88,,12.85,,,,,,20.54,,,,,,,,,,,,,,39.0,,,,11.17,,,,27.88,,,,,,,,8.06,,,6.42,,,,,6.68,,,,6.88,,16.94,,2.99,,,,,4.65,,,3.36,,,,,,,,,,,,11.23,10.9,,,,,,,,,11.12,,,,,9.44,,10.82,,,,,,,3.45,,7.65,,,,,,22.26,,,18.9,,,12.35,6.52,,,,,14.84,,,20.02,,,,,,,,,,,,,,,6.12,,,,,14.42,,14.88,11.23,,39.4,,,,,,7.26,,,,,,,,,,7.85,,5.51,,,,10.19,,5.2,7.47,10.38,,,,,6.56,4.2,,,,,,,,,,3.73,,,,6.71,,,,5.26,,,,,,,,,,,2.74,,,8.32,,,,,,5.32,4.15,,,,,,,,,3.81,,,,4.46,,,8.92,,,,4.37,,,5.22,,,5.57,,13.13,,7.94,7.32,,,,7.94,,8.62,4.91,,6.89,,,6.57,12.09,3.54,2.41,,,,,,6.19,,,,,2.35,11.68,,,,7.12,,,6.33,,,,,10.63,,,,5.39,,,,,,,7.08,,20.27,,,,,10.17,,,,,,,2.9,4.66,,3.74,7.74,,,7.65,,,,,,,,,,15.12,11.23,,,,,13.49,,,,,26.03,6.16,,2.41,,4.22,,,,6.78,,7.99,,,8.28,8.33,4.2,8.45,13.52,11.07,,3.8,,,4.43,,16.72,,3.93,,,,6.68,,5.27,,16.62,4.37,,7.99,,,,11.62,4.05,,,,,4.74,5.54,,4.68,,,4.78,,13.35,,,,,,,5.22,,4.01,,5.95,19.89,,6.53,5.58,,,,,,10.49,,3.84,,,,11.22,8.02,11.76,,,,8.31,,,,,,,,,2.64,,,,,6.06,3.39,,,11.04,,,11.93,,6.17,2.49,,,4.17,5.9,3.34,,,,,,8.22,,27.4,,3.68,,7.98,3.8,,8.92,,4.53,4.89,,,,,,,,,,4.24,,4.34,7.58,,,,16.13,,,11.91,7.02,5.62,9.28,10.12,,,7.79,,,4.63,,,,2.79,,,,5.16,,,5.86,,,3.29,8.84,8.88,,10.28,,18.21,4.55,9.6,,,,8.69,,9.0,,,5.09,,,9.88,,3.71,,,3.22,3.16,,,5.66,9.81,,,2.05,,11.8,19.88,5.85,,3.55,4.02,3.98,,,,6.52,,,,,,,,,,,,27.07,,7.21,,,,,,,,,,,,,,,8.19
2013-04-17,11.35,,,,,,8.53,,,,25.05,13.52,,,,31.03,,12.45,9.24,,,14.56,,,16.18,,,,16.31,,16.78,7.45,,,,48.27,,30.95,,,,34.7,,,,,,55.12,,2.62,,,,5.09,,11.76,,,,,,,,9.67,,,,7.87,,10.73,15.36,,,24.26,,,,,22.78,7.36,34.06,,,,15.03,,,,7.86,15.67,,,7.07,,11.83,,,16.71,19.8,8.89,8.98,6.35,18.2,10.29,,,,,,,,,,,,,,10.26,,,12.16,,,13.46,6.91,,,,,,,,,,,,,17.7,,15.24,5.96,10.36,10.18,11.4,15.5,,,,,,8.22,18.75,11.15,33.76,,,,31.55,,,22.82,31.93,,,,,,,,6.34,,5.26,,,,8.74,6.23,,17.15,,,,11.53,,,,4.73,,,9.49,,,,,,,,,,,28.88,7.44,20.53,,,9.6,,,,,10.88,,12.12,,,,,13.02,6.98,,,,,,5.96,7.35,,,,16.74,,8.86,,,42.27,14.57,,12.66,8.71,6.41,,,,,,3.92,8.52,8.57,14.9,,,10.06,5.57,,8.61,,6.34,4.9,,,12.9,,7.99,,,4.97,,,,5.37,5.54,,7.29,,,,,8.64,,12.02,5.26,,,5.38,,,,,,8.98,9.8,,8.18,,,,,,,12.26,4.96,,,,14.99,,,5.81,,,,,,,,5.19,,,,,20.95,,,,6.02,10.46,,,,9.23,,17.46,11.3,,17.31,,11.11,,12.94,,,,,,20.52,,,,,,,,,,,,,,41.19,,,,11.1,,,,28.73,,,,,,,,8.14,,,6.45,,,,,6.6,,,,6.92,,17.2,,2.96,,,,,4.67,,,3.42,,,,,,,,,,,,11.3,10.98,,,,,,,,,11.33,,,,,9.57,,10.88,,,,,,,3.49,,7.68,,,,,,22.11,,,19.18,,,12.3,6.45,,,,,15.67,,,20.25,,,,,,,,,,,,,,,6.09,,,,,14.49,,15.68,11.28,,39.45,,,,,,7.39,,,,,,,,,,8.02,,5.47,,,,10.2,,5.16,7.43,10.4,,,,,6.52,4.1,,,,,,,,,,3.83,,,,6.72,,,,5.2,,,,,,,,,,,2.73,,,8.34,,,,,,5.34,4.1,,,,,,,,,3.83,,,,4.43,,,9.18,,,,4.24,,,5.21,,,5.54,,12.98,,8.01,7.35,,,,7.97,,8.56,4.92,,7.03,,,6.63,12.06,3.54,2.39,,,,,,6.23,,,,,2.33,11.83,,,,7.13,,,6.35,,,,,10.57,,,,5.47,,,,,,,7.17,,20.75,,,,,10.15,,,,,,,2.9,4.89,,3.71,7.79,,,7.58,,,,,,,,,,15.19,11.2,,,,,13.5,,,,,28.63,6.08,,2.39,,4.19,,,,6.89,,7.84,,,8.29,8.31,4.27,8.49,13.52,11.17,,3.82,,,4.44,,17.82,,3.91,,,,6.67,,5.35,,16.65,4.33,,8.08,,,,11.75,4.03,,,,,4.76,5.57,,4.6,,,4.78,,13.38,,,,,,,5.2,,4.02,,5.93,19.71,,6.47,5.6,,,,,,10.4,,3.84,,,,11.29,7.9,11.87,,,,8.44,,,,,,,,,2.63,,,,,6.08,3.34,,,11.08,,,12.14,,6.15,2.48,,,4.13,5.91,3.42,,,,,,8.23,,27.48,,3.69,,7.96,3.83,,9.16,,4.54,4.83,,,,,,,,,,4.21,,4.33,7.63,,,,16.6,,,11.88,7.0,5.69,9.44,10.03,,,7.69,,,4.59,,,,2.97,,,,5.17,,,5.9,,,3.33,8.94,8.89,,10.68,,19.15,4.58,9.61,,,,8.8,,9.23,,,5.12,,,9.83,,3.7,,,3.25,3.14,,,5.81,9.8,,,2.04,,11.89,19.94,5.9,,3.59,4.03,4.01,,,,6.55,,,,,,,,,,,,26.99,,7.25,,,,,,,,,,,,,,,8.25
2013-04-18,11.44,,,,,,8.58,,,,26.18,13.86,,,,31.76,,12.6,9.12,,,14.97,,,16.55,,,,16.44,,16.93,7.87,,,,47.89,,30.85,,,,34.96,,,,,,54.7,,2.59,,,,5.07,,12.03,,,,,,,,9.66,,,,8.05,,10.73,15.07,,,23.88,,,,,22.63,7.38,34.86,,,,15.17,,,,7.74,15.7,,,6.95,,11.84,,,17.08,19.62,9.02,9.01,6.47,18.52,10.48,,,,,,,,,,,,,,10.49,,,12.56,,,13.43,7.02,,,,,,,,,,,,,17.69,,15.24,5.9,10.33,10.14,11.6,16.03,,,,,,8.19,18.8,11.16,33.56,,,,31.83,,,22.66,31.7,,,,,,,,6.27,,5.28,,,,8.69,6.2,,17.34,,,,11.96,,,,4.7,,,9.52,,,,,,,,,,,29.99,7.42,21.31,,,9.74,,,,,10.71,,12.32,,,,,13.16,6.99,,,,,,5.97,7.39,,,,17.05,,8.89,,,42.12,14.72,,12.73,8.81,6.73,,,,7.8,,3.89,8.69,8.51,14.87,,,10.58,5.71,,8.54,,6.22,5.07,,,14.1,,8.02,,,4.9,,,,5.61,5.58,,7.34,,,,,8.75,,12.01,5.15,,,5.37,,,,,,9.02,9.71,,8.11,,,,,,,12.45,4.94,,,,15.05,,,5.86,,,,,,,,5.16,,,,,20.85,,,,5.98,10.82,,,,9.05,,17.4,11.31,,16.97,,10.94,,13.01,,,,,,20.82,,,,,,,,,,,,,,44.69,,,,11.03,,,,29.79,,,,,,,,8.07,,,6.54,,,,,6.58,,,,6.88,,17.09,,2.96,,,,,4.62,,,3.45,,,,,,,,,,,,,10.7,,,,,,,,,11.32,,,,,9.81,,10.95,,,,,,,3.4,,7.69,,,,,,22.12,,,19.15,,,,6.42,,,,,15.68,,,20.79,,,,,,,,,,,,,,,6.09,,,,,14.68,,15.63,11.24,,39.2,,,,,,7.41,,,,,,,,,,7.97,,5.5,,,,10.16,,5.2,7.59,10.45,,,,,6.47,4.09,,,,,,,,,,3.85,,,,6.7,,,,5.12,,,,,,,,,,,2.7,,,8.31,,,,,,5.39,4.1,,,,,,,,,3.83,,,,4.46,,,9.08,,,,4.24,,,5.15,,,5.72,,12.98,,7.92,7.38,,,,8.07,,8.68,4.94,,7.01,,,6.57,11.84,3.54,2.38,,,,,,6.23,,,,,2.21,11.76,,,,7.09,,,6.27,,,,,10.47,,,,5.36,,,,,,,7.15,,20.6,,,,,9.49,,,,,,,2.88,4.88,,3.68,7.92,,,7.46,,,,,,,,,,15.2,11.17,,,,,13.64,,,,,28.77,6.13,,2.43,,4.24,,,,6.78,,7.68,,,8.22,8.29,4.35,8.5,13.35,11.12,,3.81,,,4.45,,,,3.81,,,,6.66,,5.27,,17.17,4.25,,8.06,,,,11.89,4.04,,,,,4.76,5.58,,4.6,,,4.7,,13.3,,,,,,,5.18,,4.07,,5.87,19.39,,6.43,5.58,,,,,,10.62,,3.86,,,,11.29,7.91,11.72,,3.36,,8.45,,,,,,,,,2.62,,,,,6.09,3.33,,,11.88,,,11.82,,5.96,2.47,,,4.08,5.8,3.42,,,,,,8.21,,27.5,,3.66,,8.21,3.84,,9.02,,4.51,4.82,,,,,,,,,,4.22,,4.4,7.84,,,,17.01,,,11.86,6.93,5.69,9.24,9.99,,,8.02,,,4.6,,,,2.89,,,,5.15,,,5.88,,,3.31,9.08,8.97,,10.27,,19.95,4.64,9.6,,,,9.07,,9.16,,,5.06,,,9.7,,3.7,,,3.27,3.11,,,5.8,9.72,,,2.03,,12.23,19.93,6.2,,3.65,4.23,3.96,,,,6.51,,,,,,,,,,,,27.0,,7.22,,,,,,,,,,,,,,,8.23
2013-04-19,11.57,,,,,,8.63,,,,26.32,13.98,,,,32.88,,12.88,9.46,,,15.03,,,16.87,,,,16.8,,16.97,8.03,,,,49.41,,31.56,,,,35.5,,,,,,55.88,,2.64,,,,5.16,,12.18,,,,,,,,9.88,,,,8.16,,10.93,15.19,,,25.0,,,,,23.38,7.49,35.01,,,,15.28,,,,7.81,15.99,,,7.06,,12.14,,,17.36,21.04,9.09,9.15,6.9,18.8,10.62,,,,,,,,,,,,,,10.53,,,12.95,,,13.89,7.04,,,,,,,,,,,,,18.3,,15.3,6.02,10.56,10.38,11.64,16.33,,,,,,8.33,19.21,11.63,35.07,,,,32.71,,,23.35,32.44,,,,,,16.88,,6.42,,5.35,,,,8.92,6.32,,17.8,,,,12.01,,,,4.83,,,9.58,,,,,,,,,,,31.57,7.64,21.68,,,9.88,,,,,10.82,,12.42,,,,,13.27,7.15,,,,,,6.09,7.5,,,,17.51,,9.12,,,46.32,14.94,,13.08,8.87,6.68,,,,8.13,,3.96,8.74,8.61,15.18,,,10.67,5.85,,9.07,,6.69,5.1,,,14.0,,8.29,,,5.02,,,,5.8,5.64,,7.39,,,,,8.82,,12.28,5.25,,,5.47,,,,,,9.14,9.91,,8.3,,,,,,,12.53,5.02,,,,15.24,,,6.05,,,,,,,,5.26,,,,,20.78,,,,6.13,10.87,,,,9.37,,17.69,11.73,,17.24,,11.33,,13.65,,,,,,21.07,,,,,,,,,,,,,,49.16,,,,11.18,,,,30.12,,,,,,,,8.27,,,6.64,,,,,6.74,,,,7.01,,17.6,,3.01,,,,,4.72,,,3.46,,,,,,,,,,,,,10.68,,,,,,,,,11.88,,,,,9.82,,11.12,,,,,,,3.4,,7.8,,,,,,22.57,,,19.56,,,,6.53,,,,,16.1,,,21.17,,,,,,,,,,,,,,,6.22,,,,,14.97,,15.55,11.65,,40.43,,,,,,7.49,,,,,,,,,,8.15,,5.74,,,,10.29,,5.27,7.66,10.91,,,,,6.57,4.18,,,,,,,,,,3.93,,,,6.81,,,,5.24,,,,,,,,,,,2.75,,,8.64,,,,,,5.56,4.17,,,,,,,,,3.9,,,,4.56,,,9.33,,,,4.34,,,5.29,,,5.73,,13.3,,8.12,7.52,,,,8.27,,9.02,5.04,,7.16,,,6.74,12.05,3.6,2.41,,,,,,6.36,,,,,2.25,12.16,,,,7.15,,,6.43,,,,,10.77,,,,5.43,,,,,,,7.23,,21.08,,,,,9.5,,,,,,,2.94,4.87,,3.73,7.98,,,4.08,,,,,,,,,,15.33,11.3,,,,,13.95,,,,,28.99,6.27,,2.45,,4.31,,,,6.88,,7.82,,,8.37,8.44,4.38,8.54,13.7,11.28,,3.88,,,4.52,,,,3.89,,,,6.79,,5.29,,17.32,4.28,,8.19,,,,12.26,4.09,,,,,4.89,5.64,,4.73,,,4.75,,13.45,,,,,,,5.27,,4.14,,5.89,19.91,,6.59,5.79,,,,,,10.89,,3.92,,,,11.18,8.24,11.99,,3.4,,8.81,,,,,,,,,2.65,,,,,6.17,3.39,,,13.05,,,11.94,,6.02,2.51,,,4.14,5.89,3.46,,,,,,8.26,,27.92,,3.73,,8.24,3.88,,9.31,,4.6,4.94,,,,,,,,,,4.32,,4.45,7.97,,,,17.3,,,11.98,7.25,5.85,9.58,10.31,,,8.07,,,4.61,,,,2.9,,,,5.22,,,5.9,,,3.36,9.79,9.12,,10.51,,20.7,4.72,10.56,,,,9.15,,9.3,,,5.15,,,10.04,,3.78,,,3.34,3.2,,,5.93,9.92,,,2.05,,12.26,19.92,6.29,,3.69,4.27,3.96,,,,6.66,,,,,,,,,,,,27.48,,7.29,,,,,,,,,,,,,,,8.45
2013-04-22,11.58,,,,,,8.63,,,,26.52,13.88,,,,34.63,,12.94,9.6,,,15.24,,,18.35,,,,17.28,,17.52,8.13,,,,50.9,,32.45,,,,38.4,,,,,,58.65,,2.64,,,,5.19,,12.26,,,,,,,,9.8,,,,8.11,,10.97,15.64,,,25.05,,,,,23.65,7.5,38.0,,,,15.37,,,,7.49,15.67,,,7.05,,12.17,,,17.16,21.61,9.07,9.2,6.93,19.04,10.86,,,,,,,,,,,,,,10.39,,,12.95,,,14.01,7.13,,,,,,,,,,,,,18.4,,15.13,6.05,10.29,10.38,11.62,16.46,,,,,,8.55,19.0,11.21,36.39,,,,33.1,,,24.05,32.86,,,,,,15.19,,6.53,,5.43,,,,9.3,6.68,,17.88,,,,12.22,,,,4.93,,,9.6,,,,,,,,,,,34.51,7.74,22.35,,,10.12,,,,,10.57,,12.67,,,,,13.18,7.18,,,,,,6.16,7.63,,,,17.41,,9.79,,,48.15,14.95,,13.2,9.09,,,,,7.51,,4.01,8.67,8.55,15.05,,,10.57,5.68,,9.18,,6.97,5.01,,,14.3,,8.22,,,5.06,,,,5.83,5.61,,7.26,,,,,8.82,,12.21,5.28,,,5.52,,,,,,9.18,10.18,,8.15,,,,,,,12.56,4.96,,,,15.31,,,6.15,,,,,,,,5.27,,,,,21.92,,,,6.14,10.93,,,,9.57,,17.43,11.79,,17.14,,11.82,,13.6,,,,,,20.79,,,,,,,,,,,,,,50.23,,,26.3,11.1,,,,30.41,,,,,,,,8.33,,,,,,,,6.67,,,,7.08,,17.49,,3.0,,,,,4.72,,,3.46,,,,,,,,,,,,11.57,10.74,,,,,,,,,12.1,,,,,9.75,,11.57,,,,,,,3.41,,7.62,,,,,,22.27,,,20.02,,,,6.57,,,,,16.92,,,22.11,,,,,,,,,,,,,,,6.21,,,,,15.26,,,12.3,,40.56,,,,,,7.56,,,,,,,,,,8.61,,5.69,,,,10.07,,5.26,7.5,10.89,,,,,6.46,4.19,,,,,,,,,,3.94,,,,6.81,,,,5.21,,,,,,,,,,,3.03,,,8.64,,,,,,5.7,4.15,,,,,,,,,3.9,,,,4.59,,,9.22,,,,4.28,,,5.29,,,5.63,,13.37,,8.0,7.56,,,,8.1,,9.05,5.05,,7.26,,,6.68,11.75,3.58,2.65,,,,,,6.33,,,,,2.24,12.03,,,,7.06,,,6.41,,,,,10.82,,,,5.97,,,,,,,7.32,,20.56,,,,,9.57,,,,,,,2.91,5.01,,3.67,8.22,,,3.95,,,,,,,,,,15.22,11.11,,,,,13.74,,,,,29.26,6.19,,2.44,,4.29,,,,7.3,,7.61,,,8.38,8.47,4.44,8.49,13.46,11.34,,3.94,,,4.57,,,,3.99,,,,6.8,,5.09,,17.2,4.45,,8.15,,,,12.72,4.23,,,,,4.85,5.65,,4.86,,,4.89,,13.55,,,,,,,5.24,,4.09,,5.73,19.66,,6.62,6.1,,,,,,10.9,,3.94,,,,10.75,8.14,12.15,,3.39,,8.69,,,,,,,,,2.63,,,,,6.2,3.38,,,14.36,,,11.8,,6.15,2.51,,,4.14,6.02,3.43,,,,,,8.19,,27.0,,3.68,,8.17,3.94,,9.6,,4.53,5.04,,,,,,,,,,4.31,,4.41,8.31,,,,18.17,,,12.06,7.27,5.81,9.43,10.15,,,8.01,,,4.55,,,,2.84,,,,5.22,,,5.86,,,3.33,9.97,9.58,,10.34,,20.9,4.72,11.0,,,,9.07,,9.17,,,5.15,,,9.9,,3.8,,,3.35,3.29,,,5.97,9.88,,,2.05,,12.12,19.52,6.33,,3.64,4.41,3.86,,,,6.71,,,,,,,,,,,,26.59,,7.31,,,,,,,,,,,,,,,8.4
2013-04-23,11.24,,,,,,8.45,,,,25.42,13.3,,,,34.65,,12.5,9.05,,,14.46,,,17.51,,,,16.63,,16.86,7.8,,,,49.2,,32.3,,,,36.88,,,,,,59.48,,2.57,,,,5.04,,12.04,,,,,,,,9.8,,,,7.87,,10.47,14.85,,,24.4,,,,,23.01,7.32,24.77,,,,14.8,,,,7.7,15.35,,,6.9,,11.91,,,16.28,21.38,8.89,8.97,7.25,18.15,10.4,,,,,,,,,,,,,,10.18,,,12.77,,,13.8,6.82,,,,,,,,,,,,,17.64,,13.9,6.01,10.03,10.0,11.14,15.81,,,21.7,,,8.25,18.52,10.37,36.13,,,,32.95,,,22.42,31.9,,,,,,14.7,,6.33,,5.27,,,,8.82,6.73,,17.14,,,,11.66,,,,4.73,,,9.5,,,,,,,,,,,33.9,7.56,21.66,,,9.97,,,,,10.43,,12.0,,,,,12.41,6.92,,,,,,5.9,7.49,,,,17.17,,9.72,,,46.8,14.6,,13.17,8.66,,,,,7.03,,3.86,8.4,8.47,14.35,,,10.38,5.45,14.5,9.05,,6.82,4.95,,,13.76,,7.99,,,4.99,,,,5.91,5.53,,7.59,,,,,8.44,,11.65,5.04,,,5.3,,,,,,8.91,9.84,,7.83,,,,,,,12.2,4.8,,,,15.14,,,5.86,,,,,,,6.3,5.13,,,,,21.4,,,,6.0,10.36,,,,9.38,,17.06,11.42,,16.28,,11.65,,13.18,,,,,,20.78,,,,,,,,,,,,,,49.5,,,24.79,10.64,,,,29.25,,,,,,,,7.99,,,,,,,,6.53,,,,6.98,,16.99,,2.91,,,,,4.81,,,3.43,,,,,,,,,,,,11.23,10.58,,,,,,,,,11.95,,,,,9.5,,11.51,,,,,,,3.39,,7.49,,,,,,21.8,,,19.53,,,,6.25,,,,,17.04,,,21.42,,,,,,,,,,,,,,,5.98,,,,,14.8,,,12.09,,39.0,,,,,,7.28,,,,,,,,,,8.64,,5.47,,,,9.67,,5.11,7.71,10.24,,,,,6.56,4.15,,,,,,,,,5.02,3.86,,,,6.53,,,,5.0,,,,,,,,,,,2.94,,,8.24,,,,,,5.57,4.01,,,,,,,,,3.81,,,,4.38,,,8.78,,,,4.03,,,5.09,,,5.45,,13.09,,7.75,7.2,,,,7.66,,8.51,4.83,,7.11,,,6.49,11.0,3.49,2.49,,,,,,6.16,,,,,2.13,12.34,,,,6.92,,,6.73,,,,,10.45,,,,5.56,,,,,,,7.1,,19.68,,,,,9.43,,,,,,,2.83,4.76,,3.59,7.84,,,3.75,,,,,,,,,,15.14,11.04,,,,,13.41,,,,,28.47,5.89,,2.39,,4.15,,,,6.89,,7.06,,,8.04,8.26,4.28,8.38,13.16,10.92,,3.84,,,4.35,,,,3.97,,,,6.63,,4.95,,17.33,4.4,,8.35,,,,12.42,4.14,,,,,4.66,5.46,,4.67,,,4.87,,13.32,,,,,,,5.15,,4.0,,5.3,19.42,,6.42,5.91,,,,,,10.9,,3.8,,,,10.68,7.85,11.58,,3.29,,8.33,,,,,,,,,2.57,,,,,6.02,3.34,,,13.86,,,11.84,,5.83,2.43,,,3.97,5.75,3.33,,,,,,,,,,3.56,,7.8,3.8,,9.41,,4.4,4.81,,,,,,,,,,4.28,,4.32,7.88,,,,17.59,,,11.75,7.02,5.56,9.06,9.81,,,7.86,,,4.28,,,,2.65,,,,5.33,,,5.72,,,3.23,9.37,9.72,,9.77,,20.15,4.49,10.67,,,,8.9,,8.88,,,4.93,,,9.48,,3.64,,,,3.17,,,5.8,9.55,,,2.01,,11.9,18.0,6.35,,,4.3,3.8,,,,6.45,,,,,,,,,,,,24.6,,6.96,,,,,,,,,,,,,,,8.12
2013-04-24,11.33,,,,,,8.63,,,,26.15,13.66,,,,36.5,,13.02,9.25,,,14.98,,,18.59,,,,17.25,,17.6,8.17,,,,51.8,,33.27,,,,39.0,,,,,,61.39,,2.59,,,,5.09,,12.51,,,,,,,,9.95,,,,8.04,,10.98,15.13,,,24.47,,,,,23.81,7.6,27.1,,,,15.06,,,,7.53,15.02,,,7.01,,12.25,,,16.45,21.25,8.91,9.18,7.26,19.39,10.8,,,,,,,,,,,,,,10.4,,,12.68,,,13.99,7.06,,,,,,,,,,,,,17.76,,14.79,6.14,10.12,10.2,11.25,16.19,,,22.0,,,,18.96,11.23,37.77,,,,34.93,,,22.68,32.33,,,,,,14.76,,6.46,,5.45,,,,9.06,7.0,,17.58,,,,12.01,,,,4.78,,,9.79,,,,,,,,,,,36.89,7.71,22.42,,,10.97,,,,,10.57,,12.81,,,,,13.02,6.98,,,,,,5.93,7.59,,,,17.88,,10.19,,,47.06,15.08,,13.39,8.96,,,,,7.07,,3.88,8.5,8.46,14.64,,,10.7,5.6,14.34,9.18,,7.17,5.02,,,14.52,,8.16,,8.47,5.14,,,,6.21,5.56,,7.62,,,,,8.57,,11.73,5.07,,,5.35,,,,,,9.09,9.88,,8.09,,,,,,,12.2,4.88,,,,15.25,,,6.02,,,,,,,6.35,5.17,,,,,22.25,,,,5.96,10.85,,,,9.88,,17.48,11.9,,16.6,,11.97,,13.6,,,,,,20.65,,,,,,,,,,,,,,54.45,,,24.2,11.25,,,,30.36,,,,,,,,8.04,,,,,,,,6.64,,,,7.13,,17.8,,2.96,,,,,4.97,,,3.47,,,,,,,,,,,,11.23,10.61,,,,,,,,,12.14,,,,,9.57,,11.81,,,,,,,3.39,,7.57,,,,,,22.1,,,20.19,,,,6.35,,,,,9.28,,,22.9,,,,,,,,,,,,,,,6.09,,,,,15.31,,,12.72,,40.1,,,,,,7.59,,,,,,,,,,9.49,,5.6,,,,9.79,,5.25,7.94,10.61,,,,,6.78,4.23,,,,,,,,,5.11,4.05,,,,6.64,,,,5.1,,,,,,,,,,,2.86,,,8.38,,,,,,5.69,4.07,,,,,,,,,3.86,,,,4.42,,,8.97,,,,4.1,,,5.13,,,5.51,,13.22,,7.79,7.32,,,,7.72,,8.71,4.9,,7.24,,,6.56,11.06,3.52,2.46,,,,,,6.2,,,,,2.05,12.62,,,,7.01,,,6.46,,,,,10.57,,,,5.63,,,,,,,7.41,,20.14,,,,,9.64,,,,,,,2.87,4.63,,3.62,7.97,,,3.8,,,,,,,,,,15.9,11.14,,,,,13.54,,,,,27.74,6.13,,2.42,,4.21,,,,6.93,,7.11,,,8.19,8.52,4.35,8.42,13.31,11.07,,3.92,,,4.4,,,,4.01,,,,6.7,,5.01,,18.2,4.42,,8.55,,,,12.91,4.17,,,,,4.68,5.7,,4.86,,,4.99,,13.36,,,,,,,5.23,,4.07,,5.4,19.79,,6.46,6.18,,,,,,10.98,,3.88,,,,10.74,7.98,11.77,,3.32,,8.43,,,,,6.71,,,,2.61,,,,,6.06,3.48,,,13.97,,,11.99,,5.87,2.45,,,4.02,5.81,3.35,,,,,,7.99,,,,3.6,,7.9,4.06,,9.24,,4.46,4.94,,,,,,,,,,4.31,,4.38,8.11,,,,18.44,,,11.67,7.23,5.67,8.89,10.07,,,7.89,,,4.29,,,,,,,,5.43,,,5.77,,,3.33,10.1,9.88,,9.75,,22.17,4.54,10.9,,,,8.66,,8.96,,,4.99,,,9.65,,3.67,,,,3.19,,,5.94,9.67,,,2.04,,11.8,18.63,6.48,,3.58,4.49,3.84,,,,6.51,,,,,,,,,,,,24.87,,7.04,,,,,,,,,,,,,,,8.34
2013-04-25,11.08,,,,,,8.5,,,,25.85,13.21,,,,34.6,,13.06,8.86,,,13.9,,,18.19,,,,16.97,,17.91,8.07,,,,52.88,,31.9,,,,35.85,,,,,,56.5,,2.59,,,,5.03,,12.69,,,,,,,,9.81,,,,8.07,,11.07,14.86,,,24.6,,,,,24.29,7.6,24.39,,,,15.08,,,,7.38,14.84,,,6.91,,12.05,,,16.05,21.0,8.61,9.08,7.75,19.21,10.5,,,,,,,,,,,,,,10.22,,,12.26,,,13.95,7.19,,,,,,,,,,,,,17.9,,14.55,6.11,9.92,10.01,10.81,16.02,,,21.21,,,,18.92,11.65,37.42,,,,36.02,,,21.59,30.91,,,,,,14.41,,6.67,,5.31,,,,8.85,6.92,,17.8,,,,11.52,,,,4.62,,,9.54,,,,,,,,,,,33.36,7.66,23.18,,,11.08,,,,,10.35,,12.42,,,,,12.69,6.87,,,,,,5.64,7.52,,,,17.65,,10.03,,,46.5,14.99,,13.26,8.74,,,,,6.87,,3.78,8.52,8.38,14.44,,,10.4,5.41,14.36,8.89,,7.05,4.92,,,14.2,,8.08,,7.7,5.32,,,,5.9,5.5,,7.27,,,,,8.9,,11.66,4.92,,,5.1,,,,,,8.98,9.49,,8.15,,,,,,,12.22,4.78,,,,14.99,,,5.95,,,,,,,6.86,5.06,,,,,21.45,,,,5.89,8.6,,,,9.7,,17.11,11.99,,16.34,,11.87,,13.78,,,,,,20.0,,,,,,,,,,,,,,56.88,,,22.37,11.25,,,,29.72,,,,,,,,7.82,,,,,,,,6.49,,,,6.85,,18.32,,2.91,,,,,5.1,,,3.49,,,,,,,,,,,,11.04,10.08,,,,,,,,,11.85,,,,,9.3,,11.8,,,,,,,3.42,,7.47,,,,,,21.81,,,19.93,,,13.53,6.16,,,,,8.83,,,22.64,,,,,,,,,,,,,,,6.02,,,,,15.17,,,12.25,,39.38,,,,,,7.54,,,,,,,,,,9.09,,5.52,,,,9.59,,5.23,7.72,10.66,,,,,6.68,4.22,,,,,,,,,5.03,3.93,,,,6.45,,,,4.92,,,,,,,,,,,2.78,,,8.17,,,,,,5.71,4.04,,,,,,,,,3.8,,,,4.4,,,8.74,,,,4.02,,,4.97,,,5.58,,13.06,,7.25,7.18,,,,7.32,,8.43,4.8,,7.17,,,6.49,10.44,3.47,2.38,,,,,,6.1,,,,,2.06,12.49,,,,7.21,,,6.26,,,,,10.51,,,,5.4,,,,,,,7.19,,20.16,,,,,9.43,,,,,,,2.98,4.48,,3.53,8.04,,,3.67,,,,,,,,,,15.92,10.88,,,,,13.24,,,,,27.74,6.04,,2.46,,4.18,,,,6.76,,6.82,,,8.05,8.33,4.23,8.36,13.32,10.83,,4.02,,,4.6,,16.05,,4.04,,,,6.55,,4.8,,19.11,4.4,,8.43,,,,12.9,4.07,,,,,4.49,5.7,,4.88,,,4.84,,14.26,,,,,,,5.16,,3.96,,5.24,20.5,,6.27,6.42,,,,,,11.07,,3.82,,,,10.71,7.88,11.42,,3.24,,8.29,,,,,6.63,,,,2.57,,,,,5.83,3.45,,10.86,12.68,,,11.5,,5.66,2.42,,,3.95,5.6,3.3,,,,,,7.77,,25.12,,3.56,,7.93,4.0,,9.13,,4.4,4.89,,,,,,,,,,4.4,,4.33,8.33,,,,,,,11.33,7.01,5.43,8.67,9.98,,,7.74,,,4.28,,,,2.52,,,,5.39,,,5.69,,,3.32,9.36,9.68,,9.22,,21.59,4.53,11.05,,,,8.28,,8.86,,,4.72,,,9.7,,3.62,,,,3.13,,,6.08,9.32,,,2.03,,11.83,18.4,6.29,,3.6,4.27,3.8,,,,6.36,,,,,,,,,,,,24.54,,6.93,,,,,,,,,,,,,,,8.2
2013-04-26,10.67,,,,,,8.36,,,,24.38,12.65,,,,35.15,,12.6,8.5,,,13.13,,,17.64,,,,16.55,,17.41,7.82,,,,53.27,,31.22,,,,35.8,,,,,,53.88,,2.58,,,,5.0,,12.25,,,,,,,,9.45,,,,7.8,,10.79,13.37,,,23.5,,,,,21.86,7.51,23.64,,,,14.44,,,,7.23,14.72,,,6.53,,11.12,,,15.21,20.8,8.37,8.7,7.69,18.36,10.11,,,,,,,,,,,,,,10.16,,,11.97,,,13.96,7.0,,,,,,,,,,,,,18.37,,14.0,5.82,9.81,9.71,10.69,15.54,,,20.51,,,,19.11,10.88,37.26,,,,34.68,,,20.57,28.8,,,,,,14.16,,6.56,,5.1,,,,8.15,6.72,,18.05,,,,11.33,,,,4.53,,,9.26,,,,,,,,,,,35.37,7.37,22.98,,,10.69,,,,,9.72,,12.26,,,,,12.06,6.72,,,,,,5.41,7.45,,,,17.03,,9.77,,,45.91,13.78,,13.2,8.37,,,,,6.67,,3.7,8.44,8.4,14.19,,,10.38,5.17,13.43,8.3,,6.84,4.57,,,14.21,2.78,7.81,,7.68,5.52,,,,6.02,5.54,,7.43,,,,,8.86,,11.62,4.85,,,4.99,,,,,,8.85,9.27,,8.08,,,,,,,12.25,4.57,,,,14.8,,,5.69,,,,,,,7.17,5.05,,,,,19.41,,,,5.86,8.21,,,,9.34,,16.86,11.81,,15.79,,11.81,,13.65,,,,,,19.47,,,,,,,,,,,,,,55.13,,,22.69,11.21,,,,27.22,,,,,,,,7.55,,,,,,,,6.41,,,,6.73,,18.41,,2.87,,,,,4.99,,,3.51,,,,,,,,,,,,10.99,9.98,,,,,,,,,11.77,,,,,9.23,,11.65,,,,,,,3.58,,7.4,,,,,,21.51,,,18.93,,,12.64,6.03,,,,,8.75,,,22.33,,,,,,,,,,,,,,,6.22,,,,,14.75,,,11.63,,39.32,,,,,,7.28,,,,,,,,,,9.23,,5.39,,,,9.47,,5.22,7.35,10.71,,,,,6.25,4.2,,,,,,,,,4.94,3.92,,,,6.39,,,,5.06,,,,,,,,,,,2.68,,,8.17,,,,,,5.62,4.03,,,,,,,,,3.73,,,,4.19,,,8.12,,,,4.02,,6.17,4.82,,,5.5,,12.43,,7.33,6.96,,,,7.07,,8.23,4.68,,7.34,,,6.53,10.4,3.44,2.36,,,,,,6.03,,,,,,11.98,,,,6.86,,,6.25,,,,,10.39,,,,5.26,,,,,,,7.22,,19.99,,,,,8.69,,,,,,,2.87,4.26,,3.41,7.86,,,3.52,,,,,,,,,,15.96,10.79,,,,,13.0,,,,,27.01,5.99,,2.41,,4.16,,,,6.57,,6.71,,,7.81,8.15,4.19,8.23,13.34,10.84,,3.96,,,4.4,,15.6,,4.31,,,,6.48,,4.67,,18.79,4.25,,8.09,,,,12.26,4.08,,,,,4.44,5.51,,4.87,,,4.87,,13.82,,,,,,,5.05,,,,5.7,20.13,,6.2,6.18,,,,,,10.92,,3.77,,,,10.57,7.89,11.29,,3.3,,8.16,,,,,6.47,,,,2.58,,,,,5.71,3.49,,10.44,12.1,,,10.84,,5.53,2.36,,,3.83,5.4,3.25,,,,,,7.77,,25.42,,3.51,,7.68,3.99,,9.13,,4.36,4.98,,,,,,,,,,4.38,,4.37,8.12,,,,,,,11.35,6.88,5.16,8.84,9.91,,,7.6,,,4.29,,,,2.39,,,,5.3,,,5.65,,,3.26,9.04,,,9.23,,21.45,4.45,10.77,4.68,,,8.0,,8.84,,,4.78,,,9.52,,3.55,,,,3.1,,,5.95,9.37,,,2.01,,11.52,19.03,6.19,,3.59,4.12,3.66,8.3,,,6.26,,,,,,,,,,,,24.35,,6.8,,,,,,,,,,,,,,,8.1
2013-05-02,10.8,,,,,,8.41,,,,24.7,12.75,,,,35.21,,12.74,8.57,,,13.53,,,17.92,,,,16.97,,17.66,7.98,,,,52.97,,31.7,,,,39.38,,,,,,55.83,,2.53,,,,4.99,,11.95,,,,,,,,9.61,,,,8.34,,11.13,13.05,,,23.14,,,,,21.38,7.5,24.23,,,,14.26,,,,7.37,15.7,,,6.53,,11.15,,,15.2,20.29,8.34,8.7,7.8,18.91,10.34,,,,,,,,,,,,,,10.03,,,12.01,,,13.88,6.93,,,,,,,,,,,,,18.6,,14.2,5.88,9.78,9.34,10.82,15.5,,,20.93,,,7.62,18.9,11.0,36.16,,,,17.52,,,20.65,29.4,,,,,,14.22,,6.86,,5.16,,,,8.02,6.74,,18.53,,,,11.56,,,,4.63,,,9.3,,,,,,,,,,,37.45,7.43,24.55,,,10.82,,,,,,,12.17,,,,,12.18,6.76,,,,,,5.4,7.46,,,,17.24,,10.29,,,46.98,13.83,,13.31,8.43,,,,,6.38,,3.72,8.36,8.28,14.32,,,10.21,5.21,13.28,8.59,,6.93,4.64,,,14.24,,7.61,,7.71,5.4,,,,5.92,5.53,,7.46,,,,,8.8,,11.7,4.87,,,5.01,,,,,,8.86,9.19,,7.68,,,,,,,12.7,4.52,,,,15.98,,,5.76,,,,,,,7.0,5.21,,,,,19.73,,,,5.86,8.59,,,,9.59,,17.08,11.98,,15.96,,12.01,,14.06,,,,,,18.91,,,,,,,,,,,,,,55.8,,,23.41,11.67,,,,27.18,,,,,,,,7.59,,,,,,,,6.23,,,,6.73,,18.65,,2.83,,,,,4.98,,,3.48,,,,,,,,,,,,10.99,10.27,,,,,,,,,11.55,,,,,9.22,,11.37,,,,,,,,,7.47,,,,,,21.5,,,19.05,,,11.95,6.08,,,,,8.78,,,22.8,,,,,,,,,,,,,,,6.34,,,,,14.86,,,12.1,,38.22,,,,,,7.28,,,,,,,,,,9.98,,5.69,,,,9.56,,5.16,7.36,10.77,,,,,6.19,4.19,,,,,,,,,4.96,,,,,6.51,,,,5.19,,,,,,,,,,,2.64,,,8.03,,,,,,5.27,4.0,,,,,,,,,3.71,,,,4.08,,,7.96,,,,4.08,,6.22,4.86,,,5.48,,12.52,,7.3,7.02,,,,7.14,,8.23,4.63,,7.17,,,6.34,10.42,3.47,2.37,,,,,,6.07,,,,,2.16,12.58,,,,6.87,,,6.33,,,,,10.2,,,,5.27,,,,,,,7.38,,17.99,,,,,8.37,,,,,,,,,,3.43,8.09,,,3.45,,,,,,,,,,16.57,11.1,,,,,12.11,,,,,27.31,5.85,,2.38,,4.08,,,,6.6,,6.59,,,7.75,8.01,4.19,8.07,13.49,10.72,,4.1,,,4.28,,15.23,,4.31,,,,6.59,,4.69,,18.76,4.3,,8.13,,,,12.13,4.01,,,,,4.48,5.53,,5.21,,,5.07,,13.85,,,,,,,5.04,,,,5.75,19.06,,6.49,6.47,,,,,,11.04,,3.77,,,,10.54,7.65,11.0,,3.28,,7.97,,,,,6.52,,,,2.62,,,,,5.75,3.56,,10.14,12.32,,,10.86,,5.56,2.38,,,3.86,5.46,3.29,,,,,,8.16,,26.0,,3.54,,7.65,3.95,,8.72,,4.37,5.05,,,,,,,,,,4.43,,4.39,8.02,,,,,,,11.14,6.85,5.24,8.57,9.73,,,7.28,,,4.27,,,,2.43,,,,5.05,,,5.9,,,3.28,9.4,9.71,,9.38,,22.05,4.45,11.0,4.59,,,8.09,,8.38,,,5.26,,,9.36,,3.54,,,,3.08,,,5.92,9.27,,,2.01,,11.67,19.79,6.17,,3.55,4.23,3.55,7.51,,,,,,,,,,,,,,,21.99,,6.94,,,,,,,,,,,,,,,8.22
2013-05-03,10.85,,,,,,8.56,,,,25.95,13.23,,,,37.29,,13.0,8.69,,,13.99,,,18.6,,,,17.87,,18.12,8.22,,,,55.68,,32.75,,,,41.0,,,,,,56.49,,2.58,,,,5.05,,6.0,,,,,,,,10.14,,,,8.75,,11.12,13.29,,,24.06,,,,,21.58,7.59,24.97,,,,14.52,,,,7.45,15.82,,,6.63,,11.26,,,15.65,20.47,8.45,8.92,8.11,19.34,10.53,,,,,,,,,,,,,,10.2,,,12.21,,,14.13,7.23,,,,,,,,,,,,,19.2,,14.84,6.17,9.93,9.82,10.97,16.15,,,21.08,,,7.57,19.34,11.28,36.6,,,,17.82,,,21.42,30.36,,,,,,14.53,,6.99,,5.28,,,,8.18,6.87,,18.58,,,,11.84,,,,4.82,,,9.49,,,,,,,,,,,38.42,7.57,25.57,,,10.95,,,,,10.44,,12.54,,,,,12.57,6.92,,,,,,5.5,7.56,,,,17.78,,10.44,,,47.8,14.11,,13.66,8.77,,,,,6.58,,3.77,8.61,8.33,14.98,,,10.4,5.7,13.53,8.99,,7.07,4.68,,,15.18,,7.66,,8.0,5.4,,,,5.9,5.56,,7.63,,,,,9.1,,12.2,4.99,,,5.09,,,,,,8.99,9.35,,7.84,,,,,,,12.91,4.64,,,,16.26,,,5.98,,,,,,,7.35,5.32,,,,,19.93,,,,6.24,8.66,,,,9.7,,17.29,12.06,,,,12.88,,14.31,,,,,,19.27,,,,,,,,,,,,,,61.38,,,24.7,11.73,,,,27.83,,,,,,,,7.8,,,6.47,,,,,6.33,,,,6.94,,18.84,,2.87,,,,,5.04,,,3.57,,,,,,,,,,,,11.27,10.33,,,,,,,,,11.57,,,,,9.35,,11.51,,,,,,,3.4,,7.5,,,,,,21.85,11.22,,19.42,,,12.39,6.21,,,,,8.88,,,22.9,,,,,,,,,,,,,,,6.35,,,,,15.21,,,12.54,,38.53,,,,,,7.61,,,,,,,,,,10.04,,5.78,,,,9.69,,5.23,7.51,11.2,,,,,6.31,4.3,,,,,,,,,5.07,,,,,6.66,,,,5.2,,,,,,,,,,,2.66,,,8.17,,,,,,5.33,4.15,,,,,,,,,3.75,,,,4.13,,,8.12,,,,4.26,,6.31,4.92,,,5.8,,12.64,,7.4,7.05,,,,7.24,,8.44,4.71,,7.4,,,6.4,10.72,3.52,2.39,,,,,,6.15,,,,,2.15,12.86,,,,6.99,,,6.44,,,,,10.46,,,,5.38,,,,,,,7.57,,18.46,,,,,8.51,,,,,,,2.73,4.05,,3.48,8.41,,,3.49,,,,,,,,,,17.28,11.25,,,,,12.32,,,,,28.26,5.88,,2.42,,4.11,,,,6.69,,6.78,,,7.91,8.34,4.28,8.07,13.6,10.86,,4.09,,,4.31,,15.62,,4.31,,,,6.7,,4.78,,19.36,4.31,,8.32,,,,12.18,4.06,,,,,4.58,5.65,,5.27,,,5.07,,13.9,,,,,,,5.1,,3.76,,6.32,19.06,,6.61,6.48,,,,,,11.13,,3.83,,,,10.64,7.83,11.42,,3.38,,8.04,,,,,6.51,,,,2.63,,,,,5.86,3.56,,10.27,12.36,,,11.09,,5.64,2.44,,,3.91,5.56,3.32,,,,,,8.47,,26.94,,3.59,,7.68,4.01,,9.16,,4.43,5.11,,,,,,,,,,4.49,,4.41,8.6,,,,,,,11.15,7.0,5.37,8.95,10.03,,,7.34,,,4.3,,,,2.39,,,,5.13,,,6.1,,,3.35,9.15,10.2,,9.43,,22.4,4.49,11.17,4.59,,,8.32,,8.68,,,5.5,,,9.79,,3.59,,,3.35,3.11,,,6.09,9.47,,,2.02,,11.87,20.15,6.21,,3.63,4.21,3.6,7.55,,,6.89,,,,,,,,,,,,22.05,,6.97,,,,,,,,,,,,,,,8.35
2013-05-06,11.08,,,,,,8.68,,,,26.4,13.57,,,,37.2,,13.33,8.87,,,14.64,,,19.68,,,,18.34,,18.51,8.39,,,,56.42,,33.83,,,,40.28,,,,,,59.78,,2.58,,,,5.1,,5.96,,,,,,,,10.64,,,,8.8,,11.34,13.5,,,24.45,,,,,21.59,7.64,25.88,,,,14.74,,,,7.5,16.03,,,6.64,,11.46,,,16.14,21.48,8.67,9.06,8.4,19.93,10.95,,,,13.13,,,,,,,,,,10.31,,,12.7,,,14.34,7.43,,,,,,,,,,,,,19.2,,16.32,6.2,10.15,10.01,11.09,16.33,,,21.2,,,7.62,19.73,11.32,37.46,,,,17.91,,,21.64,33.4,,,,,,14.68,,7.11,,5.4,,,,8.67,7.24,,12.7,,,,12.64,,,,4.92,,,9.71,,,,,,,,,,,38.65,7.71,26.15,,,11.13,,,14.63,,10.43,,13.79,,,,,12.86,7.0,,,,,,5.56,7.68,,,,8.58,,10.4,,,48.38,14.3,,13.67,9.04,,,,,6.62,,3.81,8.71,8.31,15.13,,,10.57,5.78,14.02,9.09,,7.03,4.7,,,15.32,,7.82,,8.24,5.56,,,,,5.58,,7.67,,,,,9.01,,12.34,5.08,,,5.15,,,,,,9.11,9.53,,8.08,,,,,,,12.99,4.74,,,,16.47,,,6.06,,,,,,,7.37,5.46,,,,,20.02,,,,6.28,9.01,,,,9.73,,17.58,12.48,,,,13.0,,14.49,,,,,,19.11,,,,,,,,,,,,,,60.04,,,25.31,11.98,,,,28.88,,,,,,,,7.89,,,6.45,,,,,6.42,,,,6.98,,19.86,,2.88,,,,,5.18,,,3.59,,,,,,,,,,,,11.46,10.4,,,,,,,,,12.12,,,,,9.53,,12.0,,,,,,,3.35,,7.56,,,,,,22.09,11.61,,20.02,,,13.63,6.25,,,,,9.4,,,23.0,,,,,,,,,,,,,,,6.35,,,,,15.51,,,13.2,,38.96,,,,,,7.83,,,,,,,,,,10.16,,5.82,,,,9.76,,5.47,7.53,11.3,,,,,6.42,4.31,,,,,,,,,5.11,,,,,6.77,,,,5.24,,,,,,,,,,,2.7,,,8.34,,,,,,5.39,4.21,,,,,,,,,3.81,,,,4.18,,,8.28,,,,4.28,,6.31,4.99,,,5.73,,12.9,,7.51,7.13,,,,7.38,,8.53,4.78,,,,,6.5,10.78,3.55,2.4,,,,,,6.23,,,,,2.15,13.32,,,,7.11,,,6.45,,,,,10.69,,,,5.4,,,,,,,7.62,,18.21,,,,,9.34,,,,,,,2.59,4.07,,3.53,8.57,,,3.53,,,,,,,,,,17.01,11.25,,,,,12.51,,,,,29.04,6.03,,2.44,,4.14,,,,6.77,,6.91,,,8.07,8.52,4.35,8.11,13.7,11.03,,4.09,6.29,,4.45,,15.83,,4.31,,,,6.74,,4.81,,19.05,4.33,,8.43,,,,12.58,4.16,,,,,4.59,5.98,,5.4,,,5.07,,13.95,,,,,,,5.16,,3.57,,6.23,19.39,,6.64,6.41,,,,,,11.31,,3.86,,,,10.78,8.06,11.62,,3.44,,8.27,,,,,6.57,,,,2.63,,,,,5.92,3.56,,10.67,13.25,,,11.28,,5.66,2.55,,,3.94,5.67,3.36,,,,,,8.83,,27.0,,3.61,,7.88,4.03,,9.39,,4.45,5.19,,,,,,,,,,4.49,,4.43,8.77,,,,17.52,,,11.28,7.15,5.44,9.24,10.22,,,7.41,,,4.37,,,,2.45,,,,5.08,,,6.09,,,3.44,9.12,,,9.67,,22.69,4.52,11.3,4.59,,,8.51,,8.94,,,5.88,,,9.99,,3.61,,,3.22,3.17,,,6.15,9.57,,,2.04,,12.04,20.31,6.21,,3.77,4.17,3.69,7.65,,,6.9,,,,,,,,,,,,22.46,,7.02,,,,,,,,,,,,,,,8.49
2013-05-07,10.9,,,,,,8.72,,,,26.32,13.7,,,,37.63,,13.28,9.14,,,15.7,,,19.15,,,,17.91,,18.2,8.26,,,,57.55,,33.98,,,,39.4,,,,,,58.95,,2.57,,,,5.06,,6.56,,,,,,,,10.67,,,,9.18,,11.28,13.8,,,24.05,,,,,21.61,7.6,24.37,,,,15.06,,,,7.65,16.2,,,6.65,,11.37,,,16.98,21.41,8.93,8.99,8.21,19.69,11.16,,,,13.09,,,,,,,,,,10.23,,,12.75,,,7.04,7.44,,,,,,,,,,,,,18.95,,16.76,6.19,10.19,9.96,11.12,16.66,,,22.86,,,7.63,19.68,11.07,38.07,,,,17.77,,,21.7,33.01,,,,,,14.61,,7.04,,5.38,,,,8.73,7.19,,12.47,,,,13.34,,,,4.9,,,9.73,,,,,,,,,,,37.37,7.65,27.03,,,11.23,,,14.82,,10.4,,13.54,,,,,13.24,6.97,,,,,,5.65,7.74,,,,8.83,,10.47,,,47.34,14.31,,13.85,8.91,,,,,6.56,,3.86,9.07,8.28,14.94,,,10.37,5.85,13.96,8.88,,6.97,4.79,,,15.52,,7.83,,8.25,5.78,,,,5.9,5.58,,7.74,,,,,9.47,,12.27,5.07,,,5.14,,,,,,9.15,9.55,,8.07,,,,,,,13.26,4.8,,,,16.4,,,6.17,,,,,,,7.22,5.48,,,,,19.08,,,,6.35,8.98,,,,10.0,,17.56,12.46,,16.9,,13.09,,14.4,,,,,,19.18,,12.68,,,,,,,,,,,,59.36,,17.25,24.82,11.73,,,,28.87,,,,,,,,7.93,,,6.61,,,,,6.48,,,,6.98,,19.85,,2.88,,,,,5.31,,,3.61,,,,,,,,,,,,11.54,10.32,,,,,,,,,11.95,,,,,10.29,,12.04,,,,,,,3.39,,7.65,,,,,,22.6,11.44,,19.85,,,13.7,6.34,,,,,9.2,,,23.02,,,,,,,,,,,,,,,6.31,,,,,15.57,,15.03,12.88,,38.95,,,,,,7.8,,,,,,,,,,10.0,,5.81,,,,10.0,,5.46,7.62,11.11,,,,,6.37,4.28,,,,,,,,,5.11,,,,,6.72,,,,5.21,,,,,,,,,,,2.72,,,8.4,,,,,,5.83,4.24,,,,,,,,,3.81,,,,4.29,,,8.31,,,,4.39,,6.46,4.98,,,5.64,,13.0,,7.63,7.12,,,,7.66,,8.64,4.81,,,,,6.57,10.87,3.54,2.38,,,,,,6.29,,,,,2.21,13.5,,,,7.24,,,6.49,,,,,10.96,,,,5.35,,,,,,,7.64,,18.09,,,,,8.96,,,,,,,2.49,4.08,,3.68,8.45,,,3.5,,,,,,,,,,16.98,11.19,,,,8.9,12.52,,,,,28.23,6.13,,2.46,,4.18,,,,6.74,,6.92,,,8.03,8.45,4.34,8.22,14.18,11.07,,4.04,6.5,,4.65,,15.72,,4.3,,,,6.74,,5.29,,18.91,4.4,,8.55,,,,12.93,4.21,,,,,4.57,6.19,,5.58,,,5.12,,13.88,,,,,,,5.13,,3.72,,6.15,19.46,,6.68,6.32,,,,,,11.22,,3.86,,,,10.69,8.1,11.79,,3.44,,8.66,,,,,6.55,,,,2.63,,,,,5.92,3.6,,10.77,12.88,,,10.95,,5.69,2.53,,,4.17,5.61,3.33,,,,,,9.27,,27.72,,3.61,,7.88,4.02,,9.71,,4.43,5.15,,,,,,,,,,4.42,,4.43,8.72,,,,17.59,,,11.16,7.16,5.45,9.31,10.38,,,7.45,,,4.38,,,,2.57,,,,5.07,,,6.03,,,3.41,8.96,,,9.75,,22.35,4.5,11.07,4.61,,,8.5,,9.39,,,5.98,,,10.0,,3.61,,,3.19,3.17,,,6.19,9.69,,,2.03,,12.64,20.64,6.23,,3.75,4.2,3.68,8.0,,,6.79,,,,,,,,,,,,22.52,,7.0,,,,,,,,,,,,,,,8.45
2013-05-08,11.16,,,,,,8.81,,,,26.38,13.88,,,,39.01,,13.53,10.05,,,16.1,,,19.93,,,,18.82,,18.67,8.4,,,,57.6,,35.5,,,,41.16,,,,,,61.3,,2.58,,,,5.12,,6.48,,,,,,,,10.86,,,,9.67,,11.4,13.8,,,24.8,,,,,21.5,7.81,25.2,,,,15.06,,,,7.73,16.24,,,6.7,,11.45,,,16.88,21.91,9.2,9.22,8.14,20.52,11.31,,,,12.99,,,,,,,,,,10.31,,,12.49,,,7.17,7.59,,,,,,,,,18.03,,,,19.15,,16.64,6.35,10.24,10.26,11.31,16.95,,,22.56,,,7.66,19.76,12.18,39.43,,,,18.56,,,22.0,34.14,,,,,,14.81,,7.07,,5.68,,,,8.97,7.25,,12.81,,,,13.7,,,,4.92,,,9.7,,,,,,,,,,,41.11,7.88,27.0,,,11.46,,,14.76,,10.52,,13.9,,,,,13.19,7.13,,,,,,5.66,7.83,,,,8.74,,10.4,,,47.2,14.49,,14.2,9.8,,,,,6.49,,3.82,9.47,8.33,15.1,,,10.21,5.94,14.26,8.81,,6.88,4.75,,,16.8,,7.98,,8.28,5.85,,,,5.77,5.59,,7.78,,,,,9.47,,12.45,5.07,,,5.18,,,,,,9.39,9.58,,8.88,,,,,,,13.46,4.84,,,,17.66,,,6.3,,,,,,,7.3,5.47,,,,,20.11,,,,6.29,8.99,,,,9.95,,17.57,12.48,,16.8,,13.31,,14.5,,,,,,19.2,,13.95,,,,,,,,,,,,61.3,,17.38,25.59,12.03,,,,29.65,,,,,,,,8.04,,,6.61,,,,,6.48,,,,7.1,,19.81,,2.91,,,,,5.34,,,3.58,,,,,,,,,,,4.69,11.48,10.16,,,,,,,,,12.55,,,,,10.68,,12.93,,,,,,,3.34,,8.02,,,,,,22.88,11.43,,20.17,,,14.2,6.38,,,,,9.09,,,23.07,,,,,,,,,,,,,,,6.33,,,,,15.61,,14.88,13.18,,40.25,,,,,,8.17,,,,,,,,,,11.0,,5.89,,,,9.96,,5.48,7.62,10.94,,,,,6.36,4.35,,,,,,,,,5.17,,,,,6.73,,,,5.2,,,,,,,,,,,2.73,,,8.43,,,,,,5.86,4.27,,,,,,,,,3.8,,,,4.34,,,8.33,,,,4.39,,6.48,5.02,,,5.61,,12.91,,7.55,7.11,,,,8.43,,8.66,4.81,,,,,6.55,10.76,3.52,2.38,,,,,,6.28,,,,,2.2,13.53,,,,7.17,,,6.5,,,,,10.83,,,,5.41,,,,,,,7.65,,18.17,,,,,9.03,,,,,,,2.48,4.09,,3.64,8.48,,,3.58,,,,,,,5.23,,,17.09,11.19,,,,9.35,12.52,,,,,30.47,6.09,,2.46,,4.16,,,,6.81,,6.89,,,8.14,8.61,4.35,8.25,14.03,11.13,,4.04,6.55,,4.7,,15.75,,4.31,,,,6.74,,5.52,,18.76,4.36,,8.48,,,,13.67,4.21,,,,,4.53,6.18,,5.59,,,5.24,,14.03,,,,,,,5.19,,3.67,,6.17,19.35,,6.67,6.38,,,,,,11.33,,3.89,,,,10.55,8.05,12.24,,3.44,,8.57,,,,,6.54,,,,2.65,,,,,5.95,3.68,,10.69,13.24,,,11.11,,5.65,2.53,,,4.09,5.64,3.34,,,,,,9.1,,27.64,,3.64,,8.13,4.05,,9.62,,4.48,5.22,,,,,,,,,,4.36,,4.46,8.8,,,,,,,11.35,7.15,5.49,9.27,10.32,,,7.32,,,4.32,,,,2.54,,,,5.11,,,6.06,,,3.55,9.34,,,9.93,,22.21,4.53,11.6,4.54,,,8.49,,9.66,,,6.37,,,10.0,,3.6,,,3.18,3.21,,,6.2,9.62,,,2.03,,12.91,20.3,6.19,,3.8,4.18,3.69,7.81,,,6.86,,,,,,,,,,,,22.68,,7.06,,,,,,,,,,,,,,,8.48
2013-05-09,11.3,,,,,,8.88,,,,27.03,14.21,,,,38.19,,13.51,10.4,,,16.43,,,20.79,,,,19.53,,19.59,8.22,,,,56.81,,35.55,,,,40.01,,,,,,61.18,,2.56,,,,5.07,,6.53,,,,,,,,10.99,,,,9.76,,11.31,13.55,,,24.65,,,,,21.1,7.98,24.65,,,,15.44,,,,7.94,16.31,,,6.72,,11.31,,,18.3,21.66,9.26,9.3,8.18,20.5,11.45,,,,13.06,,,,,,,,,,10.29,,,12.52,,,7.06,7.65,,,,,,,,,17.59,,,,19.55,,17.74,6.47,10.28,10.24,11.21,16.75,,,22.8,,,7.69,19.58,12.33,39.21,,,,19.15,,,22.0,34.15,,,,,,14.61,,7.15,,5.73,,,,9.14,7.4,,13.05,,,,14.6,,,,4.85,,,9.92,,,,,,,,,,,45.22,7.9,26.9,,,11.34,,,15.07,,10.35,,13.97,,,,,13.38,7.06,,,,,,5.86,7.8,,,,8.47,,10.37,,,46.63,14.68,,14.01,10.17,,,,,6.41,,3.84,9.45,8.23,15.38,,,9.98,6.06,14.45,8.95,,7.15,4.77,,,17.59,,7.85,,9.11,6.16,,,,5.57,5.54,,7.68,,,,,9.4,,12.22,5.14,,,5.17,,,,,,9.42,9.51,,8.92,,,,,,,13.33,4.82,,,,18.0,,,6.21,,,,,,,7.58,5.67,,,,,19.82,,,,6.26,9.29,,,,10.11,,17.54,12.05,,16.58,,13.28,,9.08,,,,,,19.1,,13.7,,,,,,,,,,,,62.09,,17.8,24.5,11.88,,,,29.61,,,,,,,,7.81,,,6.65,,,,,6.59,,,,7.08,,20.16,,2.87,,,,,5.1,,,3.53,,,,,,,,,,,4.7,11.35,10.36,,,,,,,,,12.51,,,,,10.25,,12.96,,,,,,,3.27,,8.16,,,,,,23.36,11.5,,21.02,,,14.27,6.31,,,,,9.26,,,23.19,,,,,,,,,,,,,,,6.56,,,,,15.71,,15.27,13.67,,40.08,,,,,,7.91,,,,,,,,,,11.48,,5.83,,,,9.8,,5.41,7.31,10.93,,,,,6.42,4.36,,,,,,,,,5.09,,,,,6.91,,,,5.16,,,,,,,,,,,2.67,,,8.55,,,,,,5.89,4.22,,,,,,,,,3.82,,,,4.3,,,8.37,,,,4.32,,6.43,5.07,,,5.57,,12.65,,7.55,7.15,,,,8.88,,8.47,4.78,,,,,6.55,10.29,3.51,2.34,,,,,,6.29,,,,,2.13,13.29,,,,7.31,,,6.33,,,,,10.93,,,,5.31,,,,,,,7.75,,19.02,,,,,8.69,,,,,,,2.38,4.07,,3.63,8.79,,,3.53,,,,,,,5.37,,,17.04,11.18,,,,9.82,12.37,,,,,31.01,6.14,,2.44,,4.11,,,,6.62,,6.74,,,8.23,8.69,4.27,8.25,13.77,11.03,,4.05,6.49,,4.77,,15.47,,4.37,,,,6.67,,5.49,,19.18,4.27,,8.33,,,,14.5,4.14,,,,,4.39,6.58,,5.47,,,5.23,,13.96,,,,,,,5.11,,3.71,,5.79,19.99,,6.66,6.31,,,,,,11.58,,3.9,,,,10.06,8.35,12.04,,3.39,,8.19,,,,,6.42,,,,2.64,,,,,5.91,3.74,,10.92,13.39,,,10.87,,5.48,2.48,,,3.98,5.55,3.31,,,,,,9.09,,26.99,,3.58,,8.29,3.99,,9.93,,4.41,5.24,,,,,,,,,,4.26,,4.39,8.61,,,,,,,11.68,7.06,5.45,9.03,10.26,,,7.4,,,4.35,,,,2.54,,,,5.02,,,6.0,,,3.54,9.47,,3.66,9.63,,22.82,4.5,11.56,4.43,,,8.43,,10.0,,,6.35,,,10.0,,3.56,,,3.09,3.18,,,6.15,9.55,,,2.01,,13.31,19.83,6.23,,3.72,4.14,3.71,7.67,,,6.74,,,,,,,,,,,,22.58,,7.06,,,,,,,,,,,,,,,8.58
2013-05-10,11.31,,,,,,9.06,,,,27.16,15.63,,,,36.04,,13.54,10.15,,,16.0,,,20.22,,,,19.24,,19.18,8.1,,,,55.61,,34.9,,,,38.48,,,,,,59.23,,2.57,,,,5.08,,6.47,,,,,,,,10.7,7.51,,,10.74,,11.55,13.47,,,24.58,,,,,21.47,8.02,23.97,,,,15.29,,,,8.11,16.37,,,6.84,,11.51,,,18.04,13.8,10.19,9.33,8.38,20.16,11.31,,,,13.11,,,,,,,,,,10.45,,,12.95,,,7.08,7.55,,,,,,,,,17.85,,,,19.15,,17.49,6.64,10.5,10.26,11.34,11.21,,,23.8,,,7.83,19.6,12.49,39.9,,,,19.4,,,22.78,32.96,,,,,,14.72,,7.12,,5.64,,,,9.19,7.31,,12.98,,,,,,,,4.93,,,9.92,,,,,,,,,,,43.79,8.69,26.29,,,12.02,,,14.87,,10.39,,13.5,,,,,13.58,7.18,,,,,,5.97,7.89,,,,8.45,,10.36,,,47.79,14.42,,14.06,9.9,,,,,6.44,,3.88,9.54,8.39,15.06,,,9.97,5.95,14.33,9.16,,7.47,4.97,,,17.45,,8.01,,8.93,6.03,,,,5.66,5.66,,7.7,,,,,9.34,,12.24,5.1,,,5.22,,,,,,9.5,9.78,,8.78,,,,,,,13.65,4.88,,,,17.82,,,6.28,,,,,,,7.4,5.49,,,,,19.08,,,,6.4,9.32,,,,9.99,,18.37,12.08,,16.63,,13.11,,9.41,,,,,,19.03,,14.5,,,,,,,,,,,,61.09,,17.61,23.7,11.75,,,,30.13,,,,,,,,8.24,,,6.72,,,,,6.77,,,,7.13,,19.65,,2.88,,,,,5.12,,,3.55,,,,,,,,,,,4.68,11.1,10.53,,,,,,,,,12.86,,,,,10.1,,13.44,,,,,,,3.35,,8.15,,,,,,23.15,11.31,,21.4,,,13.91,6.35,,,,,9.05,,,23.9,,,,,,,,,,,,,,,6.51,,,,,15.69,,15.38,13.32,,40.45,,,,,,7.84,,,,,,,,,,11.9,,5.87,,,,9.85,,5.44,7.34,10.9,,,,,6.63,4.39,,,,,,,,,5.18,3.65,,,,6.92,,,,5.18,,,,,,,,,,,2.68,,,8.56,,,,,,5.86,4.23,,,,,,,,,3.88,,,,4.35,,,8.93,,,,4.42,,6.54,5.02,,,5.59,,13.82,,7.59,7.19,,,,8.7,,8.78,5.02,,,,,6.57,10.33,3.54,2.36,,,,,,6.36,,,,,2.17,13.8,,,,7.38,,,6.45,,,,,10.91,,,,5.36,,,,,,,7.85,,18.88,,,,,8.7,,,,,,,2.41,4.11,,3.65,9.54,,,3.49,,,,,,,5.38,,,16.72,12.3,,,,9.78,12.68,,,,,31.08,6.17,,2.52,,4.15,,,,6.74,,6.85,,,8.2,8.8,4.33,8.29,13.77,11.19,,4.08,6.69,,4.78,,16.39,,4.44,,,,6.77,,5.35,,19.19,4.43,,8.61,,,,14.39,4.19,,,,,4.37,7.01,,5.78,,,5.28,,14.09,,,,,,,5.15,,3.86,,5.94,19.87,,6.77,6.5,,,,,,11.51,,3.89,,,,10.0,8.28,12.21,,3.45,,8.28,,,,,6.46,,,,2.75,,,,,5.96,3.67,,10.9,13.4,,,10.88,,5.65,2.49,,,4.06,5.66,3.33,,,,,,9.12,,27.07,,3.61,,8.2,4.09,,10.34,,4.44,5.26,,,,,,,,,,4.32,,4.4,9.02,,,,,,,11.69,7.25,5.47,9.11,10.55,,,7.38,,,4.37,,,,2.55,,,,5.05,,,6.06,,,3.61,9.41,,3.7,9.65,,22.18,4.52,11.53,4.47,,,8.39,,9.81,,,6.22,,,10.05,,3.6,,,3.08,3.18,,,6.3,9.61,,,2.03,,13.7,20.0,6.25,,3.71,4.14,3.75,7.58,,,6.78,,,,,,,,,,,,22.82,,7.17,,,,,,,,,,,,,,,8.8
2013-05-13,11.3,,,,,,9.14,,,,27.55,16.11,,,,39.64,,13.99,10.03,,,15.91,,,20.49,,,,19.37,,19.81,8.84,,,,38.0,,34.3,,,,39.03,,,,,,58.49,,2.55,,,,5.08,,6.39,,,,,,,,10.73,7.63,,,10.73,,11.55,13.66,,,24.93,,,,,21.34,8.0,23.78,,,,15.53,,,,7.9,17.02,,,6.83,,12.08,,,18.62,13.61,10.0,9.37,8.37,20.42,11.48,,,,13.35,,,,,,,,,,10.48,,,13.31,,,7.09,7.64,,,,,,,,,17.8,,,,19.75,,18.43,6.55,10.5,10.3,11.29,11.3,,,24.0,,,7.78,19.63,13.11,39.98,,,,20.6,,,23.78,33.4,,,,,,14.89,,7.1,,5.75,,,,9.09,7.2,,12.69,,,,,,,,5.0,,,9.88,,,,,,,,,,,44.0,8.86,26.17,,,12.44,,,14.91,,10.27,,13.68,,,,,13.51,7.18,,,,,,5.88,8.1,,,,8.51,,10.65,,,31.2,15.1,,14.15,9.99,,,,,6.65,,3.86,9.53,8.39,14.7,,,9.84,6.16,14.93,9.27,,8.0,5.06,,,17.99,,8.03,,9.18,,,,,5.56,5.85,,7.95,,,,,9.41,,12.76,5.12,,,5.22,,,,,,9.97,9.64,,8.9,,,,,,,13.93,4.85,,,,18.36,,,6.28,,,,,,,7.27,5.44,,,,,19.46,,,,6.42,9.36,,,,9.87,,18.18,12.57,,16.98,,13.76,,9.22,,,,,,19.5,,14.0,,,,,,,,,,,,65.16,,18.0,24.02,12.24,,,,30.12,,,,,,,,8.15,,,6.69,,,,,7.23,,,,7.16,,20.7,,2.91,,,,,5.25,,,3.53,,,,,,,,,,,4.78,11.23,10.37,,,,,,,,,13.05,,,,,10.35,,13.5,,,,,,,3.32,,8.42,,,,,,23.0,11.59,,22.24,,,14.01,6.37,,,,,8.88,,,23.86,,,,,,,,,,,,,,,6.54,,,,,16.03,,15.73,12.93,,39.85,,,,,,8.11,,,,,,,,,,12.02,,5.84,,,,9.91,,5.78,7.52,10.7,,,,,6.59,4.34,,,,,,,,,5.21,3.66,,,,7.15,,,,5.31,,,,,,,,,,,2.68,,,8.69,,,,,,5.81,4.39,,,,,,,,,3.86,,,,4.43,,,8.79,,,,4.38,,6.5,4.98,,,5.56,,13.54,,7.62,7.23,,,,8.54,,8.65,4.98,,,,,6.45,10.22,3.53,2.37,,,,,,6.41,,,,,2.18,13.83,,,,7.28,,,6.55,,,,,10.88,,,,5.31,,,,,,,7.95,,18.33,,,,,8.77,,,,,,,2.4,4.11,,3.67,10.22,,,3.64,,,,,,,5.35,,,16.86,12.29,,,,9.59,12.58,,,,,32.71,6.09,,2.51,,4.14,,,,,,6.94,,,8.37,8.79,4.35,8.56,13.36,,,4.15,6.63,,4.78,,17.13,,4.52,,,,6.78,,5.44,,18.66,4.42,,8.64,,,,14.14,4.18,,,,,4.4,7.0,,5.74,,,,,13.96,,,,,,,5.07,,4.04,,5.78,19.29,,6.74,6.41,,,,,,11.84,,3.83,,,,9.96,8.17,12.09,,3.5,,8.23,,,,,6.55,,,,2.72,,,,,5.93,3.68,,10.96,13.09,,,10.98,,5.58,2.49,,,4.03,5.68,3.35,,,,,,8.88,,26.72,,3.62,,8.19,4.05,,,,4.42,5.13,,,,,,,,,,4.28,,4.41,8.97,,,,,,,11.57,7.15,5.44,9.24,10.75,,,7.33,,,4.36,,,,2.61,,,,5.0,,,5.99,,,3.6,9.18,,3.7,10.01,,22.22,4.54,11.69,4.43,,,8.89,,9.84,,,6.23,,,10.01,,3.62,,,3.07,3.14,,,6.23,9.49,,,2.01,,13.63,19.6,6.56,,3.74,4.11,3.73,7.68,,,6.77,,,,,,,,,,,,23.01,,7.29,,,,,,,,,,,,,,,8.86
2013-05-14,11.03,,,,,,9.0,,,,26.26,15.7,,,,39.12,,13.66,10.1,,,15.37,,,19.16,,,,18.58,,18.8,8.6,,,,34.2,,34.17,,,,38.56,,,,,,55.23,,2.53,,,,5.01,,6.21,,,,,,,,10.94,7.5,,,11.38,,11.28,13.44,,,24.7,,,,,21.51,8.01,24.5,,,,15.2,,,,7.84,17.0,,,6.71,,11.75,,,17.92,13.72,10.0,9.22,8.38,19.95,11.24,,,,13.74,11.88,,,,,,,,,10.3,,,13.44,,27.07,7.07,7.43,,,,,,,,,17.76,,,,19.62,,18.45,6.78,10.39,10.09,11.28,11.33,,,23.26,,,7.73,19.89,13.03,38.95,,,,20.61,,,23.23,32.6,,,,,,14.59,,6.9,,5.55,,,,8.8,6.9,,12.48,,,,,,,,4.98,,11.25,9.78,,,,,,,,,,,39.6,8.55,25.99,,,12.09,,,14.45,,10.09,,13.1,,,,,13.23,7.11,,,,,,5.8,8.17,,,,8.29,,10.28,,,30.73,15.29,,13.73,9.58,,,,,7.32,,3.76,9.49,8.37,14.83,,,10.63,6.04,14.38,9.61,,8.14,5.05,,,16.82,,7.91,,8.75,,,,,5.52,5.73,,8.03,,,,,9.02,,13.68,5.23,,,5.23,,,,,,9.77,9.51,,8.64,,,,,,,14.2,4.71,,5.98,,18.34,,,6.15,,,,,,,7.43,5.49,,,,,19.35,,,,6.35,9.07,,,,9.66,,17.88,12.47,,16.64,,14.02,,9.25,,,,,,19.2,,13.54,,,,,,,,,,,,58.64,,17.53,23.01,11.86,,,,28.58,,,,,,,,8.49,,,6.44,,,,,7.95,,,,7.08,,20.42,,2.86,,,,,5.21,,,3.62,,,,,,7.62,,,,,4.67,10.93,10.25,,,,,,,,,12.66,,,,,10.27,,13.22,,,,,,,3.49,,8.41,,,,,,22.73,11.44,,21.6,,,13.64,6.3,,,,,8.6,,,23.15,,,,,,,,,,,,,,,6.47,,,,,15.48,,15.8,12.98,,39.0,,,,,,7.8,,,,,,,,,,12.28,,5.71,,,,9.79,,5.78,7.71,10.55,,,,,6.53,4.3,,,,,,,,,5.15,3.54,,,,7.14,,,,5.23,,,,,,,,,,,2.64,,,8.56,,,,,,5.56,4.33,,,,,,,,,3.82,,,,4.3,,,8.55,,,,4.33,,6.45,5.46,,,5.46,,12.98,,7.43,7.12,,,,8.2,,8.66,4.93,,,,,6.34,10.2,3.5,2.34,,,,,,6.3,,,,,2.16,13.84,,,,7.13,,,7.06,5.44,,,,10.37,,,,5.28,,,,,,,7.9,,18.45,,,,,8.85,,,,,,,2.42,3.9,,3.6,10.25,,,3.66,,,,,,,5.3,,,16.88,12.21,,,,9.7,12.78,,,,,32.28,5.98,,2.46,,4.09,,,,7.15,,7.02,,,8.19,8.6,4.3,8.52,13.25,,,4.07,6.59,,5.08,,16.95,,4.6,,,,6.69,,5.34,,18.66,4.41,,8.37,,,,13.8,4.14,,,,,4.26,7.11,,5.7,,,5.25,,13.76,,,,,,,5.03,,4.01,,5.76,18.92,,6.66,6.2,,,,,,11.6,,3.82,,,,9.98,7.91,11.65,,3.5,,8.04,,,,,6.4,,,,2.7,,,,,5.86,3.67,,10.62,12.26,,,11.1,,5.52,2.54,,,4.06,5.7,3.32,,,,,,8.75,,26.28,,3.7,,8.04,4.13,,11.37,,4.4,5.03,,,,,,,,,,4.27,,4.63,8.99,,,,,,,11.4,7.05,5.26,9.15,10.44,,,7.18,,,4.37,,,,2.54,,,,4.99,,,5.91,,,3.55,8.64,,3.68,10.25,,21.87,4.5,11.21,4.38,,,9.78,,10.05,,,6.32,,,10.33,,3.58,,,3.13,3.1,,,6.13,9.33,,,2.01,,13.5,10.05,6.5,,3.76,4.18,3.64,7.47,,,6.79,,,,,,,,,,,,22.55,,7.08,,,,,,,,,,,,,,,9.0
2013-05-15,11.48,,,,,,9.14,,,,27.47,16.37,,,,40.71,,14.15,10.26,,,15.7,,,19.62,,,,19.7,,19.43,9.1,,,,34.3,,35.4,,,,40.6,,,,,,56.63,,2.52,,,,4.94,,6.32,,,,,,,,10.89,7.56,,,11.1,,11.38,13.8,,,24.95,,,,,21.15,7.98,25.5,,,,15.6,,,,8.1,17.32,,,6.79,,11.85,,,18.47,13.6,10.05,9.58,8.18,20.05,11.71,,,,13.72,12.17,,,,,,,,,10.37,,,13.4,,28.45,7.16,7.59,,,,,,,,,17.78,,,,19.82,,19.0,7.01,10.46,10.41,11.5,11.44,,,24.0,,,7.78,20.31,14.15,38.58,,,,21.48,,,23.2,32.91,,,,,,14.94,,7.15,,6.11,,,,8.99,7.0,,12.64,,,,,,,,5.05,,12.38,9.97,,,,,,,,,,,42.3,8.72,,,,12.23,,,14.48,,10.34,,13.46,,,,,13.65,7.25,,,,,,5.92,8.26,,,,8.41,,10.46,,,32.35,15.47,,14.06,10.0,,,,,7.38,,3.79,9.85,8.37,14.82,,,10.64,6.03,14.65,10.0,,8.07,4.99,,,18.24,,7.94,,8.85,,,,,5.59,5.74,,8.04,,,,,9.12,,13.84,5.2,,,5.24,,,,,,9.95,9.74,,8.98,,,,,,,14.18,4.74,,6.04,,18.0,,,6.28,,,,,,,7.52,5.49,,,,,20.65,,,,6.34,9.16,,,,9.82,,18.2,12.82,,16.7,,14.39,,9.6,,,,,,19.68,,13.89,,,,,,,,,,,,61.2,,18.3,23.6,13.05,,,,29.4,,,,,,,,8.52,,,6.44,,,,,7.76,,,,7.2,,20.7,,2.87,,,,,5.27,,,3.6,,,,,,7.67,,,,,4.73,11.0,10.27,,,,,,,,,13.02,,,,,10.26,,13.27,,,,,,,3.5,,9.0,,,,,,23.32,11.6,,22.02,,,13.95,6.38,,,,,9.03,,,23.45,,,,,,,,,,,,,,,6.64,,,,,15.69,,16.22,13.06,,39.49,,,,,,8.02,,,,,,,,,,13.51,,5.75,,,,9.75,,5.74,7.65,10.64,,,,,6.57,4.31,,,,,,,,,5.19,3.53,,,,7.11,,,,5.25,,,,,,,,,,,2.64,,,8.33,,,,,,5.62,4.38,,,,,,,,,3.88,,,,4.39,,,8.66,,,,4.32,,6.49,5.58,,,5.48,,12.87,,7.46,7.1,,,,8.8,,8.6,5.03,,,,,6.36,10.21,3.5,2.35,,,,,,6.3,,,,,2.21,14.14,,,,7.16,,,7.0,5.45,,,,10.34,,,,5.31,,,,,,,8.02,,18.37,,,,,8.68,,,,,,,2.43,3.84,,3.6,10.09,,,3.64,,,,,,,5.39,,,16.93,12.24,,,,9.66,12.64,,,,,33.34,6.01,,2.47,,4.1,,,,7.02,,7.14,,,8.32,8.69,4.43,8.5,13.35,,,4.07,6.58,,5.15,,17.06,,4.57,,,,6.83,,5.36,,18.62,4.53,,8.54,,,,13.92,4.16,,,,,4.27,7.22,,5.78,,,5.48,,13.76,,,,,,,5.05,,4.0,,5.78,18.32,,6.7,6.3,,,,,,11.58,,3.84,,,,9.93,7.97,11.72,,3.53,,7.9,,,,,6.48,,,,2.72,,,,,6.03,3.65,,10.71,12.34,,,11.08,,5.47,2.52,,,4.02,5.72,3.31,,,,,,8.74,,26.38,,3.68,,8.22,4.12,,12.1,,4.41,5.02,,,,,,,,,,4.52,,4.59,9.06,,,,,,,11.35,7.04,5.33,9.23,10.5,,,7.3,,,4.49,,,,2.56,,,,5.02,,,5.97,,,3.57,8.71,,3.67,10.22,,21.65,4.52,11.27,4.45,,,9.61,,10.52,,,6.95,,,10.23,,3.66,,,3.09,3.13,,,6.23,9.36,,,2.01,,13.24,9.95,6.61,,3.82,4.16,3.73,7.31,,,6.75,,,,,,,,,,,,22.47,,7.18,,,,,,,,,,,,,,,8.89
2013-05-16,11.41,,,,,,9.08,,,,26.92,15.75,,,,40.35,,13.88,10.0,,,11.18,,,20.23,,,,19.3,,19.3,9.04,,,,34.58,,34.72,,,,39.21,,,,,,55.02,,2.53,,,,4.97,,6.47,,,,,,,,10.84,7.63,,,12.07,,11.56,14.0,,,25.5,,,,,20.92,8.08,25.8,,,,15.42,,,,8.04,17.65,,,6.86,,11.88,,,18.18,13.28,9.86,9.64,8.28,19.87,11.64,,,,13.8,12.8,,,,,,,,,10.39,,,13.26,,27.98,7.29,8.35,,,,,,,,,18.16,,,,19.7,,19.99,6.87,10.69,10.5,11.71,11.6,,,24.39,,,7.82,20.2,14.31,19.35,,,,20.95,,,23.5,34.52,,,,,,15.24,,7.07,,5.93,,,,9.4,6.98,,12.62,,,,,,,,5.15,,12.81,9.92,,,,,,,,,11.5,,42.82,8.54,,,,11.94,,,14.61,,10.28,,13.41,,,,,13.38,7.15,,,,,,5.86,8.09,,,,8.34,,10.29,,,32.8,15.2,,14.35,9.76,,,,,7.41,,3.83,9.86,8.49,15.57,,,10.73,6.07,14.68,9.47,,8.28,4.87,,,18.0,,7.97,,9.05,,,,,5.58,5.73,,7.87,,,,,9.17,,14.13,5.25,,,5.28,,,,,,10.15,9.8,,8.93,,,,,,,14.17,4.82,,6.13,,18.05,,,6.35,,,,,,,7.85,5.46,,,,,20.4,,,,6.26,8.98,,,,9.53,,18.26,13.1,,16.77,,14.33,,9.59,,,,,,19.85,,13.55,,,,,,,,,,,,61.75,,17.84,23.6,13.38,,,,29.24,,,,,,,,8.43,,,6.48,,,,,7.61,,,,7.21,,21.03,,2.89,,,,,5.25,,,3.61,,,,,,7.93,,,,,4.81,11.19,10.38,,,,,,,,,13.02,,,,,10.33,,13.53,,,,,,,3.45,,9.1,,,,,,23.5,11.4,,21.62,,,14.28,6.45,,,,,8.93,,,23.86,,,,,,,,,,,,,,,6.91,,,,,15.55,,16.06,12.81,,39.43,,,,,,7.83,,,,,,,,,,14.68,,5.9,,,,10.03,,5.75,7.77,11.03,,,,,6.55,4.33,,,4.36,,,,,,5.25,3.55,,,,7.27,,,,5.26,,,,,,,,,,,2.67,,,8.44,,,,,,5.7,4.4,,,,,,,,,3.9,,,,4.52,,,8.79,,,,4.51,,6.61,5.39,,,5.52,,13.14,,7.64,7.26,,,,8.55,,8.86,5.1,,,,,6.42,10.42,3.53,2.37,,,,,,6.35,,,,,2.2,14.34,,,,7.38,,,7.0,5.46,,,,10.39,,,,5.4,,,,,,,8.05,,18.29,,,,,8.79,,,,,,,2.46,4.03,,3.63,9.95,,,3.62,,,,,,,5.45,,,16.83,12.24,,,,9.52,12.82,,,,,33.43,6.06,,2.47,,4.13,,,,7.11,,7.09,,,8.39,8.75,4.5,8.57,13.47,,,4.09,6.78,,5.1,,17.5,,4.74,,,,6.88,,5.58,,18.82,4.57,,8.74,,,,14.48,4.22,,,,,4.35,7.09,,6.0,,,5.48,,13.81,,,,,,,5.06,,4.07,,5.97,18.5,,6.78,6.43,,,,,,11.46,,3.89,,,,10.19,8.19,11.81,,3.49,,8.09,,,,,6.62,,,,2.73,,,,,6.22,3.72,,10.84,13.26,,,11.1,,5.59,2.53,,,4.12,5.79,3.36,,,,,,8.6,,28.3,,3.76,,8.23,4.13,,11.7,,4.51,5.31,,,,,,,,,,4.92,,4.57,9.19,,,,,,,11.45,7.23,5.41,9.87,10.7,,,7.33,,,4.52,,,,2.55,,,,5.09,,,6.09,,,3.58,8.71,,3.75,10.24,,23.15,4.56,11.42,4.47,,,9.85,,10.07,,,6.79,,,10.3,,3.76,,,3.08,3.14,,,6.21,9.87,,,2.03,,12.73,10.95,6.59,,3.81,4.17,3.74,7.34,,,6.83,,,,,,,,,,,,22.82,,7.23,,,,,,,,,,,,,,,8.72
2013-05-17,11.72,,,,,,9.22,,,,26.85,15.7,,,,39.23,,15.27,10.06,,,11.02,,,20.7,,,,19.77,,19.75,9.68,,,,34.6,,34.84,,,,39.35,,,,,,56.31,,2.58,,,,5.04,,6.42,,,,,,,,10.73,7.69,,,12.25,,11.65,14.02,,,25.86,,,9.22,,21.18,8.07,25.79,,,,16.0,,,,8.08,18.14,,,6.91,,11.96,,,18.74,13.35,9.89,9.81,8.48,20.4,11.71,,,,13.89,12.8,,,,,,,,,10.44,,,13.43,,29.08,7.38,5.79,,,,,,,,,18.61,,,,19.48,,21.78,6.87,10.93,10.7,11.68,11.66,,,25.42,,,7.88,20.58,14.98,18.9,,,,21.28,,,23.41,34.29,,,,,,15.3,,7.38,,6.06,,,,9.58,7.15,,13.21,,,,,,,,5.15,,13.76,10.11,,,,,,,,,11.66,,42.68,8.57,,,,12.06,,,14.84,,10.62,,11.31,,,,,13.74,7.22,,,,,,5.94,8.12,,,,8.37,,10.38,,,32.56,16.39,,14.39,10.04,,,,,7.4,,3.86,9.97,8.63,15.52,,,10.72,6.08,14.8,10.42,,8.15,4.8,,,19.13,,8.12,,9.04,,,,,5.52,5.76,,7.85,,,,,9.21,,14.55,5.23,,,5.35,,,,,,10.2,9.89,,9.01,,,,,,,15.15,5.01,,6.12,,18.58,,,6.4,,,,,,,8.08,5.51,,,,,20.42,,,,6.35,8.68,,,,9.99,,13.64,13.95,,18.45,,14.28,,9.7,,,,,,20.56,,13.4,,,,,,,,,,,,63.73,,18.0,25.49,14.72,,,,30.4,,,,,,,,8.54,,,6.58,,,,,7.62,,,,7.25,,21.6,,2.93,,,,,5.35,,,3.65,,,,,,8.0,,,,,4.87,11.5,10.4,,,,,,,,,13.57,,,,,10.44,,13.7,,,,,,,3.47,,9.1,,,,,,23.32,11.35,,21.82,,8.64,14.58,6.52,,,,,9.38,,,24.01,,,,,,,,,,,,,,,7.13,,,,,15.85,,16.4,13.24,,40.09,,,,,,8.0,,,,,,,,,,,,6.04,,,,10.24,,5.85,7.71,11.37,,,,,6.63,4.36,,,4.4,,,,,,5.29,3.62,,,,7.26,,,,5.33,,,,,,,,,,,2.72,,,8.5,,,,,,5.88,4.48,,,,,,,,,3.92,,,,,,,8.87,,,,4.82,,6.71,5.35,,,5.57,,13.76,,7.79,7.34,,,,8.5,,8.96,5.11,,,,,6.5,10.53,3.57,2.4,,,,,,6.43,,,,,2.23,14.4,,,,7.38,,,7.02,5.52,,,,10.66,,,,5.43,,,,,,,8.0,,18.58,,,,,8.96,,,,,,,2.51,4.12,,3.65,10.03,,,3.64,,,,,,,5.45,,,16.85,12.37,,,,9.54,13.02,,,,,33.65,6.14,,2.5,,4.23,,,,7.15,,7.07,,,8.45,8.81,4.68,8.57,13.7,,,4.16,6.78,,5.61,,17.41,,4.62,,,,6.99,,5.51,,19.22,4.59,,8.8,,,,14.34,4.32,,,,,4.42,7.09,,5.81,,,5.65,,13.96,,,,,,,5.13,,4.0,,5.97,18.66,,6.91,6.45,,,,,,11.43,,3.9,,,,10.17,8.29,11.76,,3.5,7.36,8.45,,,,,6.68,,,,2.77,,,,,6.28,3.76,,11.01,13.26,,,11.73,,5.65,2.54,,,4.15,5.85,3.39,,,,,,8.43,,29.03,,3.8,,8.57,4.11,,11.81,,4.57,5.47,,,,,,,,,,5.11,,4.64,8.94,,,,,,,11.54,7.28,5.51,9.95,10.79,,,6.18,,,4.6,,,,2.54,,,,5.17,,,6.44,,,3.59,8.85,,3.87,10.29,,23.35,4.61,11.38,4.55,,,9.98,,10.16,,,7.08,,,10.47,,3.77,,,3.1,3.18,,,6.27,9.9,,,2.08,,,12.05,,,3.82,4.16,3.76,7.41,,,6.96,,,,,,,,,,,,23.44,,7.33,,,,,,,,,,,,,,,8.82
2013-05-20,12.1,,,,,,9.4,,,,27.64,16.36,,,,38.7,,15.5,10.6,,,11.53,,,22.77,,,,20.9,,20.74,9.85,,,,35.08,,36.7,,,,41.1,,,,,,57.37,,2.59,,,,5.08,,6.49,,,,,,,,11.21,7.8,,,12.38,,11.92,13.98,,,25.6,,,9.4,,21.77,8.12,28.04,,,,16.22,,,,8.43,,,,7.0,,12.09,,,19.43,13.96,10.36,9.95,8.83,21.29,12.01,,,,14.27,13.07,,,,,,,,,10.59,,,13.69,,29.9,7.58,5.86,,,,,,,,,18.74,,,,20.16,,21.95,7.16,10.94,10.71,11.88,12.0,,,,,,7.98,21.1,14.99,19.12,,,,22.02,,,24.05,35.18,,,,,,15.57,,7.69,,6.23,,,,10.1,7.36,,13.56,,,,,,,,5.25,,13.92,10.15,,,,,,,,,12.02,,46.2,8.8,,,,12.4,,,15.08,,10.67,,11.58,,,,,13.83,7.35,,,,,,6.08,8.24,,,,8.61,,10.96,,,33.6,16.8,,15.09,10.47,,,,,7.25,,3.91,9.95,8.65,15.77,,,10.69,6.25,15.47,11.38,,7.82,4.84,,,19.75,,8.16,,9.24,,,,,5.58,5.85,,8.0,,,,,9.11,,16.01,5.28,,,5.41,,,,,,10.29,10.07,,9.27,,,,,,,15.63,5.24,,6.35,,18.19,,,6.51,,,,,,,8.17,5.56,,,,,20.23,,,,6.55,8.74,,,,10.14,,13.98,14.17,,19.4,,14.55,,10.4,,,,,,20.74,,13.62,,,,,,,,,,,,70.1,,18.74,27.07,14.86,,,,31.02,,,,,,,,8.74,,,6.73,,,,,7.8,,,,7.34,,22.63,,2.97,,,,,5.39,,,3.68,,,,,,7.99,,,,,4.88,11.81,10.53,,,,,,,,,14.24,,,,,10.7,,13.98,,,,,,,3.5,,9.39,,,,,,23.7,11.95,,22.65,,8.78,14.91,6.83,,,,,9.9,,,24.13,,,,,,,,,,,,,,,7.84,,,,,16.31,,17.06,13.36,,40.8,,,,,,8.28,,,,,,,,,,,,6.12,,,,10.14,,5.83,7.81,11.53,,,,,6.73,4.44,,,4.42,,,,,,5.34,3.6,,,,7.66,,,,5.37,,,,,,,,,,,2.8,,,8.81,,,,,,6.01,4.51,,,,,,,,,,,,,,,,9.0,,,,4.79,,6.83,5.43,,,5.65,,14.48,,7.9,7.4,,,,8.63,,9.2,5.22,,,,,6.57,10.59,3.6,2.42,,,,,,6.67,,,,,2.22,14.37,,,,7.44,,,7.29,5.62,,,,10.82,,,,5.41,,,,,,,8.19,,19.44,,,,,9.09,,,,,,,2.5,4.12,,3.67,10.05,,,3.64,,,,,,,5.52,,,17.06,12.46,,,,9.36,13.44,,,,,32.44,6.32,,2.53,,4.24,,,,7.13,,7.13,,,8.64,9.19,4.66,8.66,13.77,,,4.22,6.68,,5.62,,18.01,,4.6,,,,7.13,,5.44,,19.19,4.53,,8.86,,,,14.75,4.33,,,,,4.44,7.55,,5.55,,,5.84,,14.02,,,,,,,5.19,,4.09,5.13,6.1,19.03,,7.14,6.79,,,,,,11.32,,3.95,,,,10.32,8.35,12.08,,3.5,7.39,8.43,,,,,6.69,,,,2.76,,,,,6.27,3.87,,11.38,13.39,,,12.09,,5.73,2.56,,,4.13,5.87,3.42,,,,,,8.85,,28.28,,3.78,,8.61,4.11,,11.29,,4.58,5.42,,,,,,,,,,5.25,,4.68,8.81,,,,,,,11.58,7.49,5.57,9.81,10.97,,,6.21,,,4.55,,,,2.55,,,,5.18,,,7.08,,,3.63,9.14,,3.88,10.43,,24.28,4.63,11.11,4.53,,,10.35,,9.98,,,7.18,,,10.4,,3.81,,,3.11,3.21,,,6.24,10.13,,,2.09,,12.75,13.04,6.98,,3.83,4.12,3.77,7.48,,,6.97,,,,,,,,,,,,23.46,,7.47,,,,,,,,,,,,,,,8.98
2013-05-21,12.42,,,,,,9.53,,,,30.4,16.8,,,,42.47,,15.55,10.7,,,11.71,,,23.55,,,,21.71,,21.15,9.98,20.17,,,35.89,,37.13,,,,43.88,,,,,,60.61,,2.59,,,,5.08,,6.5,,,,,,,,11.11,7.9,,,12.1,,13.11,14.31,,,25.78,,,9.41,,21.73,8.18,27.81,,,,16.21,,,,8.43,16.8,,,7.04,,12.2,,,19.64,14.21,10.45,10.16,9.14,21.5,12.13,,,,14.2,13.92,,,,,,,,,10.74,,,14.54,,30.15,7.81,5.94,,,,,,,,,18.91,,,,20.3,,21.82,7.22,11.13,10.71,12.05,12.07,,,,,,8.04,21.28,14.94,19.51,,,,22.83,,,24.19,35.9,,,,,,15.71,,8.02,,6.26,,,,10.14,7.59,,14.09,,,,,,,,5.3,,13.94,10.23,,,,,,,,,12.1,,47.7,9.18,,,,12.71,,,15.19,,11.41,,12.13,,,,,14.24,7.43,,,,,,6.11,8.27,,,,8.62,,10.99,,,34.03,17.97,,15.3,10.78,,,,,7.26,,3.94,9.75,8.79,15.9,,,10.77,6.37,15.77,11.3,,8.32,4.78,,,20.18,,8.23,,9.2,,,,,5.87,5.85,,7.95,,,,,9.4,,16.8,5.3,,,5.44,,,,,,10.38,10.39,,9.42,,,,,,,15.45,5.29,,6.37,,18.01,,,6.68,,,,,,,8.62,5.6,,,,,21.16,,,,6.64,9.61,,,,10.28,,15.38,14.8,,20.4,,14.53,,10.94,,,,,,20.82,,13.7,,,,,,,,,,,,77.11,,19.05,27.3,15.28,,,,32.25,,,,,,,,9.12,,,6.85,,,,,8.08,,,,7.64,,23.25,,2.97,,,,,5.49,,,3.72,,,,,,8.06,,,,,4.92,12.29,10.52,,,,,,,,,14.28,,,,,11.17,,14.73,,,,,,,3.54,,9.79,,,,,,23.76,12.2,,23.2,,8.72,14.96,6.92,,,,,10.09,,,24.88,,,,,,,,,,,,,,,8.03,,,,,17.03,,17.54,13.65,,41.51,,,,,,8.5,,,,,,,,,,,,6.13,,,,10.33,,6.0,7.81,11.43,,,,,6.75,4.45,,,4.46,,,,,,5.33,3.57,,,,7.55,,,,5.43,,,,,,,,,,,2.77,,,8.86,,,,,,6.07,4.49,,,,,,,,,,,,,,,,9.31,,,,4.76,,6.82,5.41,,,5.69,,14.45,,7.87,7.44,,,,8.84,,9.25,5.25,,,,,6.61,10.62,3.64,2.42,,,,,,6.62,,,,,2.2,14.09,,,,7.59,,,7.88,5.74,,,,10.88,,,,5.58,,,,,,,8.29,,20.01,,,,,9.58,,,,,,,2.51,4.16,,3.69,10.88,,,3.64,,,,,,,5.57,,,17.14,12.32,,,,9.36,13.47,,,,,32.89,6.63,,2.53,,4.28,,,,7.15,,7.06,,,8.85,9.39,4.63,8.65,13.77,,,4.22,6.69,,5.56,,18.19,,4.6,,,,7.42,,5.51,,19.41,4.58,,9.0,,,,14.61,4.47,,,,,4.47,7.76,,6.11,,,5.86,,14.1,,,,,,,5.23,,4.1,5.04,6.12,19.19,,7.26,6.81,,,,,,11.21,,4.1,,,,10.54,8.43,11.98,,3.49,7.34,8.52,,,,,6.74,,,,2.76,,,,,6.32,3.86,,11.38,14.73,,,12.09,,5.75,2.57,,,4.2,5.93,3.44,,,,,,9.29,,28.95,,3.79,,8.78,4.15,,11.32,,4.58,5.52,,,,,,,,,,5.25,,4.62,9.12,,,,,,,11.82,7.69,5.73,10.04,10.93,,,6.32,,,4.59,,,,2.57,,,,5.2,,,7.52,,,3.7,9.35,,3.89,10.55,,24.38,4.67,11.27,4.54,,,10.29,,9.97,,,7.47,,,10.44,,3.82,,,3.11,3.21,,,6.4,10.16,,,2.08,,12.94,12.94,7.06,,3.82,4.18,3.8,7.42,,,6.99,,,,,,,,,,,,23.81,,7.82,,,,,,,,,,,,,,,9.09
2013-05-22,12.02,,,,,,9.27,,,,28.7,16.41,,,,18.3,,14.9,10.2,,,11.09,,,12.4,,,,21.33,,20.3,9.42,20.05,,,34.8,,35.3,,,,41.44,,,,,,59.85,,2.62,,,,5.07,,6.9,,,,,,,,10.78,7.86,,,11.98,,12.8,14.13,,,25.9,,,9.33,,22.16,8.03,26.88,,,,15.91,,,,8.12,17.17,,,6.95,,12.02,,,19.04,13.96,10.07,9.92,9.0,21.07,11.75,,,,13.76,13.83,,,,,,,,,10.72,,,15.05,,28.67,7.63,5.9,,,,,,,,,19.18,,,,19.84,,20.98,7.06,10.89,10.75,11.92,12.17,,,,,,7.98,21.33,13.66,19.02,,,,23.2,,,23.49,34.49,,,,,,15.68,,7.58,,6.05,,,,9.69,7.32,,14.26,,,,,,,,5.16,,12.86,9.92,,,,,,,,,11.78,,45.07,8.76,28.59,,,12.35,,,14.97,,11.0,,11.54,,,,,13.72,7.27,,,,,,6.04,8.08,,,,8.38,,10.6,,,32.7,17.27,,14.72,10.44,,,,,6.75,,4.0,9.71,8.72,15.77,,,10.59,6.26,15.17,10.82,,8.61,5.1,,,19.6,,8.17,,9.63,,,,,5.78,5.8,,8.04,,,,,9.33,,16.53,5.29,,,5.41,,,,,,10.6,10.18,,9.17,,,,,,,15.55,5.26,,6.09,,17.83,,,6.49,,,,,,,9.14,5.57,,,,,20.4,,,,6.52,9.6,,,,9.89,,15.1,14.77,,19.45,,14.05,,10.46,,,,,,20.81,,13.35,,,,,,,,,,,,,,19.35,25.54,14.31,,,,30.65,,,,,,,,9.34,,,6.85,,,,,7.77,,,,7.52,,22.47,,3.17,,,,,5.5,,,3.73,,,,,,8.24,,,,,4.81,12.45,10.73,,,,,,,,,13.98,,,,,10.93,,14.58,,,,,,,3.63,,9.74,,,,,,23.52,12.1,,22.62,,8.55,14.63,6.83,,,,,9.69,,7.54,24.28,,,,,,,,,,,,,,,8.1,,,,,16.65,,17.0,13.7,,40.74,,,,,,8.18,,,,,,,,,,,,6.38,,,,10.46,,5.81,7.8,11.39,,,,,6.79,4.47,,,4.44,,,,,,5.35,3.71,,,,7.27,,,,5.4,,,,,,,,,,,2.8,,,8.82,,,,,,5.94,4.52,,,,,,,,,,,,,,,,9.12,,,,4.93,,6.91,5.39,,,5.67,,14.63,,7.95,7.4,,,,8.51,,9.38,5.18,,,,,6.64,11.06,3.61,2.47,,,,,,6.69,,,,,2.2,14.16,,,,7.48,,,7.97,5.67,,,,10.87,,,,5.5,,,,,,,8.1,,19.24,,,,,9.68,,,,,,,2.5,4.17,,3.67,10.97,,,3.57,,,,,,,5.57,,,16.96,12.35,,,,9.83,13.4,,,,,33.89,6.48,,2.56,,4.26,,,,7.12,,7.23,,,8.65,9.14,4.82,8.65,14.04,,,4.27,6.9,,5.24,,18.26,,4.57,,,6.99,7.92,,5.47,,19.23,4.72,,8.8,,,,14.78,4.39,,,,,4.52,7.69,,5.81,,,5.88,,14.19,,,,,,,5.18,,4.04,5.14,6.62,19.05,,7.18,6.63,,,,,,11.2,,4.05,,,,10.31,8.05,12.14,,3.62,7.3,8.4,,,,,6.71,,,,2.73,,,,,6.31,3.89,,11.47,13.93,,,12.15,,6.06,2.59,,,4.21,5.84,3.4,,,,,,8.97,,29.58,,3.84,,8.44,4.12,,11.82,,4.68,5.5,,,,,,,,,,5.33,,4.59,8.86,,,,,,,11.71,7.54,5.72,9.78,10.9,,,6.48,,,4.61,,,,2.57,,,,5.27,,,7.91,,,3.62,9.13,,3.93,10.37,,24.47,4.63,11.05,4.52,,,9.96,,9.94,,,7.47,,,10.51,,3.88,,,3.07,3.23,,,6.39,10.09,,,2.1,,13.08,12.57,6.89,,3.8,4.21,3.74,8.02,,,7.05,,,,,,,,,,,,23.86,,7.69,,,,,,,,,,,,,,,8.91
2013-05-23,11.97,,,,,,9.44,,,,29.03,18.0,,,,18.95,,14.8,10.05,,,11.08,,,12.02,,,,22.0,,20.13,9.39,21.36,,,35.57,,38.83,,,,39.95,,,,,,65.84,,2.65,,8.38,,4.99,,6.78,,,,,,,,10.8,8.19,,,11.98,,12.69,13.96,,,25.48,,,9.61,,22.0,7.9,28.35,,,,15.89,,,,8.14,17.2,,,6.97,,11.95,,,18.65,13.9,9.93,10.05,8.62,21.1,11.81,12.84,,,13.66,14.05,,,,,,,,,10.6,,,14.76,,28.87,7.53,5.72,,,,,,,,,18.62,,,,19.8,,21.13,6.68,10.89,10.45,12.0,12.01,,,26.4,,,7.99,21.33,13.81,18.58,,,,24.0,,,23.03,34.82,,,,,,12.34,,8.08,,6.1,,,,9.84,7.26,,13.93,,,,,,,,5.1,,12.6,10.29,,,,,,,,,11.66,,44.35,8.63,31.15,,,12.2,,,15.04,,11.61,,11.5,,,,,13.46,7.33,,,,,,6.12,8.12,,,,8.29,,10.48,,,32.01,17.45,,14.61,10.97,,,,,6.68,,3.92,9.63,8.61,15.47,,,11.1,6.18,15.3,10.7,,8.49,5.01,,,19.79,,8.08,,9.35,,,,,5.66,5.8,,7.86,,,,,9.11,,17.01,5.26,,,5.41,,,,,,10.93,10.06,,9.1,,,,,,,14.77,5.16,,6.07,,17.53,,,6.55,,,,,3.62,,8.71,5.44,,,,,20.4,,,,6.5,9.52,,,,9.86,,14.7,14.25,,13.29,,14.19,,10.46,,,,,,20.47,,13.22,,,,,,,,,,,,,,21.29,25.65,13.98,,,,30.8,,,,,,,,8.88,,,6.99,,,,,7.85,,,,7.45,,22.31,,3.06,,,,,5.37,,,3.68,,,,,,7.97,16.96,,,,4.75,12.38,10.54,,,,,,,,,14.82,,,,,11.34,,14.55,,,,,,,3.46,,9.73,,,,,,23.55,11.78,,22.53,,8.62,14.63,6.66,,,,,9.58,,7.49,25.06,,,,,,,,,,,,,,,7.4,,,,,16.75,,17.15,13.94,,40.6,,,,,,8.17,,,,,,,,,,15.36,,6.21,,,,10.25,,5.76,7.58,11.14,,,,,6.67,4.42,,,4.4,,,,,,5.28,4.08,,,,7.1,,,,5.3,,,,,,,,,,,2.81,,,9.1,,,,,,6.08,4.45,,,,,,,,,,,,,,,,8.9,,,,4.94,,6.74,5.31,,,5.6,,14.38,,7.85,7.33,,,,8.2,,9.02,5.11,,,,,6.56,10.89,3.58,2.47,,,,,,6.54,,,,,2.2,13.84,,,,7.33,,,7.64,5.81,,,,10.63,,,,5.47,,,,,,,7.97,,18.78,,,,,9.41,,,,,,,2.5,4.13,,3.62,10.74,,,3.51,,,,,,,5.46,,,16.98,12.3,,,,9.74,13.3,,,,,32.92,6.43,,2.52,,4.21,7.69,,,7.01,,7.13,,,9.01,9.52,4.85,8.53,13.67,,,4.18,6.74,,5.2,,17.62,,4.61,,,6.83,7.58,,5.24,,18.59,4.65,,9.43,,,,13.9,4.39,,,,,4.42,7.64,,5.7,,,5.85,,14.16,,,,,,,5.21,,4.06,5.17,6.53,19.19,,7.07,6.52,,,,,,11.2,,4.06,,,,10.26,7.85,11.94,,3.53,7.19,8.44,,,,,6.77,,,,2.71,,,,,6.16,3.87,,11.26,13.37,,,11.69,,5.84,2.53,,,4.22,5.75,3.36,,,,,,9.23,,28.75,,3.77,,8.48,4.12,,11.53,,4.61,5.33,,,,,,,,,,5.35,,4.57,8.79,,,,,,,12.16,7.66,5.68,9.55,10.51,,,6.33,,,4.59,,,,2.61,,,,5.17,,,7.9,,,3.71,9.01,,3.86,10.1,,24.45,4.58,11.04,4.44,,,10.04,,9.69,,,7.37,,,10.21,,3.85,,,3.07,3.17,,,6.47,9.81,,,2.1,,12.88,12.38,6.74,,3.68,4.14,3.72,7.76,,,6.89,,,,,,,,,,,,23.23,,7.56,,,,,,,,,,,,,,,8.75
2013-05-24,12.21,,,,,,9.57,,,,29.19,18.04,,,,20.56,,15.68,10.34,,,11.36,,,12.3,,,,22.74,,21.15,9.92,21.66,,,37.35,,39.35,,,,41.23,,,,,,67.8,,2.66,,8.08,,5.0,,6.75,,,,,,,,10.81,8.16,,,12.09,,12.84,13.97,,,25.26,,,9.7,,21.86,8.02,29.45,,,,15.97,,,,8.92,17.04,,,7.03,14.08,12.05,,,19.5,13.71,10.29,10.26,8.46,21.65,12.15,13.0,,,13.89,13.98,,,,,,,,,10.73,,,15.6,,29.17,7.8,5.82,,,,,,,,,18.75,,,,15.65,,21.42,6.83,11.07,10.64,12.03,12.23,,,26.2,,,8.1,21.14,15.19,18.7,,,,26.4,,,23.36,35.64,,,,,,12.37,,8.46,,6.71,,,,10.05,7.67,,14.19,,,,,,,,5.2,,12.97,10.29,,,,,,,,,11.9,,45.7,8.81,32.13,,,12.4,,,15.25,,11.86,,12.01,,,,,13.75,7.51,,,,,,6.22,8.26,,,,8.41,,10.69,,,32.97,17.48,,15.96,11.16,,,,,6.68,,3.93,9.65,8.61,16.1,,,11.05,6.37,15.56,11.77,,8.52,5.09,,,19.85,,8.15,,9.42,,,,,5.68,5.86,,7.87,,,,,9.13,,18.1,5.38,,,5.48,,,,,,10.94,10.19,,9.25,,,,,,,15.04,5.17,,6.26,,18.39,,,6.69,,,,,3.75,,8.88,5.48,,,,,21.14,,,,6.58,9.6,,,,9.99,,14.8,14.58,,13.47,,14.68,,10.57,,,,,,20.9,,13.23,,15.6,,,,,,,,,,,,21.72,25.92,15.18,,,,31.98,,,,,,,,8.99,,,7.24,,,,,8.11,,,,7.55,,22.88,,3.05,,,,,5.38,,,3.75,,,,,,8.14,17.06,,,,4.87,12.42,10.53,,,,,,,,,15.12,,,,,11.09,,14.59,,,,,,,3.49,,9.67,,,,,,23.81,12.26,,23.02,,9.18,14.92,6.75,,,,,10.03,,7.64,25.17,,,,,,,,,,,,,,,7.65,,,,,16.84,,17.98,14.48,,41.28,,,,,,8.57,,,,,,,,,,14.56,,6.32,,,,10.26,,5.86,7.65,11.25,,,,,6.73,4.56,,,4.4,,,,,,5.38,4.03,,,,7.17,,,,5.42,,,,,,,,,,,2.79,,,9.1,,,,,,6.55,4.55,,,,,,,,,,,,,,,,9.12,,,,5.0,,6.76,5.74,,,5.72,,14.75,,8.3,7.39,,,,8.29,,9.12,5.16,,,,,6.6,10.86,3.61,2.45,,,,,,6.54,,,,,,14.44,,,,7.37,,,7.97,5.77,,,,10.71,,,,5.5,,,,,,,8.77,,18.84,,,,,9.42,,,,,,,2.53,4.14,,3.64,10.86,,,3.5,,,,,,,5.5,,,16.99,12.43,,,,9.83,13.41,,,,,34.3,6.51,,2.58,,4.24,7.79,,,7.15,,7.52,,,9.23,9.5,4.87,8.58,13.68,,,4.22,6.75,,5.27,,17.98,,4.59,,,7.04,7.64,,5.24,,18.72,4.68,,9.71,,,,13.86,4.39,,,,,4.52,7.75,,5.78,,,5.84,,14.16,,,,,,,5.24,,4.08,5.17,6.53,19.2,,7.11,6.62,,,,,,11.2,,4.12,,,,10.43,7.95,12.23,,3.5,7.13,8.4,,,,,6.9,,,3.47,2.73,,,,,6.32,3.93,,11.27,13.82,,,11.69,,5.85,2.56,,,4.33,5.83,3.4,,14.28,,,,9.17,,28.67,,3.87,,8.75,4.1,,11.38,,4.63,5.34,,,,,,,,,,5.4,,4.66,8.98,,,,,,,12.26,7.78,5.77,9.55,10.57,,,6.36,,,4.62,,,,2.57,,,,5.2,,,7.92,,,3.76,9.0,,3.84,10.44,,24.7,4.62,11.09,4.42,,,10.21,,9.81,,,7.38,,,10.31,,3.86,,,3.07,3.16,,,6.61,9.93,,,2.09,,12.93,12.45,6.87,,3.73,4.16,3.76,7.86,,,6.9,,,,,,,,,,,,23.69,,7.65,,,,,,,,,,,,,,,9.16
2013-05-27,12.28,,,,,,9.6,,,,15.26,18.15,,,,22.62,,15.63,10.36,,,11.38,,,12.1,,,,22.67,,20.62,9.88,22.1,,,37.47,,39.0,,,,41.18,,,,,,64.78,,2.65,,8.0,,5.0,,6.71,,,,,,,,10.89,8.05,,,12.68,,12.92,14.56,,,26.2,,,10.05,,23.0,8.1,30.28,,,,16.52,,,,9.48,18.08,,,7.08,14.13,12.46,,,20.3,14.12,10.41,10.16,8.32,21.9,12.53,12.97,,,13.9,14.22,,,,,,,,,10.87,,,15.59,,30.6,7.79,5.76,,,,,,,,,19.12,,,,16.3,,21.06,6.94,11.2,10.78,12.44,12.78,,,26.47,,,8.1,22.04,16.14,19.13,,,,27.02,,,23.95,35.71,,,,,,12.36,,8.43,,6.75,,,,9.95,7.77,,14.08,,,,,,,,5.19,,13.08,10.25,,,,,,,,,12.02,,46.36,9.0,32.18,,,12.43,,,,,11.64,,12.04,,,,,14.11,7.5,,,,,,6.19,8.26,,,,8.56,,11.1,,,33.6,17.78,,16.01,11.1,7.35,,,,6.61,,3.91,9.65,8.65,16.3,,,11.0,6.58,15.5,12.35,,8.93,5.09,,,19.7,,8.25,,9.71,,,,,5.58,5.91,,8.12,,,,,9.35,,18.36,5.38,,,5.49,,,,,,10.69,10.51,,9.52,,,,,,,15.12,5.21,,6.53,,18.52,,,6.92,,,,,3.8,,8.79,5.62,,,,,22.1,,,,6.68,9.45,,,,10.05,,14.57,14.72,,14.23,,14.94,,10.51,,,,,,21.12,,13.42,,15.67,,,,,,,,,,,,21.35,25.33,14.86,,,,32.3,,,,,,,,9.07,,,7.24,,,,,8.16,,,,7.6,,22.88,,3.04,,,,,5.35,,,3.74,,,,,,8.12,17.04,,,,4.89,12.4,10.81,,,,,,,,,15.35,,,,,10.97,,7.24,,,,,,,3.59,,10.22,,,,,,24.4,12.22,,22.93,,9.35,15.53,6.8,,,,,9.91,,7.69,26.29,,,,,,,,,,,,,,,7.6,,,,,17.09,,17.94,14.58,,40.88,,,,,,8.66,,,,,,,,,,15.17,,6.2,,,,10.17,,5.91,7.7,11.47,,,,,6.77,4.83,,,4.43,,,,,,5.47,4.18,,,,7.17,,,,5.43,,,,,,,,,,,2.76,,,9.28,,,,,,7.0,4.54,,,,,,,,,3.93,,,,,,,9.09,,,,5.04,,6.94,5.73,,,5.69,,14.58,,8.26,7.64,,,,8.27,,9.09,5.24,,,,,6.6,11.29,3.6,2.48,,,,,,6.59,,,,,2.31,14.86,,,,7.32,,,8.15,5.69,,,,10.72,,,,5.54,,,,,,,9.29,,18.61,,,,,9.48,,,,,,,2.58,4.22,,3.62,10.99,,,3.48,,,,,,,5.7,,,16.51,12.3,,,,9.77,13.65,,,,,36.03,6.66,,2.56,,4.23,7.71,,,7.36,,7.37,,,9.39,9.44,4.89,8.52,13.84,,,4.28,6.75,,5.36,,19.31,,4.48,,,,7.54,,5.2,,18.51,4.7,,9.72,,,,13.87,4.4,,,,,4.53,7.77,,5.8,,,5.94,,14.16,,,,,,,5.31,,4.17,5.21,6.59,19.08,,7.16,6.73,,,,,,11.15,,4.11,,,,10.44,7.9,12.12,,3.51,7.07,8.33,,,,,6.87,,,3.45,2.7,,,,,6.3,3.97,,11.4,14.52,,,11.95,,5.75,2.55,,,4.41,6.01,3.39,,14.4,,,,9.22,,28.5,,3.82,,8.89,4.09,,11.39,,4.64,5.3,,,,,,,,,,5.38,,4.74,9.1,,,,,,,12.95,7.78,5.86,9.55,10.51,,,6.33,,,4.62,,,,2.6,,,,5.27,,,7.99,,,3.78,9.64,,3.88,10.58,,24.93,4.72,11.58,4.4,,,10.49,,9.77,,,7.47,,,10.2,,3.84,,,3.08,3.13,,,6.94,9.96,,,2.08,,12.85,12.19,7.07,,3.78,4.25,3.78,7.75,,,6.89,,,,,,,,,,,,23.52,,7.84,,,,,,,,,,,,,,,9.27
2013-05-28,11.86,,,,,,9.49,,,,14.75,13.32,,,,22.37,,14.9,10.03,,,10.95,39.5,,11.6,,,,21.5,,19.58,9.43,20.96,,,35.87,,39.11,,,,38.76,,,,,,60.9,,2.67,,8.47,,5.08,,6.72,,,,,,,,11.53,7.95,,,13.95,,12.52,14.43,,,25.39,,,9.91,,22.85,8.07,29.06,,,,16.32,,,,,18.26,,,7.19,13.69,12.38,,,19.56,14.04,10.09,10.05,8.33,21.26,12.11,12.99,,,13.74,7.42,,,,,,,,,11.03,,,15.23,,29.72,7.66,5.58,,,,,,,,,19.42,,,,16.3,,20.66,6.79,11.12,10.9,12.47,12.46,,,26.38,,,8.11,22.1,15.3,19.02,,,,25.85,,,23.54,35.96,,,,,,12.5,,8.05,,6.51,,,,9.49,8.25,,13.3,,,,,,,,5.27,,12.27,10.16,,,,,,,,,11.8,,,8.71,31.89,,,11.99,,,,,11.27,,11.59,,,,,13.68,7.38,,,,,,6.06,8.12,,,,8.39,,10.84,,,32.55,17.6,,15.45,10.76,8.09,,,,6.63,,3.95,9.58,8.81,16.41,,,10.9,6.56,15.67,11.6,,9.0,5.18,,,18.18,,8.39,,9.52,,,,,5.7,5.86,,8.1,,,,,9.36,,17.62,5.38,,,5.51,,,,,,10.78,10.49,,9.29,,,,,,,14.85,5.22,,6.48,,18.2,,,7.01,,,,,3.79,,8.69,5.59,,,,,21.43,,,,6.51,9.27,,,,9.89,,14.6,14.51,,13.85,,14.76,,10.18,,,,,,20.99,,13.48,,15.52,,,,,,,,,,,,20.23,24.3,13.98,,,,30.71,,,,,,,,8.93,,,7.12,,,,,7.9,,,,7.76,,21.6,,3.06,,,,,5.33,,,3.78,,,,,,8.25,16.97,,,,4.91,12.38,10.79,,,,,,,,,14.97,,,,,10.89,,6.99,,,,,,,3.57,,10.59,,,,,,24.15,12.1,,22.18,,9.18,15.19,6.93,,,,,9.59,,7.7,26.9,,,,,,,,,,,,,,,7.41,,,,,16.66,,17.1,13.58,,40.56,,,,,,8.4,,,,,,,,,,14.21,,6.31,,,,10.42,,6.09,7.78,12.02,,,,,6.82,5.3,,,4.52,,,,,,5.6,4.46,,,,7.27,,,,5.4,,,,,,,,,,,2.78,,,9.25,,,,,,7.03,4.72,,,,,,,,,3.96,,,,,,,9.13,,,,5.05,,7.2,5.73,,,5.75,,14.53,,8.29,7.65,,,,8.23,,9.4,5.24,,,,,6.87,11.67,3.62,2.5,,,,,,6.71,,,,,2.43,15.33,,,,7.4,,,7.14,5.73,,,,11.15,,,,5.57,,,,,,,9.08,,18.87,,,,,9.55,,,,,,,2.61,4.27,,3.67,11.3,,,3.5,,,,,,,5.58,,,16.7,12.28,,,,9.87,13.71,,,,,35.95,6.69,,2.57,,4.31,7.74,,,7.27,,7.32,,,9.18,9.23,4.97,8.66,14.04,,,4.3,6.84,,5.21,,19.45,,4.48,,,,7.57,,5.37,,19.2,4.83,,9.59,,,,13.98,4.38,,,,,4.59,8.02,,5.92,,,5.94,,14.36,,,,,,,5.35,,4.18,5.15,6.58,20.99,,7.23,6.61,,,,,,11.13,,4.08,,,,10.59,8.1,12.61,,3.56,7.22,8.46,,,,,7.0,,,3.53,2.79,,,,,6.33,3.96,,11.51,15.06,,,12.41,,5.81,2.57,,,4.74,6.07,3.45,,7.16,,,,9.44,,30.29,,3.91,,8.73,4.14,,12.21,,4.79,5.79,,,,,,,,,,5.49,,4.96,9.01,,,,,,,12.95,7.75,5.89,9.66,10.71,,,6.38,,,4.59,,,,2.73,,,,5.35,,,8.79,,,3.74,9.55,,3.97,10.22,,25.36,4.81,11.85,4.46,,,11.03,,10.08,,,7.5,,,10.6,5.53,3.21,,,3.09,3.19,,,,10.16,,,2.1,,13.25,13.41,7.41,,3.84,4.46,3.82,8.17,,,7.03,,,,,,,,,,,,23.99,,7.72,,,,,,,,,,,,,,,9.05
2013-05-29,11.99,,,,,,9.57,,,,14.55,13.38,,,,22.53,,15.21,10.36,,,10.94,39.57,,11.59,,,,22.3,,19.8,10.37,21.2,,,35.97,,39.15,,13.85,,38.86,,,,,,61.72,,2.68,,8.3,,5.07,,6.67,,,,,,,,11.57,8.03,,,13.95,,12.67,14.68,,,25.38,,,9.78,,22.66,8.08,29.18,,,,16.36,,,,,18.16,,,7.34,13.79,12.71,,,19.45,15.0,10.25,10.19,8.32,21.25,12.19,13.27,,,14.03,7.82,,,,,,,,,10.98,,,15.55,,30.0,7.69,5.74,,,,,,,,,19.11,,,,16.72,,22.64,6.85,11.27,10.88,12.61,12.53,,,26.32,,,8.16,22.05,15.48,18.93,,,,26.23,,,24.03,35.58,,,,,,12.41,,8.65,,6.56,,,,9.64,8.08,,13.65,,,,,,,,5.39,,12.49,10.09,,,,,,,,,11.88,,44.18,8.84,31.9,,,12.07,,,,,11.41,,11.65,,,,,13.87,7.46,,,,,,6.1,8.16,,,,8.37,,10.91,,,32.3,17.49,,15.65,10.81,7.73,10.59,,,6.98,,3.97,9.72,8.79,16.58,,,10.84,6.62,16.33,12.12,,9.01,5.16,,,18.4,,8.55,,9.57,,,,,5.71,5.9,,8.14,,,,,9.34,,17.92,5.43,,,5.59,,,,,,10.8,10.48,,9.41,,,,,,,14.87,5.25,,6.5,,18.3,,,6.97,,,,,3.84,,8.75,5.61,,,,,21.11,,,,6.49,9.59,,,,9.89,,14.54,11.0,,13.94,,15.14,,10.24,,,,,,21.25,,13.62,,15.35,,,,,,,,,,,,20.48,24.24,14.17,,,,31.16,,,,,,,,8.94,,,7.1,,,,,8.03,,,,7.76,,21.81,,3.07,,,,,5.34,,,3.78,,,,,,8.18,17.39,,,,4.93,12.57,10.68,,,,,,,,,15.05,,,,,10.96,,7.11,,,,,,,3.63,,10.77,,,,,,24.44,12.11,,22.46,,9.15,15.13,6.87,,,,,9.88,,7.77,26.59,,,,,,,,,,,,,,,7.7,,,,,17.01,,17.29,13.69,,41.29,,,,,,8.48,,,,,,,,,,14.29,,6.26,,,,10.42,,6.1,7.93,11.91,,,,,6.89,5.24,,,4.51,,,,,,5.57,4.47,,,,7.19,,,,5.37,,,,,,,,,,,2.8,,,9.15,,,,,,7.21,4.71,,,,,,,,,3.96,,,,,,,9.22,,,,5.04,,7.11,5.73,,,5.72,,14.07,,8.34,7.68,,,,8.5,,9.29,5.27,,,,,6.79,12.84,3.63,2.49,,,,,,6.68,,,,,2.5,15.33,,,,7.26,,,7.19,5.82,,,,11.07,,,,5.71,,,,,,,8.98,,18.87,,,,,9.42,,,,,,,2.74,4.27,,3.73,11.08,,,3.47,,,,,,,5.59,,,16.74,12.56,,,,9.8,13.68,,,,,38.39,7.1,,2.59,,4.27,7.69,,,7.27,,7.29,,,9.47,9.39,4.88,8.64,14.09,,,4.35,6.79,,5.3,,19.32,,4.44,,,,7.6,,5.46,,19.07,4.93,,9.92,,,,13.99,4.43,,,,,4.56,8.16,,5.86,,,5.93,,14.21,,,,,,,5.28,,3.98,5.18,6.66,21.06,,7.3,6.53,,,,,,11.12,,4.08,,,,10.84,8.06,12.42,,3.6,7.34,8.34,,,,,6.98,,,3.5,,,,,,6.41,3.96,,11.39,14.93,,,12.28,,5.83,2.59,,,4.6,6.06,3.43,,7.47,,,,9.5,,30.18,,3.91,,8.75,4.12,,11.73,,4.79,6.03,,,,,,,,,,5.71,,5.21,8.93,,,,,,,13.09,7.71,5.87,9.58,10.6,,,6.37,,,4.59,,,,2.81,,,,5.32,,,8.56,,,3.72,9.86,,3.96,10.24,,24.74,4.77,11.84,4.44,,,11.2,,9.93,,,7.62,,,10.56,5.45,3.23,,,3.14,3.27,,,7.63,10.09,,,2.1,,13.18,13.54,7.49,,3.88,4.5,3.83,8.22,,,7.0,,,,,,,,,,,,23.82,,7.73,,,,,,,,,,,,,,,9.49
2013-05-30,11.99,,,,,,9.69,,,,14.62,14.72,,,,24.01,,15.14,10.49,,,11.01,39.8,,11.77,,,,22.12,,19.64,10.3,21.1,,,37.36,,39.9,,14.34,,40.0,,,,,,61.77,,2.66,,8.21,,5.03,,6.65,,,,,,,,11.52,8.07,,,14.4,,12.69,15.2,,,26.07,,,9.78,,22.66,8.6,28.65,,,,16.06,,,,,17.62,,,7.36,13.68,13.3,,,19.79,14.7,10.16,10.18,8.82,10.59,12.45,13.58,,,14.23,7.99,,,,,,,,,11.33,,,15.33,,30.4,7.58,5.68,,,,,,,,,18.71,,,,16.56,,22.7,6.87,11.18,10.88,12.6,12.46,,,25.93,,,8.22,22.39,15.0,18.69,,,,25.5,,,24.5,35.7,,,,,,12.61,,8.62,,6.56,,,,9.61,8.04,,13.68,,,,,,,,5.57,,12.72,10.15,,,,,,,,,12.04,,42.58,9.09,31.65,,,12.15,,,15.17,,11.52,,11.82,,,,,14.46,7.47,,,,,,6.16,8.25,,,,8.34,,11.04,,,31.94,17.35,,16.04,11.03,7.64,10.58,,,6.9,,3.92,9.36,8.76,17.83,,,10.77,6.63,16.47,11.89,,8.75,5.2,,,19.07,,8.56,,9.2,,,,,5.74,5.88,,8.03,,,,,9.33,,18.15,5.48,,,5.55,,,,,,11.03,10.48,,9.53,,,,,,,14.89,5.49,,7.15,,19.33,,,6.84,,,,,4.0,,8.5,5.55,,,,,20.98,,,,6.49,9.38,,,,9.93,,14.37,10.78,,13.77,,15.2,,10.21,,,,,,21.07,,13.21,,15.85,,,,,,,,,,,,20.23,24.0,14.35,,,,31.23,,,,,,,,8.76,,,7.14,,,,,7.88,,,,7.64,,22.31,,3.03,,,,,5.34,,,3.76,,,,,,8.08,17.83,,,,4.84,12.98,11.18,,,,,,,,,14.97,,,,,10.86,,7.07,,,,,,,3.58,,10.7,,,,,,24.47,11.81,,22.15,,9.13,14.65,6.84,,,,,9.85,,7.86,27.19,,,,,,,,,,,,,,,7.52,,,,,16.83,,17.73,13.59,,41.69,,,,,,8.39,,,,,,,,,,13.3,,6.17,,,,10.36,,6.08,7.93,12.26,,,,,6.86,5.14,,,4.47,,,,,,5.61,4.4,,,,7.18,,,,5.33,,,,,,,,,,,2.76,,,9.21,,,,,,7.17,4.7,,,,,,,,,3.92,,,,,,,9.33,,,,4.93,,7.11,5.74,,,5.76,,14.13,,8.21,8.45,,,,8.42,,9.25,5.19,,,,,6.89,12.61,3.63,2.47,,,,,,6.77,,,,,2.48,15.74,,,,7.1,,,6.97,5.69,,,,11.06,,,,5.72,,,,,,,8.95,,18.85,,,,,9.27,,,,,,,2.7,4.44,,3.69,10.69,,,3.48,,,,,,,5.61,,,17.58,12.32,,,,10.29,13.43,,,,,38.46,7.12,,2.56,,4.31,7.66,,,7.36,,7.2,,,9.37,9.31,4.8,8.65,13.9,,,4.33,6.81,,5.24,,19.66,,4.48,,,,7.47,,5.4,,19.84,5.23,,9.58,,,,13.42,4.48,,,,,4.51,8.07,,5.84,,,5.82,,14.23,,,,,,,5.31,,4.14,5.11,6.46,21.32,,7.25,6.42,,,,,,11.09,,4.06,10.04,,,10.73,8.0,12.36,,3.53,7.69,8.69,,,,,6.98,,,3.5,,,,,,6.43,4.06,,11.25,16.13,,,12.21,,5.78,2.56,,,4.52,6.1,3.49,,8.22,,,,9.55,,30.27,,3.88,,8.95,4.2,,11.41,,4.7,6.0,,,,,,,,,,5.76,,5.14,8.9,,,,16.71,,,13.19,7.58,5.77,9.5,10.98,,,6.29,,,4.6,,,,2.8,,,,,,,8.58,,,3.67,9.62,,3.93,10.28,,24.69,4.86,11.92,4.49,,,11.23,,9.9,,,7.67,,,10.51,5.44,3.21,,,3.16,3.22,,,7.32,9.95,,,2.09,,13.56,13.6,7.5,,3.87,4.73,3.8,8.09,,,7.0,,,,,,,,,,,,23.61,,7.69,,,,,,,,,,,,,,,9.94
2013-05-31,12.11,,,,,,9.71,,,,14.64,14.29,,,,22.89,,14.76,10.61,,,11.0,39.6,,11.64,,,,23.0,,19.83,10.13,21.73,,,37.01,,42.27,,13.99,,40.0,,,,,,61.54,,2.65,,7.98,,5.03,,6.56,,,,,,,,11.67,7.86,,,13.74,,12.39,15.96,,,26.79,,,9.64,,22.24,8.52,26.99,,,,15.84,,,,,17.55,,,7.38,13.82,12.9,,,19.88,14.53,10.27,9.96,8.98,10.39,12.28,13.58,,,14.22,8.14,,,,,,,,,11.2,,,15.42,,32.22,7.4,5.72,,,,,,,,,18.78,,,,16.87,,23.72,6.92,11.2,10.79,12.57,12.67,,,26.5,,,8.23,21.9,14.49,18.77,,,,25.64,,,23.93,35.14,,,,,,12.42,,8.69,,6.4,,,,10.09,7.74,,13.4,,,,,,,,5.45,,12.61,10.35,,,,,,,,,12.08,,41.18,9.28,33.8,,,12.2,,,15.13,,11.26,,11.66,,,,,14.4,7.4,,,,,,6.03,8.2,,,,8.41,,10.95,,,32.0,16.9,,15.61,11.57,7.56,10.6,,,6.74,,3.89,9.23,8.83,17.25,,,11.09,6.44,16.17,11.34,,8.44,5.08,,,18.7,,8.51,,9.21,,,,,5.63,5.81,,8.22,,,,,9.52,,18.05,5.39,,,5.51,,,,,,11.31,10.49,,9.27,,,,,,,15.38,5.62,,7.05,,19.11,,,6.74,,,,,4.0,,8.14,5.62,,,,,20.6,,,,6.41,9.2,,,,10.03,,14.17,10.7,,13.28,,15.43,,10.23,,,,,,21.15,,13.18,,15.25,,,,,,,,,,,,19.87,25.33,13.9,,,,30.72,,,,,,,,8.77,,,7.06,,,,,7.9,,,,7.57,,21.98,,3.04,,,,,5.5,,,3.76,9.66,,,,,8.0,17.69,,,,4.9,13.45,11.03,,,,,,,,,15.16,,,,,10.87,,7.02,,,,,,,3.62,,10.69,,,,,,24.36,11.69,,22.1,,9.22,9.82,6.78,,,,,9.68,,7.82,27.19,,,,,,,,,,,,,,,7.74,,,,,17.08,,17.68,13.46,,41.3,,,,,,8.67,,,,,,,,,,12.9,,6.11,,,,10.24,,5.97,7.8,12.11,,,,,6.71,5.12,,,4.45,,,,,,5.63,4.51,,,,7.1,,,,5.48,,,,,,,,,,,2.72,,,9.3,,,,,,6.92,4.67,,,,,,,,,3.89,,,,,,,9.13,,,,4.9,,6.98,5.61,,,5.86,,14.04,,8.24,9.23,,,6.75,8.21,,9.06,5.12,,,,,6.83,12.4,3.63,2.44,,,,,,6.72,,,,,2.51,15.45,,,,7.12,,,6.9,5.59,,,,10.98,,,,5.79,,,,,,,8.76,,18.77,,,,,9.09,,,,,,,2.65,4.38,,3.67,10.28,,,3.46,,,,,,,5.62,,,18.45,12.36,,,,10.39,13.32,,,,,37.68,7.41,,2.52,,4.28,7.76,,,7.51,,7.48,,,9.11,9.45,4.69,8.61,13.93,,,4.31,6.73,,5.18,,19.08,,4.48,,,,7.41,,5.23,,20.83,5.09,,9.21,,,,13.69,4.4,,,,,4.45,7.95,,5.65,,,5.77,,14.47,,,,,,,5.28,,,5.05,6.19,21.91,,7.22,6.48,,,,,,11.07,,4.02,9.83,,,10.82,7.88,12.12,,3.48,7.39,8.88,,,,,7.2,,,3.45,,,,,,6.35,4.0,,11.18,17.04,,,11.82,,5.78,2.57,,,4.65,5.99,3.44,,8.72,,,,9.5,,28.6,,3.84,,9.18,4.14,,11.42,,4.73,5.87,,,,,,,,,,5.72,,5.3,9.13,,,,15.87,,,13.21,7.5,5.88,9.48,10.93,,,6.2,,,4.6,,,,2.79,,,,5.85,,,8.3,,,3.72,9.41,,3.92,10.11,,24.11,4.77,12.25,4.49,,,11.22,,9.66,,,7.77,,,10.46,5.5,3.19,,,3.09,3.21,,,6.95,9.91,,,2.07,,14.24,13.08,7.4,,3.98,4.86,3.88,8.12,,,6.95,,,,,,,,,,,,23.47,,7.57,,,,,,,,,,,,,,,9.65
2013-06-03,11.96,,,,,,9.59,,,,14.05,13.57,,,,21.57,,14.76,10.69,,,10.68,38.93,,10.97,,,,22.03,,18.91,10.07,20.3,,,35.56,,41.8,,13.35,,38.89,,,,,,65.5,,2.65,,8.1,,5.03,,6.36,,,,,,,,11.15,7.82,,,12.95,,12.23,15.75,,,29.0,,,9.42,,21.9,8.52,27.0,,,,15.89,,,,,16.6,,,7.28,13.64,12.59,,,19.3,14.39,10.0,9.94,8.97,10.86,12.55,13.45,,,15.0,7.65,,,,,,,,,11.0,,,15.05,,31.95,7.18,5.65,,,,,,,,,18.32,,,,16.35,,23.25,7.09,10.97,10.67,12.37,11.82,,,25.15,,,8.16,21.92,14.5,18.35,,,,25.47,,,22.98,33.64,,,,,,12.5,,8.27,,6.24,,,,9.98,7.47,,12.76,,,,,,,,5.36,,12.48,9.99,,,,,,,,,11.86,,41.95,9.07,32.65,10.2,,12.99,,,15.0,,11.27,,11.34,,,,,14.06,7.26,,,,,,5.91,8.11,,,,8.29,,10.66,,,30.75,16.3,,15.38,12.17,7.3,10.89,,,6.61,,3.9,9.29,8.97,17.64,,,11.1,6.31,16.02,11.33,,8.22,5.03,,,18.67,2.92,8.77,,9.35,,,,,5.86,5.79,,8.17,,,,,9.65,,16.89,5.37,,,5.5,,,,,,11.18,10.25,,8.94,,,,,,,15.08,,,6.89,,18.65,,,6.56,,,,,3.97,,8.22,5.59,,,,,19.49,,,,6.28,9.0,,,,10.17,,14.12,10.6,,12.75,,15.69,,10.03,,,,,,21.0,,12.68,,14.96,,,,,,,,,,31.5,,19.72,24.27,13.44,,,,30.16,,,,,,,,8.76,,,7.02,,,,,7.98,,,,7.47,,21.89,,3.08,,,,,5.6,,,3.72,9.96,,,,,8.01,17.55,,,,4.81,13.5,11.17,,,,,,,,,15.05,,,,,10.67,,6.82,,,,,,,3.59,,10.68,,,,,,24.47,11.65,,22.4,,9.06,9.58,6.75,,,,,9.54,,7.77,26.15,,,,,,,,,,,,,,,8.51,,,,,16.75,,17.68,13.36,,40.35,,,,,,8.45,,,,,,,,,,13.0,,6.27,,,,10.28,,6.08,7.72,12.11,,,,,6.72,5.09,,,4.59,,,,,,5.53,4.46,,,,7.03,,,,5.69,,,,,,,,,,,2.7,,,9.17,,,,,,6.95,4.67,,,,,,,,,3.87,,,,,,,9.1,,,,4.96,,7.01,5.52,,,5.91,,14.29,,8.34,,,,7.43,8.1,,9.08,5.28,,,,,6.72,12.28,3.62,2.45,,,,,,6.56,,,,,2.51,15.43,,,,7.1,,,6.84,5.63,,,,11.39,,,,6.0,,,,,,,8.81,,18.63,,,,,9.01,,,,,,,2.7,4.42,,3.65,10.34,,,3.42,,,,,,,5.74,,,,12.17,,,,10.91,13.23,,,,,36.98,7.72,,2.51,,4.26,7.73,,,7.75,,7.34,,,9.45,9.26,4.73,8.58,13.54,,,4.33,6.64,,5.2,,18.28,,4.6,,,,7.5,,5.22,,20.26,5.54,,9.18,,,,13.51,4.31,,,,,4.43,8.03,,5.49,,,5.78,,14.97,,,,,,,5.29,,,5.03,6.15,21.97,,7.11,6.52,,,,,,10.96,,4.01,9.72,,,10.73,7.95,12.1,,3.48,7.85,9.37,,,,,7.41,,,3.46,,,,,,6.26,4.13,,11.07,16.97,,,11.8,,5.94,2.56,,,4.93,5.93,3.43,,8.38,,,,9.58,,28.93,,3.83,,9.73,4.23,,11.52,,4.71,6.03,,,,,,,,,,5.52,,5.41,8.94,,,,15.92,,,13.24,7.51,6.02,9.44,,,,6.14,17.07,,4.65,,,,2.78,,,,5.61,,,8.25,,,3.72,9.3,,3.92,10.15,,24.63,4.77,12.05,4.45,,,11.9,,9.87,,,7.34,,,10.5,5.68,3.18,,,3.07,3.19,,,6.97,9.96,,,2.07,,13.82,13.13,7.23,,4.06,4.71,3.86,7.95,,,6.91,,,,,,,,,,,,22.95,,7.52,,,,,,,,,,,,,,,9.71
2013-06-04,11.48,,,,,,9.38,,,,13.96,13.45,,,,22.0,,14.24,10.29,,,10.18,36.37,,10.68,,,,20.87,,18.19,9.78,19.46,,,34.45,,40.4,,12.81,,36.16,,,,,,69.28,,2.59,,7.84,,4.96,,6.2,,,,,,,,10.76,7.62,,,12.48,,12.31,15.15,,,27.97,,,9.48,,21.16,8.31,25.76,,,,15.6,,,,,16.35,,,7.06,13.22,12.48,,,19.89,13.77,9.49,9.61,8.6,10.22,12.21,12.76,,,14.5,7.6,,,,,,,,,10.83,,,14.79,,29.95,7.15,5.44,,,,,,,,,18.41,,,,15.9,,22.7,6.87,11.13,10.37,12.15,11.44,,,23.35,,,7.99,21.94,14.05,17.39,,,,25.0,,,21.9,32.27,,,,,,12.2,,8.11,,6.11,,,,9.49,7.25,,12.37,,,,,,,,5.19,,12.18,9.7,,,,,,,,,11.38,,39.25,8.62,30.55,9.94,,12.37,,,14.38,,10.9,,11.13,,,,,13.53,7.06,,,,,,5.72,7.84,,,,7.85,,10.13,,,29.3,15.98,,14.98,11.66,7.05,10.28,,,6.68,,3.78,9.34,9.08,17.31,,,11.33,6.22,15.46,10.94,,8.4,4.97,,,17.41,3.07,8.55,,9.43,,,,,5.9,5.63,,7.87,,,,,9.38,,17.25,5.27,,,5.34,,,,,,10.51,10.01,,9.38,,,,,,,14.9,,,6.48,,18.0,,,6.29,,,,,3.91,,8.3,5.4,,,,,18.95,,,,6.1,8.87,13.65,,,9.92,,13.84,10.39,,12.58,,15.09,,9.43,,,,,,20.46,,12.79,,14.39,,,,,,,,,,29.81,,18.71,22.0,13.32,,,,29.14,,,,,,,,9.43,,,7.12,,,,,7.78,,,,7.39,,20.74,,3.06,,,,,5.3,,,3.67,9.67,,,,,7.86,17.75,,,,4.71,13.2,11.55,,,,,,,,,14.01,,,,,10.4,,6.49,,,,,,,3.46,,10.47,,,,15.6,,24.24,11.25,,21.42,,8.76,8.94,6.57,,,,,8.99,,7.6,25.26,,,,,,,,,,,,,,,8.53,,,,,16.29,,17.03,13.33,,38.24,,,,,,8.06,,,,,,,,,,13.18,,6.16,,,,10.07,,5.96,7.45,11.7,,,,,6.57,5.15,,,4.52,,,,,,5.49,4.29,,,,7.06,,,,5.59,,,,,,,,,,,2.64,,,8.94,,,,,,6.9,4.46,,,,,,,,,3.81,,,,,,,8.94,,,,5.01,,6.85,5.55,,,5.7,,13.91,,8.91,8.57,,,7.49,7.63,,8.67,5.18,,,,,6.65,12.19,3.55,2.38,,,,,,6.41,,,11.06,,2.38,15.25,,,,6.94,,,7.16,5.51,,,,11.25,,,,5.74,,,,,,,8.44,,18.67,,,,,8.8,,,,,,,2.65,4.24,,3.57,10.52,,,3.37,,,,,,,5.52,,,,11.67,,,,10.76,12.92,,,,,35.7,7.54,,2.48,,4.16,7.5,,,7.5,,7.06,,,9.13,9.04,4.72,8.52,13.58,,,4.17,6.7,,5.03,,18.22,,4.62,,,,7.33,,5.1,,20.95,5.27,,9.28,,,,13.38,4.28,5.99,,,,4.38,8.18,,5.55,,,5.73,,15.25,,,,,,,5.56,,,5.1,6.2,21.3,,6.99,6.4,,,,,,10.79,,3.95,9.46,,,10.29,7.79,11.89,,3.47,7.95,9.13,,,,,7.37,,,3.47,,,,,,6.37,4.09,,10.57,17.13,,,11.4,,5.98,2.53,,,4.77,5.75,3.35,,9.22,,,,9.65,,28.62,,3.75,,9.51,4.1,,10.56,,4.65,6.0,,,,,,,,,,5.46,,5.29,8.52,,,,15.19,,,13.07,7.28,5.78,9.12,,,,6.05,16.89,,4.72,,,,2.78,,,,5.66,,,8.08,,,3.63,8.89,,3.82,9.89,,24.4,4.65,11.35,4.38,,,11.78,,10.51,,,7.02,,4.32,10.3,5.65,3.16,,,3.01,3.14,,,6.55,9.65,,,2.04,,14.02,12.54,7.16,,3.96,4.95,3.76,8.0,,,6.76,,,,,,,,,,,,22.5,,7.35,,,,,,,,,,,,,,,9.33
2013-06-05,11.5,,,,,,9.55,,,,14.04,13.53,,,,21.64,,14.37,10.16,,,10.19,37.3,,10.78,,,,20.75,,18.37,9.99,19.75,,,34.36,,39.84,,12.9,,36.2,,,,,,76.21,,2.58,,7.83,,4.95,,6.28,,,,,,,17.72,10.87,7.69,,,13.04,,12.3,15.34,,,27.9,,,9.84,,21.17,8.34,25.8,,,,15.62,,,,,16.55,,,7.08,13.27,12.57,,,19.03,13.86,9.41,9.69,8.66,10.62,11.7,12.91,,,14.05,7.99,,,,,,,,,11.16,,,14.85,,29.47,7.18,5.48,,,,,,,,,18.78,,,,16.09,,23.44,6.5,11.42,10.39,12.26,11.76,,,23.31,,,8.03,21.8,14.3,17.41,,,,24.48,,,22.21,32.02,,,,,,12.19,,8.21,,6.19,,,,9.37,7.19,,12.46,,,,,,,,5.24,,12.31,9.88,,,,,,,,,11.3,,20.98,8.5,31.25,9.98,,13.61,,,14.21,,10.8,,11.27,,,,,13.27,7.04,,,,,,5.75,7.84,,15.05,,7.87,,10.25,,,29.39,16.27,,14.78,11.55,7.07,10.45,,,6.68,,3.79,9.19,9.04,17.31,,,10.95,6.23,15.11,11.31,,8.39,5.0,,,17.61,3.22,8.5,,9.82,,,,,5.88,5.64,,7.9,,,,,9.2,,17.36,5.27,,,5.34,,,,,,10.64,10.01,,10.2,,,,,,,14.72,,,6.49,,18.06,,,6.36,,,,,3.92,,8.49,5.37,,,,,19.23,,,,6.16,9.0,13.77,,,9.83,,13.9,10.37,,12.8,,15.19,,9.56,,,,,,20.33,,12.83,,14.5,,,,,,,,,,29.85,,18.73,22.1,13.45,,,,29.32,,,,,,,,9.09,,,7.06,,,,,7.66,,,,7.44,6.69,20.36,,3.08,,,,,5.35,,,3.88,10.15,,,,,7.96,17.76,,,,4.75,13.52,11.54,,,,,,,,,13.92,,,,,10.58,,6.71,,,,,,,3.37,,10.48,,,,15.2,,24.66,11.32,,21.66,,8.83,9.03,6.8,,,,,8.93,,7.88,25.45,,,,,,,,,,,,9.13,,,8.28,,,,,15.92,,17.0,13.31,,38.41,,,,,,8.1,,,,,,,,,,12.95,,6.19,,,,10.1,,5.97,7.53,11.8,,,,,6.84,5.31,,,4.63,,,,,,5.73,4.25,,,,6.98,,,,5.64,,,,,,,,,,,2.66,,,9.1,,,,,,6.79,4.46,,,,,,,,,4.06,,,,,,,8.92,,,,4.94,,6.83,5.69,,,5.68,,13.99,,8.92,8.4,,,7.57,7.69,,8.6,5.05,,,,,6.69,12.79,3.58,2.38,,,,,,6.48,,,11.9,,2.33,16.16,,,,7.01,,,6.93,5.49,,,,11.69,,,,5.86,,,,,,,8.39,,18.6,,,,,8.97,,,,,,,2.78,4.19,31.46,3.56,10.5,,,3.44,,,,,,,5.61,,,,11.74,,,,10.94,12.8,,,,,36.48,7.43,,2.48,,4.16,7.44,,,7.96,,7.11,,,9.01,9.07,4.75,8.45,13.4,,,4.22,6.9,,5.05,,18.07,,4.6,,,,7.33,,5.11,,20.38,5.15,,8.97,,,,12.8,4.25,5.56,,,,4.42,8.08,,5.58,,,5.77,,15.78,,,,,,,5.51,,,5.61,6.2,21.83,,7.05,6.41,,,,,,10.67,,3.93,9.56,,,10.91,7.79,11.9,,3.47,7.58,9.03,,,,,7.41,,,3.45,,,,,,6.31,4.15,,10.58,17.53,,,11.43,,5.87,2.5,,,4.68,5.82,3.34,,9.68,,,,10.13,,29.05,,3.75,,9.18,4.12,,10.35,,4.7,6.15,,,,,,,,,,5.59,,,8.58,,,,15.39,,,13.1,7.31,6.03,9.2,,,,6.08,17.63,,4.79,,,,2.74,,,,5.51,,,8.16,,,3.6,9.05,,3.82,9.97,,24.8,4.69,11.49,4.39,,,11.92,,10.62,,,7.0,,4.28,10.65,5.62,3.2,,,3.02,3.13,,,6.63,9.5,,,2.04,,13.7,12.6,7.1,,4.15,5.11,3.75,8.21,,,6.72,,,,,,,,,,,,22.43,,7.42,,,,,,,,,,,,,,,9.26
2013-06-06,11.12,,,,,,9.4,,,,13.65,12.9,,,,20.9,,14.05,10.22,,,10.05,38.34,,10.43,,,,20.75,,17.82,9.66,19.32,,,33.65,,38.5,,12.48,,35.95,,,,,,73.0,,2.56,,7.53,,4.9,,6.15,,,,,,,17.35,10.7,7.42,,,12.91,,11.83,14.7,,,27.46,,,9.48,,21.06,8.08,25.95,,,,15.6,,,,,16.22,,,6.97,13.06,12.32,,,18.27,13.54,9.16,9.66,9.2,10.11,11.22,12.45,,,13.63,8.01,,,,,,,,,10.62,,,14.79,,15.52,6.99,5.21,,,,,,,,,19.46,,,,15.7,,22.8,6.27,11.24,10.24,12.22,11.59,,,23.07,,,7.93,21.3,13.6,17.12,,,,23.29,,,21.63,30.64,,,,,,11.73,,8.0,,6.08,,,,9.15,7.09,,11.9,,,,,,,,5.09,,12.35,9.89,,,,,,,,,10.98,,22.47,8.44,31.69,9.73,,13.09,,,14.14,,10.32,,11.1,,,,,12.9,6.87,,,,,,5.7,7.77,,16.14,,7.6,,9.87,,,28.5,15.6,,14.66,11.53,6.9,10.18,,,6.68,,3.69,9.1,8.92,16.53,,,10.78,6.18,14.8,10.95,,8.1,4.86,,,17.59,3.38,8.16,,9.9,,,,,5.59,5.53,,7.63,,,,,8.85,,17.05,5.15,,,5.26,,,,,,10.84,9.75,,9.78,,,,6.55,,,14.68,,,6.39,,17.58,,,6.2,,,,,3.81,,8.55,5.91,,,,,18.89,,13.59,,6.03,8.81,13.6,,,9.72,,13.75,10.6,,12.7,,15.67,,9.38,,,,,,20.13,,12.82,,14.32,,,,,,,,,,30.2,,18.52,21.77,13.43,,,,28.78,,,,,,,,8.52,,,6.68,,,,,7.37,,,,7.28,6.62,20.2,,3.0,,,,,5.13,,,3.73,10.01,,,,,8.03,17.2,,,,4.73,12.95,10.84,,,,,,,,,13.61,,,,,10.39,,6.86,,,,,,,3.35,,10.47,,,,14.73,,24.65,10.91,,21.02,,8.55,8.85,6.84,,,,,8.72,,7.24,25.22,,,,,,,,,,,,8.98,,,7.79,,,,,7.09,,16.83,13.32,,37.34,,,,,,7.79,,,,,,,,,,11.66,,6.01,,,,9.83,,6.27,7.46,11.7,,,,,6.59,5.12,,,4.67,,,,,,5.51,4.21,,,,6.78,,,,5.46,,,,,,,,,,,2.62,,,9.01,,,,,,6.69,4.46,,,,,,,,,3.99,,,,,,,8.5,,,,4.81,,6.64,5.7,,,5.53,,13.39,,9.1,8.28,,,7.36,7.33,,8.54,4.92,,,,,6.49,12.96,3.54,2.36,,,,,,6.38,,,13.09,,2.36,15.88,,,,6.8,,,6.51,5.38,,,,11.6,,,,5.62,,,,,,,8.34,,12.63,,,,,8.99,,,,,,,2.72,4.15,31.19,3.55,9.68,,,3.35,,,,,,,5.59,,,,11.37,,,,10.73,12.39,,,,,36.4,7.36,,2.45,,4.11,7.33,,,7.74,,6.98,,,8.84,8.86,4.58,8.4,13.14,,,4.22,6.9,,4.91,,18.11,,4.49,,,,7.23,,4.97,,21.0,5.14,,8.74,,,,12.03,4.23,5.08,,,,4.36,7.85,,5.53,,,5.79,,15.54,,,,,,,5.33,,,5.38,5.91,21.11,,7.13,6.32,,,,,,10.61,,3.87,9.25,,,9.99,7.8,11.48,,3.44,7.38,8.87,,,,,7.72,,,3.36,,,,,,6.29,4.17,,10.26,17.11,,,11.44,,5.56,2.45,,,4.51,5.62,3.32,,10.27,,,,9.99,,27.68,,3.73,,8.95,3.93,,10.14,,4.57,6.1,,,,,,,,,,5.45,,5.2,8.43,,,,15.14,,,13.4,7.18,5.86,8.66,,,,5.95,17.28,,4.78,,,,2.71,,,,5.46,,,7.97,,,3.53,8.73,,3.72,9.73,,24.86,4.6,11.15,4.36,,,12.61,,10.54,,,6.86,,4.28,10.55,5.56,3.15,,,2.97,3.12,,,6.47,9.42,,,2.02,,13.91,12.3,6.98,,4.15,5.1,3.68,7.9,,,6.64,,,,,,,,,,,,22.44,,7.16,,,,,,,,,,,,,,,8.95
2013-06-07,11.22,,,,,,9.43,,,,13.46,12.4,,,,21.3,,13.87,9.49,,,9.85,39.0,,10.23,,,,19.76,,17.67,9.07,19.48,,,33.64,,38.78,,12.61,,37.07,,,,,,80.3,,2.54,,7.28,,4.81,,6.13,,,,,,,17.0,10.81,7.27,,,13.18,,11.56,14.83,,,26.81,,,9.09,,20.31,8.06,25.35,,,,15.46,,,,,16.29,,,6.79,12.9,11.83,,,17.86,13.23,9.21,9.46,9.78,9.59,11.67,12.06,,,13.62,8.1,,,,,,,,,10.51,,,14.63,,15.15,6.78,5.1,,,,,,,,,18.65,,,,15.35,,22.5,6.3,10.6,10.43,12.05,11.43,,,22.71,,,7.86,21.38,13.06,16.88,,16.85,,23.82,,,22.02,31.29,,,,,,11.35,,7.59,,5.98,,,,9.01,7.05,,11.78,,,,,,,,4.99,,13.19,9.53,,,,,,,,,10.81,,23.96,8.34,32.8,9.66,,12.03,,,13.88,,10.11,,10.86,,,,,12.79,6.81,,,,,,5.7,7.74,,15.75,,7.51,,9.69,,,29.2,15.19,,14.54,10.39,6.61,10.02,,,6.64,,3.64,9.11,8.6,15.71,,,10.5,6.1,14.35,10.95,,7.82,4.75,,,17.15,3.55,8.04,,9.98,,,,,5.45,5.48,,7.62,,,,,9.05,,16.81,5.19,,,5.2,,,,,,11.28,9.43,,9.21,,,,6.4,,,14.09,,,6.06,,17.69,,,6.03,,,,,3.84,,9.17,6.5,,,,,19.06,,12.85,,5.89,8.4,13.12,,,9.7,,13.46,10.7,,12.42,,15.8,,9.25,,,,,,19.68,,12.95,,14.68,,,,,,,,,,29.99,,19.0,20.73,13.43,,,,30.7,,,,,,,,8.07,,,6.44,,,,,7.12,,,,7.21,6.45,20.37,,2.98,,,,,5.1,,,3.91,10.13,,,,,8.27,17.13,,,7.73,4.64,12.76,10.41,,,,,,,,,13.3,,,,,10.22,,6.82,,,,,,,3.36,,10.78,,,,14.84,,25.46,10.63,,20.28,,8.41,8.63,6.43,,,,,8.36,,7.02,24.71,,,,,,,,,,,10.97,9.01,,,7.41,,,,,6.9,,16.95,13.3,,36.68,,,,,,7.7,,,,,,,,,,11.59,,5.83,,,,9.49,,5.89,7.64,11.56,,,,,6.3,4.8,,,4.43,,,,,,5.3,4.14,,,,6.69,,,,5.31,,,,,,,,,,,2.53,,,8.78,,,,,,6.47,4.36,,,,,,,,,3.91,,,,,,,8.31,,,,4.63,,6.54,5.58,,,5.42,,13.12,,9.23,7.92,,,7.01,7.22,,8.39,4.81,,,,,6.42,12.76,3.52,2.33,,,,,,6.23,,,13.84,,2.48,15.11,,,,6.6,,,6.31,5.23,,,,11.69,,,,5.43,,,,,,,8.13,,12.43,,,,,8.61,,,,,,19.77,2.69,4.09,30.18,3.55,9.2,,,3.22,,,,,,,5.49,,,,11.79,,,,10.8,12.12,,,,,35.45,7.18,,2.42,,4.02,7.3,,,7.19,,6.74,,,8.48,8.67,4.46,8.54,12.96,,,4.13,6.82,,4.66,,17.45,,4.55,,,,7.22,,4.81,,20.76,5.29,,8.51,,,,12.06,4.29,4.8,,,,4.14,7.92,,5.58,,,5.64,,15.49,,,,,,,5.16,,,5.19,5.76,20.6,,6.9,6.3,,,,,,10.44,,3.84,8.96,,,9.46,8.18,11.27,,3.4,7.15,8.56,,,,,7.73,,,3.3,,,,,,6.52,4.29,,10.1,17.5,,,10.97,,5.29,2.44,,,4.45,5.54,3.28,,9.99,,,,10.22,,26.88,,3.66,,8.48,3.92,,10.16,,4.45,5.89,,,,,,,,,,5.31,,4.78,8.44,,,,15.23,,,13.17,7.03,5.63,8.69,,,,5.77,16.02,,4.72,,,,2.7,,,,5.31,,,7.53,,,3.58,8.4,,3.64,9.52,,22.37,4.51,10.9,4.21,,,12.32,,10.38,,,6.68,,4.38,10.26,5.52,3.08,,,2.89,3.07,,,6.33,9.34,,,2.0,,13.57,12.05,7.02,,3.94,4.95,3.64,7.56,,,6.5,,,,,,,,,,,,22.09,,7.03,,,,,,,,,,,,,,,8.72
2013-06-13,10.9,,,,,,9.4,,,18.42,13.05,12.17,,,,21.03,,13.59,8.98,,,9.49,38.0,,9.81,,,,20.0,,17.67,8.75,18.81,,,34.29,,38.95,,12.12,,37.14,,,,,,87.51,,2.45,,6.92,,4.68,,5.67,,,,,,,16.6,10.43,7.09,,,13.58,,11.05,14.0,,,26.27,,,8.68,,18.93,7.75,24.35,,,,14.91,,,,,15.87,,,6.52,12.52,11.42,,,17.96,12.7,8.84,9.14,9.77,9.22,12.27,11.78,,,12.74,8.2,,,,,,,,,10.02,,,13.99,,15.54,6.55,5.0,,,,,,,,,17.16,,,,14.62,,23.9,6.2,10.28,9.84,11.85,10.74,,,23.05,,,7.59,20.67,12.42,16.1,,16.35,,24.66,,,22.6,29.72,,,,,,11.04,,7.71,,6.06,,,,8.74,6.8,,11.6,,,,,,,,4.76,,13.73,9.45,,,,,,,,,10.5,,26.36,8.07,31.6,9.25,,11.88,,,13.19,,9.35,,10.8,,,,,12.4,6.64,,,,,,5.51,7.51,,14.81,,7.41,,9.36,,,29.95,15.12,,14.15,10.69,6.53,10.1,,,6.25,,3.48,8.74,8.32,15.36,,,10.07,5.88,13.61,,,7.76,4.7,,,16.11,3.73,7.8,,8.98,,,,,5.19,5.3,,7.51,,,,,8.52,,17.28,5.14,,,5.03,,,,,,,9.1,,8.55,,,,6.22,,,13.62,,,5.68,,16.83,,,5.81,,,,,3.77,,,6.2,,,,,18.71,,11.83,,5.7,8.16,12.73,,,9.82,,13.04,10.1,,12.35,,15.31,,8.91,,,,,,19.19,,12.32,,13.73,,,,,,,,,,29.97,,20.9,19.75,13.05,,,,32.0,,,,,,,,8.27,,,6.25,,,,,6.74,,,,7.01,6.57,20.75,,2.86,,,,,4.91,,,3.84,9.91,,,,,7.62,17.08,,,7.27,4.46,12.24,9.62,,,,,,,,,13.85,,,,,9.9,,,,,,,,,3.19,,10.95,,,,14.32,,23.45,10.08,,19.22,,8.12,8.31,6.19,,,,,8.15,12.06,6.78,23.53,,,,,,,,,,,10.67,8.58,,,7.22,,,19.46,,6.48,,16.16,12.74,,36.68,,,,,,7.5,,,,,,,,,,11.73,,5.6,,,,9.12,,5.82,7.46,10.96,,,,,6.14,4.66,,,4.14,,,,,,5.16,3.87,,,,6.52,,,,5.17,,,,,,,,,,,2.43,,,8.37,,,,,,6.51,4.1,,,,,,,,,3.74,,,,,,,8.03,,,,4.38,,6.22,5.29,,,5.15,,12.55,,8.55,7.8,,,6.88,7.01,,8.0,4.67,,,,,6.12,13.26,3.4,2.25,,,,,,6.1,,,13.07,,2.6,14.76,,,,6.33,,,6.54,4.97,,,,10.62,,,,5.12,,,,,,,7.64,,12.04,,,,,7.87,,,,,,19.36,2.58,3.91,30.4,3.44,9.09,,,3.08,4.26,,,,,,5.22,,,,11.59,,,,10.63,11.68,,,,,34.01,7.17,,2.34,,3.93,7.06,,,7.02,,6.48,,,8.15,8.41,4.28,8.4,12.22,,,3.92,6.67,,4.45,,16.86,,4.36,,,,6.98,,4.55,,19.88,4.93,,8.12,,,,11.88,4.08,4.39,,,,4.04,7.33,,5.31,,,5.3,,15.07,,,,,,,4.98,,,4.82,5.62,20.71,,6.59,6.16,,,,,,10.02,,3.75,8.52,,,9.25,7.88,10.73,,3.23,6.9,,,,,,7.66,,,3.16,,,,,,6.7,4.33,,9.71,16.79,,,10.09,,4.95,2.37,,,4.21,5.31,3.18,,9.3,,,,9.99,,25.24,,3.55,,8.26,4.2,,9.47,,4.35,5.4,,,,,,,,,,5.28,,4.41,8.34,,,,14.9,,,12.84,6.7,5.45,8.27,,,,5.87,15.98,,4.71,,,,2.57,,,,5.69,,,7.12,,,3.43,8.06,,3.54,9.28,,22.0,4.36,10.54,4.63,,,12.62,,10.58,,,6.88,,4.49,9.6,5.41,2.95,,,2.76,2.92,,,6.23,8.97,,,1.95,,13.63,11.39,6.64,,3.74,4.7,3.51,6.87,,,6.29,,,,,,,,,,,,20.49,,6.81,,,,,,,,,,,,,,,8.34
2013-06-14,11.24,,,,,,9.7,,,18.84,13.47,12.76,,,,21.93,,14.1,9.08,,,10.17,40.58,,10.55,,,,20.85,,18.44,9.12,19.6,,,35.55,,39.0,,12.37,,39.41,,,,,,88.0,,2.44,,7.1,,4.68,,5.69,,,,,,,16.94,10.82,7.21,,,13.79,,11.32,14.33,,,27.58,,,8.79,,19.19,7.7,25.3,,,,15.36,,,,,15.92,,,6.61,12.81,11.68,,,18.67,12.68,9.15,9.3,,9.5,12.47,12.02,,,13.02,8.22,,,,,,,,,10.11,,,14.08,,16.23,6.7,5.12,,,,,,,,,10.8,,,,15.6,,26.29,6.35,10.36,9.93,12.19,10.88,,,23.7,,,7.69,21.15,13.66,16.42,,16.85,,25.9,,,22.54,30.73,,,,,,11.25,,7.91,,6.33,,,,9.42,7.08,,12.04,,,,,,,,4.85,,15.1,9.61,,,,,,,,,10.66,,28.31,8.31,32.5,9.42,,6.1,,,13.37,,9.51,,11.18,,,,,12.84,6.76,,,,,,5.65,7.66,28.25,15.5,,7.64,,9.58,,,30.58,15.8,,14.79,11.11,6.66,10.37,,,6.45,,3.5,9.05,8.39,15.5,,,10.38,6.06,14.12,11.46,,7.85,4.79,,,16.65,3.92,8.36,,9.3,,,,,5.15,5.42,,7.59,,,,,8.52,,17.75,5.18,,,5.08,,,,,,,9.21,,8.7,,,,6.4,,,14.3,,,5.77,,18.06,,,5.98,,,,,3.93,,,6.47,,,,,19.41,,12.17,,5.68,8.36,13.02,,,9.99,,13.17,10.48,,12.72,,16.27,,9.26,,,,,,19.47,,12.43,,13.99,,,,,,,,,,32.97,,21.63,20.97,13.61,,,,32.29,,,,,,,,8.22,,,6.42,,,,,6.9,,,,7.07,6.54,21.2,,2.88,,,,,4.98,,,3.76,10.3,,,,,7.63,17.69,,,7.35,4.5,12.7,9.7,,,,,,,,,14.25,,,,,10.0,,,,,,,,,3.21,,11.68,,,,15.75,,24.15,10.24,,19.53,,8.19,8.64,6.23,,,,,8.52,12.28,6.96,24.25,,,,,,,,,,,10.94,8.78,,,7.48,,,21.41,,6.58,,16.74,13.62,,37.57,,,,,,7.75,,,,,,,,,,12.36,,5.68,,,,9.22,,5.9,7.36,10.96,,,,,6.17,4.73,,,4.19,,,,,,5.19,3.93,,,,6.54,,,,5.24,,,,,,,,,,,2.46,,,8.69,,,,,,6.5,4.11,,,,,,,,,3.74,,,,,,,8.15,,,,4.43,,6.24,5.34,,,5.24,,12.7,,8.69,7.85,,,6.83,7.21,,8.06,4.67,,,,,6.14,12.85,3.43,2.28,,,,,,6.15,,,13.05,,2.59,15.58,,,,6.33,,,6.58,4.97,,,,10.44,,,,5.25,,,,,,,7.86,,12.14,,,,,8.02,,,,,,19.66,2.62,4.0,30.5,3.5,9.29,,,3.05,4.35,,,,,,5.43,,,,11.71,,,,11.02,12.04,,,,,34.57,7.28,,2.36,,3.98,7.05,,,7.11,,6.65,,,8.23,8.51,4.37,8.48,13.14,,,3.94,6.72,,4.65,,17.5,,4.39,,,,7.24,,4.62,,20.68,4.95,,8.18,,,,11.74,4.09,4.7,,,,4.17,7.35,,5.4,,,5.35,,15.09,,,,,,,5.05,,,4.83,5.69,21.98,,6.64,6.48,,,,,,10.04,,3.79,8.62,,,9.36,7.7,10.79,,3.27,6.98,,,,,,7.6,,,3.19,,,,,,6.74,4.7,,9.88,17.41,,,10.23,,5.01,2.4,,,4.32,5.38,3.2,,9.54,,,,10.49,,25.34,,3.56,,8.49,,,9.68,,4.37,5.51,,,,,,,,,,5.27,,4.49,8.36,,,,15.1,,,13.44,6.73,5.57,8.28,10.37,,,5.96,16.1,,4.68,,,,2.59,,,,5.58,,,7.3,,,3.48,8.1,,3.58,9.37,,22.95,4.41,10.6,4.56,,,13.33,,10.63,,,7.19,,4.5,9.58,5.51,2.97,,,2.8,2.93,,,6.28,9.09,,,1.96,,14.31,11.7,6.73,,3.72,4.94,3.85,6.95,,,6.33,,,,,,,,,,,,20.5,,6.86,,,,,,,,,,,,,,,8.68
2013-06-17,11.15,,,,,,9.75,,,18.65,13.89,12.61,,,,22.58,,14.1,8.98,,,10.17,42.48,,10.81,,,,21.16,,18.3,8.91,19.65,,,,,41.0,,12.48,,40.08,,,,,,79.2,,2.4,,7.26,,4.66,,5.63,,,,,,,18.63,11.1,7.29,,,13.54,,11.4,14.26,,,28.17,,,8.73,,19.3,7.67,27.2,,,,15.3,,,,,15.69,,,6.62,12.85,11.66,,,18.77,12.75,9.44,9.32,,9.27,12.57,12.1,,,12.99,7.91,,,,,,,,,10.1,,,13.93,,16.31,6.69,5.13,,,,,,8.69,,,11.82,,,,15.35,,25.63,6.42,10.29,9.89,12.54,10.82,,,23.6,,,7.69,20.91,14.0,17.68,,16.97,,25.93,,,22.55,31.77,,,,,,11.11,,7.89,,6.22,,,,9.54,7.08,,12.18,,,,,,,,4.86,,15.01,9.64,,,,,,,,,10.73,,27.5,8.35,32.01,9.34,,5.83,,,13.63,,9.41,,11.98,,,,,12.91,6.77,,,,,,5.66,7.76,27.96,15.45,,7.79,,9.5,,,30.35,15.8,,15.4,10.87,6.62,10.38,,,6.4,,3.53,9.27,8.28,15.0,,,10.49,5.85,14.48,11.57,,7.53,4.7,,,16.85,,8.12,,9.85,,,,,5.36,5.45,,7.79,,,,,8.76,,19.53,5.16,,,5.06,,,,,,,9.21,,8.42,,,,6.47,,,14.44,,,5.74,,18.31,,,5.97,,,,,4.09,,,7.12,,,,,19.07,,12.28,,5.53,8.42,13.14,,,10.03,,13.2,10.7,,12.41,,,,9.28,,,,,,20.17,,12.12,,14.01,,,,,,,,,,34.48,,21.16,20.65,13.47,,,,34.68,,,,,,,,8.28,,,6.3,,,,,6.84,,,,6.97,6.52,21.65,,2.87,,,,,4.96,,,3.64,10.15,,,,,7.46,18.05,,,7.46,4.54,13.15,9.76,,,,,,,,,14.31,,,,,10.2,,,,,,,,,3.37,,11.71,,,,16.38,,24.62,10.19,,21.48,,8.12,8.65,6.52,,,,,8.51,12.88,6.96,26.43,,,,,,,,,,,10.8,9.11,,,7.41,,,23.55,,6.45,,16.67,13.7,,37.56,,,,,,7.77,,,,,,,,,,11.84,,5.62,,,,9.13,,5.82,7.28,10.67,,,,,6.16,4.71,,,4.17,,,,,,5.16,,,,,6.58,,,,5.09,,,,,,,,,,,2.45,,,8.78,,,,,,6.59,4.28,,,,,,,,,3.73,,,,,,,8.22,,,,4.37,,6.26,5.27,,,5.22,,12.63,,8.31,7.69,,,6.63,7.12,,7.98,4.72,,,,,6.1,12.62,3.45,2.28,,,,,,6.17,,,12.61,,2.59,16.0,,,,6.34,,,6.71,5.16,,,,10.35,,,,5.24,,,,,,,7.89,,12.06,,,,,8.45,,,,,,19.29,2.68,3.96,29.36,3.47,9.08,,,2.98,4.38,,,,,,5.45,,,,11.67,,,,10.92,11.93,,,,,34.93,7.17,,2.35,,3.93,7.08,,,7.07,,6.7,,,8.25,8.71,4.33,8.6,13.32,,,3.94,6.7,,4.63,,17.16,,4.37,,,,7.53,,4.71,,21.39,4.97,,8.21,,,,11.32,4.07,4.56,,,,4.25,7.39,,5.31,,,5.51,,14.8,,,,,,,5.05,,,4.75,5.67,21.96,,6.76,6.59,,,,,,,,3.76,8.53,,,9.33,7.52,10.49,,3.26,6.84,7.7,,,,,7.7,,,3.17,,,,,,6.6,4.94,,9.7,16.94,,,10.85,,4.9,2.45,,,4.3,5.4,3.21,,9.21,,,,10.65,,24.69,,3.55,,8.44,,,9.6,,4.34,5.3,,,,,,,,,,5.13,,4.35,8.5,,,,15.86,,,14.78,6.73,5.53,8.55,9.84,,,5.76,16.15,,4.71,,,,2.62,,,,5.52,,,7.0,,,3.53,8.41,,3.53,9.37,,22.87,4.4,10.85,4.43,,,13.16,,11.15,,,7.48,,4.43,9.77,5.64,2.95,,,2.79,2.88,,,6.34,9.05,,,1.94,,14.76,11.6,6.6,,3.84,4.93,3.72,6.68,,,6.23,,,,,,,6.15,,,,,20.21,,6.87,,,,,,,,,,,,,,,8.7
2013-06-18,11.17,,,,,,9.88,,,18.35,13.98,12.88,,,,22.75,,14.15,8.95,,,10.44,41.53,,11.0,,,,23.28,,18.1,9.46,19.38,,,,,40.5,,12.08,,39.95,,,,,,79.37,,2.4,,7.23,,4.66,,5.68,,,,,,,18.87,10.82,7.24,,,13.0,,11.57,14.86,,,28.1,,,8.66,,19.29,7.53,27.36,,,,15.08,,,,,15.72,,,6.66,12.74,11.58,,3.73,18.98,12.22,9.35,9.35,,9.24,12.12,12.08,,,13.05,7.8,,,,,,,,,10.22,,,14.34,,16.1,6.6,5.15,,,,,,8.77,,,11.95,,,,15.44,,26.71,6.45,10.35,9.95,12.8,10.71,,,22.94,,,7.75,16.68,14.01,17.57,,16.81,,27.28,,,21.92,31.06,,,,,,11.1,,8.34,,6.63,,,,9.95,7.15,,12.2,,,,,,,,4.83,,15.68,9.74,,,,,,,,,10.82,,28.32,8.23,31.5,9.08,,5.79,,,13.42,,9.5,,11.89,,,,,12.95,6.85,,,,,,5.66,7.7,27.09,14.51,,7.65,,9.52,,,29.79,15.78,,15.62,10.84,6.56,10.33,,,6.45,,3.49,9.26,8.3,15.18,,,10.25,5.79,14.48,11.36,,7.57,4.64,,,16.58,4.12,8.22,,9.9,,,,,5.28,5.49,,7.75,,,,,8.66,,19.55,5.11,,,5.06,,,,,,,9.26,,8.45,,,,6.38,,,14.98,,,5.85,,18.69,,,6.03,,,,,4.16,,,7.0,,,,,,,12.27,,5.57,8.32,13.38,,,8.33,,13.65,10.43,,12.29,,,,9.24,,,,,,20.13,,13.33,,14.06,,,,,,,,,,33.88,,22.43,20.1,13.09,,,,35.5,,,,,,,,8.23,,,6.31,,,,,6.88,,,,6.96,6.38,21.0,,2.88,,,,,4.95,,,3.46,10.06,,,,,7.52,17.8,,,7.45,4.51,13.48,9.63,,,,,,,,,13.93,,,,,10.99,,,,,,,,,3.37,,12.0,,,,16.24,,24.81,10.3,,21.8,,8.34,8.55,6.58,,,,,8.41,13.45,6.92,26.29,,,,,,,,,,,10.55,9.1,,,7.51,,,25.91,,6.42,,16.68,13.18,,37.08,,,,,,7.74,,,,,,,,,,12.18,,5.64,,,,9.19,,6.02,7.34,10.81,,,,,6.13,4.8,,,4.27,,,,,,5.16,,,,,6.63,,,,5.13,,,,,,,,,,,2.45,,,8.88,,,,,,6.63,4.29,,,,,,,,,3.73,,,,,,,8.24,,,,4.47,,6.26,5.35,,,5.2,,12.78,,8.38,8.16,,,6.77,7.04,,8.19,4.73,,,,,6.11,12.6,3.44,2.29,,,,,,6.13,,,12.83,,2.58,15.85,,,,6.35,,,6.82,5.1,,,,10.41,,,,5.26,,,,,,,8.1,,11.97,,,,,8.46,,,,,,18.6,2.73,3.95,29.23,3.48,9.48,,,3.0,4.42,,,,,,5.56,,,,12.11,,,,10.85,12.05,,,,,33.88,7.18,,2.39,,3.93,7.06,,,7.1,,6.82,,,8.37,8.59,4.32,8.68,13.43,,,3.96,6.71,,4.7,,17.32,,4.42,,,,7.23,,4.73,,21.06,4.87,,8.54,,,,11.55,4.09,4.56,,,,4.24,7.38,,5.37,,,5.51,,14.85,,,,,,,5.04,,,4.77,5.84,23.23,,6.75,6.59,,,,,,,,3.79,8.73,,,9.28,7.58,10.48,,3.36,6.91,7.29,,,,,8.28,,,3.19,,,,,,6.57,4.99,,9.76,18.42,,,10.81,,4.95,2.44,,,4.42,5.41,3.21,,9.15,,,,10.39,,25.27,,3.52,,8.46,,,9.71,,4.35,5.4,,,,,,3.4,,,,5.16,,4.4,8.64,,,,15.68,,,14.78,6.76,5.59,8.55,9.86,,,5.59,16.4,,4.74,,,,2.65,,,,5.73,,,7.18,,,3.54,8.34,,3.54,9.63,,22.32,4.44,11.26,4.62,,,12.85,,10.99,,,7.58,,4.59,9.72,5.68,3.03,,,3.07,2.84,,,6.46,8.97,,,1.93,,14.51,12.76,6.57,,3.85,4.95,3.7,6.7,,,6.21,,,,,,,6.17,,,,,20.39,,6.88,,,,,,,,,,,,,,,8.73
2013-06-19,11.2,,,,,,10.19,,,18.7,13.79,12.8,,,,22.55,,14.47,8.85,,,10.45,40.8,,11.18,,,,23.45,,17.98,9.3,18.81,,,,,39.95,,11.89,,39.34,,,,,,76.11,,2.44,,7.15,,4.52,,5.74,,,,,,,18.68,7.39,7.51,,,12.99,,11.79,14.82,,,28.2,,,8.57,,19.09,7.29,26.86,,,,14.86,,,,,15.09,,,6.6,12.55,11.35,,3.69,19.33,11.75,9.11,9.22,,9.48,11.8,12.14,,,13.19,7.67,,,,,,,,,10.15,,,14.42,,16.83,6.52,5.15,,,,,,8.73,,,12.05,,,,15.9,,26.0,6.43,10.17,9.89,12.71,10.55,,,22.34,,,7.7,15.97,14.37,17.24,,16.33,,27.24,,,21.81,32.51,,,,,,10.95,,9.17,,6.65,,,,10.02,7.29,,12.3,,,,,,,,4.83,,15.33,9.57,,,,,,,,,10.78,,27.4,8.21,31.65,9.0,,5.79,,,13.38,,9.33,,12.28,,,,,12.95,6.79,,,,,,5.67,7.67,26.41,14.3,,7.69,,9.37,18.0,,29.98,15.46,,15.51,11.5,6.35,10.33,,,6.33,,3.48,9.17,8.12,14.79,,,10.32,5.83,14.31,11.16,,7.62,4.53,,,17.55,4.33,8.13,,10.33,,,,,5.19,5.49,,7.68,,,,,8.39,,19.39,5.08,,,5.09,,,,,,,9.1,,8.61,,,,6.42,,,15.39,,,5.84,,18.69,,,5.91,,,,,4.26,,,7.25,,,,,,,12.21,,5.4,8.3,13.84,,,8.13,,13.45,10.7,,12.65,,,,9.6,,,,,,20.21,,13.52,,14.09,,,,,,,,,,32.6,,21.41,20.11,13.23,,,,34.4,,,,,,,,8.11,,,6.19,,,,,6.83,,,,7.01,6.12,20.64,,2.92,,,,,5.18,,,3.39,10.36,,,,,7.54,19.39,,,7.52,4.46,13.43,9.36,,,,,,,,,13.28,,,,,10.8,,,,,,,,,3.33,,11.65,,,,16.34,,26.19,10.48,,21.32,,8.27,8.52,6.55,,,,,8.31,14.46,6.86,26.26,,,,,,,,,,,10.43,9.14,,,7.29,,,25.61,,6.47,,16.4,13.88,,37.5,,,,,,7.78,,,,17.35,,,,,,12.31,,5.5,,,,9.05,,6.02,7.18,10.61,,,,,6.14,4.73,,,4.19,,,,,,5.17,,,,,6.51,,,,5.16,,,,,,,,,,,2.7,,,9.04,,,,,,6.48,4.29,,,,,,,,,3.7,,,,,,,8.15,,,,4.35,,6.21,5.31,,,5.14,,12.81,,8.52,8.16,,,6.74,6.89,,8.12,4.66,,,,,6.08,12.56,3.42,2.27,,,,,,6.13,,,12.46,,,16.51,,,,6.46,,,6.52,5.14,,,,10.3,,,,5.17,,,,,,,8.1,,11.66,,,,,8.32,,7.92,,,,18.64,2.67,3.85,30.98,3.51,9.46,,,2.9,4.42,,,,,,5.46,,,,12.5,,,,10.78,11.89,,,,,35.07,7.17,,2.36,,3.99,7.0,,,7.0,,6.89,,,8.12,8.68,4.26,8.54,13.16,,,3.95,6.6,,4.66,,18.44,,4.39,,,,7.02,,4.66,,21.91,4.95,,8.38,,,,11.16,4.01,4.48,,,,4.13,7.31,,5.44,,,5.43,,15.06,,,,,,,5.0,,,4.79,5.81,23.14,,6.71,6.75,,,,,,,,3.76,8.76,,,9.32,7.43,10.6,,3.35,6.79,7.29,,,,,8.07,,,3.14,,,,,,6.87,4.88,,9.88,18.05,,,10.58,,5.01,2.43,,,4.39,5.31,3.17,,9.06,,,,10.44,,24.94,,3.51,,8.31,,,9.68,,4.32,5.4,,,,,,3.43,,,,5.23,,4.46,8.46,,,,15.72,,,14.77,6.58,5.52,8.4,9.5,,,5.32,16.36,,4.72,,,,2.65,,,,5.65,,,7.45,,,3.5,8.51,,3.5,9.53,,10.37,4.42,11.39,4.68,,,13.02,,11.08,,,7.57,,4.55,9.86,5.61,2.99,,,3.01,2.86,,,6.28,8.8,,,1.91,,15.18,12.47,6.34,,3.72,5.15,3.53,6.8,,,6.25,,,,,,,6.04,,,,,20.73,,6.79,,,,,,,,,,,,,,,8.67
2013-06-20,10.85,,,,,,9.8,,,17.87,12.63,12.33,,,,21.48,,13.93,8.62,,,10.28,39.9,,10.29,,,,21.54,,17.12,9.05,17.82,,,,,38.35,,11.0,,37.74,,,,,,76.21,,2.39,,6.98,,4.38,,5.56,,,,,,,18.12,6.88,7.36,,,13.23,,11.5,14.02,,,27.02,,,8.4,,18.36,7.24,26.45,,,,14.88,,,,,14.5,,,6.56,12.16,12.01,,3.58,18.2,11.67,8.96,9.03,,9.22,12.35,11.98,,,12.58,7.62,,,,,,,,,10.21,,,14.19,,15.64,6.36,4.97,,,,,,8.46,,,11.7,,,,15.63,,24.98,6.12,10.04,9.42,12.38,10.31,,,21.7,,,7.61,15.59,13.73,16.46,,15.79,,25.75,,,21.82,31.04,,,,,,10.71,,8.5,,6.51,,,32.79,9.33,6.93,,11.43,,,,,,,,4.68,,14.29,9.31,,,,,,,,,10.31,,26.72,8.16,30.3,8.82,,5.63,,,12.99,,8.94,,12.34,,,,,12.22,6.6,,,,,,5.56,7.49,25.67,14.3,,7.44,,9.0,16.41,,28.35,14.7,,15.55,11.85,6.12,10.09,,,6.26,,3.37,8.9,8.09,14.37,,,10.1,5.51,13.63,10.62,,7.35,4.37,,,16.81,4.55,7.92,,9.84,,,,,4.96,5.48,,7.53,,,,,8.01,,18.4,4.92,,,4.96,,,,,,,8.81,,8.13,,,,6.25,,,14.99,,,5.51,,18.28,,,5.67,,,,,4.05,,,6.87,,,,,,,12.2,,5.27,8.0,13.18,,,8.11,,12.87,10.39,,12.11,,,,9.75,,,,,,19.63,,13.3,,13.12,,,,,,,,,,29.98,,20.76,19.9,12.52,,,,32.3,,,,,,,,7.75,,,5.92,,,,,6.61,,27.68,,6.96,5.8,19.69,,2.85,,,,,4.88,,,3.32,10.0,,,,,7.31,19.06,,,7.45,4.34,12.91,8.95,,,,,,,,,13.55,,,,,10.43,,,,,,,,,3.18,,11.18,,,,15.41,,25.82,9.89,,20.68,,8.08,8.13,6.39,,,,,8.05,13.93,6.7,24.4,,,,,,,,,,,10.08,8.89,,,6.93,,,24.89,,6.2,,15.72,13.25,,36.1,,,,,,7.6,,,,15.9,,,,,,11.15,,5.27,,,,8.79,,5.9,7.15,10.39,,,,,5.82,4.6,,,4.04,,,,,,5.05,,,,,6.38,,,,5.02,,,,,,,,,,,2.73,,,8.69,,,,,,6.24,4.14,,,,,,,,,3.65,,,,,,,8.2,,,,4.23,,6.01,5.11,,,4.97,,12.39,,8.16,7.69,,,6.52,6.58,7.06,7.72,4.51,,,,,5.81,12.38,3.38,2.2,,,,,,5.98,,,13.16,,2.45,15.99,,,,6.26,,,6.25,4.94,,,,9.95,,,,4.96,,,,,,,7.94,,11.36,,,,,8.02,,7.7,,,,18.09,2.6,3.83,29.73,3.5,8.98,,,2.83,4.33,,,,,,5.45,,,,12.44,,,,10.54,11.63,,,,,33.05,6.99,,2.3,,3.89,6.77,,,6.81,,6.81,,,7.93,8.34,4.15,8.42,12.46,,,3.85,6.34,,4.44,,17.3,,4.31,,,,6.68,,4.52,,20.81,4.9,,7.97,,,,10.49,3.9,4.39,,,,4.08,7.16,,5.52,,,5.3,,14.93,,,,,,,4.89,,,4.58,5.47,22.12,,6.57,6.41,,,,,,,,3.67,8.6,,,8.99,7.01,10.09,,3.24,6.5,6.92,,,,,8.12,,,3.05,,,,,,6.7,4.81,,9.52,18.12,,,10.05,,4.87,2.37,,,4.22,5.18,3.05,,8.72,,,,9.92,,24.27,,3.4,,8.03,,,10.3,,4.25,5.33,,,,,,3.19,,,,5.12,,4.34,8.19,,,,14.93,,,14.06,6.25,5.25,8.0,8.93,,,5.12,16.03,,4.63,,,,2.56,,,,5.31,,,7.14,,,3.41,7.95,,3.39,9.27,,9.98,4.27,11.0,4.48,,,11.95,,10.53,,,7.46,,4.32,9.51,5.43,2.95,,,2.86,2.76,,,5.97,8.53,,,1.89,,14.78,11.98,6.08,,3.59,5.06,3.38,6.51,,,6.15,,,,,,,5.79,,,,,19.93,,6.79,,,,,,,,,,,,,,,8.5
2013-06-21,10.98,,,,,,9.71,,,17.52,12.44,12.29,,,,20.93,,13.7,8.37,,,9.95,38.39,,10.43,,,,22.29,,17.12,9.18,17.5,,,,,17.56,,11.03,,37.3,,,,,,74.9,,2.4,,6.92,,4.34,,5.43,,,,,,,18.52,6.5,7.15,,,14.06,,11.4,13.7,,,27.25,,,8.42,,18.0,7.14,26.5,,,,14.45,,,,,14.9,,,6.4,11.83,12.33,,3.5,17.63,11.78,8.79,8.87,,9.05,11.94,11.75,,,12.41,7.63,,,,,,,,,10.37,,,14.2,,15.83,6.19,4.92,,,,,,8.39,,,11.17,,,,15.58,,24.1,6.2,9.9,9.45,12.15,10.26,,,21.2,,,7.47,14.9,13.96,16.22,,15.4,,24.8,,,20.29,30.75,,,,,,10.92,,8.95,,6.75,,,33.55,9.34,6.92,,11.01,,,,,,,,4.73,,15.01,9.21,,,,,,,,,10.32,,26.0,7.88,27.74,8.56,,5.53,,,12.84,,8.77,,12.67,,,,,11.86,6.51,,,,,,5.57,7.31,26.1,14.58,,7.43,,8.93,15.7,,27.7,14.2,,15.29,12.7,6.01,9.78,,,6.17,,3.32,8.79,8.04,14.05,,,10.38,5.57,13.15,10.35,,7.38,4.26,,,16.4,4.78,7.74,,10.15,,,,,4.88,5.49,,7.54,,,,,7.89,,19.58,4.86,,,4.91,,,,,,,8.69,,8.06,,,,6.11,,,15.15,,,5.51,,18.47,,,5.59,,,,,4.08,,,7.15,,,,,,,12.61,,5.14,7.88,12.95,,,7.64,,12.55,10.08,,12.15,,17.2,,10.43,,,,,,19.64,,13.3,,12.78,,,,,,,,,,29.17,,21.9,20.49,12.21,,,,32.64,,,,,,,,7.9,,,6.09,,,,,6.48,,27.3,,6.94,5.72,19.52,,2.8,,,,,5.37,,,3.21,9.58,,,,,7.23,18.84,,,7.8,4.26,12.8,8.88,,,,,,,,,14.01,,,,,10.7,,,,,,,,,3.24,,11.18,,,,15.0,,26.12,9.98,,20.15,,7.95,7.96,6.39,,,,,8.26,14.21,6.75,25.14,,,,,,,,,,,9.96,8.62,,,6.76,,,23.71,,6.05,,7.52,13.23,,37.37,,,,,,7.5,,,,15.34,,,,,,11.29,,5.29,,,,8.72,,5.94,6.92,10.27,,,,,5.7,4.64,,,4.0,,,,,,5.08,,,,,6.23,,,,4.98,,,,,,,,,,,2.63,,,8.42,,,,,,6.24,4.18,,,,,,,,,3.61,,,,,,,8.24,,,,4.28,,5.94,5.17,,,4.87,,12.64,,7.65,7.38,,,6.36,6.66,7.17,7.93,4.42,,,,,5.83,12.45,3.37,2.18,,,,,,5.84,,,12.69,,2.33,15.66,,,,6.19,,,6.42,4.88,,,,9.84,,,,4.78,,,,,,,7.98,,11.19,,,,,7.76,,7.71,,,,17.69,2.53,3.72,30.22,3.51,8.85,,,2.74,4.33,,,,,,5.39,,,,12.68,,,,10.55,11.4,,,,,32.04,6.85,,2.26,,3.86,6.9,,,6.8,,6.81,,,7.77,8.34,4.19,8.43,12.46,,,3.85,6.15,,4.35,,17.49,,4.13,,,,6.66,,4.42,,19.77,4.8,,7.83,,,,10.61,3.98,4.15,,,,4.13,7.27,,5.34,,,5.28,,14.25,,,,,,,4.87,,,4.5,5.33,22.23,,6.46,6.39,,,,,,9.91,,3.64,8.28,,,8.75,6.86,9.92,,3.19,6.55,6.76,,,,,8.22,,,3.04,,,,,,6.84,4.95,,9.35,18.8,,,9.92,,4.76,2.35,,,4.3,5.1,3.05,,8.18,,,,10.03,,24.5,,3.38,,7.84,,,10.4,,4.21,5.44,,,,,,3.14,,,,5.35,,4.22,8.03,,,,14.78,,,13.9,6.15,5.17,7.81,8.75,,,5.05,15.5,,4.52,,,,2.5,,,,5.03,,,6.9,,,3.31,7.79,,3.42,9.06,,10.0,4.25,11.06,4.36,,,11.31,,10.68,,,7.33,,4.14,9.46,5.35,2.93,,,2.8,2.8,,,5.85,8.38,,,1.87,,14.04,11.9,6.0,,3.5,4.99,3.4,6.22,,,6.03,,,,,,,5.88,,,,,19.33,,6.9,,,,,,,,,,,,,,,8.36
2013-06-24,10.13,,,,,,8.88,,,15.86,11.3,12.0,,,,20.0,,12.66,7.6,,,9.78,34.65,,10.93,,,,22.65,,16.48,9.4,16.12,,,,,15.82,,10.3,,33.88,,,,,,78.71,,2.38,,6.3,,4.01,,4.9,,,,,,,18.05,5.95,6.7,,,14.1,,10.71,12.51,,,26.0,,,8.45,,17.0,6.67,25.2,,,,13.62,,,,,,,,6.0,11.03,11.6,,3.29,16.29,11.11,7.92,8.16,,8.52,12.26,11.13,,,11.8,7.42,,,,,,,,,9.86,,,13.74,,14.58,5.77,4.45,,,,,,7.91,,,10.05,,,,14.97,,21.8,5.59,9.53,10.07,12.0,9.23,,,19.8,,,7.23,14.29,13.31,15.53,,14.12,,23.91,,,18.28,28.2,,,,,,10.29,,8.69,,,,,32.0,8.93,6.48,,10.5,,,,,,,,4.35,,14.2,8.5,,,,,,,,,9.52,,23.4,7.6,27.0,8.11,,4.98,,,12.08,,8.04,,12.61,,,,,10.72,6.03,,,,,,5.33,6.88,24.69,13.7,,6.93,,8.17,14.3,,25.65,12.78,,15.83,12.05,5.75,9.25,,,5.77,,3.1,8.15,7.43,12.72,,,9.81,5.23,12.18,9.32,,6.75,4.19,,,15.7,4.54,7.41,,9.42,,,,,4.39,5.24,,6.88,,,,,7.15,,18.4,4.75,,,4.58,,,,,,,8.1,,7.3,,,,5.62,,,13.98,,,5.15,,18.0,,,5.12,,,,,4.18,,,6.8,,,,,,,12.15,,4.71,7.28,12.26,,,7.23,,11.48,9.15,,11.5,,17.35,,10.19,,,,,,18.99,,13.05,,12.04,,,,,,,,,,27.81,,21.35,19.8,11.0,,,,31.05,,,,,,,,7.11,,,5.8,,,,,5.95,,25.71,,6.52,5.17,18.3,,2.59,,,,,5.27,,,3.01,8.88,,,,,6.56,17.4,,,7.53,4.01,11.95,9.77,,,,,,,,,13.5,,,,,10.43,,,,,,,,,3.08,,10.99,,,,14.18,,25.15,9.07,,18.65,,7.36,7.66,5.9,,,,,7.76,13.67,6.38,23.63,,,,,,,,,,,9.46,7.99,,,6.35,,,23.04,,5.57,,7.09,12.54,,35.69,,,,,,7.03,,,,14.35,,,,,,10.74,,4.85,,,,8.13,,5.76,6.33,9.25,,,,,5.26,4.28,,,3.67,,,,,,4.78,,,,,6.0,,,,4.61,,,,,,,,,,,2.4,,,7.82,,,,,,5.89,3.96,,,,,,,,,3.38,,,,,,,7.55,,,,4.01,,5.35,4.85,,,4.51,,13.19,,6.96,6.93,,,5.73,6.05,6.66,7.46,4.07,,,,,5.31,12.38,3.17,2.03,,,,,,5.35,,,12.15,,2.21,14.68,,,,5.9,,,6.08,4.49,,,,9.01,,,,4.37,,,,,,,7.7,,10.07,,,,,6.98,,6.96,,,,16.66,2.4,3.53,29.38,3.5,8.0,,,2.52,4.02,,,,,,5.12,,,,12.16,,,,10.04,10.41,,,,,28.84,6.5,,2.12,,3.59,6.55,,,6.35,,6.55,,,7.15,7.75,3.87,8.22,12.16,,,3.62,5.54,,3.98,,15.74,,3.72,,,,6.19,,3.98,,18.78,4.32,,7.09,,,,9.55,3.75,3.74,,,,3.96,7.16,,5.19,,,4.79,,13.63,,,,,,,4.57,,,4.18,4.82,20.64,,6.0,5.95,,,,,,9.43,,3.41,7.45,,,7.98,6.19,8.97,,3.03,6.12,6.08,,,,,8.13,,,2.86,,,,,,6.51,4.53,,8.52,18.5,,,8.93,,4.28,2.21,,,4.14,4.72,2.87,,7.58,,,,9.53,,22.05,,3.16,,7.07,,,9.37,,4.11,4.9,,,,,,3.08,,,,5.23,,3.82,7.39,,,,14.04,,,13.15,5.65,4.71,7.18,8.04,,,4.55,13.95,,4.43,,,,2.38,,,,4.57,,,6.42,,,3.1,7.49,,3.12,8.58,,9.0,3.99,10.08,3.94,,,10.8,,10.23,,,7.0,,3.95,8.79,5.2,2.74,,,2.62,2.53,,,5.41,7.54,,,1.77,,13.34,10.71,5.52,,3.33,4.74,3.07,5.74,,,5.44,,,,,,,5.7,,,,,17.5,,6.65,,,,,,,,,,,,,,,7.8
2013-06-25,10.25,,,,,,8.88,,,15.85,11.62,12.7,,,,19.81,,7.67,7.37,,,10.18,35.87,,12.02,,,,23.11,,16.78,9.22,16.06,,,,,17.4,,10.52,,35.35,,,,,,83.96,,2.31,,6.09,,3.96,,4.84,,,,,,,17.82,5.7,6.64,,,13.92,,10.58,12.59,,,25.72,,,8.18,,18.05,6.51,25.2,,,,13.5,,,,,,,,5.87,11.33,11.48,,3.22,16.61,11.06,7.74,8.13,,8.63,11.72,10.81,,,11.8,7.37,,,,,,,,,9.7,,,13.74,,15.26,5.82,4.42,,,,,,7.85,,,9.83,,,,14.25,,22.55,5.57,9.29,9.7,12.65,9.0,,,19.4,,,7.06,14.13,13.68,15.36,,13.8,,24.63,,,17.5,27.85,,,,,,10.04,,8.92,,,,,15.3,9.03,6.5,,10.4,,,,,,,,4.39,,14.19,8.48,,,,,,,,,9.41,,24.75,7.48,27.8,7.98,,5.08,,,11.68,,8.08,,13.87,,,,,10.83,6.07,,,,,,5.21,6.81,26.05,13.9,,6.9,20.26,8.24,14.52,,24.91,12.97,,16.45,12.55,5.89,9.22,,,5.71,,3.06,8.0,7.23,12.41,,,9.67,5.18,12.24,9.19,,6.74,4.1,,,15.53,4.31,7.83,,8.93,,,,,4.51,5.17,,6.58,,,,,7.2,,17.73,4.84,,,4.47,,,,,,,7.91,,7.42,,,,5.53,,,14.65,,,5.16,,17.86,,,5.08,,,,,4.47,,,6.75,,,,,,,11.73,,4.65,7.09,11.3,,,7.85,,11.24,9.1,,11.55,,16.4,,10.69,,,,,,18.51,,12.97,,13.24,,,,,,,,,,29.9,,20.59,16.8,11.14,,,,31.38,,,,,,,,7.24,,,5.81,,,,,5.95,,26.23,,6.4,5.01,18.51,,2.48,,,,,5.8,,,3.04,8.95,,,,,6.32,16.81,,,7.3,3.98,12.1,10.2,,,,,,,,,14.4,,,,,10.06,,,,,,,,,3.01,,11.2,,,,15.04,,24.3,9.14,,18.46,,7.38,7.67,5.82,,,,,7.89,13.39,6.4,24.27,,,,,,,,,,,9.22,7.89,,,6.47,,,22.81,,5.66,,,13.15,,35.03,,,,,,7.03,,,,14.58,,,,,,11.1,,4.92,,,,7.95,,5.55,6.3,9.38,,,,,5.17,4.15,,,3.7,,,,,,4.64,,,,,5.72,,,,4.47,,,,,,,,,,,2.32,,,7.95,,,,,,6.0,3.97,,,,,,,,,3.32,,,,,,,7.3,,,,3.96,,5.08,4.75,,,4.56,,13.35,,6.68,6.78,,,5.65,5.98,6.62,7.48,4.03,,,,,5.09,12.38,3.1,2.0,,,,,,5.25,,,11.44,,2.1,14.99,,,,5.7,,,6.12,4.47,,,,8.8,,,,4.39,,,,,,,7.68,,9.33,,,,,7.02,,6.88,,,,16.09,2.32,3.36,28.11,3.47,7.85,,,2.42,3.83,,,,,,4.87,,2.91,,12.44,,,,9.62,10.17,,,,,27.63,6.74,,2.14,,3.49,6.24,,,6.27,,6.58,,,7.33,7.65,3.83,8.25,12.97,10.37,,3.56,5.16,,3.88,,15.07,,3.48,,,,6.41,,3.92,,17.96,4.13,,7.16,,,,9.18,3.69,3.63,,,,3.95,7.14,,4.94,,,4.57,,12.82,,,,,,,4.47,,,4.0,4.74,19.86,,5.9,5.95,,,,,,9.18,,3.44,8.2,,,8.02,6.15,8.63,,2.9,5.97,5.96,,,,,8.01,,,2.76,,,,,,6.33,4.79,,8.22,18.86,,,8.88,,4.17,2.2,,,4.05,4.6,2.82,,7.8,,,,9.05,,21.72,,3.1,,7.14,,,8.82,,4.12,4.69,,,,,,3.16,,,,5.11,,3.75,7.08,,,,13.34,,,13.24,6.22,4.68,7.45,7.78,,,4.4,13.99,,4.39,,,,2.26,,,,4.55,,,6.28,,,3.13,7.44,,3.15,8.38,,8.7,3.99,10.08,3.84,,,11.56,,10.15,,,6.8,,3.9,8.61,5.0,2.67,,,2.53,2.44,,,5.39,7.2,,,1.74,,12.67,10.36,5.43,,3.19,4.5,3.0,5.6,,,5.26,,,,,,,5.64,,,,,16.81,,6.7,,,,,,,,,,,,,,,7.87
2013-06-26,10.45,,,,,,9.12,,,16.7,12.28,13.4,,,,21.79,,7.9,7.65,,,10.79,38.3,,12.91,,,,25.42,,17.82,9.88,16.69,,,,,18.88,,11.13,,38.61,,,,,,88.58,,2.25,,6.08,,3.93,,4.97,,,,,,,18.91,5.86,6.66,,,14.54,,7.08,12.89,,,26.45,,,8.35,,18.39,6.64,27.59,,,,13.55,,,,,,,,5.94,11.72,12.22,,3.26,17.04,11.15,8.18,8.3,,8.77,12.89,10.81,,,11.97,7.58,,,,,,,,,9.8,,,14.06,,16.21,5.95,4.58,,,,,,7.94,,,9.89,,,,14.64,,23.57,5.7,9.42,9.94,12.93,9.2,,,20.56,,,7.05,14.42,14.72,15.49,,14.35,,25.86,,,18.09,29.16,,,,,,10.07,,9.3,,,,,16.15,9.93,6.78,,10.6,,,,,,,,4.46,,15.61,8.7,,,,,,,,,9.65,,27.23,7.76,30.58,8.15,,5.16,,,11.93,,8.26,,14.32,,,,,11.16,6.2,,,,,,5.55,6.93,28.57,15.0,,7.03,21.2,8.47,15.15,,25.7,13.4,,17.34,13.18,6.25,9.5,,,5.8,,3.05,8.0,7.16,12.72,,,9.58,5.3,12.34,9.96,,6.78,4.1,,,16.49,4.09,7.72,,9.13,,,,,4.48,5.32,,6.65,,,,,7.33,,18.79,4.71,,,4.73,,,,,,,8.01,,7.6,,,,5.72,,,14.88,,,5.23,,19.25,,,5.21,,,,,4.56,,,7.15,,,,,,,12.04,,4.73,7.1,11.61,,,7.93,,11.34,9.58,,11.54,,16.74,,10.91,,,,,,20.25,,12.71,,13.55,,,,,,,,,,32.49,,22.65,18.48,11.61,,,,34.37,,,,,,,,7.31,,,6.2,,,,,5.97,,27.57,,6.42,5.04,20.23,,2.51,,,,,5.9,,,3.07,8.97,,,,,6.36,17.28,,,7.36,3.99,12.48,10.69,,,,,,,,,15.83,,,,,10.04,,,,,,,,,3.0,,11.3,,,,15.41,,24.94,9.3,,19.01,,7.42,7.87,5.9,,,,,8.25,14.05,6.49,24.96,,,,,,,,,,,9.37,8.17,,,6.64,,,24.3,,5.74,,,13.59,9.8,36.68,,,,,,7.24,,,,15.55,,,,,,11.47,,4.87,,,,7.92,,5.52,6.4,9.21,,,,,5.22,4.21,,,3.7,,,,,,4.64,,,,,5.73,,,,4.41,,,,,,,,,,,2.36,,,8.17,,,,,,6.1,3.95,,,,,,,,,3.37,,,,,,,7.24,,,,4.16,,5.05,4.79,,,4.57,,13.94,,6.8,6.96,,,5.72,6.04,6.82,7.35,4.08,,,,,5.0,12.74,3.03,2.0,,,,,,5.2,,,11.97,,2.16,15.42,,,,5.64,,,6.23,4.5,,,,8.87,,,,4.43,,,,,,,7.99,,9.59,,,,,7.01,,6.9,,,,16.47,2.38,3.35,28.04,3.51,7.94,,,2.39,3.87,,,,,,4.93,,2.93,,12.47,,,,9.87,10.05,,,,,28.28,6.69,,2.13,,3.45,6.31,,,6.37,,6.83,,,7.25,7.77,3.87,8.26,12.6,9.9,,3.54,5.24,,3.93,,15.06,,3.37,,,,6.44,,3.91,,18.23,4.31,,7.33,,,,9.33,3.65,3.7,,,,3.9,7.25,,5.03,,,4.63,,13.05,,,,,,,4.39,,,4.03,4.98,20.61,,5.96,6.0,,,,,,9.16,,3.35,8.7,,,8.24,6.22,8.52,,2.97,6.04,6.0,,,,,8.24,,,2.77,,,,,,6.4,4.72,,8.25,18.77,,,8.98,,4.41,2.2,,,4.45,4.64,2.8,,8.16,,,,9.03,,22.26,,3.13,,7.22,,,9.03,,4.12,4.77,,,,,,3.19,,,,5.19,,3.75,7.25,,,,13.88,,,13.67,6.48,4.74,7.46,8.56,,,4.31,14.84,,4.4,,,,2.3,,,,4.57,,,6.54,,,3.16,7.6,,3.12,8.7,,8.63,4.02,10.32,3.77,,,11.93,,10.48,,,6.81,,3.92,8.54,5.02,2.78,,,2.54,2.36,,,5.55,7.24,,,1.73,,12.96,10.82,5.97,,3.3,4.73,3.01,5.71,,,5.25,,,,,,,5.9,,,,,16.69,,6.6,,,,,,,,,,,,,,,8.17
2013-06-27,10.05,,,,,,10.03,,,17.66,13.0,13.01,,,,22.9,,7.6,7.32,,,,35.86,,13.84,,,,25.37,,17.38,10.15,16.52,,,,,18.35,,10.8,,37.99,,,,,,83.22,,2.22,,5.8,,3.93,,4.83,,,,,,,18.3,5.55,6.49,,,13.09,,6.67,12.74,,,26.3,,,8.09,,17.61,6.58,26.9,,,,12.85,,,,,15.61,,,6.15,11.38,11.91,,3.21,16.81,11.3,8.36,8.13,,8.65,13.17,10.87,,,11.84,7.1,,,,,,,,,9.89,,,13.95,,15.88,5.88,4.39,,,,,,7.76,,,9.9,,,,14.33,,23.1,5.51,9.22,9.69,12.71,8.93,,,20.9,,,7.15,14.05,14.04,14.66,,14.35,,25.28,,,17.54,29.6,,,9.12,,,10.01,,8.59,,7.02,,,15.9,9.98,6.61,,10.35,,,,,,,,4.29,,16.7,8.65,,,,,,,,,9.21,,26.5,7.45,30.0,7.9,,4.83,,,11.6,,8.03,,13.74,,,,,10.91,6.01,,,,,,5.23,6.6,28.0,15.12,,6.94,21.2,8.2,15.29,,26.0,12.9,,17.35,12.15,6.19,9.55,,,5.63,,2.95,7.95,7.09,12.18,,,9.5,5.14,11.86,9.65,,6.9,4.02,,,7.38,3.89,7.6,,8.22,,,,,4.23,5.32,,6.47,,,,,7.07,,18.02,4.57,,,4.77,,,,,,,7.72,,7.45,,,,5.47,,,13.39,,,5.05,,18.9,,,5.01,,,,,4.42,,,7.0,,,,,,,11.77,,4.65,6.7,11.28,,,8.02,,11.15,9.31,,11.44,,16.33,,10.08,,,,,,19.4,,12.55,,13.42,,,,,,,,,,31.77,,22.9,19.14,11.41,,,,32.6,,,,,,,,7.02,,,6.16,,,,,5.69,,27.59,,6.42,4.99,20.08,,2.57,,,,,5.86,,,2.98,8.72,,,,,6.2,16.8,,,7.1,3.9,11.95,10.16,,,,,,,,,,,,,,9.87,,,,,,,,,2.85,,11.18,,,,14.65,,23.68,9.0,,18.69,,7.19,7.6,5.65,,,,,7.96,13.25,6.32,24.23,,,,,,,,,,,9.06,7.78,,,6.31,,,21.87,,5.52,,,13.26,9.71,37.29,,,,,,7.24,,,,16.03,,,,,,10.95,,4.8,,,,8.02,,5.36,6.25,9.02,,,,,5.11,4.14,,,3.56,,,,,,4.58,,,,,5.4,,,,4.31,,,,,,,,,,,2.6,,,7.95,,,,,,5.98,3.89,,,,,,,,,3.3,,,,,,,7.17,,,,4.18,,5.06,4.69,,,4.5,,13.4,,6.57,6.65,,,5.6,6.12,6.85,7.22,4.0,,,,,4.93,12.54,3.11,2.01,,,,,,5.08,,,10.92,,2.05,14.92,,,,5.49,,,5.94,4.45,,,,8.6,,,,4.33,,,,,,,7.71,,9.26,,,,,6.94,,6.8,,,,16.14,2.31,3.21,26.2,3.5,7.96,,,2.35,3.72,,,,,,4.68,,2.85,,13.69,,,,9.38,9.76,,,,,26.68,6.81,,2.11,,3.35,6.38,,,6.15,,6.81,,,7.01,7.51,3.74,8.42,12.05,10.16,,3.53,5.46,,3.81,,13.99,,3.18,,,,6.29,,3.83,,17.32,4.09,,7.24,,,,9.1,3.62,3.43,,,,3.9,7.17,,4.76,,,4.5,,12.9,,,,,,,4.26,,,3.92,4.74,21.16,,5.85,5.88,,,,,,9.03,,3.29,8.65,,,8.18,6.13,8.86,,2.87,6.03,5.74,,,,,8.24,,,2.75,,,,,,6.69,4.5,,8.02,17.38,,,8.7,,4.52,2.18,,,4.29,4.53,2.77,,8.14,,,,9.06,,22.73,,3.23,,7.19,,,8.86,,4.13,4.7,,,,,,3.08,,,,5.01,,3.65,7.02,,,,13.31,,,12.85,6.4,4.63,7.09,8.72,,,4.29,14.17,,4.39,,,,2.2,,,,4.45,,,6.64,,,3.07,7.66,,3.09,8.38,,8.16,3.93,10.15,3.66,,,11.56,,10.3,,,6.77,,3.79,8.5,4.88,2.78,,,2.48,2.37,,,5.57,7.04,,,1.73,,12.32,11.02,6.19,,3.21,4.68,2.94,5.58,,,5.0,,,,,,,5.84,,,,,16.7,,6.3,,,,,,,,,,,,,,,8.3
2013-06-28,9.91,,,,,,9.56,,,16.94,12.56,12.55,,,,21.42,,7.43,7.19,,,,35.71,,12.9,,,,25.58,,16.85,9.8,16.5,,,,,17.7,,10.58,,38.77,,,,,,79.23,,2.24,,5.85,,3.94,,4.83,,,,,,,17.8,5.51,6.52,,,12.9,,6.42,12.59,,,25.57,,,7.97,,17.55,6.62,27.98,,,,12.56,,,,,15.79,,,6.39,12.02,12.12,,3.31,16.62,11.37,8.89,8.17,,8.77,12.5,11.01,,,11.71,6.91,,,,,,,,,10.19,,,13.96,,16.28,6.47,4.39,,,,,,7.74,,,9.75,,,,14.38,,21.17,5.4,9.24,9.55,12.75,8.95,,,20.7,,,7.63,14.05,13.81,14.69,,15.07,,23.95,,,17.47,28.2,7.52,,8.65,,,9.81,,7.83,,6.32,,,16.98,9.85,6.85,,10.64,,,,,,,,4.2,,15.98,8.5,,,,,,,,,9.15,,25.95,7.23,30.88,7.89,,4.78,,,11.61,,8.1,,13.68,,,,,10.83,5.96,,,,,,5.08,6.62,26.99,14.83,,6.86,20.79,8.2,15.15,,25.29,12.6,,16.8,11.64,6.19,9.3,,,5.59,,2.96,8.01,7.13,12.29,,,9.68,5.07,11.83,9.3,,6.87,4.05,,,7.07,3.78,7.55,,7.93,,,,,4.15,5.52,,6.42,,,,,7.05,,18.44,4.56,,,4.58,,,,,,,7.75,,7.41,,,,5.6,,,13.8,,,5.02,,19.15,,,4.99,,,,,4.51,,,6.69,,,,,,,11.45,,4.91,6.7,11.38,,,8.02,,10.9,9.2,,11.9,,16.06,,9.68,,,,,,19.05,,12.14,,14.58,,,,,,,,,,32.98,,21.92,18.05,11.12,,,,31.94,,,,,,,,6.96,,,6.09,,,,,5.57,,27.14,,6.31,5.3,19.8,,2.52,,,,,5.6,,,2.95,8.4,,,,,6.16,16.7,,,7.0,3.88,11.72,9.8,,,,,,,,,,,,,,9.98,,,,,,,,,2.74,,11.26,,,,14.37,,22.97,8.94,,19.18,,7.16,8.17,5.72,,,,,7.78,13.24,6.33,23.5,,,,,,,,,,,9.01,7.78,,,6.22,,,21.09,,5.37,,,12.2,9.54,37.29,,,,,,7.14,,,,15.4,,,,,,10.59,,4.93,,,,8.37,,5.51,6.23,9.38,,,,,5.13,4.18,,,3.57,,,,,,4.53,,,,,5.33,,,,4.39,,,,,,,,,,,2.69,,,7.94,,,,,,5.91,3.76,,,,,,,,,3.34,,,,,,,6.98,,,,4.27,,5.24,4.69,,,4.48,,13.09,,6.8,6.7,,,5.69,6.08,7.06,7.25,3.98,,,,,4.98,11.69,3.07,2.01,,,,,,5.23,,,10.56,,1.98,14.64,,,,5.58,,,5.8,4.4,,,,8.71,,,,4.31,,,,,,,7.47,,9.08,,,,,6.81,6.16,6.79,,,,16.39,2.25,3.21,26.6,3.51,8.02,,,2.39,3.65,,,,,,4.89,,2.87,,14.29,,,,9.24,9.96,,,,,25.19,6.92,,2.13,,3.37,6.51,,,6.17,,6.66,,,7.22,7.48,3.74,8.56,12.03,9.84,,3.5,5.07,,3.8,,14.01,,3.11,,,,6.28,,3.94,,16.77,4.08,,7.3,,,,8.98,3.62,3.53,,,,3.92,7.14,,4.9,,,4.52,,12.91,,,,,,,4.24,,,3.95,4.85,20.27,,5.84,5.95,,,,,,9.04,,3.3,8.31,,,8.27,6.01,8.74,,2.81,6.29,5.85,,,,,8.31,,,2.82,,,,,,6.68,4.36,,8.1,15.64,,,8.72,,4.41,2.19,,,4.19,4.58,2.78,,8.22,,,,8.83,,24.28,,3.29,,7.14,,,8.94,,4.15,4.88,,,,,,3.02,,,,5.19,,3.6,7.01,,,,13.5,,,12.39,6.19,4.66,7.11,8.35,,,4.31,14.08,,4.37,,,,2.18,,,,4.49,,,7.01,,,3.05,7.63,,3.19,8.68,,8.79,3.93,10.13,3.71,,,11.35,,10.23,,,6.77,,3.71,8.47,4.86,2.85,,,2.48,2.35,,,5.97,7.13,,,1.78,,11.95,11.85,6.42,,3.21,4.75,2.94,5.6,,,5.01,,,,,,,5.82,,,,,16.94,,6.55,,,,,,,,,,,,,,,8.75
2013-07-01,10.2,,,,,,10.26,,,17.62,12.99,12.9,,,,22.31,,7.67,7.39,,,,37.31,,13.42,,,,26.66,,17.58,10.57,16.5,,,,,19.47,,11.2,,40.43,,,,,,81.8,,2.23,,5.89,,3.93,,4.99,,,,,,,18.22,5.67,6.59,,,13.24,,6.57,12.91,,,25.19,,,8.08,,17.84,6.7,29.49,,,,12.9,,,,,15.81,,,6.38,12.27,12.47,,3.32,16.94,11.23,9.06,8.33,,8.86,13.4,11.08,,,11.86,6.99,,,,,,,,,10.11,,,14.06,,17.37,6.77,4.53,,,,,,7.82,,,9.84,,,,14.53,,22.42,5.46,9.45,9.7,13.24,9.13,,,21.73,,,7.37,14.17,14.43,15.0,,15.32,,24.46,,,17.8,30.1,7.65,,8.86,,,9.78,,8.14,,6.42,,,17.14,10.55,7.12,,10.76,,,,,,,,4.37,,16.22,8.75,,,,,,,,,9.3,,27.35,7.49,33.47,8.47,,4.96,,,12.19,,8.25,,14.5,,,,,11.17,6.07,,,,,,5.16,6.78,28.35,14.84,,7.0,21.33,8.44,15.62,,26.5,13.28,,18.16,12.54,6.31,9.76,,,5.66,,3.04,8.21,7.13,12.64,,,9.7,5.16,12.64,9.6,,6.69,4.19,,,7.49,3.97,7.71,,8.23,,,,,4.38,5.7,,6.65,,,,,7.19,,19.25,4.6,,,4.54,,,,,,,7.85,,7.5,,,,5.71,,,14.1,,,5.14,,21.01,,,5.07,,,,,4.76,,9.6,6.71,,8.69,,,,,11.65,,4.92,7.2,11.63,,,8.08,,11.13,9.49,,12.04,,16.3,,10.03,,,,,,19.12,,12.52,,14.99,,,,,,,,,45.38,36.28,,23.23,18.8,11.56,,,,20.02,,,,,,,,7.05,,,6.08,,,,,5.93,,27.88,,6.39,5.3,20.4,,2.54,,,,,5.85,,,3.04,8.58,,,,,6.26,17.19,,,7.33,3.94,11.65,10.34,,,,,,,,,,,,,,10.17,,,,,,,,,2.77,,11.32,,,,14.88,,23.34,9.19,,19.58,,7.32,8.6,5.76,,,,,7.89,14.07,6.47,14.84,,,,,,,,,,,9.23,8.02,,,6.26,,,22.92,,5.56,,,12.42,9.74,38.34,,,,,,7.35,,,,16.34,,,,,,11.65,,4.95,,,,8.36,,5.62,6.37,9.4,,,,,5.2,4.28,,,3.6,,,,,,4.55,,,,,5.54,,,,4.42,,,,,,,,,,,2.64,,,8.32,,,,,,6.0,3.8,,,,,,,,,3.38,,,,,,,7.13,,,,4.29,,5.19,4.74,,,4.57,,13.28,,6.89,6.79,,,5.77,6.29,7.35,7.25,4.01,,,,,5.07,11.67,3.17,2.02,,,,,,5.3,,,10.94,,2.08,15.39,,,,5.63,,,5.76,4.43,,,,8.71,,,,4.38,,,,,,,7.58,,9.71,,,,,6.9,6.22,6.93,,,,16.94,2.33,3.33,26.28,3.55,8.1,,,2.45,3.68,,,,,,4.85,,2.89,,14.83,,,,9.49,10.04,,,,,27.0,6.9,,2.13,,3.38,6.61,,,6.2,,6.63,,,7.33,7.6,3.82,8.6,12.15,9.96,,3.6,5.04,,4.03,,14.34,,3.16,,,,6.31,,3.88,,17.23,4.17,,7.3,,,,9.15,3.58,3.52,,,,3.96,7.59,,4.95,,,4.58,,12.85,,,,,,,4.25,,,3.99,4.86,20.74,,5.87,6.06,,,,,,9.01,,3.36,8.42,,,8.52,6.08,8.73,,2.83,6.28,5.86,,,,,8.19,,,2.82,,,,,,6.76,4.45,,8.2,14.63,,,8.9,,4.35,2.17,,,4.21,4.86,2.87,,8.38,,,,8.93,,24.48,,3.22,,7.22,4.0,,9.05,,4.09,4.78,,,,,,3.07,,,,5.15,,3.66,7.21,,,,13.72,,,12.8,6.34,4.72,7.2,8.51,,,4.34,14.71,,4.38,,,,2.24,,,,4.53,,,6.91,,,3.11,7.91,,3.18,8.8,,8.7,4.0,10.3,3.72,,,11.73,,10.71,,,7.38,,3.79,8.66,4.98,2.85,,,2.73,2.4,,,5.89,7.31,,,1.78,,12.31,11.91,6.85,,3.26,4.8,3.03,5.64,,,5.11,,,,,,,5.96,,,,,16.89,,6.58,,,,,,,,,,,,,,,8.76
2013-07-02,10.29,,,,,,10.09,,,18.1,13.61,13.41,,,,23.16,,7.9,7.74,,,,38.97,,14.2,,,,26.46,,19.34,10.59,17.69,,,,,19.85,,11.53,,40.4,,,,,,83.99,,2.22,,5.89,,3.95,,5.03,,,,,,,18.46,5.83,6.68,,,13.9,,6.68,13.57,,,26.25,,,8.22,,18.0,6.73,29.33,,,,12.94,,,,,16.45,,,6.42,12.28,12.52,,3.33,17.0,11.33,8.99,8.47,,9.31,13.28,11.49,,,12.08,7.23,,,,,,,,,10.12,,,15.47,,17.69,6.68,4.7,,,,,,7.93,,,10.02,17.94,,,14.81,,23.7,5.57,9.57,9.89,13.18,9.41,,,21.9,,,7.35,15.14,14.7,15.23,,15.72,,24.78,,,18.2,15.95,7.66,,9.18,,,10.07,,8.28,,6.69,,,17.45,10.47,7.22,,10.8,,,,,,,,4.4,,15.89,8.8,,,,,,,,,9.43,,29.03,7.78,34.19,9.01,,5.21,,,12.33,,8.41,,,,,,,11.3,6.15,,,,,,5.24,6.88,28.49,14.8,,7.1,21.68,8.61,15.85,,26.98,14.04,,18.23,12.75,6.33,9.95,,,5.76,,3.06,8.25,7.09,13.9,,,9.58,5.32,13.73,10.15,,6.98,4.32,,,7.74,4.04,7.78,,8.48,,,,,4.36,5.65,,6.72,,,,,7.29,,19.67,4.66,,,4.56,,,,,,,7.88,,7.67,,,,5.77,,,14.25,,,5.2,,21.15,,,5.16,,,,,5.03,,10.56,5.82,,8.86,,,,,11.84,,4.95,7.27,11.83,,,8.04,,11.35,9.84,38.02,12.03,,17.09,,10.33,,,,,,18.83,,12.65,,14.88,,,,,,,,,47.81,37.85,,23.26,18.99,12.15,,,,20.41,,,,,,,,7.13,,,6.03,,,,,6.02,,28.23,,6.48,5.29,21.06,,2.58,,,,,5.83,,,3.07,8.74,,,,,6.27,18.1,,,7.42,4.01,11.63,10.25,,,20.86,,,,,,,,,,,10.25,,,,,,,,,2.79,,11.86,,,,15.05,,23.65,9.48,,20.1,,7.47,8.61,5.89,,,,,8.11,14.88,6.6,15.44,,,,,,,,,,,9.55,8.27,,,6.43,,,23.65,,5.75,,,12.62,9.8,38.51,,,,,,7.81,,,,16.66,,,,,,11.99,,4.94,,,,8.43,,5.57,6.46,9.5,,,,,5.24,4.3,,,3.58,,,,,,4.62,,,,,5.66,,,,4.46,,,,,,,,,,,2.74,,,8.33,,,,,,5.92,3.75,,,,,,,,,3.36,,,,,,,7.2,,,,4.2,,5.15,4.7,,,4.63,,13.14,,7.09,6.82,,,5.72,6.72,7.64,7.26,4.02,,,,,5.07,11.57,3.15,2.02,,,,,,5.3,,,11.33,,2.1,15.64,,,,5.66,,,5.84,4.6,,,,8.66,,,,4.48,,,,,,,7.75,,9.81,,,,,7.02,6.31,7.08,,,,17.1,2.31,3.35,27.66,3.54,8.31,,,2.39,3.72,,,,,,4.9,,2.92,,14.44,,,,9.56,10.06,,,,,28.25,6.94,,2.12,,3.43,6.61,,,6.33,,6.64,,,7.55,7.74,3.83,8.64,12.27,10.04,,3.63,5.03,,4.09,,14.63,,3.16,,,,6.27,,3.89,,17.48,4.2,,7.39,,,,9.23,3.61,3.54,,,,4.11,7.8,,5.04,,,4.67,,13.2,,,,,,,4.27,,,4.15,5.05,22.44,,6.01,6.07,,,,,,8.97,,3.39,8.6,,,8.58,6.09,8.76,,2.86,6.27,5.83,,,,,8.03,,,2.8,,,,,,6.72,4.62,,8.2,15.57,,,9.11,,4.34,2.17,,,4.2,5.2,2.84,,8.51,,,,9.1,,24.02,,3.22,,7.43,3.9,,9.1,,4.15,4.76,,,,,,3.07,,,,5.06,,3.7,7.28,,,,14.03,,,13.34,6.37,4.73,7.31,8.55,,,4.32,15.32,,4.37,,,,2.27,,,,4.65,,,6.79,,,3.16,8.33,,3.17,8.79,,8.85,4.02,10.57,3.73,,,12.16,,10.75,,,7.44,,3.86,8.65,5.04,2.84,,,2.82,2.39,,,5.83,7.33,,,1.78,,12.65,11.96,6.88,,3.33,,3.04,5.76,,,5.21,,,,,,,6.19,,,,,16.92,,6.73,,,,,,,,,,,,,,,9.1
2013-07-03,10.23,,,,,,10.62,,,17.9,13.4,13.26,,,,24.12,,7.96,7.63,,,,40.0,,14.47,,,,26.44,,19.4,10.48,17.83,,,,,19.4,,11.35,,41.65,,,,,,83.6,,2.28,,5.94,,3.89,,4.95,,,,,,,18.9,5.82,6.76,,,13.93,,6.57,13.52,,,27.05,,,7.99,,17.82,6.65,29.57,,,,12.93,,,,,16.11,,,6.43,12.51,12.23,,3.29,16.4,10.93,9.37,8.68,,9.39,13.35,12.02,,,12.16,7.38,,,,,,,,,10.08,,,15.58,,17.5,7.0,4.63,,,,,,7.84,,,10.39,17.63,,,14.91,,23.7,5.68,9.58,9.76,12.89,9.29,,,21.82,,,7.07,15.23,14.24,14.9,,15.35,,24.62,,,17.89,16.37,7.89,,9.52,,,9.95,,8.41,,6.7,,,17.58,10.42,7.3,,10.61,,,,,,,,4.38,,16.72,8.74,,,,,,,,,9.23,,31.93,7.6,34.98,8.95,,5.17,,,12.48,,8.38,,,,,,,11.24,6.16,,,,,,5.14,6.93,28.76,14.18,,7.03,21.19,8.56,15.85,,27.18,13.8,,18.06,12.44,6.02,10.35,,,5.75,,3.01,8.16,7.08,14.57,,,9.4,5.25,13.53,10.23,,6.87,4.5,,,7.66,4.07,7.75,,8.88,,,,,4.26,5.56,,6.72,,,,,7.25,,20.29,4.63,,,4.47,,,,,,,7.71,,7.6,,,,5.66,,,14.5,,,5.35,,22.05,,,5.18,,,,,5.09,,11.62,6.4,,8.83,,,,,11.83,,4.97,7.2,11.8,,,8.21,,11.25,10.14,36.8,11.68,,17.29,,10.21,,,,,,19.2,,12.47,,14.97,,,,,,,,,48.08,41.64,,24.14,19.71,12.0,,,,20.67,,,,,,,,7.4,,,5.81,,,,,5.93,,28.52,,6.41,5.14,21.33,,2.65,,,,,6.0,,,3.03,8.51,,,,,6.18,18.16,,,7.44,3.97,11.55,9.85,,,22.95,,,,,,,,,,,10.2,,,,,,,,,2.93,,11.88,,,,14.9,,24.15,9.33,,19.95,,7.4,8.53,6.06,,,,,8.05,15.28,6.57,15.5,,,,,,,,,,,9.47,8.28,,,6.46,,,24.68,,5.65,,,12.46,9.73,38.88,,,,,,7.9,,,,17.64,,,,,,12.39,,4.85,,,,8.27,,5.53,6.37,9.29,,,,,5.2,4.3,,,3.48,,,,,,4.48,,,,,5.58,,,,4.52,,,,,,,,,,,2.71,,,8.2,,,,,,5.7,3.73,,,,,,,,,3.3,,,,,,,7.14,,,,4.1,,4.95,4.66,,,4.51,,13.99,,6.97,6.7,,,5.7,6.72,7.72,7.1,3.98,,,,,5.29,11.42,3.09,2.0,,,,,,5.2,,,11.04,,2.14,15.82,,,,5.52,,,6.13,4.58,,,,8.44,,,,4.43,,,,,,,7.73,,9.84,,,,,7.1,6.22,7.19,,,,16.75,2.26,3.34,27.66,3.49,8.6,,,2.31,3.76,,,5.59,,,4.91,,2.86,,14.34,,,,9.38,9.98,,,,,27.92,6.73,,2.09,,3.42,6.62,,,6.28,,6.63,,,7.47,7.73,3.77,8.55,12.67,9.72,,3.66,4.92,,4.02,,14.37,,3.09,,,,6.17,,3.99,,17.21,4.11,,7.43,,,,8.96,3.54,3.47,,,,4.0,7.68,,4.97,,,4.6,,13.15,,,,,,,4.25,,,4.09,5.05,24.54,,5.92,5.94,,,,,,8.87,,3.34,8.36,,,9.21,5.99,8.94,,2.88,6.28,5.71,,,,,7.74,,,2.74,,,,,,6.41,4.73,,8.07,15.11,,,9.01,,4.22,2.39,,,4.11,5.21,2.78,,8.36,,,,8.89,,23.0,,3.18,,7.52,3.72,,8.96,,4.1,4.58,,,,,,3.11,,,,4.87,,3.65,7.27,,,,13.98,,,13.52,6.12,4.59,7.16,8.2,,,4.23,15.32,,4.35,,,,2.22,,,,4.59,,,6.51,,,3.14,8.47,,3.11,8.6,,8.48,3.99,10.44,3.63,,,12.05,,11.11,,,7.3,,3.86,8.5,4.94,2.78,,,2.87,2.39,,,5.84,7.19,,,1.77,,12.39,11.7,6.83,,3.27,4.47,2.95,5.6,,,5.15,,,,,,,6.19,,,,,16.64,,6.58,,,,,,,,,,,,,,,9.24
2013-07-04,10.21,,,,,,10.48,,,18.47,13.3,13.34,,,,24.35,,7.81,7.62,,,11.87,38.71,,13.61,,,,26.81,,19.31,10.22,17.45,,,,,19.67,,11.41,44.2,40.36,,,,,,91.96,,2.29,,6.01,,3.92,,5.06,,,,,,,18.65,6.4,6.76,,,13.95,,6.76,13.38,,,26.57,,,8.15,,17.86,6.67,27.65,,,,13.15,,,,,16.08,,,6.24,12.36,12.59,,3.32,16.0,11.11,9.12,8.67,10.75,9.36,12.88,,,,12.29,7.19,,,,,,,,,10.24,,7.77,15.9,,16.94,6.88,4.7,,,,,,7.92,,,10.27,16.97,,,14.92,,23.01,5.68,9.88,9.92,13.29,9.38,,,21.35,,,7.09,15.5,13.9,15.13,,15.38,,24.39,,,18.66,17.68,7.91,,9.34,,,10.08,,8.15,,6.5,,,19.2,10.18,7.06,,10.32,,,,,,,,4.42,,15.98,8.8,,,,,,,,,9.42,,31.58,7.56,34.64,8.8,,5.22,,,12.33,,8.39,,,,,,,11.19,6.15,,,,,,5.17,7.06,27.5,13.9,,7.09,20.93,8.7,15.77,,26.99,13.47,,17.4,12.34,5.9,10.24,,,5.72,,3.1,8.4,7.03,14.39,,,9.6,5.53,13.58,10.06,,7.05,4.53,,,7.77,3.87,7.83,,9.42,,,,,4.32,5.61,,7.07,,,,,7.35,,19.66,4.65,,,4.54,,,,,,,7.88,,7.93,,,,5.73,,,14.48,,,5.48,,20.4,,,5.17,,,,,4.95,,11.67,7.04,,9.05,,,,,12.29,,4.97,7.29,11.7,,,8.26,,11.37,9.99,36.42,12.0,,16.92,,10.42,,,,,,19.17,,13.47,,15.15,,,,,,,,,49.41,41.17,,23.59,20.08,7.79,,,,20.88,,,,,,,,7.66,,,5.84,,,,,6.52,,27.97,,6.48,5.18,20.94,,2.62,,,,,5.82,,,3.1,8.44,,,,,6.41,18.2,,,7.59,4.02,11.7,10.14,,,23.03,,,,,,,,,,,10.44,,,,,,,,,2.89,,12.08,,,,14.92,,24.03,9.67,,20.42,,7.58,8.38,6.22,,,,,8.1,15.2,6.65,15.33,,,,,,,,,,,9.52,8.32,,,6.51,,14.8,23.51,,5.63,,,12.45,9.7,39.25,,,,,,7.86,,,,16.97,,,,,12.33,12.18,,4.87,,,,8.46,,5.5,6.91,9.51,,,,,5.3,4.29,,,3.54,,,,,,4.54,,,,,5.6,,,,4.51,,,,,,4.26,,,,,2.64,,,8.34,,,,,,5.56,3.86,,,,,,,,,3.32,,,,,,,7.27,,,,4.11,,5.02,4.65,,,4.59,,13.8,,7.01,6.91,,,5.71,6.61,7.44,7.21,4.03,,,,,5.27,11.89,3.14,2.02,,,,,,5.26,,,11.18,,2.14,15.59,,,,5.6,,,6.5,4.57,,,,8.66,,,,4.47,,,,,,,7.99,,10.57,,,,,7.06,6.26,7.19,,,,17.14,2.29,3.36,28.02,3.49,8.71,,,2.36,3.81,,,5.65,,,4.92,,2.87,,15.01,,,,9.47,10.62,,,,,28.82,6.9,,2.1,,3.51,6.6,,,6.32,,6.9,,,7.61,7.97,3.79,8.58,12.8,9.81,,3.7,4.94,,4.0,,14.91,,3.13,,,,6.2,,4.02,,17.3,4.11,,7.48,,,,9.47,3.53,3.51,,,,4.1,7.67,,4.95,,,4.91,,13.11,,,,,,,4.31,,,4.09,5.28,24.37,,5.97,5.92,,,,,,8.93,,3.35,8.35,,,9.24,6.23,8.97,,2.96,6.46,5.96,,,,,7.77,,,2.78,,,,,,6.31,4.91,,8.68,14.56,,,9.08,,4.32,2.43,,,4.2,5.09,2.82,,8.19,,,,9.06,,24.2,,3.22,,7.72,3.73,,9.12,,4.12,4.72,,,,,,3.16,,,,4.88,,3.66,7.22,,,,14.6,,,13.38,6.07,4.65,7.21,8.45,,,4.28,15.43,,4.36,,,,2.22,,,,4.62,,,6.81,,,3.15,9.16,,3.15,8.72,,8.09,4.04,10.41,3.71,,,12.42,,11.07,,,7.34,,3.9,8.71,4.99,2.81,,,2.81,2.42,,,5.82,7.27,,,1.77,,12.44,12.43,7.04,,3.36,4.08,2.97,5.7,,,5.2,,,,,,,6.23,,,,,18.09,,6.64,,,,,,,,,,,,,,,8.93
2013-07-05,10.0,,,,,,10.21,,,17.85,13.3,12.66,,,,23.3,,7.59,7.57,,,11.42,37.01,,13.5,,,,24.89,,18.19,10.19,16.88,,,,,18.18,,10.9,43.13,38.7,,,,,,88.0,,2.28,,6.18,,3.94,,5.03,,,,,,,18.84,7.04,6.69,,,14.09,,6.63,13.3,,,26.47,,,7.99,,17.72,6.64,26.94,,,,12.81,,,,,15.52,,,6.13,12.14,12.38,,3.37,15.83,11.07,8.85,8.64,11.83,9.1,13.26,,,,12.15,6.89,,,,,,,,,10.08,,7.84,15.73,,16.51,6.64,5.17,,,,,,7.88,,,10.51,16.37,,,15.16,,21.88,5.58,9.85,9.8,12.85,9.19,,,20.45,,,7.11,15.15,13.61,15.15,,15.6,,23.53,,,18.66,16.82,7.79,,9.05,,,10.06,,8.1,,6.2,,,19.12,10.21,6.8,,10.19,,,,,,,,4.37,,14.98,8.73,,,,,,,,,9.21,,29.0,7.42,33.75,8.63,,5.08,,,12.12,,8.57,,,,,,,10.9,6.1,,,,,,5.15,7.11,26.9,14.03,,7.07,20.02,8.56,15.3,,26.93,12.89,,16.77,12.0,5.89,10.17,,,6.19,,3.11,8.33,7.16,14.78,,,9.68,5.43,13.19,9.81,,7.04,4.48,,,7.5,3.91,7.7,,9.16,,,,,4.34,5.61,,7.16,,,,,7.29,,18.99,4.66,,,4.54,,,,,,,7.93,,8.06,,,,6.3,,,14.3,,,5.4,,19.0,,,5.15,,,,,5.42,,11.38,6.79,,8.88,,,,,12.07,,4.9,7.13,11.45,,,8.27,,11.32,9.52,37.32,11.98,,16.96,,10.08,,,,,13.96,18.99,,13.14,,14.5,,,,,,,,,48.47,37.05,,22.78,19.95,7.25,,,,20.78,,,,,,,,7.43,,,5.78,,,,,6.45,,27.78,,6.6,5.15,20.18,,2.62,,,,,5.67,,,3.12,8.34,,,,,6.43,18.21,,,7.47,3.99,11.89,9.8,,,22.58,,,,,,,,,,,10.45,,,,,,,,,2.88,,11.88,,,,15.25,,23.72,9.55,,20.09,,7.53,8.13,6.11,,,,,8.0,15.08,6.62,14.77,,,,,,,,,,,9.29,8.13,,,6.2,,14.29,21.99,,5.57,,,12.09,9.55,38.5,,,,,,7.74,,,,17.03,,,,,12.36,12.81,,4.92,,,,8.58,,5.47,7.14,9.5,,,,,5.41,4.56,,,3.7,,,,,,4.57,,,,,5.63,,,,4.51,,,,,,4.25,,,,,2.66,,,8.35,,,,,,5.52,3.82,,,,,,,7.22,,3.36,,,,,,,7.48,,,,4.09,,5.1,4.68,,,4.61,,13.82,,7.03,6.85,,,5.69,6.36,7.2,7.27,4.08,,,,,5.32,12.12,3.11,2.01,,,,,,5.79,,,10.7,,2.16,14.9,,,,5.69,,,6.3,4.55,,,,8.71,,,,4.44,,,,,,,7.87,,10.19,,,,,7.38,6.15,7.25,,,,16.55,2.29,3.38,27.89,3.65,8.4,,,2.36,3.76,,,5.67,,,4.93,,2.96,,15.29,,,,9.52,10.49,,,,,29.11,6.97,,2.12,,3.5,6.7,,,6.22,,6.74,,,7.51,7.8,3.86,8.64,12.48,9.81,,3.66,5.11,,3.98,,14.72,,3.15,,,6.37,6.17,,4.05,,17.04,4.06,,7.44,,,,9.58,3.63,3.5,,,,4.51,7.67,,5.05,,,4.8,,13.05,,,,,,,4.35,,,4.1,,24.84,,5.98,6.0,,,,,,9.01,,3.39,8.84,,,8.93,6.25,8.94,,2.93,6.64,5.91,,,,,7.87,,,2.81,,,,,,6.37,5.08,,8.94,13.85,,,9.71,,4.34,2.35,,,4.47,5.17,2.9,,8.0,,,,9.04,,25.33,,3.24,,7.55,3.74,,9.31,,4.13,5.06,,,,,,3.11,,,,5.18,,3.73,7.11,,,,14.54,,,13.34,6.37,4.74,7.54,8.35,,,4.71,14.95,,4.37,,,,,,,,4.65,,,7.11,,,3.17,8.88,,3.18,8.8,,7.93,4.04,10.2,3.71,,,12.28,,10.87,,,7.21,,3.95,8.77,5.0,2.82,,,2.79,2.45,,,5.73,7.41,,,1.79,,12.38,12.69,7.11,,3.35,4.0,3.0,5.86,,,5.26,,,,,,,5.96,,,,,17.98,,6.52,,,,,,,,,,,,,,,8.6
2013-07-08,9.41,,,,,,9.83,,,18.01,12.22,11.63,,,,23.55,,7.32,7.1,,,10.28,35.24,,12.18,,,,24.7,,16.89,9.41,15.57,,,,,17.02,,10.13,41.92,37.01,,,,,,79.2,,2.19,,5.92,,3.73,,4.72,,,,,,,17.84,6.75,6.28,,,13.48,,6.31,13.18,,,25.68,,,7.34,,16.81,6.27,24.99,,8.13,,12.23,,,,,14.98,,,5.95,11.38,11.58,,3.26,14.97,10.43,8.23,8.11,13.01,8.28,12.56,,,,11.67,6.39,,,,,,,,,9.73,,7.54,16.28,,15.5,6.05,5.26,,,,,,7.48,,,9.46,15.28,,,14.45,,21.07,5.22,10.26,9.15,12.03,8.51,,,19.52,,,6.83,14.3,12.85,14.42,,14.52,24.98,22.9,,,17.79,15.75,7.68,,8.37,,,9.44,,8.12,,5.67,,,17.88,10.53,6.23,,9.43,,,,,,,,4.09,,13.48,8.37,,,,,,,,,8.72,,30.34,7.11,33.3,8.87,,4.79,,,11.43,,7.87,,,,,,,10.03,5.87,,,,,,5.02,6.7,26.21,13.25,,6.62,18.85,8.12,14.43,,25.8,12.48,,16.59,10.93,5.46,10.27,,,5.87,,2.99,7.98,6.96,15.97,,,9.43,5.09,12.37,9.09,,6.67,4.39,,,7.05,4.11,7.39,,8.9,,,,,4.03,5.5,,6.93,,,,,6.95,,19.05,4.49,,,4.37,,,,,,,7.45,,7.52,,,,5.88,,,14.3,,,5.06,,18.96,,,4.81,,,,,5.31,,11.89,6.9,,8.31,,,,,11.54,,4.69,6.73,10.93,,,8.38,,10.79,8.87,35.31,11.3,,16.4,,9.26,,,,,13.35,18.55,,11.83,,14.38,,,,,,,,,47.28,35.96,,21.9,19.0,6.55,,,,18.94,,,,,,,,7.0,,,5.43,,,,,6.09,,25.9,,6.34,4.83,19.21,,2.46,,,,,5.1,,,3.28,8.0,,,,,6.06,17.39,,,7.05,3.78,11.63,8.88,,,21.08,,,,,,,,,,,10.02,,,,,,,,,2.74,,11.88,,,,14.33,,22.98,8.93,,18.65,,7.12,7.66,5.82,,,,,7.48,15.2,6.32,13.77,,,,,,,,,,,8.9,7.66,,,5.95,,14.0,21.1,,5.33,,,11.5,9.0,37.4,,,,,,7.3,,,,17.76,,,,,11.54,11.91,,4.68,,,,8.18,,5.17,6.69,9.34,,,,,5.2,4.96,,,3.62,,,,,,4.38,,,,,5.37,,,,4.21,,,,,,4.18,,,,,2.43,,,7.86,,,,,,5.36,3.68,,,,,,,7.44,,3.19,,,,,,,7.57,,,,3.9,,4.86,4.46,,,4.42,,13.37,,6.8,6.56,,,5.24,5.96,6.74,7.19,3.87,,,,,4.98,11.78,3.03,1.92,,,,,,6.11,,,9.9,,2.1,14.51,,,,5.46,,,6.09,4.27,,,,8.21,,,,4.2,,,,,,,7.31,,9.65,,,,,6.9,6.0,7.07,,,,16.18,2.23,3.22,26.37,,7.82,,,2.21,3.59,,,5.33,,,4.72,,2.81,,14.86,,,,9.04,9.96,,,,,27.64,6.61,,2.04,,3.23,6.59,,,5.89,,6.2,,,7.04,7.41,3.62,8.75,11.85,9.17,,3.5,5.02,,3.72,,14.17,,2.96,,,5.73,5.91,,3.76,,16.19,4.02,,6.9,,,,9.04,3.5,3.15,,,,4.37,7.3,,4.9,,,4.76,,12.63,,,,,,,4.19,,,4.11,,23.33,,6.46,5.71,,,,,,8.62,,3.27,9.72,,,8.18,5.91,8.08,,2.84,6.41,5.54,,,,,7.93,,,2.75,,,,,,6.2,4.94,,8.29,12.56,,,9.01,,4.06,2.22,,,4.26,4.77,2.78,,7.58,,,,8.59,,25.5,,3.11,,6.99,3.55,,8.72,,4.09,4.81,,,,,,2.99,,,,5.09,,3.51,6.6,,,,14.13,,,12.71,7.01,4.56,7.45,7.78,,,4.39,14.38,,4.28,,,,,,,,4.36,,,6.83,,,3.03,8.65,,3.04,8.5,,7.56,3.86,9.78,3.44,,,11.07,,10.7,,,7.16,,3.85,8.28,4.86,2.73,,,2.59,2.3,,,5.39,7.57,,,1.72,,11.76,12.5,6.99,,3.22,3.6,2.89,5.44,,,4.98,,,,,,,5.69,,,,,17.1,,6.21,,,,,,,,,,,,,,,7.99
2013-07-09,9.44,,,,,,10.81,,,18.26,12.4,11.69,,,,25.17,,7.44,7.06,,,9.9,35.6,,12.75,,,,24.6,,17.25,9.43,15.5,,,,,17.15,,9.98,28.16,37.7,,,,,,72.0,,2.2,,5.85,,3.74,,4.83,,,,,,,18.04,6.62,6.3,,,13.43,,6.41,13.36,,,26.7,,,7.46,,16.48,6.33,,,8.19,,12.09,,,,,14.84,,,5.94,11.58,11.49,,3.33,14.84,10.39,9.05,8.17,12.9,8.29,12.64,,,,11.65,6.43,,,,,,,,,9.82,,7.45,16.28,,15.75,6.17,5.41,,,,,,7.58,10.42,,9.63,15.59,,,14.46,,21.43,5.21,10.58,9.35,11.95,8.6,,,19.7,,,6.84,14.45,12.76,14.41,,14.82,25.19,24.24,,,17.96,15.9,7.99,,8.38,,,9.5,,8.7,,5.85,,,17.5,10.16,5.98,,9.59,,,,,36.75,,,4.1,,14.41,8.35,,,,,,,,,8.47,,31.08,7.22,32.83,8.73,,4.8,,10.91,11.54,,7.84,,,,,,,9.97,5.89,,,,,,5.14,6.88,26.11,13.45,,6.66,18.6,8.17,14.3,,26.2,11.85,,17.66,11.29,5.65,10.29,,,6.11,,3.02,8.05,6.94,15.7,,,9.45,5.12,12.6,8.68,,6.5,4.27,,,7.25,3.98,7.39,,8.72,,,,,4.05,5.51,,6.96,,,,,6.97,,17.49,4.51,,,4.36,,,,,,,7.47,,7.6,,,,6.05,,,14.29,,,4.9,,19.67,,,4.85,,,,,5.45,,12.49,6.62,,8.33,,,,,11.81,,4.76,6.82,11.02,,,8.4,,10.82,8.78,38.15,11.04,,16.58,,9.33,,,,,13.3,18.56,,11.36,,15.16,,,,,,,,,47.05,37.8,,22.65,18.77,6.58,,,,19.2,,,,,,,,7.05,,,5.48,,,,,6.28,,26.0,,6.45,4.87,19.59,,2.48,,,,,5.0,,,,7.95,,,,,6.15,17.38,,,6.96,3.83,11.63,9.0,,,20.99,,,,,,,,,,,10.11,,,,,,,,,2.73,,12.1,,,,14.17,,23.1,9.01,,19.18,,7.24,7.85,5.83,,,,,7.4,15.36,6.35,13.9,,,,,,,,,,,9.01,7.9,,,5.88,,14.7,21.41,,5.31,,,,9.09,37.4,,,,,,7.57,,,,18.0,,,,,11.64,12.77,,4.72,,,,8.06,,5.24,6.74,9.36,,,,,5.28,4.82,,,3.57,,,,,,4.41,,,,,5.43,,,,4.27,,,,,,4.09,,,,,2.46,,,8.15,,,,,,5.28,3.69,,,,,,,7.35,,3.2,,,,,,,7.29,,,,3.85,,4.84,4.52,,,4.46,,14.05,,7.0,6.68,,,5.22,6.03,6.82,7.91,3.87,,,,,5.12,11.76,3.03,1.94,,,,,,6.07,,,10.07,,2.16,14.75,,,,5.69,,,5.89,4.32,,,,8.26,,,,4.23,,,,,,,7.31,,9.6,,,,,6.79,6.07,7.2,,,,16.19,2.24,3.22,25.98,,7.92,,,2.19,3.56,,,5.33,,,4.78,,2.82,,14.69,,,,9.04,10.04,,,,,27.77,6.56,,2.06,,3.27,6.71,,,5.94,,6.21,,,7.13,7.42,3.7,8.4,12.24,9.17,,3.57,4.9,,3.73,,13.98,,2.94,,,5.54,5.99,,3.84,,15.72,4.03,,7.01,,,,8.62,3.47,3.16,,,,4.33,7.26,,4.91,,,4.79,,12.73,,,,,,,4.12,,,4.03,,23.47,,6.48,5.65,,,,,5.05,8.58,,3.3,9.59,,,8.42,5.99,8.19,,2.85,6.19,5.61,,,,,7.98,,,2.85,,,,,,6.34,4.46,,8.38,12.86,,,8.92,,4.14,2.25,,,4.27,4.86,2.82,,7.5,,,,8.28,,24.61,,3.07,,7.28,3.56,,8.78,,4.13,4.73,,,,,,3.01,,,,5.1,,3.51,6.66,,,,14.18,,,12.79,6.94,4.59,7.33,7.82,,,4.83,14.85,,4.35,,,,,,,,4.41,,,6.94,,,3.06,8.7,,3.06,8.58,,7.53,3.9,9.62,3.45,,,11.01,,10.77,,,7.35,,3.79,8.36,4.88,2.72,,,2.6,2.28,,,5.56,7.42,,,1.73,,11.19,12.31,6.96,,3.24,3.48,2.87,5.42,,,5.07,,,,,,,5.76,,,,,17.15,,6.26,,,,,,,,,,,,,,,7.95
2013-07-10,9.64,,,,,,10.93,,,18.42,12.79,12.03,,,,25.21,,7.59,7.25,,,10.18,36.18,,12.62,,,,11.95,,17.56,9.81,16.27,,,,,18.87,,10.3,28.43,38.91,,,,,,71.95,,2.26,,6.03,,3.83,,5.03,,,,,,,18.4,6.77,6.48,,,13.6,,6.59,13.6,,,26.99,,,7.68,,16.95,6.48,,,8.43,,12.55,,,,,15.4,,,6.1,12.2,11.87,,3.44,15.58,10.6,9.66,8.5,12.73,8.68,13.04,,,,12.11,6.53,,,,,,,,,10.05,,7.37,16.3,,16.87,6.36,5.45,,,,,,7.76,10.81,,9.84,16.12,,,14.76,,22.09,5.37,10.73,9.97,12.26,8.9,,,20.11,,,7.07,14.87,13.19,14.84,,15.16,25.58,24.27,,,18.4,16.29,7.98,,8.6,,,9.87,,8.85,,5.98,,,17.6,10.79,6.16,,9.79,,,,,38.79,,,4.21,,15.38,8.7,,,,,,,,,8.67,,30.15,7.35,33.17,8.7,,4.94,,11.07,11.81,,8.07,,,,,,,10.39,6.06,,,,,,5.24,7.03,26.79,13.94,,6.75,19.41,8.42,14.71,,24.69,12.55,,17.77,11.62,5.71,10.31,,,6.17,,3.23,8.12,7.1,15.93,,,9.93,5.29,13.1,9.15,,6.61,4.3,,,7.41,4.04,7.51,,6.77,,,,,4.18,5.58,,7.1,,,,,7.18,,18.6,4.65,,,4.48,,,,,,,7.89,,7.87,,,,6.13,,,14.86,,,5.19,,19.83,,,5.01,,,,,5.39,,12.55,6.78,,8.59,,,,,12.13,,4.92,7.05,11.5,,,8.55,,11.15,9.02,37.31,11.22,,16.6,,9.62,,,11.15,,13.68,18.79,,12.19,,15.22,,,,,,,,,48.65,37.94,,21.88,19.01,6.85,,,,19.35,,,,,,,,7.2,,,5.64,,,,,6.41,,27.27,,6.59,5.03,20.12,,2.55,,,,,5.12,,,,8.41,,,,,6.4,17.7,,,7.2,3.92,11.97,9.35,,,21.41,,,,,,,,,,,10.42,,,,,,,,,2.81,,12.36,,,,14.53,,23.48,9.91,,19.43,,7.43,8.49,6.15,,,,,7.63,15.75,6.54,14.3,,,,,,,,,,,9.2,8.04,,,6.07,,14.2,21.31,,5.48,,,,9.43,40.67,,,,,,7.78,,,,18.24,,,,,12.59,12.82,,4.93,,,,8.35,,5.34,6.9,9.95,,,,,5.41,4.92,,,3.69,,,,,,4.57,,,,,5.57,,,,4.41,,,,,,4.22,,,,,2.56,,,8.28,,,,,,5.43,3.85,,,,,,,7.5,,3.27,,,,,,,7.43,,,,4.05,,4.98,4.63,,,4.61,,14.2,,7.19,7.14,,,5.28,6.43,6.93,8.09,4.03,,,,,5.24,11.56,3.1,2.04,,,,,,6.13,,,10.37,,2.2,14.9,,,,5.75,,,6.07,4.46,,,,8.62,,,,4.37,,,,,,,7.45,,9.83,,,,,7.04,6.17,7.49,,,,16.28,2.29,3.28,27.19,,8.23,,,2.26,3.67,,,5.51,,,4.89,,2.9,,15.11,,,,9.19,10.41,,,,,28.76,6.72,,2.11,,3.39,6.86,,,6.12,,6.36,,,7.36,7.68,3.82,8.49,12.51,9.37,,3.7,5.02,,3.86,,14.81,,3.04,,,5.61,6.16,,4.22,,16.45,4.1,,7.2,,,,9.12,3.6,3.48,,,,4.34,7.41,,5.06,,,4.85,,13.15,,,,,,,4.21,,,4.11,,23.8,,6.56,5.77,,,,,5.56,8.64,,3.4,10.24,,,8.6,6.59,8.48,,2.93,6.44,5.89,,,,,8.01,,,2.91,,,,,,6.63,4.44,,9.22,13.06,,,9.26,,4.28,2.28,,,4.47,5.0,2.87,,7.71,,,,8.69,,26.8,,3.16,,7.5,3.71,,9.1,,4.21,4.97,,,,,,3.07,,,,5.32,,3.58,6.82,,,,14.89,,,13.16,7.25,5.05,7.54,8.21,,,5.31,15.34,,4.39,,,,,,,,4.53,,,7.27,,,3.15,9.05,,3.25,8.67,,8.05,4.02,9.94,3.54,,,11.4,,10.66,,,8.09,,3.9,8.69,4.99,2.8,,,2.66,2.36,,,5.65,7.75,,,1.76,,11.75,12.93,6.98,,3.36,3.59,2.94,5.7,,,5.26,,,,,,,5.87,,,,,18.14,,6.44,,,,,,,,,,,,,,,8.25
2013-07-11,9.85,,,,,,11.32,,,18.54,12.95,11.95,,,,25.21,,7.74,7.52,,,10.34,36.9,,12.72,14.08,,,12.3,,17.8,10.0,16.5,,,,,19.8,,10.52,27.6,38.38,,,,,,72.4,,2.35,,6.21,,4.05,,5.22,,,15.58,,,,18.66,6.81,6.7,,,13.25,,6.79,14.5,,,27.6,,,7.86,,17.3,6.62,,,8.65,,12.93,,,,,15.94,,,6.27,12.37,12.0,,3.5,16.12,11.12,9.82,8.71,13.86,9.2,13.1,,,,12.59,6.82,,,,,,,,,10.18,,7.5,16.55,,16.99,6.4,5.44,,,,,,7.94,11.32,,10.1,15.95,,,15.16,,22.13,5.57,10.58,10.06,12.22,9.3,,,21.1,,,7.22,15.4,13.4,15.36,,15.67,26.1,24.75,,,18.86,16.14,8.22,,8.71,,,10.06,,8.95,,6.06,,,17.75,10.87,6.78,,10.13,,,,14.64,39.39,,,4.31,,15.46,8.74,,,,,,,,,8.88,,30.96,7.51,33.72,8.9,,5.11,,11.71,12.07,,8.29,,,,,,,10.71,6.19,,,,,,5.33,7.14,27.87,14.62,,7.03,19.8,8.67,15.09,,24.95,13.35,,18.29,11.99,5.77,10.39,,,6.46,,3.24,8.36,7.27,16.29,,,10.0,5.47,13.35,9.36,,7.07,4.41,,,7.61,4.1,7.78,,7.06,,,,,4.28,5.71,,7.13,,,,,7.45,,18.62,4.85,,,4.59,,,,,,,8.12,,8.08,,,,6.17,,,15.66,,,5.32,,20.05,,,5.35,,,,,5.35,,12.34,6.66,,8.88,,,,,8.21,,5.02,7.24,12.65,,,8.63,,11.43,9.13,40.25,11.59,,16.49,,9.97,,,11.39,,14.24,19.88,,12.21,,15.38,,,,,,,,,50.0,37.42,,21.99,19.58,7.08,,,,19.39,,,,,,,,7.4,,,5.87,,,,,6.5,,28.08,,6.74,5.16,20.91,,2.62,,,,,5.2,,,,8.5,,,,,6.6,18.3,,,7.33,4.03,12.24,9.57,,,22.23,,,,,,,,,,,10.48,,,,,,,,,2.87,,12.99,,,,14.77,,23.97,10.11,,20.14,,7.65,8.66,6.19,,,,,7.88,15.42,6.69,14.6,,,,,,,,,,,9.44,8.18,,,6.24,,14.03,21.68,,5.65,,,,9.77,,,,,,,7.93,,,,18.07,,,,,12.73,13.2,,5.19,,,,8.88,,5.46,7.01,10.93,,,,,5.54,4.91,,,3.75,,,,,,4.64,,,,,5.74,,,,4.56,,,,,,4.26,,,,,2.64,,,8.44,,,,,,5.67,4.02,,,,,,,7.68,,3.37,,,,,,,7.63,,,,4.18,,5.19,4.74,,,4.73,,14.26,,7.29,7.38,,,5.81,6.6,7.05,8.39,4.14,,,,,5.49,12.34,3.18,2.08,,,,,,6.15,,,10.71,,2.17,15.29,,,,5.92,,,6.19,4.59,,,,9.04,,,,,,,,,,,7.61,,10.21,,,,,7.29,6.38,7.58,,,,17.01,2.34,3.39,29.07,,8.52,,,2.36,3.76,,,5.66,,,4.94,,2.97,,14.95,,,,9.34,10.98,,,,,29.32,6.96,,2.16,,3.49,7.13,,,6.27,,6.47,,,7.56,7.91,3.89,8.63,13.76,9.76,,3.79,5.17,,3.98,,15.47,,3.14,,,5.69,6.34,,4.27,,16.87,4.21,,7.46,,,,9.53,3.7,3.83,,,,4.46,7.63,,5.34,,,5.01,,13.53,,,,,,,4.37,,,4.21,,24.7,,6.65,5.88,,,,,5.73,8.93,,3.48,10.47,,,8.88,6.77,8.78,,2.99,6.85,6.48,,,,,7.72,,,2.97,,,,,,6.6,4.4,,9.46,13.12,,,9.46,,4.49,2.32,,,4.55,5.11,2.93,,7.88,,,,9.0,,28.05,,3.27,,8.1,3.77,,9.33,,4.27,5.22,,,,,,3.13,,,,5.41,,3.71,7.09,,,,15.15,,,13.33,7.4,5.07,7.72,8.87,,,5.4,16.01,,4.49,,,,,,,,4.65,,,7.49,,,3.25,9.12,,3.33,8.84,,8.86,4.12,10.25,3.67,,,11.77,,10.96,,,8.25,,3.98,9.03,5.07,2.97,,,2.72,2.45,,,5.78,8.0,,,1.82,,12.08,13.62,7.25,,3.4,3.68,3.01,6.27,,,5.41,,,,,,,6.02,,,,,18.83,,6.57,,,,,,,,,,,,,,,8.44
2013-07-12,9.89,,,,,,11.0,,,19.29,13.17,12.16,,,,25.98,,7.84,7.56,,,10.23,37.8,,12.98,14.19,,,12.5,,18.1,10.27,17.32,,,,,19.99,,10.9,29.15,40.28,,,,,,74.8,,2.31,,6.2,,3.94,,5.13,,,15.69,,,,18.84,6.67,6.53,,,13.77,,6.79,14.38,,,27.11,,,7.72,,17.32,6.56,,,8.76,,12.9,,,,,9.69,,,6.19,12.4,11.91,,3.43,16.18,10.79,10.8,8.68,13.17,9.19,13.24,,,,12.84,7.02,,,,,,,,,10.08,,7.16,17.27,,17.15,7.04,5.32,,,,,,7.89,11.18,,9.91,16.34,,,14.97,,23.01,5.58,10.58,9.98,12.05,9.22,,,20.53,,,7.08,15.49,13.2,15.06,,15.53,25.9,25.37,,,18.64,16.24,8.17,,8.96,,,9.98,,9.01,,6.12,,,17.16,11.07,6.97,,10.63,,,,14.33,42.01,,,4.25,,16.6,8.93,,,,,,,,,8.91,,31.2,7.51,32.91,8.86,,5.14,,11.49,12.06,,8.21,,,,,,,10.83,6.16,,,,,,5.21,7.14,28.77,14.72,,7.04,20.23,8.74,15.7,,24.84,13.48,,19.36,12.15,5.97,10.4,,,6.27,,3.2,8.21,7.1,15.67,,,10.23,5.37,13.12,9.3,,7.26,4.31,,,7.61,3.97,7.79,,6.81,,,,,4.26,5.7,,7.15,,,,,7.34,,18.9,4.73,,,4.52,,,,,,,8.02,,8.09,,,,6.05,,,15.5,,,5.21,,20.2,,,5.23,,,,,5.28,,12.42,6.78,,8.89,,,,,8.22,,5.1,7.19,12.79,,,8.43,,11.54,9.08,40.22,11.15,,16.66,,9.78,,,11.4,,14.19,19.92,,12.3,,15.26,,,,,,,,,48.81,38.6,,22.55,19.3,7.09,,,,19.31,,,,,,,,7.24,,,5.79,,,,,6.42,,28.24,,6.63,5.15,21.5,,2.6,,,,,5.11,,,,8.36,,,,,6.39,18.84,,,7.46,3.98,11.96,9.33,,,22.89,,,,,,,,,,,10.72,,,,,,,,,2.83,,12.9,,,,14.77,,23.98,9.96,,19.87,,7.57,8.39,6.05,,,,,7.67,15.83,6.59,14.5,,,,,,,,,,,9.44,8.18,,,6.26,,14.6,22.02,,5.69,,,,10.06,39.93,,,,,,8.2,,,,18.22,,,,,13.17,13.4,,4.99,,,,8.79,,5.4,6.85,10.56,,,,,5.41,5.09,,15.91,3.67,,,,,,4.66,,,,,5.66,,,,4.43,,,,,,4.22,,,,,2.74,,,8.35,,,,,,5.5,4.09,,,,,,,7.52,,3.33,,,,,,,7.42,,,,4.17,,5.06,4.7,,,4.63,,14.03,,7.06,7.26,,,6.25,6.49,7.12,8.09,4.04,,,,,5.31,11.57,3.13,2.03,,,,,,5.91,,,10.47,,2.07,15.34,,,,5.86,,,6.2,4.51,,,,8.73,,,,,,,,,,,7.55,,10.27,,,,,7.23,6.27,7.42,,,,16.57,2.35,3.37,27.8,,8.31,,,2.29,3.7,,,5.68,,,4.88,,2.93,,14.65,,,,9.29,10.58,,,,,29.65,6.86,,2.12,,3.39,7.09,,,6.2,,6.31,,,7.43,7.83,3.84,8.48,13.85,9.49,,3.74,5.07,,4.17,,14.92,,3.09,,,5.69,6.26,,4.15,,16.62,4.15,,7.32,,,,9.2,3.92,4.21,,,,4.82,7.55,,5.18,,,4.92,,13.5,,,,,,,4.28,,,4.09,,23.48,,6.62,5.89,,,,,5.63,8.8,,3.39,10.08,,,8.77,6.52,8.59,,2.98,6.7,6.24,,,,,7.25,,,2.89,3.06,,,,,7.03,4.41,,9.53,13.57,,,9.46,,4.35,2.26,,,4.47,5.18,2.87,,8.01,,,,8.8,,27.56,,3.2,,7.8,3.74,,9.2,,4.2,5.12,,,,,,3.13,,,,5.33,,3.64,7.08,,,,15.03,,,13.54,7.32,4.99,7.38,8.5,,,5.27,15.93,,4.42,,,,2.33,,,,4.56,,,7.27,,,3.21,8.95,,3.31,8.53,,8.86,4.05,10.3,3.57,,,11.85,,10.7,,,8.25,,3.93,8.79,5.0,2.89,,,2.66,2.37,,,5.64,7.83,,,1.79,,12.09,13.47,7.16,,3.34,3.59,2.99,6.22,,11.23,5.33,,,,,,,6.02,,,,,18.58,,6.45,,,,,,,,,,,,,,,8.27
2013-07-15,10.04,,,,,,11.22,,,20.1,13.64,13.08,,,,25.59,,8.15,7.82,,,10.75,38.95,,14.28,14.74,,,12.97,,18.38,11.06,18.3,,,,,20.32,,11.56,30.23,41.76,,,,,,74.88,,2.31,,6.26,,3.99,5.57,5.19,,,16.18,,,,19.1,6.96,6.67,6.11,,14.25,,6.98,15.14,,,28.11,,,7.93,,17.62,6.68,,,8.88,,12.95,,,,,9.72,,,6.21,12.93,11.99,,3.48,16.48,10.95,11.68,8.89,13.4,9.31,13.69,,,,12.94,6.95,,,,,,,,,10.21,,7.18,18.08,,17.44,7.61,5.49,,,,,,8.0,10.83,,10.05,16.86,,,15.4,,25.31,5.77,10.45,10.32,12.33,9.48,,,21.64,19.07,,7.16,16.05,14.11,15.36,,15.76,27.28,25.48,,,19.07,16.32,8.27,,9.19,,,10.4,,9.18,,6.12,,,17.32,11.3,7.1,,10.97,,,,14.41,42.49,,,4.35,,18.26,8.97,,,,,,,,,9.07,,32.05,7.68,35.15,8.5,,5.27,,11.82,12.29,,8.36,,,,,,,10.74,6.29,,,,,,5.25,7.35,31.65,15.69,,7.15,20.83,8.72,15.25,,25.38,14.24,,21.3,12.62,6.33,10.59,,,6.2,,3.2,8.27,7.15,15.9,,,10.36,5.47,13.43,9.63,,7.75,4.29,,,8.04,4.0,7.88,,6.83,,,,,4.69,5.73,,7.18,,,,,7.52,,19.01,4.79,,,4.57,,,,,,,8.34,,8.18,,,,6.35,,,16.35,,,5.4,,20.46,,,5.4,,,,,5.81,,12.43,6.86,,9.15,,,,,8.12,,5.14,7.43,12.72,,,8.3,,11.64,9.37,41.49,11.28,,16.8,,10.38,,,11.65,,14.33,20.14,,12.9,,15.79,,,,,,,,,50.35,41.08,,23.29,20.27,7.26,,,,20.11,,,,,,,,7.5,,,5.83,,,,,6.5,,31.06,,6.75,5.2,22.87,,2.62,,,,,4.98,,,,8.48,,,,,,19.06,,,7.44,4.0,12.15,9.52,,,23.15,,,,,,,,,,,10.79,,,,,,,,,2.84,,12.76,,,,15.24,,23.28,10.42,,13.27,,7.86,8.61,6.14,,,,,7.98,16.05,6.74,14.82,,,,,,,,,,,9.63,8.36,,,6.36,,14.99,22.69,,5.84,,7.8,,10.12,40.6,,,,,,8.54,,,,18.76,,,,,13.37,13.84,,5.1,,,,8.99,,5.56,6.89,10.98,,,,,5.5,4.97,,16.38,3.72,,,,,,4.68,,,,,5.67,,,,4.48,,,,,,4.29,,,,,2.73,,,8.45,,,,,,5.64,4.2,,,,,,,7.6,,3.39,,,,,,,7.5,,,,4.2,,5.18,4.76,,,4.69,,14.02,,7.18,7.48,,,6.05,6.62,7.36,8.14,4.09,,,,,5.38,11.27,3.15,2.07,,,,,,6.02,,,10.73,,2.07,15.56,,,,5.94,,,6.47,4.56,,,,8.85,,,,,,,,,,,7.85,,10.36,,,,,7.36,6.9,7.53,,,,16.97,2.38,3.4,28.22,,8.58,,,2.31,3.77,,,5.78,,,4.89,,3.0,,15.06,,,,9.29,10.78,,,,,30.27,7.04,,2.15,,3.42,7.16,,,6.49,,6.34,,,7.74,8.05,3.95,8.49,13.69,9.63,,3.78,5.13,,4.27,,15.63,,3.14,,,5.83,6.06,,4.19,,17.24,4.19,,7.69,,,,9.28,3.93,,,,,4.88,7.95,,5.25,,,4.95,,13.71,,,,,,,4.31,,,4.11,,23.72,,6.62,5.93,,,,,5.69,8.74,,3.48,10.15,,,8.95,6.59,8.86,,3.04,6.85,6.3,,,,,7.15,,,2.92,3.37,,,,,7.28,4.38,,9.59,13.62,,,9.49,,4.52,2.3,,,4.49,5.21,2.91,,8.49,,,,8.7,,27.83,,3.25,,8.3,3.8,,9.25,,4.24,5.25,,,,,,3.19,,,,5.2,,3.66,7.17,,,,15.03,,,13.68,7.44,5.04,7.44,8.56,,,5.42,16.68,,4.5,,,,2.45,,,,4.61,,,,,,3.31,9.22,,3.33,8.53,,9.26,4.1,10.62,3.59,,,12.15,,10.9,,,8.35,,3.96,8.98,5.07,2.91,,,2.66,2.39,,,5.69,7.97,,,1.79,,12.45,13.18,7.07,,3.37,3.63,3.01,6.28,,11.27,5.42,,,,,,,6.32,,,,,18.44,,6.58,,,,,,,,,,,,,,,8.4
2013-07-16,11.04,,,,,,11.26,,,20.29,13.61,13.62,,,,24.6,,8.4,8.09,,,10.69,40.99,,14.48,15.0,,,13.14,,12.1,10.97,19.0,,,,,22.35,,11.76,29.98,41.0,,,,,,76.2,,2.33,,6.31,,3.99,5.84,5.27,,,16.64,,,,19.22,6.92,6.79,6.15,,14.73,,6.95,15.23,,,27.75,,,8.04,,18.15,6.86,27.49,,8.97,,13.03,,,,,10.3,,,6.3,13.23,12.22,,3.51,16.43,11.1,11.85,8.99,13.54,9.48,14.12,,,9.46,13.11,7.36,,,,,,,,,10.35,,7.51,18.08,,17.6,7.86,5.66,,,,,,8.13,10.93,,10.38,16.83,,,15.72,,26.68,5.9,10.29,10.23,12.27,9.68,,,21.99,19.2,,7.26,16.09,14.41,15.74,,16.35,28.85,25.06,,,19.3,16.15,8.23,,9.21,,,10.47,,9.01,,6.06,,,16.7,12.1,7.42,,10.78,,,,14.25,40.85,,,4.47,,19.47,9.1,,,,,,,,,9.19,,32.81,7.76,34.88,8.43,,5.3,,12.11,12.51,,8.61,,,,,,,10.74,6.39,,,,,,5.4,7.39,31.95,16.05,,7.2,21.39,8.84,15.08,,25.44,14.44,,23.43,12.44,6.45,10.6,,,6.26,,3.24,8.27,7.3,16.2,,,10.31,5.6,13.79,10.21,,7.78,4.26,,,8.33,4.19,7.96,,6.95,,,,,4.64,5.72,,7.21,,,,,7.62,,19.24,4.83,,,4.67,,,,,,,8.34,,8.41,,,,6.42,,,16.49,,,5.5,,21.08,,,5.4,,11.07,,,5.92,,13.1,6.66,,9.25,,,,,8.17,,5.12,7.52,12.96,,,8.36,,12.05,9.7,41.2,11.34,,17.57,,10.36,,,11.79,,14.5,20.44,,13.33,,15.5,,,,,,,,,49.6,40.96,,23.3,20.29,7.41,,,,20.42,,,,,,,,7.63,,,5.86,,,,,6.65,,34.17,,6.77,5.25,22.58,,2.65,,,,,5.01,,,,8.56,,,,,,18.81,,,7.73,4.04,12.79,9.79,,,23.19,,,,,,,,,,,10.81,,,,,,,,,2.91,,12.26,,,,15.71,,23.27,10.38,,13.75,,,8.91,6.28,,,,,8.21,16.07,6.93,14.96,,,,,,,,,,,9.83,8.53,,,6.56,,14.68,22.5,,5.96,,8.58,,10.13,41.25,,,,,,8.56,,,,18.74,,,,,13.24,13.58,,5.17,,,,8.99,,5.58,6.92,11.06,,,,,5.96,4.93,,16.66,3.74,,,,,,4.71,,,,,5.72,,,,4.46,,,,,,4.37,,,,,2.78,,,8.57,,,,,,5.77,4.26,,,,,,,7.73,,3.4,,,,,,,7.7,,,,4.21,,5.2,4.94,3.22,,4.77,,14.05,,7.24,7.51,,,5.98,6.95,7.41,8.2,4.18,,,,,5.39,11.08,3.17,2.08,,,,,,6.01,,,11.03,,2.17,16.19,,,,5.94,,,6.69,4.84,,,,8.88,,,,,,,,,,,8.01,,10.36,,,,,7.5,7.15,7.58,,,,17.0,2.41,3.5,28.93,,8.62,,,2.31,3.85,,,5.89,,,4.96,,3.04,,15.67,,,,9.5,10.82,,,,6.98,31.52,7.03,,2.19,5.09,3.49,7.16,,,6.6,,6.4,,,7.82,8.19,3.99,8.62,13.63,9.86,,3.81,5.29,,4.23,,15.82,,3.18,,,5.95,6.12,,4.2,,17.32,4.21,,7.66,,,,9.55,3.9,,,,,5.13,7.9,,5.26,,,4.98,,13.89,,,,,,,4.4,,,4.18,,25.34,,6.64,6.01,,,,,5.87,8.82,,3.66,10.12,,,9.17,6.59,9.04,,3.05,6.86,6.3,,,,,7.39,,,2.91,3.71,,,,,7.19,4.39,,9.59,13.65,,,9.68,,4.59,2.34,,,4.48,5.29,2.93,,8.5,,,,9.14,,27.67,,3.31,,8.25,3.84,,9.34,,4.22,5.26,,,,,,3.21,,,,5.17,,3.66,7.22,,,,15.7,6.09,,13.85,7.38,5.1,7.45,8.61,,,5.35,16.63,,4.4,,,,2.48,,,,4.68,,,,,,3.33,9.44,,3.34,8.68,,9.5,4.13,10.75,3.64,,,12.08,,11.43,,,9.11,,4.03,9.03,5.11,2.9,,,2.68,2.39,,,5.73,7.98,,,1.81,,12.8,13.0,6.94,,3.4,3.79,3.03,6.38,,11.75,5.47,,,16.16,,,,6.4,,,,,18.49,,6.68,,,,,,,,,,,,,,,8.66
2013-07-17,11.24,,,,,,10.86,,,19.51,13.25,13.47,,,,24.11,,8.75,7.81,,,11.16,41.88,,15.47,16.32,,,12.51,,13.31,11.01,19.09,,,,,24.59,,11.37,29.32,42.12,,,,,,73.4,,2.34,,6.41,,3.95,5.66,5.08,,,16.08,,,,18.73,6.5,6.64,6.04,,14.09,,6.76,14.52,,,27.19,,,7.81,,17.5,6.87,27.18,,8.73,,12.65,,,,,10.24,,,6.11,13.04,11.84,,3.42,15.91,10.9,13.0,8.82,13.37,9.32,13.79,,,10.14,12.86,7.12,,,,,,,,,10.4,,7.66,17.5,,16.78,7.66,5.4,,,,,,7.93,10.39,,10.22,15.92,,,15.51,,26.25,5.76,11.32,9.9,11.96,9.36,,,21.1,19.78,,7.15,15.89,13.95,15.36,,15.6,28.25,24.8,,,18.71,15.45,8.28,,9.23,,,10.12,,9.18,,6.19,,,16.2,13.19,7.83,,10.33,,,,13.37,41.49,,,4.34,,19.4,8.99,,,,,,,,,9.1,,32.13,7.96,33.25,8.38,,5.19,,11.74,12.28,,8.42,,,,,,,10.51,6.27,,,,,,5.34,7.37,31.6,15.5,,7.47,20.83,8.61,14.85,,25.85,14.26,,25.15,12.69,6.3,10.77,,,6.16,,3.19,8.15,7.28,15.98,,,10.12,5.47,13.53,10.15,,7.72,4.37,,,8.62,4.06,7.86,,6.61,,,,,4.61,5.78,,7.06,,,,,7.52,,18.05,4.73,,,4.68,,,,,,,8.14,,8.1,,,,6.24,,,16.11,,,5.38,,20.39,,,5.52,,11.56,,,6.19,,12.2,6.12,,8.87,,,,,8.02,,5.01,7.4,12.39,,,8.31,,11.78,9.34,40.18,11.17,,16.92,,10.52,,,11.66,,14.26,19.84,,13.38,,16.2,,,,,,,,,47.78,,,22.15,19.71,7.17,,,,21.17,,,,,,,,7.34,,,5.79,,,,,6.42,,32.7,,6.66,5.26,21.97,,2.71,,,,,4.98,,,,8.27,,,,,,18.43,,,7.49,3.95,12.49,9.38,,,22.0,,,,,,,,,,,10.63,,,,,,,,,2.88,,12.25,,,,15.24,,22.99,10.01,,13.39,,,8.83,6.27,,,,,8.23,14.99,6.83,14.75,,,,,,,,,,,9.9,8.45,,,6.4,,14.7,20.62,,5.79,,8.55,,10.1,39.5,,,,,,9.42,,,,19.96,,,,,12.94,13.54,7.73,5.05,,,,9.01,4.53,5.51,6.83,10.69,,,,,5.66,4.71,,16.71,3.7,,,,,,4.64,,,,,5.81,,,,4.43,,,,,,4.28,,,,,2.85,,,8.41,,,,,,5.58,4.22,,,,,,,7.59,,3.35,,,,,,,7.81,,,,4.36,,5.26,4.9,3.26,,4.69,,13.49,,6.97,7.24,,,5.84,6.99,7.81,8.05,4.06,,,,,5.33,11.08,3.13,2.05,,,,,,5.74,,,10.42,,2.08,15.41,,,,6.05,,,6.48,4.67,,,,8.79,,,,,,,,,,,8.13,,10.5,,,,,7.34,7.24,7.38,,,,16.99,2.41,3.4,28.12,,9.03,,,2.27,3.94,,,5.75,,,4.91,,2.97,,15.48,,,,9.33,10.47,,,,6.91,31.27,7.03,,2.33,5.6,3.6,7.12,,,6.4,,6.3,,,7.58,8.25,3.93,8.85,13.18,9.53,,3.75,5.36,,4.12,,15.77,,3.11,,,5.82,6.06,,4.23,,17.91,4.12,,7.43,,,,9.94,3.87,,,,,4.86,7.76,,5.19,,,4.91,,14.64,,,,,,,4.3,,,4.1,,24.63,,6.37,5.87,,,,,5.65,8.78,,3.56,10.28,,,8.95,6.41,8.77,,3.0,6.78,6.39,,,,,7.02,,,3.2,4.08,,,,,7.23,4.3,,9.27,13.57,,,9.35,,4.45,2.31,,,4.6,5.24,2.9,,9.35,,,,8.92,,27.62,,3.3,,8.29,3.8,,9.38,,4.24,5.29,,,,,,3.15,,,,5.16,,3.61,7.01,,,,15.47,5.92,,13.4,7.17,5.04,7.23,8.46,,,5.22,16.6,,4.38,,,,2.54,,,,4.66,,,,,,3.26,9.19,,3.67,8.51,,9.24,4.05,10.61,3.62,,,11.46,,11.41,,,8.94,,3.98,8.84,5.07,2.94,,,2.63,2.36,,,5.68,7.76,,,1.81,,13.42,13.51,6.88,,3.33,3.71,2.98,6.16,,11.32,5.49,,,15.5,,,,6.22,,,,,17.8,,6.56,,,,,,,5.8,,,,,,,,8.78
2013-07-18,11.12,,,,,,11.04,,,19.7,13.33,13.82,,,,23.96,,8.8,8.59,,,11.77,40.6,,16.23,16.57,,,13.29,,14.64,11.24,19.03,,,,,26.19,,11.68,28.7,41.88,,,,,,72.96,,2.32,,6.2,,3.88,5.65,5.01,,,16.3,,,,19.58,7.14,6.56,5.91,,13.89,,6.77,14.73,,,27.02,,,7.77,,17.33,6.76,26.7,,8.5,,12.61,,,,,10.34,,,6.01,13.54,11.55,,3.44,15.9,10.52,13.47,9.02,13.08,9.18,13.95,,,10.03,12.77,7.13,,,,,,,,,10.37,,7.73,17.58,,16.99,7.68,5.45,,,,,,7.95,10.39,,10.39,15.37,,,15.59,,27.95,5.87,11.32,9.9,11.8,9.39,,,20.76,21.76,,7.12,16.15,14.39,14.96,,15.0,28.16,24.39,,,18.33,15.6,8.2,,9.48,,,10.14,,9.81,,6.8,,,16.83,13.16,8.16,,10.6,,,,13.73,40.21,,,4.37,,19.12,9.12,,,,,,,,,9.18,,31.32,8.23,31.98,8.22,,5.27,,11.47,12.3,,8.91,,,,,,,10.5,6.34,,,,,,5.35,7.52,32.15,15.4,,7.52,20.93,8.71,14.8,,25.52,14.4,,25.54,12.74,6.5,11.32,,,5.96,,3.16,7.93,7.19,15.32,,,10.01,5.46,13.56,10.16,,8.25,4.38,,,8.76,4.14,7.89,,6.6,,,,,4.48,6.1,,7.07,,,,,7.39,,18.0,4.68,,,4.82,,,,,,,8.13,,8.34,,,,6.47,,,16.3,,,5.51,,20.51,,,5.61,,11.73,,,6.8,,12.1,6.28,4.91,9.17,,,,,7.98,,5.25,7.68,12.31,,,8.37,,11.82,9.47,39.4,10.81,,17.07,,10.77,,,11.7,,13.94,20.11,,13.16,7.65,15.97,,,,,,,,,48.31,,,22.39,20.5,7.44,,,,22.48,,,,,,,,7.35,,,5.66,,,,,6.28,,32.9,,6.61,5.14,22.31,,2.65,,,,,4.85,,,,8.21,,,,,,18.8,,,7.62,3.89,13.01,9.37,,,22.36,,,,,,,,,,11.7,11.2,,,,,,,,,2.84,,11.75,,,,15.51,,22.83,10.06,,13.45,,,9.16,6.3,,,,,8.3,14.92,6.77,14.79,,,,,,,,,,,9.84,8.78,,,6.6,,14.25,20.49,,5.79,,9.01,,10.22,40.18,,,,,,,,,,21.96,,,,,12.64,13.46,7.76,4.99,,,,8.82,4.51,5.61,6.64,10.38,,,,,5.6,4.72,,16.62,3.6,,,,,,4.57,,,,,5.71,,,,4.33,,,,,,4.23,,,,,2.74,,,8.26,,,,,,5.42,4.11,,,,,,,7.43,6.19,3.31,,,,,,,7.78,,,,4.23,,5.19,4.79,3.22,,4.55,,13.17,,6.91,7.23,,,5.97,7.13,7.86,8.0,4.07,,,,,5.12,10.6,3.23,2.07,,,,,,5.72,,,10.46,,,15.47,,,,,,,6.42,4.73,,,,8.64,,,,,,,,,,,8.19,,10.3,,,,,7.45,7.33,7.41,,,,16.41,2.4,3.27,27.8,,8.85,,,2.21,3.9,,,5.82,,,4.9,,3.0,,15.11,,,,9.26,10.53,,,,6.85,30.27,7.04,,2.27,6.16,3.51,7.01,,,6.35,,6.19,,,7.88,8.39,4.01,8.88,13.82,9.34,,3.7,5.18,,4.38,,15.53,,3.04,,,5.74,6.04,,4.16,,17.43,4.04,,7.37,,,,9.97,3.82,,,,,4.78,7.82,,5.17,,,4.81,,14.63,,,,,,,4.23,,,4.04,,23.65,,6.33,5.8,,,,,5.6,9.06,,3.57,9.81,,,8.8,6.2,8.49,,2.98,6.72,6.17,,,,,7.05,,,3.13,4.49,,,,,7.2,4.2,,9.17,13.22,,,9.36,,4.37,2.27,,,4.58,5.17,2.86,,9.42,,,,8.82,,26.95,,3.26,,8.29,3.77,,9.18,,4.17,5.18,,,,,,3.19,,,,5.0,,3.58,6.91,,,,16.24,5.79,,13.1,7.04,4.95,7.11,7.54,,,5.18,18.26,,4.43,,,,2.62,,,,4.6,,,7.71,,,3.27,9.2,,,8.35,,9.07,4.02,10.57,3.53,,,11.45,,11.25,,,9.16,,4.05,8.68,,2.84,,,2.58,2.3,,,5.58,7.56,,,1.78,,13.18,12.84,7.57,,3.34,3.61,2.92,6.0,,11.23,5.39,,,15.65,,,,6.31,,,,,17.18,,6.5,,,,,,,5.62,,,,,,,,8.59
2013-07-19,10.8,,,,,,10.66,,,20.02,13.14,12.9,,,,22.75,,8.54,8.9,,,10.6,38.8,,15.1,15.33,,,12.8,,13.61,10.72,19.81,,,,,27.15,,11.32,27.59,39.93,,,,,,70.0,,2.29,,5.94,,3.79,5.39,4.9,,,15.7,,,,19.37,6.7,6.77,5.75,,13.61,,6.9,14.9,,,25.98,,,7.46,,16.88,6.64,26.69,,9.07,,12.28,,,,,9.98,,,5.86,13.23,11.39,,3.36,16.08,9.98,13.12,8.76,12.89,9.3,13.28,,,9.53,12.49,6.8,,4.87,,,,,,,10.27,,7.38,18.18,,17.52,7.15,5.29,,,,,,7.92,11.35,,9.88,14.69,,,14.92,,28.85,5.64,10.75,9.97,11.73,9.04,,,20.08,22.64,,6.95,15.8,13.86,14.53,,14.55,27.35,23.65,,,17.68,14.64,8.07,,9.79,,,11.15,,8.95,,6.44,,,17.14,11.98,7.87,,9.78,,,,14.48,43.8,,,4.25,,18.02,8.9,,,,,,,,,8.74,,31.0,7.94,32.55,7.98,,5.27,,11.48,12.06,,8.45,,,,,,,10.42,6.16,,,,,,5.18,7.3,32.49,15.38,,7.31,20.55,8.33,14.55,,24.03,14.8,,24.99,12.3,6.2,10.73,,,5.9,,3.04,7.73,7.08,14.3,,,9.82,5.26,13.03,10.26,,8.07,4.2,,,8.42,4.04,7.86,,6.15,,,,,4.31,5.85,,6.97,,,,,7.15,,17.78,4.61,,,4.53,,,,,,,7.9,,8.0,,,,6.13,,,15.99,,,5.55,,20.05,,,5.35,,10.95,,,6.54,,11.67,5.94,4.8,8.85,,,,,8.19,,5.2,7.2,12.41,,,8.34,,11.76,9.39,38.9,10.25,,16.98,,10.14,,,11.15,,13.8,19.76,,13.37,7.55,15.2,,,,,,,,,47.2,,,22.14,20.3,7.33,,,,21.11,,,,,,,,7.12,,,5.5,,,,,6.01,,32.8,,6.4,4.93,23.01,,2.58,,,,,4.69,,,,8.19,,,,,,18.4,,,7.27,3.81,12.94,9.02,,,21.54,,,,,,,,,,11.3,10.98,,,,,,,,,2.77,,11.77,,,,14.57,,22.83,9.6,,13.63,,,8.61,6.19,,,,,8.0,14.8,6.67,14.9,,,,,,,,,,,10.1,8.64,,,6.37,,13.81,19.62,,5.62,,8.6,,10.01,39.7,,,,,,,,,,21.58,,,,,11.9,12.75,7.12,4.82,,,,8.49,4.37,5.73,6.46,10.09,,,,,5.39,4.58,,15.16,3.51,,,,,,4.42,,,,,5.51,,,,4.35,,,,,,4.09,,,,,2.58,,,7.99,,,,,,5.25,4.04,,,,,,,7.78,6.27,3.25,,,,,,,7.5,,,,4.04,,4.85,4.86,3.1,,4.49,,12.91,,6.6,7.03,,,5.58,7.03,7.55,7.59,3.9,,,,,4.97,10.03,3.15,2.08,,,,,,5.62,,,10.03,,,14.98,,,,,,,6.09,4.47,,,,8.37,,,,,,,,,,,7.91,,9.85,,,,,6.93,7.16,7.35,,,,15.89,2.41,3.21,26.38,,9.05,,,2.17,3.79,,,5.68,,,4.87,,2.91,,15.29,,,,9.12,10.01,,,,6.65,29.42,6.75,,2.17,6.78,3.48,6.7,,,6.14,,5.93,,,7.53,8.2,3.88,8.81,13.49,9.33,,3.58,5.27,,4.18,,14.86,,2.97,,,5.94,5.86,,4.01,,16.56,3.92,,7.38,,,,9.71,3.71,,,,,4.62,7.66,,4.92,,,4.71,,14.76,,,,,,,4.11,,,3.94,,23.01,,6.1,5.71,,,,,5.36,8.9,,3.56,9.11,,,8.58,5.96,8.32,,2.99,6.51,5.85,,,,,6.57,,,3.04,4.13,,,,,7.34,4.06,,8.81,13.2,,,8.81,,4.16,2.24,,,4.22,5.19,2.81,,8.81,,,,8.7,,25.13,,3.13,,8.02,3.73,,8.88,,4.09,4.91,,,,,,3.45,,,,4.7,,3.41,6.96,,,,17.05,5.8,,13.86,6.61,4.83,6.99,7.34,,,5.26,18.2,,4.31,,,,2.51,,,,4.45,,,7.28,,,3.32,9.2,,,7.92,,8.65,3.94,10.12,3.45,,,11.28,,11.25,,,9.16,,4.02,8.44,5.22,2.75,,,2.57,2.23,,,5.8,7.29,,,1.74,,12.52,12.19,8.2,,3.32,3.49,2.88,5.69,,10.62,5.38,,,15.39,,,,5.82,,,,,16.61,,6.38,,,,,,,5.43,,,,,,,,8.43
2013-07-22,11.33,,,,,,10.98,,,20.5,13.82,14.19,,,,23.94,,8.7,9.58,,,11.25,42.68,,15.57,16.25,,,13.51,,14.97,11.12,20.05,,,,,28.5,,12.08,28.77,42.16,,,,,,71.24,,2.3,,6.04,,3.88,5.7,4.97,,,16.44,,,,20.21,6.96,6.91,5.92,,13.88,,7.14,15.69,,5.6,26.3,,,7.62,,17.17,6.62,26.56,,9.96,,12.4,,,,,10.3,,,5.88,13.56,11.5,,3.35,17.69,9.91,13.15,9.09,13.26,9.46,13.7,,,10.48,12.78,6.68,,4.87,,,,,,10.56,10.41,,7.35,18.48,,19.27,7.33,5.48,,,,,,8.01,,,10.15,15.08,,,15.1,,29.42,5.73,11.02,10.41,12.11,9.19,,,21.2,23.19,,7.03,15.97,14.43,14.72,,14.72,28.0,24.17,,,17.89,14.93,8.13,,10.12,,,11.71,,9.31,,6.8,,,17.01,12.69,8.15,9.83,10.06,,,,15.84,43.88,,,4.25,,19.82,9.13,,,,,,,,,8.95,,31.69,8.33,33.24,8.17,,5.38,,11.62,12.3,,8.45,,,,,10.13,,11.13,6.44,,,,,,5.3,7.46,34.31,16.3,,7.42,21.87,8.35,15.71,,24.74,15.8,,26.79,12.95,5.62,11.45,,,5.77,,3.06,7.62,7.07,14.22,,,9.88,5.33,13.17,10.93,,8.49,4.1,,,8.71,4.1,8.05,,6.15,,,,,4.37,5.97,,6.95,,,,,7.37,,17.98,4.65,,,4.5,,,,,,,8.07,,8.18,,,,6.26,,,16.05,,,5.7,,20.49,,3.88,5.55,,10.94,,,6.69,,11.91,6.05,4.83,8.88,,,,,8.41,,5.22,7.3,12.79,,,8.35,,12.06,9.6,38.7,9.99,,16.91,,11.15,,,11.34,,14.09,19.82,,13.63,7.55,15.6,,,,,,,,,49.18,,,23.09,21.02,7.66,,,,22.19,,,,,,,,7.18,,,5.63,,,,,6.13,,34.01,,6.43,5.15,23.77,,2.59,,,,,4.78,,,,8.22,,,,,,18.94,,,7.3,3.83,12.96,9.21,,,21.45,,,,6.3,,,,,,11.6,11.38,,,,,,,,,2.82,,11.8,,,,14.87,,22.99,9.87,,13.84,,,8.78,6.46,,,,,8.12,15.09,6.79,15.51,,,,,,,,,8.89,,10.27,8.86,,,6.57,,14.38,20.62,,5.64,,8.84,,10.5,40.52,,,,,,,,,,22.94,,,,,12.3,14.03,7.25,4.84,,,,8.44,4.41,6.04,6.58,10.3,,,,,5.44,4.98,,15.15,3.56,,,,,,4.42,,,,,5.54,,,,4.32,,,,,,4.06,,,,,2.69,,,7.99,,,,,,5.07,4.14,,,,,,,8.46,6.51,3.25,,,,,,,7.46,,,,4.05,,4.99,4.89,3.1,,4.63,,13.15,,6.72,7.23,,,5.63,6.99,8.31,7.62,3.96,,,,,5.17,10.27,3.11,2.02,,,,,,5.53,,,10.19,,,15.58,,,,,,,6.19,4.53,,,,8.57,,,,,,,,,,,8.35,,10.52,,,,,7.02,7.32,7.49,,,,16.09,2.42,,26.65,,9.15,,,2.16,3.83,,,5.87,,,4.77,,2.92,,14.89,,,,8.8,10.18,,,,6.58,30.29,6.92,,2.2,6.61,3.47,6.58,,,6.32,,6.05,,,7.96,8.36,4.0,8.93,13.86,9.32,,3.58,5.33,,4.28,,15.14,,3.01,,,5.86,5.88,,4.05,,16.51,3.93,,7.64,,,,9.81,3.74,,,,,4.68,7.86,,4.99,,,4.83,,15.02,,,,,,,4.23,,,3.97,,23.16,,6.15,5.92,,,,,5.58,8.79,,3.59,8.98,,,,6.18,8.38,,3.06,6.6,5.85,,,,,6.68,,,2.94,3.99,,,,,7.4,3.98,,9.05,13.49,,,9.05,,4.29,2.26,,,4.28,5.34,2.81,,9.1,,,,8.74,,25.0,,3.14,,8.19,3.73,,8.97,,4.08,4.87,,,,,,3.43,,,,4.59,,3.42,7.18,,,,16.95,5.96,,14.79,6.53,4.9,6.99,7.42,,,5.38,18.35,,4.27,,,,2.46,,,,4.43,,,7.15,,,3.39,9.5,,,7.93,,8.94,3.95,,3.47,,,11.38,,11.49,,,9.2,,3.98,8.52,5.46,,,,2.58,2.22,,,5.7,7.4,,,1.74,,12.54,12.1,8.8,,3.3,3.48,2.93,5.79,,11.01,5.46,,,15.88,,,,6.14,,,,,16.8,,6.41,,,,,,,5.55,,,,,,,,8.44
2013-07-23,11.39,,,,,,11.1,,,20.82,14.05,14.68,,,,24.39,,8.82,9.49,,,11.44,44.36,,16.4,17.07,,,13.73,,15.65,11.5,19.9,,,,,27.97,,12.35,29.17,43.45,,,,,,72.0,,2.33,,6.17,,3.99,6.0,5.12,,,16.64,,,,20.24,7.24,6.95,6.33,,14.0,,7.46,16.33,,5.64,26.88,,,7.86,,17.44,6.76,28.18,,10.0,,12.79,,,,,10.29,,,6.04,13.57,11.7,,3.48,18.49,10.09,13.36,9.21,13.46,9.88,14.09,,,10.64,13.18,7.15,,4.99,,,,,,11.22,10.5,,7.47,18.5,,19.44,7.63,5.74,,,,,,8.2,,,10.41,15.4,,22.6,15.49,,32.36,5.92,11.03,10.45,12.28,9.39,,,21.4,22.96,,7.18,16.36,15.08,15.24,,15.05,28.16,25.57,,,18.4,15.8,8.39,,10.71,,,12.19,,9.5,,6.78,,,17.76,12.89,8.1,10.64,10.67,,,,15.64,43.77,,,4.38,,20.45,9.25,,,,,,,,,9.24,,31.95,8.63,34.24,8.37,,5.58,,11.74,12.96,,8.52,,,,,10.27,,11.57,6.65,,,,,,5.6,7.69,34.84,16.99,,7.57,21.98,8.76,16.3,,25.54,16.43,,26.35,13.4,5.75,11.5,,,5.99,,3.15,7.85,7.16,15.0,,,10.17,5.62,13.57,11.11,,8.46,4.18,,,8.8,4.12,8.28,,6.31,,,,,4.42,6.02,,7.09,,,,,7.47,,18.26,4.78,,,4.63,,,,,,,8.2,,8.26,,,,6.43,,,16.56,,,5.77,,21.36,,3.99,5.63,,11.31,,,6.98,,11.95,6.15,4.96,9.16,,,,,8.56,,5.36,7.54,13.04,,,8.49,,12.15,9.91,39.57,10.87,,17.38,,11.25,,,11.52,,14.44,20.03,,13.68,7.68,16.26,,,,,,,,,49.74,,,23.19,21.1,7.78,,,,22.53,,,,,,,,7.29,,,5.76,,,,,6.28,,34.03,,6.56,5.25,23.92,,2.71,,,,,4.85,,,,8.55,,,,,,19.0,,,7.45,3.94,13.02,9.4,,,21.88,,,,6.3,,,,,,12.09,11.66,,,,,,,,,2.88,,12.0,,,,15.28,,23.48,10.2,,14.24,,,9.08,6.47,,,,,8.32,15.33,6.92,15.64,,,,,,,,,9.02,,10.46,9.14,,,6.71,,14.68,21.18,,5.97,,8.92,,10.72,40.9,,,,,,,,,,23.0,,,,,12.79,15.39,7.18,5.0,,,,8.7,4.51,6.01,6.69,10.89,,,,,5.57,5.08,,15.49,3.65,,,,,,4.65,,,,,5.71,,,,4.46,,,,,,4.18,,,,,2.76,,,8.29,,,,,,5.15,4.47,,,,,,,8.95,6.6,3.33,,,,,,,7.56,,,,4.15,,5.13,4.92,3.15,,4.7,,13.46,,6.86,7.36,,,5.76,7.02,8.66,7.81,4.11,,,,,5.32,10.33,3.16,2.06,,,,,,5.78,,,10.65,,,15.91,,,,,,,6.33,4.61,,,,8.92,,,,,,,,,,,8.43,,11.15,,,,,7.29,7.41,7.66,,,,16.45,2.44,,27.27,,9.39,,,2.23,3.86,,,5.95,,,4.86,,2.98,,14.89,,,,8.98,10.46,,,,6.75,30.81,7.04,,2.24,7.27,3.55,7.0,,,6.47,,6.14,,,8.26,8.65,4.04,8.9,14.15,9.5,,3.68,5.37,,4.59,,15.39,,3.09,,,5.93,5.98,,4.2,,16.96,4.02,,7.82,,,,10.4,3.83,,,,,4.92,8.02,,5.06,,,4.86,,15.08,,,,,,,4.28,,,4.05,,23.41,,6.35,5.98,,,,,5.75,9.18,,3.64,9.22,,,,6.44,8.82,,3.11,6.79,6.15,,,,,6.74,,,3.13,4.04,,,,,7.33,4.0,,9.37,13.59,,,9.2,,4.37,2.3,,,4.31,5.6,2.89,,9.41,,,,8.9,,26.45,,3.22,,8.51,3.82,,9.19,,4.17,5.05,,,,,,3.45,,,,4.69,,3.48,7.29,,,,17.47,6.06,,14.98,6.71,5.05,7.19,7.67,,,5.39,18.3,,4.32,,,,2.5,,,,4.58,,,7.42,,,3.41,9.83,,,8.04,,9.43,4.04,,3.55,,,11.93,,11.44,,,9.31,,4.08,8.75,5.49,,,,2.62,2.27,,,5.76,7.75,,,1.78,,12.58,12.49,9.68,,3.35,3.53,2.98,6.37,,11.2,5.6,,,15.95,,,,6.39,,,,,17.3,,6.56,,,,,,,5.8,,,,,,,,8.61
2013-07-24,11.3,,,,,,11.16,,,21.41,15.01,15.22,,,,24.05,,8.98,9.27,,,11.75,48.8,,16.27,18.78,,,14.18,,15.82,11.45,20.12,,,,,27.98,,12.72,31.19,47.8,,,,,,72.14,,2.3,,6.19,,4.0,5.98,5.09,,,17.18,,,,20.54,7.47,6.85,6.74,,14.0,,7.41,16.58,,5.54,26.9,,6.8,7.9,,17.15,6.82,28.61,,9.9,,12.79,,,,,10.14,,,6.05,13.54,11.59,,3.51,19.33,10.05,13.7,7.27,14.81,9.89,14.17,,,10.68,13.17,7.19,,4.96,,,,,,11.11,10.5,,7.32,18.15,,20.52,8.18,6.05,,,,,,8.22,,,10.24,15.1,,22.45,15.78,,34.8,6.01,11.21,10.65,13.05,9.19,,,22.47,22.7,,7.19,16.62,15.0,15.37,,14.79,28.7,25.99,,,18.4,15.54,8.51,,11.4,,,12.09,,10.0,,7.46,,,18.54,12.8,8.0,10.52,11.21,,,,17.2,42.96,,,4.5,,20.79,9.3,,,,,,,,,9.49,,33.53,8.91,36.3,8.93,,5.6,,12.2,12.98,,8.72,,,,,10.66,,11.92,6.88,,,,,,5.62,7.75,36.3,16.84,,7.54,23.7,8.9,17.0,,26.32,16.42,,26.16,13.29,5.72,11.83,,,5.91,,3.21,7.8,7.1,15.8,,,9.97,5.7,13.79,10.79,,8.35,4.09,,,9.68,4.1,8.29,,6.25,,,,,4.41,5.98,,7.19,,,,,7.62,,18.02,4.76,,,4.61,,,,,,,8.17,,8.23,,,,6.61,,,16.46,,,6.07,,21.78,,3.95,5.71,,11.38,,,6.89,,12.39,6.07,4.96,9.38,,,,,8.63,,5.58,7.67,13.05,,,8.55,,11.98,10.28,38.42,10.34,,17.39,,11.8,,,11.85,,14.41,20.04,,13.63,7.81,16.41,,,,,,,,,51.79,,,24.37,20.6,7.94,,,,23.0,,,,,,,,7.25,,,5.95,,,,,6.19,,36.76,,6.62,5.3,26.31,,2.7,,,,,4.76,,,,8.63,,,,,,18.67,,,7.62,3.94,13.38,9.37,,,23.07,,,,6.27,,,,,,12.08,11.49,,,,,,,,,2.86,,11.99,,,,15.72,,23.64,10.2,,14.13,,,9.16,6.58,,,,,8.8,15.86,6.91,16.05,,,,,,,,,9.11,,10.81,9.31,,,6.72,,14.95,20.79,,6.22,,8.72,,10.92,42.38,,,,,,,,,,23.2,,,,,12.68,16.07,7.04,4.95,,,,8.57,4.46,6.01,6.63,10.68,,,,,5.48,5.18,,15.41,3.61,,,,,,4.56,,,,,5.85,,,,4.45,,,,,,4.11,,,,,2.71,,,8.16,,,,,,5.23,4.54,,,,,,,9.08,6.49,3.26,,,,,,,7.72,,,,4.08,,5.19,4.82,3.1,,4.61,,13.17,,6.9,7.44,,,5.63,7.19,8.78,7.76,4.06,,,,,5.27,10.08,3.13,2.03,,,,,,5.64,,,10.57,,,16.07,,,,,,,6.39,4.58,,,,8.78,,,,,,,,,,,8.57,,11.2,,,,,7.29,7.27,7.72,,,,16.81,2.41,,27.15,,9.53,,,2.27,3.88,,,6.0,,,4.81,,2.99,,14.7,,,,8.89,10.89,,,,6.66,30.62,7.28,,2.24,7.47,3.5,7.09,,,6.52,,6.15,,,8.38,8.55,4.01,8.8,14.29,9.43,,3.73,5.31,,4.52,,15.09,,3.09,,,5.92,5.9,,4.19,,16.75,4.0,,8.21,,,,10.97,3.77,,,,,4.9,7.97,,5.07,,,4.68,,15.02,,,,,,,4.23,,,4.07,,23.07,,6.34,5.97,,,,,5.71,9.55,,3.61,9.33,,,,6.35,8.99,,3.11,6.61,6.08,,,,,6.6,,,3.05,4.01,,,,,7.27,4.13,,9.52,13.63,,,9.1,,4.43,2.35,,,4.19,5.51,2.99,,9.25,,,,8.94,,26.26,,3.18,,8.62,3.85,,9.34,,4.11,5.01,,,,,,3.48,,,,4.52,,3.45,7.32,,,,17.33,5.87,,15.55,6.57,5.03,7.2,7.64,,,5.24,19.39,,4.3,,,,2.49,,,,4.52,,,7.31,,,3.47,10.0,,,8.05,,9.34,4.04,11.13,3.65,,,11.98,,11.18,,,9.88,,4.05,8.78,5.63,,,,2.69,2.24,,,5.8,7.68,,,1.76,,12.36,12.03,10.29,,3.37,3.56,2.94,6.52,,11.2,5.58,,,15.8,,,,6.9,,,,,16.95,,6.59,,,,,,,5.76,,,,,,,,8.79
2013-07-25,10.78,,,,,,10.59,,,19.78,14.02,14.2,,,,22.55,,8.7,8.52,,,10.85,50.15,,14.68,18.07,,,12.92,,14.24,11.0,18.58,,,,,26.0,,11.86,28.88,46.0,,,,,,65.66,,2.31,,6.38,,3.98,5.92,5.03,,,16.15,,,,19.8,7.32,6.67,6.45,,14.08,,7.43,15.78,,5.52,27.34,,6.65,7.78,,17.28,6.85,28.22,,9.71,,12.64,,,,,10.18,,,5.98,12.96,11.47,,3.48,18.24,10.15,12.33,7.09,15.2,10.36,13.5,,,9.98,12.98,7.1,,5.07,,,,,,11.08,10.38,,7.42,17.1,,19.31,7.52,5.68,,,,,,8.07,,,9.94,15.16,,22.52,15.37,,33.5,6.05,10.7,10.96,12.65,8.86,,,22.09,21.23,,7.25,16.83,14.15,16.13,,14.39,26.78,25.49,,,18.12,16.09,8.36,,10.83,,,11.62,,9.2,,7.19,,,16.97,11.58,7.9,9.52,11.03,,,,15.88,38.66,,,4.33,,19.25,9.27,,,,,,,,,9.16,,30.42,8.8,35.15,8.61,,5.91,,11.58,12.54,,8.45,,,,,10.04,,11.2,6.6,,,,,,5.61,7.58,33.14,15.92,,7.25,22.88,8.59,16.17,,25.87,16.29,,24.35,12.22,5.35,11.12,,,5.82,,3.25,7.6,7.1,15.95,,,9.74,5.67,13.65,10.28,,7.68,4.04,,,9.22,3.96,8.29,,6.29,,,,,4.27,5.78,,7.25,,,,,7.48,,17.77,4.74,,,4.61,,,,,,,7.96,,8.18,,,,6.4,,,16.75,,,5.86,,20.93,,3.87,5.45,,10.9,,,6.55,,13.63,6.06,4.8,9.1,,,,,8.4,,5.6,7.55,12.92,,,8.42,,11.7,10.01,37.12,9.99,,17.15,,11.24,,,11.7,,13.9,19.84,,13.24,7.62,15.21,,,,,,,,,49.55,,,21.95,18.75,7.62,,,,21.6,,,,,,,,7.43,,,5.77,,,,,6.15,,34.69,,6.5,5.2,26.92,,2.97,,,,,4.86,,,,8.36,,,,,,19.49,,,7.42,3.91,12.8,9.16,,,22.26,,,,5.97,,,,,,12.0,11.13,,,,,,,,,2.81,,12.72,,,,15.51,,23.06,9.9,,13.8,,,9.27,6.94,,,,,8.5,15.25,6.75,15.4,,,,,,,,,8.76,,10.31,8.93,,,6.52,,14.11,18.82,,5.96,,7.95,,10.65,40.71,,,,,,,,,,21.56,,,,,12.78,16.13,6.78,4.91,,,,8.75,4.38,5.87,6.57,10.81,,,,,5.38,5.09,,15.08,3.6,,,,,,4.54,,,,,5.7,,,,4.33,,,,,,4.15,,,,,2.82,,,8.06,,,,,,5.15,4.52,,,,,,,8.9,6.64,3.26,,,,,,,7.87,,,,4.22,,5.11,4.77,3.06,,4.55,,14.1,,6.88,7.37,,,5.65,6.9,8.18,7.68,4.09,,,,,5.19,10.05,3.12,2.02,,,,,,5.5,,,11.12,,,15.86,,,,,,,6.66,4.66,,,,8.73,,,,,10.07,,,,,,8.21,,10.93,,,,,7.12,7.05,7.58,,,,16.33,2.52,,27.66,,9.64,,,2.23,3.84,,,5.87,,,4.69,,2.94,,14.34,,,,8.68,10.6,,,,6.83,29.96,7.1,,2.24,6.97,3.47,6.86,,,6.43,,6.15,,,8.1,8.35,3.9,8.67,13.91,9.56,,3.66,5.67,,4.39,,14.8,,3.2,,,6.06,5.83,,4.25,,16.6,3.95,,8.16,,,,11.05,3.67,,,,,4.76,7.82,,5.18,,,4.61,,14.63,,,,,,,4.15,,,4.09,,23.02,,6.5,5.86,,,,,5.59,9.57,,3.54,9.26,,,,6.29,8.8,,3.12,6.55,6.12,,,,,6.54,,,2.99,4.09,,,,,7.45,3.88,,9.39,14.86,,,8.81,,4.43,2.3,,,4.27,5.3,2.91,,8.78,,,,8.79,,26.5,,3.19,,8.72,3.76,,9.13,,4.1,4.96,,,,,,3.38,,,,4.46,,3.44,7.34,,,,16.46,5.82,,15.87,6.58,4.95,7.14,7.47,,,5.09,18.35,,4.33,,,,2.42,,,,4.42,,,7.24,,,3.38,10.23,,,7.98,,9.26,3.98,11.39,3.62,,,11.95,,10.92,,,9.7,,3.97,8.95,5.58,,,,2.67,2.26,,,5.92,7.8,,,1.75,,12.28,11.95,9.82,,3.32,3.49,2.92,6.26,,11.1,5.51,,,15.4,,,,6.78,,,,,16.85,,6.53,,,,,,,5.71,,,,,,,,8.64
2013-07-26,10.69,,,,,,10.59,,,19.58,14.09,14.49,,,,21.51,24.24,8.56,8.58,,,10.7,47.6,,14.98,19.25,,,12.45,,14.9,10.99,18.89,,,,,26.19,,12.2,29.49,46.19,,,,,,65.0,,2.28,,6.27,,3.94,5.96,4.97,,,16.07,,,,20.08,7.45,6.83,6.29,,13.83,,7.43,15.65,,5.55,25.9,,6.5,7.95,,17.11,6.93,27.78,,9.61,,13.45,,,,,10.41,,,5.98,13.29,11.36,,3.53,18.77,11.17,12.67,7.1,14.56,10.49,14.12,,,10.65,12.8,6.99,,5.28,,,,,,11.19,10.59,,7.28,17.11,,19.65,7.83,6.25,,,,,,8.07,,,9.8,14.53,8.39,22.3,15.28,,36.85,5.96,10.58,11.3,12.5,9.04,,,22.66,20.97,,7.22,16.43,13.99,16.79,,13.87,26.15,25.46,,,17.96,15.58,8.26,,11.91,,,12.04,,9.48,,7.1,,,17.0,11.67,7.67,9.96,11.53,,,,16.64,40.0,,,4.35,,19.4,9.22,,,,,,,,,9.19,,30.17,9.02,35.47,8.41,,6.5,,11.8,12.54,,8.28,,,,,9.94,,11.45,6.62,,,,,,5.42,7.58,33.97,15.68,,7.34,23.28,8.73,16.1,,25.99,16.7,,24.74,12.42,5.2,11.6,,,5.85,,3.16,8.06,7.09,16.73,,,9.58,5.75,13.31,10.12,,7.8,4.04,,,9.19,3.99,8.12,,6.25,,,,,4.22,5.69,,7.32,,,,,7.54,,17.75,4.8,,,4.62,,,,,,,8.06,,8.7,,,,,,,16.75,,,5.75,,21.11,,3.88,5.48,,11.99,,,6.79,,13.06,5.85,4.8,9.19,,,,,8.29,,5.74,8.31,13.09,,,8.28,,11.76,9.83,36.8,9.98,,17.11,,11.45,,,12.29,,13.67,19.83,,13.47,7.59,15.26,,,,,,,,,50.25,,,22.3,19.05,7.66,,,,21.28,,,,9.32,,,,7.25,,,5.7,,,,,6.09,,34.69,,6.56,5.14,27.25,,3.06,,,,,4.79,,,,8.35,,,,,,18.93,,,7.3,3.87,12.87,9.04,,,22.48,,,,5.98,,,,,,11.8,11.19,,,,,,,,,2.79,,12.63,,,,15.49,,22.97,10.0,,13.39,,,9.15,6.61,,,,,8.85,15.0,6.8,15.57,,,,,,,,,8.84,,10.07,9.04,,,6.45,,14.21,19.42,,5.92,,7.88,,10.68,40.88,,,,,,,,,,21.8,,,,,12.52,15.31,6.85,4.85,,,,8.74,4.32,5.84,6.58,10.69,,,,,5.39,5.11,,14.82,3.6,,,,,,4.99,,,,,5.64,,,,4.28,,,,,,4.11,,,,,2.79,,,8.02,,,,5.64,,5.1,4.38,,,,,,,8.61,6.56,3.23,,,,,,,7.69,,,,4.16,,5.07,4.73,3.03,,4.58,,13.96,,6.78,7.24,,,5.62,6.75,8.3,7.69,4.04,,,,,5.17,10.1,3.12,2.0,,,,,,5.48,,,10.96,,,15.66,,,,,,,6.6,4.59,,,,8.6,,,,,9.99,,,,,,8.67,,10.85,,,,,7.15,6.95,7.51,,,,16.24,2.46,,27.06,,9.98,,,2.2,3.81,,,5.9,,,4.79,,2.89,,13.9,,,,8.7,10.5,,,,6.65,29.88,6.87,,2.2,7.0,3.4,6.9,,,6.33,,6.1,,,7.92,8.31,3.95,8.55,13.49,9.33,,3.64,5.4,,4.41,,14.46,,3.14,,,6.01,5.77,,4.16,,16.86,3.96,,8.24,,,,11.5,3.68,,,,,4.62,7.92,,5.16,,,4.66,,14.79,,,,,,,4.15,,,3.98,,22.18,,6.31,5.81,,,,,5.61,9.58,,3.5,9.46,,,,6.22,8.69,,3.12,6.55,6.02,,,,,6.4,,,3.0,4.15,,,,,7.64,3.89,,9.28,14.46,,,8.86,,4.5,2.28,,,4.18,5.24,2.89,,8.75,,,,8.66,,26.27,,3.19,,8.63,3.82,,9.11,,4.09,4.91,,11.99,,,,3.32,,,,4.47,,3.4,7.2,,,,16.19,5.85,,15.8,6.45,5.02,7.34,7.48,,,5.16,18.25,,4.31,,,,2.46,,,,4.45,,,7.22,,11.52,3.35,10.05,,,7.87,,9.1,3.96,11.17,3.58,,,12.98,,10.89,,,9.94,,3.97,8.93,5.68,,,,2.68,2.22,,,6.51,7.92,,,1.75,,12.49,11.72,10.05,,3.36,3.43,2.91,6.25,,11.0,5.72,,,15.26,,,,6.9,,,,,16.83,,6.57,,,,,,,5.75,,,,,,,,8.9
2013-07-29,10.72,,,,,,10.54,,,19.77,13.49,13.9,,,,19.76,23.78,8.52,8.31,,,11.08,43.38,,14.13,18.65,,,12.08,,14.15,10.9,19.2,,,39.11,,26.13,,12.1,28.97,42.85,,,,,,67.03,,2.23,,6.07,,3.88,5.72,4.79,,,15.61,,,,19.87,7.02,6.52,6.35,,13.87,,7.84,15.71,,5.5,25.09,,6.51,7.78,,16.5,6.94,28.07,,9.39,,13.54,,,,,10.48,,,5.84,12.91,11.37,,3.46,18.16,12.15,11.8,7.14,13.92,10.26,14.34,,,10.19,12.59,7.0,,5.1,,,,,,10.75,,,7.15,16.6,,18.93,8.27,6.88,,,,,,8.03,10.82,,9.83,13.91,8.27,21.54,14.89,,33.85,5.92,10.6,11.0,12.32,8.87,,,21.82,21.26,,7.12,15.92,14.03,15.65,,12.95,25.7,26.6,,,17.65,14.91,8.33,,11.59,,,11.68,,9.26,,6.74,,,16.92,11.9,7.66,9.12,11.77,,,,15.57,40.4,,,4.34,,19.82,9.24,,,,,,,,,8.95,,29.07,8.77,34.84,8.57,,6.85,,12.19,12.02,,7.93,,,,,9.6,,11.21,6.44,,,,,,5.96,7.53,32.48,15.4,,7.18,22.71,8.55,15.7,,24.82,16.0,,23.83,11.79,5.43,11.68,,,5.78,,3.26,7.85,7.02,16.05,,,9.44,5.6,13.05,10.07,,7.52,4.07,,,9.22,3.98,8.13,,6.21,,,,,4.1,5.47,,7.27,,,,,7.51,,17.81,4.68,,,4.71,,,,,,,7.88,,8.75,,,,,,,15.98,,,5.59,,20.38,,3.77,5.59,,12.58,,,6.93,,12.2,5.63,4.7,9.23,,,,,8.38,,6.01,8.42,12.46,,,8.2,,11.65,9.73,33.47,10.18,,16.56,,11.3,,,12.75,,13.57,19.67,,13.81,7.5,14.77,,,,,,,,,49.63,,,21.47,18.89,7.58,,,,20.67,,,,9.23,,,,7.38,,,5.8,,,,,5.9,,33.5,,6.37,5.12,25.85,,2.94,,,,,4.63,,,,7.95,,,,,,20.3,,,7.14,3.78,12.74,9.04,,,21.75,,,,6.12,,,,,,11.6,11.27,,,,,,,,,2.93,,12.53,,,,16.0,,23.0,9.83,,12.97,,,9.06,6.36,,,,,9.12,14.93,6.94,15.01,,,,,,,,,8.96,,10.11,8.86,,,6.42,,13.94,19.41,,5.9,,8.27,,10.8,40.16,,,,,,,,,,20.46,,,,,12.03,15.57,6.36,4.71,,,,8.6,4.27,5.79,6.39,10.16,,,,,5.25,4.88,,14.49,3.51,,,,,,4.86,,,,,5.48,,,,4.27,,,,,,4.03,,,,,2.71,,,7.84,,,,5.45,,4.85,4.3,,,,,,,8.71,6.4,3.19,,,,,,,7.61,,,,4.04,,4.94,4.57,2.98,,4.74,,13.7,,6.58,7.32,,,5.51,6.54,8.12,7.44,4.03,,,,,5.08,9.38,3.04,1.96,,,,,,5.49,,,10.08,,,15.23,,,,,,,6.68,4.44,,,,8.37,,,,,9.23,,,,,,8.54,,10.52,,,,,6.99,6.89,7.41,,,,16.35,2.42,,26.43,,9.41,,,2.35,3.75,,,5.9,,,4.86,,2.79,,13.54,,,,8.86,10.2,,,,6.28,28.09,6.53,,2.16,6.72,3.32,6.9,,,6.2,,6.1,,,7.71,8.07,3.83,8.59,13.14,8.93,,3.58,5.39,,4.21,,14.03,,3.08,,,5.77,5.65,,4.12,,16.96,3.88,,8.0,,,,11.74,3.56,,,,,4.52,7.78,,5.21,,,4.6,,14.37,,,,,,,4.06,,,3.88,,22.29,,6.12,5.64,,,,,5.85,9.32,,3.38,8.79,,,,6.13,8.51,,3.28,6.33,5.83,,,,,6.5,,,2.87,4.32,,,,,8.08,3.83,,9.15,14.61,,,9.09,,4.24,2.34,,,4.18,5.1,2.82,,9.38,,,,8.52,,24.79,,3.12,,8.65,3.82,,9.24,,4.08,4.69,,11.83,,,,3.27,,,,4.43,,3.37,6.99,,,,16.33,5.83,12.43,15.91,6.22,4.8,7.15,7.27,,,4.86,17.85,,4.28,,,,2.47,,,,4.32,,,6.74,,11.09,3.29,9.82,,,7.85,,8.75,3.9,11.26,3.46,,,12.52,,10.5,,,9.8,,3.85,8.7,5.96,,,,2.62,2.15,,,6.51,7.8,,,1.72,,12.36,11.25,10.7,,3.31,3.33,2.85,6.06,,10.64,5.9,,,15.38,,,,6.68,,,,,16.27,,6.48,,,,,,,5.82,,,,,,,,8.66
2013-07-30,11.28,,,,,,11.07,,,19.0,13.4,13.77,,,,19.5,22.4,8.64,8.26,,,10.5,43.87,,13.64,18.68,,,11.7,,13.7,10.57,18.95,,,40.1,,24.55,,11.73,28.22,41.0,,,,,,62.8,,2.26,,6.11,,3.9,5.73,4.85,,,15.21,,,,19.5,6.88,6.72,6.27,,13.89,,8.32,15.32,,5.46,25.7,,6.46,8.04,,16.33,6.92,26.89,,9.75,,13.49,,,,,10.34,,,5.91,12.95,11.35,,3.53,17.7,11.72,12.09,7.19,14.0,9.78,13.8,,,9.75,12.8,6.87,,4.98,,,,,,11.2,,,6.86,16.5,,18.91,9.1,7.57,,,,,,8.23,10.8,,10.2,14.29,8.7,21.57,14.57,,31.7,5.83,11.03,11.7,12.17,8.7,,,20.87,19.96,,7.26,16.4,13.05,15.25,,12.48,25.5,25.82,,,17.43,14.79,8.39,,11.0,,,12.62,,8.72,,6.59,,,16.7,11.4,7.55,9.24,12.48,,,,14.98,38.18,,,4.41,,19.38,9.24,,,,,,,,,8.82,,28.0,8.88,34.02,8.86,,6.65,,11.67,12.1,,7.8,,,,,9.36,,10.88,6.59,,,,,,5.75,7.55,31.3,14.97,,7.16,22.25,8.57,15.16,,24.08,16.95,,23.37,11.42,5.31,10.97,,,5.75,,3.24,7.81,7.01,17.18,,,9.51,5.55,13.02,9.61,,7.35,4.15,,,8.78,3.97,8.11,,6.09,,,,,4.12,5.58,,7.3,,,,,7.37,,17.39,4.68,,,5.04,,,,,,,8.12,,8.99,,,,6.53,,,15.89,,,5.65,,20.71,,3.83,5.48,,13.03,,,6.91,16.99,12.01,5.74,4.66,9.08,,,,,8.2,,6.56,9.11,11.71,,,8.22,,11.65,9.38,32.2,9.98,,16.68,,10.85,,,12.34,,13.29,20.04,,13.65,7.57,14.11,,,,,,,,,48.35,,,21.35,18.5,7.41,,,,20.05,,,,9.0,,,,7.2,,,5.99,,10.75,,,5.95,,32.8,,6.44,5.09,25.84,,3.23,,,,,4.66,,,3.61,8.53,,,,,,20.98,,,7.18,3.8,13.14,9.94,,,20.94,,,,6.09,,,,,,11.68,11.12,,,,,,,,,2.82,,12.75,,,,15.61,,23.01,10.05,,13.13,,,9.0,6.32,,,,,8.9,15.0,6.93,15.0,,,,,,,,,8.63,,10.02,8.81,,,6.23,,13.53,19.76,,5.9,,8.01,,11.3,39.94,,,,,,,,,,20.05,,,,,12.28,14.35,6.26,4.77,,,,8.92,4.34,5.72,6.39,10.44,,,,,5.28,5.37,,14.68,3.51,,,,,,4.82,,,,,5.47,,,,4.2,,,,,,4.03,,,,,2.78,,,7.88,,,,5.54,,4.89,4.36,,,,,,,9.18,6.35,3.19,,,,,,,7.71,,,,4.1,,5.06,4.6,3.05,,4.99,,13.53,,6.66,7.66,,,5.58,6.56,7.84,7.5,4.07,,,,,5.1,9.32,3.05,1.96,,,,,,5.47,,,9.93,,,15.07,,,,,,,6.4,4.45,,,,8.47,,,,,9.49,,,,,,8.34,,10.4,,,,,6.92,6.62,7.44,,,,16.33,2.43,,26.12,,9.02,,,2.41,3.74,,,5.83,,,4.93,,2.81,,13.59,,6.47,,9.29,10.36,,,,6.41,26.06,6.6,,2.15,6.77,3.35,6.84,,,6.27,,6.13,,,7.7,8.05,3.82,8.56,13.01,8.89,,3.58,5.33,,4.13,,14.2,,3.08,,,5.78,5.69,,4.09,,16.92,4.0,,7.84,,,,11.78,3.59,,,,,4.52,7.77,,5.2,,,4.93,,14.57,,,,,,,4.06,,,3.9,,22.46,,6.16,5.81,,,,,5.94,9.49,,3.44,9.63,,,,6.23,8.79,,3.27,6.37,5.89,,,,,6.54,,,2.9,4.31,,,,,8.49,3.82,,9.47,14.59,,,8.98,,4.24,2.31,,,4.24,5.14,2.83,,9.04,,,,8.34,,25.75,,3.14,,8.3,3.8,,9.16,,4.09,4.74,,11.4,,,,3.27,,,,4.44,,3.39,7.03,,,,16.37,5.85,13.67,15.57,6.53,4.81,7.12,7.29,,,4.91,17.79,,4.42,,,,2.49,,,,4.34,,,6.74,,12.2,3.27,,,,8.64,,9.06,3.91,11.62,3.49,,,11.5,,10.42,,,9.0,,3.81,8.81,6.22,,,,2.58,2.19,,,6.72,8.05,,,1.73,,12.01,11.29,10.05,,3.33,3.33,2.86,6.17,,10.82,5.69,,,15.31,,,,6.47,,2.16,,,16.86,,6.6,,,,,,,5.77,,,,,,,,8.4
2013-07-31,12.41,,,,,,11.38,,,18.96,13.76,14.26,,,,21.16,23.62,9.5,8.25,,,10.57,42.41,,15.0,18.26,,,11.8,,14.36,10.51,19.1,,,41.2,,24.55,,11.89,29.28,40.71,,,,,,62.99,,2.24,,6.1,,3.9,5.65,4.82,,,15.33,,,,19.26,6.81,6.89,6.3,,14.45,,8.35,15.39,,5.44,26.28,,6.46,8.1,,16.4,6.9,26.09,,9.74,,13.18,,,,,10.45,,,5.88,14.02,11.48,,3.88,18.5,12.87,11.75,7.52,13.9,9.75,13.8,,,9.67,12.78,6.8,,5.0,,,,,,10.99,,,6.65,15.63,,19.77,8.85,8.33,,,,,,8.14,10.79,,10.07,14.09,8.49,21.61,14.65,,32.03,5.82,10.67,11.76,12.06,8.68,,,21.17,19.48,,7.25,16.43,12.93,15.37,,12.8,26.16,25.96,,,17.46,15.19,8.64,,11.58,,,12.37,,8.7,,6.63,,,16.67,11.67,7.95,9.11,13.45,,,,15.4,37.66,,,4.37,,19.34,9.19,,,,,,,,,8.87,,27.55,8.8,34.0,9.53,,6.49,,11.76,12.15,,7.81,,,,,9.45,,11.33,6.65,,,,,,5.75,7.77,33.3,15.03,,7.24,24.48,8.68,15.7,,24.62,16.6,,22.94,11.72,5.29,11.17,,,5.78,,3.22,7.85,7.2,17.01,,,9.9,5.46,12.92,9.43,,7.31,4.12,,,8.67,4.05,8.07,,6.13,,,,,4.24,5.54,,7.73,,,,,7.37,,17.42,4.78,,,5.06,,,,,,,8.22,,9.06,,,,7.18,,,15.98,,,5.57,,20.53,,3.83,5.68,,12.6,,,6.85,17.0,11.93,5.87,4.68,9.0,,,,,8.15,,6.3,8.83,11.79,,,8.15,,11.74,9.7,32.39,10.28,,16.78,,10.96,,,12.37,,13.21,20.02,,14.54,7.78,14.11,,,,,,,,,48.31,,,21.3,19.6,7.65,,,,20.07,,,,8.9,,,,7.22,,,5.91,,10.84,,,5.99,,32.9,,6.48,5.1,26.65,,3.55,,,,,4.67,,,3.97,8.6,,,,,,20.58,,,7.24,3.83,12.98,9.7,,,21.19,,,,6.04,,,,,,11.58,11.13,,,,,,,,,2.84,26.33,12.6,,,,16.18,,23.15,9.95,,13.6,,,9.08,6.33,,,,,8.78,15.41,7.03,14.79,,,,,,,,,8.74,,10.08,9.02,,,6.37,,13.51,19.53,,5.88,,8.08,,11.08,38.27,,,,,,,,,,20.16,,,,,12.29,14.23,6.31,4.76,,,,8.87,4.34,5.81,6.4,10.52,,,,,5.28,5.64,,14.76,3.55,,,,,,4.79,,,,,5.48,,,,4.27,,,,,,4.07,,,,,2.82,,,8.01,,,,5.51,,4.85,4.33,,,,,,,9.02,6.32,3.2,,,,,,,8.29,,,,4.19,,5.11,4.61,3.15,,4.97,,14.18,,6.61,7.44,,,5.55,6.6,7.88,7.52,4.07,,,,,5.13,9.23,3.06,1.98,,,,,,5.56,,,9.99,,,15.29,,,,,,,6.44,4.54,,,,8.51,,,,,9.44,,,,,,8.34,,10.61,,,,,6.92,6.77,7.4,,,,16.31,2.43,,26.69,,9.09,,,2.36,3.77,,,5.84,,,5.06,,2.8,,13.6,,6.57,,9.33,10.27,,,,6.36,26.56,6.55,,2.15,7.07,3.34,6.95,,,6.27,,6.12,,,8.02,8.13,3.86,8.64,12.74,8.91,,3.59,5.29,,4.1,,14.39,,3.06,,,5.71,5.69,,4.1,,16.98,4.22,,7.84,,,,11.59,3.6,,,,,4.64,8.25,,5.29,,,4.91,,14.59,,,,,,,4.04,,,4.03,,22.11,,6.13,5.79,,,,,6.01,9.51,,3.41,9.39,,,,6.27,8.81,,3.22,6.47,5.87,,,,,6.52,,,2.94,4.67,,,,,8.0,3.81,,9.41,14.14,,,9.02,,4.22,2.29,,,4.25,5.07,2.83,,9.02,,,,8.36,,26.91,,3.17,,8.36,3.81,,9.23,,4.13,4.83,,11.29,,,,3.26,,,,4.49,,3.39,7.01,,,,16.6,5.85,13.54,16.55,6.44,4.9,7.13,7.31,,,4.87,19.03,,4.4,,,,2.46,,,,4.38,,,7.0,,11.49,3.3,,,,9.13,,8.99,3.95,11.39,3.47,,,11.63,,10.4,,,9.01,,3.84,8.77,6.16,,,,2.58,2.18,,,6.58,8.04,,,1.75,,12.16,11.55,9.37,,3.34,3.66,2.87,6.13,,10.7,5.67,,,15.52,,,,6.42,,2.16,,,16.16,,6.58,,,,,,,5.86,,,,,,,,8.44
2013-08-01,,,,,,,11.6,,,19.68,14.26,15.69,,,,21.84,24.95,9.76,8.77,,,11.09,45.0,,15.67,19.1,,,12.39,,15.18,10.99,19.92,,,41.63,,27.01,,12.69,30.61,42.6,,,17.69,,,65.5,,2.28,,6.22,,3.96,5.85,4.96,,,15.8,,,,19.84,7.21,6.92,6.45,,15.9,,8.4,15.99,,5.56,26.95,,6.63,8.36,,17.01,7.02,27.69,,9.94,,13.45,,,,,10.59,,,6.02,14.27,11.65,,3.92,19.19,13.06,12.39,7.59,14.29,10.04,14.5,,,10.09,13.13,6.92,,5.12,,,,,,11.15,,,6.85,15.93,,20.56,8.96,8.88,,,,,,8.34,11.18,,10.33,14.5,8.87,22.3,15.11,,34.48,5.98,11.16,11.78,12.54,9.05,,,21.87,21.14,,7.38,16.8,13.29,15.6,,13.36,26.71,26.32,,,19.21,15.41,8.63,,11.91,,,12.6,,8.95,,6.93,,,17.18,12.71,8.17,9.69,14.06,,,,15.97,40.93,,,4.51,,21.27,9.39,,,,,,,,,9.25,,29.39,9.13,35.7,9.71,,6.65,,12.44,12.59,,8.06,,,,,9.95,,11.9,6.87,,,,,,5.89,8.07,36.0,16.03,,7.41,25.37,9.14,16.87,,26.18,17.0,,24.68,12.23,5.44,11.66,,,5.88,,3.27,8.01,7.23,17.24,,,10.12,5.61,13.18,9.95,,7.47,4.17,,,9.01,4.11,8.22,,6.35,,,,,4.29,5.95,,7.69,,3.88,,,7.54,,17.99,4.94,,,5.03,,,,,,,8.44,,9.27,,,,7.41,,,16.38,,,5.75,,21.17,,3.91,5.82,,13.05,,,6.81,17.44,12.73,5.9,4.77,9.58,,,,,8.34,,6.34,9.01,12.07,,,8.28,,12.01,10.45,33.42,10.7,,17.29,,11.61,,,12.45,,13.76,20.5,,14.63,8.0,14.65,,,,,,,,,50.32,,,22.26,20.42,8.17,,,,21.16,,,,9.24,,,,7.35,,,5.97,,11.14,,,6.18,,34.81,,6.61,5.24,28.74,,3.64,,,,,4.77,,,4.37,8.84,,,,,,20.76,,,7.41,3.92,13.05,9.74,,,21.63,,,,6.46,,,,,,11.66,11.33,,,,,,,,,2.87,28.92,12.6,,,,16.46,,23.45,10.2,,14.25,,,9.45,6.44,,,,,9.13,15.97,7.13,15.25,,,,,,,,,9.18,,10.34,9.92,,,6.55,,13.74,20.4,,6.06,,8.36,,11.47,39.21,,,,,,,,,,21.1,,,,,12.66,15.65,6.43,5.1,,,,9.02,4.5,5.84,6.55,11.2,,,,,5.45,5.61,,15.19,3.63,,,,,,4.83,,,,,5.61,,,,4.36,,,,,,4.1,,,,,2.85,,,8.19,,,,5.63,,4.95,4.45,,,,,,,9.09,6.44,3.25,,,,,,,8.54,,,,4.24,,5.22,4.73,3.17,,4.96,,14.3,,6.77,7.91,,,5.66,6.86,8.28,7.69,4.14,,,,,5.18,9.42,3.1,2.03,,,,,,5.65,,,10.4,,,15.68,,,,,,,6.52,4.63,,,,8.68,,,,,9.48,,,,,,8.7,,11.05,,,,,7.18,6.94,7.6,,,,16.79,2.48,,26.96,,9.33,,,2.4,3.83,,,6.07,,,5.04,,3.0,,13.68,,6.62,,9.34,10.5,,,,6.54,26.87,6.75,,2.18,7.26,3.42,6.98,,,6.43,,6.25,,,8.22,8.42,4.04,8.66,12.89,9.37,,3.76,5.33,,4.21,,14.79,,3.12,,,5.82,5.83,,4.17,,17.28,4.2,,7.95,,,,11.9,3.66,,,,,4.71,8.23,,5.54,,,4.91,,14.93,,,,,,,4.14,,,4.04,,22.45,,6.34,5.91,,,,,6.0,9.77,,3.48,9.5,,,,6.45,8.93,,3.25,6.68,6.09,,,,,6.61,,,3.0,5.12,,,,,7.91,3.88,,9.64,14.18,,,9.66,,4.31,2.32,,,4.33,5.16,2.88,,9.17,,,,8.46,,27.46,,3.21,,8.7,3.88,,9.42,,4.17,5.02,,12.21,,,,3.38,,,,4.56,,3.46,7.25,,,,17.19,5.93,14.15,16.99,6.62,5.39,7.26,7.43,,,5.0,19.21,,4.4,,,,2.49,,,,4.47,,,7.28,,11.28,3.39,,,,9.05,,9.22,4.07,11.42,3.53,,,11.7,,10.54,,,9.29,,3.92,8.92,6.21,,,,2.63,2.25,,,6.62,8.09,,,1.77,,12.57,11.84,9.75,,3.39,3.71,2.92,6.27,,10.98,5.71,,,15.81,,,,6.87,,2.19,,,16.28,,6.72,,,,,,,5.94,,,,,,,,8.75
2013-08-02,,,,,,,11.75,,,20.62,14.3,16.95,,,,20.86,24.77,10.74,8.75,,,12.2,43.4,,15.43,19.73,,,12.44,,15.27,11.24,19.44,,,41.34,,27.1,,12.52,29.8,41.24,,,17.4,,,68.16,,2.28,,6.25,,3.95,5.86,5.05,,,16.09,,,,19.99,7.33,6.81,6.36,,16.6,,8.52,16.05,,5.61,26.65,,6.62,8.49,,17.03,6.96,27.21,,9.81,,13.4,,,,,11.44,,,6.23,14.09,11.7,,3.85,19.24,12.89,12.68,7.85,14.54,9.92,15.95,,,9.93,13.51,6.82,,5.07,,,,,,11.16,,,7.11,15.31,,20.07,9.34,8.79,,,,,,8.31,11.07,,10.3,14.43,9.0,22.48,14.92,,35.12,6.15,11.34,12.18,12.5,9.15,,,22.4,20.88,,7.33,17.09,13.74,15.74,,13.86,26.7,26.58,,,19.92,15.28,8.4,,12.5,,,12.41,,9.12,,7.12,11.97,,17.8,13.98,8.59,9.82,14.01,,,,15.66,38.97,,,4.49,,21.06,9.56,,,,,,,,,9.43,,29.48,9.1,36.1,9.48,,6.35,,12.28,12.88,,8.43,,,,,9.96,,11.8,6.82,,,,,,6.05,8.31,35.2,15.77,,7.45,24.98,9.03,17.08,,26.54,16.52,,24.71,12.37,5.54,12.83,,,5.88,,3.25,8.03,7.21,16.75,,,10.27,5.54,13.56,10.42,,7.52,4.18,,,9.1,4.12,8.36,,6.3,,,,,4.46,5.9,,7.64,,3.87,,,8.11,,18.47,5.03,,,5.1,,,,,,,9.19,,8.95,,,,7.17,,,16.4,,,5.74,,21.23,,4.04,5.85,,13.01,,,6.69,17.2,12.59,5.9,4.8,9.66,,,,,8.4,,6.26,9.07,13.07,,,8.15,,12.09,10.98,33.58,11.44,,18.08,,11.4,,,12.92,,14.07,20.33,,14.75,7.97,14.88,,,,,,,,,49.34,,,22.49,20.79,8.99,,,,21.16,,,,9.18,,,,7.39,,,5.92,,11.18,,,6.17,,34.6,,6.58,5.22,28.44,,3.47,,,,,4.77,,,4.4,8.71,,,,,,20.8,,,7.26,3.92,13.25,9.64,,,21.52,,,,6.43,,,,,,12.14,11.25,,,,,,,,,2.93,28.89,12.6,,,,16.39,,23.41,10.19,,14.92,,,9.45,6.37,,,,,9.1,16.97,7.08,15.52,,,,,,,,,9.24,,11.37,10.91,,,6.83,,14.06,20.07,,6.29,,9.2,,11.48,39.95,,,,,,,,,,20.7,,,,,12.49,15.78,6.39,5.12,,,,9.04,4.59,5.72,6.57,11.06,,,,,5.52,5.71,,15.23,3.66,,,,,,4.85,,,,7.99,5.68,,,,4.34,,,,,,4.12,,,,,2.83,,,8.26,,,,5.64,,4.92,4.39,,,,,,,9.45,6.42,3.24,,,,,,,8.33,,,,4.19,,5.5,4.76,3.19,,5.1,,14.18,,6.82,7.86,,,5.73,6.8,8.14,7.85,4.34,,,,,5.17,9.53,3.09,2.02,,,,,,5.66,,,10.25,,,15.4,,,,,,,6.67,4.65,,,,8.95,,,,,9.51,,,,,,8.75,,11.05,,,,,7.23,6.93,7.59,,,,16.75,2.53,,26.93,,9.43,,,2.37,3.84,,,6.09,,,5.29,,2.98,,14.07,,6.64,,9.68,10.68,,,3.29,6.52,27.09,6.66,,2.18,7.08,3.47,6.97,,,6.42,,6.36,,,8.05,8.42,4.11,8.74,12.88,10.21,,3.72,5.33,,4.27,,14.96,,3.12,,,5.85,5.83,,4.17,,17.43,4.16,,7.84,,,,12.27,3.77,,,,,4.71,8.14,,5.6,,,4.85,,14.99,,,,,,,4.17,,,4.09,,22.8,,6.36,5.95,,,,,5.88,9.76,,3.57,9.57,,,,6.4,8.95,,3.27,6.79,6.18,,,,,6.57,,,3.01,4.95,,,,,7.6,3.9,,10.06,13.87,,,9.77,,4.33,2.31,,,4.32,5.17,2.88,,9.1,,,,8.56,,28.44,,3.22,,8.68,3.87,,9.78,,4.17,5.19,,11.96,,,,3.37,,,,4.57,,3.46,7.18,,,,17.05,5.97,13.91,16.68,6.54,5.93,7.35,7.49,,,4.95,19.11,,4.38,,,,2.47,,,,4.47,,,7.42,,10.99,3.57,,10.71,,8.8,,9.13,4.06,11.49,3.54,,,11.73,,10.74,,,9.52,,3.94,9.09,6.28,,,,2.74,2.25,,,6.49,7.96,,,1.8,,12.61,12.58,9.96,,3.43,3.63,2.92,6.41,,11.05,5.72,,,16.14,,,,6.8,,2.17,,,16.31,,6.73,,,,,,,5.89,,,,,,,,8.81
2013-08-05,,,,,,,12.15,,,22.68,14.38,16.56,,,,21.2,24.49,10.5,8.98,,,12.03,43.4,,15.7,19.65,,,12.61,,15.41,11.26,19.38,,,44.04,,26.98,,12.54,30.5,41.84,,,17.43,,,67.6,,2.31,,6.29,,3.98,5.88,5.14,,,16.66,,,,20.3,7.37,6.91,6.4,,16.69,,8.49,17.1,,5.71,27.95,,6.78,8.47,,18.73,7.05,27.89,,9.8,,14.21,,,,,12.53,,,6.38,14.56,11.83,,3.84,19.64,12.57,12.8,7.96,14.8,10.0,16.65,,,10.24,13.57,7.08,,5.11,,,,,,11.24,,,7.47,16.62,,20.3,9.11,8.81,,,,,,8.4,11.41,,10.54,14.53,9.78,22.95,15.82,,35.72,6.2,11.42,12.1,12.64,9.26,,,22.79,20.98,,7.45,17.07,13.63,15.96,,,27.22,26.15,,,19.96,15.88,8.49,,12.55,,,12.23,,9.38,,7.12,12.6,,17.9,13.72,8.58,10.19,,,,,15.75,39.82,,,4.52,,21.62,9.79,,,,,,,,,9.85,,28.9,9.38,36.3,10.43,,6.46,,12.35,13.46,,8.52,,,,,10.07,,12.04,7.02,,,,,,5.99,8.67,36.1,15.69,,7.73,25.17,9.29,17.19,,28.2,16.29,,23.91,12.66,5.59,14.06,,,5.85,,3.28,8.1,7.24,17.31,,,10.28,5.72,13.6,10.58,,7.84,4.28,,,9.23,4.16,8.43,,6.3,,,,,4.59,6.02,,7.67,,3.97,,,8.72,,18.25,5.04,,,5.3,,,,,,,,,8.95,,,,7.24,,,16.29,,,5.89,,22.61,,4.05,5.97,,13.44,,,6.7,17.41,13.16,5.95,4.86,9.74,,,,,8.6,,6.18,8.98,13.76,,,8.17,7.57,12.23,10.98,33.79,11.45,,18.6,7.19,11.7,,,12.72,,14.98,20.86,,15.17,8.26,15.18,,,,,,,,,51.1,,,22.8,21.38,8.9,,,,22.39,,,,9.23,,,,7.5,,,5.94,,11.35,,,6.31,,36.19,,6.69,5.62,29.15,,3.47,,,,,4.83,,,4.48,9.26,,,,,,20.52,,,7.57,4.02,13.45,9.73,,,21.57,,,,6.7,,,,,,12.19,11.65,,,,,,,,,2.94,30.0,13.2,,,,16.27,,23.58,10.3,,15.6,,,9.59,6.63,,,,,9.2,17.06,7.2,16.04,,,,,,,,,9.16,,11.47,10.34,,,6.9,,13.98,20.51,,6.28,,8.99,,11.52,40.1,,,,,,,,,,21.47,,,,,12.81,17.18,6.47,5.15,,,,9.04,4.91,5.76,6.64,11.28,,,,,5.58,5.69,,15.34,3.7,,,,,,4.87,,,,8.11,5.79,,,,4.52,,,,,,4.18,,,,,2.87,,,8.34,,,,5.72,,5.0,4.49,,,,,,,,6.49,3.29,,,,,,,8.39,,,,4.21,,5.53,4.91,3.18,,5.09,,14.45,,6.95,8.04,,,5.82,7.18,8.38,7.87,4.38,,,,,5.25,9.61,3.13,,,,,,,5.72,,,10.59,,,14.94,,,,,,,6.69,4.75,,,,8.94,,,,,9.54,,,,,,8.78,,11.32,,,,,7.34,6.95,7.71,,,,17.09,2.57,,27.37,,9.54,,,2.39,3.86,,,6.2,,,5.3,,3.03,,14.07,,6.79,,9.72,10.84,,,3.32,6.59,27.33,6.82,,2.21,7.42,3.53,6.98,,,6.91,,6.44,,,8.24,8.47,4.21,8.76,13.1,10.99,,3.92,5.34,,4.5,,15.06,,3.16,,,5.88,5.9,,4.19,,17.44,4.18,,7.92,,,,12.43,3.88,,,,,4.73,8.13,,5.8,,,4.89,,15.19,,,,,,,4.22,,,4.08,,23.0,,6.43,5.95,,,,,5.89,9.98,,3.58,9.73,,,,6.82,9.09,,3.27,6.79,6.26,,,,,6.6,,,3.02,5.45,,,,,7.66,3.99,,10.01,14.21,,,9.77,,4.35,2.33,,,4.34,5.32,2.92,,9.24,,,,8.86,,28.7,,3.25,3.83,8.85,3.89,,9.79,,4.15,5.21,,12.17,,,,3.38,,,,4.57,,3.67,7.36,,,,17.2,6.14,14.21,16.58,6.75,5.93,7.67,7.69,,,5.01,19.81,,4.44,,,,2.59,,,,4.58,,,7.45,,10.9,3.59,,11.25,,8.86,,9.24,4.13,11.42,3.58,,,12.25,,10.88,,,9.5,,3.96,9.16,6.18,,,,2.7,2.31,,,6.69,7.97,,,1.8,,12.55,12.88,9.81,,3.48,3.66,2.97,6.45,,11.18,5.77,,,16.43,,,,6.75,,2.18,,,16.69,,6.82,,,,,,,5.99,,,,,,,,9.47
2013-08-06,,,,,,,11.94,,,22.59,14.45,16.86,,,,22.26,25.84,10.64,8.92,,,12.68,44.32,,17.27,19.5,,,13.0,,15.9,11.2,19.05,,,44.9,,28.27,,12.48,30.95,42.6,,,17.26,,,67.97,,2.31,,6.35,,4.0,6.07,5.16,,,18.33,,,,20.35,7.35,7.02,6.44,,16.54,,8.79,16.97,,5.67,28.38,,6.94,8.4,,19.47,7.1,28.1,,9.87,,14.16,,,,,12.55,,,6.49,14.51,11.81,,3.85,19.37,13.8,12.75,7.87,14.48,10.52,16.45,,,10.36,13.51,7.11,,5.18,,,,,,11.38,,,7.58,16.5,,20.33,9.0,9.04,,,,,,8.46,11.48,,10.41,15.08,9.75,23.7,15.95,,37.01,6.23,11.78,12.19,12.81,9.39,,,22.65,21.76,,7.5,17.36,13.58,16.38,,,27.24,25.9,,,20.01,16.15,8.39,,12.36,,,12.26,,9.44,,7.28,12.5,,18.0,14.07,8.56,10.02,14.4,,,,15.64,41.49,,,4.57,,23.22,9.77,,,16.07,,,,,,9.74,,29.45,10.18,36.33,10.46,,7.11,,12.46,13.28,,8.6,,,,,10.1,9.45,11.98,7.0,,,,,,5.98,8.53,36.65,15.77,,7.8,25.01,9.3,16.9,,27.87,16.0,,25.0,12.58,5.59,14.06,,,5.8,,3.31,8.19,7.28,17.37,,,10.19,5.73,13.68,10.52,,7.96,4.37,,,9.15,4.37,8.52,,6.36,,,,,4.57,6.02,,7.7,,3.99,,,8.68,,18.26,4.98,,,5.24,,,,,,,,,9.0,,,,7.2,,,16.27,,,5.99,,22.45,,4.09,5.96,,14.2,,,7.37,17.58,13.02,6.05,4.91,9.73,,,,,8.57,,6.26,9.04,13.9,,,8.4,7.62,12.26,11.0,33.82,11.22,,18.55,7.27,11.66,,,12.76,,15.0,20.82,,15.14,8.25,15.55,,,,,,,,,51.1,,,22.79,21.48,8.8,,,,22.52,,,,9.24,,,,7.61,,,6.05,,11.42,,,6.38,,36.5,,6.72,5.65,29.49,,3.46,,,,,4.85,,,4.93,9.46,,,,,,20.99,,,7.54,4.03,13.68,9.76,,,21.59,,,,6.59,,,,,,12.15,11.57,,,,,,,,,2.93,30.02,13.16,,,,16.19,,24.09,10.38,,15.23,,,9.54,6.65,,,,,9.28,16.54,7.3,15.92,,,,,,,,,9.29,,11.44,10.55,,,7.14,,14.68,21.38,,6.2,,9.16,,11.41,40.31,,,,,,,,,,21.71,,,,,12.9,17.18,6.56,5.64,,,,8.99,4.82,5.89,6.73,11.3,,,,,5.6,5.81,,15.72,3.77,,,,,,4.87,,,,8.15,5.78,,,,4.63,,,,,,4.21,,,,,2.87,,,8.37,,,,5.77,,5.33,4.47,,,,,,,10.02,6.59,3.29,,,,,,,8.37,,,,4.18,,5.47,4.88,3.22,,5.05,,14.33,,6.97,8.09,,,5.78,7.14,8.41,7.87,4.4,,,,,5.26,9.66,3.14,2.05,,,,,,5.75,,,10.91,,,15.01,,,,,,,6.71,4.73,,,,8.99,,,,,9.66,,,,,,8.91,,11.35,,,,,7.35,7.1,7.74,,,,17.72,2.57,,27.61,,9.72,,,2.41,3.95,,,6.16,,,5.31,,3.13,,14.03,,6.99,,9.65,10.8,,,3.34,6.69,28.22,6.96,,2.23,8.16,3.88,7.01,,,6.9,,6.64,,,8.45,8.56,4.19,8.78,13.19,10.87,,3.93,5.36,,4.45,,14.98,,3.21,,,5.87,5.99,,4.28,,17.62,4.18,,8.03,,,,,3.87,,,,,4.72,8.18,,5.86,,,4.87,,15.14,,,,,,,4.25,,,4.14,,23.13,,6.5,6.03,,,,,5.92,10.01,,3.67,9.67,,,,7.2,9.45,,3.29,6.79,6.3,,,,,6.62,,,3.03,5.68,,,,,7.66,4.01,,10.33,14.29,,,9.7,,4.37,2.34,,,4.31,5.43,2.95,,9.3,,,,8.91,,28.2,,3.28,3.82,8.83,3.93,,9.84,,4.19,5.22,,12.43,,,,3.42,,,,4.56,,3.74,7.38,,,,17.18,6.09,14.12,17.9,6.73,6.52,7.96,7.75,,,5.13,19.62,,4.53,,,,2.58,,,,4.57,,,7.43,,11.29,3.76,,11.81,,8.88,,9.25,4.54,11.49,3.66,,,12.41,,11.14,,,9.58,,4.0,9.32,6.2,,,,2.76,2.32,,,6.67,8.03,,,1.81,,12.7,12.82,9.95,,3.5,3.71,3.03,6.51,,11.31,5.85,,,16.27,,,,6.77,,2.25,,,16.79,,6.88,,,,,,,6.06,,,,,,,,9.76
2013-08-07,,,,,,,11.64,,,23.3,14.06,,,,,21.65,24.27,10.02,8.48,,,11.93,41.91,,17.0,19.09,,,12.3,,14.99,10.71,18.16,,,43.48,,27.84,,,30.05,39.48,50.99,,16.27,,,65.18,,2.29,,6.3,,4.13,6.29,5.11,,,18.13,,,,20.23,7.17,6.87,6.33,,16.78,,8.56,17.0,,5.67,28.1,,6.64,8.28,,18.95,7.05,27.56,,9.85,,13.74,,,,,12.5,,,6.53,14.12,11.62,,4.13,18.93,13.31,11.87,7.59,14.34,10.28,16.42,,,10.05,13.67,6.96,,5.12,,,,,,11.53,,,7.58,16.41,,19.58,8.63,9.49,,,,,,8.47,11.6,,10.67,14.6,9.42,23.9,15.6,,34.3,6.4,11.42,12.05,12.44,9.17,,,22.05,21.64,,7.38,16.9,13.03,16.94,,,27.5,25.5,,,19.68,15.65,8.16,,11.97,,,12.08,,8.9,,6.92,11.8,,17.94,13.25,8.12,9.42,13.32,,,,14.83,,,,4.49,,23.36,9.54,,,15.13,,,,,,9.51,,28.14,9.72,35.2,10.11,,7.26,,12.41,13.15,,8.6,,,,,9.6,9.18,11.51,6.96,,,,,,5.72,8.49,35.48,15.64,,7.58,24.74,9.03,16.35,,27.2,16.01,,22.75,12.0,5.43,13.57,,,5.85,,3.23,8.05,7.35,16.83,,,9.95,5.93,13.9,10.13,,7.83,4.46,,,8.88,4.47,8.38,,6.24,,,,,4.51,5.96,,7.81,,3.95,,,8.52,,19.55,5.0,,,5.18,,,,,,,,,8.94,,,,6.9,,,16.16,,,5.78,,21.9,,4.05,5.78,,14.3,,,7.38,17.1,12.5,5.83,4.85,9.41,,,,,8.43,,5.93,9.56,14.08,,,8.26,7.6,12.02,10.5,35.3,11.6,,18.43,7.2,11.14,,,12.48,,15.13,20.11,,14.79,8.18,15.77,,,,,,,,,51.86,,,22.18,20.54,8.6,,,,24.77,,,,9.33,,,,7.86,,,5.96,,11.8,,,6.62,,34.84,,6.67,5.54,27.8,,3.42,,5.14,,,4.79,,,5.42,9.78,,,,,,19.5,,,7.57,3.98,13.29,9.88,,,22.6,,,,6.47,,,,,,11.87,11.42,,,,,,,,,2.98,29.49,13.47,,,,15.69,,23.8,10.1,,15.13,,,9.23,6.55,,,,,8.99,16.3,7.1,15.84,,,,,,,,,8.85,,11.1,10.03,,,7.38,,14.25,20.77,,6.1,,8.8,,10.85,40.54,,,,,,,,,,20.9,,,,,12.66,16.4,6.65,5.61,,,,9.05,4.82,5.86,6.63,11.1,,,,,5.55,5.86,,15.49,4.15,,,,,,5.12,,,,8.17,6.05,,,,4.55,,,,,,4.18,,,,,2.81,,,8.38,,,,5.75,,5.19,4.38,,,,,,,9.99,6.69,3.28,,,,,,,8.13,,,,4.21,,5.46,4.87,3.22,,4.99,,13.78,,7.08,7.8,,,5.78,7.05,8.08,7.81,4.79,,,,,5.22,10.01,3.12,2.03,,,,,,5.72,,,10.55,,,14.51,,,,,,,6.83,4.75,,,,8.87,,,,,9.58,,,,,,8.71,,11.42,,,,,7.51,6.8,7.63,,,,17.65,2.66,,27.14,,10.17,,,2.37,3.87,,,6.07,,,5.28,,3.03,,13.66,,6.96,,9.7,10.85,,,3.35,6.69,27.5,6.86,,2.19,8.18,3.82,6.89,,,6.9,,6.57,,,8.56,8.39,4.22,8.62,13.12,11.0,,3.92,5.41,,4.45,,15.12,,3.21,,,5.89,5.94,,4.41,,17.87,4.05,,8.11,,,,,3.95,,,,,4.79,8.27,,6.02,,,4.89,,14.55,,,,,,,4.3,,,4.14,5.68,22.32,,6.4,5.91,,,,,5.88,9.85,,3.59,9.86,,,,7.49,9.35,,3.23,6.82,6.43,,,,,6.75,,,3.16,5.62,,13.47,,,7.25,3.96,,10.19,13.98,,,9.65,,4.33,2.36,,,4.36,5.28,2.91,,9.97,,,,8.93,,,,3.27,3.83,8.67,4.01,,9.7,,4.18,5.19,,12.07,,,,3.37,,,,4.63,,3.63,7.38,,,,16.69,6.0,13.81,17.82,6.85,6.72,8.0,7.91,,,5.16,19.0,,4.5,4.22,,,2.55,,,,4.55,,,7.44,,10.36,3.74,,12.4,,8.77,,9.17,4.4,11.34,3.64,,,12.08,,,,,9.35,,3.96,9.17,6.3,3.03,,,2.69,2.27,,,6.9,8.01,,,1.81,,13.16,13.1,9.65,,3.47,3.62,2.98,6.64,,11.0,5.8,,,15.85,,,,6.67,,2.21,,,16.91,,6.75,,,,,,,6.2,,,,,,,,9.42
2013-08-08,,,,,,,11.73,,,23.01,14.08,,,,,22.0,23.7,10.45,8.57,,,12.33,42.3,,17.3,18.89,,,12.27,,15.18,10.74,18.19,,,44.05,,28.8,,,30.29,39.48,51.24,,16.61,,,,,2.3,,6.35,,4.07,6.6,5.16,,,17.76,,,,20.45,7.63,6.94,6.35,,16.29,,8.92,17.46,,5.66,28.85,,6.61,8.24,,19.07,7.45,28.35,,9.84,,13.86,,,,,12.35,,,6.43,14.13,11.72,,4.54,19.9,13.3,11.66,7.76,14.57,10.33,16.2,,,10.02,13.61,6.85,,5.08,,,,,,11.55,,,7.45,16.33,,19.45,8.72,8.93,,,,,,8.69,12.04,,10.82,14.6,9.34,23.32,15.52,,34.7,6.39,11.42,11.86,12.48,9.19,,,22.2,21.16,,7.59,17.2,13.2,16.72,,15.25,27.27,25.92,,,19.74,15.6,8.19,,12.79,,,12.14,,8.92,,6.97,11.67,,17.92,13.67,8.41,9.4,13.29,,,,14.95,,,,4.48,,,9.56,,,15.33,,,,,,9.71,,28.3,10.07,35.7,10.36,,6.99,,12.22,13.08,,8.78,,,,,9.63,9.43,11.81,7.19,,,,,,5.76,8.5,35.22,15.63,,7.61,24.37,9.17,16.5,,27.04,16.15,,22.78,12.04,5.49,13.79,,,5.78,,3.23,8.05,7.37,17.32,,,10.03,5.84,13.5,10.01,,7.83,4.38,,,8.72,4.64,8.49,,6.16,,,,,4.44,6.09,,8.0,,3.94,,,8.75,,19.33,4.99,,,5.07,,,,,,,,,9.17,,,,6.92,,,16.19,,,5.79,,22.61,,4.02,5.8,,15.73,,,7.8,17.0,12.57,5.75,4.86,9.46,,,,,8.46,,6.43,9.38,14.1,,,8.21,7.57,12.1,10.6,35.54,11.5,,18.14,7.21,11.14,,,12.49,,15.25,20.26,,14.83,8.22,16.76,,,,,,,,,53.81,,,23.07,20.82,8.98,,,,26.64,,,,9.45,,,,7.75,,,6.14,,12.3,,,6.54,,34.88,,6.75,5.64,27.6,,3.41,,5.24,,,4.93,,,5.77,9.54,,,,,,19.51,,,7.59,4.0,13.55,9.92,,,22.77,,,,6.43,,,,,,11.86,11.54,,,,,,,,,2.96,29.81,13.35,,,,15.75,,23.62,10.24,,14.74,,,9.29,6.51,,,,,9.04,16.44,7.19,16.23,,,,,,,,,8.82,,11.18,10.2,,,7.39,,13.89,20.73,,6.19,,8.83,,11.22,43.23,,,,,,,,,,20.5,,,,,12.57,17.24,6.58,5.5,,,,8.97,4.79,5.93,6.68,10.94,,,,,5.57,5.86,,15.81,4.1,,,,,,5.08,,,,8.25,6.21,,,,4.49,,,,,,4.18,,,,,2.77,,,8.36,,,,5.75,,5.29,4.4,,,,,,,10.28,6.57,3.26,,,,,,,8.04,,,,4.19,,5.37,4.85,3.2,,5.02,,13.8,,7.01,7.82,,,5.74,7.02,8.07,7.78,4.74,,,,,5.26,9.91,3.12,2.05,,,,,,5.74,,,10.57,8.82,,14.5,,,,,,,6.66,4.68,,,,8.91,,,,,9.68,,,,,,8.59,,11.39,,,,,7.49,6.89,7.77,,,,17.5,2.62,,26.76,,,,,2.41,3.85,,,6.34,,,5.29,,3.02,,13.63,,6.96,,9.93,10.88,,,3.4,6.65,27.55,6.7,,2.21,7.95,3.82,6.87,,,6.95,,6.7,,,8.38,8.44,4.29,8.55,13.03,10.71,,3.88,5.32,,4.58,,14.91,,3.2,,,5.86,5.92,,4.71,,18.1,4.12,,8.12,,,,,3.91,,,,,4.75,8.28,,6.09,,,4.9,,14.53,,,,,,,4.43,,,4.11,5.45,22.09,,6.49,5.96,,,,,5.83,9.81,,3.63,9.79,,,,7.5,9.4,,3.22,6.7,6.35,,,,,6.65,,,3.1,5.48,,13.44,,,7.39,3.95,,10.2,13.58,,,9.74,,4.4,2.35,,,4.4,5.42,2.91,,10.06,,,,9.09,,,,3.26,3.81,8.72,3.97,,9.64,,4.13,5.12,,12.53,,,,3.42,,,,4.59,,3.63,7.58,,,,16.71,5.96,13.86,17.71,7.0,6.3,7.95,7.8,,,5.11,19.1,,4.49,4.29,,,2.55,,,,4.55,,,7.36,,10.25,3.64,,13.02,,8.79,,9.09,4.5,11.23,3.63,,,11.87,,,,,9.32,,3.96,9.2,6.21,3.33,,,2.7,2.28,,,7.2,7.96,,,1.79,,13.28,12.72,9.65,,3.49,3.63,2.97,7.01,,11.01,5.82,,,15.88,,,,6.81,,2.22,,,16.82,,6.71,,,,,,,6.54,,,,,,,,9.49
2013-08-09,,,,,,,11.72,,,22.34,13.72,,,,,21.93,23.5,9.98,8.49,,,12.2,41.17,,17.0,18.84,,,11.96,,14.65,10.39,18.67,,,44.0,,31.68,,,28.96,38.69,50.8,,16.5,,,,,2.29,,6.99,,4.02,6.38,5.68,,,17.25,,,,20.24,7.72,7.03,6.46,,16.26,,8.96,17.19,,5.71,29.5,,6.61,8.35,,18.77,7.75,28.6,,9.76,,13.62,,,,,12.5,,,6.37,14.56,11.79,,4.43,19.24,13.27,12.02,7.82,14.39,10.39,15.6,,,9.78,13.63,6.9,,5.16,,,,,,11.7,,,7.69,15.69,,19.77,8.41,8.51,,,,,,9.01,11.97,,10.62,14.42,9.38,23.35,15.39,,33.38,6.36,11.91,11.67,12.96,9.42,,,22.68,20.74,,7.53,17.44,13.02,16.98,,15.53,26.95,26.47,,,20.09,15.65,8.29,,12.6,,,11.95,,8.7,,6.78,11.93,,17.5,14.08,8.07,9.23,13.4,,,,14.7,,,,4.51,,,9.57,,,14.78,,,,,,9.64,,27.48,9.78,35.5,10.29,,6.75,,12.19,12.9,,8.6,,,,,9.45,9.13,12.02,7.18,,,,,,5.99,8.26,34.0,15.46,,7.67,23.81,9.14,16.5,,26.59,15.65,,22.2,11.89,5.46,13.26,,,5.88,,3.55,8.05,7.37,17.98,,,10.15,5.73,13.82,10.01,,8.06,4.28,,,8.81,4.87,8.64,,6.34,6.63,,,,4.6,6.21,,7.9,,3.97,,,8.63,,19.0,5.02,,,5.06,,,,,,,,,9.08,,,,7.03,,,16.69,,,5.79,,22.13,,4.08,5.75,,15.75,,,8.01,16.76,12.78,5.73,4.95,9.63,,,,,8.59,,6.4,9.06,13.84,,,8.13,7.56,12.14,10.67,34.41,11.44,,18.22,7.36,10.9,,,12.7,,15.35,20.46,,15.03,8.25,16.38,,,,,,,,,52.9,,,23.25,21.86,8.85,,,,25.85,,,,9.4,,,,7.66,,,6.11,,12.21,,,6.5,,33.15,,6.72,5.63,27.02,,3.31,,5.24,,,4.91,,,5.6,9.85,,,,,,18.79,,,7.84,4.08,14.15,10.21,,,22.72,,,,6.65,,,,,,12.07,11.81,,,,,,,,,2.97,30.0,13.39,,,,15.63,,23.76,10.63,,14.91,,,9.5,6.54,,,,,9.09,16.35,7.3,16.1,,,,,,,,,8.68,,10.94,9.96,,,7.3,,13.49,19.79,,6.26,,9.71,,12.34,42.91,,,,,,,,,,19.77,,,,,12.93,16.78,6.88,5.36,,,,8.96,4.78,5.89,6.75,11.13,,,,,5.64,5.74,,15.78,4.07,,,,,,5.03,,,,8.43,6.29,,,,4.58,,,,,,4.22,,,,,2.82,,,8.58,,,,5.89,,5.31,4.37,,,,,,,10.14,6.69,3.28,,,,,,,8.29,,,,4.19,,5.4,4.87,3.21,,5.12,,13.86,,6.96,7.85,,,5.81,7.03,7.91,7.86,4.74,,,,,5.79,10.11,3.14,2.04,,,,,,5.75,,,10.6,8.8,,14.18,,,,,,,6.52,4.73,,,,9.16,,,,,9.97,,,,,,8.64,,11.4,,,,,7.35,6.97,7.82,,,,17.85,2.63,,27.02,,,,,2.4,3.85,,,6.21,,,5.3,,3.01,,14.73,,7.52,,9.9,11.16,,,3.41,6.67,26.95,6.62,,2.26,7.72,3.82,7.09,,,6.95,,6.8,,,8.3,8.4,4.25,8.54,13.29,10.68,,3.89,5.27,,4.5,,15.12,,3.22,,8.57,5.84,6.0,,4.67,,18.15,4.18,,8.32,,,,,3.92,,,,,4.75,8.13,,5.98,,,4.89,,15.71,,,,,,,4.37,,,4.11,5.43,23.37,,6.51,5.98,,,,,6.04,10.13,,3.66,9.65,,,,7.97,9.65,,3.23,6.88,6.59,,,,,6.6,,,3.09,5.64,,13.43,,,7.3,3.95,,10.47,13.24,,,9.52,,4.57,2.36,,,4.39,5.47,2.94,,10.16,,,,9.09,,,,3.29,3.83,8.39,3.94,,9.79,,4.13,5.14,,12.28,,,,3.38,,,,4.57,,3.74,7.52,,,,16.79,5.94,14.44,17.19,6.98,6.28,8.28,8.12,,,5.3,19.14,,4.46,4.42,,,2.55,,,,4.54,,,7.41,,10.6,3.71,,13.67,,8.79,,9.16,4.54,11.54,3.68,,,11.78,,10.82,,,9.39,,4.04,9.48,6.23,3.66,,,2.68,2.32,,,7.18,7.94,,,1.8,,13.35,12.81,9.2,,3.53,3.65,2.99,7.71,,11.49,5.95,,,15.88,,,,6.81,,2.22,,,17.4,,6.84,,,,,,,6.62,,,,,,,,9.69
2013-08-12,,,,,,,11.68,,,22.36,14.01,,,,,20.79,22.75,9.87,8.58,,,12.02,41.79,,16.38,18.92,,,11.79,,14.32,10.55,18.45,,,44.11,,30.34,,,28.98,39.18,48.15,,16.5,,,63.28,,2.34,,7.56,,,6.33,6.25,,,17.7,,,,20.35,7.8,7.11,6.52,,16.31,,8.87,16.98,,5.75,29.7,,6.7,8.47,,19.12,7.62,28.59,,10.0,,13.75,,,,,12.49,,,6.45,14.75,11.94,,4.51,20.09,12.84,12.06,7.93,14.7,10.49,16.03,,,9.73,14.02,6.94,,5.28,,,,11.69,,11.76,,,7.81,15.89,,19.9,8.33,8.4,,,,,,9.0,12.01,,10.7,14.56,9.91,23.72,15.8,,32.7,6.48,11.83,11.86,12.93,9.59,,,22.45,20.48,,7.68,17.8,13.16,16.77,,15.42,26.7,27.8,18.44,,20.97,16.35,8.31,,12.12,,,12.08,,8.62,,6.82,12.1,,17.11,13.53,7.98,9.17,12.93,,,,14.97,,,,4.62,,,9.73,,,14.66,,,,,,9.82,,26.66,9.76,34.8,10.09,,6.82,,11.96,13.08,,8.7,,,,,9.8,8.94,12.17,7.23,,,,,,5.91,,32.97,15.45,,7.73,24.19,9.37,16.74,,27.06,15.92,,22.68,11.65,5.56,13.48,,,6.04,,3.52,8.29,7.49,18.02,,,10.14,5.8,14.0,10.29,,8.05,4.32,,,8.91,5.11,8.71,,6.5,7.29,,,,4.62,6.17,,7.89,,4.04,,,8.69,,19.05,5.09,,,5.09,,,,,,,,,9.14,,,,7.11,,,16.15,,,5.92,,21.96,,4.12,5.74,,14.29,,,8.01,17.5,13.2,5.96,5.0,9.91,,,,,8.67,,6.38,8.97,13.84,,,8.19,7.72,12.34,10.72,34.5,11.95,,18.46,7.53,10.99,12.53,,12.63,,15.47,20.63,,15.4,8.4,16.13,,,,,,,,,52.69,,,23.57,22.79,9.74,,,,24.59,,,,10.06,,,,7.83,,,6.3,,12.16,,,6.57,,33.39,,6.98,5.68,27.15,,3.39,,5.32,,,5.01,,,5.42,9.7,,,,,,19.49,,,7.88,4.13,14.36,10.29,,,22.28,,,,6.49,,8.13,,,,12.03,12.99,,,,,,,,,3.02,30.62,13.57,,,,15.83,,23.9,10.79,,15.05,,,9.55,6.66,,,,,9.1,16.4,7.31,16.08,,,,,,,,,8.68,,11.04,10.05,,,7.3,,13.44,19.18,,6.23,,9.4,,12.37,44.28,,,,,,,,,,19.7,,,,,13.68,16.97,6.95,5.47,,,,9.2,4.87,5.94,6.98,11.6,,,,,5.81,5.67,,16.07,4.07,,,,,,5.05,,,,8.75,6.24,,,,4.73,,,,,,4.3,,,,,2.88,,,8.66,,,,6.19,,,4.49,,,,,,,,7.12,3.35,,,,,,,8.45,,,,4.27,,5.55,4.93,3.28,,5.28,,14.03,,7.18,7.92,,,5.9,7.21,7.96,8.11,5.17,,,,,6.04,10.35,3.19,2.07,,,,,,5.86,,,10.91,9.19,,14.34,,,,,,,6.59,4.82,,,,9.79,,,,,10.11,,,,,,8.56,,12.21,,,,,7.51,7.18,7.9,,,,17.95,2.64,,27.85,,,,,2.64,4.01,,,6.31,,,5.33,,3.05,,13.96,,7.75,,10.06,11.44,,,3.47,6.95,27.16,6.82,,2.28,7.8,4.05,7.17,,,7.0,,6.98,,,8.47,8.58,4.29,8.65,13.94,10.73,,3.97,5.35,,4.6,,15.54,,3.28,,9.25,5.91,6.36,,4.77,,18.18,4.26,,8.39,,,,,3.98,,,,,4.87,8.17,,6.04,,,4.94,,15.4,,,,,,,4.45,,,4.18,5.49,23.54,,6.66,6.09,,,,,6.09,10.25,13.88,3.69,9.81,,,,8.54,9.79,,3.39,7.17,7.25,,,,,6.76,,,3.15,5.67,,13.53,,,7.45,3.99,,10.7,13.59,,,9.78,,4.61,2.4,,,4.46,5.58,3.01,,10.21,,,,9.41,,,,3.35,3.91,8.45,4.02,,10.11,,4.21,5.3,,12.76,,,,3.43,,,,4.66,,3.77,7.53,,,,17.63,6.07,14.89,16.7,7.14,6.29,8.4,8.59,,,5.47,19.09,,4.53,4.37,,,2.62,,,,4.62,,,7.59,,11.15,3.78,,14.35,,8.86,,9.5,4.49,11.53,3.88,,,11.41,,10.73,,,9.51,,4.08,9.85,6.42,4.03,,,2.74,,,,,8.13,,,1.84,,13.39,13.1,8.98,,3.61,3.72,3.03,,,,6.15,,,16.1,,,,6.82,,2.26,,,18.22,,6.95,,,,,,,6.68,,,,,,,,9.52
2013-08-13,,,,,,,11.55,,,22.7,14.51,,,,,20.5,23.25,9.96,8.72,,,12.18,42.53,,16.53,18.92,,,12.09,,14.5,10.65,18.24,,,44.05,,30.75,,,29.23,39.7,46.99,,16.58,,,63.45,,2.37,,7.47,,,6.34,6.6,,,17.95,,,,20.17,8.01,7.14,6.51,,16.37,,8.55,17.33,,5.72,29.8,,6.75,8.47,,19.34,7.56,28.38,,10.01,,13.89,,,,,12.75,,,6.49,14.71,12.03,,4.96,19.9,12.89,12.1,7.99,15.2,10.37,15.93,,,10.0,14.07,7.01,,5.31,,,,11.62,,11.81,,,7.82,16.48,,19.8,8.64,8.45,,,,,,8.93,11.96,,10.86,14.93,9.79,23.53,15.87,,33.75,6.5,12.09,11.77,12.9,9.57,,,22.12,20.95,,7.68,17.82,13.59,16.65,,15.76,27.08,28.3,18.39,,20.72,17.25,8.29,,12.17,,,12.14,,8.95,,7.25,12.59,,17.49,13.93,8.07,9.4,13.13,,,,15.08,,,,4.61,,,10.7,,,14.78,,,,,,10.02,,29.33,9.75,33.99,10.25,,6.89,,12.11,13.16,,8.93,,,,,10.78,9.04,12.29,7.26,,,,,,5.93,,32.98,15.2,,7.79,24.37,9.38,17.26,,27.17,16.19,,23.16,12.0,5.75,14.83,,,6.44,,3.52,8.54,7.53,18.21,,,10.22,5.91,13.99,10.19,,7.89,4.37,,,9.02,5.07,8.61,,6.5,8.02,,,,4.65,6.12,,8.05,,4.08,,,8.91,,18.65,5.09,,,5.16,,,,,,,,,9.02,,,,7.07,,,15.94,,,5.96,,22.02,,4.15,5.85,,14.2,,,7.94,17.35,14.15,5.95,5.08,9.87,,,,,8.68,,6.23,8.89,13.92,,,8.18,7.69,12.57,10.94,34.3,12.04,,18.22,7.72,11.12,12.52,,12.72,,16.28,20.65,,15.88,8.44,16.25,,,,,,,,,51.76,,,24.72,22.4,9.93,,,,24.56,,,,9.9,,,,8.0,,,6.37,,12.14,,,6.59,,33.55,,6.91,5.91,27.89,,3.6,,5.41,,,5.06,,,5.43,9.58,,,,,,19.81,,,7.78,4.13,14.46,10.21,,,23.15,,,,6.5,,8.05,,,,12.05,12.88,,,,,,,,,3.08,30.29,13.43,,,,16.11,,23.83,10.69,,15.05,,,9.44,6.64,,,,,9.45,16.91,7.3,16.21,,,,,,,,,8.77,,11.38,10.06,,,7.42,,13.47,19.41,,6.27,,9.73,,11.9,44.8,,,,,,,,,,19.98,,,,,13.47,16.75,6.95,5.46,,,,9.32,4.88,5.92,6.97,11.59,,,,,6.01,6.24,,15.99,4.22,,,,,,5.12,,,,8.87,6.37,,,,4.88,,,,,,4.31,,,,,2.93,,,8.88,,,,6.12,,,4.51,,,,,,,10.2,7.15,3.4,,,,,,,8.41,,,,4.29,,5.65,4.97,3.27,,5.28,,14.69,,7.36,7.88,,,5.88,7.23,8.08,8.23,5.3,,,,,5.94,10.49,3.21,2.1,,,,,,5.94,,,10.81,9.19,,14.79,,,,,,,6.69,4.93,,,,9.69,,,,,10.03,8.3,,,,,8.77,,12.56,,,,,7.53,7.14,7.97,,,,17.91,2.63,,28.13,,,,,2.9,4.01,,,6.35,,,5.43,,3.08,,13.96,,7.61,,10.35,11.3,,,3.47,6.92,27.8,6.87,,2.31,7.76,3.97,7.2,,,7.24,,6.91,,,8.46,8.61,4.41,8.7,13.8,10.72,,4.07,5.36,,4.56,,15.55,,3.39,,8.98,6.15,6.27,,4.76,,18.13,4.28,,8.33,,,,,3.97,,,,,4.81,8.23,,6.05,,,4.96,,15.6,,,,,,,4.44,,,4.25,5.45,23.43,,6.66,6.08,,,,,6.04,10.32,14.86,3.68,10.23,,,,8.36,10.45,7.49,3.38,7.18,7.47,,,,,6.91,,,3.16,5.96,,13.56,,,7.47,4.02,,10.8,13.6,,,9.71,,4.63,2.4,,,,5.52,3.13,,9.95,,,,9.35,,,,3.36,3.91,8.55,4.01,,10.8,,4.25,5.28,7.4,12.83,,,,3.56,,,,4.71,,,7.64,,,,17.49,6.09,14.89,17.11,7.27,6.37,8.29,8.59,,,5.41,19.0,,4.59,4.36,,,2.65,,,,4.8,,,7.68,,11.84,3.78,,15.07,,9.02,,9.58,4.56,11.54,3.81,,,11.45,,10.99,,,9.6,,4.07,9.67,6.23,4.43,,,2.74,2.37,,,,8.25,,,1.84,,13.43,13.7,9.18,,3.61,3.75,3.08,,,,6.28,,,16.11,,,,6.91,,2.27,,,17.98,,6.98,,,,,,,6.54,,,,,,,,9.59
2013-08-14,,,,,,,11.6,,,21.9,14.3,,,,,20.55,23.59,10.14,9.02,,,12.26,41.97,,17.4,18.6,,,12.33,,14.66,11.0,18.0,,,45.11,,30.05,,,29.0,39.45,49.08,,16.75,,,64.64,,2.35,,7.21,,,6.25,6.5,,,17.51,,,,19.82,7.89,7.04,6.49,,15.87,,8.48,17.01,,5.68,29.34,,6.66,8.27,,18.97,7.38,28.06,,9.95,,13.92,,,,,12.78,,,6.39,14.69,11.93,,4.83,19.46,13.33,12.32,7.84,15.6,10.45,15.6,,,9.8,13.74,6.88,,5.27,,,,11.41,,11.58,,,8.05,16.59,,19.53,8.42,8.76,,13.96,,,,8.82,12.23,,10.86,14.79,9.62,23.29,16.29,,34.94,6.33,11.77,11.66,12.92,9.45,,,21.65,21.77,,7.68,17.83,13.3,16.73,,15.25,26.82,28.12,18.15,,20.56,17.57,8.29,,11.9,,,11.88,,8.92,,7.2,12.77,,16.97,14.42,8.04,9.55,13.05,,,,14.86,45.64,,,4.62,,,11.77,,,15.18,,,,,,10.43,,30.21,9.89,33.4,10.58,,6.76,,11.9,13.17,,8.83,,,,,11.11,9.09,12.12,7.27,,,,,,6.02,,33.9,15.2,,7.94,23.93,9.43,17.0,,26.63,16.38,,23.56,11.98,6.07,16.31,,,6.71,,3.46,8.45,7.95,18.52,,,10.04,5.76,13.69,9.95,,7.89,4.31,,,9.34,5.1,8.45,,6.44,8.82,,,,4.58,6.09,,8.02,,4.04,,,8.88,,18.76,5.02,,,5.02,,,,,,,,,8.86,,,,6.89,,,15.79,,,6.07,,21.68,,4.09,5.85,,14.13,,,7.78,17.18,13.84,5.87,5.14,10.0,,,,,8.68,,6.1,8.71,13.78,,,8.17,,12.42,10.75,33.91,12.21,,17.97,8.49,11.02,12.39,,12.64,,16.28,20.74,,15.37,8.38,16.28,,,,,,,,,52.79,,,24.6,22.86,10.14,,13.77,,25.49,,,,9.89,,,,7.8,,,6.25,,11.92,,,6.55,,34.68,,6.9,5.87,28.7,,3.5,,5.33,,,4.96,,,5.47,9.54,,,,,,19.79,,,7.73,4.07,14.2,10.07,,,22.77,,,,6.49,,8.23,,,,12.0,13.5,30.92,,,,,,,,3.06,30.35,13.3,,,,15.71,,23.75,10.52,,14.84,,,9.32,6.59,,,,,9.29,16.65,7.25,16.04,,,,,,,,,8.79,,11.04,10.05,,,7.29,,13.99,18.82,,6.9,,9.54,,11.64,44.2,,,,,,,,,,20.29,,,,,13.18,17.31,6.85,5.42,,,,9.23,4.84,5.92,7.14,11.4,,,,,5.87,6.17,,15.74,4.1,,,,,,5.08,,,,9.02,6.13,,,,4.78,,,,,,4.29,,,,,2.88,,,8.67,,,,6.08,,,4.42,,,,,,,9.89,7.18,3.38,,,,,,,8.19,,,,4.28,,5.58,4.99,3.26,,5.21,,14.49,,7.59,7.99,,,5.95,7.07,8.12,8.13,5.22,,,,,5.81,10.43,3.25,2.08,,,,,,5.87,,,10.89,9.45,,14.64,,,,,,,6.55,4.84,,,,9.64,,,,,9.94,8.36,,,,,8.79,,12.34,,,,,7.57,7.24,8.05,,,,18.25,2.54,,27.9,,,,,3.19,3.97,,,6.42,,,5.38,,3.09,,13.69,,7.54,,10.13,11.57,,,3.55,6.94,28.21,6.8,,2.32,7.9,3.98,7.17,,,7.1,,6.7,,,8.49,8.66,4.36,8.63,13.53,10.58,,4.02,5.41,,4.5,,15.37,,3.36,,8.76,6.1,6.27,,4.64,,18.56,4.3,,8.25,,,,,3.89,,,,,4.76,8.17,,6.07,,,4.9,,15.59,,,,,,,4.37,,,4.23,5.48,23.86,,6.54,6.06,,,,,5.93,10.16,14.61,3.63,10.04,,,,8.07,10.41,7.34,3.4,7.19,7.33,,,,,6.8,,,3.14,5.95,,13.75,,,7.35,4.07,,10.6,13.84,,,9.74,,4.51,2.38,,,,5.48,3.26,,10.21,,,,9.46,,,,3.34,3.9,8.49,4.0,,10.48,,4.23,5.22,7.51,12.49,,,,3.54,,,,4.7,,,7.5,,,,17.49,6.01,14.74,16.95,7.27,6.44,8.1,8.4,,,5.28,18.86,,4.59,4.26,,,2.63,,,,4.74,,,7.56,,11.73,3.73,,15.82,,8.86,,9.49,4.49,11.59,3.74,,,10.94,,11.0,,,9.61,,4.09,9.43,6.06,4.46,,,2.72,2.35,,,,8.54,,,1.84,,13.59,13.78,9.2,,3.66,3.86,3.06,,,,6.18,,,16.01,,,,6.77,,2.3,,,17.68,,6.93,,,,,,,6.39,,,,,,,,9.65
2013-08-15,,,,,,,11.51,,,21.18,13.89,,,,,20.74,24.31,9.98,8.8,,,12.25,41.8,,16.87,18.26,,,12.04,,14.73,10.83,18.12,,,46.97,,31.48,,,28.45,38.78,47.6,,16.84,,,63.62,,2.32,,7.43,,,6.31,6.3,,,17.71,,,,19.37,7.7,7.27,6.59,,15.37,,8.49,16.18,,5.66,28.3,,6.56,8.21,,18.01,7.36,28.91,,9.58,,13.97,,,,,11.95,,,6.38,14.57,12.02,,4.75,19.15,12.93,13.0,7.81,15.0,10.1,15.59,,,9.77,13.37,6.67,,5.16,,,,11.13,,11.57,,,7.8,16.3,,18.87,9.0,9.64,,13.99,,,,8.81,11.75,,11.01,14.45,9.63,23.19,16.61,,34.96,6.16,11.4,12.16,12.58,9.42,,,21.7,21.3,,7.58,17.02,13.0,16.29,,14.8,26.14,28.03,18.05,,19.95,17.09,8.23,,11.88,,,11.57,,9.04,,7.35,12.58,,16.61,14.77,8.06,9.87,13.09,,,,14.58,46.51,,,4.65,,22.33,11.3,,,15.27,,,,,,10.12,,29.66,9.7,33.58,10.23,,6.52,,12.2,12.89,,8.93,,,,,11.35,9.33,11.78,7.22,,,,,,5.86,,34.77,15.23,,7.75,23.11,9.18,16.18,,26.05,15.9,,24.06,11.84,5.8,16.31,,,6.53,,3.49,8.34,8.54,17.95,,,9.79,5.81,13.56,9.78,,7.31,4.5,,,9.11,5.36,8.43,,6.28,9.7,,,,4.7,6.0,,7.93,,4.0,,,8.6,,19.03,4.97,,,4.93,,,,,,,,,8.84,,,,6.74,,,15.83,,,6.03,,21.35,,4.09,5.87,,13.9,,,7.69,16.79,13.4,5.83,5.06,9.85,,,,,8.45,,6.25,9.0,14.23,,,8.05,,12.4,10.34,32.66,11.75,,18.1,8.22,10.51,12.35,,12.46,,15.89,21.66,,15.18,8.35,16.06,,,,,,,,,51.09,,,23.55,24.31,10.07,,13.67,,24.87,,,,9.85,,,,7.63,,,6.06,,11.89,,,6.52,,35.63,,6.85,5.66,27.97,,3.39,,5.26,,,4.89,,,5.65,9.9,,,,,,19.53,,,7.7,4.05,13.7,10.0,,,21.98,,,,6.26,,9.05,,,,11.95,13.03,30.49,,,,,,,,2.99,30.97,13.45,,,,15.31,,23.53,10.4,,14.79,,,9.23,6.46,,,,,9.03,16.15,7.12,15.64,,,,,,,,,8.7,,10.73,10.1,,,7.43,,13.86,18.81,,7.21,,9.84,,11.73,44.19,,,,,,,,,,20.78,,,,,12.98,16.82,6.78,5.29,,,,9.08,4.83,5.83,7.18,11.18,,,,,5.77,6.17,,15.49,4.04,,,,,,5.04,,,,9.03,6.04,,,,4.75,,,,,,4.28,,,,,2.83,,,8.72,,,,6.05,,,4.42,,,,,,,9.7,7.04,3.36,,,,,,,8.09,,,,4.22,,5.45,5.11,3.21,,5.14,,14.68,,7.35,7.83,,,5.97,6.96,8.06,7.86,5.13,,,,,5.91,10.16,3.23,2.06,,,,,,6.08,,,11.08,9.2,,14.54,,,,,,,6.34,4.78,,,,9.56,,,,,10.02,8.19,,,,,8.8,,12.72,,,,,7.73,6.92,8.04,,,,18.03,2.54,,28.13,,,,,,3.97,,,6.24,,,5.48,,3.02,,13.56,,7.45,,9.85,11.63,,,3.78,6.93,27.4,6.6,,2.31,7.59,3.89,7.07,,,7.03,,6.8,,,8.67,9.53,4.35,8.61,13.29,10.51,,4.03,5.47,,4.37,,14.93,,3.32,,8.67,6.16,6.15,,4.54,,19.16,4.23,,8.52,,,,,3.85,,,,,4.68,8.12,,6.0,,,4.82,,15.24,,,,,,4.48,4.43,,,4.15,5.36,23.01,,6.42,5.95,,,,,6.0,10.23,14.88,3.57,10.58,,,9.44,8.08,10.16,7.29,3.32,7.0,7.1,,,,,6.67,,,3.09,5.79,,13.97,,,7.06,4.0,,10.24,14.31,,,9.79,,4.42,2.34,,,,5.45,3.3,,9.54,,,,9.43,,,,3.32,3.86,8.27,3.96,,10.07,,4.16,5.14,7.4,12.32,,,,3.43,,,,4.66,,,7.38,,,,16.8,5.95,14.33,17.54,7.5,6.19,8.04,8.3,,,5.31,19.25,,4.57,4.14,,,2.65,,,,4.6,,,7.39,,12.9,3.68,,16.61,,9.1,,9.31,4.46,11.49,3.69,,,10.68,,10.68,,,9.43,,4.01,9.37,5.92,4.39,,,2.68,2.49,,,,8.64,7.78,,1.82,,14.07,13.22,9.8,,3.83,3.81,3.02,,,,6.12,,,15.8,,,,6.86,,,,,17.45,,6.82,,,,,,,6.39,,,,,,,,9.48
2013-08-16,,,,,,,11.38,,,20.81,13.57,,,,,19.76,23.55,9.82,8.43,,,11.5,38.91,,16.2,18.0,,,12.9,,13.94,10.52,16.97,,,,,32.46,,,28.11,37.43,47.04,,15.76,,,65.01,,2.33,,7.15,,,6.19,6.07,,,17.05,,,,19.25,7.37,7.4,6.34,,15.16,,8.23,15.62,,5.51,27.73,,6.52,8.05,,17.55,7.19,27.6,,9.37,,13.49,,,,,11.6,,,6.3,14.0,11.7,,4.54,18.6,12.26,12.0,7.55,14.73,9.85,15.05,,,9.4,13.04,6.62,,5.05,,,,10.87,,10.55,,,7.59,16.0,,18.7,8.41,9.79,,13.87,,,,8.6,11.32,,11.3,13.8,9.28,22.46,16.2,,35.32,6.04,11.02,12.02,12.08,9.2,,,20.8,20.02,,7.39,16.99,12.06,15.71,,14.3,25.05,27.19,17.43,,19.57,16.29,7.95,,11.95,6.63,,11.45,,9.23,,7.15,12.15,,16.39,14.25,7.69,9.2,12.53,,,10.1,14.1,42.72,,,4.52,,20.39,10.55,,,14.26,,,,,,9.73,,29.96,9.08,32.59,9.79,,6.6,,11.53,12.57,,8.43,,,,,10.92,9.05,11.53,7.01,,,,,,5.67,,34.07,14.56,,7.62,22.0,8.89,15.69,,25.16,15.26,,22.39,11.33,5.55,14.72,,,6.21,,3.36,8.1,8.45,17.98,,,9.65,5.82,13.14,9.51,,7.02,4.68,,,8.86,5.09,8.17,,6.15,10.67,,,,4.6,5.81,,7.85,,3.92,,,8.35,,18.7,4.93,,,4.79,,,,,,,8.59,,8.23,,,,6.58,,,15.84,,,6.09,,20.8,,4.03,5.71,,12.69,,,7.62,16.46,13.93,6.0,4.94,9.47,,,,,8.17,,5.91,8.98,13.38,,,8.0,,12.18,10.16,32.15,11.11,,17.2,7.55,10.36,12.19,,12.15,,15.6,21.0,,14.97,8.14,15.18,,,,,,,,,49.95,,,22.71,23.77,10.38,,13.1,,23.14,,,,9.6,,,,7.57,,10.33,5.98,,11.51,,,6.39,,34.8,,6.78,5.55,28.28,,3.47,,5.15,,,4.86,,,5.09,9.7,,,,,,19.25,,,7.44,3.98,13.71,9.68,,,22.08,,,,6.21,,9.47,,,,12.38,13.01,31.48,,,,,,,,2.95,29.73,13.22,,,,14.88,,22.71,10.01,,14.48,,,8.74,6.22,,,,,8.64,15.5,7.0,15.0,,,,,7.02,,,,8.62,,10.43,9.77,,,7.43,,13.3,18.09,,6.9,,9.35,,11.11,42.1,,,,,,,,,,21.13,,,,,12.52,16.33,6.8,5.26,,,,9.1,4.71,5.69,6.89,11.22,,,,,5.58,5.99,,15.49,3.97,,,,,,5.06,,,,8.99,5.91,,,,4.68,,,,,,4.18,,,,,2.78,,,8.58,,,,6.09,,,4.36,,,,,,,9.4,7.02,3.28,,,,,,,7.87,,,,4.24,,5.38,4.93,3.19,,5.16,,14.58,,7.16,7.56,,,5.71,6.73,7.91,7.96,4.97,,,,,6.07,9.94,3.19,2.06,,,,,,5.91,,,10.38,8.98,,13.97,,,,,,,6.27,4.69,,,,9.37,,,,,10.07,8.08,,,,,8.45,,12.89,,,,,8.1,6.59,8.09,,,,17.56,2.5,,27.76,,,,,,4.1,,,6.14,,,5.42,,3.03,,13.12,,7.82,,9.44,11.13,,,3.64,6.78,26.39,6.55,,2.27,7.4,3.8,7.0,,,6.82,,6.57,,,8.39,9.6,4.26,8.61,12.98,10.22,,3.91,5.31,,4.26,,14.78,,3.24,,8.39,6.05,6.09,,4.45,,18.73,4.2,,8.37,,,,11.19,3.95,,,,,4.66,7.96,,5.6,,,4.87,,14.77,,,,,,4.59,4.4,,,4.04,5.14,22.74,,6.32,5.92,,,,,5.86,9.98,14.39,3.6,10.02,,,9.0,8.02,9.83,7.28,3.41,6.97,6.96,,,,,6.46,,,3.06,5.72,,13.82,,,6.94,3.9,,9.98,13.35,,,9.89,,4.33,2.31,,,,5.3,3.18,,9.37,,,,9.15,,,,3.27,3.85,8.69,3.95,,9.74,,4.15,5.04,7.25,11.92,,,,3.42,,,,4.65,,,7.33,,,,16.58,6.05,13.85,16.97,7.3,5.94,7.9,8.3,,,5.13,18.69,,4.53,4.19,,,2.61,,,,4.57,,,7.34,,11.65,3.75,,17.44,,9.33,,9.39,4.35,11.16,3.62,,,10.56,,10.5,,,9.21,,3.93,9.22,5.85,4.13,,,2.63,2.42,,,,8.38,7.43,,1.82,,13.87,13.21,9.37,,3.66,3.64,2.97,,,,6.04,,,15.68,,,,6.67,,2.25,,,17.51,,6.73,,,,,,,6.38,,,,,,,,8.96
2013-08-19,,,,,,,11.77,,,21.68,13.78,,,,,19.91,25.58,10.36,8.55,,,12.14,40.07,,17.82,18.64,,,13.87,,14.78,11.0,17.51,,,,,35.0,,,28.71,38.96,49.89,,16.21,,,66.2,,2.33,,7.22,,,6.24,6.17,,,17.44,,,,19.68,7.58,7.67,6.47,,16.12,,8.4,16.28,,5.6,29.2,,6.55,8.16,,18.15,7.32,27.99,,9.48,,13.66,,,,,11.73,,,6.4,15.4,11.99,,4.66,19.04,12.51,12.05,7.88,14.9,9.89,15.52,,,9.63,13.25,6.98,,5.11,,,,11.03,,10.85,,10.92,7.7,16.21,,19.14,8.38,10.15,,14.01,,,,8.81,11.48,,11.69,14.12,9.44,22.83,16.49,,38.85,6.21,11.4,12.02,12.19,9.22,,,20.89,20.48,,7.49,17.2,12.21,16.06,,14.51,25.65,28.12,17.75,,19.89,16.7,7.99,,11.79,6.82,,11.7,,9.69,,7.73,12.92,,16.61,14.9,8.02,9.42,,,,10.64,14.56,46.8,,,4.65,,21.19,10.76,,,15.14,,,,,,9.9,,30.45,9.3,32.0,10.05,,6.62,,12.22,12.85,,8.59,,,,,11.41,9.96,11.82,7.1,,,,,,5.84,,36.39,14.71,,7.8,22.75,9.12,15.95,,25.6,15.67,,23.47,11.86,5.65,15.25,,,6.26,,3.5,8.25,8.29,17.97,,,9.9,,13.39,9.85,,7.17,4.92,,,9.13,5.09,8.33,,6.18,11.74,,,,4.67,5.94,,8.15,,3.95,,,8.65,,18.33,5.01,,,4.88,,,,,,,8.51,,8.39,,,,6.8,,,16.21,,,6.4,,21.13,,4.08,6.28,,13.24,,,7.98,16.5,13.93,6.1,4.99,9.56,,,,,8.26,,5.99,9.26,13.91,,,8.16,,12.23,10.37,32.39,11.36,,17.83,8.31,10.54,12.26,,12.29,,15.69,21.61,,15.32,8.25,16.24,,,,,,,,,51.3,,,23.37,23.78,11.26,,13.59,,24.3,,8.97,,9.52,,,,7.64,,10.37,6.07,,11.73,,,6.47,,36.0,,6.87,5.63,30.35,,3.43,,5.27,,,4.88,,,5.31,9.63,,,,,,19.64,,,7.56,4.04,14.25,9.9,,,22.91,,,,6.3,,10.42,,,,12.77,13.4,34.63,,,,,,,,2.98,30.2,13.1,,,,15.09,,22.86,10.16,,14.55,,,8.91,6.29,,,,,8.93,15.79,7.19,15.32,,26.92,,,7.17,,,,9.07,,10.73,9.93,,,7.88,,13.57,18.82,,6.96,,9.54,,11.35,42.8,,,,,,,,,,21.59,,,,,12.72,16.78,6.86,5.32,,,,9.17,4.75,5.57,7.25,10.99,,,,,5.76,6.23,,15.59,3.99,,,,,,5.13,,,,8.87,5.93,,,,4.74,,,,,,4.26,,,,,2.8,,,8.76,,,,6.17,,,4.34,,,,,,,9.72,7.16,3.3,,,,,,,7.96,,,,4.23,,5.52,4.93,3.21,,5.19,,14.6,,7.3,7.8,,,5.71,6.82,8.18,8.04,5.03,,,,,5.99,9.99,3.21,2.06,,,,,,5.95,,,10.29,9.12,,14.29,,,,,,,6.34,4.73,,,,9.52,,,,,10.34,8.27,,,,,,,12.39,,,,,8.16,6.7,7.94,,,,17.57,2.54,,27.76,,,,,,4.14,,,6.24,,,5.42,,3.06,,13.36,,8.18,,9.52,11.3,,,3.67,6.83,26.89,6.67,,2.29,7.51,3.87,7.15,,,7.0,,6.94,,,8.75,9.89,4.4,8.67,13.11,10.26,,4.0,5.4,,4.36,,14.86,,3.28,,8.5,5.91,6.15,,4.53,,19.11,4.28,,8.74,,,,10.78,3.93,,,,,4.7,8.14,,5.69,,,4.97,,,,,,,,4.74,4.36,,,4.08,5.12,23.06,,6.41,6.0,,,,,5.95,9.61,15.13,3.74,10.06,,,9.04,8.16,9.94,7.35,3.57,7.09,7.05,,,,,6.52,,,3.1,5.86,,14.39,,,7.05,3.85,,10.35,13.47,,,9.75,,4.37,2.32,,,,5.38,3.39,,9.41,,,,9.14,,,,3.31,3.86,9.2,3.99,,9.85,,4.19,5.08,7.36,12.15,,,,3.7,,,,4.67,,,7.45,,,,16.78,6.14,14.1,17.46,,6.05,8.07,8.38,,,5.13,19.15,,4.55,4.24,,,2.63,,,,4.63,,,7.43,,11.46,3.86,,18.31,,9.62,,9.18,4.41,11.29,3.75,,10.42,10.68,,10.46,,,9.34,,4.01,9.44,6.13,4.23,,,2.65,2.43,,,,8.88,7.54,,1.83,,14.07,13.06,9.47,,3.72,3.7,3.01,7.34,,12.64,6.22,,,16.15,,,,6.73,,2.31,,,17.88,,6.84,,,,,,,6.5,,,,,,,,9.14
2013-08-20,,,,,,,11.95,,,21.69,13.67,,,,,18.85,25.45,11.29,8.8,,,12.33,39.53,,18.27,19.59,,,13.69,,15.03,11.33,17.16,,,,,34.95,,,28.79,38.95,50.56,,16.42,,,64.98,,2.32,,7.1,,,6.29,6.14,,,17.52,,,,19.66,7.58,7.45,6.38,,15.75,,8.52,16.9,,5.56,29.1,,6.62,8.12,,18.79,7.23,27.42,,9.42,,13.53,,,,,11.62,,,6.4,16.03,12.12,,4.58,19.06,12.6,12.79,7.92,15.02,9.83,15.81,,,9.6,13.14,7.09,,5.04,,,,11.12,,10.86,,10.89,7.61,16.27,,19.23,8.71,10.36,,13.76,,,,8.83,11.58,,11.39,13.99,9.4,23.7,16.36,,39.98,6.31,11.41,12.5,12.26,9.09,,,20.77,20.6,,7.9,16.8,12.24,15.82,,14.21,25.68,27.94,17.73,,19.61,16.43,7.99,,12.44,6.77,,12.0,,9.64,,7.89,12.58,,16.2,14.95,8.16,10.36,,,,10.72,14.79,46.85,,,4.91,,20.7,10.53,,,15.41,,,,,,9.83,,30.66,9.19,32.1,9.96,,6.98,,12.85,12.78,,8.55,,,,,11.36,10.96,12.1,7.09,,,,,,5.87,,35.35,15.2,,7.84,22.85,9.06,15.95,,25.59,15.85,,24.66,11.97,5.58,16.3,,,6.45,,3.52,8.69,8.06,18.15,,,9.95,,13.37,9.94,,7.2,5.03,,,9.24,5.16,8.23,,6.18,12.91,,,,4.69,5.9,,8.2,,3.98,,,9.03,,18.37,5.06,,,4.86,,,,,,,8.38,,8.38,,,,6.81,,,16.85,,,6.33,,21.34,,4.05,6.46,,13.8,,,7.76,16.78,14.12,6.0,4.94,9.36,,,,,8.19,,5.9,9.45,14.18,,,8.23,,12.27,10.26,32.16,11.2,,17.83,8.38,10.66,12.31,,11.98,,15.7,23.64,,15.4,8.28,16.41,,,10.57,,,,,,51.75,,,23.46,23.67,10.95,,13.85,,24.37,,8.82,,9.71,,,,7.61,,10.26,6.04,,11.83,,,6.49,,37.83,,6.87,5.67,30.15,,3.45,,5.23,,,4.81,,,5.5,9.85,,,,,,19.6,,,7.44,4.02,14.3,9.82,,,23.36,,,,6.23,,11.46,,,,12.62,13.35,34.27,,,,,,,,2.95,29.44,13.44,,,,14.9,,22.65,10.03,,14.47,,,8.76,6.26,,,,,9.13,15.82,7.3,15.2,,26.25,,,7.12,,,,9.09,,10.66,10.23,,,7.8,,13.46,19.14,,6.87,,9.8,,11.6,42.62,,,,,,,,,,22.8,,,,,12.41,16.91,6.74,5.28,,,,9.07,4.77,5.53,7.1,10.63,,,,,5.88,6.22,,15.4,4.07,,,,,,5.32,,,,8.6,5.87,,,,4.67,,3.77,,,,4.21,,,,,2.75,,,8.69,,,,6.04,,,4.4,,,,,,,9.86,7.05,3.29,,,,,,,7.9,,,,4.22,,5.45,4.88,3.19,,5.16,,14.81,,7.33,7.98,,,5.64,6.7,8.25,8.29,5.0,,,,,5.96,9.99,3.19,2.08,,,,,,5.88,,,10.16,8.99,,14.2,,,,,,,6.24,4.68,,,,9.29,,,,,10.48,8.15,,,,,,,12.3,,,,,7.95,6.66,8.31,,,,18.69,2.62,3.37,27.53,,10.36,,,3.29,4.1,,,6.24,,,5.39,,3.03,,13.63,,7.94,,10.0,11.22,,,3.81,6.83,26.75,6.66,,2.34,7.61,3.79,7.1,,,6.93,,7.06,,,8.89,10.27,4.37,8.64,13.13,10.22,,3.97,5.39,,4.61,,14.64,,3.24,,8.34,5.89,6.18,,4.45,,18.15,4.44,,,,,,10.92,3.96,,,,,4.72,8.24,,5.65,,,4.89,,15.2,,,,,,4.72,4.3,,,4.11,5.07,22.62,,6.44,5.95,,,,,5.85,9.6,15.04,3.7,10.25,,,9.24,7.98,9.56,7.29,3.75,6.92,6.9,,,,,6.46,,,3.06,5.59,,13.67,,,6.98,3.84,,10.13,13.27,,,9.6,,4.4,2.29,,,,5.42,3.24,,9.58,,,,9.15,,,,3.28,3.84,9.14,3.98,,10.1,,4.17,5.02,7.44,12.0,,,,3.82,,,,4.6,,,7.32,,,,,6.07,14.04,18.58,,6.14,8.13,8.21,,,5.05,19.8,,4.52,4.3,,,2.66,,,,4.64,,,7.4,,12.19,3.89,,19.23,,9.59,,9.14,4.35,11.23,3.68,,10.37,10.95,,10.38,,,9.35,,3.96,9.35,6.18,4.26,,,2.62,2.38,,,,8.68,7.43,,1.81,,13.39,12.8,9.83,,3.76,3.72,3.0,7.01,,12.37,6.1,,,15.95,,,,6.6,,2.26,,,17.5,,6.91,,,,,,,6.44,,,,,,,,9.23
2013-08-21,,,,,,,12.2,,,22.41,13.91,,,,,20.2,25.97,11.04,8.86,,,12.84,39.79,,18.1,19.54,,,13.74,,15.06,11.23,17.8,,,,,34.45,,,29.13,39.18,51.6,,16.57,,,63.94,,2.31,,7.14,,,6.44,6.44,,,17.85,,,,19.76,7.45,7.34,6.51,,15.9,,8.79,16.69,,5.58,28.37,,6.51,8.21,,19.94,7.38,27.11,,9.94,,13.71,,,,,11.93,,,6.4,16.14,12.21,,4.88,19.68,12.9,13.59,8.21,14.65,9.75,15.58,,,9.78,13.22,7.53,,5.08,,,,11.39,,10.91,,11.12,7.69,16.14,,19.73,9.02,9.92,,13.95,,,,9.71,11.51,,11.53,14.21,9.51,23.95,16.12,,39.7,6.34,11.73,12.53,12.25,9.16,,,20.9,20.64,,8.03,16.73,12.03,16.01,,14.4,25.83,26.26,17.9,,19.85,16.57,7.96,,12.69,6.7,,12.02,,9.8,,7.76,13.1,,16.46,15.6,8.36,10.2,,,,11.28,15.25,47.61,,,4.98,,20.75,10.58,,,16.95,,,,,,9.99,,29.87,9.51,32.58,9.81,,7.09,,12.98,12.85,,8.77,,,,,11.05,11.13,12.02,7.08,,,,,,5.9,,35.16,15.48,,7.96,23.3,9.2,16.1,,26.01,15.79,,25.1,12.57,5.6,15.91,,,6.45,,3.57,8.94,7.99,17.85,,,9.99,,13.38,9.92,,7.3,5.09,,,9.7,5.23,8.34,,6.25,14.2,,,,5.16,5.98,,8.34,,4.03,,4.48,8.97,,18.35,5.07,,,4.92,,,,,,,8.6,,8.22,,,,7.05,,,16.66,,,6.22,,21.69,,4.1,6.63,,13.55,,,7.3,16.75,13.92,6.04,5.08,9.29,,,,,8.25,,5.93,9.4,13.99,,,8.26,,13.5,10.48,32.23,11.28,,17.8,8.22,10.81,12.47,,11.93,,15.18,23.24,,15.31,8.52,16.49,,,10.79,,,,,,52.1,,,24.1,22.92,10.9,,13.91,31.3,24.8,,8.9,,9.79,,,,7.66,,10.23,6.08,,11.95,,,6.53,,37.76,,6.93,5.75,29.37,,3.37,,5.4,,,4.8,,,5.58,9.7,,,,,,19.8,,,7.68,4.08,14.65,10.11,,,23.69,,,,6.42,,11.95,,,,12.77,13.36,34.15,,,,,,,,2.98,30.94,13.52,,,,14.94,,22.8,10.16,,14.51,,,8.91,6.33,,,,,9.12,15.68,7.4,15.45,,26.45,,,7.28,,,,10.0,,10.84,10.21,,,7.81,,13.38,19.05,,6.9,,9.73,,11.52,42.31,,,,,,,,,,22.47,,,,,12.36,16.56,6.71,5.32,,,,9.04,4.76,5.62,7.24,10.72,,,,,5.88,6.5,,15.53,4.02,,,,,4.94,5.33,,,,8.65,5.92,,,,4.67,,3.78,,,,4.28,,,,,2.76,,,8.69,,,,6.05,,,4.39,,,,,,,10.01,7.15,3.29,,,,,,,7.9,,,,4.28,,5.49,4.91,3.19,,5.21,,15.1,,7.37,8.11,,,5.66,6.72,8.39,8.23,5.07,,,,,6.2,9.99,3.19,2.09,,,,,,6.01,,,10.11,9.07,,14.48,,,,,,,6.32,4.66,,,,9.37,,,,,10.95,8.17,,,,,,,12.14,,,,,8.1,6.5,8.2,,,,18.65,2.64,3.54,27.74,,10.06,,,3.19,4.14,,,6.58,,,5.55,,3.05,,14.63,,7.97,,10.0,11.27,,,3.78,7.22,27.51,6.64,,2.43,7.93,3.91,7.15,,,6.97,,7.1,,,8.87,10.1,4.4,8.82,13.41,10.55,,4.01,5.39,,4.54,,14.58,,3.24,,8.52,5.97,6.22,,4.7,,18.16,4.35,,,,,,11.24,3.97,4.09,,,,4.81,8.25,,5.56,,,4.87,,14.92,,,,,,4.77,4.4,,,4.11,5.04,22.4,,6.63,5.96,,,,,5.87,9.62,14.76,4.07,10.39,,,9.25,8.01,9.48,7.36,3.87,6.88,7.01,,,,,6.45,,,3.08,5.44,,13.14,,,7.11,3.85,,10.32,13.34,,,9.62,,4.37,2.31,,,,5.56,3.2,,9.44,,,,9.55,,,,3.33,3.83,9.2,4.04,,10.15,,4.22,5.08,7.44,12.64,,,,4.2,,,,4.63,,,7.57,,3.04,,17.24,6.34,14.44,18.35,,6.1,8.07,8.27,,,5.07,19.74,,4.45,4.3,,,2.79,,,,4.68,,,7.38,,11.99,4.02,,20.19,,9.45,,9.18,4.38,11.23,3.69,,10.78,11.0,,10.28,,,9.18,,3.97,9.34,6.17,4.25,,,2.64,2.39,,,,8.87,7.48,,1.82,,13.4,12.54,9.64,,3.94,3.82,3.07,7.27,,12.45,6.2,,,16.07,,,,6.58,,2.26,,,17.5,,6.99,,,,,,,6.37,,,,,,,,9.25
2013-08-22,,,,,,,11.82,,,22.51,13.7,,,,,19.78,25.95,11.1,8.96,,,12.92,40.85,,17.97,19.54,,,13.56,,15.49,11.1,18.1,,,,,33.84,,,28.77,39.94,51.41,,16.76,,,64.29,,2.29,,7.19,,,6.33,6.11,,,17.65,,,,19.48,7.68,7.27,6.43,,15.95,,8.69,16.86,,5.64,28.8,,6.39,8.16,,19.56,7.26,27.9,,9.85,,13.72,,,,,12.29,,,6.42,15.94,12.12,,4.75,19.29,12.6,13.21,8.07,14.65,9.94,15.74,,,9.79,13.33,7.73,,5.07,,,,11.2,,10.96,,11.2,7.56,15.93,,19.43,8.8,9.8,,13.84,,,,9.44,11.29,,11.15,14.75,9.44,23.86,16.03,,43.66,6.26,11.88,12.17,12.26,9.1,,,20.73,21.54,,7.82,16.7,12.08,16.05,,14.29,25.94,25.8,17.94,,19.71,16.6,7.86,,12.46,6.8,,12.18,,9.83,,7.52,12.8,,17.28,15.78,8.75,10.95,,,,12.41,15.25,52.37,,,4.97,,22.0,10.33,,,18.0,,,,,,9.95,,30.79,9.5,32.41,9.96,,6.94,,12.7,13.09,,8.67,,,,,11.01,10.89,11.78,7.08,,,18.87,,,5.9,,36.4,15.3,,8.05,23.21,9.18,16.02,,26.1,15.77,,25.32,12.61,5.61,15.48,,,6.33,5.27,3.48,9.03,7.94,17.7,,,10.1,,13.42,9.77,,7.37,5.03,,,8.98,5.23,8.39,,6.42,15.62,,,,5.32,6.13,,8.26,,4.05,,4.5,9.62,,18.76,5.08,,,4.96,,,,,,,8.53,,8.09,,,,6.98,,,17.79,,,6.13,,21.85,,4.17,6.52,,13.41,,,7.42,16.74,13.48,6.07,5.06,9.26,,,,,8.29,,5.95,9.38,14.0,,,8.5,,14.82,10.66,32.05,11.15,,18.44,8.05,10.92,12.33,,11.92,,15.43,22.87,,15.31,8.65,16.38,,,10.91,,,,,21.96,51.48,,,24.2,23.1,10.1,,13.83,31.69,25.29,,8.86,,10.04,,,,7.66,,10.06,6.02,,11.88,,,6.64,,37.64,,6.86,5.69,29.88,,3.32,,5.31,,,4.82,8.15,,5.72,9.6,32.65,,,,,19.52,,,7.58,4.18,14.4,10.04,8.55,,24.16,,,,6.34,,11.64,,,,12.28,13.67,34.49,,,,,,,,2.96,30.69,13.56,,,,15.17,,22.92,10.04,,14.05,,,9.08,6.38,,,,,9.05,15.6,7.38,15.23,,27.25,,,7.32,,,,11.0,,11.08,10.38,,,7.46,,13.4,19.8,,6.96,,9.49,,11.5,43.1,,,,,,,,,,22.36,,,,,12.12,16.74,6.51,5.28,,,,8.98,4.7,5.68,7.2,10.71,,,,,5.82,6.52,,15.36,4.06,,,,,4.93,5.24,,,23.15,8.6,5.94,,,,4.64,,3.96,,,,4.3,,,,,2.7,,,8.56,,,,6.02,,,4.33,,,,,,,9.78,7.16,3.26,,,,,,,7.84,,,,4.24,,5.43,5.03,3.19,,5.37,,14.98,,7.25,8.13,,,5.64,6.66,8.33,8.13,5.1,,,,,6.06,10.31,3.18,2.08,,,,,,5.99,,,10.15,9.0,,14.18,,,,,,,6.21,4.61,,,,9.24,,,,,10.94,8.29,,,,,,,12.54,,,,,7.84,6.7,8.11,,,,18.58,2.71,3.72,26.92,,9.66,,,3.07,4.17,,,6.65,,,5.62,,3.03,,13.86,,7.98,,10.02,11.12,,,3.89,7.4,27.03,6.51,,2.45,7.89,3.85,7.15,,,7.03,,7.19,,,8.71,9.9,4.55,8.83,13.3,10.35,,4.06,5.37,,4.57,,14.61,,3.24,,8.3,5.99,6.14,,4.66,,18.0,4.79,,,,,,11.14,3.98,3.84,,,,4.84,8.23,,5.52,,,4.76,,15.14,,,,,,4.9,4.33,,,4.13,5.05,22.62,,6.62,5.98,,,,,5.78,9.6,14.51,3.97,10.36,,,9.25,7.79,9.61,7.39,,6.82,6.86,,,,,6.43,,,3.1,5.42,,13.23,,,7.02,3.84,,10.39,13.13,,,9.29,,4.46,2.31,,,,5.59,3.18,,9.29,,,,9.66,,,,3.52,3.84,9.15,4.09,,10.41,,4.22,5.06,7.62,13.16,,,,4.62,,,,4.66,,,7.68,,3.05,,17.2,6.4,14.7,18.3,,6.26,8.05,8.22,,,5.1,19.61,,4.33,4.58,,,2.93,,,,4.65,,,7.25,,11.85,3.98,,21.2,,9.27,,9.09,4.41,11.43,3.67,,10.85,10.55,,10.39,,,9.16,,4.01,9.26,6.1,4.43,,,2.62,2.35,,,,9.1,7.55,,1.82,,13.3,12.65,9.94,,3.9,3.75,3.1,6.94,,11.91,6.2,,,16.46,,,,6.57,,2.27,,,17.3,,7.0,,,,,,,6.27,,,,,,,,9.3
2013-08-23,,,,,,,11.76,,,22.49,13.54,,,,,21.02,25.24,11.06,8.75,,,12.49,42.6,,18.0,19.63,,,13.8,,14.92,10.89,18.08,,,,,32.67,,,29.36,41.55,53.96,,16.78,,,63.33,,2.29,,7.13,,4.13,6.19,6.09,,,17.23,,,,19.0,7.62,7.12,6.54,,15.69,,9.03,16.69,,5.51,28.1,,6.22,8.28,,21.52,7.15,27.86,,9.59,,13.69,,,,,12.15,,,6.29,15.47,12.35,,5.23,19.5,12.91,13.42,8.08,14.7,9.8,15.77,,,9.5,13.1,7.51,,4.98,,,,11.01,,10.94,,11.01,7.36,16.41,,19.7,8.76,9.88,,13.74,,,,9.14,11.07,,11.67,15.7,9.36,23.32,16.09,,43.0,6.33,12.75,11.87,11.98,9.04,,,20.26,21.33,,7.83,16.95,12.19,15.41,,13.96,25.73,25.4,17.68,,19.05,16.51,7.8,,12.19,6.85,,11.85,,9.5,,7.4,12.76,,16.9,15.33,8.44,10.92,,,,12.74,15.45,57.6,,,5.09,15.13,23.49,10.17,,,16.79,,,,,,10.12,,31.9,9.49,31.39,10.18,,6.69,,12.93,12.75,,8.48,,,,,11.07,10.55,11.63,7.16,,,18.65,,,5.85,,36.18,15.43,,7.83,23.31,9.13,16.05,,25.82,15.4,,24.61,12.22,5.52,15.88,,,6.22,5.21,3.45,9.11,7.75,17.02,,,9.98,,13.3,9.79,,7.16,5.0,,,8.98,5.17,8.38,,6.31,17.18,,,,5.85,6.01,,8.33,,4.0,,4.41,9.58,,18.96,5.01,,,4.87,,,,,,,8.4,,7.89,,,,6.81,,,17.8,,,6.36,,21.59,,4.13,6.49,,14.06,,,6.68,16.42,13.79,5.98,4.99,9.19,,,,,8.3,,5.8,8.95,14.3,,,8.31,,14.13,10.36,31.6,11.0,,18.39,8.26,10.52,12.09,,11.84,,15.24,22.48,,15.12,8.65,16.97,,,10.77,,,,,23.19,50.73,,,23.16,24.44,9.8,,13.62,31.14,24.97,,8.75,,10.3,,,,7.84,,10.16,6.15,,12.05,,,6.52,,38.39,,6.82,5.62,,,3.35,,5.21,,,4.7,8.02,,5.67,9.62,33.2,,,,,19.63,,,7.74,4.12,14.84,9.85,8.36,,24.6,,,,6.27,,11.4,,,,11.85,13.48,35.5,,,,,,,,3.02,30.8,13.58,,,,14.83,,22.6,9.94,,13.71,,,9.5,6.48,,,,,9.29,14.99,7.28,15.08,,26.79,,,7.37,,,,10.4,,11.38,10.0,,,7.32,,13.8,20.2,,6.86,,9.83,,11.64,42.7,,,,,,,,,,21.3,,,,,12.25,17.53,6.57,5.36,,,,8.86,4.68,5.92,7.51,10.5,,,,,5.76,6.51,,15.15,3.98,,,,,4.93,5.25,,,23.31,8.88,5.82,,,,4.65,,4.15,,,,4.41,,,,,2.67,,,9.13,,,,5.93,,,4.2,,,,,,,9.56,7.13,3.27,,,,,,,7.88,,,,4.19,,5.43,5.27,3.16,,5.5,,14.81,,7.2,8.24,,,5.52,6.52,8.11,8.11,4.86,,,,,5.98,10.56,3.21,2.05,,,,,,5.88,,,10.08,8.87,,14.2,,,,,,,6.09,4.58,,,,9.07,,,,,11.13,8.17,,,,,,,12.52,,,,,7.99,6.67,7.94,,,,18.44,2.71,3.87,26.46,,9.46,,,3.02,4.13,,,6.52,,,5.6,,3.28,,13.93,,7.8,,10.08,10.86,,,3.86,7.36,27.56,6.5,,2.44,7.69,3.85,7.22,,,6.95,,7.18,,,8.88,10.37,4.52,8.79,13.47,10.1,,4.03,5.44,,4.48,,14.48,,3.21,,8.22,5.86,6.07,,4.79,,17.91,4.75,,,,,,10.93,3.9,3.84,,,,4.94,8.02,,5.5,,,4.71,,15.27,,,,,,4.85,4.32,,,4.07,4.92,22.59,,6.52,5.96,,,,,5.71,9.4,14.47,3.92,10.16,,,9.37,7.8,9.95,7.27,,6.71,6.81,,,,,6.38,,,3.09,5.31,,13.04,,,6.77,3.81,,10.16,13.19,,,9.32,,4.5,2.29,,,,5.55,3.09,,9.21,,,,10.08,,,,3.4,3.76,8.75,4.08,,10.25,,4.16,5.11,7.99,12.87,,,,4.48,,,,4.61,,,7.65,,3.08,,16.81,6.34,14.38,18.86,,6.15,7.74,8.38,,,4.95,19.7,,4.33,4.67,,,2.89,,,,4.61,,,7.09,,12.05,3.9,,20.14,,9.39,,8.9,4.34,11.28,3.61,,10.64,10.31,,10.16,,,9.18,,3.95,9.2,6.03,4.34,,,2.59,2.36,,,,8.87,7.37,,1.8,,13.13,12.56,10.05,,3.88,3.67,3.05,6.83,,11.76,6.3,,,16.96,,,,6.47,,2.23,,,16.88,,7.07,,,,,,,6.21,,,,,,,,9.07
2013-08-26,,,,,,,11.92,,,22.99,13.73,,,,,21.77,25.35,11.46,8.84,,,12.67,42.06,,18.34,21.59,,,14.07,,15.3,11.2,18.24,,,,,32.74,,,29.44,41.63,54.82,,17.18,,,63.58,,2.33,,7.19,,4.15,6.27,6.19,,,17.37,,,,19.26,7.6,7.26,6.69,,15.73,,9.04,17.75,,5.73,27.9,,6.3,8.38,,22.3,7.28,28.7,,9.73,,13.95,,,,,11.9,,,6.39,15.58,12.62,,5.57,20.25,12.97,14.43,8.28,15.14,10.1,16.32,,,9.58,13.3,8.1,,5.08,,,,11.24,,11.08,,11.32,7.42,15.7,,19.88,8.97,10.04,,14.2,,,,9.23,11.42,,11.93,15.8,9.56,23.6,16.45,,43.7,6.47,12.82,12.14,12.31,9.73,,,20.39,22.52,,7.92,17.54,12.31,15.53,,15.22,27.31,25.4,18.06,,19.28,16.76,7.92,,12.22,6.97,,11.88,,9.65,,7.5,12.92,,16.04,15.21,8.45,10.96,,,,12.84,15.67,59.22,,,5.09,15.8,23.54,10.37,,,16.84,,,,,,10.06,,31.84,9.8,32.17,10.4,,6.88,,12.73,13.0,,8.72,,,,,11.15,11.19,11.9,7.3,,,20.03,,,5.94,,36.6,15.78,,8.01,23.61,9.2,16.21,,26.16,15.53,,25.76,12.85,5.55,16.13,,,6.29,5.27,3.5,9.12,7.91,17.55,,,10.13,6.09,13.63,9.7,,7.27,5.05,,,9.01,5.15,8.5,,6.36,,,,,5.93,6.22,,9.16,,4.05,,4.53,10.54,,19.23,5.11,,,4.96,,,,,,,8.59,,8.13,,,,6.91,,,17.6,,,6.88,,21.37,,4.2,6.55,,14.01,,,6.69,16.67,13.78,6.05,5.05,9.46,,,,,8.47,,5.85,9.05,14.52,,,8.45,,14.11,10.58,32.5,11.38,,18.59,8.27,10.84,12.55,,12.07,,16.33,22.75,,15.37,9.23,16.99,,,11.14,,,,,23.25,51.21,,,23.14,25.01,10.03,,13.69,31.28,24.84,8.72,8.99,,10.36,,,,7.93,,10.32,6.19,,12.25,,,6.61,,40.36,,6.93,5.73,,,3.44,,5.36,,,4.77,8.26,,5.74,9.98,33.59,,,,,20.0,,,7.84,4.21,14.73,10.18,8.54,,24.61,,,,6.38,,11.68,,,,12.24,13.4,36.4,,,,,,,,3.06,30.99,13.66,,,,15.12,,23.05,10.14,,14.04,,,9.57,6.6,,,,,9.35,15.3,7.39,16.15,,27.1,,,7.86,,,,10.83,,11.8,10.19,,,7.43,,14.4,20.19,,6.96,,9.78,,11.74,43.58,,,,,,,,,,21.95,,,,,12.58,17.6,6.69,5.5,,,,9.29,4.76,6.1,8.26,11.35,,,,,6.07,6.59,,15.55,4.06,,,,,4.98,5.31,,,24.18,8.91,5.96,,,,4.73,,4.24,,,,4.42,,,,,2.72,2.24,,9.17,,,,6.07,,,4.27,,,,,,,9.6,7.14,3.35,,,,,,,8.67,,,,4.25,,5.49,5.44,3.22,,5.48,,14.89,,7.55,8.48,,,5.67,6.7,8.18,8.21,5.09,,7.13,,,6.08,10.56,3.29,2.11,,,,,,5.99,,,10.34,9.05,,14.74,,,,,,,6.26,4.67,,,,9.26,,,,,11.11,8.3,,,,,,,12.15,,,,,8.21,6.72,8.45,,,,18.92,2.73,3.84,26.77,,9.6,,,3.11,4.14,,,6.49,,,5.7,,3.59,,13.74,,7.91,,10.25,11.35,,,4.03,8.1,27.9,6.8,,2.58,7.91,3.96,7.68,,,7.08,,7.25,,,8.89,11.17,4.57,8.92,13.89,10.3,,4.26,5.64,,4.54,,14.92,,3.27,,8.4,5.9,6.2,,5.18,,18.2,4.77,,,,,,10.85,3.94,4.22,,,,4.9,8.34,,5.65,,,4.8,,15.75,,,,,,4.88,4.34,,,4.14,5.03,22.81,,6.71,5.97,,,,,5.81,9.65,14.75,3.96,10.49,,,9.59,8.16,10.21,7.39,,6.94,6.99,,,,,6.5,,,3.14,5.35,,13.3,,,6.96,3.93,,10.23,13.35,,,10.01,,4.53,2.33,,,,5.75,3.14,,9.39,,,,9.83,,,,3.46,3.81,9.0,4.34,,10.26,,4.22,5.18,8.04,12.97,,,,4.52,,,,4.66,,,7.85,,3.17,,16.95,6.46,14.63,18.85,,6.27,7.89,8.55,,,5.07,19.99,,4.37,4.76,,,2.88,,,,4.68,,,7.22,,12.01,4.14,,21.15,,9.31,,9.34,4.47,11.35,3.7,,10.93,10.6,,10.27,,,9.18,,4.0,9.39,6.15,4.32,,,2.63,2.39,,,,9.12,7.51,,1.83,32.55,13.69,12.74,10.13,,3.89,3.73,3.11,6.91,,11.99,6.36,,,17.05,,,,6.81,,2.25,,,17.29,,7.17,,,,,,,6.29,,,,,,,,9.24
2013-08-27,,,,,,,11.84,,,23.36,13.65,,,,,21.78,25.58,11.46,8.74,,,12.6,44.28,,18.1,21.88,,,14.65,,15.15,10.95,17.77,,,,,32.83,,,29.02,42.8,54.5,,18.9,,,63.84,,2.33,,7.28,,4.13,6.38,6.15,,,17.72,,,,19.28,7.57,7.29,6.77,,15.52,,9.16,17.64,,5.77,28.18,,6.6,8.41,,22.43,7.65,28.31,,9.8,,14.09,,,,,11.88,,,6.51,15.55,12.91,,5.64,19.97,13.25,14.64,8.18,14.87,9.8,16.09,,,9.59,13.27,8.1,,5.12,,,,11.4,,10.98,,11.25,7.46,15.64,,19.65,8.94,10.24,,14.1,,,,9.26,11.34,,11.83,15.6,9.53,24.0,16.55,,43.0,6.47,12.63,12.37,12.37,9.96,,22.36,20.75,23.01,,7.88,17.42,12.18,15.67,,15.23,27.71,25.88,18.08,,19.36,16.62,7.97,,12.25,7.02,,11.88,,10.09,,7.4,12.99,,15.77,15.06,8.71,10.65,,,,13.0,15.49,65.14,,,4.99,15.95,23.57,10.39,,,16.98,,,,,,10.1,,,10.0,33.09,10.2,,6.77,,12.93,13.24,,8.9,,15.95,,,11.68,11.15,11.95,7.34,,,20.7,,,6.1,,36.25,15.67,,7.97,23.14,9.34,16.21,,25.76,16.21,,26.74,13.2,5.63,15.74,,,6.33,5.38,3.52,8.97,8.04,18.45,,,9.99,5.98,13.88,9.51,,7.21,5.38,,,8.94,5.18,8.47,,6.43,,,,,6.02,6.84,,9.38,,4.2,,4.5,10.78,,19.19,5.14,,,5.13,,,,,,,8.76,,8.13,,,,6.87,,,17.04,,,7.15,,21.0,,4.23,6.67,,14.25,,,6.61,16.93,13.51,6.05,5.14,9.59,,,,,8.51,,6.41,8.99,14.36,,,8.39,,14.1,10.71,32.21,11.42,,17.75,8.19,10.7,12.81,,11.99,,16.21,22.67,,15.3,9.02,16.79,,,11.54,,,,,23.5,50.1,,,23.29,25.11,10.13,,13.59,33.04,26.0,8.71,9.14,,10.57,,,,7.86,,10.29,6.22,,12.16,,,6.7,,39.85,,6.97,5.73,,,3.45,,5.46,,,4.83,8.18,,5.69,10.33,34.76,,,,,,,,7.82,4.19,14.84,10.17,8.71,,24.81,,,,6.44,,12.17,,,,12.06,13.12,38.5,,,,,,,,3.05,30.72,13.79,,,,15.25,,23.08,10.3,,14.4,,,9.65,6.84,,,,,9.24,15.25,7.4,16.04,,27.86,,,8.09,,,,10.67,,11.69,10.19,,,7.57,,14.4,20.21,,6.85,,9.7,,11.8,43.68,,,,,,,,,,21.76,,,,,12.6,17.23,6.7,5.53,,,,9.5,4.85,6.14,8.9,11.42,,,,,6.38,6.73,,15.73,4.07,,,,,4.98,5.25,,,24.44,8.82,6.05,,,,4.77,,4.38,,,,4.41,,,,,2.74,2.23,,9.5,,,,6.1,,,4.28,,,,,,,9.43,7.16,3.44,,,,,,,9.2,,,,4.28,,,5.52,3.27,,5.42,,14.7,,8.31,8.49,,5.44,5.78,6.87,8.21,8.1,5.1,,6.82,,,6.2,10.47,3.38,2.11,,,,,,6.09,,,10.35,9.23,,14.7,,,,,,,6.28,4.75,,,,9.33,,,,,10.97,8.34,,,,,,,12.29,,,,,8.51,6.61,8.65,,,,19.28,2.71,3.86,27.01,,9.4,,,3.23,4.14,,,6.51,,,5.73,,3.49,,13.7,,8.11,,9.94,11.65,,,4.25,8.79,28.37,7.08,,2.59,8.0,4.02,7.77,,,7.18,,7.33,,,8.99,11.35,4.59,8.91,13.76,10.75,,4.69,5.74,,4.62,,14.8,,3.33,,8.52,5.79,6.23,,5.39,,18.32,4.84,,,,,,10.84,3.98,4.64,,,,4.87,8.22,,5.93,,,4.78,,15.01,,,,,,4.83,4.39,,,4.18,5.13,22.49,,7.01,6.0,,,,,5.91,9.76,15.04,3.95,10.79,,,9.9,8.54,9.95,7.52,,7.14,7.08,,,,,6.57,,,3.14,5.52,,13.35,,,6.99,4.05,,10.46,13.88,,,9.94,,4.48,2.35,,,,5.88,3.16,,9.42,,,,9.87,,,,3.49,3.88,9.22,4.26,,10.32,,4.27,5.15,8.07,13.29,,,,4.79,,,,4.68,,,7.98,,3.19,,17.1,6.42,14.68,18.8,,6.35,7.98,8.58,,,5.38,19.74,,4.34,4.94,,,2.84,,,,4.69,,,7.33,,11.87,4.17,,22.21,,9.37,,9.3,4.44,11.34,3.77,,11.23,10.91,,10.42,,,9.09,,4.04,,6.39,4.24,,,2.69,2.42,,,,9.29,7.63,,1.85,32.24,13.79,13.22,10.03,,3.86,3.76,3.13,7.0,,12.1,6.39,,,17.05,,,,6.79,,2.24,,,17.36,,7.17,,,,,,,6.46,,,,,,,,9.43
2013-08-28,,,,,,,11.85,,,23.23,13.42,,,,,21.04,24.65,11.4,8.5,,,12.78,43.1,,17.79,21.35,,,13.79,,14.81,10.61,17.57,,,,,31.49,,,27.69,42.15,52.7,,18.73,,,67.72,,2.35,,7.12,,4.07,6.33,6.05,,,18.1,,,,19.02,7.59,7.19,6.9,,15.83,,9.15,17.06,,5.7,27.19,,6.58,8.35,,21.73,7.58,27.15,,9.63,,13.74,,,,,11.58,,,6.39,15.04,13.02,,5.86,19.35,12.66,13.65,7.93,14.79,9.29,16.09,,,9.5,13.08,8.08,,5.27,,,,11.2,,10.71,,11.07,7.34,15.15,,18.85,8.5,9.61,,14.86,,,,9.06,11.04,,11.71,15.32,9.21,23.35,16.35,6.49,42.5,6.28,12.3,12.39,12.47,9.74,,22.49,21.17,23.31,,7.77,16.95,11.9,15.21,,14.74,29.6,25.14,17.91,,19.1,16.3,7.94,,11.4,6.94,,11.5,,9.72,,7.12,13.04,,15.28,14.52,8.19,10.03,,,,12.18,14.91,64.9,,,4.92,16.18,24.57,9.92,,,15.9,,,,,,9.74,,,9.6,32.3,9.87,,6.51,,13.77,13.22,,8.76,,17.55,,,11.5,10.6,11.56,7.13,,,19.25,,,5.96,,36.15,15.5,,7.78,22.76,9.1,15.85,,26.51,15.39,,27.55,12.72,5.5,15.2,,,6.24,5.31,3.52,8.85,7.85,18.63,,,9.8,5.87,14.59,9.07,,7.05,5.27,,,8.69,5.43,8.4,,6.27,,,,,5.6,7.06,,9.25,,4.1,,4.59,10.43,,18.8,5.08,,,5.3,,,,,,,8.78,,8.01,,16.84,,6.64,,,16.88,,,7.87,,20.26,,4.28,6.35,,13.6,,,6.41,15.59,13.59,5.8,5.65,9.7,,,,,8.66,,6.24,8.61,13.72,,,8.21,,13.7,10.3,31.25,11.23,,18.02,7.95,10.25,12.84,,11.65,,15.86,22.3,,15.39,8.71,16.1,,,11.76,,,,,22.7,49.9,,,22.78,25.19,9.57,,13.08,31.8,26.18,9.14,9.05,,10.51,,,,7.72,,10.06,6.28,,12.35,,,6.7,,38.76,,7.05,5.58,,,3.49,,5.54,,,4.8,7.91,,5.41,10.07,38.24,,,,,,,,7.97,4.14,14.52,10.31,8.68,,24.76,,,,6.3,,11.43,,,,13.0,13.59,37.6,,,,,,,,3.03,30.08,13.63,,,,14.94,,22.85,10.07,,14.79,,,9.32,6.54,,,,,8.94,15.04,7.21,15.71,,27.49,,,8.4,,,,10.04,,11.72,11.21,,,7.41,,14.54,19.53,,6.77,,9.29,,11.56,41.8,,,,,,,,,,22.47,,,,,13.0,17.28,7.17,5.49,,,,9.98,4.82,6.75,,11.21,,,,,6.43,6.45,,15.59,4.05,,,,,4.82,5.19,,,23.16,8.84,6.32,,,,4.68,,4.3,,,,4.33,,,,,2.74,2.24,,9.33,,,,6.3,,,4.24,,,,,,,9.36,7.16,3.55,,,,,,,9.61,,,,4.39,,5.41,5.71,3.26,,5.3,,15.1,,8.54,8.72,,5.33,5.76,6.67,7.95,7.97,5.23,,6.45,,,6.82,10.17,3.38,2.1,,,,,,6.02,,,10.11,9.2,,14.41,,,,,,,6.34,5.23,,,,9.51,,,,,10.96,8.22,,,,,,,12.06,,,,,8.49,6.5,8.87,,,,19.08,2.69,3.79,26.4,4.02,9.55,,,3.14,4.07,,,6.39,,,5.6,,3.36,,13.65,,8.29,,9.97,12.34,,,4.5,8.95,28.6,7.24,,2.59,7.8,4.17,8.55,,,7.05,,7.38,,,9.19,11.08,4.47,8.83,14.25,11.06,,5.16,5.93,,4.53,,15.04,,3.3,,8.63,5.78,6.17,,5.66,,18.31,4.66,,,,,,10.62,4.06,5.1,,,,4.8,8.12,,5.94,,,4.68,,14.56,5.81,,,,,4.73,4.37,,,4.12,5.04,23.5,,7.7,6.14,,,,,5.77,9.88,14.67,3.91,10.98,,,9.93,8.33,10.23,7.76,,7.14,7.12,,,,,6.5,,,3.1,5.33,,13.26,,,7.06,4.18,,10.11,13.41,,,9.72,,4.37,2.36,,,,6.31,3.11,,9.22,,,,9.77,,,,3.65,3.91,8.92,4.28,,10.08,,4.32,5.09,8.12,12.9,,,,4.41,,,,4.64,,,7.67,,3.15,,16.85,6.23,14.69,17.15,,6.05,7.82,8.65,,,5.56,18.8,,4.25,4.68,,,2.83,,,,4.66,,,7.14,,11.16,4.23,,23.32,,9.24,,9.14,4.37,11.0,3.81,,11.22,10.66,,10.92,,,9.08,,4.06,,6.3,4.06,,,2.66,2.45,,,,9.41,7.63,,1.87,31.4,13.7,12.89,10.65,,3.76,3.67,3.14,7.32,,11.97,6.43,,,17.08,,,,6.78,,2.22,,,17.38,,7.22,,,,,,,6.84,,,,,,,,9.42
2013-08-29,,,,,,,11.88,,,24.83,13.4,,,,,20.8,23.83,11.97,8.52,,,13.58,42.9,,18.28,21.2,,,13.44,,15.8,10.56,17.63,,,,,33.2,,,26.85,41.6,52.25,,18.92,,,66.4,,2.34,,7.21,,4.07,6.43,5.92,,,17.22,,,,18.5,7.35,7.19,6.8,,16.67,,8.85,17.55,,5.72,27.6,,6.58,8.44,,21.76,7.53,26.09,,9.7,,13.51,,,,,11.08,,,6.36,15.26,13.23,,5.87,19.23,12.31,13.63,7.99,14.61,9.32,15.43,,,9.45,12.87,7.75,,5.17,,,,11.63,,10.64,,11.15,7.28,15.07,,18.77,8.3,9.36,,14.15,,,,9.06,11.18,,12.08,14.75,8.97,23.62,16.44,6.41,42.74,6.19,12.41,13.32,12.34,9.8,,23.0,21.15,22.63,,7.73,16.8,12.12,15.06,,14.86,29.57,25.18,17.82,,19.16,16.19,7.87,,11.04,6.79,,11.53,,9.48,,7.22,13.38,,14.81,15.4,8.31,10.14,,,,12.13,14.77,71.09,,,4.92,16.28,23.55,10.38,,,16.3,,,,,,9.71,,,9.46,33.18,9.94,,6.43,,13.84,13.03,,8.68,,19.31,,,11.4,10.61,11.26,7.22,,,18.4,,,5.95,,36.86,15.42,,7.74,22.63,9.12,15.8,,26.25,15.6,,28.99,12.58,5.54,14.99,,,6.22,5.31,3.45,9.01,8.18,18.88,,,9.7,5.87,14.12,8.78,,6.89,5.31,,,8.46,5.7,8.44,,6.16,18.9,,,,5.54,6.77,,10.17,,4.1,,4.61,10.78,,18.66,5.16,,,5.72,,,,,,,8.61,,8.06,,16.19,,6.64,,,15.5,,,8.28,,20.37,,4.28,6.69,,13.78,,,6.97,15.01,13.75,5.62,5.45,9.58,,,,,8.44,,6.4,8.49,13.8,,,8.15,,13.55,9.86,31.07,10.91,,17.98,7.97,10.33,13.0,,11.71,,15.74,22.05,,14.7,8.81,16.31,,,11.83,,,,,22.3,49.11,,,22.8,24.5,9.7,,13.14,31.28,26.03,8.88,9.27,,10.25,,,,7.59,,9.84,6.16,,11.98,,,6.79,,38.6,,6.98,5.57,,,3.45,,5.42,,,4.86,7.99,,5.49,9.93,35.84,,,,,,,,7.75,4.2,14.41,10.09,8.67,,25.0,,,,6.24,,11.0,,,,12.72,13.31,36.4,,,,,,,,2.98,29.9,13.51,,,,14.76,,23.4,9.91,,14.36,,,9.16,6.46,,,,,8.94,15.1,7.24,15.74,,26.82,,,8.05,,,,10.88,,11.38,10.72,,,7.29,,14.44,19.1,,6.71,,9.2,,11.37,41.1,,,27.01,,,,,,,24.31,,,,,12.89,17.0,6.95,5.71,,,,10.11,4.91,6.68,,11.31,,,,,6.24,6.35,,15.67,4.09,,,,,4.75,5.11,,,24.86,8.49,6.1,,,,4.67,,4.14,,,,4.4,,,,,2.82,2.28,,9.59,,,,6.14,,,4.32,,,,,,,9.44,7.35,3.47,,,,,,,10.57,,,,4.35,,5.43,5.83,3.32,,5.32,,15.02,,8.23,8.9,,5.26,5.82,6.67,7.97,7.93,5.18,,6.33,,,6.54,10.17,3.54,2.13,,,,,,5.93,,,10.14,9.2,,14.23,,,,,,,6.52,5.4,,,,9.28,,,,,11.14,8.16,,,,,,,11.88,,,,,8.74,6.65,8.68,,,,18.81,2.69,3.73,26.32,4.39,9.3,,,3.45,4.07,,,6.4,,,5.55,,3.29,,13.35,,8.31,,9.95,11.96,,,4.36,8.89,28.08,7.1,,2.49,7.68,4.06,8.27,,,7.15,,7.26,,,8.9,10.76,4.51,8.93,13.81,10.8,,5.48,5.87,,4.61,,14.85,,3.31,,8.34,5.69,6.27,,5.47,,17.98,4.67,,,,,,10.99,4.05,5.61,,,,4.76,8.12,,5.8,,,4.73,,14.2,5.67,,,,,4.6,4.45,,,4.19,5.09,22.69,,7.53,6.44,,,,,5.73,9.85,14.53,3.95,10.71,,,9.71,8.06,9.81,7.55,,7.22,6.91,,,,,6.83,,,3.17,5.17,,13.1,,,6.87,4.32,,9.8,13.15,,,10.2,,4.59,2.38,,,4.91,6.38,3.24,,9.1,,,,10.08,,,,3.74,4.04,8.68,4.21,,10.12,,4.39,5.03,7.86,12.98,,,,4.53,,,,4.68,,,7.7,,3.11,,16.89,6.45,14.17,16.95,,6.32,7.84,8.26,,,5.36,18.31,,4.24,4.63,,,2.83,,,,4.72,,,7.11,,11.12,,,23.33,,9.34,,9.21,4.44,11.03,3.9,,11.88,10.34,,10.93,,,9.37,,4.15,9.26,6.43,4.14,,,2.66,2.4,,,,9.45,7.49,,1.9,31.28,13.44,12.63,11.72,,3.74,3.62,3.13,7.03,,11.75,6.37,,,16.8,,,,6.57,,2.2,,,17.55,,7.18,,,,,,,6.59,,,,,,,,9.43
2013-08-30,,,,,,,12.46,,,23.88,12.6,,,,,20.02,22.85,11.66,8.18,,,13.27,39.69,,16.45,20.52,,,12.35,,14.71,10.26,16.6,,,,,30.05,,,25.25,38.35,49.2,,18.76,,,62.63,,2.35,,7.93,,4.1,6.5,5.73,,,16.05,,,,18.19,6.88,7.0,6.53,,,,8.5,16.39,,5.57,28.08,,6.46,8.45,,20.6,7.6,26.14,,9.38,,13.0,,,,,10.93,,,6.34,14.4,13.03,,5.37,18.18,12.32,12.3,7.74,13.72,9.17,14.27,,,9.46,12.62,7.7,,5.05,,,,11.4,,10.55,,10.93,7.15,15.1,,18.08,7.83,9.11,,13.7,,,,8.89,11.93,,12.25,14.23,8.85,23.68,15.75,6.46,40.61,6.25,11.84,13.84,12.63,9.57,,22.99,21.33,20.37,,7.73,16.3,11.43,15.05,,14.89,29.07,24.29,17.95,,20.0,15.83,7.81,,10.84,6.85,,11.26,,8.95,,6.84,12.7,,14.6,13.86,8.2,9.3,,,,11.1,14.06,63.98,,,4.69,15.53,21.31,9.68,,,15.0,,,,,,9.36,,,9.13,32.43,9.34,,6.18,,13.37,12.72,,8.19,,21.24,,,10.6,9.94,10.63,7.01,,,18.1,,,6.09,,36.3,15.1,,7.53,20.9,8.73,15.06,,24.86,15.51,,26.09,12.17,5.46,14.3,,,6.22,5.24,3.42,9.08,7.88,20.77,,,9.71,5.91,13.93,8.49,,6.9,5.2,,,8.3,5.77,8.56,,6.15,19.03,,,,5.33,6.85,,10.4,,4.04,,4.43,10.63,,19.39,5.09,,,5.88,,,,,,,8.6,,7.9,,15.49,,6.4,,,15.39,,,8.0,,19.9,,4.2,6.51,,12.41,,,6.92,14.81,13.45,5.51,5.53,9.28,,,20.98,,8.22,,6.35,8.24,13.62,,,8.11,,13.12,9.65,31.14,10.95,,18.05,8.01,9.86,14.3,,11.26,,15.4,21.32,,14.76,8.67,15.36,,,11.21,,,,,20.46,47.69,,,21.35,23.11,8.76,,12.29,29.94,24.31,9.04,9.21,,9.98,,,,7.56,,9.88,6.17,,11.69,,,6.6,,36.7,,7.0,5.45,,,3.31,,5.34,,,4.78,7.63,,5.41,9.48,34.14,,,,,,,,7.75,4.13,13.91,9.76,8.58,,24.82,,,,6.15,,10.93,,,,12.51,13.12,34.2,,,,,,,,2.94,29.59,13.7,,,,14.53,,22.92,9.61,,14.12,,,8.91,6.31,,,,,8.56,14.83,7.2,15.11,,25.97,,,8.01,,,,10.08,,11.33,10.16,,,7.21,,13.4,18.3,,6.42,,8.63,,10.93,40.61,,,25.5,,,,,,,23.64,,,,,12.36,15.3,6.75,5.71,,,,10.54,4.94,6.8,,11.58,,,,,6.47,6.25,,16.49,4.16,,,,,4.73,5.17,,,22.37,8.23,5.97,,,,4.6,,4.09,,,,4.36,,,,,2.72,2.26,,9.67,,,,6.1,,,4.36,,,,,,,9.35,7.29,3.82,,,,,,,10.77,,,,4.31,,5.58,6.36,3.28,,5.29,,14.68,,,8.97,,5.14,5.71,6.53,7.53,8.0,5.18,,6.24,,,6.42,10.27,3.89,2.16,,,,,,5.96,,,9.88,9.57,,14.94,,,,,,,6.52,5.7,,,,9.15,,,,,11.05,8.13,,,,,,,11.68,,,,,8.99,6.6,8.87,,,,18.64,2.74,3.92,26.19,4.1,9.47,,,3.8,4.04,,,6.12,,,5.47,,3.27,,13.37,,8.61,,9.7,11.91,,,4.39,9.78,27.32,7.44,,2.58,7.82,4.11,8.46,,,6.92,,7.18,,,8.75,10.51,4.6,9.39,13.4,11.01,,5.75,5.95,,4.7,,15.7,,3.33,,8.18,5.48,6.34,,5.56,,17.36,4.46,,,,,,11.54,4.22,6.17,,,,4.63,8.12,,5.99,,,4.86,,14.34,5.88,,,,,4.44,4.38,,,4.35,5.06,21.93,,7.58,6.34,,,,,5.75,9.97,14.98,3.9,10.98,,,10.07,8.13,9.56,7.37,,7.93,6.72,,,,,7.11,,,3.17,4.82,,12.95,,,6.7,4.6,,9.71,12.59,,,10.68,,4.49,2.36,,,5.4,6.45,3.19,,8.9,,,,9.83,,,,3.78,4.07,8.37,4.38,,10.25,,4.44,5.07,7.7,12.98,,,,4.28,,,,4.78,,,7.47,,3.13,,17.18,6.37,13.85,17.16,,6.95,7.88,8.13,,,5.25,18.23,,4.3,4.5,,,2.88,,,,4.74,,,7.22,,10.59,,,22.16,,9.65,,9.3,4.49,10.53,3.84,,12.4,9.86,,10.8,,,9.15,,4.09,9.1,6.16,4.0,,,2.67,2.39,,,,10.07,7.35,,1.9,30.07,12.84,12.19,11.93,,3.76,3.66,3.11,6.7,,11.49,6.55,,,16.45,,,,6.42,,2.2,9.15,,17.91,,7.04,,,,,,,6.59,,,,,,,,9.25
2013-09-02,,,,,,,,,,25.63,12.95,,,,,20.68,23.96,12.52,8.18,,,12.89,41.56,,17.0,21.15,,,12.66,,14.65,10.27,16.65,,,,,29.67,,,25.55,39.73,50.35,,19.14,,,61.92,,2.36,,7.46,,4.13,6.87,5.88,,,16.24,,,,18.56,7.02,7.12,6.56,,,,8.58,17.41,,5.74,29.03,,6.41,8.8,,22.0,7.81,26.14,,9.38,,13.28,,,,,11.58,,,6.52,14.57,12.54,,5.4,18.54,12.25,12.82,7.95,13.8,9.28,14.4,,,9.14,12.81,7.43,,5.21,,,,11.39,,10.78,,10.9,7.44,15.35,,18.46,8.25,9.46,,13.88,,,,8.88,11.64,,11.78,14.54,9.01,24.43,15.77,6.72,40.3,6.4,11.7,13.38,12.9,9.7,,22.9,21.33,20.38,,7.69,16.62,11.38,15.31,,14.62,31.0,24.35,18.17,,20.81,15.94,7.94,,11.17,6.68,,11.5,,9.17,,6.97,12.79,,14.96,13.98,8.27,9.47,,,,11.26,14.6,68.9,,,4.76,16.56,22.77,9.82,,,15.47,,,,,,9.87,,,9.34,33.42,9.59,,6.27,,14.02,12.82,,8.43,,23.36,,,10.79,10.32,10.79,7.11,,,17.2,,,6.4,,37.89,14.58,,7.66,21.35,9.21,15.24,,24.86,15.48,,25.61,12.23,5.58,14.68,,,6.28,5.26,3.41,9.32,7.83,21.88,,,9.83,5.8,14.23,8.5,,6.76,5.32,,12.0,8.27,6.06,8.98,,6.2,18.03,,,,5.45,6.85,,10.42,,4.06,,4.46,11.11,,19.4,5.24,,,5.6,,,,,,,,,7.95,,15.7,,6.6,,,15.15,,,7.53,,20.28,,,6.89,,12.14,,,6.79,15.1,13.09,5.6,5.32,9.46,,,21.13,,8.29,,6.3,8.47,13.72,,,8.12,,13.28,9.74,31.33,10.89,,18.25,7.98,9.97,14.34,,11.37,,15.8,21.65,,14.91,8.73,15.69,,,11.66,,,,,20.38,,,,21.66,22.88,9.03,,12.51,32.93,24.64,9.02,9.0,,10.48,,,,7.79,,9.87,6.27,,11.99,,,6.48,,37.32,,7.15,5.5,,,3.37,,5.44,,,4.8,7.77,,5.36,10.13,34.13,,,,,,,,7.79,4.16,14.18,9.85,8.56,,24.4,,,,6.24,,11.02,,,,12.5,13.43,34.85,,,,,,,,3.0,30.2,13.73,,,,14.65,,22.64,9.86,,14.25,,,9.03,6.4,,,,,8.74,14.75,7.26,15.25,,26.79,,,7.86,,,,10.13,,11.59,11.18,,,7.49,,13.98,18.59,,6.53,,9.49,,11.29,41.43,,,26.95,,,,,,,26.0,,,,,13.09,15.1,6.9,5.53,,,,9.96,4.92,6.36,,11.61,,,,,6.2,6.35,,16.3,4.14,,,,,4.8,5.15,,,22.42,8.34,6.01,,,,4.75,,4.26,,,,4.34,,17.22,,,,2.3,,9.79,,,,6.16,,4.81,4.43,,,,,,,9.28,7.26,3.7,,,,,,,9.69,,,,4.27,,5.5,5.72,3.25,,5.26,,15.09,,,8.49,,5.2,5.87,6.79,7.6,7.86,5.47,,6.37,,,6.62,10.28,3.51,2.17,,,,,,6.18,,,10.26,9.41,,14.96,,,,,,,6.74,5.76,,,,9.16,,,,,10.93,8.18,,,,,,,12.06,,,,,8.55,6.85,8.58,,,,19.07,2.72,3.88,24.89,3.84,9.12,,,3.42,4.08,,,6.09,,,5.47,,3.33,,13.42,,8.26,,9.9,11.66,,,4.09,9.62,27.58,7.09,,2.52,7.73,4.33,8.18,,,6.96,,7.22,,,8.79,10.21,4.45,9.53,13.54,10.81,,5.18,5.79,,4.72,,15.82,,3.44,,8.31,5.53,6.27,,5.12,,17.5,4.4,,,,,,11.48,4.16,5.61,,,,4.59,8.27,,6.22,,,4.87,,13.77,5.71,,,,,4.57,4.4,,,4.27,4.94,22.17,,7.44,6.36,,,,,5.75,10.39,14.32,3.92,10.51,,,10.05,8.48,9.59,7.57,,7.38,6.81,,,,,6.8,,,3.17,5.3,,12.77,,,7.23,4.14,,9.8,12.69,,,10.96,,4.45,2.41,,,4.98,6.45,3.18,,9.35,,,,10.32,,,,3.63,3.94,8.75,4.28,,9.97,,4.3,4.99,8.27,,,,,4.31,,,,4.8,,,7.6,,3.13,,16.32,5.9,14.09,16.99,,6.26,8.2,8.17,,,5.32,18.38,,4.27,4.58,,,2.78,,,,4.71,,,7.07,,10.97,,,21.05,,9.78,,9.35,4.48,10.77,3.87,,11.63,9.84,,10.83,,,9.2,,4.11,9.15,6.13,4.05,,,2.7,2.43,,,,10.12,7.89,,1.89,29.0,13.11,12.4,11.65,,3.79,3.63,3.13,6.75,,11.68,6.81,,,16.62,,,,6.74,,2.23,9.38,,18.41,,7.15,,,,,,,6.59,,,,,,,,9.24
2013-09-03,,,,,,,,,,25.74,13.0,,,,,20.71,25.61,12.9,9.0,,,13.31,43.85,,17.08,20.95,,,12.92,,14.84,10.43,16.78,,,,,29.51,,,26.19,41.39,50.98,,19.71,,,62.41,,2.38,,7.55,,4.16,6.76,5.89,,,16.48,,,,18.57,7.1,7.21,6.7,,,,8.68,17.56,,5.75,28.91,,6.46,9.2,,22.03,7.78,26.48,,9.53,,13.34,,,,,11.84,,,6.56,14.67,12.65,,5.94,18.89,12.35,13.55,7.95,13.75,9.39,14.59,,,9.27,12.96,7.8,,5.24,,,,11.58,,10.75,,11.23,7.55,15.4,,18.63,8.3,9.37,,13.91,,,,9.04,12.18,,12.64,14.55,9.12,24.76,16.13,6.71,40.2,6.59,11.85,13.23,12.91,9.82,,23.17,21.44,20.89,,7.75,16.69,11.73,15.39,,14.95,30.61,25.13,18.25,,20.92,,7.96,,11.26,6.78,,11.59,,9.55,,7.16,13.01,,14.54,14.35,8.4,9.61,,,,11.75,14.72,75.79,,,4.79,16.21,23.95,9.85,,,15.69,,,,,,10.08,,,9.38,35.15,9.6,,6.41,,14.0,13.04,,8.9,,25.7,,,10.8,10.56,10.93,7.39,,13.68,17.37,,,6.39,,39.0,14.79,,7.78,21.67,9.9,15.56,,25.29,16.07,,26.68,12.25,5.66,14.86,,,6.39,5.34,3.46,9.36,7.88,20.0,,,9.92,5.85,14.32,8.88,,6.94,5.3,,12.15,8.61,6.36,9.03,13.49,6.73,18.3,,,,5.49,7.06,,10.59,,4.1,,4.48,10.3,,19.51,5.25,,,5.57,,,,,,,,,8.05,,15.86,,7.0,,,15.25,,,8.28,,20.7,,,7.25,,12.23,,,6.95,15.12,13.63,5.66,5.34,9.53,,,20.38,,8.39,,6.36,8.5,13.77,,,8.15,,13.47,9.84,32.76,10.94,,18.43,7.99,10.15,14.3,,11.64,,15.87,21.71,,15.46,8.96,15.85,,,11.79,,,,,20.84,52.3,,,21.95,24.32,9.18,,12.75,32.8,24.83,8.99,9.1,,10.66,,,,7.86,,10.21,6.32,,12.08,,,6.59,,38.1,,7.14,5.59,,,3.33,,5.45,,,4.84,7.89,,5.42,10.1,33.8,,,,,,,,7.95,4.2,14.41,10.04,8.67,,24.95,,,,6.36,,11.19,,,,12.45,13.75,37.08,,,,,,,,3.02,30.55,13.45,,,,14.8,,22.87,9.85,,14.73,,,9.08,6.43,,,,,8.88,15.01,7.37,15.5,,28.01,,,7.97,,,,10.29,,11.72,11.7,,,7.57,,13.92,18.63,,6.66,,9.32,,11.68,41.91,,,26.88,,,,,,,27.3,,,,,13.19,15.34,6.87,5.88,,,,10.28,4.93,6.43,9.79,11.65,,,,,6.24,6.37,,16.31,4.15,,,,,4.81,5.15,,,22.74,8.44,6.06,,,,4.86,,4.28,,,,4.44,,16.52,,,2.73,2.32,,9.97,,,,6.21,,5.29,4.45,,,,,,,9.37,7.16,3.65,,,,,,,9.99,,,,4.43,,5.73,5.52,3.36,,5.46,,15.56,,,8.56,,5.32,5.97,7.16,7.65,8.13,5.48,,6.36,,,6.48,10.41,3.48,2.2,,,,,,6.16,,,10.33,9.39,,15.03,,,,,,,6.76,5.88,,,,9.24,,,,,10.94,8.27,,,,,,,12.08,,,,,9.41,6.85,8.59,,,,19.2,2.76,3.92,25.4,3.89,9.23,,,3.27,4.1,,,6.2,,,5.61,,3.33,,13.27,,8.29,,10.01,11.76,,,4.15,9.35,27.91,7.16,,2.55,7.87,4.5,8.19,,,7.07,,7.45,,,8.84,10.54,4.5,9.61,13.55,10.73,,5.15,5.84,,4.7,,15.78,,3.51,,8.45,5.57,6.33,,5.24,,17.65,4.48,,,,,,11.42,4.13,5.3,,,,4.89,8.35,,6.59,,,5.13,,14.15,5.72,,,,,4.6,4.54,,,4.4,5.1,22.19,,7.58,6.49,,,,,5.74,10.57,14.23,3.95,11.2,,,10.05,8.45,9.67,7.37,,7.39,6.86,,,,,6.84,,,3.22,5.22,,13.08,,,7.71,4.02,,9.92,12.92,,,12.06,,4.51,2.45,,,4.83,6.44,3.2,,9.49,,,,10.45,,,,3.76,4.06,8.84,4.39,,10.27,,4.49,5.1,8.93,,,,,4.45,,,,4.81,,,7.76,,3.18,,17.14,5.94,13.88,16.8,,6.27,8.19,8.26,,,5.38,18.4,,4.3,4.6,,,2.77,,,,4.8,,,7.3,,11.19,,,21.49,,9.62,,9.37,4.48,11.54,4.0,,12.12,9.99,,10.93,,,9.2,,4.15,9.27,6.13,4.08,,,2.72,2.44,,,,9.78,8.68,,1.91,29.29,13.31,12.7,12.09,,3.81,3.67,3.17,6.75,,11.85,7.2,,,16.62,,,,6.72,,2.27,9.46,,18.71,,7.25,,,,,,,6.47,,,,,,,,9.42
2013-09-04,,,,,,,,,,26.08,12.95,,,,,20.02,26.33,14.19,8.77,,,13.16,43.9,,16.62,20.78,,,12.79,,14.42,10.14,16.44,,,,,31.49,,,25.67,40.91,50.7,,18.94,,,61.27,,2.46,,7.39,,4.13,6.64,5.91,,,16.71,,,,18.99,6.96,7.2,6.63,,,,8.5,18.52,,5.83,29.16,,6.53,9.3,,21.4,7.64,26.2,,9.43,,13.41,,,,,11.48,,,6.51,14.51,12.64,,5.96,18.67,12.11,13.39,8.12,13.69,9.23,14.58,,,9.04,12.96,8.35,,5.32,,,,11.58,,10.85,,11.31,7.4,15.63,,18.37,8.57,10.02,,14.07,,,,8.99,12.05,,12.4,14.27,9.0,24.6,15.9,6.65,43.93,6.8,11.75,14.05,12.62,9.75,,23.0,20.82,20.34,,7.8,16.48,11.79,15.32,,15.46,30.35,25.0,18.08,,20.51,,8.0,,11.3,6.74,,11.58,,9.42,,7.05,13.6,,15.39,13.97,8.13,9.34,,,,11.27,14.55,78.5,,,4.75,16.16,23.76,9.9,,,15.34,,,,,,9.95,,,9.67,35.44,9.58,,6.34,,5.99,12.92,,8.81,,28.27,,,10.6,10.42,10.83,7.34,,13.48,17.23,,,6.28,,38.5,14.89,,7.67,21.42,9.65,15.42,,25.9,15.8,,25.82,12.0,5.67,15.13,,,6.33,5.28,3.49,9.3,7.85,19.8,,,9.82,5.96,14.62,8.72,,6.93,5.24,,12.27,8.53,6.68,8.92,13.38,6.53,19.28,,,,5.37,6.99,,10.88,6.72,4.11,,4.46,11.19,,21.08,5.26,,,5.56,,,,,,,8.85,,8.14,,15.98,,6.96,,,15.55,,,8.25,,20.38,,,7.19,,12.22,,,6.85,14.99,13.76,5.63,5.4,9.47,,,20.78,,8.58,,6.4,8.61,13.89,,,8.37,,13.46,9.69,33.97,10.93,,18.18,8.03,9.92,13.8,,11.66,,16.05,21.88,,15.6,9.13,16.41,,,11.78,,,,,20.75,52.35,,,21.8,24.06,9.05,,12.38,33.29,23.79,8.96,9.43,,10.38,,,,7.81,,10.08,6.27,,12.22,,,6.76,,37.01,,7.09,5.59,,,3.5,,5.37,,,4.94,7.85,,5.46,10.52,35.04,,,,,,,,7.96,4.2,14.36,10.01,8.74,,24.17,,,,6.34,,11.19,,,,12.38,13.75,37.77,,,,,,,,3.17,31.1,13.48,,,,14.98,,22.86,10.0,,14.78,,,8.99,6.37,,,,,8.81,15.1,7.33,15.85,,28.38,,,7.72,,,,10.11,,11.84,11.86,,,7.55,,14.11,20.49,,6.55,,9.16,,11.75,41.3,,,25.88,,,,,,,28.45,,,,,13.35,14.97,6.89,5.79,,,,10.2,5.17,6.41,9.68,11.5,,,,,6.59,6.14,,16.22,4.18,,,,,4.76,5.34,,,22.06,8.53,6.16,,,,4.9,,4.24,,,,4.48,,16.85,,,2.8,2.34,,10.0,,,,6.2,,5.41,4.34,,,,,,,9.5,7.16,3.64,,,,,,,9.82,,,,4.34,,5.73,5.41,3.44,,5.46,,15.64,,,8.56,,5.28,5.92,7.01,7.69,8.17,5.48,,6.28,,,6.57,10.39,3.61,2.25,,,,,,6.18,,,10.34,9.6,,15.08,,,,,,,6.65,6.47,,,,9.22,,,,,11.83,8.19,,,,,,,12.05,,,,,9.26,6.77,8.49,,,,19.61,2.75,4.12,25.02,3.85,9.14,13.17,,3.6,4.12,,,6.29,,,5.56,,3.26,,13.28,,8.36,,9.99,11.81,,,4.3,10.29,27.97,7.24,,2.57,8.24,4.43,8.29,,,7.09,,7.58,,,9.0,10.24,4.67,9.59,13.6,10.68,,5.27,5.79,,4.62,,15.89,,3.46,,8.5,5.62,6.28,,5.18,,17.54,4.47,,,,,,11.19,4.18,5.35,,,,4.69,8.35,,6.49,,,5.04,,13.42,5.57,,,,,4.5,4.49,,,4.56,5.03,22.07,,8.02,6.47,,,,,5.75,10.53,14.1,3.93,11.0,,,10.05,8.5,9.49,7.5,,7.35,6.83,,,,,6.93,,,3.21,5.11,,13.11,,,7.43,4.11,,9.93,12.67,,,12.2,,4.55,2.42,,,4.87,6.45,3.19,,9.31,,,,10.38,,,,3.66,4.02,8.9,4.32,,10.17,,4.46,5.03,8.45,,,,,4.35,,,,4.8,,,7.69,,3.18,,17.25,5.91,14.22,16.8,,6.1,8.08,8.33,,,5.38,18.0,,4.3,4.59,,,2.82,,,,4.76,,,7.37,,11.59,,,21.48,,9.57,,9.52,4.47,11.33,3.94,,12.36,9.81,,10.89,,,9.2,,4.14,9.32,6.0,4.07,,,2.69,2.47,,,7.9,9.98,8.45,,1.92,29.9,13.21,12.5,11.36,,3.91,3.66,3.19,6.7,,12.02,7.15,,,16.62,,,,6.71,,2.31,9.4,,18.49,,7.16,,,,,,,6.58,,,,,,,,9.35
2013-09-05,,,,,,,,,,27.65,12.96,,,,,20.29,27.7,15.61,8.49,,,12.87,47.02,,16.81,22.56,,,12.94,,14.69,10.42,16.5,,,,,31.93,,,25.96,42.65,51.97,,18.41,,,61.32,,2.39,,7.26,,4.07,6.76,5.75,,,16.5,8.47,,,18.85,7.1,7.19,6.61,,,,8.54,19.1,,5.78,29.4,,6.51,9.06,,20.86,7.63,26.74,,9.31,,13.5,,,,,11.4,,,6.47,14.79,12.33,,6.14,19.4,12.17,14.73,8.17,13.95,9.32,14.62,,,9.16,13.04,8.2,,5.23,,,5.75,11.6,,10.88,,11.12,7.3,15.49,,18.93,9.43,9.74,,13.84,,,,9.01,11.74,,12.1,14.48,8.95,25.43,15.62,6.65,42.98,6.66,11.85,13.73,13.1,9.58,,23.35,20.59,20.73,,7.79,16.69,12.17,15.19,,15.35,31.36,24.55,18.07,,20.77,,8.01,,11.33,6.66,,11.51,,9.81,,7.13,14.18,,15.33,14.83,8.28,9.72,,,,11.6,16.01,86.11,,,4.75,17.0,24.9,9.94,,,16.24,,,,,,9.95,,,9.68,35.69,9.73,,6.3,,6.04,12.92,,8.94,,31.1,,,10.89,10.58,11.01,7.36,,13.87,17.44,,,6.26,8.3,37.85,15.13,,7.66,22.4,9.52,15.6,,25.66,16.35,,26.0,,5.64,15.16,,,6.35,5.26,3.5,9.45,7.82,20.0,,,9.79,6.0,14.45,9.17,,6.95,5.16,,12.43,8.55,6.45,8.89,13.06,6.56,19.59,,,,5.53,7.18,,11.4,6.96,4.06,,4.5,11.21,,21.31,5.24,,,5.5,,,,,,,9.05,,8.04,,15.6,,7.13,,,15.43,,,7.88,,20.22,,,7.66,,12.3,,,6.82,14.96,13.98,5.57,5.45,9.47,,,20.1,,8.52,,6.66,8.51,14.11,,,8.27,,13.53,9.78,33.51,10.97,,18.13,7.91,10.02,13.57,,11.89,,15.32,21.7,,15.69,8.97,16.45,,,12.33,,,,,20.9,53.0,,,22.11,24.78,9.7,,12.63,33.58,24.67,8.76,9.31,,10.28,,,,8.59,,9.9,6.29,,12.12,,,6.69,,38.5,,7.22,5.57,,,3.36,,5.38,,,4.83,7.82,,5.31,10.53,35.24,,,,,,,,8.0,4.16,14.29,9.87,8.68,,24.15,,,,6.47,,12.31,,,,12.17,14.06,37.82,,,,,,,,3.33,30.34,13.4,,,,15.05,,22.91,9.88,,14.54,,,9.14,6.4,,,,,8.97,14.75,7.25,15.72,,27.73,,,7.83,,,,10.29,,12.15,11.49,,,7.66,,14.38,20.7,,6.65,,9.05,,12.45,41.75,,,25.85,,,,,,,27.94,,,,,13.3,16.0,6.99,5.68,,,,9.94,5.05,6.3,9.1,11.34,,,,,6.49,6.2,,15.9,4.09,,,,,4.69,5.54,,,24.27,8.4,6.04,,,,5.14,,4.25,,,,4.37,,16.47,,,2.72,2.26,,10.12,,,,6.08,,5.27,4.25,,,,7.39,,,9.67,7.17,3.55,,,,,,,9.51,,,,4.3,,5.66,5.41,3.37,,5.52,,15.49,,,8.3,,5.24,6.04,7.04,7.78,8.08,5.47,,6.35,,,6.37,10.19,3.51,2.18,,,,,,6.13,,,10.34,9.76,,15.07,,,,,,,6.9,6.47,,,,9.17,,,,,12.07,8.2,,,,,,,11.99,,,,,8.95,6.97,8.45,,,,19.91,2.7,4.06,25.32,3.74,9.15,13.57,,3.75,4.1,,,6.25,,,5.56,,3.26,,12.87,,8.19,,9.9,11.82,,,4.13,9.97,27.97,7.25,,2.52,8.17,4.51,8.09,,,7.09,,7.57,,,8.93,10.25,4.7,9.44,13.26,10.4,,5.08,5.68,,4.8,,15.42,,3.42,,8.31,5.6,6.25,,5.41,,17.38,4.54,,,,,,11.13,4.11,5.3,,,,4.61,8.24,,6.49,,,4.98,,13.45,5.63,,,,,4.49,4.49,,,4.42,5.04,21.93,,7.76,6.34,,,,,5.68,10.64,14.26,3.88,11.44,,,10.07,8.42,9.29,7.55,,7.18,6.69,,,,,6.79,,,3.17,5.09,,12.94,,,7.75,4.06,,9.72,12.83,,,11.72,,4.51,2.55,,,4.69,6.3,3.14,,9.25,,,,10.47,,,,3.57,3.99,9.79,4.2,,10.15,,4.44,5.03,8.33,,,,,4.34,,,,4.9,,,7.62,,3.13,,17.36,5.95,13.89,16.46,,5.97,7.9,8.2,,,5.38,19.06,,4.28,4.6,,,2.78,,,,4.71,,,7.25,,11.2,,,21.91,,9.51,,9.31,4.4,11.23,3.87,,11.81,9.55,,10.8,,,9.07,,4.11,9.1,6.16,4.0,,,2.69,2.43,,,8.69,9.67,9.3,,1.88,30.4,13.44,12.42,11.65,,3.88,3.63,3.15,6.5,,11.74,7.06,,,16.69,,,,6.68,,2.26,9.6,,17.97,,7.01,,,,,,,6.36,,,,,,,,9.5
2013-09-06,,,,,,,,,,28.49,13.85,,,,,21.09,26.99,16.18,8.51,,,12.75,47.7,,16.67,22.14,,,12.9,,14.47,10.26,16.89,,,,,31.35,,,25.7,42.94,50.87,,19.28,,,60.45,,2.4,,7.26,,4.08,6.7,5.82,,,16.6,8.47,,,18.74,7.32,7.2,6.55,,17.6,,8.42,18.91,,5.78,28.94,,6.59,9.1,,21.52,7.62,26.94,,9.26,,13.65,,,,,11.25,,,6.5,14.64,12.48,,6.3,19.42,12.08,15.86,,13.88,9.33,14.63,,,9.16,13.05,8.2,,5.34,,,5.73,11.49,,10.77,,11.31,7.32,15.44,,18.82,10.22,9.54,,13.82,,,,9.08,11.66,,12.1,14.34,8.98,25.3,15.74,6.78,41.9,6.99,11.73,14.0,12.92,9.65,,23.55,20.62,20.48,,7.83,16.72,12.25,15.38,,15.14,33.15,24.8,17.91,,20.48,,7.98,,11.11,6.7,,11.39,,10.05,,7.1,14.0,,15.37,15.21,8.28,9.7,,,,11.4,16.1,85.72,,,4.8,17.38,25.45,10.09,,,16.38,,,,,,10.04,,,9.8,36.3,9.67,,6.24,,5.49,13.27,,9.12,,34.21,,,10.8,11.09,11.05,7.55,,14.23,17.48,,,6.23,8.17,37.43,14.9,,7.67,22.51,9.47,15.75,,25.84,16.36,,26.01,,5.61,15.8,,,6.31,5.24,3.47,9.35,7.79,18.53,,,9.81,5.97,15.0,9.08,,6.84,5.16,,12.73,8.38,6.17,8.97,13.32,6.66,20.17,,,,5.66,7.07,,10.68,6.99,4.07,,4.48,11.17,,21.36,5.28,,,5.62,,,,,,,9.09,,7.98,,16.2,,7.18,,,15.03,,,8.03,,19.89,,,8.18,,12.33,,,6.67,15.0,13.63,5.64,5.35,9.61,,,20.1,,8.57,,6.74,8.38,13.9,,,8.36,,13.55,9.76,33.43,10.99,,17.81,8.03,9.94,14.41,,11.85,,15.3,21.69,,15.79,9.04,16.6,,,12.19,,,,,19.91,52.67,,,22.15,24.5,10.1,,12.78,33.52,25.15,8.75,9.31,,10.28,,,,8.66,,9.95,6.39,,12.41,,,6.81,,38.49,,7.21,5.5,,,3.37,,5.37,,,4.79,7.83,,5.19,11.03,36.34,,,,,,,,8.08,4.19,14.55,9.89,8.72,,24.93,,,,6.43,,12.91,,,,12.79,15.18,38.2,,,,,,,,3.36,30.72,13.68,,,,15.01,,23.17,9.87,,15.34,,,9.17,6.44,,,,,8.92,14.7,7.48,15.88,,28.19,,,8.06,,,,10.52,,12.32,12.64,,,7.49,,15.82,22.2,,6.6,,9.08,,13.7,41.18,,,25.54,,,,,,,27.71,,,,,13.07,15.86,7.18,,,,,10.31,4.94,6.58,9.5,11.59,,,,,6.65,6.22,,15.92,4.06,,,,,4.64,5.48,,,26.7,8.66,6.0,,,,5.07,,4.21,,,,4.4,,16.87,,,2.73,2.27,,10.22,,,,6.11,,5.31,4.25,,,,7.4,,,9.52,6.97,3.68,,,,,,,10.13,,,,4.33,7.69,5.69,5.52,3.34,,5.68,,15.47,,8.02,8.53,,5.32,5.99,6.91,7.67,8.16,5.45,,6.3,,,6.45,10.15,3.54,2.19,,,,,,6.08,,,10.28,10.0,,14.86,,,,,,,6.74,6.95,,,,9.09,,,,,11.92,8.27,,,,,,,11.98,,,,,9.03,6.81,8.97,,,,19.69,2.73,3.89,25.48,3.8,9.06,13.5,,3.69,4.1,,,6.35,,,5.56,,3.29,,13.01,,8.47,,10.03,11.99,,,4.54,10.97,27.88,7.47,,2.6,8.02,4.65,8.31,,,7.08,,7.59,,,9.3,10.53,4.65,9.58,13.34,11.2,,5.59,6.25,,4.73,,16.6,,3.42,,8.35,5.67,6.28,,5.62,,17.65,4.46,,,,,,10.92,4.14,5.47,,,,4.61,8.27,,6.68,,,5.02,,13.75,5.66,,,,,4.5,4.47,,,4.35,5.02,21.53,,7.67,6.35,,,,,5.63,10.59,14.01,3.94,11.58,,,10.58,8.8,9.22,7.68,,7.2,6.74,,,,,6.82,,,3.15,5.07,,13.01,,,7.87,4.08,,9.71,12.75,,,11.81,,4.48,2.5,,,4.71,6.25,3.12,,9.39,,,,10.57,,,,3.61,4.01,9.69,4.19,,10.16,,4.44,5.05,8.45,,,,,4.29,,,,5.02,28.71,,7.77,,3.13,,17.0,5.9,13.84,16.47,,5.98,7.89,8.26,,,5.32,19.36,,4.27,4.6,,,2.81,,,,4.73,,106.99,7.21,,10.9,,,22.05,,9.61,,9.34,4.42,11.23,3.87,,11.68,9.31,,10.68,,,9.13,,4.14,9.13,6.16,4.08,,7.42,2.68,2.42,,6.07,9.56,9.67,10.23,,1.89,30.4,14.11,12.04,11.49,,3.88,3.66,3.14,6.53,,11.64,7.01,,,16.78,,,,6.8,,2.24,9.66,,18.11,,7.12,,,,,,,6.28,,,11.57,,,,,9.46
2013-09-09,,,,,,,,,,28.3,14.38,,,,,20.76,27.26,15.51,8.46,,,12.84,47.3,,17.0,23.65,,,12.7,,14.79,10.4,16.49,,,,,30.49,,,25.5,44.02,50.21,,19.78,,,58.93,,2.43,,7.32,,4.17,6.86,6.1,,,17.28,8.97,,,19.03,7.34,7.26,6.61,,17.21,,8.35,18.53,,5.8,28.89,,6.6,9.05,,21.87,7.63,26.65,,9.4,,13.62,,,,,11.3,,,6.65,14.68,13.22,,6.28,19.98,12.27,15.94,,13.98,9.46,14.48,,,9.37,13.38,8.08,,5.37,,,5.79,11.67,,10.82,,11.33,7.47,15.36,,19.4,10.42,9.35,,14.02,,,,9.12,11.98,,12.1,14.53,9.05,25.03,15.83,6.84,41.27,6.98,11.55,13.76,12.94,9.8,,24.1,20.75,20.67,,7.92,16.65,12.21,15.51,,15.33,33.17,24.87,18.06,,20.54,,8.04,,10.88,6.76,,11.63,,9.81,,6.94,13.85,,15.14,15.2,8.59,9.51,,,,11.59,17.47,47.15,,,4.99,16.88,24.2,10.05,,,16.09,,,,,,10.01,,,9.56,35.32,9.52,,6.32,,5.29,13.76,,9.14,,36.0,,,11.27,10.96,11.23,7.56,,14.09,17.2,,,6.22,8.21,38.45,14.92,,7.72,22.89,9.47,15.79,,26.43,15.95,,25.96,,5.65,15.97,,,6.31,5.27,3.51,9.2,8.08,18.68,,,10.02,5.98,15.41,9.06,,6.77,5.1,,12.61,8.53,6.1,,13.36,6.57,19.4,,,,5.57,6.96,,10.29,6.92,4.1,,4.46,11.2,,20.94,5.28,,,5.56,,,,,,,9.26,,8.13,,16.38,,7.35,,,15.15,,,8.45,,19.5,,,8.01,,12.26,,,6.41,15.23,13.21,5.68,5.36,9.69,,,19.18,,8.67,,6.61,8.4,13.82,,,8.32,,13.69,9.64,33.62,11.18,,17.83,8.05,10.05,14.28,,12.28,,15.35,22.36,,15.83,8.89,16.31,,,11.98,,,,,19.13,51.86,,,22.02,23.9,10.08,,12.79,32.84,,8.85,9.54,,10.25,,,,8.59,,10.05,6.8,,12.56,,,6.97,,37.35,,7.2,5.54,,,3.37,,5.36,,,4.89,7.98,,5.31,11.28,36.57,,,,,,,,8.24,4.24,14.57,10.11,8.83,,24.56,,,,6.44,,13.1,,,,12.76,14.72,36.52,,,,,,,,3.35,31.9,13.69,,,,15.03,,23.24,10.01,,15.5,,,9.44,6.52,,,,,8.98,14.69,7.49,15.92,,28.19,,,8.72,,,,10.41,,12.98,13.9,,,7.48,,17.4,22.23,,6.65,,9.01,12.65,13.78,39.64,,,24.55,11.93,,,,,,28.1,,,,,13.36,16.08,7.13,,,,,10.57,4.95,6.72,9.23,12.59,,,,,6.61,6.29,,16.27,4.09,,,,,4.76,5.44,3.87,,26.47,8.85,6.12,,,,5.16,,4.22,,,,4.45,,16.98,,,2.81,2.32,,10.06,,,,6.23,,5.36,4.32,,,,7.76,,,9.53,7.01,3.72,,,,,,,10.28,,,,4.45,7.77,5.79,5.67,3.42,,5.72,,15.55,,8.36,8.71,,5.36,6.02,6.99,7.7,8.65,5.51,,6.26,,,6.47,10.35,3.67,2.22,,,,,,6.17,,,10.44,10.16,,14.81,,,,,,,6.71,7.02,,,,9.3,,,,,12.31,8.36,,,,,,,11.96,,,,,9.06,6.83,8.79,,,,20.08,2.76,3.9,25.66,3.82,9.2,13.54,,3.83,4.18,4.41,,6.38,,,5.58,,3.32,,13.05,,8.53,,10.25,12.08,,,4.99,12.07,28.98,7.45,,2.58,8.03,4.61,8.39,,,7.11,,7.78,,,9.32,10.45,4.7,9.5,13.43,11.62,,6.15,6.34,,4.74,,18.26,,3.48,,8.51,5.69,6.36,,5.55,,18.0,4.5,,,,,,10.95,4.23,5.48,,,,4.68,8.17,,,,,5.09,,13.66,5.89,,,,,4.49,4.46,,,4.37,5.13,21.97,,7.67,6.33,,,,,5.67,10.78,14.37,3.98,12.74,,,10.62,9.22,9.49,7.75,,7.5,6.88,,,,,6.87,,,3.21,5.07,5.5,12.98,,,8.02,4.19,,9.91,12.6,,,11.91,,4.6,2.51,,,4.78,6.24,3.16,,9.53,,,,10.62,,,,3.72,4.11,9.86,4.22,,10.3,,4.49,5.19,8.8,,,,,4.37,,,,5.02,28.25,,7.83,,3.17,,16.66,5.91,13.88,16.49,,6.1,8.09,8.44,,,5.37,19.96,,4.26,4.59,,,2.79,,,,4.81,,105.75,7.4,,11.22,,,21.88,,9.67,,9.8,4.51,11.31,3.93,,11.86,9.47,,10.81,,,9.24,,4.15,9.35,6.28,4.05,,7.46,2.78,2.47,,6.08,,10.45,11.25,,1.95,30.19,14.1,12.84,11.05,,3.83,3.7,3.18,6.66,,11.82,6.95,,,16.91,,,,6.79,,2.28,9.71,,18.45,,7.1,,,,,,,6.31,,,11.95,,,,,9.73
2013-09-10,,,,,,,,,,27.75,15.22,,19.99,,,19.88,26.45,15.26,8.46,,,12.68,48.99,,16.58,24.4,,,12.41,,14.42,10.28,16.65,,,,,29.81,,,26.06,48.42,48.6,,19.35,,,57.71,,2.49,,7.38,,4.27,7.02,6.13,,,17.24,,,,19.0,7.29,7.28,6.68,,16.9,,8.42,18.64,,5.9,28.33,,6.59,9.1,,22.5,7.78,26.0,,9.98,,13.58,,,,,11.55,,,6.66,14.46,13.28,,6.2,21.38,12.14,15.63,,14.02,9.45,14.0,,,9.29,13.75,8.39,,5.42,,,5.85,11.66,,10.84,,11.53,7.46,15.5,,20.24,10.29,9.13,,14.12,,,,9.0,11.93,,12.27,14.28,9.08,25.05,16.42,6.83,41.5,7.05,11.65,14.14,12.78,10.15,,23.94,20.74,20.38,,7.9,16.35,12.3,15.58,,15.07,31.8,24.55,18.34,,20.91,,8.23,,10.72,6.87,,11.61,,9.71,,6.8,13.99,,14.89,15.25,8.78,9.34,,,,11.33,17.88,48.42,,,4.92,16.28,24.6,10.07,,,15.64,,,,,,10.02,,,9.29,33.97,9.54,,6.38,,5.41,14.35,,9.03,,39.6,,,11.72,11.32,11.5,7.34,,14.02,16.91,,,6.16,8.3,38.95,15.07,,7.73,23.46,9.48,16.18,,26.92,15.41,,25.36,,5.64,15.2,,,6.36,5.35,3.54,9.22,8.08,18.33,,,10.11,5.91,15.16,9.09,,6.81,5.05,,12.61,8.46,6.41,,13.45,6.48,19.89,,,,5.84,6.9,,10.36,6.98,4.16,,4.47,11.12,,21.15,5.4,,,5.46,,,,,,,9.24,,8.16,,16.17,,8.09,,,15.43,,,8.3,,19.3,,,7.92,,12.05,,,6.27,15.35,13.22,5.77,5.49,10.0,,,19.0,,8.64,,6.53,8.26,13.99,,,8.19,,13.69,9.75,33.28,11.12,,17.83,8.1,10.09,14.96,,12.34,,14.89,22.3,,15.9,9.05,16.98,,,11.9,,,,,19.19,50.96,,,21.75,23.5,10.07,,12.66,32.34,,9.05,9.59,,10.17,,,,8.69,,9.95,6.81,,12.47,,,6.98,,36.35,,7.2,5.59,,,3.42,,5.39,,,4.92,7.98,,5.27,11.25,36.14,,,,,,,,8.22,4.27,14.63,10.05,8.73,,24.49,,,,6.46,,12.71,,,,12.54,14.9,36.8,,,,,,,,3.33,34.98,13.65,,,,14.93,,23.26,10.19,,16.0,,,9.7,6.56,,,,,9.06,14.85,7.73,15.93,,27.75,,,8.71,,,,10.16,,12.94,13.9,,,7.26,,17.18,21.57,,6.58,,8.9,13.92,14.12,39.55,,,24.3,12.11,,,,,,27.18,,,,,13.45,15.63,7.11,,,,,11.12,5.27,7.22,9.42,13.03,,,,,6.95,6.19,,16.68,4.14,,,,,4.81,5.44,3.74,,26.0,8.83,6.16,,,,5.18,,4.15,,,,4.5,,16.58,,,2.85,2.37,,10.1,,,,6.37,,5.57,4.48,,,,7.69,,,9.31,7.14,4.09,,,,,,,11.31,,,,4.45,7.8,5.87,6.07,3.44,,5.93,,15.21,,8.42,8.8,,5.43,6.01,7.13,7.59,8.7,5.52,,6.29,,,6.4,10.55,3.87,2.27,,,,,,6.21,,,10.45,10.17,,16.02,,,,,,,6.8,6.73,,,,9.43,,,,,13.12,8.46,,,,,,,13.15,,,,,9.07,6.72,8.99,,,,19.97,2.79,3.92,25.49,3.85,9.24,13.85,,4.01,4.18,4.56,,6.48,,,5.54,,3.39,,13.35,,8.98,,10.34,12.42,,,5.49,13.28,29.13,7.65,,2.84,8.09,4.95,8.75,,,7.14,,7.74,,,9.17,11.14,4.65,9.63,13.52,12.38,,6.4,6.59,,4.69,,18.22,,3.52,,8.67,5.69,6.49,19.98,5.78,,18.12,4.51,,,,,,10.9,4.2,5.73,,,,4.7,8.1,,,,,5.1,,13.97,5.91,,,,,4.55,4.52,,,4.39,5.2,22.0,,7.56,6.4,,,,,6.13,10.81,14.3,4.16,12.62,,,10.38,9.11,9.45,8.53,,7.55,7.07,,,,,6.9,,,3.25,5.28,5.55,13.05,,,7.96,4.33,,10.3,12.75,,,12.38,,4.66,2.56,,,4.94,6.35,3.21,,9.47,,,,10.5,,,,3.83,4.17,9.63,4.24,,10.62,,4.57,5.27,8.63,,,,,4.31,,,,5.07,27.3,,7.81,,3.24,,16.65,6.03,13.77,16.74,,6.09,8.14,8.55,,,5.4,19.76,,4.28,4.75,,,2.93,,,,4.85,,105.0,7.4,,11.03,,10.8,22.15,,9.55,,10.47,4.59,11.16,3.96,,12.13,9.46,,10.94,,,9.12,,4.17,9.46,6.32,3.98,,7.58,2.8,2.55,,6.13,,10.22,11.7,,2.0,30.11,14.08,12.86,11.15,,3.92,3.76,3.21,6.76,,11.83,6.9,,,16.86,,,,6.74,,2.31,9.59,,18.71,24.6,7.07,,,,,,,6.36,,,12.34,,,,,9.69
2013-09-11,,,,,,,,,,26.3,14.45,,20.3,,,20.1,25.24,14.08,8.13,,,12.24,46.2,,15.42,23.01,,,12.01,,13.43,10.22,15.95,,,,,28.8,24.15,,24.45,46.44,47.19,,18.67,,,60.8,,2.58,,7.47,,4.38,7.06,6.06,,,16.76,,,,19.43,7.23,7.36,6.7,,16.48,,8.31,18.03,,5.89,28.18,,6.54,9.22,,22.38,8.07,24.55,,10.38,,14.39,,,,,11.74,,,6.91,13.96,12.68,,5.95,20.92,12.42,14.67,,13.64,9.2,13.31,,,9.17,13.33,8.16,,5.56,,,5.95,11.95,,10.7,,11.56,7.54,13.95,,19.79,9.71,8.29,,13.86,,,,8.8,12.26,,11.87,13.63,8.95,24.81,16.5,6.93,38.68,6.76,11.29,13.84,13.28,9.9,,23.57,20.3,18.34,,7.95,16.12,11.89,15.73,,14.71,32.84,23.3,18.9,,20.74,,9.05,,10.14,6.87,,11.48,,9.34,,6.64,13.19,,13.78,14.7,8.39,8.9,,,,10.37,17.21,43.75,,,4.98,15.38,24.11,9.69,,,14.67,,,,,,10.24,,,9.2,33.98,9.29,,6.17,,4.87,14.04,,9.28,,36.15,,,11.47,10.84,11.29,7.11,,13.48,16.03,,,6.11,8.19,36.91,14.76,,7.63,22.68,9.52,15.78,,25.42,14.68,,23.68,,5.76,14.14,,,6.49,5.37,3.6,9.17,8.0,18.12,,,10.05,5.84,14.26,8.8,,6.82,5.11,,12.51,8.14,6.73,,13.3,6.37,17.93,,,5.95,5.6,6.68,,10.13,7.07,4.26,,4.5,10.86,,20.84,5.51,,,5.39,,,,,,,9.03,,8.05,,16.65,,7.9,,,15.38,,,7.85,,19.54,,,7.39,,11.49,,,5.95,15.49,13.2,5.73,5.45,9.8,,,17.7,,8.55,,6.34,7.98,13.45,,,8.14,,13.21,9.25,32.56,11.21,,17.7,8.01,10.36,14.45,,12.19,,14.65,22.3,,15.79,9.07,15.93,,,11.65,,,,,18.19,50.78,,,20.77,22.2,9.7,,12.25,31.2,23.88,8.94,9.49,,10.15,,,,8.4,,9.95,6.74,,12.13,,,6.85,,35.7,,7.24,5.76,,,3.51,,5.48,,,5.0,7.82,,5.04,11.5,34.34,,,,,,,,8.2,4.31,13.96,9.83,8.68,,25.33,,,,6.35,,12.09,,,,12.4,14.93,35.7,,,,,,,,3.29,34.69,13.3,,,,14.75,,23.23,10.07,,15.95,,,10.1,6.53,,,,,8.88,14.65,7.78,15.46,,27.12,,,8.58,,,,9.53,,12.75,13.57,,,7.06,,15.85,19.41,,6.44,,8.39,14.4,14.85,38.76,58.01,,23.8,11.77,,,,,,24.46,,,,,13.31,14.81,7.1,,,,,10.94,5.14,7.31,10.28,12.73,,,,,6.94,6.35,,17.06,4.28,,,,,5.05,5.47,3.67,,23.99,8.89,6.48,,,,5.08,,4.35,,,,4.52,,16.31,,,3.06,2.45,,10.8,,,,6.44,,5.49,4.54,,,,7.63,,,9.31,7.4,3.96,,,,4.91,,,10.91,,,,4.59,7.79,6.02,5.86,3.46,,5.85,,14.77,,8.59,8.5,,5.43,6.09,7.05,7.39,8.65,5.32,,6.14,,,6.3,10.68,3.75,2.33,,,,,,6.27,,,10.59,9.83,,16.09,,,,,,,6.51,6.36,,,,9.61,,,,,12.97,8.46,,,,,,,13.01,,,,,8.75,7.09,8.67,,,,19.63,2.9,3.86,25.88,3.81,9.1,13.34,,3.84,4.21,4.65,,6.49,5.94,,5.32,,3.47,,13.04,,9.88,,10.25,12.3,,,5.57,13.32,30.05,7.57,,3.12,7.79,5.11,8.46,,,7.16,,7.82,,,8.8,10.6,4.55,9.9,13.31,12.78,,6.17,6.36,,4.69,,17.75,,3.61,,8.75,5.67,6.5,20.66,5.55,,17.67,4.66,,,,,,10.86,4.24,5.37,,,,4.73,8.06,,,,,5.2,,13.49,5.95,,,,,4.46,4.57,,,4.49,5.28,21.58,,7.4,6.42,,,,,5.95,10.6,14.05,4.07,11.88,,,10.13,8.99,9.52,8.18,,7.44,7.22,,,,,7.01,,,3.26,5.1,5.55,12.79,,,7.7,4.17,,10.19,12.34,,,12.02,,5.13,2.58,,,4.8,6.18,3.25,,9.43,,,,10.36,,,,3.76,4.13,9.48,4.19,,10.46,,4.59,5.26,8.7,,,,,4.47,,,,4.93,26.19,,7.87,,3.23,,16.13,5.97,13.68,16.25,,5.95,8.17,8.53,,,5.52,19.95,,4.31,4.75,,,2.9,,,,4.9,,101.54,7.74,,10.82,,10.48,21.6,,9.52,,10.34,4.6,11.08,4.0,,11.5,9.61,,11.06,,,8.98,,4.2,9.65,6.3,4.08,,7.36,2.83,2.65,,6.15,,10.11,11.12,,2.03,29.8,13.98,12.63,11.35,,3.87,3.81,3.28,6.87,,11.84,6.69,,,17.13,,,,6.57,,2.41,9.34,,19.84,23.9,7.28,,,,,,,6.47,,,12.39,,,,,9.5
2013-09-12,,,,,,,,,,26.34,14.14,,20.36,,,20.07,25.32,14.11,8.14,,,12.19,45.8,,15.95,22.5,,,12.13,,13.6,10.19,16.2,,,,,29.55,24.23,,24.61,48.3,47.13,,18.6,,,58.37,,2.55,,7.57,,4.38,7.05,5.89,,,16.7,,,,19.52,7.12,7.33,6.77,,16.48,,8.33,18.09,,5.96,26.39,,6.53,9.02,,22.1,7.79,24.67,,10.9,,14.5,,,,,11.55,,,6.86,14.07,12.75,,5.96,20.4,12.36,14.88,,13.41,9.15,13.42,,,9.17,13.14,8.26,,5.39,,,5.8,12.25,,11.37,,11.57,7.8,13.05,,19.33,10.06,8.4,,13.84,,,,8.83,12.24,,11.38,13.86,8.96,25.18,16.65,6.9,39.4,6.72,11.48,13.55,12.78,9.92,,23.53,20.32,17.93,,8.01,16.17,11.67,15.66,,14.21,31.6,23.1,18.56,,20.08,,9.96,,10.25,6.96,,11.49,,9.65,,6.69,13.22,,14.17,16.17,8.55,8.99,,,,10.57,16.68,,,,4.94,15.34,25.18,9.72,,,14.88,,,,,,10.02,,,9.13,33.5,9.28,,6.13,,4.75,13.85,,8.98,,34.46,,,11.14,10.44,11.37,7.15,,13.67,17.63,,,6.12,8.28,34.7,14.61,,7.62,22.24,9.37,15.79,,25.38,14.54,,24.15,,5.8,14.07,,,6.41,5.46,3.6,,8.0,18.54,,,10.18,5.89,14.28,8.73,,7.4,5.1,,12.31,8.17,6.64,,13.46,6.45,18.09,,,5.96,5.58,6.82,,10.26,7.56,4.24,,4.52,11.22,,20.67,5.6,,,5.73,,,,,,,9.09,,8.05,,16.18,,7.7,,,15.39,,,7.76,,19.4,,,7.45,,11.85,,,5.87,15.28,12.84,5.76,5.5,9.91,,,17.75,,8.59,,6.32,7.99,13.48,,,8.1,,13.4,9.24,32.8,10.9,,17.74,7.97,10.2,13.94,,11.96,,14.64,21.74,,15.71,9.1,15.89,,,11.71,,,,,18.39,49.67,,,20.87,22.02,9.58,,12.27,30.93,23.08,8.82,9.71,,10.05,,,,8.59,,9.96,6.78,,12.07,,,6.82,,35.13,,7.25,5.67,,,3.42,,5.46,,,5.03,7.88,,5.06,11.67,34.37,,,,,,,,8.11,4.32,14.02,9.82,8.85,,25.14,,,,6.34,,12.21,,,,12.62,14.99,34.66,,,,,,,,3.32,33.31,13.31,,,,15.55,,23.2,10.16,,15.3,,,9.9,6.56,,,,,9.1,14.82,8.23,15.46,,27.15,,,8.38,,,,9.46,,12.7,13.0,,,7.12,,17.44,19.56,,6.47,,8.4,13.95,,38.7,59.25,,23.3,12.0,,,,,,24.08,,,,,12.89,14.95,7.07,,,,,10.97,5.13,8.04,10.02,13.27,,,,,7.03,6.36,,17.76,4.24,,,,,4.97,5.45,3.74,,23.84,8.92,6.6,,,,5.07,,4.31,,,,4.56,,15.61,,,2.97,2.43,,11.15,,,,6.39,,5.49,4.52,,,,7.82,,,9.21,7.46,3.99,,,,5.4,,,11.76,,,,4.59,7.66,5.99,5.83,3.51,,5.98,,14.76,,9.14,8.9,,5.54,6.02,7.29,7.79,9.22,5.31,,6.19,,,6.14,10.41,3.7,2.35,,,,,,6.22,,,10.87,9.97,,15.85,,,,,,,6.62,6.29,,,,9.54,,,,,13.12,8.6,,,,,,,12.9,,,,,8.77,7.2,9.21,,,,19.28,2.85,3.87,25.6,4.02,8.99,12.96,,3.79,4.29,4.6,,6.85,5.92,,5.38,,3.44,,12.89,,10.42,,10.3,12.33,,,5.69,14.65,29.87,7.56,,,7.66,4.91,8.48,,,7.2,,7.76,,,8.8,10.41,4.6,10.06,13.36,12.38,,6.06,6.27,,4.89,,18.63,,3.62,,8.73,5.69,6.68,21.18,5.39,,17.74,4.57,,,,,,10.73,4.21,5.23,,,,4.67,8.11,,,,,5.37,,13.48,6.55,,,,,4.49,4.59,,,4.44,5.19,20.96,7.08,7.44,6.28,,,,,5.99,11.06,14.04,4.29,12.35,,,10.23,9.41,9.55,8.24,,7.3,7.08,,,,,6.94,,,3.28,5.18,5.65,12.64,,,7.63,4.14,,10.11,12.31,,,11.57,,5.25,2.68,,,4.82,6.25,3.25,,9.21,,,,10.08,,,,3.75,4.18,9.44,4.23,,10.47,,4.64,5.22,8.68,,,,,4.39,,,,5.1,26.2,,7.86,,3.31,,15.95,5.96,13.78,16.23,,6.27,8.28,8.55,,,5.48,21.2,,4.27,4.85,,,2.86,,,,4.92,,102.0,7.58,,10.83,,11.34,22.02,,9.55,,10.19,4.84,11.07,3.97,,11.5,9.79,,10.93,,5.21,8.95,,4.27,9.52,6.36,4.13,,7.59,2.94,2.62,,6.19,,10.17,10.95,,2.03,29.2,13.65,,11.08,,3.92,3.84,3.31,6.63,,11.66,6.67,,,16.78,,,,6.54,,2.38,9.34,,19.49,24.05,7.13,,,,,,,6.59,,,12.21,,,,,9.55
2013-09-13,,,,,,,,,,26.37,14.21,,20.5,,,19.91,25.65,14.31,8.23,,,12.33,49.06,,16.69,23.0,,,12.19,,14.0,10.35,16.54,,,,,30.6,24.7,,25.23,49.69,48.0,,18.6,,,59.18,,2.5,,7.67,,4.36,7.06,5.85,,,17.0,,,,19.53,7.25,7.29,6.91,,16.58,,8.3,18.12,,5.96,26.18,,6.68,8.9,,21.86,7.63,25.82,,10.56,,13.93,,,,,11.44,,,6.84,14.16,12.94,,5.74,21.23,12.48,14.9,,13.28,9.21,13.71,,,9.31,13.23,8.54,,5.36,,,5.77,12.0,,11.27,,11.56,7.75,12.74,,19.57,9.8,8.54,,13.98,,,,9.0,11.94,,11.45,13.76,9.07,26.0,16.49,6.82,40.39,6.79,11.98,13.7,12.81,9.83,,23.55,20.87,19.2,,7.92,16.29,11.85,16.24,,14.32,31.57,23.42,18.33,,19.92,,9.24,,10.29,6.9,,12.28,,9.7,,6.82,13.14,,14.5,16.08,9.03,9.1,,,,10.79,17.05,44.91,,,4.89,16.43,26.66,9.83,,,15.09,,,,,,10.0,,,9.28,33.3,9.24,,6.17,,4.63,14.25,,9.09,,34.75,,,11.45,10.69,11.45,7.22,,13.65,18.5,,,6.12,8.39,36.2,14.7,,7.64,23.36,9.38,15.9,,25.55,14.71,,24.55,,5.77,14.19,,,6.37,5.47,3.66,,8.01,17.83,,,10.06,6.0,14.21,8.52,,7.29,5.03,,12.28,8.35,6.75,,13.56,6.5,18.78,,,6.02,5.57,6.8,,10.14,7.64,4.24,,4.52,11.07,,21.0,5.61,,,5.53,,,,,,,9.19,,7.97,,16.81,,7.51,,,15.05,,,7.89,,19.34,,,7.68,,12.66,,,5.94,15.38,12.73,5.73,5.47,9.78,,,17.93,,8.61,,6.31,8.03,13.29,,,8.12,,13.34,9.22,32.96,10.73,,17.7,8.04,10.27,13.99,,11.86,,14.69,21.66,,15.77,9.12,16.06,,,11.82,,,,,19.7,50.85,,,21.08,22.5,9.72,,12.44,31.5,23.55,8.7,9.85,,10.16,,,,8.45,,10.01,6.59,,12.1,,,7.05,,35.74,,7.22,5.72,,,3.37,,5.49,,,4.95,8.29,,5.03,11.17,34.16,,,,,,,,8.44,4.26,13.95,9.88,8.8,,25.2,,,,6.38,,12.61,,,,12.6,14.88,36.27,,10.1,,,,,,3.29,36.02,13.29,,,,15.66,,23.51,10.15,,15.24,,,9.92,6.6,,,,,9.12,15.11,8.02,15.52,,26.64,,,8.39,,,,9.6,,12.86,12.92,,,7.18,,18.55,19.54,,6.53,,,13.86,,39.38,59.3,,24.02,12.35,,,,,,25.45,,,,,12.7,15.04,7.1,,,,,10.65,5.32,8.02,9.49,13.05,,,,,6.94,6.49,,17.83,4.24,,,,,4.81,5.39,3.67,,24.94,8.85,6.92,,,,5.12,,4.32,,,,4.63,,15.52,,,2.9,2.39,,10.95,,,,6.39,,5.49,4.51,,,,7.9,,,9.23,7.35,3.98,,,,5.94,,,11.28,,,,4.94,7.77,6.24,5.68,3.57,,6.2,,15.05,,8.98,8.86,,5.45,5.97,7.28,7.81,9.0,5.3,,6.16,,,6.06,10.43,3.65,2.28,,,,,,6.31,,,10.79,9.81,,16.02,,,,,,,6.55,6.15,,,,9.4,,,,,12.45,8.69,,,,,,,13.19,,,,,8.69,7.28,9.0,,,,19.39,2.99,3.89,26.05,3.92,9.16,14.26,,3.81,4.26,4.5,,6.77,5.96,4.34,5.41,,3.38,,12.93,,9.84,,10.1,12.29,,,5.23,15.09,29.48,7.36,,,7.69,4.82,8.53,,,7.18,,7.69,,,8.7,10.21,4.72,9.89,13.25,12.16,,5.89,6.16,,4.81,,18.78,,3.54,,8.58,5.85,6.65,21.9,5.43,,18.18,4.61,,,,,,10.86,4.18,5.33,,,,4.7,8.15,,,,,5.34,,13.73,6.83,,,,,4.49,4.57,,,4.39,5.22,21.1,7.14,7.56,6.31,,,,,6.09,11.42,14.04,4.28,12.18,,,10.22,9.33,9.33,7.96,,7.3,6.89,,,,,7.2,,7.15,3.3,5.33,5.48,12.84,,,7.65,4.13,,10.22,12.28,,,11.59,,5.05,2.62,,,4.79,6.33,3.2,,9.29,,,,10.19,,,,3.88,4.28,9.55,4.33,,10.58,,4.65,5.31,8.5,,,,,4.46,,,,5.18,26.62,,7.8,,3.35,,16.15,5.91,13.68,16.38,,6.5,8.59,8.64,,,5.58,21.1,,4.26,4.81,,,2.86,,,4.01,4.87,,104.17,7.6,,10.87,,11.75,21.94,,9.71,,9.83,4.77,11.0,3.91,,11.45,9.71,,10.84,,5.15,8.95,,4.26,9.43,6.45,4.02,,7.71,2.85,2.56,,6.27,,10.05,10.81,,1.99,29.4,14.33,,11.2,,3.99,3.76,3.26,6.63,,11.65,6.87,,,16.7,,,,6.46,,2.37,9.4,,19.46,24.6,7.1,,,,,,,6.62,,,12.04,,,,,9.42
2013-09-16,,,,,,,,,,27.83,14.67,,21.75,,12.07,21.04,26.62,14.3,8.24,,,12.51,52.35,,16.89,23.8,,,12.27,,14.02,10.22,16.63,,,,,31.34,25.3,,25.22,52.3,48.18,,19.0,,,60.06,,2.46,,7.44,,4.32,7.24,5.87,,,17.15,,,,19.7,7.2,7.28,7.08,,16.59,,8.9,18.49,,5.87,26.9,,6.64,9.08,,22.54,7.73,25.61,,10.52,,13.78,,,,,11.21,,,6.69,14.43,13.22,,6.22,20.63,12.21,15.67,,13.14,9.19,13.91,,,9.33,13.5,8.42,,5.36,,,5.76,11.87,,11.32,,11.51,7.68,12.6,,19.39,9.85,8.7,,13.96,,,,9.24,11.85,,11.4,13.93,9.03,26.01,17.06,6.94,39.33,6.86,12.03,14.4,12.8,9.82,,23.56,21.1,19.21,,7.95,16.54,11.74,16.02,,14.52,31.5,23.4,18.37,,19.93,,8.86,,10.33,6.85,,12.39,,9.64,,7.5,13.73,,14.44,16.1,9.08,9.35,,,,11.19,16.86,44.9,,,4.84,16.77,29.33,9.9,,,15.46,,,,,,10.13,,,9.38,34.88,9.41,,6.21,,4.41,14.76,,8.92,,34.79,,,11.28,10.68,11.22,7.26,,13.92,18.82,,,6.14,8.39,36.41,14.62,,7.86,23.0,9.33,15.74,,25.06,15.45,,26.52,,5.72,14.45,,,6.72,5.45,3.6,,7.97,18.0,,,9.95,6.02,14.28,8.61,,7.14,5.33,,12.71,8.97,6.9,9.32,13.65,6.52,20.2,,,5.92,5.43,6.96,,10.35,7.86,4.2,,4.55,11.45,,,5.6,,,5.44,,,,,,,9.17,,7.92,,16.64,,8.26,,,15.02,,,7.88,,20.3,,,7.64,,13.21,,,6.18,15.27,12.98,5.79,5.7,9.69,,,18.43,,8.47,,6.17,8.18,13.32,,,8.08,,13.34,9.24,32.96,10.5,,17.8,7.97,10.1,13.91,,12.03,,14.77,21.7,,15.63,9.04,17.15,,,11.91,,,,,19.57,51.92,,,21.4,21.91,9.52,,12.74,32.35,23.74,8.79,10.06,,10.06,,,,8.72,,9.87,6.46,,12.18,,,6.9,,36.32,,7.12,5.75,,,3.38,,5.43,,,4.95,8.19,,5.15,11.19,34.37,,,,,,,,8.38,4.26,14.05,9.85,8.66,,24.93,30.93,,,6.43,,13.27,,,,12.4,15.04,37.01,,10.0,,,,,,3.29,37.35,13.22,,,,15.27,,23.77,10.3,,15.06,,,9.63,6.52,,,,,8.96,15.15,8.22,15.52,,26.98,,,8.33,,,,9.71,,13.61,13.09,,,7.1,,18.2,19.66,,6.44,,,13.55,13.46,39.51,60.81,,23.74,12.24,,,,,,25.06,,,,,12.78,15.51,7.26,,,,,10.32,5.5,7.69,9.61,12.8,,,,,6.88,6.46,,17.78,4.25,,,,,4.76,5.4,3.62,,25.23,8.65,6.6,,,,5.17,,4.58,,,,4.61,,15.56,,,2.91,2.36,,11.01,,,,6.31,,5.4,4.41,,,,7.63,,,9.23,7.24,4.04,,,,6.53,,,11.18,,,,4.81,7.85,6.07,5.73,3.57,,6.34,7.01,15.13,,9.43,8.72,,,6.08,7.1,8.0,8.84,5.29,,6.21,,,6.12,10.43,3.68,2.29,,,,,,6.25,,,10.84,10.04,,16.85,,,,,,,6.6,6.12,,,,9.29,,,,,12.49,8.74,,,,,,,12.76,,,,,9.15,7.17,9.15,,,,19.01,3.02,3.99,25.41,3.91,9.18,14.38,,3.78,4.22,4.44,,6.7,6.02,4.28,5.51,,3.37,,12.68,,9.56,,10.13,11.93,,,5.2,14.25,29.16,7.26,,,7.87,4.68,8.36,,,7.38,,7.52,,,8.73,10.29,4.95,10.18,13.18,11.98,,5.99,6.17,,4.75,,18.13,,3.45,,8.52,5.72,6.6,21.66,5.65,,17.92,4.7,,,,,,10.71,4.12,5.26,,,,4.62,8.19,,,,,5.23,,14.16,7.03,,,,,4.7,4.63,,,4.34,5.26,21.07,7.14,7.45,6.61,,,,,5.99,11.28,14.36,4.53,12.37,,,10.41,,9.28,8.36,,7.35,6.95,,,,,7.02,,7.39,3.23,5.71,5.38,12.7,,,7.43,4.12,,10.0,12.17,,,11.64,,4.93,2.58,,,4.75,6.46,3.18,,9.29,,,,10.19,,,,3.79,4.14,9.8,4.3,,10.63,,4.56,5.21,8.63,,,,,4.3,,,,5.13,27.23,,7.81,,3.33,,16.51,5.86,13.69,17.61,,6.64,8.51,8.44,,,5.8,20.9,,4.26,4.84,,,2.82,,,3.95,4.81,,104.19,7.37,,10.79,,11.75,23.04,,9.6,,9.77,4.8,11.0,4.04,,11.4,9.89,,11.0,,5.34,9.05,,4.2,9.36,6.79,3.97,,7.59,2.81,2.54,,6.15,,9.79,10.9,,1.98,29.47,14.16,12.53,12.05,,4.04,3.77,3.27,6.53,,11.36,6.72,,,16.7,,,,6.42,,2.34,9.35,,18.91,24.82,7.07,,,,,,,6.72,,,11.87,,,,,9.37
2013-09-17,,,,,,,,,,28.5,14.27,,22.48,,11.97,20.98,26.6,13.81,7.97,,,12.01,50.0,,16.4,23.08,,,12.32,,13.95,10.01,16.2,,12.9,,,31.64,24.75,,25.32,51.22,47.38,,18.45,,,58.18,,2.44,,7.18,,4.25,,5.67,,,17.05,,,,19.35,7.04,7.15,7.06,,16.07,,8.84,17.81,,5.75,26.0,,6.55,8.92,,21.86,7.62,25.02,,10.3,,13.41,,,,,11.21,,,6.59,14.06,12.91,,6.19,19.84,11.79,15.14,,13.32,8.9,13.56,,,9.11,13.08,8.39,,5.18,,,5.7,11.8,,11.06,,11.8,7.53,12.57,,19.41,9.47,8.34,,13.65,,,,8.8,11.8,,11.18,13.64,8.88,25.41,17.35,7.0,37.8,6.69,11.72,14.1,12.95,9.55,10.67,23.08,20.6,18.62,,7.82,16.36,11.43,15.39,,14.65,32.06,23.09,17.8,,19.31,,8.91,,9.99,6.61,,12.05,,9.26,,8.25,13.75,,13.8,16.15,9.15,8.98,,,,12.3,16.25,41.9,,,4.7,16.16,30.54,9.67,,,15.74,,,,,,9.88,,,9.12,35.0,9.12,,6.15,,4.46,14.27,,8.64,,35.79,,,10.98,10.6,10.88,7.16,18.29,14.42,18.87,,,5.89,8.31,35.29,14.56,,7.7,22.55,9.03,15.7,,25.03,15.66,,27.56,,5.5,14.55,,,6.06,5.43,3.53,,7.82,17.33,,,9.79,5.81,14.14,8.26,,7.16,5.28,,12.35,9.43,6.79,8.84,13.15,6.27,19.46,,,5.92,5.67,6.74,,10.1,7.98,4.12,,4.53,11.9,,,5.55,,,5.3,,,,,,,8.98,,7.77,,16.32,,8.18,,,15.01,,,7.45,,20.13,,,7.48,,12.85,,,5.82,14.82,13.03,5.79,5.7,9.48,,,18.09,,8.38,,6.14,8.0,13.42,,,8.05,,13.11,9.07,33.77,10.57,,17.73,7.8,9.83,13.18,,11.97,,14.63,21.39,,15.76,8.76,17.28,,,11.6,,,,,18.35,51.0,,,20.96,21.85,9.08,,12.53,31.74,22.99,8.55,9.8,,9.98,,,,8.46,,9.58,6.37,,11.94,,,6.79,,35.71,,7.0,6.33,,,3.31,,5.25,,,4.81,8.56,,5.08,10.85,34.0,,,,,,,,8.38,4.13,14.15,9.55,8.55,,25.2,29.28,,,6.49,,12.8,,,,12.05,14.81,36.9,,10.17,,,,,,3.25,36.9,13.08,,,,14.76,,23.2,9.88,,14.85,,,9.15,6.34,,,,,8.73,15.27,8.11,15.21,,27.01,,,8.47,,,,9.66,,13.7,13.31,,,6.93,,20.02,18.78,,6.29,,,12.56,13.79,38.76,61.35,,23.93,11.9,,,,,,25.2,,,,,12.31,16.33,7.26,,,,,9.98,5.34,7.68,9.02,12.46,,,,,6.89,6.41,,17.03,4.2,,,,,4.74,5.37,3.66,,24.03,8.46,6.25,,,,5.12,,4.45,,,,4.55,,15.2,,,2.85,2.33,,10.82,,,,6.14,,5.28,4.39,,,,7.53,,,9.15,7.0,3.95,,,,6.52,,,10.32,,,,4.61,7.6,5.85,5.48,3.37,,6.24,6.77,14.53,,9.32,8.29,,,5.92,6.92,7.84,8.54,5.32,,6.1,,,5.92,10.27,3.56,2.21,,,,,,6.06,,,10.58,9.96,,16.67,,,,,,,6.33,6.17,,,,9.0,,,,,12.18,8.41,,,,,,,12.58,,,,,9.28,7.13,8.77,,,,18.51,3.04,3.92,23.88,3.82,9.16,14.11,,3.52,4.08,4.38,,6.64,5.89,4.12,5.41,,3.31,,12.47,,9.41,,9.91,11.54,,,4.84,13.2,29.39,7.46,,,7.73,4.7,8.01,,,7.1,,7.54,,,8.53,10.1,4.85,9.95,12.95,11.93,,5.54,5.81,,4.65,,18.14,,3.39,,8.25,5.59,6.4,20.88,5.17,,17.93,4.6,,,6.53,,,10.59,4.03,4.86,,,,4.59,7.9,,,,,5.13,,14.48,6.45,,,,,4.57,4.42,,,4.27,5.05,21.18,7.22,7.51,6.57,,,,,5.95,11.3,13.96,4.35,11.54,,,10.18,,9.01,8.46,,7.43,6.72,,,,,6.85,,7.18,3.17,5.64,5.27,12.86,,,7.14,4.01,,9.73,11.62,,,11.47,,5.12,2.5,,,4.51,6.27,3.14,,9.13,,,,10.21,8.07,25.38,,3.66,3.98,9.33,4.26,12.86,10.42,,4.44,5.01,8.46,,,,,4.02,,,,4.9,26.58,,7.56,,3.19,,16.14,5.82,13.27,17.82,,6.94,9.06,8.2,,,5.52,20.52,,4.24,4.7,,,2.79,,,3.85,4.66,,106.48,7.1,,10.71,,11.1,24.19,,9.3,,9.65,4.84,10.83,3.89,,11.26,9.83,,11.09,,5.27,9.85,,4.16,9.09,6.75,3.82,,7.42,2.78,2.46,,5.96,,9.51,10.01,,1.91,29.68,14.69,12.06,12.27,,3.95,3.63,3.2,6.37,,11.03,6.35,,,17.55,25.83,,,6.21,,2.3,9.26,,18.6,25.48,6.88,,,,,,,6.46,,,11.54,,,,,9.2
2013-09-18,,,,,,,,,,28.29,14.42,,22.86,,12.18,22.7,26.43,14.27,7.99,,,12.3,51.12,,16.89,23.25,,,12.39,,13.84,10.06,16.27,,13.11,,,32.17,24.85,,25.16,54.77,47.67,,18.34,,,58.9,,2.45,,7.3,,4.24,,5.77,,,17.6,,,,19.51,7.08,7.16,6.84,,15.67,,8.59,18.18,,5.76,26.26,,6.62,9.07,,21.53,7.57,25.48,,10.42,,13.59,,,,,11.1,,,6.63,14.07,13.13,,5.97,20.51,11.67,15.95,,13.38,9.05,13.72,,,9.18,13.13,8.2,,5.24,,,5.76,12.33,,11.15,,11.84,7.68,12.28,,19.63,9.85,8.55,,13.62,,,,8.82,12.05,,11.06,13.6,8.89,25.49,17.72,6.8,37.9,6.88,11.64,14.19,12.44,9.79,10.93,23.5,20.86,18.81,,7.88,16.99,11.69,15.5,,14.6,31.22,22.89,17.99,,19.91,,8.89,,10.22,6.73,,12.23,,9.48,,7.95,14.15,11.42,14.25,17.77,9.24,9.27,,,,12.01,17.53,41.3,,,4.7,16.4,32.85,10.12,,,15.1,,,,,,9.86,,,9.26,35.01,9.16,,6.3,10.03,4.33,14.21,,8.82,,34.68,,,11.15,10.22,11.01,7.22,18.46,14.7,19.26,,,5.93,8.31,35.04,14.69,,7.73,22.98,9.13,15.78,,25.14,16.0,,27.0,,5.5,14.11,,,5.83,5.47,3.53,,7.83,17.43,,,9.92,5.83,13.92,8.24,,7.09,5.26,,12.1,9.58,6.77,9.08,13.14,6.35,19.45,,,5.83,5.62,6.74,,10.12,8.2,4.15,,4.45,12.18,,,5.53,,,5.31,,,,,,,9.04,,7.82,,16.08,,8.33,,,15.25,,,7.55,,20.18,,,7.3,,13.72,,,6.13,14.97,13.0,5.68,5.61,9.52,,,17.74,,8.42,,6.29,8.09,13.59,,,8.12,,13.3,9.19,33.36,10.32,12.9,17.71,7.84,9.93,13.26,,12.08,,14.49,21.44,,7.77,8.79,17.16,,,11.93,,,,,19.1,54.21,,,21.78,20.9,9.3,,12.9,31.98,23.45,8.55,9.78,,10.18,,,,8.32,,9.71,6.4,,11.96,,,6.85,,36.39,,7.03,6.13,,,3.31,,5.31,,,4.8,8.6,,5.11,11.47,34.08,,,,,,,,8.35,4.18,14.36,9.74,8.61,,25.29,28.25,,,6.43,,13.36,,,,12.32,14.55,37.71,,10.12,,,,,,3.24,37.3,13.27,,,,14.86,,23.44,9.75,,15.0,,,9.3,6.36,,,,,8.87,14.97,8.12,15.4,,26.73,,,8.55,,,,9.85,,14.94,12.96,,,7.08,,21.45,19.21,,6.4,,,12.6,15.17,39.1,63.0,,23.75,12.08,,,,,,25.5,,,,,12.43,16.18,7.59,,,,,10.14,5.34,8.18,9.2,12.63,,,,,7.04,6.4,,17.66,4.26,,,,,4.82,5.36,3.69,,25.9,8.57,6.32,,,,5.13,,4.4,,,,4.58,11.19,15.17,,,,2.32,,10.87,,,,6.17,,5.34,4.35,,,,7.66,,,9.58,6.97,3.93,,,,6.49,,,10.64,,,,4.69,7.63,5.82,5.47,3.41,,6.3,6.77,14.81,,9.07,8.36,,,6.2,7.04,7.97,8.59,5.47,,6.13,,,5.98,10.16,3.59,2.23,,,,,,6.09,,,10.41,9.96,,16.9,,,,,,,6.35,6.18,,,,9.08,,,,,12.13,8.61,,,,,,,12.74,,,,,9.1,7.17,8.93,,,,18.42,3.04,3.97,24.09,3.79,9.17,14.87,,3.55,4.13,4.47,,6.8,5.96,4.2,5.52,,3.31,,12.47,,9.55,,10.15,11.61,,,4.89,13.61,29.37,7.45,,,7.72,4.65,8.41,,,7.1,,7.68,,,8.58,10.37,5.14,10.03,13.06,11.79,,5.66,5.81,,4.7,,18.0,,3.46,,8.31,5.6,6.57,21.47,5.07,,18.29,4.63,,,6.58,,,11.0,4.08,4.91,,,,4.56,7.91,31.72,,,,5.14,,14.66,6.6,,,,,4.65,4.44,,,4.24,5.06,21.4,7.29,7.47,6.47,,,,,6.08,11.49,13.81,4.39,11.66,,,10.36,,9.02,8.48,,7.35,6.68,,,,,6.88,,7.1,3.18,5.8,5.3,13.16,,,7.16,4.01,,9.81,11.67,,,11.17,,5.21,2.51,,,4.55,6.47,3.14,,9.21,,,,10.27,8.12,25.76,,3.61,3.99,9.37,4.36,12.22,10.4,,4.44,5.04,8.48,,,,,3.99,,,,5.04,27.94,,7.57,,3.23,,16.32,5.84,13.4,18.5,,7.01,8.68,8.17,,,5.43,20.73,,4.29,4.78,,,2.8,,,3.89,4.7,,105.99,7.18,,10.39,,11.15,25.4,3.74,9.22,,9.74,5.07,10.84,4.0,,,9.74,,11.11,,5.16,10.2,,4.18,9.15,7.15,3.75,,7.5,2.79,2.47,,6.0,,9.61,10.11,,1.93,29.9,15.42,12.08,12.2,,3.95,3.66,3.22,6.42,,11.06,6.48,,,17.99,25.7,,,6.38,,2.32,9.43,,19.09,25.2,6.92,,,,,,,6.73,,,11.65,,,,,9.25
2013-09-23,,,,,,,,,,29.48,14.6,,22.87,,13.4,23.35,27.06,14.39,8.14,,,12.94,52.0,,18.01,24.4,,,13.26,,14.38,10.24,16.84,,13.74,,,,26.48,,25.78,57.85,48.0,,18.72,,,60.23,,2.47,,7.31,,4.3,7.96,5.84,,,17.81,,,,19.64,7.79,7.44,6.91,,15.78,,8.65,18.63,,5.87,27.45,,6.78,9.17,,21.7,7.66,25.92,,10.53,,13.82,,,,,11.22,,,6.75,15.21,13.45,,5.97,21.5,11.9,16.89,,13.25,9.26,14.29,,,9.26,13.32,8.28,,5.32,,,5.83,12.31,,11.19,,12.06,7.77,12.5,,20.38,9.95,8.82,,13.78,,,,8.96,12.23,,11.41,13.91,9.41,25.61,17.55,7.01,38.0,7.17,11.99,14.44,12.76,9.91,11.34,23.12,21.14,19.9,14.32,8.06,17.62,11.83,15.8,,14.88,31.79,23.1,18.4,,21.9,,9.03,,10.52,6.9,,12.32,,10.06,,8.75,14.32,11.42,15.23,19.0,10.16,9.66,,,,12.42,17.66,42.22,,,4.8,16.52,36.14,10.26,,,15.65,,,,,,10.05,,,9.39,35.37,9.43,,6.4,10.8,4.56,14.62,,9.0,,36.14,,,11.44,10.2,11.38,7.33,18.61,16.17,19.94,,,6.16,8.43,36.2,15.11,,7.85,23.77,9.26,16.22,,25.76,16.0,,27.75,,5.59,14.36,,,5.83,5.51,3.54,8.25,7.94,17.96,,,10.0,5.76,14.25,8.48,,7.17,5.58,,12.16,,6.81,8.95,13.21,6.39,20.35,,,5.87,5.59,6.9,,9.99,8.12,4.33,,4.49,12.91,,,5.7,,,5.36,,,,,,,9.25,,8.01,,16.62,,8.55,,,15.84,,,7.63,,20.16,,,7.4,,13.92,,,6.26,15.19,13.36,5.72,5.55,9.88,,,18.01,,8.51,,6.61,8.25,13.6,,,8.31,,13.55,9.38,34.1,10.43,13.09,18.35,7.94,10.16,13.54,,12.36,,15.05,21.63,,7.69,8.85,17.69,,,12.06,,,,,19.3,55.1,,,22.3,21.4,9.5,,13.25,32.44,23.95,8.65,9.83,,10.3,,,,9.07,,9.95,6.52,,12.28,,,6.87,,38.4,,7.09,6.23,,,3.41,,5.39,,,4.87,8.7,,5.22,11.44,34.64,,,,,,,,8.55,4.28,14.41,9.84,8.73,,25.45,30.1,,,6.68,,13.57,,,,12.31,15.28,39.97,,10.18,,,,,,3.3,37.9,13.18,,,,15.03,,23.54,9.95,,15.18,,,9.48,6.51,,,,,9.0,15.05,8.11,15.55,,26.44,,,8.92,,,,10.22,,15.25,13.57,,,7.22,,21.58,19.78,,6.47,,,13.05,16.64,39.98,62.9,,26.13,12.24,,,,,,26.99,,,,,12.62,17.8,7.64,,,,,10.51,5.38,9.0,9.54,12.88,,,,21.06,7.38,6.37,,17.77,4.25,,,,,4.88,5.41,3.7,,27.08,8.67,6.36,,,,5.3,,4.46,,,,5.04,11.35,15.47,,,,2.33,,11.4,,,,6.25,,5.5,4.37,,,,7.75,,,10.3,7.1,4.08,,,,6.35,,,10.88,,,,4.69,7.71,5.88,5.53,3.5,,6.3,6.9,14.68,,9.45,8.51,,,6.21,7.05,8.15,8.65,6.02,,6.22,,,6.09,10.18,3.61,2.24,,,,13.7,4.12,6.16,,,10.71,10.49,,17.15,,,,,,,6.4,6.19,,,,9.22,,,,,12.8,8.84,,,,,,,12.79,,,,,9.12,7.07,8.95,,,,18.7,3.06,4.0,23.91,3.82,9.57,15.26,,3.58,4.15,4.49,,6.83,6.06,4.25,5.53,,3.33,17.53,12.6,,9.6,,10.27,11.81,,,5.1,14.69,28.89,7.78,,,7.85,4.7,8.56,,,7.16,,7.76,,,8.72,10.57,5.1,10.14,13.13,11.86,,5.78,5.93,,4.74,,18.14,,3.48,,8.42,5.63,6.97,21.61,5.29,,18.0,4.69,,,6.66,,,11.26,4.07,5.08,,,,4.61,7.89,31.89,,,,5.14,,14.58,6.19,,,,,4.75,4.48,,,4.32,5.1,21.95,7.54,7.6,6.53,,,,,6.11,11.47,13.91,4.4,11.89,,,10.5,,9.17,8.57,,7.29,6.79,,,,,6.91,,7.14,3.23,5.77,5.39,12.99,,,7.31,4.04,,10.03,12.08,,,11.63,,5.17,2.58,,,4.57,6.59,3.17,,9.28,,,,10.35,8.13,25.58,,3.68,4.04,9.64,4.4,11.61,11.44,,4.46,5.11,8.66,,,,,4.07,,,,5.1,29.24,,7.67,,3.36,,16.39,6.03,13.46,18.35,,7.1,9.1,8.29,,,5.51,20.82,,4.28,4.88,,,2.75,,,3.95,4.74,,114.4,7.15,,10.7,,11.22,26.67,3.68,,,9.82,5.02,11.04,4.01,,,9.78,,11.43,,5.22,10.21,,4.22,9.26,6.97,3.8,,7.61,2.81,2.49,,6.06,8.87,9.7,10.51,,1.95,30.16,15.65,12.18,12.14,,3.98,3.72,3.33,6.49,,11.2,6.5,,,19.4,26.39,,,6.45,,2.36,9.67,,19.29,26.4,7.05,,,,,,,6.76,,,11.82,,,,,9.43
2013-09-24,,,,,,,,,,31.2,14.43,,23.82,,13.64,24.19,28.35,14.5,8.08,79.82,,12.8,53.83,,17.64,,11.05,,13.5,,14.81,10.25,16.8,,13.81,,,,26.64,,25.78,60.0,47.07,,18.39,,,60.09,,2.42,,7.23,,4.24,8.05,5.74,,,18.08,,,,20.36,7.8,7.34,7.16,,15.3,,8.85,18.67,,6.01,27.63,,6.8,9.09,,21.1,7.6,25.48,,10.32,,13.89,,,,,10.98,,,6.68,15.24,13.32,,6.55,21.28,11.67,17.18,,13.07,9.4,14.28,,,9.22,13.32,8.13,,5.34,,,5.81,12.22,,11.2,,12.42,7.6,12.7,,20.92,10.32,8.64,,13.89,,,,9.0,12.06,,11.66,13.96,9.42,24.9,18.6,6.86,37.03,7.16,12.06,14.4,12.53,10.02,11.55,23.66,21.08,19.92,14.36,8.77,17.76,12.15,15.81,,14.62,31.0,23.63,18.37,,21.67,,8.8,,10.63,6.78,,12.18,,10.62,,9.63,14.95,11.44,16.63,19.58,10.54,9.6,,,,12.04,17.88,44.7,,,4.77,15.96,38.49,10.15,,,16.02,,,,,,10.02,,,9.19,35.66,9.36,,6.53,11.1,4.59,14.42,,9.01,,35.8,,,11.51,10.37,11.45,7.35,18.31,17.79,18.95,,,6.14,8.4,37.4,15.07,,7.89,23.56,9.34,16.15,,25.94,15.49,,28.35,,5.8,14.44,,,5.75,5.51,3.48,7.8,7.8,18.03,,,9.9,5.7,14.13,8.41,,7.04,5.62,,12.0,10.54,6.74,8.84,12.8,6.35,22.39,,,5.71,5.63,6.85,,10.29,7.82,4.3,,4.42,12.95,,22.1,5.96,,,5.4,,,,,,,9.35,,7.9,,17.2,,8.25,,,15.69,,,7.52,,20.36,,,7.7,,14.53,,,6.17,15.29,13.38,5.8,5.44,10.04,,,17.8,,8.46,,6.66,8.28,13.6,,,8.25,,13.33,9.52,33.72,10.2,13.29,18.34,8.06,10.08,13.58,,12.47,,14.8,22.22,,7.81,8.86,17.55,,,12.35,,,,,19.09,54.99,,,22.18,22.05,10.08,,13.19,32.0,24.65,8.4,9.72,,10.3,,,,8.76,,9.83,6.42,,12.39,,,6.79,,38.1,,7.05,6.11,,,3.54,,5.37,,,4.83,8.4,,5.27,11.58,35.49,,,,,,,,8.8,4.21,14.22,9.75,8.77,,26.95,30.45,,,6.71,,13.22,,,,12.04,15.51,39.96,,9.83,,,,,,3.22,37.25,13.17,,,,14.86,,23.73,9.75,,15.03,,,9.48,6.56,,,,,9.07,15.23,8.28,15.8,,26.36,,,9.04,,,,10.6,,16.78,13.26,,,7.15,,21.81,20.11,,6.49,,,12.72,16.74,39.7,62.3,,26.24,12.22,,,,,,25.9,,,,,12.5,18.66,7.96,,,,,11.56,5.27,8.89,10.49,12.55,,,,20.99,7.28,6.31,,18.23,4.54,,,,,4.93,5.36,3.73,,26.25,8.6,6.26,,,,5.38,,4.42,,,,5.54,11.24,15.15,,,,2.3,,11.41,,,,6.12,,5.4,4.26,,,,7.65,,,10.0,6.91,4.0,,,,6.59,,,11.09,,,,4.76,7.67,5.79,5.44,3.47,,6.35,6.92,14.55,,9.88,8.38,,,6.26,7.37,8.16,8.97,6.16,,6.22,,,6.0,9.99,3.6,2.22,,,,13.6,4.11,6.13,,,10.66,10.25,,17.69,,,,,,,6.38,6.1,,,,9.11,,,,,12.7,8.92,,,,,,,12.92,,,,,9.37,6.97,9.03,,,,18.69,3.0,3.95,24.14,3.9,9.52,14.99,,3.63,4.1,4.38,,6.9,6.07,4.39,5.5,,3.29,16.65,12.36,,9.69,,10.15,12.06,,,5.32,14.74,28.56,8.56,,,7.61,4.81,8.7,,,7.21,,7.53,,,8.75,10.78,5.16,10.12,13.01,12.03,,5.98,6.12,,4.68,,18.24,,3.41,,8.26,5.62,6.83,21.34,5.32,,17.76,4.8,,,6.64,,,11.35,4.08,5.11,,,,,7.76,31.99,,,,5.32,,14.8,6.3,,,,,4.72,4.41,,,4.25,4.96,21.65,7.47,7.47,6.46,,,,,6.15,11.27,13.87,4.49,11.99,,,10.51,,9.13,8.97,,7.12,6.64,,,,,6.8,,7.05,3.28,5.64,5.37,12.89,,,7.35,4.0,,9.9,11.93,,,12.09,,5.25,2.55,,,4.63,6.43,3.13,,9.75,,,,10.26,8.0,24.81,,3.62,3.96,10.12,4.29,11.03,12.58,,4.4,4.93,8.69,,,,,4.04,,,,5.04,29.28,,7.58,,3.32,,16.22,5.95,13.66,17.46,,7.08,8.81,8.02,,,5.33,19.99,,4.26,4.86,,,2.74,,,4.06,4.71,,112.96,7.07,,10.75,,10.8,26.69,3.54,,,9.61,4.96,,3.96,,,9.49,,11.42,,5.1,10.24,,4.3,9.28,6.81,3.88,,7.43,2.83,2.44,,5.96,8.56,9.51,10.73,,1.93,29.8,16.28,11.75,13.1,,3.89,3.84,3.4,6.34,,11.1,6.56,,,19.55,26.2,,,6.57,,2.31,9.74,,18.82,26.0,7.02,,,,,,,6.8,,,11.54,,,,,9.46
2013-09-25,,,,,,,,,,30.35,13.97,,24.03,,13.29,23.3,28.1,15.52,8.0,77.43,,12.71,58.32,,17.72,22.97,10.75,,13.18,,14.6,10.38,16.75,,13.66,,,,25.95,,24.77,62.61,45.11,,17.57,,,58.45,,2.4,,7.21,,4.17,7.7,5.88,,,17.61,,,,22.4,7.58,7.27,6.93,,14.8,,8.82,18.46,,6.0,27.3,,6.72,8.89,,21.24,7.45,24.79,,10.08,,13.81,,,,,10.91,,,6.87,15.06,12.91,,6.55,21.1,12.05,16.56,,13.18,9.91,14.07,,,9.16,14.1,8.14,,5.47,,,5.81,13.06,,11.09,,12.24,7.66,12.59,,20.12,10.14,8.94,,13.88,,,,8.95,11.92,,11.93,13.62,9.27,25.0,18.56,6.84,38.45,7.07,11.69,13.81,12.44,10.27,11.53,24.19,21.29,19.49,14.09,8.69,17.38,11.93,16.15,,14.19,29.9,23.0,18.25,,21.22,,8.76,,10.38,6.8,,11.9,,10.28,,9.14,14.68,11.99,16.66,19.44,10.61,9.32,,,,11.76,17.1,43.61,,,4.9,15.72,37.17,10.02,,,15.79,,,,,,10.16,,,9.63,33.5,9.19,,6.97,11.07,4.52,14.61,,9.1,,37.69,,,11.27,10.11,11.21,7.44,17.9,18.93,18.42,,,6.2,8.31,36.6,15.84,,7.84,23.51,9.36,15.91,,25.39,14.96,23.49,27.32,,5.72,14.16,,,5.67,5.52,3.48,7.82,7.75,17.5,,,9.82,5.71,14.82,8.48,,6.9,5.63,,11.75,11.59,6.44,8.85,12.7,6.17,22.57,,,5.63,5.59,6.88,,10.34,8.0,4.34,,4.34,13.04,,21.86,6.56,,,5.36,,,,,,,9.14,,7.82,,17.16,,8.26,,,15.49,,,7.73,,20.3,,,7.48,,13.89,,,6.08,14.95,13.7,5.64,5.66,9.87,,,17.43,,8.29,,6.5,8.37,13.62,,,8.22,,13.29,9.38,32.82,10.03,12.8,18.04,8.07,10.19,13.36,,12.47,,14.62,21.9,,7.73,9.02,17.2,,,12.04,,,,,18.68,54.0,,,21.72,24.26,10.68,,12.97,32.2,24.0,8.26,10.12,,10.2,,,,8.65,,9.64,6.23,,12.35,,,6.79,,36.75,,7.05,6.19,,,3.89,,5.44,,,4.79,8.68,,5.19,11.15,36.83,,,,,,,,8.68,4.19,14.2,9.74,8.73,,26.94,31.29,,,6.54,,13.57,,,,12.02,15.55,39.78,,9.93,,,,,,3.21,36.35,12.87,,,11.15,15.01,,23.28,9.68,,14.52,,,9.48,6.51,,,,,8.95,15.47,8.25,16.4,,25.56,,,8.74,,,,10.25,,16.7,12.98,,,7.13,,23.99,19.45,,6.41,,,12.58,16.8,38.28,63.38,,24.98,12.12,,,,,17.67,24.98,,,,,12.55,18.95,8.17,,,,,10.95,5.59,9.77,11.24,12.37,,,,20.59,7.18,6.08,,20.05,4.44,,,,,4.84,5.25,3.66,,27.29,8.61,6.33,,,,5.26,,4.32,,,,5.67,11.17,15.35,,,,2.27,,11.25,,,,6.12,,5.2,4.21,,10.78,,7.51,,,9.98,6.82,3.92,,,,6.42,,,11.2,,,,4.82,7.68,5.74,5.41,3.43,,6.16,7.02,14.25,,9.36,8.29,,,6.12,7.17,8.29,9.21,5.98,,6.21,,,6.03,9.74,3.54,2.2,,,,13.54,4.07,6.03,,,10.4,10.01,,17.34,,,,,,,6.27,6.21,,,,9.08,,,,,12.18,8.75,,,,,,,12.87,,,,,9.38,7.02,8.89,,,,18.42,3.01,3.84,23.59,4.06,9.33,14.61,,3.5,4.1,4.34,,6.83,6.22,4.63,5.42,,3.3,16.8,12.2,,9.75,,10.12,12.04,,,5.13,13.91,28.21,8.25,,,7.51,4.99,9.08,,,7.3,,7.39,,,8.87,10.76,5.29,10.24,14.1,11.6,,5.91,5.95,,4.54,,18.53,,3.4,,8.27,5.65,7.11,23.47,5.12,,17.64,4.73,,,6.57,,,11.37,4.28,4.94,,,,,7.55,31.02,,,,5.34,,14.64,6.14,,,,,4.63,4.4,,,4.23,4.94,21.53,7.27,7.58,6.44,,,,,6.35,11.16,13.67,4.56,11.57,,,10.32,,9.11,8.86,,7.07,6.57,,,,,6.71,,6.9,3.19,5.6,5.31,12.97,,,7.6,3.94,,9.79,12.31,,,12.09,,5.1,2.54,,,4.53,6.18,3.12,,9.85,,,,10.28,7.95,24.5,,3.62,3.9,9.88,4.25,10.48,13.84,,4.42,4.88,8.65,,,,,,,,,5.0,32.21,,7.53,,3.32,,16.26,5.85,13.86,16.52,,6.85,8.68,8.0,,,5.26,19.85,,4.25,4.94,,,2.66,,,4.0,4.68,,110.39,7.05,,10.43,,11.0,28.02,3.47,,,9.43,5.0,,3.93,,,9.12,,11.14,,5.1,9.96,,4.26,9.39,6.73,3.79,,7.42,2.86,2.44,,5.92,9.42,9.55,11.14,,1.92,28.94,15.47,11.76,12.94,,3.85,3.9,3.36,6.29,,11.02,6.39,,,19.04,28.5,,,6.4,,2.27,9.64,,18.64,26.66,7.02,,,,,,,6.66,,,11.57,,,,,9.42
2013-09-26,,,,,,,,,,31.21,13.57,,23.52,,13.24,23.34,28.63,17.07,8.08,73.0,,12.49,54.4,,17.32,21.8,10.56,,12.93,,16.01,10.25,18.43,,14.05,,,,26.81,,24.66,57.49,44.73,,17.15,,,58.51,,2.39,,7.11,,4.07,7.14,5.7,,,17.11,,,,,7.74,7.15,6.81,,14.9,18.58,8.37,18.52,,6.04,27.31,,6.55,8.96,,20.7,7.42,23.94,,10.51,,13.57,,,,,10.71,,,6.61,14.59,12.55,,6.47,21.04,11.75,16.52,,13.1,9.86,13.66,,,9.05,13.62,7.89,,5.24,,,5.71,12.5,,10.3,,12.07,7.6,12.14,,19.94,9.8,8.49,,13.66,,,,8.76,11.75,,11.78,13.31,9.31,24.74,18.32,6.77,39.27,6.91,11.47,12.8,12.29,10.99,11.4,24.06,21.53,18.51,14.3,8.63,17.48,11.9,15.69,,14.04,29.6,22.9,18.2,,22.53,,8.55,,10.1,6.67,,11.64,,10.65,,8.86,14.96,11.63,16.82,18.8,10.93,9.13,,,,11.19,16.8,41.95,,,4.78,15.0,36.01,9.91,,,15.05,,,,,,10.67,,,9.26,33.0,9.4,,6.7,10.73,4.34,14.2,,9.1,,36.3,,,11.33,9.8,11.45,7.31,17.88,18.79,20.05,14.05,,6.09,8.2,35.95,17.42,,7.7,23.36,9.59,15.82,,25.67,14.81,22.65,25.83,,5.91,13.7,,,5.64,5.48,3.4,8.13,7.66,17.4,,,10.5,5.53,14.15,8.1,,6.78,5.54,,11.5,12.75,6.59,8.8,12.72,6.02,22.6,,,5.51,5.39,6.99,,10.13,7.8,4.45,,4.32,12.61,,21.51,6.17,7.75,,5.19,,,,,,,8.97,,8.12,,17.96,,7.85,,,15.82,,,7.35,,19.64,,,7.26,,14.5,,,5.89,14.75,13.12,5.53,5.4,10.5,,,16.56,,8.3,,6.91,8.03,14.16,,,8.7,,13.24,9.17,31.65,9.82,12.71,17.7,7.92,10.37,12.68,,12.86,,14.13,21.47,,7.54,8.94,16.44,,,12.36,,,,,18.68,55.79,,,21.48,23.59,10.74,,12.84,32.7,24.46,8.26,9.69,,9.99,,,,8.46,,9.4,6.27,,12.11,,,6.57,,37.35,,7.2,6.04,,,3.92,,5.51,,,4.71,,,4.92,11.24,36.91,,,,,,,,8.6,4.12,13.75,9.5,8.57,,26.53,30.01,,,6.3,,12.99,,,,11.85,14.91,39.88,,9.54,,23.62,,,,3.09,36.98,12.62,,,11.0,14.79,,23.83,9.46,20.6,14.5,,,9.2,6.52,,,,,9.05,15.29,8.28,16.44,25.42,25.52,,,8.5,,,,10.2,,,12.3,,,7.14,,26.36,18.96,,6.31,,,12.44,16.1,37.92,64.3,,23.85,12.0,,,,,17.7,24.52,,,,,12.26,17.45,8.0,,,,,10.19,5.51,8.79,10.12,12.16,,,,20.54,6.9,5.99,,,4.31,,,,,4.71,5.03,3.47,,28.05,8.42,6.16,,,,5.23,,4.13,,,,5.12,11.01,15.13,,,2.87,2.24,,11.14,,,,5.97,,5.12,4.13,,10.29,,7.27,,,9.9,6.59,3.66,,,,6.26,,,10.28,,,,4.71,7.57,5.66,5.18,3.39,,6.12,6.89,13.96,,8.92,7.8,,,6.02,6.94,8.42,8.64,5.97,,6.04,,,5.9,9.37,3.43,2.14,,,,13.12,3.88,5.99,,,10.42,10.24,,17.34,,,,,,,6.21,5.87,,,,8.81,6.26,,,,11.75,8.41,,,,,,,12.59,,,,,8.98,7.23,8.31,,,,18.45,2.99,3.72,23.36,4.05,9.41,14.67,,3.37,4.1,4.23,,6.61,6.23,4.35,5.36,,3.15,16.34,12.14,,9.16,,9.99,11.8,,,4.65,12.52,27.58,7.78,,,7.71,4.66,8.42,,,7.15,,7.19,,,8.61,9.84,5.1,10.22,13.48,11.13,,5.32,5.64,,4.45,,18.06,,3.29,,7.92,5.56,6.79,23.8,4.77,,17.13,4.73,,,6.36,,,11.18,4.13,4.54,,,,,7.63,30.68,,,,5.12,,14.49,5.83,,,,,4.44,4.49,,,4.09,4.69,21.1,6.96,7.35,6.23,,,,,6.35,11.43,13.16,4.29,11.64,,,10.05,,8.87,8.53,3.68,7.04,6.57,,,,,6.52,,6.74,3.11,5.41,5.26,12.62,,,7.25,3.9,,9.0,12.01,,,11.66,,5.12,2.44,,,4.34,6.22,3.18,,9.9,,,,10.17,8.02,23.89,,3.5,3.88,10.08,4.26,9.96,15.08,,4.33,4.76,8.2,,,,,4.44,,10.88,,4.92,30.14,,7.54,,3.22,,15.74,5.68,13.57,16.43,,6.57,8.29,7.8,,,5.21,19.69,,4.24,4.84,,,2.53,,,3.88,4.57,,113.75,7.2,,10.15,,10.94,27.48,3.33,,,9.12,4.94,,3.78,,11.48,9.05,,11.25,,5.03,9.88,,4.25,9.13,6.89,3.69,,7.02,2.75,2.38,,5.77,8.89,9.02,10.13,,1.88,29.0,15.02,11.55,12.25,,3.66,3.82,3.43,6.1,,10.96,6.47,,,20.24,27.16,,,6.3,,2.24,9.67,,18.26,26.0,6.91,,,,,,,6.61,11.54,,11.5,,,,,9.41
2013-09-27,,,,,,,11.21,,,31.2,13.57,,23.58,,13.09,23.96,30.68,16.9,8.05,72.91,,12.25,55.89,,16.76,21.62,10.34,,13.08,,15.6,10.1,17.81,,13.93,,,,26.33,,24.08,59.56,43.96,,17.25,,,58.6,,2.4,,7.1,,4.08,7.09,5.77,,,17.06,,,,,7.9,7.08,6.72,,14.87,18.38,8.36,18.78,,6.04,27.97,,6.49,9.06,,20.8,7.39,24.2,,10.6,,13.66,,,,,10.41,,,6.58,14.56,12.63,,6.32,22.08,11.54,17.06,,13.19,9.95,13.7,,,9.1,13.75,7.74,,5.34,,,5.62,12.42,,10.38,,12.07,7.33,12.07,,20.2,9.98,8.33,,14.02,,,,8.76,11.6,,11.33,13.05,9.23,24.11,18.7,6.69,41.0,7.31,11.58,13.06,12.41,10.55,11.31,24.64,21.3,18.35,14.12,8.54,18.18,11.85,15.4,,14.06,29.59,22.03,18.32,,21.55,,8.27,,10.07,6.69,,11.64,,10.65,,8.81,14.76,11.31,17.34,18.6,11.2,9.24,,,,10.78,17.09,41.48,,,4.76,15.35,36.61,9.95,,,14.83,,,,,,10.38,,,9.3,33.75,9.78,,6.71,10.6,4.55,14.34,,9.3,,38.02,,,11.64,9.88,11.32,7.44,17.31,17.9,18.95,14.35,,6.05,8.22,35.2,17.01,,7.7,24.21,9.23,15.8,,25.09,14.59,22.85,26.9,,6.18,13.97,26.21,,5.64,5.41,3.35,8.04,7.72,17.12,,,10.4,5.54,14.19,8.28,,6.73,5.56,,11.63,11.75,6.6,8.65,12.58,6.03,24.86,,,5.56,5.65,7.27,,9.85,7.71,4.59,,4.31,12.42,,23.15,6.01,7.53,,5.19,,,,,,,8.88,,7.93,,17.47,,7.6,,9.19,15.15,,,7.13,,19.56,,,7.09,,14.1,,,5.75,14.76,12.82,5.48,5.35,10.25,,,16.96,,8.29,,7.22,7.98,15.45,,,8.52,,13.22,9.16,31.32,9.77,13.16,17.5,8.02,10.11,12.74,,13.55,,14.19,21.67,,7.32,8.94,16.71,,,12.7,,,,,,60.62,,,21.55,23.86,11.21,,13.12,33.09,24.0,8.33,9.72,,9.73,,,,8.51,,9.32,6.32,,12.28,,,6.5,,39.0,,7.01,5.89,,6.34,3.89,,6.06,,,4.79,8.47,,4.84,11.7,35.54,,,,,,,,8.61,4.11,13.58,9.57,8.56,,27.2,30.55,,,6.28,,13.32,,,,12.07,15.0,39.48,,9.35,,23.62,,,,3.13,37.25,12.64,,,10.84,14.81,,23.87,9.52,21.0,14.53,,,9.23,6.6,,,,,9.17,15.14,8.64,16.32,27.35,26.5,,,9.05,,,,10.27,,,12.47,,,7.63,,25.66,18.55,,6.38,,,12.31,16.45,38.6,64.94,,24.02,11.89,,,,,18.31,24.8,,,,,12.31,17.73,7.8,5.88,,,,10.15,5.36,9.58,9.31,12.69,,,,20.7,7.05,6.01,,20.09,4.31,,,,,4.86,5.04,3.45,,28.37,8.48,6.05,14.51,,,5.24,,4.15,,,,4.93,11.05,14.71,,,2.72,2.24,,11.13,,,,6.08,,5.26,4.09,,10.29,7.48,7.2,,,9.9,6.57,3.69,,,,5.91,,,9.77,,,,4.71,7.41,5.56,5.23,3.35,,5.89,6.71,13.98,,8.65,7.8,,,5.89,6.96,8.38,8.65,5.86,,6.28,,,5.89,9.41,3.44,2.13,,,,13.81,3.85,5.99,,,10.54,10.02,,17.51,37.39,,,,,,6.28,5.58,,,,8.92,6.27,,,,11.68,8.4,,,,,9.3,,12.47,,,,,8.19,7.33,8.35,,,,18.46,3.05,3.75,23.0,4.09,9.81,15.67,,3.38,4.07,4.22,,6.64,6.14,4.41,5.34,,3.16,16.31,11.83,,8.81,,10.05,11.89,,,4.66,12.62,28.61,8.01,,,7.58,4.58,8.62,,,7.42,,7.22,,,8.81,9.71,5.17,10.28,13.51,11.21,,5.19,5.82,,4.49,,18.64,,3.3,,8.02,5.55,6.7,23.07,4.72,,17.16,4.74,,,6.41,,,10.95,4.12,4.59,,,,,7.95,32.06,,,,5.14,,15.86,5.86,,,,,4.46,4.42,,,4.14,4.68,21.11,6.84,7.09,6.33,,,,,6.47,11.89,13.01,4.45,11.28,,,9.95,,8.75,8.91,3.5,7.06,6.64,,,,,6.53,,6.81,3.11,5.76,5.29,12.62,,,7.12,3.92,,8.8,12.07,,,10.85,,4.82,2.49,,,4.29,6.19,3.1,,9.69,,,,10.18,8.0,23.61,,3.49,3.87,10.03,4.25,10.29,13.8,,4.35,4.71,8.21,,,,,4.33,,11.14,,5.04,30.11,,7.62,,3.16,,15.76,5.72,13.51,17.18,,6.77,8.29,7.92,,,5.21,19.76,,4.22,4.7,,,2.54,,,3.94,4.59,,117.25,,,10.27,,10.92,27.51,3.4,,,9.22,4.73,11.37,3.78,,11.1,9.26,,12.04,,4.91,9.86,,,9.48,6.85,3.67,,6.99,2.72,2.38,,5.79,8.75,9.0,9.47,,1.89,29.3,15.2,11.13,12.05,,3.81,3.77,3.63,6.11,,10.79,6.7,,,20.78,27.27,,,6.34,,2.23,9.71,,18.35,26.01,6.92,,,,,,,6.65,11.46,,11.67,,,,,9.35
2013-09-30,,,,,,,11.05,,,31.66,13.87,,23.68,,13.41,23.98,30.59,16.22,8.09,75.7,,12.58,57.96,,17.35,21.39,10.6,,13.11,,16.32,10.22,17.81,,14.13,,,,27.01,,24.5,62.3,44.9,,17.43,,,59.79,,2.4,,7.18,,4.07,7.17,5.89,,,17.32,,,,,7.85,7.15,6.82,,14.78,18.25,8.46,19.65,,6.03,29.12,27.39,6.49,9.04,,20.92,7.32,23.98,,10.43,14.06,13.76,,,,,10.5,,,6.63,14.94,12.7,,6.65,21.99,11.67,17.92,,12.96,9.86,14.2,13.22,,9.09,13.62,7.9,,5.47,,,5.68,12.57,,10.35,,12.44,7.46,12.19,,20.87,10.5,8.49,,13.96,,,,8.94,11.76,,11.51,13.14,9.26,24.1,18.71,6.68,40.66,7.16,11.68,13.4,12.39,10.39,11.34,24.65,21.72,19.61,13.81,8.78,18.7,10.78,15.45,,14.16,30.13,22.41,18.35,,21.71,,8.29,,10.29,6.7,,11.62,,10.97,77.88,9.2,14.43,11.37,17.13,19.33,11.89,9.45,,,,11.25,18.12,43.85,,,4.77,15.09,40.18,10.0,,,15.15,,,,,,10.73,,,9.51,33.05,9.81,,6.72,10.35,4.48,14.91,,9.25,,41.82,,,11.87,9.96,11.59,7.43,16.88,18.11,18.97,14.17,,6.07,8.28,35.17,16.81,,7.78,24.78,9.49,16.06,,25.37,14.74,22.95,28.92,,6.45,14.4,27.15,,5.67,5.3,3.42,8.55,7.87,17.77,,,10.26,5.56,14.14,8.2,,6.9,5.67,,11.69,12.12,6.65,8.61,12.59,6.11,27.35,,,5.59,5.6,7.31,14.54,9.89,7.8,4.47,,4.35,12.54,,24.85,6.08,7.39,,5.4,,,,,,,8.93,,7.88,,17.19,,7.88,,9.24,15.41,,,7.27,,19.92,,,,,14.41,,,5.95,14.63,13.13,5.5,5.43,10.15,,,16.97,,8.34,,7.49,7.94,15.45,,,8.78,,13.27,9.27,31.27,9.81,13.27,17.3,8.15,10.18,13.12,,13.45,,14.32,21.83,,7.32,9.25,16.96,,,12.91,,,,,,60.44,,,21.81,24.08,11.09,18.97,13.23,33.4,23.8,8.43,9.78,,9.6,,,,8.42,,9.39,6.5,,12.41,,,6.54,,39.38,,7.06,6.04,,6.59,4.03,,6.0,,,4.83,8.4,,4.93,12.0,35.79,,,,,,,,8.71,4.14,13.77,9.66,8.55,,27.39,32.89,,,6.27,,13.33,11.02,,,12.05,15.14,40.76,,9.38,,24.0,,,,3.18,39.98,12.85,,,11.15,14.84,,24.4,9.62,22.18,14.72,,,9.21,6.57,,,,,9.05,15.66,8.77,16.53,29.15,26.43,,,9.68,,,,10.44,,,12.74,,,7.85,,26.05,19.32,,6.55,,,12.29,16.61,38.93,66.0,,24.7,11.95,,,,,18.58,25.73,19.71,,,,12.3,18.54,7.83,6.1,,,,10.39,5.41,10.54,9.44,12.51,,,,21.01,7.15,6.16,,21.34,4.35,,,,,4.96,5.12,3.39,,29.2,8.29,6.17,14.84,,,5.28,,4.19,,,,4.92,11.12,14.7,,,2.7,2.22,,11.05,,,,6.06,,5.2,4.16,,10.32,8.01,7.21,3.46,,10.25,6.58,3.77,,,,6.1,,,10.13,,,,4.86,7.58,5.63,5.29,3.36,,6.19,6.87,14.31,,8.9,7.86,,,5.9,6.98,8.61,8.91,5.96,,6.27,,,5.95,9.39,3.48,2.15,,,,14.77,3.9,6.0,,,10.7,10.04,,17.57,39.73,,,,,,6.41,5.62,,,,9.16,6.48,,,,11.84,8.46,,,,,10.23,,12.65,,,,,8.3,7.27,8.45,,,,18.47,3.2,3.82,22.88,4.05,9.71,15.7,,3.39,4.09,4.21,,6.69,6.24,4.55,5.42,,3.27,16.63,11.83,,9.15,,10.15,11.65,52.35,,4.79,12.91,29.47,8.14,,,7.66,4.69,8.77,,,7.48,,7.32,,,8.88,10.04,5.23,10.45,13.51,,,5.28,5.82,,4.51,,19.26,,3.3,,8.03,5.66,6.72,23.71,4.86,,17.18,4.9,,,6.43,15.54,,11.34,4.12,4.64,,,,,8.13,32.73,,,,5.18,,16.54,6.0,,,,,4.64,4.43,,,4.21,4.81,20.99,6.94,7.16,6.53,,,,,6.3,,13.18,4.56,11.22,,,10.17,,8.74,9.22,3.33,7.1,6.6,,,,,6.58,,6.98,3.12,5.84,5.32,12.71,,,7.5,3.94,,8.93,11.79,,,11.32,,4.74,2.5,,,4.35,6.23,3.1,,9.61,,,,10.2,8.06,24.0,,3.55,3.88,10.25,4.38,10.28,13.86,,4.37,4.77,8.39,,,,,4.31,,11.37,,5.19,30.63,,7.82,,3.21,,16.04,5.71,13.85,16.91,8.03,6.85,8.33,7.91,,,5.24,20.3,,4.22,4.85,,,2.6,,,3.9,4.66,,117.06,6.88,,10.38,,11.08,28.7,3.46,,,8.3,4.77,11.53,3.82,,10.84,9.44,,12.07,,5.04,10.02,,,9.44,6.93,3.67,,7.13,2.72,2.38,,5.81,8.8,8.84,10.08,,1.9,29.48,15.83,11.25,12.58,,3.96,3.8,3.85,6.14,,10.89,6.95,,,21.2,26.56,,,6.39,,2.28,9.76,,18.55,26.88,6.97,,,,,,,6.61,11.89,,11.59,,,,,9.53
2013-10-08,,,,,10.7,,10.97,,,30.42,14.37,,24.6,,13.42,23.94,31.3,17.84,8.23,75.87,,12.98,55.12,,18.78,21.39,10.87,,13.4,,16.67,10.4,18.42,,14.83,,,,27.16,,26.95,58.88,46.1,,18.01,,,62.17,,2.41,,7.22,,4.12,7.36,5.9,,,17.84,,,,,7.9,7.23,6.94,,15.12,18.5,8.81,19.7,,6.04,29.3,28.7,6.55,9.15,,21.46,7.55,25.07,,10.45,14.51,13.93,,,,,10.82,,,6.79,15.3,12.85,,6.82,22.08,11.92,17.7,,13.25,9.89,14.35,14.54,,9.19,14.3,7.94,,5.57,,,5.75,12.43,,10.54,,12.74,7.67,12.22,,21.87,10.65,9.05,,14.09,,,,9.04,12.21,,11.65,13.42,9.24,24.88,18.75,6.79,41.26,7.43,11.97,13.29,12.61,10.78,11.57,24.09,22.63,20.49,13.97,8.87,18.83,10.86,15.59,,14.42,30.48,23.58,18.7,,22.45,,8.51,,10.61,6.79,,11.92,,11.33,77.0,9.57,14.18,11.07,17.21,19.43,13.08,9.74,,,,11.3,18.97,43.77,,,4.85,15.34,38.0,10.25,,,15.78,,,,,,10.92,,35.02,9.71,36.15,9.77,,6.81,10.35,4.52,15.7,,9.24,,44.48,,,11.87,10.17,11.77,7.5,17.25,19.92,19.98,14.95,,6.09,8.36,36.38,17.49,,7.89,26.13,9.63,16.74,,25.98,15.17,23.13,29.13,,6.23,15.75,27.85,,5.71,5.28,3.42,8.64,8.04,18.05,,,10.3,5.61,14.16,8.64,,6.91,5.63,,11.78,13.33,6.67,8.62,13.01,6.34,30.02,,,5.67,5.59,7.22,14.72,9.93,8.04,4.39,,4.37,12.25,,25.4,6.69,7.55,,5.43,,,,,,,9.11,,8.07,,17.28,,8.13,,9.32,15.98,,,7.41,,20.03,,,,,14.38,,,6.32,15.22,13.07,5.58,5.55,10.36,,16.1,17.26,,8.35,,7.47,8.16,17.0,,,8.89,,13.62,9.47,32.48,10.07,13.49,16.69,8.39,10.43,13.05,,13.28,,14.67,,,7.54,9.61,17.4,,,12.67,,,,,,60.08,,,22.32,24.94,12.2,20.2,13.3,33.35,23.51,8.48,10.0,,9.98,,,,8.58,,9.63,6.52,,12.83,,,6.64,,39.08,,7.12,5.99,,6.48,3.97,,6.38,,,4.84,8.5,,4.97,12.81,36.83,,,,,,,,8.57,4.23,13.8,9.75,8.62,,27.14,33.44,,,6.38,,13.28,11.11,,,12.0,15.26,44.84,,9.6,,23.68,,,,3.24,41.98,12.93,,,12.27,14.99,,24.12,9.68,21.79,14.99,,,9.52,6.66,,,,,9.14,15.96,8.85,16.42,29.8,27.2,,,9.95,,,,10.74,,,13.06,,,8.39,,25.85,19.12,,6.57,,,12.92,16.77,39.35,70.21,,27.17,12.28,,,,,18.99,26.54,20.87,,,,12.51,19.74,8.09,6.05,,,,10.59,5.38,11.17,9.54,12.61,,,,21.72,7.29,6.22,,21.94,4.45,,,,,5.1,5.26,3.42,,28.71,8.44,6.23,14.38,,,5.29,,4.2,,,,4.95,11.38,14.88,,,2.75,2.25,,11.59,,,,6.09,,5.19,4.21,,10.46,8.24,7.56,3.52,,10.45,6.64,3.77,,,,6.41,,,10.52,,,,5.14,7.65,5.8,5.4,3.52,,6.25,7.01,14.13,,9.19,8.65,,,5.98,7.14,8.81,8.94,6.06,,6.31,,,5.99,9.53,3.59,2.18,,,,14.96,3.97,6.05,,,10.75,10.12,,17.49,39.9,,,,,,6.81,5.7,,,,9.12,6.87,,,,11.82,8.62,,,,,11.25,,12.82,,,,,8.34,7.62,8.52,,,,18.55,3.36,3.8,22.9,4.04,9.92,15.75,,3.43,,4.27,,6.88,6.29,4.61,5.46,,3.27,16.61,12.33,,8.95,,10.26,11.65,49.3,,4.81,12.81,29.82,8.45,,,7.7,4.98,8.66,,,7.48,,7.37,,,8.99,10.48,5.38,11.0,13.56,11.91,,5.29,6.06,,4.59,,18.93,,3.35,,8.13,5.71,6.81,24.79,4.96,,17.37,4.88,,,6.5,15.57,,11.64,4.24,5.1,,,,,8.12,32.67,,,,5.29,,16.33,6.11,,,,,4.78,4.45,,,4.21,4.87,21.53,7.02,7.25,6.6,,,,,6.22,,13.49,4.57,11.53,,,10.34,,8.88,9.86,3.26,7.18,6.53,,,,,6.69,,7.12,3.17,5.62,5.37,12.56,,,7.68,4.01,,9.01,11.89,,,11.49,,4.84,2.54,,,4.79,6.25,3.14,,9.56,,,,10.24,8.2,25.58,,3.63,3.98,10.24,4.46,10.44,13.86,,4.42,4.86,8.78,,,,,4.38,,11.8,,5.24,30.07,,7.83,,3.31,,16.23,5.84,13.75,17.72,8.83,6.88,8.5,7.99,,,5.35,20.45,,4.27,4.94,,,2.6,,,3.93,4.75,,116.45,7.06,,10.85,,11.19,29.4,3.5,,,8.4,4.78,11.63,3.98,,11.8,10.06,,12.08,,5.33,9.97,,,9.38,7.11,3.74,,7.28,2.75,2.39,,5.89,8.96,9.14,10.9,,1.93,31.08,15.59,11.69,12.49,,3.9,3.86,3.9,6.18,,10.97,6.87,,,23.09,26.44,,,6.46,,2.3,9.91,,19.2,29.57,7.06,,,,,,,6.6,11.91,,11.66,,,,,9.64
2013-10-09,,,,,11.05,,11.19,,,30.79,14.54,,24.17,,13.66,24.91,31.5,17.96,8.28,78.1,,13.2,53.88,,18.71,22.1,11.19,,13.45,,16.61,10.68,19.06,,14.75,,,,27.6,,28.7,57.95,50.71,19.28,18.09,,,62.16,,2.41,,7.41,,4.15,7.21,6.06,,,18.42,,,,,8.22,7.25,6.89,,15.68,18.4,9.0,19.68,,6.07,30.64,29.08,6.71,9.16,,21.49,7.52,24.8,9.82,10.45,14.41,14.02,,,,,10.93,,,6.79,15.51,13.22,,6.87,22.5,11.93,18.7,,13.99,10.02,14.41,15.99,,10.11,14.3,8.0,,5.56,,,5.78,12.32,,10.71,,12.75,7.71,12.17,,22.75,11.06,9.14,,15.17,,,,9.17,12.15,,11.61,13.56,9.45,24.61,18.98,7.07,40.7,7.76,12.04,13.6,12.69,10.97,11.83,23.83,22.67,21.1,14.82,8.92,18.86,10.92,15.44,,14.39,29.77,24.15,18.95,,22.26,,8.54,,10.6,6.87,,12.04,,11.35,79.3,10.01,15.6,11.15,16.91,20.17,13.15,9.84,,,,12.43,20.87,48.15,,,4.89,15.62,37.98,10.29,,,16.96,,,,,,11.0,,38.52,9.71,36.7,10.17,,6.98,10.13,4.51,15.88,,9.53,,48.93,,,12.3,10.35,12.23,7.59,17.86,20.5,20.7,14.85,,6.16,8.46,40.02,18.58,,7.91,26.2,9.75,17.06,,26.44,15.38,23.3,29.5,,6.17,15.77,28.2,,5.89,5.31,3.43,8.56,8.08,17.79,,,10.47,5.59,14.43,8.62,,6.98,5.5,,11.87,13.58,6.65,8.49,12.98,6.39,30.32,,,5.67,5.74,7.13,14.58,10.16,7.95,4.43,,4.39,12.4,,25.62,,7.57,,5.9,,,,,,,9.28,,8.24,,17.56,,8.16,,9.28,16.16,,,7.66,,20.33,,,,,15.1,,,6.32,15.26,12.96,5.59,5.67,10.52,,17.25,17.71,,8.54,,8.17,8.56,17.39,,,8.9,,13.7,9.76,32.39,10.0,13.57,16.5,8.33,10.78,13.09,,13.3,,14.71,,,7.65,9.6,17.23,,,12.92,,,,,,60.27,,,22.73,24.78,13.1,20.38,13.49,34.55,25.1,8.47,9.9,,10.09,,,,8.51,,9.67,6.56,,12.73,,,6.72,,40.23,,7.2,6.03,,6.51,3.87,,6.39,,,4.86,8.6,,4.96,13.0,38.24,,,,,,,,8.43,4.31,13.48,9.82,8.66,,,34.71,,,6.49,,13.55,11.42,,,12.16,15.7,47.48,,9.7,,22.94,,,,3.23,40.75,12.69,,,13.01,15.18,,23.99,9.75,22.75,15.17,,,9.57,6.65,,,,,9.33,15.83,8.72,16.52,28.99,27.3,,,,,,,11.46,,,13.34,,,8.24,,27.1,19.46,,6.75,,,13.1,17.65,40.04,70.2,,28.09,12.34,,,,,18.75,27.15,20.95,,,,12.4,19.6,8.26,6.21,,,,10.51,5.41,12.1,9.74,12.66,,,,22.28,7.25,6.27,,22.32,4.62,,,,,5.25,5.2,3.43,,29.44,8.41,6.41,14.41,,,5.26,,4.25,,,,5.03,11.31,14.8,,,2.74,2.26,,11.39,,,,6.1,,5.71,4.18,,10.71,8.43,7.94,3.59,,10.49,6.77,3.78,,,,6.42,,,11.42,,,,5.15,7.86,5.89,5.51,3.54,,6.28,7.19,13.9,,9.09,9.52,18.39,,5.98,7.2,8.76,8.98,6.2,,6.37,,,5.94,9.66,3.81,2.19,,,,14.86,4.0,6.25,,,10.85,10.29,,16.93,39.87,,,,,,6.74,5.72,,,,9.1,7.03,,,,12.08,8.6,,,,,12.38,,13.27,,,,,8.6,7.67,8.58,,,,18.27,3.43,3.77,23.08,4.01,10.03,15.44,13.41,3.77,,4.27,,6.88,6.32,4.69,5.47,,3.31,16.9,12.36,,8.88,,10.26,11.72,49.53,,4.86,12.87,32.17,8.43,,,8.03,4.94,8.84,,,7.43,,7.25,,,9.21,10.51,5.37,11.14,13.5,11.71,,5.38,6.36,,4.6,,20.82,,3.36,,8.18,5.72,6.77,25.39,4.95,,17.46,4.87,,,6.44,15.47,,12.63,4.24,5.61,,,,,8.11,33.21,,,,5.26,,15.98,6.16,,,,,4.77,4.46,,,4.25,4.86,22.02,7.1,7.29,6.56,,,,,6.29,,13.91,4.53,11.55,,,10.75,,9.23,9.96,3.23,7.54,6.46,,,,,6.72,,7.17,3.17,5.56,5.52,12.58,,,7.82,4.2,,9.05,13.08,,,11.72,,4.82,2.66,,,5.27,6.32,3.15,,9.88,,,,10.2,8.18,25.0,,3.74,3.97,10.65,4.54,10.46,15.25,25.8,4.45,4.83,9.09,,,,,4.48,,12.0,,5.17,29.88,,8.01,,3.3,,16.1,5.98,14.06,18.19,9.19,7.4,8.49,8.1,,,5.35,21.39,,4.27,4.9,,,2.61,,,3.94,4.74,,115.9,6.99,,10.93,,11.68,28.8,3.52,,,8.46,4.81,11.62,4.02,,12.98,10.05,,12.33,,5.45,9.99,,,9.3,7.03,3.75,,7.28,2.77,2.39,,5.9,9.29,9.24,11.5,,1.94,31.5,15.81,11.5,12.37,,3.9,3.81,3.85,6.28,,11.05,6.86,,,23.5,26.46,,,6.41,,2.29,10.22,,19.09,30.2,7.13,,,,,,,6.59,11.84,,11.6,,,,,9.69
2013-10-10,,,,,10.9,,11.2,,,29.52,14.04,17.65,23.12,,13.36,24.18,29.65,17.38,8.13,73.3,,12.83,48.55,,18.92,21.84,10.82,,12.9,,16.14,10.58,18.68,,14.56,,,,26.16,,27.9,52.8,50.29,18.4,17.43,,,63.16,,2.39,,7.44,,4.19,7.43,6.11,,,18.0,,,,,8.1,7.3,6.85,,14.9,18.06,8.95,19.58,,5.95,30.1,27.72,6.79,7.29,,20.82,7.41,23.99,9.6,10.3,14.53,13.9,,,,,10.76,,,6.82,15.19,13.04,,6.88,21.75,11.63,18.22,,13.84,10.14,14.47,17.59,,9.82,14.6,7.85,,5.45,,,5.81,12.4,,10.61,11.65,12.75,7.75,11.87,,22.42,11.07,9.05,,14.83,,14.07,,9.11,11.9,,11.18,13.48,9.25,24.07,18.62,6.97,37.5,7.78,11.85,13.35,12.57,10.56,11.67,23.46,22.8,21.5,14.7,8.95,19.2,10.67,15.24,,14.13,29.32,23.94,19.2,,21.71,,8.73,,10.39,6.76,,11.78,,10.91,35.69,10.65,15.4,10.96,16.5,19.76,12.78,9.46,,,,13.06,21.08,43.7,,,4.82,15.71,34.18,10.17,,,16.16,,,,,,10.7,,42.37,9.83,36.0,9.99,,6.77,9.99,4.36,15.58,,9.8,,44.04,32.75,,11.81,10.2,11.89,7.91,17.51,19.31,21.05,14.19,,6.11,8.41,38.8,18.4,,8.06,25.37,9.54,16.87,,25.84,14.89,22.6,28.33,,6.0,15.94,27.66,,5.7,5.24,3.4,8.21,8.03,17.75,,,10.28,5.5,14.16,8.66,,6.86,5.52,,11.69,13.39,6.57,8.5,12.72,6.23,27.3,,,5.52,5.67,7.44,14.13,10.04,7.72,4.51,,4.34,12.04,,26.8,,7.17,,6.12,,,,,,,9.4,,8.09,,18.2,,7.95,,9.16,16.14,,,7.76,,19.83,,,,,14.76,,,6.11,15.25,12.99,5.5,5.8,10.24,,17.25,17.56,,8.51,,8.49,8.46,17.87,,,8.9,,13.6,9.53,32.08,9.79,13.9,16.23,8.26,10.82,12.93,,13.16,,14.59,,,7.92,9.5,16.45,,,12.57,,,,,,58.66,,,21.76,24.77,12.97,20.0,13.08,33.09,25.65,8.37,10.05,,10.07,,,,8.61,,9.78,6.38,,12.51,,,6.75,,38.83,,7.22,5.93,,6.61,4.0,,6.3,,,4.83,8.36,,4.97,12.82,37.2,,,,7.03,,,,8.57,4.26,13.52,9.86,8.68,,,31.83,,,6.49,,14.91,10.77,,,12.1,15.66,47.32,,9.87,,22.14,,,,3.16,39.68,12.8,,,13.95,15.06,,23.75,9.58,21.81,14.8,,,9.4,6.73,,,,,9.13,15.7,8.51,16.99,27.84,26.7,,,,,,,11.14,,,12.8,,,8.06,,24.41,18.73,,6.57,,,12.8,16.5,39.37,67.5,,28.52,12.25,,,,,18.7,25.5,22.28,,,,12.42,18.77,7.92,6.25,,,,10.3,5.46,11.32,9.43,11.98,,,,22.88,7.01,6.14,,22.08,4.62,,,,,5.17,5.19,3.4,,27.71,8.37,7.05,14.26,,,5.66,,4.35,,,,4.89,11.25,14.43,,,2.8,2.25,,11.05,,,,6.05,,5.8,4.13,,10.78,8.67,7.71,3.51,,10.39,6.62,3.82,,,,6.3,,,10.99,,,,5.36,7.71,5.9,5.57,3.49,,6.23,7.08,13.94,,9.24,10.47,17.86,,5.93,7.92,9.34,8.76,6.26,,6.26,,,5.83,9.5,3.65,2.2,6.85,,,14.97,3.94,6.3,,,10.69,10.16,,16.99,38.87,,,,,,6.65,5.93,,,,9.07,6.89,,,,11.62,8.51,,,,,13.62,,13.06,,,,,8.27,7.88,8.4,,,,18.09,3.41,3.78,22.79,4.0,9.7,15.58,14.25,3.72,,4.27,,6.87,6.27,4.69,5.68,,3.31,16.91,12.16,,8.51,,10.25,11.54,46.01,,5.07,12.93,31.63,8.64,,,8.83,5.07,9.0,,,7.31,,7.43,,7.47,9.36,10.35,5.23,11.94,13.23,11.81,,5.6,6.37,,4.56,,21.01,,3.4,,8.18,5.64,6.81,24.59,4.85,,17.12,4.72,,,6.38,16.03,,12.48,4.21,5.94,,,,,8.92,32.09,,,,5.41,,15.78,6.14,,,,,4.72,4.48,,,4.29,4.81,21.84,6.93,7.3,6.53,,,,,6.16,,14.07,4.63,11.7,,,10.76,,9.09,10.2,3.26,7.49,6.32,,,,,6.63,,7.19,3.18,5.55,5.66,12.32,,,7.73,4.1,,8.96,13.68,,,11.45,,4.7,2.63,,,5.42,6.53,3.15,,9.74,,,,10.27,8.23,25.15,,3.93,4.03,10.7,4.54,10.38,14.29,26.8,4.5,4.92,9.1,,,,,4.38,,11.71,,5.17,28.96,,7.84,,3.42,,15.95,6.0,14.45,17.95,8.82,7.54,8.64,8.17,,,5.21,21.11,,4.25,5.08,,,2.59,,,3.95,4.75,,115.5,6.97,,11.46,,11.61,27.69,3.61,,,8.24,4.91,11.3,3.97,,13.25,9.98,,12.64,,5.34,10.0,,,9.58,7.01,3.8,,7.42,2.78,2.42,,5.88,8.99,9.13,11.09,,1.94,31.43,15.4,11.34,11.71,,3.98,3.75,3.88,6.43,,10.9,6.68,,,24.34,27.09,,,6.3,3.49,2.34,10.16,,19.19,29.3,7.09,,,,,,,6.68,11.64,,11.78,,,,,9.53
2013-10-11,,,,,10.98,,11.12,,,29.68,14.19,17.82,24.61,,13.25,22.9,29.45,17.23,8.23,70.43,,13.75,47.18,,18.76,21.5,10.78,,12.95,,16.32,10.67,18.88,,14.53,,,,25.93,,29.11,51.66,50.53,18.4,17.58,,,61.63,,2.43,,7.44,,4.22,7.34,6.43,,,18.42,,,,,8.4,7.34,6.94,,14.75,18.2,9.02,19.02,,6.03,30.33,27.25,6.77,7.5,,21.07,7.49,23.99,10.0,10.77,14.8,14.03,,,,,10.94,,7.25,6.89,15.44,13.31,,6.82,21.92,12.66,,,13.97,10.14,14.72,17.22,,9.89,15.03,7.87,,5.57,,,5.86,12.38,,10.68,12.82,13.17,7.85,11.99,,22.48,10.92,9.52,,15.63,,13.69,,9.21,11.92,,11.35,13.55,9.26,26.48,18.36,7.18,37.76,8.13,12.2,13.45,12.66,11.16,12.25,24.0,22.64,21.16,14.76,8.77,19.6,11.0,15.66,,14.36,30.74,23.92,19.6,,21.93,,8.76,,10.85,6.84,,12.07,,10.83,33.84,10.5,15.78,11.06,16.57,19.78,13.08,9.53,,,,11.8,20.81,42.33,,,4.97,15.91,33.1,10.3,,,17.15,,,,,,10.82,,,10.27,39.1,10.08,,6.68,9.87,4.39,15.86,,9.78,,41.16,32.75,,11.9,10.1,12.01,7.93,18.27,19.31,23.16,14.35,,6.26,8.53,37.89,19.22,,8.07,25.8,9.71,16.9,,26.05,14.97,22.64,28.45,,6.01,17.53,28.15,,5.76,5.26,3.43,8.3,8.01,17.82,,,10.49,5.59,14.2,8.85,,6.88,5.53,,11.76,13.05,6.58,8.6,12.92,6.28,28.1,,,5.59,5.9,7.35,14.1,10.0,7.75,4.62,,4.39,12.97,,27.15,,7.23,9.61,6.19,,,,,,12.41,9.41,,8.12,,18.18,,8.01,,9.2,17.02,,,7.81,,19.95,,,,,14.7,,,6.12,15.31,13.54,5.56,5.88,10.7,,17.32,17.32,,8.6,,8.48,8.66,17.68,,,9.04,,13.67,9.71,32.25,9.79,14.35,16.9,8.32,10.75,13.09,,13.23,,15.2,,,7.95,9.61,16.14,,,12.58,,,,,,60.71,,,22.17,23.95,13.0,19.8,13.29,33.58,25.76,8.55,10.53,,10.34,,,,8.74,,9.84,,,12.79,,,6.87,,38.19,,7.24,6.0,,7.0,3.93,14.64,6.28,,,4.89,8.42,,5.21,12.82,37.38,,,,7.73,,,,8.58,4.3,13.9,10.0,8.84,,,30.8,,,6.59,,15.55,10.63,,,12.7,15.77,46.3,,9.8,,22.7,,,,3.32,40.75,12.69,,,13.57,15.26,,23.98,9.67,21.38,14.97,,,9.55,6.74,,,,,9.19,15.8,8.59,17.01,28.24,26.38,,,,,,,11.72,,,12.86,,,8.57,,25.1,19.0,14.03,6.62,,,12.38,16.5,39.84,69.83,,28.29,12.46,,,,,18.7,25.71,22.84,,,,12.5,18.94,7.93,6.4,,,14.86,10.91,5.66,11.48,10.1,12.21,,,,23.22,7.28,6.15,,23.61,4.71,,,,,5.45,5.21,3.48,,26.9,8.55,7.51,14.22,,,5.98,,4.38,,,,4.94,11.41,14.41,,,2.8,2.28,,11.37,,,,6.18,,6.21,4.17,,10.8,8.94,8.06,3.6,,10.62,6.86,3.9,,,,6.38,,,12.09,,,,5.49,7.82,6.16,5.55,3.52,,6.14,7.12,14.16,,9.16,11.52,18.96,,6.0,7.77,9.13,9.11,6.4,,6.3,,,5.92,9.62,3.73,2.21,6.9,,,14.97,4.0,6.38,,,10.86,10.28,,17.62,39.84,,,,,,6.76,5.9,,,,9.18,6.96,,,,11.7,8.68,,,,,14.98,,13.43,,,,,8.33,7.91,8.71,,,,18.12,3.4,3.88,22.8,4.01,9.65,14.98,14.39,3.76,,4.31,,7.01,6.29,4.95,5.71,,3.37,17.76,12.29,,9.0,,10.58,12.07,45.08,,5.17,14.22,32.43,9.22,,,8.99,5.17,9.9,,,7.41,,7.48,,7.86,9.28,11.22,5.45,11.78,13.2,12.32,,5.81,6.3,,4.61,,20.93,,3.44,,8.22,5.73,7.11,25.4,5.11,,17.45,4.78,,,6.44,17.63,,12.83,4.23,5.74,,,,,8.87,33.09,,,,5.45,,16.38,6.22,,,,,4.73,4.57,,,4.32,4.86,21.99,7.04,7.42,6.7,,,,,6.24,,14.13,4.9,11.68,,,11.24,,9.25,10.69,3.42,7.56,6.38,,,,,6.71,,7.34,3.2,5.51,5.7,12.45,,,7.81,4.11,,9.11,13.58,,,11.56,,4.85,2.64,,,5.28,7.18,3.19,,9.73,,,,10.4,8.27,25.0,,3.88,4.03,10.73,4.69,10.4,14.49,26.42,4.5,4.97,9.08,,26.74,,,4.58,,11.8,,5.32,29.34,,7.93,,3.45,,15.75,6.01,14.15,18.31,8.98,7.57,8.76,8.51,,,5.3,21.81,,4.25,5.2,,,2.72,,,4.0,4.79,,115.1,7.04,,11.53,,11.42,27.83,3.62,,,8.41,5.15,11.49,4.0,,12.9,10.38,,12.75,,5.37,10.09,,,9.76,7.0,3.8,,7.42,2.84,2.44,,5.98,8.85,9.43,11.0,,1.96,32.12,15.73,11.44,11.83,,3.99,3.77,3.85,6.44,,10.93,6.87,,,24.15,27.08,,,6.27,3.51,2.33,10.14,,19.84,28.42,7.2,,,,,,,6.95,11.63,,11.86,,,,,9.65
2013-10-14,,,,,11.3,,11.01,,,31.3,14.69,17.53,26.7,,13.98,23.3,28.46,,8.3,71.33,,15.13,48.56,,18.42,20.92,10.63,78.0,13.22,,17.05,10.67,19.8,,14.79,,,,26.27,,31.07,54.01,50.2,18.78,18.25,,,64.39,,2.45,,7.46,,4.3,7.32,6.38,,,18.37,,,,,8.44,7.37,7.01,,14.8,18.65,9.18,19.56,,6.03,30.33,29.0,7.03,7.89,,21.39,7.57,24.56,9.7,10.71,14.66,14.03,,,,,12.01,,7.46,6.91,15.41,13.55,,6.79,23.3,12.81,,,13.98,10.16,14.78,17.12,,9.91,15.37,7.96,,5.56,,,5.89,12.52,,10.84,14.1,13.5,8.07,12.17,,24.72,10.95,9.38,,15.61,,13.45,,9.21,13.11,,11.37,13.64,9.58,26.56,19.4,7.31,37.0,8.23,12.2,13.22,12.92,11.42,13.0,24.44,22.57,20.78,15.05,8.64,19.71,10.91,16.07,,14.95,31.27,24.79,19.31,,22.19,,8.79,,10.72,7.06,,12.17,,11.48,33.74,10.91,16.32,12.17,16.22,19.6,13.17,10.12,,,,11.93,22.89,41.97,,,4.99,15.91,33.75,10.4,,,17.75,,,,,,11.3,,42.57,10.5,41.0,10.0,,6.73,10.24,4.35,16.08,,9.86,,40.5,33.85,,12.49,11.11,12.6,7.94,18.43,19.6,23.24,14.71,,6.36,8.79,37.48,21.14,,8.46,27.95,10.01,17.31,,26.72,14.2,23.07,28.74,,5.97,17.59,29.4,,5.79,5.39,3.52,8.31,7.96,18.14,,,10.73,5.69,14.13,8.86,,7.04,5.51,,12.23,13.5,6.63,8.8,13.32,6.36,29.7,,,5.6,5.91,7.35,14.24,10.01,7.58,5.08,,4.43,12.26,,27.27,,7.4,9.8,5.97,,,,,,13.65,9.37,,8.2,,18.08,,8.16,,9.33,18.23,,7.11,7.7,,20.54,,,,,15.1,,,6.38,15.67,13.53,5.61,5.94,10.73,,17.45,17.46,,8.74,,8.56,8.64,18.85,,,9.2,,13.84,9.4,33.54,10.08,14.33,16.6,8.25,10.91,13.26,,13.57,,15.5,,,7.9,9.62,16.28,,,12.82,,,,,,58.8,,,22.91,23.9,12.99,20.33,13.55,35.11,28.34,8.75,11.15,,10.32,,,,8.74,,10.03,,,12.9,,,7.24,,37.6,,7.33,6.23,,7.02,3.83,14.87,6.29,,,4.89,8.77,,5.16,12.82,36.58,,,,8.25,,,,8.58,4.32,13.86,10.46,9.04,,,31.69,,,6.63,,15.81,10.75,,,12.56,,45.5,,9.84,,22.68,,,,3.31,40.96,12.74,,,13.62,15.24,,24.31,9.75,22.03,15.23,,,9.65,6.76,,,,,9.36,16.14,8.68,17.17,28.0,27.22,,,,,,,12.1,,,13.19,,,8.48,,25.21,18.35,14.0,6.66,,,12.06,17.07,37.96,69.29,,27.61,12.55,,,,,18.53,24.73,22.73,,,,12.52,19.52,7.67,6.19,,,13.39,10.81,5.79,12.29,10.41,12.06,,,,22.82,7.28,6.27,,25.16,4.61,,,,,5.66,5.26,3.49,,27.08,8.54,7.52,15.64,,,5.96,,4.4,,,,4.94,11.71,14.2,,,2.78,2.3,,11.76,,,,6.21,,6.36,4.59,,11.19,8.8,8.42,3.64,,11.68,6.82,4.18,,,,6.38,,,12.94,,,,5.46,8.02,6.25,5.67,3.47,,6.31,7.36,14.28,,9.07,12.02,19.36,,6.15,8.17,9.14,9.35,6.19,,6.34,,,5.93,9.74,3.72,2.24,6.91,,,15.09,4.02,6.37,,,11.02,10.39,,17.47,42.12,,,,,,6.9,5.87,,,,9.08,7.12,,,,11.28,8.86,,,,,16.48,,13.6,,,,,8.37,7.82,9.2,,,,17.83,3.57,3.9,24.44,3.97,9.84,15.12,14.27,3.7,,4.33,,7.02,6.16,4.91,5.63,,3.38,18.36,12.16,,8.91,,11.11,12.39,46.09,,5.07,13.72,33.13,10.0,,,9.11,5.55,9.91,,,7.41,,7.64,,8.19,9.54,11.09,5.38,12.53,13.19,12.77,,5.73,6.18,,4.64,,21.27,,3.48,,8.24,5.72,7.23,27.02,5.11,,18.32,4.81,,,6.59,17.96,,13.51,4.32,5.84,,,,,8.98,33.51,,,,5.46,,16.44,6.11,,,,,4.65,4.61,,,4.4,4.84,21.92,7.07,7.67,6.86,,,,,6.26,,14.15,4.84,11.51,,,11.21,8.4,9.25,10.65,3.54,7.41,6.44,,,,,6.75,,7.4,3.22,5.32,5.72,12.69,,,8.45,4.08,,9.12,13.81,,,11.92,,4.93,2.66,,,5.13,7.28,3.23,,9.97,,,,10.52,8.36,24.17,,3.82,3.98,10.55,4.6,10.38,14.21,26.39,4.44,4.9,9.48,,,,,4.57,,12.03,,5.71,29.31,,7.94,,3.56,,15.24,6.03,14.29,18.45,8.83,7.4,8.86,8.41,,,5.3,23.99,,4.6,5.24,,,2.79,,,4.09,4.83,,113.5,6.95,,11.4,,11.2,29.2,3.59,,,8.38,5.09,11.28,,,14.19,10.4,,12.39,,5.66,10.2,,,9.72,7.44,3.76,,7.48,2.98,2.41,,6.05,9.29,9.73,12.1,,1.95,33.23,15.58,11.22,11.68,,4.01,3.8,3.93,6.42,,10.87,6.92,,,23.84,27.9,,,6.2,3.47,2.32,10.15,,19.51,28.87,7.37,,,,,,,6.92,11.27,,11.69,,,,,9.92
2013-10-15,,,,,10.9,,10.95,,,30.76,14.85,16.93,28.45,,13.56,23.92,28.45,,8.25,66.79,,,46.19,,18.58,20.22,10.77,75.34,12.81,,16.26,10.63,19.7,,13.38,,,,24.76,,30.57,52.5,48.56,18.52,19.06,,,63.83,,2.43,3.32,7.33,,4.26,7.2,6.36,,,17.86,,,,,8.39,7.3,6.93,,15.28,19.43,9.11,20.54,,6.1,30.6,28.34,7.01,7.8,,23.17,7.53,24.5,9.62,11.05,14.98,14.11,,,,,11.64,,7.3,6.8,15.21,13.83,,6.8,23.35,12.57,16.96,,14.51,9.92,14.56,17.03,,9.92,16.51,8.06,,5.7,,,5.87,12.16,,10.69,15.51,13.8,8.12,12.02,,25.33,10.58,9.19,,15.33,,13.2,,9.16,13.7,,11.18,13.45,,26.39,19.58,7.17,37.46,8.22,12.03,13.31,12.82,11.22,12.75,24.25,22.35,21.15,14.7,8.67,20.5,10.84,15.89,,14.89,31.18,25.01,19.0,,21.68,,8.6,,10.79,7.06,,12.07,,11.21,35.42,10.24,16.11,12.68,16.8,19.27,13.27,9.91,,,,12.47,25.18,42.53,,,4.88,14.32,34.69,10.23,,,16.4,,,,,,11.26,,44.2,10.07,39.78,10.18,,6.49,9.93,4.44,15.5,,9.51,,38.91,33.68,,12.2,10.62,12.2,7.97,17.28,18.47,23.05,14.51,,6.02,8.72,37.0,20.2,,8.5,28.39,9.76,17.35,,26.13,13.71,23.45,27.69,,5.86,17.2,29.71,,5.77,5.41,3.5,8.33,7.95,18.12,,,10.6,5.62,14.11,8.7,,6.91,5.46,,12.36,13.2,6.64,8.77,14.65,6.43,28.3,,,5.63,5.74,7.14,14.01,10.09,7.62,4.92,,4.46,11.7,,26.0,,7.35,10.07,5.87,,,,,,15.02,9.33,,8.54,,19.2,,7.87,,9.37,19.82,,7.5,8.26,,21.16,,,,,14.95,,,6.5,16.05,13.74,5.65,6.24,10.58,14.2,17.77,16.89,,8.74,,8.24,8.49,18.91,,,9.03,,14.12,8.86,33.39,10.0,14.66,16.91,8.15,10.66,13.23,,13.99,,15.29,,,8.3,9.48,15.86,,,12.73,,,,,,59.22,,,22.25,23.15,12.94,20.69,13.82,33.18,28.42,8.69,11.1,,10.66,,,,8.47,,9.98,,,12.58,,,7.38,,37.39,,7.27,6.22,,6.85,3.89,14.36,6.69,,,4.88,8.71,,5.21,12.8,36.79,,,,8.59,,,,8.57,4.28,13.94,10.91,8.82,,,29.99,,,6.62,,15.54,10.44,,,12.65,,46.6,,9.7,,22.82,,,,3.28,40.65,12.75,,,12.93,15.2,,24.86,9.75,21.25,15.03,,8.65,9.54,6.68,,,12.07,,9.23,16.15,8.39,17.88,30.8,27.03,,,,,,,12.15,,,12.8,,,8.56,,24.03,18.6,13.78,6.63,,,12.2,17.12,37.31,71.73,,26.26,12.48,,,,,18.62,24.13,21.77,,,,12.81,19.1,7.78,6.16,,,13.57,10.92,5.99,,10.34,12.04,,,,21.87,7.29,6.13,,,4.67,3.56,,,,5.65,5.25,3.58,,26.43,8.8,7.56,15.39,,,5.87,,4.4,,,,4.94,11.59,14.3,,,2.76,2.29,,12.07,,,,6.14,,6.35,4.58,,10.87,8.66,7.89,3.63,,12.41,6.89,4.1,,,,6.27,,,12.45,,,,5.18,8.04,6.36,5.61,3.47,,6.63,8.1,14.37,,8.75,13.22,19.37,,6.31,8.18,9.5,9.14,6.05,,6.47,,,6.09,9.97,3.73,2.22,6.94,,,14.94,3.98,6.46,,,10.96,10.09,,17.2,39.69,,,,,,6.7,5.78,,,,9.13,6.97,,7.94,,11.28,8.82,,,,,18.13,,13.7,,,,,8.27,8.56,10.06,,,,17.74,3.75,3.9,24.78,4.06,10.11,14.55,14.49,3.8,,4.28,,6.95,6.16,4.93,5.62,,3.37,18.18,12.3,,9.47,,11.25,12.79,46.66,,5.38,13.87,32.9,9.81,,,8.94,5.41,9.93,,,7.54,,7.63,,8.05,9.41,10.9,5.21,12.54,13.37,12.62,,6.3,6.8,,4.75,,20.84,,3.46,,8.39,5.76,7.15,26.65,5.07,,18.16,4.78,,,6.62,18.24,,13.51,4.34,5.66,,,,,9.18,36.82,,,,5.52,,16.73,5.99,,,,,5.12,4.56,,,4.34,4.79,21.48,6.98,7.63,6.91,,,,,6.28,,13.84,4.78,11.13,,,11.28,8.48,9.57,10.5,3.5,7.44,6.42,,,,,6.83,,7.41,3.22,5.39,5.51,12.62,,,8.14,4.13,,9.25,14.84,,,11.62,,4.87,2.62,,,5.04,7.41,3.2,,10.97,,,,10.48,8.37,24.23,,3.96,3.96,10.67,4.66,10.57,14.5,26.3,4.45,5.09,9.7,,25.4,,,4.44,,11.88,,5.84,28.5,,8.16,,3.54,,15.47,6.28,14.09,17.97,8.74,7.28,8.68,8.28,,,5.31,23.8,,4.53,5.76,,,2.72,,,4.04,4.92,,113.6,7.23,,11.57,,11.59,28.85,3.56,,,8.3,5.17,12.24,4.2,,13.8,10.01,,12.89,,5.61,10.44,,,9.92,7.4,3.76,,7.59,2.88,2.44,,5.97,8.95,9.56,12.22,,1.93,32.9,15.9,11.05,11.45,,4.06,3.85,4.08,6.75,,10.89,6.93,,,21.54,28.06,,,6.33,3.46,2.3,9.9,,17.58,27.3,7.29,,,,,,,7.03,11.21,,11.74,,,,,10.06
2013-10-16,,,,,10.43,,10.81,,,28.34,14.6,15.94,27.96,,13.35,23.05,27.72,,7.9,63.8,,,42.02,,17.1,19.0,9.93,67.83,12.16,,15.09,10.1,19.0,,13.0,,39.8,,24.23,,31.84,47.46,47.08,,18.03,,,70.2,,2.39,3.25,7.13,,4.15,7.0,6.03,,,17.36,,,,,7.99,7.18,6.63,,14.84,19.35,8.79,19.7,,6.01,32.88,26.5,7.1,8.17,,21.85,7.51,24.13,8.75,10.24,14.52,13.68,,,,,11.12,,7.04,6.6,14.79,13.1,,6.63,25.69,13.27,15.3,,14.65,10.07,13.88,16.35,,9.6,16.37,8.05,,5.48,,,6.26,11.67,,10.48,17.06,13.49,7.85,11.68,,25.77,9.6,8.94,,15.65,,12.35,,8.9,13.4,,10.46,12.95,,25.37,18.89,7.1,36.0,8.0,11.64,13.34,12.46,11.43,12.29,24.4,21.77,,15.72,8.34,19.9,11.08,15.68,,14.32,30.02,24.82,18.5,,20.4,,8.3,,10.17,6.84,,11.92,,10.82,31.88,9.76,15.59,12.27,16.32,18.67,11.94,9.42,,,,11.4,26.1,38.28,,,4.66,14.15,31.22,9.88,,,15.33,,,,,,10.64,,43.8,9.6,38.46,9.82,,6.22,9.37,4.34,14.7,,9.21,,35.41,32.5,,11.72,9.9,11.9,7.57,16.37,17.3,22.34,13.72,,5.83,8.45,34.75,19.28,,8.66,28.03,9.35,17.41,,24.95,13.78,22.67,25.77,,5.7,16.49,28.9,,5.67,5.27,3.4,8.32,7.76,16.92,,,10.31,5.43,13.45,8.2,,6.67,5.74,,11.97,12.37,6.49,8.6,15.83,6.24,25.47,,,5.45,5.55,6.91,14.33,11.1,7.3,4.7,,4.31,11.12,,26.55,,6.85,10.15,5.9,,,,,,16.52,9.09,,8.19,,19.63,,8.66,,9.29,19.33,,7.15,8.26,,20.15,,,,,13.46,,,6.37,15.64,13.6,5.44,5.91,10.22,13.42,17.2,17.22,,8.56,,7.88,8.22,18.35,,,8.84,,13.6,8.58,32.0,9.7,14.77,16.7,7.9,10.13,13.53,,13.7,,14.49,,,,9.23,15.98,,,11.99,,,,,,57.6,25.04,,21.28,22.3,11.88,19.14,13.4,32.36,27.18,8.4,10.54,,11.73,,,,8.24,,9.67,,,12.12,,,7.26,,38.28,,7.13,6.03,,6.49,3.8,13.56,,,,4.9,8.25,7.85,5.13,12.52,35.47,,,,8.09,,,,8.09,4.16,13.47,10.81,8.63,,,26.99,,,6.38,,14.76,9.95,,,12.77,,43.29,,9.14,,22.82,,,,3.41,38.9,12.58,,13.15,12.85,14.9,,24.7,9.46,20.23,14.35,,9.52,9.27,6.51,,,12.13,,8.95,15.82,8.12,17.0,31.42,26.41,,,,,,,11.66,,16.75,12.35,,,8.52,,22.02,17.48,13.19,6.45,,,11.58,18.83,41.04,70.0,,23.8,12.14,,,,,18.2,22.67,20.38,,,,12.3,18.49,,5.9,,,12.83,10.38,5.39,,9.51,11.63,,,,20.81,7.26,5.97,,,4.47,3.46,,,,5.49,5.08,3.5,,23.8,9.3,7.32,14.75,,,5.71,,4.26,,,,4.71,11.59,15.12,,,2.71,2.26,,11.86,,,,6.03,,5.96,4.5,,11.34,8.02,7.67,3.5,,12.4,6.67,3.96,,,,6.09,,,11.84,,,,4.95,7.77,6.2,5.37,3.36,,6.6,8.91,14.41,,8.39,12.97,18.8,,6.1,7.96,10.45,8.75,5.99,,6.3,,,6.28,9.75,3.56,2.16,6.73,,,14.95,3.88,6.29,,,10.5,9.63,,16.54,38.49,,,,,,6.9,5.54,,,,8.9,6.61,,7.9,,10.94,8.74,,,,,19.94,,13.36,,,,,7.69,8.26,9.25,,,,17.19,3.75,3.87,24.73,3.95,9.89,14.05,14.08,3.65,,4.32,,6.91,5.95,4.67,5.59,,3.23,17.71,11.9,,8.94,,11.5,12.31,42.03,,4.95,12.49,32.54,9.35,,,8.55,5.46,9.52,,,7.29,,7.69,,7.48,8.79,10.57,5.13,12.2,13.24,12.12,,5.68,6.37,,4.56,,20.14,,3.34,,8.06,5.61,6.91,26.36,4.93,,17.28,4.56,,,6.6,17.8,,13.56,4.46,5.23,,,,,8.86,35.41,,,,5.28,,16.26,5.81,,,,,5.23,4.4,,,4.2,4.66,21.26,6.69,7.63,6.74,,,,,6.13,13.08,13.32,4.65,10.71,,,11.08,7.98,9.45,10.21,3.61,7.19,6.17,,,,,6.61,,7.19,3.11,5.38,5.35,12.31,,,7.68,3.99,,9.0,14.19,,,10.92,,5.01,2.54,,,4.7,6.89,3.15,,11.26,,,,10.18,8.22,23.49,,3.77,3.86,10.41,4.5,10.56,13.39,26.0,4.3,4.97,9.43,,24.48,,,4.18,,11.03,,5.7,26.65,,7.75,,3.39,,14.71,5.97,14.2,17.64,8.22,7.32,8.35,8.09,,,5.14,24.71,,4.46,6.34,,,2.72,,,3.94,4.72,,115.68,7.04,,10.7,,11.56,27.48,3.46,,,8.05,4.91,11.6,4.08,,12.78,10.08,,12.91,,5.34,10.11,,,9.96,7.32,3.59,,7.38,2.8,2.36,,5.79,8.2,9.21,11.04,,1.9,32.8,15.11,10.63,11.08,,4.06,3.73,4.05,6.47,,10.53,6.78,,,21.68,27.03,,,6.1,3.44,2.31,9.6,,17.14,25.2,7.14,,,,,,,7.12,10.77,,11.23,,,,,9.66
2013-10-17,,,,,10.39,,10.82,,14.97,28.24,16.06,17.53,27.39,,14.23,22.23,28.88,,7.9,63.09,,,42.57,,16.92,18.69,9.98,69.31,12.19,,15.2,10.13,19.06,,12.89,,39.09,,24.73,,32.85,47.5,47.36,,17.54,,,74.0,,2.4,3.3,7.12,,4.2,7.25,6.04,,,17.5,,,,,8.12,7.17,6.65,,14.7,20.59,8.71,19.38,,5.99,33.12,26.55,6.98,8.08,,20.75,7.63,23.94,8.46,10.0,14.9,13.73,,,,,11.24,,7.09,6.62,14.78,13.07,,6.77,28.26,13.09,15.4,,14.48,9.99,13.67,17.03,,10.01,16.3,7.78,,5.54,,,5.94,11.6,,10.5,18.77,13.44,8.12,11.58,,26.64,9.74,8.72,,15.39,,12.5,,8.92,13.75,,10.88,13.08,,25.49,19.07,7.26,35.65,8.07,11.76,13.95,12.97,11.17,12.5,25.22,22.13,,17.29,8.35,19.65,11.72,15.96,9.41,14.85,29.6,24.8,19.0,,20.47,,8.38,,10.15,6.88,,12.54,,11.0,29.31,9.8,16.3,12.3,16.4,18.2,11.46,9.34,,,,11.16,28.71,34.47,,,4.65,14.02,29.35,9.95,,,15.4,,,,,,10.66,,43.02,9.67,38.62,9.68,,6.33,9.34,4.61,14.91,,9.22,,33.6,33.3,,12.25,9.72,12.39,7.58,17.56,16.77,21.9,13.83,,5.94,8.41,34.0,18.47,,9.14,28.55,9.46,18.68,,26.18,14.08,22.74,24.65,,5.73,16.4,30.1,,5.78,5.27,3.39,8.34,7.75,16.51,,,10.36,5.96,13.44,8.25,,6.69,5.79,,11.83,11.82,6.6,8.49,15.23,6.37,25.8,,,5.52,5.59,6.94,14.45,10.6,7.12,4.76,,4.34,10.99,,28.79,,7.01,9.99,5.74,,,,,,14.87,9.2,,8.25,,19.13,,8.36,,10.1,19.2,,7.12,7.83,,19.7,,,,,13.73,,,6.44,15.69,13.31,5.47,5.85,10.06,13.6,17.44,17.17,,8.89,,8.67,8.44,18.04,,,8.95,,14.26,8.5,33.95,9.71,14.4,16.3,7.95,10.14,13.15,,14.3,,14.7,,,7.97,9.23,15.73,,,11.99,,,,,,57.6,27.54,,21.24,22.33,12.1,18.86,13.79,32.18,26.8,8.42,10.31,,11.73,,,,8.21,,10.1,,,11.97,,,7.2,,38.59,,7.13,6.09,,6.58,3.73,13.62,,,,4.86,8.08,8.18,5.32,12.08,35.93,,,,8.02,,,,8.09,4.2,13.95,11.11,8.69,,,24.78,,,6.45,,14.46,10.33,,,12.65,,43.28,,9.19,,22.99,,17.93,,3.37,38.48,12.79,,13.12,12.42,14.78,,24.69,9.54,19.77,14.34,,10.47,9.3,6.57,,,,,9.07,15.65,8.27,16.6,32.31,26.95,,,,,,,11.31,,17.26,12.14,,,8.86,,21.45,17.62,13.01,6.58,,,11.56,19.55,39.63,69.22,,23.65,12.16,,,,,17.34,21.87,19.87,,,,12.44,18.09,7.99,5.97,,,13.33,10.26,5.33,11.06,9.54,11.63,,,,20.98,6.87,5.79,,,4.66,3.48,,,,5.83,5.08,3.46,,22.92,9.09,7.42,14.49,,,5.66,,4.24,,,,4.71,11.75,14.43,25.69,,2.71,2.26,,12.71,,,,6.04,,5.83,4.41,,11.61,7.7,7.63,3.52,,12.12,6.72,4.0,,,,5.95,,,11.93,,,,5.03,8.05,6.2,5.32,3.34,,6.55,8.97,14.38,,8.19,12.19,18.68,,6.17,8.13,10.23,8.69,6.09,,6.3,,,6.01,9.54,3.57,2.21,6.8,,,15.65,3.92,6.28,,,10.55,9.71,,16.59,36.42,,,,,,6.97,5.64,,,,8.91,6.81,,8.69,,10.94,8.7,,,,,21.93,,13.47,,,,,8.46,8.63,9.03,,,,17.04,3.94,3.96,24.45,3.89,9.79,13.98,14.2,3.61,,4.32,,6.9,6.0,4.65,5.52,,3.28,18.44,11.69,,8.86,,11.28,12.45,41.13,,4.81,11.73,33.43,9.46,,2.81,8.67,5.49,9.3,,,7.33,,7.89,,7.44,8.8,10.61,5.15,11.98,13.09,12.16,,5.53,6.32,,4.54,,19.24,,3.32,,8.17,5.61,6.8,25.68,4.97,,17.5,4.57,,,6.76,17.97,,14.35,4.39,5.1,,,,,9.04,35.99,,,,5.31,,16.06,5.87,,,,,5.06,4.48,,,4.47,4.61,20.95,6.77,7.48,6.61,,,,,6.14,13.14,13.41,4.54,10.71,,,11.21,7.81,,10.23,3.62,7.13,6.29,,,,,6.64,,7.43,3.11,5.32,5.48,12.46,,,7.89,3.96,,9.16,13.92,,,12.01,,4.96,2.61,,2.01,4.76,7.16,3.15,,11.0,,,,10.11,8.16,23.07,,3.73,3.9,10.13,4.48,11.09,12.98,26.0,4.33,4.96,9.45,,23.26,,,4.18,,10.82,,5.75,26.45,,7.79,,3.43,,14.8,5.9,13.86,18.15,7.96,7.17,8.37,8.14,,,5.11,24.72,5.93,4.46,6.21,,,2.8,,,4.01,4.74,,114.3,6.98,,10.71,,11.91,27.37,3.45,,,8.13,5.12,11.75,4.17,,12.54,9.75,,12.96,,5.45,10.08,,,10.06,7.53,3.58,,7.29,2.81,2.38,,5.79,,9.17,12.14,,1.91,31.86,15.31,11.27,10.82,,4.02,3.71,4.18,6.36,,10.64,6.75,,,21.29,26.95,,,6.01,3.43,2.3,9.8,,17.28,24.62,7.3,,,,,,,7.03,11.31,,11.25,,,,,9.78
2013-10-18,,,,,10.4,,11.1,,14.93,28.57,17.67,16.59,27.3,,13.86,22.34,29.35,,7.89,65.15,,,42.45,,17.39,19.01,9.55,72.85,12.3,,15.65,10.46,19.6,,13.21,,38.4,,24.94,,32.3,48.66,47.2,,17.26,,,73.55,,2.39,3.3,7.2,,4.16,7.12,5.96,,,17.84,,,,,8.09,7.22,6.68,,15.22,20.43,9.28,19.67,,5.98,34.25,28.23,6.98,7.94,,20.52,7.68,24.0,8.54,10.08,15.36,13.8,,,,10.32,11.32,,7.38,6.65,14.23,13.08,10.9,7.07,31.09,12.74,15.55,,14.8,10.01,13.8,16.5,,10.49,16.42,7.7,,5.48,,,5.89,11.68,,10.61,20.65,13.0,8.15,11.69,,26.09,9.75,8.95,,15.56,,12.52,,9.04,13.47,,10.71,13.98,,25.62,19.78,7.23,33.95,8.09,11.8,13.27,13.1,11.16,12.71,25.38,21.96,,16.35,8.34,20.24,11.52,16.87,9.44,15.27,29.95,24.76,18.95,,20.92,,8.41,,10.21,6.94,,12.32,,11.92,29.1,10.53,15.94,12.59,17.2,19.69,11.92,9.51,13.78,,,11.65,29.17,34.59,,,4.67,13.96,29.7,9.98,,,15.92,,,,,,10.6,,47.32,9.74,37.99,9.76,,6.26,9.53,4.56,14.99,,9.22,,33.81,31.96,,12.08,9.85,12.24,7.65,16.73,17.28,22.36,14.06,,5.8,8.4,34.0,18.4,10.05,8.9,27.9,9.39,19.09,,25.92,13.66,22.74,25.18,,5.91,17.35,31.56,,5.82,5.26,3.49,8.05,7.77,16.72,,,10.38,5.76,13.63,8.3,,6.71,6.14,,11.98,12.63,6.93,8.5,14.58,6.4,25.7,,,5.51,5.41,6.72,14.18,10.75,7.22,4.75,,4.33,11.0,,28.17,,7.13,10.2,5.82,,,,,,14.79,9.25,,8.14,,19.44,,8.03,,9.67,18.88,,7.12,7.75,,19.81,,,,,14.16,,,6.34,15.73,13.57,5.46,5.82,10.27,14.31,17.94,16.68,,8.8,,8.8,8.37,17.38,,,9.18,,13.9,8.56,35.37,9.69,14.53,16.44,8.0,10.19,13.14,,14.66,,14.81,,,7.9,9.26,15.18,,,12.04,,,,,,58.3,30.29,,21.55,22.4,12.35,20.22,14.37,33.29,27.1,8.45,10.58,,11.55,5.09,,,8.4,,9.98,,,12.13,,,7.23,,38.01,,7.15,6.26,,6.67,3.66,13.89,,,,4.85,8.15,8.03,5.85,12.25,36.95,,,,7.78,,,,8.09,4.21,14.14,11.5,8.65,,26.58,25.22,,,6.51,,14.47,10.14,,,12.99,,46.66,,9.26,,22.55,,18.95,,3.31,38.5,12.74,,13.1,12.65,14.8,,24.51,9.87,20.25,14.51,,11.06,9.34,6.61,,,,,9.31,16.12,8.46,16.79,31.07,27.7,,,,,,,11.51,,17.29,12.23,,,8.87,,22.06,16.78,13.25,6.76,,,11.61,20.9,38.85,69.63,,24.47,12.34,,10.36,,,17.59,22.35,20.66,,,,12.19,19.56,7.78,6.0,,,12.16,10.2,5.35,11.2,9.26,11.85,,,,21.34,6.74,5.79,,,4.65,3.52,,,,5.72,5.07,3.45,,23.68,9.14,7.52,14.88,,,5.63,,4.15,,,,4.73,12.1,14.79,25.96,,2.69,2.26,,12.53,,,,6.03,,5.91,4.55,,11.46,7.88,7.52,3.54,,12.19,6.56,3.97,,,,6.18,,,11.72,,,,4.93,7.87,6.19,5.4,3.36,,6.59,8.42,14.14,,8.3,12.29,19.01,,6.3,8.0,11.25,8.63,6.09,,6.31,,,6.1,9.56,3.61,2.21,7.0,,,14.96,3.9,6.29,,,10.59,9.89,,16.37,36.93,,,,,,7.67,5.64,,,,8.84,7.23,,8.37,,10.79,8.68,,,,,24.12,,13.62,,,,,8.26,8.38,9.17,,,,17.02,4.1,4.0,24.36,3.89,9.78,14.4,13.84,3.6,,4.28,,6.79,6.03,4.74,5.62,,3.27,19.36,11.83,,8.71,,11.28,12.12,41.46,,4.76,11.83,33.35,9.19,,2.61,8.89,5.32,9.37,,,7.35,,7.95,,7.41,8.91,10.94,5.16,12.49,13.13,12.38,,5.52,6.3,,4.55,,19.27,,3.34,,8.09,5.63,6.82,25.85,4.94,,17.9,4.59,,,6.78,17.7,,14.89,4.35,5.11,,,,,9.23,35.35,,,,5.29,,16.14,6.07,,7.09,,,5.57,4.45,,,4.4,4.68,21.09,6.91,7.58,6.62,,,,,6.2,13.15,13.56,4.64,10.52,,,11.19,7.84,,9.99,3.59,7.16,6.24,8.79,,,,6.77,12.34,7.3,3.1,5.47,5.43,12.45,,,7.7,3.97,,9.17,14.14,,,11.9,,4.89,2.57,,2.01,4.77,7.25,3.16,,11.0,,,,10.1,8.11,23.24,,3.77,3.89,10.45,4.47,11.03,12.78,25.98,4.34,5.0,9.77,,22.99,,,4.24,,11.05,,5.68,26.9,,7.85,,3.44,,14.79,5.91,13.8,18.46,8.07,7.11,8.52,8.22,,,5.11,24.9,6.21,4.49,6.32,,,2.77,,,4.02,4.73,,113.47,6.98,,10.96,,11.67,28.1,3.5,,,8.34,5.04,11.63,4.22,,12.7,9.8,,13.45,,5.45,10.01,,,9.88,7.68,3.56,,7.76,2.82,2.36,,5.82,,9.2,11.52,,1.91,31.66,15.09,11.32,11.19,,4.05,3.75,4.33,6.51,,10.45,6.7,,,21.83,27.0,18.15,,6.09,3.44,2.29,9.78,,17.09,25.36,,,,,,,,6.97,11.43,,11.23,,,,,10.37
2013-10-21,,,,,10.77,,11.29,,15.7,29.58,19.03,17.37,27.76,,14.73,22.97,29.6,,8.07,64.82,,,43.63,,18.29,19.26,9.97,73.6,12.87,,15.99,10.73,20.7,,13.75,,39.08,,25.38,,34.8,49.38,48.96,,18.33,,,73.51,,2.42,3.31,7.18,,4.23,7.17,6.1,,,18.3,,,,,8.26,7.38,6.82,,15.38,21.2,9.59,20.27,,6.04,35.88,29.7,7.08,8.29,,21.6,7.74,24.25,8.75,10.25,15.1,14.0,,,,11.35,11.75,,7.58,6.83,14.72,13.1,11.04,7.45,34.2,13.41,16.24,,15.42,10.18,13.93,17.25,,10.63,17.03,7.29,,5.56,,,6.02,11.94,,10.93,22.72,13.93,8.55,11.92,,27.63,9.96,9.31,,15.99,,12.78,,9.2,13.74,,10.84,13.89,,26.59,21.28,7.77,35.08,8.65,12.15,13.49,13.31,11.45,13.12,25.11,23.48,,17.99,8.48,21.25,11.63,17.49,9.74,16.23,30.68,25.91,19.24,,22.39,,8.61,,10.45,7.05,,12.8,,12.3,29.74,11.47,16.8,12.98,17.97,20.95,12.16,9.95,15.16,,,12.13,32.09,35.24,,,4.82,13.85,30.08,10.24,,,16.3,,,,,,10.85,,51.3,10.17,40.0,9.99,,6.4,10.05,4.61,15.38,,9.64,,34.39,32.2,,12.8,10.12,13.46,7.88,16.89,17.84,23.68,14.53,,6.14,8.77,35.6,19.34,10.26,9.02,30.0,9.64,21.0,,28.51,14.74,23.19,26.03,,5.94,19.09,32.34,,5.89,5.55,3.51,8.07,7.79,17.03,,,10.61,5.78,13.89,8.49,,6.89,6.29,,11.99,13.71,7.28,8.67,14.84,6.42,25.89,,,5.6,5.51,6.85,14.35,10.9,7.35,4.82,,4.39,11.53,,29.08,,7.26,10.77,5.9,,,,,,15.38,9.39,,8.47,,19.8,,8.21,,9.65,19.02,,7.3,8.16,,20.4,,,,,14.25,,,6.36,16.09,13.55,5.48,5.92,10.71,14.54,18.38,16.89,,9.04,,8.83,8.6,19.12,,,9.15,,13.71,8.72,37.14,9.81,15.04,17.28,8.12,10.49,13.23,,13.85,,15.45,,7.85,8.13,9.49,15.5,,,12.52,,,,,,61.0,33.32,,22.2,23.1,13.59,20.7,,34.7,27.18,8.58,10.78,,11.93,5.12,,,8.63,,10.35,,,12.38,,,7.54,,41.81,,7.25,6.35,,6.78,3.73,14.13,,,,4.91,8.3,8.16,6.44,12.33,36.98,,,,8.0,,,,8.23,4.27,14.19,,8.82,,27.03,25.94,,,6.71,9.07,15.2,10.4,,,13.09,,47.78,,9.38,,23.6,,19.8,,3.34,40.77,12.78,,13.47,13.36,15.14,,24.73,10.28,20.6,14.73,,11.86,9.63,6.71,,,,,9.65,16.4,8.71,17.43,32.99,28.49,,,,,,,11.93,,19.02,12.64,,,9.54,,22.71,16.95,13.76,6.88,,,11.95,21.5,39.45,72.98,,25.79,12.75,,11.4,,,18.48,23.38,22.27,,,,12.3,20.15,7.85,6.27,,,12.42,10.39,5.39,12.32,9.63,12.08,,,,23.47,6.77,5.98,,,4.63,3.56,,,,5.78,5.14,3.47,,23.8,9.53,7.52,15.48,,,5.9,,4.16,,,,4.82,12.07,14.81,26.21,,2.69,2.27,,12.97,,,,6.07,,6.13,4.7,,11.78,8.24,7.65,3.6,,12.4,6.52,4.01,,,,6.22,,,11.99,,,,5.19,8.04,6.18,5.44,3.36,,6.71,8.77,14.26,,8.46,13.52,20.05,,6.49,8.8,11.76,8.85,6.2,,6.38,,,6.11,9.59,3.63,2.24,7.12,,,15.2,3.94,6.38,,,10.92,10.09,,17.61,36.99,,,,,,8.44,5.72,,,,8.95,7.53,,8.63,,10.83,8.78,,,,,26.53,,13.67,,,,,8.3,8.5,9.33,,,,17.48,3.9,4.06,24.35,3.91,9.99,15.0,14.51,3.62,,4.31,,6.97,6.06,4.94,5.62,,3.33,20.33,11.97,,9.01,,11.84,12.25,44.1,,4.88,12.22,32.47,9.87,,2.6,8.93,5.35,9.68,,,7.44,,7.96,,7.61,9.29,11.05,5.1,12.2,13.24,12.37,,5.65,6.35,,4.67,,19.87,,3.38,,8.25,5.74,7.0,26.58,5.01,,18.21,4.69,,,6.81,18.7,,15.09,4.44,5.37,,,,,9.24,36.55,,,,5.37,,16.19,6.07,,7.8,,,5.84,4.49,,,4.41,4.71,21.53,6.98,7.71,6.72,,,,,6.22,13.32,13.81,4.72,10.95,9.29,,11.53,7.86,,10.97,3.59,7.24,6.35,9.06,,,,6.79,12.42,7.59,3.11,5.73,5.49,12.6,,,7.89,4.02,,9.2,14.23,,,11.91,,4.9,2.6,,2.03,4.85,7.47,3.2,,11.31,,,,10.02,8.16,23.58,,3.93,3.91,10.55,4.56,11.16,13.2,25.99,4.36,4.99,9.76,,22.96,,,4.43,,11.31,,5.8,27.47,,7.97,,3.48,9.28,15.53,5.94,14.28,19.73,8.31,7.36,8.76,8.26,,,5.16,25.31,6.27,4.43,6.51,,,2.74,,,4.09,4.82,,114.35,6.91,,11.56,,11.9,28.59,3.51,10.14,,8.41,5.09,11.92,,,12.81,9.86,,13.67,,5.5,10.08,,,9.92,7.84,3.63,,7.84,2.83,2.39,,5.92,,9.42,11.64,,1.93,32.62,15.42,11.28,11.4,,4.12,3.77,4.37,6.56,,10.5,6.79,,,22.07,27.89,18.2,,6.4,3.43,2.36,9.94,,17.27,26.3,,,,,,,,7.02,11.29,,11.24,,,,,10.9
2013-10-22,,,,,10.63,,11.27,17.21,15.24,29.07,18.3,17.11,27.7,,14.38,22.36,27.79,,8.18,58.35,,,39.28,,17.4,18.45,10.26,68.76,12.5,,15.17,10.34,20.75,,13.31,,38.18,,24.07,,33.97,45.65,48.5,,17.87,,,69.08,,2.39,3.28,7.17,,4.32,7.25,6.12,,,18.33,8.2,,,,8.11,7.42,6.73,,16.15,21.16,9.55,20.12,,6.06,36.0,30.0,7.2,8.32,,21.4,7.67,25.43,8.53,10.04,14.83,14.19,,,,12.49,11.78,,7.61,6.87,14.79,13.44,10.8,7.3,35.1,13.61,15.56,,15.14,10.75,13.78,16.65,,10.89,17.05,7.13,,5.49,,,5.92,11.87,,11.05,,13.93,8.44,11.84,,26.9,9.99,8.9,,15.83,,12.55,,9.32,13.75,,11.03,14.07,10.54,26.65,20.74,7.53,36.15,8.76,12.31,14.2,13.11,12.25,13.22,25.66,23.5,,18.3,8.47,21.07,11.72,17.4,9.69,16.26,30.88,26.82,19.51,,22.69,,8.62,,10.32,7.03,,13.25,,12.48,26.77,10.32,16.75,13.28,17.77,20.14,11.03,9.66,16.68,,,11.52,33.34,31.72,,,4.8,14.0,27.07,10.18,,,15.26,,,,,,11.09,,46.17,9.97,39.6,9.77,,6.63,10.1,4.8,14.65,,9.56,,30.95,31.15,,12.87,10.42,13.38,7.85,17.25,17.11,24.44,14.33,,6.49,8.94,34.51,20.0,10.14,8.92,30.0,9.72,21.05,,28.6,14.91,23.75,24.1,,6.3,17.78,31.97,,5.92,5.48,3.54,8.05,7.86,16.56,,,10.71,5.63,13.87,8.61,,6.87,6.28,,12.2,13.35,7.42,8.71,15.7,6.3,23.3,,,5.72,5.35,6.78,14.19,10.95,7.14,4.94,,4.39,11.38,,27.25,,7.31,10.47,5.83,,,,,,14.5,9.37,,8.4,,19.78,,8.59,,9.59,19.47,,7.32,7.83,,20.01,,,,,13.7,,,6.43,15.91,13.66,5.53,6.06,11.0,13.92,18.05,16.52,,9.25,,8.3,8.68,19.91,,,9.26,,13.47,8.63,37.26,10.05,14.8,16.92,8.23,10.31,13.34,,14.01,,15.95,,7.59,8.21,9.08,15.17,,,12.17,,,,,,58.86,31.0,,22.17,21.7,14.14,19.95,,33.82,26.88,8.91,10.42,,11.37,5.06,,,8.93,,10.29,,,12.24,,,7.48,,42.95,,7.85,6.23,,6.74,3.66,14.39,,,,4.99,8.12,8.34,,12.0,36.2,,,,8.06,,,,8.22,4.29,14.21,12.65,8.84,,27.08,23.76,,,6.8,8.96,14.41,10.6,,,12.78,,43.18,,9.34,,23.59,,19.21,,3.4,39.69,12.75,,13.33,12.75,15.16,,24.48,10.27,20.0,14.56,,11.2,9.56,6.68,,,,,9.76,16.54,8.97,16.99,34.34,28.33,,,,,,,11.4,,18.42,12.57,,,9.31,,20.88,17.2,13.5,7.02,,,11.7,20.78,38.35,72.5,,24.46,12.4,,12.54,,,18.35,22.05,20.72,,,,12.17,19.35,7.7,6.24,,,12.24,10.18,5.33,11.9,9.33,11.8,,,,22.6,6.62,5.89,,24.31,4.56,3.53,,,,5.73,5.14,3.42,,21.42,9.3,7.15,16.65,,,5.84,,4.15,,,,4.8,11.83,14.57,26.2,,2.68,2.26,,13.41,,,,6.14,,5.96,4.99,,11.58,7.81,7.59,3.58,,12.4,6.54,3.93,,,,6.06,,,11.94,,,,5.27,8.15,6.27,5.47,3.37,,6.63,8.59,13.88,,8.21,12.17,19.32,,6.43,8.71,11.19,8.52,6.08,,6.33,,,6.03,9.55,3.63,2.28,7.3,,,15.29,3.97,6.31,,,10.96,10.08,,17.28,37.72,,,,,,9.28,5.71,,,,9.1,7.28,,8.8,,11.1,8.68,,,,,25.45,,13.59,,,,,8.65,8.74,9.04,,,,17.28,3.91,3.99,24.66,3.91,9.79,14.47,14.69,3.56,4.22,4.26,,6.82,6.02,4.86,5.55,,3.37,20.32,12.17,,8.83,,12.33,11.98,39.69,,4.84,11.45,31.53,9.46,,2.69,8.54,5.27,9.3,,,7.4,,7.9,,7.32,9.22,11.29,5.12,12.45,13.28,12.17,,5.76,6.29,,4.69,,18.8,,3.39,,8.38,5.83,6.82,24.71,4.95,,19.12,4.66,,8.67,6.72,18.37,,14.93,4.43,5.91,,,,,9.0,35.07,,,,5.44,,16.12,6.08,,7.75,,,5.96,4.47,,,4.47,4.67,21.29,7.16,7.51,6.66,,,,,6.17,13.35,13.81,4.56,11.2,9.22,,11.4,8.16,,10.72,3.53,7.2,6.47,9.08,,,,6.87,12.23,7.77,3.09,5.63,5.64,12.75,,,8.08,4.03,6.71,9.09,14.37,,,13.1,,4.81,2.67,,2.06,5.34,7.3,3.22,,11.35,,,,9.97,8.26,23.33,,3.98,3.92,10.33,4.59,11.6,12.82,25.91,4.31,4.93,9.64,,21.81,,,4.28,,10.91,,5.53,26.05,,8.15,,3.41,8.93,15.42,5.8,15.07,20.49,8.31,7.13,8.76,8.4,,,5.13,24.23,6.25,4.4,6.29,,13.7,2.77,,,4.11,4.77,,112.07,6.85,,12.1,,11.54,28.3,3.47,9.82,,8.32,5.0,11.9,,,12.77,9.83,,13.3,,5.86,9.99,,,10.08,8.29,3.6,,7.75,2.83,2.41,,5.86,8.38,9.37,11.81,,1.92,32.97,15.48,11.15,10.54,,4.12,3.77,4.2,6.67,,10.64,6.82,,,21.7,27.26,17.92,,6.27,3.36,2.47,10.22,,17.1,24.72,,,,,,,,7.14,11.14,,11.08,,,,,10.66
2013-10-23,,,,,10.11,,11.45,17.82,14.5,28.0,18.32,16.51,27.06,,14.45,22.66,26.55,,7.89,57.1,,,39.4,,16.53,17.66,9.71,71.81,12.18,,14.68,10.11,20.33,,13.01,,36.29,,23.2,,31.77,46.25,46.28,,18.02,,,70.7,,2.37,3.24,7.01,3.52,4.21,7.1,6.34,,,17.82,7.89,,,,7.79,7.27,6.55,,15.98,20.5,9.62,19.72,,6.29,34.35,28.67,7.07,8.04,12.31,20.52,7.63,24.96,8.17,9.69,14.46,13.85,,,,13.74,11.14,,7.2,6.65,14.35,12.99,10.3,6.82,34.3,12.93,14.71,,14.65,10.72,13.3,16.46,,10.71,16.4,6.82,,5.32,,,5.82,11.51,,10.77,,14.0,8.15,11.64,,26.15,9.63,8.2,,15.35,,12.07,,9.14,13.2,,10.82,13.47,10.79,26.77,19.97,6.92,33.14,8.41,11.96,13.79,12.95,11.9,13.15,24.92,23.45,,17.4,8.32,19.89,11.19,16.78,9.5,16.26,30.23,26.77,18.94,,23.39,,8.3,,9.96,6.88,,12.6,,12.01,27.25,9.75,15.53,13.21,16.64,18.6,11.15,9.24,18.35,14.24,,12.17,34.39,30.96,,,4.7,13.19,27.75,10.03,,,15.29,,,,,,10.74,,41.55,9.74,37.11,9.2,,6.43,10.9,4.55,14.36,,9.17,,30.94,30.0,,13.81,9.74,13.8,7.62,16.46,16.36,22.54,13.69,,6.41,8.87,33.5,18.9,9.94,8.65,29.09,9.37,21.7,,28.85,14.69,23.0,23.42,,6.01,17.0,31.0,,5.76,5.3,3.57,7.88,7.91,15.89,,,10.4,5.47,13.63,8.28,,6.74,6.16,,11.95,13.96,7.16,8.6,15.28,6.08,22.4,,,5.56,5.21,6.68,13.74,10.33,6.89,4.76,,4.2,10.77,,25.81,,7.18,9.83,5.68,,,,,,14.55,9.11,,8.14,,17.96,,8.3,,9.28,18.45,,7.11,7.3,,19.84,,4.62,,,12.41,,,6.05,15.2,13.38,5.42,5.76,,13.22,17.3,15.85,,8.93,7.02,8.08,8.2,19.11,,,8.96,,13.28,8.5,36.12,10.24,13.87,16.56,7.97,9.98,12.96,,13.39,,16.11,,7.12,8.12,8.79,14.75,,,11.79,,,,,,55.72,30.22,,21.55,20.66,13.55,19.03,,32.0,24.48,8.91,9.79,,10.84,4.93,,,8.46,,10.33,,,11.8,,,7.42,,43.7,,7.52,5.96,,6.58,3.53,13.73,,,,4.94,7.72,7.98,,11.27,35.42,,,,7.73,,,,8.37,4.22,13.97,13.2,8.78,,27.11,25.22,,,6.88,8.54,14.11,10.08,,,12.51,,38.96,,9.23,,22.66,,18.36,,3.3,35.72,12.57,,12.83,12.25,14.7,,24.2,11.3,20.4,14.35,,10.9,9.47,6.71,,,,,9.36,16.44,9.19,16.4,32.1,27.41,,,,,,,10.9,,16.96,12.25,,,9.35,,20.34,16.88,13.09,6.8,,,11.26,20.36,37.6,70.4,,24.0,12.4,,13.55,,,17.8,21.77,18.97,,,,11.94,18.32,7.52,6.09,,,12.43,9.84,5.16,10.71,9.06,11.83,,,,21.83,6.46,5.61,,21.88,4.42,3.45,11.2,,,5.52,5.36,3.37,,21.61,9.1,6.92,16.14,,,5.59,,4.06,,,,4.81,11.58,14.57,25.8,,2.69,2.23,,13.3,,,,6.11,,5.79,5.03,,11.11,7.29,7.31,3.5,,11.97,6.44,3.78,,,,5.94,,,11.4,,,,5.04,8.08,6.0,5.4,3.33,,6.37,7.85,13.37,,8.0,11.41,18.65,,6.33,8.29,10.07,8.4,5.95,,6.16,,,6.05,9.54,3.51,2.31,7.07,,,14.9,3.89,6.14,,,11.07,10.41,,17.22,36.21,,,,,,8.95,5.47,,,,9.12,7.14,,8.51,,10.85,8.42,,7.16,,,24.47,,13.1,,,8.85,,8.21,,8.66,,,,17.2,3.71,3.85,24.42,3.86,8.91,13.71,13.87,3.47,4.06,4.19,,6.61,6.01,4.69,5.4,,3.3,21.34,12.48,,8.52,,12.22,11.38,39.84,,4.72,11.45,31.01,8.81,,2.69,8.23,5.01,8.96,,,7.25,,7.9,,7.16,8.91,10.16,4.88,11.79,12.98,12.28,,5.43,6.03,,4.45,,18.1,,3.29,,8.25,5.65,6.54,22.6,4.91,,19.1,4.54,,8.81,6.53,17.7,,14.88,4.33,6.2,,,,,8.55,33.88,,,,5.45,,15.13,5.83,,7.21,,,5.8,4.42,,,4.31,4.61,21.21,6.86,7.21,6.46,,,,,6.19,13.21,13.63,4.3,11.36,8.89,,10.97,8.17,,9.87,3.49,7.07,6.35,8.27,,,,6.63,12.53,7.88,3.06,5.44,5.62,12.84,,,7.67,3.93,6.47,9.13,13.77,,,12.38,,4.66,2.58,,2.08,5.48,6.86,3.16,,11.08,,,,9.73,8.09,24.24,,3.8,3.85,9.3,4.34,11.99,12.49,25.65,4.19,4.95,9.4,,21.98,,,4.12,,10.56,,5.4,26.06,,7.94,,3.34,8.93,14.9,5.72,15.18,19.39,7.92,6.89,8.55,8.25,,,5.05,23.3,6.09,4.35,5.9,,12.88,2.79,,,3.98,4.67,,110.0,6.77,,11.75,,11.07,26.89,3.38,9.2,,8.29,4.75,11.57,,,11.95,10.17,,12.28,,5.7,9.99,,,9.74,7.95,3.62,,7.41,2.74,2.43,,5.77,7.65,9.11,10.84,,1.9,31.68,15.11,11.12,10.0,,4.05,3.66,4.22,6.45,,10.44,6.47,,,21.49,27.13,17.75,,6.08,3.26,2.37,10.2,,16.79,24.09,,,,,,,,6.9,11.0,,11.07,,,,,10.97
2013-10-24,,,,,10.02,,11.6,18.36,14.57,28.45,17.63,15.89,26.7,,13.9,22.6,27.15,,7.9,56.9,26.72,,39.41,,16.55,17.56,9.53,71.87,12.28,,14.47,10.09,19.19,,13.0,,36.27,,23.19,,30.41,46.4,46.12,,18.66,,,67.41,,2.35,3.21,6.77,3.48,4.18,7.09,6.14,,,18.77,7.78,,,,7.74,7.18,6.47,,15.6,20.56,9.37,19.43,,6.02,33.8,28.4,6.94,7.87,12.21,20.16,7.5,24.84,8.21,9.72,14.38,13.81,,,,15.11,11.19,,7.18,6.56,14.44,12.97,10.39,6.75,32.67,12.72,14.78,,14.45,10.18,13.46,16.57,,11.02,16.3,6.64,,5.25,,,5.73,11.28,,10.92,,13.7,8.18,11.42,,24.8,9.53,8.03,,15.59,,12.07,,9.42,13.02,,10.71,13.49,10.62,25.7,20.08,6.94,31.99,7.99,12.4,13.44,13.56,11.82,13.12,25.0,22.64,22.21,17.97,8.09,18.55,10.9,16.8,9.36,16.49,31.91,,18.79,,22.52,,8.2,,9.69,6.8,,12.75,,11.76,26.2,9.97,15.05,13.09,16.13,17.0,10.79,9.19,20.19,14.2,,11.88,30.98,30.38,,,4.69,13.24,26.93,10.2,,,14.59,,,,,,10.59,,41.92,9.66,36.24,9.18,,6.48,11.4,4.57,14.45,,9.16,,30.55,29.99,,13.18,9.58,13.18,7.74,16.15,15.8,22.3,13.58,,6.43,8.94,32.96,18.9,9.99,8.48,28.35,9.37,21.21,,27.68,14.62,22.8,23.61,,5.94,17.25,30.03,,5.72,5.27,3.47,7.96,7.91,15.56,,13.18,10.45,5.48,13.53,8.24,,6.75,6.19,,11.95,13.31,7.41,8.6,15.55,6.1,22.48,,,5.46,5.26,6.73,13.31,10.38,6.99,4.64,,4.12,10.62,,25.9,,7.05,9.72,5.72,,,,,,14.77,8.95,,8.15,10.44,17.17,,8.3,,9.22,18.35,,7.11,7.3,,19.98,,5.08,,,12.37,,,5.93,15.03,13.45,5.43,5.79,,13.22,16.86,15.8,,9.15,6.99,8.09,8.08,18.57,,,8.8,,13.32,8.4,35.7,10.03,13.89,15.98,7.98,10.0,13.41,,13.14,,16.66,,7.2,8.14,8.75,14.81,,,11.78,,13.1,,,,55.71,28.6,,21.61,20.3,13.15,19.36,,32.64,24.71,8.75,9.74,,11.16,4.89,,,8.58,,10.25,,,11.81,,,7.72,,43.81,,7.56,6.01,,6.31,3.55,13.49,,,,4.97,7.78,7.9,5.8,11.2,35.27,,,,7.54,22.0,,,8.38,4.17,13.9,13.82,8.7,,27.64,24.28,,9.57,6.7,8.45,14.47,9.99,,,12.4,,40.11,,9.15,,21.9,,17.95,,3.28,35.03,12.41,,12.82,12.27,14.52,,23.95,10.27,19.61,14.41,,10.84,9.64,6.58,,,,,10.12,16.52,9.02,16.26,32.7,28.12,,,,,,,10.83,,16.9,12.06,,,9.28,,21.34,17.19,13.91,6.78,,,11.3,20.0,37.68,69.3,,24.18,12.76,,13.08,,,17.6,21.17,18.6,,,10.33,11.45,18.5,7.55,5.94,,,12.22,9.87,5.14,10.86,9.08,11.59,,,,22.08,6.45,5.46,,21.27,4.32,3.38,10.33,,,5.41,5.19,3.24,,21.03,9.38,6.97,16.72,,,5.46,,4.08,,,,4.65,11.64,14.39,25.88,,2.63,2.21,2.31,12.75,,,,6.02,,6.13,5.19,,11.18,7.71,7.32,3.48,,12.05,6.33,3.73,,,28.61,5.97,,,11.22,,,,5.0,8.34,5.8,5.23,3.26,,6.28,7.95,13.61,,8.02,11.48,19.05,,6.26,8.29,10.16,8.36,6.04,7.13,6.1,,,5.9,9.47,3.56,2.24,7.11,,,15.4,3.84,6.1,,,11.86,10.42,,17.36,36.3,,,,,,8.68,5.47,,,,8.88,7.21,,8.44,,10.8,8.41,,7.06,,,22.9,,12.8,,,8.75,,8.08,,8.7,,,,17.33,3.52,3.83,23.93,3.79,8.88,13.62,13.7,3.43,3.99,4.12,,6.55,5.8,4.65,5.34,,3.36,21.36,12.64,,8.51,,12.14,11.39,39.69,,4.63,11.32,30.93,8.68,,2.61,8.21,4.82,8.81,,,7.12,,8.1,,6.84,8.87,10.14,4.9,11.87,12.86,12.29,,5.5,5.92,,4.37,,17.93,,3.2,,8.03,5.69,6.49,22.56,4.92,,19.34,4.52,,8.56,6.36,17.55,,13.39,4.38,5.61,,,,,8.5,34.5,,,,5.54,,14.94,5.7,,6.89,,,5.6,4.34,,,4.27,4.48,21.35,6.59,7.21,6.33,,,,,6.03,13.92,13.43,4.38,11.07,8.76,,11.01,7.7,,9.86,3.57,7.05,6.15,8.6,,,,6.57,12.15,7.67,3.02,5.31,5.46,12.72,,,7.64,3.93,6.42,8.4,13.38,,,12.2,18.1,4.53,2.56,,2.07,5.09,6.88,3.17,,10.3,,,,9.65,8.01,24.17,,3.69,3.79,9.08,4.5,11.75,12.57,25.45,4.18,4.93,9.51,,21.93,,,4.14,,10.56,,5.4,26.05,,8.03,,3.37,8.5,14.96,5.74,14.75,19.3,7.86,6.91,8.7,8.03,,,4.94,23.7,5.94,4.27,6.49,,12.6,2.73,,,4.0,4.57,,110.01,6.74,,11.2,,10.91,25.64,3.35,9.04,,8.13,4.71,11.48,,,11.87,10.06,,12.55,,5.95,9.91,14.5,,9.65,7.88,3.47,,8.02,2.74,2.37,,5.67,7.56,9.18,10.94,,1.88,31.95,15.38,10.91,10.02,,4.03,3.61,4.19,6.27,,10.23,6.5,21.7,,21.39,27.94,17.46,,5.94,3.22,2.38,10.05,,16.7,25.87,,,,,,,,6.95,10.98,,10.91,,,,,10.4
2013-10-25,,,,,9.62,,11.5,17.7,13.9,27.21,17.86,15.9,26.2,,13.93,22.7,26.49,,7.99,53.58,25.2,,39.19,,15.86,16.86,9.05,73.7,12.25,,14.5,10.02,18.64,,12.61,,35.9,,22.06,,30.76,47.11,44.93,,17.81,,,67.66,,2.32,3.11,6.72,3.47,4.09,7.08,6.04,,,18.55,7.5,,,,7.74,7.02,6.24,,15.9,19.65,9.17,18.6,,5.84,32.81,26.49,7.05,7.62,11.7,19.6,7.58,24.8,8.11,9.36,14.35,13.39,,,,,10.84,,7.22,6.38,14.24,13.08,10.16,6.62,34.32,12.6,13.98,,14.49,10.24,13.27,16.23,,10.69,17.9,6.68,,5.11,,,5.8,11.23,,10.73,,13.34,8.05,10.97,,25.4,9.06,7.59,,15.67,,11.75,,9.14,13.05,,10.37,13.04,10.32,23.93,19.75,6.81,32.28,8.03,12.08,13.33,13.7,11.05,12.47,25.3,22.96,20.1,17.45,8.02,17.25,10.81,15.41,9.25,15.99,31.39,,18.91,,21.31,,8.12,,9.4,6.66,,12.2,29.9,11.28,26.5,10.16,15.24,13.14,15.47,16.5,10.89,8.74,18.17,13.69,,10.69,33.0,30.94,,,4.6,13.4,27.99,9.92,,,13.54,,,,,,10.5,,37.9,9.11,35.89,9.0,,6.65,11.77,4.63,14.58,,8.84,6.31,30.57,28.5,,13.7,9.54,13.32,7.51,15.6,16.15,21.01,14.13,,6.36,8.88,30.87,18.54,9.77,8.47,28.16,9.12,21.34,,27.36,14.37,22.05,24.2,,5.74,16.61,28.87,,5.72,5.25,3.51,8.15,7.87,15.66,,13.24,10.56,5.29,13.23,8.15,,6.68,6.17,,11.33,12.55,,8.7,15.13,6.14,21.9,,,5.26,5.22,6.89,12.93,9.95,6.73,4.62,,4.09,10.53,,23.31,,7.07,9.2,5.56,6.34,,,,,14.25,8.91,,7.74,10.19,17.3,,9.13,,9.2,19.05,,7.15,7.21,,18.39,,,,,12.42,,,5.82,16.53,13.15,,5.68,,12.26,15.29,15.38,,8.87,6.84,8.34,7.97,18.07,,,8.92,,13.03,8.19,35.85,9.66,13.63,15.16,7.98,9.72,12.9,,12.78,,16.39,,7.13,8.67,8.61,14.39,,,11.69,,12.79,,,,55.69,27.58,,20.94,20.22,12.25,18.66,,32.5,23.32,8.8,9.54,,11.14,4.75,,,8.77,8.89,10.29,,,11.69,,,7.77,,41.97,,7.73,5.84,,6.32,3.47,13.65,,,,4.8,7.87,7.69,5.31,11.2,33.49,,,,7.31,24.2,,,8.42,4.13,13.91,13.42,8.51,,26.69,24.63,,9.62,6.82,8.34,14.41,9.8,,,12.49,,37.99,,8.82,,21.65,,17.3,,3.15,34.0,12.3,,12.55,11.91,14.32,,23.71,9.91,20.04,13.89,,10.17,9.5,6.51,,,,,10.95,16.86,8.7,16.12,32.5,,,,,,,,10.57,,16.0,12.11,,,9.43,,19.95,17.05,13.66,6.8,,,10.9,19.55,36.78,66.52,,,12.45,,11.77,,,17.52,20.63,18.15,,,10.08,11.09,17.54,7.57,6.0,,,11.71,9.94,5.18,10.15,8.69,11.45,,,,21.16,6.29,5.53,,20.67,4.3,3.33,10.01,,,5.44,4.94,3.17,,20.37,8.95,7.1,16.51,,,5.49,,4.04,,,,4.58,11.65,14.01,25.47,,2.56,2.18,2.27,,,,,5.86,,5.88,5.07,,10.75,7.59,7.3,3.48,,12.06,6.2,3.71,,,28.59,5.74,,,11.61,,,,4.99,8.2,5.69,5.11,3.2,,6.3,7.88,13.34,,7.86,11.4,18.89,,5.87,8.05,9.68,8.31,5.99,6.99,6.02,,,5.8,9.08,3.47,2.18,7.13,,,16.21,3.72,6.03,,,11.73,9.87,,17.54,32.73,,,,,,8.82,5.3,,,,8.73,7.04,,8.52,,10.57,8.25,12.57,7.11,,,21.56,,12.41,,,8.57,,7.8,,8.43,,,,17.3,3.56,3.8,23.19,3.68,8.66,13.23,13.35,3.33,4.08,4.08,,6.3,5.71,4.56,5.38,,3.34,21.71,12.06,,8.24,,,11.4,37.92,,4.42,10.82,28.94,8.39,,2.63,7.91,4.7,8.59,,6.35,6.99,,8.12,,6.5,9.04,9.66,4.84,11.83,12.58,11.94,,5.3,5.82,,4.19,,17.05,,3.13,,7.93,5.49,6.39,22.22,4.75,,19.15,4.55,,8.03,6.28,17.6,,13.77,4.31,5.68,,,,,8.36,32.76,,,,5.36,,15.21,5.63,,6.4,,,5.78,4.25,,,4.14,4.4,21.49,6.42,7.11,6.29,,,,,6.02,14.3,13.1,4.4,10.41,8.43,,10.66,7.65,,9.38,3.57,6.92,6.05,9.07,,,,6.45,12.09,7.6,2.97,5.31,5.24,12.49,,,7.36,3.89,6.35,8.26,12.93,,,11.67,18.1,4.36,2.56,,2.02,5.06,6.42,3.11,,10.19,,,,9.57,7.76,24.21,,3.63,3.7,8.9,4.44,11.16,11.86,25.27,4.09,4.88,9.11,,22.23,,,3.97,,10.2,,5.49,24.71,,7.78,,3.28,8.38,15.0,5.67,14.72,18.6,7.88,6.94,8.97,7.85,,,4.84,21.33,5.81,,6.5,,12.36,2.59,,,4.08,4.5,,107.91,6.68,,11.25,,10.89,24.38,3.34,8.98,,8.14,4.6,11.05,,,11.42,9.75,,12.75,,5.89,9.71,13.8,,9.64,7.82,3.46,,7.77,2.71,2.33,,5.52,7.25,8.98,10.55,,1.86,30.8,15.0,10.6,9.66,,3.9,3.46,3.92,6.1,,10.21,6.57,21.3,,19.7,28.27,17.09,,5.73,3.19,2.44,9.74,,16.43,25.2,,,,,,,,6.82,11.05,,10.75,,,,,10.07
2013-10-28,,,,,9.65,,11.82,17.7,,27.3,17.31,16.09,26.28,,15.01,23.38,26.65,,7.5,53.1,25.13,,39.42,,15.76,17.02,9.01,79.78,12.29,,13.5,10.23,18.85,,12.39,,36.2,,22.62,12.06,31.11,47.1,46.42,,18.79,,,71.15,,2.32,3.12,6.79,3.46,4.15,6.86,5.81,,,18.36,7.34,,,,7.76,6.83,6.24,,15.26,19.23,9.34,18.19,,5.79,34.27,24.45,7.25,7.79,11.8,19.98,7.72,24.53,8.33,9.3,14.31,13.33,,,,,10.82,,7.36,6.34,13.9,13.39,10.34,6.8,33.47,11.34,14.15,,14.4,9.3,13.35,14.61,,10.1,17.42,6.7,,5.1,,,5.67,11.18,,10.57,,13.34,7.81,10.58,,25.0,8.79,7.65,,15.77,,11.68,,8.93,12.72,,10.42,13.16,11.24,24.4,20.17,6.82,32.56,7.76,12.14,13.3,13.31,10.91,12.09,25.19,22.08,19.0,16.76,8.04,17.33,10.59,14.68,9.27,15.19,32.08,,20.2,,21.59,,8.2,,9.3,6.69,,11.73,30.44,11.01,26.12,9.4,16.37,12.58,15.56,16.68,11.1,8.82,19.99,14.05,,10.18,32.39,31.33,,,4.56,13.35,28.24,9.91,,,13.18,,,,,,10.3,,40.72,9.01,36.37,8.89,,6.67,11.27,4.63,14.51,,8.67,6.57,30.65,29.7,,15.07,9.48,13.17,7.33,15.64,16.25,20.71,12.86,,6.35,9.02,30.5,18.0,9.77,8.36,28.02,9.17,21.96,,25.61,14.25,22.82,24.2,,5.41,16.72,29.29,,5.72,5.04,3.6,8.06,7.95,15.83,,13.8,10.83,5.24,13.3,8.11,,6.55,6.06,,11.15,12.29,,8.6,16.64,6.07,22.23,,,5.22,5.21,6.67,13.22,9.8,6.6,4.53,,4.06,10.92,,23.29,,7.16,9.02,5.71,6.02,,,,,13.81,8.92,,7.67,9.47,16.61,,9.24,,9.14,20.07,,7.07,7.56,,18.73,,5.59,,,12.5,,,6.11,15.6,12.55,5.51,5.8,10.2,,15.29,14.84,5.67,7.98,6.88,8.43,8.03,19.3,,,8.91,,13.1,8.26,34.5,,12.94,15.03,7.97,9.54,12.34,,12.8,,16.64,,7.23,9.25,8.63,13.85,,,11.65,,12.61,,41.66,,57.58,28.96,,23.03,20.45,12.41,19.17,,33.93,23.61,8.74,9.39,,11.3,4.71,,,7.89,8.87,9.26,,,11.92,,,7.48,,46.16,,7.59,5.82,,6.28,3.48,13.05,,,,4.77,7.72,7.64,5.48,,33.52,,,,7.21,26.62,,,8.48,4.08,14.47,13.17,8.43,,26.99,24.97,,9.29,6.3,8.49,14.74,9.73,,,12.43,,39.48,,9.09,,19.59,,17.1,,3.05,34.48,12.72,,12.58,11.7,14.2,,23.79,9.38,20.69,13.8,,10.31,8.57,6.24,,,,,11.48,16.99,8.71,16.03,30.05,,,,,,,,10.51,,16.3,12.11,,,8.97,,19.97,16.72,13.66,7.24,,,10.69,18.56,36.67,66.18,,,12.85,,11.95,,,17.43,20.95,18.22,,,10.07,10.95,17.26,7.61,6.15,,,12.1,9.81,5.18,9.99,8.78,11.54,,,,21.21,6.32,5.55,,21.0,4.29,3.35,9.95,,,5.58,4.95,3.16,,20.74,8.67,7.33,14.86,,,5.46,,3.94,,,,4.67,11.86,13.66,25.95,,2.58,2.17,2.28,,,,,5.83,,5.96,5.24,,10.34,7.47,7.13,3.34,,12.01,6.13,3.66,,,28.51,5.76,,,11.85,,,,4.92,8.49,5.65,5.11,3.2,,6.5,8.12,12.9,,7.89,11.52,18.26,,5.89,7.85,9.69,8.19,6.17,6.94,5.98,,,5.72,8.81,3.47,2.16,7.09,,,17.14,3.74,6.13,,,11.46,9.9,,17.17,32.69,8.48,,,,,8.75,5.56,,,,8.68,7.02,,8.33,,10.55,8.23,13.17,6.89,,,21.87,,12.32,,,8.82,,7.89,,8.16,,,,17.07,3.66,3.81,22.08,3.69,8.7,13.22,13.6,3.37,4.09,4.09,,6.3,5.7,4.62,5.38,,3.39,22.8,11.17,,8.36,,,11.43,37.31,,4.48,11.9,29.05,8.49,,2.61,7.91,4.8,8.71,,6.32,7.02,,7.89,,6.62,9.63,9.61,4.78,11.78,11.73,11.69,,5.29,5.87,,4.19,,17.72,,3.13,,7.83,,6.42,22.6,4.63,,20.11,4.71,,7.9,6.14,17.92,,13.01,4.13,5.41,,,,,8.55,33.41,,,,5.54,,15.33,5.62,,6.35,,,5.42,4.26,,,4.1,4.34,19.98,6.46,7.17,6.39,,,,,5.8,14.4,13.06,4.35,10.51,8.55,,10.68,7.61,,9.72,3.57,6.91,5.92,9.01,,,,6.44,12.19,7.88,2.94,5.61,5.01,12.7,,,7.51,3.88,6.41,8.33,12.66,,,11.71,18.07,4.26,2.55,,2.02,4.83,6.37,3.04,,9.85,,8.73,,9.49,7.83,23.4,,3.66,3.71,9.0,4.55,10.61,11.91,25.28,4.09,4.93,9.34,,22.69,,,4.0,,9.95,,5.45,25.66,,7.7,,3.33,8.48,14.88,5.85,14.28,19.49,7.79,7.02,9.2,7.84,,,4.77,21.34,5.86,,6.85,,12.5,2.58,,,4.24,4.52,,99.66,6.63,,10.32,3.95,10.65,24.67,3.3,8.76,,8.15,4.65,11.2,3.88,,11.62,9.39,,12.9,,5.97,9.35,13.36,,10.17,7.88,3.47,,7.54,2.69,2.29,,5.47,7.29,9.17,10.7,,1.87,31.94,15.2,10.25,9.47,,3.92,3.51,3.9,6.17,,10.0,6.5,21.2,,20.1,29.04,17.31,,5.71,3.23,2.52,9.5,,16.45,25.9,,,,,,,,7.11,10.8,,10.77,,,,,10.03
2013-10-29,,,,,9.34,,11.75,16.99,,27.98,16.51,14.97,24.88,,14.78,23.66,25.21,,7.22,54.61,24.06,,37.88,,14.94,16.3,8.5,78.03,12.03,,12.5,9.84,18.36,,12.05,,34.85,,21.45,11.2,29.6,45.08,45.45,,18.94,,29.9,69.3,,2.29,3.05,6.59,3.29,4.09,6.91,5.48,,,19.58,7.14,,,,7.25,6.62,6.05,,14.08,18.81,8.41,17.65,,5.48,,24.7,7.2,7.57,10.88,19.35,7.32,23.95,8.06,9.07,14.2,13.18,,,,,9.9,,6.89,6.13,13.29,14.09,9.31,6.7,31.5,10.21,14.63,,13.65,9.09,12.62,13.77,,9.52,16.13,6.35,,4.88,,,5.45,10.57,,10.26,,12.73,7.73,9.99,,23.62,9.2,7.23,,16.07,,11.13,,8.45,12.2,,9.91,12.04,10.9,23.35,19.32,6.4,31.3,7.29,11.73,12.62,12.12,11.79,12.09,25.27,21.37,17.59,15.35,7.73,16.8,9.89,14.27,8.34,14.52,30.42,,19.8,,20.44,,7.86,,8.75,6.44,,10.98,29.1,10.34,24.59,,17.0,12.11,15.81,15.55,10.02,8.2,20.09,13.7,,9.39,29.15,30.16,,,4.41,13.39,26.39,9.3,,,12.59,,,,,,9.87,,41.95,8.66,36.4,8.45,,6.14,10.85,4.23,13.9,,8.25,6.33,28.89,29.65,,16.22,8.7,13.61,7.2,14.99,16.18,22.71,12.19,,,9.62,30.72,18.79,9.44,8.09,26.97,8.7,24.16,,25.1,13.33,22.11,23.65,,5.29,16.59,30.11,,6.12,4.87,3.46,7.94,8.3,14.99,,13.21,10.91,5.07,12.8,7.48,,6.63,5.8,,10.58,12.6,,8.35,16.58,5.66,20.05,,,5.08,4.91,6.28,12.8,9.14,6.04,4.31,,3.94,11.25,,22.66,,6.91,8.31,5.93,5.77,,,,,12.5,8.85,,7.31,9.4,17.04,,9.59,,8.61,19.48,,7.08,7.36,,18.73,,5.9,,,11.25,,,6.18,14.05,12.0,5.2,6.08,9.61,,14.73,13.92,5.4,7.76,6.6,8.18,7.61,19.92,,,8.64,,12.17,7.75,33.2,9.51,12.8,15.02,7.64,9.1,11.72,,12.4,,16.22,,7.03,8.99,8.44,13.56,,,11.01,,11.86,,40.4,,57.31,31.58,,23.0,19.43,11.64,19.78,,36.9,22.7,8.37,9.17,,10.81,4.56,,,7.32,8.73,8.7,,,11.35,,,6.8,,44.78,,7.46,5.46,,5.98,3.41,12.43,,,,4.54,7.43,7.23,5.17,,32.5,,,,7.36,29.28,,,8.95,3.96,14.7,13.08,8.03,,27.33,25.6,,9.25,5.94,8.36,14.22,9.28,,,11.79,,38.78,,8.71,9.01,18.94,,17.0,,2.92,33.45,12.6,,12.18,11.32,13.77,,22.9,8.84,19.83,13.19,,9.69,8.23,5.95,,,,,10.97,16.0,8.96,15.1,30.34,,,,,,,,9.63,,16.0,11.35,,,8.58,,19.99,15.7,12.96,7.54,,,10.42,16.92,34.57,64.4,,,12.41,,11.02,,,17.05,19.18,17.2,,,9.58,10.52,17.44,7.27,5.98,,,11.86,9.61,4.92,9.25,8.47,11.75,,,,20.81,6.0,5.57,,19.66,4.14,3.22,10.25,,,5.45,4.74,3.07,,20.05,8.32,7.07,14.75,,,5.38,,3.95,,,,4.5,11.49,13.25,25.15,,2.47,2.11,2.25,,,,,5.73,,5.66,5.08,,9.86,7.15,6.8,3.29,,12.03,5.98,3.6,,,27.68,5.62,,,12.65,,,,4.86,8.7,5.49,4.97,3.16,7.54,6.32,7.92,12.63,,7.56,11.09,17.83,,5.53,7.53,8.84,8.16,6.34,6.79,5.71,,,5.55,8.57,3.38,2.11,6.84,,,17.02,4.11,5.9,,,11.86,9.55,,16.69,31.5,7.83,,,,,9.03,5.39,,,,8.48,7.02,,7.92,,9.98,7.98,13.18,6.83,,,20.11,,11.96,,,8.28,,7.56,,7.86,,,,17.03,3.48,3.64,21.97,3.56,8.29,12.56,13.21,3.27,4.11,4.02,,6.09,5.66,4.44,5.19,,3.17,22.66,10.5,,7.96,,,10.91,38.78,,4.31,12.11,26.15,8.16,,2.48,7.43,4.59,8.55,,6.18,6.68,,7.74,,6.43,9.29,9.05,4.66,11.67,11.95,11.08,,5.1,5.65,,4.02,,17.79,,3.02,,7.54,5.19,6.19,20.9,4.48,,19.21,4.69,,7.34,5.91,17.59,,12.82,4.08,5.06,,,,,8.21,32.8,,,,5.31,,14.83,5.31,,6.11,,,5.18,4.17,,,3.95,4.23,19.32,6.18,6.92,6.19,,,,,5.55,13.94,12.78,4.19,10.01,8.24,,10.53,7.37,,9.42,3.52,6.9,5.78,8.19,,,,6.16,11.43,7.69,2.91,5.37,4.92,12.12,,,7.59,3.75,6.18,8.12,11.95,,,11.18,17.75,4.16,2.47,,2.0,4.62,6.26,2.97,,9.29,,8.85,,9.02,7.51,23.49,,3.56,3.65,8.78,4.26,10.35,11.4,25.1,4.04,4.96,9.42,,21.56,,,3.78,,9.62,,5.24,24.94,,7.25,,3.31,8.54,14.21,5.91,13.2,19.0,7.26,6.66,8.89,7.38,,,4.67,19.23,5.42,,7.17,,11.96,2.68,,,4.16,4.37,28.0,103.6,6.49,,9.77,3.79,10.14,23.46,3.21,8.36,,8.24,4.48,10.85,3.73,,10.93,9.08,,12.48,,5.72,8.42,13.07,,10.3,7.29,3.42,,7.67,2.61,2.24,,5.23,6.77,8.88,11.05,,1.84,31.08,14.58,9.55,9.53,,3.77,3.4,3.84,5.94,,9.88,6.14,21.5,,20.4,29.45,16.85,,5.84,3.15,2.4,9.49,,16.13,26.12,,,,,,,,6.84,11.11,,10.62,,,,,9.26
2013-10-30,,,,,9.5,,12.29,17.4,,29.05,16.87,14.95,25.91,,14.64,24.45,24.94,,7.37,54.9,24.84,,37.4,,15.1,16.47,8.51,80.5,12.9,,12.53,10.12,19.97,,12.3,,35.7,,22.82,10.85,32.47,45.46,47.18,,20.83,,32.89,73.28,57.55,2.32,3.09,6.76,3.5,4.19,7.17,5.51,,,20.81,7.3,,,,7.54,6.77,6.23,,14.51,19.45,8.53,17.88,,5.54,,25.25,7.33,8.13,10.99,19.34,7.36,23.42,8.03,9.15,14.84,13.08,,,,16.62,9.9,,7.58,6.21,13.5,14.21,9.17,6.8,31.36,10.28,14.72,,13.87,9.3,12.9,13.98,12.63,9.59,16.75,6.38,10.5,4.95,,,5.5,10.86,,10.49,,12.81,7.85,10.12,,24.25,9.23,7.31,,16.63,,11.2,,8.69,12.6,,9.97,12.15,10.65,23.65,20.06,6.55,31.95,7.33,11.74,12.57,12.22,12.34,12.34,25.41,21.79,17.97,15.39,7.83,17.02,9.95,14.68,8.06,14.76,31.28,,21.2,,21.5,,7.97,,8.82,6.55,,11.02,29.27,10.89,23.58,9.5,17.02,12.4,15.49,16.18,10.13,8.27,21.65,13.8,,9.52,29.1,29.77,,,4.49,13.33,26.5,9.59,,,12.88,,,,,,10.14,,40.72,8.91,36.6,8.65,,6.2,10.93,4.16,14.08,,8.5,6.39,28.9,29.95,,15.61,9.25,13.44,7.37,15.25,16.8,23.9,12.41,,,9.0,31.55,19.69,9.57,8.14,27.27,8.88,24.68,19.4,25.7,13.33,22.46,24.25,,5.43,17.1,29.91,,5.87,4.94,3.48,8.18,8.24,15.09,,13.17,11.21,5.17,13.2,7.47,,6.7,5.82,,10.96,13.39,,8.54,16.14,5.72,20.0,,,5.17,4.96,6.35,12.93,9.6,6.02,4.4,,4.02,11.26,,23.78,,7.07,8.46,6.0,5.96,,,,,12.6,8.99,,7.38,9.32,17.29,,9.46,,8.91,21.1,,6.98,7.68,,18.9,,5.72,,,11.37,,,6.29,14.33,12.17,5.24,6.54,10.57,,15.25,14.16,5.44,7.91,6.65,8.14,7.64,20.02,,,8.79,,12.29,7.73,33.88,9.47,12.97,15.03,7.75,9.21,11.89,,12.7,,17.59,,7.15,9.3,8.53,13.97,,,10.93,,12.08,,42.18,,58.3,32.15,,25.3,19.74,12.05,21.09,,40.11,22.69,8.49,9.23,,11.02,4.61,,,7.34,8.6,8.73,,,11.62,,,6.86,,44.02,,7.57,5.52,,5.99,3.49,12.74,,,,4.58,7.51,7.3,5.25,,33.38,,,,7.5,32.21,,,8.87,4.01,15.12,13.72,8.08,,27.05,25.89,,9.35,6.02,8.53,15.0,9.43,,,11.89,,39.49,,9.32,9.18,19.31,,17.39,,2.96,34.39,12.6,,13.4,11.61,13.97,,23.23,8.89,20.05,13.44,,9.83,8.34,6.09,,,,,10.8,17.35,9.68,15.25,32.09,,,,,15.11,,,9.88,,16.96,11.61,,,8.65,,20.8,16.2,12.96,8.13,,,10.61,17.03,34.31,67.95,,,13.15,,11.43,,,17.33,19.77,17.35,,,9.88,10.68,17.44,7.45,6.03,,,11.75,9.5,4.98,9.35,8.52,11.82,,,,20.88,6.07,5.74,,19.65,4.25,3.27,10.24,,,5.7,4.82,3.05,,20.7,8.48,6.93,15.14,,,5.4,,3.99,,,,4.57,11.64,13.58,25.03,,2.53,2.14,2.3,,,,,5.79,,5.87,5.52,,9.91,7.14,6.89,3.34,,12.92,6.06,3.69,,,29.0,5.76,,,12.5,,,,4.95,8.77,5.54,5.05,3.22,7.88,6.37,8.05,12.71,,7.59,11.42,18.39,,5.59,7.6,9.05,8.25,6.31,6.91,5.78,,,5.6,8.64,3.45,2.15,6.86,,,17.21,4.52,5.94,,,12.32,10.07,,17.03,32.01,7.83,,,,,8.99,5.93,,,,8.56,7.29,,7.96,,10.0,8.13,13.02,6.9,,,20.23,,12.01,,,8.3,,7.61,9.61,7.94,,,,16.99,3.39,3.69,22.21,3.6,8.35,13.04,13.49,3.4,4.26,4.11,,6.14,5.75,4.47,5.28,,3.19,22.56,10.44,,7.97,,,11.03,38.99,,4.41,11.89,27.29,8.7,,2.5,7.47,4.64,8.73,3.22,6.24,6.75,,8.06,,6.41,10.22,9.17,4.72,11.78,12.11,11.23,,5.15,5.71,,4.1,,18.08,,3.1,,7.64,5.31,6.29,21.4,4.59,,19.19,4.87,,7.39,6.05,18.67,,12.81,4.12,5.57,,,,,8.22,33.48,,,,5.54,,14.84,5.33,,6.18,,,5.27,4.2,,,3.98,4.26,19.55,6.22,6.99,6.24,,,,,5.65,14.15,12.95,4.22,10.08,8.37,,11.04,7.4,,9.35,3.61,7.06,6.01,8.42,,,,6.25,11.45,7.79,2.95,5.39,5.0,11.99,,,7.81,3.83,6.24,8.43,12.13,,,11.59,17.85,4.26,2.49,,2.05,5.08,6.29,2.94,,9.58,,9.08,,9.16,7.63,23.69,,3.63,3.7,8.69,4.27,10.87,11.8,25.09,4.05,4.99,9.69,,20.54,,,3.8,,9.88,,5.3,25.0,,7.38,,3.38,8.67,14.55,6.19,13.2,18.8,7.64,6.67,9.23,7.4,,,4.78,19.6,5.46,,6.97,,12.26,2.64,,,4.25,4.46,28.0,102.5,6.56,,9.8,3.8,10.46,23.85,3.24,8.48,,8.22,4.5,10.86,3.87,,11.34,9.22,,12.85,,5.92,8.35,13.31,,10.59,7.09,3.49,,8.15,2.68,2.29,,5.3,6.8,8.87,12.16,,1.86,33.2,15.1,9.93,9.84,,3.9,3.44,4.0,5.98,,9.91,6.17,21.43,,21.2,31.26,17.14,17.37,5.85,3.23,2.5,9.56,,16.31,25.94,,,,,,,,6.93,11.43,,10.75,,28.25,,,9.37
2013-10-31,,,,,9.35,,11.97,17.77,,28.33,15.92,14.61,26.54,,13.39,23.4,23.52,,7.37,53.2,24.88,,36.45,,14.64,15.8,8.37,74.41,13.09,,12.3,10.26,19.7,,12.27,,35.23,,23.34,10.84,31.46,42.06,44.8,,20.0,,30.09,65.95,57.3,2.31,3.2,6.8,3.58,4.2,7.24,5.53,,,20.28,7.32,,,,7.16,7.45,6.27,,14.3,19.1,8.24,17.16,,5.62,,25.15,7.42,8.01,10.82,19.36,7.35,23.3,7.82,9.2,15.94,13.07,,,,18.28,9.66,,8.34,6.24,13.4,13.56,9.04,6.66,29.57,10.08,13.9,,13.8,9.25,,14.09,12.74,9.31,15.54,6.29,10.23,4.95,,,5.61,10.9,,10.35,,12.22,7.8,9.9,,23.36,8.98,7.17,,16.42,,11.24,,8.77,12.99,,9.92,11.91,11.08,23.12,18.8,6.55,28.76,7.11,11.64,12.44,12.14,11.81,12.7,25.17,21.04,17.1,15.05,7.82,16.97,9.92,14.48,7.9,14.87,31.98,,21.23,,21.54,,7.89,,8.55,6.57,,11.04,28.79,11.08,23.39,8.55,16.2,12.13,15.1,16.26,9.95,8.14,19.49,13.4,,9.46,27.59,,,,4.48,12.94,24.9,9.53,,,12.81,,13.69,,,,10.35,,36.73,9.01,35.55,8.59,,6.18,10.05,4.06,14.36,,8.45,6.32,27.4,30.16,,14.25,8.94,12.52,7.41,14.83,17.3,23.56,12.3,13.9,,8.39,31.12,18.59,9.65,8.1,25.8,8.7,22.21,19.42,24.98,13.53,23.28,24.47,,5.49,16.75,28.68,,6.1,4.95,3.6,8.04,8.27,15.1,,12.74,11.01,5.27,12.94,7.39,,6.58,6.12,12.2,11.05,13.63,,8.6,15.31,5.79,19.78,,,5.2,5.02,6.38,13.18,10.02,5.85,4.35,,4.07,10.7,,23.26,,7.29,8.32,5.71,5.87,,,,,12.06,8.98,,7.29,9.37,16.79,,8.51,,8.93,19.99,,6.81,7.55,,18.7,5.77,5.55,,,10.93,,,6.1,14.05,12.07,5.14,6.35,10.83,,15.16,15.3,5.47,7.92,6.66,7.93,7.51,19.2,,,8.62,,12.44,7.45,32.58,9.6,12.89,15.2,7.74,9.06,11.91,,12.47,,17.52,,6.97,9.11,8.49,13.52,,,10.66,,12.3,24.45,41.85,,57.74,32.22,,25.98,19.4,12.08,20.08,,37.66,22.46,8.36,9.3,,10.74,4.57,,,7.15,8.49,8.88,,,11.4,,,6.78,,41.3,,7.36,5.63,,6.04,3.42,13.09,,,,4.61,7.39,7.18,5.44,,34.49,,,,7.46,35.43,,,8.88,3.98,14.36,13.31,8.14,,26.89,23.3,,9.09,6.02,8.55,14.77,9.34,,,11.9,,,,9.07,10.1,19.5,,16.96,,2.94,34.03,12.55,,13.59,11.11,14.03,,24.28,8.81,19.47,13.38,,9.53,8.32,6.1,,,,,10.17,,9.56,14.98,31.2,,,,,14.8,,,9.76,,16.48,11.0,,,8.33,,19.76,16.1,12.7,7.53,,,10.54,17.0,34.55,68.28,,,12.88,,10.87,,,17.61,18.75,16.91,,,9.75,10.58,16.39,7.4,6.12,,,11.53,9.45,4.95,9.22,8.48,11.67,,,,21.58,6.25,5.75,,18.51,4.27,3.29,9.99,,,5.8,4.88,3.13,,20.52,8.32,6.69,14.63,,,5.39,,3.99,,,,4.57,11.8,13.25,24.5,,2.55,2.15,2.28,,,,,5.79,,5.74,5.43,,9.77,6.9,6.79,3.34,,12.8,6.08,3.76,,,26.1,5.66,,,11.25,,,,5.08,8.35,5.52,5.14,3.22,7.79,6.65,7.64,12.73,,7.58,10.76,18.47,,5.51,7.53,8.7,8.23,6.3,7.03,5.8,,,5.5,8.77,3.42,2.14,6.87,,,16.27,4.79,5.94,,,11.81,9.99,,16.84,32.37,8.61,,,,,8.11,6.0,,,,8.65,7.18,,7.75,,10.02,8.22,12.19,6.9,,,20.06,,11.65,,,8.38,,7.65,9.47,7.79,,,,17.29,3.52,3.69,22.93,3.59,8.37,12.27,13.39,3.41,4.27,4.08,,6.03,5.75,4.4,5.3,,3.16,22.65,10.32,,8.3,,,10.81,37.05,,4.51,11.23,25.58,8.22,,2.55,7.26,4.56,8.64,3.21,6.11,6.81,,8.1,,6.33,9.99,9.18,4.75,11.57,11.87,11.13,,5.67,5.62,,4.08,,17.32,,3.1,,7.63,5.29,6.25,20.49,4.62,9.15,19.09,,,7.49,5.99,17.92,,12.31,4.07,5.59,,,7.66,,8.57,32.39,,,,5.52,,14.9,5.24,,6.32,,,5.09,4.19,,,4.11,4.32,18.76,6.2,7.04,6.4,,,,,5.52,14.68,12.94,4.17,9.93,8.32,,11.06,7.19,,9.06,3.54,7.08,6.09,8.36,,,,6.21,11.24,7.93,2.97,5.37,5.01,12.13,,,7.7,3.8,6.12,8.39,11.63,,,11.2,17.7,4.39,2.51,,2.04,4.99,6.22,2.91,,9.51,,9.21,,8.9,7.54,24.6,,3.67,3.72,8.88,4.21,11.41,11.6,25.12,4.06,4.91,9.48,,19.93,,,3.7,,9.68,,5.36,23.78,,7.39,,3.41,8.71,14.26,5.95,13.1,18.4,7.49,6.32,9.06,7.35,,,4.79,19.53,5.43,,6.69,,12.07,2.56,,,4.35,4.47,28.05,103.58,6.7,,9.46,3.83,10.16,24.02,3.3,8.43,,,4.53,10.87,3.86,,11.39,9.06,,13.24,,5.74,7.52,13.3,,11.09,7.18,3.45,,7.95,2.69,2.27,,5.29,6.68,8.58,11.5,,1.88,34.55,15.73,10.92,10.47,,3.92,3.38,3.99,5.98,,9.68,6.09,20.9,,21.4,30.8,17.05,17.47,5.82,3.13,2.48,9.33,,16.28,24.03,,,,,,,,6.77,11.3,,10.63,,28.43,,,9.28
2013-11-01,,,,,9.47,,11.7,16.94,,27.91,15.25,13.9,25.61,,12.59,22.95,24.74,,7.37,52.19,25.07,,35.99,,14.6,15.77,8.34,71.99,12.57,,12.25,10.34,18.83,,12.31,,34.66,,22.43,11.01,29.7,40.85,45.0,,18.0,,31.37,61.23,59.49,2.33,3.15,6.81,3.58,4.26,,5.53,,,19.98,7.38,,,,7.19,7.17,6.28,,14.44,19.3,8.34,17.45,,5.6,,24.75,7.31,7.71,10.82,19.07,7.45,23.58,7.82,9.16,15.81,13.05,,,,16.66,9.83,,7.86,6.32,13.42,13.0,9.07,6.4,28.03,9.89,13.4,,13.61,9.16,,13.72,13.34,9.19,14.79,6.37,10.19,4.96,,,5.59,11.03,,10.22,24.99,12.3,7.76,9.99,,22.42,8.71,7.07,15.38,16.3,,11.29,,8.8,12.81,,9.84,11.66,10.28,23.29,18.14,6.66,27.9,7.02,11.64,12.54,12.17,11.29,12.82,25.19,20.78,16.47,14.83,7.81,16.79,9.82,14.35,7.8,14.73,31.61,,21.33,,21.03,,7.81,,8.58,6.61,,10.99,28.19,10.6,22.5,8.15,16.5,12.08,15.0,15.68,9.59,8.04,18.7,13.74,,9.65,25.48,31.24,,,4.46,12.82,24.58,9.64,,,12.55,,13.78,,,,10.33,,36.74,8.84,35.45,8.48,,5.99,9.73,4.25,14.16,,8.56,6.24,27.33,29.2,,13.63,8.88,11.94,7.35,14.81,17.78,22.82,12.2,13.31,,8.4,32.84,18.65,9.63,8.1,26.0,8.7,19.99,19.6,24.91,13.5,23.51,23.97,,5.81,16.4,28.13,,6.41,4.92,3.73,7.85,8.13,15.0,,11.9,10.7,5.24,13.06,7.5,,6.61,6.06,12.18,11.21,13.29,7.04,8.72,14.93,5.89,19.75,,,5.23,5.0,6.25,13.16,9.95,5.89,4.35,,4.02,10.11,,22.87,,7.45,8.48,5.6,5.93,,,,,12.06,9.58,,7.27,9.17,17.22,,8.32,,8.88,17.99,,6.83,7.53,,18.55,5.89,5.37,,,11.03,,,6.16,13.82,11.8,5.65,6.37,10.28,,15.72,14.86,5.44,8.08,6.67,7.71,7.52,19.17,15.23,,8.72,,12.17,7.34,32.65,9.67,12.77,15.14,7.82,9.03,11.75,,12.45,,17.53,,6.95,9.23,8.58,13.64,,,10.64,,12.08,24.45,41.36,,55.83,29.0,,26.2,19.15,11.51,21.28,,38.33,21.98,8.37,9.19,,10.81,4.57,,,7.27,8.4,8.69,,,11.46,,,6.85,,42.4,,7.29,5.58,,5.9,3.52,12.89,,,,4.59,7.39,7.19,5.98,,33.75,,4.1,,7.69,,,,9.35,3.97,14.0,12.4,8.04,,26.96,21.05,,9.24,5.94,8.64,13.75,9.23,,,11.98,,,,9.14,10.41,18.95,,16.47,,2.86,33.75,12.56,,12.5,10.59,13.97,,23.8,8.94,19.19,13.42,,9.67,8.24,6.19,,,,,9.47,,9.95,14.98,34.32,,,,,15.18,,8.74,9.37,,15.4,10.97,,,8.08,,19.08,16.73,12.6,7.08,,,10.64,16.85,34.44,68.96,,,13.59,,10.9,,,17.87,19.07,16.73,,,9.73,10.8,14.78,7.37,5.99,,,11.67,9.46,5.0,9.32,8.63,11.84,,,10.12,21.05,6.08,5.85,,18.54,4.23,3.31,9.95,,,5.48,4.87,3.06,,20.13,8.44,6.54,14.54,,,5.36,,3.93,,,,4.59,11.73,13.24,24.11,,2.54,2.15,2.29,11.83,,,,5.85,,5.84,5.34,,9.77,6.76,6.82,3.36,,11.95,6.18,3.72,,,26.66,5.65,,,10.2,,,,4.93,8.29,5.55,5.03,3.2,7.66,6.6,7.34,12.61,,7.56,10.89,18.25,,5.45,7.51,8.6,8.3,6.32,6.99,5.75,,,5.43,8.79,3.44,2.13,6.78,,,15.92,4.31,5.88,,,11.6,9.67,,16.7,31.55,9.15,,,,,7.99,5.87,,,,8.65,7.3,,7.75,,9.96,8.25,12.13,6.91,,,19.39,,11.8,,19.96,8.41,,7.59,8.95,7.87,,,,17.16,3.56,3.68,22.22,3.59,8.44,12.6,13.33,3.38,4.18,4.08,,6.08,5.75,4.37,5.34,,3.14,21.97,10.4,,8.23,,,10.79,36.32,,4.47,11.65,24.85,8.23,,2.49,7.24,4.56,8.62,3.22,6.12,6.73,,8.2,,6.37,9.8,9.07,4.71,11.48,11.96,11.07,,5.78,5.7,,4.06,,17.61,,3.08,,7.64,5.37,6.25,20.58,4.69,9.23,18.79,,,7.26,6.03,16.9,,12.63,3.96,5.75,,,7.57,,8.49,31.98,,,,5.52,,15.04,5.28,,6.12,,,5.18,4.19,,,4.09,4.33,19.34,6.2,7.25,6.32,,,,,5.63,14.73,13.07,4.25,10.15,8.35,,11.06,7.26,,9.09,3.64,7.17,6.02,7.67,,,4.12,6.22,11.19,7.65,2.97,4.83,5.03,12.15,,,7.84,3.81,6.08,8.46,11.74,,,11.08,17.9,4.31,2.52,,2.03,5.17,5.98,2.9,,9.45,,9.39,,9.08,7.52,25.17,,3.61,3.72,8.95,4.19,11.89,11.35,24.85,4.1,4.98,9.46,,20.13,,,3.65,,9.49,,5.35,23.23,,7.42,,3.41,8.6,14.16,5.83,13.23,18.08,7.55,6.62,8.75,7.44,,,4.79,19.72,5.33,,6.18,,11.99,2.61,,,4.3,4.48,28.0,103.99,6.64,,9.55,3.75,10.28,24.76,3.3,8.49,,,4.52,10.78,3.83,,11.06,9.13,,12.9,,5.61,7.56,13.09,,10.8,7.55,3.42,,8.03,2.72,2.29,,5.37,6.47,8.35,11.13,,1.87,34.51,15.62,10.91,10.36,,3.93,3.41,3.88,6.01,,9.72,6.05,21.01,,21.68,30.6,17.26,17.24,5.75,3.13,2.43,9.2,,16.44,24.08,,,,,,,,6.79,11.31,,10.74,,28.34,,,9.27
2013-11-04,,,,,9.62,,12.38,17.4,,28.44,16.0,14.2,25.99,,12.73,22.45,25.06,,,52.5,24.88,,36.7,,15.27,16.05,8.38,73.71,12.52,,12.72,10.39,20.05,,12.77,,34.93,,22.5,11.36,30.33,40.96,45.66,,18.08,,31.37,59.87,60.6,2.36,3.16,6.76,3.56,4.25,,5.55,11.8,,19.44,7.31,,,,7.54,7.28,6.3,,14.45,19.99,8.3,17.87,,5.64,,24.75,7.23,7.81,,19.13,7.75,24.28,7.85,9.2,16.38,13.05,,,,18.0,9.95,,8.31,6.48,13.74,13.18,9.09,6.44,29.43,9.91,13.24,,13.98,9.33,,15.09,,9.29,15.22,6.51,10.56,4.98,,,5.64,11.2,,10.13,23.18,12.63,7.72,10.13,,23.83,8.78,,15.65,15.71,,,,8.92,12.85,,9.9,11.77,10.58,23.36,18.15,6.7,28.08,7.15,11.63,12.62,12.27,11.95,13.51,25.19,21.03,16.8,15.41,7.88,16.59,10.06,14.38,7.85,15.0,32.97,,21.5,,22.08,,7.88,,8.63,6.8,,11.12,29.75,11.27,22.62,8.16,16.57,12.12,15.04,15.87,9.87,8.2,18.2,14.16,,9.41,27.0,28.87,,10.23,4.61,12.97,24.5,9.71,,14.36,12.46,,13.94,,,,10.44,,35.49,8.97,35.55,8.34,,,10.08,4.35,14.25,,8.65,6.48,27.01,28.2,,13.95,9.0,12.14,7.47,15.33,18.12,23.95,12.3,13.4,,8.44,32.0,19.58,9.68,8.18,27.0,8.8,20.63,19.77,26.49,13.45,23.8,24.45,,5.73,16.56,27.82,,6.32,4.97,3.76,8.22,8.02,14.9,,12.13,10.81,5.27,13.0,7.18,,6.71,6.17,12.21,11.0,13.65,6.69,8.75,15.16,6.03,18.96,,,,5.3,6.42,13.2,9.87,5.96,4.32,,4.04,10.18,,22.69,,7.5,8.51,5.74,6.23,,,,,12.31,9.73,,7.34,9.31,17.14,,8.65,,9.02,18.37,,6.9,7.65,,18.6,5.91,5.44,,,11.31,,5.25,6.78,13.95,12.18,5.68,6.38,11.31,,15.53,14.97,5.51,8.45,6.74,7.84,7.6,20.74,15.6,,8.8,,12.35,7.4,33.0,9.54,,15.22,7.81,9.13,12.0,,12.56,,16.53,,7.18,9.28,8.55,14.2,,,10.68,,11.85,24.7,41.88,,55.48,26.27,,26.26,19.65,11.23,21.88,,36.88,23.07,8.46,9.15,,10.81,4.59,,,7.35,8.47,8.73,,,11.59,,,6.95,,42.25,,7.36,5.6,,6.05,3.49,12.88,,,,4.61,7.42,7.27,6.15,10.83,33.53,,4.11,,7.56,37.67,11.42,,9.45,4.01,14.39,11.95,8.13,,,20.68,,9.33,5.99,8.7,13.29,9.3,,,12.0,,,,9.13,10.51,19.3,,16.2,7.31,2.89,34.2,12.61,,12.61,10.79,14.07,,24.82,8.94,18.95,13.52,,9.74,8.32,6.2,,,,,9.5,,10.0,15.1,35.5,,,,,14.58,,8.9,9.85,,14.98,10.98,,,8.44,,19.5,16.73,12.78,7.3,,,10.64,17.39,34.81,70.31,,21.76,13.4,,11.18,,,18.8,19.08,16.92,,,9.93,10.81,14.58,7.34,5.91,,,11.46,9.45,5.13,9.16,8.57,11.75,,,9.97,20.75,6.15,6.44,,18.35,4.28,3.3,10.05,,,5.36,5.23,3.08,,19.76,8.52,6.61,14.55,,,5.45,,3.95,,,,4.61,11.92,13.31,24.07,,2.55,2.16,2.29,12.92,,,,5.8,,5.96,5.55,,9.81,6.86,6.87,3.37,,12.35,6.21,3.72,,,25.81,5.61,,,10.56,,,,4.84,8.2,5.55,5.07,3.19,7.81,6.61,7.38,12.67,,7.63,11.05,18.81,,5.52,7.77,8.68,8.19,6.08,6.97,5.81,,,5.45,8.88,3.42,2.12,6.85,,,15.41,4.31,6.11,,,11.82,10.06,,16.98,31.85,8.94,,,,,8.1,5.96,,,,8.58,7.16,,7.95,,9.95,8.22,12.21,7.0,,,19.72,,11.78,,20.03,8.33,,7.73,9.02,8.02,,,,17.08,3.61,3.86,22.81,3.62,8.52,13.24,13.51,3.36,4.15,4.1,,6.09,5.72,4.39,5.35,,3.13,20.87,10.47,,8.25,,,10.91,36.24,,4.43,11.73,24.81,8.44,,2.47,7.39,4.62,8.55,3.22,6.1,6.83,,8.13,,6.37,9.84,9.23,4.83,11.58,12.0,11.5,,5.73,5.74,,4.09,,17.79,,3.08,,7.68,5.37,6.21,20.67,4.89,9.18,18.68,,,7.35,6.02,16.93,,12.83,3.96,6.01,15.23,,7.65,,8.54,32.14,,,,5.67,,14.94,5.81,,6.08,,5.53,5.23,4.2,,,4.16,4.33,19.22,6.23,7.32,6.23,,,,,5.65,14.94,13.04,4.38,10.1,8.4,,11.27,7.34,,9.07,3.57,7.15,6.17,7.91,,,4.12,6.23,11.32,8.06,2.97,4.78,5.02,12.22,2.72,,8.09,3.82,6.12,8.42,12.0,,,11.0,18.22,4.37,2.52,,2.02,5.28,6.01,2.91,,9.62,,9.2,,9.19,7.61,24.8,,3.63,3.73,8.93,4.21,11.53,11.42,24.76,4.14,4.92,10.06,,19.61,,,3.69,,9.56,,5.34,22.93,,7.4,,3.45,8.5,14.19,5.88,13.28,18.09,7.41,6.64,8.84,7.45,,,4.75,20.97,5.45,,6.3,,12.38,2.6,,,4.24,4.48,27.5,100.2,6.71,,9.97,3.73,10.42,26.0,3.27,8.59,,,4.56,10.93,3.86,,11.27,9.23,,12.8,,5.73,8.01,13.25,,10.63,7.64,3.36,,7.98,2.75,2.28,,5.37,6.6,8.15,11.54,,1.87,35.46,15.46,11.05,10.43,,3.97,3.4,3.9,6.03,,9.93,6.26,21.0,,22.23,30.86,17.29,17.53,5.63,3.15,2.41,9.27,,16.48,24.48,,,,,,,,6.82,11.26,,10.75,,28.9,,,9.42
2013-11-05,,,,,9.69,,12.45,17.45,,29.45,16.69,14.6,26.9,,13.04,23.09,25.41,,,53.6,26.48,,37.77,,15.66,16.5,8.6,74.99,12.75,,13.0,10.65,20.35,,13.15,,35.9,,23.04,11.47,33.36,42.19,46.46,,18.1,,32.52,61.7,60.0,2.36,3.18,6.77,3.57,4.21,7.22,5.56,12.13,15.8,19.57,7.33,,,,8.04,7.33,6.31,,14.36,20.43,8.31,17.89,,5.67,,25.27,7.41,8.17,,19.58,7.78,24.37,7.95,9.1,16.51,13.19,,,,18.7,10.3,,8.59,6.5,13.84,13.69,9.16,6.53,30.88,10.05,13.59,,14.05,9.5,,16.6,,9.44,15.23,6.41,10.6,5.05,,,5.67,11.35,,10.1,23.61,12.73,7.77,10.12,,25.09,8.95,,15.75,15.71,,,,8.94,13.2,,9.93,12.01,10.52,23.75,18.1,6.76,28.87,7.4,11.49,12.83,12.38,12.24,13.5,25.25,21.32,17.29,15.67,7.92,16.95,10.1,14.31,8.06,15.16,33.11,,21.16,,22.58,,7.95,,8.83,6.85,,11.19,31.28,12.1,24.1,8.47,16.5,12.31,16.0,16.48,10.48,8.41,18.9,14.2,,9.62,28.98,29.79,,10.32,4.65,13.45,25.6,9.84,,14.65,12.79,,13.9,,,,10.54,,38.6,9.14,36.68,8.5,,,10.91,4.44,14.46,,8.84,6.61,28.3,28.58,,14.27,9.09,12.59,7.47,16.15,18.18,24.83,12.52,13.63,,8.44,32.3,19.99,9.81,8.34,27.6,9.02,21.42,19.9,27.2,13.68,24.01,25.0,,5.8,16.98,28.14,,6.3,5.0,4.14,8.46,8.15,15.06,,12.32,10.72,5.38,13.13,7.12,,6.95,6.37,12.28,10.89,13.81,6.36,8.95,15.48,6.09,19.46,,,5.35,5.35,6.43,13.02,9.75,6.1,4.3,,4.05,10.25,,23.79,,7.4,8.6,5.76,6.24,,,,,12.5,9.59,,7.37,9.21,17.35,,9.52,,9.1,18.96,,7.19,7.89,,18.92,5.9,5.65,,,11.48,,5.78,6.86,14.11,12.24,5.71,6.66,12.44,,15.58,14.94,5.52,8.46,6.73,8.1,7.65,21.2,15.89,,8.89,,12.46,7.57,33.83,9.33,,15.22,7.79,9.21,11.99,,12.41,,16.98,,7.18,8.83,8.54,14.29,,,10.86,,11.94,25.25,42.09,,56.17,28.9,,25.89,20.19,11.31,22.15,,37.21,23.26,8.7,9.26,,10.82,4.66,6.75,,7.38,8.5,8.82,,,11.71,,,7.03,,42.75,,7.51,5.61,,6.25,3.6,13.21,,,,4.63,7.52,7.29,6.09,10.5,33.7,,4.09,,7.54,41.44,11.33,,9.41,4.03,14.58,12.33,8.13,,,21.36,,9.27,6.08,8.67,13.9,9.44,,,12.0,,,7.5,9.09,10.5,19.21,,16.51,7.42,3.03,34.66,12.72,,12.85,11.14,14.24,,24.82,8.97,19.16,13.62,,10.06,8.33,6.23,,,,,9.85,,9.81,15.29,39.05,30.01,,,,15.09,,9.01,10.04,,15.74,11.19,,,8.56,,20.89,16.9,12.91,7.27,,,10.74,18.06,34.88,71.47,,22.68,13.4,,11.52,,,19.39,20.07,17.59,,,10.23,10.86,15.2,7.26,6.03,,,11.61,9.46,5.16,9.68,8.67,11.61,,,10.35,20.78,6.18,6.55,,18.95,4.35,3.31,9.88,,,5.23,5.22,3.1,,20.44,8.53,6.73,14.39,,,5.57,,3.98,,,,4.64,12.01,13.29,24.29,,2.55,2.16,2.28,14.21,,,,5.82,,6.15,5.55,,9.85,7.14,7.06,3.37,,12.57,6.25,3.72,8.66,,26.14,5.62,,,11.0,,,,4.88,8.16,5.55,5.15,3.22,7.99,6.62,7.75,12.8,,7.82,11.51,19.01,,5.59,7.79,9.1,8.11,6.07,7.01,5.86,,,5.49,8.93,3.43,2.13,6.83,,,15.94,4.74,6.07,,,11.59,10.26,,17.38,33.69,8.96,,,,,8.3,5.97,,,,8.57,7.4,,8.03,,9.94,8.22,12.54,7.09,,,20.77,,12.11,,20.57,8.33,,8.15,8.91,7.98,,,,16.94,3.62,3.93,22.73,3.63,8.69,13.39,13.28,3.35,4.17,4.1,,6.09,5.76,4.45,5.38,,3.16,21.23,10.58,,8.33,,,10.82,37.7,,4.47,12.04,25.82,8.46,,2.5,7.54,4.72,8.7,3.21,6.1,6.83,19.39,8.13,,6.5,9.81,9.36,4.89,11.78,12.13,11.8,,5.83,5.73,,4.14,,17.83,,3.1,,7.67,5.39,6.26,21.08,4.88,9.44,19.12,,,7.38,6.04,17.04,,13.02,4.01,6.58,15.41,,7.75,,8.85,32.64,,,,5.72,,14.98,6.04,8.44,6.22,,5.65,5.26,4.31,,,4.15,4.4,19.21,6.29,7.33,6.29,,,,,5.74,14.98,13.1,4.4,10.12,8.39,,11.31,7.41,,9.31,3.58,7.1,6.16,8.09,,,4.17,6.26,11.38,8.15,2.97,4.98,5.02,12.21,2.73,,8.15,3.84,6.19,7.1,12.11,,,11.33,18.19,4.36,2.53,,2.04,5.42,6.17,2.93,,9.74,,9.2,,9.38,7.63,24.84,,3.66,3.77,8.95,4.28,11.69,11.7,24.8,4.19,4.92,10.17,,19.95,,,3.76,,10.19,,5.43,23.72,,7.39,,3.45,8.44,13.84,6.07,13.22,18.11,7.61,6.57,8.73,7.47,,,4.77,21.39,5.46,,6.71,,12.47,2.64,,,4.24,4.5,,100.0,6.67,,10.22,3.69,10.41,25.76,3.37,8.52,,,4.57,11.03,3.86,,11.41,9.45,,13.05,,5.93,8.1,13.34,,10.79,7.6,3.38,,8.13,2.74,2.27,,5.38,6.78,8.3,12.22,,1.87,35.27,15.54,11.05,10.46,,4.01,3.4,3.88,6.02,,9.95,6.4,21.05,,22.25,29.87,17.18,17.76,5.55,3.15,2.41,9.35,,16.48,25.1,,,,,,,,6.89,11.33,,10.66,,29.1,,,9.49
2013-11-06,,,27.17,,10.22,,12.56,17.4,,29.46,16.11,14.48,26.96,,12.91,23.31,25.0,,,52.38,26.46,,36.88,,15.57,17.45,8.97,71.2,12.9,,12.88,10.71,20.9,,13.05,,35.85,,22.95,11.4,31.85,40.7,46.98,,19.58,,32.2,60.4,57.7,2.35,3.13,6.68,3.7,4.14,7.33,5.6,12.02,15.85,19.73,7.25,,,,7.95,7.24,6.33,,14.22,19.91,8.3,18.02,,5.64,,25.1,7.6,8.33,,19.5,7.77,24.4,7.92,8.98,16.51,13.01,,,,17.46,10.21,,8.59,6.31,13.71,15.06,9.06,6.65,29.76,10.1,13.45,,14.42,9.34,,18.26,,9.27,15.4,6.48,10.47,4.99,,,5.63,11.56,,9.83,25.97,12.97,7.72,9.98,,24.76,8.93,,15.3,15.33,,,,8.81,12.6,,10.0,11.85,10.25,23.54,18.27,6.73,29.33,7.21,11.36,12.85,12.29,12.75,13.25,24.91,21.71,17.91,15.54,7.92,16.51,10.24,14.2,7.94,15.0,31.72,,21.12,,23.85,,8.0,,8.64,6.71,,11.08,31.46,11.6,22.9,8.25,15.83,12.11,15.64,16.55,10.69,8.4,18.3,14.06,,9.3,29.4,29.42,,10.18,4.75,13.34,24.72,9.82,,14.6,13.1,,13.64,,,,10.46,26.78,36.84,9.12,37.19,8.5,,,11.35,4.31,14.52,,8.62,6.82,26.2,28.75,,13.96,8.8,12.36,7.36,15.95,17.5,24.42,13.77,13.15,,8.28,31.25,20.58,9.51,8.5,28.27,8.89,21.52,19.85,26.85,13.97,23.39,25.34,,5.77,16.69,27.2,,6.08,4.95,4.04,8.3,8.35,15.17,,12.36,10.63,5.33,13.07,7.29,,6.9,6.54,12.49,10.98,12.9,6.68,8.87,15.55,6.19,18.0,,,5.33,5.31,6.29,12.96,9.71,6.03,4.34,,4.01,10.03,8.01,23.8,,7.39,8.39,5.8,6.13,,,,,13.75,9.7,,7.27,9.21,16.8,,10.47,13.15,8.93,19.21,,7.19,7.9,,19.15,5.75,5.61,6.45,,11.57,,6.36,7.02,14.0,12.57,5.57,6.64,13.03,,15.54,15.53,5.44,8.23,6.79,8.08,7.6,21.67,15.66,,8.8,,12.43,7.48,33.96,9.08,,15.09,7.74,9.17,11.89,,12.18,,17.5,,7.12,8.94,8.63,14.27,,,10.71,,12.69,25.28,41.0,,55.01,29.0,,25.91,20.24,11.1,20.8,,37.05,23.42,8.6,9.09,,10.72,4.6,6.43,,7.28,8.56,8.66,,,11.52,,,6.86,,43.2,,7.44,5.63,,6.42,3.62,13.19,,,,4.63,7.48,7.2,6.21,10.53,33.43,,4.11,,7.43,41.05,11.32,,9.2,4.07,14.17,12.03,8.1,,,20.72,,9.37,6.02,8.54,13.89,9.37,,,11.7,,,8.25,9.06,10.14,19.0,,16.48,7.35,3.0,33.92,12.61,,13.15,11.26,14.2,,24.35,8.81,19.19,13.53,,9.8,8.29,6.18,,,,,9.65,16.43,9.58,15.18,37.4,30.75,,,,14.86,9.41,8.98,9.83,,15.29,11.12,,,8.43,,21.72,16.24,13.2,7.32,,,10.96,17.98,34.53,70.5,,22.4,13.0,,11.35,,,18.88,19.77,17.14,,,10.08,10.76,14.66,7.31,5.94,,,11.46,9.18,5.05,9.23,8.55,11.3,,7.43,10.68,20.59,6.1,6.34,,18.26,4.25,3.26,9.74,,,5.28,5.09,3.07,,19.64,8.67,6.54,14.39,,,5.47,,4.38,,,,4.67,12.0,13.42,24.26,,2.56,2.18,2.26,14.01,,,,5.77,,5.95,5.43,,9.73,7.03,7.03,3.34,,12.58,6.26,3.72,8.39,,27.0,5.53,,,11.11,,,,4.87,8.02,5.54,5.06,3.22,8.11,6.54,7.9,12.93,,7.59,11.26,18.51,,5.5,7.59,8.96,7.97,6.12,7.0,5.86,,,5.51,8.87,3.38,2.11,6.86,,,15.25,4.6,6.0,,,10.92,10.46,,18.07,32.78,8.65,,,,,8.29,5.84,,,,8.52,7.29,,7.98,,10.26,8.15,12.62,6.94,9.94,,21.38,,12.4,,20.02,8.13,,8.05,8.54,7.93,,,,17.01,3.69,3.93,22.89,3.64,8.59,13.43,13.06,3.23,4.06,4.14,,6.06,5.75,4.37,5.4,,3.13,21.52,10.55,,8.22,,,10.86,35.87,,4.39,11.38,25.86,8.54,,2.45,7.53,4.64,8.67,3.19,6.07,6.78,18.57,8.14,2.99,6.29,9.67,9.14,4.83,11.79,12.3,11.79,,5.58,5.65,,4.12,,17.81,,3.04,,7.69,5.45,6.28,20.65,4.86,9.22,18.9,,,7.3,6.08,17.86,,13.08,4.41,6.1,15.03,,7.63,,8.69,32.6,,,,5.57,,14.81,5.89,8.59,6.11,,5.52,5.13,4.26,,,4.16,4.55,19.19,6.35,7.48,6.19,8.75,,,,5.8,14.74,13.07,4.41,9.94,8.33,,10.96,7.21,,9.43,3.4,7.01,6.24,8.25,,,4.2,6.23,11.25,7.89,2.95,5.01,5.13,12.14,2.74,4.99,7.84,3.83,6.13,6.82,11.88,,,10.94,18.03,4.31,2.54,,2.02,5.06,6.01,2.89,,9.81,,9.02,,9.26,7.55,23.97,,3.73,3.81,8.78,4.24,12.27,11.93,24.87,4.19,4.85,9.93,,19.55,,,3.71,9.11,10.0,,5.36,23.2,,7.36,7.96,3.38,8.32,13.88,6.1,13.12,17.76,7.68,6.85,8.52,7.41,,,4.79,21.3,5.46,,6.39,,12.38,2.63,,,4.16,4.48,,96.88,6.63,,9.92,3.63,10.34,25.75,3.34,8.33,,,4.52,11.0,3.84,,11.17,9.27,,12.87,,5.95,7.84,13.4,,10.6,7.53,3.41,,7.78,2.72,2.29,,5.35,6.72,8.23,11.78,,1.86,35.18,15.44,10.77,10.34,,4.01,3.41,3.74,5.91,,9.92,6.44,21.11,,21.35,29.3,17.01,17.68,5.44,3.15,2.39,9.42,,16.68,24.8,,,,,,,,6.83,11.23,,10.6,,28.75,,,9.35
2013-11-07,,,26.3,,10.17,,12.21,17.1,,29.5,16.17,14.49,26.5,,13.0,22.37,25.88,,,50.74,26.0,,37.02,,15.22,17.2,8.81,69.6,12.32,,12.6,10.64,19.98,,12.93,,35.22,,22.79,11.07,31.89,42.12,45.0,,19.95,,31.35,60.5,57.71,2.33,3.1,6.54,3.49,4.13,7.08,5.64,12.47,15.56,18.88,7.12,,,,8.13,6.92,6.26,,13.56,20.3,8.23,17.0,,5.55,,24.11,7.83,8.03,,18.68,7.8,24.07,7.71,8.78,15.96,12.97,,,,17.06,10.35,,8.26,6.3,13.44,14.79,8.93,6.66,30.0,9.48,13.15,,14.32,9.26,13.1,17.89,,9.27,14.85,6.36,10.46,4.9,,,5.48,11.22,,9.64,24.04,13.14,7.7,9.79,,25.33,8.58,,15.05,15.29,,,,8.76,12.28,,9.83,11.51,9.7,23.05,17.93,6.56,28.7,7.02,11.33,12.35,12.26,12.54,12.7,24.9,21.68,17.65,16.88,7.82,15.65,9.86,13.98,7.79,14.7,30.55,,20.85,,23.33,,8.03,,8.43,6.57,,10.71,30.3,11.82,23.0,8.08,15.33,11.65,15.45,15.9,10.91,8.24,18.0,13.88,,8.92,29.99,29.19,,9.86,4.68,13.0,24.29,9.75,,14.53,12.57,,13.4,,,,10.75,26.76,37.78,8.92,35.47,8.53,,,11.01,4.39,14.4,,8.5,6.63,28.82,28.38,,14.1,8.67,12.5,7.13,16.0,17.5,23.48,13.93,12.74,,8.21,32.69,20.24,9.47,8.65,29.11,8.99,21.84,19.48,27.0,13.68,,25.64,,5.52,16.75,25.95,,6.02,4.88,4.0,8.35,8.43,14.75,,12.12,10.22,5.36,12.75,7.05,,6.82,6.47,12.2,10.66,12.77,6.67,8.79,15.3,6.26,18.03,,,5.38,5.4,6.14,12.7,9.58,5.92,4.36,,3.93,9.98,7.9,23.26,,7.3,8.49,5.58,6.04,,,,10.55,14.4,9.31,,7.06,9.1,15.95,,10.2,13.3,8.93,18.25,,7.34,7.85,,18.8,5.68,5.3,5.98,,11.55,,7.0,6.91,13.84,12.8,5.68,6.52,12.71,,14.83,,5.35,8.4,7.02,8.0,7.73,20.35,15.36,,8.72,,12.24,7.3,34.6,8.6,,14.98,7.69,9.08,11.82,,11.71,,17.23,,6.89,8.8,8.58,13.62,,,10.46,5.23,12.62,25.4,40.3,,53.99,30.02,,26.98,20.08,10.22,20.73,,36.13,22.6,8.38,8.99,,10.47,4.66,7.07,,7.03,8.47,8.47,,,11.39,,,6.61,,42.3,,7.52,5.44,,6.38,3.51,12.82,,,,4.57,7.3,7.04,6.0,10.35,32.63,,4.14,,7.26,40.8,11.06,7.88,9.32,4.04,14.01,11.83,8.08,,,20.77,,9.35,6.0,8.45,13.4,9.39,,,11.6,,,9.08,9.07,10.18,18.72,,16.21,7.25,2.98,32.0,12.69,,12.71,11.04,14.54,,24.17,8.54,18.45,13.26,,9.61,8.07,6.1,,,,,9.49,15.81,9.75,14.72,37.46,30.8,,,,14.94,9.23,8.82,9.83,,15.2,11.06,,,8.18,,23.24,15.67,12.87,7.38,,,11.05,16.6,34.06,68.0,,21.36,12.84,,11.15,,,18.57,19.22,16.78,,,9.86,10.44,14.19,7.08,5.94,,,11.56,9.16,4.98,9.22,8.27,10.97,,7.58,10.51,20.19,5.98,6.33,,17.81,4.16,3.19,9.57,,,5.28,4.93,3.03,,18.95,8.82,6.37,14.3,,,5.4,,4.23,,,,4.59,11.85,13.38,23.3,,2.49,2.14,2.27,13.45,,,,5.74,,5.84,5.24,,9.75,6.89,6.84,3.28,,12.99,6.19,3.65,8.54,,25.84,5.54,,,10.54,,,,4.9,8.0,5.49,4.98,3.16,8.27,6.53,7.84,12.94,,7.47,11.27,17.67,,5.3,7.43,9.03,7.82,6.08,6.9,5.93,,,5.51,9.04,3.33,2.09,6.74,,,14.7,4.54,6.04,,,10.16,10.29,,17.69,32.51,8.32,,,,,7.97,5.96,,,,8.6,7.06,,8.04,,10.07,8.23,13.59,6.74,10.06,,20.14,,12.51,,18.96,7.9,,8.22,8.46,7.72,,,,16.73,3.75,3.96,22.8,3.56,8.54,12.97,12.67,3.18,4.12,4.08,,6.0,5.74,4.27,5.35,,3.08,21.56,10.48,,7.99,,11.53,10.79,35.53,,4.3,11.83,25.3,8.28,,2.54,7.31,4.65,8.56,3.16,5.95,6.63,18.42,8.04,2.93,6.44,9.19,8.85,4.63,11.72,12.62,11.8,,5.36,5.51,,4.05,,17.12,,3.04,,7.62,5.47,6.25,20.36,4.7,9.04,18.7,,,7.02,6.08,17.93,,12.85,4.2,5.9,14.56,,7.55,,8.37,32.01,,,,5.79,,14.14,,8.38,5.92,,5.39,4.93,4.26,,,4.13,4.5,19.28,6.33,7.36,6.21,8.51,,,,5.77,14.68,12.83,4.33,9.71,8.17,,10.84,7.06,,9.05,3.31,6.95,6.34,8.11,,,4.16,6.12,10.96,7.85,3.03,4.91,5.17,12.0,2.7,4.87,7.73,3.78,6.09,6.7,11.55,,,10.72,17.54,4.21,2.48,,2.01,5.01,6.05,2.87,,9.74,,8.97,,9.01,7.42,23.88,,3.82,3.78,8.63,4.2,12.15,11.5,26.68,4.13,4.9,10.0,,19.47,,,3.65,8.87,9.71,,5.15,23.35,,7.22,7.58,3.26,8.15,13.7,6.0,12.89,17.35,7.52,6.91,8.44,7.53,,,4.77,20.98,5.36,,6.04,,12.12,2.64,,,4.06,4.46,,96.97,6.45,,9.7,3.57,10.03,26.46,3.28,8.14,,,4.48,10.77,3.81,,10.81,9.1,,12.7,,5.85,7.83,13.09,,10.29,7.16,3.43,,7.56,2.67,2.27,,5.24,6.76,8.23,11.47,,1.85,35.08,15.35,10.56,10.1,,3.98,3.34,3.61,5.87,,9.71,6.31,21.05,,21.65,29.01,17.02,17.45,5.35,3.12,2.34,10.13,,16.94,,,,,,,,,6.83,11.45,,10.48,,28.01,,,9.3
2013-11-08,,,27.68,,9.97,,12.4,16.95,,29.28,16.42,14.18,28.37,,12.98,21.15,25.4,,,48.51,25.11,,36.91,,14.67,17.04,8.7,70.0,12.05,,12.85,10.85,20.11,,12.16,,34.39,,22.05,10.98,32.28,43.15,43.3,,19.9,,31.0,61.24,57.73,2.31,3.04,6.5,3.43,4.08,6.54,6.2,12.36,15.22,17.95,7.05,,,,8.1,7.41,6.23,,13.48,19.59,7.9,16.68,,5.47,,23.7,8.11,7.85,,18.16,7.96,23.91,7.83,8.59,15.97,12.9,,,,17.1,10.17,,8.32,6.23,13.12,14.37,8.8,6.59,28.8,9.17,12.6,,13.77,9.01,13.1,18.1,,9.06,14.48,6.18,10.17,4.85,,,5.4,11.46,,9.38,24.5,12.4,7.63,9.47,,26.08,8.11,,14.79,14.74,,,,8.58,12.08,,9.96,11.57,9.37,22.4,17.8,6.55,30.09,6.77,10.87,12.36,11.89,12.11,12.56,24.97,20.91,17.9,16.4,7.71,15.14,9.72,13.78,7.61,14.38,29.99,,20.2,,23.18,,7.83,,8.54,6.45,,10.41,30.34,11.39,23.02,8.05,15.13,11.25,15.71,15.0,10.64,8.22,18.38,13.39,,8.44,29.62,29.15,,9.83,4.58,13.24,23.98,9.6,,14.78,12.48,,13.01,,,,10.43,26.45,39.43,8.67,31.92,8.25,,,11.18,4.21,14.17,,9.35,6.84,27.4,28.2,,14.43,8.5,12.61,7.1,15.89,16.87,22.22,13.88,12.6,,8.14,31.13,19.55,9.26,8.18,29.5,8.7,22.01,19.26,26.4,13.43,22.6,24.95,,5.5,16.54,25.24,,6.07,4.77,3.83,8.18,8.29,14.5,,11.55,9.93,5.24,12.44,7.0,,6.86,6.39,11.97,10.3,13.4,6.42,8.75,14.65,6.2,17.55,,,5.28,,6.0,12.16,9.39,5.82,4.17,,3.9,9.81,7.83,20.93,,7.24,8.7,5.55,6.21,,,,10.34,13.45,9.16,,7.04,8.95,15.8,,9.61,13.07,8.89,17.83,,8.07,8.11,,18.46,5.69,5.83,5.83,,11.18,,7.7,6.64,13.4,13.27,5.56,6.25,12.49,,14.18,,5.27,8.35,6.81,7.88,7.64,20.0,15.44,,8.79,,12.0,7.15,33.85,8.53,,15.18,7.62,8.77,11.58,,11.37,,17.27,,6.5,8.23,8.43,13.39,,,10.22,5.28,12.88,26.2,40.31,,53.0,32.18,,26.18,20.06,9.66,19.8,,34.59,21.37,8.3,8.75,,10.34,4.43,7.12,,6.83,8.4,8.46,,,11.19,,,6.6,,40.8,,7.65,5.35,,6.54,3.57,12.34,,,,4.52,7.11,6.92,6.18,10.19,32.3,,4.1,,7.2,39.01,11.0,8.1,9.0,4.05,13.66,12.07,7.78,,28.62,20.71,,9.3,5.86,8.38,13.0,9.08,,,11.1,,35.54,9.99,8.79,9.76,17.9,,16.45,7.8,2.91,32.15,12.6,,12.61,11.08,14.19,,23.6,8.27,17.63,12.91,,10.23,7.9,6.05,,,,,9.03,14.92,9.52,14.43,35.78,29.43,,,,14.86,9.11,8.77,9.61,,15.32,10.7,,,8.08,16.18,23.35,15.71,12.68,6.98,,,11.02,16.3,33.94,68.0,,20.9,12.5,,10.78,,,18.26,18.41,16.3,,,9.89,10.33,13.46,7.05,5.96,,,11.3,9.1,4.9,9.15,8.31,10.2,,7.74,10.59,19.6,5.87,6.49,,17.3,4.08,3.16,9.27,,,5.15,4.85,3.02,,18.5,8.38,6.31,14.07,,,5.35,,4.17,,,,4.44,11.83,13.21,21.69,,2.45,2.13,2.28,13.07,,,7.66,5.63,,5.8,5.13,,9.17,6.43,6.78,3.25,,12.77,6.06,3.61,8.11,,24.55,5.48,,,10.47,,,,5.08,7.76,5.34,4.93,3.13,7.95,6.41,7.53,12.89,,7.22,11.45,17.65,,5.2,7.23,9.22,7.58,6.12,6.75,6.08,,,5.3,8.75,3.43,2.07,6.48,,,14.36,4.92,5.86,,,9.86,10.27,,16.71,32.43,8.19,,,,,7.71,5.93,,,,8.45,6.89,,7.95,,9.86,8.18,13.06,6.7,9.69,,18.92,,12.55,,18.0,7.88,,8.24,8.3,7.56,,,,16.8,3.61,3.89,22.2,3.5,8.52,12.86,12.62,3.2,4.18,4.05,,5.85,5.68,4.14,5.26,,3.09,21.4,10.46,,7.85,,10.95,10.38,36.06,,4.24,12.06,24.84,8.25,,2.47,7.21,4.41,8.46,3.13,5.87,6.55,19.21,7.89,2.98,6.76,8.75,8.52,4.68,11.31,12.68,11.75,,5.35,5.54,,3.99,,16.66,,3.05,,7.42,5.46,6.16,20.01,4.68,8.7,18.74,,3.76,7.08,5.91,17.24,,12.88,4.21,6.29,14.46,,7.44,,8.12,31.1,,,,5.69,,14.11,,8.13,5.74,3.25,5.37,5.01,4.17,,,4.06,4.51,18.68,6.15,7.06,6.07,8.55,,,,5.58,14.21,12.73,4.2,9.34,8.03,,10.88,6.84,,8.7,3.32,6.93,6.15,7.83,,,4.05,5.99,10.51,7.81,2.92,5.11,5.08,11.98,2.7,4.89,7.6,4.16,5.91,6.59,11.28,,,10.38,17.46,4.18,2.45,,1.99,5.24,5.71,2.82,,9.35,,8.87,,8.96,7.33,23.4,,3.75,3.74,8.57,4.15,11.54,11.25,26.72,4.08,4.74,10.15,,19.0,,,3.53,9.41,9.66,,5.21,23.6,,7.13,7.49,3.18,8.18,13.36,5.92,12.66,16.48,7.36,6.82,8.26,7.35,,,4.65,20.38,5.25,,6.16,,11.76,2.58,,,4.1,4.37,,97.78,6.41,,9.87,3.59,10.05,26.5,3.26,8.0,,,4.31,10.49,3.74,,10.78,8.94,,12.99,,5.73,7.78,13.36,,10.36,7.2,3.47,,7.26,2.64,2.23,,5.2,6.72,8.1,11.47,,1.83,34.66,15.16,10.35,9.95,,3.86,3.26,3.54,5.83,,9.55,6.32,20.88,,21.6,28.89,16.81,17.34,5.34,3.0,2.31,10.09,,16.55,,,,,,,,,6.77,11.43,,10.33,,28.18,,,9.14
2013-11-11,,,30.45,,9.7,,12.64,17.05,,28.94,16.48,14.28,31.01,,12.75,21.78,25.15,,,48.65,25.74,,36.61,,14.87,17.41,8.89,72.08,12.08,,13.11,11.7,22.12,,12.45,,35.31,,22.98,11.04,31.92,44.3,44.1,,20.13,,33.86,63.3,57.7,2.3,3.07,6.44,3.43,4.08,6.53,6.3,12.55,15.39,18.38,7.15,,,,8.38,7.52,6.37,,13.29,19.58,7.93,17.02,,5.57,,24.08,8.12,8.1,,18.19,7.96,24.51,8.0,8.83,16.28,12.94,,,,17.05,10.1,,8.55,6.25,13.27,14.92,8.96,6.62,28.82,9.27,12.79,,13.88,9.12,12.7,17.89,,9.35,14.95,6.23,10.26,4.9,,,5.46,11.79,,9.4,25.76,12.56,7.62,9.76,,25.11,8.12,,15.14,14.92,,,,8.73,12.17,,10.08,11.53,9.53,22.9,17.8,6.83,31.03,6.89,11.05,12.68,12.05,12.6,12.79,25.19,21.46,18.6,15.94,7.77,15.41,9.8,14.01,7.69,14.38,30.58,,21.79,,24.51,,8.03,,8.89,6.53,,10.69,29.0,11.51,22.16,8.0,15.5,11.75,16.75,15.13,11.11,8.4,18.1,13.62,,8.56,27.31,28.69,,9.98,4.52,13.12,23.2,9.76,,15.07,12.6,,11.88,,,,10.33,26.6,37.9,9.08,32.73,8.26,,,11.49,4.19,14.28,,9.35,,26.8,29.69,,13.91,8.65,12.31,7.19,15.4,17.72,23.51,14.51,12.81,,8.22,30.78,20.66,9.49,8.23,28.59,8.76,21.28,19.42,26.0,13.41,24.0,24.9,,5.51,17.7,24.95,,6.21,4.79,3.86,8.22,8.62,14.63,,11.85,10.12,5.28,12.58,7.14,,6.75,6.48,12.2,10.41,13.18,6.44,8.78,14.67,6.16,18.01,,,5.35,,6.12,12.02,9.45,5.85,4.29,,3.95,10.2,7.74,20.3,,7.29,8.62,5.64,6.2,,,,10.43,13.05,9.21,,7.1,9.14,15.89,,9.9,13.85,,18.1,,8.88,7.89,,18.58,5.81,5.75,5.83,,11.64,,,6.71,13.35,13.6,5.74,6.7,12.8,,14.28,,5.3,8.77,6.69,7.9,7.68,19.98,15.69,,8.73,,12.26,7.32,33.18,8.49,,15.19,7.71,8.9,11.76,,11.57,,18.6,,6.53,8.32,8.53,13.8,,,10.35,5.22,13.8,26.5,41.38,,53.77,31.1,,27.77,20.76,9.58,19.9,,35.5,22.0,8.32,8.83,,10.51,4.45,7.07,,6.96,8.28,8.51,,,11.32,,,6.74,,41.49,,7.68,5.37,,6.65,3.63,12.53,,,,4.57,7.15,6.98,6.74,10.57,32.72,,4.1,,7.23,38.9,11.36,7.71,9.16,4.13,13.91,11.83,7.78,,28.8,19.6,,9.15,5.93,8.62,13.39,9.07,,,11.07,,35.25,10.99,8.82,9.95,18.55,,17.0,7.68,2.9,32.79,12.51,,12.74,11.4,14.23,,25.96,8.44,18.0,13.08,,10.61,8.0,6.14,,,,,9.2,15.31,9.76,14.66,39.36,30.07,,,,15.2,9.28,8.92,9.76,,15.6,10.82,,,8.33,16.8,23.6,16.37,13.09,7.08,,,10.63,16.49,34.79,67.61,,21.23,12.83,,11.22,,,18.62,20.25,16.7,,,10.14,10.43,13.76,7.09,5.83,,,10.17,9.07,4.97,8.52,8.1,10.28,,7.83,10.68,19.56,5.96,6.49,,17.33,4.09,3.27,9.38,,,5.22,4.88,2.99,,18.02,8.42,6.42,14.51,,,5.37,,4.19,,,,4.52,12.22,12.89,21.21,,2.7,2.16,2.26,13.42,,,7.06,5.61,,5.81,5.56,,9.28,6.3,6.71,3.28,,12.6,6.07,3.61,8.2,,25.09,5.47,,,10.6,,,,4.73,7.83,5.21,4.95,3.14,8.03,6.39,7.55,12.82,,7.31,10.68,17.99,,5.25,7.43,8.95,7.63,6.16,6.74,6.07,,,5.24,8.8,3.36,2.07,6.58,,,14.01,4.93,5.92,,,10.02,10.18,,16.73,32.27,8.13,,,,,7.8,5.86,,,,8.35,6.98,13.63,8.13,,9.97,8.22,12.83,6.94,9.86,,19.04,,12.57,,18.4,7.9,,8.64,8.43,7.64,,,,17.19,3.57,4.08,23.34,3.48,8.75,13.14,13.17,3.14,4.11,4.13,,5.85,5.72,4.15,,,3.1,21.52,10.49,,7.76,,10.61,10.47,34.97,,4.17,11.53,23.98,8.22,5.47,2.51,7.25,4.35,8.31,3.12,5.95,6.66,17.52,7.9,3.04,6.6,8.95,8.77,4.71,11.38,12.6,11.61,,5.39,5.51,,4.03,,16.39,,3.06,,7.46,5.55,6.21,19.61,4.7,8.77,18.73,,3.78,7.39,5.9,18.05,,13.21,4.24,6.02,14.31,,7.57,,8.26,31.93,,,,5.65,,14.16,,8.13,5.74,3.26,5.36,5.06,4.19,,,4.11,4.41,18.91,6.22,7.24,6.09,8.42,,,,5.64,15.09,12.72,4.15,9.43,8.09,,10.87,6.89,,8.72,3.28,7.05,6.03,8.06,,,4.12,6.03,10.71,7.95,2.91,5.62,5.16,12.16,2.75,4.95,7.62,4.06,5.97,6.61,12.16,,,10.29,17.65,4.25,2.46,,2.0,5.2,5.54,2.8,,9.36,,8.71,,9.05,7.43,22.47,,3.84,3.72,8.71,4.19,11.92,11.35,26.28,4.07,4.65,9.9,,18.1,,,3.57,9.13,9.8,,5.21,23.75,,7.24,7.43,3.21,8.3,13.49,5.9,12.59,17.01,7.27,7.01,8.33,7.44,,,4.58,20.0,5.4,,6.33,,11.83,2.57,8.0,,4.19,4.36,,100.1,6.32,,9.95,3.74,10.08,26.3,3.26,8.07,,,4.34,10.6,3.74,,10.62,9.08,,13.1,,5.72,7.73,13.1,,10.53,7.15,3.42,,7.3,2.65,2.23,,5.21,6.81,8.15,11.89,,1.82,35.0,14.95,10.19,10.08,,3.9,3.27,3.58,5.82,,9.55,6.42,20.95,,20.77,28.81,16.91,17.4,5.42,3.02,2.32,10.49,,16.45,,,,,,,,,,11.22,,10.34,,28.19,,,9.36
2013-11-12,,,29.76,,9.96,,12.72,17.45,,29.46,16.66,14.95,30.75,,12.92,22.33,25.62,,,47.88,25.71,,37.83,,15.46,17.42,8.86,72.7,12.18,,12.98,11.69,22.65,,12.66,51.67,35.48,,23.49,11.23,33.02,45.58,43.9,,19.33,,33.3,62.45,58.34,2.31,3.09,6.44,3.45,4.1,6.45,6.13,12.54,15.55,18.23,7.24,,,,8.34,7.51,6.39,,13.78,19.28,7.93,17.25,,5.58,,24.2,8.06,8.15,,18.28,8.02,24.89,8.11,8.84,16.39,13.15,,,,17.13,10.16,10.88,8.45,6.32,13.53,14.4,9.0,6.65,29.0,9.34,13.5,,13.68,8.97,12.59,17.83,,9.8,15.1,6.25,10.41,4.93,,11.26,5.5,11.85,,9.64,25.0,12.59,7.6,9.87,,25.44,8.64,,15.44,15.15,,,,8.9,12.52,,10.1,11.61,9.74,23.28,18.28,7.02,30.89,7.3,11.25,12.67,12.26,12.61,13.23,25.47,21.77,18.22,17.15,7.95,15.64,9.93,14.02,7.85,14.46,30.46,,22.18,,24.01,,8.15,,8.86,6.56,,10.97,29.4,11.9,23.5,8.49,16.54,11.9,16.9,15.68,11.77,8.68,18.45,13.9,,8.58,29.01,27.65,,10.31,4.61,13.04,24.28,10.25,,15.53,12.76,,12.03,,,,10.45,27.32,38.25,9.2,32.1,8.41,,,11.16,4.13,14.48,,9.5,6.58,27.19,29.62,,14.18,8.8,12.46,7.39,15.74,19.49,23.53,13.7,12.81,,8.42,31.01,20.4,9.66,8.26,29.08,8.77,22.74,19.54,26.26,13.4,25.2,25.04,,5.53,19.47,25.73,,6.15,4.81,3.74,8.24,8.57,15.14,,11.9,10.29,5.28,12.89,7.19,,6.68,6.35,12.4,10.16,12.56,6.38,8.78,14.41,6.27,17.7,,,5.36,5.51,6.2,11.94,9.61,6.04,4.36,8.61,4.17,10.31,7.81,21.02,,7.23,8.68,5.63,6.27,,,,10.49,13.24,9.3,,7.13,9.1,16.04,,9.96,13.99,,17.46,5.06,8.5,7.5,,19.15,5.86,5.68,5.94,,11.52,,,6.54,13.51,13.6,5.72,6.61,12.56,,14.61,,5.31,8.85,6.72,8.04,7.67,20.38,15.9,,8.8,,12.55,7.39,33.43,8.45,,15.25,7.73,9.03,11.9,,11.5,,18.58,,6.66,8.36,8.6,13.81,,,10.61,5.32,14.41,26.63,41.94,,54.75,29.99,,27.3,21.55,9.82,20.05,,36.02,21.65,8.34,8.92,,10.79,4.39,6.89,,7.02,8.44,8.52,,,11.42,,,6.78,,41.58,,7.6,5.47,,6.6,3.65,12.55,,,,4.59,7.19,7.0,6.64,10.55,32.98,,4.1,,7.22,38.15,11.44,7.7,8.96,4.27,13.91,12.4,7.78,,28.93,19.86,,9.15,6.02,9.14,13.79,9.27,,,11.16,,34.5,11.67,8.88,9.92,18.3,,17.62,7.66,2.95,33.12,12.51,,12.83,11.42,14.52,,25.8,8.47,18.11,13.38,,10.57,8.08,6.26,,,,,9.29,15.28,9.69,14.83,39.49,30.0,,,,15.13,9.6,9.14,9.78,,16.03,11.18,,,8.48,17.41,22.2,16.43,13.48,7.08,,,11.35,17.39,35.2,69.28,,22.0,12.95,,11.08,,,18.54,21.0,17.18,,,10.25,10.56,13.82,7.24,5.86,,,10.04,9.17,4.98,8.74,8.2,10.38,,7.77,10.81,19.76,6.04,6.67,,17.33,4.14,3.29,9.35,,,5.29,4.88,3.03,,18.47,8.4,6.4,14.4,,,5.38,,4.19,,,,4.56,11.92,13.02,21.58,,2.7,2.16,2.26,13.01,,,6.98,5.64,,5.69,5.55,8.48,9.43,6.34,6.81,3.33,,12.93,6.15,3.66,8.13,,25.36,5.59,,,10.37,,,,4.4,8.05,5.27,4.98,3.15,8.06,6.43,7.58,12.84,,7.68,10.45,18.54,,5.24,7.6,8.95,7.78,6.18,6.87,6.19,,,5.34,8.81,3.37,2.07,6.62,,,14.08,4.8,5.99,,,9.96,10.26,,16.85,32.42,8.94,,,,,7.91,5.97,,,,8.42,6.99,13.88,8.02,,10.13,8.26,13.47,7.02,10.24,,18.35,,12.68,,18.42,8.08,,8.62,8.59,7.85,,,,17.5,3.61,4.03,24.47,3.49,8.86,13.13,13.2,3.16,4.12,4.14,,5.92,5.88,4.16,,,3.11,21.26,10.5,,7.8,33.26,10.79,10.54,35.08,,4.22,11.84,23.79,8.51,5.52,2.57,7.28,4.44,8.32,3.14,6.02,6.75,17.96,7.96,3.04,6.72,8.96,8.87,5.02,11.2,12.61,11.96,,5.38,5.53,,4.05,,16.92,,3.11,,7.64,5.53,6.32,19.79,4.83,8.8,18.77,,3.92,7.58,6.02,18.25,,13.7,4.14,6.21,14.51,,7.68,,8.27,33.45,,,,5.59,,14.24,,8.12,5.8,3.29,5.48,5.1,4.28,,,4.16,4.4,18.93,6.32,7.39,6.21,8.54,,,,5.65,15.22,12.79,4.18,9.5,8.2,,10.87,7.06,,8.79,3.35,7.02,6.14,7.88,,,4.14,6.14,10.71,7.79,2.93,5.67,5.39,12.25,2.75,4.9,7.51,4.04,5.99,6.61,11.99,,,10.08,17.83,4.3,2.48,,2.02,5.31,5.6,2.84,,9.39,,8.81,,9.1,7.47,22.5,,3.85,4.01,8.75,4.22,11.72,11.44,26.26,4.11,4.66,9.81,12.94,19.01,,,3.61,9.12,10.03,,5.22,23.85,,7.24,7.48,3.22,8.47,13.62,6.09,12.88,16.8,7.41,6.96,8.39,7.6,,,4.7,21.22,5.38,,6.72,,11.92,2.57,8.02,,4.18,4.37,,99.39,6.37,,10.1,3.71,,26.3,3.29,8.09,,,4.43,10.69,3.8,,10.64,9.09,,13.09,,5.72,7.86,13.14,,10.54,7.37,3.39,,7.43,2.68,2.24,,5.27,6.77,8.29,11.49,,1.84,35.0,14.9,10.28,9.94,,3.94,3.29,3.59,5.84,,9.79,6.51,20.84,,20.5,29.51,17.29,17.93,5.42,3.03,2.36,11.17,,16.49,,,,,,,,,,11.3,,10.48,,28.85,,,9.57
2013-11-13,,,32.74,,9.62,,12.52,17.45,,29.2,15.74,14.73,30.23,,12.36,21.68,26.78,,,47.31,25.6,,37.59,,14.7,17.21,8.42,73.8,13.4,,13.01,11.32,21.33,,12.66,50.96,35.4,,25.43,10.9,31.81,44.65,43.41,,21.26,,32.81,63.1,57.26,2.28,3.07,6.42,3.38,3.95,6.26,5.9,12.3,15.3,18.0,7.05,,,,8.19,7.37,6.27,,13.56,19.69,7.68,16.8,,5.49,,25.4,8.0,7.68,,17.95,7.87,24.58,8.01,8.57,16.5,13.06,,,,16.67,10.06,10.75,7.81,6.21,13.28,13.74,9.0,6.5,27.21,9.12,13.21,,13.42,8.43,11.92,17.44,,9.99,14.66,6.15,10.13,4.86,,10.87,5.43,11.59,,9.39,22.9,12.59,7.42,9.5,,24.4,8.5,,15.44,14.98,,,,8.61,12.25,,9.97,11.34,9.3,22.93,18.34,6.78,31.12,7.1,11.08,12.43,12.22,11.7,12.83,25.18,21.24,17.77,16.73,7.87,15.4,9.59,14.02,7.7,14.45,29.73,,22.51,,25.0,,7.98,,8.51,6.43,,10.91,29.87,12.15,23.19,8.11,16.67,11.46,16.96,15.45,11.41,8.4,18.2,13.45,,8.58,28.6,27.55,,9.91,4.44,12.8,23.56,10.07,,15.16,12.2,,11.85,,,,10.23,27.2,38.91,9.1,31.78,8.58,,,10.82,3.9,14.35,,9.21,6.2,26.73,29.15,,12.98,8.61,11.92,7.26,15.05,19.46,22.9,13.43,12.52,,8.22,30.68,19.44,9.53,7.96,27.94,8.56,22.6,19.91,27.35,12.94,25.26,24.85,,5.41,21.19,25.91,,6.06,4.7,3.56,8.19,8.39,14.68,,11.68,10.03,5.13,12.97,7.17,,6.53,6.23,12.2,9.98,12.53,6.06,8.75,14.65,6.1,17.49,,,5.14,5.26,6.08,11.76,9.5,5.94,4.25,8.4,4.11,10.27,8.0,19.8,,6.89,8.31,5.57,6.31,,,,10.31,11.95,9.15,,7.28,9.06,15.77,,9.54,13.55,,16.15,4.65,8.1,7.2,,18.93,5.79,5.36,5.61,,11.16,,,6.49,13.07,13.21,5.45,6.55,12.02,,14.3,,5.2,8.73,6.49,8.53,7.44,19.5,15.29,,8.75,,12.26,7.42,33.1,8.38,,15.1,7.64,8.84,11.78,,11.43,,18.5,,6.29,8.05,8.45,13.66,,,10.29,5.08,14.06,26.3,41.81,,53.62,30.35,,27.8,20.89,9.5,20.0,,36.06,22.02,8.14,8.73,,10.57,4.31,6.21,,6.82,8.19,8.34,,,11.42,,,6.84,,43.49,,7.36,5.36,,6.45,3.58,12.59,,,,4.5,7.0,6.82,6.8,10.27,34.49,,4.06,,7.05,38.89,11.16,7.32,8.94,4.09,13.53,12.15,7.7,,28.52,19.89,,9.05,5.89,9.07,13.55,9.07,,,10.83,,35.12,11.34,9.17,9.59,18.17,,17.59,7.34,2.86,32.36,12.52,,13.02,11.06,14.06,,25.82,8.32,17.59,13.58,,9.76,8.05,6.08,,,,,9.27,15.06,9.4,14.61,41.65,30.09,14.35,,,14.84,9.42,8.93,10.02,,15.5,11.33,,,8.2,17.05,20.41,16.28,13.44,6.8,,,11.15,17.5,34.54,69.06,,21.21,12.9,18.45,10.96,,,18.39,20.34,17.86,,,9.8,10.39,13.7,7.05,6.1,,,9.95,8.95,4.83,8.67,8.15,9.92,,7.33,11.89,20.0,5.88,6.36,,16.68,4.06,3.2,9.0,,,5.2,4.82,2.99,,18.23,8.61,6.26,14.24,,,5.27,,3.9,,,,4.47,11.17,12.93,22.35,,2.53,2.12,2.23,12.6,,,7.68,5.5,,5.57,5.41,8.39,9.2,6.2,6.67,3.25,,12.51,5.99,3.57,7.69,,24.82,5.63,,,9.46,,,,4.39,7.84,5.2,4.99,3.13,7.76,6.42,7.55,12.53,,7.43,10.14,18.2,,5.1,7.46,8.56,7.65,6.27,6.77,6.15,,,5.15,8.57,3.32,2.03,6.43,,6.35,13.54,4.46,5.99,,,9.56,9.7,,16.85,31.68,8.81,,,,,7.51,5.86,,,,8.28,7.01,13.42,7.84,,9.83,8.28,13.12,6.86,9.92,,17.87,,12.3,,18.13,7.75,,8.54,8.47,7.63,,6.32,12.01,17.62,3.43,4.01,24.55,3.42,8.74,13.12,13.11,3.15,4.04,4.04,,5.93,5.71,4.11,,,3.04,21.42,10.36,,7.67,34.23,10.25,10.38,35.23,,4.15,11.93,23.75,8.19,5.35,2.47,7.33,4.3,7.98,3.1,5.87,6.64,17.51,7.96,3.03,6.71,9.37,9.1,4.82,10.86,12.75,12.36,,5.21,5.44,,3.94,,16.64,,3.04,,7.48,5.42,6.14,19.27,4.74,8.66,18.78,,3.75,7.4,5.89,17.6,,13.97,4.05,5.99,13.94,,7.55,,8.15,32.46,,,,5.39,,14.0,,7.99,5.69,3.26,5.33,5.11,4.14,,,4.02,4.28,18.57,6.17,7.15,6.08,8.49,,,,5.63,15.12,12.55,4.05,9.08,8.01,,10.9,7.08,,8.44,3.33,7.1,5.92,7.77,,,4.06,6.03,10.63,7.43,2.88,5.55,5.26,12.14,2.7,4.76,7.52,3.92,5.86,6.28,11.57,,,10.33,17.86,4.16,2.41,,1.99,5.13,5.49,2.79,,9.25,,8.76,,9.03,7.31,22.35,,3.69,3.82,8.64,4.2,11.44,11.1,25.76,4.06,4.74,9.65,11.65,19.96,,,3.5,9.13,9.71,6.81,5.19,23.82,,7.1,7.01,3.1,8.29,14.19,5.83,12.7,17.05,6.96,6.73,8.03,7.39,,,4.57,20.5,5.29,,6.34,,11.91,2.44,7.98,,4.1,4.3,,98.53,6.21,,9.77,3.57,,26.29,3.28,8.01,,,4.3,10.49,3.72,,10.65,8.82,,12.82,,5.6,7.62,12.89,,10.56,7.2,3.34,,7.05,2.6,2.21,,5.12,6.36,8.35,11.68,,1.81,32.92,14.83,10.25,9.25,,3.9,3.24,3.61,5.78,,9.8,6.45,20.68,,20.4,28.95,17.58,17.67,5.79,3.04,2.28,11.28,,16.39,,,,,,,,,,11.31,,10.27,,27.91,,,9.34
2013-11-14,,,33.41,,9.82,,12.79,18.35,,29.97,15.88,15.18,30.8,,12.7,22.29,27.6,,,48.8,26.4,,39.48,,15.36,17.45,8.55,79.7,14.74,,13.41,11.74,21.7,,13.03,50.35,36.47,,27.97,11.1,32.48,48.46,45.1,,22.5,,34.17,66.87,58.6,2.28,3.06,6.27,3.4,3.97,6.29,5.83,12.19,15.2,18.87,7.14,,,,8.54,7.72,6.4,,13.5,20.49,7.82,17.26,,5.55,,27.94,8.14,7.78,,18.12,8.15,24.98,8.4,8.64,16.67,13.39,,,,15.98,10.15,10.8,8.11,6.3,13.78,14.05,8.92,6.51,27.27,9.17,13.51,,13.21,8.7,12.1,19.18,,10.22,14.87,6.14,10.38,5.01,,11.13,5.5,11.91,,9.55,23.0,12.9,7.5,9.77,,24.18,8.49,,16.26,15.54,,,,8.85,12.32,,10.0,11.42,9.49,24.04,18.85,7.02,32.55,7.44,11.4,12.61,12.52,11.5,13.39,25.02,22.86,18.22,17.08,8.05,15.98,9.65,14.32,7.82,14.78,31.67,,24.17,,25.26,,8.19,,8.61,6.45,,11.26,30.22,13.37,25.44,8.32,17.2,11.7,17.01,16.36,11.98,8.59,18.51,13.46,,8.89,29.3,28.19,10.42,10.28,4.55,12.9,25.92,10.59,,15.68,12.46,,12.14,,,,11.25,26.78,41.32,9.52,33.45,9.09,,,10.85,3.91,14.88,,9.34,6.29,27.61,30.33,,12.82,8.86,11.96,7.5,15.57,20.04,22.8,13.51,12.94,,8.52,32.35,20.25,9.94,8.12,28.49,9.13,23.58,20.08,29.35,13.04,25.42,27.04,,5.51,21.79,26.26,,5.98,4.83,3.66,8.23,8.57,14.96,,11.83,10.09,5.1,13.88,7.22,,6.52,6.31,13.42,10.18,12.53,5.76,8.93,14.73,5.7,17.86,14.92,,5.13,5.31,6.12,12.43,9.53,5.99,4.27,8.53,4.14,10.31,8.04,19.87,,6.9,8.42,5.53,6.35,,,,10.45,12.36,9.38,,7.29,9.11,15.85,,10.49,14.28,,16.46,4.51,8.05,7.08,,18.94,5.83,5.48,5.6,,11.24,,,6.55,13.32,13.22,5.45,6.57,12.47,,14.47,,5.33,8.92,6.52,8.62,7.47,20.53,15.55,,8.83,,12.78,7.72,33.4,8.56,,15.19,7.75,9.08,11.93,,11.46,,18.84,,6.38,8.06,8.6,14.17,,,10.46,5.12,14.5,27.18,44.4,,56.28,30.8,,28.83,21.19,9.87,20.97,,38.81,24.22,8.18,8.73,,10.66,,6.35,,7.03,8.35,8.31,,,11.98,,,6.98,,45.29,,7.36,5.36,,6.45,3.6,12.58,,,,4.5,7.1,6.92,6.8,10.36,36.88,,4.04,,7.07,38.6,11.19,7.18,9.15,4.22,14.59,10.98,7.89,,28.31,20.71,,9.05,5.96,9.49,14.18,9.11,,,11.1,,36.13,10.87,9.31,9.66,18.57,,19.17,7.81,2.91,33.31,12.51,,13.6,11.33,14.33,,26.8,8.51,17.8,14.42,,9.7,8.19,6.22,,,,,9.42,15.8,9.92,14.95,41.21,29.98,15.45,,9.76,15.0,9.97,9.13,10.17,,16.3,11.99,,,8.4,17.46,21.86,16.66,13.75,6.74,,,11.13,17.82,35.06,70.05,,21.87,13.52,18.9,11.27,,,18.88,22.37,19.1,,,10.1,10.7,14.54,7.11,6.07,5.55,,10.06,8.96,4.88,8.88,8.19,10.05,,7.25,12.5,20.36,5.95,6.59,,16.88,4.09,3.24,8.96,,,5.17,4.87,3.03,,18.91,8.88,6.3,14.44,,,5.29,,3.87,,,,4.56,11.27,13.07,24.59,,2.56,2.13,2.22,13.14,,,7.94,5.52,,5.69,5.42,8.37,9.29,6.49,6.65,3.31,,12.7,6.02,3.59,7.81,,25.29,5.92,,,9.66,,,,4.4,7.81,5.3,5.01,3.11,7.83,6.35,7.56,12.91,,7.38,10.32,19.62,,5.17,7.82,8.8,7.7,6.54,6.83,6.22,,,5.14,8.62,3.32,2.04,6.54,,6.99,13.54,4.56,5.98,,,9.69,9.75,,17.06,31.91,8.77,,,,,7.79,6.05,,,,8.26,7.19,13.62,7.82,,9.9,8.36,13.23,6.99,10.09,,18.42,,12.23,,19.39,7.97,,8.65,8.59,7.74,,6.24,12.34,17.75,3.4,3.96,24.06,3.47,8.75,13.27,13.37,3.09,4.05,4.06,,6.06,5.74,4.11,,,3.1,21.27,10.48,,7.63,36.02,10.37,10.58,36.79,,4.18,12.1,23.94,8.7,5.34,2.52,7.42,4.36,8.09,3.1,5.99,6.67,17.67,8.06,3.06,6.63,10.31,9.4,4.84,11.3,12.07,13.6,,5.31,5.5,,3.97,,17.06,,3.09,,7.56,5.48,6.17,19.54,4.74,8.6,18.92,,3.83,7.72,5.94,18.21,,13.85,4.07,5.93,14.39,,7.55,,8.14,33.62,,,,5.4,,14.17,5.6,7.97,5.85,3.26,5.36,5.1,4.16,,,4.05,4.29,18.44,6.23,7.22,6.13,8.94,,,,5.65,14.73,12.66,4.08,9.14,8.03,,10.88,7.12,,8.7,3.36,7.11,5.98,7.8,,,4.05,6.12,10.75,7.49,2.88,5.57,5.3,12.52,2.68,4.7,7.62,3.87,5.9,6.39,11.76,,,10.25,18.43,4.18,2.42,,1.99,5.15,5.61,2.82,,9.18,,8.69,,9.15,7.39,22.01,,3.68,3.83,8.68,4.22,11.62,11.26,25.43,4.06,4.63,9.62,11.41,20.96,,,3.63,9.31,9.86,6.98,5.21,24.32,,7.16,7.06,3.12,8.32,14.14,5.86,12.86,17.48,7.03,6.66,8.05,7.59,,,4.56,20.79,5.27,4.42,6.45,,12.22,2.45,7.82,,4.11,4.37,,100.11,6.21,,9.7,3.66,,,3.28,8.11,,,4.33,10.51,3.76,,10.74,8.93,,12.89,,5.54,7.58,12.9,,10.72,7.22,3.37,,7.15,2.6,2.21,,5.2,6.37,8.39,12.0,,1.82,32.65,15.0,10.1,8.73,,3.97,3.22,3.68,5.71,,10.03,6.74,20.65,,20.53,29.24,18.7,17.96,5.86,3.03,2.32,11.91,,16.65,,,,,,,,,,11.56,,10.27,,28.12,,,9.59
2013-11-15,,,32.25,,10.01,10.59,12.75,18.35,,30.25,16.44,15.54,31.5,,12.96,22.8,27.75,,,49.9,27.16,,39.52,,15.81,17.74,8.78,87.67,16.21,,13.59,12.21,21.21,,13.09,50.23,36.52,,30.77,11.47,34.22,49.8,45.83,,22.98,,34.49,67.4,59.95,2.3,3.11,6.39,3.43,4.03,6.44,5.82,13.05,15.65,19.14,7.26,,,,8.85,7.79,6.49,,14.05,20.69,8.1,17.57,,5.7,,29.5,8.12,7.83,,18.51,8.08,25.32,8.5,8.93,15.88,13.58,,,,16.23,10.34,10.95,8.11,6.38,13.9,14.62,9.1,6.59,27.93,9.35,14.2,,13.5,8.79,12.19,18.39,,10.41,15.05,6.19,10.64,5.07,,11.35,5.59,11.78,,9.77,24.3,13.42,7.6,9.92,,25.28,9.34,,16.27,15.78,,,,9.05,12.52,,10.15,11.78,9.66,24.79,18.9,7.13,33.17,7.58,11.73,12.87,12.62,11.51,13.93,25.29,23.16,18.52,17.34,8.26,16.4,9.92,14.54,7.92,15.23,33.0,,24.68,,25.25,,8.32,,8.85,6.62,,11.43,30.51,14.71,25.64,8.5,16.78,12.0,16.79,16.77,11.85,8.89,19.06,13.29,,9.07,30.99,28.63,10.63,10.46,4.59,13.15,26.93,10.63,,16.08,12.8,,12.65,,,,11.98,27.66,40.9,9.68,33.81,9.03,,,11.15,3.93,15.05,,9.8,6.46,27.92,30.63,,12.95,9.14,12.26,7.62,16.01,20.4,23.58,13.66,13.19,,8.75,32.7,19.08,10.23,8.26,30.1,9.14,24.34,20.14,29.88,13.3,26.28,27.33,,5.69,20.91,26.82,,6.16,4.91,3.64,8.29,8.44,15.47,,12.2,10.21,5.18,14.23,7.35,,6.86,6.33,13.85,10.36,12.59,5.75,9.0,14.97,5.92,18.19,15.1,,5.23,5.4,6.2,12.37,9.68,6.17,4.33,8.62,4.13,10.41,8.2,20.18,,7.08,8.55,5.84,6.5,,,,10.7,12.6,9.37,,7.37,9.13,16.16,,11.1,14.4,,16.44,4.65,8.07,7.17,,19.23,5.89,5.64,5.71,,11.34,,,6.73,13.93,13.17,5.52,6.71,12.22,,14.8,,5.4,9.09,6.67,8.54,7.6,20.46,15.94,,9.02,7.62,12.86,8.49,34.74,8.71,,15.3,7.87,9.17,,,11.8,,19.05,,6.66,8.28,8.76,14.27,,,10.66,5.29,14.9,27.8,44.72,,57.71,30.64,,28.8,21.57,10.12,21.7,,39.07,24.65,8.28,8.9,,10.89,,6.34,,7.09,8.42,8.49,,,12.25,,,7.03,,45.29,,7.45,5.46,,6.55,3.67,12.89,,,,4.55,7.24,7.05,6.51,10.72,36.47,,4.12,,7.21,42.46,11.37,7.38,9.4,4.28,14.76,11.06,7.99,,29.48,20.93,,9.09,6.05,9.65,14.48,9.39,,,11.26,,39.09,10.87,9.43,9.77,18.78,,19.2,7.86,2.99,34.1,12.61,,13.76,11.6,14.5,,26.9,8.64,18.38,14.55,,9.85,8.46,6.38,,,,,9.64,16.42,10.2,15.27,39.45,29.95,15.35,,9.78,15.47,10.1,9.26,10.39,,16.94,12.52,,,8.65,17.63,22.45,16.74,14.0,6.88,,,11.04,18.28,35.32,69.33,,22.75,13.78,18.93,11.78,,,19.0,23.85,19.6,,,10.39,10.89,15.26,7.13,6.25,5.68,,10.09,9.22,4.96,9.47,8.35,10.75,,7.39,13.75,20.64,6.41,6.61,,17.71,4.15,3.3,9.3,,,5.27,4.91,3.16,,19.18,8.94,6.41,14.62,,,5.38,,3.91,,,,4.63,11.34,13.36,26.89,,2.59,2.17,2.24,13.0,,,8.19,5.61,,5.73,5.49,8.52,9.55,6.66,6.8,3.48,,12.93,6.12,3.67,7.93,,25.97,5.97,,,9.85,,,,4.49,7.95,5.48,5.09,3.16,7.89,6.4,7.74,13.18,,7.53,10.31,20.57,,5.28,8.19,9.03,7.93,6.52,6.91,6.19,4.52,,5.29,8.77,3.38,2.07,6.61,,7.41,13.66,4.55,6.05,,,9.86,9.83,,17.18,33.08,8.87,,,,,7.83,6.25,15.22,,,8.39,7.28,14.2,8.01,,10.06,8.46,13.39,7.07,10.15,,18.34,,12.25,,20.14,8.21,17.42,8.71,,7.93,,6.61,12.49,18.28,3.5,4.0,23.96,3.54,8.93,13.89,13.49,3.13,4.13,4.1,,6.15,5.56,4.3,,,3.11,21.4,10.62,,7.84,36.67,10.86,10.87,39.12,,4.25,13.31,24.19,9.18,5.55,2.57,8.16,4.47,8.43,3.16,6.04,6.82,18.02,8.38,3.08,6.7,11.34,9.33,4.87,11.72,12.12,13.9,,5.46,5.68,,4.05,,17.89,,3.12,,7.66,5.56,6.27,20.36,4.9,8.9,19.19,,4.0,7.8,6.08,18.74,,13.89,4.19,6.28,15.0,,7.68,,8.23,34.15,,,,5.43,,14.09,5.69,8.1,6.02,3.31,5.53,5.18,4.22,,,4.12,4.34,18.8,6.35,7.46,6.19,9.07,,,,5.72,14.66,12.88,4.14,9.3,8.2,,11.01,7.27,,8.98,3.4,7.16,6.13,8.0,20.29,,4.14,6.2,10.95,7.67,2.92,5.71,5.83,12.69,2.71,4.84,7.92,3.89,6.06,6.49,11.86,,,10.41,18.75,4.25,2.44,,2.02,5.38,5.69,2.86,,9.52,,8.91,,9.24,7.55,22.4,,3.76,3.88,8.8,4.28,11.69,11.48,25.71,4.13,4.7,9.81,11.37,20.91,,,3.69,9.66,10.13,7.13,5.27,24.79,,7.23,7.53,3.18,8.61,14.3,5.91,13.47,,7.16,6.79,8.21,7.79,,,4.65,20.91,5.35,4.55,6.49,,12.52,2.49,7.95,,4.14,4.42,,101.0,6.29,,9.99,3.69,,,3.31,8.33,,,4.41,10.73,3.86,,11.05,9.09,,12.96,,5.73,7.6,13.14,,11.09,7.33,3.41,,7.26,2.64,2.26,,5.28,6.72,8.71,13.0,,1.85,34.2,15.29,10.2,8.85,,4.02,3.27,3.9,5.82,,10.09,6.99,21.2,,20.55,29.9,18.66,18.07,6.03,3.08,2.33,12.63,,16.92,,,,,,,,,,12.1,,10.44,,28.88,,,9.81
2013-11-18,,,32.27,,10.21,10.93,13.32,19.0,,31.81,16.73,15.8,31.09,,13.2,23.53,29.55,,,51.47,28.31,,39.99,,16.94,17.92,8.95,88.6,17.83,,13.99,12.02,21.88,,13.79,50.9,36.8,,33.85,11.72,34.0,49.82,46.17,,22.78,,33.97,67.9,62.99,2.35,3.17,6.54,3.65,4.11,6.66,6.1,13.2,16.05,19.95,7.99,,,,8.87,7.79,6.56,,14.4,20.89,8.26,18.36,,5.81,,29.51,8.33,8.03,,18.9,8.29,,8.57,9.08,16.2,13.7,,,,17.0,10.66,11.04,8.43,6.46,14.25,14.79,9.41,6.75,28.51,9.72,15.62,,14.0,8.93,12.53,18.1,,10.39,15.63,6.3,10.78,5.37,,11.69,5.67,11.96,,9.92,26.73,13.54,7.76,10.91,,25.64,10.27,,16.98,15.92,,,,9.19,12.81,,10.35,12.0,9.83,25.46,19.24,7.12,33.95,7.85,12.29,13.09,12.84,11.98,13.9,26.02,23.26,18.96,17.25,8.32,16.83,10.21,14.68,8.12,15.45,33.13,,24.2,,25.1,,8.37,,9.08,6.74,,11.59,31.05,15.3,26.03,8.7,16.85,12.32,,17.41,11.89,9.13,20.97,13.71,,9.98,31.36,28.87,10.84,10.66,4.69,13.29,27.7,10.55,,17.0,13.29,,13.92,,,,12.25,27.73,41.66,9.81,35.55,9.11,,,11.26,4.0,15.22,,,6.67,28.45,30.96,,13.28,9.3,12.48,8.38,17.15,20.19,23.97,13.93,13.37,,8.96,34.03,18.8,10.38,8.43,30.71,9.28,24.3,20.16,30.02,13.64,26.02,27.5,,5.84,20.74,26.99,,6.19,4.94,3.7,8.5,8.44,15.99,,12.39,10.44,5.25,14.75,7.5,,,6.34,13.7,10.65,12.6,6.04,9.08,15.35,6.05,18.46,15.45,,5.35,5.47,6.6,12.66,9.83,6.35,4.45,8.81,4.17,10.58,8.3,21.34,,7.03,8.77,5.9,6.49,,,,10.9,12.75,9.5,,7.46,9.11,16.47,,11.08,14.35,,17.53,4.66,8.08,7.38,,19.61,5.96,5.71,5.99,,11.68,,,6.78,14.06,13.27,5.63,7.06,13.17,,15.55,17.08,5.49,9.56,6.83,8.85,7.73,20.47,16.43,,9.27,7.37,13.17,8.64,35.08,8.81,,15.42,7.95,9.38,,,11.94,,19.2,,7.33,8.47,9.03,14.69,,,11.29,5.43,14.91,27.99,44.9,,57.64,31.1,,28.6,21.57,10.5,22.8,,38.5,25.14,8.43,9.15,3.91,11.3,,6.61,,7.23,8.5,8.62,,,12.8,,,6.99,,49.75,19.2,7.63,5.58,,6.44,3.69,13.19,,,,4.63,7.34,7.17,6.6,10.97,36.99,,4.18,,7.78,43.48,11.51,7.6,9.45,4.38,14.7,11.25,8.12,,30.01,21.63,,9.22,6.19,9.46,14.59,9.57,,,11.45,,39.26,11.2,9.66,10.37,19.18,,19.41,7.91,2.99,35.25,12.5,,13.72,12.31,14.7,,26.65,8.83,18.75,14.74,,10.23,8.59,6.46,,7.75,,,9.82,16.59,10.22,15.48,43.4,31.0,15.6,,10.58,15.52,10.39,9.52,10.34,,17.03,12.75,,,8.92,17.98,24.7,16.95,15.4,7.25,,,11.23,18.7,36.58,67.9,,23.81,13.84,19.06,11.88,,,18.72,24.8,19.71,,,10.46,11.06,15.54,7.24,6.49,5.83,,10.44,9.68,5.09,9.9,8.92,11.7,,7.59,15.13,20.64,6.63,6.54,,18.01,4.23,3.34,9.74,,,5.4,5.06,3.48,,19.58,9.02,6.51,15.91,,,5.52,,4.03,,,,4.68,11.7,13.53,27.7,,2.61,2.21,2.27,13.45,,,8.79,5.76,13.07,5.85,5.58,8.66,9.8,7.19,6.89,3.51,,13.58,6.29,3.77,8.01,,26.37,6.18,,,10.33,,,,4.56,8.07,5.62,5.19,3.21,8.08,6.68,8.23,13.26,,7.8,10.93,21.11,,5.37,8.24,9.25,8.71,6.58,7.12,6.21,4.59,,5.38,8.98,3.44,2.11,6.74,,7.39,14.0,4.68,6.17,,,10.1,10.23,,17.74,33.63,8.98,,,,,8.11,6.34,15.6,,,8.55,7.32,15.24,8.17,,10.27,8.58,13.98,7.24,10.44,,19.16,,12.54,,20.73,8.42,17.22,9.1,9.07,8.11,,7.02,12.79,18.48,3.4,3.94,24.13,3.63,9.13,14.29,13.64,3.2,4.19,4.2,,6.28,5.58,4.42,,,3.14,20.49,10.75,,8.1,37.0,11.4,11.07,39.94,,4.42,13.55,24.69,9.48,5.68,2.62,8.49,4.56,8.68,3.23,6.13,6.9,18.53,8.82,3.2,7.11,12.47,9.42,4.9,11.73,12.19,14.13,,5.62,5.71,,4.27,,18.88,,3.19,,7.84,5.58,6.4,20.75,5.08,9.08,18.99,,4.04,8.03,6.37,19.19,,13.99,4.3,6.79,15.29,,7.84,,8.79,34.88,,,,5.45,,14.33,5.75,8.24,6.12,3.39,5.6,5.27,4.27,,,4.17,4.55,19.01,6.47,7.59,6.25,9.26,,,,5.85,14.58,13.16,4.23,9.72,8.42,,11.05,7.41,,9.45,3.41,7.28,6.27,8.32,20.44,,4.19,6.28,11.15,7.83,3.0,6.06,5.82,12.71,2.75,4.92,8.22,3.97,6.26,6.59,12.11,,,10.81,18.75,4.37,2.49,,2.04,5.61,5.85,2.9,,9.61,,9.2,,9.27,7.65,23.27,,3.86,3.99,9.23,4.37,11.9,12.07,25.97,4.19,4.78,10.05,11.48,21.05,,,3.77,9.8,10.31,7.49,5.43,25.1,3.73,7.5,7.99,3.25,8.83,14.33,6.04,13.6,,7.52,7.02,8.36,7.91,,,4.77,21.29,5.44,4.55,6.92,,12.89,2.5,8.34,,4.23,4.52,,99.5,6.55,,,3.76,,,3.39,8.44,,,4.51,10.88,3.95,,11.45,9.28,,12.81,,5.95,7.73,13.34,,11.0,7.36,3.45,,7.4,2.76,2.29,,5.38,,8.88,14.3,,1.88,34.78,14.53,10.62,9.11,,4.01,3.33,4.01,5.92,,10.21,7.05,22.14,,20.31,30.37,19.03,18.48,6.34,3.15,2.37,13.41,,17.1,27.28,,,,,,,,,12.07,,10.69,,29.99,,,9.96
2013-11-19,13.65,,32.9,,10.34,11.3,13.26,18.99,,31.76,16.85,15.59,31.13,,13.33,23.8,29.1,,,51.72,28.36,,40.4,,16.9,18.71,9.85,87.92,19.61,,14.11,12.07,21.79,,13.77,52.6,37.0,,32.31,12.02,34.11,50.45,46.69,,22.28,,34.42,69.45,62.6,2.34,3.15,6.5,3.6,4.13,6.9,6.14,13.7,16.05,20.0,8.05,,,,8.68,7.73,6.61,,14.5,20.77,8.17,18.37,12.29,5.83,,28.77,8.25,8.05,,19.16,8.25,25.53,8.61,9.06,16.41,13.63,,,,17.22,10.52,11.07,8.62,6.45,14.15,15.0,9.59,6.9,28.69,9.82,17.18,,14.13,8.97,12.55,18.74,,10.5,15.5,6.4,11.02,5.44,,11.77,5.7,12.07,,9.88,29.39,13.4,7.79,10.87,,25.97,11.3,,17.04,16.74,,,,9.25,12.9,,10.27,12.4,10.15,25.49,19.04,7.09,33.76,7.84,12.39,13.28,12.88,12.28,14.9,25.91,23.69,18.8,16.81,8.34,16.83,10.36,14.69,8.71,15.89,33.6,,24.19,,25.49,,8.47,,9.23,6.75,,11.59,31.2,14.44,26.47,8.96,17.2,12.4,,16.98,11.88,,19.95,13.63,,10.19,32.0,29.67,10.88,10.74,4.69,13.5,27.95,10.46,,16.6,13.3,,13.65,,,,12.45,27.27,42.38,9.81,35.06,9.07,,,12.39,3.92,14.88,,,6.78,30.08,30.96,,13.6,9.27,12.4,9.21,16.92,21.99,24.0,14.5,13.28,,8.96,34.25,18.62,10.48,8.56,31.2,9.32,26.73,20.16,29.56,13.65,25.89,27.21,,5.79,20.38,26.56,,6.28,4.94,3.77,8.4,8.49,15.81,,12.68,10.28,5.27,14.96,8.14,,,6.57,13.66,10.65,13.22,6.18,9.24,15.99,5.96,18.98,15.52,,5.45,5.43,6.5,12.4,9.7,6.85,4.45,8.78,4.15,10.38,8.21,22.17,,7.06,8.75,5.92,6.33,,,,10.96,12.71,9.87,,7.38,8.95,16.41,,11.47,13.95,,17.77,4.64,8.24,7.39,,19.74,6.06,5.95,6.03,,12.25,,,6.68,14.53,13.6,5.62,7.11,13.49,,15.56,17.8,5.49,9.47,6.78,8.64,7.73,20.43,16.38,18.07,9.29,7.18,13.24,8.41,34.93,8.73,,15.86,7.92,9.44,12.25,,12.0,,19.29,,7.8,8.75,8.97,14.66,,,11.17,5.68,14.83,27.87,45.29,,56.89,33.74,,28.91,21.5,10.95,22.65,,40.11,24.3,8.39,9.36,3.91,11.18,,6.72,,7.24,8.38,8.6,,,12.64,,,6.82,,49.34,19.11,7.64,5.64,,6.98,3.64,13.14,,,,4.63,7.4,7.15,6.61,10.86,35.91,,4.2,,7.69,45.6,11.89,7.74,9.61,4.32,14.97,11.18,8.06,,29.99,22.2,,9.14,6.22,9.69,14.5,9.5,,,11.45,,39.2,11.27,9.55,10.3,19.04,,18.99,7.85,3.0,35.32,12.49,,13.88,12.22,14.62,,26.8,8.79,18.98,14.48,,10.33,8.6,6.42,,7.7,,,10.01,16.85,10.39,15.45,43.83,30.7,15.48,,10.38,15.62,10.36,9.5,10.76,,17.35,13.21,,,8.85,18.11,25.01,16.74,15.7,,,,11.39,19.04,36.21,70.2,,23.7,13.8,19.11,11.7,,,18.71,24.95,19.04,,,10.87,10.96,15.53,7.25,,5.87,,10.64,9.49,5.13,9.88,8.76,11.47,,7.86,14.65,20.56,6.55,7.01,,17.7,4.23,3.33,10.02,,,5.52,5.04,3.65,,19.79,8.84,6.57,15.73,,,5.43,5.5,3.99,,,,4.67,11.7,13.33,27.96,,2.62,2.2,2.29,13.27,,,8.61,5.79,12.82,5.93,5.59,8.68,9.8,7.12,6.9,3.46,,13.39,6.25,3.75,8.04,,26.26,6.07,,,10.75,,,,4.52,8.03,5.61,5.37,3.21,8.09,6.67,8.23,13.29,,7.79,10.79,21.03,,5.37,8.15,9.47,8.57,6.99,7.1,6.13,4.56,,5.35,9.06,3.46,2.11,6.73,,7.7,14.7,4.86,6.13,,,10.29,10.7,,17.94,34.09,8.98,,,,,8.06,6.29,15.54,,,8.48,7.32,14.91,8.33,4.81,10.09,8.58,13.9,7.24,10.38,,19.5,,12.48,,20.76,8.6,16.8,9.07,8.93,8.05,,7.29,12.86,18.61,3.4,3.93,24.65,3.63,8.97,14.05,13.65,3.52,4.16,4.2,,6.25,5.48,4.4,,,3.18,20.3,10.61,,8.49,36.89,11.58,11.0,40.45,,4.4,13.39,25.58,9.23,5.69,2.68,8.23,4.59,8.67,3.25,6.08,6.9,19.25,8.84,3.16,7.04,13.31,9.38,4.95,11.72,12.3,13.75,,5.66,5.75,,4.25,,18.88,,3.19,,7.75,5.56,6.37,20.63,5.02,9.04,18.98,,4.02,7.92,6.41,19.46,,14.05,4.26,6.8,15.11,,7.82,,8.7,34.2,,,,5.54,,14.58,5.83,8.33,6.11,3.41,5.58,5.27,4.59,,,4.19,4.47,19.21,6.63,7.51,6.29,9.14,,,,5.79,14.21,13.11,4.2,9.69,8.37,,11.21,7.35,,9.47,3.41,7.26,6.26,8.56,21.54,,4.18,6.28,11.15,7.82,2.98,,6.4,12.9,2.76,5.04,8.15,3.98,6.15,6.67,12.15,,,10.75,19.01,4.47,2.5,,2.03,5.59,5.88,2.9,,9.66,,9.08,,9.23,7.61,23.31,,3.93,4.0,9.13,4.34,11.64,12.2,26.3,4.26,4.8,10.05,11.69,20.6,,,3.72,9.79,10.25,8.24,5.41,25.16,3.81,7.47,8.47,3.24,8.83,14.6,6.05,13.52,18.5,7.58,7.02,8.45,7.95,,,4.8,22.25,5.45,4.54,6.88,,12.87,2.48,8.3,,4.19,4.59,,98.02,6.53,,,3.84,10.7,,3.39,8.48,,,4.53,11.18,4.09,,11.4,9.26,,12.9,,5.95,7.92,13.3,,11.33,7.42,3.46,,7.43,2.74,2.35,,5.45,6.36,8.87,14.18,,1.87,34.08,14.3,10.64,9.09,,3.99,3.45,4.01,5.98,3.78,10.21,6.85,21.84,6.57,20.23,29.91,18.56,18.44,6.35,3.13,2.34,12.68,,16.9,27.27,,,,,19.84,,,,12.3,,10.56,,30.12,,,9.9
2013-11-20,15.02,,32.24,,10.3,11.19,13.36,19.6,,32.38,17.04,15.81,31.45,,13.48,23.45,28.86,,,50.96,27.63,,39.94,,18.59,18.49,10.12,87.75,20.63,,14.74,12.07,21.41,,14.62,54.62,36.85,,32.72,12.05,35.2,50.06,45.96,,22.51,,33.95,68.0,62.0,2.35,3.17,7.15,3.64,4.14,6.97,6.12,13.22,16.36,20.6,7.99,,,,8.9,7.84,6.65,,14.43,21.65,8.2,18.39,12.45,5.82,,28.99,8.24,8.4,,19.16,8.28,26.06,8.62,9.12,16.32,13.8,,,,17.76,10.6,11.8,8.6,6.5,14.34,14.85,9.55,6.78,29.31,9.79,16.74,,14.22,9.22,12.69,18.18,,11.24,15.42,6.39,10.98,5.98,,12.21,5.73,12.27,,10.18,29.7,13.28,7.81,10.78,,25.97,12.43,,16.93,16.8,,,,9.35,13.13,,10.59,12.5,10.12,25.58,19.05,7.15,33.88,8.16,12.39,13.44,12.96,12.3,14.8,25.92,23.38,18.88,17.17,8.31,16.89,10.29,14.68,8.63,15.96,34.48,,23.96,,24.99,,8.47,,9.29,6.81,,11.85,34.32,14.45,27.3,8.99,16.86,12.63,,17.53,12.06,,20.12,14.29,,10.44,31.76,29.55,11.24,11.6,4.75,13.49,28.1,10.53,,17.92,13.55,16.91,13.78,,,,12.33,27.15,41.93,9.78,33.62,9.12,,,12.32,3.91,15.28,,,6.85,29.35,30.7,,13.64,9.45,12.71,9.02,17.12,22.01,23.43,14.34,13.67,,8.99,34.45,18.35,10.58,8.58,31.24,9.3,26.5,19.9,29.73,13.52,25.62,28.25,,5.87,20.55,26.41,,6.24,4.96,3.79,8.45,8.72,15.87,,12.69,10.41,5.26,15.84,8.15,,,6.71,14.15,10.6,13.09,6.43,9.2,16.25,5.93,18.97,15.58,,5.43,5.41,6.51,12.51,9.75,7.15,4.58,8.83,4.16,10.28,8.24,22.03,,7.1,8.97,5.96,6.63,,,,11.05,13.33,9.79,,7.45,8.96,17.31,,12.34,14.49,,17.47,4.62,8.11,7.4,,19.64,6.09,5.89,6.23,,13.1,,,6.94,14.6,13.73,5.69,6.9,13.38,,15.67,17.38,5.5,9.79,6.97,8.49,8.04,20.25,16.85,18.18,9.34,7.26,13.22,8.54,35.6,8.7,,16.6,7.93,9.52,12.3,,11.98,7.53,,,7.78,8.85,9.05,15.0,,,11.2,5.63,14.63,27.68,44.9,,57.6,33.52,,28.53,21.1,10.75,22.86,,39.45,24.55,8.36,9.35,3.94,11.25,4.69,6.6,,7.31,8.37,8.73,,,13.25,,,7.26,,48.61,20.5,7.67,5.72,,6.88,3.67,13.25,,,,4.66,7.44,7.23,6.65,10.88,37.7,,4.38,,7.82,49.0,11.98,7.66,9.94,4.33,15.06,11.3,8.48,,31.9,22.2,,9.04,6.33,9.72,14.84,9.68,,,11.5,,38.57,12.15,9.89,10.35,18.92,,20.62,8.09,2.99,35.92,12.58,,13.66,12.63,14.8,,26.74,8.86,19.78,15.02,,10.41,8.72,6.77,,7.81,11.8,12.74,9.98,16.7,10.28,15.56,48.21,30.32,15.96,,10.21,15.38,10.5,9.5,10.83,,17.39,13.41,,,8.75,18.01,25.79,16.55,15.63,7.41,,,11.76,19.42,36.28,70.35,,24.04,13.94,19.47,11.87,,,18.61,26.75,19.56,,,10.91,11.09,15.66,7.4,,5.87,,10.54,9.52,5.12,10.09,8.76,11.58,,8.01,16.12,20.92,6.59,7.0,,18.23,4.26,3.38,10.06,,,5.44,5.07,4.02,,19.69,9.05,6.54,16.31,,,5.46,5.54,4.15,,,,4.7,11.81,13.49,28.53,,2.65,2.21,2.29,13.34,,,8.94,5.8,12.88,5.98,5.61,8.66,9.94,7.26,6.92,3.52,,14.16,6.36,3.77,,,26.11,6.15,,,10.62,,,,4.48,8.11,5.57,5.44,3.21,8.12,7.02,8.24,13.28,,7.82,11.32,21.73,,5.4,8.29,9.73,8.7,7.29,7.19,6.15,4.66,,5.37,9.37,3.48,2.12,6.82,,7.75,14.58,4.84,6.23,,,10.28,10.6,,17.93,33.87,8.92,,,,,8.1,6.44,15.56,,,8.51,7.29,15.07,8.35,5.29,10.52,8.59,14.41,7.48,10.6,,21.45,,12.66,,22.34,8.47,17.05,9.18,9.02,8.14,,7.32,12.81,18.64,3.44,3.94,24.46,3.67,8.97,14.17,13.64,3.58,4.24,4.21,,6.88,5.45,4.42,,,3.17,20.96,10.64,,8.47,36.53,11.53,11.15,40.49,,4.44,13.67,25.57,9.35,5.7,2.68,8.46,4.6,8.67,3.24,6.11,6.9,19.05,8.89,3.2,7.05,14.64,9.57,4.94,11.75,12.28,14.85,,5.8,5.77,,4.28,,19.17,,3.2,,7.79,5.62,6.49,20.96,5.06,9.1,19.03,,4.05,8.03,6.32,19.2,,15.02,4.26,7.48,15.28,,7.99,,9.01,34.17,,,,5.51,,14.56,5.92,8.32,6.15,3.41,5.88,5.38,4.52,,,4.28,4.51,19.14,6.62,7.68,6.35,9.45,,,,5.76,13.31,13.1,4.3,9.74,8.43,,11.12,7.32,,9.85,3.45,7.4,6.25,8.82,21.51,,4.19,6.3,11.23,7.96,3.0,5.74,6.4,12.85,2.77,5.03,8.39,4.01,6.15,6.74,12.09,,,11.0,19.04,4.44,2.52,,2.07,6.15,5.88,2.92,,9.88,,9.1,,9.3,7.69,23.13,,3.94,3.99,9.2,4.34,11.92,12.18,26.37,4.27,4.83,10.02,11.9,21.62,,,3.81,10.77,10.47,9.06,5.47,24.95,3.76,7.49,8.33,3.25,8.83,14.82,6.03,13.44,18.85,7.89,7.13,8.46,7.92,,,4.78,22.19,5.53,4.51,7.17,,13.28,2.52,8.49,,4.25,4.59,,98.47,6.48,,,3.98,10.93,,3.42,9.09,,,4.57,11.21,4.13,,12.25,9.28,,13.1,,5.98,7.8,13.44,,11.25,7.45,3.45,,7.48,2.74,2.33,,5.48,6.31,9.17,14.37,,1.88,33.48,14.35,10.61,9.14,,4.04,3.45,4.19,5.97,3.8,10.43,6.82,21.88,6.57,20.28,30.33,19.33,18.99,6.47,3.16,2.4,12.5,,17.05,27.37,,,,,19.84,,,,12.69,,10.65,,30.51,,,10.27
2013-11-21,16.52,,31.65,,10.28,11.09,13.23,19.62,,32.88,16.8,15.5,33.45,,13.21,23.69,29.2,,,53.55,26.62,,40.18,,20.45,18.47,10.26,90.3,19.22,,15.15,11.68,20.82,,14.98,57.23,36.06,,30.9,12.18,34.34,49.49,45.38,,22.71,,32.11,68.26,61.14,2.34,3.2,7.05,3.57,4.11,6.9,6.02,13.17,16.33,20.3,7.88,,,,9.19,7.61,6.58,,14.62,21.27,8.31,17.9,12.22,5.8,,27.55,8.36,8.49,,19.19,8.08,26.24,8.53,9.17,17.02,13.64,,,,17.51,10.96,11.97,8.51,6.42,14.22,15.42,9.44,6.6,28.51,9.65,15.83,,14.29,9.22,12.38,17.5,,11.48,15.31,6.63,,5.72,,11.97,5.73,12.23,,10.16,28.05,13.3,7.92,10.64,,25.38,12.18,,16.83,17.0,,,,9.27,12.76,,10.49,12.58,9.81,25.32,20.0,7.0,32.47,8.24,12.45,13.26,12.76,11.95,15.18,25.81,23.25,18.3,16.69,8.35,16.74,10.15,14.52,8.52,15.48,35.16,,23.82,,24.26,,8.37,,9.14,6.79,,11.63,34.61,13.94,28.9,9.13,17.26,12.45,,17.8,12.41,,19.61,14.0,,10.08,31.23,30.66,10.91,11.27,4.68,13.55,29.1,10.45,,17.47,13.55,16.59,13.5,,,,12.39,28.4,41.75,9.6,32.9,9.1,,,12.24,3.99,15.04,,,6.89,29.5,30.65,,13.3,9.33,12.66,8.8,17.43,22.09,22.93,14.1,13.48,,8.86,33.8,17.74,10.23,8.4,30.4,9.33,25.76,19.6,29.8,14.33,25.74,27.95,,5.73,19.71,26.43,,6.14,5.05,3.71,8.44,9.06,,,12.46,10.33,5.32,15.19,8.19,,,6.57,13.68,10.42,13.5,6.47,9.07,16.29,6.03,19.97,15.66,9.87,5.46,5.42,6.49,12.34,9.54,7.06,4.48,8.99,4.17,10.12,8.08,23.2,,7.3,8.91,5.83,6.57,,,,10.96,13.3,9.73,,7.36,8.93,16.96,,12.36,14.29,,17.88,4.75,7.89,7.44,,19.27,6.11,5.73,6.15,,13.14,,,6.95,14.53,14.28,5.69,6.98,12.04,,15.52,16.85,5.46,9.46,6.92,8.56,7.89,20.27,17.41,18.14,9.6,7.15,13.03,8.38,34.96,8.75,,16.59,7.96,,12.43,,11.89,7.48,,,7.49,8.9,9.03,15.1,,,11.11,5.58,15.01,27.28,45.49,,56.8,35.6,,28.7,20.75,10.39,22.1,,38.46,25.48,8.5,9.23,3.91,10.97,4.96,6.51,,7.28,8.36,8.67,,,12.69,7.87,,7.2,,48.54,19.82,7.87,5.64,29.9,6.82,3.82,13.1,,,,4.67,7.34,7.14,,11.42,36.41,,4.28,,7.83,45.91,11.82,7.81,9.8,4.3,15.0,11.19,8.5,,31.07,23.15,,8.95,6.3,10.15,15.48,9.68,,,11.43,,37.3,11.55,9.62,10.37,19.11,,19.81,7.85,3.02,35.14,12.58,,13.55,12.8,14.6,,26.84,8.75,19.64,14.62,,10.25,8.64,7.34,,7.72,11.5,12.65,9.83,16.93,10.09,15.27,47.12,30.09,15.41,,9.77,15.05,10.24,9.57,10.95,,16.67,12.88,,,8.72,17.65,25.49,,15.5,7.25,,,12.38,19.48,35.79,69.0,,23.3,13.8,19.25,11.92,,41.2,18.6,25.9,18.79,,,10.73,10.89,15.68,7.27,,5.87,,10.74,9.37,5.09,10.2,8.79,11.47,,8.14,16.38,20.42,6.58,7.04,,18.59,4.21,3.35,10.29,,,5.33,5.06,4.2,,19.84,8.87,6.42,15.47,,,5.42,5.6,4.14,,,,4.65,11.71,13.2,27.58,,2.63,2.19,2.33,13.17,,,9.11,5.76,13.1,5.85,5.5,8.43,9.81,7.15,6.82,3.5,,14.25,6.27,3.72,7.92,,26.62,6.03,,,10.79,,,,4.34,8.1,5.5,5.44,3.2,8.03,6.97,8.4,13.73,,7.85,11.24,21.52,,5.31,8.05,9.99,8.49,7.33,7.2,6.04,4.54,,5.39,10.14,3.54,2.11,6.75,,7.37,14.15,5.09,6.3,,,10.21,10.73,,17.77,33.68,8.74,,,,,8.39,6.26,15.59,,,8.46,7.43,14.86,8.33,5.82,10.65,8.5,14.41,7.35,10.31,,22.39,,12.76,,21.78,8.38,17.35,9.04,9.04,8.05,,7.5,12.73,18.49,3.38,3.95,23.7,3.7,8.89,14.11,13.52,3.63,4.21,4.25,,6.88,5.44,4.37,,,3.14,21.1,10.56,,8.32,36.67,11.7,11.45,41.14,,4.36,13.2,25.01,9.2,5.67,2.69,8.2,4.65,8.64,3.21,6.09,6.83,19.19,8.93,3.18,7.13,13.65,9.42,4.85,11.58,12.03,14.82,,6.14,5.69,12.99,4.29,,18.46,,3.17,,7.9,5.56,6.4,21.19,4.96,9.45,18.84,,4.05,8.07,6.35,18.86,,15.01,4.27,8.0,15.34,,8.06,,9.06,33.53,,,,5.46,,14.89,5.81,8.19,6.05,3.47,5.93,5.26,4.47,,,4.25,4.41,18.9,6.58,7.62,6.41,9.39,,,,5.7,13.35,13.11,4.29,9.99,8.47,,10.75,7.23,,9.44,3.43,7.26,6.33,8.74,20.82,,4.23,6.32,11.22,8.04,2.98,5.66,6.13,12.64,2.75,4.96,8.25,4.07,6.11,6.65,11.57,,,10.92,18.9,4.48,2.5,,2.09,6.77,5.93,2.91,,9.85,,8.83,,9.13,7.69,22.2,,3.96,3.94,9.35,4.28,11.79,12.13,26.08,4.22,4.89,9.59,11.6,21.62,,13.36,3.77,11.16,10.43,9.97,5.37,24.56,3.77,7.45,8.46,3.36,8.93,14.62,6.14,13.4,18.88,8.07,7.07,8.3,7.65,,,4.74,22.25,5.42,4.43,7.17,,12.91,2.49,8.49,,4.3,4.59,,97.95,6.31,,,3.9,11.05,,3.38,8.73,,,4.57,10.95,4.15,,12.3,9.39,,12.88,,6.06,7.61,13.35,,10.97,7.89,3.4,,7.49,2.72,2.3,,5.42,6.21,9.08,14.4,,1.87,33.0,14.45,10.36,9.0,,4.02,3.39,4.16,5.98,3.78,10.2,6.87,21.64,6.52,20.6,30.77,19.02,18.92,,3.2,2.39,12.1,,17.17,26.66,,,,,19.5,,,,12.59,,10.54,,31.48,,,10.05
2013-11-22,,,31.8,,10.18,11.04,13.13,18.8,,31.67,16.65,15.89,32.86,,13.11,23.87,28.8,,,57.6,26.63,,39.24,,20.03,18.24,10.0,87.2,19.25,,15.05,11.79,20.71,14.3,14.89,56.73,35.59,,30.65,12.42,33.67,48.3,45.67,,21.5,,30.85,68.16,61.46,2.34,3.18,6.79,3.61,4.07,6.81,6.2,12.74,16.14,20.35,7.86,,,,9.09,7.62,6.59,,14.1,20.82,8.19,17.85,12.38,5.82,,27.57,8.28,8.16,,19.21,8.35,25.38,8.29,9.15,16.95,13.58,,,,17.43,11.29,11.92,8.87,6.45,13.99,15.45,9.52,6.49,28.5,9.7,15.72,,14.5,9.05,12.29,17.73,,12.63,15.5,6.91,,5.9,,11.97,5.69,12.04,,9.9,28.56,13.09,8.21,10.48,,25.11,12.22,,16.81,17.1,,,16.22,9.41,12.8,,10.26,12.88,10.04,26.08,19.9,6.93,31.91,8.2,12.28,13.28,12.77,12.02,14.93,26.12,23.26,18.03,16.02,8.27,16.74,10.17,14.62,8.57,15.52,35.5,,24.24,,24.26,,8.41,,8.99,6.8,,11.7,34.9,13.95,29.44,8.85,16.76,12.2,,17.11,12.48,,19.39,13.9,,10.19,30.0,33.37,10.8,11.03,4.73,13.49,29.0,10.59,,17.16,13.14,17.36,13.31,,,,12.17,28.15,40.78,9.64,32.85,9.08,,,12.06,3.92,15.3,,,6.89,30.0,30.67,,13.31,9.25,12.4,9.68,17.65,22.72,22.73,14.17,13.21,,8.95,32.29,15.97,10.77,8.4,29.47,9.38,25.18,19.56,28.92,14.39,25.87,27.28,,5.92,19.28,26.98,,5.95,4.99,3.66,8.35,9.15,,,12.41,10.35,5.33,15.22,8.21,,,6.7,13.52,10.36,13.54,6.33,9.1,15.74,5.88,19.57,14.99,9.57,5.43,5.41,6.38,12.57,9.58,6.83,4.44,8.85,4.18,10.03,8.04,21.9,,7.42,8.7,5.89,6.9,,,,10.91,12.89,10.0,,7.44,9.26,17.2,,11.97,13.9,,18.07,4.68,7.96,7.4,,19.22,6.1,5.78,6.0,,12.82,,,6.93,14.6,13.71,5.72,6.84,12.25,,17.07,16.91,5.47,9.3,6.86,8.16,7.99,19.86,17.04,17.85,9.24,7.19,13.15,8.37,34.6,8.58,,16.88,8.07,,12.23,,11.77,7.89,,,7.28,,9.18,14.9,,,10.98,5.47,15.09,26.8,44.6,20.55,56.55,38.8,,27.82,20.94,10.48,23.47,,39.69,24.56,8.35,9.18,3.93,10.71,4.8,6.29,,7.17,8.3,8.75,,,12.67,8.0,,7.14,,48.5,19.76,7.74,6.2,32.47,6.68,,13.13,,,,4.72,7.43,7.17,,11.74,36.55,,4.24,,7.94,47.32,11.88,7.69,9.58,4.25,14.66,11.05,8.44,,31.14,24.06,,9.25,6.24,10.61,15.48,9.53,,,11.84,,36.38,11.4,9.58,10.32,19.0,,19.21,7.69,3.0,34.58,12.41,,14.07,12.59,14.73,,27.65,8.75,19.18,14.9,,10.33,8.64,7.29,,7.66,11.6,12.69,10.14,17.34,10.08,15.4,50.59,29.9,15.25,,9.84,14.85,10.68,9.5,10.62,,17.24,12.86,,,8.5,17.43,25.0,,15.23,7.27,,,12.62,18.9,35.93,69.7,,24.02,13.82,18.89,11.48,,41.16,18.3,25.32,19.12,,,10.63,10.99,14.92,7.41,,6.05,,10.49,9.25,5.07,10.0,8.58,11.5,,8.21,16.58,20.2,6.51,6.96,,17.95,4.23,3.33,10.37,,,5.31,5.05,4.28,,19.88,8.99,6.45,15.73,7.83,,5.35,5.49,4.11,,,,4.61,11.89,13.94,28.05,,2.62,2.19,2.31,12.81,,,8.61,5.8,12.52,6.01,5.23,8.45,9.77,6.82,6.84,3.51,,13.84,6.28,3.72,7.79,,25.9,6.03,,,10.78,,11.91,,4.34,7.89,5.42,5.46,3.2,8.11,7.26,8.06,13.79,,7.98,11.1,20.78,,5.3,7.97,9.7,8.49,7.46,7.12,6.05,4.53,,5.5,9.93,3.54,2.13,6.79,,7.4,14.2,5.6,6.2,,,10.19,10.9,,17.94,35.23,9.11,,,,,8.27,6.15,15.52,,,8.42,7.54,14.67,8.35,6.07,10.42,8.38,13.85,7.5,10.16,,23.34,,12.6,,20.85,8.37,16.98,8.79,9.02,8.02,,7.57,12.58,18.26,3.38,3.96,23.66,3.66,8.76,13.79,13.51,3.53,4.13,4.22,,6.87,5.42,4.41,,,3.11,21.3,10.51,,8.28,36.74,12.13,11.42,39.03,,4.26,13.01,24.54,8.97,5.64,2.66,8.14,4.57,8.47,3.18,6.03,6.84,18.57,9.08,3.18,6.87,13.3,9.38,4.86,11.6,12.09,15.11,,5.93,5.85,12.99,4.22,,18.37,,3.18,,7.78,5.54,6.35,20.84,4.94,9.3,18.73,,4.04,8.25,6.24,18.89,,15.34,4.18,7.39,15.11,,7.85,,8.79,33.2,,,10.46,5.54,,14.75,5.76,8.11,5.95,3.41,5.72,5.15,4.55,,,4.26,4.33,19.26,7.24,7.48,6.31,9.15,,,,5.62,13.57,13.19,4.22,9.98,8.53,,10.83,7.25,,9.44,3.43,7.2,6.23,8.39,20.71,,4.19,6.32,11.16,7.89,2.93,5.5,5.97,12.67,2.75,4.9,8.13,3.98,6.12,6.56,11.58,,,10.59,18.84,4.41,2.49,,2.06,6.6,6.09,2.96,,9.95,,8.7,3.61,9.18,7.65,21.82,,3.9,3.87,9.25,4.27,11.69,12.18,26.46,4.22,4.87,,11.52,21.3,,12.92,3.67,10.68,10.24,9.95,5.36,23.94,3.87,7.4,8.33,3.36,8.75,14.97,6.08,13.2,19.05,7.88,7.26,8.38,7.69,,,4.78,21.56,5.55,4.42,6.85,,12.89,2.5,8.43,,4.23,4.52,,98.0,6.31,,,3.91,11.23,,3.35,8.82,,,4.59,11.02,4.04,,11.97,9.29,,12.97,,6.04,7.57,,,10.87,,3.4,,7.32,2.74,2.3,,5.36,6.43,9.03,13.5,,1.86,33.07,14.17,10.3,9.17,,3.94,3.41,4.14,6.08,3.82,10.2,6.85,21.48,6.53,21.25,30.91,19.6,18.77,,3.16,2.37,12.09,,17.49,25.58,,,,,19.86,,,,,,10.48,,31.2,,,10.2
2013-11-25,,,34.98,,10.29,10.93,13.03,18.89,,31.47,16.57,15.9,34.15,,13.1,26.26,28.9,,,57.21,27.54,,38.69,,19.53,19.38,9.75,91.81,18.68,,14.78,12.75,,14.28,14.38,58.6,38.0,,30.95,11.92,34.22,49.45,47.71,,22.0,27.89,31.65,74.98,62.2,2.33,3.17,6.79,3.69,4.07,6.92,6.07,12.75,15.7,20.95,7.77,,,,8.75,7.59,6.6,,14.5,21.26,8.0,17.96,12.35,5.84,,27.11,8.25,8.85,,19.27,8.32,25.31,8.23,9.06,16.98,13.69,,,,17.28,10.96,11.95,8.62,6.46,14.02,15.45,9.7,6.34,27.99,10.05,15.48,,14.4,9.09,12.52,17.13,,13.2,14.89,6.74,,5.83,,12.17,5.72,11.82,,9.9,27.3,13.24,8.08,10.47,,24.92,11.85,,17.41,16.9,,,16.33,9.75,13.51,,10.19,13.18,9.91,26.53,19.74,7.04,32.15,8.07,12.8,13.09,12.95,12.48,14.87,26.03,23.98,17.98,16.11,8.28,17.03,10.24,14.74,8.49,15.53,36.34,,25.26,,25.1,,8.34,,9.01,6.86,,11.95,,14.05,28.71,8.63,16.8,12.75,,17.08,12.61,,19.6,13.8,,9.88,29.2,34.72,11.0,11.06,4.69,13.33,,10.72,,16.7,13.17,17.1,13.5,,,,12.38,26.45,39.4,9.73,32.87,9.06,,,12.42,3.96,15.71,,,6.84,28.19,30.5,,12.84,9.36,12.2,9.35,16.99,22.85,22.57,14.28,13.2,,9.03,31.45,15.8,10.83,8.58,29.0,9.48,25.25,19.6,29.14,14.48,26.18,28.98,,5.82,19.4,27.41,,6.05,5.0,3.66,8.57,9.76,,,12.41,10.4,5.37,15.26,8.46,,,6.44,13.81,10.32,13.46,6.01,9.26,16.1,5.91,17.61,14.8,9.54,5.42,5.31,6.68,12.57,9.97,6.9,4.44,8.77,4.16,10.41,7.97,21.63,,7.34,8.7,5.9,6.95,,,,10.84,12.87,10.22,,7.28,9.14,17.07,,11.6,13.82,,17.62,4.7,7.79,7.38,,19.12,6.05,5.63,6.02,,12.33,,,6.84,14.62,13.47,5.58,7.11,11.86,,16.96,16.75,5.48,9.36,6.85,7.94,7.9,19.0,16.66,17.85,9.18,7.17,13.26,8.36,34.06,8.57,,17.27,8.08,,12.54,,12.27,7.72,,,7.23,8.67,9.08,14.92,,,11.07,5.67,15.59,26.79,46.76,19.95,57.57,39.55,,29.92,22.03,10.71,24.52,,43.65,24.99,8.3,9.19,3.92,10.72,4.77,6.26,,7.19,8.12,8.67,,,13.15,8.05,,7.2,,50.6,19.9,7.76,6.0,32.1,6.68,,12.31,,,,4.73,7.38,7.2,,11.8,36.92,,4.21,,7.72,49.9,11.57,7.59,9.6,4.23,14.46,10.97,8.39,,30.64,23.46,,9.19,6.26,11.56,,9.55,,,11.76,,36.2,11.2,9.7,10.03,19.07,,19.72,7.58,2.96,34.67,12.16,,14.09,12.55,14.93,,28.6,8.84,19.05,14.98,,10.43,8.78,7.33,,7.7,11.65,13.1,9.95,17.4,10.47,15.55,54.45,30.37,16.78,,9.48,14.95,10.51,9.71,10.54,,17.2,14.15,,,8.32,17.61,25.64,,15.15,7.33,,,12.33,18.97,36.04,70.2,,25.29,14.2,18.8,11.28,,42.14,18.35,26.4,18.86,,,10.87,10.94,14.46,7.28,,6.12,,10.63,9.22,5.12,9.82,8.64,11.34,,8.32,16.34,20.32,7.02,6.89,,17.65,4.25,3.36,9.93,2.99,,5.45,5.01,4.22,,19.9,8.91,6.36,16.38,7.79,,5.34,5.46,4.05,,,,4.62,11.8,13.52,30.86,,2.59,2.17,2.54,12.94,,,8.73,5.73,11.93,5.93,5.51,8.43,9.79,6.7,7.03,3.5,,13.53,6.18,3.73,8.57,,25.85,6.05,,,10.55,,11.78,,4.35,7.88,5.5,6.01,3.18,8.05,7.22,8.04,13.75,,7.88,10.79,21.04,,5.3,7.86,9.41,8.94,7.51,7.14,6.04,4.49,,5.39,10.09,3.62,2.11,6.75,,7.47,13.97,5.47,6.13,,,10.17,10.65,,18.15,34.61,8.88,,,,,8.1,6.26,15.44,,,8.39,7.34,14.25,8.41,5.77,10.31,8.35,13.78,7.46,10.23,,21.89,,12.27,,20.9,8.43,17.14,8.74,9.18,8.13,,7.3,12.64,18.28,3.4,3.92,25.0,3.66,8.81,13.81,,3.57,4.13,4.19,,6.79,5.38,4.58,,,3.14,21.33,10.52,,8.5,35.53,11.95,11.22,38.31,,4.35,12.89,24.78,9.09,5.82,2.63,8.16,4.54,8.51,3.27,6.05,6.82,18.26,8.81,3.2,7.56,14.01,9.52,4.83,11.58,11.98,14.96,,5.87,5.81,13.38,4.2,,18.29,,3.19,,7.76,5.58,6.34,20.41,5.12,9.0,18.66,,3.95,7.97,6.24,18.69,,15.38,4.17,7.53,15.39,,7.73,,8.95,33.78,,,10.36,,,14.32,5.64,8.02,5.95,3.75,5.72,5.09,4.47,,,4.27,4.31,19.32,7.07,7.74,6.29,9.68,,,,5.63,13.53,13.15,4.21,9.97,8.45,,10.8,7.25,,9.39,3.39,7.2,6.2,8.23,20.59,,4.14,6.4,11.31,7.91,2.93,5.5,6.04,12.71,2.8,4.84,8.46,4.11,6.12,6.51,11.46,,,10.5,19.17,4.42,2.51,,2.05,7.26,5.97,2.92,,10.0,,8.61,3.6,9.27,7.74,21.96,,3.91,3.87,9.17,4.27,11.65,12.1,26.1,4.2,4.78,,11.48,21.37,,12.45,3.68,10.64,10.2,9.74,5.32,23.4,3.93,7.36,8.15,3.31,8.83,14.78,5.92,13.27,18.86,7.65,7.14,8.31,7.67,,,4.71,21.88,5.56,4.41,6.74,,13.11,,8.64,,4.23,4.52,,98.36,6.24,,10.29,3.97,10.91,27.6,3.34,9.15,,,4.65,10.81,4.05,,12.45,9.26,,12.77,,6.34,7.5,13.12,,5.7,,3.36,,8.05,2.74,2.29,,5.44,6.38,8.99,13.41,,1.85,33.69,14.21,10.06,9.47,,3.93,3.38,4.05,5.97,3.77,10.41,6.7,21.38,6.47,21.59,31.23,20.31,18.6,,3.17,2.35,11.99,,17.19,25.85,,,,,19.51,,,7.08,11.89,,10.39,,30.6,,,10.19
2013-11-26,,,35.9,,10.54,11.35,14.33,19.2,,32.04,16.15,16.07,34.25,,13.2,26.68,29.2,,,55.11,27.64,,37.96,,19.76,,9.96,87.15,18.9,,15.03,12.73,21.19,14.73,14.75,63.8,39.47,,34.05,12.62,34.36,50.87,48.95,,24.2,28.53,32.63,74.98,62.31,2.32,3.22,6.72,3.75,4.06,6.94,6.05,12.92,15.92,20.7,7.73,,,,9.25,7.69,6.61,,14.96,20.58,8.02,17.9,12.38,5.88,37.45,27.75,8.22,8.59,,19.05,8.37,24.95,8.61,9.11,16.78,13.87,,,,19.01,10.8,12.36,8.46,6.47,14.34,15.33,9.7,6.27,27.51,10.06,15.63,,14.23,9.03,12.92,17.86,,13.45,14.79,6.75,,5.65,,12.4,5.71,12.02,,10.0,27.78,13.38,7.98,10.5,,24.46,12.03,,17.41,17.0,,,16.9,9.7,13.95,,10.29,13.1,9.91,26.32,19.43,6.91,35.37,8.42,12.62,13.07,13.16,12.15,15.18,26.8,25.0,18.47,,8.45,17.58,10.43,14.59,8.52,15.24,36.05,,24.74,,25.36,,8.4,,9.91,6.95,,11.84,,14.7,27.56,8.71,17.49,12.77,,17.21,12.99,,19.31,13.34,,9.89,29.46,33.45,11.04,12.17,4.71,12.96,,10.91,,16.75,13.15,17.2,13.52,,,,12.99,26.99,39.49,9.87,32.37,9.2,,,12.96,3.94,17.25,,,6.87,25.88,30.59,,12.83,9.5,12.22,9.47,17.16,21.53,22.48,14.51,13.28,,9.3,31.42,15.94,10.86,8.83,29.17,9.63,24.35,19.41,28.31,14.4,26.58,28.64,,5.88,19.47,27.24,,6.12,4.97,3.62,8.57,9.26,,,12.55,10.27,5.39,15.53,8.34,,,6.42,14.05,10.2,14.81,6.02,9.66,16.0,5.8,15.85,14.94,9.52,5.47,5.5,6.87,13.01,9.76,6.82,4.51,8.77,4.24,10.23,7.83,21.86,,7.34,8.78,5.86,6.98,,,,10.85,12.69,10.15,,7.16,9.03,16.79,,12.0,13.94,,17.63,4.64,7.97,7.34,,19.36,6.09,5.61,6.0,,12.4,,,6.73,14.48,13.58,5.57,7.12,11.81,,16.25,16.97,5.47,9.42,7.0,8.12,8.08,18.27,16.85,17.6,9.18,7.16,13.46,8.33,33.82,8.57,,17.14,8.0,,12.43,,12.27,7.86,,,7.35,8.33,9.11,15.46,,,11.27,5.59,15.59,28.12,46.6,19.64,58.1,37.38,,30.69,22.89,11.11,23.98,,43.66,25.75,8.3,9.21,3.92,10.81,4.66,6.4,,7.22,8.08,8.6,,,13.57,7.85,,7.24,,55.14,19.33,7.71,6.02,31.7,6.76,,12.34,,,,4.68,7.52,7.24,,12.2,36.76,,4.18,,7.9,52.59,11.6,7.66,9.91,4.26,14.47,11.31,8.6,,30.93,22.63,,9.14,6.32,11.32,,9.69,,,11.68,,35.56,11.67,10.13,10.02,20.29,,19.28,7.97,2.93,35.0,12.28,,13.9,12.55,15.2,,28.3,8.84,18.85,15.45,,10.24,8.87,7.09,,7.85,11.91,13.65,9.99,17.88,10.18,15.9,56.5,30.12,17.29,,9.66,14.84,10.42,9.65,11.13,,16.99,15.04,,,8.46,18.14,25.58,,15.48,7.2,,,12.34,19.1,36.55,71.2,,26.0,14.58,19.23,11.84,,43.0,18.55,28.15,19.39,,,10.85,10.85,14.53,7.32,,6.1,,10.48,9.21,5.1,9.81,8.72,11.35,,8.33,17.17,20.16,6.93,6.91,,17.45,4.19,3.36,9.81,2.97,,5.55,5.03,4.14,,19.53,8.8,6.38,16.23,7.73,,5.71,5.43,4.09,,,,4.64,11.77,13.66,29.66,,2.58,2.16,2.79,12.65,,,8.61,5.71,12.14,5.92,5.52,8.36,9.9,6.74,6.92,3.46,,13.75,6.23,3.84,9.07,,25.33,6.01,,,10.63,,11.91,,4.21,7.84,5.63,6.61,3.21,8.06,7.21,7.93,13.61,39.66,7.89,10.88,20.86,,5.36,7.83,9.45,8.72,7.34,7.09,6.07,4.48,,5.42,9.85,3.57,2.12,6.72,,7.75,13.77,5.42,6.12,,,10.39,10.62,,18.2,33.97,8.88,,,,,8.34,6.68,15.32,,,8.41,7.27,15.11,8.23,5.51,10.35,8.38,13.84,7.34,10.29,,22.36,,12.15,,20.92,8.33,16.97,8.8,8.96,8.16,,7.39,12.74,19.15,3.38,3.94,24.96,3.64,8.85,14.43,,3.51,4.16,4.18,,6.76,5.43,4.71,,,3.12,21.72,10.58,,8.44,34.25,11.68,11.36,38.8,,4.3,12.77,24.22,9.66,5.9,2.6,8.24,4.56,8.56,3.22,6.22,6.87,18.1,8.79,3.29,7.52,14.09,9.59,4.88,11.58,12.12,14.82,,5.86,5.75,13.22,4.23,,18.41,,3.16,,7.84,5.56,6.38,20.1,5.18,9.03,18.81,,3.94,7.95,6.3,18.65,,16.08,4.17,7.17,16.93,,7.8,,9.21,33.83,,,10.4,,,14.36,5.57,8.01,6.18,4.13,5.59,5.13,4.43,,,4.23,4.3,19.99,7.01,7.6,6.27,9.67,,,,5.67,13.71,13.1,4.25,9.89,8.5,,10.58,7.22,,9.2,3.35,7.28,6.2,8.43,20.85,,4.13,6.61,11.16,7.85,2.91,5.44,6.04,12.7,2.76,4.82,8.58,4.16,6.1,6.46,11.49,,,10.91,19.2,4.4,2.49,,2.04,7.14,5.9,2.93,,9.95,7.73,8.54,3.63,9.5,7.73,21.74,,3.82,3.83,9.22,4.31,11.38,12.12,25.9,4.18,4.81,,11.51,20.9,,12.63,3.75,10.93,10.16,9.55,5.33,23.6,4.09,7.49,8.28,3.33,8.79,14.48,5.91,13.18,18.71,7.69,6.98,8.39,7.63,,,4.65,22.88,5.49,4.41,6.76,,13.03,,8.56,,4.22,4.49,25.11,100.11,6.27,,10.12,4.11,11.15,26.22,3.33,,,,4.62,10.7,4.05,,12.9,9.29,,12.63,,6.36,7.5,13.17,,5.66,,3.33,,8.1,2.77,2.28,,5.51,6.38,9.03,13.68,,1.86,33.15,13.87,10.09,9.32,,3.94,3.4,3.95,5.86,3.79,10.54,6.75,20.9,6.49,20.79,31.3,20.56,18.98,,3.18,2.35,12.31,,17.01,26.07,,10.81,,,19.64,,,6.92,11.71,,10.39,,30.6,,,10.18
2013-11-27,17.62,,37.79,,10.57,11.44,13.98,19.6,,31.65,17.02,16.51,34.5,,13.74,28.12,29.59,,,56.56,28.14,,40.66,,20.87,,9.92,87.48,19.72,,15.4,13.2,22.36,14.72,15.05,62.9,39.83,,34.86,13.3,35.32,53.72,49.03,,24.25,29.1,32.5,77.56,63.2,2.34,3.21,6.76,3.7,4.1,6.91,6.1,12.94,15.95,21.55,7.76,,,,9.22,7.66,6.64,,15.2,20.85,8.13,18.05,12.73,5.95,36.6,29.03,8.25,8.65,,19.38,8.38,25.29,8.72,9.22,17.45,13.99,,,,20.2,10.92,12.16,8.85,6.52,14.73,15.86,9.82,6.29,28.87,10.12,15.67,,14.3,9.11,13.18,17.91,,13.58,14.98,6.85,,5.78,,12.35,5.84,12.07,,10.15,26.87,13.67,8.13,10.45,,25.38,12.16,,17.69,17.63,,,16.95,9.99,13.7,,10.39,13.5,10.63,26.1,19.51,7.07,35.3,8.82,13.29,13.2,13.21,12.4,15.19,26.59,25.01,18.7,,8.51,17.66,10.47,14.87,8.61,15.52,35.99,,24.9,,25.68,,8.47,,10.24,6.95,,12.1,,14.5,30.32,9.01,17.42,13.3,,17.59,13.2,,19.53,13.56,,10.27,31.1,34.24,11.59,11.88,4.8,13.85,,10.92,,16.87,13.7,17.57,13.7,,,,13.11,26.9,41.38,10.08,32.28,9.12,,,13.45,3.97,16.99,,,6.83,26.91,30.9,,13.29,9.58,12.62,9.37,17.37,22.24,24.73,14.92,13.33,,9.33,31.3,16.48,11.11,8.79,30.13,9.55,25.4,19.74,28.9,14.72,27.17,29.22,,5.91,19.85,28.13,,6.13,4.98,3.72,8.6,9.11,,,12.6,10.34,5.5,15.79,8.15,,,6.33,14.4,10.51,15.3,6.0,10.1,16.0,5.75,17.1,15.25,9.56,5.46,5.53,6.88,13.1,9.79,7.06,4.55,8.94,4.25,10.22,7.97,22.04,,7.37,8.91,6.18,6.88,,,,11.08,13.01,10.37,,7.45,9.0,17.35,,11.95,13.77,,17.87,4.68,8.08,7.41,,19.32,6.13,5.67,6.6,,12.43,,,6.89,14.78,13.68,5.58,7.08,12.21,,16.12,16.94,5.56,9.6,7.01,8.31,8.04,18.79,17.45,17.63,9.27,7.21,13.63,8.47,34.06,8.77,,17.09,8.21,9.52,12.52,,12.26,7.8,,,7.34,8.37,9.26,15.45,,,11.38,5.69,15.45,30.93,46.97,19.18,58.3,38.45,,31.1,25.18,11.31,24.18,,43.5,26.22,8.3,9.3,4.0,10.76,4.7,6.32,,7.29,8.21,8.71,,,14.07,8.28,,7.47,,55.4,19.32,7.98,6.11,31.65,6.88,,12.43,,,,4.7,7.56,7.26,,12.19,39.69,,4.23,,7.86,51.58,11.65,7.68,9.9,4.27,14.5,11.55,8.78,,30.33,23.41,,9.15,6.39,11.22,,9.9,11.62,,11.68,,36.54,11.52,10.28,10.41,20.08,,21.21,7.7,2.95,35.5,12.29,,13.97,13.12,15.21,,27.8,8.96,19.18,15.56,,10.47,9.0,7.14,,7.89,12.0,13.6,10.19,17.71,10.41,16.01,59.34,30.69,16.85,,9.78,15.14,10.3,9.74,11.5,,17.59,16.54,,,8.55,18.31,25.02,,16.33,7.3,,,12.79,20.5,36.16,70.8,,26.08,14.46,19.48,12.09,,43.3,18.53,28.29,20.03,,,11.06,11.0,15.31,7.19,,6.1,,10.57,9.25,5.16,10.28,8.82,11.73,,8.38,17.34,20.61,7.03,6.73,,17.82,4.19,3.43,10.0,2.95,,5.8,5.11,4.13,,20.62,8.84,6.42,17.25,7.92,,5.77,5.47,4.12,,,,4.7,11.72,13.59,30.13,,2.6,2.17,2.75,13.04,,,8.6,5.77,12.29,5.95,5.61,8.45,9.9,6.9,7.05,3.48,3.22,13.63,6.31,3.83,8.75,,25.38,6.16,,,10.71,,12.44,,4.19,7.97,6.19,7.0,3.21,8.19,7.08,8.01,13.77,40.98,7.96,10.97,21.37,,5.44,7.86,9.91,8.9,7.46,7.2,6.09,4.93,,5.44,9.75,3.57,2.12,7.03,,7.79,13.88,5.48,6.17,,,10.55,11.15,,19.01,33.97,8.93,,,,,8.29,6.84,15.4,,8.42,,7.31,15.54,8.36,5.56,10.5,8.48,13.72,7.45,10.49,,24.6,,12.21,,20.94,8.53,17.11,8.82,8.78,8.27,,7.63,13.1,19.3,3.35,3.99,24.84,3.65,8.9,14.78,,3.44,4.18,4.21,,7.44,5.47,4.72,,,3.11,22.11,10.82,,8.46,35.67,11.74,11.5,40.75,,4.46,12.96,24.32,9.67,5.88,2.63,8.23,4.57,8.74,3.24,6.24,6.91,18.3,8.72,3.29,7.46,14.27,9.68,5.02,11.64,12.08,15.16,,6.04,5.79,14.27,4.29,,18.78,,3.2,,7.95,5.6,6.41,20.6,5.24,9.06,18.88,,3.96,7.88,6.39,18.78,,16.17,4.18,7.16,16.77,,7.74,,9.23,33.48,,,10.45,,,14.4,5.64,8.16,6.14,3.96,5.64,5.22,4.43,,,4.25,4.35,19.98,6.94,7.66,6.28,9.63,,,,5.83,13.6,13.14,4.27,9.93,8.59,,10.64,7.26,,9.49,3.36,7.25,6.29,8.37,21.1,,4.12,6.6,11.18,8.03,2.92,5.4,6.02,12.71,2.78,4.9,8.46,4.1,6.11,6.55,11.49,,,11.02,19.05,4.43,2.5,,2.04,6.86,5.96,2.93,,9.82,,8.56,3.64,9.47,7.75,21.64,,3.88,3.86,9.33,4.38,11.47,12.3,25.9,4.19,4.8,,11.6,20.99,,12.85,3.84,11.04,10.4,9.63,5.3,24.73,4.03,7.5,8.67,3.37,8.88,14.61,5.95,13.23,18.81,8.0,7.06,8.4,7.7,,,4.69,23.02,5.61,4.31,6.65,,13.51,,9.42,,4.18,4.5,25.35,102.03,6.28,,10.05,4.09,11.06,25.79,3.35,,,,4.72,10.73,4.09,,13.19,9.41,,12.69,,6.36,7.58,13.18,,5.71,,3.35,,8.0,2.8,2.29,,5.52,6.61,9.13,13.39,,1.9,33.22,14.14,10.07,9.3,,3.99,3.42,3.97,5.9,3.86,10.31,6.79,20.9,6.51,20.77,30.85,21.19,18.92,,3.2,2.35,12.08,,17.15,27.2,,10.74,,,19.6,,,6.81,11.73,,10.46,,,,,10.28
2013-11-28,18.47,,41.57,,10.7,11.37,13.93,19.32,,31.07,16.78,16.38,33.85,,13.51,28.11,30.68,,,55.41,28.35,,40.52,,19.83,,10.16,89.99,19.58,,15.19,13.39,22.39,15.0,14.93,61.61,40.49,,35.08,13.25,35.32,53.61,51.22,,25.1,28.6,31.6,80.85,65.65,2.38,3.21,6.8,3.71,4.14,7.05,6.1,12.95,16.12,21.09,7.89,,,,9.35,7.69,6.68,,15.3,21.34,8.16,18.0,12.75,5.97,37.0,28.6,8.26,8.52,,19.76,8.46,25.5,8.71,9.46,17.4,13.96,,,,20.15,11.15,12.13,8.69,6.54,14.65,15.95,9.76,6.54,28.64,10.1,15.73,,14.73,9.03,13.43,17.4,,14.18,14.97,6.85,,5.72,,12.37,5.84,12.13,,10.16,26.8,13.57,8.09,10.77,,25.07,12.26,,18.13,17.84,,,17.0,10.04,13.7,,10.46,13.7,10.52,26.6,19.99,7.1,34.89,9.45,13.11,13.45,13.23,12.45,15.22,26.65,25.27,18.75,,8.5,17.99,10.5,14.92,8.66,15.38,37.86,,26.7,,26.7,,8.51,,10.2,7.07,,11.98,,14.2,30.52,8.9,17.68,13.18,,17.5,12.96,,20.45,13.67,,10.13,30.14,33.12,11.51,12.14,4.81,13.93,,10.98,,17.6,13.5,17.18,13.69,,,,13.04,27.41,41.73,10.19,32.41,9.2,,,13.68,3.98,17.3,,,7.08,26.63,31.63,,13.17,9.65,12.63,9.92,17.45,21.52,24.36,15.1,13.62,,9.34,32.05,16.45,11.3,8.72,29.6,9.64,24.64,20.2,28.81,14.87,27.0,30.5,,5.9,20.23,27.85,,6.17,5.03,3.8,8.61,8.96,,,12.76,10.33,5.6,15.59,8.13,,,6.32,14.25,10.58,15.36,6.13,9.81,16.08,5.75,16.13,15.34,9.62,5.51,5.43,6.85,13.13,9.73,6.96,4.53,9.06,4.22,10.27,8.24,22.5,,7.31,8.87,6.06,6.96,,,,11.39,13.17,10.23,,7.47,9.03,17.24,,12.74,14.23,,17.8,4.72,8.09,7.4,,19.76,6.25,5.68,6.86,,12.33,19.01,,6.86,14.8,13.46,5.61,7.24,12.27,,16.22,17.02,5.55,9.86,7.02,8.34,8.04,19.65,17.16,18.17,9.21,,13.63,8.44,34.21,9.4,,17.25,8.24,9.49,,,12.3,7.8,,,7.31,8.31,9.25,16.17,,,11.34,5.71,16.19,31.44,49.65,19.23,60.1,37.45,,34.21,27.7,11.07,24.81,,47.85,25.81,8.43,9.46,4.02,10.87,4.68,6.37,,7.4,8.8,8.79,,,14.08,8.16,3.96,7.35,,55.56,19.59,7.9,6.07,32.47,6.84,,12.56,,,,4.74,7.59,7.33,,12.46,38.45,,4.28,,7.94,52.04,11.7,7.75,9.95,4.27,14.45,11.37,8.69,,30.29,23.03,,9.12,6.41,11.05,,9.81,11.63,,11.7,,37.7,11.72,10.0,10.53,20.08,,21.05,7.6,2.96,35.5,12.4,,13.96,12.91,15.44,,28.6,9.12,19.2,15.4,,11.0,9.05,7.18,,8.04,11.95,13.63,10.12,18.27,10.4,16.0,65.27,31.15,16.93,,9.68,15.43,10.91,9.84,11.34,,17.28,15.4,,,8.85,18.03,24.4,17.12,16.15,7.28,,,12.58,20.6,36.7,73.88,,25.82,15.12,20.57,12.04,,43.16,18.5,30.33,19.93,,,11.06,12.1,15.58,7.23,,6.15,,10.34,9.35,5.2,10.15,8.77,11.71,,8.32,17.09,20.62,7.08,6.74,,17.99,4.23,3.42,10.05,2.97,,5.7,5.1,4.05,,20.39,9.05,6.49,17.16,7.87,,5.71,5.48,4.13,,,,4.73,11.8,13.83,29.2,,2.65,2.21,2.76,13.02,,,8.9,5.9,12.13,5.97,5.7,8.64,10.14,6.87,7.03,3.51,3.25,13.3,6.43,3.83,9.63,,25.54,6.08,,,10.76,,12.23,,4.22,8.25,6.28,6.93,3.23,8.18,7.2,8.04,13.88,45.08,7.94,11.09,21.11,,,7.92,9.8,9.06,7.56,7.29,6.15,4.94,,5.57,10.12,3.62,2.13,7.04,,7.98,14.19,5.39,6.22,,,10.49,11.15,,19.49,34.57,9.09,,,,,8.26,6.64,15.56,,8.58,,7.39,15.19,8.36,5.51,10.64,8.55,13.72,7.43,10.55,,25.13,,12.38,,20.81,8.55,17.25,8.93,8.79,8.51,,7.64,14.41,19.27,3.39,3.98,24.74,3.68,8.95,15.62,,3.52,4.19,4.27,,7.46,5.49,4.84,,,3.15,22.1,11.09,,8.88,35.45,11.7,11.49,40.65,,4.55,13.37,25.05,9.53,5.9,2.62,8.19,4.61,8.75,3.26,6.21,6.98,18.35,8.8,3.36,7.47,14.63,9.61,5.0,11.79,12.23,15.29,,5.93,5.9,14.5,4.29,,18.65,,3.21,,8.16,5.61,6.45,20.76,,9.06,19.01,,4.02,7.95,6.41,19.45,,16.19,4.23,7.09,16.83,,7.91,,9.1,33.82,,,10.42,,,14.41,5.68,8.18,6.12,3.92,5.66,5.22,4.44,,,4.27,4.41,19.69,6.96,7.69,6.3,9.52,,,,5.95,13.8,13.26,4.28,9.92,8.61,,10.79,7.62,,9.49,3.39,7.35,6.41,8.31,21.35,,4.15,6.55,11.25,7.99,2.96,5.62,5.97,12.75,2.79,5.06,8.42,4.1,6.18,7.21,11.76,,,10.9,19.09,4.48,2.52,,2.06,6.66,6.04,2.95,,9.78,7.71,8.69,4.0,9.56,7.81,22.08,,3.86,3.9,9.36,4.35,11.29,12.35,25.8,4.22,4.87,,11.65,20.92,,12.93,3.83,10.85,10.42,9.47,5.31,24.48,3.99,7.56,8.74,3.37,9.33,14.54,5.97,13.34,18.85,7.98,7.09,8.64,7.9,,,5.16,22.85,5.65,4.37,6.67,,13.28,,9.2,,4.2,4.54,25.18,102.18,6.4,,10.31,4.1,11.1,25.9,3.38,,,,4.81,10.85,4.1,,12.77,9.41,,12.68,,6.17,7.63,13.78,,5.91,,3.41,,8.15,2.81,2.33,,5.55,6.56,9.17,13.43,,1.89,33.67,14.13,10.39,9.3,,4.01,3.42,4.05,6.08,3.86,10.5,6.99,21.06,6.57,20.7,31.18,20.9,19.29,6.95,3.22,2.38,12.36,,17.43,27.92,,10.85,,,19.86,,,6.82,12.21,,10.82,,,,,10.55
2013-11-29,18.06,,43.96,,10.95,11.78,14.52,20.23,,31.45,17.56,16.91,33.64,,14.14,27.6,30.6,,,56.81,31.19,,41.8,,20.77,,10.39,91.95,19.55,,15.93,13.74,23.9,15.19,16.42,61.69,43.8,,34.99,13.43,35.82,54.49,52.27,,25.3,29.14,31.47,79.18,66.35,2.37,3.2,6.85,3.65,4.12,7.14,6.02,12.95,16.57,20.95,7.91,,,,9.56,7.7,6.68,,15.63,21.2,8.57,18.6,13.04,5.98,38.21,30.0,8.18,8.65,,19.5,8.73,25.51,8.9,9.58,17.32,14.32,,,,20.1,11.09,12.18,8.65,6.59,15.1,16.22,9.95,6.96,29.43,10.1,15.92,,15.09,9.04,13.38,17.68,,14.45,15.34,6.81,,5.81,,12.49,5.91,12.37,,10.16,29.07,14.35,8.2,10.83,,25.14,12.66,,18.68,18.62,,,18.0,10.48,13.6,,10.65,13.95,10.62,28.42,19.99,7.15,35.7,9.7,13.31,13.33,13.53,12.94,16.15,26.17,25.95,18.76,,8.69,18.34,10.84,15.3,8.87,15.62,37.65,,29.37,,27.32,,8.65,,10.82,7.43,,12.35,,14.32,31.62,9.2,17.58,13.17,,18.18,12.85,,20.17,13.94,,10.74,31.08,33.06,11.82,12.59,4.9,14.05,,11.27,,18.0,13.95,17.29,13.95,,,,13.55,26.7,42.95,10.58,32.8,9.45,,,13.68,3.96,17.57,,,7.09,27.98,32.52,,13.69,10.04,12.95,10.12,18.52,23.22,25.19,14.98,14.03,,9.9,32.65,16.42,11.68,8.97,29.86,10.6,24.87,21.28,29.36,15.19,27.78,31.29,,5.93,21.1,28.37,,6.19,5.02,3.7,8.55,8.82,,,12.81,10.58,5.52,16.1,8.41,,,6.07,14.9,10.79,15.05,6.44,9.59,15.9,5.79,16.15,15.14,9.67,5.53,5.4,6.81,13.15,9.73,7.06,4.57,9.07,4.22,10.3,8.26,22.58,,7.33,8.95,6.12,6.9,,,,11.37,13.65,10.18,,7.45,9.12,17.63,,13.13,14.17,,18.02,4.76,8.05,7.37,,20.16,6.3,5.61,7.15,,11.85,19.03,,6.87,15.0,13.4,5.63,7.47,12.04,,16.22,17.68,5.65,9.91,7.0,8.63,8.1,19.48,17.38,18.29,9.06,,13.95,8.43,33.98,9.4,,17.56,8.25,9.59,,,12.33,7.68,,,7.34,8.21,9.41,16.16,,,11.33,5.73,16.34,31.7,50.0,19.98,62.98,37.52,,37.63,28.6,12.18,24.93,,48.42,26.83,8.39,9.35,4.09,10.97,4.68,6.31,,7.38,8.94,8.78,,,14.74,8.52,3.95,7.32,,55.68,19.5,7.97,6.0,33.05,6.84,,12.82,,,,4.76,7.72,7.35,,12.7,38.9,,4.71,,7.88,52.8,11.73,7.75,10.05,4.28,14.37,11.31,8.76,,31.65,24.04,,9.17,6.55,11.15,,9.87,11.63,,11.76,,37.35,12.27,10.07,10.52,20.62,,21.82,7.62,2.95,37.0,12.33,23.16,14.39,12.92,15.9,,30.32,9.03,19.54,16.22,,11.06,9.3,7.33,,8.21,12.28,13.9,10.35,20.1,11.0,16.5,71.8,32.7,17.59,,10.04,15.9,10.95,10.13,11.85,,17.66,16.94,12.25,,8.81,19.09,24.98,17.69,16.57,7.37,,,13.1,20.64,37.65,74.49,,27.16,15.49,21.79,13.24,,44.0,18.46,32.48,20.1,43.0,,11.44,12.01,15.68,7.2,,6.23,,10.37,9.39,5.2,10.3,8.78,11.76,,8.81,17.28,21.32,7.08,6.8,,17.74,4.5,3.38,10.01,3.01,,5.92,5.11,4.05,,20.55,8.93,6.5,17.71,8.01,,5.72,5.53,4.11,,,,4.74,11.97,13.68,30.07,,2.65,2.2,2.69,13.15,,,8.79,5.81,12.51,6.01,5.65,8.56,10.05,7.02,7.02,3.52,3.25,13.78,6.4,3.84,9.36,,25.58,6.22,,,10.58,,12.33,,4.21,8.14,6.14,6.99,3.22,8.31,7.2,8.05,14.14,44.47,7.88,11.05,21.31,,,7.96,10.0,8.85,7.66,7.3,6.13,5.43,,5.51,10.8,3.61,2.15,7.05,,8.28,14.17,5.38,6.2,,,10.4,11.38,,19.58,34.9,8.93,,,,,8.15,6.78,15.76,,8.53,,7.46,15.88,8.48,5.51,10.63,8.56,13.7,7.6,10.72,,25.22,,12.68,,20.39,8.52,17.06,8.92,8.91,8.6,,7.49,15.85,19.25,3.41,3.98,24.22,3.73,8.87,16.07,,3.47,4.16,4.25,,7.53,5.43,4.85,,,3.15,21.92,10.94,,9.1,35.97,11.59,11.54,42.27,,4.75,13.18,25.08,9.47,5.86,2.6,8.18,4.54,8.7,3.24,6.22,7.02,18.58,8.8,3.37,7.5,15.08,9.77,5.19,11.78,12.25,16.82,,6.02,5.84,14.77,4.29,,18.65,,3.23,,8.2,5.64,6.43,20.89,,9.48,19.04,,4.08,7.88,6.53,19.66,,16.4,4.17,7.16,16.81,15.27,7.8,,9.06,34.39,,,10.44,,,15.43,5.66,8.1,6.14,3.85,5.67,5.25,4.43,,,4.25,4.39,19.43,6.96,7.62,6.3,9.54,,,,5.84,13.91,13.41,4.27,10.12,8.94,,10.8,7.46,,9.96,3.46,7.26,6.35,8.31,21.0,,4.14,6.66,11.26,8.2,2.96,5.58,5.95,12.85,2.82,5.29,8.29,4.08,6.15,7.09,11.78,,,10.75,19.46,4.47,2.53,,2.06,6.76,6.26,2.93,,10.05,7.54,8.76,3.99,9.7,7.8,21.93,39.04,3.87,3.96,9.35,4.38,11.36,12.75,25.72,4.22,4.86,9.58,11.66,21.4,,13.39,3.79,11.4,10.44,9.57,5.3,24.73,3.95,7.64,8.67,3.35,9.48,14.56,5.92,13.47,18.91,8.32,7.11,8.64,7.82,,,5.09,23.7,5.63,4.36,6.6,,13.69,2.63,9.52,,4.17,4.56,25.1,104.0,6.35,,10.16,4.26,11.18,26.45,3.36,,,,4.76,10.82,4.09,,12.48,9.67,,13.0,,6.11,7.51,13.61,,5.78,,,,8.29,2.77,2.32,,5.62,6.49,9.14,13.23,,1.88,34.49,14.35,10.14,9.38,,4.01,3.42,4.02,6.02,3.85,10.37,7.03,20.73,6.57,20.71,31.2,21.97,19.84,6.97,3.38,2.36,12.43,,17.36,28.17,,10.8,,,19.74,,,6.64,12.16,,10.71,,,,,10.66
2013-12-02,16.25,,39.56,,9.86,10.6,13.07,18.21,,28.4,15.8,15.22,31.1,,12.73,24.84,27.54,,,51.13,28.07,,37.62,,18.69,17.44,9.35,82.76,17.6,,14.34,12.37,21.51,13.67,14.78,55.52,39.42,,31.49,12.09,32.25,49.04,47.04,16.67,22.77,26.23,28.32,71.26,59.72,2.33,3.12,6.26,3.58,4.06,6.72,5.42,11.89,15.8,18.86,7.54,,,,8.78,7.0,6.32,,14.96,19.23,7.9,17.38,12.11,5.57,36.38,27.0,8.28,7.9,,18.86,8.41,23.84,8.25,9.1,16.48,13.45,,,,18.9,10.53,11.4,7.85,6.22,14.05,15.38,9.19,6.48,26.55,9.25,14.33,,14.43,8.51,12.04,15.91,,13.6,14.0,6.29,,5.3,,11.34,5.5,11.4,,9.51,26.16,13.2,8.38,10.46,30.53,22.79,11.39,,17.29,18.1,,,17.03,9.99,12.76,,9.92,13.59,9.77,26.61,18.53,6.67,32.55,9.07,11.98,12.11,12.7,12.22,14.92,23.55,23.46,16.88,,8.2,18.0,10.04,14.22,8.02,14.22,33.94,,26.43,,24.59,,7.98,,9.92,7.0,,11.3,,12.89,28.46,8.28,15.82,11.85,,16.36,11.57,,18.15,12.55,,9.67,27.97,29.75,10.64,11.33,4.59,12.68,,10.15,,16.2,12.56,15.56,12.57,,,,12.2,24.03,38.66,9.81,29.57,8.67,,,12.31,3.56,15.81,,,6.38,25.18,30.81,,12.32,9.04,11.66,9.75,16.84,20.9,22.67,13.48,12.63,,9.07,29.39,14.82,10.51,8.1,26.87,10.4,22.38,20.46,26.42,14.02,25.0,28.16,,5.34,18.99,25.55,,5.66,4.75,3.46,8.22,8.36,,,11.55,9.99,5.18,14.63,8.01,,7.55,5.55,13.77,10.08,13.55,6.55,9.13,15.0,5.35,14.54,14.26,9.01,5.25,5.07,6.53,12.13,8.76,6.36,4.29,8.76,4.0,9.66,8.25,20.41,,6.92,8.23,5.55,6.56,,,,11.0,12.31,9.16,,7.12,8.21,15.95,,13.1,13.95,,16.29,4.28,7.25,6.7,,19.46,6.16,5.05,6.44,,10.67,17.8,,6.52,13.76,12.78,5.56,7.36,10.84,,14.83,16.09,5.3,8.92,6.6,8.18,7.46,18.62,15.94,17.13,8.84,,12.94,7.68,31.83,9.14,,16.83,7.89,8.95,,,11.98,7.07,,,6.61,7.55,8.75,16.14,,,10.52,5.39,14.71,28.53,45.0,17.98,59.0,33.77,,33.87,25.74,11.25,22.44,,43.58,24.15,8.1,8.95,3.87,10.18,4.45,6.44,,6.99,8.88,8.32,,,13.35,8.02,3.74,6.93,,50.11,18.67,7.28,5.62,31.3,6.16,,12.18,,,,4.56,7.14,6.91,,11.77,35.12,,4.38,,7.67,47.52,11.16,7.07,9.63,4.06,13.7,10.25,8.14,,31.84,21.64,,9.01,6.12,10.29,17.03,9.02,12.01,12.88,11.06,,33.62,11.04,9.07,9.67,20.35,,19.97,7.01,2.8,34.39,11.1,20.84,12.95,11.63,15.3,,27.29,8.43,18.04,15.92,,10.11,8.88,6.73,,7.94,11.6,12.81,9.33,20.63,9.9,15.14,,30.85,15.83,,9.04,14.42,10.1,9.12,10.67,,16.95,15.25,11.03,,7.93,17.19,22.48,15.92,14.91,6.65,,,11.79,19.06,35.2,71.7,,24.44,13.94,20.01,11.92,,40.0,17.37,29.23,18.09,38.7,,10.3,12.23,14.38,6.94,,5.96,,9.69,9.09,4.88,9.45,8.12,12.41,7.56,8.96,15.92,20.7,6.64,6.12,,16.7,4.72,3.4,10.61,2.92,,5.71,4.88,3.65,,18.5,8.46,6.02,16.71,7.37,,5.55,5.25,3.87,,,,4.45,11.41,13.31,27.06,,2.56,2.15,2.51,12.04,,,8.04,5.7,11.27,5.66,5.5,8.17,9.45,7.0,6.64,3.38,3.27,13.37,6.16,3.83,8.88,,24.1,5.95,,,9.72,,11.1,,4.05,7.44,5.8,6.29,3.11,7.82,6.89,7.5,13.64,44.45,7.38,10.19,20.09,,,7.39,9.13,8.82,7.49,7.09,5.8,4.94,,5.27,10.49,3.49,2.08,6.73,,8.05,13.83,4.84,5.84,,,9.86,10.53,,18.51,33.46,8.44,,,,,7.53,6.16,14.8,,8.0,,7.38,15.45,8.29,5.06,9.8,8.21,12.39,7.08,9.96,,22.7,,12.26,,19.47,8.4,16.7,9.1,8.47,8.52,,6.76,16.35,18.49,3.24,3.78,22.79,3.52,8.45,15.34,,3.31,3.9,4.1,,6.96,5.09,4.56,,,3.01,22.51,10.45,,8.38,32.37,11.01,10.83,38.24,,4.83,13.27,22.64,9.1,5.77,2.52,7.43,4.29,8.35,3.15,6.0,6.61,17.05,8.48,3.12,7.11,13.6,8.89,4.77,11.44,11.69,16.49,,5.98,5.5,14.16,4.01,,19.03,,3.07,,7.9,5.15,6.16,20.01,,8.6,18.68,,4.49,7.2,6.29,19.29,,15.49,3.96,6.44,16.27,13.74,7.16,,8.26,32.1,,,9.94,,,14.95,6.08,7.78,5.69,3.54,5.36,4.73,4.18,,,4.03,4.19,18.84,6.9,7.1,5.89,9.88,,,,5.63,13.1,13.68,4.08,9.36,8.45,,9.72,7.08,,9.18,3.29,7.09,6.06,7.48,19.54,,3.82,6.43,10.46,7.94,2.86,5.36,5.4,12.21,2.67,5.11,7.73,3.92,5.94,7.35,11.2,,,10.02,18.64,4.3,2.44,,2.03,6.08,6.06,2.82,,9.36,6.81,8.56,3.78,9.22,7.35,21.03,38.9,3.67,3.91,8.69,4.08,10.79,11.63,25.0,4.08,4.83,9.35,10.49,20.34,,12.05,3.54,11.05,9.49,8.61,5.0,22.31,3.59,7.3,7.85,3.28,9.82,13.84,5.66,13.0,17.99,7.97,6.52,8.25,8.08,,,4.95,22.07,5.22,4.23,6.02,,12.85,2.76,8.97,,3.96,4.46,24.3,100.61,6.02,,9.31,3.92,10.44,25.13,3.19,,,,4.47,10.46,3.86,,11.34,9.19,,12.74,,6.17,7.25,13.05,,5.44,,,7.17,8.0,2.72,2.25,,5.3,5.84,8.99,11.91,,1.83,32.59,13.63,9.81,8.44,,3.81,3.19,3.7,5.71,3.64,9.88,6.48,21.9,6.66,19.8,30.26,21.24,20.06,6.57,3.35,2.3,11.19,,16.69,25.35,,10.19,,,19.41,,2.39,6.3,11.81,,10.51,,,,,10.02
2013-12-03,15.19,,35.6,,9.78,10.45,13.22,18.17,,29.0,15.8,14.71,31.99,,12.49,25.4,26.99,,,49.5,27.98,,36.15,,19.33,19.18,9.08,78.36,16.11,,14.7,11.99,20.88,13.24,14.99,57.8,38.43,,29.26,12.64,32.01,46.33,45.66,16.1,21.15,25.85,26.81,66.08,62.2,2.36,3.15,6.39,3.65,4.09,7.11,5.45,12.15,16.17,19.31,7.75,,,,9.52,7.19,6.42,,15.09,19.62,8.05,17.56,12.9,5.73,37.2,27.4,8.42,8.01,,19.39,8.84,24.25,8.48,9.8,16.9,13.68,,,,19.61,10.77,12.13,8.07,6.35,14.68,15.95,9.45,6.62,27.0,9.51,13.88,,14.81,8.74,12.16,15.96,,13.99,14.15,6.38,,5.47,,11.77,5.61,11.62,,9.7,24.8,13.84,8.55,10.65,31.06,23.15,10.8,,19.02,19.53,,,17.9,10.33,12.93,,10.25,13.6,10.16,28.68,18.87,6.79,32.14,9.9,12.31,12.28,13.12,12.94,15.7,21.2,24.69,17.3,,8.4,18.59,10.22,14.52,8.25,14.54,36.15,,25.92,,24.79,,8.1,,10.6,7.44,,11.62,,12.18,28.48,7.95,16.1,12.07,,15.58,11.23,,17.49,11.87,,9.18,26.47,27.91,10.18,10.66,4.68,12.48,,10.33,,16.13,12.18,15.0,12.88,,,,11.96,23.52,37.1,9.9,30.62,8.7,,,12.7,3.57,15.91,9.82,,6.5,22.66,31.49,,11.9,8.89,11.34,10.4,17.48,20.58,22.1,13.4,12.61,,9.27,28.55,15.11,10.41,8.2,27.54,10.66,21.77,20.6,26.39,15.15,24.7,27.06,,5.37,17.68,25.66,27.89,5.78,4.86,3.53,8.3,8.35,,,11.79,10.2,5.27,15.17,8.2,,7.96,5.79,14.61,10.27,13.07,6.45,9.26,15.28,5.4,14.2,14.34,9.2,5.35,5.18,6.72,12.59,8.7,6.49,4.38,8.9,4.1,9.69,8.28,20.53,,6.98,8.37,5.7,6.58,,14.73,,11.6,12.67,9.28,,7.25,7.94,16.24,,14.41,13.97,,16.85,4.36,7.07,6.85,,19.81,6.24,5.11,6.84,,10.19,19.3,,6.61,14.28,13.18,5.79,7.65,11.02,,15.23,16.71,5.37,9.12,6.71,8.4,7.57,20.01,17.01,17.61,9.1,,13.34,7.81,32.4,10.05,,17.11,8.04,9.26,,,12.08,7.19,,,6.7,7.57,8.96,16.94,,,10.72,5.51,14.47,28.19,43.47,17.29,60.29,31.6,,30.48,25.56,10.93,21.48,,39.58,22.9,8.22,9.12,3.94,10.35,4.55,6.55,,7.08,9.21,8.5,,,13.76,8.29,3.82,7.07,,51.78,19.02,7.42,5.82,32.99,6.09,,12.43,,,,4.63,7.27,7.06,,11.92,35.79,,4.52,,7.76,47.0,11.28,7.21,10.14,4.14,14.0,10.39,8.32,,32.64,22.02,,9.03,6.27,11.22,18.08,9.21,12.37,13.02,11.13,,32.08,10.54,9.18,9.84,20.38,,21.0,7.18,2.76,35.02,9.99,22.22,13.21,12.03,16.6,,26.41,8.62,18.2,16.83,,10.41,9.24,6.99,,8.19,12.1,13.37,9.53,22.69,10.0,15.53,,31.53,15.06,,8.62,14.64,10.51,9.22,10.97,,17.92,14.25,10.77,,7.95,17.35,22.64,15.6,14.92,6.77,,,12.12,19.81,35.55,72.3,,23.22,14.22,20.93,12.21,,39.25,17.6,28.07,17.15,37.24,,10.19,12.51,14.84,7.09,,6.07,,10.11,9.17,5.01,9.58,8.29,12.34,7.83,8.78,16.0,20.79,6.9,6.25,,17.1,4.69,3.35,10.54,2.97,,5.65,4.93,3.68,,17.88,8.63,6.09,16.97,7.59,,5.6,5.35,3.96,,,,4.53,12.55,13.24,27.39,,2.6,2.17,2.56,12.26,,,8.4,5.79,11.51,5.78,5.62,8.4,9.73,7.1,6.81,3.44,3.31,13.61,6.49,3.95,9.27,,24.87,6.06,,,10.03,,11.36,,4.11,7.55,5.91,6.23,3.14,7.97,7.21,7.69,13.8,45.03,7.52,10.33,20.58,,,7.55,9.49,9.02,7.51,7.31,5.91,5.11,,5.33,10.87,3.55,2.12,7.09,,8.86,14.31,4.94,5.97,,,10.15,11.02,,19.31,33.79,8.57,,,,,7.72,6.25,15.05,,8.15,8.97,7.87,16.08,8.48,5.17,10.25,8.4,12.71,7.25,10.1,,23.25,22.68,12.36,,20.1,8.52,16.95,9.09,8.31,8.42,,6.91,17.78,18.47,3.14,3.59,23.48,3.58,8.69,15.72,,3.38,3.98,4.16,,7.12,5.17,4.75,,10.25,3.06,22.31,10.52,,8.55,32.34,10.96,11.05,36.99,,5.14,13.62,22.64,9.54,5.84,2.52,7.55,4.38,8.35,3.2,6.08,6.73,17.45,8.68,3.18,7.28,13.8,9.36,4.75,11.59,11.87,17.18,,6.1,5.62,14.63,4.07,,19.02,,3.14,,8.18,5.26,6.3,21.14,,8.79,18.71,,4.45,7.39,6.44,19.28,,15.55,4.06,6.64,17.14,13.8,7.24,,8.27,32.38,,,10.02,,,15.21,6.03,7.86,6.0,3.62,5.48,4.7,4.24,,,4.11,4.27,18.99,7.14,7.2,5.98,9.86,,,,5.66,13.57,14.06,4.14,9.63,8.66,,9.58,7.14,,9.31,3.34,7.16,6.17,7.75,20.28,,3.86,6.7,10.71,8.43,2.89,5.4,5.54,12.3,2.72,5.26,7.86,3.96,5.97,7.43,11.42,,,10.23,18.71,4.56,2.47,,2.04,6.3,6.47,2.87,,9.49,7.05,8.65,3.86,8.93,7.48,21.5,39.04,3.74,3.94,8.88,4.15,10.85,12.06,25.16,4.13,4.82,9.6,10.68,20.32,,12.01,3.6,11.31,9.73,8.6,5.05,22.45,3.66,7.78,8.09,3.31,10.24,14.53,5.77,13.15,18.0,8.06,6.63,8.53,8.23,,,5.01,22.5,5.32,4.14,6.2,,13.2,2.67,9.74,,4.04,4.5,24.88,105.86,6.19,,9.49,4.04,10.61,25.33,3.23,,,,4.58,10.56,3.93,,11.81,9.37,,12.78,,6.32,7.44,13.21,,5.66,,,7.15,8.16,2.75,2.28,,5.45,5.82,9.21,12.36,,1.85,32.78,13.78,10.19,8.2,,3.84,3.24,3.73,5.81,3.77,10.06,6.53,22.88,6.65,20.0,30.88,22.34,20.09,6.84,3.42,2.33,10.48,14.27,17.19,22.82,,10.33,,3.89,19.4,,2.42,6.42,12.0,,10.69,,,,,10.56
2013-12-04,15.4,,33.18,,9.92,10.46,13.65,18.18,,29.12,15.65,14.66,31.96,,12.45,24.24,27.57,,,49.2,28.9,,35.73,,20.26,19.33,8.9,79.16,16.02,,15.01,11.78,20.08,13.27,16.49,53.38,37.48,,27.81,12.32,32.66,44.0,44.97,15.56,20.21,25.61,27.38,64.14,59.6,2.4,3.24,6.46,3.65,4.18,7.13,5.45,12.16,17.68,19.4,7.91,,,,10.03,7.23,6.75,,15.46,19.85,8.15,,13.3,5.93,38.8,26.95,8.62,8.1,,19.56,8.78,24.19,9.04,10.17,17.35,13.87,,,22.27,20.63,11.05,12.33,8.23,6.48,14.97,16.87,9.65,6.76,27.5,9.61,14.02,,15.16,8.87,12.28,16.77,,13.98,14.32,6.34,,5.57,,11.85,5.72,11.8,,9.8,26.09,13.65,9.41,11.07,31.19,23.42,10.89,,19.52,19.42,15.0,,18.29,10.45,13.21,48.35,10.43,13.83,10.4,28.39,18.61,6.83,31.8,10.01,12.61,12.72,14.43,13.1,16.5,19.27,24.5,17.13,,8.59,18.4,10.48,14.79,8.31,14.86,35.1,,27.43,,25.55,,8.2,,10.86,7.48,,12.23,,11.88,27.37,7.78,15.95,12.11,,15.97,11.68,,17.3,12.38,,9.19,25.66,26.62,10.03,10.58,4.74,12.73,,10.43,,16.23,12.15,14.73,13.13,,,,11.8,23.51,35.59,10.15,31.67,8.65,,,12.72,3.59,15.88,9.9,,6.62,22.09,32.41,,11.73,9.21,11.45,10.45,17.95,19.7,22.67,13.45,12.5,,9.51,27.82,15.03,10.46,8.26,27.55,10.75,21.27,20.7,26.13,15.11,24.45,25.81,,5.41,17.03,26.26,28.28,5.82,4.91,3.56,8.41,8.39,,,11.89,10.63,5.4,15.56,8.47,,8.19,5.79,14.91,10.58,13.11,6.53,9.29,15.95,5.53,14.5,14.41,9.52,5.43,5.18,6.74,12.89,8.7,6.66,4.52,9.02,4.12,9.95,8.28,21.18,,7.06,8.44,5.76,6.56,,14.9,,11.67,12.9,9.4,,7.31,8.1,16.38,,15.85,14.48,,16.92,4.4,7.11,6.97,,20.25,6.43,5.41,7.1,,10.21,18.9,,6.69,14.57,13.25,5.84,7.68,11.11,,15.37,16.99,5.42,9.15,6.84,8.42,7.61,19.99,17.65,18.02,9.12,,13.6,7.88,32.94,10.32,12.96,17.14,8.08,9.42,,,12.17,7.25,,,6.77,7.59,9.01,16.8,,,10.89,5.7,15.31,27.21,43.0,16.99,59.4,30.4,,28.42,26.4,11.0,20.92,,37.55,22.8,8.26,9.24,4.02,10.52,4.59,6.62,,7.48,9.23,8.71,,,13.83,8.26,3.86,7.05,8.12,48.96,20.5,7.51,6.4,32.55,6.09,,12.77,,,11.15,4.75,7.47,7.13,,12.49,35.89,,4.57,,7.86,43.15,11.28,7.47,10.18,4.18,14.38,10.65,8.4,,33.68,21.86,,9.28,6.44,11.46,18.76,9.66,12.42,13.65,11.25,,32.7,10.3,9.23,9.95,20.07,8.93,21.56,7.23,2.78,36.64,9.3,23.54,13.47,12.53,16.69,,27.01,8.77,18.21,16.47,,10.55,10.16,6.97,,8.42,12.22,13.58,9.58,24.96,10.63,15.96,64.62,31.23,14.7,,8.79,14.7,10.59,9.24,10.9,,19.71,14.1,10.77,,8.03,17.4,21.98,15.42,14.7,6.8,,,12.86,20.38,35.55,69.35,,24.3,14.27,22.52,11.92,,40.38,17.74,26.48,17.06,36.35,,10.19,12.44,15.27,7.13,,6.2,,11.12,9.5,5.11,10.28,8.77,12.39,8.19,8.6,16.02,20.97,7.07,6.48,,17.59,4.65,3.37,10.54,2.98,,5.97,4.97,3.67,,18.02,8.76,6.18,16.95,7.65,,5.7,5.42,4.02,,,,4.58,12.86,13.35,27.02,,2.62,2.19,2.7,12.44,,,8.62,5.86,11.54,5.8,5.71,8.54,10.02,7.37,6.93,3.6,3.34,13.8,6.6,4.02,9.84,2.78,25.34,6.09,,,10.29,,12.5,,4.26,7.63,5.94,6.71,3.18,8.08,7.29,7.81,14.06,44.52,7.59,11.02,20.99,6.0,,7.7,9.89,9.13,7.68,7.35,5.97,5.1,,5.36,10.98,3.65,2.14,7.27,,9.75,14.24,4.93,6.06,,,10.45,10.93,,19.99,35.28,8.61,,,,,7.67,6.31,15.18,,8.33,8.89,8.15,15.94,8.53,5.2,10.91,8.63,13.2,7.31,10.22,,23.95,22.85,12.48,,19.78,8.83,17.26,9.31,8.56,8.49,,7.11,19.56,18.49,3.16,3.6,23.53,3.63,8.73,15.78,,3.54,4.03,4.25,,7.13,5.2,4.84,,10.21,3.09,23.03,10.67,,8.8,32.38,11.14,11.35,37.64,,5.03,14.12,23.28,9.72,6.02,2.58,7.66,4.45,8.68,3.27,6.16,6.79,19.2,8.87,3.19,7.59,13.93,9.64,4.8,11.68,11.96,17.19,,6.28,5.72,14.37,4.14,,19.24,,3.18,,8.18,5.27,6.41,21.4,,9.05,19.05,,4.45,7.6,6.49,18.7,,15.71,4.07,7.3,17.73,13.95,7.21,5.07,8.36,32.37,,,10.08,,,15.3,6.03,7.88,6.03,3.85,5.56,4.72,4.28,13.08,,4.19,4.38,19.04,7.26,7.28,6.04,9.9,,,,5.81,13.69,14.1,4.2,9.7,8.83,,9.69,7.34,,9.43,3.37,7.29,6.3,7.97,20.77,,3.95,6.94,10.82,8.42,2.94,5.49,5.58,12.43,2.75,5.23,8.12,4.07,6.04,7.4,11.53,,,10.34,18.74,4.69,2.49,,2.07,6.78,6.61,2.9,,9.55,,8.74,3.81,8.88,7.54,21.66,38.89,3.77,4.02,9.01,4.23,11.39,12.22,25.23,4.27,4.83,9.78,10.95,20.55,,12.24,3.63,11.55,10.15,8.73,5.09,22.47,3.7,7.82,8.1,3.39,10.11,14.76,5.81,13.3,17.65,8.23,6.66,8.68,8.23,,,5.0,22.63,5.36,4.05,6.46,,13.39,2.65,9.9,,4.06,4.55,25.65,104.47,6.31,,9.51,4.09,11.11,25.0,3.3,,,,4.68,10.68,3.97,,12.61,9.59,,13.76,,6.65,7.63,13.5,,5.69,,,7.2,8.23,2.77,2.32,,5.55,5.89,9.3,13.23,,1.88,32.91,14.32,10.26,8.21,,3.83,3.27,3.76,5.87,3.88,10.13,6.55,24.0,6.64,19.95,31.75,22.36,20.52,6.76,3.59,2.35,10.31,14.68,17.4,21.47,,10.63,,3.95,19.5,,2.66,6.5,12.16,,10.77,,,,,10.46
2013-12-05,14.85,,32.35,,9.82,10.49,13.88,17.89,,27.6,15.76,14.25,31.92,,12.5,24.22,26.49,,,46.45,26.31,,34.3,,18.23,19.01,8.96,75.89,16.3,,14.1,11.6,19.95,13.01,15.75,53.0,36.1,,27.8,12.33,31.75,42.26,43.25,14.91,20.28,25.68,26.96,64.47,56.09,2.4,3.23,6.51,3.68,4.16,7.07,5.47,11.97,17.48,19.2,7.95,,,,9.98,7.34,6.69,,15.68,19.44,8.18,,13.17,5.93,38.5,26.88,9.07,8.1,,19.62,8.79,24.33,8.93,10.12,17.05,14.07,15.35,,22.03,21.08,11.03,12.38,8.39,6.52,14.83,16.68,9.85,6.45,29.68,9.81,13.68,,14.97,8.87,12.14,16.65,,14.03,14.19,6.14,,6.0,,11.99,5.79,11.81,,10.05,24.88,13.27,9.43,11.2,30.2,23.87,10.65,,20.93,19.59,15.24,,18.51,10.4,13.04,49.13,10.48,13.8,10.49,29.8,18.18,7.08,29.75,10.02,12.77,12.5,14.43,14.41,16.9,17.77,24.95,16.63,,8.75,18.22,10.67,15.03,8.52,14.82,36.0,,26.48,,26.99,,8.38,,10.58,7.8,,12.55,,,26.27,7.57,15.31,11.78,,15.38,10.8,,16.93,12.1,,8.94,26.69,26.48,9.75,10.39,4.85,12.45,,10.44,,16.32,11.63,14.51,13.1,,,,11.42,23.12,32.48,10.35,30.38,8.47,,,11.95,3.59,16.0,10.57,,6.53,21.13,30.99,,11.84,9.2,11.53,10.22,17.97,20.03,22.24,13.65,12.37,,9.41,26.27,14.54,10.47,8.17,27.15,11.06,21.09,20.4,26.33,14.68,23.91,26.0,,5.36,16.1,24.4,26.74,5.81,4.93,3.54,8.53,8.32,,,11.8,10.61,5.55,15.49,8.49,,7.93,5.84,14.76,10.64,13.09,6.39,9.18,16.13,5.58,14.4,14.39,9.67,5.51,5.13,6.6,12.7,8.63,6.76,4.48,9.04,4.16,9.99,8.19,20.83,,7.05,8.32,5.73,6.59,,15.18,,11.59,13.07,9.17,,7.41,7.94,16.41,,16.83,14.8,,16.92,4.35,7.09,6.95,,20.3,6.54,5.23,6.74,,10.08,18.95,,6.61,14.6,13.31,5.81,8.1,11.07,,15.53,17.68,5.96,9.09,6.85,8.15,7.5,20.4,17.12,17.9,9.05,7.2,13.82,7.97,32.52,10.12,12.55,17.71,8.21,9.48,,,12.22,7.27,,,6.73,7.6,9.27,16.42,,,10.7,5.77,15.25,26.76,43.24,16.7,59.68,28.98,,27.21,24.84,11.49,21.1,,37.2,22.69,8.22,9.27,4.02,10.38,4.61,6.55,,7.41,9.26,8.84,,,13.49,8.49,3.86,6.95,8.25,46.3,20.6,7.5,6.7,31.0,6.06,3.68,13.0,,,11.08,4.75,7.48,7.18,,12.33,35.5,,4.44,,7.88,42.0,11.13,7.36,10.56,4.18,14.48,10.47,8.52,,37.05,21.3,,9.25,6.54,11.21,20.3,9.85,12.63,13.67,11.35,,32.0,9.96,9.22,10.2,20.05,9.05,20.4,7.39,2.77,36.1,8.88,23.7,13.52,12.11,17.99,,26.93,8.78,18.0,16.31,,10.57,11.18,7.11,,8.34,12.95,13.45,10.17,25.49,10.65,16.21,58.16,30.26,14.35,,9.32,14.68,10.46,9.23,10.27,,19.5,13.75,10.72,,7.87,16.83,21.75,15.41,14.55,6.77,,,12.29,21.1,34.5,65.28,,24.3,13.91,21.9,11.55,,39.0,16.92,24.86,16.78,34.83,,10.29,12.21,15.15,7.08,,6.25,,10.8,9.49,5.11,10.1,8.69,12.41,8.67,8.56,15.76,20.85,6.99,,,17.91,4.55,3.39,10.87,2.96,,6.2,4.99,3.66,,17.8,8.8,6.17,16.46,7.72,,5.68,5.39,4.0,,,16.34,4.6,12.79,13.37,26.93,,2.64,2.2,2.64,12.11,,,8.94,5.99,11.59,5.89,5.68,8.48,10.09,7.25,7.09,3.66,3.31,13.88,6.93,3.97,9.59,2.72,25.17,6.19,,,10.72,,12.21,,4.27,7.62,5.76,6.4,3.18,8.11,7.4,7.96,14.09,43.71,7.62,10.82,20.95,6.6,5.98,7.75,9.53,9.23,7.82,7.4,5.97,5.0,,5.45,10.77,3.63,2.14,7.16,,9.43,14.56,4.89,6.19,,,10.54,11.08,,20.05,35.19,8.78,,,,,7.82,6.22,15.1,,8.33,8.77,8.15,15.76,8.8,5.31,10.65,8.69,13.47,7.35,10.5,,21.6,22.26,12.26,,20.16,8.75,17.3,8.85,8.63,8.63,,7.08,,18.37,3.29,3.59,23.76,3.66,8.73,14.93,,,4.0,4.25,,7.2,5.23,5.01,,10.51,3.24,23.35,10.68,,8.89,31.28,11.62,11.59,37.83,,4.88,13.94,23.02,9.71,6.01,2.63,7.51,4.43,8.67,3.28,6.17,6.81,19.25,9.0,3.45,7.62,13.44,9.52,4.76,11.71,11.99,16.62,,6.34,5.67,15.0,4.12,,19.21,,3.23,,8.14,5.26,6.43,21.59,,9.25,19.8,,4.44,7.53,6.58,18.74,,15.39,4.07,7.04,17.65,13.8,7.2,5.58,8.21,31.87,,24.64,10.22,,,15.08,6.17,7.79,6.07,3.71,5.52,4.69,4.25,12.84,,4.17,4.34,19.18,7.09,7.25,5.99,10.4,,,,5.78,13.61,13.81,4.2,9.53,8.89,,9.63,7.32,,9.33,3.34,7.29,6.36,7.91,21.8,,3.93,6.86,10.82,8.47,2.93,5.72,5.61,12.5,2.77,5.15,8.04,4.05,6.04,7.29,12.1,,,10.37,18.9,4.7,2.51,,2.07,6.4,6.51,2.91,,9.45,,8.74,4.18,8.88,7.55,21.92,39.98,3.81,3.98,9.03,4.23,11.25,12.25,25.4,4.25,4.83,10.0,11.3,21.25,,11.78,3.64,11.44,11.17,8.68,5.09,22.26,3.73,8.02,8.02,3.4,9.99,15.01,5.8,13.35,17.66,8.23,6.74,9.21,8.13,,4.4,4.94,21.88,5.39,4.07,6.33,,13.52,2.53,9.59,,4.11,4.54,25.78,103.45,6.34,,9.38,4.09,11.21,24.1,3.48,,,,4.66,10.75,4.0,,12.28,9.65,,13.65,,6.64,7.51,13.56,,5.74,,,7.24,8.12,2.75,2.31,,5.57,5.8,9.43,13.23,,1.87,32.5,14.5,10.34,8.27,,3.82,3.3,3.78,5.9,4.05,10.03,6.45,23.88,6.61,19.83,31.82,21.64,20.55,6.64,3.48,2.42,10.41,14.74,18.2,22.0,,11.1,,3.98,19.54,,2.61,6.5,11.97,,10.79,,,,,10.62
2013-12-06,14.95,,33.21,,9.87,10.4,13.74,17.39,,27.46,15.59,14.06,33.12,,12.37,24.67,26.08,,,46.36,26.35,,34.99,,17.19,19.57,8.92,76.8,16.81,,14.0,11.52,20.27,12.88,14.73,53.5,36.2,,28.35,12.55,31.15,42.99,43.59,15.12,20.48,25.74,26.74,65.68,55.01,2.4,3.24,6.47,3.68,4.22,7.02,5.44,11.89,17.8,19.65,7.95,,,,10.15,7.38,6.62,,15.51,20.8,8.18,,12.99,5.94,37.3,27.17,8.93,8.07,,19.71,8.72,24.13,9.12,10.12,16.83,13.96,15.32,,21.83,20.8,11.19,12.35,9.23,6.55,14.73,17.2,9.75,6.41,30.17,9.71,13.84,,14.87,8.9,11.88,16.94,,15.0,14.25,6.28,,5.76,,11.84,5.81,11.8,7.29,9.96,24.73,13.29,9.75,10.98,30.0,23.72,10.67,,20.91,18.63,15.14,,18.18,10.18,12.82,47.3,10.59,13.3,10.38,29.0,18.38,6.97,29.73,10.0,12.59,12.35,13.94,14.12,16.4,,24.45,16.81,,8.66,18.3,10.55,14.89,8.44,16.3,35.27,,25.31,,26.64,,8.35,,10.42,7.63,,12.34,,,27.97,7.6,15.3,11.85,,15.39,10.65,,17.0,11.98,,8.77,26.57,26.33,9.81,10.45,4.85,12.18,,10.5,,16.35,11.68,15.23,13.16,,,,11.45,23.16,33.3,10.28,30.95,8.52,,,11.43,3.56,16.2,10.54,,6.52,21.63,30.68,,12.0,9.09,11.57,10.2,17.58,20.18,22.48,13.5,12.43,,9.19,25.88,14.68,10.64,8.18,27.34,10.99,20.87,20.43,27.5,14.6,24.49,26.22,,5.48,16.21,23.98,26.72,5.8,4.97,3.56,8.61,8.3,,,11.75,10.51,5.57,15.21,8.78,,7.7,6.02,14.33,10.59,13.05,6.29,9.21,16.36,5.51,15.84,14.37,9.61,5.54,5.12,6.64,12.72,8.67,6.55,4.49,8.98,4.14,9.75,8.26,20.87,,7.1,8.37,5.71,6.69,,15.16,,11.7,12.81,9.3,,7.4,7.93,16.23,,15.42,14.82,,17.0,4.37,7.07,6.97,,20.19,6.46,5.03,6.48,,10.14,18.47,,6.66,14.47,,5.93,8.54,11.46,,16.23,17.31,5.78,9.09,7.1,8.26,7.54,19.59,16.62,17.88,8.97,7.18,13.75,7.82,34.81,10.04,12.58,17.77,8.23,9.6,,,12.27,7.28,,,6.69,7.56,9.29,17.1,,,10.73,5.86,14.6,27.0,43.58,16.79,61.58,29.49,,27.3,24.54,10.83,21.1,,37.41,22.7,8.19,9.33,3.98,10.26,4.7,6.68,,7.38,9.3,8.86,,,13.13,8.41,3.89,7.19,8.24,45.95,21.03,7.55,6.72,31.23,6.26,3.59,12.89,,,11.7,4.79,7.53,7.17,,12.35,35.4,,4.44,,7.78,42.04,11.05,7.38,10.79,4.18,14.11,10.3,8.59,,38.7,20.57,,,6.48,10.94,18.91,9.73,13.37,13.65,11.38,,31.58,10.12,9.14,10.4,19.51,9.01,20.09,7.31,2.8,37.64,8.85,23.35,13.53,11.97,17.1,,28.33,8.77,18.25,15.95,,10.35,12.3,7.06,,8.26,12.56,13.49,10.28,22.94,10.04,16.05,55.35,29.7,14.44,,9.26,14.6,10.82,9.26,10.12,,18.96,13.99,10.74,,7.91,17.02,21.69,15.31,14.65,6.81,,,12.46,21.37,34.83,65.28,,23.6,13.96,21.58,11.58,,37.75,16.95,25.21,16.95,36.05,,10.23,12.34,15.15,7.02,,6.28,,10.51,9.4,5.48,10.09,8.66,11.94,8.92,8.65,15.72,20.53,7.06,,,18.14,4.51,3.36,10.78,2.93,,6.07,4.98,3.6,,18.05,8.66,6.15,16.65,7.67,,5.77,5.35,4.02,,,15.91,4.63,12.57,13.28,26.18,,2.64,2.19,2.64,11.93,8.2,,8.8,5.93,11.46,5.81,5.61,8.4,10.09,7.29,7.06,3.59,3.33,13.75,7.13,3.95,9.76,2.74,25.0,6.23,,,11.08,,12.01,,4.24,7.66,5.79,6.31,3.25,8.26,7.32,7.85,13.94,43.58,7.67,10.68,20.97,7.26,5.74,7.96,9.4,9.07,7.68,7.32,5.92,5.05,,5.42,10.52,3.62,2.16,7.15,,8.97,14.28,4.93,6.18,,,10.46,11.53,,19.92,34.97,8.93,,,,,7.84,6.2,15.02,,8.15,8.75,8.18,15.4,8.75,5.24,10.5,8.62,13.47,7.29,10.4,,20.41,21.99,12.22,,21.17,8.74,17.42,8.41,8.42,8.67,,6.97,18.56,18.38,3.31,3.64,24.51,3.63,8.62,14.69,,,4.02,4.3,59.12,7.02,5.21,4.99,,10.14,3.15,23.76,10.61,,9.39,31.62,11.53,11.47,37.95,,4.77,14.08,22.75,9.31,6.06,2.61,7.5,4.4,8.39,3.27,6.18,6.83,18.75,8.83,3.42,7.7,13.34,9.51,4.8,11.6,11.96,16.35,,6.24,5.66,14.96,4.14,,18.57,,3.21,,8.18,5.25,6.54,22.39,,9.11,19.62,,4.48,7.55,6.48,18.68,,16.1,4.11,7.06,17.29,13.62,7.2,6.14,8.51,31.8,6.15,24.7,10.1,,,15.15,6.29,7.75,5.98,3.7,5.54,4.73,4.29,12.52,,4.19,4.29,18.98,7.07,7.22,6.01,10.34,,,,6.36,13.58,13.64,4.17,9.49,8.92,,9.81,7.37,,9.16,3.38,7.28,6.29,8.0,21.85,,3.94,6.91,10.81,8.27,2.94,5.58,5.57,12.57,2.75,5.19,8.18,4.03,6.01,7.29,11.85,,,10.21,18.78,4.84,2.5,5.47,2.07,6.39,6.59,2.92,,9.41,,8.67,4.03,8.85,7.61,21.51,39.49,3.78,3.97,8.89,4.21,10.97,12.36,25.37,4.22,4.79,10.03,11.17,21.76,,11.64,3.61,11.35,10.86,8.55,5.07,21.69,3.76,7.96,7.96,3.41,9.84,15.04,5.78,13.2,17.71,8.08,6.72,9.04,8.07,,4.42,4.95,21.95,5.4,4.03,6.29,,13.42,2.66,9.5,,4.06,4.54,25.5,104.19,6.29,,9.5,4.0,11.28,23.92,3.47,,,,4.66,10.77,3.97,,12.29,9.69,,13.66,,7.23,7.35,13.58,,5.65,,,7.21,7.88,2.81,2.31,,5.51,5.85,9.45,13.27,,1.91,31.71,14.49,10.3,8.72,,3.82,3.28,3.75,5.9,4.15,10.01,6.42,23.37,6.59,19.83,32.38,21.6,20.1,6.42,3.53,2.39,10.4,14.6,17.93,21.71,,11.27,,3.99,19.45,,2.6,6.54,11.8,,10.77,,,,,10.4
2013-12-09,15.41,,35.68,,10.03,10.51,14.07,17.34,,27.85,15.95,14.62,,,12.78,25.5,26.8,,,47.1,26.1,,,,17.25,19.37,9.09,78.75,17.14,,14.12,12.06,20.9,13.24,14.68,54.05,38.18,,28.97,12.89,31.85,44.7,45.45,15.44,20.97,27.51,27.33,68.21,56.6,2.39,3.25,6.51,3.69,4.2,7.13,5.5,12.0,17.68,19.35,8.09,,,,10.18,7.35,6.7,,15.19,21.15,8.25,,12.96,6.06,36.62,28.01,8.79,8.2,,20.0,8.71,24.36,9.35,10.13,17.38,14.27,15.4,,21.84,19.4,11.24,12.6,,6.64,15.16,17.14,9.9,6.4,30.49,10.04,14.09,,15.19,8.9,12.05,16.92,,15.03,14.52,6.3,,5.87,,11.86,5.9,12.33,7.25,10.15,25.08,13.36,9.83,11.08,30.68,24.01,10.6,,21.94,18.89,15.71,,18.3,10.3,13.32,48.99,11.1,13.26,10.82,30.15,19.2,7.1,31.35,,13.85,12.52,14.22,14.2,17.7,,25.18,17.03,,8.88,18.65,10.87,15.16,8.53,17.13,37.3,,26.76,,27.98,,8.41,,10.74,7.72,,12.65,,,30.77,7.76,16.25,11.83,,15.53,11.08,,17.23,11.84,,8.94,27.5,27.2,10.01,10.77,4.89,12.24,,10.75,,15.88,11.94,15.32,13.4,,,,11.99,23.1,34.97,10.43,31.6,8.53,,,11.98,3.56,16.4,10.97,,6.74,22.08,30.78,,12.46,9.22,12.73,10.84,18.22,20.88,23.14,13.7,12.67,,9.68,26.97,14.73,10.89,8.33,28.67,10.84,22.35,20.99,28.29,15.15,25.13,27.35,13.2,5.5,16.58,24.68,27.04,5.85,4.97,3.55,8.63,8.27,,,11.97,10.49,5.45,16.73,8.79,,7.81,6.09,14.66,10.58,13.03,6.37,9.21,16.3,5.61,15.65,14.38,9.78,5.52,5.18,6.63,12.88,8.71,6.54,4.5,8.96,4.15,9.63,8.25,20.95,,7.09,8.36,5.79,6.67,,15.2,,11.72,12.86,,,7.46,8.02,16.17,,15.88,14.82,,17.18,4.38,7.25,6.99,,20.56,6.5,5.1,6.59,14.45,10.58,19.3,,6.72,14.57,13.39,5.88,8.59,11.31,,16.5,17.56,6.03,9.2,7.16,8.29,7.57,19.53,16.65,17.9,8.95,7.19,14.07,7.87,35.09,9.88,12.56,17.71,8.28,9.59,,,12.26,7.35,,,6.79,7.6,9.49,,1.77,,10.8,6.08,15.1,28.35,44.98,17.04,64.05,30.83,,28.25,25.6,10.83,21.46,,38.65,23.13,8.23,9.36,4.02,10.13,,6.75,,7.35,9.25,9.14,,,13.43,8.6,3.98,7.34,8.27,47.69,20.7,7.54,6.8,30.85,6.23,3.57,12.91,,,11.71,4.79,7.61,7.21,,12.56,35.8,,4.44,,7.77,41.73,11.12,7.3,10.81,4.24,14.53,10.54,8.61,,41.13,21.04,6.07,,6.64,11.0,18.66,9.89,13.69,13.74,11.35,,32.78,10.21,9.25,10.38,19.63,9.11,20.2,7.29,2.78,37.89,8.88,24.59,13.9,12.15,17.5,14.98,30.09,8.88,19.0,16.57,,10.39,12.97,7.11,,8.3,13.01,14.18,10.41,23.44,10.88,16.4,60.89,29.76,14.7,,9.02,14.7,11.25,9.34,10.31,,18.9,14.14,10.94,,7.9,17.43,22.05,15.5,14.88,6.92,,,12.68,20.98,35.08,66.4,,23.6,14.33,22.69,11.79,,37.84,17.17,27.08,17.22,38.5,,10.41,12.19,15.07,7.06,,6.39,,10.58,9.42,5.47,10.84,8.76,11.94,9.81,8.33,15.76,20.46,7.34,,,17.89,4.54,3.34,10.74,2.92,,6.15,4.96,3.67,,18.25,8.73,6.19,16.5,7.85,,5.87,5.3,4.05,,5.89,15.99,4.67,13.15,13.58,26.97,,2.62,2.19,2.6,12.46,8.13,,9.09,5.95,11.59,5.8,5.55,8.63,10.19,7.51,7.08,3.59,3.32,13.94,7.14,3.95,9.71,2.74,24.43,6.22,,,11.01,,12.18,,4.25,7.71,5.77,6.2,3.18,8.24,7.27,8.17,14.1,43.05,7.75,10.81,21.16,7.99,5.66,8.33,9.42,9.15,7.51,7.33,5.95,5.0,,5.49,10.53,3.6,2.18,7.15,,8.96,14.17,4.94,6.18,,,10.46,11.52,,20.31,36.35,8.9,,,7.69,,7.78,6.27,15.12,,8.28,8.68,8.24,15.35,9.15,5.26,10.46,8.82,13.72,7.48,10.42,,21.21,22.24,12.4,,21.55,9.02,17.2,8.53,,8.58,,7.14,18.27,18.41,3.24,3.64,25.77,3.62,8.74,15.18,,,4.04,4.27,57.21,7.18,5.21,5.29,,10.15,3.14,23.29,10.58,,9.6,32.35,11.55,11.86,39.63,,4.83,13.71,22.16,9.65,6.2,2.62,7.68,4.38,8.63,3.27,6.22,6.86,19.04,8.56,3.45,7.79,13.63,9.67,4.79,11.51,11.92,16.69,,6.21,5.74,14.97,4.16,,18.69,,3.21,,8.26,5.3,6.54,23.13,,9.17,19.52,,4.36,7.54,6.46,18.7,,16.2,4.11,7.01,17.35,13.76,7.26,,8.45,31.6,5.78,24.89,10.12,,,15.08,6.16,7.7,6.01,3.66,5.56,4.68,4.31,13.35,,4.23,4.36,18.85,7.19,7.28,5.99,10.37,,,,6.23,13.58,13.67,4.2,9.5,9.09,,10.1,7.37,,9.17,3.41,7.32,6.28,8.31,21.82,,3.92,7.0,10.83,8.32,2.95,5.46,5.62,12.66,2.85,5.18,8.35,4.05,6.03,7.21,11.99,,,10.36,18.77,,2.52,5.43,2.06,6.42,6.61,2.93,,9.42,,8.62,4.06,8.87,7.88,21.3,39.88,3.78,3.99,8.9,4.23,10.84,12.48,25.41,4.3,4.7,10.28,11.21,21.63,,11.93,3.62,11.58,11.0,8.78,5.1,22.08,3.86,8.08,8.07,3.39,9.79,15.03,5.83,13.03,17.59,7.96,6.86,9.24,8.07,,4.35,4.95,22.2,5.39,4.03,6.27,,13.67,2.69,9.75,,4.2,4.54,25.79,103.0,6.36,,9.48,4.02,11.36,24.6,3.44,,,,4.73,10.79,4.0,,12.1,9.69,,13.8,8.46,7.33,7.33,13.63,,5.6,,,7.24,7.89,2.85,2.32,,5.57,5.87,9.35,13.89,,1.89,31.36,14.8,10.11,8.87,5.27,3.8,3.28,3.75,5.92,4.29,9.95,6.43,23.48,6.6,20.04,33.28,21.98,20.06,6.58,3.46,2.4,10.75,14.32,17.88,22.72,,11.34,,3.94,19.61,,2.59,6.57,11.86,3.83,10.69,,,,,10.61
2013-12-10,14.95,,33.0,,10.05,10.26,14.01,17.17,,29.01,15.58,14.54,,,12.57,24.93,26.8,,,45.62,26.75,,,,16.38,18.57,9.0,75.85,16.65,,14.32,11.91,20.5,13.07,14.21,51.83,37.8,,27.62,12.95,31.9,44.16,44.08,15.36,20.53,27.68,26.27,66.46,57.0,2.38,3.22,6.56,3.66,4.18,7.11,5.53,12.01,17.25,18.82,7.98,,,,9.95,7.4,7.05,30.27,15.27,20.93,8.24,17.89,12.7,6.07,36.61,28.5,8.99,8.12,,19.76,8.76,24.3,9.17,9.98,17.38,14.19,15.69,,22.56,19.48,11.09,13.1,,6.6,14.93,16.92,10.05,6.72,29.04,9.96,14.07,,15.05,9.03,12.05,16.6,,15.0,14.29,6.31,,5.76,,11.84,5.87,12.35,7.52,10.08,24.95,13.4,9.64,10.98,30.87,23.35,10.81,,22.96,18.6,15.58,,18.95,10.3,13.01,48.65,11.2,13.22,10.79,29.41,19.41,7.08,31.38,,14.3,12.82,14.51,13.89,17.56,,24.74,16.99,,8.88,18.56,11.15,15.1,8.56,16.6,38.62,,26.31,,26.96,16.87,8.42,,10.28,7.54,,12.76,,,31.55,7.63,16.29,11.87,,15.18,11.35,,16.49,11.67,,8.76,26.35,26.69,9.97,10.75,5.08,11.89,,10.63,,17.47,11.58,15.11,13.26,6.96,,,11.94,23.1,34.92,10.1,31.18,8.53,,,12.06,3.53,16.16,10.66,,6.9,22.75,30.78,,12.22,9.09,12.55,11.92,18.23,20.5,22.71,13.6,12.66,,9.43,27.06,14.51,10.66,8.26,28.25,10.71,23.04,20.86,27.44,14.91,23.86,27.06,13.68,5.49,16.29,24.5,28.4,5.79,5.02,3.56,8.72,8.29,,,11.8,10.2,5.4,16.4,8.23,,7.65,6.33,14.22,10.63,12.8,6.38,9.16,16.07,5.72,16.19,14.02,9.67,5.64,5.19,6.61,12.74,8.8,6.43,4.46,8.88,4.1,9.66,8.3,20.76,,7.07,8.42,5.83,6.41,,15.02,,11.52,12.78,,,7.63,8.07,16.25,,16.56,13.69,,16.85,4.4,7.18,7.02,,20.73,6.5,5.12,6.45,14.44,10.67,18.99,,6.84,14.44,13.4,5.77,7.73,11.14,,16.41,17.45,5.93,9.17,7.11,8.7,7.57,19.45,16.33,17.44,9.19,7.07,13.98,7.89,34.29,10.05,12.73,17.54,8.33,9.56,,,12.12,7.32,20.19,,6.76,7.57,9.58,,1.8,,10.93,6.35,15.42,27.77,45.4,16.9,63.55,29.94,,26.37,25.9,10.17,20.95,,36.59,22.23,8.24,9.55,4.05,10.34,,6.54,,7.4,9.26,9.18,,,13.14,8.48,4.04,7.34,8.41,46.8,20.18,7.5,6.66,30.7,6.19,3.57,13.03,,,11.48,4.8,7.7,7.17,,12.94,34.81,8.18,4.37,,7.96,43.79,11.18,7.38,10.53,4.23,14.2,10.58,8.64,,40.84,20.7,6.09,,6.61,11.04,19.69,9.82,13.1,13.78,11.37,,32.7,10.09,9.27,11.1,19.59,8.93,19.45,7.38,2.76,38.24,8.97,24.5,13.95,11.99,16.84,14.82,29.6,8.91,19.3,16.17,,10.32,12.42,7.09,,8.26,12.82,14.15,10.33,22.7,11.07,16.29,54.8,29.55,14.33,14.85,8.92,14.77,11.18,9.3,10.12,,19.28,13.58,10.71,,7.67,17.28,21.75,14.7,15.02,6.87,,9.24,12.72,21.3,35.45,65.0,,23.08,14.34,22.35,11.24,,37.49,17.01,29.63,17.0,37.35,,10.41,12.06,14.9,6.93,6.61,6.56,,10.6,9.54,5.44,10.78,8.91,11.88,10.79,8.35,15.48,20.78,8.07,,,19.09,4.68,3.35,10.59,2.93,,6.11,4.94,3.62,,17.88,8.71,6.25,16.58,7.81,,5.82,5.34,4.06,,5.77,15.99,4.67,13.33,13.73,26.93,,2.64,2.21,2.59,12.44,8.11,,8.93,5.94,11.91,5.79,5.44,8.85,10.26,7.72,7.06,3.55,3.3,13.8,7.09,4.06,9.31,2.73,23.98,6.1,,,10.88,,12.08,,4.26,7.66,5.86,6.27,3.14,8.25,7.26,8.06,14.21,43.94,7.85,11.0,20.91,7.77,5.55,8.2,9.44,8.98,7.61,7.29,5.96,4.94,,5.47,10.51,3.6,2.16,7.12,,9.16,14.23,4.84,6.23,,,10.26,11.53,,19.96,37.06,8.91,,,7.56,,7.8,6.17,15.45,,8.53,8.66,8.11,15.4,9.14,5.16,10.5,8.9,13.55,7.57,10.55,,20.79,21.96,12.32,,21.57,8.89,16.98,8.4,,8.63,,7.13,17.85,18.34,3.26,3.74,25.74,3.64,8.85,15.03,,,4.04,4.31,54.91,7.12,5.28,5.82,,10.48,3.14,23.18,10.69,,10.13,31.85,11.46,12.99,39.83,,4.91,13.75,24.17,9.78,6.45,2.69,7.99,4.47,8.74,3.29,6.18,7.2,19.5,8.56,3.4,7.96,13.13,9.91,4.77,11.55,11.85,15.92,,6.54,5.91,14.85,4.22,,18.73,,3.21,,8.24,5.41,6.58,24.22,,9.17,19.71,,4.37,7.59,6.42,18.44,,16.46,4.06,7.05,17.38,13.64,7.28,6.75,8.42,30.68,5.66,24.12,10.23,,,15.35,6.09,7.74,5.98,3.66,5.68,4.67,4.3,13.07,,4.2,4.45,18.78,7.08,7.29,5.95,10.39,,,,6.24,13.68,13.8,4.23,9.85,9.27,,10.12,7.48,,9.14,3.4,7.29,6.18,8.36,22.8,5.81,3.97,6.86,10.66,8.19,2.96,5.37,5.54,12.64,2.81,5.17,8.25,4.03,6.05,7.24,11.92,,,10.51,18.47,,2.51,5.43,2.05,6.69,6.47,2.9,,9.79,,8.67,4.19,8.74,8.1,21.66,39.67,3.92,3.98,9.13,4.65,11.38,12.58,25.6,4.3,4.69,10.38,11.2,21.83,,12.07,3.69,11.76,10.83,8.57,5.15,21.95,3.79,7.91,8.03,3.4,10.11,15.08,5.82,13.01,18.09,8.12,7.0,9.75,8.1,,4.36,4.91,21.8,5.36,4.02,6.4,,13.3,2.71,9.31,,4.25,4.58,25.95,101.1,6.32,,9.42,3.93,11.51,24.76,3.39,,,,4.71,10.72,3.98,,12.15,9.63,,12.42,8.95,7.52,7.3,13.7,,5.62,,,7.31,7.97,2.84,2.31,,5.61,5.81,9.76,13.36,,1.9,31.35,15.12,10.17,8.85,5.2,3.79,3.28,3.71,5.99,4.3,9.93,6.6,23.2,6.62,19.88,33.5,20.82,21.12,6.46,3.47,2.45,10.71,14.27,17.33,22.9,,11.23,74.25,3.88,19.6,,2.58,6.55,12.03,3.79,10.74,,32.1,,,10.58
2013-12-11,14.98,,32.03,,9.87,10.25,13.53,17.18,,28.7,15.38,14.58,,,12.49,24.87,26.8,,,46.0,26.3,,,,16.62,18.71,8.89,75.28,16.7,,13.92,12.41,20.07,13.09,14.23,51.7,37.7,,27.97,13.45,31.77,44.18,44.27,15.55,20.75,27.98,26.05,69.07,56.18,2.32,3.19,6.47,3.58,4.11,7.16,5.49,11.84,17.15,18.95,7.89,,,,9.75,7.18,6.91,29.89,14.97,20.76,8.31,17.2,12.45,5.97,35.79,29.59,9.04,7.99,,19.56,9.38,24.18,8.92,10.03,17.02,14.05,15.55,,22.19,20.68,10.9,13.13,,6.46,14.82,16.47,9.8,6.82,28.89,9.8,13.83,,14.8,8.91,11.92,16.18,,13.68,14.23,6.22,,5.59,,11.52,5.78,12.14,7.43,10.51,25.45,12.96,9.55,10.6,30.66,23.35,10.42,,23.66,18.89,15.79,,18.5,10.14,12.78,47.92,10.9,13.06,10.47,28.55,19.78,6.94,32.23,,14.01,12.51,14.1,13.97,17.29,,24.53,16.75,,8.64,17.78,10.77,14.65,8.36,16.79,38.17,,26.32,,27.23,16.13,8.16,,10.06,7.34,,12.41,,,32.65,7.59,16.33,11.71,,15.09,11.67,,16.69,11.95,,8.92,26.46,27.25,10.01,10.59,5.1,12.01,,10.49,,18.72,11.71,14.76,13.28,7.12,,,,23.0,38.41,9.7,31.19,8.65,,,11.98,3.49,15.89,11.35,,6.93,22.33,30.71,,12.27,8.9,12.58,12.05,18.22,20.91,22.49,13.5,12.74,,9.4,26.61,15.6,10.5,8.17,28.47,11.78,23.42,20.63,27.5,14.79,23.56,28.28,13.31,5.44,16.46,25.0,27.93,5.76,4.93,3.53,8.77,8.32,,,11.63,10.17,5.35,16.67,8.18,,7.71,6.21,13.92,10.7,13.06,6.47,8.91,15.82,5.79,15.64,13.8,9.58,5.58,5.14,6.49,12.4,8.72,6.3,4.33,8.66,4.07,9.52,8.07,20.37,,7.04,8.32,5.66,6.55,,14.79,,11.25,12.33,,,8.26,8.0,16.12,,14.9,12.95,,16.86,4.35,7.06,6.86,,20.66,6.33,5.07,6.22,13.75,10.3,18.83,,6.74,14.3,13.27,5.83,7.28,10.86,,16.12,16.84,5.86,8.94,7.27,8.72,7.67,19.01,16.06,17.28,9.0,6.93,13.71,7.89,34.54,9.78,12.6,17.7,8.4,9.39,,,11.77,7.2,20.2,,6.6,7.32,9.28,,1.75,,10.64,6.66,15.6,27.91,46.09,17.0,63.7,31.2,,26.36,25.68,10.15,21.35,,36.88,22.79,8.38,9.78,4.46,10.37,,6.26,,7.27,9.1,9.16,,,13.03,8.3,3.94,7.24,8.26,47.22,20.35,7.45,6.54,30.63,6.07,3.46,12.71,,6.98,11.23,4.69,7.6,7.01,,12.68,34.5,7.9,4.32,,7.8,43.93,11.02,7.4,10.99,4.15,14.31,10.49,8.39,,39.9,20.76,6.01,,6.52,11.04,20.07,9.57,,13.61,11.16,,31.94,9.96,9.11,11.17,19.43,8.88,19.63,7.22,2.72,37.7,8.92,23.89,13.96,11.81,17.16,14.56,29.9,8.72,18.82,16.39,,10.07,12.68,6.92,,8.06,12.65,13.98,10.07,23.03,10.9,15.94,53.45,29.51,14.49,15.09,8.95,14.6,11.27,9.09,10.19,17.66,19.71,13.29,10.6,,7.62,17.3,22.26,14.85,15.07,6.8,49.96,10.16,12.46,20.6,34.93,64.0,,23.25,14.53,22.02,11.21,,35.7,17.06,29.59,17.01,37.77,,10.27,11.74,14.64,6.93,7.07,6.37,,10.2,9.34,5.44,10.96,8.66,11.43,11.87,8.14,15.59,20.5,7.87,,,19.22,4.66,3.29,10.36,2.9,,6.15,4.84,3.52,,17.82,8.55,6.2,16.71,7.62,,5.83,5.26,4.03,,5.67,16.13,4.58,13.23,13.68,26.49,,2.59,2.16,2.56,12.17,7.91,,8.8,5.84,12.35,5.6,5.32,8.74,10.01,7.34,7.06,3.48,3.25,13.42,6.89,3.91,9.25,2.64,24.2,5.99,,,10.74,,11.53,,4.2,7.53,5.72,6.1,3.11,8.05,7.31,8.05,14.77,43.51,7.68,11.18,20.93,8.08,5.52,8.22,9.12,8.76,7.66,7.32,5.86,5.11,,5.42,10.01,3.54,2.12,7.01,,8.24,13.91,4.67,6.27,,,10.15,11.21,,19.66,38.93,8.78,,,7.37,,7.53,6.02,15.17,,8.54,8.49,8.2,15.36,9.05,5.05,10.15,8.67,13.19,7.39,10.35,,20.71,21.28,12.25,,20.91,8.7,16.6,8.24,,8.37,,6.93,17.61,18.19,3.24,3.7,26.2,3.57,8.71,15.55,,,3.98,4.26,55.7,7.05,5.21,5.84,,10.07,3.09,24.34,10.6,,9.7,31.65,11.51,12.63,40.01,,4.81,13.07,24.5,9.72,6.32,2.65,8.21,4.37,8.59,3.33,6.08,7.23,19.04,8.53,3.44,7.67,12.9,9.6,4.71,11.94,11.72,15.68,,6.22,5.85,14.39,4.13,,17.66,,3.17,,8.01,5.4,6.51,24.16,,8.91,19.93,,4.41,7.74,6.28,17.97,,16.33,4.01,7.16,16.91,13.47,7.16,7.43,8.29,30.87,5.81,24.49,10.13,6.09,,14.84,6.07,7.59,5.85,3.65,5.62,4.61,4.22,12.75,,4.13,4.54,19.37,6.94,7.11,5.92,10.05,,,,6.16,13.41,13.6,4.15,9.63,9.19,,10.0,7.4,,8.86,3.38,7.16,6.1,8.12,22.46,5.83,3.92,6.78,10.53,8.14,2.93,5.31,5.4,13.13,2.77,5.18,8.06,3.94,6.0,7.04,11.73,,,10.29,17.97,,2.46,5.31,2.04,7.05,6.31,2.9,,9.5,,8.54,4.16,8.71,7.95,21.57,39.07,3.95,3.94,8.9,4.59,11.1,12.47,25.82,4.18,4.66,10.18,11.0,21.35,,11.83,3.63,11.76,10.53,8.68,5.18,22.01,3.74,7.95,7.75,3.33,9.25,15.15,5.73,12.9,18.12,8.3,6.77,10.12,7.97,,4.24,4.85,21.12,5.25,3.99,6.18,3.32,12.6,2.66,9.16,,4.2,4.55,26.2,100.8,6.21,,9.33,3.87,11.51,24.45,3.34,,,,4.59,10.6,3.91,,11.87,9.62,,11.82,8.85,7.88,7.2,13.66,,5.71,7.1,,7.32,7.77,2.88,2.27,,5.79,5.67,,13.1,,1.89,31.37,15.83,10.0,8.54,5.08,3.78,3.23,3.62,5.92,4.46,9.87,6.55,22.63,6.62,19.84,32.88,20.76,20.73,6.34,3.38,2.4,10.77,14.31,17.34,23.56,,11.58,74.09,3.81,19.56,,2.52,6.45,11.9,3.72,10.56,,31.58,,,10.28
2013-12-12,15.31,19.91,33.17,,10.06,10.42,13.51,17.37,,28.88,15.42,14.74,,,12.58,24.9,27.3,,,49.48,28.39,,,,16.91,18.99,9.07,76.0,16.64,,14.22,12.53,20.51,13.29,14.35,53.18,38.03,,28.27,13.47,32.09,46.71,45.13,16.03,20.91,27.67,26.94,69.19,57.1,2.31,3.18,6.5,3.57,4.11,7.35,5.55,11.88,17.11,19.21,8.02,,,,9.81,7.42,6.86,31.0,14.3,20.66,8.48,17.17,12.57,6.04,36.0,29.89,8.8,8.0,,19.89,,24.35,9.33,10.17,17.15,14.23,15.46,,21.29,20.16,10.93,12.96,,6.63,14.8,16.84,9.77,6.78,28.0,10.11,14.03,,14.84,8.96,11.98,16.4,,15.05,14.46,6.22,,5.64,17.02,11.51,5.93,12.33,7.46,10.53,26.56,12.0,9.45,10.72,30.93,23.15,10.5,,26.03,18.82,15.78,,18.54,10.2,13.14,48.93,10.87,12.89,10.53,28.58,19.73,7.01,33.46,,13.65,12.57,13.97,13.74,17.69,,24.88,17.29,,9.01,18.1,11.18,14.81,8.55,16.6,38.87,,27.2,,27.04,15.36,8.23,,10.21,7.45,,12.37,,,33.97,7.72,16.24,11.96,,15.37,11.45,,17.67,12.14,,9.22,26.63,28.66,10.18,10.71,5.08,12.13,,10.87,,18.96,11.93,15.28,13.31,7.15,,,,23.0,39.8,10.67,31.84,8.78,,,12.55,3.54,16.33,11.19,,7.59,22.95,31.88,,12.24,9.01,12.54,12.88,18.8,20.91,23.53,13.9,12.85,,9.58,27.38,15.78,10.66,8.24,28.36,12.48,23.92,20.55,27.35,14.87,24.56,29.38,12.9,5.45,17.03,27.05,29.34,5.77,4.86,3.57,8.85,8.35,,,11.79,10.2,5.34,16.25,8.31,,7.74,6.07,14.05,10.72,12.93,6.4,8.93,15.73,5.84,15.71,13.82,9.61,5.53,5.09,6.43,12.38,8.86,6.34,4.34,8.58,4.07,9.71,8.04,20.17,,7.05,8.36,5.68,6.59,,16.04,,11.32,12.26,,,8.39,8.05,16.1,,14.5,12.67,,17.52,4.43,7.26,6.86,,21.29,6.34,5.12,6.29,13.9,10.62,19.06,,6.67,14.33,13.2,5.8,7.1,11.19,,15.89,16.5,5.9,9.03,7.6,8.67,7.69,18.98,16.28,17.58,9.09,6.97,13.71,7.91,34.72,9.82,12.59,17.68,8.63,9.5,,,11.81,7.2,19.63,,6.64,7.42,9.51,16.83,1.75,,10.65,6.55,15.63,29.34,46.29,17.0,65.45,33.73,18.42,26.6,25.6,10.28,21.82,,37.99,23.63,8.31,10.19,4.6,10.35,,6.18,,7.26,9.09,9.27,,,13.05,8.26,3.93,7.12,8.3,49.1,20.03,7.48,6.5,31.61,6.06,3.43,12.67,,6.98,11.35,4.83,7.65,7.03,,12.75,34.89,7.87,4.29,7.29,7.65,45.8,11.16,7.37,11.18,4.18,14.58,10.62,8.39,,39.22,21.9,6.06,,6.52,10.95,20.8,9.62,,13.6,11.3,,31.96,10.32,9.07,11.05,19.74,8.82,19.95,7.39,2.73,37.69,8.9,23.88,14.37,11.97,16.74,14.86,29.45,8.79,19.0,16.02,,9.93,13.95,6.97,,8.33,12.95,13.98,10.09,23.21,11.55,16.21,54.24,29.87,14.7,15.05,9.15,14.99,11.74,10.0,10.3,17.65,20.77,13.65,10.73,,7.75,17.7,22.88,15.1,15.5,6.88,52.7,9.85,12.9,21.3,35.63,63.64,,24.05,14.81,22.18,11.38,,37.28,17.35,32.55,17.37,41.55,,10.42,11.72,15.13,6.97,7.0,6.38,,10.28,9.28,5.36,10.9,8.76,11.35,12.18,8.22,15.22,20.47,8.02,,,19.7,4.87,3.27,10.44,2.95,,6.13,4.86,3.56,,18.39,8.7,6.23,16.56,7.56,6.36,5.83,5.26,4.0,,5.72,15.8,4.6,13.39,13.36,26.66,,2.58,2.15,2.54,11.96,7.87,,8.66,5.84,12.41,5.59,5.42,8.7,10.02,7.11,7.09,3.49,3.26,13.39,6.9,3.91,9.24,2.66,24.8,5.97,,,10.8,,11.6,,4.18,7.54,5.65,5.9,3.12,8.03,7.35,7.94,14.8,42.78,7.76,11.03,20.96,7.84,5.54,8.09,9.1,8.82,7.74,7.23,5.9,5.32,,5.35,10.42,3.54,2.13,7.02,,8.17,13.91,4.68,6.29,,,10.25,11.22,,19.73,39.09,8.77,22.49,,7.36,,7.52,5.95,15.21,,8.49,8.38,8.26,15.44,8.98,5.08,10.15,8.71,13.16,7.37,10.29,11.69,21.13,21.37,12.17,,,9.0,16.81,8.23,,8.35,,6.88,17.55,18.2,3.17,3.74,26.85,3.59,8.66,15.51,,,3.98,4.33,56.91,7.04,5.28,6.0,,9.82,3.08,25.38,10.61,,9.58,33.87,11.55,12.47,40.99,,4.76,12.74,24.5,9.7,6.28,2.62,8.02,4.38,8.58,3.28,6.18,7.25,18.83,8.63,3.42,7.68,12.7,9.76,4.71,12.13,11.72,15.84,,6.14,6.43,14.46,4.11,,17.49,,3.19,,8.0,5.37,6.68,23.89,,8.95,19.3,,4.52,7.77,6.31,17.94,,16.26,4.01,6.96,17.02,13.7,7.13,8.01,8.22,30.67,5.73,25.64,10.13,6.7,,14.77,6.06,7.57,5.87,3.58,5.54,4.61,4.24,12.61,,4.16,4.63,19.39,6.92,7.16,5.94,9.98,,,,6.02,13.3,13.58,4.14,9.61,9.37,,9.68,7.42,,8.82,3.55,7.14,6.09,8.28,22.28,5.88,3.89,6.72,10.69,8.09,2.94,5.38,5.48,12.92,2.8,5.12,7.98,3.93,5.99,7.02,11.87,,,10.21,18.12,,2.46,5.32,2.04,6.9,6.31,2.89,,9.54,,8.53,4.07,8.78,8.28,21.55,39.01,4.35,3.96,9.15,4.58,11.07,12.63,25.61,4.27,4.65,10.51,11.21,21.66,,11.92,3.67,11.7,11.22,8.59,5.28,22.87,3.73,7.94,7.72,3.31,9.07,15.12,5.7,12.78,18.42,,7.0,9.86,7.91,,4.22,4.84,21.31,5.29,3.99,6.2,3.38,12.57,2.61,9.07,,4.15,4.53,26.7,101.25,6.23,,9.24,3.89,11.36,25.67,3.44,,,,4.64,10.54,3.9,,11.7,9.6,,12.29,9.2,7.7,7.18,13.55,,5.74,6.84,,7.31,7.82,2.8,2.26,18.16,6.0,5.72,,12.96,,1.87,30.89,15.34,10.1,8.88,5.06,3.8,3.24,3.64,5.96,4.52,9.88,6.62,22.76,6.5,20.12,32.6,20.88,20.79,6.35,3.52,2.38,10.81,14.82,17.21,23.93,,11.48,76.4,3.82,19.37,,2.53,6.47,11.81,3.7,10.49,,32.16,,,10.35
2013-12-13,16.84,20.11,34.7,,10.24,10.69,13.06,17.22,,28.62,15.68,15.0,35.46,,12.66,25.35,27.16,,,48.04,28.12,,,,16.85,19.03,9.15,74.99,16.61,,14.48,12.46,20.35,13.32,14.32,54.33,39.96,,29.39,14.02,32.53,46.55,44.98,16.86,21.15,26.98,27.06,69.85,57.28,2.28,3.2,6.48,3.57,4.1,7.31,5.71,12.03,17.13,19.34,8.24,,,,9.8,7.48,6.86,30.91,14.5,21.25,8.39,17.23,12.44,6.14,36.23,29.8,8.8,8.04,,19.46,,24.29,9.12,10.09,17.34,14.47,14.67,,21.36,19.8,10.86,12.8,,6.64,14.97,16.56,9.89,6.85,27.8,10.12,14.22,,15.0,8.93,12.35,16.51,,14.73,15.91,6.24,,5.57,17.09,11.99,5.92,12.69,7.35,10.53,25.95,11.96,9.71,10.72,30.79,22.73,10.32,,27.18,19.6,15.44,,18.48,10.58,13.4,48.78,10.85,12.96,10.52,28.8,19.74,7.24,34.0,,13.78,12.76,14.17,14.13,17.45,,25.65,17.1,,8.98,18.7,11.28,15.16,8.93,17.11,37.7,,26.73,,26.29,15.93,8.38,,10.24,7.4,,12.68,,,33.03,7.88,16.0,12.4,,15.38,11.61,,17.26,11.99,,9.08,26.23,28.19,10.1,11.22,5.0,12.05,,11.06,,19.04,11.77,15.27,13.36,7.11,,,,24.58,39.6,11.13,32.42,8.73,,,12.7,3.55,16.69,11.1,,7.43,22.02,32.4,,12.31,9.2,12.61,12.98,19.35,20.87,23.77,14.22,13.1,,9.7,27.22,15.87,10.83,8.34,28.0,12.2,24.02,20.71,27.76,15.43,24.84,29.45,12.73,5.55,17.49,27.57,30.86,5.79,4.86,3.57,8.71,8.46,,13.39,12.24,10.12,5.31,16.2,8.24,8.61,7.7,5.95,14.32,10.64,,6.52,8.94,15.66,5.8,15.1,13.74,9.55,5.51,5.09,6.48,12.33,9.19,6.47,4.35,8.49,4.04,9.58,7.95,19.99,,7.09,8.35,5.76,6.47,,15.7,,11.22,12.32,,13.53,8.19,8.03,16.28,13.17,14.22,12.97,,17.7,4.42,7.19,6.98,,22.09,6.47,5.11,6.31,13.99,10.51,20.97,,7.04,14.39,13.12,5.88,7.14,11.21,,15.79,16.57,5.92,9.03,7.5,8.71,7.75,18.93,16.19,17.31,8.97,6.99,14.03,7.98,34.95,9.77,12.83,18.0,8.51,9.46,,,12.01,7.19,20.14,,6.67,7.49,9.69,16.45,1.75,,10.69,6.34,16.3,30.3,46.1,17.08,63.53,32.93,18.59,27.06,25.43,10.08,21.54,,38.14,23.91,8.25,10.01,4.34,10.25,,6.24,,7.43,9.35,9.34,,,13.32,8.24,3.93,7.15,8.58,50.52,20.34,7.5,6.61,32.15,6.05,3.46,12.48,,7.0,11.3,4.74,7.66,7.09,,12.67,34.96,7.72,4.11,7.39,7.65,45.8,11.16,7.37,11.89,4.24,14.94,10.84,8.4,10.14,43.14,21.62,6.02,,6.49,10.64,19.5,9.64,,13.79,11.55,,31.35,10.65,9.12,10.76,19.9,8.93,19.79,7.4,2.74,36.9,8.84,24.35,14.41,12.22,16.86,14.87,28.84,8.81,18.68,15.91,,10.03,15.35,7.06,,8.27,12.76,14.11,10.09,24.78,12.71,16.53,56.66,29.8,14.84,15.5,8.95,14.99,11.32,11.0,10.26,17.81,21.5,13.71,10.82,,7.82,17.89,23.32,15.21,15.6,7.0,51.65,9.47,12.97,22.2,35.3,65.2,,23.85,14.99,21.48,11.47,,37.95,17.44,35.81,17.17,41.15,,11.46,11.69,15.0,7.01,7.16,6.33,,10.22,9.31,5.44,10.91,8.78,11.49,11.79,8.34,15.05,20.2,8.2,,,19.35,4.77,3.3,10.61,3.25,,5.94,4.86,3.59,,18.19,8.71,6.23,16.39,7.54,6.42,5.84,5.29,3.99,,5.75,16.05,4.63,13.29,13.21,27.39,,2.58,2.16,2.69,12.02,7.8,,8.67,5.8,12.21,5.6,5.35,8.82,10.03,6.77,7.08,3.52,3.28,13.48,7.07,3.93,9.29,2.7,24.51,5.94,,,10.71,,11.56,,4.19,7.56,5.64,6.49,3.1,8.02,7.38,8.26,14.82,42.7,7.81,11.35,21.67,7.43,5.62,8.27,8.96,8.77,7.75,7.19,5.91,5.2,,5.31,10.23,3.55,2.13,7.03,,8.43,13.84,4.78,6.32,,,10.39,11.17,,19.4,38.39,8.7,22.6,,7.41,,7.58,5.95,15.14,,8.32,8.27,8.26,15.27,9.03,5.1,10.06,8.81,13.19,7.53,10.13,11.62,21.18,21.55,12.11,,,9.06,16.88,8.28,,8.39,3.41,7.02,16.76,18.29,3.28,3.77,26.36,3.58,8.56,15.56,,,3.98,4.34,57.18,7.05,5.24,5.94,,10.02,3.09,25.69,10.58,,9.55,33.58,11.29,12.72,41.19,,4.74,12.44,24.88,9.93,6.18,2.62,8.05,4.4,8.51,3.33,6.15,7.25,18.92,8.62,3.43,7.58,12.81,9.67,4.73,12.21,11.88,15.71,,6.15,6.51,14.77,4.2,,17.69,,3.18,,8.02,5.39,6.6,24.09,,8.95,18.97,,4.59,7.79,6.29,17.94,3.46,16.68,4.04,7.17,17.57,13.73,7.16,8.13,8.4,30.72,5.83,26.89,10.11,7.05,,14.87,5.98,7.67,5.86,3.94,5.61,4.75,4.26,12.52,,4.11,4.89,19.26,7.09,7.18,5.91,10.02,,,,6.05,13.59,13.48,4.15,9.5,9.36,,9.95,7.43,,8.75,3.51,7.13,6.08,8.29,23.12,5.9,3.88,6.94,10.73,8.2,2.94,5.29,5.45,12.88,2.79,5.06,8.14,3.91,5.99,7.03,11.87,,,10.39,18.0,,2.47,5.3,2.04,7.56,6.38,2.88,,9.57,6.77,8.54,4.1,8.85,8.12,21.83,39.38,4.27,3.98,9.18,4.45,11.06,12.42,26.1,4.26,4.61,10.51,11.18,21.3,,12.15,3.69,11.49,11.0,8.67,5.23,22.32,3.77,7.96,7.77,3.31,9.15,15.3,5.75,13.01,18.4,,7.21,10.14,7.88,,4.22,4.76,21.28,5.28,4.0,6.29,3.49,12.45,2.6,9.16,,4.57,4.49,26.55,100.01,6.25,,9.47,3.93,11.44,25.75,3.44,,,,4.65,10.73,3.92,,11.81,9.53,12.55,12.49,9.12,7.4,7.42,13.56,,6.1,6.91,,7.31,8.01,2.79,2.25,18.29,5.92,5.75,,12.65,11.8,1.86,31.28,15.22,10.14,9.0,5.08,3.83,3.25,3.86,5.98,4.47,10.0,6.77,22.88,6.38,20.32,34.29,20.74,20.48,6.3,3.5,2.4,10.9,14.94,17.18,26.32,,11.3,76.0,3.8,19.12,,2.59,6.39,11.8,3.66,10.53,,32.56,,,10.49
2013-12-16,15.93,20.14,34.79,,10.39,10.58,12.42,17.08,,27.83,15.59,14.69,36.4,,12.49,24.72,27.26,,,49.8,28.3,,,,16.5,18.04,9.04,71.7,16.66,,14.08,12.04,19.78,13.17,14.2,56.05,39.96,,29.5,14.15,32.88,47.76,,17.13,20.74,26.82,26.53,69.16,57.3,2.24,3.16,6.36,3.55,4.03,7.12,5.6,12.2,17.7,18.82,8.09,,,,9.51,7.36,6.61,32.07,14.22,20.78,8.27,16.61,12.14,6.05,35.59,30.05,8.9,7.85,,19.03,,24.04,8.84,9.92,18.6,14.16,14.35,,20.32,20.56,10.53,12.8,,6.53,14.59,15.54,9.63,6.72,28.9,9.88,14.34,,14.99,8.94,12.13,16.58,,14.53,15.56,6.16,,5.49,18.01,11.61,5.82,,7.17,10.18,26.48,11.98,9.81,10.37,30.26,23.27,10.01,,26.12,19.61,14.6,,18.02,10.22,13.42,48.09,10.39,13.0,10.16,27.64,19.07,7.22,33.75,,13.65,12.51,14.25,13.63,16.79,16.49,25.15,17.9,,8.86,18.53,11.05,15.16,9.48,16.66,36.2,,24.93,,25.5,15.7,8.25,,10.24,7.17,,12.43,,,34.8,7.66,16.0,12.3,,14.92,12.24,,17.27,11.6,,8.81,27.97,28.88,9.82,11.1,5.04,11.58,,10.99,,20.94,11.65,14.96,13.0,7.17,,,,25.47,40.08,10.65,32.88,8.55,7.57,,12.07,3.48,16.3,10.83,,7.17,22.27,33.3,,12.17,9.03,12.34,12.22,18.5,20.0,23.25,14.46,12.72,,9.48,27.09,15.67,10.82,8.79,28.05,13.42,23.74,20.55,26.89,15.29,25.39,29.43,12.66,5.53,16.99,27.9,32.9,5.7,4.64,3.48,8.53,8.28,,12.94,11.77,9.89,5.21,15.57,7.87,8.51,7.63,5.91,14.2,10.45,,6.54,8.74,15.22,5.72,15.53,13.86,9.25,5.42,5.04,6.54,12.35,9.0,6.4,4.26,8.45,3.98,9.68,7.86,19.8,,7.04,8.44,5.78,6.34,,15.46,,10.88,12.12,,13.82,8.17,7.84,16.06,12.97,14.3,13.2,,17.93,4.33,7.05,6.84,11.66,22.16,6.41,4.97,6.13,13.55,11.56,19.85,,6.92,14.81,13.06,5.59,7.28,11.24,,15.26,16.24,5.71,9.0,7.28,9.38,7.5,19.43,16.09,17.29,8.91,7.0,13.73,7.82,32.3,9.76,12.55,17.75,8.3,9.34,,,11.85,7.06,20.64,,6.68,7.43,9.68,16.08,1.71,,10.55,6.04,15.67,29.4,44.8,16.72,62.25,33.55,17.8,27.59,27.97,9.99,21.19,,37.02,23.87,8.38,9.74,4.25,9.88,,6.07,,7.23,9.2,9.07,,13.18,12.77,7.9,3.84,7.08,8.5,47.77,20.02,7.35,6.34,31.53,5.89,3.38,12.28,,6.9,10.84,4.69,7.47,7.22,,12.37,34.15,7.7,4.04,6.97,7.48,46.3,11.02,7.18,11.44,4.19,14.82,10.73,8.18,10.06,44.52,21.97,6.14,,6.35,10.36,18.8,9.44,,13.69,11.19,,31.03,10.77,9.01,11.23,19.6,8.9,19.56,7.4,2.68,37.0,8.49,23.49,14.4,12.02,16.78,14.47,27.73,8.92,19.5,15.23,,10.04,14.29,7.15,,8.16,12.31,13.6,10.29,25.2,12.9,16.35,57.58,29.47,14.53,15.28,8.89,14.68,11.08,11.88,9.99,18.51,21.46,13.83,10.91,,7.8,17.53,23.15,14.88,15.8,7.15,51.2,9.01,13.49,24.42,34.4,67.36,9.12,23.41,14.54,21.64,11.4,16.13,37.8,17.25,35.6,17.0,41.8,,12.61,11.35,14.56,6.93,7.01,6.35,,10.35,9.16,5.34,10.28,8.71,11.25,11.03,8.27,15.25,19.63,7.66,,,18.46,4.75,3.26,10.22,3.54,,5.89,5.35,3.41,,18.17,8.49,6.11,15.97,7.37,6.27,5.71,5.23,4.01,,5.64,16.36,4.65,13.14,13.01,26.48,,2.53,2.13,2.56,11.77,7.68,,8.17,5.66,11.63,5.49,5.16,8.68,9.85,6.82,7.05,3.41,3.22,13.99,7.05,3.83,8.8,2.55,24.28,5.75,,,10.37,,11.35,,4.14,7.47,5.43,6.07,3.06,7.78,7.12,8.05,14.48,41.01,7.69,11.01,20.78,7.29,5.6,8.5,9.08,8.51,8.11,7.07,5.83,5.04,,5.25,10.21,3.52,2.1,6.96,,8.31,13.49,4.83,6.21,6.76,,10.12,10.6,,19.55,37.06,8.44,21.78,,7.27,,7.34,5.8,14.8,,8.12,8.15,7.97,15.14,8.66,5.02,9.78,8.6,12.98,7.35,9.79,11.16,20.51,20.89,11.92,,,8.76,16.95,8.07,,8.15,3.46,7.02,16.69,17.77,3.27,3.74,25.36,3.5,8.44,15.66,,,3.92,4.27,57.23,6.75,5.15,5.57,,9.66,3.04,24.41,10.63,9.86,9.4,33.86,11.1,12.11,40.8,,4.49,12.43,24.1,9.3,6.0,2.65,7.82,4.26,8.23,3.28,6.02,7.13,18.31,8.76,3.3,7.16,12.87,9.3,4.7,11.75,11.69,15.4,,5.84,6.49,14.7,4.12,,17.49,,3.13,,7.76,5.37,6.4,23.02,,9.02,18.69,,4.38,7.76,6.13,17.96,3.38,16.59,3.97,6.92,16.34,13.38,7.05,8.53,8.41,30.14,5.61,27.2,9.9,6.59,,14.59,5.81,7.53,5.71,3.7,5.57,4.63,4.19,12.22,,4.06,4.79,18.91,7.03,7.13,5.76,9.55,,,,5.96,13.63,12.98,4.12,9.17,8.98,,10.29,7.37,,8.62,3.53,7.12,5.89,8.39,21.76,5.76,3.86,6.89,10.59,7.94,2.91,5.19,5.3,12.69,2.74,4.89,7.96,3.89,5.93,6.76,11.96,,,10.05,18.05,,2.44,5.19,2.03,7.86,6.17,2.81,,9.49,7.45,8.43,4.12,8.75,7.8,21.46,39.37,4.15,3.92,8.91,4.46,11.07,12.41,25.9,4.18,4.55,10.8,10.8,21.89,,11.63,3.58,11.74,10.62,8.3,5.23,22.79,3.66,7.8,7.6,3.25,8.74,15.42,5.68,12.97,18.25,,7.25,9.9,7.58,,4.29,4.67,20.6,5.1,4.04,6.04,3.36,12.65,2.56,8.83,,4.43,4.42,25.85,98.4,6.25,,9.25,3.88,11.18,27.04,3.36,,,,4.76,10.73,3.84,,11.92,9.29,12.17,12.01,8.77,7.43,7.18,13.15,,,6.71,,7.19,7.63,2.72,2.23,17.97,5.93,5.78,,12.17,11.49,1.93,31.57,,9.97,9.04,5.01,3.79,3.23,3.75,5.89,4.36,9.82,6.78,22.1,6.32,21.23,33.37,21.11,19.99,6.29,3.42,2.34,10.79,14.58,16.95,28.55,,11.68,73.88,3.68,18.86,,2.49,6.3,11.45,3.58,10.3,,30.91,,,10.35
2013-12-17,16.45,19.99,33.67,,10.31,10.47,12.8,17.03,,28.14,15.15,14.51,36.48,,12.21,23.8,27.04,,,48.55,27.6,,,,16.15,17.7,9.16,72.83,16.28,,13.58,12.03,19.01,13.02,13.44,55.82,40.49,,28.03,13.4,31.88,46.1,,16.87,19.62,26.06,26.1,67.2,60.0,2.24,3.18,6.29,3.56,4.01,7.13,5.59,12.08,17.8,18.15,8.05,,,,9.29,7.49,6.63,31.99,14.17,21.17,8.13,16.67,12.2,6.03,35.75,31.05,8.65,7.74,,18.76,,23.76,9.13,9.84,18.4,14.59,14.42,8.89,20.2,19.99,10.34,12.6,,6.63,14.58,15.46,9.63,6.61,27.94,9.77,13.89,,14.53,9.05,12.29,16.29,,14.2,15.25,6.15,,5.6,17.66,11.55,5.85,,7.01,10.08,26.26,11.97,9.28,10.43,29.25,22.77,10.04,,25.27,19.75,14.19,,18.06,10.17,13.15,47.75,10.22,13.09,10.26,27.55,19.28,7.18,34.4,,13.33,12.23,13.83,13.68,15.96,16.49,23.85,17.0,,8.85,18.09,10.78,15.06,9.31,17.27,36.09,,24.15,,25.71,15.65,8.58,17.88,10.13,7.18,,12.38,,,34.2,7.43,15.6,12.4,,14.88,12.52,,17.45,11.68,,8.61,26.7,27.11,9.81,10.82,4.88,11.67,,11.16,,20.34,11.39,14.76,13.09,6.96,13.2,,,25.46,37.8,11.29,33.49,8.65,7.73,,12.18,3.67,16.1,10.71,,7.18,21.0,33.3,,12.14,8.99,11.92,11.85,17.76,19.7,23.63,14.65,13.36,,9.29,26.9,15.22,10.87,8.73,27.44,12.49,22.51,20.0,26.66,14.86,24.9,28.42,12.56,6.06,16.5,27.78,36.19,5.71,4.59,3.46,8.53,8.27,,13.04,12.02,9.96,5.23,15.6,7.84,8.54,7.45,5.91,13.9,10.16,,6.37,8.81,15.14,5.67,14.88,13.71,9.15,5.4,5.0,6.45,12.01,9.2,6.28,4.31,8.38,3.98,10.35,7.99,19.19,,7.01,8.26,5.87,6.32,,15.87,,10.89,12.77,,13.64,7.86,7.86,16.01,13.03,15.2,13.3,,17.77,4.27,7.09,6.73,11.65,22.29,6.34,4.98,6.22,13.3,11.15,19.26,,7.05,14.81,13.07,5.55,7.31,11.43,,15.38,16.3,5.74,9.09,7.61,9.18,7.38,19.0,15.9,16.99,8.75,7.03,13.79,7.64,32.5,9.52,12.3,17.31,8.24,9.19,,,11.92,7.07,20.37,,6.63,7.35,9.49,16.27,1.7,,10.6,6.02,15.18,28.37,46.94,16.34,65.0,30.95,18.0,26.24,27.6,9.58,20.54,,35.22,24.08,8.32,9.67,4.15,9.81,,6.08,15.17,7.2,9.09,8.83,,13.19,12.93,7.95,3.83,7.19,8.57,47.4,19.4,7.41,6.21,31.89,5.92,3.38,12.33,,6.92,10.85,4.71,7.46,7.25,,12.34,34.52,7.71,4.05,6.77,7.45,45.74,11.11,7.04,10.52,4.33,14.75,11.29,8.18,10.08,48.0,21.13,6.15,,6.36,10.46,18.82,9.29,11.79,13.37,11.15,,30.8,10.61,9.08,10.59,19.51,8.68,19.26,7.45,2.68,36.11,8.17,22.5,13.94,11.9,16.23,14.37,27.9,8.93,19.01,15.43,,9.88,13.72,7.29,,8.17,12.28,13.18,10.07,24.58,11.69,16.82,62.35,29.3,14.2,15.1,8.89,14.87,11.15,13.07,9.94,18.49,21.55,13.84,10.92,,7.91,17.23,23.32,14.56,15.44,7.22,48.52,9.08,13.27,25.2,34.75,67.13,9.38,23.0,14.28,22.56,11.48,15.63,38.66,17.7,33.47,17.06,39.34,,13.46,11.18,14.75,6.94,6.99,6.25,,10.18,9.07,5.27,9.99,9.58,11.29,10.62,8.38,16.5,19.53,7.28,,,18.28,4.59,3.25,10.44,3.48,,5.97,5.43,3.47,,17.52,8.42,6.02,16.0,7.45,6.15,5.63,5.21,3.98,,5.7,15.99,4.62,12.65,13.08,26.98,,2.5,2.12,2.53,11.44,7.69,,7.89,5.62,11.7,5.52,5.22,8.68,9.68,6.71,7.03,3.39,3.16,13.13,6.81,3.94,8.78,2.5,24.56,5.79,,,10.43,,11.25,,4.08,7.46,5.47,6.18,3.04,8.02,7.01,7.89,14.5,40.63,7.69,10.87,20.83,6.94,5.59,8.48,9.24,8.51,8.31,7.1,5.84,4.98,,5.28,10.19,3.46,2.08,7.08,,8.67,13.18,4.63,6.28,6.85,,10.16,10.65,,19.55,37.0,8.44,21.63,,7.33,,7.48,5.98,14.81,,8.11,8.17,8.02,14.69,8.64,4.93,9.86,8.53,12.72,7.2,9.82,11.24,,20.89,11.89,10.21,,8.51,17.13,7.95,,8.1,3.45,6.83,17.15,17.72,3.24,3.75,25.41,3.49,8.59,14.96,,,3.91,4.17,62.62,6.76,5.12,5.47,,9.58,3.04,23.89,10.51,9.85,8.93,32.37,11.07,11.83,38.43,,4.52,12.18,24.46,8.93,5.9,2.61,7.82,4.19,8.22,3.28,6.02,7.25,18.33,8.85,3.27,7.45,13.35,9.3,4.59,11.79,11.64,15.86,,5.8,6.51,15.43,4.08,,17.77,,3.13,,7.72,5.3,6.37,23.68,,8.91,18.88,,4.23,7.54,6.08,17.95,3.32,16.57,3.96,6.58,16.33,13.22,6.98,8.01,8.39,29.99,5.65,26.87,9.92,6.58,9.44,14.58,5.83,7.49,5.67,3.67,5.54,4.6,4.17,12.09,,4.04,4.67,18.63,6.82,7.15,5.74,9.48,,,,6.07,12.27,12.94,4.07,9.13,8.95,,10.33,7.38,,8.78,3.61,7.13,5.88,7.93,22.47,5.77,3.84,6.86,10.6,7.83,2.88,5.27,5.2,12.9,2.7,4.89,7.94,3.86,5.91,6.65,12.24,,,9.92,17.88,,2.41,5.17,2.02,7.81,6.07,2.78,,9.48,7.93,8.27,3.95,8.74,7.75,21.0,39.87,4.14,3.86,8.87,4.45,11.07,12.12,25.87,4.12,4.5,11.24,10.95,21.86,,11.66,3.58,11.75,10.72,8.38,5.23,21.98,3.61,7.82,7.43,3.26,8.82,15.59,5.63,12.98,17.59,,7.03,9.53,7.8,,4.24,4.69,20.5,4.99,4.01,6.01,3.38,12.67,2.55,8.86,,4.34,4.39,24.96,98.8,6.18,11.33,9.16,3.88,11.0,25.69,3.5,,,,4.77,10.65,3.84,,11.74,9.24,12.57,12.05,8.99,7.95,7.15,13.33,,,6.65,,7.18,7.49,2.71,2.21,17.32,5.75,5.64,,12.26,11.23,1.91,30.55,,9.7,9.1,5.02,3.76,3.19,3.62,5.89,4.7,9.72,6.55,21.9,6.32,21.05,32.29,21.95,19.66,6.37,3.4,2.33,10.73,14.41,16.9,26.63,,11.5,74.07,3.67,18.8,,2.48,6.32,11.27,3.55,10.3,,30.81,,,10.18
2013-12-18,15.49,20.5,30.33,,10.52,10.94,12.69,16.96,,29.05,15.11,14.56,36.35,,12.19,24.0,26.86,,,49.07,28.07,,,,16.05,17.41,10.08,70.79,15.42,,13.75,11.97,19.3,13.2,13.4,55.22,39.79,,27.0,13.26,30.59,45.54,,16.41,19.0,26.11,25.38,65.3,59.09,2.24,3.17,6.34,3.54,4.02,7.13,5.7,12.64,17.7,18.39,7.97,,,,9.18,7.71,6.67,32.8,14.2,21.17,8.13,16.78,12.29,6.04,37.12,30.79,8.66,7.77,,18.88,,23.55,8.9,9.81,17.93,14.49,15.0,8.89,20.07,20.43,10.41,12.74,,6.55,14.61,15.62,9.66,6.46,27.48,9.81,13.78,,14.45,9.18,11.87,16.2,,14.05,14.64,6.04,,5.71,16.97,12.05,5.86,,7.04,10.17,25.54,12.0,9.32,10.52,29.04,22.55,9.85,,25.0,20.55,14.28,,18.16,10.48,13.13,46.58,10.23,12.98,10.35,27.58,18.8,7.32,34.36,,13.38,12.28,13.8,13.62,15.85,16.16,23.5,16.8,,8.78,17.95,11.43,15.02,9.38,17.55,36.0,,23.9,17.62,26.6,15.51,8.73,18.05,9.77,7.28,,12.46,,,30.78,7.46,16.12,12.75,,14.88,12.34,,17.75,11.6,,8.72,25.75,27.15,9.81,10.89,4.86,11.48,,10.99,,20.05,11.65,15.0,13.16,6.9,14.3,,,25.74,38.15,11.01,33.0,8.63,7.52,,11.93,3.69,16.19,10.7,,7.1,22.24,32.14,,11.84,8.9,11.87,13.04,17.78,19.84,23.72,14.6,13.29,,9.27,26.67,15.73,10.62,8.8,27.49,13.45,22.45,19.89,26.76,14.68,24.37,28.51,12.41,5.87,16.61,27.6,34.85,5.65,4.57,3.48,8.48,8.23,,13.12,12.09,10.03,5.18,15.35,7.94,8.53,7.31,6.01,13.86,10.28,,6.3,8.88,15.18,5.91,14.98,13.5,9.32,5.42,4.97,6.48,12.03,9.17,6.24,4.25,8.29,4.04,10.29,7.88,19.0,,7.05,8.31,5.95,6.32,,17.46,,10.85,12.72,,13.53,7.71,8.05,15.81,13.15,14.23,13.29,,18.69,4.28,7.14,6.7,11.62,22.48,6.31,4.94,6.24,13.4,11.2,19.03,,6.88,14.78,13.08,5.45,7.28,12.57,,15.41,16.2,5.79,9.28,7.56,9.58,7.37,19.05,15.9,16.65,8.8,7.0,13.46,7.65,32.32,9.39,12.34,17.05,8.22,9.18,,,11.74,7.1,19.55,,6.71,7.22,9.49,16.01,1.7,,10.67,6.08,15.22,27.9,46.9,16.61,63.56,31.73,18.0,25.07,28.85,9.87,20.4,,34.38,24.07,8.22,9.64,4.16,9.87,,6.14,15.29,7.28,9.2,8.87,,12.61,12.79,7.94,3.84,7.12,8.42,48.2,19.35,7.34,6.28,32.15,5.97,3.4,12.37,,6.81,10.86,4.73,7.53,7.21,,12.8,34.52,7.69,4.04,6.75,7.48,45.0,10.88,6.98,10.55,4.3,14.54,11.79,8.18,10.42,47.8,21.97,6.17,,6.5,10.5,18.61,9.29,11.86,13.29,11.2,,30.84,10.61,8.92,10.15,19.58,8.69,19.84,7.58,2.64,35.8,8.01,22.49,13.88,11.83,16.27,14.13,27.6,9.15,18.6,15.23,,10.42,13.24,7.11,33.08,8.16,12.23,13.1,10.84,23.5,11.8,16.83,56.12,28.91,14.24,15.71,9.02,15.15,10.99,12.58,9.94,18.0,21.35,13.2,11.34,,8.06,17.49,23.8,14.51,15.47,7.36,47.36,9.0,12.92,26.52,35.41,65.51,9.2,22.93,14.5,23.3,11.54,15.29,38.99,17.57,33.56,16.8,36.92,,14.01,11.36,14.3,7.11,6.79,6.14,,9.92,9.08,5.51,9.7,9.3,11.34,10.35,8.34,15.23,19.79,7.22,,,18.52,4.58,3.22,10.5,3.23,,6.02,5.19,3.4,,17.28,8.41,6.03,15.71,7.36,6.16,5.67,5.2,3.92,11.64,5.7,15.9,4.58,12.74,12.9,26.36,,2.5,2.13,2.53,11.93,7.71,,7.87,5.64,11.75,5.5,5.16,8.62,9.63,6.58,7.08,3.41,3.16,12.3,6.86,3.86,8.62,2.5,24.49,5.77,7.93,,10.23,,11.13,,4.09,7.43,5.41,6.03,3.05,8.01,7.12,7.94,14.52,40.28,7.86,10.85,20.49,6.95,5.52,8.4,9.13,8.49,7.92,7.08,5.86,5.0,,5.29,10.3,3.46,2.09,7.12,4.2,9.15,13.19,4.63,6.22,6.74,,10.15,10.77,,18.81,37.18,8.37,21.45,,7.41,4.71,7.52,5.8,14.85,,8.1,8.33,8.14,14.23,8.76,5.11,9.85,8.49,12.8,7.19,9.9,11.04,,21.38,11.77,10.35,,8.55,17.13,7.96,,8.1,3.39,6.76,16.51,17.95,3.2,3.74,25.3,3.52,8.5,14.79,,,3.9,4.16,,6.7,5.11,5.57,,9.66,3.05,24.6,10.52,9.9,8.88,31.57,11.02,11.93,37.71,,4.47,12.37,25.08,8.87,5.93,2.55,7.62,4.18,8.16,3.27,6.03,7.31,17.78,8.76,3.38,7.31,12.03,9.3,4.62,11.86,11.52,15.75,6.62,5.82,6.64,15.43,4.1,,17.69,,3.09,,7.95,5.3,6.43,24.04,,9.09,18.95,,4.2,7.51,5.99,18.1,3.34,15.71,3.94,6.41,16.39,13.21,7.05,8.02,8.33,30.15,5.52,27.08,9.85,6.3,9.5,14.56,5.89,7.6,5.69,3.63,5.45,4.64,4.16,11.75,,4.05,4.6,18.52,6.74,7.14,5.74,9.53,,,,6.15,12.21,12.97,4.11,9.17,8.86,,10.03,7.49,,8.7,3.54,7.13,5.83,7.91,22.2,5.82,3.82,6.82,10.54,7.93,2.88,5.15,5.23,12.86,2.7,5.03,8.01,3.83,5.91,6.74,12.42,,,9.83,17.99,,2.4,5.2,2.02,7.51,6.11,2.8,,9.51,7.68,8.26,3.92,8.74,7.79,21.05,40.5,4.08,3.84,8.86,4.35,11.17,12.11,25.65,4.12,4.48,11.11,10.94,21.6,,11.46,3.94,12.22,10.68,8.24,5.12,21.44,3.61,,7.44,3.26,8.93,16.03,5.63,13.02,17.2,,7.06,9.49,7.7,,4.23,4.65,20.31,5.06,4.04,6.07,3.5,12.6,2.55,8.85,12.48,4.29,4.38,24.98,98.4,6.13,11.43,9.14,3.89,10.76,25.7,3.48,,,,4.7,10.63,3.84,,11.73,9.37,12.5,11.88,8.9,7.96,7.06,13.22,,,6.55,,7.15,7.67,2.69,2.21,17.23,5.72,5.63,,12.84,11.17,1.87,30.79,,9.68,8.96,5.05,3.8,3.19,3.57,5.92,4.44,9.62,6.43,21.94,6.3,20.95,32.35,21.5,20.0,6.68,3.37,2.32,10.88,14.37,17.13,25.5,,11.4,74.85,3.65,18.56,,2.46,6.26,11.41,3.55,10.29,4.94,30.45,,,
2013-12-19,14.82,20.04,30.58,,10.13,10.84,12.42,16.82,,29.56,15.21,16.02,38.38,,12.24,24.01,26.65,,,49.18,27.9,,,,16.5,17.99,10.88,71.16,15.28,,13.9,11.95,18.78,13.08,13.34,56.5,39.6,,27.3,13.17,30.6,47.4,,16.12,19.0,26.51,25.66,65.9,59.98,2.24,3.12,6.39,3.46,4.0,7.06,5.53,12.51,17.95,18.17,8.24,,8.3,,9.3,7.59,6.62,34.02,14.2,21.08,8.01,16.56,12.24,6.1,36.51,30.56,8.67,7.7,,19.0,,24.22,8.9,9.95,17.43,14.25,14.75,9.3,19.91,20.25,10.15,12.4,,6.45,14.46,15.81,9.45,6.46,27.42,9.94,15.16,,14.34,9.2,11.75,17.82,,14.2,14.14,6.1,,5.53,16.3,11.52,5.8,,7.06,10.14,24.35,11.93,9.12,10.39,29.09,22.4,9.86,,23.8,19.9,14.25,,17.58,10.7,13.29,46.44,10.12,12.97,10.17,27.34,18.7,7.23,33.98,,12.98,12.03,13.38,12.35,15.9,15.7,23.42,16.91,14.7,8.68,17.56,11.45,14.83,9.12,17.07,35.74,,23.6,17.69,25.43,15.07,8.57,17.15,9.78,7.2,,12.2,,,29.0,7.49,16.45,12.75,,15.0,12.9,,17.48,11.31,,8.76,25.7,25.92,9.83,10.95,4.78,11.66,,10.79,,20.07,11.45,14.66,13.11,6.8,13.86,,,26.18,,10.54,31.8,8.6,7.24,,11.89,3.58,15.95,10.75,,6.9,22.2,31.7,,11.64,8.69,11.91,14.22,17.71,19.87,23.03,13.72,13.35,,9.28,26.5,15.52,10.5,8.75,27.35,12.84,22.2,19.69,27.25,14.95,24.3,29.87,12.45,5.65,16.38,26.75,34.76,5.58,4.5,3.4,8.48,8.1,,13.11,11.8,10.22,5.1,15.29,7.79,8.3,7.18,5.89,13.71,10.17,,6.29,8.71,15.1,5.82,14.71,13.53,9.16,5.41,4.89,6.35,11.93,9.0,6.23,4.23,8.28,3.98,10.18,7.83,18.78,,7.07,8.31,5.78,6.33,,17.98,,10.82,12.2,,13.02,7.73,8.25,15.69,13.12,14.26,13.31,,18.15,4.22,7.08,6.65,11.3,22.24,6.29,4.98,6.14,13.35,11.04,18.17,,6.72,14.61,12.91,5.45,6.57,12.6,,15.31,16.02,5.86,9.27,7.52,8.62,7.31,18.72,15.9,16.68,8.75,6.92,13.43,7.6,32.11,9.27,12.15,17.22,8.01,9.11,,,11.73,7.1,19.49,,6.65,6.83,9.35,15.54,1.7,,10.52,5.87,14.79,28.5,48.22,16.18,64.61,30.79,16.58,24.94,29.4,9.76,20.35,,34.75,24.76,8.21,9.48,4.08,9.75,,6.08,14.85,7.16,9.21,8.78,,12.86,12.77,7.9,3.79,7.07,8.29,49.6,19.46,7.22,6.31,32.11,5.7,3.34,12.28,,6.77,10.71,4.73,7.72,7.04,,12.81,34.01,7.45,3.95,6.55,7.38,45.54,10.89,6.92,10.55,4.27,14.4,11.4,8.14,10.54,52.58,21.6,6.08,,6.37,,17.64,9.38,11.75,13.28,11.23,,31.45,10.55,8.73,9.9,19.41,8.49,19.23,7.51,2.59,35.87,8.11,22.66,13.87,11.82,16.15,13.99,27.26,9.03,18.67,15.07,,9.97,12.88,6.97,32.66,7.96,11.9,13.12,10.49,22.06,11.42,16.13,53.2,29.0,14.47,15.66,9.07,15.15,10.76,12.1,9.98,18.31,21.8,13.2,11.05,,7.77,17.81,23.59,14.6,15.45,7.05,48.5,8.94,12.72,24.5,35.43,66.35,8.93,22.61,14.31,23.0,11.82,15.17,38.1,17.58,36.92,16.77,39.89,,13.47,11.43,14.16,6.98,6.61,6.07,,9.77,8.96,5.45,9.65,8.97,11.33,10.42,7.92,14.92,19.65,6.98,,,17.87,4.56,3.18,10.57,3.2,,5.9,5.15,3.34,,16.82,8.25,5.96,15.6,7.4,6.02,5.6,5.21,3.88,11.43,5.71,16.01,4.59,12.69,12.71,25.44,,2.48,2.12,2.52,11.45,7.67,,7.55,5.59,11.23,5.44,5.1,8.76,9.58,6.4,7.19,3.39,3.13,12.32,6.68,3.78,8.54,2.46,24.3,5.59,7.75,,10.08,,10.94,9.32,4.07,7.31,5.36,5.83,3.0,8.01,7.09,7.95,14.53,41.04,7.77,10.51,20.45,6.73,5.64,8.06,9.02,8.46,7.52,7.12,5.88,4.86,,5.23,10.25,3.43,2.07,7.0,4.2,8.76,13.18,4.43,6.35,6.57,7.87,10.08,10.61,,18.76,38.26,8.79,21.45,,7.25,4.76,7.36,5.69,14.79,,8.03,8.18,8.03,14.38,8.57,5.04,9.74,8.07,12.59,7.16,10.1,11.06,,21.15,11.1,10.18,,8.64,16.98,7.87,,7.95,3.37,6.68,16.52,18.02,3.21,3.74,25.58,3.47,8.52,15.0,,3.34,3.87,4.16,,6.6,5.09,5.37,,9.37,3.03,24.19,10.38,9.82,8.84,31.59,10.86,11.62,37.6,,4.34,11.9,23.95,8.81,5.84,2.56,7.6,4.17,8.09,3.27,6.0,7.19,17.4,8.72,3.35,7.03,11.64,9.11,4.63,12.03,11.52,14.82,6.69,5.62,6.51,15.4,4.12,,17.32,,3.07,,7.91,5.25,6.32,22.99,,8.92,18.96,,4.12,7.35,5.94,17.65,3.3,14.94,3.88,6.46,15.8,13.12,7.07,7.43,8.31,30.94,5.45,26.32,9.82,6.37,9.38,14.3,5.74,7.61,5.58,3.61,5.39,4.53,4.1,11.45,,4.01,4.5,18.34,6.66,7.06,5.59,9.47,,,3.88,6.1,12.19,12.87,4.04,9.15,8.64,,9.89,7.79,,8.51,3.5,7.06,5.84,7.72,23.19,5.69,3.78,6.63,10.38,7.83,2.86,5.05,5.22,12.83,2.66,4.93,7.85,3.79,5.82,6.71,11.79,,,9.63,17.82,,2.38,5.18,2.01,8.16,6.14,2.81,,9.5,7.31,8.14,3.86,8.62,7.58,20.54,39.94,3.98,3.76,8.85,4.33,11.0,12.12,25.61,4.09,4.41,11.24,10.81,21.36,,11.34,4.04,11.99,10.67,8.31,5.05,21.2,3.62,,7.46,3.21,8.8,15.89,5.61,12.85,17.1,7.69,6.9,9.47,7.6,,4.16,4.71,20.29,5.09,4.02,5.85,3.44,12.3,2.68,8.7,12.12,4.28,4.35,24.68,97.11,6.03,11.36,9.13,3.88,10.55,25.25,3.39,,,,4.62,10.72,3.85,,12.55,9.29,12.3,11.99,8.81,7.7,6.81,13.15,,,6.56,,7.08,7.68,2.65,2.19,17.1,5.66,5.47,,12.36,11.16,1.87,30.11,,9.68,8.76,4.97,3.72,3.1,3.5,5.92,4.26,9.61,6.29,22.08,6.29,21.01,32.31,20.72,19.66,6.54,3.33,2.31,10.71,14.42,16.81,25.05,,11.19,74.9,3.65,18.35,,2.42,6.22,11.57,3.55,10.19,4.89,30.09,,,
2013-12-20,14.93,19.56,30.59,,9.79,10.43,12.35,16.75,,29.1,14.76,15.4,36.0,,11.95,24.6,26.5,18.95,,47.18,27.2,,,,16.62,17.91,10.51,70.7,15.28,,13.85,11.82,18.11,13.13,13.3,55.2,38.87,,27.57,12.79,30.74,51.25,,16.1,19.1,25.82,27.44,67.42,59.6,2.2,3.07,6.23,3.43,3.92,7.07,5.38,12.09,17.5,17.72,7.92,,8.28,,9.32,7.22,6.67,33.11,14.01,20.12,7.89,15.93,12.01,5.93,35.42,30.44,8.72,7.55,,18.77,,23.67,8.63,9.7,16.87,13.88,14.75,9.48,20.25,20.02,10.02,12.0,,6.32,14.23,15.8,9.28,6.46,26.81,9.82,15.47,,14.52,9.06,11.26,17.4,,14.0,13.75,6.01,,5.35,16.11,10.97,5.7,,6.88,9.89,24.34,11.33,9.1,10.25,29.81,22.17,9.53,,23.51,19.76,13.71,12.42,17.61,10.74,12.93,46.21,9.94,12.93,10.13,26.76,18.55,6.97,33.89,,12.69,11.89,13.4,12.0,15.63,15.53,23.44,,14.05,8.57,17.44,11.08,14.42,8.89,15.98,35.76,,23.46,17.33,24.59,14.48,8.4,16.8,9.59,7.06,8.97,11.83,,,30.43,7.18,16.3,12.62,,14.83,12.59,,17.36,11.36,,8.42,25.85,24.31,9.64,10.46,4.73,12.16,,10.5,,22.08,11.26,14.2,12.72,6.82,14.12,,,25.98,,10.14,30.96,8.51,6.99,,11.88,3.49,15.69,10.85,,6.81,21.84,32.15,,11.4,8.68,11.74,13.64,17.65,19.49,22.35,13.43,12.9,,9.19,25.61,15.7,10.38,8.59,27.3,13.47,22.06,19.45,26.74,14.64,24.31,31.2,12.43,5.55,16.41,26.05,35.92,5.51,4.46,3.3,8.39,8.0,,13.0,11.68,10.08,5.11,15.44,7.67,8.19,7.25,5.79,13.45,10.28,,6.27,8.65,14.6,5.83,14.62,13.43,9.18,5.28,4.78,6.08,11.7,8.79,6.22,4.16,8.08,3.96,10.48,7.73,17.39,,7.06,7.96,5.56,6.4,,19.34,,10.7,12.16,,13.15,7.75,8.0,15.15,13.12,13.1,13.0,,16.95,4.12,6.8,6.67,10.85,21.18,6.27,5.03,6.0,13.08,11.06,17.72,8.47,6.65,14.03,12.85,5.52,6.66,11.82,,15.52,15.94,5.81,9.06,7.22,7.92,7.24,18.2,15.72,16.76,8.71,6.84,13.36,7.48,32.0,9.08,11.93,17.33,7.82,8.95,,,11.77,7.0,19.0,,6.54,6.66,9.17,15.0,1.67,4.61,10.38,5.9,14.71,28.35,46.55,16.1,64.34,29.91,15.94,25.32,28.82,9.71,19.72,,34.95,22.9,8.12,9.19,4.05,9.46,,5.8,14.51,7.15,9.3,8.53,5.74,12.6,12.7,7.86,3.71,6.85,8.25,49.69,19.3,7.19,6.49,31.21,5.46,3.31,12.03,,6.63,10.7,4.61,7.62,7.01,,12.72,33.54,7.2,3.9,6.68,7.18,47.69,10.8,6.78,10.53,4.12,14.09,11.17,8.12,10.05,51.5,20.95,6.38,,6.24,,17.86,9.15,11.86,13.09,11.15,,31.98,10.48,8.52,9.8,18.17,8.16,18.5,7.15,2.46,35.38,8.18,22.34,13.43,11.75,15.78,13.91,26.82,8.77,18.44,15.13,,9.96,12.79,6.82,31.99,8.0,11.92,12.91,10.32,21.99,11.25,15.7,50.3,29.0,14.13,15.76,9.06,16.08,10.47,11.68,9.79,17.93,22.69,13.14,10.81,,7.69,17.62,23.21,14.28,15.31,6.81,45.95,8.75,12.24,26.18,35.74,66.67,8.62,23.3,13.99,23.55,11.63,15.23,38.0,17.64,36.08,16.4,38.9,,13.56,11.03,13.74,6.9,6.68,6.07,,9.84,8.76,5.3,9.72,9.28,10.91,10.06,7.47,14.73,20.19,7.05,,,17.47,4.45,3.12,10.16,3.09,,5.94,5.02,3.25,,17.08,8.29,5.83,15.65,7.3,6.08,5.53,5.11,3.89,11.24,5.72,15.73,4.5,12.8,12.23,24.84,,2.44,2.09,2.47,11.46,7.43,,7.64,5.42,11.17,5.26,4.91,8.54,9.31,6.36,7.35,3.35,3.07,11.7,6.54,3.69,8.48,2.45,23.88,5.44,7.62,,10.13,,11.04,9.29,3.95,7.14,5.27,5.84,2.91,7.85,6.96,7.74,14.29,40.04,7.79,10.16,19.5,6.81,5.64,7.56,9.08,8.2,7.62,7.06,5.8,4.87,,5.03,9.9,3.4,2.04,6.87,4.09,8.3,12.71,4.34,6.39,6.49,7.66,9.91,10.25,,18.81,38.66,8.43,20.37,,7.17,4.71,7.27,5.59,14.81,,8.11,7.87,7.98,14.18,8.65,4.9,9.47,8.0,12.36,7.07,10.16,10.69,,20.53,11.0,9.81,19.54,8.79,16.91,7.73,,7.77,3.31,6.47,15.88,17.98,3.2,3.68,25.04,3.49,8.37,14.91,,3.25,3.94,4.09,,6.43,5.01,5.37,,9.31,2.98,23.8,10.27,9.65,8.89,31.63,10.88,11.61,37.32,,4.35,11.84,23.18,8.54,5.77,2.52,7.47,4.1,7.86,3.18,5.92,7.23,17.31,8.75,3.28,7.05,11.54,9.06,4.5,11.82,11.41,14.98,6.68,5.64,6.45,15.29,4.03,,17.17,,3.02,,7.83,5.21,6.19,22.31,,8.98,18.97,,4.04,7.28,5.79,16.99,3.25,14.74,3.74,6.38,15.72,12.86,6.98,7.48,8.23,31.02,5.35,26.11,9.59,6.31,9.25,14.37,5.68,7.6,5.43,3.58,5.3,4.31,4.07,11.48,,3.95,4.31,17.35,6.64,6.82,5.8,9.42,2.33,,3.78,6.18,12.02,12.97,4.01,9.48,8.59,,9.7,7.65,,8.22,3.5,6.88,5.74,7.72,22.87,5.56,3.71,6.6,10.29,7.8,2.8,4.98,5.14,12.79,2.63,4.89,7.65,3.71,5.76,6.58,11.59,,,9.28,17.68,,2.36,5.06,1.99,8.56,6.29,2.76,,9.51,7.29,7.85,3.8,8.7,7.42,20.04,41.5,3.85,3.69,8.76,4.27,10.68,11.87,25.44,4.07,4.35,10.47,10.49,21.42,,11.36,3.81,12.05,10.08,8.34,5.09,20.37,3.42,,7.27,3.2,8.51,15.33,5.67,12.68,16.63,7.53,6.81,9.37,7.39,,4.1,4.57,20.2,5.15,4.0,5.66,3.43,12.02,2.63,8.75,11.8,4.18,4.32,23.85,95.1,5.96,11.18,9.1,3.79,10.7,23.99,3.33,,,,4.49,10.58,3.78,,12.29,9.21,12.9,12.2,8.81,7.53,6.59,12.96,,,6.5,,7.0,7.56,2.62,2.13,16.79,5.73,5.4,,12.29,10.96,1.83,28.6,,9.48,8.53,4.87,3.65,3.06,3.47,5.8,4.06,9.22,6.11,22.18,6.25,20.64,30.5,20.61,19.21,6.33,3.24,2.28,10.72,14.28,16.39,24.33,,11.12,74.91,3.56,17.43,,2.39,6.02,11.73,3.44,9.96,4.85,28.87,,,10.32
2013-12-23,14.29,19.62,29.9,,9.65,10.17,12.9,16.61,,29.45,14.33,14.95,37.87,,11.61,24.98,26.85,20.85,,46.19,27.0,,,,15.55,18.45,9.99,72.78,15.25,,13.57,11.81,18.11,13.72,12.91,55.5,39.91,30.0,26.49,12.63,30.99,51.7,,16.34,18.61,25.53,28.08,64.82,60.71,2.18,3.06,6.01,3.39,3.92,7.01,5.29,11.85,17.35,17.2,7.59,,8.11,,8.98,7.15,6.73,32.14,13.41,20.25,7.78,16.48,11.89,5.83,36.6,29.71,8.51,7.73,,19.0,,24.19,8.64,9.4,17.24,13.81,14.77,,20.47,19.5,10.04,12.09,,6.29,14.1,15.71,9.3,6.46,26.14,9.9,14.45,,14.45,9.26,11.17,16.7,,15.4,13.91,5.74,,5.35,16.53,10.74,5.56,,6.78,9.67,24.45,11.05,8.86,10.19,29.12,,10.02,,24.56,19.92,13.68,13.66,17.18,11.0,12.49,46.57,9.86,11.8,10.1,26.46,18.85,6.83,34.14,9.0,12.85,11.86,13.59,11.82,15.84,14.93,24.48,16.35,13.62,8.63,17.7,11.13,14.24,9.08,16.16,36.12,,23.55,17.03,24.33,14.12,8.32,16.45,9.21,7.15,8.74,11.81,,,27.41,7.09,16.75,12.75,,14.26,12.46,,17.0,11.53,,8.33,24.49,24.09,9.45,10.26,4.72,12.23,,10.51,,22.47,10.85,14.08,13.03,7.0,13.2,,,25.5,,10.0,29.97,8.83,6.29,,11.96,3.4,15.87,11.4,,7.05,20.9,31.7,,11.55,8.63,11.54,14.46,16.2,20.35,21.97,13.34,14.19,,8.91,24.92,15.8,10.21,9.45,26.53,13.23,,20.35,26.5,13.98,24.1,31.18,12.45,5.42,16.7,25.6,36.66,5.36,4.49,3.27,8.5,7.92,,13.3,11.43,10.12,5.18,16.07,7.66,8.16,7.06,5.78,13.42,10.16,,6.27,8.55,14.49,5.81,15.76,13.0,9.2,5.28,4.77,6.05,11.46,8.78,6.14,4.19,7.91,3.89,10.32,7.68,16.75,,6.64,7.93,5.53,6.33,5.37,,,10.73,12.01,,12.79,7.61,7.94,,13.77,12.9,13.06,,17.0,4.0,6.76,6.73,10.79,23.3,6.21,5.06,5.9,13.19,10.0,17.55,9.32,6.61,14.05,12.48,5.45,6.6,11.55,,15.63,16.32,6.01,8.95,7.26,7.75,6.99,16.74,15.52,16.35,8.63,6.78,13.37,7.54,31.8,9.14,11.7,17.3,7.87,9.05,,,12.1,7.03,19.48,,6.67,6.71,9.26,15.0,1.67,4.63,10.4,5.69,14.69,29.07,51.08,15.62,64.9,30.06,16.0,24.8,28.19,9.76,19.36,,33.77,22.31,8.01,9.29,3.97,9.62,,5.67,14.54,6.99,9.3,8.48,5.24,13.24,12.89,7.94,3.67,6.91,8.17,49.8,19.05,7.1,6.4,30.95,5.32,3.21,12.0,,6.65,10.39,4.53,7.28,6.89,,12.44,34.0,7.2,3.77,6.64,7.05,47.39,10.78,6.65,10.79,4.04,14.1,11.78,8.2,10.29,54.21,19.7,6.12,,6.16,,17.39,9.18,,12.98,11.15,,32.0,10.29,8.51,9.84,17.88,8.15,19.17,6.98,2.34,34.73,8.1,22.36,13.6,11.39,15.61,14.55,27.4,8.56,18.5,15.16,,9.59,13.02,6.84,32.59,7.95,11.9,12.91,9.72,22.27,11.28,16.82,52.97,29.12,13.85,15.37,9.18,17.69,10.48,11.34,9.61,17.7,22.63,12.92,10.53,,7.67,17.3,23.92,13.75,15.25,6.73,44.8,8.45,12.71,,37.3,67.89,8.26,24.0,13.67,25.47,11.19,15.01,37.8,18.49,37.4,16.15,36.99,,14.1,10.88,13.09,6.78,6.75,6.03,,9.38,8.71,5.16,9.21,8.82,11.0,10.15,7.5,14.88,19.69,6.8,,,17.72,4.45,3.05,9.91,3.03,,5.86,4.81,3.26,,16.53,8.37,5.76,15.78,7.07,6.01,5.47,5.12,3.81,11.38,5.58,14.95,4.49,12.83,12.0,25.49,,2.42,2.07,2.44,11.74,7.37,,7.64,5.46,11.14,5.31,4.84,8.36,9.3,6.08,7.51,3.35,3.09,12.05,6.49,3.68,8.72,2.43,23.87,5.55,7.48,6.55,9.87,,10.57,9.4,3.92,7.06,5.29,5.89,2.88,7.83,6.98,7.74,13.85,39.79,7.78,10.25,19.49,6.53,5.47,7.49,9.14,8.1,7.59,7.12,5.81,4.74,,5.08,9.86,3.37,2.06,6.77,4.07,8.3,12.72,4.37,7.03,6.37,7.73,9.9,10.38,,18.44,38.0,8.04,19.29,,7.17,4.6,7.15,5.61,15.23,3.49,7.95,7.73,8.1,13.89,8.49,4.85,9.4,7.89,12.5,6.94,9.93,10.7,,20.57,10.91,9.64,20.02,8.67,17.5,7.56,8.18,7.88,3.34,6.5,15.97,17.82,3.04,3.59,24.83,3.44,8.3,15.17,,3.2,3.88,4.1,63.06,6.44,5.04,5.52,,9.12,2.95,24.6,10.09,9.43,8.67,30.67,11.15,11.25,36.48,17.3,4.28,11.2,23.63,8.29,5.65,2.53,7.23,3.99,7.71,3.14,5.97,7.39,16.89,8.53,3.35,6.78,11.6,8.85,4.44,11.44,11.13,15.07,6.63,5.66,6.48,15.84,3.96,11.47,17.2,7.31,2.99,,7.8,5.18,6.19,22.11,,9.18,18.76,,4.03,7.24,5.82,17.05,3.23,15.01,3.77,6.05,15.49,12.63,6.97,7.43,7.9,31.65,5.2,26.68,9.59,6.6,9.17,14.5,5.7,7.41,5.4,3.53,5.28,4.23,4.03,11.59,,3.92,4.46,17.07,6.64,6.73,5.89,9.42,2.32,,3.74,6.18,11.9,12.88,3.93,9.29,8.66,,9.74,7.69,,8.2,3.45,6.93,5.64,7.33,25.16,5.58,3.66,7.02,10.08,7.92,2.77,4.87,5.1,12.75,2.62,4.84,7.51,3.72,5.65,6.59,11.84,,,9.17,18.03,,2.33,5.08,2.0,7.7,6.55,2.73,,9.72,7.52,7.79,3.82,8.79,7.4,20.05,44.08,3.8,3.68,8.65,4.19,10.45,11.95,25.4,4.04,4.31,11.41,10.45,20.5,,11.46,3.66,12.41,9.73,8.57,5.23,19.8,3.4,,7.15,3.2,8.65,15.81,5.59,12.27,16.97,7.27,6.72,9.94,7.35,,4.06,4.47,20.82,,3.99,5.67,3.58,12.06,2.71,8.61,11.75,4.06,4.27,24.38,99.0,5.76,11.15,8.9,3.73,10.67,24.07,3.26,8.24,,,4.46,10.73,3.72,,11.56,9.07,12.75,12.01,8.89,7.26,6.7,12.81,,,6.5,,6.89,7.38,2.62,2.14,17.05,5.73,5.39,,11.73,10.82,1.81,29.01,,9.55,8.72,4.8,3.59,3.01,3.4,5.72,3.9,9.07,5.98,22.18,6.21,20.5,32.09,21.43,19.42,6.4,3.2,2.27,10.92,14.45,16.41,23.95,,11.07,75.28,3.5,17.14,3.2,2.37,5.89,11.68,3.46,9.96,4.8,28.93,,,10.59
2013-12-24,14.81,20.22,31.77,,9.81,10.31,12.9,17.2,,29.96,14.59,15.09,38.49,12.78,11.83,24.91,27.28,21.5,,46.06,27.84,,,,15.98,19.42,9.96,72.49,15.49,,13.6,12.14,18.32,13.77,13.17,56.83,39.98,29.85,27.66,13.22,31.05,52.1,,16.5,19.21,26.56,28.45,67.1,61.2,2.17,3.05,6.07,3.43,3.99,7.0,5.47,11.98,17.35,17.07,7.7,,8.24,,9.03,7.17,6.89,32.9,13.69,20.26,7.95,16.16,11.94,5.95,37.91,32.68,8.4,7.68,,18.96,,24.2,8.8,10.34,17.06,13.92,15.12,9.16,20.77,19.77,10.23,12.2,,6.35,14.27,16.39,9.85,6.52,26.37,9.94,15.48,,14.51,9.25,11.44,16.29,,16.75,14.11,5.79,,5.36,16.3,10.95,5.65,,6.65,9.97,25.23,11.22,9.14,10.2,29.88,,10.28,,23.27,20.18,14.15,15.03,17.65,11.23,12.44,46.28,9.87,12.05,10.09,26.94,19.0,6.93,35.07,8.52,13.11,12.12,13.65,11.89,16.13,14.99,24.7,16.5,13.91,8.88,18.29,11.09,14.36,9.08,15.72,37.72,,24.18,17.44,24.77,14.26,8.28,16.71,9.53,7.17,8.82,11.91,,,28.41,7.57,17.26,13.68,,14.98,13.33,,17.16,11.61,,8.53,24.6,24.35,9.88,10.71,4.73,12.02,,10.55,,23.58,11.09,14.29,13.17,7.04,14.52,,,23.49,,10.09,32.81,8.8,6.23,,12.11,3.4,16.4,11.74,,7.05,21.2,32.27,,12.11,8.75,11.68,15.91,16.85,20.0,21.96,13.9,13.87,,9.0,25.92,15.96,10.56,9.42,27.13,13.36,,20.22,26.28,14.38,24.24,30.78,12.88,5.49,17.48,26.81,36.49,5.46,4.53,3.36,8.53,8.14,,13.23,11.59,10.13,5.21,16.19,7.73,8.28,7.16,6.12,13.58,10.2,,6.28,8.64,14.59,5.84,16.13,12.2,9.3,5.25,4.79,6.13,11.4,8.93,6.18,4.18,8.02,3.9,10.13,7.69,17.0,,6.7,7.89,5.49,6.42,5.46,,,10.92,12.0,,12.99,7.83,8.21,,13.84,13.21,13.3,,17.03,4.03,6.93,6.89,10.84,24.2,6.29,5.17,6.18,13.4,9.95,18.61,10.25,6.69,14.43,12.56,5.46,6.87,11.82,,16.01,16.43,5.98,9.01,7.13,7.9,7.0,16.34,15.74,16.71,8.64,6.78,13.78,7.6,31.9,9.22,11.9,17.03,7.93,9.11,,19.78,11.88,7.01,19.66,,6.7,6.72,9.46,15.81,1.66,4.75,10.5,5.65,15.4,29.19,50.0,16.05,64.9,30.05,16.26,25.86,30.24,10.14,19.69,,35.19,22.37,8.1,9.49,4.01,9.55,,5.66,14.72,7.02,9.48,8.85,5.27,13.64,12.9,7.97,3.71,6.92,8.17,53.0,19.13,7.17,6.42,30.1,5.41,3.25,12.05,,6.78,10.4,4.58,7.36,6.88,,12.71,34.1,7.4,3.75,7.0,7.16,49.46,10.64,6.81,11.16,4.05,14.15,11.74,8.32,10.73,53.8,20.06,6.05,,6.22,,17.55,9.16,12.06,13.4,11.08,,31.55,10.32,8.56,9.85,17.56,8.13,19.74,7.03,2.36,35.95,8.2,23.04,13.6,11.45,15.75,14.48,28.03,8.63,19.15,15.41,,9.63,12.9,6.85,33.66,8.06,11.96,12.93,9.75,22.34,11.45,16.22,54.85,29.79,14.24,15.82,9.71,16.74,10.71,11.32,9.76,18.32,24.0,13.24,10.72,,7.84,17.89,26.31,13.9,15.67,6.85,49.28,8.54,13.05,,36.95,69.61,8.32,25.85,14.03,25.5,11.51,15.49,37.69,18.2,41.14,16.75,37.25,,15.51,10.85,13.59,6.88,6.86,6.04,12.66,9.35,8.77,5.27,9.18,8.53,11.03,9.89,7.49,14.99,19.79,6.71,,,18.04,4.49,3.08,9.93,2.91,,5.72,4.81,3.29,9.26,16.79,8.43,5.76,16.19,7.08,6.04,5.61,5.23,3.83,11.44,5.63,14.22,4.54,13.48,12.09,27.31,,2.45,2.06,2.47,12.03,7.46,,7.82,5.48,11.24,5.26,4.9,8.31,9.29,6.09,7.45,3.38,3.08,12.81,6.5,3.69,8.56,2.49,23.79,5.5,7.46,6.59,9.85,,10.45,9.41,3.96,7.09,5.32,6.0,2.88,7.88,7.1,7.72,13.86,39.77,7.82,10.28,19.78,6.63,5.28,7.5,9.19,8.09,7.47,7.31,5.83,4.77,5.52,5.11,9.86,3.39,2.05,6.77,4.12,8.2,12.67,4.39,6.82,6.49,7.74,10.0,10.48,,18.79,38.49,8.08,19.52,,7.23,4.6,7.23,5.62,15.15,3.51,8.03,7.79,8.19,14.3,8.53,4.73,9.45,8.01,12.61,6.97,9.99,10.94,,20.86,10.93,9.64,19.9,8.89,17.04,7.66,8.35,7.87,3.35,6.38,15.73,18.0,3.03,3.6,25.52,3.48,8.39,16.02,,3.19,3.87,4.12,65.2,6.46,5.05,5.45,,9.06,2.96,25.15,10.05,9.43,8.72,31.09,11.16,11.16,35.81,17.39,4.28,11.09,23.65,8.45,5.68,2.53,7.3,4.03,7.68,3.16,5.97,7.38,16.67,8.84,3.38,6.77,11.6,8.97,4.46,11.39,11.13,15.86,6.57,5.68,6.44,15.96,4.01,11.44,17.18,7.34,3.01,,7.77,5.21,6.28,22.7,,9.15,18.85,,4.01,7.28,5.93,16.96,3.23,15.32,3.8,6.17,15.16,13.13,6.98,7.94,8.17,31.33,5.24,26.84,9.53,6.42,9.28,14.5,5.64,7.27,5.45,3.56,5.31,4.27,4.07,11.71,,3.94,4.36,16.85,6.78,6.78,5.95,9.76,2.32,,3.76,6.09,12.2,12.8,3.95,9.16,8.61,,9.98,7.77,,8.03,3.48,6.93,5.67,7.38,24.06,5.61,3.62,7.03,10.19,7.9,2.79,4.83,5.12,12.85,2.64,4.87,7.53,3.73,5.66,6.64,11.7,,,9.58,17.85,,2.33,5.1,2.0,8.19,6.6,2.74,,9.85,7.53,7.83,3.78,8.85,7.5,20.17,45.1,3.8,3.7,8.63,4.21,10.62,12.03,25.47,4.08,4.35,11.47,10.56,20.6,4.81,11.5,3.71,12.62,9.88,8.6,5.26,19.66,3.43,,7.2,3.2,8.44,15.6,5.56,12.33,16.66,7.29,6.72,9.84,7.39,,4.1,4.56,20.55,,3.98,5.61,3.5,12.24,2.69,8.74,11.93,4.11,4.31,25.05,100.7,5.85,11.25,8.86,3.75,10.79,24.43,3.37,7.94,,,4.53,11.12,3.76,9.35,11.63,9.14,13.15,11.98,8.73,7.34,6.57,12.93,,,6.5,,6.95,7.43,2.61,2.13,17.33,5.73,5.38,,11.64,10.96,1.82,30.16,,9.55,8.76,4.82,3.6,3.03,3.41,5.71,3.92,9.13,6.06,21.89,6.23,20.5,32.54,21.8,19.18,6.55,3.22,2.28,11.36,14.67,16.7,26.35,,11.13,74.5,3.46,17.18,3.21,2.4,5.8,11.81,3.44,9.96,4.81,29.14,,,10.76
2013-12-25,15.27,21.5,34.95,,10.15,10.77,13.43,17.47,,30.82,15.16,15.97,38.43,13.16,12.14,25.6,28.99,21.7,,48.82,29.29,,,,16.61,19.56,10.4,79.74,16.28,21.22,14.15,12.45,18.78,14.19,13.68,61.33,41.28,29.5,30.43,13.49,31.7,55.3,,17.05,21.13,27.27,28.32,73.81,62.5,2.17,3.07,6.07,3.43,3.99,7.14,5.49,12.29,17.34,18.21,7.76,28.36,8.4,,9.35,7.26,6.86,34.77,14.54,20.48,8.05,15.13,12.18,5.93,39.56,33.48,8.64,7.76,,19.18,,24.0,8.84,10.54,17.77,14.35,14.65,10.08,20.98,21.13,10.18,12.25,,6.4,14.89,16.75,10.03,6.69,27.19,10.06,15.78,,15.01,9.29,11.62,16.6,,16.39,14.33,5.96,,5.42,16.76,11.1,5.72,,7.06,10.15,25.65,11.38,9.13,10.51,30.29,,10.41,,24.92,20.58,14.36,16.53,17.96,11.28,12.79,48.88,10.0,12.03,10.51,28.32,18.97,7.07,36.9,8.84,13.7,12.21,14.12,12.39,17.3,15.85,25.32,17.41,14.42,8.96,18.58,11.22,14.69,9.5,16.38,40.03,,25.8,17.64,26.05,14.36,8.58,17.48,9.78,7.27,9.09,12.35,,,28.78,7.86,17.47,14.16,,15.76,13.48,,17.85,11.81,24.04,8.81,25.86,25.91,10.22,11.17,4.83,12.05,,11.18,,25.2,11.43,14.66,13.42,7.12,15.19,,,23.99,,10.54,34.5,8.85,6.06,,12.61,3.47,17.0,11.48,,7.34,21.97,34.5,,12.28,9.09,12.03,17.3,16.98,20.42,22.29,14.28,14.42,,9.32,27.17,16.14,10.99,9.19,27.75,12.57,,20.29,26.86,14.48,25.75,33.86,13.08,5.59,18.18,26.98,35.5,5.47,4.57,3.37,8.61,8.36,,13.31,11.88,10.19,5.16,16.17,7.93,8.41,7.46,,14.12,10.25,,6.26,8.76,14.75,5.89,16.58,12.29,9.4,5.26,4.81,6.24,11.59,8.96,6.25,4.15,7.97,3.94,9.9,7.8,17.27,,6.72,8.01,5.54,6.51,5.55,,,11.08,12.16,,14.29,7.73,8.19,,13.62,13.32,13.37,,17.24,4.07,7.04,6.91,11.18,23.94,6.36,5.18,6.2,13.57,10.21,19.78,11.28,6.69,14.6,12.63,5.48,6.71,12.19,,16.38,16.65,5.99,9.19,7.21,7.94,7.08,16.8,16.18,17.04,8.73,6.81,14.07,7.7,,9.25,12.06,16.94,8.02,9.36,,19.99,12.17,7.08,19.95,,6.72,6.68,9.78,16.15,1.67,4.78,10.43,5.7,16.94,30.69,51.42,16.86,67.1,31.48,16.75,27.7,31.25,10.6,20.67,,38.33,23.01,8.11,9.49,4.04,9.69,,5.86,15.03,7.06,9.83,9.04,5.27,13.87,13.1,8.08,3.76,7.05,8.32,53.49,19.78,7.24,6.42,31.2,5.65,3.28,12.14,,6.89,10.85,4.6,7.37,6.93,,13.06,35.44,7.35,3.79,6.84,7.2,50.89,10.76,6.86,11.61,4.09,14.3,11.59,8.32,10.98,52.7,20.94,6.05,,6.32,,18.6,9.18,12.35,13.65,11.16,,32.25,10.69,8.61,9.92,18.6,8.14,21.05,7.08,2.36,37.25,8.28,23.9,14.28,11.46,17.06,14.6,28.96,8.72,19.93,15.7,,9.77,13.19,7.04,34.44,8.29,12.33,13.14,10.03,23.66,12.06,17.21,56.47,29.74,14.74,16.52,10.25,16.47,11.44,11.65,10.11,19.01,23.8,13.85,11.02,,7.99,18.42,28.94,14.47,16.03,7.09,51.98,8.81,13.24,,37.6,70.2,8.58,27.75,14.84,26.8,12.05,16.24,37.79,18.73,44.25,17.69,38.6,,15.96,11.03,14.14,6.85,6.82,6.11,12.76,9.46,8.85,5.26,9.43,8.63,11.18,10.12,7.55,15.22,19.98,6.76,,,18.14,4.5,3.09,9.99,2.97,,6.01,4.84,3.31,9.42,17.56,8.41,5.78,16.84,7.18,6.05,5.68,5.19,3.85,11.35,5.63,14.75,4.57,13.61,12.31,28.09,5.76,2.45,2.08,2.47,12.51,7.38,,7.75,5.45,11.44,5.26,4.92,8.38,9.36,6.25,7.38,3.39,3.09,13.33,6.58,3.69,8.34,2.48,24.29,5.54,7.5,6.71,10.01,,10.73,9.42,4.0,7.13,5.31,5.86,2.9,7.86,7.15,7.69,14.3,39.86,8.03,10.39,19.98,6.83,5.33,7.6,9.26,8.18,7.5,8.0,5.88,4.82,5.76,5.14,9.81,3.41,2.08,6.8,4.12,8.6,12.95,4.44,6.97,6.58,7.86,10.07,10.45,,19.06,38.47,8.22,19.78,,7.25,4.62,7.39,5.71,15.5,3.55,8.1,7.78,8.6,14.6,8.74,4.75,9.3,8.02,12.62,7.01,10.16,11.14,,21.38,11.23,9.75,20.15,8.9,17.09,7.77,8.38,7.89,3.34,6.44,17.3,17.98,3.02,3.63,25.84,3.46,8.65,16.25,,3.22,3.89,4.11,66.96,6.55,5.08,5.52,,9.13,2.95,24.63,10.07,9.56,8.77,32.32,11.15,11.27,36.87,18.01,4.34,11.29,23.77,8.48,5.73,2.55,7.41,4.04,7.81,3.18,6.01,7.29,16.93,8.96,3.4,6.86,11.88,9.16,4.44,11.44,11.25,15.99,6.58,5.82,6.62,15.82,4.1,11.09,17.8,7.55,3.02,,7.76,5.23,6.29,22.23,,9.23,18.89,,4.06,7.42,5.98,16.95,3.25,15.33,3.81,6.17,15.47,13.49,6.84,8.18,8.24,31.17,5.34,26.9,9.62,6.62,9.38,14.52,5.61,7.31,5.54,3.58,5.33,4.3,4.05,11.73,,3.95,4.36,17.81,6.72,6.84,6.0,9.89,2.33,,3.75,6.08,12.22,12.74,3.98,9.15,8.63,,10.12,7.9,,8.24,3.49,6.96,5.6,7.63,21.65,5.69,3.64,7.27,10.24,7.97,2.81,4.9,5.19,12.9,2.64,4.89,7.61,3.72,5.7,6.65,11.67,,,9.55,17.81,,2.34,5.13,2.0,8.23,6.67,2.74,,9.5,7.72,7.91,3.85,8.92,7.59,20.3,45.8,3.81,3.71,8.71,4.21,10.6,12.4,25.48,4.07,4.54,11.47,10.8,20.16,4.84,11.89,3.69,12.94,10.06,8.54,5.38,20.27,3.46,,7.3,3.22,8.56,15.51,5.57,13.56,16.72,7.32,6.74,10.01,7.48,,4.12,4.67,20.77,,4.0,5.7,3.46,12.4,2.66,9.01,12.16,4.14,4.31,25.45,100.91,5.88,11.34,9.0,3.83,10.91,24.82,3.44,8.05,,,4.54,11.2,3.77,9.46,11.67,9.11,14.47,12.08,8.67,7.62,6.55,13.0,,,6.53,,7.03,7.51,2.65,2.13,17.71,5.68,5.49,,11.75,11.15,1.81,29.57,,9.58,8.78,4.82,3.62,3.02,3.41,5.76,3.98,9.16,6.07,22.16,6.29,21.08,32.75,21.93,19.64,6.52,3.27,2.33,11.59,14.85,16.76,27.04,,11.44,75.29,3.42,17.25,3.22,2.41,5.76,11.78,3.45,10.03,4.86,29.39,,,10.88
2013-12-26,15.35,21.05,35.8,,9.87,10.67,13.7,17.22,,30.1,14.64,15.48,38.01,13.18,11.85,25.67,28.58,19.68,,47.65,30.58,,,,16.02,19.5,10.11,78.1,16.01,21.3,13.5,12.25,18.37,13.71,13.3,61.18,41.65,28.5,30.59,13.08,30.9,52.6,49.48,16.69,20.55,26.8,29.3,73.6,61.39,2.15,3.0,6.19,3.35,3.91,7.15,5.37,12.19,17.34,18.0,7.57,28.12,8.25,,9.38,7.16,6.68,33.9,14.66,20.08,7.88,14.73,11.88,5.76,39.61,32.52,8.8,7.51,,19.3,,23.74,9.01,10.15,17.42,14.22,14.53,9.85,20.42,20.65,9.85,12.22,,6.31,14.55,16.19,9.9,6.88,26.03,9.77,15.16,,14.78,9.08,11.29,17.4,,18.03,13.88,5.99,,5.22,16.05,10.89,5.64,,7.07,10.0,26.26,11.35,9.0,10.21,29.8,,9.78,,23.25,20.16,14.1,17.08,17.53,10.88,12.4,48.02,9.68,11.75,10.34,27.58,19.05,6.85,36.02,8.9,13.27,11.95,14.05,12.0,16.8,15.56,24.95,17.01,14.07,8.98,17.9,10.74,14.28,9.62,16.05,38.9,,23.91,17.73,25.56,13.92,8.45,17.01,10.57,7.08,8.98,12.08,,,27.29,7.48,17.1,13.9,,16.65,13.13,,17.44,11.83,23.71,8.94,24.75,24.72,9.86,11.18,4.72,11.43,,11.2,7.53,26.9,11.32,14.24,13.15,7.08,16.52,,,24.66,39.8,10.25,34.0,8.63,6.03,,12.32,3.4,16.73,10.96,,7.19,22.08,34.88,,11.9,9.02,11.63,,17.0,20.46,21.91,14.0,14.1,,9.2,27.36,15.65,10.91,9.03,27.9,11.97,,20.02,26.79,14.53,25.45,31.05,12.79,5.42,17.55,27.55,35.08,5.36,4.5,3.28,8.41,8.3,,13.32,11.62,10.15,5.07,15.61,8.04,8.29,7.41,,13.67,9.91,,6.23,8.72,14.23,5.81,17.45,11.85,9.09,5.16,4.65,6.14,11.22,8.76,6.1,4.01,8.02,3.81,9.88,7.48,17.0,,6.68,8.02,5.22,6.47,5.39,,4.03,11.12,11.97,,14.26,7.25,8.04,,13.51,12.95,13.02,,16.93,3.97,6.81,6.64,10.99,23.65,6.34,5.22,6.01,12.97,9.86,18.76,12.41,6.66,14.3,12.49,5.32,6.55,11.66,,16.36,16.0,5.67,9.02,6.94,7.71,7.0,16.33,16.15,17.05,8.66,6.62,14.0,7.55,32.4,9.1,11.82,16.79,7.84,9.15,,19.66,12.02,6.99,20.58,,6.44,6.37,9.8,16.16,1.64,4.6,10.21,5.55,,32.18,48.77,16.7,66.25,30.0,16.15,27.15,31.26,10.28,20.14,,36.66,23.11,8.65,9.19,3.94,9.4,,5.59,14.87,6.93,9.91,8.82,5.21,13.74,12.75,7.92,3.67,7.06,8.09,50.6,19.88,7.14,6.0,30.58,5.49,3.2,11.56,,6.9,10.51,4.55,7.2,6.93,,12.95,35.18,7.13,3.64,6.36,7.1,49.08,10.79,6.7,11.3,3.98,14.29,12.1,8.09,10.86,51.55,19.98,5.8,,6.55,,18.06,9.0,12.6,13.25,11.13,,33.5,10.85,8.59,9.32,17.96,8.06,20.75,6.97,2.28,37.32,8.08,22.8,14.05,10.91,16.59,15.19,27.68,8.45,19.79,15.11,,9.6,12.0,6.88,35.08,8.31,12.43,12.96,9.95,21.8,11.41,16.97,50.82,31.0,14.58,16.45,10.12,15.81,11.39,10.83,,19.02,,13.78,10.77,,7.82,17.39,28.2,14.14,15.52,6.91,51.0,8.54,12.82,25.0,37.23,69.73,8.58,27.48,14.57,26.81,11.99,16.1,40.3,19.6,42.12,17.12,36.56,,16.21,10.94,13.63,6.9,6.24,5.98,12.42,9.46,8.6,5.07,9.5,8.29,11.06,9.66,7.27,15.13,19.89,6.61,,,17.63,4.35,3.04,9.61,2.86,,5.92,4.71,3.31,9.26,16.77,8.12,5.66,16.59,7.14,5.92,5.58,5.08,3.75,11.18,5.42,14.48,4.48,13.11,12.7,28.05,5.8,2.4,2.05,2.42,12.71,7.15,,7.27,5.32,10.89,5.1,4.74,8.05,8.98,6.12,7.23,3.33,3.02,12.92,6.2,3.66,8.37,2.42,23.7,5.46,7.17,6.53,9.85,,10.99,9.2,3.97,7.01,5.18,5.53,2.84,7.62,7.2,7.4,14.33,37.71,8.12,9.97,19.64,6.76,5.17,7.36,8.88,7.89,7.57,8.49,5.74,4.66,5.67,5.25,9.57,3.35,2.04,6.51,4.04,8.26,12.74,4.22,6.61,6.37,7.57,9.82,10.1,,19.38,38.05,7.9,18.46,6.08,7.12,4.5,7.17,5.78,15.7,3.45,8.01,7.59,8.3,14.04,8.32,4.56,9.54,7.86,12.04,6.9,10.13,10.64,,20.74,11.3,9.31,20.24,8.62,17.26,7.51,8.26,7.64,3.34,6.21,17.47,17.83,2.97,3.53,24.6,3.37,8.47,15.69,,3.32,3.81,4.04,67.14,6.36,4.98,5.65,,9.14,2.89,24.74,9.95,9.61,8.48,31.12,10.91,11.11,35.66,17.34,4.23,10.91,23.99,8.03,5.57,2.5,7.23,3.91,7.73,3.13,5.99,7.1,16.68,8.9,3.31,6.62,11.46,8.9,4.33,11.23,11.26,15.86,6.24,5.66,6.62,15.71,4.09,11.08,17.02,7.59,2.95,8.01,7.61,5.21,6.33,21.21,,9.65,18.87,,3.91,7.17,5.93,16.89,3.24,16.36,3.72,5.92,15.16,12.96,6.6,7.81,8.08,30.4,5.05,26.51,9.61,6.61,9.08,14.79,5.32,7.15,5.4,3.46,5.2,4.11,3.99,11.55,,3.82,4.26,17.97,6.38,6.7,5.9,9.49,2.26,,3.68,6.1,12.08,12.51,3.9,8.73,8.36,,9.99,7.62,,8.06,3.45,6.77,5.42,7.41,22.05,5.55,3.57,6.89,10.05,7.7,2.76,4.76,4.99,13.11,2.53,4.85,7.25,3.67,5.58,6.33,11.36,,,9.16,17.22,,2.38,5.1,1.99,8.08,6.39,2.69,,9.02,7.59,7.8,3.71,8.93,7.38,19.95,45.41,3.66,3.61,8.49,4.07,10.26,12.28,25.61,4.06,4.62,11.33,10.66,19.76,4.62,11.42,3.72,13.84,9.64,8.18,5.33,20.1,3.29,,7.07,3.17,8.35,15.16,5.38,13.65,16.93,7.15,6.5,9.8,7.3,,4.02,4.59,20.36,5.18,3.98,5.63,3.32,12.03,2.53,8.78,11.8,4.08,4.24,25.85,100.62,5.75,10.96,8.76,3.77,10.91,25.31,,7.98,7.66,,4.47,11.36,3.65,9.26,11.1,8.91,13.82,11.7,8.16,7.64,6.44,13.01,,,6.59,3.75,6.96,7.4,2.6,2.08,16.82,5.42,,,11.06,10.78,1.81,29.05,,9.26,8.51,4.65,3.54,3.0,3.48,5.74,3.81,9.0,6.0,21.85,6.27,21.05,31.64,21.87,19.48,6.38,3.2,2.28,11.3,14.31,16.36,26.15,,11.1,75.0,3.33,,3.17,2.36,5.62,11.47,3.35,9.92,4.84,29.31,4.04,,10.6
2013-12-27,15.74,21.9,39.38,14.85,10.19,11.16,13.99,17.39,,30.45,14.94,17.03,37.85,13.34,12.23,25.8,28.6,20.0,,48.2,31.05,,,,16.42,19.91,10.64,81.44,16.19,22.05,13.76,12.74,18.82,13.98,13.8,61.46,41.93,27.85,31.44,13.82,31.2,53.06,49.43,17.32,21.11,27.0,29.53,75.7,62.97,2.18,3.04,,3.38,3.96,7.16,5.47,12.3,17.24,18.39,7.63,27.62,8.42,21.89,9.49,7.25,6.93,33.85,14.63,20.25,8.03,14.95,12.16,5.83,40.21,33.31,8.82,7.64,,19.33,,24.26,9.16,10.33,18.08,14.65,14.7,10.14,20.48,20.05,10.25,12.08,,6.53,15.13,16.55,10.26,6.97,26.21,9.93,15.38,,14.8,9.11,11.64,17.43,,18.2,14.23,6.1,,5.34,16.6,11.36,5.73,,7.15,10.16,26.64,12.4,9.14,10.3,30.36,,10.17,,23.2,20.35,14.41,16.68,18.13,10.93,12.6,49.58,9.78,11.88,10.71,28.22,19.56,7.16,36.78,9.34,13.98,12.23,14.29,12.0,17.06,15.63,26.29,17.16,14.38,9.15,18.64,11.09,14.53,9.79,16.5,39.76,,24.65,18.02,26.45,14.05,8.74,17.3,11.03,7.27,9.15,12.65,,,27.41,7.74,17.56,15.29,,16.87,13.13,,17.64,12.04,24.31,9.04,25.01,25.18,10.54,12.3,4.88,11.7,,11.48,7.97,27.08,11.78,14.49,13.41,7.24,16.64,,,26.05,40.01,10.8,34.98,8.68,6.36,,12.66,3.48,17.23,11.05,,7.4,23.2,36.45,,12.15,9.3,11.99,,17.04,21.85,22.15,14.8,14.27,,9.57,27.48,16.03,11.21,9.27,28.25,12.03,,20.32,27.08,14.51,26.45,31.79,13.26,5.48,18.77,28.03,38.59,5.43,4.57,3.35,8.48,8.47,14.94,13.45,12.11,10.18,5.16,15.61,8.14,8.52,7.68,,14.15,10.09,,6.24,8.75,14.54,5.82,17.11,12.06,9.17,5.28,4.71,6.14,11.93,8.98,6.16,4.11,8.04,3.94,9.77,7.53,17.35,,6.73,8.09,5.32,6.54,5.71,,4.12,11.17,12.22,,14.71,7.42,8.13,,13.9,13.33,13.8,,16.91,4.03,,6.78,11.17,23.68,6.5,5.2,6.14,13.1,10.19,19.05,13.65,6.64,14.66,12.55,5.37,6.52,11.9,,16.35,16.46,5.68,9.41,7.09,7.86,7.7,15.81,16.36,17.04,8.77,6.69,14.18,7.77,32.86,9.56,12.12,16.77,7.97,9.45,,20.14,12.32,7.08,20.72,,6.57,6.45,10.2,16.94,1.65,4.84,10.36,5.78,18.63,33.54,49.21,16.87,67.75,29.89,16.03,27.93,32.1,11.09,20.87,,37.56,23.3,8.52,9.35,3.99,9.55,,6.15,15.11,7.06,10.05,8.97,5.28,13.7,13.2,8.12,3.74,7.15,8.28,51.6,20.29,7.29,6.0,32.09,5.66,3.19,11.65,,7.14,10.77,4.61,7.36,7.23,,13.93,36.26,7.59,3.69,6.29,7.19,48.68,10.98,6.79,11.39,4.05,14.39,12.38,8.07,10.88,48.58,20.26,5.9,,7.21,,18.55,9.1,12.5,13.48,11.25,,33.98,10.87,8.8,9.39,18.1,8.06,21.17,7.07,2.32,38.36,8.1,23.0,14.62,11.18,17.22,15.3,28.01,8.61,20.15,16.03,,9.8,12.23,7.1,35.85,8.44,12.57,13.7,10.45,22.43,11.8,17.51,51.91,31.19,15.22,16.78,10.67,16.2,11.8,11.11,,19.35,,14.52,11.05,,8.0,17.76,28.64,15.55,16.16,7.2,51.61,8.71,13.69,24.3,37.08,70.05,8.92,28.15,15.54,25.98,12.7,16.63,40.07,20.88,44.73,17.52,36.81,,16.7,11.13,13.9,6.89,6.28,6.05,12.6,9.36,8.84,5.15,9.53,8.37,11.21,10.0,7.47,15.52,19.89,6.7,,7.43,17.96,4.5,3.08,9.78,2.87,,6.12,4.75,3.35,9.6,17.13,8.24,5.72,17.16,7.27,5.98,5.65,5.08,3.77,11.39,5.66,14.55,4.57,13.24,12.5,28.39,5.81,2.43,2.07,2.45,13.01,7.16,,7.36,5.38,11.14,5.12,4.8,8.2,9.07,6.39,7.2,3.38,3.05,13.18,6.27,3.68,8.5,2.47,24.58,5.68,7.33,6.57,9.95,,10.87,9.46,4.05,7.1,5.26,5.59,2.87,7.75,7.24,7.45,14.47,38.08,8.04,10.62,20.28,6.87,,7.52,8.89,8.41,7.77,8.33,5.77,4.7,5.75,5.13,9.8,3.4,2.07,7.16,4.11,8.4,12.94,4.29,6.65,6.55,7.66,10.1,10.32,,19.55,38.05,8.02,18.71,5.86,7.28,4.75,7.72,5.9,15.65,3.52,8.12,7.65,8.42,14.33,8.41,4.63,9.55,8.02,12.2,6.93,10.15,11.38,,21.33,11.63,9.42,20.39,8.66,17.72,7.64,8.33,7.74,3.38,6.26,17.61,18.04,3.0,3.59,24.7,3.4,8.46,16.37,,3.35,3.85,4.09,67.92,6.49,5.01,5.71,,9.32,2.92,25.06,10.35,9.72,8.55,31.46,10.98,11.31,35.76,17.92,4.28,11.13,24.18,7.99,5.63,2.49,7.31,4.01,7.81,3.23,6.19,7.03,16.86,9.14,3.49,6.72,11.74,9.04,4.39,11.23,11.26,17.04,6.29,5.72,6.58,15.63,4.19,11.2,17.15,7.59,2.98,7.96,7.81,5.23,6.46,21.78,,9.85,18.99,,3.98,7.29,5.97,17.28,3.29,16.57,3.76,6.17,15.46,13.27,6.68,8.59,8.23,31.02,5.06,26.48,9.73,6.56,9.23,15.07,5.35,7.25,5.49,3.53,5.23,4.2,4.04,12.25,,3.92,4.26,17.82,6.44,6.79,5.94,10.08,2.29,,3.69,6.08,12.32,12.58,3.95,8.83,8.46,,10.32,7.49,,8.18,3.58,6.95,5.44,7.63,21.51,5.56,3.6,6.84,10.12,7.82,2.8,4.79,5.09,13.3,2.56,4.87,7.65,3.91,5.64,6.42,11.55,,,9.28,17.43,,2.39,5.15,2.0,7.83,6.4,2.73,9.21,8.97,7.59,8.03,3.72,9.38,7.53,20.37,45.1,3.72,3.66,8.56,4.12,10.35,12.46,25.73,4.05,4.59,11.4,11.4,20.04,4.69,11.64,3.8,13.84,9.92,8.42,5.48,20.6,3.3,,7.17,3.2,8.44,15.29,5.43,13.19,17.27,7.86,6.72,9.97,7.34,6.09,4.07,4.6,20.69,5.17,3.99,5.7,3.34,12.23,,9.0,12.03,4.13,4.28,26.1,102.16,5.77,11.1,8.9,3.9,11.17,26.2,,7.99,7.8,,4.53,11.25,3.7,9.59,11.23,9.05,13.88,11.82,8.25,7.7,6.59,13.06,,,6.66,3.6,7.05,7.51,2.62,2.12,17.1,5.53,5.46,,11.17,10.97,1.82,29.0,,9.22,8.73,4.72,3.6,3.02,3.55,5.75,3.86,9.07,6.03,22.03,6.37,21.26,32.15,24.06,20.15,6.55,3.25,2.33,11.91,14.6,16.63,26.3,,11.22,75.38,3.38,,3.2,2.41,5.89,11.79,3.38,10.03,4.89,30.15,4.09,5.63,11.5
2013-12-30,16.7,22.36,38.75,15.68,10.37,11.22,13.99,18.0,,30.33,15.06,16.95,36.85,13.2,12.43,25.8,28.46,21.76,,50.46,32.0,,,21.58,17.18,19.0,10.61,81.29,16.84,21.7,14.95,12.89,19.2,14.36,14.37,60.99,41.3,27.11,31.74,14.0,30.99,54.81,49.55,17.95,21.32,27.4,28.62,76.15,63.0,2.18,3.04,,3.41,3.95,7.34,5.65,12.2,16.82,18.48,7.72,27.15,8.84,20.69,9.16,7.45,6.87,34.75,14.6,20.4,8.04,15.23,12.35,5.85,39.44,33.0,8.76,7.65,,19.3,,23.98,9.27,10.26,18.19,14.57,14.97,9.6,20.96,20.02,10.33,12.4,,6.59,15.17,17.0,10.24,7.03,26.43,10.03,15.32,,15.13,8.89,12.01,19.17,,18.08,14.58,6.14,,5.46,16.95,11.69,5.84,,7.21,10.32,25.99,12.32,9.31,10.7,30.62,,10.35,,23.53,19.41,14.65,17.44,18.2,11.02,12.73,50.3,9.86,11.9,10.77,28.75,20.18,7.17,36.26,9.42,14.01,12.48,14.29,12.35,16.9,15.94,26.0,17.5,14.64,9.17,19.2,11.36,14.69,9.71,16.72,39.95,,24.72,17.9,26.51,14.14,8.83,17.32,10.85,7.35,9.21,12.87,,,27.98,7.77,17.71,15.12,,16.4,12.86,,18.1,12.2,24.93,9.03,,25.67,10.75,12.88,4.94,11.75,,11.54,8.05,26.92,11.83,14.7,13.43,7.63,18.3,,,25.8,39.66,11.07,34.75,8.69,6.39,,12.81,3.61,17.3,10.74,,7.53,24.59,36.4,17.72,12.35,9.28,12.1,,17.1,22.8,22.54,14.61,13.94,,9.88,27.58,16.53,11.47,9.07,29.09,12.3,,20.85,27.57,14.72,27.5,30.25,13.5,5.64,18.95,28.21,39.67,5.48,4.53,3.32,8.49,8.39,14.42,13.58,12.63,10.14,5.23,15.99,7.93,8.59,8.06,,14.46,10.04,13.03,6.55,8.81,14.54,5.55,18.82,12.14,9.05,5.27,4.8,6.38,11.72,8.95,6.45,4.26,8.02,3.93,9.83,7.48,18.1,,7.01,8.31,5.43,6.65,5.8,,4.15,11.48,12.46,,14.7,7.28,8.11,,14.02,13.27,13.82,,16.48,4.03,7.06,6.77,11.26,24.92,6.62,5.06,6.24,13.12,10.7,19.6,15.02,6.66,14.71,12.4,5.36,6.59,12.0,,16.16,16.79,5.72,9.4,7.26,8.14,7.88,16.66,16.27,17.59,8.82,6.76,14.38,7.89,32.84,9.61,12.22,16.57,8.04,9.44,,20.3,12.52,7.14,20.88,,6.58,6.45,10.24,16.76,1.65,4.77,10.29,6.04,20.49,32.9,50.0,17.55,68.77,29.7,16.4,27.66,31.3,11.11,21.12,15.81,38.17,23.6,8.42,9.4,4.0,9.6,,6.05,15.01,7.09,9.9,9.15,5.28,13.78,13.18,8.13,3.76,7.08,8.43,51.08,20.18,7.28,6.1,33.39,5.66,3.1,11.61,,7.3,10.67,4.61,7.47,7.23,,14.34,35.6,7.85,3.74,6.49,7.14,49.9,10.96,6.87,11.2,4.05,14.33,12.94,8.51,10.75,46.75,20.4,6.08,,7.93,,18.63,9.14,13.0,13.73,11.25,,33.3,11.32,8.67,9.54,18.8,8.39,21.31,7.17,2.33,38.45,8.39,22.91,14.57,11.17,17.14,15.4,28.34,8.65,20.31,15.94,,10.37,12.57,7.22,36.49,8.58,12.83,13.52,10.72,22.83,12.4,17.31,49.21,31.1,15.32,17.18,10.3,16.28,12.01,11.6,,19.55,,14.69,11.22,,7.87,17.88,28.69,15.46,15.79,7.38,50.3,9.58,13.87,23.98,39.0,70.28,9.04,27.56,15.72,27.91,13.22,17.55,40.0,20.86,40.26,17.7,37.17,58.24,17.0,11.13,14.2,6.8,6.25,6.15,12.42,9.39,8.84,5.17,9.6,8.54,11.14,9.76,7.42,15.98,19.92,6.79,,7.46,18.14,4.47,3.16,9.79,2.84,,6.06,4.79,3.36,9.5,17.1,8.21,6.18,17.38,7.3,6.03,5.71,5.03,3.75,11.38,5.55,15.35,4.68,12.81,12.57,28.38,5.73,2.45,2.06,2.42,13.08,7.09,4.04,7.19,5.36,11.07,5.04,4.87,8.14,9.15,6.5,7.12,3.35,3.04,12.6,6.22,3.7,8.47,2.46,23.96,5.58,7.25,6.62,10.08,,11.13,9.33,3.97,7.26,5.34,5.58,2.87,7.84,7.17,7.47,14.4,38.14,7.79,10.37,20.6,7.01,,7.53,8.97,8.35,7.73,8.46,5.78,4.68,5.76,5.11,9.75,3.43,2.06,7.09,4.06,8.82,13.0,4.31,6.77,6.68,7.66,10.19,10.3,,19.46,38.8,8.09,18.33,5.58,7.31,4.68,7.72,5.81,16.16,3.5,8.12,,8.77,14.76,8.43,4.66,9.51,8.11,12.2,7.03,10.2,11.39,,21.47,11.46,9.31,20.35,8.49,17.81,7.64,8.69,7.83,3.35,6.37,17.01,18.35,2.94,3.6,24.55,3.4,8.46,16.32,,3.31,3.82,4.09,69.25,6.59,5.02,5.66,,8.96,2.91,24.76,10.41,9.73,8.74,31.46,10.89,11.24,37.3,18.13,4.29,11.16,24.51,8.31,5.63,2.49,7.31,4.07,7.7,3.22,6.21,6.92,16.87,9.56,3.49,6.79,11.77,9.13,4.37,11.4,11.24,16.82,6.23,5.71,6.32,15.33,4.52,11.19,16.75,7.97,3.01,7.82,7.78,5.22,6.45,21.67,,9.63,19.5,,4.05,7.38,5.96,17.53,3.31,17.06,3.76,6.3,15.97,13.24,6.74,8.27,8.24,31.46,5.2,26.09,9.52,6.53,9.29,14.75,5.43,7.28,5.59,3.51,5.44,4.22,4.04,12.04,,3.93,4.29,17.23,6.37,6.85,5.87,10.26,2.3,6.92,3.73,6.01,12.34,12.52,3.99,8.77,8.53,5.6,10.48,7.38,,8.32,3.68,7.12,5.32,7.63,21.0,5.52,3.69,7.32,10.07,7.86,2.79,4.7,5.09,13.19,2.55,4.96,7.6,3.77,5.68,6.43,11.45,,4.92,9.5,17.43,,2.44,5.19,1.99,7.83,6.29,2.72,9.21,9.02,7.72,7.86,3.8,9.49,7.53,20.2,45.4,3.75,3.67,8.65,4.15,10.3,12.34,25.63,4.1,4.47,11.37,11.42,19.72,4.75,11.7,3.77,13.4,10.06,8.44,5.48,20.42,3.21,,7.27,3.21,8.49,15.61,5.44,12.75,17.31,7.74,6.98,10.02,7.39,6.2,4.03,4.6,20.9,5.31,3.99,5.81,3.3,12.18,,9.09,12.03,4.14,4.27,25.88,99.2,5.74,11.15,9.03,4.0,11.34,25.88,,8.05,7.76,,4.57,11.38,3.72,9.53,11.25,9.65,14.1,11.95,8.17,8.03,6.9,12.89,,6.0,6.62,3.49,7.15,7.69,2.6,2.13,17.7,5.52,5.47,,11.16,10.92,1.82,30.51,,9.05,8.66,4.67,3.64,3.0,3.5,5.74,3.96,9.11,6.06,22.02,6.25,20.89,32.41,23.48,20.5,6.51,3.27,2.32,11.92,14.76,16.7,27.86,,11.3,78.0,3.38,,3.19,2.39,5.89,12.04,3.35,9.95,5.04,30.5,4.06,5.38,11.6
2013-12-31,16.01,21.7,37.01,14.99,10.28,11.14,14.04,18.02,,29.5,14.99,16.93,36.9,13.23,12.41,25.91,28.6,22.0,,49.4,32.38,,,20.97,16.73,19.56,10.27,77.66,16.33,21.98,14.81,12.3,19.23,14.0,14.28,60.52,41.63,27.11,30.15,14.06,30.3,51.9,49.42,17.76,20.6,27.06,29.0,71.56,63.6,2.2,3.04,,3.44,3.96,7.32,5.6,12.26,16.5,17.88,7.89,27.59,8.89,20.3,8.99,7.45,6.88,36.12,14.61,20.66,8.15,15.22,12.62,5.82,42.1,31.9,8.63,7.58,,19.28,,24.3,9.3,10.39,18.2,14.66,15.05,9.61,21.3,21.0,10.34,12.8,,6.59,14.99,17.05,10.16,7.73,26.16,9.99,14.66,,15.21,9.02,11.84,19.12,,16.66,14.4,6.32,,5.5,16.25,11.44,5.85,,7.1,10.5,27.36,12.73,9.43,10.61,30.7,,10.21,,22.62,19.63,14.59,16.65,18.24,10.81,12.7,50.68,10.0,11.82,10.7,27.98,19.83,7.19,36.99,9.62,13.76,12.38,13.98,12.31,16.5,15.42,25.82,17.38,14.55,9.08,19.02,11.24,14.53,9.46,16.96,40.49,,23.96,18.2,26.18,14.29,8.67,16.9,10.61,7.35,9.02,12.74,36.2,,27.82,7.56,17.61,15.22,,15.92,13.06,,17.83,11.98,25.0,8.76,,24.77,10.47,14.17,4.85,11.55,,11.44,7.91,25.45,11.62,14.65,13.7,7.7,16.49,12.29,,25.26,40.8,10.76,34.69,8.66,6.38,,12.82,3.62,17.15,10.75,,7.43,25.26,37.65,16.98,12.27,9.28,11.91,,17.15,21.43,23.45,14.39,13.72,,9.68,27.98,16.51,11.15,8.91,28.85,11.82,,20.54,27.25,14.7,27.44,29.77,12.94,5.6,18.14,28.22,37.0,5.43,4.6,3.34,8.59,8.35,14.74,13.66,12.55,10.15,5.26,15.63,7.92,8.67,7.83,,15.11,10.05,12.68,6.41,8.84,14.59,5.48,20.7,12.33,9.09,5.3,4.89,6.31,11.55,9.15,6.37,4.22,8.02,3.96,9.8,7.58,18.58,,7.15,8.3,5.45,6.66,5.75,,4.22,11.39,12.38,,14.48,7.29,8.28,,14.55,12.32,13.82,,16.67,4.06,7.11,6.79,11.34,24.62,6.55,5.0,6.41,13.21,10.61,19.9,14.35,6.63,14.66,12.36,5.36,6.62,11.86,,16.3,16.54,5.74,9.53,7.23,8.06,7.61,16.7,16.03,17.69,8.83,6.83,14.08,7.92,32.51,9.59,12.22,16.57,7.96,9.36,,20.78,12.57,7.21,21.5,,6.56,6.44,10.03,17.8,1.67,4.87,10.24,6.16,19.86,31.72,48.13,17.35,68.86,28.68,16.52,26.71,30.42,11.35,20.71,16.9,36.87,22.99,8.52,9.55,4.01,10.0,,6.0,15.17,7.08,9.93,9.15,5.27,14.11,13.15,8.09,3.8,7.03,8.44,49.38,20.4,7.36,6.04,33.8,5.6,3.09,11.62,,7.27,10.48,4.61,7.5,7.24,,14.14,34.57,7.78,3.76,6.38,7.24,49.7,11.15,6.87,11.47,4.08,14.17,12.56,8.5,10.47,47.5,19.74,6.1,,8.33,,18.57,9.16,12.27,13.62,11.28,,32.56,11.08,8.64,9.56,18.45,8.2,20.78,7.17,2.33,37.8,7.9,22.96,14.29,11.12,16.8,15.46,27.62,8.75,20.07,15.99,17.43,10.23,12.22,7.19,35.8,8.24,12.62,13.33,10.73,22.22,12.26,17.24,48.93,31.28,15.2,16.75,10.21,16.15,11.66,11.17,,19.7,,14.17,11.06,37.5,7.83,17.42,28.0,14.97,15.5,7.31,51.27,9.01,13.55,25.6,38.99,72.89,9.05,27.19,15.25,27.0,12.71,17.2,39.78,21.2,38.91,17.26,36.58,58.67,15.41,11.26,14.06,6.82,6.29,6.21,12.54,9.3,8.98,5.31,9.77,8.6,11.32,10.24,7.43,15.79,20.94,6.97,,7.56,18.16,4.49,3.16,9.92,2.83,11.37,6.24,4.78,3.32,9.36,16.98,8.24,6.09,17.25,7.38,6.1,5.73,4.93,3.81,11.4,5.52,15.03,4.64,12.81,12.62,28.22,5.78,2.48,2.08,2.44,12.7,7.21,4.09,7.43,5.39,11.66,5.01,4.92,8.16,9.19,6.68,6.82,3.37,3.07,12.93,6.25,3.7,8.29,2.47,24.88,5.61,7.25,6.61,10.15,10.66,10.92,9.36,4.06,7.3,5.37,5.58,2.92,7.87,7.1,7.48,14.42,38.85,7.62,10.19,20.17,6.84,,7.56,8.96,8.6,7.73,8.9,5.82,4.73,5.79,5.09,9.98,3.51,2.06,7.03,4.07,8.69,12.99,4.34,6.74,6.67,7.67,10.4,10.36,,20.16,39.13,8.19,19.66,5.51,7.34,4.77,7.84,5.83,16.29,3.51,8.16,7.73,8.95,15.45,8.42,4.69,9.58,8.1,12.23,7.0,10.24,11.41,,21.13,11.76,9.37,20.09,8.32,18.87,7.66,8.85,7.89,3.35,6.37,16.31,18.84,2.97,3.58,25.97,3.41,8.5,15.88,,3.24,3.85,4.13,69.91,6.69,5.03,5.65,,9.51,2.93,24.77,10.43,9.8,9.35,30.37,10.73,11.38,36.97,17.85,4.3,11.35,23.96,8.33,5.71,2.49,7.3,,7.76,3.23,6.13,6.94,16.99,9.54,3.44,6.91,11.55,9.19,4.28,11.36,11.36,16.91,6.2,5.8,6.06,15.41,4.35,11.35,16.98,8.24,3.05,7.94,7.87,5.21,6.52,21.78,,9.49,19.69,,4.04,7.52,6.0,17.54,3.32,16.24,3.79,6.2,16.02,13.14,6.74,7.97,8.16,32.02,5.32,25.85,9.54,6.6,9.27,14.8,5.47,7.61,5.58,3.52,5.47,4.64,4.09,12.23,,3.94,4.37,17.4,6.42,6.93,5.89,10.17,2.31,7.08,3.74,6.09,12.82,12.55,4.02,8.83,8.61,5.64,10.54,7.38,,8.56,3.67,7.15,5.39,7.65,21.26,5.55,3.66,7.02,10.17,8.03,2.81,4.75,5.16,13.1,2.58,4.94,7.49,3.79,5.67,6.6,11.39,8.14,4.9,9.54,17.74,,2.42,5.21,2.0,7.41,6.15,2.74,9.45,9.0,7.67,8.03,3.86,9.57,7.59,20.78,46.3,3.75,3.71,8.67,4.21,10.66,12.5,25.6,4.17,4.49,11.11,11.29,19.6,4.86,11.85,3.79,13.41,10.18,8.47,5.43,20.56,3.17,,7.25,3.22,8.48,15.72,5.46,12.89,16.93,7.91,6.82,10.08,7.49,6.15,4.04,4.58,20.9,5.33,3.99,5.91,3.3,12.55,,9.22,12.07,4.16,4.28,26.99,101.99,5.8,11.12,9.36,3.99,11.45,25.44,,8.03,7.96,,4.55,11.18,3.83,9.55,11.26,9.77,13.98,12.52,8.21,8.12,6.76,12.89,,5.83,6.59,3.48,7.14,7.72,2.62,2.14,17.5,5.58,5.59,,11.51,10.95,1.82,30.9,,9.29,9.53,4.73,3.62,3.01,3.42,5.78,3.93,9.12,6.01,22.95,6.32,20.88,32.66,24.19,20.7,6.4,3.3,2.33,12.1,14.87,16.73,27.55,,11.3,79.37,3.4,,3.21,2.42,5.97,12.09,3.4,10.02,5.03,30.25,4.09,5.32,11.25
