date,300750,300502,601318,601899,600519,600036,000333,688256,603259,600900,002371,688012,002475,601166,600030,603986,688981,601398,601138,002384,300059,002594,688008,688041,600183,000725,600276,601211,601288,600919,000651,300394,002463,601328,600887,603993,600150,300476,300408,601857,601816,000338,600309,000858,688072,300274,601088,600000,603019,600031,300124,002415,000001,002714,601688,000063,601601,601225,600584,601919,000100,600176,000988,300308,600111,601728,301308,300760,600089,600522,601229,601988,601939,600660,600406,000792,600941,601668,002916,000938,002142,000977,688521,600926,600016,002028,600938,002602,300014,002050,600028,002353,601169,600690,002230,601600,300433,300498,601766,002352,600489,601012,601985,603501,601009,300033,002938,600547,600050,000425,000776,002460,601872,000408,002241,603799,600999,000657,600549,601658,688111,600809,601006,000568,000807,603288,601100,601818,600160,600989,300442,600905,000630,002837,600760,601628,688271,002709,601825,002466,601888,600893,600010,600362,002202,600019,002027,601336,002625,300661
2024-01-02,156.83,47.97,39.47,12.49,1685.01,27.58,54.56,134.9,70.5,23.68,240.3,146.05,33.98,14.83,20.07,89.98,52.96,4.79,14.2,17.71,13.8,192.6,57.62,72.36,17.89,3.87,44.47,14.87,3.66,6.69,32.03,90.0,22.02,5.78,26.27,5.29,29.8,18.23,29.36,7.14,4.89,13.88,75.67,136.0,221.92,85.4,32.38,6.6,39.11,13.76,62.25,33.77,9.21,41.5,13.73,25.6,23.82,21.35,29.53,9.85,4.27,9.78,29.53,110.61,19.25,5.37,85.32,293.47,13.87,12.4,6.0,4.01,6.55,37.68,22.1,15.74,98.73,4.74,70.3,18.84,19.72,32.58,47.78,9.85,3.76,52.65,20.92,5.11,40.85,28.36,5.62,28.45,4.55,20.79,45.1,5.65,13.06,20.23,5.25,39.2,10.13,22.2,7.68,103.0,7.44,154.7,22.17,22.99,4.29,5.61,14.2,41.67,6.05,25.95,20.75,32.08,13.56,,17.24,4.32,303.43,221.79,7.28,172.87,12.34,37.22,55.23,2.9,16.2,14.83,24.54,4.37,3.31,27.6,42.34,27.99,139.65,24.22,5.77,55.42,80.6,37.14,1.45,18.08,7.92,6.01,6.14,31.2,14.73,86.22
2024-01-03,155.8,46.52,39.4,12.53,1694.0,27.77,54.45,127.96,70.1,23.76,240.48,145.44,32.67,14.68,20.18,86.06,52.48,4.84,13.88,16.93,13.71,193.17,56.56,72.67,17.52,3.85,44.23,14.96,3.72,6.71,31.8,88.16,21.6,5.85,26.06,5.25,30.25,17.63,28.46,7.28,4.89,14.01,75.55,134.88,220.2,85.17,32.98,6.64,38.42,13.63,61.05,33.06,9.2,41.07,13.9,25.33,24.14,21.5,27.98,9.91,4.26,9.75,29.05,104.99,19.18,5.39,83.02,289.8,14.03,12.3,6.03,4.05,6.62,38.01,22.4,15.76,97.9,4.78,68.68,18.53,19.5,31.81,46.53,9.82,3.76,52.73,21.09,5.2,40.92,26.62,5.71,28.45,4.58,20.76,43.28,5.63,12.86,19.96,5.27,38.79,10.1,22.39,7.95,98.93,7.46,154.4,21.8,22.85,4.32,5.64,14.17,41.76,6.32,26.17,20.05,32.2,13.6,,17.29,4.36,267.0,221.07,7.32,170.6,11.98,37.05,55.93,2.93,16.25,14.99,24.47,4.42,3.26,27.09,42.0,28.11,142.93,24.35,5.83,55.32,80.43,36.86,1.46,18.07,7.92,6.14,6.22,31.52,14.61,82.0
2024-01-04,151.2,47.58,38.9,12.51,1669.0,27.81,55.25,127.6,69.16,23.8,236.25,144.9,32.5,14.62,20.0,81.3,51.88,4.89,13.47,16.6,13.46,193.02,55.89,74.9,17.25,3.8,43.79,14.89,3.77,6.71,31.95,87.3,21.47,5.9,25.97,5.2,29.8,17.43,28.43,7.43,4.81,14.12,75.16,132.32,219.5,82.66,33.43,6.62,38.94,13.49,60.45,32.58,9.11,40.96,13.84,24.94,24.18,22.03,27.08,10.07,4.18,9.58,29.18,104.0,18.76,5.34,82.3,285.81,13.98,12.11,6.06,4.14,6.67,38.1,22.38,15.51,99.19,4.74,67.0,18.22,19.08,31.17,45.7,9.76,3.76,52.8,21.33,5.12,39.6,27.05,5.69,28.7,4.61,20.8,41.7,5.6,12.64,19.8,5.24,38.25,10.07,21.98,7.97,98.17,7.46,152.8,21.25,22.9,4.28,5.56,14.1,40.72,6.46,26.95,19.67,31.26,13.48,,17.15,4.39,271.75,217.5,7.38,165.0,11.79,35.81,54.16,2.94,16.39,14.73,24.18,4.38,3.27,26.67,41.28,26.85,145.81,23.66,5.87,53.66,78.6,36.43,1.44,18.13,7.79,6.15,6.16,30.95,14.37,78.07
2024-01-05,150.9,44.72,38.97,12.47,1663.36,28.29,55.6,125.1,68.11,23.74,234.13,144.2,32.5,14.81,19.79,79.7,50.58,4.87,13.3,16.32,13.28,192.68,55.66,71.73,16.98,3.79,41.95,14.89,3.73,6.81,32.98,84.25,20.55,5.91,26.12,5.27,29.52,16.89,28.22,7.49,4.76,14.15,75.2,131.24,216.5,80.15,33.45,6.68,37.23,13.41,60.0,32.43,9.27,40.44,13.82,24.55,24.23,22.12,26.73,10.01,4.23,9.46,27.92,100.03,18.47,5.34,81.97,283.69,13.92,11.73,6.1,4.12,6.65,38.31,22.19,15.41,98.25,4.77,66.56,17.69,19.5,30.16,45.16,10.12,3.81,52.91,21.18,5.02,39.49,27.0,5.62,29.14,4.65,21.41,40.94,5.56,12.43,19.83,5.21,38.24,9.92,21.58,7.93,97.66,7.53,148.9,20.7,22.85,4.25,5.52,14.11,41.98,6.46,26.69,19.78,30.73,13.47,,16.95,4.46,269.95,215.22,7.37,163.1,11.83,34.95,53.91,2.98,16.7,14.6,23.7,4.35,3.25,25.81,40.0,26.8,139.73,22.94,5.97,54.0,77.02,35.13,1.43,17.97,7.67,6.18,6.19,30.88,14.02,78.36
2024-01-08,150.0,43.96,38.45,12.3,1643.99,28.13,55.0,122.09,67.46,23.6,226.18,137.73,31.33,14.7,19.42,77.61,49.5,4.88,13.08,15.73,13.07,189.4,54.6,68.41,16.54,3.88,41.11,14.68,3.72,6.81,32.9,83.77,19.96,5.89,26.15,5.32,29.45,16.53,26.49,7.47,4.67,13.98,73.63,128.1,206.6,80.35,33.65,6.59,35.8,13.25,58.8,31.68,9.15,39.07,13.52,23.4,23.9,22.25,25.91,9.96,4.29,9.3,27.41,98.8,18.09,5.35,79.15,279.1,13.95,11.53,6.07,4.1,6.66,38.64,21.92,15.08,98.39,4.72,64.72,17.08,19.03,29.62,43.56,9.95,3.76,52.82,21.17,4.91,39.15,26.07,5.57,28.46,4.65,21.19,40.01,5.56,11.97,19.51,5.17,38.3,9.73,21.61,7.93,94.31,7.46,154.3,20.16,22.33,4.19,5.47,13.94,42.67,6.49,26.77,19.39,29.88,13.18,,16.64,4.43,260.4,213.51,7.39,160.16,11.7,34.51,53.07,2.97,16.75,14.6,23.08,4.29,3.24,25.11,38.58,26.24,138.1,22.32,5.99,53.65,75.4,34.52,1.41,18.0,7.58,6.15,6.29,30.17,13.65,74.91
2024-01-09,148.7,45.33,38.38,12.43,1641.0,28.17,55.17,119.02,67.4,23.54,228.08,136.36,31.46,14.68,19.46,77.7,48.45,4.88,13.19,15.65,13.1,192.86,56.55,69.17,16.85,3.78,41.2,14.53,3.72,6.85,33.49,85.49,20.96,5.88,26.31,5.35,29.09,16.89,26.57,7.46,4.73,14.1,72.32,127.81,200.6,82.01,34.05,6.61,35.39,13.21,59.79,31.15,9.18,38.65,13.47,23.77,23.67,22.41,25.78,9.71,4.29,9.35,27.76,101.32,18.27,5.29,78.02,281.76,14.1,11.45,6.13,4.1,6.66,38.15,21.83,15.1,97.86,4.77,64.84,17.18,19.41,29.64,42.6,10.0,3.8,52.52,21.1,4.89,39.15,26.28,5.58,27.95,4.67,21.41,40.16,5.54,12.17,19.49,5.22,38.96,9.61,22.24,8.0,95.0,7.53,145.39,20.01,22.39,4.07,5.47,13.9,43.28,6.27,26.9,19.34,30.09,13.17,,16.66,4.39,256.37,211.01,7.41,159.8,11.75,34.61,54.97,2.96,16.25,14.55,22.9,4.3,3.32,25.66,38.63,26.36,140.79,22.54,6.04,55.21,80.22,34.34,1.41,18.4,7.62,6.14,6.19,29.85,13.77,74.4
2024-01-10,150.66,44.39,37.82,12.28,1641.5,28.05,55.22,118.45,67.62,23.34,226.8,136.94,31.22,14.61,19.46,76.58,47.47,4.85,12.91,15.75,12.98,190.29,54.94,67.99,16.5,3.72,41.5,14.41,3.71,6.84,33.67,83.23,20.43,5.84,26.57,5.29,29.16,16.57,26.43,7.41,4.74,14.03,73.0,128.8,197.73,85.44,33.85,6.57,34.3,13.23,57.27,30.35,9.09,36.73,13.51,23.8,22.73,22.4,25.61,9.35,4.22,9.33,26.7,100.0,18.32,5.19,77.5,277.57,14.12,11.25,6.11,4.04,6.58,38.88,21.63,15.15,96.53,4.75,64.31,17.04,19.44,29.66,44.3,10.01,3.76,52.81,20.74,4.77,39.23,25.92,5.5,28.33,4.67,21.49,39.4,5.51,11.94,19.32,5.2,39.04,9.51,22.23,7.98,93.57,7.53,141.49,19.53,22.57,3.99,5.48,13.82,42.87,6.26,26.91,18.69,30.25,13.13,9.33,16.82,4.38,251.1,213.1,7.37,160.51,11.52,34.82,56.2,2.95,15.99,14.57,22.41,4.29,3.27,25.63,38.28,25.8,136.85,22.93,6.06,55.44,81.7,33.95,1.42,18.14,7.59,6.04,6.11,29.28,13.76,73.38
2024-01-11,154.82,45.91,38.43,12.14,1646.57,28.38,55.0,120.39,71.75,23.18,232.6,137.5,31.3,14.66,19.6,77.86,47.6,4.78,13.15,15.94,13.17,196.78,56.98,68.8,16.76,3.76,41.48,14.43,3.65,6.87,33.59,86.01,20.45,5.75,26.6,5.29,29.6,17.09,25.84,7.23,4.72,14.1,71.48,129.62,200.09,86.9,33.25,6.53,35.34,13.49,56.68,30.86,9.17,36.92,13.64,24.13,22.49,22.15,26.0,9.3,4.28,9.4,27.4,103.39,18.55,5.11,77.34,280.2,14.09,11.64,6.11,3.98,6.5,38.96,21.1,15.46,95.36,4.74,64.74,17.73,19.67,30.75,44.48,10.11,3.72,52.21,20.54,5.18,41.33,25.81,5.36,28.35,4.63,21.47,40.82,5.46,12.26,19.72,5.19,39.45,9.41,22.36,7.88,94.5,7.5,147.45,20.33,22.09,4.02,5.47,13.94,44.52,6.37,27.01,19.12,31.03,13.14,9.22,17.04,4.35,256.7,212.88,7.3,161.76,11.42,34.86,56.19,2.94,15.91,14.25,23.13,4.32,3.26,25.98,39.02,25.86,136.5,24.2,6.21,59.82,82.07,34.01,1.43,18.13,7.72,5.96,6.14,29.24,13.97,73.6
2024-01-12,154.63,44.21,38.03,12.2,1643.06,28.54,55.0,117.15,71.82,23.53,232.0,134.66,30.6,14.69,19.52,76.6,45.83,4.81,12.86,15.72,12.95,195.87,55.59,65.41,16.43,3.72,41.1,14.47,3.7,6.92,33.62,82.95,20.15,5.81,26.75,5.32,29.63,16.68,25.86,7.23,4.75,14.44,70.84,128.75,198.09,87.89,33.62,6.5,34.28,13.32,55.85,30.43,9.19,37.71,13.61,23.56,21.94,22.5,25.72,9.49,4.25,9.41,26.84,100.56,18.33,5.11,75.5,277.0,14.26,11.57,6.14,4.03,6.55,39.0,20.97,15.46,95.3,4.75,63.5,17.4,19.67,30.18,43.13,10.19,3.74,53.9,20.61,5.03,40.76,25.53,5.37,28.42,4.68,21.46,40.19,5.52,11.98,20.02,5.28,38.85,9.43,22.11,7.97,94.39,7.59,144.45,19.96,22.29,4.0,5.52,13.91,43.48,6.45,27.4,18.3,30.66,12.95,8.78,16.99,4.34,257.33,211.47,7.36,159.48,11.64,34.54,56.25,2.97,15.85,14.53,22.7,4.36,3.28,25.84,38.96,25.72,131.8,24.19,6.31,58.15,80.81,33.46,1.43,18.11,7.77,5.92,5.98,28.59,13.98,71.47
2024-01-15,151.7,46.85,38.17,12.12,1640.0,28.77,55.88,120.8,72.65,23.5,231.99,137.29,30.68,14.73,19.48,76.55,45.67,4.86,12.72,15.58,12.83,194.61,54.4,66.0,17.41,3.72,41.51,14.52,3.71,6.98,33.84,83.8,20.39,5.83,26.71,5.34,29.43,16.76,25.75,7.33,4.79,14.57,69.81,128.68,192.88,87.14,34.04,6.51,32.62,13.28,55.05,30.5,9.21,37.03,13.54,23.63,22.05,22.96,26.13,9.8,4.28,9.41,26.77,101.88,18.05,5.23,77.17,278.5,14.26,11.4,6.18,4.05,6.58,38.63,21.13,15.23,96.65,4.79,62.8,17.4,19.79,30.15,43.35,10.3,3.74,54.5,20.91,5.07,39.91,25.57,5.42,28.88,4.72,21.65,39.88,5.51,12.15,19.53,5.35,38.84,9.49,21.84,7.96,93.47,7.69,143.97,19.97,22.24,4.05,5.55,13.88,42.4,6.67,26.67,18.65,29.72,12.91,8.57,16.9,4.38,240.58,203.89,7.38,158.25,11.47,34.31,56.2,2.98,15.59,14.41,22.29,4.34,3.28,25.11,37.12,25.87,131.77,23.51,6.4,57.58,82.25,32.92,1.43,18.15,7.66,5.89,5.95,28.52,13.69,71.52
2024-01-16,156.95,47.79,38.7,12.19,1639.43,29.13,56.92,122.76,73.35,23.55,244.01,140.23,30.29,14.93,19.58,76.48,45.99,4.89,12.91,15.43,12.93,195.3,53.68,66.22,17.27,3.73,41.41,14.75,3.74,7.08,34.11,83.25,20.73,5.85,26.9,5.35,29.5,16.59,25.35,7.34,4.86,14.96,70.06,128.41,195.0,88.88,34.28,6.59,32.13,13.26,54.74,30.67,9.34,37.57,13.71,24.07,22.53,22.94,25.95,9.72,4.33,9.33,26.47,100.29,17.99,5.25,76.55,275.31,14.5,12.1,6.26,4.07,6.61,39.33,21.19,15.27,96.74,4.8,61.8,17.32,20.03,29.99,42.92,10.52,3.83,55.28,20.86,5.19,40.56,25.47,5.43,28.89,4.78,21.71,39.95,5.51,12.13,19.76,5.35,39.3,9.32,22.12,7.97,89.94,7.79,129.97,19.85,22.0,4.07,5.54,13.91,42.54,6.72,26.75,18.95,29.85,13.1,8.43,16.8,4.47,242.44,204.51,7.39,158.7,11.41,34.36,56.2,3.02,15.68,14.5,22.22,4.3,3.28,25.55,37.09,26.38,132.73,24.01,6.65,58.07,82.4,32.91,1.44,18.17,7.66,5.9,5.84,29.32,13.51,71.09
2024-01-17,152.24,48.27,38.01,11.7,1577.0,29.19,56.37,123.92,71.5,23.32,242.3,136.71,28.4,14.81,19.22,74.33,44.69,4.84,12.68,14.89,12.43,186.8,52.59,65.77,16.41,3.68,40.11,14.65,3.7,7.02,33.67,84.67,20.72,5.8,26.4,5.23,28.79,16.23,24.25,7.2,4.8,14.72,67.7,125.14,186.2,86.5,34.14,6.53,31.83,13.0,53.28,30.98,9.23,36.74,13.55,23.37,22.14,22.82,25.03,9.53,4.22,8.96,25.89,99.02,17.5,5.2,74.58,269.5,14.23,11.68,6.26,4.03,6.55,38.84,20.79,14.85,95.89,4.71,60.61,16.93,19.85,30.5,41.38,10.47,3.81,55.27,20.66,5.05,38.51,24.2,5.36,28.8,4.83,21.51,39.18,5.32,11.78,19.36,5.3,38.7,8.94,21.3,7.95,88.9,7.81,125.22,19.31,21.1,4.01,5.48,13.67,41.09,6.58,26.21,17.89,28.6,13.0,8.19,16.73,4.43,237.5,196.39,7.37,153.8,11.01,33.7,55.29,3.0,15.35,14.24,21.67,4.22,3.18,24.75,35.93,25.82,131.42,23.17,6.4,56.5,79.0,31.87,1.42,17.71,7.45,5.8,5.7,28.79,13.08,69.07
2024-01-18,154.61,52.54,38.99,11.84,1610.87,29.58,56.4,131.5,73.82,23.32,255.77,139.31,28.72,15.09,19.49,75.93,45.64,4.85,13.71,15.14,12.82,190.48,54.05,69.89,16.57,3.67,41.29,14.46,3.69,7.06,33.64,92.99,21.88,5.79,26.75,5.24,28.64,16.61,25.52,7.19,4.83,14.6,69.81,127.9,183.7,90.41,34.07,6.56,32.89,13.2,53.85,31.63,9.2,37.12,13.66,24.05,22.33,23.18,25.49,9.54,4.26,9.0,27.2,109.83,17.59,5.28,75.01,272.98,14.52,12.15,6.25,4.01,6.52,39.5,21.19,14.98,98.18,4.68,59.97,17.26,19.99,31.68,42.0,10.48,3.75,53.18,20.65,5.06,39.45,24.47,5.31,28.48,4.81,21.63,40.02,5.29,11.85,19.39,5.33,38.86,8.92,22.8,7.94,91.64,7.83,128.49,19.42,20.68,4.04,5.53,13.82,42.2,6.58,26.27,18.06,29.1,13.13,8.02,16.52,4.43,242.16,204.34,7.34,156.63,10.66,34.7,55.01,2.99,15.54,14.11,21.79,4.22,3.14,24.9,37.23,26.06,131.39,23.74,6.32,58.38,84.0,32.28,1.42,17.56,7.46,5.74,5.81,29.09,12.88,70.26
2024-01-19,154.9,51.04,39.2,11.92,1635.0,29.73,56.14,131.68,74.89,23.5,250.7,141.52,29.34,15.15,19.47,75.28,45.86,4.89,14.2,15.12,12.7,189.34,55.13,69.83,16.68,3.65,41.41,14.37,3.68,7.1,33.55,91.6,22.62,5.77,26.87,5.19,28.68,16.52,25.19,7.14,4.85,14.3,70.2,128.89,185.66,88.99,33.25,6.59,32.51,13.04,53.74,31.68,9.17,36.73,13.65,23.8,22.16,22.72,26.14,9.55,4.28,9.0,26.96,111.0,17.61,5.29,74.4,276.61,14.3,12.01,6.23,3.97,6.48,39.01,21.02,15.06,98.16,4.67,59.35,17.29,19.79,31.8,41.28,10.45,3.77,50.4,20.5,5.06,40.27,24.11,5.35,28.05,4.82,21.66,39.35,5.26,11.78,19.06,5.27,38.35,9.04,22.1,7.89,90.76,7.88,123.11,19.32,20.91,4.04,5.49,13.7,41.52,6.43,26.11,18.06,29.17,13.03,7.93,16.59,4.4,237.72,205.48,7.31,157.8,10.61,35.0,54.72,3.0,15.43,14.1,21.99,4.25,3.08,25.13,36.68,25.89,134.28,23.54,6.3,57.45,84.01,32.1,1.41,17.48,7.37,5.77,5.77,28.83,12.63,70.12
2024-01-22,155.66,52.51,39.48,11.68,1642.0,30.25,55.34,129.0,74.46,23.23,250.2,139.85,28.93,15.2,19.13,72.29,44.83,4.89,14.4,14.29,12.41,185.34,54.09,70.39,16.15,3.58,40.78,14.14,3.68,7.04,33.0,94.12,22.06,5.77,26.68,5.02,28.04,15.86,24.55,7.05,4.79,14.03,69.17,127.0,173.04,87.5,32.96,6.59,32.0,12.87,53.46,30.89,9.1,35.86,13.48,22.87,21.84,22.56,25.55,9.38,4.11,8.72,25.93,111.6,17.04,5.31,71.46,274.86,14.04,11.48,6.15,4.0,6.49,38.4,20.87,14.67,96.96,4.61,56.11,16.57,19.5,30.26,39.7,10.38,3.74,50.72,20.46,4.7,39.07,23.11,5.29,26.57,4.76,21.66,38.28,5.02,11.48,18.74,5.21,37.66,8.68,21.72,7.71,89.25,7.87,118.8,18.51,20.02,3.99,5.34,13.42,39.92,6.3,25.21,17.52,27.85,12.88,7.5,15.91,4.41,227.32,202.23,7.13,154.21,9.99,35.2,53.81,2.97,14.65,13.6,20.5,4.24,2.95,24.68,36.25,25.84,134.93,22.07,6.14,55.0,81.97,32.06,1.39,16.91,7.08,5.65,5.58,28.25,11.9,67.45
2024-01-23,153.91,54.79,39.36,11.54,1619.0,29.99,56.38,134.72,74.07,23.25,249.99,137.11,29.27,15.1,19.78,73.23,44.72,4.89,14.5,14.49,12.71,187.85,54.16,73.1,15.98,3.58,40.3,14.25,3.68,7.05,32.95,98.0,22.69,5.75,26.46,5.09,28.15,16.49,24.85,7.01,4.69,14.09,69.62,127.38,171.8,91.43,33.62,6.62,33.4,12.95,54.48,30.74,9.16,35.83,13.63,23.89,21.79,22.85,25.44,9.5,4.2,8.75,27.85,114.0,17.23,5.25,72.6,275.5,14.17,12.13,6.2,3.98,6.51,37.52,20.55,14.73,95.28,4.61,56.59,17.19,19.42,31.98,39.74,10.42,3.74,51.6,20.54,4.87,38.59,23.26,5.28,26.86,4.76,21.55,42.11,5.01,11.57,18.75,5.16,37.28,8.75,22.06,7.76,87.25,7.88,125.47,18.9,20.13,3.97,5.33,13.5,40.15,6.38,25.59,17.85,27.92,12.83,8.14,16.05,4.42,235.52,201.26,7.26,153.58,10.23,35.16,52.15,2.97,15.01,13.74,20.77,4.26,2.92,24.91,36.1,25.6,133.06,22.02,6.21,55.58,81.15,32.22,1.39,17.0,7.14,5.67,5.7,28.2,12.83,66.66
2024-01-24,153.48,53.56,40.17,11.72,1626.0,30.09,57.19,131.6,74.0,23.85,252.12,132.0,29.05,15.3,20.52,72.1,45.37,4.97,14.5,14.56,13.27,188.7,51.97,72.9,15.83,3.66,40.52,14.74,3.75,7.1,33.65,96.53,22.55,5.84,26.8,5.22,29.36,16.89,24.79,7.26,4.84,14.7,70.3,128.05,172.59,89.2,34.61,6.71,33.64,13.16,55.5,31.38,9.33,35.87,14.16,24.02,22.9,23.33,24.51,9.74,4.27,9.03,27.84,113.7,17.56,5.39,72.3,283.0,14.31,12.26,6.3,4.1,6.64,37.42,20.66,14.9,97.1,4.87,56.56,17.24,19.7,31.93,39.41,10.56,3.83,51.13,21.12,4.84,38.07,23.15,5.46,26.53,4.87,21.98,42.4,5.27,11.63,18.69,5.39,37.73,8.95,21.78,7.98,89.3,7.97,129.35,19.12,20.29,4.12,5.44,13.93,39.98,6.5,25.7,17.34,27.88,13.24,8.12,16.21,4.48,239.4,200.72,7.39,151.74,10.54,35.63,52.95,3.02,15.48,13.8,20.83,4.36,3.01,25.0,36.29,26.95,136.95,21.5,6.26,55.3,81.93,32.55,1.42,17.5,7.3,5.89,5.93,29.49,12.77,65.99
2024-01-25,155.0,54.6,41.15,12.05,1638.0,30.9,56.35,132.81,73.29,23.94,254.21,134.96,29.13,15.47,20.56,74.16,47.26,5.01,15.08,14.9,13.35,189.9,51.67,73.2,16.52,3.74,41.2,15.06,3.8,7.13,33.66,98.98,23.26,5.9,27.07,5.42,30.79,18.0,25.31,7.99,4.94,15.09,72.09,131.11,182.0,90.0,35.12,6.77,34.99,13.5,55.74,32.06,9.5,36.03,14.26,24.72,24.77,23.7,25.72,10.05,4.28,9.54,28.95,118.35,17.98,5.77,75.76,283.85,14.53,12.4,6.35,4.15,6.7,37.48,21.24,15.2,100.51,5.1,58.43,17.79,21.15,33.38,41.01,10.57,3.88,51.55,22.32,4.96,38.93,22.23,5.89,27.92,4.9,22.05,42.6,5.64,11.96,18.82,5.67,38.42,9.33,22.3,8.24,92.6,7.99,129.2,19.22,20.59,4.53,5.67,14.08,40.61,6.62,26.24,17.58,28.65,13.43,8.63,16.56,4.63,242.46,204.29,7.43,155.8,10.98,35.82,52.45,3.07,16.0,14.16,21.5,4.47,3.12,25.3,37.43,28.69,138.59,21.65,6.32,56.01,86.9,33.84,1.47,18.14,7.48,6.08,5.92,31.22,12.96,65.76
2024-01-26,150.0,52.0,41.25,12.22,1637.32,31.12,57.51,126.49,65.96,24.13,247.5,126.5,27.82,15.64,20.83,68.73,46.5,5.09,14.41,14.51,13.12,185.86,49.8,70.63,15.61,3.75,40.3,15.06,3.86,7.24,33.66,94.2,21.71,5.97,27.2,5.5,30.74,17.35,24.62,8.5,4.97,15.16,73.0,131.0,173.31,86.77,35.8,6.87,33.99,13.66,56.87,31.7,9.62,35.7,14.28,24.22,24.87,24.0,24.62,10.2,4.32,9.56,28.29,115.96,17.9,5.75,72.75,284.32,14.56,12.19,6.43,4.28,6.84,38.3,21.16,15.1,101.4,5.17,56.79,17.52,21.62,32.78,39.0,10.69,4.0,51.04,22.88,4.93,37.9,21.32,5.82,28.19,4.96,22.23,41.84,5.73,11.82,19.14,5.65,37.86,9.4,21.96,8.26,90.05,8.21,127.27,18.63,20.64,4.55,5.64,14.09,39.81,6.74,26.66,16.94,28.18,13.52,8.57,16.52,4.66,238.4,207.39,7.47,155.18,11.22,35.68,51.3,3.13,15.77,13.95,21.0,4.45,3.16,24.69,37.15,28.62,137.1,21.17,6.39,54.8,85.62,33.49,1.47,18.39,7.47,6.21,5.84,31.37,12.78,64.85
2024-01-29,147.02,44.7,40.98,12.24,1650.0,31.35,58.69,127.2,59.36,24.27,241.7,121.71,27.16,15.72,20.58,66.68,45.35,5.16,13.59,13.61,12.82,178.44,48.63,70.0,15.62,3.74,39.25,15.02,3.91,7.31,35.06,84.67,19.82,6.04,27.49,5.48,30.65,15.9,24.02,8.4,5.02,15.02,72.7,131.78,169.57,80.48,35.65,6.9,33.61,13.5,55.72,31.5,9.7,35.97,14.17,23.63,25.22,23.78,23.94,10.16,4.25,9.6,27.05,103.82,17.78,5.79,72.26,269.0,14.37,12.05,6.42,4.3,6.9,38.73,21.39,14.96,102.85,5.2,55.5,16.89,21.98,30.81,38.07,10.89,3.98,51.0,22.84,4.74,36.03,20.81,5.93,28.08,5.08,22.69,40.41,5.75,11.52,18.87,5.76,36.85,9.55,20.4,8.28,89.14,8.33,122.34,18.21,20.75,4.57,5.68,13.94,37.82,6.71,25.59,16.23,26.88,13.48,8.32,16.35,4.75,232.5,208.2,7.47,156.85,11.17,35.1,49.61,3.17,15.89,13.75,19.97,4.44,3.12,22.23,36.45,28.99,137.18,19.76,6.5,51.01,84.92,33.02,1.46,18.3,7.37,6.2,5.78,31.27,12.47,62.1
2024-01-30,140.75,42.99,40.19,12.18,1613.0,31.0,58.22,116.9,56.85,24.1,229.35,114.71,26.52,15.65,20.44,65.35,43.08,5.13,13.5,13.25,12.56,171.97,47.44,65.35,14.73,3.65,38.69,14.83,3.88,7.27,35.15,84.8,19.82,5.99,27.28,5.43,31.26,15.42,23.51,8.4,4.99,14.93,71.24,127.71,164.63,79.99,35.76,6.83,32.86,13.23,54.44,31.82,9.5,35.62,13.92,22.85,24.64,23.86,23.4,10.02,4.15,9.18,26.15,101.2,17.24,5.79,72.89,267.77,14.24,11.74,6.35,4.27,6.81,38.4,20.95,14.66,101.2,5.18,53.64,16.23,21.67,30.22,36.31,10.87,3.96,49.63,22.89,4.51,34.8,20.61,5.93,26.64,5.05,22.5,41.14,5.68,11.22,18.86,5.72,34.41,9.52,20.23,8.3,87.9,8.26,120.97,17.67,20.56,4.55,5.64,13.77,36.96,6.53,25.3,16.0,25.88,13.43,7.92,15.9,4.7,229.48,201.11,7.38,150.0,10.88,34.99,48.73,3.13,16.07,13.45,20.37,4.4,3.05,20.44,36.56,28.46,135.76,19.13,6.38,50.39,82.25,32.8,1.44,18.2,7.23,6.16,5.69,30.21,12.27,60.55
2024-01-31,151.59,42.4,40.51,12.04,1604.91,30.71,58.25,110.0,54.2,24.4,227.76,114.06,25.49,15.73,20.5,62.5,43.29,5.17,13.31,12.5,12.48,170.73,45.2,66.27,14.35,3.6,37.45,14.61,3.89,7.32,35.25,85.87,19.71,6.0,27.09,5.37,30.59,14.84,22.85,8.36,4.97,14.77,69.69,126.3,163.0,78.39,37.12,6.83,31.35,13.07,55.96,31.92,9.46,35.25,13.74,21.96,24.86,24.18,22.48,9.95,4.05,9.18,25.81,102.8,16.88,5.75,68.4,268.33,14.05,11.56,6.4,4.32,6.86,38.11,21.01,14.34,102.43,5.14,52.85,15.56,21.51,28.07,34.66,10.91,3.95,50.57,22.94,4.2,34.78,21.0,5.96,26.36,5.1,22.31,38.4,5.69,10.45,18.79,5.69,35.22,9.42,19.35,8.29,86.25,8.3,115.04,17.51,20.57,4.52,5.63,13.7,34.03,6.53,24.77,15.25,24.92,13.37,7.73,15.25,4.73,214.22,200.11,7.47,146.8,10.72,33.93,48.76,3.15,15.95,13.34,19.88,4.43,3.02,19.2,35.44,28.74,134.88,18.68,6.32,46.5,79.81,31.45,1.42,18.0,6.98,6.15,5.65,30.6,11.92,62.15
2024-02-01,149.02,45.47,40.3,12.13,1610.03,30.42,58.81,116.49,55.8,24.15,235.6,116.81,25.85,15.71,20.44,63.31,42.68,5.14,14.56,12.69,12.69,170.89,46.77,68.9,14.65,3.67,37.16,14.64,3.89,7.29,35.28,98.35,20.53,5.98,26.96,5.47,30.53,15.78,22.86,8.15,4.93,15.03,70.21,126.5,166.89,80.56,36.3,6.8,31.98,13.25,56.5,31.88,9.41,35.22,13.87,22.27,24.12,23.93,22.67,9.9,4.18,9.28,26.25,111.05,16.8,5.71,73.29,273.19,14.0,11.57,6.37,4.27,6.84,38.96,20.88,14.3,100.86,5.02,52.7,15.79,21.3,29.2,34.01,10.67,3.92,50.86,22.18,4.3,33.92,21.6,5.85,26.01,5.05,22.51,40.99,5.58,10.86,19.07,5.63,34.71,9.45,19.59,8.2,84.3,8.26,117.5,17.65,20.48,4.45,5.57,13.57,34.64,6.37,24.56,15.21,24.91,13.36,7.58,15.18,4.69,222.46,203.97,7.46,146.93,10.6,34.4,48.51,3.11,15.92,13.37,19.33,4.39,3.06,18.6,35.71,28.06,134.73,18.31,6.29,46.53,80.95,31.26,1.42,18.04,6.98,6.12,5.68,29.64,11.78,62.97
2024-02-02,146.0,45.5,40.1,12.03,1596.0,30.23,58.25,108.49,50.22,24.28,231.4,112.31,25.63,15.71,20.18,60.18,42.13,5.17,13.92,12.15,12.45,167.0,44.8,68.32,13.95,3.65,35.95,14.34,3.94,7.3,35.6,99.0,20.59,6.03,26.96,5.43,30.69,15.04,21.97,8.1,4.92,14.96,67.71,123.82,159.66,79.3,37.02,6.84,30.79,13.09,57.24,31.08,9.27,35.34,13.37,21.7,23.95,24.05,21.78,9.85,4.1,9.03,25.0,109.85,16.26,5.83,73.6,267.43,13.77,11.34,6.36,4.32,6.92,39.15,20.6,13.89,101.88,5.05,50.38,15.2,21.2,28.53,32.09,10.66,3.95,51.3,22.37,4.12,32.8,21.1,5.89,24.95,5.08,22.43,39.9,5.54,10.46,19.34,5.65,34.08,9.43,18.87,8.26,79.9,8.4,112.5,16.88,20.88,4.45,5.54,13.37,33.16,6.33,24.05,14.63,23.9,13.22,7.34,14.66,4.7,209.86,209.5,7.46,144.21,10.33,34.64,48.9,3.13,15.52,13.26,19.07,4.39,3.02,19.01,34.33,28.2,137.43,17.54,6.2,44.18,78.52,30.0,1.41,17.63,6.7,6.17,5.67,29.2,11.17,62.81
2024-02-05,151.94,46.32,40.68,12.16,1630.01,30.71,59.45,103.03,48.23,24.76,240.95,111.5,26.98,15.84,20.18,57.92,42.97,5.29,14.77,11.57,12.33,168.0,44.59,69.7,13.75,3.65,37.4,14.2,4.02,7.36,36.08,103.4,20.82,6.15,27.65,5.47,30.38,14.99,22.74,8.31,5.0,15.1,70.01,126.57,156.0,79.99,38.13,6.89,30.1,13.12,59.35,31.1,9.38,35.7,13.22,21.86,24.08,24.5,20.96,9.88,4.02,8.73,23.88,112.0,15.81,5.87,69.0,284.34,13.76,10.69,6.38,4.44,7.03,40.67,21.15,13.65,103.49,5.05,49.27,14.71,21.67,27.48,32.18,10.68,3.95,52.58,23.04,3.81,32.03,20.3,6.02,24.23,5.13,22.97,39.49,5.5,10.25,19.86,5.72,34.38,9.39,18.17,8.36,79.22,8.43,108.55,17.22,20.94,4.43,5.69,13.13,31.62,6.33,23.88,14.53,22.5,13.56,6.77,14.06,4.76,212.0,214.65,7.53,144.73,10.01,35.1,49.99,3.16,15.94,13.16,18.03,4.42,2.99,17.97,34.62,29.03,143.55,16.63,6.13,41.89,77.87,29.71,1.39,17.49,6.62,6.22,5.67,29.0,10.41,63.9
2024-02-06,158.33,51.8,41.56,12.19,1676.0,31.33,59.95,111.2,52.25,24.72,251.0,116.8,28.22,15.92,21.14,61.96,44.97,5.32,15.53,12.73,13.2,175.87,47.71,76.3,14.69,3.82,41.0,14.71,4.09,7.42,35.9,114.5,22.9,6.19,28.14,5.59,30.34,16.57,23.75,8.12,5.06,15.4,72.3,132.99,176.28,84.2,37.74,7.0,32.4,13.7,60.1,32.55,9.68,37.01,13.92,23.08,25.35,24.23,22.68,10.04,4.16,9.38,26.27,124.88,17.39,5.85,74.96,292.5,14.41,11.53,6.48,4.46,7.05,40.66,22.14,14.65,101.45,5.11,52.2,15.78,21.69,29.13,32.98,10.7,3.97,56.61,22.87,4.11,34.21,21.95,5.97,26.61,5.1,23.8,41.2,5.65,11.0,19.3,5.87,36.25,9.58,19.6,8.35,84.08,8.38,121.44,18.21,21.27,4.47,6.03,13.73,34.1,6.54,25.37,15.51,24.04,13.99,7.45,15.37,4.86,227.53,219.8,7.49,153.45,10.62,36.79,53.13,3.18,16.72,13.94,19.38,4.56,3.18,19.12,36.27,30.14,143.05,17.68,6.24,44.83,82.7,31.58,1.47,18.12,6.96,6.32,5.94,30.05,11.45,66.85
2024-02-07,159.6,52.7,42.38,12.25,1710.99,31.31,61.11,110.88,55.25,24.7,249.11,119.48,28.23,15.97,21.18,62.3,42.9,5.23,15.3,13.99,13.13,179.56,48.7,75.75,14.69,3.88,41.84,14.77,4.02,7.34,36.8,112.7,23.39,6.08,28.28,5.57,31.67,16.96,24.7,8.31,5.06,15.47,73.35,133.87,182.49,85.23,38.59,6.94,32.65,13.76,62.0,32.93,9.61,37.48,13.99,23.15,25.73,24.02,23.5,10.05,4.21,9.7,27.61,124.61,18.92,5.87,76.2,301.0,14.52,11.73,6.4,4.35,6.88,41.3,22.45,15.0,101.4,5.15,53.84,16.1,21.45,28.95,35.85,10.69,3.96,57.99,23.01,4.11,34.17,22.69,6.02,28.87,5.02,23.99,42.0,5.73,11.3,19.76,5.86,36.84,9.8,19.77,8.19,85.87,8.25,119.56,18.9,21.46,4.56,6.05,13.87,33.9,6.75,26.37,15.59,24.57,13.88,7.89,16.64,4.76,228.22,226.33,7.53,155.8,10.77,37.53,53.5,3.13,17.98,13.96,19.36,4.56,3.27,19.84,36.99,30.18,146.86,17.75,6.06,44.7,84.0,32.4,1.52,18.31,7.2,6.29,5.98,30.37,12.6,66.79
2024-02-08,162.84,54.9,42.78,12.5,1706.0,31.4,60.29,115.4,53.12,24.64,250.3,122.77,28.94,16.05,21.25,68.53,44.0,5.16,15.7,13.77,13.27,181.17,49.9,76.72,15.0,3.88,41.87,14.86,3.96,7.28,36.14,108.8,24.99,6.01,28.18,5.68,31.4,17.55,24.22,8.28,5.03,15.72,74.54,133.59,190.24,85.53,38.07,6.96,34.0,14.17,62.05,33.65,9.67,37.81,14.21,24.0,26.02,24.19,23.98,10.06,4.16,9.74,27.82,127.0,18.7,5.84,78.94,297.38,14.63,12.04,6.33,4.31,6.8,41.17,22.47,15.0,101.2,5.12,55.68,16.73,20.79,30.38,37.01,10.7,3.95,57.32,22.85,4.29,35.2,23.4,5.99,28.35,4.99,23.95,43.55,5.7,11.44,19.69,5.89,37.55,9.77,20.21,8.22,87.19,8.17,125.29,19.05,21.8,4.56,6.08,13.96,34.87,6.7,26.1,16.2,25.67,13.94,8.09,16.47,4.69,235.38,225.2,7.43,153.66,11.06,37.36,54.5,3.15,17.85,14.11,20.51,4.58,3.24,21.82,37.43,30.79,144.78,18.43,6.1,45.86,84.45,33.18,1.52,18.26,7.34,6.31,6.01,30.59,13.86,70.77
2024-02-19,160.09,65.88,42.73,12.85,1695.43,31.62,60.6,134.03,50.05,25.2,258.5,125.57,27.49,16.18,20.85,66.95,44.82,5.27,17.27,14.01,13.23,183.5,51.95,86.0,15.68,3.95,41.66,14.79,4.08,7.49,36.98,130.56,27.49,6.25,28.33,5.97,32.91,20.46,24.6,8.65,5.1,15.78,74.61,136.15,187.79,85.39,39.81,7.12,37.4,14.14,62.37,33.8,9.81,37.4,14.01,24.7,26.33,25.37,24.48,10.28,4.34,9.85,30.6,152.4,18.53,6.0,82.61,298.48,14.85,12.28,6.46,4.51,7.04,40.98,22.69,15.14,103.95,5.18,56.86,17.75,21.28,33.2,38.67,10.88,4.01,56.73,24.61,4.56,35.15,22.1,6.28,28.55,5.1,23.58,46.54,5.9,11.59,19.1,5.95,37.84,10.0,20.19,8.62,85.65,8.4,128.8,19.4,21.24,4.69,6.17,13.9,35.18,7.13,26.41,16.09,25.45,13.81,8.1,16.17,4.8,246.57,224.82,7.59,155.15,11.42,37.78,55.62,3.19,18.39,14.5,21.73,4.64,3.32,22.6,37.32,30.98,144.0,18.45,6.38,45.78,85.29,32.71,1.52,18.83,7.31,6.44,6.23,31.19,14.35,70.22
2024-02-20,158.33,63.0,42.35,13.1,1670.0,31.4,61.7,129.3,51.57,25.54,255.1,123.8,26.98,16.2,20.99,70.15,44.45,5.35,18.49,13.76,13.34,179.02,51.65,82.39,15.38,3.96,41.86,14.96,4.15,7.61,37.96,128.65,26.05,6.35,28.68,6.03,32.77,19.78,24.34,8.64,5.16,16.28,74.96,134.38,185.03,82.88,39.76,7.1,36.58,14.02,63.0,33.91,9.82,38.3,14.27,24.29,25.98,25.62,24.13,10.33,4.36,9.88,29.81,159.5,18.34,6.02,83.8,300.09,14.83,12.27,6.5,4.53,7.11,41.09,22.89,15.2,106.0,5.19,57.38,17.39,21.75,33.38,38.46,11.11,4.08,56.07,24.48,4.52,34.9,22.35,6.25,28.56,5.16,24.05,45.46,5.9,11.51,19.68,5.99,38.27,10.06,19.98,8.8,84.58,8.49,127.2,19.48,21.38,4.74,6.11,13.97,35.44,6.99,26.48,15.8,25.45,14.14,8.01,16.02,4.84,244.66,223.17,7.78,153.37,11.41,37.81,53.38,3.24,19.74,14.58,22.41,4.65,3.37,23.2,37.25,30.59,142.6,18.4,6.36,45.59,84.53,32.49,1.51,18.86,7.28,6.56,6.23,31.05,13.82,69.52
2024-02-21,161.2,59.52,43.59,13.05,1717.66,33.0,61.71,127.3,53.74,25.39,260.5,124.8,27.47,16.67,21.38,69.27,44.99,5.41,17.55,13.86,13.62,183.0,50.79,79.76,15.57,3.97,42.22,15.09,4.18,7.85,37.87,123.0,24.54,6.41,28.85,6.0,32.93,19.11,24.45,8.71,5.12,16.18,78.03,141.02,187.0,83.7,39.58,7.24,36.12,14.02,61.8,33.98,10.8,38.45,14.38,24.44,26.75,25.42,24.32,10.47,4.42,9.94,29.39,149.96,18.4,5.98,80.72,301.35,14.84,12.38,6.61,4.56,7.16,41.72,22.56,15.32,105.15,5.35,56.88,17.44,22.97,32.62,37.68,11.4,4.11,55.34,24.56,4.53,35.61,23.33,6.25,29.1,5.25,24.06,45.02,6.02,11.57,19.64,6.05,39.35,10.25,20.4,8.68,85.26,8.72,129.02,19.48,21.72,4.73,6.1,14.12,36.15,7.0,26.42,15.88,26.08,14.1,8.07,16.14,4.94,244.05,233.87,7.72,163.06,11.61,39.6,53.71,3.29,19.29,14.51,22.39,4.61,3.34,22.83,37.54,31.34,142.55,18.81,6.45,47.16,86.86,33.26,1.52,19.05,7.35,6.55,6.26,33.0,13.73,70.62
2024-02-22,160.35,60.06,43.7,13.26,1718.38,32.8,61.35,139.88,54.11,25.55,263.05,125.8,27.6,16.8,21.73,72.54,45.14,5.42,18.19,14.21,13.73,182.99,51.35,82.83,16.08,3.98,42.43,15.22,4.2,7.94,38.28,123.66,24.92,6.4,29.06,6.14,33.55,20.33,24.58,9.21,5.12,16.44,78.8,141.1,189.5,84.1,40.83,7.21,39.14,14.07,61.61,34.32,10.9,38.46,14.55,25.32,26.98,26.91,24.99,10.73,4.42,10.0,30.0,154.51,18.65,6.15,81.23,295.03,14.9,12.4,6.62,4.56,7.15,41.68,22.76,15.53,106.73,5.36,62.57,18.19,22.64,34.29,38.46,11.43,4.11,54.52,25.3,4.63,35.67,23.4,6.42,30.3,5.26,24.1,46.35,6.09,11.75,19.63,6.07,39.32,10.47,20.62,8.79,87.07,8.73,130.46,19.88,21.92,4.9,6.13,14.2,36.09,7.12,26.94,16.16,26.41,14.17,8.09,16.22,4.94,253.3,234.9,7.75,165.4,11.72,41.28,53.37,3.29,19.37,14.73,24.57,4.62,3.4,24.25,37.73,31.5,140.3,19.03,6.49,47.2,87.51,33.53,1.53,19.61,7.38,6.66,6.3,33.82,13.9,69.8
2024-02-23,160.5,59.96,44.07,13.5,1714.09,32.95,59.62,141.83,53.58,25.69,261.66,130.58,27.16,16.86,21.52,71.98,44.98,5.48,18.17,14.3,13.73,182.68,51.61,81.4,16.29,3.98,42.39,15.18,4.26,7.85,38.12,119.42,25.32,6.49,28.98,6.35,33.23,20.68,24.51,9.07,5.11,16.28,77.62,141.71,186.18,85.3,39.85,7.28,39.32,13.95,60.7,34.59,10.85,38.38,14.56,25.52,27.03,26.65,25.13,10.76,4.42,9.99,30.04,147.73,18.58,6.03,80.47,290.21,15.06,12.42,6.65,4.6,7.19,41.79,22.72,15.55,104.68,5.49,65.18,18.28,22.84,34.56,38.41,11.44,4.13,54.16,24.99,4.7,36.1,24.95,6.37,28.71,5.33,23.89,46.33,6.16,11.81,19.49,6.04,39.35,10.52,20.88,8.76,87.27,8.72,130.62,20.07,22.03,4.86,5.97,14.18,36.54,6.94,27.7,16.23,26.88,14.12,8.13,16.25,4.99,247.04,233.46,7.67,169.0,11.69,41.48,52.96,3.28,20.06,14.8,25.64,4.65,3.43,24.62,38.39,31.55,140.0,19.29,6.51,47.96,87.58,33.69,1.53,20.03,7.42,6.66,6.45,33.73,13.9,68.43
2024-02-26,156.0,60.72,42.95,13.15,1694.98,32.25,60.3,151.26,54.65,24.95,258.53,130.19,27.43,16.48,21.34,71.36,44.92,5.32,17.67,14.31,13.55,186.0,52.2,82.15,16.47,3.93,42.08,15.02,4.14,7.68,38.88,118.99,25.55,6.29,28.69,6.13,32.86,20.2,24.5,8.84,5.03,16.75,76.8,139.76,189.01,83.68,38.6,7.1,41.69,14.06,60.8,34.29,10.53,38.12,14.39,25.6,26.09,26.26,25.08,10.47,4.4,9.9,30.41,149.03,18.53,5.85,83.45,290.12,14.78,12.37,6.49,4.46,6.96,41.74,22.75,15.56,103.16,5.31,63.6,18.69,22.45,35.25,38.62,11.16,4.02,54.93,25.02,4.73,35.95,25.15,6.26,28.71,5.17,23.81,46.99,5.95,11.81,19.44,6.28,39.18,10.37,20.68,8.47,88.1,8.56,130.09,19.88,21.81,4.73,6.01,14.05,36.75,6.87,27.83,16.58,26.85,13.94,8.28,16.15,4.83,245.0,228.23,7.6,169.34,11.5,40.22,56.96,3.22,20.37,14.84,25.25,4.58,3.3,25.3,38.08,30.4,139.27,19.5,6.38,48.21,85.64,33.72,1.52,19.51,7.5,6.58,6.32,32.72,14.04,67.81
2024-02-27,157.83,63.73,43.12,13.16,1689.5,32.18,61.92,168.14,54.98,24.93,268.2,138.45,28.11,16.55,21.46,74.19,47.32,5.3,19.33,15.12,14.02,193.7,53.41,88.0,17.1,3.98,42.27,15.09,4.16,7.68,38.88,133.0,27.09,6.29,28.41,6.12,33.65,22.43,25.33,8.88,5.02,16.68,78.31,139.76,198.39,84.07,38.58,7.14,45.86,14.05,62.01,34.95,10.5,38.86,14.54,28.16,25.88,26.0,26.09,10.54,4.43,9.94,31.85,161.94,18.69,5.89,85.7,292.0,14.83,13.06,6.52,4.46,6.99,41.87,22.91,15.63,103.46,5.32,69.96,20.56,22.41,37.66,41.65,11.12,4.04,56.84,25.77,4.93,36.65,25.6,6.25,29.25,5.15,23.94,49.82,6.06,12.07,19.76,6.29,38.81,10.48,21.0,8.49,90.35,8.62,135.45,20.53,21.99,4.83,6.01,14.2,37.42,6.86,27.78,16.91,27.35,14.05,8.38,16.41,4.85,261.4,226.07,7.47,169.92,11.67,40.29,57.21,3.21,20.46,15.26,26.51,4.59,3.29,27.18,38.24,30.4,140.0,19.74,6.36,49.39,86.19,34.45,1.53,19.64,7.56,6.65,6.35,32.92,14.39,71.23
2024-02-28,157.01,57.95,42.65,13.01,1681.55,32.02,61.82,158.1,53.01,25.3,261.43,133.41,27.17,16.53,21.0,69.9,45.56,5.33,18.2,14.36,13.64,188.0,50.77,83.28,16.37,3.9,42.23,14.96,4.16,7.63,38.8,124.7,25.3,6.26,28.2,6.01,33.2,20.6,24.65,8.84,5.01,15.97,77.79,139.53,190.38,84.88,39.0,7.1,47.56,13.75,61.5,34.5,10.49,38.25,14.35,27.38,25.43,26.17,25.1,10.41,4.3,9.86,29.87,149.81,18.45,5.83,78.0,288.0,14.68,12.57,6.51,4.46,6.95,42.03,22.78,15.58,101.6,5.3,66.0,20.09,22.15,35.78,37.1,11.06,4.05,56.23,25.16,4.71,35.98,24.25,6.19,28.98,5.18,23.79,47.6,5.96,11.71,19.52,6.2,38.0,10.35,20.62,8.5,87.7,8.67,132.41,20.07,21.6,4.71,5.9,13.97,37.43,6.79,27.46,16.07,26.83,13.93,8.12,16.28,4.81,261.6,226.79,7.43,169.3,11.36,40.41,55.34,3.21,20.7,15.07,25.15,4.58,3.22,24.79,37.7,30.0,141.64,19.48,6.29,50.16,85.23,33.7,1.52,19.36,7.45,6.6,6.2,32.25,13.9,67.56
2024-02-29,163.51,60.05,42.9,13.11,1695.0,32.04,62.63,168.66,54.48,25.05,284.06,146.79,27.58,16.65,21.3,73.27,48.35,5.33,18.69,14.97,14.04,191.2,52.2,85.12,17.15,3.99,42.64,15.09,4.19,7.67,39.05,136.0,26.4,6.27,28.35,6.15,35.5,21.73,25.36,8.84,5.05,16.88,79.55,142.25,213.5,87.21,38.6,7.15,49.71,13.94,63.21,34.95,10.59,38.49,14.54,29.86,25.62,25.8,26.16,10.5,4.53,10.02,31.73,155.16,18.85,5.85,83.12,289.18,14.89,13.09,6.53,4.47,7.0,43.29,23.18,16.15,102.0,5.35,70.2,22.1,22.28,37.39,40.6,11.08,4.04,57.26,25.27,4.89,38.31,24.92,6.25,30.2,5.18,24.09,49.39,6.05,12.1,19.18,6.38,38.35,10.42,21.24,8.68,96.0,8.75,137.07,21.08,21.69,4.8,5.93,14.18,40.05,7.2,29.29,16.64,27.7,14.1,8.35,16.78,4.85,270.95,233.06,7.46,175.75,11.6,40.66,56.81,3.22,20.41,15.27,25.93,4.62,3.28,25.86,38.27,30.33,142.3,20.64,6.45,53.63,87.1,34.41,1.54,19.59,7.64,6.67,6.3,32.8,14.83,70.74
2024-03-01,164.55,64.8,42.99,13.25,1685.06,31.94,64.47,170.0,55.02,25.0,292.15,147.1,28.34,16.58,21.32,75.76,48.51,5.34,20.02,15.21,14.0,192.18,53.17,87.49,17.39,4.11,42.52,15.1,4.24,7.61,40.01,136.88,27.25,6.32,28.26,6.23,35.66,23.05,25.82,8.78,5.0,16.33,78.73,142.59,209.79,87.57,38.38,7.11,53.5,13.95,63.85,35.68,10.49,38.17,14.82,30.54,25.27,25.83,26.69,10.42,4.83,10.02,33.69,161.1,19.07,5.86,87.63,290.17,15.03,13.38,6.57,4.48,7.03,43.38,23.3,16.55,101.93,5.32,73.72,24.31,22.03,41.13,41.46,11.0,4.06,57.88,25.13,4.96,39.4,25.24,6.2,29.73,5.2,24.4,52.57,6.12,12.48,18.85,6.55,38.05,10.88,21.6,8.55,94.04,8.71,141.26,21.67,22.65,4.84,6.13,14.22,40.16,7.21,29.43,17.42,28.02,14.06,8.39,16.9,4.84,281.41,237.0,7.44,175.82,11.86,40.39,56.58,3.22,20.9,15.26,26.46,4.67,3.26,27.01,38.75,29.95,138.5,20.62,6.39,53.8,86.65,35.08,1.53,19.71,7.68,6.68,6.31,33.15,15.27,72.95
2024-03-04,163.9,69.45,42.34,13.46,1676.3,31.52,64.6,177.4,60.0,25.45,292.17,149.0,28.01,16.41,21.16,74.93,48.0,5.32,22.02,15.08,13.83,189.27,54.85,86.28,17.38,4.05,43.9,14.96,4.24,7.56,40.07,141.7,28.34,6.26,28.14,6.28,36.91,25.18,25.73,9.12,4.99,16.22,76.14,140.33,209.11,89.48,38.99,7.07,53.92,14.02,64.85,35.0,10.33,37.71,14.64,30.27,24.96,26.79,27.89,10.44,4.73,9.98,34.46,165.66,18.92,5.95,87.5,291.21,15.74,13.42,6.52,4.51,7.0,43.97,23.86,16.64,104.01,5.25,73.92,25.5,21.53,43.19,41.5,10.85,4.02,60.3,26.97,5.03,38.93,26.0,6.34,30.42,5.19,24.55,52.33,6.22,12.51,18.91,6.65,37.89,11.04,21.53,8.96,94.16,8.65,143.46,22.72,23.15,4.86,6.21,14.11,40.02,7.68,29.67,17.24,27.8,14.03,8.32,16.78,4.76,289.45,236.6,7.46,170.6,12.02,39.96,57.21,3.2,20.41,15.28,27.61,4.68,3.25,29.71,38.41,29.36,139.16,20.34,6.34,52.96,85.13,34.9,1.51,19.72,7.7,6.64,6.37,31.69,15.15,71.91
2024-03-05,164.65,68.68,42.81,13.85,1695.1,32.18,65.04,175.0,58.23,25.94,291.12,149.57,28.19,16.61,21.18,74.26,48.0,5.46,22.75,14.75,13.74,190.82,54.47,86.3,17.4,4.07,44.56,14.97,4.34,7.75,40.2,135.6,28.32,6.4,28.85,6.34,37.47,24.5,25.7,9.05,5.07,16.38,76.87,141.59,207.0,90.57,39.55,7.16,52.94,13.97,66.75,35.52,10.43,39.0,14.6,29.1,25.42,26.97,30.68,10.48,4.81,9.9,34.05,169.16,19.14,5.94,88.96,297.92,15.57,13.16,6.62,4.6,7.14,46.13,24.53,16.58,105.0,5.34,74.21,24.77,21.79,42.06,40.37,11.08,4.07,60.85,27.06,4.92,38.45,24.96,6.39,30.03,5.28,24.75,52.51,6.25,12.59,19.41,6.8,38.0,11.29,21.02,9.01,96.0,8.83,142.51,22.33,24.22,4.84,6.1,14.05,38.69,7.59,29.23,17.42,27.21,14.14,8.28,16.67,4.85,306.27,241.96,7.54,172.5,11.93,40.94,58.3,3.27,20.46,15.37,25.82,4.69,3.26,30.3,39.03,29.73,142.5,19.98,6.41,51.21,85.0,35.96,1.52,19.65,7.57,6.73,6.35,31.91,14.95,71.87
2024-03-06,163.64,67.9,42.5,14.2,1680.55,31.87,64.51,170.25,58.73,25.86,291.0,146.12,27.96,16.5,21.1,72.83,47.59,5.35,22.01,14.66,13.79,191.65,52.68,84.42,17.32,4.05,43.96,14.92,4.26,7.73,40.12,135.53,28.38,6.32,28.5,6.36,37.26,23.94,25.4,8.98,5.04,16.43,75.95,139.06,204.44,94.28,39.42,7.12,54.5,14.17,66.5,34.42,10.33,39.18,14.53,29.57,25.07,27.08,28.88,10.43,4.79,9.9,34.0,167.28,18.9,5.92,87.65,298.1,16.38,13.91,6.56,4.55,7.06,45.32,25.01,16.57,105.59,5.29,78.88,24.59,21.59,41.83,40.15,11.13,4.07,61.25,27.1,4.87,38.93,24.93,6.38,30.48,5.29,24.6,52.06,6.27,12.55,19.33,6.78,37.6,11.48,21.43,8.97,94.26,8.87,142.3,21.72,24.64,4.81,6.3,13.97,38.49,7.45,29.42,18.12,27.03,14.07,8.36,16.71,4.82,293.1,238.0,7.43,168.73,11.99,40.0,57.66,3.25,20.42,15.32,25.2,4.8,3.28,29.96,38.83,29.37,141.1,20.07,6.36,50.82,84.85,35.85,1.51,19.84,7.95,6.7,6.26,31.6,14.99,71.28
2024-03-07,160.15,65.43,43.06,14.73,1683.63,32.0,65.8,164.76,52.86,25.9,291.27,145.88,27.18,16.51,20.81,70.52,47.09,5.38,22.61,14.25,13.57,188.89,51.3,80.9,17.11,4.03,41.95,14.85,4.28,7.77,40.95,133.17,28.85,6.37,28.55,6.62,36.74,23.95,24.9,9.07,5.04,16.55,77.0,138.25,203.01,91.45,40.09,7.14,52.07,14.09,66.87,33.95,10.38,39.45,14.4,28.64,24.96,27.73,27.54,10.43,4.66,9.86,33.04,164.14,19.59,5.81,83.53,296.03,16.3,13.48,6.59,4.57,7.1,44.7,24.89,16.6,105.46,5.3,81.2,25.0,21.51,40.68,38.61,11.11,4.08,60.74,28.07,4.76,37.87,24.26,6.43,31.02,5.36,24.96,50.27,6.48,12.19,19.45,6.86,37.21,11.81,20.8,9.02,92.41,8.93,135.75,21.38,25.39,4.72,6.28,13.9,37.83,7.52,29.6,17.3,27.06,13.96,8.5,17.13,4.84,285.0,237.78,7.42,167.26,12.46,39.36,56.82,3.27,20.52,15.37,24.85,4.78,3.52,29.74,38.0,29.15,139.65,19.41,6.43,50.08,82.3,34.91,1.56,20.57,7.71,6.84,6.2,31.36,14.4,70.0
2024-03-08,158.0,68.81,42.88,14.89,1671.43,31.67,66.1,171.18,51.84,25.83,301.87,148.88,27.56,16.48,20.8,71.6,47.4,5.39,24.87,14.87,13.56,188.09,52.36,82.3,17.9,4.05,41.89,14.82,4.27,7.75,40.97,142.88,31.74,6.35,28.3,6.75,37.45,26.57,25.8,9.18,5.03,16.6,77.18,138.42,203.89,99.4,39.75,7.12,53.15,13.97,66.95,33.93,10.38,39.1,14.44,30.18,24.91,27.53,28.99,10.66,4.73,9.77,34.64,174.99,19.51,5.95,87.37,292.28,16.25,13.9,6.62,4.55,7.11,44.72,24.85,16.6,108.5,5.3,89.32,24.93,21.38,42.12,40.48,11.15,4.07,61.3,30.58,4.81,37.61,24.71,6.46,31.06,5.45,24.75,50.81,6.66,12.42,19.08,6.88,37.34,11.74,21.53,9.27,93.92,8.99,137.55,22.28,25.35,4.83,6.43,13.92,37.76,7.53,29.9,17.49,26.92,13.97,8.99,17.39,4.86,280.0,237.0,7.44,165.83,12.58,39.12,56.62,3.25,20.24,15.59,25.09,4.88,3.8,31.66,37.88,29.08,137.75,19.34,6.45,50.1,81.37,34.92,1.54,20.9,8.02,6.86,6.21,31.44,14.61,71.99
2024-03-11,180.85,67.9,43.16,14.86,1694.49,31.48,65.42,179.71,54.77,25.76,303.69,149.86,28.26,16.5,21.19,74.63,47.99,5.37,25.82,15.11,13.79,198.74,52.07,83.81,17.73,4.08,43.6,14.99,4.24,7.72,40.47,138.8,31.4,6.34,28.5,6.77,37.02,26.3,25.91,9.0,5.05,16.33,77.42,141.16,206.11,109.17,38.7,7.11,55.12,13.95,66.1,34.2,10.47,40.0,14.64,30.0,25.09,26.45,28.66,10.68,4.75,9.87,36.12,170.6,19.81,5.88,88.1,304.59,16.4,14.31,6.58,4.51,7.07,45.26,25.02,17.18,106.89,5.32,89.4,24.75,21.48,41.73,43.47,11.12,4.05,60.5,29.14,4.83,42.5,25.25,6.36,30.71,5.38,24.55,51.49,6.61,13.31,19.01,6.8,38.07,11.8,22.16,8.98,95.28,8.96,139.0,21.89,25.44,4.78,6.29,14.05,40.48,7.51,29.69,17.67,28.48,14.17,8.96,17.6,4.86,280.54,242.11,7.39,172.9,12.43,40.0,55.62,3.25,19.75,15.12,25.03,4.86,3.66,33.15,38.61,29.39,138.0,21.27,6.37,53.75,84.89,35.57,1.54,20.69,8.08,6.8,6.27,31.98,14.87,72.31
2024-03-12,185.84,67.15,43.81,14.36,1745.0,31.95,64.13,169.82,57.2,24.83,298.41,155.99,28.49,16.49,21.4,79.0,47.88,5.2,24.8,15.14,13.96,205.1,52.98,80.0,17.59,4.06,44.93,15.0,4.14,7.59,39.26,134.48,29.54,6.22,28.66,6.4,34.83,25.42,25.95,8.68,5.04,15.89,79.02,148.31,208.48,108.74,37.18,7.1,53.2,14.11,65.7,34.35,10.56,40.1,14.7,29.22,25.08,25.49,28.78,10.46,4.65,10.32,35.03,164.85,19.68,5.68,87.39,305.42,16.09,14.47,6.49,4.39,6.87,44.48,24.66,17.01,102.77,5.29,84.28,24.22,21.95,41.01,42.97,11.04,4.02,58.8,27.47,4.83,42.45,25.51,6.13,30.41,5.26,24.44,50.79,6.36,13.13,19.11,6.52,39.21,11.44,22.32,8.66,96.2,8.71,138.52,22.15,24.64,4.67,6.1,14.14,40.55,7.31,29.0,17.76,28.77,14.19,8.79,17.34,4.8,283.18,255.44,7.27,185.97,12.01,42.17,57.25,3.21,19.14,15.25,24.99,4.78,3.54,32.56,38.85,29.96,139.42,22.69,6.34,53.6,87.62,36.0,1.53,20.15,8.12,6.61,6.49,32.32,14.87,73.4
2024-03-13,185.18,66.53,42.63,14.69,1727.45,31.52,64.07,171.5,56.75,24.89,292.5,154.0,28.25,16.31,21.07,78.35,47.85,5.17,24.35,15.81,13.77,206.36,52.92,79.7,18.03,4.06,44.68,14.79,4.12,7.53,39.48,137.1,29.85,6.2,28.17,6.8,34.35,26.75,26.37,8.69,4.98,15.95,78.25,147.76,205.56,106.94,37.07,7.04,51.62,13.92,65.33,34.01,10.33,39.01,14.38,29.16,23.3,25.24,28.58,10.36,4.63,10.12,34.94,165.0,19.58,5.62,88.0,298.8,15.99,15.02,6.45,4.36,6.86,43.9,24.54,17.12,102.0,5.19,84.7,23.47,21.67,39.9,43.27,10.85,3.97,59.73,27.87,5.31,42.5,25.52,6.15,30.99,5.33,24.31,50.84,6.44,13.03,18.56,6.48,38.95,11.43,21.89,8.69,96.04,8.84,137.73,22.25,24.47,4.63,6.02,14.02,40.16,7.21,28.9,17.64,28.8,14.04,9.36,17.63,4.74,294.0,254.7,7.26,185.56,12.17,41.73,56.5,3.22,19.14,15.25,24.73,4.75,3.57,32.89,38.78,28.92,138.51,23.02,6.25,53.24,87.34,35.6,1.53,20.28,7.96,6.6,6.39,30.97,14.84,72.29
2024-03-14,183.81,67.8,42.45,15.39,1716.63,31.25,64.5,172.5,53.51,24.69,289.78,151.49,27.56,16.29,20.8,77.18,46.7,5.19,22.85,15.19,13.63,212.08,51.8,80.75,17.42,4.0,47.03,14.7,4.16,7.59,39.55,146.8,30.1,6.19,28.16,7.19,34.34,26.02,25.86,8.79,5.03,16.41,77.29,149.56,201.15,106.78,37.42,7.04,52.3,13.88,64.08,33.47,10.23,38.44,14.24,28.8,23.11,25.16,27.96,10.51,4.6,9.99,34.66,169.53,19.48,5.64,87.16,297.66,15.82,15.09,6.49,4.37,6.86,43.88,24.32,16.92,102.76,5.22,83.58,23.06,21.14,39.3,42.13,10.81,3.95,59.75,28.59,5.11,41.71,25.23,6.22,31.49,5.33,24.42,50.16,6.47,12.75,18.19,6.5,38.69,11.67,21.55,8.67,93.7,8.83,136.03,21.69,24.64,4.62,6.14,13.93,39.41,7.39,29.65,17.38,28.32,13.92,9.44,17.76,4.74,288.0,251.38,7.31,187.02,12.18,41.22,58.2,3.22,19.21,15.2,24.07,4.73,3.79,32.55,37.63,28.81,140.85,22.22,6.32,52.43,88.05,35.17,1.52,21.19,7.86,6.61,6.39,30.87,14.52,70.5
2024-03-15,181.0,76.98,42.48,15.96,1717.49,31.18,64.02,171.45,51.31,24.71,289.03,150.58,27.77,16.39,20.87,77.42,46.67,5.21,23.08,15.47,13.66,209.47,52.4,80.7,17.48,4.04,47.13,14.72,4.16,7.69,38.82,156.01,31.4,6.19,28.82,7.74,34.3,27.25,25.69,8.85,5.01,16.42,78.29,152.49,204.28,103.72,37.31,7.09,52.46,13.8,63.98,33.26,10.6,38.4,14.27,29.0,22.94,24.71,27.97,10.43,4.68,10.18,34.93,177.36,19.9,5.64,90.1,294.47,15.83,14.79,6.61,4.35,6.83,43.65,24.1,17.2,102.1,5.21,88.92,23.17,21.16,39.98,41.62,10.91,3.99,59.99,28.05,5.05,41.06,25.59,6.2,31.93,5.46,23.88,50.68,6.73,12.96,17.9,6.51,38.97,11.98,21.41,8.55,93.8,8.99,135.22,21.85,25.06,4.61,6.11,13.98,39.59,7.51,31.46,17.59,29.29,14.03,10.38,19.01,4.74,293.81,251.88,7.33,187.6,12.53,41.0,57.95,3.29,21.13,15.32,25.1,4.73,4.0,33.85,37.86,28.65,140.0,21.92,6.36,52.5,89.35,35.08,1.58,22.75,7.87,6.57,6.4,30.83,14.76,71.65
2024-03-18,190.96,79.4,42.56,15.78,1708.26,31.13,62.36,195.03,53.41,24.67,298.06,155.09,28.04,16.37,21.26,77.89,47.97,5.18,25.01,16.19,13.97,218.03,52.7,83.19,18.45,4.05,47.28,15.0,4.13,7.61,38.3,161.95,33.01,6.18,29.11,7.82,35.12,27.16,26.57,8.86,5.05,16.55,78.99,153.5,207.96,107.08,36.76,7.09,53.3,13.97,64.34,33.51,10.54,38.56,14.59,29.54,23.32,24.34,28.74,10.5,4.68,10.26,35.22,179.99,20.09,5.72,93.85,293.07,15.97,14.89,6.58,4.35,6.78,43.18,24.58,17.05,103.13,5.24,91.75,23.87,21.24,42.36,42.81,10.94,3.98,60.6,28.15,5.25,42.08,25.63,6.2,31.15,5.46,23.64,51.4,6.78,13.25,17.89,6.49,38.94,11.99,21.67,8.68,100.05,8.98,139.2,24.04,24.98,4.72,6.12,14.21,40.01,7.76,31.48,17.91,29.44,14.24,10.55,19.28,4.76,308.1,250.15,7.32,186.2,12.75,41.15,56.18,3.25,22.05,15.41,25.0,4.77,3.95,35.4,38.12,29.37,139.36,22.83,6.36,52.83,89.68,35.67,1.58,23.01,7.96,6.63,6.62,31.35,15.78,72.31
2024-03-19,187.25,77.06,41.83,15.53,1708.02,30.8,62.6,186.41,50.81,24.72,295.08,153.58,29.46,16.19,20.83,77.21,47.21,5.15,25.51,16.55,13.71,216.8,48.8,80.65,18.0,4.04,45.97,14.76,4.09,7.61,38.28,162.55,32.28,6.13,29.09,7.69,34.78,26.6,26.67,8.9,5.0,16.23,78.58,157.37,206.16,105.55,37.33,7.01,52.43,14.15,62.94,33.32,10.4,40.48,14.34,29.06,23.07,24.8,28.25,10.26,4.64,10.1,34.77,173.81,20.51,5.71,94.3,292.77,15.75,14.69,6.57,4.29,6.72,42.35,24.33,16.8,103.18,5.19,91.75,23.47,20.95,41.76,42.31,10.85,3.95,59.09,28.42,5.21,41.6,25.21,6.15,30.33,5.42,23.66,50.5,6.69,13.38,18.61,6.44,38.51,11.87,21.15,8.51,100.81,8.85,135.52,24.14,25.14,4.64,6.1,14.02,39.5,7.65,31.43,17.86,29.2,14.04,11.08,19.85,4.71,304.55,250.48,7.27,190.74,12.72,40.71,55.51,3.23,22.18,15.6,24.98,4.72,3.89,33.21,37.96,28.89,136.72,22.57,6.34,52.19,87.5,35.27,1.7,22.89,7.85,6.59,6.37,31.03,15.54,72.75
2024-03-20,189.48,74.93,41.92,15.51,1709.6,31.18,61.88,185.26,50.33,25.0,296.2,154.38,29.65,16.28,20.84,77.1,47.54,5.2,25.08,16.4,13.72,218.48,47.63,80.19,18.97,4.01,45.63,14.76,4.13,7.61,38.25,162.33,32.51,6.21,29.0,7.59,34.88,26.12,25.85,9.14,5.0,16.14,77.88,156.95,205.86,104.97,37.49,7.03,53.42,14.08,62.89,33.47,10.45,41.04,14.4,29.18,23.17,25.02,,10.32,4.6,10.02,35.7,168.96,20.39,5.81,96.72,292.0,15.76,14.58,6.55,4.35,6.74,42.58,24.59,16.81,103.74,5.21,91.88,23.56,20.95,41.85,42.26,10.86,3.96,59.11,28.7,5.22,41.94,24.72,6.24,30.04,5.49,23.62,51.93,6.67,13.38,18.81,6.44,39.23,11.98,21.11,8.62,100.08,8.9,138.84,24.46,25.18,4.71,5.97,14.05,39.59,7.81,31.16,17.92,28.94,14.05,10.81,19.54,4.73,332.32,248.8,7.33,189.2,12.63,40.58,54.67,3.26,22.55,15.84,27.06,4.69,3.9,33.15,38.21,29.07,136.28,22.41,6.43,52.24,87.53,35.14,1.65,22.77,7.86,6.58,6.65,31.4,16.39,71.14
2024-03-21,189.08,75.22,42.03,15.62,1709.0,31.55,60.55,180.21,50.02,24.94,301.1,155.89,29.73,16.33,20.83,80.15,47.55,5.22,24.99,15.93,13.84,218.95,49.67,79.22,18.3,4.0,45.63,14.78,4.14,7.73,37.92,160.71,31.73,6.22,28.9,7.74,35.01,25.58,25.55,9.17,5.0,16.02,77.2,156.61,210.0,103.9,37.67,7.1,52.26,14.07,61.29,33.36,10.47,42.7,14.45,28.69,23.17,25.1,,10.33,4.56,9.84,34.66,167.68,20.26,5.77,99.88,290.0,15.55,14.85,6.58,4.37,6.76,41.72,24.6,16.66,102.68,5.21,89.6,23.11,21.18,41.06,41.2,10.96,3.96,58.73,28.38,5.34,41.77,24.53,6.25,29.51,5.63,23.29,52.23,6.91,13.61,19.42,6.46,38.77,12.32,20.85,8.67,99.67,8.95,145.9,24.35,25.93,4.72,5.94,14.06,39.21,7.81,30.64,17.75,28.63,14.16,10.78,19.81,4.76,332.07,249.73,7.36,190.3,12.97,40.78,53.75,3.29,22.06,15.6,28.11,4.66,3.94,32.2,37.98,28.94,134.57,21.9,6.64,51.76,86.55,35.16,1.63,22.86,7.82,6.54,6.72,31.51,16.16,70.19
2024-03-22,186.51,79.7,40.56,15.39,1701.35,31.2,62.62,181.31,47.91,25.01,312.51,158.81,31.84,16.27,20.5,78.38,45.6,5.25,24.43,15.7,13.55,216.95,49.29,80.12,18.19,3.92,45.93,14.65,4.18,7.69,38.14,161.46,31.84,6.24,28.65,7.48,35.0,25.4,25.05,9.08,4.96,16.05,77.24,153.43,216.5,102.97,37.94,7.04,54.09,13.95,61.39,32.73,10.36,42.25,14.24,27.88,22.66,25.38,,10.24,4.48,9.74,34.32,167.68,19.67,5.82,96.69,289.29,15.58,14.75,6.64,4.39,6.86,42.41,24.51,16.21,105.39,5.17,89.9,22.83,20.73,40.71,39.68,10.83,3.96,58.36,27.31,5.24,40.42,24.54,6.2,29.36,5.65,23.35,51.08,6.9,13.49,19.08,6.47,38.04,12.0,20.09,8.84,98.75,8.91,143.78,24.33,25.41,4.66,5.86,13.85,37.58,7.67,29.01,17.6,27.26,14.0,10.32,19.09,4.74,329.74,246.85,7.31,183.14,12.79,39.83,53.63,3.28,22.42,15.72,33.73,4.63,3.81,32.47,37.43,28.4,132.5,20.87,6.65,49.8,84.31,34.5,1.61,22.2,7.64,6.48,6.73,30.6,17.35,68.61
2024-03-25,184.8,75.85,40.44,15.74,1689.01,31.35,62.9,182.88,48.9,24.98,316.8,156.72,30.47,16.29,19.5,73.53,44.56,5.29,23.91,14.92,13.17,214.2,47.95,80.5,17.78,3.93,46.16,14.36,4.21,7.71,38.16,156.6,30.22,6.28,28.38,7.82,34.8,24.23,24.76,9.28,4.96,16.27,78.24,151.72,210.04,102.6,38.51,7.06,51.77,14.61,60.7,32.65,10.4,42.17,13.83,27.52,22.48,25.99,,10.22,4.43,10.37,33.76,166.51,19.52,5.85,91.27,287.88,15.41,14.52,6.68,4.4,6.85,42.29,24.56,16.05,104.0,5.2,87.0,22.19,20.56,40.26,37.4,10.9,3.97,58.4,28.12,4.99,39.34,24.42,6.23,29.61,5.67,23.56,49.11,7.16,13.34,18.98,6.47,37.77,11.99,19.94,8.79,97.35,9.0,143.75,23.11,25.56,4.63,6.24,13.54,36.59,7.7,29.71,16.9,26.7,13.87,10.2,19.62,4.74,319.0,246.52,7.31,183.2,13.26,39.63,56.04,3.3,22.01,15.74,32.7,4.65,3.82,31.3,36.86,28.15,132.62,20.02,6.6,48.5,84.81,34.2,1.6,22.51,7.51,6.49,6.63,30.28,17.35,66.25
2024-03-26,191.8,70.47,40.9,15.53,1709.29,32.4,62.72,172.6,47.46,24.84,310.88,152.79,30.95,16.46,19.6,76.47,44.54,5.33,23.73,14.8,13.14,219.6,47.04,76.29,17.76,3.94,46.27,14.43,4.23,7.79,38.1,153.8,31.1,6.35,28.31,7.78,34.97,24.21,25.0,9.21,4.97,16.51,80.01,155.22,201.35,103.45,38.03,7.15,48.77,14.75,60.47,32.35,10.6,42.15,13.95,27.05,22.67,25.26,,10.2,4.47,10.83,32.75,158.5,19.21,5.87,94.5,286.18,15.37,14.33,6.72,4.44,6.94,42.98,24.36,16.19,104.01,5.24,87.8,21.58,20.86,40.53,36.12,11.08,4.01,58.3,28.05,4.9,41.06,24.11,6.2,29.61,5.7,23.59,48.02,7.18,13.42,19.0,6.55,37.94,11.99,20.22,8.82,96.82,9.01,138.0,23.25,25.5,4.62,6.31,13.63,37.13,7.78,29.65,16.9,27.45,13.86,9.91,19.58,4.82,306.4,250.18,7.29,187.31,13.11,41.0,55.25,3.35,23.51,15.69,31.9,4.7,3.76,31.24,36.77,28.64,134.18,22.02,6.71,49.42,85.06,33.72,1.59,22.39,7.56,6.49,6.61,30.66,18.22,65.9
2024-03-27,188.0,67.01,40.65,15.72,1701.0,32.3,63.67,169.17,46.58,24.83,308.55,150.79,29.41,16.59,19.35,70.75,43.41,5.36,22.41,14.01,12.79,211.98,45.3,75.23,17.11,3.95,45.91,14.27,4.28,7.85,38.67,151.0,30.08,6.43,28.14,7.89,34.7,23.6,24.28,9.17,4.96,16.08,79.74,152.66,192.0,102.08,38.84,7.17,47.05,14.58,59.55,32.45,10.53,42.27,13.75,26.15,22.6,25.14,29.11,10.29,4.53,10.5,31.16,154.2,18.73,5.94,89.55,283.36,15.12,13.72,6.73,4.49,6.95,42.8,24.08,15.92,105.31,5.23,87.33,20.63,20.94,40.32,33.92,11.1,4.07,58.1,27.85,4.63,38.84,23.16,6.22,29.32,5.7,23.78,45.85,7.1,13.1,18.76,6.55,36.38,12.07,19.54,8.87,97.41,9.05,131.03,22.55,25.61,4.58,6.19,13.45,35.76,7.74,29.86,16.02,26.4,13.82,9.8,19.17,4.85,293.0,246.26,7.33,184.45,12.77,40.05,51.8,3.36,23.24,15.51,28.96,4.65,3.77,29.73,36.17,28.13,132.5,21.76,6.68,47.5,83.18,32.93,1.57,22.12,7.33,6.51,6.45,30.23,18.9,64.12
2024-03-28,188.78,67.97,40.69,16.1,1701.64,32.18,64.58,178.66,47.03,24.85,306.69,149.26,29.75,16.25,19.31,72.75,44.0,5.25,23.45,14.48,12.88,208.38,46.46,76.79,17.54,4.03,46.21,14.25,4.17,7.84,39.2,151.82,30.46,6.25,27.81,8.17,34.6,24.48,24.86,9.25,4.99,16.31,80.45,153.1,187.14,103.2,38.64,7.17,48.87,14.45,60.23,32.55,10.49,42.05,13.82,27.45,22.62,25.0,29.03,10.38,4.66,10.47,31.66,154.69,19.09,5.98,91.96,279.89,15.13,14.06,6.71,4.38,6.83,42.95,24.11,15.9,106.09,5.22,88.56,21.95,20.82,44.35,34.54,11.06,4.06,58.22,28.15,4.76,39.27,24.01,6.22,29.72,5.65,25.08,49.62,7.11,13.55,18.54,6.62,36.34,12.36,19.61,8.95,98.5,9.03,134.82,23.62,26.16,4.61,6.21,13.42,35.93,7.71,29.75,15.79,26.57,13.84,10.01,19.44,4.76,298.99,245.1,7.32,185.06,13.62,39.58,50.37,3.12,23.42,15.67,30.41,4.68,3.91,30.48,36.49,28.5,131.13,21.78,6.61,47.66,86.18,33.57,1.59,22.5,7.43,6.47,6.5,30.16,20.28,64.36
2024-03-29,190.16,67.0,40.81,16.82,1702.9,32.2,64.22,173.46,46.18,24.93,305.6,149.3,29.41,15.78,19.2,71.87,43.66,5.28,22.77,14.59,12.89,203.06,45.95,77.26,17.23,4.06,45.97,13.87,4.23,7.9,39.31,151.27,30.18,6.34,27.9,8.32,37.0,24.22,24.69,9.88,5.02,16.69,82.8,153.51,188.51,103.8,39.09,7.13,47.75,14.58,61.22,32.16,10.52,43.15,14.04,27.99,23.0,25.09,28.13,10.35,4.67,10.78,33.8,156.56,19.37,6.08,93.35,281.46,15.32,14.03,6.72,4.4,6.87,43.26,24.34,16.04,105.76,5.24,89.18,21.71,20.63,42.9,35.09,11.11,4.05,59.65,29.23,4.72,39.16,23.73,6.39,30.28,5.66,24.95,48.72,7.4,13.64,19.0,6.82,36.4,13.21,19.51,9.19,98.41,8.96,130.96,23.2,28.23,4.67,6.36,13.35,36.36,7.96,31.53,15.98,27.12,13.96,10.33,19.51,4.75,291.0,245.08,7.36,184.59,13.8,39.41,50.13,3.12,23.66,16.35,31.01,4.69,3.97,30.02,36.39,28.5,129.8,22.23,6.77,47.97,85.42,33.96,1.6,23.28,7.53,6.64,6.52,29.82,22.31,65.02
2024-04-01,197.84,70.93,41.25,16.87,1721.33,32.64,66.22,174.58,47.84,24.73,308.0,151.75,29.67,15.83,19.41,72.44,44.3,5.29,23.31,15.12,13.09,212.01,45.8,78.48,17.65,4.34,46.32,13.97,4.23,7.96,40.12,163.24,31.8,6.48,28.15,8.25,37.45,24.47,25.9,9.74,5.07,17.17,84.55,157.28,185.9,109.04,38.38,7.23,48.89,14.98,61.47,32.85,10.64,44.64,14.26,28.16,23.72,24.73,28.12,10.39,5.14,11.2,36.8,163.0,19.93,6.02,95.67,282.75,15.56,14.1,6.78,4.46,6.91,44.8,24.43,16.47,104.59,5.27,95.9,22.08,21.52,44.03,34.99,11.29,4.02,59.22,28.98,4.86,40.68,24.19,6.36,31.06,5.71,25.62,49.53,7.22,14.18,19.44,6.87,36.52,13.4,20.15,8.88,100.55,9.09,135.7,22.69,29.49,4.74,6.58,13.46,39.37,7.96,31.69,16.6,29.83,14.13,10.27,19.68,4.75,306.44,252.54,7.37,191.35,14.12,39.79,52.83,3.1,23.13,16.84,30.87,4.7,3.97,31.07,36.35,29.43,128.14,23.2,6.93,50.31,87.5,34.06,1.63,23.55,7.66,6.63,6.71,30.53,22.89,65.3
2024-04-02,199.7,71.35,41.0,16.95,1713.99,32.55,66.25,170.88,47.06,24.64,298.6,149.55,28.64,15.59,19.31,71.9,43.95,5.34,22.9,15.15,12.95,212.34,45.75,77.26,17.05,4.3,45.46,13.82,4.27,8.0,39.99,161.08,30.74,6.5,27.77,8.34,37.44,24.18,25.63,9.96,5.09,17.78,85.0,155.5,179.84,107.1,39.05,7.27,47.54,14.93,61.1,32.19,10.55,44.33,14.27,27.74,23.67,25.25,27.1,10.57,5.01,11.13,35.16,162.55,20.15,6.01,94.17,281.47,15.45,13.73,6.81,4.5,6.96,44.04,24.26,16.5,104.44,5.22,94.99,21.54,21.73,41.55,33.91,11.39,4.06,59.1,29.8,5.07,41.2,23.4,6.47,31.15,5.7,25.96,48.8,7.23,13.8,19.17,6.91,35.76,13.25,20.05,8.89,97.4,9.08,133.06,22.41,29.07,4.72,6.56,13.36,39.62,8.19,31.83,16.43,32.08,14.14,10.79,20.5,4.75,300.9,254.3,7.39,190.97,14.24,38.79,52.71,3.08,23.57,16.89,28.33,4.77,3.97,30.8,35.7,29.07,126.79,24.45,6.94,50.62,85.69,33.6,1.63,24.04,7.92,6.69,6.71,30.66,20.6,63.81
2024-04-03,197.65,67.77,40.5,17.51,1715.11,32.23,66.73,162.1,47.31,24.44,297.68,150.09,28.76,15.41,19.16,71.61,44.24,5.33,21.92,14.89,12.81,208.16,45.27,74.5,16.88,4.34,44.76,13.73,4.29,7.92,40.37,153.6,29.62,6.51,27.67,8.74,37.8,23.94,25.64,10.18,5.09,17.77,84.9,154.6,180.85,104.88,39.59,7.23,46.05,14.83,61.48,31.78,10.46,45.26,14.12,27.22,23.61,25.73,27.18,10.58,5.12,11.17,33.96,156.1,20.79,6.0,100.15,281.32,15.54,13.32,6.79,4.48,6.95,44.14,23.62,16.85,104.55,5.2,93.6,21.0,21.18,39.35,33.19,11.32,4.03,59.02,29.92,4.99,40.47,22.31,6.5,32.89,5.69,26.35,47.66,7.49,13.93,19.65,6.9,35.34,13.46,19.85,8.91,96.97,9.1,128.42,21.86,29.74,4.67,6.49,13.21,39.89,8.22,33.36,16.32,31.8,14.15,11.65,21.55,4.71,285.0,253.68,7.41,192.57,15.14,38.55,50.15,3.06,22.3,16.93,26.53,4.72,4.11,29.51,35.72,28.89,127.55,23.89,6.89,51.01,84.5,33.23,1.67,25.32,7.84,6.67,6.84,30.52,19.61,62.9
2024-04-08,194.6,69.09,40.22,17.3,1666.66,32.4,65.32,158.97,46.11,25.36,300.18,149.2,28.04,15.48,18.92,69.74,42.51,5.4,22.0,14.27,12.53,212.0,43.9,74.01,16.53,4.35,45.4,13.53,4.34,7.97,39.57,159.86,30.02,6.55,27.27,8.64,38.6,24.19,24.77,10.27,5.12,17.75,87.0,147.29,179.31,103.43,39.58,7.28,45.9,15.08,59.55,31.6,10.43,44.89,13.98,26.84,23.34,25.47,26.08,10.64,5.1,10.76,33.11,164.56,20.71,6.04,94.01,276.25,15.24,13.31,6.82,4.53,7.04,44.9,23.87,16.78,105.61,5.19,92.8,20.58,21.21,39.8,31.97,11.37,4.01,62.03,29.75,4.82,38.61,21.75,6.51,32.0,5.74,26.39,47.0,7.33,13.77,19.6,6.87,34.84,13.81,19.41,9.55,94.5,9.24,126.6,21.6,31.78,4.68,6.67,13.1,39.11,7.99,33.28,15.83,30.95,13.9,11.98,20.88,4.75,283.69,246.62,7.46,180.3,14.72,37.87,48.88,3.07,22.24,16.88,26.52,4.83,4.12,29.35,34.87,28.19,125.1,23.01,6.86,50.22,81.87,32.55,1.67,25.6,7.69,6.71,6.92,30.0,18.75,60.75
2024-04-09,196.0,67.51,40.11,17.01,1662.22,32.31,65.04,157.56,46.92,25.15,299.07,147.42,28.45,15.46,18.93,69.85,42.7,5.33,21.89,14.48,12.61,212.08,44.25,75.79,16.51,4.33,45.54,13.54,4.28,7.94,38.1,156.1,29.74,6.51,27.36,8.48,37.44,24.19,25.3,10.12,5.06,17.52,86.9,146.48,181.0,102.18,39.69,7.26,45.48,15.06,58.28,31.84,10.4,44.37,13.88,27.02,23.21,25.36,26.21,10.53,5.02,10.92,32.58,164.9,21.6,5.93,92.0,279.3,14.51,13.43,6.78,4.49,7.01,44.15,23.67,17.07,104.76,5.11,92.46,20.34,21.12,38.47,32.34,11.35,3.98,60.42,29.11,4.87,40.14,21.88,6.33,31.62,5.71,26.14,47.16,7.2,13.72,19.23,6.74,34.86,13.43,19.67,9.27,95.2,9.2,127.13,21.9,31.36,4.61,6.59,13.18,41.45,7.98,32.4,16.1,32.06,13.88,11.7,21.15,4.69,284.18,245.55,7.41,178.19,14.27,37.94,49.69,3.07,22.37,16.61,26.56,4.84,4.11,29.49,35.13,27.91,125.8,25.31,6.91,52.2,82.01,32.49,1.72,25.49,7.84,6.64,6.98,29.81,18.69,61.85
2024-04-10,192.74,65.47,39.2,17.99,1647.98,32.49,65.17,150.09,45.58,25.63,291.28,142.99,27.69,15.72,18.41,66.42,42.18,5.34,21.1,13.93,12.42,211.84,43.15,73.55,15.83,4.26,45.45,13.34,4.29,7.91,37.92,147.03,29.12,6.57,27.19,8.74,37.2,23.4,24.88,10.27,5.08,17.55,87.42,143.12,174.71,99.57,40.13,7.27,43.93,15.37,58.02,31.18,10.28,43.99,13.51,26.49,22.76,25.69,25.17,10.55,4.97,10.75,31.55,159.5,20.7,5.95,86.3,274.6,14.32,12.9,6.8,4.5,7.03,44.38,23.48,16.87,104.68,5.05,91.23,19.68,20.46,37.1,31.36,11.38,3.97,60.55,29.26,4.71,39.35,21.44,6.36,31.46,5.7,26.21,45.9,7.23,13.4,18.86,6.67,34.43,13.56,19.17,9.44,95.65,9.15,122.34,21.38,31.61,4.56,6.85,13.04,40.39,8.06,32.51,15.65,31.14,13.61,11.66,20.93,4.68,282.08,244.76,7.44,175.7,14.39,37.4,50.28,3.06,21.77,16.66,26.11,4.84,4.24,28.99,34.51,27.53,126.08,24.94,6.9,50.85,79.03,32.18,1.65,26.4,7.71,6.64,6.99,29.03,18.76,60.03
2024-04-11,192.6,66.09,38.95,17.99,1648.0,32.3,65.07,156.18,43.8,25.61,290.77,140.1,27.63,15.65,18.34,70.18,41.19,5.32,21.25,13.64,12.32,212.98,47.15,74.01,15.7,4.24,44.94,13.27,4.27,7.93,37.9,150.52,28.79,6.57,27.02,8.7,37.7,23.09,24.95,10.23,5.07,17.9,86.8,142.34,171.6,98.79,40.0,7.24,44.38,15.95,58.65,31.24,10.25,43.14,13.42,26.76,22.93,25.99,25.39,10.58,4.92,10.72,31.49,160.15,20.41,5.95,86.04,271.81,14.68,13.04,6.83,4.48,6.98,44.86,24.51,16.69,103.02,5.09,90.0,20.1,20.79,37.79,30.88,11.38,3.94,64.19,29.37,4.72,38.62,21.21,6.38,32.16,5.66,26.38,46.41,7.33,13.26,18.48,6.77,34.13,13.41,19.02,9.39,96.45,9.16,117.58,21.25,31.27,4.55,7.12,12.97,39.73,7.97,31.72,15.42,30.64,13.63,11.78,21.45,4.64,287.76,243.71,7.51,178.24,14.5,36.89,52.7,3.06,22.5,16.84,26.77,4.82,4.16,28.65,34.36,27.6,124.1,25.55,6.91,50.06,78.24,31.79,1.66,25.57,7.76,6.69,7.04,29.05,18.37,59.58
2024-04-12,188.39,69.5,37.78,18.39,1634.03,32.12,64.89,160.2,42.89,25.42,290.0,138.66,27.82,15.49,17.94,73.85,40.33,5.32,22.26,13.75,12.1,210.6,47.94,77.99,16.33,4.23,44.09,13.05,4.28,7.9,38.18,167.81,30.24,6.55,26.57,8.96,37.28,23.92,24.98,10.27,5.03,17.9,86.11,140.49,171.0,96.28,39.73,7.13,45.0,15.62,58.63,30.92,10.06,42.18,13.1,26.96,22.11,25.94,25.53,10.63,4.86,10.49,32.63,169.33,20.17,5.96,87.11,270.64,14.39,13.34,6.78,4.49,7.03,44.75,24.7,16.47,101.05,5.01,96.8,20.02,21.16,37.85,30.89,11.35,3.91,65.64,29.2,4.64,36.69,20.87,6.38,32.41,5.6,26.51,46.0,7.42,13.48,18.12,6.78,34.29,14.0,18.56,9.28,95.03,9.09,112.91,21.99,33.11,4.52,6.99,12.74,38.6,8.45,32.08,15.24,30.5,13.49,11.6,21.3,4.6,295.99,240.1,7.51,170.86,14.76,36.16,52.05,3.02,22.5,16.9,27.79,4.78,4.19,29.01,34.45,26.53,123.47,24.16,6.85,48.92,75.98,31.81,1.64,25.9,7.65,6.74,6.92,27.92,18.61,61.48
2024-04-15,197.14,70.83,38.36,18.46,1672.98,32.83,66.84,153.61,42.38,25.89,313.02,146.49,27.8,15.77,17.74,73.2,41.19,5.42,22.24,13.72,12.45,213.62,49.05,78.66,16.27,4.3,44.56,13.32,4.37,8.02,39.4,165.46,30.52,6.68,27.04,9.16,39.58,25.5,24.29,10.67,5.15,18.39,88.0,147.32,184.97,99.73,41.05,7.3,45.6,15.83,60.2,31.19,10.29,42.48,13.33,28.19,23.63,26.78,25.74,10.81,4.99,11.38,32.38,169.5,20.29,6.14,87.16,277.5,14.59,13.49,6.87,4.59,7.14,45.42,25.1,16.68,104.84,5.23,97.98,20.33,21.32,37.75,31.17,11.5,3.98,66.7,29.85,4.51,37.01,21.5,6.65,33.2,5.66,27.19,45.78,7.58,13.64,18.33,7.46,34.84,13.52,18.69,9.56,96.29,9.23,117.2,22.14,31.94,4.73,7.32,12.89,38.77,8.63,32.35,15.25,30.09,13.88,11.58,21.0,4.73,295.21,251.79,7.59,180.94,15.36,36.85,53.0,3.08,23.13,17.17,28.08,4.86,4.18,29.1,35.66,27.52,125.63,24.25,6.92,49.21,77.33,32.72,1.63,26.47,7.68,6.9,7.01,29.16,18.97,61.3
2024-04-16,197.15,68.25,38.28,17.94,1670.0,32.75,68.31,144.9,41.19,25.93,309.03,143.59,26.85,15.93,17.63,68.87,41.18,5.47,21.81,13.22,12.24,211.63,47.78,77.85,15.65,4.22,44.26,13.16,4.43,7.97,39.38,166.53,29.78,6.7,27.23,8.85,38.64,24.64,24.38,10.9,5.1,18.16,87.0,144.97,177.91,99.1,41.7,7.26,46.01,15.31,60.82,31.56,10.28,42.82,13.25,27.59,23.34,27.04,24.71,10.72,4.84,11.12,31.08,166.36,19.88,6.14,84.29,267.8,14.5,13.05,6.85,4.64,7.17,45.53,25.03,15.99,105.2,5.23,88.96,19.65,21.18,36.67,29.28,11.53,3.95,66.58,29.87,4.17,35.68,20.78,6.68,32.45,5.65,27.76,45.58,7.17,13.07,18.65,7.66,34.17,13.04,18.2,9.47,94.22,9.24,112.59,21.28,30.61,4.73,6.97,12.77,36.65,8.49,29.12,14.79,28.1,13.81,10.87,20.22,4.79,285.01,247.81,7.49,176.3,14.46,36.54,52.23,3.07,22.65,16.89,28.65,4.83,4.0,27.68,36.04,27.13,120.6,22.42,6.9,46.83,75.85,32.32,1.6,25.25,7.4,7.0,6.98,28.55,17.19,60.33
2024-04-17,195.99,71.45,38.95,18.08,1667.0,33.3,68.58,150.1,43.15,25.98,310.75,141.84,27.28,16.18,18.1,75.76,41.75,5.5,22.5,13.78,12.53,213.0,49.5,80.04,16.39,4.28,44.39,13.39,4.46,8.08,39.57,171.71,31.21,6.76,27.36,9.04,39.37,26.5,25.24,10.93,5.17,18.49,87.08,145.3,186.27,99.06,41.9,7.34,47.99,16.11,61.79,32.11,10.62,43.04,13.5,28.99,23.52,27.07,25.59,10.87,5.02,11.36,32.76,174.61,20.4,6.33,95.19,272.56,14.7,13.38,6.96,4.66,7.28,45.31,25.55,16.32,106.1,5.35,89.48,20.56,22.15,38.25,31.21,11.84,4.03,67.97,29.75,4.34,36.51,20.9,6.64,33.19,5.75,27.85,47.08,7.45,13.63,18.47,7.88,34.85,13.3,18.6,9.6,99.1,9.32,115.3,22.08,31.03,4.82,7.55,12.98,37.58,8.72,28.9,15.25,28.84,14.03,11.75,20.85,4.86,289.22,243.23,7.63,176.9,14.99,37.27,54.88,3.14,23.57,16.93,30.72,4.86,4.12,29.55,36.34,27.56,122.22,22.99,7.05,47.88,77.17,32.9,1.63,26.03,7.68,7.21,7.06,29.22,18.19,62.24
2024-04-18,195.56,70.5,39.7,18.47,1670.78,33.65,70.0,150.1,43.43,25.95,305.22,137.88,27.05,16.3,18.21,76.0,41.61,5.52,22.9,14.24,12.47,213.6,47.64,79.3,16.56,4.3,42.35,13.44,4.49,8.24,40.0,168.31,30.92,6.85,27.7,9.47,38.76,26.98,25.56,10.62,5.17,18.39,87.21,144.98,181.4,97.12,41.36,7.33,46.75,15.73,61.26,31.97,10.8,43.58,13.63,28.66,24.27,26.97,25.55,10.85,4.98,11.84,32.51,173.38,20.26,6.21,94.92,272.2,14.62,13.07,7.02,4.69,7.3,46.34,26.05,16.51,105.15,5.38,89.23,20.28,22.33,37.73,31.03,12.0,4.06,67.16,29.15,4.31,36.2,21.65,6.54,32.95,5.8,28.48,46.46,7.36,13.67,18.58,7.77,34.9,13.36,18.79,9.47,97.83,9.34,113.9,21.87,31.1,4.84,7.39,13.04,37.79,8.6,30.4,15.17,30.28,14.22,11.62,21.09,4.91,286.81,242.4,7.56,178.19,14.8,37.68,53.92,3.19,23.5,16.53,29.2,4.84,4.28,30.4,35.98,28.47,122.89,22.48,7.04,48.28,76.41,32.59,1.64,27.42,7.67,7.29,7.0,30.49,18.44,62.9
2024-04-19,190.8,68.8,39.42,18.63,1646.64,33.62,70.0,141.41,42.2,26.0,298.48,133.85,26.39,16.18,18.13,74.09,41.38,5.55,22.05,14.2,12.33,210.13,45.9,75.5,16.34,4.24,41.68,13.41,4.54,8.17,39.94,162.51,29.97,6.9,27.66,9.48,39.1,26.14,25.0,10.92,5.16,18.49,86.55,142.9,170.66,95.16,41.89,7.34,44.67,15.75,61.0,32.1,10.69,43.48,13.52,28.03,24.26,27.23,24.54,10.98,4.98,12.05,31.47,170.7,19.99,6.25,98.97,271.39,14.29,12.63,7.04,4.72,7.35,46.0,25.51,17.41,106.76,5.36,85.6,19.67,22.27,35.85,30.09,12.05,4.03,66.04,30.3,4.19,35.0,20.82,6.67,34.22,5.8,28.74,44.6,7.3,13.61,18.29,7.8,34.4,13.44,18.45,9.43,93.31,9.33,110.7,21.93,31.43,4.84,7.35,12.91,36.9,8.87,30.78,14.82,29.65,14.29,11.39,19.91,4.88,276.24,238.88,7.61,175.68,14.54,37.19,53.5,3.16,23.28,16.99,28.4,4.77,4.23,30.52,36.57,28.09,121.35,21.33,6.96,47.04,72.35,32.87,1.62,27.18,7.44,7.36,6.95,29.95,19.2,62.18
2024-04-22,190.6,65.15,39.83,17.8,1675.06,33.34,69.98,138.25,42.1,25.86,297.92,134.49,27.25,16.13,18.28,75.96,41.31,5.48,20.84,14.0,12.38,208.56,46.73,73.35,16.02,4.22,41.86,13.4,4.5,8.21,39.57,154.8,28.71,6.84,27.89,9.19,37.53,25.0,25.3,10.63,5.16,18.16,86.29,144.56,174.4,93.99,40.3,7.29,42.51,15.33,61.28,32.85,10.5,45.16,13.47,27.48,24.35,25.87,24.06,11.04,4.89,12.55,30.52,158.36,19.91,6.24,95.9,278.53,14.12,12.53,7.0,4.66,7.3,45.75,25.58,17.26,106.13,5.36,83.52,19.28,22.05,35.51,30.21,12.54,3.99,64.9,28.89,4.1,34.85,20.39,6.5,33.15,5.75,28.49,44.28,7.31,13.65,19.04,7.43,35.61,12.93,19.25,9.41,94.52,9.32,111.11,22.4,30.39,4.76,7.06,12.92,36.4,8.79,29.68,14.9,30.32,14.39,11.1,19.27,4.84,276.5,243.7,7.5,178.21,14.31,38.0,52.93,3.13,22.32,16.76,28.03,4.75,4.05,30.15,38.27,28.46,122.97,20.43,6.9,45.99,72.54,33.96,1.62,26.29,7.35,7.28,6.98,29.99,18.07,63.23
2024-04-23,189.93,69.04,39.89,17.04,1692.28,33.38,68.39,139.24,42.63,25.77,302.86,134.3,27.59,16.0,18.27,74.5,41.11,5.5,20.59,13.9,12.44,205.04,46.17,71.62,15.75,4.21,44.07,13.31,4.5,8.23,39.15,158.52,29.55,6.92,27.92,8.6,36.55,25.41,25.3,10.35,5.18,17.53,84.5,147.03,178.6,96.98,39.9,7.34,41.88,14.95,59.95,32.6,10.54,44.99,13.32,27.5,24.04,25.45,23.52,10.97,4.78,12.16,30.61,157.51,19.05,6.1,94.8,284.5,13.72,12.55,6.97,4.66,7.31,45.07,25.47,16.86,104.66,5.22,83.01,19.02,21.93,34.93,30.34,12.49,3.96,63.8,28.36,4.09,35.0,21.06,6.42,32.82,5.68,28.38,41.97,6.89,13.6,19.16,7.28,35.39,12.41,18.78,9.17,93.28,9.34,112.35,22.45,29.0,4.71,6.86,12.9,35.76,8.48,28.14,14.82,28.27,14.29,10.42,18.48,4.85,285.75,248.4,7.45,181.0,13.68,37.97,51.24,3.11,21.86,16.53,28.02,4.71,3.81,31.47,38.02,28.58,126.43,20.78,6.89,45.14,71.72,34.35,1.59,24.65,7.26,7.03,6.9,29.54,17.92,67.3
2024-04-24,189.6,79.38,40.6,17.54,1693.6,33.46,67.9,153.19,41.96,25.77,305.0,135.52,27.67,15.91,18.27,77.9,41.25,5.47,22.24,14.1,12.45,207.42,47.09,75.29,16.24,4.28,43.7,13.33,4.49,8.16,38.87,152.1,31.44,6.91,27.98,8.85,36.92,30.05,25.45,10.43,5.16,17.79,84.43,148.98,183.3,95.2,39.8,7.36,44.21,15.44,59.18,32.51,10.53,44.2,13.28,28.24,24.76,25.22,24.38,11.15,4.84,12.08,32.06,168.27,19.54,6.09,98.36,285.85,13.8,12.91,6.98,4.63,7.24,45.28,25.78,16.41,104.85,5.27,87.18,19.71,21.8,36.81,30.79,12.28,3.97,65.12,28.68,4.1,34.27,21.94,6.49,32.48,5.64,28.06,43.42,7.08,13.47,19.2,7.27,35.09,12.84,18.5,9.43,92.8,9.34,112.83,22.73,29.31,4.73,6.99,12.9,33.36,8.55,28.12,14.97,27.62,14.29,10.68,18.97,4.81,304.7,249.09,7.52,182.09,13.91,37.71,51.75,3.11,22.0,16.51,30.03,4.72,3.88,31.82,38.23,28.96,125.68,20.18,6.98,40.63,72.29,35.25,1.6,25.3,7.31,7.07,7.0,30.33,18.74,71.58
2024-04-25,193.2,79.16,41.06,17.4,1693.04,34.4,68.24,150.0,41.6,25.68,306.34,135.78,28.54,16.17,18.18,77.11,41.34,5.49,22.19,14.12,12.35,208.94,48.3,74.7,16.32,4.32,44.3,13.35,4.55,8.44,38.95,146.7,31.11,6.94,28.08,8.87,37.05,29.43,25.49,10.54,5.23,17.54,84.5,148.98,182.48,96.89,39.96,7.41,44.19,15.36,57.43,32.64,10.61,44.3,13.31,27.8,25.2,25.22,24.31,11.33,4.84,11.98,31.61,164.15,19.63,6.09,97.84,285.1,13.57,12.82,7.08,4.65,7.24,44.75,25.18,16.29,104.3,5.29,87.13,19.44,22.19,36.2,30.52,12.68,3.98,64.59,28.85,3.96,35.92,21.84,6.54,31.92,5.68,28.43,42.98,7.35,13.5,19.21,7.27,36.09,12.88,18.27,9.34,93.88,9.45,111.04,23.6,29.3,4.74,6.97,12.88,34.03,8.55,28.39,15.15,27.65,14.42,10.65,19.02,4.84,297.01,245.58,7.52,179.97,14.35,38.06,50.54,3.14,21.56,16.47,29.78,4.72,3.9,32.43,38.21,29.06,127.39,20.26,7.07,39.19,71.93,34.87,1.6,25.63,7.33,7.11,6.99,30.39,18.42,71.17
2024-04-26,198.48,83.8,41.53,18.27,1709.43,34.48,68.37,161.99,42.92,25.57,313.66,135.04,28.79,16.43,19.16,78.7,42.06,5.4,24.41,14.73,13.12,219.37,50.77,79.16,16.83,4.37,45.61,13.86,4.45,7.67,39.5,156.65,33.16,6.85,28.01,9.28,37.44,30.53,26.09,10.68,5.19,17.66,86.74,152.25,183.85,99.27,39.55,7.42,46.59,16.04,59.29,32.87,10.6,44.44,14.24,28.74,25.37,25.06,25.17,11.33,4.93,11.92,33.52,184.86,19.88,6.08,97.81,288.8,13.86,12.56,7.12,4.56,7.12,49.23,24.1,16.45,103.66,5.35,92.1,20.22,21.93,37.5,32.1,12.37,3.95,65.75,29.97,4.09,36.29,22.16,6.54,31.45,5.5,28.35,44.35,7.53,13.97,19.21,7.23,36.34,13.35,18.62,9.28,96.71,9.03,121.0,23.69,29.99,4.76,6.89,13.41,34.3,8.58,28.54,15.59,28.25,15.24,10.71,19.56,4.74,311.5,252.29,7.44,186.42,14.67,38.84,51.08,3.11,23.65,16.67,30.89,4.76,4.03,33.8,37.96,29.55,129.1,20.86,6.61,38.87,74.26,34.96,1.62,26.58,7.43,7.09,6.85,31.01,18.98,71.83
2024-04-29,209.63,87.3,42.08,17.66,1704.0,34.88,68.2,171.01,44.57,25.48,323.0,145.68,29.83,16.74,19.38,78.75,43.05,5.38,24.52,15.3,13.25,221.38,51.33,79.92,18.51,4.34,46.18,13.88,4.41,7.9,40.51,163.02,33.53,6.8,28.29,9.01,36.63,30.58,27.99,10.22,5.12,17.74,89.85,151.75,192.88,106.32,39.0,7.42,47.77,16.12,59.98,33.26,10.81,43.62,14.37,28.88,26.55,24.23,26.2,11.33,4.82,12.02,33.85,187.7,19.88,5.97,99.3,302.11,14.18,13.58,7.2,4.57,7.07,48.8,23.65,17.0,102.79,5.45,93.59,21.06,22.84,38.49,33.39,12.77,3.98,64.25,29.28,4.4,37.74,22.67,6.26,31.47,5.53,28.8,45.51,7.44,14.34,19.08,7.09,36.42,13.34,19.0,9.1,102.63,9.24,123.64,24.47,29.24,4.69,6.91,13.43,36.59,8.28,28.62,15.94,29.05,14.91,10.81,19.39,4.74,314.0,258.05,7.03,189.0,14.37,39.57,51.36,3.13,23.98,16.56,31.32,4.84,4.02,33.69,38.35,30.81,132.6,21.72,6.75,40.79,76.42,35.74,1.62,26.03,7.84,7.03,7.01,31.62,20.44,77.1
2024-04-30,202.6,86.5,41.36,17.61,1705.0,34.31,69.78,171.39,43.67,25.79,319.0,141.67,29.2,16.85,19.01,78.75,41.91,5.43,24.5,15.39,13.05,218.5,50.91,79.25,19.45,4.36,46.16,13.76,4.4,8.08,42.12,161.35,33.5,6.88,28.61,8.98,36.5,29.68,27.92,10.27,5.09,17.39,89.1,150.43,181.67,103.35,39.83,7.7,47.68,16.31,59.5,33.11,10.79,43.62,13.77,28.67,25.8,24.53,25.77,11.77,4.78,11.93,33.64,186.31,19.3,6.0,96.27,304.59,14.15,13.57,7.3,4.59,7.12,49.83,23.54,16.59,102.67,5.36,93.42,20.95,22.93,40.91,32.98,12.9,3.95,65.14,29.92,4.68,36.97,21.91,6.35,31.94,5.58,30.26,45.11,7.42,14.31,19.18,6.99,36.25,13.12,18.2,9.24,101.6,9.32,120.91,24.14,28.87,4.69,7.03,13.21,35.26,8.53,28.84,15.8,28.49,14.64,10.8,19.17,4.8,310.0,262.31,6.92,186.1,14.39,39.26,51.0,3.15,23.65,16.59,31.41,4.69,4.04,33.45,38.7,30.66,132.56,21.0,6.76,39.51,74.9,35.36,1.6,26.13,7.63,6.95,6.5,31.5,19.61,76.87
2024-05-06,206.98,85.87,42.49,17.52,1760.2,34.88,71.01,164.72,45.78,25.47,318.79,143.21,30.99,16.82,19.21,81.94,42.56,5.37,24.82,16.05,13.25,226.3,51.05,79.24,19.59,4.52,47.16,13.86,4.35,8.02,43.41,153.53,33.1,6.79,28.8,8.83,37.04,29.19,28.56,10.01,5.26,17.31,91.94,155.01,182.83,105.68,39.55,7.85,47.21,16.93,62.95,33.76,10.89,44.2,13.88,28.74,26.9,23.89,26.68,12.02,4.94,12.47,33.7,183.22,19.67,5.89,96.4,313.16,14.38,13.91,7.28,4.48,7.07,50.54,23.14,17.59,100.8,5.42,92.84,21.21,23.14,41.0,33.1,12.87,3.92,68.37,29.22,4.68,38.78,22.58,6.32,31.76,5.57,31.71,45.53,7.45,14.78,18.97,7.15,37.14,13.18,18.51,9.22,103.03,9.35,124.21,26.55,29.27,4.66,7.48,13.3,36.37,8.65,28.84,16.3,29.03,14.66,11.88,19.9,4.85,313.0,269.0,6.94,193.55,14.67,39.68,53.02,3.16,24.08,17.08,30.57,4.74,4.07,33.14,38.63,31.66,131.98,22.19,6.91,40.28,76.26,34.93,1.62,26.04,7.85,6.97,6.62,32.49,20.78,75.48
2024-05-07,206.88,83.3,42.59,17.45,1770.0,34.87,71.1,160.4,45.65,25.35,317.1,140.42,30.86,16.82,19.12,84.03,42.71,5.4,25.38,15.95,13.18,229.88,50.54,76.58,20.43,4.43,47.23,13.83,4.38,7.97,42.67,145.5,32.58,6.83,28.35,8.83,37.49,29.35,28.69,10.12,5.16,17.41,91.96,155.94,181.86,106.9,39.93,7.82,46.28,16.87,63.77,33.63,10.88,45.11,13.86,28.41,27.15,23.99,26.67,12.07,4.57,12.83,32.94,176.79,20.29,5.9,95.21,311.6,14.38,13.84,7.24,4.48,7.12,50.98,23.23,18.21,101.12,5.41,92.26,20.94,23.0,40.18,32.25,12.8,3.9,68.31,29.25,4.66,38.84,22.41,6.37,31.69,5.56,31.28,45.6,7.69,14.69,19.01,7.08,37.31,13.36,18.77,9.11,103.94,9.12,123.69,27.5,29.45,4.67,7.49,13.27,36.6,8.53,28.75,16.35,29.39,14.71,12.4,19.85,4.86,297.0,270.12,6.96,193.62,14.8,39.73,52.83,3.17,25.24,17.29,30.25,4.7,4.0,32.58,39.79,31.6,134.5,22.19,7.03,40.46,75.72,35.95,1.63,25.75,7.9,6.86,6.63,32.43,20.74,73.04
2024-05-08,203.23,83.63,41.95,17.45,1763.97,34.57,70.75,160.2,44.71,25.31,312.81,136.7,29.6,16.78,18.78,81.99,42.16,5.41,24.46,15.64,12.96,226.23,50.87,76.36,19.97,4.42,46.42,13.71,4.43,8.04,42.2,146.0,32.39,6.93,28.23,8.83,37.21,30.35,28.06,10.13,5.13,17.23,90.87,155.0,172.03,104.46,41.15,7.8,46.09,16.66,63.77,32.74,10.73,46.83,13.71,27.63,26.5,25.16,26.2,12.21,4.64,12.51,32.32,174.8,20.23,5.96,93.56,304.79,14.3,13.94,7.3,4.51,7.14,49.91,22.95,18.09,101.03,5.35,90.8,20.33,22.94,39.04,30.85,12.94,3.88,68.36,29.06,4.46,37.61,21.87,6.42,31.74,5.58,31.27,44.34,7.63,14.4,19.91,7.07,36.87,13.44,18.51,9.09,102.92,9.18,119.6,26.98,29.89,4.64,7.38,13.11,35.83,8.82,28.25,16.13,28.87,14.59,12.16,19.33,4.84,293.66,268.7,6.99,190.97,14.58,39.09,51.23,3.14,24.86,17.28,29.68,4.69,3.93,31.99,39.76,31.22,130.07,21.51,7.16,39.7,73.36,35.73,1.61,25.45,7.8,6.84,6.5,31.61,19.75,72.96
2024-05-09,209.4,84.19,42.34,17.71,1756.0,34.84,71.85,178.11,45.37,25.36,314.03,138.13,29.82,16.86,18.91,82.59,43.72,5.38,24.22,15.94,13.08,228.15,51.06,76.56,20.02,4.39,46.9,13.8,4.38,8.0,42.68,142.01,32.14,6.89,28.22,9.04,38.25,30.35,28.05,10.07,5.15,17.96,90.33,154.84,180.07,106.59,40.85,7.8,46.5,17.46,63.68,33.05,10.76,46.95,13.8,28.07,26.75,24.91,26.67,13.33,4.7,12.65,32.78,173.18,20.64,5.93,95.13,303.63,14.43,14.18,7.33,4.47,7.09,50.03,23.27,18.15,100.3,5.41,90.6,20.9,23.53,39.37,31.1,13.09,3.89,70.41,28.95,4.57,39.7,22.13,6.39,32.93,5.57,31.44,44.67,7.92,14.5,20.35,7.1,37.65,13.65,18.96,9.13,103.39,9.24,121.58,26.85,30.13,4.64,8.02,13.17,37.24,9.09,28.64,16.22,30.44,14.65,12.46,20.11,4.86,296.85,269.03,7.05,190.56,15.01,38.93,54.02,3.15,25.2,17.17,29.53,4.69,4.07,32.31,40.82,31.24,130.77,22.66,7.29,40.71,74.38,37.46,1.62,25.96,7.92,6.95,6.61,31.93,19.9,73.71
2024-05-10,203.5,83.83,42.93,18.24,1738.98,35.62,71.88,170.36,44.85,25.48,297.95,133.04,29.5,17.07,19.06,82.49,42.99,5.4,23.92,15.73,13.11,227.8,50.87,72.9,19.9,4.38,46.48,13.88,4.37,8.07,43.22,140.32,31.39,6.94,27.95,9.2,37.99,28.74,27.78,10.08,5.15,17.79,90.22,154.43,175.39,106.7,40.97,7.94,44.5,17.39,63.2,33.17,10.94,47.29,13.88,27.99,27.65,24.96,26.23,13.35,4.7,13.07,31.68,171.2,20.47,5.99,91.2,304.72,14.6,14.38,7.41,4.47,7.07,50.75,23.41,18.14,101.4,5.48,88.03,20.4,24.4,38.48,29.98,13.38,3.91,71.8,29.14,4.62,38.95,21.57,6.4,33.38,5.59,31.39,43.75,7.9,14.35,20.82,7.17,37.74,14.33,18.62,9.16,103.6,9.35,122.33,27.2,30.66,4.67,8.02,13.21,36.65,9.14,28.19,16.2,30.08,14.75,12.27,20.2,5.0,291.55,270.32,7.07,186.94,15.1,38.85,54.12,3.17,25.28,17.08,28.74,4.74,4.13,31.57,40.06,31.63,131.51,22.0,7.5,39.94,74.03,37.55,1.61,26.78,8.0,7.03,6.62,32.6,19.46,76.66
2024-05-13,199.35,83.48,42.65,18.18,1706.0,35.91,72.71,166.25,46.19,25.62,291.6,130.99,30.58,17.16,18.98,86.32,43.06,5.41,24.0,15.77,13.01,225.7,50.86,72.02,20.22,4.36,45.53,13.95,4.38,8.15,43.58,135.01,31.86,6.99,28.0,9.26,38.47,28.45,28.0,10.02,5.22,17.8,90.6,151.1,168.27,105.0,40.78,7.96,43.59,17.37,61.72,33.22,10.97,47.68,13.95,28.59,27.74,24.45,25.9,14.07,4.68,13.02,31.29,171.55,20.18,5.94,90.88,306.93,14.97,15.01,7.51,4.46,7.09,51.72,24.22,18.03,100.99,5.55,88.65,20.06,24.48,38.27,28.87,13.66,3.9,73.37,28.92,4.27,37.99,21.15,6.39,32.98,5.68,32.9,44.1,7.82,14.67,21.34,7.5,37.3,14.27,18.92,9.28,103.77,9.56,120.04,27.8,30.31,4.66,7.98,13.19,35.58,9.47,28.11,16.8,29.28,14.85,12.56,20.16,4.97,292.5,264.12,7.12,180.78,14.84,38.64,54.58,3.18,25.36,16.86,28.72,4.76,4.09,32.18,40.35,31.49,134.67,21.17,7.55,38.69,73.47,37.39,1.59,26.73,8.04,7.1,6.63,32.6,18.97,78.4
2024-05-14,199.01,80.15,42.31,18.49,1701.98,35.34,70.84,169.96,47.14,25.58,291.3,131.26,31.08,17.12,19.01,86.62,42.92,5.37,23.8,15.85,13.05,224.91,50.52,71.7,20.16,4.38,45.33,13.93,4.34,8.14,42.64,134.7,31.38,6.93,27.86,9.46,38.58,27.41,27.74,9.93,5.24,17.66,89.67,151.34,168.61,102.69,40.27,7.88,44.23,16.93,61.45,33.53,10.91,47.68,14.01,28.69,27.7,24.22,25.95,13.96,4.63,12.66,31.45,165.43,20.16,5.92,89.56,310.2,14.85,14.97,7.51,4.42,7.04,51.12,24.15,18.09,100.25,5.52,88.1,20.34,24.35,40.0,29.24,13.6,3.89,72.45,28.8,4.32,37.61,21.43,6.37,33.3,5.67,32.36,43.53,7.86,14.74,21.3,7.34,37.25,14.37,18.83,9.26,104.61,9.57,119.84,27.93,30.45,4.64,7.88,13.21,35.46,9.45,28.67,17.19,29.08,14.88,12.69,19.77,4.96,282.0,263.17,7.11,181.93,14.9,38.3,54.36,3.18,25.34,16.75,29.92,4.74,4.15,31.3,39.97,31.9,135.68,21.07,7.65,38.63,73.68,36.87,1.6,27.29,7.99,6.95,6.83,32.63,18.86,78.79
2024-05-15,197.89,80.77,41.84,18.3,1700.0,35.05,69.76,174.05,45.22,25.48,290.05,129.84,30.66,17.01,18.75,83.42,41.66,5.38,24.3,15.56,12.71,219.14,49.68,71.18,20.17,4.33,44.67,13.73,4.34,8.16,42.76,135.39,31.86,6.91,27.8,9.13,36.95,28.76,27.7,9.89,5.22,17.98,88.7,151.37,175.5,105.16,40.17,7.89,43.77,16.8,61.01,33.21,10.83,46.68,13.73,28.18,27.3,24.6,26.21,14.28,4.57,12.5,31.48,166.77,19.8,5.87,89.04,311.05,14.66,14.7,7.57,4.44,7.04,50.55,23.55,17.84,100.03,5.52,87.18,20.31,24.85,39.38,28.7,13.86,3.88,72.49,28.31,4.21,37.4,21.8,6.33,33.72,5.69,32.46,43.0,7.61,14.44,20.92,7.19,36.66,14.92,18.67,9.07,102.23,9.58,116.05,27.6,31.18,4.59,7.78,13.03,34.95,9.83,28.54,16.85,28.52,14.59,12.28,19.73,4.94,278.59,260.45,7.08,180.82,14.39,37.9,53.3,3.16,25.83,16.8,29.01,4.67,4.1,31.19,39.55,31.64,133.2,21.1,7.59,38.23,73.43,36.42,1.59,26.85,7.89,6.92,6.9,32.08,18.81,77.42
2024-05-16,199.67,82.73,43.05,18.27,1704.5,36.25,69.34,181.66,45.58,25.42,291.82,129.13,31.76,17.38,18.78,81.55,41.82,5.41,25.58,16.01,12.82,218.31,49.21,72.54,20.52,4.3,44.69,13.74,4.35,8.32,42.34,135.98,32.88,6.97,27.77,8.67,36.35,30.3,27.57,9.83,5.19,17.45,88.75,154.05,175.37,105.9,39.6,8.02,44.53,17.02,59.81,33.09,11.17,46.83,13.78,28.53,27.93,24.24,25.84,14.1,4.55,12.68,31.59,170.5,19.75,5.83,89.0,312.76,14.55,15.05,7.66,4.47,7.17,50.29,23.01,17.68,98.9,5.66,88.68,22.19,25.85,39.95,28.33,13.85,3.9,71.9,28.26,4.28,37.6,21.69,6.3,33.05,5.75,32.02,42.84,7.65,14.68,21.05,7.11,36.38,14.83,18.54,9.05,100.19,9.72,117.0,28.14,30.44,4.58,7.9,13.04,34.55,9.18,28.53,17.07,28.38,14.6,12.13,19.3,5.03,279.5,261.8,7.08,185.38,14.61,37.5,52.78,3.18,25.42,16.7,27.1,4.63,4.04,31.63,39.42,32.37,132.06,20.79,7.63,37.87,73.79,36.14,1.59,26.33,7.84,7.0,6.75,33.3,18.68,77.46
2024-05-17,203.0,85.0,45.2,18.78,1715.0,36.85,68.03,190.83,44.9,25.78,291.0,130.71,31.64,17.7,19.19,82.87,42.3,5.47,25.7,16.23,13.07,219.59,49.46,73.87,20.58,4.41,44.75,13.93,4.38,8.38,42.25,142.5,32.41,7.03,28.11,8.69,35.81,30.0,27.73,9.92,5.25,17.19,90.06,156.41,181.44,101.44,39.89,8.16,44.22,17.05,60.92,33.69,11.42,47.69,13.98,28.35,28.95,24.4,25.97,14.06,4.65,12.58,31.89,170.58,19.99,5.89,89.42,309.0,14.62,14.77,7.76,4.49,7.14,47.84,23.08,18.03,98.17,5.86,88.35,21.96,25.86,39.12,29.64,13.94,3.96,71.73,28.2,4.23,38.07,22.68,6.34,32.85,5.8,31.58,43.19,7.77,14.75,21.35,7.11,37.96,14.75,18.62,9.19,99.42,9.8,120.82,27.58,30.31,4.64,7.82,13.23,35.16,9.15,28.36,16.89,29.5,14.71,12.22,19.56,5.06,281.08,263.77,7.1,189.85,14.89,38.0,53.23,3.22,25.16,16.99,27.23,4.66,4.11,32.23,40.15,32.97,129.3,20.94,7.74,38.25,76.49,36.66,1.61,26.75,7.92,7.02,6.8,34.5,19.08,76.28
2024-05-20,203.45,90.12,45.46,19.47,1709.0,36.38,66.57,195.93,44.7,25.99,290.8,131.41,31.62,17.86,19.29,82.68,42.57,5.46,26.22,16.29,13.1,222.87,50.13,73.87,21.02,4.34,43.81,14.01,4.37,8.31,41.88,144.61,32.55,6.99,28.56,8.94,36.31,30.1,27.8,10.21,5.25,16.58,89.83,157.3,179.53,101.45,40.93,8.32,44.55,16.91,61.05,33.88,11.38,49.35,14.08,27.83,29.8,25.34,26.11,14.4,4.47,12.67,32.31,176.86,20.39,5.91,91.32,307.5,14.66,14.94,7.65,4.47,7.11,47.71,22.8,17.98,98.02,5.8,88.7,22.28,25.49,40.3,29.3,13.79,3.97,70.1,29.03,4.07,37.67,22.4,6.41,34.05,5.73,30.45,43.6,8.14,14.65,21.94,7.08,38.29,15.58,18.5,9.37,98.07,9.78,123.37,27.76,31.8,4.66,7.66,13.29,35.44,9.48,29.26,16.7,30.11,14.66,12.51,20.51,5.08,292.99,264.57,7.08,192.74,15.47,38.35,53.68,3.25,24.98,17.0,27.93,4.67,4.35,32.5,40.17,33.3,126.93,21.04,7.55,38.29,78.22,37.1,1.61,28.32,7.96,7.01,6.84,34.79,18.88,75.27
2024-05-21,201.56,89.84,45.4,18.65,1705.0,36.24,66.55,187.0,43.71,26.1,295.8,133.62,31.87,18.03,19.24,82.92,42.11,5.5,25.72,16.32,13.04,218.78,49.9,72.02,20.84,4.36,43.8,13.91,4.41,8.37,41.8,142.02,32.57,7.04,29.16,8.42,36.21,29.95,28.4,10.13,5.22,16.8,88.6,156.54,185.52,100.0,41.97,8.42,43.88,16.92,60.15,32.92,11.55,49.12,14.04,27.41,29.7,25.84,25.9,14.26,4.5,12.51,31.78,177.43,19.96,5.94,89.9,305.48,14.51,14.75,7.73,4.51,7.14,47.27,22.51,18.06,98.86,5.83,92.2,22.55,25.72,39.89,28.48,14.0,3.99,69.69,28.67,4.08,37.09,21.89,6.36,33.0,5.79,30.46,43.39,8.07,14.9,22.08,7.08,39.06,14.99,18.3,9.39,98.84,9.97,120.66,28.43,30.1,4.67,7.67,13.22,34.85,9.37,28.72,16.83,29.57,14.65,11.9,19.65,5.07,291.09,261.33,7.09,191.67,14.76,38.96,53.29,3.26,24.83,16.63,27.51,4.64,4.18,32.0,40.09,33.2,127.38,20.57,7.85,37.72,77.41,36.31,1.6,27.3,7.89,7.0,6.76,34.88,18.62,74.99
2024-05-22,204.89,88.65,45.4,18.43,1697.71,36.06,65.41,188.99,44.12,25.98,293.16,133.65,32.86,18.18,19.31,82.53,42.27,5.51,25.43,16.42,13.05,216.92,51.27,72.51,20.33,4.37,43.54,13.92,4.42,8.35,41.56,136.6,32.08,7.09,29.23,8.21,35.77,29.15,28.49,10.05,5.24,16.54,91.28,155.12,184.13,104.88,41.74,8.53,43.89,16.93,59.97,33.03,11.56,48.56,14.06,27.48,29.63,25.9,26.03,14.0,4.6,12.62,31.59,173.17,19.97,5.98,89.92,305.0,14.94,14.5,7.87,4.53,7.16,46.6,22.46,17.93,98.52,5.89,91.53,23.4,25.63,39.98,29.25,13.95,4.03,68.61,28.46,4.06,38.96,22.43,6.41,32.89,5.89,29.85,43.87,7.92,15.27,21.91,7.0,38.52,14.89,19.56,9.47,98.0,10.05,120.59,28.95,29.86,4.69,7.66,13.22,35.48,9.07,27.1,17.09,29.98,14.65,11.7,19.68,5.09,288.0,259.42,7.11,187.01,14.71,37.91,52.86,3.29,24.54,16.69,27.37,4.65,4.1,32.66,40.11,32.83,127.56,20.88,7.95,38.57,78.01,35.99,1.6,26.8,8.04,7.09,6.73,35.15,18.7,73.8
2024-05-23,204.34,87.0,44.78,17.84,1692.01,35.5,65.74,183.7,43.29,26.15,293.16,133.64,32.51,18.11,18.87,81.26,41.17,5.49,25.62,16.02,12.76,214.95,50.8,71.32,20.41,4.26,43.05,13.72,4.4,8.29,41.22,135.76,32.15,7.07,29.29,8.17,35.44,28.64,28.58,9.91,5.16,16.24,89.09,153.6,187.6,102.49,42.0,8.52,42.65,16.71,60.09,32.48,11.4,47.65,13.86,27.0,29.67,25.61,25.39,14.13,4.51,12.71,30.8,173.79,19.29,5.95,90.15,310.0,14.56,14.54,7.9,4.52,7.11,46.33,22.24,17.37,98.29,5.79,94.32,23.69,25.55,39.02,28.23,13.9,3.99,68.9,28.22,3.96,38.06,22.22,6.37,34.18,5.89,30.05,42.65,7.67,14.9,21.83,6.85,38.52,14.52,18.93,9.48,96.0,10.04,116.6,28.78,29.07,4.64,7.64,13.03,34.25,9.1,26.36,16.69,28.84,14.39,11.1,19.09,5.05,281.0,257.45,7.06,183.65,14.12,37.09,51.9,3.26,23.88,16.51,26.72,4.6,3.93,31.61,39.45,32.74,127.13,20.14,8.01,37.43,75.81,35.38,1.57,25.52,7.85,6.96,6.66,34.58,18.93,74.17
2024-05-24,200.98,85.3,43.89,17.82,1677.08,34.74,66.62,171.9,42.75,26.3,287.0,130.4,31.51,17.89,18.59,78.6,41.03,5.44,24.15,15.73,12.53,209.3,49.75,67.68,19.8,4.23,42.44,13.6,4.39,8.24,41.17,130.81,31.24,7.03,28.88,8.18,35.46,27.61,28.14,9.97,5.13,16.22,88.71,151.15,182.43,101.15,41.31,8.44,41.35,16.83,59.3,32.48,11.31,48.05,13.65,26.8,28.91,25.37,24.53,14.14,4.43,12.48,30.23,165.39,19.15,5.94,83.69,302.1,14.66,14.62,7.87,4.48,7.07,45.74,22.24,17.19,98.06,5.7,91.0,22.43,25.25,37.92,27.22,13.76,3.98,70.53,28.34,3.95,36.95,21.33,6.42,33.61,5.85,30.06,41.8,7.57,14.73,21.96,6.84,37.98,14.6,18.76,9.39,93.59,10.1,114.46,28.32,28.88,4.61,7.85,12.9,33.8,9.12,26.82,16.28,28.91,14.25,11.1,18.88,5.05,272.5,252.14,7.08,181.3,14.09,36.01,51.07,3.24,23.52,16.62,26.19,4.64,3.95,31.43,38.51,31.94,127.45,19.73,8.0,36.59,73.66,35.1,1.56,25.67,7.85,6.91,6.55,33.99,18.16,73.86
2024-05-27,200.01,88.83,44.1,18.2,1670.12,35.14,67.59,175.99,42.42,26.51,304.0,129.41,31.89,18.23,18.73,81.48,43.13,5.48,24.86,15.87,12.67,208.35,52.62,70.66,20.15,4.29,42.7,14.06,4.45,8.38,41.92,130.81,32.15,7.1,29.02,8.54,36.09,28.18,28.87,10.24,5.19,16.59,90.54,151.58,191.5,101.17,42.0,8.54,42.17,17.03,59.71,32.58,11.51,48.46,13.81,27.26,29.35,26.04,25.13,15.04,4.46,12.11,30.7,168.39,19.13,6.04,86.9,301.19,14.91,15.34,8.02,4.51,7.11,47.48,23.0,17.49,100.33,5.75,92.12,22.98,25.31,38.38,28.21,13.99,3.98,72.15,29.07,4.05,36.7,21.57,6.51,34.34,5.87,30.75,42.16,8.01,15.19,22.34,7.04,38.0,14.64,18.53,9.55,94.0,10.33,117.0,29.0,29.35,4.7,7.98,12.98,33.9,9.3,26.85,16.55,28.85,14.37,11.48,19.24,5.15,266.1,251.16,7.12,180.72,14.43,36.21,51.28,3.28,24.07,16.69,26.47,4.66,4.02,24.84,38.78,31.94,126.24,19.66,8.2,36.39,73.41,35.24,1.56,26.09,7.9,6.99,6.58,34.31,18.56,74.55
2024-05-28,197.8,88.46,43.76,18.05,1664.64,34.83,67.03,172.25,42.26,26.71,304.98,130.41,31.11,18.32,18.62,81.69,43.11,5.49,24.12,15.48,12.53,207.38,52.56,70.38,19.82,4.09,43.27,13.85,4.46,8.36,41.56,127.5,31.1,7.09,28.77,8.54,35.89,26.89,28.54,10.39,5.14,16.2,90.12,150.03,187.6,99.79,42.9,8.54,41.15,16.46,58.61,32.59,11.4,47.96,13.69,26.98,29.19,26.33,25.15,15.53,4.3,11.98,30.55,161.01,19.06,5.95,85.6,298.39,14.89,15.23,7.99,4.48,7.11,47.35,23.0,17.39,99.75,5.68,89.68,21.87,25.0,36.55,27.92,13.92,3.94,71.46,29.45,3.96,36.35,21.64,6.59,34.17,5.88,30.15,41.14,8.13,14.9,21.92,6.97,37.64,14.63,18.49,9.8,93.4,10.43,116.37,28.37,29.08,4.64,7.65,12.87,33.54,9.53,26.66,16.12,28.78,14.25,11.31,19.37,5.13,265.1,247.97,7.1,180.35,14.5,35.81,50.43,3.26,23.3,16.81,24.97,4.75,4.04,24.19,39.09,31.93,125.04,19.67,8.14,36.0,72.48,35.55,1.55,26.14,7.97,6.99,6.48,33.05,18.09,74.19
2024-05-29,198.79,87.86,43.47,18.45,1674.0,34.57,65.85,172.0,42.27,26.69,298.7,129.5,31.18,18.07,18.65,80.44,42.94,5.47,24.21,15.45,12.49,224.7,52.79,69.54,20.06,4.09,43.02,14.05,4.43,8.3,41.18,127.31,31.09,7.08,28.95,8.76,35.7,27.19,28.81,10.49,5.13,16.1,90.43,149.21,183.76,100.86,43.45,8.49,40.58,16.28,58.41,32.7,11.26,48.0,13.73,26.81,28.84,26.27,25.21,15.61,4.32,11.86,30.1,161.0,19.39,5.91,84.9,299.34,15.12,15.34,7.89,4.45,7.07,46.9,22.91,17.37,99.8,5.7,89.93,21.77,24.68,36.63,28.17,13.76,3.91,73.26,30.44,4.06,37.47,21.59,6.62,35.05,5.82,30.4,41.19,8.43,14.93,22.02,6.96,37.55,14.85,19.0,9.78,93.34,10.31,116.96,28.79,29.31,4.59,7.43,12.9,34.02,9.4,27.08,16.31,29.43,14.24,11.96,19.99,5.07,260.61,245.38,7.09,179.01,14.96,36.0,51.05,3.23,23.52,16.63,25.15,4.74,4.15,24.39,39.05,31.45,124.85,20.17,8.08,36.88,72.75,35.34,1.56,26.67,7.94,6.99,6.46,32.78,18.04,74.23
2024-05-30,199.35,86.6,43.15,17.64,1649.0,34.34,65.18,172.53,41.94,26.7,299.9,131.84,32.26,17.94,18.56,82.38,45.39,5.44,23.94,15.61,12.44,227.86,52.85,69.51,19.95,4.11,42.88,14.09,4.39,8.19,41.1,89.35,31.15,6.98,28.51,8.34,37.49,27.6,29.12,10.2,5.08,16.21,88.87,146.26,187.75,100.7,43.09,8.4,40.4,16.23,58.17,32.66,11.12,47.41,13.6,26.85,28.66,25.68,26.08,15.04,4.32,11.7,30.01,159.97,19.05,5.93,86.49,298.43,15.1,15.38,7.87,4.41,7.03,46.83,23.14,17.52,100.36,5.65,91.69,21.81,24.76,36.28,28.9,13.59,3.89,72.25,29.62,4.02,38.45,21.9,6.54,34.98,5.79,30.2,41.98,8.28,15.15,21.61,6.97,36.95,14.31,18.9,9.67,95.07,10.25,116.96,30.18,28.59,4.58,7.35,12.87,34.13,9.1,26.49,17.23,29.03,14.25,11.33,19.28,5.05,259.8,243.5,7.07,174.1,14.57,36.12,50.01,3.22,23.49,16.61,25.33,4.76,3.98,24.13,39.8,31.46,126.04,19.87,7.95,36.69,71.39,36.79,1.55,25.53,7.92,6.98,6.36,32.37,17.98,77.26
2024-05-31,197.76,86.73,43.07,17.41,1648.45,34.28,64.76,174.79,42.11,26.61,293.35,129.75,31.79,17.89,18.62,83.11,44.85,5.43,22.91,15.7,12.41,229.02,53.0,71.3,19.78,4.08,42.36,13.94,4.39,8.27,40.7,88.56,31.25,7.05,28.31,8.34,37.14,27.34,29.09,10.14,5.06,15.91,87.55,146.7,185.27,98.69,42.33,8.34,40.87,16.18,57.94,32.61,11.11,47.15,13.58,26.96,28.78,26.03,25.97,15.04,4.28,11.46,29.96,157.27,18.9,5.94,86.79,290.14,14.92,15.06,7.81,4.44,7.04,46.24,22.51,17.29,100.2,5.63,89.93,22.02,24.77,36.41,31.87,13.59,3.91,70.52,29.6,4.01,39.18,23.02,6.45,34.93,5.82,29.54,42.2,8.19,15.3,21.41,6.97,36.85,14.42,18.59,9.58,94.03,10.37,116.65,29.9,28.81,4.57,7.25,12.87,33.63,8.87,26.09,17.19,28.8,14.19,11.28,19.03,5.03,258.8,241.34,7.07,174.85,14.45,35.8,49.62,3.24,23.78,16.42,25.67,4.67,3.96,23.63,39.6,31.35,127.8,19.55,7.9,36.08,71.0,37.31,1.54,25.49,7.8,6.9,6.34,32.55,18.23,77.57
2024-06-03,202.5,95.35,43.13,17.33,1639.39,34.15,65.02,180.99,42.0,27.43,308.88,137.31,32.51,17.8,18.43,86.17,45.44,5.44,23.87,15.8,12.3,237.1,54.37,71.11,20.17,4.09,42.5,13.65,4.41,7.96,41.48,91.08,33.45,7.09,28.58,8.17,37.8,29.23,29.42,10.16,5.02,15.57,87.22,145.98,192.7,98.81,43.34,8.28,40.78,15.91,55.88,32.66,10.98,48.35,13.1,27.23,28.89,26.41,26.84,16.06,4.33,11.44,30.24,168.35,18.4,5.95,91.05,296.6,14.71,14.79,7.7,4.44,7.06,46.19,22.89,17.26,101.89,5.59,93.9,22.13,24.33,36.89,32.51,13.37,3.86,73.2,30.0,3.92,40.78,23.44,6.4,34.37,5.77,30.48,42.24,7.99,15.52,21.75,7.03,37.25,14.25,18.52,10.03,96.55,10.09,114.14,30.19,28.0,4.59,7.2,12.8,33.36,9.08,25.98,17.38,28.03,14.12,10.89,18.72,5.02,263.75,243.1,7.05,174.23,14.57,35.6,48.44,3.21,23.49,16.36,26.69,4.63,3.87,24.01,39.78,31.58,122.7,19.4,7.32,36.23,70.47,37.08,1.49,25.17,7.67,6.95,6.38,32.5,17.99,78.95
2024-06-04,205.97,96.08,43.27,17.42,1653.2,34.54,64.68,179.57,43.28,27.48,313.11,139.88,32.73,17.75,18.56,85.3,45.55,5.47,23.79,15.75,12.39,238.15,53.63,71.54,20.29,4.14,43.83,13.82,4.41,7.89,41.58,91.19,33.61,7.21,28.62,8.4,37.9,30.91,29.44,9.99,5.11,15.9,88.1,147.78,193.32,103.14,42.34,8.32,40.56,15.91,55.48,32.95,11.02,48.74,13.24,27.26,28.99,25.52,26.85,16.58,4.41,11.56,30.16,173.0,18.43,5.93,91.24,298.5,15.04,15.13,7.74,4.44,7.06,46.2,24.08,17.48,102.1,5.67,93.92,21.9,24.21,36.85,32.77,13.37,3.86,73.63,29.97,3.92,43.71,23.71,6.33,35.12,5.74,30.12,42.16,8.09,15.43,21.86,7.12,37.62,14.36,18.63,10.13,97.3,10.16,114.82,30.07,28.38,4.6,7.38,12.83,33.51,9.07,26.1,17.47,28.04,14.21,11.02,19.01,5.04,266.98,243.91,7.08,175.52,15.04,36.03,50.5,3.23,24.22,16.33,27.0,4.65,3.91,24.46,40.85,31.57,121.67,19.66,7.35,36.3,73.41,37.53,1.48,25.3,7.79,7.07,6.56,32.67,18.28,79.13
2024-06-05,204.12,93.32,43.08,17.05,1644.0,33.99,63.92,180.1,42.9,27.96,314.98,140.8,32.88,17.55,18.54,84.77,46.12,5.46,23.7,15.47,12.36,240.79,52.07,70.87,20.36,4.11,43.92,13.82,4.44,7.73,40.9,89.81,32.99,7.21,27.32,8.03,37.74,31.0,29.98,9.77,5.13,15.74,88.14,145.76,196.1,102.6,42.75,8.29,39.93,15.77,55.43,33.42,10.87,48.2,13.14,27.16,28.92,25.72,27.22,16.58,4.42,11.57,29.76,166.96,18.34,5.87,91.24,304.27,14.67,14.54,7.57,4.45,7.07,46.9,23.81,17.24,101.68,5.58,93.46,21.92,24.02,35.86,33.62,13.16,3.84,74.25,29.15,3.84,42.6,24.42,6.26,34.33,5.68,29.9,42.35,7.77,15.84,21.7,6.9,37.71,14.2,18.28,10.17,100.42,10.09,112.92,30.54,28.12,4.54,7.22,12.79,33.04,8.84,25.45,17.32,27.43,14.27,10.6,18.78,5.02,267.78,243.96,7.1,171.98,14.7,36.02,50.2,3.21,23.58,16.32,27.21,4.63,3.78,23.8,41.85,31.7,121.7,20.08,7.11,35.77,73.34,37.8,1.46,24.64,7.73,7.05,6.53,32.52,18.1,82.16
2024-06-06,204.79,93.78,42.45,17.59,1639.81,34.0,65.76,173.37,42.58,28.03,320.04,140.09,33.1,17.57,18.49,83.15,46.8,5.46,26.07,15.48,12.26,238.5,51.21,69.3,20.06,4.09,42.91,13.68,4.43,7.84,41.51,91.25,34.13,7.18,27.47,8.27,38.18,31.63,29.98,9.99,5.16,16.0,88.8,144.9,200.24,99.9,44.16,8.25,40.02,16.16,55.53,33.12,10.9,47.61,13.05,27.24,28.35,26.66,27.95,16.85,4.47,11.57,29.98,125.42,18.12,5.9,90.99,304.68,14.59,14.43,7.62,4.45,7.09,47.7,23.95,17.11,100.52,5.57,96.37,22.68,23.62,36.71,32.58,13.12,3.81,75.6,29.78,3.74,42.54,23.91,6.33,34.56,5.7,30.99,41.98,7.94,15.86,21.63,7.11,37.33,14.47,17.18,10.15,100.18,10.15,111.95,31.9,29.11,4.52,7.38,12.52,33.05,8.99,25.61,17.42,26.91,14.2,10.48,18.61,4.99,266.04,241.83,7.12,168.98,14.92,35.74,51.58,3.18,23.59,16.65,26.74,4.58,3.81,23.6,41.28,31.21,121.21,19.44,7.14,35.8,72.41,37.36,1.42,24.85,7.69,7.04,6.54,31.9,17.57,79.46
2024-06-07,193.2,91.12,42.12,17.76,1619.18,33.99,65.16,181.0,42.39,28.31,318.39,142.25,32.2,17.53,18.38,83.46,47.21,5.52,24.53,15.11,12.16,235.5,50.6,68.14,19.9,4.14,42.15,13.78,4.26,7.92,41.1,86.82,32.75,7.36,27.06,8.41,38.48,30.5,29.55,9.99,5.24,16.07,87.99,142.34,204.1,97.62,44.15,8.31,38.85,16.17,54.37,33.12,10.99,47.87,12.98,26.79,28.31,26.71,27.75,17.18,4.47,11.62,29.16,119.51,18.19,5.97,89.42,299.77,14.39,14.46,7.75,4.53,7.2,47.45,23.77,17.18,101.0,5.61,93.83,22.92,23.68,35.28,32.01,13.21,3.85,72.95,30.19,3.67,41.29,23.51,6.29,34.0,5.77,30.62,41.51,7.92,15.64,21.56,7.2,37.86,14.71,16.74,10.4,100.14,10.12,111.93,30.74,28.85,4.57,7.46,12.47,32.24,9.3,25.66,16.95,26.43,14.16,10.49,18.27,5.05,258.57,237.43,7.23,166.18,14.95,35.46,51.53,3.21,23.05,16.37,26.6,4.68,3.79,22.97,41.19,30.99,121.35,18.8,7.15,34.0,72.6,37.55,1.46,24.89,7.62,6.99,6.51,31.86,17.54,81.42
2024-06-11,188.77,91.74,41.83,17.0,1569.0,33.36,65.0,190.41,42.46,28.18,326.81,147.96,31.78,17.41,18.34,87.56,48.94,5.44,24.21,15.46,12.12,244.63,51.11,71.42,20.15,4.12,42.72,13.66,4.17,7.75,40.57,88.71,32.91,7.15,26.72,8.13,37.25,30.87,29.96,9.82,5.16,15.69,88.3,138.48,144.6,98.15,43.44,8.15,39.99,15.93,54.77,33.5,10.87,47.1,12.94,26.93,28.12,26.56,28.63,15.46,4.47,11.51,29.62,119.01,18.16,5.84,94.1,302.47,14.29,14.56,7.57,4.46,7.12,47.77,23.66,17.23,100.58,5.5,95.47,23.26,23.08,35.51,34.04,13.04,3.79,72.3,30.13,3.67,41.25,23.37,6.18,33.98,5.65,30.64,41.81,7.69,15.57,21.34,6.94,37.09,14.14,16.59,10.28,99.99,9.92,112.43,30.98,27.69,4.47,7.37,12.43,31.94,8.68,25.32,16.87,25.95,14.08,10.53,17.85,4.92,262.95,231.81,7.14,159.41,14.59,35.35,51.03,3.15,23.18,16.49,27.1,4.71,3.73,23.37,42.48,30.88,121.21,18.99,7.0,33.54,71.05,38.08,1.44,24.48,7.53,6.84,6.43,31.23,17.81,79.45
2024-06-12,185.6,91.75,41.4,17.21,1571.68,33.09,65.16,189.8,45.38,28.38,325.04,145.13,33.42,17.28,18.28,86.6,47.9,5.4,24.37,16.2,12.18,242.9,51.6,70.94,20.16,4.08,42.1,13.64,4.16,7.72,40.71,87.87,32.89,7.13,27.02,8.25,37.74,29.73,29.52,10.0,5.17,15.79,86.65,137.9,141.89,96.82,44.65,8.11,40.29,16.07,53.55,32.88,10.88,46.8,12.93,27.52,27.85,27.81,28.84,15.26,4.4,11.58,29.66,119.21,18.2,5.82,94.68,296.21,14.35,14.5,7.56,4.41,7.14,46.96,23.6,17.43,100.4,5.52,96.7,22.99,22.85,35.84,33.37,13.09,3.8,71.66,31.42,3.71,40.75,23.8,6.22,36.13,5.67,30.38,42.93,7.86,15.55,21.36,7.03,37.3,14.56,16.65,10.34,100.6,10.1,113.13,32.65,28.12,4.42,7.57,12.48,32.07,8.73,25.32,17.26,26.11,14.03,10.63,18.23,4.87,264.06,231.74,7.24,158.3,14.95,35.53,51.78,3.14,23.03,16.29,28.31,4.62,3.74,23.05,41.83,30.67,115.94,19.04,7.05,33.41,71.23,37.69,1.44,24.74,7.43,6.89,6.42,31.07,18.23,79.33
2024-06-13,185.18,95.68,41.3,16.81,1555.01,32.82,63.92,195.53,45.0,28.7,328.2,144.9,33.23,17.17,18.26,89.0,47.2,5.43,25.9,16.26,12.17,252.99,52.7,71.94,20.31,4.02,42.06,13.78,4.22,7.58,40.23,89.59,34.42,7.04,26.87,8.1,38.8,30.87,30.2,9.91,5.17,15.52,85.76,134.56,144.77,68.84,44.58,8.13,40.84,15.57,54.25,32.48,10.8,44.48,12.82,27.7,28.11,27.71,29.12,15.02,4.34,11.08,29.72,123.7,18.0,5.77,94.0,296.16,14.24,14.65,7.52,4.45,7.15,46.94,24.14,17.31,101.31,5.47,102.88,23.44,22.3,36.02,33.97,13.0,3.77,71.08,31.27,3.67,40.32,24.54,6.14,35.98,5.66,29.93,43.08,7.66,15.87,20.45,7.02,36.5,14.35,16.51,10.43,102.3,9.98,112.9,32.3,27.78,4.43,7.34,12.56,31.68,8.67,24.94,17.45,25.78,14.06,10.42,17.87,4.83,267.5,228.4,7.21,155.89,14.77,35.41,51.65,3.11,22.79,16.4,28.89,4.68,3.63,23.71,41.9,30.55,112.1,18.76,6.9,32.72,70.8,37.8,1.42,24.4,7.37,6.65,6.09,31.07,18.37,78.69
2024-06-14,184.89,108.5,41.87,17.09,1555.0,33.81,65.61,200.01,43.7,27.9,322.8,140.56,34.35,17.46,18.63,90.66,46.49,5.5,27.23,16.94,12.34,253.05,53.0,73.14,21.48,4.07,41.9,14.44,4.25,7.4,40.93,98.0,37.06,6.8,27.17,8.28,38.14,33.02,30.46,9.83,5.13,15.96,86.47,135.68,138.92,66.59,44.35,8.14,42.26,15.68,55.26,32.93,10.18,45.03,13.17,27.82,28.63,27.38,29.05,15.21,4.34,11.13,30.78,138.3,17.97,5.73,94.31,299.1,14.36,14.74,7.47,4.48,7.13,46.7,23.9,17.06,100.98,5.56,107.2,23.07,22.86,36.72,33.4,13.14,3.77,71.0,30.71,3.67,40.5,22.97,6.15,35.91,5.64,30.65,43.4,7.73,16.15,20.84,6.91,36.69,14.34,16.72,10.04,102.49,9.54,115.8,34.5,27.58,4.51,7.21,12.71,31.55,8.42,25.31,17.56,25.55,14.18,10.71,18.14,4.75,271.22,234.81,7.17,156.0,14.34,35.94,51.23,3.14,22.62,16.54,28.36,4.7,3.65,24.15,41.13,31.41,113.0,19.07,6.93,32.56,69.28,37.53,1.43,24.35,7.7,6.8,6.09,31.68,18.18,80.0
2024-06-17,188.2,110.49,41.58,17.04,1541.5,33.73,64.53,210.99,43.97,27.89,333.34,142.29,37.0,17.36,18.66,94.28,47.77,5.43,27.51,18.63,12.34,257.21,53.83,73.56,21.42,4.08,42.53,14.32,4.17,7.3,40.36,96.88,37.75,6.87,26.88,8.19,38.34,33.62,30.71,9.65,5.16,15.74,85.75,135.73,140.04,67.94,43.54,8.1,41.75,15.64,55.77,32.2,10.1,45.16,13.13,27.75,28.47,27.07,31.28,15.02,4.3,10.99,30.78,142.51,17.87,5.68,95.03,295.98,14.52,15.38,7.32,4.43,7.07,46.22,24.7,17.0,98.9,5.44,109.88,22.63,22.42,36.33,33.67,12.92,3.73,72.69,30.39,3.61,42.98,23.02,5.99,36.31,5.55,30.22,42.9,7.49,17.0,20.46,6.77,36.54,14.29,16.72,10.03,103.98,9.58,114.64,37.95,27.5,4.51,7.23,12.72,31.66,8.28,25.19,18.62,24.43,14.33,10.3,17.91,4.73,259.2,233.29,7.09,157.24,13.9,35.96,50.22,3.11,22.36,16.3,27.27,4.62,3.55,24.07,41.78,31.35,112.7,20.53,6.78,32.6,68.78,37.55,1.42,23.81,7.32,6.49,6.14,31.28,18.35,82.84
2024-06-18,190.33,115.2,41.73,16.92,1521.5,33.71,64.84,209.1,42.53,27.8,333.8,142.97,37.99,17.39,18.71,93.6,48.13,5.45,28.62,19.35,12.38,255.64,54.38,74.63,21.44,4.14,41.97,14.44,4.18,7.36,40.41,99.34,38.5,6.94,26.4,8.14,38.87,33.64,29.48,9.76,5.19,15.79,85.13,133.89,136.33,69.55,43.57,8.09,42.69,16.02,55.66,32.46,10.08,44.63,13.19,28.32,28.49,27.18,31.4,15.57,4.4,11.09,31.14,146.91,18.1,5.7,93.83,292.92,14.6,15.63,7.36,4.44,7.1,46.42,24.8,17.05,99.96,5.52,108.51,24.15,22.37,37.28,33.39,12.9,3.75,73.05,30.5,3.68,42.84,23.37,6.02,36.1,5.58,30.09,43.6,7.55,17.25,20.18,7.07,36.13,14.47,16.74,10.15,104.8,9.75,115.09,39.0,27.77,4.55,7.37,12.73,31.85,8.36,25.1,18.73,24.31,14.37,9.92,17.98,4.75,259.4,227.87,7.12,154.18,13.87,36.02,50.83,3.11,22.27,16.53,27.35,4.53,3.57,23.47,41.21,31.23,113.13,20.04,6.85,33.0,69.29,37.66,1.43,24.2,7.34,6.56,6.05,31.49,18.65,83.9
2024-06-19,189.01,114.93,42.0,17.32,1501.0,34.15,64.0,217.31,41.94,28.04,328.85,145.51,38.07,17.62,18.53,94.71,47.53,5.5,28.47,19.12,12.19,254.0,55.17,75.32,20.44,4.11,41.36,14.18,4.22,7.39,39.98,101.81,37.75,7.15,26.32,8.4,37.99,32.9,29.58,9.89,5.2,15.55,84.2,134.22,138.38,68.39,43.44,8.22,42.52,15.82,53.8,32.23,10.15,44.18,13.1,28.23,28.5,26.97,31.75,15.58,4.34,10.98,30.63,146.0,17.84,5.78,96.61,293.32,14.3,15.56,7.45,4.48,7.19,45.55,24.52,16.78,101.44,5.54,107.35,23.79,22.44,38.8,32.53,13.13,3.77,69.7,31.51,3.63,42.77,22.51,6.07,35.5,5.61,29.6,43.04,7.64,17.21,19.9,7.09,36.38,14.91,16.36,10.25,103.47,9.88,112.85,37.78,28.18,4.57,7.32,12.63,31.01,8.36,25.02,18.64,23.75,14.27,10.02,18.13,4.8,246.55,225.08,7.1,153.33,13.81,35.02,49.48,3.12,22.34,16.59,26.66,4.43,3.6,23.72,40.96,31.3,115.99,19.56,6.95,32.32,67.51,37.47,1.42,24.33,7.2,6.64,6.04,31.23,18.3,82.8
2024-06-20,187.99,113.1,41.51,17.56,1500.1,34.01,64.47,214.74,41.09,28.34,330.55,148.08,37.26,17.3,18.38,93.0,48.8,5.52,28.61,18.64,11.94,251.5,56.08,74.9,20.46,4.03,40.6,14.08,4.24,7.31,39.77,102.57,37.15,7.18,25.65,8.45,38.32,32.05,29.02,10.06,5.21,15.31,84.04,132.2,140.25,67.91,44.63,8.2,40.97,15.71,51.69,31.65,10.05,44.45,12.96,27.47,28.48,27.59,31.08,16.03,4.2,10.62,29.7,144.7,17.3,5.76,94.45,294.82,14.09,15.62,7.48,4.49,7.23,45.38,24.53,16.58,101.5,5.46,106.5,23.05,22.18,37.61,32.8,12.93,3.73,69.72,32.04,3.51,42.07,21.8,6.17,36.16,5.63,29.43,42.1,7.64,17.18,20.03,7.11,36.09,15.0,15.58,10.38,103.2,9.83,110.69,37.65,27.99,4.52,7.24,12.49,29.88,8.66,24.94,18.21,22.8,14.21,9.85,18.02,4.8,247.25,224.22,7.1,151.56,13.58,34.67,49.19,3.1,22.4,17.0,25.83,4.31,3.58,22.36,40.22,31.51,115.89,18.84,6.85,31.25,65.36,36.98,1.4,24.28,7.02,6.66,6.0,31.1,17.79,87.8
2024-06-21,185.16,112.77,41.67,17.32,1471.0,33.7,63.95,215.29,40.49,28.33,330.11,150.5,37.72,17.35,18.44,94.5,48.75,5.51,28.47,18.96,11.94,250.67,56.81,76.74,20.5,4.05,40.04,14.06,4.19,7.34,39.71,100.3,37.1,7.21,25.78,8.33,38.24,31.95,29.13,9.97,5.2,15.39,83.3,130.2,139.4,67.5,44.11,8.17,41.26,15.94,51.72,31.85,10.0,43.91,13.0,27.96,28.47,27.31,31.0,16.05,4.24,10.75,30.34,143.0,17.17,5.82,95.37,290.98,14.03,15.81,7.46,4.47,7.22,45.17,24.57,17.5,102.55,5.48,107.4,23.26,22.14,37.7,32.4,12.91,3.73,70.2,32.0,3.46,41.51,21.7,6.14,36.85,5.64,29.18,42.73,7.58,17.62,20.18,7.24,35.9,15.02,15.46,10.38,103.9,9.87,110.73,37.9,27.97,4.57,7.37,12.48,29.25,8.57,24.73,18.52,22.66,14.26,9.99,17.85,4.81,247.77,217.0,7.09,150.09,13.48,34.35,48.71,3.09,22.49,16.33,26.19,4.31,3.58,22.2,40.31,31.41,117.08,18.46,6.84,30.49,64.66,36.88,1.4,24.16,6.96,6.58,6.09,31.1,17.75,86.89
2024-06-24,186.98,111.1,41.8,17.47,1476.55,34.07,64.88,206.31,40.42,28.89,325.7,147.51,37.88,17.42,18.42,92.45,47.26,5.57,27.55,18.97,11.8,249.94,57.13,73.62,20.54,3.96,40.29,14.02,4.25,7.31,40.05,95.86,36.91,7.27,25.97,8.25,37.6,31.12,29.35,10.03,5.24,15.25,84.28,131.03,131.6,67.65,44.25,8.15,39.76,15.98,50.98,31.42,9.98,43.65,12.86,27.0,28.49,27.01,30.99,15.63,4.23,10.7,29.4,140.21,16.91,5.82,91.0,295.34,13.87,15.7,7.48,4.49,7.25,45.45,24.79,16.94,102.5,5.47,106.3,22.11,22.12,35.96,30.7,12.71,3.68,69.93,32.47,3.34,41.95,20.89,6.13,37.05,5.61,29.73,41.48,7.41,17.35,19.67,7.09,35.3,14.78,15.03,10.54,103.16,9.84,108.9,37.99,27.75,4.55,7.32,12.4,28.56,8.47,24.52,18.17,22.16,14.23,9.47,17.39,4.87,246.48,219.14,7.05,149.5,13.32,35.38,48.9,3.1,22.25,16.83,24.5,4.33,3.51,21.49,39.6,31.28,114.51,18.24,6.79,30.1,64.48,36.5,1.38,23.73,6.82,6.57,6.02,30.49,17.22,87.88
2024-06-25,186.32,105.78,41.55,17.35,1486.65,34.3,65.29,197.2,40.49,28.65,314.64,141.3,37.16,17.32,18.12,89.95,45.54,5.6,26.44,18.67,11.54,254.01,54.96,71.16,19.88,3.91,39.7,13.83,4.26,7.27,40.43,89.05,35.57,7.28,25.77,8.33,37.05,29.85,28.55,10.05,5.25,15.9,85.78,131.51,127.29,64.06,43.93,8.2,38.49,16.36,51.7,30.92,10.08,43.51,12.63,26.46,28.26,26.8,30.0,15.52,4.21,10.91,29.02,134.9,16.88,5.84,88.36,293.2,13.73,15.28,7.43,4.52,7.28,46.13,24.33,16.79,102.4,5.48,104.75,21.45,22.54,34.86,28.38,12.82,3.7,68.97,32.26,3.28,40.9,20.47,6.11,36.6,5.66,29.83,41.51,7.55,16.94,19.72,7.13,35.52,14.51,14.44,10.52,99.9,9.86,106.66,37.2,27.6,4.5,7.45,12.25,28.07,8.4,24.19,17.78,22.02,14.15,9.39,17.46,4.87,240.0,218.77,7.04,150.39,13.53,35.26,49.49,3.12,23.72,16.85,23.94,4.29,3.57,20.76,38.85,30.83,114.29,17.76,6.83,29.53,63.0,35.91,1.38,24.04,6.79,6.59,5.94,30.41,16.96,84.35
2024-06-26,185.51,108.61,41.65,17.26,1489.22,34.06,64.25,202.97,40.21,28.65,319.55,143.59,38.2,17.33,18.4,93.2,46.47,5.63,27.17,19.2,11.69,252.72,56.3,72.65,20.46,3.99,39.9,14.11,4.28,7.3,39.91,89.17,36.8,7.33,25.99,8.3,37.4,31.95,28.91,9.7,5.24,16.12,85.39,131.3,129.0,64.18,43.75,8.21,41.83,16.41,51.89,31.04,10.08,43.2,12.71,27.42,27.74,26.8,31.33,15.49,4.29,11.19,30.02,140.0,17.23,5.85,92.5,295.0,13.81,15.32,7.48,4.55,7.31,47.54,24.36,17.25,102.66,5.46,106.52,22.47,22.33,36.7,28.6,12.77,3.74,68.02,31.98,3.47,41.13,20.6,6.15,36.65,5.68,29.36,44.76,7.55,17.55,19.86,7.2,35.75,14.46,14.66,10.55,100.15,9.89,110.9,40.47,27.36,4.52,7.46,12.35,30.2,8.31,24.6,18.46,23.12,14.23,9.48,17.54,4.93,249.9,218.05,7.06,149.32,13.44,34.93,48.84,3.13,24.25,16.94,24.98,4.32,3.6,21.48,39.11,30.95,114.08,18.37,6.43,31.55,64.41,36.1,1.41,23.95,6.84,6.6,6.01,30.44,17.48,84.35
2024-06-27,185.0,105.04,41.42,16.9,1490.49,34.26,64.1,198.61,39.33,28.82,319.66,141.43,38.85,17.45,18.4,94.2,45.71,5.7,26.81,20.02,11.34,249.5,56.05,71.05,20.32,4.04,39.24,14.02,4.32,7.35,39.48,84.2,36.05,7.44,25.77,8.19,37.75,31.04,28.73,9.69,5.34,16.15,83.1,129.65,125.98,63.38,43.5,8.22,41.08,16.26,51.3,30.71,10.13,43.2,12.49,26.88,27.91,26.63,31.43,15.02,4.25,11.13,29.25,136.14,16.97,5.98,93.34,294.5,13.55,15.18,7.12,4.61,7.4,47.45,24.21,17.29,104.79,5.25,103.28,21.86,22.22,35.93,27.47,12.96,3.76,66.82,32.08,3.41,41.1,19.56,6.16,35.01,5.79,28.4,43.14,7.35,17.94,20.0,7.18,35.22,14.27,14.26,10.41,99.08,10.18,107.69,39.83,26.88,4.59,7.04,12.3,29.24,8.15,24.05,18.62,22.35,14.21,9.05,17.08,5.02,245.63,216.01,7.1,148.18,13.11,34.88,47.62,3.17,23.41,16.82,24.08,4.28,3.51,21.33,38.48,31.01,111.13,17.72,6.73,30.57,62.95,35.43,1.39,23.26,6.69,6.56,6.01,30.02,17.09,84.71
2024-06-28,180.03,105.55,41.36,17.57,1467.39,34.19,64.5,198.67,39.19,28.92,319.89,141.26,39.31,17.62,18.23,95.62,46.1,5.7,27.4,20.7,10.56,250.25,57.16,70.32,21.06,4.09,38.46,13.55,4.36,7.43,39.22,88.42,36.5,7.47,25.84,8.5,40.71,32.26,29.19,10.32,5.37,16.24,80.86,128.04,120.11,62.03,44.37,8.23,41.5,16.5,51.3,30.91,10.15,43.6,12.39,27.97,27.86,25.77,31.71,15.49,4.32,11.05,29.93,137.88,17.2,6.15,94.74,290.91,13.87,15.85,7.26,4.62,7.4,47.9,24.96,17.45,107.5,5.31,105.77,22.35,22.06,36.37,26.75,13.05,3.79,66.9,33.0,3.43,39.92,19.08,6.32,35.08,5.84,28.38,42.95,7.63,18.25,19.82,7.51,35.69,14.8,14.02,10.66,99.37,10.39,103.7,39.76,27.38,4.7,7.15,12.17,28.65,8.45,24.07,19.51,22.13,13.91,9.14,17.25,5.07,227.5,210.88,7.16,143.49,13.51,34.47,46.58,3.17,24.13,17.33,23.95,4.36,3.61,21.39,40.1,31.05,109.7,17.56,6.72,29.91,62.49,36.55,1.4,23.68,6.72,6.65,6.06,30.03,17.35,82.78
2024-07-01,176.07,110.33,41.62,18.04,1440.38,34.36,64.09,204.84,38.66,29.48,324.86,142.27,38.91,17.75,18.2,94.41,45.81,5.82,28.0,20.48,10.47,246.8,56.48,70.47,20.14,4.11,38.27,13.78,4.44,7.5,38.9,95.82,37.45,7.54,25.97,8.66,41.17,33.63,28.96,10.43,5.42,15.71,82.3,128.3,118.8,63.15,45.28,8.28,41.43,16.43,49.9,30.81,10.35,44.99,12.5,28.14,28.54,26.87,31.37,15.82,4.34,11.29,30.19,144.9,18.03,6.1,95.5,285.03,13.96,15.93,7.37,4.67,7.57,47.74,24.85,17.27,107.46,5.44,106.17,22.64,22.95,37.28,26.13,13.5,3.81,64.5,34.04,3.44,38.56,18.64,6.39,35.93,5.87,28.39,43.49,7.91,18.16,20.38,7.62,35.3,14.89,14.05,10.93,99.02,10.27,102.02,39.2,27.46,4.68,7.17,12.2,28.83,8.73,26.23,19.72,22.35,13.76,9.27,17.54,5.08,205.0,207.06,7.2,143.0,13.83,34.4,47.29,3.19,25.0,17.57,24.08,4.48,3.69,21.4,40.1,31.35,107.48,17.29,6.98,29.99,62.5,36.27,1.45,24.18,6.76,6.76,6.09,30.82,17.35,79.99
2024-07-02,176.08,112.95,42.17,17.84,1490.7,35.08,63.0,197.0,38.29,29.48,318.01,138.31,39.09,17.92,18.19,90.21,45.46,5.97,27.36,20.49,10.27,243.97,55.55,71.04,20.27,4.1,37.47,13.67,4.52,7.55,38.26,94.36,36.87,7.64,25.77,8.54,41.1,33.38,28.04,10.66,5.53,14.7,80.3,131.56,116.59,60.32,45.8,8.53,40.59,15.65,50.52,30.12,10.4,44.34,12.39,27.73,28.39,26.8,30.71,16.05,4.26,10.84,29.7,145.61,17.55,6.15,93.82,285.2,13.78,15.13,7.5,4.76,7.7,47.04,24.42,17.02,108.92,5.44,103.95,22.08,23.1,36.99,27.27,13.6,3.87,63.65,35.14,3.46,37.93,19.39,6.45,34.17,5.96,27.26,42.83,7.8,17.69,20.04,7.67,34.9,14.89,13.82,11.0,96.78,10.27,100.4,38.45,27.47,4.74,6.8,12.22,28.51,8.57,25.06,19.53,21.95,13.76,9.02,17.02,5.16,200.02,208.64,7.24,143.99,13.54,34.15,45.47,3.26,24.62,17.49,23.67,4.49,3.68,20.62,40.11,30.9,106.1,17.18,7.12,29.45,61.81,35.8,1.43,23.82,6.79,6.99,6.2,31.27,17.04,76.85
2024-07-03,179.5,109.99,42.27,17.89,1500.0,34.46,63.03,195.5,38.7,29.3,319.36,143.56,38.89,17.7,18.38,91.69,46.26,5.89,27.38,20.76,10.26,243.1,56.06,71.2,20.23,4.13,38.67,13.68,4.49,7.54,38.13,89.41,36.84,7.62,25.81,8.63,40.44,33.62,27.89,10.57,5.52,14.22,80.42,131.0,122.0,60.05,45.25,8.53,40.01,15.6,50.78,30.17,10.31,44.12,12.39,27.72,28.75,26.2,32.38,15.47,4.31,10.73,28.89,143.5,17.39,6.19,96.62,280.6,13.71,15.17,7.4,4.71,7.61,46.17,24.34,16.86,110.21,5.46,102.94,21.82,22.49,37.07,31.41,13.49,3.86,62.25,34.82,3.43,38.2,19.12,6.43,33.1,5.94,26.76,42.06,7.67,17.85,19.95,7.74,34.42,14.76,13.85,10.91,97.46,10.18,98.47,38.15,27.18,4.77,6.52,11.92,29.47,8.39,24.5,19.58,22.27,13.93,9.01,16.95,5.12,198.15,203.41,7.24,142.61,13.56,34.15,44.79,3.27,24.61,17.34,23.25,4.49,3.67,20.29,39.71,30.91,104.91,17.47,7.02,29.82,67.98,35.66,1.43,23.85,6.78,6.98,6.29,31.4,16.79,75.9
2024-07-04,179.6,112.33,41.98,18.17,1485.74,34.71,64.6,193.46,37.6,29.39,316.79,140.6,38.86,17.62,18.04,91.6,46.16,5.96,27.27,21.65,10.13,244.63,56.06,68.92,20.31,4.09,38.45,13.51,4.53,7.56,38.02,87.34,37.31,7.77,25.61,8.82,40.44,34.09,28.15,10.64,5.49,14.24,81.01,130.59,118.27,59.12,45.4,8.5,39.2,15.62,51.07,29.75,10.26,43.83,12.22,27.49,28.61,26.28,31.85,15.53,4.22,10.58,28.87,143.01,16.98,6.17,94.32,284.0,13.5,15.29,7.37,4.74,7.69,47.1,24.7,16.55,109.15,5.43,105.05,21.45,22.42,36.29,30.27,13.47,3.85,63.17,35.08,3.36,37.8,20.18,6.51,33.64,5.92,26.75,41.11,7.59,18.41,19.79,7.69,34.42,15.03,13.46,10.93,97.87,10.05,93.28,38.3,27.86,4.72,6.62,11.69,29.01,8.6,25.11,19.43,21.94,13.77,8.88,16.71,5.17,191.42,201.35,7.25,139.51,13.37,34.22,45.1,3.28,24.6,17.32,22.74,4.49,3.62,20.09,40.08,30.72,103.58,16.77,6.93,28.88,64.75,35.54,1.41,23.53,6.59,6.99,6.26,30.97,16.6,74.5
2024-07-05,177.62,112.98,41.12,18.64,1453.0,33.88,64.0,192.8,38.02,29.32,314.33,138.5,38.73,17.19,17.81,91.84,46.64,5.83,27.08,21.11,10.21,242.03,57.31,71.5,20.03,4.06,40.03,13.45,4.46,7.49,37.7,87.21,38.1,7.58,25.45,9.09,40.16,33.68,28.29,10.54,5.47,14.1,81.1,128.95,117.49,61.0,45.1,8.34,39.68,15.82,50.63,29.83,9.97,43.82,12.24,27.49,27.94,26.05,31.45,15.33,4.22,10.7,29.27,141.5,17.25,6.18,94.41,285.93,13.42,15.35,7.25,4.63,7.56,47.74,24.63,16.85,108.0,5.36,105.44,21.77,21.87,37.33,29.79,13.13,3.83,63.53,34.28,3.37,37.45,19.18,6.43,34.18,5.79,26.64,41.2,7.69,17.74,19.81,7.66,34.42,16.36,13.51,10.89,97.68,9.95,95.6,37.98,29.21,4.72,6.63,11.62,28.91,8.8,25.55,19.55,21.81,13.68,9.18,16.97,5.03,197.66,193.5,7.22,137.37,13.65,33.71,43.56,3.22,25.04,17.36,23.06,4.49,3.69,20.24,40.15,29.98,108.02,16.5,6.82,28.73,65.73,35.41,1.42,24.31,6.63,7.0,6.22,29.96,16.88,73.31
2024-07-08,175.91,113.45,40.84,18.45,1420.0,33.99,64.23,192.5,36.87,29.92,316.6,138.06,39.37,17.28,17.5,91.96,46.7,5.89,26.96,21.7,9.96,244.99,59.53,70.98,20.11,4.03,39.21,13.33,4.5,7.55,37.95,90.08,37.89,7.69,25.2,8.92,40.34,33.88,28.2,10.67,5.47,13.59,79.24,125.91,111.92,58.15,43.38,8.43,38.75,15.56,49.57,29.33,9.93,44.04,11.88,27.2,28.24,26.4,31.22,14.4,4.08,10.53,28.93,144.39,16.96,6.23,95.35,280.3,13.14,15.3,7.25,4.69,7.66,47.29,24.79,16.36,109.41,5.3,105.15,21.13,21.51,36.94,30.84,13.05,3.85,65.06,34.77,3.24,36.24,18.29,6.5,33.32,5.79,26.43,38.7,7.74,17.84,20.08,7.7,34.42,16.61,13.09,11.35,101.59,10.08,95.31,38.95,29.42,4.72,6.57,11.25,27.61,8.49,25.29,19.71,21.13,13.61,8.84,16.61,5.11,193.0,190.0,7.2,134.31,13.65,33.34,42.82,3.24,24.58,17.32,22.16,4.51,3.68,20.16,39.74,30.25,104.11,16.05,6.91,27.75,63.1,35.27,1.4,24.15,6.53,7.06,6.14,29.86,16.71,75.92
2024-07-09,175.77,118.56,41.52,18.82,1438.03,34.47,64.1,207.34,37.26,30.31,324.79,141.9,41.39,16.43,17.86,96.42,48.16,5.94,29.0,23.87,10.13,252.6,59.78,73.11,20.85,4.1,38.99,13.45,4.53,7.69,38.38,93.88,40.44,7.74,25.0,9.09,41.01,38.28,28.9,10.64,5.52,14.2,78.58,127.07,114.82,58.28,43.4,8.64,40.4,15.3,50.29,29.41,10.07,42.79,12.23,28.87,28.91,26.61,33.11,14.52,4.02,10.09,30.45,154.33,17.12,6.27,99.42,281.11,13.35,15.99,7.33,4.74,7.67,48.73,25.2,16.07,108.78,5.26,109.75,22.2,21.7,39.1,34.35,13.34,3.87,66.05,34.59,3.26,35.54,19.2,6.54,32.8,5.8,26.3,39.0,8.06,19.46,19.31,7.81,34.65,16.9,13.16,11.46,103.65,10.14,97.17,41.52,29.48,4.77,6.56,11.4,27.23,8.47,25.11,20.68,21.44,13.82,8.97,16.88,5.07,194.01,189.8,7.18,135.95,14.15,33.84,42.14,3.27,23.95,17.57,22.89,4.51,3.76,21.73,39.58,30.57,105.02,15.99,7.0,27.59,63.15,35.04,1.42,24.54,6.69,7.05,6.08,30.45,17.22,76.77
2024-07-10,173.05,119.4,41.86,18.38,1437.59,34.68,63.81,211.14,37.54,30.1,319.58,142.02,41.08,16.61,18.17,97.04,47.99,6.0,28.95,26.04,10.12,252.5,60.6,72.82,22.73,4.19,39.41,13.47,4.55,7.7,37.88,100.0,41.25,7.38,25.13,8.78,41.12,39.69,29.26,10.33,5.44,14.1,77.75,126.54,114.68,57.57,41.71,8.69,40.15,15.52,50.99,29.42,10.14,43.69,12.28,28.85,28.93,25.4,32.78,14.37,4.15,10.21,30.55,157.53,17.02,6.21,98.6,278.9,12.89,15.37,7.27,4.75,7.74,49.23,24.69,15.9,107.56,5.21,120.73,22.13,21.33,39.2,35.75,13.32,3.89,63.99,33.89,3.27,35.24,19.4,6.42,33.0,5.55,26.36,38.86,7.56,19.57,19.61,7.66,34.85,16.86,13.56,11.24,104.44,10.03,96.23,42.48,29.47,4.73,6.67,11.69,27.82,8.14,24.47,21.45,23.26,13.96,8.85,16.68,5.13,187.33,191.28,7.14,133.5,13.67,34.13,43.0,3.28,23.1,17.24,23.01,4.45,3.62,21.83,40.14,31.27,105.12,15.84,6.92,27.92,63.35,35.52,1.41,23.7,6.69,6.92,6.02,30.73,17.21,76.12
2024-07-11,177.01,116.29,41.94,18.87,1462.09,32.9,63.9,201.65,38.82,30.19,313.27,139.66,41.78,16.48,18.32,97.82,48.27,5.93,28.76,25.98,10.43,253.06,62.22,72.99,23.11,4.31,40.6,13.55,4.51,7.62,38.68,99.41,41.19,7.35,25.7,9.05,41.88,38.68,30.41,10.46,5.41,14.28,80.53,130.48,115.02,59.82,41.68,8.6,41.24,16.32,51.52,30.1,10.13,44.11,12.43,29.12,28.25,25.4,33.71,14.2,4.29,10.53,30.88,153.26,17.5,6.17,98.29,282.11,13.24,15.19,7.22,4.7,7.69,49.17,24.54,16.27,107.2,5.35,126.99,22.44,21.2,38.95,35.76,12.73,3.89,64.11,33.8,3.39,37.33,19.78,6.42,33.59,5.5,26.94,39.25,7.8,19.86,19.47,7.74,35.1,17.39,14.22,11.46,105.24,9.99,99.13,40.89,29.72,4.75,6.85,11.87,29.19,8.27,25.35,21.95,24.33,14.13,9.21,17.32,4.83,191.38,193.19,6.76,136.85,14.22,34.59,44.08,3.25,23.66,17.84,23.33,4.46,3.76,22.31,40.51,30.85,107.39,16.72,6.83,29.6,67.33,36.59,1.43,24.77,6.95,6.95,5.74,30.75,17.41,77.0
2024-07-12,179.8,113.35,42.68,18.48,1478.82,34.0,65.0,199.4,38.8,29.88,328.57,141.03,40.92,16.88,18.36,97.35,48.64,6.08,27.26,25.6,10.36,262.62,63.66,70.59,22.81,4.3,41.27,13.46,4.6,7.82,38.87,94.99,40.25,7.43,25.5,8.76,41.75,39.06,30.28,10.33,5.5,14.27,83.32,127.4,117.15,62.11,41.21,8.84,40.42,16.3,49.0,30.03,10.31,43.04,12.43,28.62,27.69,24.93,33.57,13.54,4.28,10.5,30.38,150.12,16.95,6.26,99.24,281.0,13.11,15.06,7.34,4.77,7.37,48.51,24.35,16.08,107.91,5.41,126.14,21.9,21.93,37.68,35.7,13.01,3.73,63.55,33.26,3.38,37.97,19.05,6.4,33.77,5.63,27.49,38.66,7.92,19.69,19.27,7.62,35.04,17.12,14.18,11.22,108.88,10.06,98.03,39.84,28.3,4.78,6.72,11.82,28.87,8.01,24.65,21.69,23.94,14.18,8.99,16.96,4.92,191.0,197.22,6.75,136.88,14.09,34.64,43.81,3.3,22.72,17.45,22.79,4.45,3.65,24.54,40.39,31.53,106.66,16.52,6.94,29.28,67.75,36.82,1.43,23.92,6.94,6.94,6.06,31.04,17.5,77.38
2024-07-15,178.12,112.42,42.53,18.82,1474.9,33.78,64.94,208.2,38.05,30.43,334.85,143.44,40.99,17.03,18.46,97.2,48.94,6.2,26.96,26.36,10.33,261.71,64.3,72.0,22.67,3.98,40.78,13.5,4.72,7.88,38.63,93.3,39.13,7.51,25.49,9.13,41.7,38.95,30.34,10.47,5.56,14.67,81.6,127.5,124.0,64.01,42.39,8.88,40.28,16.29,48.45,30.03,10.33,44.67,12.44,27.78,28.14,25.54,34.75,13.48,4.07,10.46,30.01,149.58,16.93,6.29,95.88,277.5,12.95,14.68,7.47,4.85,7.59,49.26,24.15,16.11,109.2,5.4,127.4,21.99,22.18,37.9,35.69,13.05,3.76,63.7,33.86,3.29,37.65,19.0,6.55,34.12,5.72,26.65,38.13,8.05,19.53,20.25,7.67,34.7,17.18,13.89,11.38,108.68,10.16,97.67,39.17,29.36,4.81,6.65,11.84,28.58,7.95,24.75,22.16,23.84,14.2,8.99,16.91,5.02,187.62,195.9,6.79,138.3,14.06,34.34,43.24,3.32,22.9,17.51,23.0,4.44,3.65,24.16,40.21,31.47,105.46,16.05,6.92,28.74,66.88,36.47,1.41,24.12,6.86,7.0,5.96,31.09,17.05,78.3
2024-07-16,179.3,113.99,41.19,19.21,1476.0,33.79,64.27,249.84,38.49,30.8,347.57,147.3,43.17,17.0,18.73,97.99,49.2,5.89,27.46,28.82,10.45,258.99,65.03,77.84,23.63,4.11,40.95,13.62,4.71,7.86,38.48,93.43,39.71,7.49,25.54,9.17,41.69,41.65,31.92,10.51,5.61,13.97,81.77,127.48,125.1,70.31,42.41,8.86,42.3,16.26,49.49,30.25,10.3,45.3,12.53,28.43,28.25,25.59,36.03,13.47,4.11,10.42,30.25,148.12,17.08,6.35,96.03,271.8,13.03,14.41,7.46,4.88,7.56,48.92,24.23,16.12,110.5,5.37,130.5,24.19,21.96,39.1,37.51,12.97,3.77,61.49,33.91,3.31,38.78,19.2,6.49,33.0,5.7,26.77,39.01,7.91,20.44,20.38,7.67,34.72,17.87,14.07,11.49,110.45,10.08,98.09,40.42,30.86,4.81,6.4,11.98,28.8,8.09,24.51,23.56,23.91,14.08,9.0,17.52,5.0,195.36,193.18,6.89,137.57,13.73,34.25,42.26,3.34,20.9,17.46,23.12,4.5,3.61,24.35,40.53,31.2,105.18,16.27,6.83,29.06,67.47,37.48,1.42,24.16,6.87,7.01,5.94,30.35,17.22,80.39
2024-07-17,180.89,110.55,42.29,18.47,1501.4,34.07,62.83,247.94,39.22,30.8,347.6,149.91,42.05,17.2,18.85,96.0,48.36,5.91,25.95,26.4,10.5,259.51,63.21,76.62,22.82,4.07,41.74,13.75,4.72,7.9,38.41,88.76,35.96,7.49,26.0,8.56,41.17,39.5,31.65,10.09,5.67,13.81,82.31,130.76,127.65,70.3,41.72,9.04,41.85,16.06,48.92,30.28,10.4,45.59,12.59,27.99,29.32,25.03,34.67,13.21,4.05,10.56,29.48,141.71,17.02,6.2,91.71,281.0,13.12,14.16,7.53,4.66,7.57,48.45,24.21,16.03,108.64,5.42,123.59,24.65,22.7,38.2,35.65,12.93,3.8,61.16,32.25,3.24,38.65,18.95,6.43,32.03,5.73,26.66,38.92,7.34,19.49,20.54,7.6,35.61,18.17,14.1,11.37,109.37,10.12,97.88,38.87,31.02,4.74,6.32,12.08,28.71,7.92,23.67,23.08,23.38,14.31,8.78,17.15,5.02,196.9,199.4,6.91,141.52,13.03,35.1,42.73,3.37,20.14,17.17,22.88,4.53,3.5,24.0,40.75,32.1,106.99,16.12,6.88,28.96,70.51,37.52,1.42,23.26,6.89,7.03,6.0,30.84,16.92,78.63
2024-07-18,188.35,108.82,42.37,18.45,1497.51,34.09,63.9,254.0,39.33,31.36,355.66,153.0,40.95,17.1,18.97,94.0,48.75,5.91,25.41,25.71,10.54,261.43,63.0,75.36,22.43,4.04,42.15,13.9,4.72,7.9,39.36,96.14,36.24,7.47,26.21,8.62,42.3,38.74,31.43,10.2,5.71,13.84,81.78,131.1,131.55,71.4,42.05,8.77,41.23,16.34,50.43,30.02,10.41,45.58,12.73,27.79,29.81,25.21,35.3,13.27,3.99,10.52,29.1,140.0,17.12,6.33,92.9,286.04,13.53,14.04,7.46,4.66,7.61,49.04,24.72,15.9,112.04,5.46,122.66,24.38,22.65,37.57,34.97,12.94,3.8,62.46,32.98,3.2,39.82,19.08,6.52,32.31,5.68,26.87,38.69,7.36,19.05,20.54,7.77,35.97,17.7,14.11,11.58,109.0,10.15,97.86,37.58,31.25,4.81,6.42,12.08,28.72,8.06,23.99,22.83,23.52,14.61,8.8,17.15,5.0,199.2,200.3,6.92,142.9,12.97,35.78,44.68,3.37,20.25,17.42,22.6,4.59,3.47,23.45,42.0,32.23,110.63,16.33,6.86,29.01,70.17,39.0,1.44,23.16,6.94,7.09,6.04,31.13,17.09,77.58
2024-07-19,189.44,105.36,43.03,17.94,1525.62,34.25,63.6,268.4,39.6,30.58,355.0,153.85,40.15,17.13,19.39,96.0,51.2,5.91,24.66,24.74,10.7,264.06,63.01,78.22,22.25,4.07,42.23,14.05,4.71,7.85,39.25,91.21,35.3,7.46,26.4,8.41,43.1,37.4,33.95,9.97,5.72,13.9,82.54,133.42,133.26,72.3,41.97,8.73,43.52,16.4,51.13,30.3,10.37,45.88,12.88,28.11,29.7,25.4,35.11,13.19,3.98,10.56,29.14,134.98,17.42,6.38,93.29,285.25,13.56,14.26,7.49,4.67,7.55,48.6,24.8,16.25,113.2,5.45,120.6,24.6,22.32,38.23,35.81,12.96,3.79,62.46,31.7,3.19,40.0,19.2,6.5,32.97,5.63,27.02,39.3,7.26,18.68,20.7,7.96,36.28,17.24,14.39,11.7,111.1,10.15,99.36,37.05,30.5,4.8,6.55,12.21,28.92,8.04,23.73,23.05,23.55,14.7,8.68,16.98,4.98,203.48,204.01,6.96,146.98,12.85,36.27,46.36,3.37,19.6,17.6,23.03,4.68,3.38,23.45,42.85,32.03,113.0,16.34,6.82,29.23,69.83,39.97,1.45,22.69,6.97,7.07,6.11,31.35,17.27,82.82
2024-07-22,189.52,105.11,43.0,17.6,1499.0,33.34,63.63,265.22,40.07,30.38,353.41,152.69,39.72,16.78,20.19,94.37,50.98,5.84,24.91,25.12,10.69,265.61,63.93,78.66,22.24,4.01,42.77,14.13,4.64,7.77,38.86,92.68,35.73,7.46,26.1,8.13,42.98,39.81,33.36,9.63,5.72,13.49,81.63,131.22,132.98,74.12,41.73,8.58,44.43,16.27,50.43,30.37,10.23,45.08,12.92,27.87,29.49,24.25,35.75,13.13,3.95,10.49,29.23,134.6,17.62,6.32,88.58,284.15,13.62,14.58,7.39,4.65,7.43,49.2,24.49,16.04,110.19,5.42,119.67,24.37,21.8,39.06,35.34,12.78,3.76,63.35,30.75,3.18,40.01,19.01,6.42,31.72,5.51,26.6,39.64,7.42,18.6,20.55,7.84,36.31,16.85,14.38,11.54,109.71,10.02,99.66,37.34,30.18,4.75,6.6,12.18,29.02,8.11,23.29,22.76,23.18,14.74,8.66,16.9,4.91,208.24,197.0,6.98,142.3,12.67,35.7,46.85,3.32,20.16,17.29,22.53,4.71,3.3,23.34,42.67,31.67,116.3,16.11,6.65,28.99,68.68,40.01,1.44,22.38,7.08,7.11,6.01,31.1,17.24,83.25
2024-07-23,186.2,102.19,42.79,16.52,1455.0,33.34,62.38,248.46,39.2,30.67,335.57,147.92,38.43,16.94,19.2,88.88,49.28,6.01,24.54,24.73,10.35,253.23,58.8,75.3,21.7,3.9,41.41,13.89,4.74,7.81,38.1,91.58,35.41,7.6,25.42,7.56,41.7,39.88,32.5,9.51,5.74,13.18,79.7,126.8,124.0,71.8,41.06,8.59,43.1,16.0,48.45,29.58,10.18,43.78,12.69,27.1,29.05,23.87,33.68,13.1,3.84,10.19,28.29,130.92,17.07,6.32,83.56,276.6,13.25,14.05,7.46,4.76,7.58,47.81,24.08,15.47,110.96,5.44,114.65,23.22,21.62,37.78,33.34,12.88,3.74,61.72,30.34,3.11,38.85,18.63,6.43,30.98,5.52,25.8,38.58,7.01,17.88,20.04,7.8,35.65,16.16,14.02,11.72,104.83,10.1,96.12,36.25,28.91,4.74,6.5,12.03,27.92,8.11,22.32,22.1,22.11,14.45,8.31,16.14,4.99,201.2,185.29,6.96,135.44,12.06,34.42,45.18,3.33,19.18,16.29,21.47,4.65,3.15,22.3,41.87,31.06,113.28,15.48,6.74,27.8,66.73,39.53,1.42,21.53,7.26,6.93,5.76,30.67,16.51,80.8
2024-07-24,186.32,101.06,42.56,16.53,1440.02,33.18,60.08,261.25,38.65,31.04,332.49,145.7,37.88,16.83,18.88,86.3,48.85,6.06,24.3,24.3,10.14,249.99,58.98,75.44,21.47,3.8,41.4,13.82,4.77,7.82,37.16,93.68,34.95,7.68,25.05,7.43,42.34,41.18,32.07,9.56,5.76,13.01,79.29,126.06,121.3,70.98,41.76,8.55,43.49,15.98,46.88,29.32,10.13,43.46,12.7,26.93,28.7,24.25,33.8,13.06,3.73,10.11,28.0,130.34,16.94,6.4,81.93,270.88,13.06,14.24,7.49,4.76,7.59,47.71,24.02,15.38,111.98,5.59,112.06,22.74,21.54,37.8,32.71,13.05,3.66,61.34,30.41,3.03,37.84,17.58,6.66,30.09,5.48,25.33,38.34,6.91,17.57,19.7,7.95,35.27,16.16,13.65,12.2,103.16,10.06,94.65,35.73,29.54,4.79,6.52,11.98,26.66,8.19,21.93,21.76,21.78,14.45,8.26,16.04,5.03,194.69,181.0,7.0,133.98,11.96,33.97,45.47,3.18,19.15,15.89,21.38,4.73,3.13,22.85,41.95,30.55,112.14,14.94,6.78,27.22,65.19,39.99,1.42,20.93,7.41,6.96,5.67,30.57,16.75,77.55
2024-07-25,187.73,93.69,42.57,15.43,1430.49,32.83,59.4,255.8,39.26,30.83,329.0,142.89,37.09,16.71,19.02,84.4,48.7,6.06,23.2,23.3,10.27,250.39,58.2,74.8,20.75,3.78,41.46,13.89,4.72,7.81,37.39,87.08,33.4,7.58,25.04,7.02,40.01,38.35,32.0,9.16,5.82,12.85,78.5,125.78,121.36,71.07,41.25,8.52,43.54,15.7,45.7,29.3,10.09,43.3,12.81,26.74,28.48,23.74,32.09,12.89,3.77,10.49,27.74,122.27,16.98,6.29,79.98,269.8,13.28,14.98,7.38,4.73,7.6,47.6,23.96,15.47,110.98,5.55,110.24,22.66,21.53,36.84,31.92,13.05,3.56,62.6,28.94,3.05,38.45,17.28,6.65,30.48,5.36,25.29,38.42,6.73,17.31,19.7,7.76,35.27,15.13,13.98,12.22,103.0,10.0,98.47,35.58,27.98,4.73,6.55,12.08,27.29,7.7,21.93,21.5,22.23,14.4,8.2,15.93,4.99,195.78,181.47,6.99,131.56,11.65,34.25,45.28,3.15,19.15,15.05,21.31,4.9,3.03,22.42,41.66,30.73,112.14,15.09,6.68,28.18,66.75,39.81,1.41,20.51,7.79,6.91,5.75,30.38,16.61,77.4
2024-07-26,189.35,95.37,41.09,15.85,1422.19,32.37,62.84,250.73,39.54,30.15,331.95,146.78,37.92,16.49,19.26,84.41,49.75,5.93,23.5,24.27,10.52,254.95,58.23,74.31,20.59,3.85,41.07,14.03,4.62,7.7,39.83,91.15,33.52,7.46,25.08,7.27,40.53,38.58,32.57,9.1,5.84,14.14,79.31,126.2,126.0,70.35,40.8,8.33,42.89,15.99,46.34,29.55,10.03,43.04,12.93,26.93,27.97,23.76,32.2,12.82,3.87,10.75,28.1,124.25,17.24,6.02,80.72,267.95,13.43,15.49,7.26,4.63,7.42,47.26,24.39,15.65,106.0,5.49,110.73,22.74,21.21,37.1,32.18,13.05,3.53,64.86,28.93,3.13,39.5,18.08,6.58,30.74,5.29,27.39,38.66,6.82,17.68,19.58,7.72,34.96,15.42,14.14,12.01,103.93,9.84,99.03,36.15,28.04,4.65,6.53,12.23,28.0,7.78,22.61,21.62,23.33,14.64,8.31,16.44,4.88,195.4,182.35,6.95,129.83,11.92,34.33,44.95,3.09,19.49,15.26,22.05,4.89,3.08,22.72,43.71,30.59,116.25,15.44,6.56,29.12,67.12,40.85,1.43,20.99,8.24,6.84,5.77,30.65,17.28,79.35
2024-07-29,184.53,99.66,41.32,16.11,1398.02,32.45,62.88,246.52,39.0,30.2,334.68,144.34,38.38,16.72,18.88,82.55,46.7,5.98,23.8,24.44,10.4,249.1,58.0,73.85,20.24,3.84,40.49,13.88,4.7,7.79,39.83,95.9,34.07,7.5,24.74,7.36,41.35,39.47,32.49,9.14,5.78,13.87,77.58,124.1,122.4,68.65,40.84,8.53,42.0,15.61,43.85,29.11,10.11,42.18,12.77,26.66,28.55,23.55,32.55,13.06,3.85,10.34,27.95,129.59,17.09,6.05,79.91,257.2,13.23,15.26,7.4,4.74,7.56,44.46,24.41,15.29,106.6,5.62,111.42,22.45,21.48,36.96,31.11,13.68,3.61,64.88,29.61,3.16,37.67,17.57,6.7,30.54,5.41,26.98,38.61,6.84,17.79,19.25,7.77,34.25,15.81,13.83,11.9,101.71,10.04,97.26,36.6,28.38,4.75,6.23,12.17,26.85,7.72,22.57,21.51,22.48,14.57,8.19,16.32,4.96,194.16,178.65,7.01,126.23,11.84,33.55,43.67,3.17,19.18,15.34,21.75,4.93,3.08,22.38,43.31,31.23,115.92,15.1,6.67,28.17,64.89,40.22,1.43,21.02,7.93,6.96,5.73,30.86,17.26,76.97
2024-07-30,184.89,97.69,41.33,15.91,1379.99,32.42,61.06,244.4,40.69,30.11,336.04,147.55,37.46,16.69,18.92,82.99,47.6,5.99,22.85,24.21,10.38,243.91,58.47,75.0,19.29,3.84,40.0,13.97,4.7,7.73,38.99,96.76,32.67,7.5,24.4,7.16,41.3,38.74,32.33,8.78,5.77,13.35,75.16,123.29,123.18,68.05,39.8,8.39,42.0,15.61,44.81,28.67,10.08,42.98,12.81,26.76,28.44,22.93,32.82,12.9,3.79,10.3,28.07,127.66,17.15,6.16,80.92,248.14,13.23,15.1,7.29,4.77,7.57,45.43,24.05,15.26,107.67,5.64,110.09,22.27,21.19,36.17,31.9,13.49,3.54,64.32,28.07,3.16,37.07,17.98,6.47,29.8,5.33,25.9,38.76,6.61,17.58,19.61,7.72,33.77,15.73,13.88,11.61,100.7,10.09,96.81,35.76,28.58,4.78,6.33,12.15,26.67,7.65,22.55,21.23,22.29,14.61,8.25,16.2,4.92,193.72,180.76,7.05,125.33,11.57,33.6,43.6,3.17,19.03,14.61,21.6,4.89,3.04,21.88,43.25,30.94,114.8,14.73,6.63,28.09,64.94,39.93,1.44,20.69,8.04,6.93,5.63,30.69,17.5,77.1
2024-07-31,186.31,99.77,42.56,16.58,1421.28,32.73,63.76,264.06,42.54,29.86,342.6,157.2,38.23,16.75,19.8,85.98,49.1,5.85,23.84,24.91,11.14,247.05,59.6,79.5,19.55,3.94,42.21,14.38,4.59,7.69,40.02,100.03,33.48,7.36,25.09,7.47,40.98,38.55,32.75,8.97,5.72,13.8,77.6,126.86,128.0,68.83,39.75,8.4,43.9,16.15,46.65,29.07,10.27,43.72,13.3,27.42,29.55,23.39,33.39,13.15,3.92,10.64,28.98,129.5,17.48,6.02,83.98,257.11,13.54,14.97,7.29,4.66,7.44,45.01,24.02,15.54,105.12,5.58,110.67,23.15,21.49,37.26,33.54,13.46,3.55,66.43,28.82,3.28,38.39,18.42,6.49,31.49,5.33,27.29,39.72,6.9,17.85,19.94,7.63,35.05,16.06,14.5,11.03,102.97,10.09,106.91,37.28,29.42,4.7,6.55,12.56,28.13,7.8,23.0,21.52,23.48,14.88,8.59,17.0,4.83,210.64,184.33,6.97,130.66,12.07,35.14,45.8,3.16,19.84,15.03,22.53,4.86,3.15,23.38,43.29,32.2,116.25,15.69,6.66,29.26,68.61,39.76,1.46,21.45,8.01,6.8,5.8,31.97,18.0,78.8
2024-08-01,180.3,101.76,42.51,16.63,1386.16,32.71,63.58,258.0,42.3,30.12,345.23,158.44,37.83,16.64,19.58,86.74,49.11,5.88,23.97,24.23,10.98,244.2,59.26,79.66,19.57,3.91,41.95,14.55,4.63,7.72,40.62,100.56,34.09,7.4,24.5,7.52,41.23,38.32,32.66,9.03,5.85,13.49,74.25,124.0,133.82,67.9,39.41,8.57,43.71,15.78,45.6,28.77,10.27,43.44,13.28,27.16,29.54,23.16,33.92,13.26,3.9,10.77,29.17,129.9,17.43,6.03,83.44,255.23,13.48,14.99,7.38,4.69,7.48,43.15,23.8,15.13,105.02,5.62,116.96,22.94,21.31,37.05,33.83,13.43,3.54,65.05,29.39,3.27,37.7,17.87,6.56,31.16,5.37,26.8,39.26,6.84,17.97,19.78,8.08,34.66,16.26,14.37,11.1,101.9,10.14,105.02,36.73,29.49,4.72,6.41,12.52,27.5,7.74,22.88,21.48,23.12,14.91,8.47,16.96,4.81,202.8,178.23,7.06,124.79,12.03,34.61,44.9,3.18,19.52,14.91,22.1,4.83,3.16,23.94,42.93,32.23,112.15,15.45,6.59,28.65,67.2,39.69,1.45,21.36,7.99,6.82,5.71,31.91,17.93,77.6
2024-08-02,177.09,92.41,41.82,15.96,1385.45,32.28,62.99,245.1,42.91,30.24,336.93,158.6,37.19,16.52,19.21,83.06,48.42,5.88,22.33,23.8,10.78,234.78,56.6,77.97,18.87,3.87,42.17,14.2,4.65,7.69,40.65,91.0,31.91,7.42,24.44,7.22,41.22,34.6,31.98,8.86,5.81,13.1,74.0,123.7,131.8,66.5,39.11,8.47,42.89,15.65,45.34,28.38,10.14,44.21,13.01,26.61,28.82,23.37,32.22,13.23,3.85,10.55,28.73,118.98,17.47,6.06,79.95,260.35,13.37,14.57,7.34,4.7,7.5,43.35,23.67,15.02,106.59,5.53,111.0,22.09,21.16,36.0,32.45,13.36,3.53,64.72,28.44,3.2,37.12,17.39,6.59,30.41,5.31,26.4,38.87,6.57,17.74,20.25,8.02,34.41,16.23,14.22,10.96,99.01,10.28,102.72,36.32,30.3,4.76,6.37,12.3,27.22,7.8,22.81,21.16,22.81,14.75,8.35,16.71,4.82,200.15,177.0,6.98,123.35,11.77,34.65,44.56,3.16,19.71,14.54,21.52,4.82,3.11,23.24,42.71,31.73,113.3,15.29,6.55,28.53,66.6,39.26,1.46,20.78,7.74,6.72,5.69,31.26,17.7,75.36
2024-08-05,177.0,85.5,42.0,15.63,1410.01,32.1,61.65,229.69,42.49,29.9,322.8,153.39,34.51,16.38,19.12,77.66,47.29,5.87,20.42,21.42,10.73,231.18,53.2,73.81,18.1,3.76,42.65,14.11,4.63,7.55,41.11,84.05,30.01,7.37,24.32,7.03,39.55,30.62,30.95,8.42,5.76,12.87,72.3,126.0,130.05,67.17,38.47,8.38,40.5,15.42,44.95,27.53,10.05,44.75,12.9,25.83,29.12,23.13,29.79,12.81,3.71,10.41,27.87,110.12,17.18,5.97,73.89,260.6,13.19,14.07,7.3,4.67,7.52,42.72,23.72,14.6,105.43,5.46,104.05,20.8,21.27,34.41,30.4,13.16,3.49,63.65,26.87,3.17,36.54,17.17,6.44,29.43,5.27,25.93,37.9,6.36,16.5,20.27,7.76,34.42,15.51,14.09,10.85,94.59,9.97,101.82,33.85,29.66,4.66,6.35,12.21,27.0,7.43,22.1,19.94,22.44,14.74,8.16,16.39,4.79,197.5,183.42,6.93,126.8,11.58,34.9,43.35,3.14,19.14,14.42,20.67,4.76,3.05,21.13,42.04,32.32,114.32,14.98,6.48,28.06,66.43,38.52,1.45,20.26,7.66,6.52,5.82,31.19,16.79,71.08
2024-08-06,174.95,90.49,40.9,15.35,1404.7,31.7,59.92,233.46,43.4,29.46,321.61,154.13,35.39,16.21,19.11,78.18,47.27,5.8,20.81,22.03,10.75,228.94,53.17,74.87,18.4,3.77,42.91,14.18,4.57,7.48,40.68,85.93,31.19,7.3,24.31,6.98,39.59,31.81,31.6,8.49,5.73,12.96,72.3,125.9,133.38,70.88,38.15,8.24,41.11,15.46,45.32,27.73,9.93,44.69,12.87,26.05,27.45,22.64,30.05,12.71,3.77,10.42,28.28,114.48,17.32,5.96,74.48,261.29,13.36,13.79,7.19,4.61,7.43,42.87,23.53,14.63,104.49,5.43,104.78,20.93,20.96,34.83,31.1,13.0,3.48,63.76,26.96,3.23,36.96,17.28,6.44,29.47,5.26,25.48,36.42,6.38,16.9,20.19,7.72,34.5,15.24,14.45,10.75,94.93,9.89,102.06,34.99,29.02,4.59,6.48,12.16,27.88,7.74,22.14,20.02,23.04,14.68,8.25,16.48,4.73,201.02,185.0,6.9,126.89,11.57,35.29,43.95,3.11,19.13,14.85,21.26,4.76,3.06,21.45,42.69,30.36,118.06,15.21,6.47,28.76,68.04,39.1,1.46,20.23,7.72,6.45,5.8,30.26,17.32,70.02
2024-08-07,173.67,91.67,40.7,15.48,1415.5,31.58,60.7,229.5,42.9,29.75,319.05,152.55,35.08,16.32,18.97,76.95,47.22,5.82,20.4,22.05,10.68,228.95,52.86,71.64,18.41,3.75,42.15,14.11,4.55,7.57,40.47,84.3,31.51,7.31,24.11,7.09,39.6,30.9,31.85,8.59,5.72,12.83,73.49,127.0,132.41,70.99,38.88,8.31,39.41,15.3,45.78,27.52,9.93,43.37,12.84,26.04,27.07,23.01,29.57,12.87,3.73,10.39,28.11,113.32,17.21,5.91,73.25,263.1,13.48,14.09,7.24,4.62,7.46,44.97,23.82,14.54,103.94,5.41,102.41,20.32,20.77,33.65,30.69,12.93,3.46,66.19,27.49,3.22,38.07,17.38,6.52,29.46,5.36,25.5,36.46,6.42,16.63,19.82,7.66,34.65,15.35,14.23,10.98,92.55,9.94,102.07,34.3,28.92,4.57,6.57,12.14,27.3,7.86,22.08,19.95,22.61,14.75,8.18,16.59,4.73,199.53,191.0,6.89,127.26,11.74,35.03,45.4,3.14,19.04,15.18,20.88,4.75,3.07,21.48,42.92,29.63,119.28,15.05,6.46,28.26,66.63,39.2,1.45,20.18,7.81,6.42,5.75,29.96,17.28,70.0
2024-08-08,172.4,90.8,40.82,15.21,1430.69,31.93,60.96,229.54,42.5,29.78,321.0,155.16,35.52,16.44,19.07,77.57,47.48,5.87,20.48,22.29,10.67,226.45,53.24,72.38,18.24,3.74,42.58,14.14,4.57,7.5,40.48,82.15,30.85,7.29,24.39,6.95,38.81,30.11,32.06,8.55,5.69,12.79,76.5,128.35,136.59,70.3,38.89,8.38,39.16,15.29,45.7,27.59,9.94,43.75,12.95,25.92,27.06,22.6,30.13,12.42,3.76,10.4,28.25,110.5,17.04,5.89,73.41,264.0,13.4,13.73,7.23,4.62,7.46,45.14,23.65,14.6,103.94,5.45,100.75,20.2,20.86,33.22,31.58,12.86,3.44,65.75,27.55,3.22,37.6,17.05,6.5,30.83,5.37,25.38,36.15,6.39,16.85,19.95,7.59,35.24,15.11,14.15,10.82,92.05,9.75,102.12,34.44,28.53,4.59,6.58,12.14,27.31,7.58,22.09,20.2,22.48,14.76,8.1,16.46,4.71,197.48,194.9,6.93,129.57,11.61,35.73,45.6,3.14,19.01,14.64,21.44,4.77,3.07,20.97,40.69,29.56,118.1,15.09,6.43,27.9,66.02,38.06,1.45,20.11,7.81,6.38,5.95,29.86,16.89,70.46
2024-08-09,170.0,93.88,40.61,15.34,1436.8,32.33,60.5,246.96,41.5,29.54,320.87,153.27,36.33,16.37,18.89,78.12,48.49,5.92,20.79,22.53,10.46,231.62,53.0,72.01,18.65,3.73,42.42,14.07,4.61,7.51,40.3,83.72,32.41,7.32,24.19,7.06,38.05,31.68,31.71,8.74,5.68,12.66,75.61,128.08,132.0,69.8,39.05,8.53,38.99,15.41,44.9,27.2,10.04,43.3,12.89,25.81,27.33,22.61,30.85,12.31,3.71,10.19,28.63,112.53,16.93,5.78,73.13,259.78,13.3,13.6,7.26,4.63,7.52,45.46,23.53,14.38,102.0,5.51,102.54,19.95,20.7,33.1,29.28,12.9,3.44,66.23,28.27,3.15,36.97,16.91,6.56,30.36,5.37,25.42,35.9,6.47,17.03,19.78,7.59,34.91,15.02,13.81,10.79,92.17,9.91,101.24,35.15,28.98,4.52,6.52,12.07,26.9,7.56,22.14,20.55,22.32,14.66,8.13,16.47,4.73,194.23,193.5,6.86,129.15,11.73,35.49,44.65,3.13,18.65,15.34,21.06,4.76,3.08,21.33,40.61,29.36,115.13,14.72,6.43,27.39,64.83,38.05,1.44,20.25,7.73,6.35,5.78,28.98,16.86,71.99
2024-08-12,169.0,95.43,40.62,15.36,1436.1,32.12,61.38,241.05,41.38,29.18,318.03,152.6,36.43,16.28,18.87,78.19,48.78,5.99,20.64,22.35,10.55,230.4,53.8,73.7,18.43,3.7,43.63,14.0,4.64,7.52,40.33,83.71,32.84,7.37,24.35,7.12,38.0,32.93,31.69,8.71,5.66,12.64,74.92,127.71,131.4,68.7,39.3,8.58,38.94,15.34,43.97,27.13,10.01,44.39,12.87,25.55,27.39,23.09,30.88,12.37,3.67,10.19,28.57,113.35,16.82,5.69,72.83,262.0,13.33,13.52,7.21,4.66,7.6,45.23,23.53,14.41,100.14,5.5,104.79,19.73,20.36,32.68,28.83,12.87,3.4,67.03,28.16,3.11,36.65,16.44,6.57,31.27,5.34,25.79,34.71,6.56,17.12,19.78,7.56,34.52,15.12,13.93,10.7,92.33,9.85,100.47,35.3,28.88,4.46,6.51,12.0,26.62,7.7,22.48,20.51,22.26,14.66,8.11,16.38,4.72,192.47,191.29,6.86,129.06,11.69,35.48,45.36,3.1,18.65,15.25,21.05,4.75,3.08,21.72,40.43,29.49,115.43,14.53,6.36,27.1,63.95,38.0,1.43,20.27,7.75,6.27,5.87,28.81,16.64,71.65
2024-08-13,173.78,95.98,40.78,15.54,1423.01,31.94,61.36,240.7,41.2,29.26,319.44,155.37,37.0,16.32,19.06,78.96,49.2,6.0,20.78,22.97,10.72,228.73,54.86,73.51,18.82,3.73,42.67,14.09,4.66,7.6,40.23,84.82,33.04,7.45,24.09,7.18,39.29,34.59,31.72,8.79,5.67,12.95,73.01,125.6,132.11,70.3,39.08,8.59,39.5,15.26,42.93,27.15,9.95,44.4,12.9,25.84,27.59,23.15,31.39,12.49,3.72,10.21,28.74,116.94,16.92,5.73,74.28,256.18,13.22,13.58,7.31,4.7,7.66,45.02,23.8,14.5,100.7,5.51,108.46,20.16,20.3,32.94,28.75,12.89,3.43,68.48,28.46,3.12,37.93,16.34,6.64,31.35,5.41,25.38,34.92,6.56,17.14,20.1,7.66,34.1,15.3,14.01,10.82,93.4,9.85,102.62,35.26,28.97,4.47,6.48,12.06,27.16,7.73,22.78,20.7,22.41,14.74,8.18,16.43,4.81,192.3,188.88,6.86,127.1,11.67,35.01,45.85,3.12,18.44,15.35,21.06,4.72,3.07,21.63,41.25,29.68,115.29,14.77,6.34,27.67,64.17,38.07,1.43,20.31,7.81,6.3,5.91,29.23,16.5,71.08
2024-08-14,172.21,95.0,40.49,15.4,1413.3,31.86,60.9,241.68,39.87,29.55,315.45,147.72,36.57,16.28,18.85,78.23,48.95,6.02,21.38,22.45,10.65,226.6,53.75,73.57,18.7,3.72,42.5,14.0,4.66,7.59,40.12,83.35,32.81,7.53,23.84,7.1,39.32,33.66,31.22,8.78,5.71,12.82,70.8,124.33,125.0,68.39,39.13,8.57,39.11,14.99,41.53,27.25,9.92,44.0,12.78,25.72,27.64,23.03,31.02,12.27,3.7,10.04,28.72,115.78,16.85,5.8,73.86,252.04,12.99,13.14,7.28,4.72,7.64,45.3,23.35,14.04,102.96,5.49,108.2,19.89,20.07,32.81,28.67,12.84,3.4,66.4,28.43,3.13,37.74,16.01,6.65,30.42,5.42,24.94,34.67,6.43,16.91,19.78,7.42,33.75,15.15,13.82,11.02,93.15,9.92,101.43,33.9,28.9,4.5,6.37,11.94,26.59,7.63,22.44,20.6,21.91,14.59,8.06,16.12,4.79,188.25,185.55,6.83,125.2,11.43,34.59,44.04,3.12,18.1,15.09,20.97,4.67,3.03,21.15,40.88,29.44,115.49,14.47,6.28,26.97,63.24,37.52,1.42,20.03,7.65,6.13,5.91,28.92,16.22,68.99
2024-08-15,173.4,94.6,41.32,15.58,1426.89,32.76,61.0,241.32,40.13,29.8,313.96,148.41,36.71,16.59,19.15,78.75,49.68,6.05,20.66,22.14,10.67,231.49,54.1,76.6,18.5,3.79,42.92,14.3,4.68,7.65,40.52,84.89,32.51,7.6,24.06,7.23,39.41,33.6,30.8,8.86,5.79,13.01,70.36,124.95,125.7,68.68,40.19,8.74,39.49,15.31,42.49,27.45,10.03,43.76,12.91,25.98,27.61,23.82,30.65,12.48,3.83,10.23,28.78,115.1,16.97,5.91,74.7,252.96,13.13,13.19,7.35,4.75,7.71,45.76,23.67,14.04,104.94,5.59,105.87,20.05,20.19,33.21,29.38,12.95,3.45,66.5,28.55,3.22,37.78,16.58,6.69,30.24,5.47,24.92,34.68,6.55,16.79,19.91,7.62,34.37,15.13,14.07,11.09,92.75,9.97,102.24,33.2,29.0,4.53,6.52,12.03,26.57,7.67,22.6,20.39,22.28,14.83,8.15,16.25,4.85,192.55,185.31,6.88,126.54,11.63,35.2,44.76,3.18,17.95,15.52,21.15,4.75,3.08,21.43,41.02,30.2,114.6,14.51,6.46,27.0,63.9,37.63,1.43,20.33,7.7,6.14,5.84,29.37,16.29,68.05
2024-08-16,173.62,98.2,41.61,15.87,1431.2,33.15,61.74,244.6,40.22,29.62,316.06,146.92,37.04,16.72,19.1,78.9,49.46,6.14,21.06,22.5,10.57,235.11,53.85,76.84,18.45,3.8,43.12,14.24,4.76,7.67,41.02,90.2,33.74,7.73,24.03,7.43,39.2,34.59,30.51,9.01,5.73,12.75,70.71,125.01,126.02,68.51,40.53,8.85,39.54,15.29,42.29,27.54,10.13,42.96,12.49,26.04,27.83,24.25,30.62,12.67,3.81,10.06,29.39,119.96,16.94,5.98,74.01,253.97,13.1,13.33,7.47,4.81,7.88,46.32,23.63,13.93,104.86,5.64,107.7,19.93,19.83,33.09,28.9,13.25,3.47,66.32,29.06,3.2,36.9,16.5,6.68,29.76,5.53,24.24,34.46,6.62,17.0,19.53,7.62,34.63,14.79,13.72,11.05,91.45,10.14,101.65,33.7,28.37,4.73,6.55,11.98,26.35,8.07,22.73,20.09,22.14,15.01,8.04,16.25,4.96,189.67,183.8,6.87,125.25,11.59,34.9,44.39,3.22,17.81,15.4,21.3,4.73,3.08,21.4,40.0,30.68,111.0,14.21,6.54,26.7,63.49,36.82,1.44,20.48,7.53,6.1,5.79,29.47,15.92,68.05
2024-08-19,175.6,99.6,42.07,16.22,1425.44,33.42,62.36,255.0,39.77,29.73,316.2,145.95,36.72,16.95,19.04,78.98,49.46,6.27,20.78,22.24,10.61,235.42,55.31,76.84,18.38,3.81,42.11,14.24,4.89,7.96,40.74,89.3,33.55,7.92,23.91,7.51,39.42,34.68,30.34,9.07,5.75,13.0,70.61,123.95,124.99,67.53,40.35,9.02,40.0,15.62,41.82,26.71,10.29,41.99,12.56,26.16,28.6,24.3,30.86,12.7,3.85,10.18,30.39,121.64,16.95,6.03,73.55,255.6,13.06,13.25,7.58,4.92,8.05,45.31,23.69,13.96,104.9,5.67,107.12,20.03,20.27,33.29,28.38,13.55,3.51,66.49,29.0,3.24,35.98,16.54,6.72,30.18,5.62,23.91,34.51,6.81,17.0,19.13,8.02,34.34,15.46,13.48,11.3,89.7,10.28,101.96,33.48,29.46,4.79,6.7,12.01,26.54,8.26,23.02,20.3,22.25,15.05,8.11,16.5,5.06,196.0,184.03,6.91,124.78,11.86,34.7,44.73,3.26,17.8,15.32,22.75,4.73,3.12,20.95,39.76,31.39,107.07,14.17,6.96,26.32,63.4,36.81,1.44,20.75,7.47,6.1,5.71,30.26,15.98,68.95
2024-08-20,174.87,99.89,41.92,16.05,1422.72,33.48,63.02,247.98,39.3,29.65,313.44,144.33,36.63,16.84,18.93,79.23,48.75,6.39,20.65,22.06,10.52,236.48,55.06,75.65,18.18,3.8,42.25,14.18,4.92,8.07,40.96,87.05,33.46,7.96,23.54,7.41,38.78,34.2,30.3,8.89,5.71,12.91,69.81,123.15,120.88,67.9,39.69,8.91,39.02,15.63,41.3,26.44,10.34,40.82,12.45,25.62,28.5,23.68,30.36,12.41,3.85,10.03,29.94,121.69,16.93,6.04,72.34,251.0,12.9,13.12,7.62,4.96,8.18,45.62,23.4,13.89,105.15,5.66,106.6,19.51,20.85,32.65,27.73,13.53,3.48,64.74,28.26,3.2,35.3,16.23,6.66,29.33,5.63,23.74,34.02,6.7,17.01,18.42,7.92,34.2,15.12,13.3,11.35,92.28,10.28,100.01,33.17,29.52,4.76,6.65,11.92,26.97,8.19,22.51,20.08,23.14,14.95,7.9,16.14,5.07,191.15,182.17,6.88,123.85,11.55,34.4,43.84,3.25,17.43,15.07,22.23,4.69,3.06,20.5,39.33,31.27,106.8,13.93,6.96,26.14,62.18,36.51,1.44,20.41,7.34,6.01,5.63,30.04,16.04,67.2
2024-08-21,174.01,100.41,41.97,16.16,1417.58,33.24,63.16,263.84,38.74,29.75,312.96,142.11,37.4,16.77,18.92,73.99,47.78,6.3,20.77,22.89,10.51,241.0,54.83,76.98,18.49,3.83,42.31,14.07,4.87,8.04,40.83,87.18,33.48,7.96,23.39,7.43,38.95,34.5,30.03,8.93,5.71,13.03,70.11,122.2,120.82,66.48,39.77,8.96,39.0,15.63,40.8,26.53,10.35,39.42,12.41,25.26,27.99,23.56,30.58,12.52,3.84,10.12,29.98,122.22,16.96,6.18,71.06,249.72,12.74,13.0,7.55,4.95,8.11,45.91,23.48,13.88,104.5,5.61,107.95,19.51,20.61,32.44,27.22,13.0,3.47,64.58,28.12,3.16,35.22,16.57,6.67,29.31,5.52,23.52,34.0,6.79,17.35,17.81,7.94,34.28,15.42,13.22,11.18,92.96,10.12,100.01,34.06,30.56,4.76,6.53,11.82,27.4,8.12,22.68,20.84,22.79,14.94,8.09,16.25,5.07,188.7,180.81,6.8,123.14,11.58,34.6,44.02,3.23,17.35,15.02,22.26,4.66,3.09,20.8,38.91,31.19,105.28,14.24,6.96,26.81,61.34,36.39,1.43,20.49,7.32,6.04,5.61,29.57,16.25,66.89
2024-08-22,178.8,100.45,41.71,16.17,1410.05,33.3,64.09,260.69,37.5,30.24,307.33,138.8,37.8,16.82,18.73,73.65,46.54,6.42,20.39,22.56,10.19,240.52,54.16,77.3,17.98,3.85,43.93,13.97,4.91,8.12,41.26,85.61,34.17,7.99,23.03,7.44,38.98,34.31,29.83,8.9,5.68,12.99,69.9,120.99,119.29,66.61,39.93,9.01,36.51,15.55,40.05,26.22,10.38,39.3,12.22,24.08,27.86,23.52,30.16,12.57,3.85,10.0,29.4,121.39,16.78,6.23,70.78,249.0,12.49,12.82,7.64,5.07,8.22,46.55,23.9,13.75,105.55,5.67,109.1,19.08,20.85,31.46,27.17,13.35,3.49,65.77,27.88,3.03,34.2,16.24,6.74,28.61,5.61,24.07,33.08,6.76,17.21,17.53,8.05,34.07,15.3,12.88,11.42,91.15,10.17,95.61,34.1,30.38,4.76,6.52,11.64,26.5,8.18,22.63,20.38,21.67,14.87,8.0,15.96,5.13,187.71,178.67,6.79,122.5,11.39,34.37,44.4,3.25,17.27,15.09,22.87,4.68,3.06,20.83,39.59,31.39,105.83,13.96,7.17,25.8,60.27,36.65,1.43,20.08,7.36,5.97,5.57,29.39,15.9,65.9
2024-08-23,181.8,98.99,43.35,16.06,1414.99,33.7,65.46,253.02,37.49,29.91,301.66,131.01,37.89,17.32,19.1,72.36,47.13,6.46,20.46,22.21,10.3,239.34,54.0,76.25,18.14,3.86,43.62,14.14,4.92,8.12,42.04,82.44,33.42,7.98,23.19,7.42,38.81,33.54,30.13,8.93,5.68,13.34,70.56,121.11,117.0,68.12,40.28,9.0,36.38,15.95,39.9,26.55,10.47,38.56,12.42,24.38,28.7,23.65,30.57,12.37,3.87,10.3,29.31,119.92,16.28,6.22,70.82,245.67,12.44,12.69,7.69,5.08,8.24,47.28,23.76,13.59,105.56,5.67,107.96,19.25,21.01,31.68,26.95,13.29,3.48,66.26,27.93,3.04,32.46,16.4,6.82,28.62,5.59,24.73,33.93,6.78,17.33,17.44,8.09,34.57,15.31,12.9,11.31,90.48,10.19,95.9,34.25,30.44,4.79,6.66,11.74,25.52,8.15,22.71,20.45,21.51,14.99,7.97,16.31,5.13,189.8,177.78,6.82,118.21,11.43,34.67,45.83,3.26,17.68,15.27,22.87,4.66,3.09,20.97,39.81,32.06,106.53,13.72,7.21,25.11,60.95,36.61,1.42,20.14,7.39,5.98,5.57,30.35,15.96,66.08
2024-08-26,183.92,97.35,43.35,16.21,1412.0,33.77,66.32,247.22,38.14,29.82,303.61,130.46,37.35,17.48,18.46,71.28,47.35,6.43,20.12,22.19,10.33,239.41,53.1,74.88,18.06,3.9,43.32,14.13,4.92,8.19,42.07,78.98,32.83,7.95,22.84,7.64,38.82,33.3,30.08,9.05,5.66,13.06,69.8,118.12,119.5,71.44,40.35,8.88,35.68,16.01,40.53,26.38,10.49,38.67,12.5,24.43,28.92,23.63,31.26,12.49,3.9,9.96,28.95,114.34,16.62,6.24,70.08,233.96,12.58,12.63,7.69,5.08,8.24,46.96,23.58,13.72,106.05,5.63,106.19,19.28,20.96,31.6,27.13,13.36,3.5,64.23,28.57,3.07,33.18,16.32,6.89,28.0,5.59,24.83,34.0,6.87,17.0,17.53,7.68,34.5,15.07,12.99,11.23,89.1,10.29,96.9,33.58,29.8,4.79,6.75,11.78,26.39,8.25,23.55,20.16,22.3,14.93,7.81,16.65,5.14,190.0,175.71,6.77,118.53,11.69,34.31,46.48,3.25,17.0,15.26,22.56,4.71,3.12,20.95,39.18,32.45,105.4,13.92,7.19,25.68,60.8,35.79,1.44,20.48,7.96,6.01,5.54,30.5,16.04,66.78
2024-08-27,183.5,97.57,43.15,16.07,1404.07,33.7,65.99,244.1,38.07,29.8,300.64,130.0,36.54,17.33,18.46,70.23,46.72,6.53,19.75,21.39,10.21,240.8,52.13,75.3,17.69,3.79,43.6,13.97,4.98,8.22,41.77,78.34,32.1,8.03,22.64,7.54,38.33,32.86,29.52,9.32,5.65,12.85,69.55,117.7,123.0,71.17,41.7,8.88,35.01,16.05,41.7,26.14,10.43,37.56,12.35,23.9,28.91,24.02,30.1,12.44,3.76,9.71,28.35,113.25,16.23,6.32,70.26,235.66,12.18,12.32,7.69,5.17,8.36,47.09,23.32,13.96,107.67,5.56,104.66,18.91,20.81,31.02,26.65,13.37,3.49,63.01,29.39,3.1,31.97,15.69,7.18,27.85,5.63,24.08,33.33,6.89,16.41,16.68,7.45,33.99,14.67,13.23,11.23,87.28,10.24,94.98,33.3,28.82,4.81,6.69,11.63,26.04,8.31,23.69,19.34,21.81,14.77,7.62,16.54,5.18,181.3,175.74,6.7,118.75,12.01,34.2,48.12,3.26,16.4,15.31,22.47,4.7,3.06,20.63,39.47,32.8,103.96,13.58,7.11,25.54,59.68,35.48,1.42,20.32,8.25,6.05,5.52,30.47,15.67,65.99
2024-08-28,182.82,97.83,43.19,15.82,1389.0,33.68,64.93,240.2,38.3,29.82,303.89,129.27,36.6,17.21,18.43,69.95,47.36,6.49,19.77,21.06,10.22,236.85,50.94,74.71,17.7,3.82,43.5,13.96,4.94,8.17,38.8,77.55,32.26,7.94,22.25,7.43,38.95,33.56,29.72,9.18,5.57,12.81,69.48,114.0,123.0,71.22,41.41,8.82,35.3,16.12,42.75,26.2,10.33,38.0,12.34,23.99,28.64,23.91,30.15,12.38,3.76,9.64,28.49,112.56,16.28,6.22,70.02,226.52,12.31,12.59,7.63,5.12,8.26,47.42,23.3,14.16,107.7,5.47,103.65,19.06,20.5,31.15,26.68,13.26,3.48,63.6,29.6,3.11,31.79,16.11,7.1,27.63,5.58,23.86,33.32,6.86,16.54,16.86,7.32,33.23,14.38,13.14,11.37,87.9,10.18,95.5,33.61,28.03,4.79,6.68,11.52,25.97,8.21,23.87,19.36,21.91,14.75,7.62,16.52,5.11,178.0,165.6,6.65,112.94,11.9,33.8,48.9,3.22,16.25,15.14,22.85,4.64,3.05,20.78,40.56,32.6,102.95,13.65,7.17,25.32,60.41,35.26,1.42,19.94,8.42,5.99,5.53,30.28,16.08,65.52
2024-08-29,180.8,91.59,42.62,15.93,1413.3,32.93,63.95,240.29,38.71,29.36,305.18,132.3,37.23,16.69,18.79,70.0,47.26,6.22,19.22,21.63,10.39,234.85,51.35,75.0,17.39,3.88,44.32,14.07,4.71,7.93,38.81,74.39,30.8,7.56,22.87,7.42,38.76,32.88,30.0,8.9,5.41,12.69,70.82,118.78,124.68,75.75,40.75,8.55,35.58,15.88,43.87,26.17,10.13,37.76,12.38,24.32,27.75,23.9,30.92,12.15,3.91,9.69,28.94,106.64,16.67,6.18,70.72,228.2,12.37,13.06,7.27,4.91,7.91,48.25,23.76,13.96,106.4,5.24,99.38,19.23,20.13,31.39,27.31,12.87,3.41,63.81,29.0,3.2,32.36,17.07,6.87,27.54,5.37,23.62,33.59,6.84,16.83,16.89,7.26,35.64,14.35,13.56,11.01,87.57,9.94,96.72,33.49,27.72,4.68,6.29,11.53,26.39,7.75,23.79,19.62,22.68,14.48,7.78,16.79,4.9,181.62,166.6,6.15,115.28,11.91,33.99,50.46,3.1,16.05,15.23,22.83,4.62,3.06,21.05,41.07,32.5,104.08,13.99,6.89,25.57,59.48,34.93,1.42,20.22,8.35,5.85,5.53,30.13,16.42,67.33
2024-08-30,184.34,93.79,44.03,16.0,1443.19,32.15,64.75,256.69,39.18,29.38,318.28,135.05,39.42,16.51,19.29,72.38,48.24,5.98,20.47,23.79,10.8,249.42,52.63,79.39,17.63,3.86,44.13,14.76,4.52,7.77,39.7,76.79,32.51,7.11,22.63,7.49,38.37,33.82,31.4,8.93,5.43,12.96,73.0,123.03,128.4,77.0,40.55,8.43,36.88,16.12,43.3,26.72,10.16,38.56,12.58,24.83,29.64,24.66,32.65,12.52,3.91,10.01,29.89,108.9,16.82,6.1,73.4,250.8,12.62,12.96,7.08,4.79,7.53,47.89,24.62,14.63,104.99,5.39,100.78,19.74,20.25,32.38,28.2,12.74,3.43,65.52,29.36,3.27,33.5,17.34,6.81,29.38,5.25,24.73,34.39,6.83,17.57,17.04,7.14,36.35,13.47,13.81,10.94,90.53,9.92,102.91,35.8,27.0,4.64,6.36,11.84,27.33,7.51,24.06,21.24,23.13,14.63,7.89,17.0,4.73,182.21,176.83,6.11,119.28,12.08,37.0,51.0,3.06,16.42,15.23,23.88,4.57,3.11,21.75,41.22,33.38,105.71,14.35,6.6,26.28,61.01,35.5,1.44,20.34,8.26,5.96,5.73,33.05,17.45,72.75
2024-09-02,181.19,88.49,43.45,15.61,1395.0,31.93,65.23,252.14,37.74,29.71,307.4,127.82,38.55,16.5,18.92,68.54,46.78,5.94,19.45,22.85,10.4,241.1,49.95,77.87,17.35,3.83,43.9,14.47,4.69,7.84,40.05,72.42,32.82,7.06,21.64,7.3,34.9,31.8,30.49,9.01,5.34,12.69,70.84,119.0,120.96,75.98,41.08,8.39,35.63,16.31,42.04,26.17,10.11,38.45,12.43,24.2,29.8,24.8,31.03,12.42,3.85,9.71,29.1,104.13,16.72,6.19,69.29,246.48,12.31,12.49,7.16,4.9,7.48,47.52,24.72,14.56,102.9,5.28,98.1,19.07,19.96,31.4,26.55,12.8,3.48,65.45,28.9,3.31,32.56,16.75,6.97,28.6,5.36,24.42,33.39,6.77,17.16,16.9,6.91,36.25,13.03,13.19,11.0,86.4,10.14,98.94,35.1,26.17,4.63,6.37,12.09,26.1,7.29,23.99,20.02,22.43,14.55,7.7,16.85,4.74,168.53,167.44,6.11,112.5,11.89,35.95,50.81,3.07,15.48,15.18,22.9,4.28,3.02,21.82,40.63,34.17,104.2,13.95,6.74,24.95,58.93,34.51,1.42,19.78,8.28,5.93,5.57,33.16,16.98,70.2
2024-09-03,185.65,88.41,43.21,15.49,1410.0,31.62,65.97,240.7,38.39,29.11,311.49,128.81,38.63,16.36,19.12,70.02,46.26,5.76,19.44,22.54,10.46,247.08,52.94,77.32,17.62,3.89,44.58,14.56,4.48,7.71,40.63,73.2,34.0,6.88,22.21,7.3,,30.48,30.87,8.71,5.39,12.65,71.35,120.32,121.31,76.0,40.18,8.25,35.85,16.38,42.28,26.4,10.08,39.22,12.45,24.36,29.55,24.62,31.01,12.2,3.91,9.64,29.26,105.31,16.94,6.23,69.88,247.49,12.47,12.88,7.07,4.76,7.32,47.75,25.34,14.89,103.19,5.12,97.13,19.3,19.79,31.78,27.12,12.59,3.43,67.93,28.31,3.28,33.34,17.38,6.67,28.6,5.23,25.18,34.09,6.83,16.9,17.01,6.92,37.21,12.8,13.51,10.42,87.56,10.05,100.16,35.02,25.69,4.67,6.32,12.34,26.6,7.4,24.09,20.0,22.79,14.86,7.75,17.02,4.63,173.72,169.65,6.12,114.23,12.08,36.08,52.13,3.03,15.5,15.49,23.2,4.24,3.02,22.11,41.29,34.21,102.98,14.32,6.76,26.15,59.14,34.84,1.42,19.86,8.37,5.87,5.67,32.85,17.23,70.39
2024-09-04,187.15,88.2,42.64,14.68,1400.0,31.36,65.48,239.14,39.4,29.15,306.59,127.15,37.84,16.24,19.12,68.84,45.53,5.71,18.92,21.97,10.46,250.32,52.09,76.47,17.42,3.89,44.51,14.46,4.52,7.73,40.53,72.36,32.65,6.81,22.17,6.94,,28.23,30.37,8.25,5.45,12.6,70.69,119.11,123.0,75.98,39.66,8.32,35.46,16.35,42.51,26.54,10.02,38.1,12.38,24.23,29.46,24.42,30.48,12.13,3.91,9.37,28.91,101.9,16.83,6.23,68.62,247.82,12.41,13.19,7.04,4.74,7.3,48.11,25.38,14.79,102.78,5.01,95.32,19.06,19.6,31.42,26.9,12.43,3.41,67.54,26.75,3.27,33.56,17.45,6.59,27.89,5.21,25.31,33.88,6.61,16.38,16.66,6.88,37.0,12.49,13.67,10.27,86.63,10.15,100.06,34.14,25.35,4.68,6.3,12.24,26.35,7.18,23.71,19.49,22.6,14.91,7.68,16.89,4.62,174.57,167.59,6.1,112.69,11.89,35.41,51.82,3.06,15.26,15.05,22.93,4.2,2.91,21.0,41.04,33.79,102.95,14.42,6.73,26.16,58.55,34.94,1.41,19.21,8.4,5.85,5.68,32.57,17.3,70.3
2024-09-05,186.8,90.27,43.42,14.68,1404.88,31.2,63.59,206.9,39.66,29.12,302.66,128.58,37.23,16.3,19.11,69.39,45.97,5.63,18.88,21.89,10.65,252.85,52.0,74.7,17.83,3.85,45.0,14.7,4.5,7.83,40.34,71.81,33.27,6.8,22.52,6.92,,28.23,30.43,8.13,5.48,12.76,70.8,119.55,124.55,76.94,38.72,8.32,35.71,16.43,42.58,26.48,10.07,38.09,12.6,24.45,30.25,24.07,30.45,11.96,3.87,9.43,29.13,101.67,16.94,6.16,68.84,249.88,12.43,13.21,7.08,4.71,7.2,48.18,25.21,14.8,101.66,5.07,95.35,19.38,19.65,31.69,27.35,12.33,3.41,67.08,26.6,3.38,33.55,17.94,6.55,27.74,5.21,25.25,34.25,6.46,16.18,16.83,6.89,36.68,12.55,13.76,10.29,87.34,10.19,100.94,34.19,25.54,4.62,6.29,12.31,26.7,6.91,23.42,19.35,22.9,15.01,7.66,16.88,4.62,174.8,168.2,6.17,113.4,11.79,35.67,51.31,3.07,14.43,14.72,22.66,4.19,2.93,20.88,41.11,34.11,103.95,14.3,6.63,26.7,58.73,35.25,1.42,19.06,8.34,5.83,5.75,33.1,17.28,71.89
2024-09-06,185.95,88.61,43.25,14.76,1398.0,31.25,63.02,215.18,38.8,29.1,298.1,127.41,35.9,16.39,19.06,67.88,45.08,5.64,18.36,21.18,10.56,251.6,51.74,76.18,17.31,3.82,44.4,,4.51,7.86,39.96,70.75,30.7,6.8,22.26,6.91,,27.14,29.79,8.04,5.42,12.5,70.6,117.53,118.8,75.65,38.04,8.43,34.32,16.13,42.1,26.15,10.08,38.1,12.85,24.09,30.99,22.8,29.77,11.85,3.84,9.19,29.21,99.42,16.75,6.1,66.3,242.1,12.33,12.98,7.1,4.72,7.18,48.53,25.11,14.72,101.9,5.02,92.15,18.82,19.49,31.12,26.51,12.33,3.41,66.85,26.56,3.34,32.86,17.68,6.6,27.12,5.22,25.05,34.0,6.46,15.8,16.66,6.83,36.33,12.58,13.53,10.09,85.51,10.15,99.6,33.55,25.67,4.61,6.2,12.29,26.22,6.67,23.33,18.98,22.57,15.08,7.53,16.61,4.73,169.8,163.99,6.15,110.6,11.6,35.49,51.08,3.08,14.42,14.4,22.11,4.17,2.94,20.25,40.8,34.0,102.75,13.95,6.59,26.05,56.82,35.0,1.41,18.98,8.2,5.81,5.74,33.18,17.12,70.53
2024-09-09,185.15,91.09,42.68,14.15,1375.0,30.24,61.09,210.71,39.41,29.35,296.08,127.45,35.89,15.97,18.98,67.64,44.87,5.61,18.6,20.98,10.55,249.98,51.3,76.4,17.1,3.79,44.55,,4.52,7.61,38.9,73.9,30.0,6.73,22.07,6.71,,27.18,29.6,7.82,5.37,12.18,70.34,116.22,118.41,75.99,37.22,8.38,34.52,15.24,42.24,25.33,9.85,38.58,12.8,23.53,30.06,22.23,29.42,11.63,3.79,9.16,28.9,102.0,16.59,6.16,66.23,240.51,12.09,13.07,7.02,4.68,7.12,48.4,25.14,15.13,100.26,4.88,92.06,18.63,18.99,31.02,26.2,12.07,3.31,65.62,25.6,3.27,32.55,17.87,6.38,26.48,5.04,24.32,33.66,6.34,15.76,16.55,6.72,36.15,12.27,13.31,10.17,86.25,10.08,100.02,33.34,24.7,4.55,6.0,12.26,25.7,6.46,23.03,18.96,22.26,15.05,7.45,16.5,4.63,169.6,159.91,6.07,107.9,11.41,35.27,50.46,3.05,14.69,14.35,22.04,4.09,2.92,19.51,40.32,33.75,98.81,13.87,6.55,25.61,55.59,34.28,1.4,18.75,8.19,5.67,5.5,32.68,17.69,69.9
2024-09-10,181.16,92.61,42.66,14.22,1378.0,30.19,60.75,213.68,37.29,29.15,298.72,129.76,36.51,16.07,18.88,67.93,44.84,5.67,18.82,21.0,10.52,249.65,51.5,78.9,17.41,3.84,44.48,,4.6,7.66,39.0,75.19,30.89,6.74,21.95,6.72,,27.58,30.04,7.9,5.35,12.13,69.7,116.43,120.5,76.0,37.49,8.5,35.97,15.29,43.51,25.85,9.9,38.52,12.83,23.86,29.88,22.64,29.59,11.61,3.82,9.1,29.19,106.43,16.44,6.19,66.92,241.0,11.89,12.97,7.13,4.8,7.3,48.24,25.18,14.81,101.92,4.92,93.4,18.84,18.96,31.77,26.71,12.06,3.32,66.18,25.82,3.29,32.36,17.75,6.5,26.7,5.1,24.28,34.16,6.3,15.8,16.45,6.74,36.23,12.28,13.13,10.21,86.24,10.18,100.34,33.36,24.62,4.56,6.07,12.29,25.31,6.47,22.97,19.25,22.04,15.05,7.46,16.57,4.64,178.51,159.65,6.02,107.19,11.38,35.47,51.31,3.08,15.01,14.32,22.81,4.1,2.91,20.08,40.41,33.79,98.16,13.65,6.76,24.93,55.08,34.21,1.39,18.63,8.22,5.67,5.59,32.38,19.04,70.7
2024-09-11,186.56,93.62,42.52,14.2,1380.0,30.08,61.66,215.66,38.54,27.8,300.46,130.65,36.14,15.8,19.0,67.64,43.33,5.54,18.78,20.47,10.53,258.1,51.81,79.2,17.18,3.76,45.43,,4.46,7.49,39.09,74.44,31.03,6.54,22.23,6.56,,27.5,29.66,7.75,5.22,11.92,70.67,116.01,120.82,79.74,36.74,8.25,36.07,15.57,43.35,25.73,9.65,38.47,12.93,23.79,29.8,22.03,29.32,11.59,3.75,9.1,28.94,106.18,16.64,6.05,66.64,240.03,11.92,13.52,6.85,4.63,7.12,48.89,25.56,15.21,99.42,4.81,92.08,18.73,18.66,31.7,26.75,11.84,3.27,67.85,25.3,3.31,33.66,18.21,6.3,26.71,4.92,25.1,34.34,6.25,15.72,16.23,6.67,36.47,12.34,13.36,9.68,86.2,9.67,101.0,32.82,25.05,4.5,6.15,12.28,27.84,6.23,23.44,18.83,22.7,14.91,7.47,16.78,4.51,183.67,159.9,5.88,105.93,11.25,36.19,52.33,3.01,15.5,14.2,22.92,4.06,2.88,20.43,40.5,33.65,97.62,14.89,6.55,27.42,55.18,34.55,1.38,18.6,8.23,5.58,5.62,31.91,19.24,70.3
2024-09-12,189.35,95.22,42.6,14.2,1335.06,30.23,62.37,214.49,39.76,27.86,298.14,130.02,36.49,16.03,18.88,66.8,42.98,5.54,18.84,20.14,10.45,257.01,51.21,76.1,16.92,3.71,44.97,,4.48,7.55,38.66,73.63,31.85,6.55,21.86,6.57,,27.02,29.05,7.84,5.27,11.77,70.73,113.36,117.51,79.0,37.61,8.47,35.76,15.5,43.44,25.27,9.74,37.48,12.88,23.72,29.42,22.17,29.06,11.81,3.7,9.16,28.55,108.0,16.45,5.88,65.59,232.13,11.97,13.35,6.88,4.63,7.09,48.26,25.6,14.89,98.86,4.79,91.8,18.55,18.66,31.5,26.38,11.9,3.34,67.83,25.49,3.26,33.84,17.67,6.33,27.17,4.95,24.9,34.08,6.31,15.37,15.93,6.83,36.29,12.22,13.43,9.8,84.84,9.83,99.68,32.29,24.85,4.47,6.11,12.29,27.06,6.35,23.78,18.4,22.31,14.89,7.44,16.73,4.54,181.4,154.15,5.95,102.6,11.48,35.93,52.03,3.04,15.72,14.4,23.11,4.08,2.93,20.19,40.47,33.84,96.36,14.33,6.65,27.7,54.79,34.47,1.38,18.62,8.22,5.6,5.39,31.95,18.93,69.65
2024-09-13,183.5,100.33,42.89,14.68,1304.13,30.6,63.51,220.5,39.82,28.3,293.02,125.48,37.15,15.97,18.92,65.3,42.4,5.56,19.25,20.23,10.38,254.99,51.07,77.98,17.08,3.65,44.77,,4.44,7.49,39.24,76.81,33.97,6.48,21.57,6.53,,28.1,29.63,7.9,5.27,11.72,70.87,109.2,116.54,78.12,37.85,8.35,35.46,15.28,43.28,25.08,9.7,37.41,12.81,23.54,29.65,22.27,28.96,11.92,3.63,8.86,28.45,115.94,16.16,5.95,64.5,231.67,11.81,13.2,6.85,4.58,7.12,49.6,25.84,14.73,100.25,4.77,95.59,18.42,18.43,31.16,25.25,11.88,3.32,66.25,26.18,3.22,32.8,17.48,6.19,25.5,4.9,25.28,33.82,6.32,15.39,15.78,6.78,36.12,12.58,13.14,9.72,84.37,9.91,98.52,33.75,25.57,4.47,6.07,12.35,25.58,6.42,23.4,18.53,21.64,14.98,7.37,16.57,4.57,181.08,150.2,5.92,100.82,11.44,35.85,52.1,3.04,15.96,14.45,23.18,4.07,2.95,20.15,40.48,34.08,97.52,13.69,6.58,25.82,54.84,34.39,1.39,18.59,8.16,5.58,5.28,32.03,18.8,68.05
2024-09-18,186.4,99.57,43.7,15.04,1266.9,31.11,65.25,210.01,40.02,28.32,294.68,124.07,35.9,16.07,18.94,64.78,43.17,5.68,18.75,19.16,10.43,258.43,49.3,74.73,16.75,3.63,45.12,,4.5,7.53,40.52,75.68,33.42,6.55,21.37,6.74,,27.82,29.77,8.06,5.3,12.03,72.76,107.69,113.83,78.77,38.24,8.32,35.57,15.84,43.86,25.13,9.77,36.16,12.8,23.65,30.45,23.25,27.78,12.3,3.61,8.95,28.45,113.64,16.08,5.93,63.8,228.07,11.87,13.42,6.86,4.65,7.23,51.75,26.07,14.68,100.71,4.8,96.64,18.38,18.61,31.18,25.04,12.03,3.38,69.22,26.31,3.13,32.48,17.5,6.39,27.07,4.91,26.11,33.84,6.58,15.0,15.2,6.86,36.59,12.53,12.96,9.84,84.97,10.02,99.59,31.6,25.64,4.48,6.25,12.29,25.4,6.58,24.11,18.04,21.85,15.03,7.51,16.91,4.65,183.82,147.79,5.99,100.02,11.82,36.14,52.57,3.05,16.69,14.63,23.26,4.05,2.95,21.06,40.15,35.12,93.2,13.24,6.61,25.32,53.76,34.53,1.38,18.94,8.24,5.58,5.36,32.51,19.94,68.1
2024-09-19,186.9,97.86,44.03,15.4,1261.0,30.82,65.28,209.5,40.68,28.33,292.51,124.44,35.78,16.05,19.34,65.51,43.74,5.65,18.85,19.11,10.76,255.36,48.96,75.92,16.64,3.74,45.0,,4.5,7.46,40.65,73.5,32.18,6.55,22.04,7.16,36.06,27.3,29.65,7.85,5.31,12.63,75.61,110.9,114.6,78.38,38.0,8.52,36.3,15.68,44.19,25.17,9.81,36.57,13.02,23.93,30.47,23.04,27.87,12.66,3.7,9.33,28.46,110.03,16.6,5.87,64.76,230.63,11.99,13.41,6.85,4.61,7.18,52.2,25.71,14.69,99.92,4.89,90.8,18.7,18.82,31.64,25.41,12.03,3.41,68.25,26.69,3.27,32.34,17.69,6.32,27.32,4.94,26.96,34.58,6.98,15.09,15.7,6.89,36.92,12.64,13.32,9.83,86.5,10.12,103.48,32.12,25.73,4.47,6.55,12.37,25.76,6.55,24.42,18.16,22.05,15.16,7.78,17.46,4.63,185.99,153.14,5.99,101.5,12.38,36.18,52.56,3.07,16.58,14.75,23.21,4.07,3.09,21.15,39.21,34.99,93.85,13.38,6.68,25.43,55.14,33.95,1.4,19.57,8.22,5.6,5.42,32.74,19.29,67.2
2024-09-20,185.6,95.76,44.15,15.88,1263.92,30.94,66.06,208.87,40.58,28.15,293.42,120.51,36.6,16.25,19.29,65.29,43.86,5.67,18.86,19.23,10.76,256.1,49.59,75.92,16.88,3.78,42.71,,4.54,7.51,41.07,73.4,32.15,6.59,21.98,7.44,33.88,27.07,29.65,7.91,5.33,12.48,75.67,110.28,110.8,78.8,38.5,8.51,36.59,15.85,44.06,25.34,9.9,35.93,13.0,24.16,30.28,23.49,28.06,12.98,3.74,9.28,28.23,109.0,16.64,6.02,64.02,227.88,12.04,13.07,6.9,4.64,7.23,52.2,25.74,14.49,101.4,4.91,89.46,18.79,19.21,32.37,25.35,12.13,3.43,67.47,26.77,3.22,31.65,17.9,6.38,28.34,4.98,27.23,34.69,7.06,15.35,15.71,6.85,37.56,13.03,12.8,9.99,84.48,10.28,103.05,32.19,26.3,4.49,6.55,12.37,25.49,6.69,24.36,18.64,21.96,15.05,7.81,17.59,4.71,184.9,154.23,6.02,101.37,12.55,35.92,52.26,3.09,16.9,14.72,23.29,4.09,3.17,20.93,38.6,34.99,94.9,12.96,6.86,24.94,54.31,34.2,1.39,19.86,8.21,5.61,5.55,32.79,19.07,67.67
2024-09-23,188.2,95.25,44.09,15.82,1261.54,31.39,67.6,212.61,41.75,28.2,283.86,117.3,36.48,16.56,19.31,65.13,43.43,5.72,18.71,19.44,10.73,250.0,48.5,75.51,16.73,3.8,42.71,,4.62,7.63,41.43,73.87,32.17,6.68,21.89,7.39,33.9,27.14,29.89,8.01,5.38,12.61,75.65,112.29,103.45,76.78,39.1,8.63,36.36,16.24,43.45,25.35,10.04,35.63,13.08,24.9,30.71,23.95,27.79,13.25,3.73,9.3,28.35,108.9,16.54,6.06,63.44,222.34,11.96,12.84,7.05,4.69,7.34,52.3,25.64,14.48,101.05,4.95,87.79,18.87,19.86,32.21,24.79,12.35,3.5,66.73,27.08,3.22,31.33,17.56,6.48,28.65,5.11,27.48,34.81,7.0,15.17,15.52,7.02,37.56,13.31,12.73,10.12,82.7,10.22,102.58,31.64,26.68,4.49,6.6,12.46,25.58,6.77,23.91,18.63,21.72,15.07,7.86,17.55,4.76,184.33,154.48,6.11,102.35,12.38,36.28,52.75,3.14,16.62,14.68,22.79,4.09,3.15,20.8,38.52,35.53,92.81,13.08,6.95,24.93,54.3,34.13,1.4,19.89,8.16,5.72,5.6,33.24,19.1,65.19
2024-09-24,197.52,105.3,46.5,16.51,1372.6,33.13,68.04,221.8,42.5,28.76,295.09,121.2,38.77,17.18,20.82,68.4,44.77,6.0,20.58,20.79,11.96,254.29,50.03,78.12,17.56,3.88,43.66,,4.8,7.8,41.48,80.21,35.0,7.13,23.25,7.68,35.04,29.62,30.62,8.36,5.41,12.99,78.96,120.36,107.5,76.25,41.18,9.09,38.23,16.67,47.01,26.17,10.37,38.37,13.7,25.42,32.77,25.35,29.0,13.81,3.84,9.83,29.67,122.16,17.02,6.25,64.97,233.03,12.43,13.12,7.29,4.9,7.68,51.22,25.69,15.29,104.19,5.21,91.59,19.52,21.04,33.5,26.73,12.67,3.57,67.55,27.96,3.34,33.8,18.54,6.76,29.6,5.33,27.7,35.85,7.25,16.06,16.42,7.31,38.25,13.45,13.59,10.62,85.08,10.25,114.93,32.96,26.99,4.7,6.9,12.99,27.51,7.0,24.75,19.2,22.95,15.8,8.1,17.9,4.94,191.88,165.05,6.25,110.62,12.86,38.32,53.58,3.28,17.4,15.57,24.25,4.21,3.28,21.93,39.34,36.8,98.3,14.24,7.06,27.42,57.32,35.3,1.44,20.69,8.42,6.0,5.88,36.08,19.62,67.96
2024-09-25,203.1,104.65,47.36,16.92,1399.0,34.15,70.11,222.01,42.71,28.93,294.7,120.97,38.46,17.6,21.16,69.45,44.9,6.04,21.07,20.39,12.42,262.8,49.91,78.75,17.54,3.89,43.84,,4.84,7.99,42.48,78.65,34.0,7.21,23.53,7.78,36.85,29.12,31.01,8.4,5.48,13.13,77.72,122.1,105.8,77.14,41.78,9.49,38.3,16.7,48.01,26.91,10.5,38.38,14.08,25.48,32.48,25.42,29.8,14.03,3.91,9.77,29.69,121.99,17.12,6.19,64.6,235.85,12.72,13.19,7.32,4.9,7.74,52.3,26.47,15.46,103.9,5.46,90.7,19.61,21.17,33.3,26.86,12.99,3.65,68.62,28.37,3.43,33.41,18.71,6.72,28.68,5.5,28.44,36.38,7.39,16.22,16.57,7.52,38.55,13.96,13.74,10.51,86.94,10.56,119.48,31.99,27.69,4.8,6.91,13.33,27.51,6.88,24.97,19.4,23.2,15.98,8.08,17.74,5.01,192.35,164.45,6.38,112.47,12.72,38.6,52.91,3.33,17.62,15.82,25.15,4.29,3.28,21.72,39.99,38.1,99.89,14.32,6.88,28.09,58.01,36.26,1.47,20.97,8.57,6.17,5.86,37.03,20.38,69.27
2024-09-26,205.51,109.97,50.42,17.37,1529.0,35.38,73.56,224.0,43.27,29.13,303.0,127.44,38.42,18.45,22.48,75.27,46.36,6.2,21.66,20.19,14.1,269.61,52.28,80.99,18.07,3.97,46.46,,4.89,8.2,44.38,81.5,34.88,7.51,25.52,8.12,37.29,30.85,31.7,8.39,5.55,13.8,80.7,134.31,110.6,77.62,42.73,9.84,39.62,17.19,50.26,28.22,11.15,39.94,14.71,26.3,34.68,26.73,30.62,14.53,4.02,10.33,30.36,129.68,17.7,6.37,70.04,238.36,13.1,13.45,7.45,4.99,7.96,52.74,26.05,15.99,104.93,5.78,92.9,20.35,22.6,34.3,28.17,13.47,3.79,68.57,27.77,3.58,34.94,19.7,6.75,28.84,5.68,29.8,37.57,7.84,16.67,17.37,7.63,40.56,14.23,14.56,10.6,90.38,10.72,134.24,30.71,27.91,4.93,7.25,13.92,28.53,6.97,25.85,19.69,24.39,16.6,8.54,18.39,5.16,205.47,180.9,6.48,123.72,13.54,41.33,53.87,3.51,19.38,15.85,26.17,4.37,3.44,22.45,40.84,39.23,105.23,15.37,7.1,29.09,63.81,37.13,1.52,21.75,8.75,6.38,6.27,39.87,21.45,71.89
2024-09-27,226.81,112.36,51.9,17.51,1629.2,35.63,73.0,240.97,47.6,28.99,333.3,136.9,40.48,18.34,24.73,80.4,49.99,6.01,23.0,21.44,16.92,283.99,57.0,86.09,19.19,4.15,48.68,,4.7,8.1,44.4,86.08,36.52,7.24,27.6,8.37,38.39,34.0,33.19,8.38,5.61,14.56,85.41,147.74,121.25,85.2,41.81,9.87,43.38,17.82,54.3,29.69,11.42,43.16,16.0,28.66,35.77,26.7,32.12,14.84,4.26,10.79,32.06,133.6,18.75,6.33,75.29,265.03,13.69,14.28,7.37,4.87,7.65,54.25,26.12,17.22,104.29,5.8,100.88,21.99,23.5,37.73,29.98,13.45,3.8,69.71,27.77,3.79,40.65,21.67,6.66,30.1,5.59,30.1,40.4,8.13,17.65,18.32,7.65,42.68,14.34,15.96,10.63,98.01,10.52,161.09,32.52,27.86,4.97,7.41,15.18,31.34,7.58,27.08,20.94,26.83,17.67,8.98,19.13,5.05,222.0,198.99,6.51,136.09,13.96,43.8,57.27,3.46,20.6,16.36,27.47,4.49,3.56,23.86,42.46,40.0,114.96,16.84,7.1,32.0,70.18,38.89,1.57,22.61,9.14,6.41,6.52,42.2,22.71,80.1
2024-09-30,251.89,129.97,57.09,18.14,1748.0,37.61,76.06,289.16,52.36,30.05,365.98,164.0,43.46,19.27,27.2,88.37,59.99,6.18,25.19,23.54,20.3,307.31,66.88,103.28,20.84,4.47,52.3,,4.8,8.4,47.94,100.5,40.16,7.4,29.07,8.7,41.77,39.7,37.1,9.02,6.04,15.87,91.32,162.51,144.0,99.58,43.6,10.13,47.72,18.88,62.45,32.29,12.21,46.31,17.6,31.15,39.1,27.58,35.33,15.71,4.58,11.76,34.92,154.86,20.63,6.71,88.87,293.0,14.64,15.49,7.89,5.0,7.93,58.2,27.67,18.56,109.7,6.18,110.97,24.14,25.7,41.5,35.98,14.1,4.02,73.9,30.05,4.17,48.78,23.83,6.96,32.9,5.84,32.15,44.44,8.9,20.45,20.14,8.17,44.98,15.2,17.56,11.15,107.2,10.95,193.31,35.77,29.29,5.35,7.77,16.7,34.47,8.04,28.75,22.67,29.51,19.44,9.8,20.92,5.26,266.4,218.89,6.86,149.7,14.79,48.17,63.0,3.6,22.27,17.35,32.05,4.85,3.86,26.02,46.71,44.0,128.0,18.52,7.43,35.2,77.2,41.29,1.73,24.41,10.02,6.94,7.07,46.42,24.98,95.0
2024-10-08,299.0,155.96,61.73,17.96,1723.0,40.0,80.19,346.99,57.6,29.22,402.58,196.8,46.33,20.01,29.92,97.21,71.99,6.12,27.71,25.3,24.36,327.38,80.26,123.94,22.35,4.72,56.01,,4.76,8.56,51.5,120.6,44.18,7.35,28.96,8.63,43.3,47.64,40.92,9.34,5.93,15.95,93.75,164.05,172.8,119.19,42.44,10.5,52.49,19.42,74.9,33.83,12.88,45.1,19.36,34.27,40.76,26.16,38.86,16.61,4.79,11.95,38.17,185.83,22.37,6.66,106.64,324.5,14.98,16.28,8.24,4.97,8.01,58.27,27.9,19.0,110.14,6.39,122.07,26.55,27.97,45.65,43.18,14.35,4.13,73.24,31.47,4.56,58.54,25.36,7.02,35.95,6.03,33.12,48.88,8.71,24.29,21.5,8.6,44.65,15.02,19.28,11.02,117.92,11.4,231.97,38.0,28.94,5.54,7.85,18.37,37.92,8.01,28.35,24.45,32.46,21.38,10.24,21.51,5.43,316.86,230.8,6.91,159.0,14.99,51.8,68.89,3.65,22.0,17.55,38.46,4.91,3.88,28.6,51.38,48.4,139.54,20.37,7.62,38.72,84.89,44.0,1.83,24.95,11.02,7.03,7.45,51.06,27.48,114.0
2024-10-09,255.0,148.5,55.7,16.93,1595.15,37.01,75.01,371.5,55.79,28.55,405.0,198.0,42.08,18.61,30.35,93.1,83.89,6.04,26.0,22.96,24.9,305.69,78.41,131.0,20.38,4.35,51.68,,4.67,7.93,47.93,109.9,44.1,7.05,26.53,7.93,40.15,43.0,36.67,8.45,5.68,14.48,84.88,147.68,167.7,99.11,40.35,9.91,55.95,17.93,64.76,31.5,11.68,41.99,17.84,32.05,36.68,24.68,39.3,14.99,4.32,10.92,35.63,166.4,20.25,6.32,98.8,296.68,13.61,15.01,7.55,4.81,7.84,56.6,27.15,17.67,106.62,5.8,116.29,25.05,25.17,43.2,47.2,13.53,3.84,74.24,28.87,4.16,49.4,24.6,6.58,33.62,5.58,31.14,46.97,7.99,21.19,18.67,7.95,41.05,13.61,17.35,10.34,115.48,10.27,230.99,35.17,26.91,5.17,7.57,16.99,34.13,7.22,25.85,22.15,30.02,22.84,9.34,19.72,5.16,262.8,207.72,6.58,143.1,13.82,46.65,62.18,3.41,20.9,16.52,34.12,4.57,3.51,26.28,47.54,43.56,126.21,18.33,7.37,35.4,76.4,41.7,1.66,22.67,10.39,6.39,6.96,49.0,28.03,99.98
2024-10-10,258.0,143.31,58.5,17.35,1640.0,38.73,78.3,347.2,54.93,29.18,388.29,180.18,43.45,19.4,27.75,88.08,75.02,6.27,25.8,23.2,20.55,315.89,70.89,131.03,20.07,4.37,52.57,16.17,4.82,8.45,49.65,106.14,41.79,7.4,27.62,8.2,42.13,42.7,36.7,8.74,5.86,14.85,85.45,151.98,151.5,101.45,42.95,10.31,52.51,18.58,63.02,31.37,11.98,43.49,17.54,31.65,37.84,25.58,38.17,15.11,4.37,11.17,35.03,162.71,20.59,6.64,90.5,298.02,13.9,15.36,7.85,5.01,8.1,58.36,27.12,17.57,108.8,6.3,115.02,24.4,25.41,41.27,43.8,14.02,3.97,73.91,29.99,4.12,49.95,23.56,6.88,34.47,5.85,32.07,44.74,8.49,21.51,19.46,8.51,41.65,13.86,16.95,10.9,115.4,10.39,190.7,35.88,27.16,5.41,7.77,16.38,33.54,7.45,26.12,22.98,29.94,21.36,9.42,20.1,5.45,266.6,209.35,6.68,147.29,14.29,47.02,61.21,3.55,20.91,17.24,33.83,4.68,3.6,26.27,48.11,43.95,124.65,17.75,7.59,36.28,74.55,41.97,1.7,23.29,10.42,6.76,7.1,51.73,26.68,96.8
2024-10-11,241.79,143.98,57.54,17.24,1604.99,38.43,76.77,333.0,51.45,29.21,365.8,168.56,42.2,19.0,28.17,84.0,69.48,6.27,24.59,21.8,20.85,300.05,65.52,123.7,19.15,4.19,50.2,17.79,4.83,8.36,48.59,100.95,41.84,7.37,27.35,8.05,40.48,40.55,35.24,8.7,5.72,14.31,82.0,149.65,139.78,96.8,42.6,10.16,51.01,17.91,58.33,29.63,11.72,42.28,16.99,29.84,37.24,25.4,36.55,14.72,4.2,10.86,33.02,159.64,19.9,6.3,84.02,284.44,13.53,14.72,7.65,5.02,8.16,57.84,26.65,17.15,108.57,6.05,108.47,23.02,24.39,39.5,39.24,13.94,3.89,71.59,30.07,3.85,46.13,22.02,6.75,34.39,5.72,31.45,42.91,8.52,20.08,18.62,8.06,41.73,14.14,16.2,10.66,111.95,10.42,182.22,35.18,27.39,5.13,7.47,15.86,31.6,7.25,25.78,22.13,28.06,20.01,8.99,19.51,5.45,246.27,199.36,6.63,141.38,14.57,46.02,58.9,3.49,20.25,16.81,29.96,4.61,3.51,25.71,45.35,42.7,119.58,16.48,7.68,33.41,71.63,39.94,1.65,22.94,9.83,6.77,6.86,49.69,26.9,90.4
2024-10-14,249.72,148.53,58.67,17.67,1601.99,39.33,79.0,374.1,51.9,29.35,369.01,173.25,43.99,19.66,27.46,86.12,75.6,6.47,25.16,23.54,21.07,307.0,66.93,124.2,19.66,4.25,51.39,19.01,5.03,8.83,49.84,102.32,42.71,7.53,27.36,8.4,40.68,43.41,35.85,8.75,5.84,14.52,81.93,149.76,143.3,96.75,42.67,10.4,52.0,18.66,58.91,30.42,12.02,43.29,16.97,30.41,38.32,25.85,37.44,14.86,4.29,10.8,33.69,162.0,19.97,6.52,88.25,284.9,13.55,15.05,7.89,5.14,8.55,58.25,26.88,17.4,110.8,6.36,108.99,23.73,25.83,40.45,40.94,14.58,3.97,73.3,30.17,3.92,46.7,21.82,6.8,33.18,5.93,32.18,43.65,9.09,21.35,18.77,8.28,43.48,14.45,16.75,10.73,110.67,10.55,190.25,35.96,27.95,5.25,7.92,15.95,31.96,7.51,27.5,22.68,29.19,20.28,9.15,19.8,5.64,255.77,202.15,6.69,141.2,15.14,46.41,57.99,3.58,20.48,16.85,30.79,4.63,3.6,26.78,47.6,44.01,119.12,16.72,8.11,33.87,71.36,41.65,1.67,23.22,10.07,6.93,6.97,50.09,28.07,92.29
2024-10-15,241.22,141.89,57.19,17.13,1554.25,38.5,76.0,355.55,50.08,28.88,376.0,169.1,43.6,19.35,26.72,85.0,74.18,6.26,24.6,23.5,20.16,298.0,65.0,117.0,19.15,4.15,50.6,18.0,4.92,8.79,48.57,99.8,41.54,7.37,26.5,8.01,39.43,42.56,35.03,8.43,5.7,13.84,79.43,144.0,143.05,92.45,41.81,10.25,51.19,18.28,57.06,29.31,11.9,42.06,16.33,29.98,37.45,25.01,37.86,14.52,4.16,10.47,32.84,157.8,19.36,6.43,87.0,270.9,13.12,14.5,7.81,5.02,8.22,57.06,25.94,17.4,107.64,6.23,107.67,23.49,24.97,41.79,39.72,14.16,3.9,70.88,28.97,3.89,44.57,21.31,6.6,32.1,5.83,31.49,43.05,8.51,20.84,18.11,8.13,42.48,13.92,16.3,10.44,109.28,10.45,181.91,34.43,27.05,5.16,7.64,15.42,30.85,7.08,27.6,22.0,28.54,19.48,8.83,19.2,5.48,256.97,192.81,6.64,134.39,14.75,45.35,55.6,3.48,19.69,16.2,30.96,4.52,3.46,26.43,46.45,42.69,113.48,16.23,8.09,32.85,69.03,40.94,1.63,22.51,9.73,6.66,6.9,48.1,30.5,90.9
2024-10-16,233.85,133.45,57.38,17.45,1522.5,39.5,75.24,342.19,48.96,28.71,363.2,163.46,42.31,19.96,26.41,83.08,74.09,6.36,23.53,22.74,20.38,289.79,62.3,113.57,18.72,4.13,49.18,18.58,5.02,9.03,47.47,96.78,39.5,7.61,26.15,8.02,39.42,40.96,34.45,8.42,5.73,13.73,78.84,141.65,139.04,88.4,41.53,10.34,49.01,18.17,55.66,28.28,12.06,41.8,16.37,29.44,37.01,25.03,37.18,14.41,4.11,10.38,31.97,148.7,19.09,6.47,84.6,262.0,12.92,14.36,8.06,5.1,8.36,55.71,25.99,17.27,107.09,6.46,102.54,22.91,26.09,40.91,39.39,14.52,3.95,71.9,29.08,4.14,42.87,20.82,6.59,30.71,5.92,30.8,43.0,8.65,20.62,17.99,8.09,42.36,14.37,15.93,10.41,105.65,10.67,183.72,32.65,28.05,5.16,7.67,15.47,30.29,7.09,27.22,21.55,28.17,19.26,8.82,19.2,5.67,253.9,190.5,6.74,134.99,14.68,43.19,55.4,3.54,19.72,15.67,30.04,4.51,3.47,26.12,45.59,42.94,111.89,15.88,8.21,32.2,66.1,41.0,1.63,22.44,9.65,6.72,7.03,47.24,28.65,87.74
2024-10-17,231.5,134.36,57.0,17.14,1494.6,38.49,73.08,358.09,48.18,28.3,365.03,163.5,41.96,19.57,26.16,82.39,75.12,6.29,23.71,22.69,19.9,289.42,61.34,116.18,18.69,4.09,49.22,19.18,4.98,9.03,46.61,96.15,40.31,7.5,25.52,7.88,38.38,43.44,34.29,8.35,5.62,13.56,76.5,137.95,137.73,86.56,40.99,10.22,52.02,17.73,55.1,27.99,11.95,41.24,16.57,29.45,37.16,24.97,37.0,14.04,4.05,10.18,31.86,150.5,18.77,6.41,83.89,257.0,12.63,14.62,7.99,5.05,8.28,56.86,25.76,16.83,105.64,6.19,103.68,23.09,25.64,41.63,40.12,14.4,3.89,70.31,28.93,4.07,42.28,21.08,6.5,30.54,5.86,30.28,44.4,8.51,21.04,17.61,7.98,41.96,14.15,15.61,10.33,103.67,10.61,180.67,32.72,27.71,5.07,7.65,15.42,29.96,6.93,27.03,21.45,27.72,19.02,8.68,18.79,5.64,262.36,184.19,6.7,131.19,14.42,42.24,54.43,3.51,19.28,15.44,30.25,4.41,3.4,26.6,45.65,42.75,110.35,15.73,8.05,31.78,65.44,40.88,1.58,22.15,9.44,6.54,6.97,47.3,31.26,87.2
2024-10-18,249.89,146.95,57.18,17.63,1541.0,39.05,75.01,429.71,50.22,28.43,401.16,185.65,44.45,19.6,27.91,87.74,90.14,6.32,26.08,24.51,22.95,300.3,68.95,132.99,19.51,4.16,50.48,20.27,4.96,8.99,47.3,104.54,43.13,7.48,26.4,8.0,39.15,49.92,36.25,8.54,5.69,13.46,78.22,143.0,153.85,94.5,41.98,10.15,55.22,18.0,58.5,28.87,12.04,42.19,17.3,30.88,38.0,25.16,40.03,14.23,4.14,10.33,34.26,168.0,19.3,6.53,92.86,269.2,13.01,15.07,8.05,5.05,8.31,58.6,26.36,17.21,107.1,6.28,112.96,24.52,26.19,43.4,45.47,14.59,3.91,74.55,28.44,4.12,45.52,22.45,6.57,31.1,5.86,31.13,45.83,8.55,22.52,18.28,8.17,42.52,14.68,16.45,10.47,110.2,10.64,210.83,34.94,28.3,5.17,7.84,16.23,30.96,7.05,27.1,22.5,28.95,20.26,8.85,19.16,5.64,284.5,191.03,6.75,135.24,14.42,43.09,55.4,3.51,19.58,15.74,33.0,4.51,3.48,29.26,47.16,43.67,115.7,16.45,8.01,33.35,68.02,41.6,1.63,22.6,9.82,6.56,6.99,49.53,33.5,95.49
2024-10-21,253.36,141.45,56.9,18.22,1528.8,38.85,74.08,444.0,50.36,27.96,395.22,187.13,45.42,19.23,27.46,89.92,97.48,6.16,26.2,25.45,22.25,306.45,69.93,131.3,19.79,4.23,50.56,19.18,4.84,8.94,47.0,113.49,42.77,7.33,26.21,8.32,39.07,51.0,36.28,8.46,5.62,13.53,78.19,143.01,153.86,94.19,41.32,10.16,56.37,17.76,58.0,30.73,11.81,43.22,17.34,31.71,38.15,25.0,39.95,14.52,4.18,10.44,34.88,164.97,19.9,6.66,93.11,268.1,13.18,15.2,7.94,4.95,8.15,58.69,25.89,17.22,106.3,6.5,112.7,24.8,26.14,43.62,46.21,14.5,3.91,73.28,28.3,4.28,45.84,21.9,6.55,31.21,5.81,31.16,46.18,8.76,23.21,18.87,8.18,42.3,15.13,17.51,10.33,113.68,10.41,200.72,36.25,28.86,5.16,7.64,16.07,31.62,7.18,27.48,23.68,30.76,20.14,9.0,19.41,5.54,278.0,193.14,6.72,134.21,14.77,43.19,56.1,3.46,20.61,15.57,34.11,4.49,3.52,32.19,49.43,43.76,116.3,16.69,8.11,33.92,68.19,43.13,1.61,23.03,10.02,6.52,7.0,49.4,36.85,97.33
2024-10-22,250.55,141.75,57.06,18.05,1543.0,39.17,76.5,421.0,50.8,28.08,396.55,182.83,46.05,19.14,27.67,88.8,96.04,6.14,26.26,25.93,22.63,304.75,70.94,128.11,19.85,4.28,50.76,19.05,4.86,8.93,47.78,123.3,43.28,7.37,26.61,8.33,39.01,49.6,36.21,8.46,5.68,13.54,78.89,145.44,148.72,94.0,41.44,10.13,55.22,17.8,56.93,30.84,11.79,43.98,17.42,30.08,38.59,25.33,38.98,14.86,4.27,10.58,34.9,170.0,20.0,6.65,92.66,271.95,13.28,16.29,7.94,4.94,8.14,60.88,26.69,17.36,104.38,6.42,113.42,24.68,26.14,43.29,45.5,14.32,3.9,76.5,28.18,4.22,46.19,23.27,6.6,32.01,5.8,32.17,45.55,8.84,23.85,19.16,8.21,43.39,14.99,18.38,10.63,113.17,10.32,201.7,36.86,28.66,5.14,7.77,16.17,32.47,7.19,27.97,24.46,30.76,20.2,9.08,19.68,5.54,266.99,196.0,6.77,137.23,14.99,43.48,57.82,3.46,20.8,16.27,34.52,4.56,3.52,31.48,48.25,43.7,116.01,17.11,7.95,35.24,69.14,42.31,1.62,23.05,10.66,6.57,7.26,49.87,36.96,95.0
2024-10-23,249.3,135.32,58.31,17.85,1567.5,39.66,76.38,419.0,51.49,28.06,393.9,179.95,45.21,19.16,27.57,88.0,92.31,6.14,25.61,25.28,22.52,308.88,68.65,125.02,19.99,4.34,50.69,18.91,4.85,8.94,47.93,118.18,41.76,7.33,27.01,8.2,39.25,48.34,36.78,8.48,5.76,13.65,79.32,148.53,154.49,98.4,41.05,10.18,54.46,17.7,56.43,30.9,11.86,43.78,17.35,30.68,39.56,25.08,38.66,14.82,4.36,10.77,35.26,156.16,20.38,6.59,91.21,273.15,14.07,16.35,7.93,4.96,8.14,61.77,26.57,18.01,104.35,6.48,109.2,24.64,27.05,43.85,44.87,14.36,3.9,75.38,28.28,4.15,47.33,22.85,6.59,32.02,5.79,31.57,45.58,8.72,23.26,19.28,8.25,43.3,14.95,19.58,10.54,111.54,10.3,200.0,37.04,28.8,5.14,7.63,16.19,33.15,7.17,28.12,24.22,30.8,20.01,9.19,19.85,5.55,264.62,199.02,6.8,140.12,15.01,43.96,57.35,3.48,21.0,16.29,33.6,4.77,3.54,31.39,48.71,45.0,120.22,17.7,7.99,36.09,69.5,44.26,1.65,22.97,11.12,6.65,7.34,49.89,40.66,94.31
2024-10-24,246.16,139.52,58.1,17.49,1552.2,39.31,75.64,425.2,50.14,28.0,387.89,180.0,43.95,19.17,27.28,88.3,94.56,6.16,25.35,25.73,22.19,303.68,69.0,123.8,19.83,4.25,48.67,18.81,4.87,9.1,47.38,129.51,42.33,7.34,26.52,8.02,38.19,48.24,36.33,8.45,5.65,13.33,77.4,146.46,156.0,92.0,41.29,10.14,54.6,17.44,56.68,30.66,11.75,43.17,17.25,31.55,39.0,25.11,38.65,14.82,4.25,10.61,35.67,157.1,20.02,6.5,93.12,274.5,13.7,16.41,7.93,4.95,8.16,60.68,26.48,17.37,102.22,6.33,109.15,24.73,26.45,43.02,44.96,14.34,3.91,76.02,28.26,4.11,44.94,22.88,6.49,32.1,5.78,31.25,44.81,8.82,23.11,18.63,8.27,43.15,14.52,18.6,10.39,110.0,10.3,197.1,37.39,27.78,5.05,7.64,16.05,31.97,7.03,27.98,23.6,30.24,19.81,9.05,19.61,5.54,264.69,192.75,6.62,135.64,15.26,43.48,55.85,3.46,20.28,16.17,32.68,4.7,3.49,31.6,47.48,44.3,121.38,17.02,7.93,34.72,67.8,42.94,1.63,22.83,10.8,6.59,7.45,49.2,38.21,94.92
2024-10-25,258.88,142.65,57.7,17.23,1558.85,39.1,75.27,421.89,53.0,27.54,388.42,183.45,43.35,19.14,27.5,89.15,93.7,6.12,25.66,25.27,22.7,308.14,70.01,122.0,19.97,4.37,48.0,18.77,4.82,8.94,46.99,132.9,44.28,7.32,26.68,7.92,38.22,48.18,37.05,8.39,5.61,13.51,77.72,148.11,161.26,95.31,40.93,10.08,54.42,17.45,58.0,30.95,11.71,43.1,17.16,31.4,38.66,25.0,39.09,14.73,4.47,11.21,36.87,156.36,21.16,6.47,95.99,279.91,14.54,16.84,7.86,4.91,8.11,60.39,26.3,18.05,101.93,6.29,110.9,24.99,26.54,43.2,45.36,14.14,3.89,74.16,27.88,4.21,49.44,23.06,6.45,33.68,5.74,30.82,45.48,8.49,22.71,18.8,8.16,43.4,14.34,20.46,10.22,111.78,10.31,200.85,36.41,27.4,5.06,7.63,16.17,33.9,7.02,28.32,23.31,32.13,19.78,9.28,20.1,5.49,264.5,195.0,6.58,136.62,14.86,44.33,56.06,3.42,20.99,16.13,32.82,4.71,3.47,31.7,47.16,43.96,121.76,18.72,7.9,36.89,68.99,42.9,1.68,22.91,11.0,6.59,7.4,48.86,38.81,95.16
2024-10-28,256.24,136.06,57.5,17.2,1565.0,38.52,74.87,434.7,53.44,27.54,384.5,180.88,43.63,19.02,27.49,90.76,93.1,6.07,25.26,26.1,22.66,305.1,69.09,122.57,19.72,4.35,48.59,18.69,4.76,8.84,46.76,135.41,41.99,7.26,27.12,7.92,38.71,45.87,37.19,8.37,5.66,13.75,79.6,153.97,157.2,93.74,41.1,10.06,54.23,17.82,57.33,30.61,11.64,43.53,17.3,31.04,38.42,25.25,38.52,14.67,4.44,11.56,37.32,150.54,21.33,6.52,94.09,278.27,14.27,15.91,7.84,4.88,8.01,58.34,26.97,18.09,102.29,6.14,104.99,24.87,25.99,43.58,44.25,14.02,3.88,77.07,27.39,4.25,49.44,23.26,6.44,34.81,5.69,30.58,45.65,8.58,22.72,19.07,8.25,43.18,14.33,20.08,10.27,110.95,10.27,200.88,36.26,27.33,5.16,7.65,16.12,34.26,6.99,28.48,23.26,31.86,19.67,9.45,20.0,5.42,269.03,204.47,6.52,142.64,14.81,45.37,55.82,3.42,20.58,16.42,33.85,4.73,3.56,31.7,47.99,43.32,125.0,18.75,7.75,37.05,70.3,43.92,1.75,23.26,10.88,6.91,7.5,48.65,42.59,92.02
2024-10-29,251.78,130.5,57.63,17.22,1531.62,38.6,74.07,434.01,53.49,27.71,388.7,180.3,43.42,19.01,27.23,88.6,92.3,6.06,25.05,28.09,22.18,305.4,67.92,126.53,20.36,4.31,48.18,18.75,4.79,9.02,46.59,134.02,41.3,7.23,26.52,7.66,38.32,45.67,38.07,8.2,5.62,13.42,76.84,150.8,152.92,90.5,40.98,9.99,59.65,17.66,56.46,30.54,11.54,43.07,17.17,30.78,38.63,25.0,38.62,14.52,4.38,11.15,38.06,143.47,20.93,6.52,89.06,271.24,14.42,15.49,7.86,4.9,8.01,58.99,27.35,17.88,102.2,6.07,106.2,25.38,26.28,44.51,42.6,14.03,3.85,76.99,27.11,4.68,48.06,22.9,6.23,34.81,5.69,30.53,45.91,8.35,22.88,18.66,8.32,43.05,14.53,19.24,10.35,109.34,10.26,198.9,37.35,27.21,5.11,7.54,15.96,33.31,6.79,29.34,23.47,31.15,19.39,9.52,19.56,5.39,260.93,203.34,6.51,140.0,14.54,45.0,53.0,3.41,20.54,16.22,32.94,4.67,3.39,32.55,47.35,43.38,123.56,18.07,7.9,35.91,68.83,43.18,1.68,22.67,10.73,6.77,7.34,48.74,40.88,91.83
2024-10-30,248.03,130.0,55.97,17.13,1532.0,37.88,72.75,445.25,52.14,27.71,390.18,181.15,42.98,18.77,27.46,88.76,85.82,6.01,24.84,28.7,21.57,305.55,69.08,125.19,20.16,4.52,47.2,18.66,4.71,9.0,45.78,131.48,41.01,7.21,26.44,7.74,38.65,45.02,37.41,8.11,5.66,13.49,75.98,148.8,151.54,91.31,40.44,9.94,58.47,17.51,55.41,30.01,11.32,43.9,17.41,30.25,37.19,24.72,38.26,14.33,4.82,11.36,39.82,141.25,21.12,6.47,87.73,270.5,14.14,15.81,7.71,4.83,7.92,58.65,26.91,17.6,102.18,6.01,104.31,25.2,25.81,44.83,41.65,13.87,3.82,79.73,26.52,4.85,47.4,22.64,6.19,33.73,5.62,29.9,45.55,7.69,22.64,18.84,8.36,44.21,14.79,19.25,10.05,107.42,10.18,194.71,36.61,27.09,5.01,7.52,16.02,32.53,6.81,28.86,23.74,30.75,19.18,9.37,19.39,5.27,258.58,197.1,6.48,136.81,14.36,44.15,52.19,3.36,21.3,16.03,32.62,4.6,3.38,33.1,47.16,42.38,121.16,17.97,7.77,34.87,67.9,43.5,1.7,21.95,10.66,6.56,7.29,47.77,41.1,89.35
2024-10-31,245.98,130.17,55.92,16.82,1527.79,37.36,71.42,453.6,52.0,27.58,392.37,192.43,42.22,18.28,28.12,90.17,86.93,6.04,24.25,31.48,23.19,293.19,68.41,128.42,20.56,4.67,46.6,18.92,4.73,8.81,43.5,128.3,40.87,7.11,27.91,7.6,36.75,45.03,37.17,8.1,5.43,13.35,75.25,146.83,161.0,90.62,40.04,9.84,61.2,18.25,55.41,30.11,11.38,43.64,17.63,30.28,36.8,24.68,39.92,14.58,5.3,11.3,39.38,143.02,21.46,6.36,88.07,266.6,14.12,15.75,7.75,4.82,7.93,57.01,25.96,17.94,102.65,6.02,105.06,26.25,25.54,46.78,41.83,13.84,3.78,76.4,26.41,4.72,48.55,21.88,6.18,33.55,5.65,29.22,45.95,7.63,22.55,18.64,8.32,44.66,14.26,19.74,10.06,107.3,10.25,205.03,37.53,26.4,4.99,7.77,16.21,33.98,6.72,28.73,23.45,31.07,19.24,9.61,19.44,5.21,257.53,200.9,6.51,135.51,14.24,43.77,51.65,3.45,20.92,15.91,32.09,4.75,3.4,32.42,46.39,41.88,122.18,18.92,7.75,35.95,67.83,42.76,1.71,21.76,10.88,6.52,7.2,48.01,42.5,89.38
2024-11-01,246.2,129.36,56.15,17.25,1533.75,38.01,72.25,411.01,51.15,27.98,387.5,188.61,42.19,18.29,27.95,86.3,84.81,6.15,23.68,31.5,23.0,290.31,64.55,123.88,21.24,4.46,47.56,18.87,4.78,8.94,43.52,124.7,39.42,7.22,28.3,7.93,36.85,42.36,36.34,8.3,5.54,13.46,76.51,147.92,155.11,88.2,41.07,9.94,60.45,18.74,55.6,30.12,11.43,44.0,17.67,29.6,36.68,25.17,38.59,15.44,5.19,11.36,37.5,140.73,23.61,6.41,83.48,266.25,14.02,15.66,7.93,4.88,8.06,56.96,26.54,18.21,103.4,6.15,101.56,24.68,25.5,43.7,39.8,13.94,3.79,76.85,27.05,4.76,46.89,21.53,6.28,35.01,5.7,29.39,44.78,7.94,21.51,18.57,8.46,45.33,14.19,19.01,10.09,104.92,9.97,202.0,36.65,26.18,5.04,8.16,16.11,34.12,6.87,29.31,22.79,31.94,19.09,10.33,21.19,5.26,248.16,208.76,6.58,136.53,14.77,44.23,54.11,3.45,21.8,16.11,30.88,4.76,3.52,31.2,45.73,42.55,123.8,18.35,7.81,36.09,68.32,41.82,1.88,22.78,10.88,6.68,7.24,47.76,39.55,87.32
2024-11-04,251.2,131.77,56.97,17.35,1548.2,38.75,72.84,410.94,51.96,27.9,400.3,199.82,42.81,18.31,29.06,90.0,86.81,6.13,24.33,31.99,24.78,306.98,66.05,124.45,21.3,4.5,47.99,19.26,4.78,9.16,43.3,128.83,40.78,7.22,28.83,8.0,36.88,43.66,36.38,8.2,5.58,13.49,77.33,148.6,167.9,89.15,40.75,9.99,66.5,18.81,59.99,31.0,11.46,44.08,18.47,30.3,36.86,25.23,38.85,15.26,5.12,11.39,38.53,143.15,23.85,6.39,85.1,271.08,14.09,15.74,8.17,4.89,8.08,57.6,26.64,18.38,102.82,6.15,101.84,25.92,25.87,46.1,40.19,14.08,3.82,78.92,26.73,4.96,48.14,22.8,6.24,36.06,5.73,29.7,45.43,7.92,22.0,18.67,8.49,45.97,14.24,19.26,9.99,106.91,10.11,225.0,37.3,26.45,5.04,8.2,16.52,34.61,6.75,29.51,23.33,31.91,19.55,9.94,20.42,5.3,252.49,209.9,6.63,137.3,15.0,44.78,54.43,3.47,22.0,16.1,31.4,4.75,3.55,32.2,48.76,42.84,121.25,18.35,7.82,36.17,70.21,42.5,1.83,22.89,10.89,6.69,7.26,48.3,40.69,88.55
2024-11-05,261.39,133.46,58.75,17.7,1576.99,39.08,73.13,437.86,53.79,27.86,410.51,202.5,43.2,18.4,30.47,92.08,95.8,6.15,24.75,35.19,27.35,307.5,69.0,129.28,22.63,4.62,48.68,19.8,4.8,9.2,43.9,133.93,41.51,7.27,29.07,8.18,37.96,45.62,37.59,8.28,5.65,13.79,78.88,152.8,169.01,92.7,41.03,10.06,71.73,18.84,60.8,31.42,11.65,44.51,19.66,31.08,38.42,25.08,41.07,15.38,5.29,11.41,39.35,148.29,25.59,6.42,88.06,278.91,14.22,16.21,8.18,4.91,8.11,58.15,27.0,18.96,102.85,6.23,107.34,26.92,26.29,47.45,42.74,14.13,3.87,80.03,27.18,4.97,50.0,22.95,6.28,36.41,5.76,29.75,46.79,8.09,22.77,18.98,8.55,46.09,14.3,19.63,10.06,110.62,10.19,268.5,38.08,26.63,5.15,8.31,17.38,36.07,6.82,30.29,23.95,33.96,20.3,10.14,21.08,5.32,276.04,217.79,6.65,141.12,15.18,45.49,54.81,3.53,22.44,16.24,33.01,4.8,3.64,33.88,53.64,45.59,123.28,20.19,7.85,37.15,72.9,46.75,2.01,23.38,11.16,6.78,7.49,52.09,44.76,92.1
2024-11-06,256.5,127.49,57.49,17.31,1571.0,38.56,71.17,456.0,54.9,27.5,404.91,201.31,41.33,18.33,31.08,94.52,96.04,6.09,24.18,34.35,26.44,300.36,68.4,133.19,21.89,4.57,48.75,20.45,4.77,9.15,42.84,132.51,40.38,7.2,28.9,8.2,37.64,44.32,37.93,8.26,5.6,13.78,77.89,151.25,177.2,94.12,40.33,9.95,72.11,18.54,59.9,31.25,11.55,44.55,19.5,31.31,37.26,24.05,43.56,15.01,5.13,11.47,39.2,142.9,26.65,6.45,87.76,274.6,14.18,16.92,8.11,4.89,8.0,57.55,26.83,19.49,102.23,6.22,105.14,27.22,26.07,46.4,42.9,13.74,3.87,79.41,26.86,5.13,49.52,24.6,6.28,38.75,5.69,28.67,47.79,8.24,22.14,18.98,8.66,45.65,14.0,19.21,9.99,109.99,10.12,273.01,36.17,26.49,5.17,8.13,17.35,36.05,6.76,30.06,23.4,36.41,20.37,10.06,21.52,5.24,269.98,213.86,6.63,139.9,15.49,45.2,55.36,3.48,22.35,16.53,32.74,4.78,3.6,32.89,59.0,44.64,120.16,20.68,7.95,37.4,72.65,46.79,2.16,23.13,11.43,6.79,7.52,51.35,47.5,92.68
2024-11-07,262.8,131.9,60.84,17.09,1649.14,39.57,72.1,476.0,56.72,27.83,425.99,208.0,40.93,18.91,34.19,96.64,101.89,6.15,24.64,33.35,30.0,301.78,70.38,141.75,22.2,4.66,50.0,21.5,4.8,9.26,44.26,136.65,40.67,7.29,30.2,8.13,38.09,46.56,38.02,8.35,5.72,14.29,79.55,162.24,177.6,90.79,40.81,10.28,75.6,18.84,62.39,31.83,11.91,45.88,20.48,31.85,39.22,24.4,43.83,15.09,5.15,11.83,39.19,145.08,26.61,6.57,89.71,281.19,14.36,17.31,8.18,4.92,8.08,57.87,27.26,19.51,102.86,6.54,106.96,27.09,26.76,47.01,44.37,14.1,3.96,79.2,27.05,,50.59,25.08,6.38,38.8,5.79,29.22,48.7,8.48,22.28,19.63,8.82,44.74,13.57,19.18,10.07,111.95,10.32,327.61,35.47,25.75,5.29,8.43,18.36,36.13,6.91,30.33,22.97,35.95,22.18,10.34,21.78,5.35,282.5,233.4,6.71,153.89,16.38,48.74,58.0,3.54,22.45,16.66,33.65,4.85,3.65,32.97,55.52,49.1,124.98,21.02,8.15,37.69,76.92,45.76,2.13,23.3,11.35,6.95,7.65,56.49,45.57,95.17
2024-11-08,257.5,129.92,59.12,17.09,1609.97,38.8,72.58,431.0,56.12,27.62,447.75,217.15,40.3,18.7,34.88,95.48,100.3,6.11,25.98,30.65,28.24,297.9,70.63,136.99,22.12,4.63,49.5,20.97,4.76,9.13,44.25,137.7,40.31,7.22,30.13,8.1,37.51,46.56,37.27,8.25,5.67,14.14,81.56,156.47,188.78,87.35,40.19,10.06,79.44,18.5,62.53,31.6,11.72,44.89,19.8,32.78,38.09,24.2,43.61,14.85,5.24,11.64,39.8,142.21,25.83,6.51,92.01,284.21,14.45,17.3,8.14,4.86,8.0,57.25,27.3,19.37,102.81,6.3,107.83,28.21,26.16,51.71,45.21,13.99,3.93,78.45,26.7,4.87,51.47,25.08,6.33,38.64,5.69,29.15,48.2,8.5,22.01,19.3,8.6,44.92,13.2,19.23,10.08,111.66,10.19,303.8,35.06,25.47,5.19,8.19,17.87,36.0,6.87,30.47,23.01,36.0,21.34,10.18,21.7,5.29,282.32,226.1,6.75,151.0,16.2,48.79,57.11,3.49,22.09,16.43,33.98,4.84,3.6,35.48,61.07,48.95,130.62,22.01,7.93,37.98,75.8,47.23,2.2,23.17,11.19,6.83,7.49,55.7,48.87,94.69
2024-11-11,267.5,132.87,58.4,16.51,1598.01,38.33,71.6,430.51,57.43,27.48,486.69,245.15,40.7,18.38,34.88,99.14,104.98,6.04,27.01,31.09,28.7,299.29,78.11,139.05,22.66,4.66,49.43,20.88,4.69,8.88,43.75,129.93,41.18,7.11,30.01,7.92,37.65,45.04,38.29,8.09,5.59,14.2,80.87,154.82,212.45,88.57,39.38,9.72,87.38,18.58,64.41,32.88,11.6,44.62,19.63,36.06,36.97,23.5,46.55,14.67,5.35,11.45,43.78,144.9,25.83,6.52,96.68,282.49,14.54,17.27,7.97,4.81,7.9,57.28,27.02,19.46,102.04,6.19,115.31,30.59,25.85,54.72,54.25,13.87,3.93,78.25,26.41,4.63,54.94,27.48,6.23,37.36,5.58,28.46,51.35,8.39,22.83,19.08,8.43,44.39,12.93,20.02,9.91,116.01,10.27,301.8,35.01,25.12,5.22,8.22,17.81,39.6,6.94,30.36,24.37,36.96,21.33,10.74,22.9,5.2,296.9,226.0,6.69,148.1,15.88,47.39,60.11,3.49,22.58,15.98,34.79,4.81,3.55,37.62,59.88,47.39,136.8,24.21,7.79,40.83,74.43,47.0,2.16,23.06,11.12,6.71,7.4,55.11,49.45,98.34
2024-11-12,273.02,132.7,57.01,15.98,1577.2,37.59,72.39,422.99,58.3,26.97,467.81,246.3,41.54,18.13,33.93,96.86,101.11,6.0,25.72,29.7,28.35,300.81,74.4,129.41,22.28,4.54,49.29,20.42,4.65,8.84,43.7,128.5,40.87,7.08,29.8,7.68,36.73,44.58,37.64,8.0,5.51,14.02,80.5,154.3,200.0,87.64,38.91,9.66,83.9,18.25,62.0,32.17,11.54,44.3,19.42,34.8,35.78,23.16,46.1,14.5,5.2,11.4,40.96,147.5,25.16,6.36,93.21,287.12,14.5,17.05,7.89,4.79,7.85,57.28,26.24,19.71,100.85,6.09,112.95,28.87,25.43,55.88,59.12,13.61,3.89,78.38,26.1,4.4,53.7,26.91,6.18,37.58,5.57,28.89,49.28,8.06,23.7,18.96,8.21,44.65,12.69,20.1,9.75,115.24,10.26,318.78,34.54,24.67,5.09,8.07,17.55,41.95,6.87,30.26,26.05,36.9,20.85,11.01,22.25,5.15,284.09,222.0,6.65,146.7,15.36,46.9,59.52,3.45,22.63,15.57,34.58,4.76,3.47,36.43,55.21,45.52,139.4,23.08,7.74,41.8,74.2,45.18,2.07,22.59,10.94,6.61,7.23,52.55,48.49,95.35
2024-11-13,282.0,141.98,57.19,16.0,1578.5,37.82,73.4,474.0,56.56,27.39,468.0,242.5,41.59,18.15,32.92,96.31,99.14,6.04,26.47,30.02,28.18,300.57,75.39,131.51,22.17,4.55,49.35,20.48,4.66,8.97,43.92,133.62,42.49,7.09,30.01,7.67,38.8,45.23,37.1,8.07,5.57,13.9,79.91,153.94,206.89,89.67,39.37,9.63,82.7,18.53,61.78,32.42,11.61,44.16,19.31,35.44,36.02,23.63,44.34,14.6,5.12,11.5,40.78,156.3,25.55,6.7,95.77,286.69,14.41,17.15,7.89,4.82,7.87,57.59,26.9,20.03,105.03,6.13,114.95,28.93,25.58,57.01,58.14,13.91,3.8,78.61,26.45,4.18,54.19,25.48,6.24,37.24,5.57,29.6,54.21,8.1,23.01,18.87,8.35,45.04,12.8,20.08,10.01,113.55,10.38,318.0,35.45,25.09,5.46,8.06,17.58,44.48,6.94,30.48,25.98,36.45,20.85,11.63,22.13,5.19,313.0,223.03,6.75,145.89,15.16,47.08,59.02,3.47,22.57,15.71,36.45,4.77,3.47,36.74,54.83,45.19,140.35,23.62,7.87,42.83,74.16,45.11,2.07,22.6,10.99,6.63,7.38,52.43,47.92,96.38
2024-11-14,275.0,136.1,57.0,15.61,1573.8,38.06,73.64,469.0,54.4,27.42,449.31,235.0,40.1,18.19,32.67,92.22,96.87,6.07,24.87,30.64,27.41,294.75,71.7,126.7,21.3,4.4,48.45,20.28,4.69,9.03,43.72,125.5,41.0,7.13,29.61,7.44,37.72,43.56,36.26,8.03,5.53,13.54,78.07,153.49,205.5,89.29,39.61,9.65,76.86,18.5,59.7,31.63,11.54,43.11,19.13,33.21,35.7,23.44,43.09,14.38,4.93,11.29,39.11,148.81,24.13,6.56,95.0,276.6,14.3,16.54,7.87,4.84,7.92,57.25,26.42,18.95,103.66,6.09,109.38,27.41,25.7,52.4,54.46,14.11,3.77,79.1,26.15,4.37,51.55,25.09,6.27,36.66,5.56,29.93,52.69,7.95,22.4,18.31,8.26,44.0,12.56,19.19,9.86,110.33,10.38,317.96,34.25,24.75,5.47,7.95,17.36,41.61,6.76,29.32,25.52,34.82,20.59,11.0,21.36,5.19,303.0,221.21,6.73,144.61,14.83,46.26,56.65,3.46,22.05,15.46,34.62,4.69,3.36,34.99,52.13,45.75,137.88,22.31,7.81,39.96,72.09,43.71,1.96,22.01,10.72,6.55,7.29,52.33,46.25,91.89
2024-11-15,265.56,127.72,55.8,15.62,1559.0,37.82,72.25,453.68,52.87,27.1,422.68,212.2,39.3,18.05,31.13,89.59,94.91,6.05,23.92,30.1,25.63,290.0,68.73,121.9,20.9,4.41,47.7,19.58,4.7,8.99,43.12,115.56,38.99,7.12,29.29,7.46,36.89,41.13,35.53,8.03,5.66,13.91,76.99,151.29,184.0,85.74,40.14,9.54,72.53,18.23,58.38,31.4,11.44,42.14,18.51,32.94,35.06,23.53,43.19,14.51,4.92,11.05,37.55,140.5,23.32,6.7,89.74,270.68,13.93,16.27,7.88,4.86,7.92,57.38,26.21,18.43,105.03,6.05,105.12,26.42,25.24,49.21,50.45,13.98,3.77,76.4,25.66,4.15,49.3,23.82,6.32,36.18,5.59,29.59,53.07,7.98,21.7,18.03,8.13,42.92,12.57,18.52,9.92,107.63,10.28,272.5,33.56,24.84,5.81,7.72,16.82,38.93,6.77,28.95,26.42,33.63,19.8,10.42,20.83,5.25,287.88,216.82,6.8,144.1,14.76,46.11,54.02,3.45,22.31,15.76,35.0,4.67,3.35,33.16,50.45,44.68,135.0,21.75,7.86,37.81,70.72,41.9,1.9,21.8,10.35,6.58,7.25,50.37,41.63,88.74
2024-11-18,262.92,121.0,55.76,15.71,1559.0,37.9,71.05,448.66,51.62,27.42,423.89,211.08,38.51,18.51,30.67,86.46,92.3,6.19,23.24,27.26,25.83,288.68,66.2,123.11,20.71,4.41,47.2,19.58,4.8,9.07,42.87,112.71,37.75,7.29,28.98,7.4,36.71,39.46,35.67,8.15,5.68,13.72,76.36,149.33,186.98,81.18,41.43,9.83,71.35,17.83,57.06,30.72,11.75,41.95,18.38,32.29,35.54,23.86,40.76,14.64,4.8,10.89,36.42,132.01,22.81,6.75,85.87,267.63,13.84,16.21,8.03,5.0,8.0,56.7,26.32,18.31,104.67,6.28,102.53,25.46,24.92,46.92,47.65,13.92,4.05,76.15,26.05,4.2,47.98,23.42,6.36,36.02,5.75,28.8,48.35,7.8,21.07,17.84,8.37,42.32,12.56,18.21,9.99,104.95,10.31,266.28,32.77,24.85,5.8,7.67,16.65,37.83,6.74,28.22,24.58,32.4,19.65,9.94,20.59,5.33,272.24,212.92,6.82,142.67,13.86,45.51,53.37,3.6,21.45,15.91,31.36,4.72,3.37,32.69,49.34,44.72,132.1,21.16,8.02,37.45,69.77,41.85,1.92,21.75,10.49,6.8,7.15,49.46,37.86,85.35
2024-11-19,268.72,125.0,55.61,16.21,1541.92,37.72,71.31,461.0,52.08,27.37,435.04,215.15,38.53,18.33,31.3,88.76,94.9,6.15,23.72,27.9,26.97,287.99,68.16,127.2,20.89,4.4,47.43,19.64,4.75,9.06,42.93,115.98,38.96,7.24,28.87,7.64,36.26,40.69,36.9,8.13,5.64,13.87,77.13,148.45,188.48,85.08,41.11,9.79,77.19,17.89,58.88,31.09,11.68,42.01,18.48,32.5,35.13,23.71,41.98,14.48,4.84,10.97,37.52,134.8,23.21,6.53,88.96,269.87,13.92,16.19,8.08,4.98,7.95,57.36,26.39,18.99,103.68,6.1,104.33,26.06,24.84,48.9,52.1,13.91,4.16,76.37,26.4,4.16,50.99,24.73,6.29,36.47,5.74,28.95,47.76,7.94,21.69,17.96,8.17,42.32,12.89,18.64,9.93,106.33,10.34,289.0,32.84,25.23,5.48,7.79,16.78,41.61,6.76,29.6,24.41,34.54,19.87,10.0,21.13,5.3,278.99,209.07,6.76,141.68,13.94,45.4,55.32,3.61,21.39,16.21,32.09,4.73,3.4,33.52,50.05,44.31,137.2,22.9,8.01,41.2,70.31,42.15,1.92,22.0,10.62,6.73,7.19,49.21,38.91,88.85
2024-11-20,267.55,126.47,55.46,16.03,1544.81,37.48,71.43,475.0,52.57,27.62,433.9,213.01,38.59,18.22,31.74,88.31,93.28,6.14,24.0,27.47,26.67,288.46,67.96,126.54,21.21,4.41,50.46,19.55,4.77,9.02,42.73,120.05,38.91,7.19,29.04,7.61,36.25,42.05,37.2,8.13,5.58,13.91,76.79,149.6,187.86,83.14,41.04,9.71,77.7,17.85,59.64,31.1,11.64,42.03,18.47,32.4,35.12,23.9,41.63,14.52,4.82,10.9,37.53,138.14,23.42,6.63,88.68,275.0,13.92,16.29,8.09,4.96,7.95,57.13,26.47,19.21,103.88,6.1,103.66,25.97,24.82,48.89,52.55,13.8,4.06,76.12,26.53,4.29,50.1,24.98,6.34,38.02,5.71,28.93,49.15,7.91,21.34,17.95,8.15,42.03,12.98,18.6,10.0,105.86,10.34,284.44,32.78,25.15,5.48,7.75,16.79,43.36,6.81,29.35,25.16,34.19,19.87,10.37,21.26,5.31,288.07,210.0,6.74,142.47,14.16,45.2,57.27,3.6,21.64,16.62,32.7,4.7,3.4,36.24,50.8,44.18,143.7,23.07,8.11,41.4,70.4,42.7,1.94,22.03,10.44,6.73,7.18,50.13,40.37,89.1
2024-11-21,268.26,123.65,55.49,16.16,1545.13,37.43,70.84,514.32,52.17,27.67,433.91,216.5,39.23,18.24,31.89,88.32,93.5,6.13,23.43,26.8,27.39,286.0,67.6,128.5,21.28,4.37,50.19,19.81,4.77,9.04,42.31,114.35,38.44,7.21,29.17,7.61,36.33,40.58,36.46,8.11,5.62,14.09,76.68,149.5,194.31,82.21,41.19,9.72,78.93,17.74,60.88,30.89,11.59,42.36,18.47,32.29,35.28,24.05,41.05,14.5,4.81,10.81,37.29,133.8,23.26,6.52,87.52,272.01,13.97,16.32,8.1,4.96,7.94,57.07,26.75,18.98,103.57,6.11,102.84,25.98,24.7,49.26,52.1,13.76,3.99,77.5,26.45,4.24,50.01,24.6,6.33,37.42,5.68,28.8,50.05,7.93,21.08,18.0,8.17,42.11,13.21,18.61,10.13,104.92,10.35,293.2,32.14,25.58,5.37,7.69,16.81,42.79,6.75,29.39,24.81,33.89,19.9,10.8,21.58,5.3,313.11,208.48,6.74,141.68,14.22,45.1,56.65,3.59,21.73,16.55,32.57,4.68,3.39,36.11,50.03,44.39,138.69,24.4,8.09,41.5,70.01,42.3,1.92,22.04,10.36,6.77,7.2,50.01,39.96,89.67
2024-11-22,259.1,118.0,53.03,15.76,1507.82,36.45,70.39,492.0,49.63,27.26,422.53,209.46,37.65,17.8,30.33,84.38,88.77,6.05,22.84,25.5,25.9,278.49,63.91,123.9,20.72,4.24,48.27,19.12,4.7,8.86,41.3,110.06,36.64,7.08,28.4,7.32,35.17,38.98,35.23,8.01,5.53,13.51,73.89,144.89,190.1,80.3,39.8,9.48,74.85,17.28,58.24,30.02,11.28,40.96,17.53,30.95,33.85,23.41,38.92,14.12,4.59,10.47,35.6,132.28,23.63,6.42,83.0,263.31,13.53,15.62,8.01,4.91,7.84,56.01,25.81,18.33,103.4,5.95,98.5,24.83,23.98,47.71,48.9,13.45,3.87,76.83,26.21,4.27,48.26,23.79,6.27,36.3,5.55,28.9,48.92,7.65,20.16,17.26,7.93,41.16,13.01,17.75,9.87,99.52,10.24,279.59,31.14,25.23,5.2,7.57,16.09,41.08,6.48,28.16,24.66,32.43,19.1,10.24,21.05,5.2,305.5,199.4,6.67,136.29,13.55,43.53,54.78,3.52,20.59,16.03,31.97,4.59,3.29,37.14,49.4,41.77,134.5,23.78,7.91,39.81,67.4,41.18,1.94,21.22,9.99,6.56,7.0,47.01,39.4,85.8
2024-11-25,264.1,113.38,52.57,15.55,1498.57,36.22,70.39,489.0,49.1,27.13,418.11,203.48,36.66,17.76,29.66,83.91,86.16,6.07,22.11,25.03,25.37,283.0,63.63,118.26,20.4,4.2,47.76,18.99,4.73,8.88,40.97,104.5,35.6,7.13,28.22,7.27,35.11,37.79,34.58,8.03,5.51,13.39,73.0,143.8,191.86,81.5,40.11,9.33,79.07,17.12,58.23,29.59,11.18,40.52,17.5,30.63,33.49,23.18,37.72,13.99,4.55,10.86,35.33,125.0,23.03,6.38,83.75,261.36,13.42,15.65,8.14,4.91,7.88,54.8,25.07,18.17,103.7,5.89,96.49,24.45,24.14,46.45,48.88,13.5,3.89,76.04,26.5,4.33,48.8,22.69,6.33,36.32,5.56,28.11,48.79,7.57,19.8,17.21,7.87,42.0,12.67,17.81,9.53,97.03,10.41,280.7,30.36,24.66,5.11,7.75,16.08,42.67,6.59,28.28,23.45,32.73,18.85,10.09,20.76,5.24,293.72,197.74,6.68,136.88,13.4,43.7,54.53,3.54,20.54,15.91,31.24,4.53,3.28,34.94,47.82,40.96,130.7,24.97,8.05,40.35,68.0,40.03,1.99,21.15,10.39,6.56,6.94,46.31,40.05,84.34
2024-11-26,256.72,115.46,53.05,15.54,1509.0,36.39,70.6,485.9,49.0,27.0,409.5,205.24,37.16,17.96,29.72,83.22,85.1,6.16,22.09,24.62,25.14,281.01,63.11,118.1,20.57,4.19,48.68,18.98,4.81,8.91,41.18,104.5,36.64,7.33,28.57,7.29,35.21,38.01,34.79,8.02,5.55,13.1,72.9,144.8,189.9,80.09,39.8,9.31,76.04,17.05,57.3,29.59,11.27,40.66,17.5,30.41,33.45,23.38,37.57,13.83,4.53,10.67,35.1,127.04,22.79,6.43,84.0,266.58,13.53,15.77,8.2,4.99,7.98,55.6,24.93,17.82,105.42,5.92,97.28,24.27,23.86,45.29,48.84,13.46,3.93,75.38,26.12,4.35,46.9,22.07,6.36,36.06,5.6,28.29,47.04,7.57,19.9,17.18,7.81,42.07,12.45,18.0,9.41,96.35,10.61,284.21,31.67,24.32,5.1,7.75,16.04,40.05,6.5,28.02,23.06,31.69,18.83,9.78,20.37,5.33,285.62,201.0,6.73,136.87,13.44,44.38,53.28,3.59,21.01,16.38,31.52,4.54,3.26,34.48,47.58,41.29,130.0,23.73,8.01,38.17,67.84,40.45,1.96,21.02,10.46,6.52,6.87,46.0,38.46,85.3
2024-11-27,259.9,116.26,53.55,15.68,1519.05,36.6,71.32,534.55,49.92,27.39,415.91,211.84,39.13,18.11,30.28,85.0,88.0,6.2,22.32,26.49,26.41,281.0,66.69,123.2,21.13,4.3,49.99,19.08,4.83,8.94,42.09,104.47,37.75,7.47,28.87,7.3,35.88,38.26,36.28,8.03,5.65,13.28,74.48,147.05,190.13,81.7,40.6,9.43,78.48,17.36,59.02,30.02,11.39,40.99,17.74,31.02,33.88,23.62,38.16,13.89,4.65,11.07,35.79,128.69,22.94,6.53,86.26,269.06,13.6,16.31,8.35,5.04,8.06,56.83,25.0,18.03,106.36,5.96,99.9,24.91,24.43,46.62,50.3,14.01,3.95,77.03,26.19,4.38,48.95,22.5,6.38,36.62,5.69,28.77,48.48,7.64,21.07,17.33,7.95,41.86,12.49,18.35,9.48,98.49,10.73,316.98,33.98,24.48,5.22,8.03,16.3,41.14,6.45,28.38,24.99,32.16,19.04,9.8,20.49,5.34,300.5,202.4,6.77,138.87,13.61,44.49,53.6,3.62,22.29,16.52,32.05,4.57,3.29,37.6,49.48,42.31,132.94,25.01,8.11,38.68,68.68,41.29,1.93,21.2,11.34,6.6,6.97,46.92,39.24,87.32
2024-11-28,254.7,111.88,53.17,15.53,1518.0,36.47,70.19,546.03,49.4,27.43,412.97,210.78,38.2,18.03,29.87,85.24,87.08,6.19,21.85,25.48,25.78,274.58,66.52,126.0,21.06,4.26,49.7,18.77,4.85,8.94,41.6,101.27,36.8,7.43,28.51,7.15,35.27,36.8,36.34,8.03,5.73,13.19,73.91,144.0,195.6,80.32,40.27,9.44,81.74,17.29,58.3,29.8,11.34,40.5,17.68,30.74,33.42,23.36,38.37,13.57,4.58,11.33,35.23,124.79,22.53,6.44,88.87,260.01,13.49,15.92,8.12,5.03,8.04,56.61,24.61,17.66,106.05,5.97,98.01,24.94,24.39,47.21,49.36,14.06,3.94,75.93,26.02,4.41,47.98,22.12,6.4,35.51,5.69,28.2,47.82,7.52,20.69,17.19,7.88,41.05,12.34,18.27,9.42,97.2,10.61,306.01,33.05,24.2,5.12,8.15,16.15,40.99,6.29,28.07,24.84,31.71,18.85,9.98,20.1,5.31,295.2,200.73,6.81,136.14,13.48,44.05,52.9,3.62,22.09,16.05,31.6,4.55,3.26,36.7,48.79,41.62,129.83,24.35,8.22,37.84,68.28,40.97,1.93,20.86,10.96,6.62,6.82,46.55,39.4,86.64
2024-11-29,261.24,114.95,53.25,15.7,1525.74,36.34,70.13,561.0,50.14,27.32,415.68,222.0,38.68,18.05,30.75,85.78,90.1,6.15,22.19,25.64,27.26,274.83,67.38,125.81,21.06,4.3,50.69,18.93,4.81,9.05,42.08,103.28,37.32,7.33,28.58,7.28,35.32,40.56,36.55,8.04,5.73,13.42,74.29,146.77,199.31,81.28,39.96,9.46,84.8,17.48,60.3,30.08,11.38,40.73,17.97,31.16,33.9,23.35,38.98,13.59,4.68,11.35,35.71,126.73,22.85,6.47,88.26,260.49,13.6,15.88,8.2,5.01,7.98,56.0,24.68,17.86,106.38,5.98,98.86,25.35,24.67,47.8,51.93,14.15,3.96,77.89,26.18,4.39,48.68,23.2,6.36,35.22,5.72,28.33,51.31,7.52,20.65,17.34,7.93,41.22,12.53,18.5,9.43,98.64,10.57,335.67,33.56,24.46,5.15,8.09,16.44,42.05,6.31,28.76,25.48,32.34,19.16,10.56,20.75,5.3,294.74,203.69,6.81,138.73,13.63,45.14,53.06,3.6,22.37,16.15,33.18,4.56,3.3,37.33,49.49,42.1,131.15,24.69,8.32,38.18,69.55,41.88,1.92,21.05,11.16,6.62,6.9,47.36,40.13,87.75
2024-12-02,262.19,120.71,54.01,15.56,1525.0,36.51,70.08,562.0,51.22,27.61,421.99,220.0,40.56,18.19,31.27,84.78,89.49,6.13,22.56,26.66,27.46,282.4,69.13,126.89,21.26,4.32,50.45,19.15,4.82,8.76,42.04,110.9,38.1,7.24,28.82,7.48,36.24,42.58,36.82,8.02,6.03,13.63,75.39,147.4,198.0,81.83,39.61,9.49,83.8,17.34,62.98,30.23,11.39,40.96,18.17,31.6,34.6,23.52,40.19,13.9,4.72,11.61,36.47,132.03,23.35,6.49,89.04,263.21,13.34,16.27,8.11,5.01,7.94,56.66,24.64,17.83,105.47,6.03,101.88,25.48,24.51,48.03,52.24,14.1,3.98,79.04,26.28,4.35,49.26,24.49,6.31,35.34,5.63,28.65,51.15,7.59,21.71,17.42,8.16,41.19,12.54,18.43,9.5,101.0,10.45,326.94,35.09,24.49,5.15,8.24,16.66,42.07,6.33,28.42,26.1,32.81,19.35,10.77,20.81,5.37,294.69,201.47,6.81,139.02,13.76,47.05,54.09,3.6,22.84,16.01,34.6,4.61,3.47,36.56,49.8,42.51,140.0,24.17,7.81,38.19,72.62,41.8,1.98,21.34,11.18,6.78,6.98,48.21,40.65,89.16
2024-12-03,261.84,118.53,54.43,15.61,1526.74,37.12,69.85,569.99,52.32,27.95,405.41,212.89,40.31,18.45,31.08,83.72,87.23,6.21,22.24,26.74,27.36,282.65,68.34,125.37,21.24,4.31,49.63,19.26,4.89,8.9,42.35,109.61,38.11,7.35,29.26,7.46,35.88,42.05,36.4,8.1,6.21,13.54,75.06,146.99,189.91,83.11,40.23,9.65,77.85,17.09,62.35,29.99,11.49,40.93,18.24,31.14,35.5,24.07,39.73,14.24,4.69,11.64,36.15,130.0,23.46,6.53,88.62,260.71,13.22,16.77,8.4,5.09,8.07,57.2,25.02,17.62,106.96,6.09,99.11,25.0,24.64,46.5,52.85,14.18,4.04,78.91,26.9,4.22,48.7,24.15,6.35,34.87,5.71,28.96,49.88,7.59,21.69,17.53,8.25,41.09,12.62,18.48,9.79,98.78,10.63,331.14,35.18,24.44,5.17,8.15,16.74,41.41,6.37,28.48,25.61,32.35,19.4,10.43,20.67,5.48,290.4,200.16,6.9,138.18,13.63,47.2,52.78,3.69,22.81,15.72,33.69,4.62,3.47,35.9,48.55,43.1,140.0,23.39,7.98,37.67,71.63,41.62,1.97,21.4,11.32,6.82,7.02,48.77,40.38,88.89
2024-12-04,258.97,117.33,53.93,15.8,1520.0,36.81,71.49,552.6,51.48,28.45,402.55,213.71,39.59,18.42,30.8,85.87,87.67,6.26,21.88,26.09,26.93,279.98,67.83,128.89,21.2,4.26,49.4,18.97,4.91,8.92,42.63,106.35,37.5,7.36,29.11,7.52,35.82,42.0,36.05,8.44,6.2,13.58,73.4,145.73,187.1,79.91,42.1,9.75,78.0,16.91,62.24,29.67,11.46,40.36,18.1,30.79,35.03,24.92,39.3,14.19,4.61,11.49,35.58,128.02,23.51,6.66,88.31,259.56,13.07,16.35,8.49,5.11,8.19,57.28,24.89,17.44,108.1,6.06,98.0,24.59,24.54,46.12,51.21,14.28,4.05,77.86,27.49,4.13,47.93,24.8,6.48,35.43,5.72,29.1,49.88,7.64,21.4,17.22,8.2,40.51,12.65,17.93,9.83,98.34,10.61,331.31,33.99,24.42,5.19,8.04,16.68,40.09,6.38,28.21,25.08,31.9,19.38,10.22,20.63,5.48,287.3,199.63,6.93,137.1,13.94,46.6,53.64,3.71,22.47,15.8,33.08,4.58,3.46,36.16,47.71,42.5,139.39,22.59,7.96,37.0,70.07,41.36,1.97,21.39,11.19,6.82,7.0,48.47,39.37,90.68
2024-12-05,256.0,121.08,53.68,15.48,1511.0,36.91,71.72,570.12,51.41,28.3,399.0,212.47,39.37,18.26,30.9,85.08,87.0,6.26,22.54,26.26,27.48,275.26,68.3,128.02,21.12,4.26,48.95,19.11,4.92,8.89,42.32,108.02,38.41,7.31,28.84,7.37,35.52,43.67,36.06,8.29,6.21,13.49,72.33,145.03,183.8,78.9,41.92,9.64,75.95,16.82,61.99,29.72,11.44,40.44,18.13,30.77,34.44,24.95,39.31,14.06,4.6,11.53,36.96,131.84,23.08,6.62,87.72,255.0,12.94,15.95,8.5,5.08,8.23,56.05,24.58,17.49,107.45,6.02,98.35,24.83,24.53,46.26,50.37,14.26,4.02,74.46,27.04,4.19,47.67,24.7,6.39,34.34,5.71,28.58,51.3,7.54,21.15,17.17,8.23,40.22,12.52,17.94,9.79,97.72,10.57,344.48,33.47,24.19,5.17,8.02,16.77,39.87,6.31,27.63,25.02,31.86,19.54,10.25,20.43,5.48,302.0,198.77,6.88,136.3,13.89,46.18,53.59,3.68,22.2,15.73,33.97,4.56,3.45,36.04,48.14,42.14,139.7,22.55,8.09,37.12,69.9,41.84,1.97,21.17,11.0,6.83,7.09,48.0,40.8,90.73
2024-12-06,266.55,120.9,55.12,15.69,1521.01,37.7,72.85,553.6,55.22,28.18,405.59,216.09,40.21,18.49,31.24,85.98,88.93,6.32,22.6,27.35,27.84,280.28,70.18,129.81,22.76,4.31,49.53,19.28,4.95,9.05,42.27,108.72,38.53,7.37,29.24,7.42,35.55,43.6,36.77,8.32,6.25,13.6,73.63,146.44,184.02,80.69,42.34,9.7,76.99,16.89,62.17,30.64,11.66,40.41,18.63,31.3,35.7,24.79,39.56,14.14,4.71,11.83,37.4,131.51,23.17,6.63,89.67,262.81,13.07,15.92,8.5,5.1,8.27,56.08,24.86,17.8,107.22,6.06,99.69,25.24,24.91,47.84,51.4,14.32,4.06,75.6,27.0,4.21,49.1,24.86,6.41,35.63,5.8,29.24,51.82,7.64,21.95,17.28,8.28,40.58,12.52,17.85,9.92,99.35,10.58,342.01,34.97,24.28,5.2,7.98,16.92,40.29,6.37,27.85,25.72,32.62,19.74,10.22,20.54,5.54,300.03,200.01,6.94,138.21,14.04,46.52,54.81,3.73,22.22,15.88,33.99,4.61,3.49,35.81,48.47,43.76,140.11,22.99,8.12,37.94,70.56,41.75,2.05,21.44,10.99,6.92,7.03,51.21,41.6,94.38
2024-12-09,268.05,116.0,54.83,15.88,1518.8,37.7,73.13,539.0,58.98,28.41,397.8,214.04,39.88,18.54,31.12,83.32,86.78,6.32,22.13,26.91,27.54,280.49,68.82,128.99,22.17,4.29,49.38,18.98,5.01,9.16,42.35,105.6,37.97,7.4,28.82,7.39,35.6,43.15,37.96,8.43,6.36,13.57,73.17,145.76,180.96,78.77,42.5,9.66,74.99,16.86,62.52,31.27,11.67,39.55,18.43,31.06,35.35,24.58,38.63,14.15,4.75,12.15,37.42,125.1,22.88,6.73,88.84,259.85,12.93,15.88,8.65,5.15,8.25,56.34,24.92,17.6,107.29,6.1,99.04,24.86,24.82,46.9,49.5,14.25,4.07,76.1,27.24,4.3,49.9,25.48,6.47,35.29,5.87,29.4,52.68,7.64,21.7,16.99,8.37,40.83,12.8,17.63,9.99,98.54,10.57,330.31,34.78,24.86,5.35,8.07,16.72,39.53,6.41,27.92,25.92,32.43,19.58,10.15,20.85,5.55,312.6,200.48,6.94,137.88,13.84,46.27,57.19,3.74,22.3,16.58,35.0,4.62,3.5,34.67,47.65,44.07,141.0,22.76,8.07,37.3,69.29,40.27,2.03,21.35,10.94,6.95,6.88,52.33,41.49,94.36
2024-12-10,270.57,116.85,55.62,16.06,1546.59,38.6,73.84,538.43,57.97,28.02,398.35,217.02,40.89,18.68,31.48,83.69,88.0,6.42,22.14,28.4,28.0,282.55,68.39,130.3,22.82,4.35,48.13,19.11,5.05,9.24,42.98,103.66,36.65,7.5,29.52,7.4,35.61,42.6,37.73,8.36,6.32,13.58,74.38,149.1,180.15,78.51,42.54,9.8,74.94,16.91,62.79,31.97,11.79,39.75,18.55,31.13,36.11,24.61,38.55,14.09,4.91,12.05,37.45,123.15,22.96,6.7,88.36,262.98,13.08,15.77,8.74,5.21,8.37,56.6,24.91,17.62,106.9,6.12,98.9,24.98,25.34,47.09,49.92,14.29,4.09,75.57,27.03,4.29,49.2,25.22,6.44,35.35,5.91,29.72,54.51,7.67,22.13,17.23,8.42,41.34,12.74,17.62,9.91,98.89,10.57,327.0,35.86,24.69,5.3,8.07,16.9,38.95,6.37,27.81,26.33,32.4,20.1,10.09,20.78,5.59,319.24,205.02,6.9,141.69,14.06,47.43,58.9,3.75,22.81,16.5,35.21,4.6,3.5,33.5,48.14,44.23,139.21,22.38,8.14,37.19,70.65,40.68,2.1,21.43,10.83,6.91,7.05,53.22,41.52,92.83
2024-12-11,267.1,123.91,54.9,16.12,1535.6,38.3,75.1,544.8,57.69,28.17,390.86,205.8,41.25,18.55,31.34,84.21,86.82,6.31,22.33,29.04,27.65,280.77,68.89,124.38,22.58,4.39,48.15,19.16,4.97,9.17,43.31,105.57,36.79,7.33,29.77,7.5,35.48,44.24,38.03,8.45,6.22,13.66,74.9,149.4,175.15,78.87,43.38,9.63,73.72,16.96,61.57,31.51,11.73,40.57,18.44,31.15,35.2,25.25,38.46,14.22,5.12,11.93,38.8,125.13,23.02,6.72,88.99,262.3,13.05,15.8,8.67,5.13,8.21,57.35,24.95,17.51,106.58,6.11,99.03,25.14,24.6,47.1,50.75,14.22,4.06,73.0,27.23,4.34,48.1,24.98,6.44,35.16,5.82,29.45,53.21,7.88,22.43,17.45,8.38,41.04,12.9,17.69,9.87,99.95,10.52,318.03,36.1,24.85,5.29,8.16,16.83,38.84,6.48,28.13,27.55,32.36,19.91,10.11,21.1,5.47,333.01,204.88,6.88,141.3,14.94,47.85,57.2,3.69,22.7,16.15,40.0,4.61,3.58,33.64,48.49,43.26,141.2,22.15,8.13,37.16,71.85,40.5,2.11,21.74,10.87,6.99,6.99,51.68,41.43,91.63
2024-12-12,273.71,129.97,55.58,16.24,1565.8,38.8,75.56,576.99,57.09,28.4,397.96,205.9,41.37,18.75,31.66,84.53,87.17,6.42,22.34,28.88,27.91,283.68,68.7,126.8,22.74,4.39,48.04,19.43,5.03,9.32,43.46,109.2,37.17,7.45,30.23,7.5,35.63,44.23,38.04,8.45,6.37,13.79,76.35,151.82,173.71,79.1,43.11,9.82,74.79,17.02,61.25,31.58,11.85,41.31,18.61,31.28,35.59,25.18,38.58,14.51,5.05,11.93,38.47,130.17,22.96,6.82,88.46,269.28,13.03,15.84,8.64,5.2,8.31,58.28,25.05,17.47,107.7,6.14,99.52,25.26,24.84,47.18,49.94,14.31,4.14,73.6,27.36,4.52,48.45,25.12,6.46,35.13,5.89,29.62,52.33,7.85,22.31,17.75,8.35,42.18,13.06,17.78,9.8,100.16,10.62,323.6,36.36,25.03,5.33,8.2,16.97,39.62,6.48,28.75,27.4,32.5,20.16,10.17,21.18,5.54,322.5,209.98,6.91,144.91,14.97,48.43,56.38,3.78,22.61,16.27,43.57,4.63,3.58,34.64,50.51,44.15,139.03,22.27,8.23,37.6,73.81,41.23,2.06,21.92,10.98,6.89,7.04,52.49,42.73,90.67
2024-12-13,267.03,129.24,53.74,15.57,1519.0,37.3,74.0,568.0,56.5,28.72,386.48,200.51,40.58,18.15,30.42,92.98,82.99,6.39,21.35,27.68,26.41,276.51,68.02,123.81,22.29,4.36,46.59,19.01,5.0,9.14,43.0,104.65,37.9,7.31,29.25,7.22,34.7,43.69,38.21,8.28,6.16,13.42,74.75,148.04,171.5,76.47,42.6,9.66,71.93,16.56,60.5,30.81,11.56,40.34,18.03,30.55,34.44,24.61,38.0,14.27,5.01,11.7,37.67,127.1,22.38,6.79,91.45,259.17,12.82,15.62,8.41,5.18,8.3,57.84,24.46,16.76,108.79,5.95,99.68,24.56,24.33,45.76,48.25,14.13,4.06,72.5,27.03,4.54,46.9,24.16,6.36,34.79,5.87,28.4,50.97,7.6,21.98,17.44,8.03,41.54,12.71,17.02,9.68,98.66,10.5,306.9,35.96,24.42,5.22,8.18,16.56,38.22,6.26,27.68,26.69,31.47,19.63,9.9,20.54,5.41,313.81,199.44,6.88,137.79,14.84,47.18,54.98,3.72,22.13,15.8,48.11,4.54,3.45,33.83,48.59,42.15,133.5,22.13,7.93,36.4,71.3,40.2,2.01,21.26,10.81,6.75,6.95,49.88,41.2,88.25
2024-12-16,267.2,132.18,53.12,15.35,1527.2,37.74,73.22,575.25,56.21,29.28,378.45,192.0,39.78,18.22,30.03,96.66,81.5,6.53,21.06,27.04,25.75,274.95,68.95,123.42,23.6,4.3,46.07,18.87,5.11,9.2,42.88,100.51,37.8,7.42,29.2,7.13,34.79,43.8,37.53,8.45,6.23,13.17,73.52,144.59,164.2,75.66,43.45,9.64,71.39,16.38,59.9,30.4,11.57,39.93,17.77,31.35,33.81,24.93,37.84,14.68,4.97,11.68,37.95,122.8,22.07,6.98,88.06,253.7,12.59,15.46,8.62,5.26,8.45,57.33,24.08,16.54,112.15,5.91,102.16,24.98,23.92,45.6,50.1,14.17,4.07,71.94,27.7,4.69,46.7,23.77,6.45,33.98,5.93,28.21,50.5,7.45,21.99,17.17,8.0,40.2,12.46,16.86,9.98,97.61,10.51,298.15,35.79,23.7,5.25,7.94,16.4,37.28,6.25,27.12,26.06,30.45,19.3,9.87,20.28,5.5,310.6,194.89,6.96,132.6,14.68,46.73,53.44,3.73,21.58,15.83,45.58,4.55,3.45,33.69,49.44,41.35,134.34,21.28,8.23,35.21,71.8,39.91,1.98,20.97,10.68,6.79,6.9,49.53,41.67,87.11
2024-12-17,273.8,133.7,53.01,15.45,1558.0,37.85,73.67,570.0,55.5,29.27,382.92,190.9,40.3,18.36,30.23,93.68,82.19,6.51,21.6,27.52,25.88,282.8,66.87,121.81,24.53,4.33,46.5,18.77,5.1,9.27,43.0,98.76,39.11,7.39,29.61,7.07,35.87,45.2,37.32,8.48,6.19,13.24,75.11,144.89,163.97,75.23,42.8,9.53,71.45,16.5,59.22,30.5,11.53,39.82,17.88,33.16,33.72,25.3,37.74,14.94,5.01,11.61,37.81,125.99,22.03,6.98,87.87,253.0,12.67,15.5,8.6,5.28,8.49,58.8,24.51,16.53,111.28,5.91,110.51,25.6,23.82,45.78,48.1,14.19,4.02,70.77,27.71,4.57,47.12,23.65,6.44,33.76,5.86,28.39,49.94,7.39,22.05,17.07,8.16,40.39,12.39,16.68,10.05,97.5,10.5,299.46,36.41,23.57,5.24,8.05,16.38,36.98,6.31,27.11,25.9,30.51,19.4,9.72,20.21,5.48,310.14,195.33,6.88,132.0,14.39,46.8,53.55,3.68,21.48,15.66,44.8,4.51,3.4,33.07,49.35,41.55,130.7,21.51,8.26,34.71,70.97,39.77,1.95,21.0,10.66,6.86,6.9,49.37,40.4,87.28
2024-12-18,271.41,128.53,52.94,15.49,1571.5,38.52,74.1,617.55,56.1,29.42,395.55,194.3,40.06,18.6,30.29,103.05,83.4,6.59,21.41,27.56,25.81,284.65,68.8,121.2,24.45,4.38,46.59,18.78,5.1,9.39,43.45,98.31,38.92,7.52,29.61,6.99,36.07,44.08,38.06,8.51,6.19,13.26,74.71,145.2,166.55,75.44,43.06,9.54,71.89,16.48,59.31,31.0,11.65,39.5,17.94,34.56,33.88,25.18,38.19,14.98,5.05,11.64,37.95,123.43,22.09,7.01,92.0,252.12,12.66,15.54,8.85,5.28,8.55,58.96,24.55,16.6,113.98,5.96,110.17,26.02,23.9,46.54,50.86,14.4,4.07,71.7,27.72,4.72,46.8,23.56,6.51,33.98,5.96,28.38,50.6,7.38,22.15,17.02,8.24,40.1,12.38,16.63,10.02,101.06,10.53,297.96,36.23,23.6,5.32,7.88,16.3,36.68,6.41,27.17,26.52,30.22,19.45,9.81,19.84,5.51,313.98,195.21,6.86,131.5,14.41,47.4,52.99,3.77,21.75,15.5,47.19,4.54,3.36,33.02,50.0,41.64,132.11,21.42,8.47,34.66,70.63,40.02,1.98,20.88,10.63,7.02,6.95,49.65,40.3,87.72
2024-12-19,269.79,127.75,52.89,15.32,1551.01,38.02,74.44,636.02,55.91,29.26,399.9,194.88,41.67,18.54,30.33,112.15,85.44,6.49,22.19,29.42,25.85,285.4,70.79,128.78,24.69,4.43,46.54,18.76,5.04,9.3,43.65,98.93,39.4,7.49,29.37,7.01,36.25,44.44,38.27,8.42,6.14,13.25,74.26,143.55,164.4,75.27,42.61,9.53,76.26,16.49,59.83,31.04,11.59,39.53,17.97,37.8,33.58,24.54,38.87,14.8,5.17,11.58,40.6,127.04,22.2,7.09,93.32,252.5,12.69,15.54,8.76,5.23,8.48,60.55,25.08,16.89,113.85,5.97,117.97,27.59,23.74,51.19,52.87,14.21,4.03,72.22,27.56,4.96,46.96,24.14,6.46,33.46,5.9,28.5,51.59,7.39,22.72,16.98,8.14,41.22,12.1,16.62,9.93,103.27,10.51,305.0,38.41,23.55,5.36,7.91,16.36,36.43,6.32,27.07,27.43,30.14,19.37,9.83,19.84,5.43,309.16,193.23,6.86,129.97,14.48,46.93,53.0,3.72,22.75,15.58,56.63,4.49,3.32,35.87,49.64,41.77,128.61,21.03,8.34,34.48,70.03,39.98,1.96,20.86,10.78,6.89,6.92,49.46,41.7,87.18
2024-12-20,262.71,128.65,52.62,15.02,1522.0,37.91,74.0,675.95,55.79,29.2,414.2,196.85,41.28,18.52,30.34,113.2,94.28,6.53,22.02,29.75,26.11,280.2,72.52,131.06,24.74,4.39,46.25,18.76,5.04,9.36,43.26,98.67,39.07,7.5,29.2,6.85,35.67,44.74,38.83,8.34,6.06,13.25,73.69,143.21,168.56,74.09,41.34,9.58,75.54,16.12,59.45,30.88,11.62,38.93,17.9,37.38,33.0,23.64,39.98,14.48,5.07,11.5,40.77,127.1,22.05,7.05,95.26,250.26,12.61,15.4,8.66,5.26,8.48,59.51,24.85,16.68,111.4,5.91,117.32,27.07,23.5,51.56,55.82,14.21,4.03,70.85,27.4,4.92,46.86,23.83,6.38,33.08,5.86,28.16,51.75,7.28,22.74,16.84,8.08,40.25,11.96,16.34,9.75,104.01,10.47,305.83,37.35,23.25,5.27,7.44,16.32,37.1,6.2,27.08,28.27,30.35,19.34,9.8,20.02,5.42,303.1,192.5,6.83,130.32,14.07,46.65,53.12,3.7,22.91,15.4,57.2,4.47,3.28,36.91,50.09,41.43,124.59,21.25,8.26,34.84,69.42,40.03,1.95,20.58,10.78,6.78,6.92,49.64,43.98,89.85
2024-12-23,263.5,124.65,53.1,15.51,1526.45,38.35,74.61,648.75,56.26,29.57,403.5,197.0,40.46,18.82,29.92,107.25,95.18,6.7,22.05,28.92,25.9,280.7,70.92,136.7,24.1,4.36,45.85,18.64,5.19,9.42,44.49,98.23,38.17,7.68,29.6,6.91,36.18,43.18,37.68,8.58,6.14,13.78,74.13,142.45,170.01,74.99,41.78,9.93,76.78,16.32,58.5,30.72,11.73,39.07,17.91,36.15,33.09,23.59,39.03,14.69,5.14,11.57,40.0,132.59,21.8,7.06,93.95,253.81,12.51,15.07,8.81,5.36,8.62,59.81,24.72,16.54,113.85,6.0,118.55,27.2,24.08,50.85,53.4,14.39,4.07,71.65,28.45,4.84,45.89,23.07,6.54,33.21,5.93,28.69,50.24,7.29,22.17,16.78,8.09,40.65,12.0,16.24,10.33,101.89,10.58,303.94,37.12,23.44,5.31,7.57,16.25,36.5,6.29,26.99,26.86,29.88,19.24,9.79,19.86,5.59,292.35,188.4,6.86,129.76,14.17,46.68,52.31,3.76,24.0,15.64,59.58,4.45,3.29,36.41,48.49,41.54,125.01,21.1,8.3,34.28,68.7,39.3,1.9,20.79,10.69,6.99,6.88,49.9,43.96,87.9
2024-12-24,268.23,122.0,53.78,15.63,1538.82,39.22,76.25,659.3,56.45,29.81,408.5,199.88,41.4,18.98,30.32,108.0,96.86,6.78,23.0,30.41,26.29,288.42,72.18,140.75,24.16,4.4,46.33,18.95,5.25,9.57,45.58,99.11,39.28,7.73,30.1,6.99,36.12,43.68,39.84,8.78,6.16,13.77,74.89,143.48,170.1,78.53,41.74,10.13,76.98,16.41,59.3,30.74,11.86,39.33,18.35,36.81,33.86,23.27,39.24,15.07,5.19,11.65,39.97,131.61,21.92,7.09,96.5,254.97,12.62,15.11,8.91,5.43,8.78,60.18,25.24,16.84,114.89,6.02,121.9,27.27,24.23,53.88,54.61,14.53,4.1,74.0,28.75,4.77,46.0,23.25,6.61,34.61,6.05,29.15,50.28,7.43,22.48,16.9,8.38,41.2,12.05,16.39,10.36,102.79,10.69,310.1,37.67,23.27,5.35,7.71,16.47,37.23,6.53,27.75,26.86,30.3,19.62,9.75,20.08,5.63,295.5,189.52,6.86,130.12,14.34,47.44,52.51,3.8,24.15,16.17,56.38,4.48,3.33,36.96,48.58,42.48,127.05,21.06,8.43,34.7,69.43,39.75,1.92,20.96,10.9,7.02,7.13,51.09,44.12,89.05
2024-12-25,267.97,122.0,53.9,15.52,1530.0,39.4,75.54,662.1,55.64,29.79,406.2,196.0,41.07,19.19,30.09,109.76,97.99,6.94,22.72,30.31,26.1,285.92,72.41,156.6,24.36,4.38,46.62,19.01,5.31,9.72,45.44,100.5,38.6,7.74,29.93,6.89,35.95,44.19,39.34,9.02,6.24,14.0,73.31,143.08,163.77,77.9,42.9,10.35,78.8,16.4,59.48,31.25,11.92,39.07,18.25,38.09,34.0,23.45,38.93,15.05,5.12,11.6,40.03,134.99,21.55,7.21,92.78,256.55,12.7,14.75,8.98,5.51,8.88,61.49,25.0,16.45,115.59,6.06,121.6,27.63,24.52,53.86,52.43,14.73,4.12,72.99,29.04,4.91,44.82,23.19,6.76,34.67,6.2,28.61,49.87,7.38,22.07,16.85,8.37,40.7,11.99,16.36,10.3,101.29,10.81,311.96,37.55,23.07,5.44,7.7,16.48,36.17,6.49,28.13,27.09,29.71,19.58,9.53,19.8,5.66,288.33,188.88,6.92,129.55,14.37,46.93,52.41,3.83,24.09,16.31,55.25,4.51,3.31,37.4,48.17,42.7,130.35,20.42,8.48,33.92,69.2,40.47,1.89,20.98,10.64,7.11,7.03,51.3,44.15,86.3
2024-12-26,261.25,128.93,53.45,15.62,1527.79,39.48,75.98,651.24,55.51,29.32,405.28,195.91,42.32,19.22,30.15,115.0,96.73,6.93,23.33,31.66,26.07,284.86,79.99,159.18,25.82,4.38,46.11,18.91,5.3,9.77,45.44,107.99,41.12,7.7,29.97,6.95,35.8,48.15,39.95,8.97,6.19,13.91,73.08,142.49,163.22,78.0,42.13,10.34,79.01,16.7,60.08,31.5,11.86,38.92,18.09,40.99,34.01,22.97,39.93,15.1,5.17,11.51,43.15,140.8,21.67,7.23,96.16,254.27,12.84,14.77,9.07,5.5,8.83,61.07,25.06,16.47,114.38,6.02,128.56,28.76,24.18,55.05,61.07,14.65,4.08,73.25,28.83,5.1,47.06,25.0,6.67,35.0,6.2,28.47,50.8,7.44,22.17,16.75,8.25,40.35,12.19,16.19,10.19,106.01,10.68,306.87,38.7,23.11,5.39,7.69,16.46,36.02,6.42,27.99,28.38,29.93,19.47,9.74,19.8,5.62,298.7,188.93,6.76,129.29,14.2,46.47,54.2,3.81,24.16,16.47,56.83,4.45,3.29,41.14,49.6,42.7,127.36,20.22,8.48,34.0,69.07,40.89,1.89,20.96,10.59,6.99,7.06,50.97,45.2,87.12
2024-12-27,262.0,129.42,53.27,15.3,1528.97,39.34,75.42,652.1,54.79,29.61,412.3,197.35,41.35,19.35,30.22,111.96,97.51,6.92,22.61,30.71,26.55,286.28,75.48,155.05,25.4,4.34,46.1,18.95,5.31,9.71,45.06,105.6,41.02,7.71,30.15,6.82,36.44,48.2,39.1,8.92,6.23,13.88,72.99,142.52,163.06,75.68,42.19,10.36,74.84,16.63,59.39,31.06,11.83,39.36,18.13,40.08,34.1,22.79,40.45,15.2,5.16,11.49,42.98,136.85,21.64,7.17,93.4,258.23,12.8,14.76,9.06,5.48,8.77,61.64,25.07,16.4,114.6,6.04,127.68,28.96,24.01,53.43,58.7,14.65,4.1,72.97,28.88,5.06,47.03,24.57,6.65,35.9,6.15,28.43,49.96,7.28,21.96,16.96,8.35,40.65,12.13,16.15,10.38,105.7,10.62,308.98,37.09,23.16,5.37,7.67,16.6,35.96,6.47,27.73,26.98,30.07,19.56,9.68,19.77,5.59,304.16,187.79,6.8,129.55,13.75,46.73,52.99,3.82,23.4,16.28,54.5,4.45,3.31,40.48,50.46,42.52,126.91,20.29,8.5,34.13,68.88,41.19,1.92,20.95,10.39,7.04,6.87,50.59,48.05,86.6
2024-12-30,266.58,120.44,53.9,15.54,1525.0,39.62,75.32,683.5,56.1,29.41,406.97,198.0,41.65,19.55,30.51,113.82,99.29,6.95,22.45,30.89,27.16,284.99,71.19,154.0,25.12,4.45,46.14,19.17,5.37,9.9,45.57,95.89,40.78,7.82,30.08,6.81,36.44,46.37,38.89,9.0,6.28,13.9,72.85,141.21,160.38,75.09,42.78,10.47,74.04,16.68,60.08,31.02,11.95,38.67,18.25,40.8,34.63,23.34,42.97,15.7,5.19,11.38,44.7,131.18,21.78,7.26,91.38,258.79,12.99,14.55,9.23,5.53,8.8,62.14,25.1,16.45,116.36,6.08,129.9,29.19,24.51,53.07,58.02,14.81,4.19,73.5,29.5,5.14,48.55,24.19,6.72,37.0,6.26,28.24,50.1,7.48,22.42,16.72,8.37,40.87,12.1,16.24,10.27,108.0,10.79,308.1,37.41,22.97,5.41,7.79,16.9,36.38,6.52,27.9,27.25,30.16,19.84,9.55,19.72,5.7,295.4,185.93,6.81,126.86,13.92,46.35,53.4,3.91,23.87,16.85,53.93,4.42,3.31,40.75,50.1,43.03,126.25,20.37,8.6,34.38,68.26,40.85,1.9,21.14,10.51,7.04,6.93,51.99,48.14,84.68
2024-12-31,266.0,115.58,52.65,15.12,1524.0,39.3,75.22,658.0,55.04,29.55,391.0,189.16,40.76,19.16,29.17,106.8,94.62,6.92,21.5,29.2,25.82,282.66,67.9,149.79,24.05,4.39,45.9,18.65,5.34,9.82,45.45,91.36,39.65,7.77,30.18,6.65,35.96,42.09,38.51,8.94,6.16,13.7,71.35,140.04,153.67,73.83,43.48,10.29,72.32,16.48,58.58,30.7,11.7,38.44,17.59,40.4,34.08,23.26,40.86,15.5,5.03,11.39,43.3,123.51,21.22,7.22,86.0,255.0,12.74,14.32,9.15,5.51,8.79,62.4,25.22,16.46,118.16,6.0,125.0,27.83,24.31,51.88,52.43,14.61,4.13,72.7,29.51,5.14,46.74,23.51,6.68,36.99,6.15,28.47,48.32,7.35,21.9,16.51,8.38,40.3,12.03,15.71,10.43,104.41,10.65,287.5,36.48,22.63,5.31,7.93,16.21,35.01,6.41,27.73,25.81,29.26,19.16,9.21,19.27,5.68,286.39,184.21,6.78,125.2,13.53,45.9,52.77,3.87,24.12,16.84,51.96,4.37,3.23,40.4,50.72,41.92,126.4,19.72,8.51,33.0,67.01,41.45,1.86,20.64,10.33,7.0,7.03,49.7,47.8,81.78
