date,300750,300502,601318,601899,600519,600036,000333,603259,600900,002371,688012,002475,601166,600030,603986,601398,601138,002384,300059,002594,688008,600183,000725,600276,601211,601288,600919,000651,300394,002463,601328,600887,603993,600150,300476,300408,601857,000338,600309,000858,300274,601088,600000,603019,600031,300124,002415,000001,002714,601688,000063,601601,601225,600584,601919,000100,600176,000988,300308,600111,300760,600089,600522,601229,601988,601939,600660,600406,000792,601668,002916,000938,002142,000977,600926,600016,002028,002602,300014,002050,600028,002353,601169,600690,002230,601600,300433,300498,601766,002352,600489,601012,601985,603501,601009,300033,002938,600547,600050,000425,000776,002460,601872,000408,002241,603799,600999,000657,600549,601658,688111,600809,601006,000568,000807,603288,601100,601818,600160,600989,300442,000630,002837,600760,601628,002709,002466,601888,600893,600010,600362,002202,600019,002027,601336,002625,300661
2019-01-02,73.66,19.4,55.18,3.01,598.98,24.57,36.44,71.94,15.42,38.31,,14.14,14.74,,59.8,5.2,11.6,11.14,11.85,49.17,,10.01,2.58,52.97,15.4,3.52,5.94,35.8,25.4,7.19,5.67,22.48,3.71,13.26,11.16,16.18,7.16,7.56,28.44,49.94,8.68,17.77,9.7,35.89,8.05,20.2,25.65,9.19,29.01,16.22,19.56,27.4,7.32,8.23,4.08,2.51,9.47,12.2,40.28,8.69,103.78,6.92,8.26,11.01,3.54,6.25,22.44,18.12,6.9,5.6,78.33,31.4,15.99,15.84,7.36,5.65,9.95,20.4,15.91,12.62,5.01,15.01,5.55,13.53,25.04,3.5,6.39,26.15,8.84,32.71,8.58,17.37,5.27,29.0,6.37,38.22,17.58,30.5,5.17,3.22,12.24,21.95,3.69,11.18,6.88,29.32,13.31,5.24,11.84,,,34.2,8.19,39.6,3.84,67.34,18.68,3.65,6.61,,12.78,1.95,15.58,27.85,19.95,21.32,29.02,59.8,21.5,1.47,12.99,9.66,6.35,5.02,41.07,9.81,66.46
2019-01-03,73.83,18.65,55.68,3.05,590.0,24.88,36.2,71.62,15.57,38.16,,13.45,14.85,,59.2,5.2,11.52,10.03,11.99,48.06,,9.78,2.58,51.07,15.8,3.54,5.97,35.92,23.61,6.8,5.78,22.3,3.74,13.28,11.13,14.95,7.21,7.49,27.55,48.96,8.49,17.69,9.81,35.35,7.93,19.98,25.32,9.28,28.6,16.56,18.78,27.93,7.33,8.19,4.2,2.53,9.46,11.69,38.2,8.82,101.32,6.92,7.95,11.17,3.55,6.26,21.64,18.18,6.72,5.6,75.15,31.13,16.1,15.53,7.41,5.67,9.96,20.15,16.05,12.26,5.04,14.97,5.6,13.45,25.44,3.52,6.31,26.7,9.04,32.73,8.76,17.48,5.28,28.47,6.41,38.58,17.0,31.09,5.15,3.2,12.33,21.98,3.65,11.06,6.77,29.39,13.44,5.31,11.9,,,33.08,8.09,38.13,3.87,65.0,18.51,3.75,6.52,,12.85,1.96,14.8,28.81,20.16,21.4,29.18,56.98,22.12,1.49,12.97,9.34,6.43,5.1,41.65,10.23,67.19
2019-01-04,76.96,18.89,56.59,3.08,602.0,25.51,36.99,72.59,15.32,39.21,,13.21,15.2,,60.73,5.27,11.65,9.64,12.79,50.65,,9.71,2.63,54.35,16.77,3.59,6.09,36.65,24.66,7.43,5.86,22.52,3.83,13.43,11.27,15.22,7.29,7.61,28.45,49.54,8.71,18.07,9.96,36.48,8.07,20.32,25.91,9.75,29.8,17.69,19.2,28.98,7.47,8.39,4.29,2.57,9.6,11.9,39.31,9.18,101.58,7.28,8.17,11.29,3.58,6.36,21.73,18.63,6.81,5.73,76.5,31.89,16.45,16.16,7.57,5.78,10.47,20.26,15.92,12.6,5.1,15.36,5.69,13.59,27.13,3.57,6.42,27.07,9.19,32.95,8.7,17.94,5.33,29.33,6.55,41.5,16.93,31.04,5.2,3.25,13.22,22.61,3.73,11.19,6.89,30.22,14.33,5.46,12.29,,,34.11,8.13,38.97,3.96,65.48,19.24,3.84,6.64,,13.1,2.0,15.23,29.23,20.49,21.7,30.18,57.1,22.24,1.52,13.18,9.8,6.51,5.25,43.43,10.58,69.51
2019-01-07,77.42,19.85,56.3,3.08,605.49,25.52,36.99,72.21,15.24,42.09,,13.71,15.17,,62.9,5.24,11.74,10.11,12.82,51.39,,10.22,2.66,53.57,16.8,3.57,6.07,36.48,25.8,7.77,5.83,22.77,3.89,13.85,11.3,15.72,7.32,7.66,28.75,49.31,9.07,18.05,9.98,37.56,8.14,21.35,27.16,9.74,31.52,17.68,20.02,28.36,7.52,8.69,4.36,2.66,9.6,12.24,40.32,9.28,101.73,7.45,8.41,11.24,3.57,6.34,21.98,19.54,6.68,5.74,79.46,32.69,16.55,16.47,7.54,5.76,10.92,20.14,16.16,13.1,5.18,15.7,5.67,13.42,29.27,3.62,6.52,27.77,9.23,32.8,8.61,18.43,5.44,30.66,6.54,42.17,17.25,30.9,5.27,3.28,13.34,22.84,3.83,11.21,7.02,30.56,14.15,5.68,12.5,,,33.86,8.24,38.72,4.1,66.35,20.28,3.84,6.71,,13.29,2.03,16.75,30.73,20.23,22.38,30.62,58.1,22.95,1.52,13.54,9.98,6.57,5.3,40.51,10.66,72.42
2019-01-08,79.33,19.55,55.8,3.04,604.79,25.22,36.86,71.54,15.56,42.06,,13.91,15.23,,61.2,5.2,11.73,10.02,12.75,52.88,,10.06,2.71,53.98,16.79,3.53,6.06,36.34,25.66,7.84,5.85,22.6,3.85,13.72,11.39,15.59,7.33,7.66,28.79,49.02,8.98,18.42,9.96,36.93,8.1,21.42,27.2,9.66,31.07,17.75,19.9,27.92,7.56,8.6,4.47,2.84,9.43,12.28,39.91,9.16,99.5,7.34,8.32,11.23,3.54,6.34,21.74,19.16,6.57,5.72,84.85,32.31,16.28,16.25,7.49,5.75,10.84,20.05,17.55,13.19,5.24,15.95,5.68,13.26,29.02,3.61,6.59,27.35,9.3,32.71,8.21,18.5,5.42,29.98,6.51,41.85,17.02,29.19,5.25,3.26,13.28,22.82,3.83,11.09,7.07,30.13,14.01,5.56,12.32,,,33.83,8.18,38.77,4.04,65.35,20.22,3.82,6.7,,13.3,2.02,18.43,30.76,19.99,23.23,30.23,59.6,22.56,1.51,13.38,10.24,6.64,5.56,39.33,10.48,71.27
2019-01-09,77.98,20.12,56.95,3.06,616.12,25.7,39.0,72.15,15.48,42.37,,13.99,15.36,,62.12,5.26,12.12,10.13,12.73,50.46,,9.93,2.69,55.53,16.81,3.55,6.06,37.51,25.43,7.77,5.88,22.8,3.86,13.7,11.42,15.7,7.33,7.76,30.76,50.03,8.89,18.47,9.99,37.34,8.11,21.6,28.13,9.94,30.6,17.95,19.92,28.47,7.61,8.86,4.59,2.82,9.57,12.35,40.1,9.1,102.98,7.31,8.26,11.19,3.55,6.41,22.47,19.08,6.6,5.71,85.4,32.42,16.49,16.34,7.51,5.76,10.84,20.17,16.52,13.56,5.35,16.06,5.68,14.0,28.99,3.59,6.48,27.56,9.17,33.16,8.32,19.03,5.39,30.07,6.56,41.35,17.1,29.49,5.29,3.28,13.45,22.54,3.88,11.13,7.04,29.32,14.07,5.56,12.31,,,35.01,8.19,39.49,4.03,67.71,20.0,3.87,6.71,,13.26,2.02,18.17,30.41,20.33,22.53,29.44,60.9,22.51,1.51,13.38,10.31,6.73,5.55,39.58,10.37,71.75
2019-01-10,76.28,22.13,57.5,3.07,618.77,25.85,39.29,72.34,15.33,41.56,,14.91,15.33,16.8,61.12,5.22,12.03,10.21,12.51,48.85,,10.1,2.67,56.27,16.62,3.51,6.02,37.76,26.4,7.71,5.85,23.1,3.8,13.59,11.15,15.8,7.35,7.82,30.55,49.86,9.55,18.46,9.96,36.38,8.04,21.6,28.33,10.1,30.03,17.53,20.07,27.98,7.63,8.73,4.56,2.69,9.48,12.49,40.86,8.96,103.32,7.33,8.46,11.16,3.52,6.34,22.42,19.35,6.74,5.68,85.52,31.81,16.39,15.97,7.53,5.74,10.89,20.11,16.33,13.42,5.3,16.25,5.69,13.96,29.26,3.56,6.6,27.87,9.04,32.82,8.45,20.93,5.38,29.59,6.54,41.48,16.88,30.48,5.25,3.26,13.22,22.38,3.91,11.22,7.01,29.31,13.87,5.58,12.18,,,34.68,8.02,38.81,3.97,66.57,20.55,3.84,6.69,,13.37,2.0,18.92,30.61,20.3,22.53,29.2,60.1,22.61,1.51,13.35,10.73,6.68,5.62,39.15,10.02,71.6
2019-01-11,75.29,21.61,58.07,3.05,635.88,26.46,39.84,72.38,15.39,41.49,,14.75,15.4,16.97,61.23,5.24,12.17,10.51,12.66,49.02,,10.14,2.68,55.95,16.67,3.53,6.05,37.73,26.31,7.75,5.92,23.51,3.83,13.75,11.51,15.86,7.38,7.9,30.91,50.69,9.5,18.51,10.05,36.26,8.19,21.78,28.45,10.2,30.22,17.77,20.51,27.88,7.63,8.77,4.59,2.74,9.56,12.55,41.6,9.06,104.91,7.39,8.5,11.22,3.53,6.36,22.55,19.17,6.59,5.69,85.19,32.44,16.51,16.11,7.53,5.77,10.97,19.99,16.28,13.63,5.35,16.3,5.73,14.07,28.97,3.6,6.66,27.81,9.04,32.88,8.39,20.04,5.38,29.88,6.54,41.6,18.03,30.45,5.36,3.29,13.41,22.44,3.93,11.35,7.08,29.53,13.93,5.69,12.26,,,35.37,8.16,39.3,4.06,67.41,20.49,3.87,6.73,,13.4,2.02,18.84,30.89,20.45,22.31,29.21,60.68,22.72,1.53,13.46,10.55,6.74,5.59,39.49,10.14,72.3
2019-01-14,76.08,22.37,57.12,3.05,624.6,26.31,39.45,71.55,15.27,40.7,,14.82,15.23,17.0,58.48,5.2,12.1,10.59,12.53,48.8,,10.13,2.71,54.33,16.49,3.5,6.01,37.68,26.8,7.84,5.89,23.19,3.81,13.88,11.33,16.11,7.31,8.01,31.13,49.59,9.25,18.62,10.06,34.82,8.38,21.78,28.02,10.11,30.3,17.88,20.09,27.33,7.67,8.57,4.55,2.7,9.46,12.45,40.32,9.0,104.1,7.33,8.41,11.27,3.5,6.3,22.33,18.91,6.18,5.65,85.27,32.23,16.36,15.8,7.49,5.73,10.78,19.89,16.24,13.7,5.29,15.94,5.68,13.95,29.13,3.59,6.7,28.08,9.03,32.6,8.34,20.34,5.35,28.16,6.47,41.46,17.53,30.33,5.35,3.32,13.35,22.31,3.9,11.8,7.1,29.62,13.93,5.69,12.36,,,34.37,8.08,38.47,4.05,66.93,20.8,3.86,6.62,,13.23,2.03,19.17,30.54,20.17,22.75,29.2,58.6,22.55,1.53,13.38,10.4,6.75,5.37,39.2,11.15,69.38
2019-01-15,77.37,21.32,58.59,3.05,659.98,26.8,41.0,72.39,15.4,41.8,,15.04,15.43,17.6,60.1,5.23,12.28,10.37,13.0,48.8,,10.29,2.71,56.44,16.74,3.53,6.05,38.78,26.95,7.83,5.95,24.1,3.86,14.2,11.46,16.5,7.34,8.12,32.02,52.97,9.85,18.67,10.11,35.58,8.43,22.72,29.43,10.24,30.04,18.44,20.6,28.43,7.7,8.72,4.56,2.73,9.58,12.84,40.73,9.04,104.98,7.4,8.52,11.3,3.52,6.38,22.53,19.32,6.15,5.74,86.0,32.78,16.56,16.33,7.55,5.79,10.98,19.65,16.47,13.85,5.33,16.49,5.72,14.66,29.15,3.62,6.65,27.72,9.07,32.6,8.32,21.52,5.38,29.19,6.54,42.88,17.62,30.4,5.41,3.33,13.75,22.7,3.95,11.69,7.16,29.97,14.24,5.75,12.42,,,37.81,8.12,41.83,4.07,71.28,20.95,3.9,6.7,,13.6,2.02,18.47,31.17,20.47,22.9,29.75,60.78,22.67,1.53,13.43,10.61,6.79,5.51,39.82,11.4,68.7
2019-01-16,76.67,21.79,58.74,2.99,661.1,26.85,41.2,72.54,15.52,41.4,,14.92,15.47,17.64,60.8,5.24,12.12,10.12,12.82,48.93,,10.28,2.67,57.47,16.71,3.52,6.05,39.31,27.03,8.24,5.96,24.0,3.82,14.19,11.28,16.41,7.34,8.12,32.32,52.2,9.87,18.6,10.13,36.55,8.47,22.77,29.18,10.48,29.85,18.33,20.31,28.8,7.78,8.7,4.56,2.68,9.63,12.55,40.82,8.91,105.69,7.29,8.46,11.19,3.52,6.41,22.61,19.09,6.13,5.75,87.9,32.89,16.58,16.6,7.54,5.79,10.78,19.07,16.12,13.78,5.39,16.4,5.73,14.63,28.79,3.6,6.58,27.64,9.01,32.6,8.19,21.26,5.36,29.33,6.63,42.24,17.63,29.82,5.37,3.28,13.75,22.44,3.97,11.47,7.09,29.55,14.15,5.66,12.27,,,36.89,8.2,41.11,4.1,71.81,21.7,3.92,6.7,,13.55,2.02,18.7,31.21,20.83,22.67,29.32,61.13,22.58,1.52,13.45,10.66,6.81,5.69,39.88,11.05,71.98
2019-01-17,76.66,21.1,58.73,3.0,659.25,26.47,40.91,73.39,15.45,40.46,,14.92,15.35,17.56,60.24,5.25,11.95,9.82,12.62,47.49,,10.11,2.67,57.36,16.48,3.53,6.05,38.66,26.4,8.1,5.91,24.07,3.82,14.1,11.33,16.06,7.31,8.25,31.77,51.92,9.56,18.45,10.17,36.04,8.53,22.49,29.07,10.25,29.81,18.02,20.01,28.87,7.82,8.28,4.45,2.67,9.51,12.36,40.08,8.91,105.75,7.16,8.33,11.14,3.53,6.45,22.84,18.95,6.27,5.7,86.29,31.88,16.57,16.36,7.55,5.76,10.59,19.19,15.54,13.36,5.36,16.36,5.71,14.62,27.85,3.56,6.48,27.65,8.92,32.44,8.24,20.85,5.32,29.12,6.58,41.79,17.18,29.8,5.31,3.27,13.59,22.05,3.88,11.47,6.96,28.87,14.13,5.65,12.25,,,36.88,8.31,41.08,4.08,72.29,21.95,3.9,6.64,,13.41,2.03,19.1,31.05,21.08,21.9,28.95,60.8,22.3,1.53,13.4,10.52,6.77,5.68,40.49,10.82,70.1
2019-01-18,75.4,21.21,59.92,3.03,683.61,27.1,42.08,75.1,15.75,40.89,,15.09,15.68,17.88,61.32,5.39,12.05,9.95,12.88,46.82,,10.25,2.7,59.17,16.65,3.58,6.13,38.97,26.65,8.13,5.98,24.45,3.92,14.23,11.28,16.6,7.35,8.23,32.05,53.88,10.2,19.01,10.43,36.37,8.64,22.67,29.46,10.43,32.79,18.44,19.98,29.83,7.98,9.11,4.53,2.67,9.63,12.47,39.82,9.06,109.5,7.23,8.4,11.3,3.56,6.64,22.96,19.39,6.31,5.98,91.27,32.1,16.85,16.43,7.61,5.83,10.7,19.06,15.99,13.5,5.4,16.94,5.79,15.14,28.13,3.68,6.59,28.12,8.97,32.75,8.24,22.27,5.36,29.2,6.77,42.8,17.35,29.52,5.37,3.31,13.81,22.42,3.93,11.42,7.07,29.78,14.25,5.74,12.44,,,37.6,8.37,42.2,4.27,72.15,22.53,3.95,6.78,,13.51,2.06,18.12,31.0,21.51,22.12,29.46,59.43,22.52,1.57,13.61,10.99,6.93,5.76,40.95,10.68,72.1
2019-01-21,75.24,21.7,60.79,3.01,686.98,27.33,42.09,77.83,15.82,42.55,,15.06,15.68,17.84,67.45,5.45,12.07,10.13,12.88,48.21,,10.27,2.71,59.07,16.48,3.58,6.1,39.48,27.16,8.3,6.03,24.78,3.92,13.52,11.67,16.99,7.39,8.27,33.19,56.0,10.39,19.55,10.35,38.03,8.61,23.0,29.3,10.34,31.43,18.51,21.04,30.0,8.16,9.48,4.57,2.73,9.88,12.5,40.24,9.05,111.11,7.23,8.47,11.39,3.57,6.67,22.76,19.47,6.61,5.97,92.4,32.53,16.88,16.72,7.61,5.82,10.64,19.1,16.24,13.4,5.48,17.72,5.8,15.18,28.45,3.7,6.66,27.51,8.95,33.18,8.22,22.12,5.35,30.28,6.81,42.89,17.5,29.47,5.41,3.31,13.48,22.82,4.06,11.36,6.97,30.19,14.18,5.75,12.37,,,38.22,8.36,42.63,4.37,73.1,22.73,3.97,6.88,,13.48,2.05,18.42,31.33,22.26,22.47,29.86,59.87,22.69,1.55,13.55,11.28,7.07,5.89,41.15,11.13,71.55
2019-01-22,74.27,22.06,60.07,2.98,671.0,26.98,41.3,76.09,15.81,42.42,,15.08,15.55,17.47,66.0,5.39,11.88,9.89,12.75,47.7,,10.01,2.66,57.69,16.13,3.57,6.07,38.91,26.5,8.07,6.02,24.43,3.86,13.07,11.47,16.75,7.32,8.2,32.48,55.21,10.31,19.26,10.25,37.31,8.54,22.9,28.6,10.28,31.62,18.21,20.44,29.44,8.12,10.0,4.5,2.71,9.81,12.2,38.73,8.91,108.49,7.2,8.33,11.21,3.56,6.6,22.54,19.12,6.52,5.9,90.7,32.2,16.81,16.41,7.56,5.81,10.63,19.25,16.25,13.12,5.38,17.6,5.77,14.97,28.16,3.67,6.47,26.82,8.91,32.49,8.3,21.95,5.32,29.56,6.73,41.8,17.7,29.9,5.35,3.28,13.1,22.49,3.94,11.07,6.91,29.38,14.04,5.64,12.23,,,37.09,8.26,42.05,4.19,72.2,21.92,3.89,6.85,,13.25,2.03,18.2,30.06,21.9,22.14,29.56,58.9,22.29,1.51,13.28,10.97,6.95,5.72,40.29,10.84,70.82
2019-01-23,75.44,21.98,59.49,2.98,665.66,27.16,41.46,75.69,15.96,42.11,,15.08,15.5,17.52,65.0,5.44,11.84,9.76,12.77,48.8,,10.06,2.65,58.02,16.1,3.59,6.08,39.19,26.2,7.96,6.0,24.3,3.89,13.32,11.98,16.5,7.26,8.33,32.55,55.07,10.37,19.44,10.27,37.34,8.71,22.89,28.36,10.35,32.31,18.18,20.45,29.6,8.05,9.84,4.42,2.72,9.82,12.24,38.25,8.9,110.27,7.22,8.31,11.16,3.57,6.65,22.95,19.49,6.53,5.93,92.93,31.73,16.91,16.26,7.55,5.82,10.52,18.99,16.4,13.41,5.38,17.5,5.79,14.88,28.38,3.68,6.39,27.2,8.69,31.56,8.23,22.1,5.29,29.19,6.74,42.25,17.76,29.8,5.44,3.27,13.1,22.76,4.06,11.15,6.83,29.8,14.04,5.67,12.32,,,37.0,8.4,42.26,4.3,71.99,22.87,3.91,7.08,,13.18,2.02,17.89,30.51,21.9,24.35,29.93,59.11,22.53,1.51,13.15,10.87,6.88,5.61,40.34,10.84,70.5
2019-01-24,75.17,22.9,60.43,2.97,672.5,27.87,41.59,76.66,15.95,45.8,,15.1,15.66,17.89,68.2,5.46,11.85,10.12,12.93,48.52,,10.06,2.65,59.38,16.26,3.61,6.11,39.38,26.53,8.14,5.99,24.34,3.86,13.22,12.18,16.93,7.28,8.33,31.5,55.2,11.41,19.39,10.38,38.53,8.86,23.26,28.86,10.52,32.58,18.57,20.37,29.92,8.06,10.19,4.48,2.72,10.04,12.37,38.97,8.88,108.0,7.24,8.36,11.07,3.59,6.68,22.97,19.6,6.26,5.89,94.08,32.89,17.15,16.72,7.57,5.83,10.81,18.9,16.91,13.3,5.43,17.42,5.82,15.31,28.78,3.66,6.42,27.64,8.46,30.95,8.19,22.2,5.31,30.58,6.79,43.03,17.76,29.56,5.43,3.24,13.32,22.64,4.1,11.1,6.93,29.49,14.22,5.68,12.23,,,38.0,8.45,42.41,4.24,72.45,23.13,3.89,7.08,,13.33,2.02,17.93,31.36,21.85,25.14,29.48,56.0,22.84,1.51,13.14,11.44,6.87,5.66,40.03,10.85,75.17
2019-01-25,77.44,22.18,61.29,2.98,679.7,28.52,41.9,76.38,15.91,45.75,,15.58,15.99,18.04,69.72,5.52,11.8,10.35,12.93,49.18,,10.19,2.64,58.99,16.32,3.67,6.15,39.9,26.69,8.04,6.02,24.43,3.85,13.3,12.1,17.11,7.28,8.6,32.33,55.25,11.95,19.47,10.5,38.26,9.07,22.38,29.3,11.0,32.19,18.8,20.32,30.19,7.99,10.18,4.4,2.72,10.2,12.3,38.1,8.86,106.93,7.25,8.25,11.18,3.62,6.81,23.0,19.5,6.0,6.05,93.49,32.52,17.37,16.71,7.63,5.9,10.59,18.88,17.77,13.61,5.47,17.63,5.87,15.46,28.2,3.67,6.56,27.6,8.61,31.03,8.18,22.53,5.3,30.36,6.96,42.9,17.24,29.76,5.38,3.24,13.29,22.79,4.19,10.99,6.95,29.24,14.36,5.57,12.2,,,38.14,8.48,42.72,4.13,72.98,23.7,3.98,7.18,,13.18,2.01,18.37,30.87,22.3,25.7,29.42,56.43,22.6,1.51,13.09,11.88,6.95,5.78,40.93,10.79,76.2
2019-01-28,76.07,21.45,61.52,2.99,677.0,28.66,41.84,74.47,15.91,45.77,,16.34,15.99,18.0,69.9,5.5,11.76,10.42,12.89,48.46,,10.27,2.65,54.82,16.59,3.68,6.15,40.29,26.3,8.35,6.01,24.21,3.84,13.25,11.7,17.3,7.27,8.56,32.21,57.47,11.96,19.82,10.42,38.41,9.08,23.13,29.51,10.94,32.26,18.93,20.24,30.1,8.27,9.97,4.34,2.74,10.2,12.06,38.67,8.84,106.31,7.2,8.09,11.26,3.61,6.77,23.05,19.71,6.06,6.03,94.95,32.6,17.16,16.81,7.58,5.88,10.48,18.87,17.67,13.41,5.55,17.48,5.91,15.57,28.85,3.63,6.61,27.9,8.73,31.46,8.36,22.17,5.38,30.45,6.98,42.96,17.28,30.77,5.35,3.26,12.94,22.35,4.16,10.8,6.81,28.79,14.47,5.5,12.14,,,38.44,8.48,43.12,4.11,72.59,23.4,3.94,7.19,,12.83,2.0,17.99,30.46,22.28,25.81,28.91,55.0,22.45,1.5,13.13,13.06,6.85,5.76,41.06,10.67,76.0
2019-01-29,76.68,21.29,61.65,2.95,685.0,28.64,43.0,74.52,16.2,45.87,,16.28,16.13,18.1,69.2,5.54,11.56,9.5,12.66,48.0,,10.11,2.62,57.18,16.49,3.69,6.16,41.1,25.3,8.26,6.14,24.3,3.79,12.78,11.13,16.92,7.27,8.8,32.75,58.58,11.42,19.92,10.58,37.88,9.14,22.45,29.07,11.0,33.7,19.14,19.98,30.32,8.37,9.76,4.33,2.72,10.14,11.85,37.89,8.69,103.98,7.11,8.09,11.34,3.64,6.85,23.35,19.69,6.29,6.14,94.13,32.03,17.29,16.61,7.64,5.93,10.08,18.73,17.71,13.36,5.61,17.32,5.87,15.57,28.95,3.56,6.26,28.0,8.74,31.18,8.29,22.3,5.38,29.23,6.99,42.43,16.74,30.79,5.31,3.26,12.75,21.19,4.14,10.83,6.65,26.71,14.42,5.37,11.96,,,39.98,8.73,43.38,3.98,72.59,23.97,4.0,7.14,,12.37,1.99,17.13,29.85,22.47,25.27,27.72,55.87,22.13,1.49,12.99,12.78,6.97,5.66,41.35,10.06,72.92
2019-01-30,76.2,20.85,61.25,2.97,676.0,28.42,42.1,76.36,16.19,45.12,,16.16,16.09,17.94,67.12,5.55,11.58,10.45,12.46,47.15,,9.88,2.6,57.4,16.29,3.68,6.16,40.7,25.8,8.01,6.1,24.1,3.79,12.78,11.33,16.92,7.25,8.72,32.45,57.28,11.11,19.63,10.5,37.32,9.12,22.3,28.56,10.95,33.29,18.88,19.71,29.8,8.26,9.39,4.25,2.76,10.06,11.66,37.75,8.64,106.13,7.12,7.9,11.3,3.63,6.86,23.06,19.27,6.13,6.07,91.2,30.82,17.31,16.71,7.68,5.91,10.03,18.75,17.42,13.0,5.63,17.0,5.86,15.55,26.4,3.56,6.13,28.04,8.61,30.78,8.31,22.52,5.38,28.61,6.96,41.44,16.77,31.25,5.25,3.3,12.57,20.74,4.23,10.78,6.6,26.69,14.19,5.32,11.88,,,39.43,8.54,42.18,3.92,72.47,23.91,3.99,7.07,,12.17,1.97,16.8,29.66,22.06,25.79,27.68,54.4,22.18,1.48,13.0,12.94,6.94,5.62,40.48,9.82,72.3
2019-01-31,76.12,20.63,62.98,2.98,689.6,29.21,43.53,75.53,16.43,45.66,,16.37,16.4,18.26,67.69,5.66,11.5,10.49,12.87,46.42,,10.17,2.56,59.05,16.77,3.72,6.21,41.75,26.36,8.12,6.25,24.18,3.84,12.39,11.08,16.71,7.32,8.85,32.7,60.3,11.05,19.83,10.73,38.2,9.12,21.71,30.03,11.1,34.55,19.14,20.11,30.82,8.42,8.89,4.2,2.75,9.93,11.72,38.29,8.55,106.73,7.02,7.82,11.51,3.68,7.07,23.26,19.15,5.91,6.12,93.77,30.64,17.45,16.95,7.78,5.95,9.98,19.19,17.29,13.28,5.73,17.07,5.97,16.0,27.29,3.53,5.83,27.86,8.54,29.91,7.93,22.18,5.39,28.28,6.98,42.78,16.72,30.68,5.31,3.26,12.69,19.44,4.15,10.52,6.63,26.19,14.41,5.15,11.78,,,39.94,8.55,42.67,3.53,72.3,23.38,4.09,7.11,,11.45,1.98,16.79,29.48,22.76,25.4,26.9,54.5,22.0,1.47,13.27,12.85,7.01,5.44,42.1,9.2,72.99
2019-02-01,78.4,21.0,63.21,3.01,692.67,29.3,44.26,77.2,16.35,47.51,,16.7,16.39,18.58,71.06,5.65,11.9,10.98,13.28,48.27,,10.3,2.62,60.82,17.1,3.72,6.25,41.96,27.69,8.57,6.22,24.54,3.9,12.86,11.34,17.44,7.35,8.97,34.44,61.18,11.77,20.01,10.77,39.15,9.48,22.29,31.53,11.2,34.55,19.74,20.41,30.88,8.4,9.78,4.3,2.84,10.14,11.99,40.9,8.7,110.96,7.22,8.03,11.53,3.68,7.06,23.47,19.67,6.08,6.13,100.3,31.23,17.58,17.93,7.8,5.94,10.26,19.88,18.24,13.53,5.74,17.26,6.01,16.19,28.5,3.62,6.08,28.15,8.63,31.8,8.06,22.83,5.43,29.25,6.96,43.7,17.11,30.9,5.36,3.32,12.97,20.22,4.17,10.83,6.82,27.07,14.79,5.32,12.07,,,39.98,8.7,43.75,3.62,73.95,23.68,4.07,7.21,,11.9,2.01,17.7,30.06,22.87,27.5,27.87,54.5,22.31,1.5,13.44,13.66,7.07,5.65,41.9,9.87,78.88
2019-02-11,81.0,22.14,64.39,3.05,725.3,29.39,46.08,79.04,16.31,48.9,,17.55,16.36,18.86,75.22,5.64,12.15,12.08,13.51,50.2,,10.48,2.74,61.85,17.25,3.7,6.29,43.07,29.89,9.05,6.17,25.26,4.06,13.27,11.94,18.1,7.36,9.06,35.28,64.7,12.16,19.99,10.7,41.06,9.48,23.11,32.44,11.21,38.01,19.94,20.87,30.9,8.41,10.15,4.38,2.87,10.39,12.36,42.44,8.96,112.0,7.33,8.28,11.51,3.67,7.06,24.05,19.7,6.22,6.11,102.58,33.09,17.58,18.82,7.91,5.94,10.55,19.9,18.89,14.03,5.7,17.6,5.97,16.36,29.29,3.68,6.69,30.0,8.72,32.3,8.11,23.26,5.49,30.9,6.96,46.29,18.18,30.8,5.43,3.46,13.27,21.86,4.23,11.14,7.31,29.78,15.09,5.48,12.45,,,41.67,8.64,46.81,3.76,75.55,24.02,4.09,7.41,,12.22,2.04,18.65,30.82,22.85,28.32,29.95,58.1,22.68,1.52,13.6,13.84,7.09,6.2,42.23,10.11,79.92
2019-02-12,81.0,22.49,64.27,3.08,717.92,29.32,46.49,80.51,16.34,48.15,,17.48,16.33,18.97,74.14,5.65,12.54,12.67,13.42,50.58,,10.53,3.01,63.5,17.49,3.72,6.29,43.22,29.66,8.99,6.16,25.18,4.05,13.42,12.48,18.61,7.41,9.34,36.08,64.75,11.92,20.09,10.72,41.39,9.7,23.6,32.29,11.19,38.6,19.8,21.06,31.3,8.43,10.21,4.38,3.03,10.39,12.43,42.31,8.98,113.82,7.36,8.3,11.55,3.68,7.05,24.62,19.8,6.32,6.17,101.66,33.19,17.94,18.97,7.95,5.94,10.67,20.15,18.89,14.16,5.69,18.07,5.98,16.17,29.36,3.7,7.12,30.48,8.76,32.43,8.29,22.95,5.49,31.39,7.06,48.09,19.29,31.38,5.44,3.52,13.3,22.11,4.18,11.09,7.4,30.33,15.27,5.53,12.49,,,43.43,8.6,47.48,3.83,75.4,24.8,4.04,7.41,,12.4,2.05,18.73,31.14,22.7,28.22,29.86,58.18,22.96,1.54,13.61,13.6,7.06,6.35,42.55,10.12,79.04
2019-02-13,81.7,22.74,65.02,3.2,735.25,29.84,46.8,80.96,16.39,48.28,,17.53,16.59,19.49,75.35,5.71,13.79,12.87,13.98,51.57,,10.81,3.31,65.59,17.88,3.76,6.37,43.51,30.01,9.02,6.27,25.5,4.19,13.48,12.8,18.93,7.53,9.39,37.44,66.07,12.04,20.11,10.86,42.08,9.76,23.83,32.87,11.38,38.86,20.22,22.95,32.2,8.38,10.65,4.47,3.33,11.26,12.93,44.42,9.19,113.58,7.56,9.13,11.67,3.72,7.11,24.9,19.82,6.45,6.2,101.43,35.13,17.99,19.33,7.96,6.04,10.92,20.3,18.78,14.68,5.86,18.14,6.05,16.15,30.9,3.85,7.43,30.56,8.92,33.03,8.43,23.14,5.58,33.5,7.13,52.56,19.85,31.51,5.87,3.54,13.79,23.2,4.18,11.23,7.76,31.79,15.61,5.63,12.72,,,43.94,8.7,47.71,3.92,76.57,24.53,4.07,7.49,,12.66,2.09,19.2,32.16,23.29,28.31,31.6,60.0,23.34,1.57,13.87,13.62,7.17,6.44,44.01,10.32,81.19
2019-02-14,84.72,22.51,65.1,3.17,737.16,29.86,47.15,83.41,16.32,48.74,,17.22,16.53,19.3,77.1,5.65,13.86,13.4,13.87,53.72,,10.82,3.53,65.8,17.75,3.71,6.36,44.35,29.73,9.12,6.21,25.98,4.16,13.17,12.51,18.5,7.51,9.4,37.85,67.96,12.69,20.02,10.82,42.7,9.75,24.85,32.95,11.25,38.47,19.86,22.85,31.71,8.36,10.69,4.49,3.24,11.17,13.19,44.89,9.16,115.74,7.54,8.98,11.58,3.7,7.03,24.91,19.8,6.43,6.17,101.83,34.92,17.89,19.31,7.99,6.03,10.95,21.0,19.14,14.56,5.84,18.91,6.01,16.51,30.46,3.85,7.25,30.23,8.89,34.98,8.42,23.93,5.59,33.48,7.14,52.0,20.03,31.2,5.74,3.64,13.96,23.35,4.13,11.19,7.74,31.47,15.59,5.65,12.72,,,44.87,8.63,48.86,3.9,76.8,24.41,4.05,7.39,,12.74,2.07,18.92,32.36,23.14,29.41,31.79,61.83,23.42,1.56,13.86,13.49,7.18,6.65,43.9,10.13,80.11
2019-02-15,82.42,22.07,63.25,3.25,724.78,29.15,45.27,81.91,16.3,48.1,,17.1,16.11,18.64,74.7,5.51,13.55,13.05,13.56,51.67,,10.68,3.58,64.29,17.35,3.65,6.28,42.75,29.57,8.93,6.08,25.42,4.16,13.0,12.5,18.5,7.45,8.95,36.47,66.4,12.32,19.65,10.66,42.1,9.46,24.33,31.93,10.95,42.32,18.9,23.0,30.7,8.15,10.96,4.5,3.22,10.81,13.03,44.7,9.09,113.15,7.49,8.99,11.4,3.65,6.84,24.3,19.77,6.59,6.03,99.5,35.11,17.61,19.09,7.85,5.95,11.13,21.19,18.48,14.26,5.75,18.83,5.96,15.78,30.16,3.79,7.27,31.45,8.86,35.0,8.43,23.6,5.54,33.61,6.97,51.85,22.03,31.59,5.73,3.56,13.76,23.23,4.15,11.14,7.81,31.73,15.14,5.65,12.67,,,44.42,8.46,47.7,3.86,74.92,24.03,3.99,7.29,,12.68,2.05,18.45,31.47,22.46,28.45,31.27,59.61,23.3,1.54,13.72,13.33,7.02,6.34,42.9,10.11,79.25
2019-02-18,84.46,24.14,65.29,3.4,740.0,29.87,46.4,85.18,16.34,49.41,,18.25,16.45,19.82,78.6,5.6,13.95,14.36,14.47,52.45,,11.09,3.78,66.83,18.05,3.7,6.39,44.09,30.42,9.82,6.17,25.82,4.32,13.25,12.97,19.25,7.57,9.72,38.13,69.87,12.83,19.99,10.84,43.72,9.91,25.17,33.43,11.36,43.6,20.05,24.14,31.73,8.3,12.06,4.57,3.31,11.15,13.43,46.5,9.32,115.06,7.75,9.51,11.57,3.7,6.97,24.79,20.1,6.7,6.13,108.01,36.68,18.18,20.17,7.97,6.04,11.43,21.86,19.01,14.88,5.9,19.6,6.03,16.14,31.36,3.87,8.0,32.3,9.05,35.45,8.57,24.7,5.64,35.3,7.11,56.93,22.73,32.2,5.83,3.7,14.56,24.09,4.19,11.32,8.4,33.38,15.89,5.8,13.03,,,47.35,8.56,49.88,4.0,76.74,24.75,4.02,7.56,,13.14,2.11,19.19,33.25,23.45,29.47,32.3,61.27,24.25,1.58,14.14,14.0,7.13,6.62,44.19,10.42,82.3
2019-02-19,82.29,23.6,65.68,3.39,730.76,29.88,46.08,84.7,16.25,47.85,,18.31,16.55,19.78,78.39,5.57,13.92,14.71,14.4,51.74,,10.85,3.76,65.93,17.89,3.69,6.39,44.62,31.7,10.1,6.13,25.43,4.31,13.53,12.74,18.85,7.59,9.61,37.92,69.67,12.72,19.74,10.8,43.53,9.61,26.08,33.7,11.27,45.32,19.91,24.06,32.21,8.21,13.27,4.53,3.24,11.02,13.32,45.65,9.27,115.86,7.69,9.54,11.51,3.68,6.97,24.63,19.78,6.66,6.07,104.56,37.04,18.07,20.11,7.97,6.03,11.23,22.05,18.66,14.56,5.88,19.61,6.02,16.06,30.77,3.86,7.82,31.82,8.93,35.73,8.65,25.12,5.59,35.36,7.13,58.8,22.0,32.81,5.76,3.66,14.72,23.8,4.26,11.25,8.29,32.82,15.89,5.78,12.95,,,46.79,8.74,50.02,4.01,75.89,24.59,4.03,7.43,,13.11,2.1,18.77,33.02,24.2,28.92,31.71,61.5,24.54,1.58,14.04,13.4,7.14,6.45,44.56,10.91,82.4
2019-02-20,83.17,24.93,65.88,3.51,722.0,30.15,,84.0,16.24,47.18,,19.49,16.53,20.08,76.5,5.57,13.86,14.7,14.46,52.36,,10.87,3.83,64.95,17.81,3.7,6.37,44.99,30.7,10.56,6.14,25.55,4.42,13.67,12.75,18.86,7.58,9.56,37.14,69.01,12.91,20.02,10.83,42.57,9.69,25.92,33.97,11.41,45.75,20.15,24.0,33.09,8.4,13.1,4.53,3.25,11.05,13.35,45.07,9.35,113.0,7.65,9.47,11.5,3.68,6.97,24.42,19.23,6.75,6.09,105.67,36.54,18.13,19.83,7.93,6.03,11.25,,18.75,14.6,5.9,19.65,6.0,16.0,30.37,3.94,7.92,32.98,8.9,37.28,8.62,25.71,5.57,34.63,6.98,60.51,22.76,33.35,5.83,3.67,14.85,24.5,4.16,11.32,8.29,34.12,15.9,5.88,13.1,,,47.63,8.74,50.26,4.09,74.3,24.55,4.05,7.48,,13.21,2.14,18.87,32.55,25.18,28.75,32.66,62.45,24.7,1.58,14.41,13.73,7.18,6.61,45.0,10.74,80.51
2019-02-21,83.33,25.47,65.39,3.49,720.25,30.08,45.86,82.31,16.1,46.44,,19.39,16.4,20.39,77.11,5.56,13.68,14.7,15.33,51.94,,11.55,3.75,65.44,17.89,3.68,6.33,44.84,31.05,10.26,6.12,25.5,4.34,13.52,12.95,18.98,7.52,9.54,37.25,68.05,12.67,19.86,10.79,42.77,9.75,25.6,34.0,11.36,47.28,20.35,25.31,32.8,8.38,13.9,4.5,3.17,10.92,13.44,48.2,9.28,112.2,7.56,9.54,11.48,3.67,6.94,24.51,19.21,6.56,6.0,103.9,36.3,17.96,19.75,7.88,6.0,11.09,22.4,18.81,14.3,5.87,19.66,5.97,15.98,30.04,3.87,7.85,33.4,8.81,36.9,8.66,26.97,5.52,35.03,6.93,62.39,22.22,34.08,5.79,3.61,14.85,24.36,4.2,11.56,8.31,33.95,16.06,5.97,13.0,,,47.4,8.67,49.8,4.1,75.27,25.86,4.02,7.33,,13.4,2.12,19.25,32.4,24.45,28.08,33.09,62.52,24.5,1.57,14.37,13.42,7.11,6.89,44.55,10.58,79.37
2019-02-22,84.37,26.54,67.02,3.48,726.01,30.63,45.61,85.28,16.2,49.5,,20.47,16.61,22.43,81.21,5.55,14.09,15.95,16.86,51.88,,12.05,3.81,66.3,19.5,3.68,6.47,44.96,33.16,10.68,6.2,25.5,4.39,13.74,13.5,19.89,7.57,9.5,37.5,68.5,12.7,19.61,11.01,44.6,10.36,26.55,35.1,11.54,47.58,22.39,27.84,33.45,8.49,14.22,4.59,3.19,10.78,13.74,53.02,9.38,114.17,7.73,9.9,11.76,3.69,6.95,24.36,19.55,6.66,6.03,109.82,37.28,18.15,20.49,8.08,6.07,11.29,21.38,18.85,14.58,5.88,19.87,6.08,15.96,30.69,3.89,8.42,33.1,8.91,37.07,8.56,29.0,5.57,38.03,7.0,68.63,24.07,33.13,5.96,3.73,16.28,24.55,4.25,11.57,8.63,34.25,17.52,6.0,13.19,,,47.0,8.71,50.1,4.14,75.88,28.0,4.06,7.47,,13.39,2.14,20.72,32.69,25.96,28.32,33.91,62.93,24.83,1.59,14.57,13.41,7.15,7.0,45.8,10.8,81.79
2019-02-25,91.32,27.77,73.0,3.74,742.33,32.52,49.17,88.73,16.38,53.3,,21.2,17.69,24.67,89.33,5.9,15.16,16.82,18.55,55.06,,12.4,4.19,68.5,21.45,3.88,7.0,46.08,34.96,11.75,6.54,26.51,4.78,14.28,14.07,20.95,7.85,9.92,39.96,71.26,12.92,20.6,11.92,47.33,10.92,27.35,36.44,12.55,45.91,24.63,30.31,36.8,8.85,14.74,4.95,3.45,11.21,14.33,58.2,10.32,122.85,8.09,10.3,12.64,3.88,7.38,24.99,20.09,7.0,6.32,120.78,39.82,19.4,22.31,8.88,6.48,11.84,21.41,20.19,15.32,6.07,20.64,6.48,16.7,33.15,4.13,9.01,32.28,9.55,38.03,8.9,28.96,6.0,40.8,7.48,75.49,25.75,33.99,6.23,3.98,17.91,26.8,4.45,11.99,9.37,37.55,19.27,6.37,14.5,,,48.87,8.96,52.39,4.5,78.4,28.78,4.29,7.81,,14.07,2.35,21.21,34.38,28.56,31.15,37.12,64.77,26.18,1.69,16.03,14.75,7.57,7.22,50.38,11.22,89.27
2019-02-26,88.5,26.51,70.01,3.69,727.35,31.49,47.36,87.58,16.28,52.2,,21.48,17.37,24.5,93.11,5.77,15.1,16.83,19.5,56.74,,12.0,4.4,68.0,20.57,3.79,6.84,44.93,33.38,11.1,6.35,26.27,4.92,14.4,13.58,20.48,7.8,9.6,40.04,68.92,12.21,20.81,11.65,48.24,10.8,26.73,35.36,12.2,48.02,24.1,29.9,35.47,8.87,14.3,5.12,3.42,11.02,14.66,55.5,11.28,119.2,8.03,10.1,12.23,3.84,7.19,24.76,19.51,7.24,6.3,114.45,40.09,18.74,21.89,8.62,6.46,11.68,20.69,20.6,15.07,6.0,19.91,6.36,16.45,36.07,4.2,8.7,33.76,9.5,36.9,8.85,28.64,6.08,41.3,7.32,77.81,24.69,33.21,6.12,3.95,17.37,27.74,4.66,12.04,8.98,39.62,18.63,6.45,14.56,,,47.67,8.85,50.85,4.61,76.47,28.77,4.17,7.78,,14.0,2.37,20.35,33.24,28.55,32.89,37.88,62.35,25.47,1.82,16.21,14.18,7.64,7.13,50.51,11.4,92.18
2019-02-27,86.05,26.52,69.98,3.63,740.7,31.71,47.64,86.79,16.22,51.3,,20.83,17.73,24.05,92.6,5.81,14.93,16.23,18.96,54.96,,11.8,4.14,68.8,20.09,3.82,7.09,44.55,32.43,10.8,6.43,26.63,4.8,14.79,13.26,20.05,7.83,9.48,40.01,70.06,11.44,20.61,11.83,46.99,10.4,25.96,34.1,12.4,46.07,23.75,29.45,34.85,9.01,13.68,5.08,3.25,10.81,14.39,54.08,10.96,115.73,7.93,9.99,12.5,3.88,7.25,24.31,18.41,7.17,6.25,114.52,39.2,19.15,21.66,9.02,6.56,11.5,20.28,19.83,14.76,6.04,19.62,6.5,16.66,36.76,4.21,8.56,32.51,9.57,36.35,8.78,26.78,6.07,39.47,7.51,76.45,23.5,32.94,6.69,3.91,17.01,26.96,4.58,11.84,8.78,38.45,18.12,6.4,14.34,,,48.31,8.85,51.28,4.55,76.34,27.87,4.26,7.72,,14.0,2.35,20.09,33.53,29.3,33.4,36.61,63.08,25.25,1.79,15.8,13.72,7.53,6.91,51.22,11.3,88.6
2019-02-28,87.7,27.58,70.01,3.58,755.01,31.74,47.78,89.88,16.3,51.58,,20.97,17.86,23.51,92.0,5.75,15.09,16.02,19.6,54.51,,11.7,4.07,71.9,19.51,3.8,7.1,44.8,33.19,10.86,6.4,27.04,4.76,14.85,13.26,19.68,7.83,9.56,40.87,71.5,11.36,20.44,11.74,46.28,10.39,25.95,34.5,12.36,44.79,23.01,29.8,34.02,8.93,13.64,5.01,3.23,10.96,14.7,54.5,10.66,127.3,7.95,9.89,12.3,3.84,7.18,24.25,18.48,7.25,6.15,115.8,39.48,19.3,21.52,8.81,6.53,11.68,20.41,20.38,14.74,6.01,20.03,6.42,16.48,35.71,4.26,8.5,31.77,9.46,36.27,8.69,27.1,5.99,39.43,7.44,75.7,24.22,32.6,6.43,3.94,16.49,26.92,4.61,11.77,8.88,38.22,17.55,6.35,14.28,,,49.59,8.93,51.24,4.59,76.68,27.67,4.23,7.81,,14.3,2.37,20.12,33.69,28.38,33.01,37.11,63.8,25.24,1.77,15.55,13.82,7.5,6.74,50.16,11.89,87.6
2019-03-01,90.03,28.06,72.39,3.63,789.3,32.9,48.57,89.89,16.27,51.73,,20.89,19.3,24.46,92.21,5.85,15.08,16.03,20.9,53.8,,11.82,4.28,72.0,19.96,3.85,7.25,45.73,33.7,10.9,6.59,27.81,4.79,15.59,13.14,19.9,7.88,10.03,42.08,75.9,11.45,20.83,12.02,46.67,10.72,26.5,34.69,12.76,46.0,23.75,29.73,35.3,9.12,13.42,5.1,3.29,11.27,15.0,54.4,10.78,128.39,7.94,9.97,12.47,3.9,7.34,24.77,18.56,7.37,6.23,116.52,38.95,19.68,21.55,8.96,6.69,11.59,20.21,22.2,14.71,6.08,20.0,6.56,17.17,35.83,4.25,8.72,33.0,9.51,36.64,8.66,27.67,6.06,41.46,7.69,81.0,24.69,32.43,6.55,4.01,16.9,26.96,4.67,11.99,8.85,38.5,17.99,6.34,14.29,,,52.51,8.88,53.49,4.59,77.56,28.02,4.4,7.79,,14.15,2.38,20.25,33.39,31.1,34.28,37.2,64.45,25.12,1.8,15.69,14.09,7.61,6.88,52.33,11.62,88.48
2019-03-04,92.39,28.99,72.58,3.63,781.86,32.69,48.96,96.66,16.26,55.58,,20.95,19.3,24.49,96.71,5.86,15.31,16.04,20.95,53.68,,11.99,4.32,72.27,20.01,3.87,7.42,46.65,33.79,11.03,6.7,27.97,4.83,15.89,13.24,20.2,7.91,10.65,41.55,77.25,11.71,21.07,12.02,47.91,11.54,27.13,35.95,12.99,50.6,23.76,30.31,35.08,9.23,13.75,5.02,3.45,11.42,14.94,54.85,10.91,132.55,7.96,10.08,12.59,3.92,7.36,25.02,19.17,7.41,6.31,116.66,39.86,19.92,23.71,9.0,6.74,12.06,20.33,22.04,15.87,6.11,20.0,6.63,17.43,36.87,4.3,9.02,36.3,9.63,36.78,8.87,27.4,6.09,42.52,7.76,82.53,24.53,32.95,6.57,4.19,17.06,27.15,4.68,11.96,9.05,38.52,18.06,6.37,14.44,,,54.25,8.87,54.4,4.77,78.6,29.82,4.49,7.85,,14.26,2.42,20.11,33.65,31.02,34.04,37.38,63.73,25.51,1.83,15.85,14.55,7.7,6.9,53.8,11.47,92.31
2019-03-05,92.6,31.6,72.07,3.61,779.78,32.35,49.0,99.34,16.3,61.14,,21.46,19.08,24.8,106.38,5.82,15.45,17.63,21.28,54.08,,12.24,4.42,72.12,20.09,3.84,7.46,47.08,34.26,11.35,6.73,27.74,4.88,16.68,13.92,20.11,7.87,10.9,41.03,77.77,11.88,21.1,11.98,52.7,11.48,27.92,35.78,13.06,53.3,23.49,31.65,34.62,9.15,15.13,5.04,3.8,11.27,15.3,56.9,11.13,132.6,8.1,10.36,12.58,3.9,7.3,24.89,19.12,7.44,6.36,118.24,42.94,19.83,25.09,8.93,6.75,12.25,20.66,22.37,15.92,6.09,20.84,6.63,17.53,38.85,4.39,9.45,38.5,9.72,37.0,8.8,27.57,6.17,46.75,7.73,82.97,24.74,32.43,6.85,4.21,17.07,27.49,4.72,11.93,9.27,38.45,18.01,6.55,14.71,,,55.3,8.83,54.18,5.11,78.0,30.29,4.47,8.03,,14.68,2.46,20.82,33.85,30.71,33.55,37.55,62.4,26.03,1.84,16.08,15.36,7.71,6.99,54.0,11.91,101.54
2019-03-06,91.2,31.2,72.16,3.7,768.0,32.22,49.1,98.28,16.86,65.17,,20.99,19.28,26.7,106.95,5.85,16.72,17.2,22.22,54.44,,11.98,4.3,71.25,20.77,3.85,7.54,47.1,34.08,11.2,6.69,27.32,5.07,17.36,14.7,20.72,7.98,10.72,41.18,76.99,12.0,21.22,12.02,55.94,11.57,28.3,36.44,13.08,53.3,24.4,31.3,34.94,9.07,15.0,5.2,4.02,11.23,15.45,61.5,11.39,130.85,8.13,10.31,12.7,3.93,7.33,25.15,19.11,7.76,6.41,118.42,44.4,20.1,27.6,9.03,6.75,12.88,20.47,22.38,15.92,6.13,20.84,6.65,17.26,38.25,4.58,9.6,38.88,9.72,36.91,9.08,26.7,6.47,46.64,8.04,87.5,25.8,33.03,6.92,4.26,17.82,28.39,4.78,12.78,9.21,39.64,18.85,6.69,15.23,,,55.1,8.9,53.59,5.14,77.3,30.4,4.48,8.04,,14.96,2.56,20.87,33.83,31.48,33.35,38.6,61.67,26.07,2.02,16.52,15.4,7.82,6.92,54.09,11.7,104.5
2019-03-07,87.89,30.3,70.29,3.77,748.6,31.3,47.56,95.38,16.69,67.8,,20.53,18.74,26.76,104.5,5.76,17.19,16.76,21.33,53.38,,11.58,4.2,70.38,21.81,3.8,7.55,45.74,32.76,10.74,6.57,26.53,5.15,16.86,14.86,20.15,7.94,10.54,39.58,73.97,11.63,20.91,11.88,56.01,11.22,27.55,35.15,12.74,51.54,24.45,30.4,34.01,8.96,14.7,5.28,3.91,11.0,16.03,59.37,11.8,127.3,8.15,10.2,12.71,3.89,7.2,24.71,18.76,7.87,6.32,113.2,44.26,19.91,29.18,9.19,6.65,12.75,20.1,23.28,15.92,6.08,20.4,6.56,16.7,37.99,4.69,9.39,37.99,9.63,36.49,9.09,26.0,6.36,47.88,8.14,86.22,25.59,32.75,6.86,4.2,18.1,28.27,4.84,12.66,9.1,40.17,19.15,6.94,15.74,,,52.77,8.79,51.58,5.56,75.66,29.55,4.36,8.04,,15.48,2.82,20.55,33.43,30.35,33.15,38.4,61.5,25.82,2.07,16.8,14.92,7.78,6.81,52.45,11.54,101.0
2019-03-08,84.97,29.79,68.7,3.55,737.5,30.78,45.8,93.56,16.66,72.65,,20.7,17.9,24.08,105.9,5.59,15.82,16.45,19.3,51.12,,11.49,4.02,69.66,20.01,3.69,7.11,44.51,32.93,10.83,6.3,26.35,4.76,16.18,14.6,19.79,7.66,10.3,37.49,71.44,10.88,20.02,11.5,60.18,11.08,26.12,34.4,12.3,54.6,22.01,29.21,32.66,8.63,15.9,4.9,3.63,10.41,16.91,58.4,10.85,125.81,7.78,9.95,12.05,3.75,6.91,23.86,18.94,7.3,6.03,118.29,46.22,19.15,26.4,8.49,6.4,13.0,19.04,22.8,15.7,5.85,19.57,6.3,15.72,37.85,4.32,8.81,39.54,9.14,34.64,8.69,25.31,6.03,50.19,7.8,81.9,24.42,31.9,6.47,3.95,16.3,25.94,4.52,12.42,10.01,37.63,17.39,6.47,14.5,,,51.2,8.45,49.88,5.02,74.85,29.8,4.17,7.53,,14.67,2.83,19.63,31.85,28.16,31.6,35.36,59.55,24.91,1.91,15.53,14.31,7.38,6.47,49.15,11.93,106.0
2019-03-11,87.92,30.65,68.79,3.61,758.54,30.53,46.58,96.35,16.47,71.5,,21.3,17.92,24.09,108.11,5.61,16.32,17.29,19.92,52.37,,12.0,4.14,70.3,20.23,3.71,7.27,45.37,33.65,11.89,6.32,26.81,4.85,16.86,15.68,21.03,7.71,10.44,39.07,76.0,11.97,20.11,11.47,61.0,11.18,28.08,35.5,12.32,54.69,22.17,30.4,32.79,8.71,15.61,5.18,3.9,10.63,18.6,62.18,11.19,130.67,8.56,10.38,12.13,3.79,6.97,24.16,20.83,7.45,6.1,129.5,47.21,19.5,26.96,8.65,6.43,14.3,19.53,25.0,16.42,5.87,19.98,6.31,16.14,39.45,4.41,9.27,41.2,9.25,36.1,8.75,27.84,6.17,52.68,7.83,82.32,25.5,31.99,6.88,4.15,16.79,26.83,4.67,12.92,11.01,38.42,17.71,6.71,14.96,,,54.0,8.49,51.45,5.14,75.01,30.51,4.17,8.28,,15.21,2.84,20.23,32.54,28.8,33.36,36.59,61.0,25.88,1.96,15.94,15.42,7.41,6.64,49.86,12.86,106.95
2019-03-12,91.07,30.99,69.25,3.6,745.01,30.66,46.16,95.74,16.35,78.65,,21.83,17.97,24.68,114.0,5.62,16.18,17.52,20.32,51.99,,11.96,4.12,69.81,20.53,3.74,7.37,44.8,33.48,11.71,6.34,26.89,4.85,17.13,15.54,22.07,7.75,10.5,38.77,75.3,12.15,20.12,11.44,64.24,11.76,27.5,36.11,12.36,56.35,22.67,31.09,32.63,8.72,16.12,5.1,3.85,10.63,17.77,61.7,11.3,128.24,8.7,10.35,12.07,3.83,7.01,24.22,22.91,7.53,6.13,130.61,48.25,19.5,27.98,8.66,6.45,14.42,19.7,25.45,17.02,5.98,21.4,6.32,15.87,39.19,4.38,9.24,45.32,9.3,36.31,8.77,27.82,6.2,54.48,7.86,90.55,27.5,32.2,7.5,4.14,17.01,26.95,4.69,12.78,10.81,38.22,17.78,6.84,15.27,,,53.24,8.5,50.76,5.14,74.25,30.6,4.18,8.27,,15.37,2.86,20.39,33.55,28.6,34.03,36.74,60.14,26.69,1.95,15.85,15.6,7.48,7.0,50.52,12.84,106.87
2019-03-13,88.08,29.3,71.54,3.56,754.0,31.04,46.23,94.5,16.04,72.0,,21.2,18.17,23.92,104.5,5.58,15.32,16.21,19.43,52.0,,11.57,3.93,69.88,20.1,3.71,7.27,44.95,32.0,11.08,6.36,26.37,4.83,17.58,14.7,21.79,7.69,10.23,38.14,76.5,12.0,19.97,11.44,58.3,11.51,26.39,34.7,12.37,51.12,22.15,28.68,32.77,8.68,15.07,4.96,3.7,10.6,16.57,59.1,11.48,127.28,8.41,10.01,12.11,3.8,6.95,24.01,23.4,7.26,6.08,117.55,45.08,19.57,25.3,8.91,6.44,13.4,19.16,26.05,16.48,5.89,21.23,6.32,16.06,36.48,4.3,8.93,40.79,9.3,35.44,8.63,27.61,6.05,49.03,7.74,88.0,27.52,32.2,7.13,4.05,16.77,29.64,4.61,12.55,10.01,38.94,18.03,6.71,15.14,,,52.35,8.46,50.45,4.94,73.09,30.68,4.16,8.47,,15.12,2.75,19.96,32.78,28.74,33.83,38.31,59.93,26.54,1.93,15.58,15.23,7.39,6.74,49.82,12.5,99.29
2019-03-14,88.95,28.95,72.8,3.45,778.0,31.45,46.41,92.34,16.29,69.1,,21.32,18.19,23.37,100.5,5.57,14.73,16.48,19.41,54.57,,11.52,3.81,70.06,19.22,3.7,7.01,45.46,31.62,11.29,6.37,26.32,4.75,17.64,14.62,21.8,7.67,10.18,38.58,77.15,11.69,19.85,11.46,57.96,11.66,26.37,34.63,12.43,49.77,21.93,28.25,32.61,8.7,14.04,4.92,3.75,10.53,16.06,58.39,11.29,130.45,8.18,9.93,12.06,3.79,6.95,24.22,21.15,7.12,6.07,119.8,43.6,19.52,24.36,8.62,6.44,12.65,19.5,24.68,16.11,5.93,21.24,6.28,16.1,35.82,4.24,8.58,37.23,9.16,35.3,8.36,27.15,5.94,48.59,7.64,82.9,27.05,30.94,6.95,4.07,16.27,30.93,4.59,12.34,9.7,39.1,17.33,6.59,14.86,,,53.18,8.41,51.43,4.88,74.16,32.15,4.13,8.26,,14.6,2.59,19.03,32.16,28.38,33.25,38.84,60.14,25.85,1.86,15.41,14.64,7.3,6.73,50.0,11.88,96.09
2019-03-15,89.83,29.37,73.85,3.48,777.3,31.67,47.93,93.65,16.28,68.38,,22.45,18.44,23.81,98.0,5.58,14.86,16.52,19.25,55.39,,11.49,3.82,71.52,19.25,3.71,7.04,46.92,31.12,11.1,6.38,26.59,4.76,18.0,14.9,22.51,7.7,10.67,41.03,78.78,12.23,19.98,11.43,58.24,12.38,26.65,35.85,12.5,52.98,22.52,28.38,32.89,8.72,13.81,5.03,3.75,10.69,16.09,58.09,11.69,135.3,8.32,9.93,12.08,3.79,7.03,24.25,21.5,7.19,6.12,118.82,44.02,19.47,24.09,8.68,6.45,12.71,19.38,24.47,16.35,5.94,21.6,6.26,16.86,36.0,4.29,8.65,38.4,9.21,35.99,8.39,27.5,6.01,47.38,7.68,83.46,27.06,30.5,6.91,4.27,16.48,31.03,4.64,12.36,9.78,39.24,17.57,6.88,15.22,,,55.01,8.44,53.27,4.92,75.18,33.01,4.13,8.36,,14.88,2.62,19.14,31.9,28.75,32.96,38.57,60.95,25.56,1.87,15.7,15.26,7.32,6.76,51.25,11.89,94.88
2019-03-18,89.28,29.92,75.0,3.56,810.09,32.36,49.32,96.96,16.75,70.9,,23.58,18.65,24.63,101.79,5.65,15.19,16.52,19.97,55.66,,11.81,3.87,74.1,19.75,3.75,7.21,47.9,32.8,11.13,6.49,28.56,4.95,18.9,15.05,22.63,7.81,11.44,42.0,86.66,12.18,20.7,11.59,59.6,12.99,26.65,36.51,12.91,58.28,23.36,29.19,33.45,9.0,14.28,5.18,3.76,11.05,16.26,59.26,11.87,132.0,8.45,10.19,12.22,3.84,7.15,24.45,21.76,7.41,6.37,122.33,44.35,19.85,24.9,8.82,6.54,12.93,19.29,24.57,16.59,6.06,22.53,6.36,17.26,36.29,4.4,8.8,40.8,9.44,36.26,8.54,28.01,6.12,51.37,7.94,88.8,27.34,30.97,7.07,4.58,16.8,31.46,4.74,12.85,9.81,42.04,17.8,6.97,15.69,,,60.0,8.59,58.6,5.03,79.88,33.9,4.22,8.65,,15.27,2.68,19.56,32.57,29.6,33.62,38.99,62.9,25.89,1.95,16.06,14.99,7.57,6.99,52.6,12.07,96.0
2019-03-19,88.6,29.48,75.35,3.55,792.61,32.03,49.25,97.48,16.94,71.66,,23.64,18.61,24.23,104.59,5.65,15.26,16.82,19.6,55.99,,11.97,3.95,72.1,19.61,3.74,7.17,47.21,32.18,11.19,6.44,28.05,4.93,19.16,14.94,23.84,7.8,11.21,42.0,86.0,12.1,20.51,11.55,62.09,12.8,26.85,36.18,12.79,58.19,22.99,29.03,33.06,8.89,14.3,5.13,3.83,10.76,16.58,58.28,11.89,131.2,8.48,10.18,12.18,3.81,7.14,24.78,22.27,7.37,6.28,121.06,44.59,20.1,25.25,8.86,6.5,12.98,19.67,24.0,16.3,6.05,22.36,6.32,17.09,37.22,4.37,8.86,40.7,9.36,35.65,8.57,27.21,6.3,51.57,7.96,86.3,27.54,31.1,7.1,4.49,16.67,30.53,4.67,12.74,9.95,40.98,17.59,7.25,16.11,,,58.51,8.57,59.16,4.99,78.14,33.2,4.18,8.55,,15.24,2.66,19.73,33.65,29.57,33.41,38.7,62.89,26.23,1.92,15.95,14.68,7.51,6.81,52.08,12.08,95.35
2019-03-20,87.17,29.0,76.55,3.54,792.8,32.27,48.9,94.21,16.84,69.35,,23.48,18.55,24.56,101.38,5.61,15.06,16.53,19.87,55.4,,11.89,3.91,72.72,19.7,3.73,7.16,46.61,32.22,11.12,6.48,27.96,4.88,18.31,14.52,22.48,7.77,11.74,41.27,85.7,11.74,20.5,11.55,61.7,13.1,26.23,35.28,12.75,55.85,23.1,28.98,32.66,8.89,14.13,5.31,3.82,11.0,16.35,57.61,11.54,132.13,8.64,10.07,12.16,3.79,7.14,24.5,21.86,7.67,6.25,118.59,43.54,20.86,24.95,8.85,6.48,12.79,19.82,23.63,16.17,6.0,22.22,6.32,16.72,36.82,4.38,8.68,38.42,9.3,35.51,8.45,26.73,6.22,49.37,8.02,88.48,26.78,30.63,7.18,4.52,16.74,30.0,4.71,12.86,9.69,39.88,17.63,7.11,15.74,,,57.7,8.53,60.91,5.18,78.55,33.48,4.18,8.42,,15.23,2.64,19.75,33.11,29.42,32.6,37.7,63.7,25.84,1.91,15.89,16.05,7.45,7.09,52.3,11.74,93.9
2019-03-21,87.12,29.11,75.8,3.64,785.75,31.98,48.24,94.34,16.84,70.42,,23.36,18.29,24.9,102.19,5.59,15.3,18.18,20.24,55.05,,12.48,3.93,72.4,19.99,3.71,7.13,46.27,32.08,11.05,6.4,27.63,4.87,18.63,14.61,22.33,7.82,11.76,41.05,84.9,11.68,20.68,11.46,61.71,13.12,,35.14,12.69,55.75,23.27,28.9,33.1,8.86,14.45,5.25,3.81,10.79,16.75,57.81,11.56,130.21,8.59,10.14,12.13,3.79,7.07,24.35,22.09,7.6,6.23,119.9,44.49,20.69,25.62,8.82,6.45,12.86,19.8,24.2,16.15,6.01,22.77,6.28,16.68,36.88,4.36,8.84,38.73,9.3,35.11,8.69,26.7,6.25,50.57,8.05,97.0,27.04,32.19,7.13,4.49,16.91,30.04,4.75,12.74,9.87,39.71,17.78,7.16,15.75,,,56.83,8.5,60.02,5.15,77.74,32.9,4.14,8.46,,15.59,2.67,19.76,32.98,29.4,33.46,37.81,63.9,25.92,1.92,16.33,,7.42,7.03,55.22,11.84,94.6
2019-03-22,86.58,29.3,74.72,3.59,794.0,32.35,48.6,96.87,17.12,71.36,,24.5,18.1,24.8,104.0,5.58,15.09,18.24,19.85,57.0,,12.63,4.07,73.13,19.87,3.72,7.08,46.16,33.04,10.88,6.39,27.92,4.78,19.56,14.87,22.2,7.77,11.6,41.56,86.05,11.46,21.13,11.39,61.7,12.87,,34.6,12.59,54.65,22.94,28.22,33.14,9.0,14.79,5.27,4.04,10.84,16.45,58.89,11.56,130.4,8.53,10.12,12.02,3.8,7.03,24.23,21.74,7.69,6.25,119.9,43.92,20.68,25.18,8.73,6.42,13.43,19.53,24.3,16.14,5.98,22.3,6.27,16.67,36.41,4.32,8.82,37.58,9.24,34.54,8.57,25.89,6.23,50.67,8.0,96.03,28.25,32.0,7.0,4.5,16.73,29.58,4.8,12.59,10.15,38.74,17.52,7.07,15.7,,,57.69,8.51,61.03,5.06,77.81,33.29,4.11,8.77,,15.43,2.65,19.46,33.28,28.89,34.99,36.98,64.25,26.7,1.91,16.05,,7.41,6.94,55.55,12.26,94.1
2019-03-25,89.0,29.15,72.29,3.52,775.6,31.17,46.69,93.65,16.92,71.11,,23.52,17.51,23.7,102.9,5.47,14.67,17.78,18.79,56.5,,12.34,4.05,71.2,19.21,3.66,6.97,44.99,32.94,10.88,6.2,27.17,4.61,20.54,14.7,22.0,7.6,11.2,40.43,82.81,11.18,19.97,11.03,66.04,12.31,,33.9,12.11,53.4,21.81,28.33,32.91,8.74,14.97,5.13,4.44,10.59,16.49,56.9,11.1,127.45,8.36,10.2,11.78,3.73,6.84,23.95,20.87,7.38,6.06,118.76,43.37,20.45,25.19,8.57,6.29,13.07,19.17,23.6,15.95,5.82,22.08,6.11,16.35,35.93,4.2,8.6,37.67,9.09,34.92,8.73,25.5,6.17,52.67,7.75,93.21,26.81,32.42,6.81,4.36,16.16,28.75,4.68,12.27,9.82,37.45,17.07,6.92,15.2,,,56.35,8.36,59.71,4.84,75.05,32.15,4.02,8.52,,15.37,2.58,19.91,34.56,27.32,34.43,36.27,62.61,27.46,1.86,15.53,,7.2,6.61,51.95,12.3,90.93
2019-03-26,85.3,27.13,72.69,3.5,773.0,31.49,46.57,89.45,17.05,68.0,,22.6,17.53,22.91,100.0,5.45,14.24,17.62,18.35,55.25,,11.97,3.85,71.55,18.78,3.67,6.9,44.8,30.5,10.59,6.19,27.35,4.51,19.86,13.94,21.19,7.54,11.24,41.03,84.47,11.22,19.42,11.09,63.88,12.09,,33.92,12.1,55.1,20.99,27.13,33.32,8.66,14.0,5.01,4.1,10.51,15.86,53.07,10.9,127.98,8.12,9.86,11.71,3.72,6.81,24.02,20.81,6.95,5.98,112.6,41.38,19.83,24.98,8.35,6.26,12.46,18.89,22.58,15.29,5.7,22.76,6.08,16.43,35.16,4.08,8.23,37.89,8.99,35.3,8.86,25.33,6.03,52.3,7.68,96.41,25.29,32.84,6.58,4.24,15.66,28.86,4.56,11.85,9.64,37.43,16.42,6.71,14.8,,,56.9,8.24,59.16,4.73,77.5,31.64,4.0,8.25,,14.91,2.51,18.94,32.77,26.9,32.43,36.11,63.65,26.3,1.8,15.26,,7.1,6.5,51.09,11.68,89.12
2019-03-27,83.41,26.74,74.22,3.47,788.5,32.4,47.57,90.35,16.76,68.11,,22.95,17.63,22.97,98.1,5.51,14.25,17.5,18.41,54.71,,12.95,3.8,74.36,18.91,3.69,7.01,45.6,30.87,11.38,6.18,28.2,4.48,20.3,13.84,21.18,7.55,11.77,44.77,87.98,11.39,19.46,11.08,60.0,12.3,,34.47,12.38,55.76,20.98,26.67,33.45,8.72,13.7,5.03,4.15,10.54,15.73,52.9,10.9,128.61,8.16,9.77,11.72,3.73,6.9,24.2,21.06,6.8,6.0,114.81,41.29,20.18,23.8,8.39,6.25,12.36,18.71,22.83,15.82,5.72,22.6,6.09,16.92,34.84,4.09,8.3,37.84,8.97,35.96,8.79,25.13,6.0,53.8,7.72,94.91,25.74,32.42,6.63,4.33,15.48,27.61,4.65,12.09,10.16,36.06,16.58,6.7,14.75,,,57.97,8.25,61.54,4.75,81.48,33.0,4.02,8.7,,15.05,2.51,18.85,32.53,26.99,30.89,34.88,65.47,26.07,1.79,15.31,,7.13,6.38,51.82,11.38,88.75
2019-03-28,83.2,27.83,73.4,3.45,806.8,32.52,47.14,90.4,16.94,68.19,,23.32,17.53,22.83,98.3,5.45,14.3,17.8,18.01,52.77,,13.1,3.82,64.65,18.8,3.67,6.95,45.63,30.7,11.11,6.11,28.3,4.53,,13.6,20.61,7.49,11.44,43.7,90.3,11.1,19.23,11.03,57.83,12.06,,33.9,12.22,59.83,21.08,29.34,32.74,8.7,13.68,5.17,4.02,10.48,15.59,54.52,10.78,130.84,8.01,9.79,11.7,3.71,6.82,23.96,20.7,6.63,5.96,118.9,41.54,20.21,23.78,8.32,6.2,12.08,19.46,22.46,15.31,5.64,23.14,6.05,16.48,35.19,4.06,8.31,38.47,9.09,35.6,8.61,25.58,5.91,49.77,7.67,91.25,25.74,31.63,6.63,4.24,15.2,26.71,4.71,11.85,10.02,36.19,16.5,6.51,14.63,,,58.12,8.17,64.39,4.7,82.53,31.81,4.0,8.36,,14.85,2.47,19.2,32.12,26.38,30.28,34.45,67.79,25.88,1.76,15.12,,7.08,6.31,50.8,11.33,89.9
2019-03-29,85.0,27.83,77.1,3.51,853.99,33.92,48.73,93.82,16.87,70.49,,24.8,18.17,24.78,101.59,5.57,14.75,18.99,19.38,53.49,,13.24,3.9,65.42,20.15,3.73,7.13,47.21,31.91,11.53,6.24,29.11,4.66,,13.81,20.74,7.6,11.85,45.53,95.0,10.99,19.61,11.28,60.28,12.78,,35.07,12.82,63.31,22.41,29.2,34.04,8.91,14.11,5.28,4.06,10.7,15.44,55.5,11.15,134.3,8.28,9.95,11.98,3.77,6.95,24.33,21.11,6.75,6.12,124.41,43.59,21.24,25.0,8.61,6.34,12.43,19.53,24.38,15.67,5.74,23.79,6.2,17.11,36.29,4.19,8.59,40.6,9.1,36.62,8.55,26.1,6.05,49.39,7.91,99.85,26.74,31.08,6.79,4.4,16.17,27.59,4.88,12.03,10.5,37.49,17.52,6.68,15.08,,,60.47,8.34,66.58,4.88,86.7,32.55,4.1,8.62,,14.89,2.56,19.73,32.76,28.32,31.15,35.16,70.08,26.4,1.83,15.6,14.55,7.23,6.27,53.69,11.57,93.3
2019-04-01,86.35,28.26,78.6,3.65,859.0,34.08,52.93,95.06,16.9,73.57,,25.63,18.65,25.28,104.2,5.64,15.56,19.82,20.25,54.45,,13.54,4.01,65.75,20.43,3.77,7.27,,33.35,12.68,6.32,29.77,4.95,,14.38,21.99,7.69,12.18,46.99,96.57,12.09,20.15,11.44,63.7,12.95,,36.85,13.18,69.64,22.75,30.0,34.79,9.47,14.67,5.49,4.16,11.28,15.98,57.73,11.5,135.48,8.5,10.25,12.19,3.83,7.14,24.75,21.69,7.05,6.24,131.25,44.7,22.2,26.96,8.75,6.46,12.82,19.8,26.82,16.47,5.84,25.81,6.28,18.08,37.39,4.44,8.97,43.0,9.25,37.29,8.71,28.28,6.39,54.33,8.19,109.84,28.63,31.43,6.98,4.51,16.38,28.98,4.99,12.52,10.8,40.0,17.92,6.97,15.58,,,60.94,8.48,67.3,5.37,86.54,33.12,4.16,9.02,,15.41,2.74,20.5,33.45,28.82,32.06,36.59,69.98,26.99,1.89,16.65,14.6,7.54,6.64,55.65,12.12,94.16
2019-04-02,84.98,28.77,78.96,3.66,850.0,34.49,51.9,94.01,16.92,72.91,,25.26,18.81,25.2,108.21,5.66,16.01,19.47,20.45,54.68,,13.27,3.97,65.28,20.29,3.75,7.22,,32.89,12.38,6.28,29.31,5.03,,14.18,21.43,7.66,12.56,47.55,96.06,12.24,19.97,11.44,64.25,12.63,,36.59,13.36,67.68,22.42,29.9,34.82,9.43,14.72,5.49,4.1,11.43,16.17,56.61,11.8,133.53,8.5,10.19,12.17,3.83,7.16,24.63,21.77,7.13,6.19,128.73,46.51,22.36,26.53,8.67,6.45,12.8,19.68,28.56,16.47,5.81,26.28,6.26,17.87,37.83,4.46,8.95,41.45,9.19,36.88,8.77,28.02,6.41,56.34,8.34,111.81,28.21,31.9,6.94,4.49,16.3,29.74,4.92,12.55,10.79,41.79,17.85,7.04,15.87,,,59.74,8.46,66.51,5.49,85.15,32.2,4.15,9.0,,15.59,2.73,20.41,33.6,28.9,31.93,37.33,70.42,26.95,1.9,16.55,14.09,7.58,6.6,55.84,12.19,92.73
2019-04-03,84.48,28.51,79.86,3.7,844.5,34.86,52.2,94.22,16.89,73.25,,25.81,18.98,26.16,,5.7,16.08,19.47,20.88,54.39,,13.22,3.97,65.58,20.96,3.74,7.25,,32.9,12.62,6.3,29.33,5.01,,14.23,21.48,7.73,12.6,46.83,95.4,12.23,20.16,11.5,64.07,12.92,,36.46,13.44,66.97,23.32,29.85,35.27,9.53,14.74,6.04,4.11,11.65,16.13,56.29,11.64,132.55,8.59,10.41,12.34,3.84,7.23,25.07,21.22,7.2,6.34,126.84,45.62,22.8,26.72,8.72,6.5,12.85,19.26,28.34,17.21,5.86,26.38,6.29,18.17,37.41,4.48,9.13,41.21,9.36,37.3,8.76,27.85,6.39,57.92,8.39,122.99,28.1,31.7,6.98,4.57,16.81,29.5,5.41,12.67,10.7,42.25,18.49,7.06,15.7,,,59.4,8.52,65.7,5.6,85.3,31.93,4.17,8.98,,15.95,2.72,20.57,33.74,28.9,31.33,37.25,71.62,27.11,1.9,16.66,13.96,7.78,6.69,57.11,13.3,90.17
2019-04-04,84.17,27.68,80.2,3.73,865.0,35.59,53.65,93.12,16.8,71.0,,25.6,19.28,26.0,119.03,5.81,15.84,19.54,20.55,55.19,,13.21,3.98,66.14,21.12,3.79,7.36,,32.1,12.53,6.33,29.78,5.07,,14.29,21.74,7.73,13.26,47.43,100.23,12.22,20.48,11.71,65.3,13.36,28.85,35.77,13.86,69.83,23.62,29.98,35.62,9.93,14.82,6.32,4.08,11.86,15.99,55.23,11.78,131.7,8.57,10.39,12.43,3.89,7.44,25.09,21.4,7.46,6.31,125.5,45.3,23.3,26.66,8.85,6.56,13.01,18.98,28.11,16.92,5.93,26.34,6.35,18.24,37.3,4.55,9.17,42.6,9.39,36.03,8.84,27.74,6.38,57.3,8.62,119.08,28.02,31.85,6.91,4.72,16.93,29.44,5.27,12.52,10.47,43.16,18.4,7.02,15.76,,,61.43,8.53,67.9,5.73,86.57,32.52,4.23,9.44,,15.7,2.72,20.96,33.89,29.35,30.89,37.44,72.35,27.13,1.89,16.67,13.71,7.76,7.09,59.11,12.67,90.24
2019-04-08,82.29,27.8,80.59,3.75,900.2,35.93,54.18,92.28,16.55,66.9,,25.0,19.46,25.31,112.27,5.82,15.62,18.65,20.09,53.44,,12.98,3.88,63.98,20.53,3.79,7.42,,31.6,12.08,6.37,28.62,5.09,22.33,13.84,21.21,7.77,14.51,50.3,102.0,12.0,20.53,11.72,63.0,13.8,28.79,35.52,13.96,67.39,22.98,29.24,36.0,9.85,14.11,6.03,4.0,12.35,15.39,52.5,11.8,128.97,8.55,10.17,12.6,3.9,7.38,24.88,20.9,7.59,6.39,122.53,43.9,23.79,25.45,8.95,6.61,12.87,19.07,26.3,16.83,6.03,26.04,6.41,18.1,36.17,4.64,8.97,41.28,9.35,36.27,8.8,27.09,6.34,56.32,9.0,130.99,28.44,31.63,6.77,4.83,16.53,30.07,5.11,12.62,10.09,42.44,18.08,7.15,15.87,,,61.0,8.59,68.99,6.18,86.5,32.38,4.26,10.13,,15.6,2.74,20.26,33.32,30.12,33.61,37.85,72.11,26.63,1.94,17.09,13.49,7.98,7.21,60.0,12.36,88.93
2019-04-09,83.91,29.65,81.1,3.69,905.0,35.23,55.01,94.08,16.53,67.25,,24.9,19.1,25.41,110.35,5.78,16.21,19.02,19.9,54.93,,13.17,3.88,64.82,20.58,3.78,7.33,51.93,31.63,12.23,6.34,31.0,4.96,24.56,13.99,21.2,7.73,13.86,50.29,110.02,11.93,20.22,11.54,61.08,13.56,28.39,35.34,13.81,66.68,22.76,30.2,35.42,9.69,14.12,5.93,4.05,12.02,15.64,53.56,11.52,130.15,8.55,10.22,12.46,3.87,7.33,25.46,21.07,7.51,6.47,124.1,44.25,23.25,25.73,8.9,6.56,13.32,18.71,26.49,16.52,5.96,26.47,6.41,18.47,36.2,4.5,9.0,40.16,9.4,35.93,8.73,,6.36,55.31,8.88,127.8,28.66,30.99,6.8,4.87,16.4,29.38,5.18,12.42,10.23,,18.15,7.03,15.55,,,60.8,8.47,69.09,5.77,87.5,32.2,4.24,9.56,,15.79,2.7,20.33,33.26,29.36,32.11,37.01,73.23,26.55,1.9,16.84,13.8,7.84,7.19,58.82,12.36,87.52
2019-04-10,82.24,30.4,82.03,3.68,947.99,35.07,54.72,97.6,16.58,66.68,,25.24,19.18,24.95,107.8,5.75,15.9,18.91,19.21,55.52,,13.03,3.92,65.73,20.36,3.77,7.3,57.12,31.7,12.15,6.3,31.49,4.95,27.02,13.82,21.15,7.69,13.86,49.1,107.0,11.67,20.24,11.48,60.08,14.0,27.63,35.05,13.73,66.2,22.65,31.5,35.11,9.75,14.0,5.9,4.02,11.81,15.36,53.0,11.49,130.49,8.52,10.56,12.48,3.86,7.31,27.0,20.9,7.46,6.53,121.9,43.9,23.14,25.54,8.79,6.53,13.1,18.74,29.14,17.28,5.9,25.22,6.38,18.14,36.02,4.47,8.4,40.1,9.33,35.93,8.91,,6.33,54.8,9.06,115.02,28.56,31.44,6.77,5.1,16.3,29.27,5.16,12.43,10.11,,18.38,7.01,15.44,,,61.75,8.5,72.7,5.72,88.6,32.0,4.17,9.53,,16.23,2.67,19.92,33.56,29.07,31.41,36.68,72.4,26.33,1.88,16.49,13.68,7.81,7.27,58.62,12.34,87.0
2019-04-11,80.72,29.4,80.71,3.61,925.2,34.96,52.44,94.88,16.75,63.76,,24.33,18.91,24.42,103.95,5.73,15.67,18.19,19.13,54.93,,13.15,3.84,63.98,20.16,3.73,7.23,55.2,30.85,11.66,6.29,30.32,4.89,29.72,13.58,20.88,7.62,13.2,46.73,99.8,12.1,19.88,11.47,58.65,13.18,26.61,34.16,13.54,66.77,22.02,30.39,34.85,9.16,13.56,5.88,3.91,11.66,15.09,51.69,11.29,128.98,8.74,10.16,12.37,3.86,7.23,26.32,21.49,7.35,6.35,117.0,42.63,23.14,24.39,8.7,6.49,12.94,18.8,28.49,16.62,5.83,25.27,6.31,17.44,35.01,4.34,8.17,40.29,9.25,35.35,8.66,,6.33,52.0,8.76,110.66,27.94,30.76,6.62,4.96,15.98,29.85,5.14,12.06,9.82,,18.04,6.85,15.15,,,57.61,8.37,70.5,5.6,86.41,30.95,4.13,9.21,,15.6,2.64,19.28,33.0,28.65,30.8,36.81,72.25,26.48,1.85,16.17,13.01,7.68,6.98,58.53,11.76,85.28
2019-04-12,81.98,28.75,80.44,3.55,914.0,34.8,51.29,96.25,16.88,64.61,,24.98,18.98,24.27,102.0,5.73,15.71,18.23,19.16,54.09,,13.09,3.83,64.62,20.29,3.74,7.22,54.55,30.46,11.66,6.29,30.0,4.85,26.87,13.59,21.05,7.64,13.4,46.36,99.62,12.17,19.92,11.49,59.07,12.98,26.92,34.5,13.42,68.1,22.11,30.26,34.99,9.21,13.53,5.97,3.84,11.49,15.33,50.96,11.22,129.31,8.64,10.05,12.51,3.87,7.22,26.32,21.65,7.54,6.4,117.5,43.14,22.96,24.63,8.7,6.51,12.61,19.06,27.72,16.2,5.82,25.12,6.33,17.22,35.03,4.3,8.26,40.73,9.23,34.98,8.47,,6.36,51.11,8.85,111.31,27.93,30.19,6.62,5.12,16.01,28.52,5.2,12.28,9.87,,18.27,6.91,15.17,,,56.88,8.42,69.6,5.49,85.18,30.8,4.14,9.21,,15.9,2.62,19.2,33.1,28.59,30.84,34.82,71.38,26.21,1.84,16.28,12.86,7.57,7.0,57.19,12.55,84.91
2019-04-15,80.97,27.9,81.66,3.52,907.0,34.82,51.5,93.01,16.61,63.64,,24.51,19.16,23.8,99.34,5.81,15.5,18.32,18.54,53.54,,13.7,3.83,63.35,20.06,3.78,7.26,56.7,31.42,11.75,6.29,30.0,4.85,26.95,13.49,21.01,7.61,12.93,46.22,100.6,11.99,20.01,11.47,58.81,12.87,27.23,34.02,13.69,68.33,21.62,30.5,35.94,9.15,13.57,5.91,3.83,11.37,15.7,52.15,11.09,125.59,8.53,10.03,12.41,3.89,7.37,26.05,21.16,7.21,6.51,114.75,43.4,23.22,25.8,8.71,6.5,12.62,18.71,26.59,17.18,5.81,24.88,6.3,17.15,34.71,4.35,8.06,39.5,9.22,34.65,8.45,,6.25,53.8,8.98,103.9,27.7,29.92,6.59,4.94,16.05,27.93,5.12,11.75,9.81,,17.87,6.87,15.02,,,57.11,8.45,67.55,5.53,84.0,30.43,4.17,9.01,,15.39,2.62,19.31,32.72,28.96,30.33,34.28,72.91,26.13,1.84,16.32,12.79,7.52,6.8,59.7,12.22,84.2
2019-04-16,82.27,29.9,85.01,3.63,939.9,36.0,52.88,93.9,16.78,66.91,,26.07,20.6,24.5,103.3,6.0,16.28,19.65,19.15,56.73,,14.49,3.89,64.86,20.42,3.89,7.49,58.24,34.56,12.69,6.5,30.87,4.96,26.15,13.87,21.1,7.73,13.35,47.71,102.21,12.3,20.4,11.95,60.07,13.22,28.31,34.6,14.58,67.21,22.04,33.55,37.55,9.37,13.94,5.96,3.94,11.89,16.37,55.15,11.48,126.1,8.38,10.43,12.89,4.0,7.73,26.45,21.27,7.22,6.68,124.77,45.48,23.6,27.62,9.05,6.69,13.05,18.87,27.42,17.23,5.9,25.34,6.5,17.63,35.26,4.52,8.25,37.93,9.35,35.05,8.54,,6.3,59.18,9.3,108.28,29.01,30.2,6.93,5.06,16.56,28.71,5.13,11.92,10.06,,18.23,7.13,15.34,,,58.7,8.55,69.02,5.94,85.8,31.14,4.34,9.14,,15.7,2.72,20.3,33.14,30.1,30.14,35.11,74.67,26.36,1.86,17.06,12.96,7.67,6.92,61.96,12.73,86.55
2019-04-17,86.11,29.33,84.48,3.59,952.0,35.83,53.0,93.94,16.78,65.8,,26.59,20.33,24.36,102.22,6.01,17.91,20.72,18.92,62.4,,14.1,3.99,64.53,20.22,3.88,7.49,57.46,35.59,12.43,6.47,30.78,4.91,26.89,13.82,21.27,7.68,13.96,47.48,103.62,13.06,20.28,11.91,59.3,13.11,28.17,34.59,14.35,69.25,21.81,34.08,37.5,9.48,14.32,5.92,3.96,11.75,16.26,54.07,11.47,127.77,8.4,10.31,12.77,4.03,7.76,26.99,21.73,7.39,6.62,123.72,44.84,23.11,26.99,8.97,6.64,13.04,18.81,29.5,17.66,5.88,25.13,6.48,17.78,34.96,4.52,9.08,40.39,9.38,35.27,8.51,23.4,6.3,58.52,9.16,106.42,31.91,30.16,6.85,5.07,16.68,29.37,5.07,11.95,10.26,,18.17,7.11,15.32,,,59.25,8.5,69.53,6.06,86.18,31.06,4.38,9.19,,15.84,2.69,19.98,33.1,29.84,31.7,35.99,76.18,26.38,1.86,17.04,13.3,7.66,6.85,62.28,12.68,86.33
2019-04-18,84.65,30.39,84.3,3.56,945.5,35.5,53.42,92.95,16.68,64.96,,26.05,20.13,24.28,99.57,5.94,19.61,20.15,18.87,59.32,,13.98,3.95,64.13,20.04,3.84,7.42,59.5,36.04,12.46,6.39,30.84,4.82,29.58,13.77,20.7,7.67,13.49,46.88,102.34,12.94,20.2,11.91,59.13,13.16,28.22,34.26,14.34,67.2,21.66,34.09,38.37,9.31,14.58,5.99,3.82,11.45,15.97,53.63,11.26,127.0,8.3,11.17,12.69,4.0,7.59,26.96,21.53,7.34,6.55,123.53,44.3,23.12,26.89,8.97,6.61,12.8,18.69,28.58,17.37,5.85,25.1,6.41,17.87,35.1,4.47,9.46,39.56,9.31,34.77,8.4,24.32,6.34,56.9,9.11,105.0,31.8,29.89,6.87,5.02,16.47,28.67,5.07,11.88,10.16,,17.96,7.15,15.24,,,60.01,8.47,69.15,5.98,86.29,31.09,4.31,9.25,,15.85,2.66,19.97,33.96,30.09,31.0,35.43,78.23,26.42,1.84,16.96,13.03,7.72,6.76,62.91,12.32,85.01
2019-04-19,83.2,30.53,87.0,3.57,952.56,36.0,55.08,92.95,16.77,64.5,,26.5,20.3,24.5,99.1,5.98,17.89,20.14,19.25,60.13,,14.09,3.95,64.45,20.21,3.85,7.41,65.0,34.7,12.52,6.42,31.14,4.85,31.46,13.71,20.85,7.66,13.78,47.32,101.66,13.21,20.49,12.01,59.83,13.13,28.25,34.9,14.73,66.3,21.92,36.49,39.39,9.5,14.37,6.01,3.82,11.55,16.14,53.62,11.37,127.91,8.36,11.4,12.79,4.03,7.62,27.2,21.6,7.27,6.6,125.68,44.94,23.39,27.15,9.01,6.63,13.26,18.73,28.61,17.37,5.87,25.11,6.4,18.36,35.0,4.54,9.51,39.3,9.4,34.9,8.44,24.37,6.31,56.13,9.16,106.51,30.66,29.91,7.15,5.08,16.71,28.53,5.03,11.76,10.27,,18.52,7.49,15.4,,,59.62,8.48,69.14,6.0,86.94,31.01,4.32,9.48,,16.03,2.67,21.05,33.64,31.38,30.91,35.08,78.64,26.43,1.86,16.79,12.89,7.74,6.94,64.43,12.53,87.85
2019-04-22,81.23,30.37,84.96,3.54,949.2,34.8,52.79,91.8,16.68,65.44,,26.01,19.37,23.79,100.11,5.83,17.08,19.91,18.73,57.71,,13.86,3.95,62.14,19.73,3.78,7.26,61.14,33.82,12.84,6.27,30.98,4.62,29.9,13.35,20.38,7.73,13.4,46.75,101.13,13.05,20.01,11.71,60.15,12.19,27.93,34.15,14.15,67.7,21.3,36.76,37.83,9.18,14.64,5.84,3.77,11.14,15.9,52.95,11.2,128.0,8.3,11.16,12.73,3.93,7.37,26.45,21.16,7.0,6.4,124.4,44.98,22.61,27.01,8.82,6.5,13.2,19.24,28.06,16.57,5.93,26.2,6.3,17.68,34.08,4.42,9.1,40.71,9.26,34.31,8.49,24.32,6.21,55.55,8.76,102.06,30.6,30.45,7.23,4.83,16.22,27.85,4.96,11.42,10.07,38.21,18.03,7.12,14.92,,,58.53,8.46,69.98,5.71,85.5,30.93,4.22,9.22,,15.54,2.63,20.78,33.34,29.88,30.2,34.7,78.0,26.29,1.83,16.36,12.65,7.58,6.85,62.0,12.11,88.03
2019-04-23,78.17,29.27,86.06,3.47,974.95,35.23,52.27,89.25,16.78,63.97,,26.6,19.41,23.95,100.3,5.81,17.18,20.0,18.83,56.96,,13.8,3.86,62.84,19.8,3.77,7.24,60.99,33.06,12.37,6.27,30.48,4.55,26.91,13.21,20.11,7.7,13.1,47.8,104.31,12.88,19.89,11.7,41.25,12.29,27.42,33.13,14.07,66.88,21.43,35.53,37.4,9.09,13.84,5.85,3.71,11.04,15.38,54.4,11.52,131.05,8.22,10.83,12.85,3.95,7.39,26.32,21.25,6.83,6.38,121.22,43.12,22.77,26.02,8.74,6.47,12.81,19.24,27.8,16.15,5.88,25.8,6.29,17.7,33.91,4.37,9.08,40.86,9.08,33.93,8.25,23.59,6.11,54.99,8.84,102.44,30.89,29.71,7.03,4.89,16.18,27.97,4.94,11.09,10.23,36.78,17.92,7.06,14.77,,,58.22,8.36,72.45,5.81,86.99,31.14,4.24,9.08,,15.03,2.6,21.74,32.36,30.13,29.53,34.64,77.4,25.65,1.82,16.11,12.35,7.55,7.11,61.03,11.75,94.35
2019-04-24,79.78,29.33,85.03,3.49,970.0,35.8,52.6,88.9,16.84,66.76,,27.05,19.4,24.18,105.03,5.81,16.93,19.2,19.07,58.15,,13.76,4.08,62.85,19.86,3.77,7.22,59.91,33.36,12.55,6.25,30.74,4.6,25.46,13.4,20.54,7.65,13.3,46.82,103.5,12.8,19.9,11.62,43.97,12.33,27.02,32.62,14.44,68.5,21.57,35.02,37.11,9.16,14.68,5.91,3.83,11.21,15.69,56.58,11.54,131.89,8.26,10.94,12.77,3.91,7.41,26.55,21.31,7.51,6.4,121.8,44.1,22.77,28.62,8.74,6.44,12.9,19.29,28.0,16.14,5.82,24.27,6.29,17.47,34.96,4.37,9.41,42.08,9.1,35.05,8.26,23.64,6.12,57.87,8.88,103.98,31.35,29.5,7.1,4.91,16.23,27.85,5.0,11.45,11.04,37.26,18.0,7.06,14.71,,,57.4,8.37,71.74,5.77,86.0,29.51,4.23,9.19,,15.18,2.61,22.43,32.12,29.7,29.83,34.02,78.83,25.74,1.81,16.24,12.52,7.56,7.03,60.81,11.93,96.05
2019-04-25,79.1,28.53,83.4,3.39,952.37,35.43,51.41,88.1,16.75,63.24,,26.95,19.25,23.5,99.67,5.73,16.17,18.3,18.26,56.16,,13.78,3.87,63.9,19.33,3.74,7.11,57.75,31.29,11.9,6.23,30.45,4.45,25.15,12.99,20.31,7.51,12.25,45.53,100.6,12.39,19.54,11.54,41.99,11.88,26.2,32.34,14.13,71.35,21.19,33.65,36.8,8.9,13.88,5.63,3.66,10.9,15.05,55.58,11.65,134.08,7.99,10.47,12.5,3.89,7.33,25.9,21.13,7.56,6.22,120.4,41.99,22.72,28.25,8.67,6.38,12.31,18.76,27.0,15.63,5.73,23.8,6.3,17.02,33.35,4.24,8.7,42.37,8.86,34.35,8.11,23.55,6.01,54.34,8.64,101.43,30.6,29.25,6.82,4.71,15.78,27.0,4.8,10.8,10.69,35.47,17.45,6.72,14.15,,,58.04,8.38,70.48,5.59,86.79,29.59,4.19,8.88,,14.4,2.5,21.13,30.9,29.49,28.92,33.26,79.32,24.92,1.78,15.57,12.12,7.23,6.54,59.86,11.21,93.07
2019-04-26,79.35,28.53,83.11,3.33,945.0,34.36,49.37,88.29,16.56,63.89,,26.06,18.95,23.59,96.7,5.71,16.01,17.7,18.19,55.36,,13.78,3.82,62.33,19.32,3.72,7.03,56.18,31.4,11.85,6.18,30.0,4.37,23.81,12.96,19.91,7.42,12.11,43.99,102.27,12.24,19.37,11.32,42.88,11.92,25.91,31.8,13.79,65.82,21.3,34.17,36.21,8.84,13.7,5.54,3.6,10.86,15.09,55.48,10.97,135.81,7.8,10.27,12.24,3.86,7.26,25.34,19.87,7.01,6.1,120.67,40.73,22.2,29.09,8.54,6.28,12.19,18.84,27.19,15.74,5.66,23.15,6.25,16.75,32.99,4.16,8.66,40.72,8.66,33.59,8.05,22.69,5.88,54.69,8.38,94.25,29.34,29.51,6.71,4.52,15.75,26.08,4.78,10.57,10.95,34.27,17.56,6.6,13.85,,,57.5,8.25,75.43,5.29,84.51,28.18,4.09,8.3,,15.84,2.49,21.1,30.37,30.08,28.5,32.31,77.3,24.6,1.73,15.41,11.59,7.19,6.17,59.1,11.21,93.8
2019-04-29,79.78,29.39,86.43,3.31,971.97,35.33,51.31,89.99,16.78,61.8,,26.19,19.44,23.02,87.14,5.8,15.5,17.78,16.63,55.65,,12.98,3.57,65.32,18.92,3.74,7.17,57.31,29.68,11.69,6.24,30.75,4.17,23.0,12.63,19.83,7.4,12.3,45.3,102.29,12.12,19.52,11.48,41.02,12.3,25.88,32.03,14.1,61.6,20.47,33.85,36.78,8.86,13.0,5.41,3.5,10.8,14.72,53.15,10.17,140.95,7.66,10.02,12.37,3.89,7.41,25.1,19.85,,6.14,118.4,38.8,22.7,26.18,8.71,6.38,12.01,19.31,26.45,15.61,5.66,22.92,6.32,16.67,32.1,4.06,8.05,39.6,8.5,33.07,7.77,22.7,5.85,53.12,8.57,94.9,29.55,28.42,6.71,4.56,15.4,24.3,4.78,9.51,10.37,30.84,17.36,6.33,13.32,,,55.6,8.38,76.37,5.17,88.88,28.9,4.17,8.07,,14.26,2.44,18.99,30.58,30.99,28.78,30.74,79.98,24.31,1.68,15.2,11.5,7.16,6.16,58.09,10.27,91.67
2019-04-30,79.76,29.58,86.1,3.32,974.0,34.45,52.4,88.52,16.87,61.01,,26.09,19.92,23.04,82.98,5.81,15.42,17.88,16.39,56.9,,13.27,3.6,65.75,18.83,3.76,7.34,55.58,29.64,11.39,6.26,31.0,4.21,23.33,12.47,19.81,7.41,12.35,45.23,102.36,11.9,19.69,11.97,40.48,12.25,25.17,32.68,13.85,64.1,20.4,32.15,36.18,9.02,12.24,5.73,3.59,10.9,14.87,52.43,10.27,140.84,7.73,10.14,12.67,3.89,7.44,25.12,19.93,7.07,6.13,117.85,39.02,22.9,25.49,8.88,6.4,12.02,19.55,25.73,15.9,5.68,22.75,6.37,17.18,32.31,4.17,8.31,41.21,8.64,33.07,7.94,22.7,5.93,54.8,8.67,91.05,29.36,29.17,6.67,4.58,15.56,24.64,4.86,10.12,10.66,29.08,17.53,6.38,13.37,,,57.43,8.52,77.88,5.24,89.28,28.71,4.17,8.06,,13.7,2.5,17.68,30.7,30.3,28.3,29.63,77.49,24.31,1.7,15.33,11.56,7.17,6.1,57.45,10.24,89.85
2019-05-06,75.7,26.62,81.2,3.18,906.0,33.91,49.07,80.84,16.91,54.91,,23.48,19.34,20.74,74.68,5.72,13.92,16.09,14.75,52.05,,11.96,3.32,64.2,17.14,3.65,7.3,51.53,26.68,10.25,6.19,30.0,3.91,21.0,11.22,18.97,7.34,11.35,42.5,92.12,11.24,18.89,11.8,36.43,11.4,23.98,30.21,12.87,60.08,18.36,28.94,34.3,8.63,11.02,5.24,3.37,9.95,13.38,47.19,9.53,133.5,7.19,9.13,12.31,3.78,7.15,23.84,18.74,7.42,5.79,106.07,35.12,21.41,22.94,8.65,6.23,10.82,19.09,24.04,14.78,5.44,20.48,6.21,16.32,29.08,3.87,7.48,37.75,8.16,31.5,7.92,22.56,5.64,,8.31,81.95,26.42,29.42,6.06,4.19,14.01,23.38,4.37,9.81,9.59,27.36,16.0,5.85,12.4,,,52.32,8.27,70.5,4.72,88.5,27.79,4.04,7.33,,12.74,2.32,15.91,27.88,27.58,26.5,28.33,76.01,23.26,1.59,14.08,11.0,6.9,5.9,52.38,9.22,80.88
2019-05-07,75.85,24.7,81.17,3.21,890.0,33.71,50.75,80.85,16.84,55.9,,24.18,19.13,20.75,75.34,5.66,14.18,15.33,15.04,53.01,,12.18,3.38,66.14,17.22,3.66,7.42,53.42,26.08,10.07,6.12,30.55,3.97,20.98,11.27,19.46,7.29,11.89,42.99,95.96,11.33,18.9,11.8,36.04,12.12,24.39,30.62,12.95,61.0,18.45,29.01,34.03,8.69,11.09,5.29,3.43,10.1,13.56,45.06,9.69,136.25,7.28,9.17,12.13,3.78,7.11,23.7,18.96,7.43,5.84,104.92,36.81,22.16,23.36,8.64,6.24,10.73,19.3,25.86,14.6,5.45,21.25,6.25,16.76,29.36,3.86,6.98,37.38,8.23,31.73,7.88,23.2,5.7,52.07,8.47,78.15,26.87,29.05,6.08,4.42,14.2,24.05,4.27,9.81,9.31,28.37,16.15,5.89,12.59,,,54.26,8.25,72.32,4.62,94.12,28.91,4.04,7.34,,12.86,2.36,15.83,28.06,27.67,25.77,28.73,76.4,23.41,1.61,14.25,10.93,6.87,5.94,52.12,9.06,85.69
2019-05-08,74.61,25.3,78.78,3.28,884.4,33.13,,80.0,16.52,59.85,,23.32,18.63,20.27,78.9,5.59,13.96,15.05,15.05,51.85,,12.39,3.45,64.23,16.95,3.61,7.4,52.33,26.13,9.92,6.05,30.14,3.97,21.3,11.24,18.98,7.24,11.65,42.61,95.88,11.01,18.54,11.51,36.91,11.85,24.05,29.87,12.6,57.95,18.29,28.89,33.23,8.61,11.08,5.27,3.51,9.91,13.55,44.01,9.73,139.4,7.2,8.97,11.82,3.72,7.01,23.3,18.5,7.07,5.76,107.03,37.99,21.8,23.44,8.54,6.19,10.49,19.26,24.73,14.24,5.38,21.18,6.17,16.49,29.48,3.79,7.02,34.64,8.15,31.19,8.26,22.18,5.62,51.04,8.52,79.98,26.81,30.69,5.97,4.39,14.05,23.69,4.2,9.6,8.89,28.09,16.12,5.87,12.6,,,56.23,8.16,71.22,4.51,91.0,28.04,3.98,7.34,,13.0,2.37,15.65,28.62,27.0,25.61,28.34,73.41,23.31,1.6,14.15,10.77,6.74,5.86,51.15,9.34,88.62
2019-05-09,72.7,24.8,76.66,3.2,858.81,32.42,,74.76,16.4,63.18,,23.07,18.02,19.78,79.65,5.52,13.83,14.7,15.05,51.11,,12.12,3.42,62.5,16.74,3.59,7.2,51.8,26.26,9.89,6.0,29.18,3.93,20.55,11.19,19.1,7.21,11.38,40.34,91.81,10.41,18.36,11.12,37.5,11.86,23.22,29.03,12.16,59.41,18.08,28.3,32.11,8.51,11.09,5.13,3.48,9.78,13.4,43.7,9.84,136.11,7.16,8.88,11.6,3.69,6.9,22.85,18.38,7.03,5.65,106.59,37.39,21.26,23.54,8.36,6.12,10.52,19.02,24.08,14.18,5.35,21.68,6.07,15.9,29.23,3.76,6.92,35.37,8.1,30.84,8.18,22.36,5.59,50.26,8.26,78.62,25.67,30.39,5.82,4.28,13.96,23.25,4.06,9.27,8.47,27.26,15.69,5.88,12.57,,,53.46,8.1,67.7,4.47,87.79,26.98,3.92,7.27,,12.86,2.36,15.6,29.6,26.0,25.5,27.71,73.65,23.24,1.62,14.02,10.64,6.68,5.71,49.95,9.43,90.99
2019-05-10,74.1,25.71,81.38,3.25,907.12,33.61,,78.28,16.53,69.5,,24.78,18.48,20.64,85.26,5.61,14.22,16.05,16.04,52.26,,13.33,3.5,64.12,17.47,3.65,7.42,55.25,27.7,10.67,6.05,30.26,4.0,21.52,11.7,19.65,7.28,12.15,42.1,99.2,10.63,18.61,11.32,41.1,12.45,24.02,29.8,12.68,61.55,18.99,30.88,33.75,8.7,11.85,5.28,3.55,9.95,13.95,46.5,10.2,144.5,7.32,9.23,11.79,3.75,7.0,23.54,18.94,7.13,5.73,114.1,38.78,21.91,25.18,8.51,6.19,10.82,19.22,26.49,10.85,5.43,22.64,6.13,16.43,30.52,3.85,7.16,36.88,8.21,31.27,8.28,23.47,5.69,54.2,8.42,86.48,26.65,30.6,6.07,4.49,14.45,23.91,4.18,9.38,9.03,28.07,16.25,6.05,12.86,,,55.9,8.21,71.81,4.67,91.49,28.88,3.96,7.51,,13.35,2.41,16.47,30.09,27.01,25.89,28.5,77.15,23.95,1.65,14.3,11.03,6.87,5.9,53.24,9.64,93.03
2019-05-13,71.59,24.99,78.65,3.2,892.0,32.8,,79.8,16.5,68.04,,23.15,18.16,20.04,82.4,5.54,13.88,14.88,15.49,51.02,,13.05,3.42,64.17,16.94,3.6,7.4,54.1,27.08,10.22,5.99,30.4,3.91,20.72,11.58,19.24,7.24,11.93,40.07,103.6,9.57,18.54,11.31,41.14,12.21,23.48,27.28,12.3,59.93,18.49,30.21,32.76,8.86,11.36,5.35,3.52,9.74,13.62,44.12,10.02,147.63,7.22,8.97,11.56,3.71,6.96,23.17,18.42,6.82,5.67,114.94,38.04,22.15,24.56,8.37,6.14,10.42,18.96,26.2,10.9,5.37,21.84,5.98,15.74,29.84,3.78,6.85,35.8,8.11,31.02,8.26,23.27,5.61,51.82,8.26,84.1,24.6,30.84,5.95,4.4,14.0,23.98,4.29,8.54,8.62,28.08,15.96,6.11,12.68,,,57.09,8.15,71.7,4.54,91.69,28.68,3.91,7.31,,13.26,2.37,16.3,30.68,25.43,26.04,28.32,77.02,23.48,1.61,14.06,10.73,6.76,5.76,51.18,9.49,91.64
2019-05-14,72.16,24.99,78.3,3.25,886.57,32.56,,80.57,16.4,66.89,,22.72,18.16,19.88,79.87,5.52,13.61,14.6,15.46,50.19,,12.88,3.39,63.03,16.77,3.58,7.45,53.36,27.5,10.3,5.97,30.02,3.89,20.68,11.46,19.45,7.22,11.8,40.19,102.48,9.8,18.41,11.21,40.29,11.96,23.61,28.02,12.49,59.68,18.17,29.95,32.7,8.82,11.13,5.15,3.49,9.56,13.42,44.62,10.13,143.76,7.14,8.94,11.51,3.68,6.92,23.01,18.4,6.85,5.63,113.54,37.86,21.91,24.52,8.32,6.11,10.4,18.7,25.93,10.8,5.36,21.34,5.92,15.79,29.64,3.79,7.08,35.44,8.03,30.76,8.36,23.4,5.62,52.5,8.3,85.13,24.67,31.78,5.99,4.41,13.85,23.53,4.2,8.56,8.46,27.53,16.01,6.08,12.81,,,56.22,8.17,70.65,4.56,90.18,28.5,3.88,7.31,,13.34,2.35,16.42,30.17,25.73,25.44,28.05,75.15,23.4,1.6,13.96,10.78,6.67,5.67,50.86,9.38,91.53
2019-05-15,74.98,25.08,80.54,3.26,927.0,33.63,,81.51,16.41,68.29,,23.54,18.56,20.3,81.2,5.57,13.89,15.17,15.76,51.29,,12.99,3.42,65.41,16.94,3.61,7.47,55.94,27.59,10.66,6.0,31.03,3.93,21.09,11.63,19.71,7.27,12.07,41.02,109.9,10.78,18.6,11.32,40.7,12.14,23.86,28.78,12.92,60.65,18.56,30.51,33.55,8.96,11.2,5.25,3.54,9.76,13.66,44.98,10.19,143.2,7.26,9.1,11.59,3.75,7.02,23.4,18.86,6.93,5.7,116.68,38.23,22.59,25.1,8.42,6.15,10.58,18.73,27.43,11.0,5.4,23.0,5.95,16.27,29.89,3.91,7.19,36.47,8.08,30.97,8.25,25.17,5.67,52.79,8.45,86.34,25.1,31.55,6.09,4.49,13.98,23.89,4.26,8.58,8.72,27.87,16.14,6.15,12.97,,,59.27,8.19,77.72,4.75,95.0,29.68,3.9,7.44,,13.75,2.38,17.08,30.35,26.12,25.64,28.32,77.8,23.56,1.61,14.14,11.23,6.8,5.73,52.35,9.56,92.48
2019-05-16,74.33,25.01,80.97,3.31,929.91,33.67,,81.47,16.61,66.97,,22.45,18.55,20.23,79.79,5.59,13.83,14.89,15.57,51.47,,12.76,3.42,64.28,16.9,3.62,7.43,56.19,27.47,10.29,6.0,31.4,4.05,21.27,11.45,19.56,7.28,11.99,41.0,109.98,10.49,18.77,11.3,40.12,12.15,24.54,28.63,12.85,61.61,18.56,29.62,33.3,9.1,11.21,5.32,3.53,9.84,13.79,44.76,11.21,141.7,7.35,9.28,11.58,3.78,7.0,23.73,19.62,7.18,5.73,110.21,37.82,22.69,24.41,8.38,6.14,10.69,18.81,27.48,11.38,5.44,22.98,5.95,16.38,30.9,4.12,7.14,36.5,8.13,30.98,8.34,25.0,5.71,52.28,8.44,84.52,24.07,31.92,6.03,4.57,13.99,24.67,4.21,8.59,8.64,28.71,16.11,6.46,14.27,,,61.11,8.27,81.0,4.98,95.62,29.2,3.91,7.54,16.01,14.25,2.45,17.06,30.65,26.03,26.15,29.0,79.0,23.9,1.76,14.73,11.22,6.84,5.7,51.92,9.66,91.58
2019-05-17,72.25,23.87,79.1,3.21,906.79,33.31,,80.46,16.56,66.55,,21.44,18.29,19.64,78.32,5.57,13.2,14.04,14.83,50.22,,12.66,3.32,62.76,16.3,3.61,7.3,54.8,25.98,9.89,5.96,30.41,3.92,20.02,10.87,19.1,7.2,11.4,39.82,106.46,9.93,18.47,11.24,39.74,11.7,23.6,28.02,12.44,59.9,17.92,28.5,32.57,8.93,11.46,5.11,3.41,9.48,13.63,42.84,10.99,139.18,7.13,8.91,11.35,3.73,6.92,23.25,19.15,6.98,5.63,88.1,38.31,22.44,23.5,8.23,6.08,10.46,18.57,26.15,10.84,5.41,22.77,5.88,15.78,29.83,3.97,6.92,35.57,7.99,30.22,8.08,24.1,5.55,52.07,8.29,79.64,22.94,30.93,5.85,4.39,13.39,23.56,4.09,7.98,8.19,27.37,15.59,6.21,13.33,,,59.7,8.2,77.35,4.67,95.0,28.25,3.87,7.1,16.85,13.5,2.36,15.9,29.69,25.35,24.95,27.86,77.19,23.18,1.64,14.05,10.71,6.76,5.7,49.86,9.26,92.0
2019-05-20,69.69,22.65,77.87,3.19,884.96,33.28,,78.49,16.51,68.81,,20.0,18.21,19.87,81.48,5.61,13.2,13.06,15.13,49.0,,12.82,3.39,60.25,16.42,3.65,7.16,53.64,24.93,8.97,5.97,30.08,3.94,20.04,11.04,18.73,7.23,11.15,38.62,104.0,9.76,18.28,11.34,41.23,11.59,23.01,26.99,12.38,55.66,17.99,27.9,32.82,8.81,12.61,5.08,3.41,9.37,14.7,42.33,11.6,137.1,7.15,8.95,11.4,3.82,6.96,22.74,18.86,7.01,5.54,79.5,38.9,22.31,24.3,8.19,6.11,10.69,17.8,25.4,10.36,5.46,21.9,5.91,15.82,30.29,4.03,6.88,34.0,8.0,30.41,7.86,24.0,5.53,53.69,7.98,82.84,22.73,29.71,5.88,4.36,13.24,23.95,4.03,7.21,8.07,26.8,15.51,6.34,13.76,,,57.8,8.18,74.1,4.75,93.0,28.03,3.88,7.2,15.17,13.91,2.37,16.15,29.99,25.52,25.08,27.92,76.01,23.43,1.68,14.37,10.42,6.75,5.52,49.31,9.34,96.0
2019-05-21,70.15,24.22,78.2,3.24,895.0,33.63,,81.12,16.69,68.12,,21.27,18.34,20.23,80.87,5.64,13.5,13.75,15.4,49.4,,13.5,3.47,60.81,16.56,3.67,7.29,55.45,27.03,9.18,5.99,30.25,4.06,20.36,11.13,19.0,7.23,11.44,40.72,104.2,9.93,18.43,11.32,41.29,11.89,23.18,27.6,12.56,58.6,18.47,29.2,33.51,9.08,13.15,5.11,3.42,9.63,14.72,43.55,12.76,142.78,7.22,9.12,11.46,3.8,7.0,23.01,18.99,7.36,5.56,80.03,39.1,22.91,24.61,8.26,6.12,10.65,17.45,25.66,10.46,5.48,21.95,5.91,16.22,31.78,4.21,7.1,35.16,8.04,30.63,7.93,23.8,5.63,51.59,8.13,85.04,23.62,29.8,6.02,4.43,13.35,24.44,4.05,7.93,8.35,27.8,15.6,6.74,14.97,,,57.98,8.19,75.74,4.87,92.91,29.3,3.91,7.31,15.11,14.02,2.43,16.52,29.93,25.76,25.39,28.4,76.32,23.64,1.78,14.96,10.68,6.76,5.58,50.24,9.4,96.95
2019-05-22,69.37,24.28,77.64,3.23,888.0,33.53,51.41,81.97,16.88,72.6,,21.26,18.2,20.14,87.15,5.65,13.37,13.81,12.62,48.93,,14.02,3.49,61.06,16.35,3.67,7.32,55.0,27.25,9.31,5.99,30.3,4.01,20.26,11.1,19.01,7.19,11.44,40.89,103.31,9.87,18.38,11.16,42.55,11.95,22.92,26.07,12.4,58.22,18.42,29.48,33.6,9.14,13.22,4.95,3.37,9.78,14.83,42.65,12.73,141.52,7.16,9.1,11.4,3.81,6.98,22.86,19.12,7.39,5.48,80.84,39.84,23.11,25.78,8.26,6.11,10.66,17.77,25.01,10.47,5.45,21.57,5.87,16.06,31.45,4.06,7.02,35.14,7.95,30.26,7.91,24.2,5.68,51.33,8.37,83.69,23.59,29.92,5.96,4.35,13.2,23.96,4.0,7.7,8.2,27.28,15.3,6.79,14.7,,,57.07,8.21,73.65,4.73,92.96,29.72,3.9,7.27,14.33,14.23,2.43,16.62,29.62,25.45,24.59,27.95,76.97,23.49,1.71,14.56,10.56,6.66,5.56,50.02,9.53,97.5
2019-05-23,67.48,23.44,75.44,3.19,861.0,33.35,49.51,79.09,16.9,68.09,,19.99,18.05,20.05,84.85,5.65,13.04,13.18,12.58,47.59,,13.75,3.4,59.61,16.28,3.68,7.26,52.88,26.29,9.1,5.96,29.91,3.92,20.08,11.12,18.02,7.2,11.18,40.11,99.83,9.57,18.21,11.1,39.86,11.9,22.94,24.56,12.29,55.7,18.53,28.24,32.89,9.12,14.54,4.82,3.28,9.6,14.6,41.89,13.01,139.8,7.09,8.94,11.23,3.79,6.96,22.34,19.1,7.38,5.48,76.7,38.83,22.66,24.22,8.18,6.08,10.52,17.72,23.65,10.3,5.46,20.44,5.83,16.11,29.24,3.97,7.01,34.4,7.81,29.9,7.8,23.92,5.65,47.1,8.37,81.9,22.5,29.36,5.84,4.3,13.12,23.26,3.94,7.63,7.9,26.5,15.08,6.56,14.51,,,55.78,8.17,70.55,4.61,91.71,29.66,3.87,7.14,13.66,13.78,2.39,16.04,28.7,25.14,23.41,27.13,75.33,23.54,1.7,14.39,10.34,6.62,5.32,49.4,8.89,96.29
2019-05-24,67.85,22.47,76.5,3.2,878.5,33.6,49.82,79.71,17.0,65.82,,20.4,18.24,20.07,81.52,5.7,12.9,13.04,12.53,48.61,,13.24,3.38,60.07,16.29,3.69,7.34,53.9,24.09,9.14,5.99,29.9,3.88,19.63,10.94,18.21,7.16,11.5,40.14,101.02,9.34,18.35,11.11,38.48,12.03,22.94,24.67,12.35,54.11,18.6,28.25,32.9,9.09,13.12,4.77,3.27,9.49,14.1,41.8,12.05,139.69,7.07,8.83,11.41,3.79,7.01,22.49,19.05,7.54,5.51,75.64,37.41,22.6,23.47,8.26,6.1,10.35,18.17,23.25,10.31,5.39,19.88,5.86,16.12,28.83,3.93,6.93,33.7,7.79,29.94,7.83,23.68,5.62,43.95,8.54,82.78,22.63,29.5,5.72,4.3,13.09,23.12,3.94,7.5,8.0,26.41,15.21,6.38,13.97,,,56.11,8.21,72.2,4.62,93.46,29.68,3.86,7.18,13.48,14.17,2.38,16.22,28.77,25.3,23.29,26.98,75.3,23.19,1.67,14.36,10.56,6.66,5.22,49.84,8.94,96.01
2019-05-27,69.2,24.35,77.18,3.22,879.0,33.78,49.75,80.39,16.95,70.18,,20.6,18.11,20.63,85.04,5.65,13.26,13.67,12.96,48.81,,14.19,3.52,61.2,16.63,3.7,7.34,54.05,26.5,9.5,5.99,30.01,3.94,20.17,11.33,18.36,7.18,11.99,38.55,102.0,9.79,18.44,11.22,40.48,12.31,22.82,25.15,12.37,58.8,19.24,29.29,33.08,9.08,14.43,4.83,3.39,9.6,15.0,43.02,12.45,143.62,7.19,9.04,11.49,3.81,6.99,22.6,19.13,7.57,5.57,79.45,28.03,22.85,24.5,8.33,6.14,10.57,18.2,25.26,10.36,5.43,21.2,5.9,16.15,29.65,4.06,7.19,35.85,7.9,30.03,7.9,23.9,5.71,45.58,8.36,89.88,23.69,29.81,5.86,4.41,13.29,23.76,3.99,7.67,8.18,27.2,15.55,6.61,14.32,,,56.5,8.24,72.31,4.87,93.78,29.59,3.89,7.42,13.62,14.36,2.42,16.22,29.27,25.66,24.03,27.57,75.79,23.62,1.68,14.72,11.19,6.75,5.25,50.43,9.22,99.89
2019-05-28,71.88,24.59,78.19,3.23,888.0,34.38,50.51,79.0,17.21,69.66,,21.47,18.05,20.59,83.82,5.67,13.4,13.68,13.05,50.5,,13.95,3.48,62.52,16.6,3.72,7.38,54.9,26.48,9.35,6.0,30.35,3.95,20.15,11.22,18.75,7.18,12.01,38.9,103.1,9.72,18.58,11.29,40.31,12.65,22.7,25.38,12.49,61.43,19.3,29.3,33.41,9.05,15.15,4.92,3.34,9.46,14.85,42.59,12.44,147.71,7.18,9.01,11.51,3.84,7.01,22.87,19.67,7.4,5.6,78.57,28.01,23.51,25.3,8.31,6.18,10.48,17.74,24.69,10.28,5.44,21.14,5.91,16.3,29.66,4.05,7.23,38.38,8.05,30.02,7.95,24.03,5.7,44.2,8.33,89.9,24.42,29.95,6.05,4.45,13.3,24.15,3.97,7.5,8.13,27.05,15.82,6.56,14.26,,,57.2,8.43,73.99,4.77,98.78,30.35,3.92,7.35,13.21,13.95,2.41,15.92,29.5,25.71,23.82,27.5,78.0,23.94,1.69,14.72,11.18,7.0,5.41,51.0,9.23,103.05
2019-05-29,70.57,24.54,79.78,3.23,911.91,34.25,50.38,79.72,17.22,69.44,,21.24,17.68,20.55,84.39,5.65,13.63,13.51,13.05,49.6,,13.9,3.45,61.91,16.45,3.68,7.28,54.1,26.83,9.36,5.97,29.92,4.0,20.04,11.31,19.42,7.15,11.78,39.42,104.55,9.69,18.48,11.12,39.81,12.58,22.44,25.02,12.4,59.21,19.17,29.16,35.81,8.84,15.53,4.83,3.32,9.44,14.9,42.61,13.52,145.51,7.17,9.0,11.38,3.84,6.96,21.83,19.38,7.44,5.57,79.7,27.97,23.45,24.8,8.26,6.13,10.37,17.45,24.86,10.28,5.41,21.01,5.85,16.05,29.46,4.11,7.2,38.29,7.99,30.68,8.04,23.45,5.62,44.71,8.3,88.46,24.31,30.47,5.97,4.41,13.16,24.18,4.01,7.55,8.08,27.41,15.57,6.82,14.8,,,57.02,8.36,73.79,4.79,97.54,30.6,3.87,7.4,13.62,14.07,2.43,16.0,28.99,26.95,24.15,27.52,76.7,23.7,1.75,14.93,11.18,6.94,5.41,54.8,9.21,99.99
2019-05-30,69.81,23.98,79.09,3.21,905.3,34.3,49.45,79.0,17.72,67.6,,21.28,17.6,20.21,78.89,5.67,13.47,13.27,12.81,48.37,,13.92,3.5,61.91,16.24,3.71,7.28,52.94,26.31,9.1,5.98,30.06,4.1,19.49,11.0,19.1,7.19,12.05,38.52,103.13,9.5,18.66,11.11,38.67,12.35,22.14,25.19,12.22,60.75,18.7,28.38,34.95,8.87,14.87,4.82,3.34,9.25,14.68,42.14,12.96,145.7,7.16,8.87,11.32,3.89,6.99,21.83,18.53,7.59,5.6,78.17,27.87,23.26,24.31,8.22,6.13,10.35,17.45,25.05,10.19,5.47,21.64,5.85,15.86,28.91,4.07,6.98,39.39,7.97,30.06,7.9,23.41,5.54,43.55,8.21,85.69,23.89,29.99,5.93,4.33,13.06,25.11,3.94,7.34,8.0,28.82,15.53,7.46,15.39,,,56.13,8.45,72.0,4.89,100.0,30.39,3.88,7.41,13.69,14.07,2.42,16.07,28.98,26.37,24.2,28.21,75.82,23.46,1.72,14.87,11.17,6.92,5.56,52.78,8.98,99.27
2019-05-31,69.44,24.4,79.0,3.25,890.0,34.21,49.6,79.2,17.71,66.74,,21.46,17.57,20.13,77.01,5.61,13.68,13.28,12.65,48.25,,14.14,3.44,62.16,16.07,3.68,7.26,52.31,26.5,9.2,5.96,30.01,4.03,19.51,11.06,18.88,7.15,11.7,38.04,101.25,10.05,18.39,11.13,38.19,12.07,22.65,24.84,12.18,63.35,18.63,28.76,34.42,8.73,14.83,4.78,3.31,9.24,14.61,42.08,13.13,147.5,7.18,8.85,11.26,3.88,6.98,21.83,18.3,7.53,5.61,78.12,28.31,23.2,24.07,8.21,6.11,10.27,17.44,24.79,10.05,5.43,22.11,5.8,15.9,29.08,4.02,6.93,39.4,7.91,29.88,8.1,23.83,5.52,42.0,8.31,84.49,25.19,31.09,5.93,4.28,12.97,24.48,4.0,7.39,7.91,28.7,15.46,7.44,15.32,,,56.52,8.36,70.63,4.8,100.2,30.21,3.84,7.17,14.02,14.18,2.41,15.7,29.07,26.12,23.72,27.75,77.39,23.36,1.76,14.87,11.43,6.3,5.56,51.6,9.11,98.94
2019-06-03,68.16,25.85,79.25,3.34,892.0,34.4,50.12,78.31,17.66,65.45,,21.78,17.65,20.19,75.1,5.7,13.38,13.5,12.64,48.79,,14.25,3.44,63.22,16.04,3.73,7.28,52.5,26.96,9.95,5.99,30.59,3.98,19.3,10.85,18.91,7.13,11.53,38.29,101.46,9.63,18.56,11.28,38.38,11.96,22.38,25.3,11.9,65.14,18.82,30.29,34.71,8.64,14.35,4.82,3.29,9.02,14.93,42.07,12.83,151.8,7.16,8.92,11.38,3.7,7.01,21.55,17.5,7.3,5.63,83.12,28.36,22.77,24.29,8.2,6.17,10.16,17.29,24.23,10.13,5.44,21.24,5.83,16.05,29.16,3.9,6.85,39.16,7.92,30.04,8.35,23.15,5.48,42.6,8.25,85.17,25.3,32.29,6.09,4.27,12.93,24.03,4.06,7.14,7.88,27.12,15.44,7.04,14.56,,,55.77,8.44,69.6,4.66,102.91,30.51,3.89,7.23,13.36,13.65,2.38,15.81,28.76,26.21,23.25,27.09,76.62,23.0,1.74,14.58,11.4,6.38,5.43,51.8,8.95,99.98
2019-06-04,66.87,25.65,77.97,3.31,875.3,34.03,49.7,77.52,17.6,63.58,,21.54,17.67,20.13,75.48,5.73,13.08,14.18,12.55,48.51,,14.51,3.37,62.03,15.9,3.75,7.24,51.48,27.45,10.37,6.03,30.29,3.9,17.9,10.94,18.41,7.1,11.45,38.23,99.19,9.62,18.7,11.35,38.14,11.97,22.31,24.68,11.85,64.36,18.88,30.5,34.32,8.65,14.05,4.71,3.22,8.98,14.93,30.93,12.39,147.5,7.11,9.11,11.4,3.7,7.08,21.27,17.27,7.03,5.59,84.11,26.89,22.16,23.64,8.18,6.18,9.98,17.38,24.38,10.03,5.43,20.9,5.82,15.78,28.82,3.85,6.79,38.95,7.9,29.13,8.39,23.32,5.4,40.93,8.25,85.5,25.15,32.67,6.13,4.17,12.74,23.52,4.05,6.82,7.91,26.85,15.53,6.74,14.2,,,53.8,8.42,67.9,4.61,99.88,29.17,3.9,7.21,12.73,13.41,2.35,16.84,27.91,26.04,22.81,26.63,75.7,22.81,1.69,14.28,11.14,6.35,5.47,49.99,8.91,96.75
2019-06-05,69.07,26.16,77.5,3.36,871.6,33.95,49.51,77.19,17.53,63.81,,21.95,17.81,20.33,75.18,5.76,13.08,14.21,12.59,48.9,,14.22,3.38,59.0,15.98,3.77,7.21,52.35,28.42,10.5,6.07,30.12,3.91,17.69,10.88,18.3,7.1,11.3,38.01,99.05,9.52,18.91,11.41,38.24,12.09,22.79,24.42,11.97,62.0,18.96,32.09,33.83,8.68,13.63,4.79,3.2,8.99,14.96,32.04,12.46,153.6,7.11,9.14,11.41,3.72,7.16,21.25,17.28,7.01,5.66,85.75,26.5,22.06,23.71,8.19,6.19,10.1,17.59,24.27,10.08,5.48,21.04,5.83,15.73,29.14,3.85,6.83,38.98,7.91,28.87,8.66,23.01,5.42,41.03,8.25,86.19,25.68,33.46,6.33,4.17,12.79,23.6,3.98,6.8,8.02,26.86,15.49,6.75,14.3,,,54.0,8.44,68.16,4.6,100.7,28.79,3.92,7.09,12.59,13.64,2.36,16.8,28.0,26.06,23.09,26.58,74.55,22.52,1.7,14.5,11.09,6.34,5.44,49.54,8.69,94.0
2019-06-06,66.94,23.58,77.11,3.3,862.13,33.9,49.12,77.17,17.52,63.3,,21.22,17.86,20.07,74.4,5.73,12.83,13.28,12.27,49.37,,12.89,3.32,57.98,15.9,3.77,7.23,52.6,26.5,9.88,6.07,30.0,3.86,17.15,10.22,17.91,7.03,11.36,37.81,97.29,9.06,18.86,11.47,36.4,11.95,22.45,23.7,11.92,58.01,18.75,29.78,33.88,8.59,13.62,4.67,3.13,8.88,14.18,30.92,12.82,149.0,6.96,8.89,11.47,3.72,7.16,21.45,17.24,7.07,5.67,80.31,25.55,21.96,23.5,8.17,6.2,9.95,10.97,23.18,9.72,5.48,20.31,5.83,15.56,28.09,3.8,6.62,37.09,7.87,28.51,8.47,21.92,5.44,39.0,8.2,85.78,25.18,32.97,6.08,4.17,12.67,23.05,3.97,6.56,7.84,26.1,15.28,6.66,14.32,,,53.89,8.38,66.8,4.49,99.02,27.59,3.92,6.86,11.86,13.42,2.33,15.7,27.43,26.07,22.74,25.42,73.93,21.92,1.71,14.49,10.84,6.3,5.29,49.17,8.26,92.61
2019-06-10,67.6,24.21,79.1,3.25,871.08,34.74,49.76,78.85,17.95,64.3,,22.2,18.18,20.08,76.03,5.78,11.68,13.95,12.17,50.9,,13.7,3.39,58.63,16.04,3.79,7.27,53.04,27.23,10.51,6.11,30.68,3.91,17.23,10.63,17.74,7.05,11.76,38.26,100.44,9.18,19.15,11.61,36.9,12.21,22.8,24.96,12.34,58.0,18.39,31.02,34.6,8.7,13.84,4.72,3.19,8.95,14.63,33.12,12.73,151.68,7.04,9.05,11.52,3.74,7.28,21.87,17.47,7.05,5.74,84.49,25.77,22.66,23.89,8.19,6.23,9.93,10.62,23.99,10.14,5.54,21.01,5.87,15.97,28.6,3.83,6.68,37.27,7.99,29.22,8.42,22.71,5.42,41.5,8.21,80.08,25.33,32.8,6.17,4.25,12.5,23.69,3.91,6.68,7.96,26.81,15.32,7.33,15.1,,,56.08,8.46,67.91,4.54,103.37,28.01,3.94,6.9,11.9,13.44,2.35,16.92,27.64,26.45,23.53,26.0,75.94,22.16,1.7,14.65,10.85,6.35,5.3,50.56,8.92,92.18
2019-06-11,68.19,24.69,81.7,3.32,910.89,35.42,51.47,81.02,18.0,66.41,,22.89,18.42,21.09,78.3,5.79,12.1,14.38,13.12,51.55,,14.13,3.49,60.12,16.68,3.81,7.35,53.95,27.92,10.65,6.15,32.43,4.04,18.58,10.9,18.31,7.11,12.46,40.1,108.95,9.42,19.35,11.42,39.43,12.92,23.57,26.05,12.65,61.58,19.37,31.62,35.24,8.85,14.19,4.9,3.33,9.32,15.09,33.78,13.71,155.05,7.22,9.28,11.63,3.76,7.3,22.36,17.94,7.22,5.97,86.28,26.67,23.19,24.86,8.32,6.28,10.21,10.88,24.86,10.37,5.3,21.52,5.92,16.42,29.58,3.97,7.03,38.79,8.2,29.56,8.47,23.21,5.54,44.5,8.43,88.09,25.88,32.83,6.28,4.44,13.08,24.39,4.04,6.9,8.31,28.03,15.92,7.99,15.68,,,59.88,8.51,72.05,4.74,105.17,30.37,3.97,7.15,12.38,14.12,2.43,17.37,28.39,27.06,24.11,26.6,78.7,22.64,1.76,15.11,11.23,6.47,5.5,52.01,9.09,95.91
2019-06-12,68.65,24.47,80.52,3.42,906.7,35.33,51.51,80.78,17.91,66.4,,22.72,18.35,20.81,77.93,5.76,11.91,14.19,12.86,50.75,,13.96,3.45,60.35,16.5,3.81,7.28,52.78,27.5,10.5,6.17,31.75,4.06,18.44,10.86,18.13,7.06,12.4,39.78,107.61,8.84,19.45,11.6,39.42,12.9,23.49,25.62,12.57,61.08,19.25,31.47,34.96,8.84,13.88,4.87,3.27,9.25,15.28,32.98,14.32,157.0,7.17,9.58,11.7,3.73,7.25,21.93,17.94,7.16,5.93,86.35,26.47,23.16,24.43,8.28,6.27,10.09,11.23,25.05,10.22,5.26,21.05,5.87,16.31,29.16,4.03,6.94,38.87,8.14,29.51,8.86,22.44,5.5,44.1,8.42,86.85,25.88,34.34,6.18,4.45,12.94,24.27,4.04,6.8,8.28,21.81,15.77,7.81,15.93,,,59.96,8.47,71.29,4.73,104.0,30.03,3.98,7.18,12.07,13.98,2.44,16.97,27.92,26.79,23.69,26.47,79.05,22.37,1.78,15.11,11.11,6.4,5.48,51.64,8.88,94.5
2019-06-13,71.01,24.3,80.49,3.4,910.0,35.25,51.03,80.9,17.67,65.76,,21.96,18.35,21.01,77.86,5.73,11.94,14.03,12.9,50.22,,13.93,3.44,61.3,16.57,3.78,7.23,51.27,27.39,10.47,6.16,31.56,4.05,18.38,10.87,17.82,7.06,12.45,39.58,106.8,9.2,19.51,11.7,39.22,12.95,23.21,25.69,12.59,62.0,19.46,31.22,35.06,8.79,13.56,4.8,3.27,9.23,15.54,32.61,13.99,153.96,7.16,9.42,11.68,3.73,7.22,21.63,17.78,7.12,5.92,85.7,26.46,22.85,24.95,8.29,6.28,10.1,11.43,25.8,10.17,5.25,21.33,5.84,16.24,29.44,4.0,6.96,39.6,8.08,29.82,8.82,22.57,5.49,45.3,8.4,86.59,25.66,34.4,6.16,4.48,12.99,24.37,4.03,6.93,8.15,21.57,15.81,7.65,15.77,,,59.4,8.4,70.73,4.75,104.04,30.02,3.96,7.21,12.13,14.29,2.43,16.95,27.8,26.79,23.77,26.48,78.5,22.4,1.76,15.03,11.12,6.39,5.49,51.37,8.84,94.6
2019-06-14,72.18,22.94,79.75,3.48,913.0,35.35,50.57,82.2,17.5,62.99,,21.61,18.35,20.66,79.01,5.74,11.81,13.57,12.51,49.35,,13.85,3.39,61.28,16.18,3.76,7.23,51.16,26.02,10.15,6.17,31.78,4.02,19.84,10.54,17.69,7.0,12.14,38.84,104.96,8.77,19.7,11.79,38.37,12.79,23.0,25.4,12.49,61.77,19.28,30.28,34.85,8.62,12.7,4.66,3.2,9.09,15.48,31.74,13.62,152.0,7.1,9.17,11.63,3.73,7.22,21.6,17.78,6.76,5.73,83.12,25.75,22.69,24.27,8.22,6.29,9.93,11.28,24.23,10.03,5.21,20.51,5.8,16.33,28.63,3.92,6.77,39.26,8.04,29.88,9.0,22.3,5.45,43.78,8.24,83.43,24.89,35.49,6.07,4.4,12.73,23.7,4.02,6.78,7.99,21.38,15.34,8.18,15.5,,,58.68,8.48,70.24,4.63,102.97,29.48,3.94,7.07,11.82,13.7,2.45,16.64,27.6,26.58,23.46,25.91,79.46,22.21,1.72,15.1,11.03,6.38,5.43,50.6,8.54,95.0
2019-06-17,71.96,22.59,79.92,3.43,911.6,35.6,50.79,85.0,17.59,60.77,,21.04,18.44,20.73,77.12,5.74,11.69,13.56,12.53,49.1,,13.61,3.37,61.6,16.36,3.8,7.23,50.74,25.98,10.19,6.18,31.51,4.02,19.39,10.44,17.75,7.01,12.2,38.66,103.7,8.5,20.08,11.77,38.17,12.75,23.05,24.67,12.67,60.38,19.45,29.92,35.14,8.64,12.4,4.66,3.19,9.14,15.21,32.23,13.8,150.6,7.09,9.14,11.64,3.74,7.26,21.47,17.61,6.42,5.72,82.62,25.68,22.72,24.0,8.27,6.28,9.99,11.22,24.72,10.16,5.23,20.52,5.82,16.14,29.0,3.91,6.81,37.61,8.07,30.0,8.69,21.47,5.46,45.06,8.29,82.83,25.1,34.88,6.07,4.48,12.8,23.59,4.01,6.59,7.82,21.32,15.48,7.9,15.71,,,59.2,8.39,69.82,4.74,101.43,29.12,3.96,7.1,11.92,13.93,2.41,16.53,27.38,26.74,23.45,25.83,81.3,21.8,1.73,15.16,11.09,6.42,5.41,50.8,8.55,94.11
2019-06-18,71.05,22.46,80.97,3.47,917.0,36.02,50.91,85.05,17.69,60.8,,21.35,18.49,20.85,76.27,5.74,11.65,13.42,12.68,49.2,,13.52,3.35,62.59,16.43,3.82,7.23,51.03,25.91,10.12,6.18,31.52,3.96,19.0,10.34,17.85,6.93,12.14,38.9,104.08,8.5,20.13,11.82,38.35,12.88,22.92,24.97,12.8,62.44,19.45,30.0,35.49,8.69,12.22,4.68,3.18,9.13,15.05,31.78,13.28,153.3,7.08,9.16,11.66,3.76,7.35,21.47,17.59,6.29,5.68,82.96,25.81,22.76,24.16,8.28,6.31,10.03,11.38,24.59,10.14,5.26,20.67,5.84,16.33,30.59,3.87,6.79,38.65,8.05,30.2,8.92,21.77,5.47,45.15,8.28,84.92,25.31,36.02,6.07,4.45,12.73,23.04,3.95,7.25,7.65,20.89,15.58,7.66,15.19,,,58.99,8.46,69.7,4.69,101.0,28.95,3.97,7.1,12.18,14.13,2.43,16.06,27.3,26.83,23.4,25.59,80.03,21.74,1.7,15.01,11.1,6.42,5.38,51.34,8.59,94.96
2019-06-19,69.68,23.13,83.54,3.47,932.01,36.8,52.01,85.72,17.78,62.46,,22.91,18.11,21.55,80.56,5.78,11.84,14.48,12.87,49.6,,13.86,3.38,64.38,16.72,3.65,7.26,52.11,26.36,10.43,6.23,31.75,4.0,19.21,10.78,18.75,6.94,12.21,39.9,105.9,8.67,20.01,11.88,39.03,12.9,23.23,26.35,13.07,61.95,20.32,30.97,36.02,8.84,12.38,4.79,3.22,9.3,15.38,33.1,13.13,154.26,7.15,9.25,11.74,3.78,7.46,21.61,18.01,6.28,5.76,87.49,26.19,23.17,24.26,8.31,6.34,10.08,11.29,25.2,10.42,5.29,21.08,5.87,16.53,31.07,3.9,6.89,38.07,8.12,31.24,8.76,22.39,5.51,49.67,8.38,87.56,27.84,35.5,6.1,4.44,13.0,23.22,4.07,7.98,8.09,21.09,15.83,7.5,15.08,,,59.32,8.62,71.0,4.76,101.15,29.61,4.0,7.15,12.18,14.05,2.44,16.03,27.63,26.82,23.66,25.56,82.67,22.12,1.71,15.12,11.23,6.46,5.44,51.86,8.75,96.76
2019-06-20,69.06,23.33,88.5,3.63,975.0,38.38,53.29,86.33,17.98,63.99,,23.69,18.78,23.05,83.9,5.84,11.95,14.75,13.63,50.29,,14.05,3.44,65.51,17.61,3.67,7.37,54.0,26.71,10.64,6.28,32.62,4.06,19.98,10.91,18.99,6.98,12.72,41.54,112.97,8.97,20.12,12.2,40.04,13.18,23.67,27.14,13.8,61.35,22.28,31.97,37.2,9.01,12.65,4.9,3.27,9.48,15.58,33.62,12.94,157.75,7.29,9.44,11.95,3.81,7.54,21.9,18.53,6.37,5.86,87.94,26.59,24.44,24.76,8.47,6.4,10.21,11.34,26.17,10.86,5.36,22.11,5.96,16.99,31.33,3.98,6.99,38.04,8.18,31.05,9.0,23.04,5.57,51.13,8.62,93.96,27.42,37.26,6.25,4.58,13.58,23.59,4.2,8.15,8.29,21.42,16.79,7.6,14.93,,,62.3,8.76,74.16,4.9,103.5,30.29,4.04,7.28,12.24,14.23,2.47,16.26,28.1,28.38,23.67,25.72,85.68,22.43,1.72,15.53,11.48,6.51,5.53,54.44,9.37,98.7
2019-06-21,69.09,23.64,87.97,3.73,976.3,37.69,52.11,85.06,17.63,67.15,,23.78,18.55,23.67,86.45,5.85,12.32,15.04,14.05,50.55,,14.57,3.5,65.9,17.73,3.64,7.35,53.31,27.23,11.14,6.26,32.32,4.11,20.85,11.1,19.14,7.03,12.6,41.98,112.98,9.17,20.03,12.09,40.55,13.13,24.06,27.4,13.64,58.75,23.3,31.93,37.06,9.01,12.91,5.04,3.29,9.57,15.66,34.68,12.98,157.51,7.33,9.46,11.89,3.77,7.41,22.03,18.78,6.3,5.86,89.96,28.21,23.79,25.81,8.47,6.39,10.27,11.52,26.6,10.87,5.41,22.54,5.96,16.98,32.47,4.01,7.1,37.3,8.18,31.15,9.35,23.14,5.59,51.02,8.58,103.36,27.91,39.3,6.27,4.58,13.73,23.91,4.33,7.93,8.29,21.74,17.01,7.49,14.85,,,62.02,8.76,75.8,4.9,102.14,30.97,4.03,7.32,12.25,15.65,2.5,16.48,28.81,28.26,24.27,25.98,85.04,22.64,1.74,15.54,11.87,6.54,5.69,54.7,9.52,103.1
2019-06-24,68.86,23.19,88.21,3.75,987.1,37.96,52.18,85.1,17.58,66.9,,23.4,18.53,23.6,84.58,5.88,12.24,14.84,13.81,50.76,,14.3,3.45,66.06,18.24,3.66,7.35,54.35,27.09,10.88,6.29,32.33,4.16,20.52,11.05,18.99,7.01,12.54,42.96,115.06,9.36,20.35,12.03,,13.18,23.64,26.84,13.69,59.79,22.79,31.3,37.1,9.13,13.05,5.03,3.28,9.75,15.94,34.21,13.2,158.33,7.3,9.37,11.85,3.78,7.44,22.0,18.93,6.33,5.89,88.52,27.69,24.15,25.31,8.43,6.41,10.21,11.44,26.07,10.92,5.4,22.89,5.94,17.17,31.98,4.01,7.02,36.89,8.17,32.61,9.49,23.49,5.59,49.75,8.48,102.24,27.7,40.45,6.23,4.59,13.91,23.99,4.39,8.72,8.14,21.78,17.07,7.48,14.96,,,63.15,8.81,76.9,4.92,103.1,30.93,4.05,7.28,12.13,15.3,2.5,16.46,28.83,28.48,24.37,26.03,85.51,22.6,1.75,15.79,12.22,6.66,5.6,55.35,9.25,103.08
2019-06-25,68.83,23.57,86.63,3.92,982.98,36.13,51.44,83.66,17.65,65.01,,22.89,18.12,23.48,81.15,5.83,12.04,14.46,13.77,49.9,,14.12,3.41,66.03,18.21,3.64,7.25,54.1,26.82,10.79,6.1,32.44,4.16,21.0,10.76,18.97,6.96,12.28,43.09,114.9,9.19,20.31,11.66,,13.05,23.08,26.2,13.43,58.24,22.69,31.58,36.18,9.18,12.66,5.02,3.25,9.56,15.66,34.47,12.66,154.69,7.24,9.22,11.82,3.75,7.34,21.66,18.6,6.35,5.83,88.52,27.06,23.67,23.98,8.36,6.34,10.02,11.2,27.07,10.92,5.39,22.87,5.87,16.98,31.42,3.99,6.96,36.08,8.08,32.64,10.39,22.74,5.53,49.5,8.33,102.95,27.33,44.5,6.15,4.53,13.85,23.49,4.35,8.97,7.98,21.33,17.01,7.18,14.35,,,64.75,8.75,77.2,4.96,104.0,30.83,4.02,7.23,11.91,15.11,2.52,16.18,29.09,27.92,23.89,25.53,84.52,22.76,1.72,16.1,12.41,6.57,5.43,53.9,9.41,101.89
2019-06-26,69.98,23.16,86.4,3.67,979.86,35.47,51.51,86.89,17.83,68.16,,23.6,18.12,23.29,85.93,5.85,12.11,14.74,13.5,50.03,,14.57,3.42,66.5,17.9,3.62,7.27,54.47,27.05,11.25,6.08,32.83,4.08,23.1,10.81,19.31,6.99,12.25,42.45,113.82,9.3,20.32,11.66,,12.95,23.0,26.43,13.37,58.0,22.07,31.48,36.21,9.27,12.96,5.02,3.26,9.44,15.54,34.17,12.5,158.25,7.23,9.27,11.85,3.74,7.38,21.98,18.76,6.29,5.84,91.34,27.3,23.61,23.62,8.37,6.34,10.01,11.22,29.25,10.8,5.46,23.42,5.88,17.27,33.18,3.96,6.97,35.82,8.06,33.52,9.62,22.78,5.56,51.83,8.28,95.67,28.75,41.0,6.17,4.53,13.62,23.82,4.31,8.77,8.19,21.26,17.2,7.16,14.12,,,63.85,8.76,76.24,4.82,103.24,30.87,3.83,7.21,11.91,14.8,2.46,16.63,29.28,28.0,24.12,25.74,85.0,22.94,1.7,15.64,12.36,6.52,5.42,54.3,9.21,101.95
2019-06-27,69.93,24.58,88.05,3.73,996.35,36.45,51.77,87.01,17.81,69.95,,25.1,18.34,23.92,86.37,5.91,12.15,14.93,13.66,50.54,,15.39,3.46,66.9,18.22,3.62,7.27,54.99,28.18,12.38,6.13,33.11,4.1,23.2,11.79,19.6,6.99,12.3,42.92,117.3,9.57,20.36,11.64,36.5,12.95,23.33,27.58,13.71,58.5,22.31,32.81,36.25,9.25,13.21,5.06,3.29,9.59,16.04,35.15,12.55,162.4,7.26,9.36,11.86,3.75,7.41,22.22,18.88,6.29,5.86,100.47,27.58,24.0,24.04,8.38,6.36,10.1,11.15,30.46,10.83,5.43,23.5,5.89,17.32,33.66,3.97,7.1,36.01,8.13,34.26,9.79,23.17,5.57,55.8,8.29,98.8,29.6,40.9,6.21,4.47,13.84,23.81,4.38,8.58,8.65,21.13,17.27,7.14,14.13,,,68.04,8.15,80.93,4.84,104.96,31.61,3.83,7.25,11.88,14.69,2.47,16.81,29.3,28.47,24.7,25.55,86.58,23.0,1.7,15.66,12.33,6.54,5.39,55.59,9.52,101.97
2019-06-28,68.88,24.52,88.61,3.77,984.0,35.98,51.86,86.68,17.9,69.25,,24.79,18.29,23.81,86.7,5.89,12.05,14.57,13.55,50.72,,15.05,3.44,66.0,18.35,3.6,7.26,55.0,27.62,13.62,6.12,33.41,3.96,23.6,11.3,19.45,6.88,12.29,42.79,117.95,9.35,20.38,11.68,35.1,13.08,22.91,27.58,13.78,58.79,22.32,32.53,36.51,9.24,12.85,5.02,3.33,9.53,15.82,33.99,12.84,163.2,7.25,9.17,11.85,3.74,7.44,22.73,18.64,6.16,5.75,101.92,27.25,24.24,23.86,8.33,6.35,9.96,10.92,30.46,10.55,5.47,23.1,5.91,17.29,33.24,3.92,6.97,35.86,8.09,33.96,10.27,23.11,5.56,54.91,8.26,98.36,29.36,41.17,6.16,4.46,13.74,23.43,4.36,8.27,8.89,21.31,17.09,7.0,14.31,,,69.05,8.09,80.83,4.69,105.0,31.38,3.81,7.11,11.81,14.37,2.46,16.23,29.03,28.32,24.2,25.28,88.65,22.71,1.69,15.74,12.43,6.5,5.29,55.03,9.29,101.77
2019-07-01,70.32,25.04,91.84,3.74,1031.86,36.9,54.09,91.1,17.81,70.62,,27.27,18.59,24.38,91.32,5.92,13.26,15.8,13.99,51.91,,15.32,3.78,68.23,18.74,3.62,7.33,58.59,29.79,14.98,6.16,34.26,4.03,24.0,11.71,19.67,6.93,12.89,43.9,126.0,9.63,20.4,11.71,38.61,13.4,23.93,29.84,13.93,61.31,22.76,33.9,37.36,9.37,13.58,5.18,3.6,9.72,16.2,36.0,12.59,168.55,7.37,9.48,12.16,3.76,7.46,23.05,18.87,6.25,5.87,107.72,29.0,24.8,25.02,8.48,6.42,10.24,11.0,32.19,10.97,5.48,24.08,5.96,17.8,34.87,4.01,7.4,36.86,8.2,33.95,10.18,23.43,5.64,56.19,8.39,102.36,31.98,39.76,6.33,4.72,14.2,24.37,4.39,8.43,9.51,21.72,17.37,6.96,14.26,,,71.5,8.2,83.65,4.84,108.55,32.0,3.85,7.54,12.24,14.77,2.49,16.92,29.52,29.76,25.59,26.2,90.2,23.16,1.71,15.91,12.56,6.6,5.46,57.87,9.48,104.38
2019-07-02,71.04,25.27,91.06,3.78,1025.0,36.52,54.81,67.97,17.84,68.96,,26.97,18.45,24.15,90.9,5.93,13.3,16.04,13.85,53.18,,14.94,3.75,70.21,18.51,3.64,7.34,58.57,29.41,13.79,6.16,34.47,4.11,25.89,11.59,19.99,6.91,12.63,43.52,128.0,9.57,20.62,11.61,37.05,13.19,23.93,29.31,14.18,63.39,22.4,34.08,37.04,9.56,13.33,5.16,3.47,9.8,16.13,36.09,12.49,174.0,7.34,9.44,12.26,3.77,7.48,23.63,18.93,6.43,5.91,105.5,29.02,24.85,24.61,8.5,6.44,10.18,11.1,32.29,11.08,5.44,23.98,5.97,17.98,34.83,3.99,7.32,36.92,8.17,34.21,10.15,22.6,5.63,54.0,8.47,99.9,31.33,41.07,6.3,4.68,14.13,25.28,4.35,8.31,9.41,23.17,17.18,6.98,14.31,,,71.06,8.27,84.18,4.83,107.57,31.68,3.85,7.55,12.1,14.6,2.46,17.2,29.53,29.35,26.03,27.78,91.18,23.16,1.69,15.58,12.35,6.64,5.43,57.33,9.66,106.08
2019-07-03,71.8,24.91,90.66,3.83,987.9,36.15,54.09,66.75,18.26,67.25,,25.78,18.33,23.43,92.18,5.67,13.41,15.42,13.52,53.4,,15.08,3.7,68.37,18.15,3.66,7.34,57.33,30.21,14.09,6.19,33.55,4.03,27.74,11.31,19.52,6.88,12.41,42.8,123.91,9.37,20.67,11.56,37.06,12.92,24.15,28.37,14.01,60.89,21.64,33.2,36.65,9.3,12.8,5.06,3.39,9.7,15.81,35.57,12.19,165.8,7.3,9.46,9.1,3.77,7.51,23.38,19.03,6.5,5.94,104.98,28.41,24.39,24.03,8.51,6.46,10.08,11.01,31.85,11.42,5.38,23.8,5.99,17.94,34.15,3.94,7.15,35.12,8.25,34.17,10.28,22.6,5.62,53.69,8.54,96.66,30.63,42.47,6.2,4.63,13.9,24.71,4.29,8.39,9.53,23.17,17.12,6.84,14.02,,,69.46,8.2,82.77,4.73,105.5,31.24,3.87,7.68,11.94,14.48,2.42,16.88,29.87,29.03,16.3,27.32,88.18,23.25,1.67,15.47,12.34,6.61,5.39,55.49,9.59,102.78
2019-07-04,71.05,24.5,89.9,3.72,981.2,36.08,54.4,65.9,18.28,67.15,,25.56,18.29,23.6,93.45,5.68,13.26,15.14,13.59,53.24,,14.85,3.64,66.11,18.23,3.66,7.37,56.88,29.18,13.61,6.21,33.41,4.02,26.86,11.32,19.31,6.9,12.54,42.86,123.09,9.31,20.53,11.62,36.39,12.86,24.04,28.09,13.99,58.97,21.58,33.24,36.05,9.26,12.42,5.12,3.34,9.74,15.68,33.49,12.22,162.59,7.12,9.36,8.95,3.77,7.5,23.15,19.15,6.46,6.05,103.96,28.2,23.78,24.29,8.2,6.44,10.28,10.9,31.3,11.24,5.45,24.03,6.0,17.78,33.92,3.93,7.1,34.93,8.23,34.0,9.91,22.28,5.64,53.09,8.6,95.18,29.95,41.16,6.21,4.64,13.92,24.6,4.34,7.99,9.52,22.82,17.02,6.7,13.9,,,68.4,8.1,81.43,4.72,101.8,30.17,3.87,7.65,11.97,14.43,2.41,16.7,30.28,28.75,16.11,27.12,83.3,23.96,1.67,15.52,12.21,6.61,5.35,54.39,9.53,104.49
2019-07-05,71.08,24.18,90.85,3.76,999.82,36.47,55.27,65.92,18.37,67.85,,19.79,18.27,23.54,93.15,5.67,13.15,15.14,13.65,53.26,,15.09,3.65,67.4,18.03,3.65,7.33,58.1,29.06,13.7,6.18,33.47,4.01,25.19,11.31,19.12,6.86,12.48,43.48,129.81,9.37,20.61,11.57,36.29,12.87,23.82,28.15,13.92,61.05,21.67,33.28,36.2,9.28,12.44,5.16,3.36,9.63,15.67,33.23,12.2,164.0,7.12,9.31,8.97,3.75,7.54,23.47,19.0,6.52,6.02,104.03,28.39,23.78,24.2,8.19,6.09,10.38,11.05,31.74,11.03,5.42,24.09,5.99,17.78,34.27,3.92,7.11,36.88,8.17,33.93,10.05,22.41,5.63,54.3,8.61,95.6,30.53,41.86,6.2,4.68,13.89,24.58,4.39,8.4,9.51,22.64,17.01,6.72,13.97,,,71.68,8.11,84.9,4.71,105.09,29.95,3.86,7.67,12.14,14.57,2.4,17.05,29.88,29.37,16.49,27.04,86.5,23.66,1.67,15.53,12.3,6.59,5.34,54.73,9.53,102.8
2019-07-08,68.86,22.88,88.59,3.7,984.86,35.56,54.39,64.63,18.11,67.4,,19.56,17.79,23.17,87.7,5.59,12.68,14.6,13.0,52.32,,15.27,3.52,66.5,17.58,3.6,7.23,56.48,28.45,13.95,6.12,32.98,3.89,24.76,10.95,18.8,6.75,11.82,41.87,127.03,8.74,19.07,11.36,35.08,12.7,23.11,27.28,13.59,62.93,21.21,32.26,34.93,9.14,11.79,4.87,3.24,9.31,14.95,31.67,11.61,163.0,6.92,9.02,8.88,3.71,7.46,23.0,18.61,6.31,5.89,105.65,27.21,23.23,23.34,8.09,6.0,10.05,10.69,31.05,10.83,5.33,25.91,5.92,17.46,33.38,3.78,6.8,37.34,7.96,33.98,9.74,21.85,5.52,52.33,8.45,91.97,29.81,40.66,6.01,4.53,13.47,23.58,4.25,8.88,9.56,21.34,16.5,6.46,13.32,,,69.75,7.99,83.7,4.52,102.1,29.02,3.79,7.37,11.83,13.85,2.33,16.26,28.94,28.3,16.16,25.98,85.0,,1.62,14.78,12.0,6.44,5.21,52.69,8.98,98.69
2019-07-09,70.86,23.07,87.53,3.65,976.06,35.29,53.84,64.5,17.84,67.05,,19.6,17.82,23.23,88.49,5.58,12.71,14.4,13.08,54.89,,15.18,3.57,66.48,17.78,3.58,7.24,55.99,30.01,13.87,5.77,33.27,3.9,24.09,10.8,19.1,6.71,11.93,41.73,126.0,9.1,18.99,11.37,34.6,12.67,22.82,26.67,13.59,64.8,21.21,32.18,34.87,9.13,11.84,4.81,3.25,9.17,14.87,32.1,11.67,162.2,6.93,9.07,8.87,3.71,7.4,22.9,18.4,6.42,5.81,102.01,26.89,23.23,23.48,8.05,5.98,10.08,10.67,31.72,10.68,5.26,25.84,5.9,17.43,33.38,3.79,6.85,38.25,7.92,33.68,9.52,21.67,5.5,53.3,8.43,92.2,30.18,39.99,5.96,4.53,13.66,23.89,4.22,9.03,9.25,21.58,16.67,6.53,13.43,,,69.74,7.94,83.51,4.48,102.39,29.47,3.77,7.9,11.89,14.05,2.33,16.55,29.2,28.41,16.93,26.41,85.02,,1.63,14.7,12.14,6.42,5.24,52.35,9.35,108.56
2019-07-10,72.25,23.21,87.88,3.58,982.52,35.12,53.9,64.38,18.0,68.54,,19.88,17.72,23.2,92.98,5.55,12.73,14.29,12.92,53.9,,14.85,3.68,67.41,18.03,3.59,7.2,56.29,29.45,13.47,5.74,33.16,3.86,23.76,10.6,19.28,6.66,11.88,41.44,126.43,9.06,19.07,11.35,34.82,12.48,22.97,26.92,13.56,64.65,21.12,32.44,35.37,9.09,11.76,4.74,3.28,9.1,14.71,32.24,11.39,165.26,6.92,8.97,8.79,3.7,6.99,22.77,18.76,6.33,5.77,102.37,27.0,22.27,23.37,7.99,5.98,10.15,10.52,30.9,10.78,5.2,25.75,5.88,17.31,33.0,3.77,6.81,38.17,7.88,33.62,9.27,21.77,5.49,55.18,8.3,89.78,29.74,38.9,5.92,4.44,13.78,23.46,4.14,8.72,9.49,21.08,16.72,6.39,13.19,,,70.1,7.87,85.1,4.44,102.73,29.01,3.78,7.74,11.71,13.9,2.3,16.2,29.2,28.27,16.99,26.08,87.94,,1.62,14.51,12.71,6.35,5.17,52.66,9.4,91.56
2019-07-11,72.42,22.96,87.98,3.58,981.5,35.9,54.39,63.57,18.25,66.3,,19.5,17.79,23.18,93.0,5.57,12.79,14.03,12.94,53.25,,14.8,3.65,66.66,18.06,3.59,7.21,56.0,29.7,14.25,5.75,33.88,3.86,23.66,10.62,19.39,6.67,11.84,41.69,123.5,8.86,19.03,11.4,34.48,12.82,23.02,27.01,13.54,65.16,20.71,32.06,36.21,8.8,11.7,4.75,3.26,9.13,15.17,31.79,11.34,162.89,6.91,8.94,8.79,3.71,7.04,22.85,18.56,6.38,5.78,104.6,27.06,22.03,23.08,7.98,5.99,10.1,10.42,30.95,10.87,5.22,26.06,5.58,17.31,32.78,3.78,6.72,38.21,7.88,33.6,9.69,20.98,5.48,54.8,8.31,90.1,30.47,41.4,5.96,4.46,13.85,23.6,4.15,9.06,9.34,21.07,16.64,6.5,13.25,,,69.49,7.87,86.0,4.53,102.02,29.76,3.77,7.96,11.54,14.01,2.33,15.88,29.45,29.2,17.36,26.05,86.12,,1.61,14.74,12.6,6.34,5.18,53.12,9.24,92.92
2019-07-12,73.88,23.57,88.75,3.52,986.09,35.4,54.78,63.5,18.21,65.58,,19.5,18.18,23.37,91.82,5.62,12.77,14.22,13.15,54.26,,14.89,3.73,66.45,18.07,3.6,6.86,56.48,30.08,13.87,5.8,33.83,3.85,23.25,10.7,19.46,6.67,11.96,42.1,125.58,9.75,19.03,11.52,35.12,13.13,23.11,26.97,14.12,65.23,20.77,32.2,37.67,8.79,11.89,4.8,3.33,9.13,15.22,31.51,11.29,159.0,6.93,9.02,8.86,3.72,7.17,22.85,18.52,6.49,5.85,102.19,27.31,22.84,23.07,8.02,6.03,10.15,10.45,31.85,10.69,5.24,25.99,5.62,17.31,32.99,3.8,6.7,38.55,7.88,33.95,9.48,22.33,5.49,54.95,8.48,91.38,30.45,40.67,5.96,4.52,14.0,23.76,4.15,8.75,9.36,21.13,16.67,6.52,13.28,,,70.81,7.85,88.45,4.53,102.21,29.34,3.8,8.19,11.67,14.29,2.34,15.9,29.62,30.67,17.33,26.17,87.71,,1.61,14.81,12.96,6.33,5.17,54.76,9.16,89.9
2019-07-15,73.66,25.19,88.08,3.55,975.93,35.3,54.67,64.93,18.19,69.14,,20.26,18.29,23.69,98.6,5.6,12.76,14.55,13.88,55.35,,15.05,3.78,67.38,18.23,3.59,6.81,55.88,31.84,14.28,5.8,33.72,3.86,25.1,10.9,19.84,6.64,12.2,41.55,125.09,10.0,18.9,11.5,35.92,13.43,22.89,27.15,14.0,68.92,21.12,32.87,38.02,8.83,12.15,4.95,3.37,9.15,15.81,32.41,11.59,159.07,6.95,9.04,8.84,3.7,7.18,22.72,18.5,6.47,5.93,104.97,27.9,22.62,23.64,8.06,6.01,10.2,10.81,31.72,10.9,5.26,27.08,5.61,17.44,33.79,3.84,6.61,40.14,7.9,33.98,9.51,22.94,5.56,58.92,8.48,94.17,31.3,40.95,5.98,4.72,14.19,22.92,4.24,8.67,10.01,21.4,16.94,6.66,13.52,,,69.65,7.88,87.48,4.65,101.93,29.88,3.8,8.17,11.61,14.69,2.35,16.26,30.26,30.68,16.07,25.95,87.82,,1.61,15.01,12.82,6.25,5.21,54.89,9.33,98.89
2019-07-16,72.82,26.37,86.95,3.57,968.0,35.31,53.52,64.85,18.11,69.35,,20.12,18.17,23.43,101.78,5.61,12.66,14.61,13.99,54.78,,15.14,3.96,66.06,18.14,3.58,6.82,54.81,32.23,15.26,5.8,32.69,3.87,24.91,11.0,19.89,6.62,12.22,41.45,123.58,10.14,19.07,11.55,35.58,13.42,23.55,26.77,13.75,68.33,20.93,32.93,37.96,8.76,12.16,4.98,3.42,9.18,15.82,32.72,11.72,154.43,6.97,8.95,8.85,3.69,7.18,22.39,18.35,6.63,5.96,107.75,28.0,22.4,23.67,8.26,6.0,10.18,11.01,31.0,11.27,5.3,26.98,5.63,17.19,33.58,3.82,6.69,40.18,7.89,33.64,9.46,23.1,5.58,59.49,8.46,93.06,31.96,40.88,6.0,4.73,14.07,22.67,4.24,8.61,10.38,21.41,16.99,6.69,13.33,,,68.89,7.84,84.9,4.66,100.15,30.59,3.8,8.28,11.65,14.62,2.36,16.2,30.18,30.13,16.2,25.68,86.2,,1.61,15.08,12.52,6.25,5.2,54.21,9.46,99.0
2019-07-17,72.99,26.57,86.99,3.52,963.5,35.21,52.72,64.98,18.09,69.9,,20.58,18.06,23.09,100.48,5.56,12.81,14.9,14.27,54.65,,15.13,4.11,66.24,18.03,3.57,6.83,54.53,31.75,15.02,5.76,32.48,3.85,25.13,10.97,20.37,6.6,12.32,41.8,123.6,10.16,18.98,11.48,35.71,13.44,23.68,26.9,13.69,70.19,20.75,32.51,38.15,8.95,12.58,5.02,3.47,9.12,15.73,34.45,11.71,158.0,6.99,9.01,8.82,3.67,7.13,22.41,18.33,6.62,5.94,106.5,28.96,22.81,23.76,8.22,5.96,10.16,11.08,31.11,11.21,5.28,26.67,5.63,16.94,33.83,3.81,6.7,40.27,7.85,33.66,9.26,23.04,5.56,62.45,8.46,93.19,32.6,39.76,5.99,4.87,13.98,22.68,4.2,8.44,10.22,21.3,16.98,6.66,13.25,,,69.29,7.88,84.41,4.64,99.81,30.94,3.78,8.4,11.61,14.5,2.35,16.0,30.08,30.06,16.85,25.67,84.71,,1.62,14.96,12.63,6.25,5.28,53.95,9.43,96.28
2019-07-18,71.5,26.68,86.73,3.53,947.5,35.32,52.69,64.28,17.72,65.53,,20.04,18.09,22.72,96.85,5.57,12.36,14.17,14.23,53.45,,14.4,4.07,66.02,17.8,3.55,6.81,54.4,31.36,14.41,5.75,32.11,3.83,24.46,11.15,20.02,6.53,12.07,40.81,121.0,10.12,18.96,11.49,34.04,13.71,23.41,26.17,13.67,70.49,20.48,31.36,38.8,8.85,12.25,4.88,3.38,9.07,15.55,33.47,11.94,157.21,6.93,8.87,8.9,3.65,7.23,22.1,18.01,6.67,5.93,105.02,29.03,22.72,21.38,8.15,5.96,9.97,11.55,30.75,10.93,5.24,26.46,5.6,16.71,32.01,3.78,6.53,39.8,7.77,33.3,9.25,24.06,5.53,60.63,8.34,90.78,31.47,40.05,5.92,4.86,13.75,22.52,4.14,8.59,9.93,21.1,16.76,6.65,13.36,,,67.9,7.79,83.66,4.64,100.2,30.78,3.76,8.1,11.83,14.08,2.34,15.72,29.63,30.08,16.44,25.44,85.2,,1.62,14.9,12.17,6.22,5.13,52.7,9.17,96.04
2019-07-19,72.5,26.62,88.35,3.67,955.87,36.37,52.59,64.95,17.96,66.95,,20.0,18.41,23.18,97.93,5.6,12.46,14.02,14.79,53.93,,14.49,4.03,66.02,18.08,3.57,6.87,54.2,31.13,14.39,5.79,32.25,3.88,24.38,11.45,20.03,6.55,12.54,40.52,122.14,10.05,19.23,11.58,33.89,13.61,23.54,26.48,13.99,71.75,21.17,31.22,38.78,8.85,12.24,5.09,3.37,9.07,15.85,33.26,11.85,156.6,6.97,8.9,8.92,3.67,7.25,22.25,18.07,6.71,6.0,104.4,29.47,23.41,20.83,8.16,6.0,10.0,11.52,30.84,11.28,5.29,26.43,5.64,16.81,32.25,3.81,6.56,40.85,7.8,34.08,9.61,24.0,5.48,60.27,8.37,92.01,31.68,42.24,5.93,4.91,13.93,22.63,4.23,8.96,9.93,21.31,17.04,6.72,13.54,,,69.49,7.79,84.45,4.81,101.41,30.48,3.78,7.99,11.73,14.21,2.4,15.75,29.53,30.13,16.17,25.4,85.88,,1.62,15.55,12.62,6.27,4.92,54.2,9.57,94.5
2019-07-22,73.08,25.92,87.68,3.61,957.02,36.37,52.8,64.52,18.19,63.75,81.03,20.0,18.37,22.8,95.77,5.64,12.25,13.71,14.19,54.9,74.92,14.5,4.01,66.54,17.81,3.57,6.87,54.0,30.75,14.27,5.77,32.26,3.75,22.85,11.18,19.99,6.45,12.49,40.28,123.45,10.23,19.11,11.48,33.15,13.71,23.37,28.55,13.85,70.65,20.84,31.28,38.3,9.04,12.14,5.01,3.32,8.92,15.22,33.19,11.04,156.84,6.9,8.69,8.85,3.67,7.22,22.08,18.22,6.56,5.94,105.06,28.97,23.65,20.28,8.2,5.97,10.66,11.4,29.96,10.94,5.26,26.41,5.58,16.55,32.63,3.72,6.39,39.91,7.71,33.8,9.38,24.09,5.42,63.0,8.38,90.88,31.61,41.3,5.83,4.87,13.72,21.88,4.16,9.01,10.15,20.31,16.76,6.26,12.77,,,68.26,7.78,85.2,4.77,101.9,30.46,3.79,7.53,11.21,13.76,2.35,14.99,29.07,30.25,16.2,23.92,88.02,22.5,1.58,15.34,12.29,6.19,4.75,53.8,9.24,95.78
2019-07-23,75.87,26.38,87.5,3.61,953.98,36.21,53.2,64.93,18.2,64.78,83.28,20.37,18.51,22.87,100.9,5.66,12.43,14.35,14.45,56.33,74.13,14.68,4.0,66.05,17.77,3.59,6.97,54.4,31.12,14.86,5.77,32.1,3.78,23.2,11.47,19.77,6.45,12.43,41.18,120.05,10.31,18.96,11.49,34.54,13.6,23.67,29.06,13.76,70.28,20.99,31.57,37.17,9.05,12.61,4.97,3.34,8.92,16.2,33.9,11.11,155.17,6.93,8.74,8.86,3.69,7.29,22.52,18.09,6.6,6.05,107.01,30.53,23.36,20.79,8.24,5.98,10.8,10.88,31.13,11.25,5.26,27.0,5.59,16.7,32.7,3.74,6.52,39.95,7.73,33.92,9.34,24.95,5.48,64.82,8.38,91.96,32.91,41.13,5.85,4.94,13.74,22.0,4.25,9.01,10.92,20.48,16.73,6.36,12.89,,,68.3,7.82,81.1,4.73,100.3,30.37,3.8,7.59,11.27,13.95,2.34,15.38,29.5,29.8,16.66,23.95,86.13,22.61,1.59,15.24,12.39,6.26,4.8,53.88,9.28,98.98
2019-07-24,75.68,26.8,88.85,3.64,946.36,36.43,53.38,65.66,18.18,65.0,85.0,21.22,18.73,23.26,100.27,5.69,13.06,15.79,14.36,56.34,75.88,15.13,4.07,66.6,17.95,3.59,6.95,54.76,32.2,15.17,5.79,32.42,3.74,23.7,11.51,20.16,6.48,12.52,42.64,119.5,10.55,19.1,11.59,34.58,13.92,24.46,28.89,13.88,70.71,21.35,32.71,38.45,9.05,12.99,4.91,3.39,8.99,16.21,35.1,11.19,159.0,6.97,8.84,8.88,3.69,7.37,22.65,18.69,6.57,6.04,111.73,30.25,23.57,21.07,8.25,6.0,10.78,10.74,31.16,11.16,5.28,26.38,5.6,16.88,33.65,3.76,7.17,40.1,7.79,35.6,9.46,25.0,5.54,67.22,8.47,93.46,34.23,41.75,5.95,4.95,13.87,22.31,4.2,9.06,10.9,20.7,16.95,6.43,12.97,,,68.3,7.88,81.22,4.73,100.0,30.56,3.81,7.73,11.29,14.16,2.35,16.92,30.67,30.5,16.5,24.08,85.97,23.08,1.6,15.28,12.44,6.31,4.83,55.05,9.6,108.88
2019-07-25,75.81,27.53,89.41,3.61,963.0,37.26,53.45,65.58,18.22,65.48,87.11,21.69,19.32,23.39,102.95,5.69,13.41,16.02,14.52,56.8,78.0,16.64,4.29,66.72,18.12,3.59,7.01,55.12,32.15,16.04,5.79,32.4,3.63,23.74,11.97,20.75,6.47,12.54,42.69,121.68,10.57,19.19,11.88,35.68,13.99,24.35,30.25,14.2,71.71,21.5,33.15,38.65,9.08,13.26,4.82,3.49,8.93,16.43,37.0,11.24,163.1,6.99,8.86,9.07,3.7,7.41,22.74,18.78,6.49,6.04,114.39,32.46,24.01,21.37,8.36,6.05,10.63,10.6,30.89,11.1,5.29,26.49,5.64,16.99,33.58,3.76,7.44,40.57,7.79,36.37,9.35,25.25,5.54,69.8,8.71,94.0,35.62,41.45,5.95,4.91,13.89,22.28,4.11,8.94,11.84,20.55,17.02,6.42,12.96,,,68.35,7.87,81.81,4.68,100.89,30.19,3.85,7.61,11.24,14.16,2.35,17.55,30.4,30.68,16.67,23.17,88.1,23.0,1.6,15.11,12.75,6.29,4.81,55.74,9.6,110.96
2019-07-26,76.66,27.7,90.1,3.58,965.03,37.22,53.43,67.2,18.5,64.37,78.59,21.93,19.22,23.39,102.1,5.69,13.25,16.13,14.37,57.42,71.68,17.39,4.2,66.82,18.07,3.59,7.01,55.46,32.29,15.99,5.78,32.34,3.61,24.09,11.9,20.88,6.54,12.56,43.41,121.25,10.48,19.13,11.87,35.45,14.65,24.42,30.8,14.23,71.54,21.41,33.4,38.64,9.04,13.2,4.83,3.47,8.95,16.19,37.1,11.19,164.4,7.02,8.87,9.22,3.7,7.36,22.63,18.75,6.42,6.03,114.3,33.29,23.89,21.33,8.38,6.04,10.76,10.35,30.6,10.91,5.28,26.4,5.64,16.83,33.82,3.76,7.42,39.45,8.05,36.28,9.28,26.05,5.59,69.1,8.74,91.95,35.91,40.84,5.96,5.07,13.84,22.34,4.24,9.09,11.82,21.4,17.0,6.39,12.9,,,68.66,7.85,82.21,4.64,100.92,30.35,3.87,7.61,11.25,14.22,2.35,17.06,30.55,30.3,16.6,23.62,89.6,23.45,1.59,14.83,12.43,6.29,4.84,55.53,9.53,107.99
2019-07-29,76.68,28.31,89.45,3.57,976.41,36.83,54.01,66.92,18.8,65.33,82.03,21.83,19.19,23.17,101.6,5.65,13.31,16.46,14.1,57.22,74.58,18.77,4.3,66.65,17.89,3.6,7.01,54.62,33.03,16.68,5.78,32.24,3.54,24.75,12.52,21.26,6.54,12.58,44.38,123.75,10.45,19.02,11.86,35.29,14.34,24.6,30.86,14.29,76.0,20.4,33.34,38.6,9.12,13.84,4.77,3.51,8.85,16.38,38.23,11.23,161.0,7.02,8.9,9.21,3.7,7.37,22.59,18.93,6.43,6.01,118.21,32.7,23.89,21.2,8.48,6.04,10.6,9.99,30.35,10.84,5.25,26.85,5.65,16.68,33.17,3.74,7.56,40.48,7.94,36.89,9.29,25.91,5.64,69.62,8.77,91.1,36.02,40.95,5.98,4.96,13.43,22.2,4.17,9.45,11.8,21.88,16.81,6.35,12.86,,,69.62,7.89,82.93,4.6,101.09,31.26,3.94,7.6,11.24,14.05,2.32,17.91,30.35,29.93,16.54,23.36,90.5,23.45,1.58,14.74,12.1,6.32,4.84,55.05,9.39,112.5
2019-07-30,77.76,28.11,89.98,3.63,978.93,36.77,55.2,66.43,18.74,64.5,83.78,21.55,19.5,23.41,98.06,5.66,13.39,15.98,14.52,57.08,75.1,18.9,4.13,66.96,18.08,3.61,7.01,55.08,32.89,16.16,5.82,31.95,3.54,24.56,12.36,20.89,6.54,12.65,43.98,122.9,10.24,19.28,11.86,35.13,14.31,24.87,30.42,14.37,77.16,20.44,33.33,39.55,9.32,13.72,4.78,3.47,8.89,16.2,40.9,11.19,162.38,7.05,8.92,9.27,3.72,7.4,22.78,18.84,6.48,6.03,116.25,31.98,23.81,21.3,8.57,6.07,10.6,9.94,32.66,10.85,5.26,27.0,5.67,16.88,33.0,3.77,7.63,40.31,7.91,36.32,9.43,25.5,5.62,68.39,8.75,92.38,35.06,41.92,5.97,4.95,13.53,22.27,4.17,9.46,11.66,22.3,16.92,6.37,12.94,,,68.8,7.92,82.19,4.66,100.6,30.92,3.95,7.85,11.25,14.43,2.33,18.32,30.08,30.36,16.4,23.41,89.94,23.4,1.59,15.03,12.14,6.38,5.21,56.61,9.38,110.85
2019-07-31,76.0,28.16,88.09,3.66,972.6,36.56,54.7,64.99,18.72,64.58,88.48,21.6,19.13,23.23,97.8,5.64,13.67,16.3,14.55,55.95,77.27,19.0,4.05,66.94,18.11,3.6,6.96,55.09,32.29,16.38,5.81,31.2,3.62,25.07,12.41,20.84,6.51,12.17,43.98,120.71,10.28,19.21,11.87,35.56,14.12,24.92,30.87,14.13,76.6,20.32,32.92,38.6,9.46,14.11,4.69,3.4,8.92,16.6,41.56,11.24,158.9,7.11,8.88,9.31,3.71,7.37,22.53,18.86,6.37,5.89,117.86,32.35,23.59,21.38,8.47,6.07,10.59,9.58,31.55,10.85,5.27,26.72,5.63,16.83,32.85,3.75,7.71,40.47,7.88,37.2,9.37,25.73,5.63,67.12,8.29,91.49,35.24,42.13,5.93,4.87,13.41,22.11,4.14,9.97,11.67,23.38,16.91,6.19,12.98,,,67.79,7.9,80.64,4.62,99.9,30.38,3.93,7.73,11.17,14.17,2.32,17.71,30.1,29.69,16.46,23.29,90.5,23.5,1.58,14.75,11.96,6.38,5.06,55.55,9.11,113.93
2019-08-01,75.8,28.8,87.51,3.58,959.3,36.2,53.6,64.89,18.76,61.0,91.05,21.79,18.86,22.92,92.3,5.61,13.42,16.97,14.44,55.73,79.8,19.28,4.04,66.73,17.88,3.58,6.83,53.68,33.35,16.29,5.78,31.32,3.72,24.23,12.32,20.83,6.46,11.88,43.91,119.03,10.3,19.06,11.65,35.12,14.19,24.68,30.71,14.1,77.39,19.94,32.73,38.43,9.4,14.06,4.65,3.43,8.86,16.53,41.43,11.07,157.78,7.04,8.82,9.23,3.68,7.33,22.26,18.7,6.36,5.82,116.0,33.27,23.35,21.63,8.45,6.02,10.35,9.62,31.12,10.78,5.23,27.22,5.58,16.88,32.46,3.71,7.84,41.98,7.82,37.0,8.83,25.6,5.61,70.87,8.33,90.32,35.0,40.1,5.87,4.81,13.25,23.19,4.12,10.4,11.74,24.62,16.64,6.22,13.21,,,66.85,7.89,79.87,4.57,96.9,30.11,3.92,7.96,11.08,14.56,2.31,17.71,29.71,29.57,16.86,25.11,89.5,23.01,1.56,14.54,11.78,6.26,5.05,55.97,9.16,112.9
2019-08-02,75.28,27.77,86.03,3.58,954.45,35.75,52.75,63.86,18.79,60.74,95.5,21.09,18.79,21.71,93.1,5.56,12.89,16.35,14.08,54.39,83.87,19.1,3.93,66.04,17.29,3.55,6.9,53.43,31.75,16.06,5.68,31.14,3.65,23.27,11.87,20.25,6.33,11.73,43.5,118.12,10.34,18.63,11.48,34.01,13.93,24.51,29.62,13.74,78.2,19.53,31.4,37.56,9.34,13.8,4.51,3.34,8.63,16.08,39.26,12.07,158.6,6.95,8.65,9.14,3.64,7.21,22.0,18.25,6.25,5.78,113.93,34.44,22.97,21.23,8.38,5.96,10.04,9.6,29.96,10.63,5.13,26.28,5.53,16.18,31.98,3.66,7.56,42.13,7.71,36.8,9.02,25.37,5.54,67.9,8.09,87.17,35.25,40.95,5.71,4.64,12.88,22.85,4.01,10.4,11.01,24.36,15.95,6.49,13.76,,,65.7,7.83,79.81,4.49,97.45,30.06,3.86,8.0,10.81,14.44,2.29,17.24,29.45,29.03,16.67,25.11,90.47,22.49,1.6,14.46,11.68,6.18,4.98,54.64,8.96,112.04
2019-08-05,73.0,27.25,84.61,3.79,942.43,35.21,51.6,62.8,18.25,59.8,99.37,20.23,18.36,20.94,90.14,5.48,12.62,16.24,13.52,52.38,85.66,19.21,3.83,64.1,16.9,3.5,6.84,52.98,31.1,16.17,5.57,30.81,3.56,22.98,11.78,19.61,6.25,11.39,41.82,116.95,10.73,18.14,11.24,33.74,13.59,24.06,28.71,13.35,77.6,19.32,31.13,36.79,9.15,13.65,4.43,3.25,8.57,16.0,38.42,12.17,153.36,6.85,8.5,8.97,3.58,7.1,21.48,17.81,6.2,5.64,111.34,33.6,22.46,21.14,8.24,5.85,9.9,9.36,29.3,10.59,5.04,26.01,5.44,15.8,31.61,3.61,7.61,42.72,7.55,35.86,9.8,24.89,5.44,66.55,7.97,83.32,34.28,45.05,5.61,4.55,12.74,21.98,4.02,9.92,10.9,23.62,15.62,6.36,13.48,,,64.78,7.61,77.31,4.49,95.28,29.03,3.79,7.89,10.59,14.73,2.26,16.98,29.59,28.5,16.51,24.16,85.8,22.3,1.56,14.4,11.55,6.04,4.86,52.85,8.95,111.8
2019-08-06,72.15,27.63,84.51,3.69,946.3,34.88,51.51,62.9,18.34,59.0,91.0,20.52,18.2,20.85,87.87,5.41,12.33,15.96,13.39,51.37,78.7,19.75,3.76,64.74,16.79,3.46,6.82,50.93,31.15,17.24,5.51,28.1,3.39,22.17,11.72,19.43,6.16,11.09,41.85,121.28,10.55,17.95,11.09,32.57,13.56,23.88,28.7,13.37,75.26,19.12,30.5,36.85,9.14,13.36,4.41,3.14,8.34,15.32,38.85,11.94,152.81,6.62,8.18,8.93,3.53,7.03,20.99,17.54,6.01,5.59,111.55,32.81,22.19,20.29,8.15,5.77,9.68,9.15,29.69,10.52,4.99,25.74,5.33,15.43,30.42,3.5,7.6,42.52,7.31,35.75,9.67,24.9,5.36,66.58,7.94,80.01,34.76,45.19,5.45,4.4,12.51,20.89,3.95,9.4,10.6,23.77,15.55,6.43,13.29,,,65.15,7.48,78.9,4.33,96.11,28.57,3.73,7.47,10.02,13.9,2.18,16.6,28.99,28.36,16.22,23.0,85.85,21.98,1.5,14.2,11.63,5.91,4.85,52.05,8.53,109.99
2019-08-07,73.33,26.87,83.47,3.78,945.0,34.53,51.03,62.99,18.33,56.19,90.01,20.48,18.29,20.5,87.43,5.39,12.24,15.48,13.08,50.8,79.13,18.97,3.71,65.5,16.6,3.43,6.82,50.27,29.59,17.24,5.49,28.16,3.73,21.79,11.43,19.3,6.2,11.04,41.79,118.88,9.97,18.0,11.07,31.6,13.58,23.09,28.73,13.54,75.31,18.9,30.17,36.74,9.21,12.8,4.44,3.13,8.24,14.77,38.42,12.31,155.87,6.61,8.15,8.9,3.52,7.03,20.98,17.86,5.98,5.55,109.0,32.66,22.1,19.94,8.08,5.74,9.56,9.05,29.15,10.65,4.97,26.3,5.3,15.41,29.92,3.52,7.28,41.8,7.31,35.11,10.22,24.46,5.35,64.73,7.94,77.89,35.24,46.89,5.42,4.38,12.4,21.68,3.93,9.31,10.36,26.15,15.68,6.83,13.77,,,65.15,7.49,77.99,4.46,98.0,27.97,3.7,7.38,10.27,13.46,2.24,17.45,28.39,27.9,16.34,24.38,86.2,22.0,1.52,14.83,11.75,5.86,4.85,51.05,8.36,112.07
2019-08-08,73.08,27.47,84.51,3.8,971.68,35.36,51.8,65.17,18.92,57.95,86.5,21.53,18.7,20.91,88.68,5.43,12.35,16.77,13.25,50.86,78.49,19.46,3.83,66.66,16.78,3.46,6.82,51.0,30.01,18.61,5.51,28.06,3.74,,11.66,19.45,6.17,11.23,43.8,120.52,10.06,18.12,11.26,31.96,13.56,23.13,28.9,14.38,75.67,19.23,30.24,37.11,9.15,14.08,4.48,3.17,8.22,14.88,38.57,11.96,160.15,6.64,8.19,9.04,3.54,7.14,21.27,17.83,5.99,5.59,114.6,33.8,22.77,20.25,8.14,5.77,9.72,8.99,29.52,10.53,4.98,25.98,5.34,15.15,30.28,3.53,7.43,42.76,7.33,34.9,10.11,24.92,5.36,65.51,8.1,79.05,35.5,46.07,5.45,4.41,12.53,21.3,3.95,9.39,10.7,27.05,15.85,6.65,13.45,,,66.1,7.6,79.3,4.43,99.08,27.83,3.76,7.34,10.19,13.6,2.25,17.23,28.82,28.1,16.4,23.84,87.52,22.18,1.51,14.77,11.67,5.9,5.0,51.77,8.46,120.12
2019-08-09,71.93,26.14,84.35,3.73,962.03,34.99,51.22,65.18,18.86,57.09,81.88,20.99,18.6,20.79,86.2,5.46,12.29,17.4,13.09,50.99,74.83,20.04,3.72,66.88,16.6,3.46,6.83,49.94,30.09,18.5,5.52,27.4,3.84,,12.16,19.0,6.17,11.11,42.94,118.02,10.0,18.06,11.37,30.91,13.48,22.7,28.09,14.52,72.74,19.13,27.9,36.85,8.99,13.9,4.44,3.13,8.1,14.38,37.99,11.78,160.37,6.58,8.02,9.04,3.56,7.14,20.96,17.55,5.69,5.55,115.5,32.4,22.78,20.07,8.08,5.78,9.86,8.77,29.57,10.35,4.98,26.1,5.31,15.19,29.61,3.48,7.27,41.19,7.32,35.63,9.94,24.68,5.3,65.1,8.07,77.89,34.61,46.1,5.29,4.28,12.37,20.98,3.93,9.1,10.56,26.75,15.55,6.54,13.25,,,64.5,7.6,77.38,4.36,98.89,27.62,3.77,7.1,10.19,13.26,2.22,16.83,28.23,28.17,16.1,23.52,87.4,21.78,1.49,14.6,11.44,5.89,5.07,49.87,8.28,120.3
2019-08-12,73.37,27.8,86.5,3.71,1018.63,35.41,51.25,67.6,18.77,58.08,82.93,22.25,18.83,21.34,87.0,5.51,12.86,18.85,13.68,51.2,73.3,22.04,3.85,67.25,16.68,3.48,6.86,50.38,32.05,20.1,5.53,28.14,3.72,,12.61,19.7,6.19,11.35,43.68,122.84,10.22,18.41,11.43,31.94,13.71,22.8,29.79,15.12,73.45,19.49,28.75,37.65,9.1,14.59,4.45,3.2,8.02,14.89,40.4,11.4,161.03,6.62,8.18,9.19,3.58,7.19,21.28,17.8,5.58,5.6,124.85,35.1,23.43,20.41,8.17,5.83,9.93,8.74,30.07,10.39,4.99,26.83,5.34,15.38,30.89,3.53,7.61,41.69,7.45,35.49,9.94,25.16,5.38,71.0,8.16,79.7,36.09,46.09,5.41,4.4,12.57,21.23,4.04,9.46,11.62,25.89,15.78,6.45,12.99,,,66.67,7.66,79.63,4.47,98.02,28.87,3.77,7.18,10.28,13.55,2.23,17.15,28.55,28.55,16.05,23.53,87.6,21.98,1.5,14.6,11.66,5.92,5.09,51.15,8.41,131.0
2019-08-13,73.47,27.9,85.01,3.83,1017.95,34.85,50.32,68.86,18.73,57.2,83.74,22.05,18.38,21.07,87.2,5.51,13.49,18.9,13.44,49.5,73.99,21.52,3.8,67.06,16.5,3.45,6.81,51.36,33.39,19.53,5.5,28.21,3.75,,13.11,20.0,6.14,11.05,42.48,122.3,10.05,18.3,11.33,31.47,13.26,22.41,28.96,14.89,72.71,19.24,28.32,36.5,8.87,14.29,4.36,3.23,8.21,15.15,39.6,11.4,163.01,6.57,8.07,9.21,3.58,7.1,21.01,17.85,5.62,5.48,123.54,35.42,23.31,20.02,8.09,5.8,10.11,8.77,30.42,10.32,4.94,26.94,5.29,15.06,30.53,3.53,7.31,40.49,7.43,35.27,10.45,24.53,5.36,69.37,8.0,76.91,37.3,49.96,5.41,4.32,12.44,20.85,4.02,9.81,11.78,25.66,15.78,6.63,13.04,,,68.22,7.54,79.2,4.47,99.41,29.02,3.73,7.25,10.09,13.46,2.22,16.9,28.37,27.7,15.8,23.23,86.8,22.03,1.49,14.68,11.56,5.87,4.93,49.97,8.31,130.21
2019-08-14,73.5,27.78,85.04,3.72,1043.33,34.86,50.17,70.25,18.82,58.45,84.0,22.4,18.09,21.15,91.81,5.53,13.69,18.95,13.48,50.29,74.41,20.93,3.86,68.69,16.54,3.44,6.78,51.56,33.22,18.54,5.5,28.23,3.85,,12.96,20.16,6.14,10.98,42.88,125.85,9.9,18.4,11.28,31.86,13.11,22.16,29.2,14.97,72.28,19.25,28.67,36.31,8.99,14.07,4.41,3.38,8.21,15.5,40.21,11.24,165.08,6.58,8.17,9.14,3.57,7.08,21.1,17.96,5.59,5.44,122.0,34.83,23.03,20.08,8.08,5.79,10.06,8.73,31.62,10.19,4.97,26.8,5.28,15.15,30.91,3.53,7.89,40.05,7.45,36.5,10.06,24.46,5.36,70.99,8.01,77.7,36.22,48.84,5.42,4.29,12.46,20.97,4.16,9.77,11.73,26.9,15.85,6.62,12.9,,,69.2,7.52,83.52,4.5,98.85,29.18,3.79,7.18,10.13,13.45,2.23,16.97,28.48,27.75,16.1,23.48,88.65,22.13,1.49,14.46,11.46,5.89,4.87,49.94,8.38,121.0
2019-08-15,74.17,28.85,86.31,3.71,1044.9,34.87,49.96,68.36,18.84,59.13,83.01,23.65,18.05,21.2,90.59,5.56,14.29,19.98,13.65,50.11,74.11,20.78,3.85,69.0,16.49,3.43,6.77,51.3,33.3,18.69,5.48,28.14,3.78,23.97,13.25,20.15,6.1,10.88,42.89,125.98,10.14,18.5,11.29,32.65,13.3,22.61,29.83,14.94,72.35,19.26,28.37,36.85,8.92,14.95,4.39,3.44,8.27,16.04,40.49,11.15,165.1,6.56,8.18,9.1,3.58,7.1,21.07,17.92,5.6,5.47,120.63,35.62,22.99,20.61,8.04,5.79,10.13,8.51,31.7,10.12,4.97,26.7,5.25,14.88,31.2,3.53,8.34,40.25,7.3,36.53,10.12,24.99,5.35,73.0,8.04,78.27,39.53,50.59,5.74,4.3,12.45,20.6,4.19,9.8,12.34,26.53,15.76,6.51,12.84,,,68.35,7.45,84.28,4.52,97.76,29.19,3.79,7.15,10.04,13.34,2.21,17.37,28.33,28.04,15.9,23.27,87.43,22.06,1.49,14.34,11.41,5.85,4.9,50.0,8.26,123.4
2019-08-16,73.22,29.42,87.46,3.71,1054.6,35.16,50.32,71.9,19.05,59.37,82.6,23.5,17.93,21.33,96.33,5.5,14.36,19.32,13.82,51.07,74.18,20.61,3.82,69.12,16.51,3.42,6.7,51.25,33.0,18.26,5.45,28.7,3.73,23.66,12.95,19.5,6.1,10.95,42.6,126.3,10.05,18.54,11.22,33.05,13.26,22.43,30.01,14.9,75.1,19.06,28.18,36.77,8.96,14.69,4.45,3.41,8.38,16.0,39.65,11.45,166.51,6.58,8.21,9.08,3.57,7.09,21.13,17.78,5.88,5.45,118.84,34.89,22.96,22.01,8.03,5.77,10.05,8.79,33.93,10.11,4.97,26.14,5.23,14.92,32.11,3.52,8.43,40.47,7.23,36.91,10.09,24.4,5.37,72.66,7.99,79.9,38.58,51.25,5.63,4.29,12.54,20.64,4.15,9.73,12.41,25.81,15.71,6.78,12.99,,,69.71,7.51,86.0,4.58,103.19,28.96,3.77,7.13,10.12,13.4,2.21,17.46,28.5,28.25,16.03,23.44,90.72,22.19,1.49,14.33,11.4,5.84,4.88,50.16,8.33,120.81
2019-08-19,76.2,30.46,88.45,3.68,1055.88,35.3,51.57,74.0,19.52,61.44,82.95,24.23,18.04,23.13,101.23,5.47,15.09,20.7,15.2,52.1,75.76,22.36,3.93,71.94,17.56,3.43,6.69,52.42,33.82,19.0,5.5,29.2,3.76,23.81,13.64,20.64,6.18,11.22,43.5,127.9,10.52,18.89,11.38,35.57,13.56,23.55,31.28,14.92,71.35,20.41,29.96,38.24,9.13,15.2,4.55,3.49,8.48,16.39,41.92,11.58,169.3,6.73,8.49,9.14,3.58,7.07,21.56,18.18,6.17,5.59,127.5,36.21,22.78,24.21,8.13,5.83,10.35,8.88,34.18,10.44,5.04,25.25,5.29,15.4,33.07,3.61,9.07,39.58,7.38,38.08,9.9,24.76,5.47,79.92,7.88,87.89,40.1,50.45,5.76,4.42,13.25,21.24,4.3,9.85,13.25,26.03,17.0,6.92,13.22,,,69.96,7.66,86.2,4.73,102.73,29.57,3.75,7.3,10.38,13.79,2.25,19.21,29.73,29.2,16.26,23.92,90.9,22.72,1.52,14.64,12.02,5.93,5.02,51.96,8.67,132.89
2019-08-20,75.43,30.49,87.94,3.7,1070.0,35.33,51.46,76.51,18.9,59.85,84.05,25.43,18.16,22.76,102.82,5.42,14.77,20.46,14.86,51.43,74.98,22.1,3.9,71.96,17.52,3.43,6.64,52.79,33.31,19.37,5.47,28.97,3.76,24.18,13.4,20.85,6.19,11.25,43.89,129.59,10.48,18.88,11.37,34.88,13.95,23.37,31.16,14.99,70.45,20.03,29.85,37.92,9.15,15.13,4.54,3.42,8.55,16.19,41.99,11.62,170.52,6.7,8.46,9.05,3.56,6.99,21.56,18.14,6.48,5.62,128.03,35.71,22.69,24.63,8.06,5.82,10.34,8.85,32.28,10.33,5.05,24.55,5.27,15.51,32.76,3.69,8.94,39.46,7.41,39.15,9.84,24.59,5.45,84.59,7.81,87.02,39.85,37.6,5.98,4.43,13.12,21.16,4.34,9.76,13.17,26.79,16.84,6.96,13.27,,,71.0,7.69,86.3,5.04,103.99,29.37,3.72,7.22,10.31,13.82,2.26,18.8,29.93,28.81,16.71,23.85,91.2,22.7,1.52,14.72,11.88,5.92,5.08,51.24,8.76,131.95
2019-08-21,75.8,30.72,87.73,3.66,1066.0,35.45,51.69,76.83,18.77,60.02,79.6,24.92,18.1,22.64,110.79,5.43,15.15,20.86,14.79,51.62,70.7,23.8,3.87,71.71,17.46,3.42,6.62,54.54,34.41,19.92,5.48,28.18,3.66,23.77,13.51,20.5,6.17,11.09,43.51,127.85,11.53,18.95,11.41,35.0,13.66,22.96,31.6,14.45,70.17,19.99,30.13,38.58,9.08,14.9,4.58,3.38,8.72,16.22,41.48,11.38,168.49,6.72,8.39,8.96,3.55,7.0,21.35,17.82,6.38,5.6,133.2,35.76,22.25,24.71,8.06,5.82,10.43,8.75,32.91,10.28,5.03,24.65,5.26,15.31,32.99,3.7,8.92,39.85,7.37,39.3,9.64,27.05,5.44,86.0,7.74,87.7,39.47,37.0,6.15,4.37,13.07,20.76,4.6,9.2,14.12,26.1,16.85,6.82,13.05,,,68.98,7.66,86.6,5.09,104.05,28.83,3.74,7.29,10.26,13.81,2.24,18.35,29.96,29.04,16.49,23.3,90.8,22.9,1.51,14.58,12.16,5.91,4.99,51.39,8.71,139.84
2019-08-22,75.6,30.4,87.98,3.62,1104.0,35.34,51.83,77.4,18.8,62.08,82.6,24.41,18.17,22.71,112.5,5.39,14.82,20.27,14.88,50.21,70.85,23.13,3.98,71.73,17.43,3.41,6.61,54.88,34.17,19.41,5.46,28.29,3.66,23.8,13.82,20.13,6.15,11.06,43.33,130.5,12.15,18.59,11.43,35.02,13.4,22.8,31.8,14.31,71.15,19.89,29.69,39.11,9.02,14.82,4.56,3.4,8.57,16.36,40.97,11.39,170.12,6.73,8.41,8.94,3.54,6.95,21.85,17.71,6.7,5.57,130.38,34.71,22.59,24.82,8.05,5.81,10.23,8.67,33.65,10.34,5.01,24.42,5.25,15.25,32.37,3.72,8.95,40.16,7.33,39.35,9.57,26.64,5.5,84.69,7.77,88.16,38.51,36.36,6.15,4.36,13.01,21.9,4.64,9.26,13.89,25.95,16.87,6.96,13.04,,,70.58,7.75,87.66,5.17,105.75,28.06,3.72,7.23,10.26,13.81,2.23,20.19,30.55,28.91,16.32,24.03,94.35,23.04,1.5,14.5,12.31,5.89,5.18,51.61,8.87,136.5
2019-08-23,73.9,31.63,89.89,3.63,1130.1,36.27,52.25,82.57,18.9,62.02,75.45,25.67,18.4,22.64,114.8,5.42,14.95,20.54,14.76,48.89,67.34,24.39,3.97,76.6,17.37,3.41,6.63,54.89,33.25,19.39,5.47,28.6,3.58,22.98,13.97,20.4,6.12,11.18,42.91,130.1,12.16,18.78,11.59,34.67,14.11,22.5,31.68,14.65,69.82,19.77,29.24,40.02,9.04,14.32,4.56,3.35,8.47,16.77,40.29,11.57,175.4,6.7,8.31,8.97,3.54,7.01,21.63,17.4,6.97,5.56,131.09,34.32,23.34,25.06,8.07,5.83,10.36,8.57,35.0,10.3,5.01,24.7,5.28,15.24,32.12,3.67,8.63,39.58,7.28,39.06,9.58,26.98,5.5,83.39,7.8,88.76,38.12,36.39,6.05,4.45,13.06,21.3,4.7,8.81,14.11,25.26,16.82,6.91,13.07,,,71.41,7.77,88.69,5.12,107.9,28.67,3.71,7.24,10.18,13.71,2.25,21.35,30.59,29.41,16.62,23.3,95.28,22.96,1.5,14.42,12.39,5.92,5.13,52.18,8.84,134.0
2019-08-26,72.77,31.07,87.5,3.69,1102.95,35.0,51.04,82.09,18.85,65.09,74.92,25.14,18.1,22.22,113.85,5.38,14.23,20.17,14.47,49.03,68.0,25.7,3.88,75.55,17.05,3.38,6.58,54.17,32.95,19.28,5.43,28.17,3.6,22.59,13.7,20.13,6.07,11.05,42.46,127.42,12.29,18.69,11.3,34.7,13.78,22.3,30.65,14.25,71.29,19.36,28.85,38.7,8.91,14.16,4.47,3.27,8.25,17.7,38.93,11.64,174.99,6.62,8.13,8.91,3.52,6.93,21.93,17.23,7.03,5.45,132.01,31.52,22.78,24.4,7.99,5.78,10.14,8.67,35.5,10.35,4.97,23.92,5.23,15.13,31.93,3.65,8.46,39.34,7.22,39.45,9.83,26.25,5.4,85.05,7.72,87.2,38.22,38.1,5.97,4.32,12.85,21.53,4.63,8.97,13.65,24.31,16.45,6.82,12.99,,,70.24,7.68,86.87,5.13,106.56,28.6,3.67,7.11,10.05,13.63,2.24,20.66,30.67,28.71,16.63,23.08,94.84,22.94,1.49,14.3,12.3,5.85,5.03,50.8,8.81,136.3
2019-08-27,73.3,31.24,87.68,3.69,1109.0,34.75,52.05,83.32,19.18,65.2,75.31,25.23,18.27,22.77,121.5,5.42,14.4,20.34,14.88,49.54,69.06,25.07,3.85,75.8,17.44,3.41,6.67,55.35,33.05,19.79,5.46,28.65,3.67,22.82,13.9,20.0,6.1,11.17,44.2,132.38,12.3,18.8,11.3,35.09,13.83,22.73,31.33,14.31,78.32,19.67,29.71,38.17,8.91,14.3,4.58,3.32,8.25,18.08,39.66,11.7,182.6,6.65,8.27,8.95,3.57,6.95,22.9,17.4,6.85,5.48,132.4,32.62,23.11,25.49,8.05,5.82,10.36,8.81,35.36,10.55,4.99,24.75,5.22,15.67,33.9,3.7,8.48,40.68,7.36,39.6,9.87,26.72,5.56,86.88,7.77,91.0,38.59,39.2,6.04,4.36,13.27,21.82,4.75,8.96,13.86,24.59,16.37,6.85,13.08,,,74.5,7.65,89.25,5.14,107.79,29.26,3.67,7.17,10.16,13.97,2.26,21.28,31.29,29.55,16.78,23.25,95.57,23.1,1.51,14.5,13.08,5.95,5.18,51.6,9.2,137.52
2019-08-28,72.52,31.13,86.9,3.64,1100.11,34.5,52.22,83.27,19.04,64.01,72.6,24.8,17.37,22.42,120.0,5.4,14.08,19.96,14.65,49.81,67.96,25.21,3.78,77.12,17.21,3.4,6.71,55.32,32.52,19.47,5.44,29.48,3.61,23.01,13.32,19.88,6.09,11.19,43.68,133.92,12.26,18.83,11.32,34.49,13.56,23.06,31.05,14.27,80.72,19.27,29.79,37.46,8.9,14.85,4.55,3.27,8.25,17.77,40.08,11.45,181.91,6.67,8.25,8.96,3.54,6.95,22.72,17.4,6.86,5.57,130.66,32.21,22.65,25.05,8.05,5.83,10.48,8.78,34.7,10.73,4.98,24.65,5.26,15.69,33.83,3.7,8.52,41.99,7.33,40.88,9.76,27.9,5.48,85.22,7.83,90.6,37.71,39.3,5.93,4.34,13.33,21.35,4.75,8.89,14.0,24.48,16.17,6.73,12.98,,,74.85,7.72,88.85,5.08,108.42,30.76,3.69,7.18,10.2,14.04,2.27,21.03,30.85,29.02,16.91,23.17,94.89,23.07,1.51,14.37,13.01,5.89,5.27,50.99,9.19,136.25
2019-08-29,71.08,30.65,86.7,3.7,1113.1,33.93,51.93,82.75,18.78,64.05,71.5,24.91,17.18,22.25,123.09,5.42,14.37,20.26,14.54,49.1,70.69,25.96,3.72,76.94,17.11,3.39,6.67,54.78,32.61,21.42,5.42,29.1,3.58,22.97,13.19,19.79,6.09,11.28,45.2,137.0,12.25,18.55,11.23,35.41,13.46,23.05,30.52,14.13,80.31,19.0,29.18,37.47,8.81,15.06,4.61,3.25,8.25,17.81,40.74,11.39,179.08,6.74,8.18,8.92,3.53,6.94,22.13,17.3,6.96,5.5,136.46,32.5,22.32,25.2,8.06,5.83,10.44,8.87,35.45,10.73,4.99,25.13,5.23,15.55,33.43,3.63,8.66,41.81,7.35,40.55,9.99,27.65,5.47,90.35,7.85,90.38,37.7,40.4,5.95,4.33,13.31,21.0,4.7,8.63,13.95,24.51,16.1,6.62,12.9,,,75.01,7.74,92.28,4.97,108.8,32.88,3.75,7.32,10.62,13.95,2.25,20.51,31.87,28.64,16.42,23.14,94.9,23.27,1.49,14.25,13.09,5.86,5.46,48.8,9.14,145.6
2019-08-30,72.27,29.78,87.32,3.66,1142.0,34.28,52.78,86.7,18.62,64.7,70.71,24.48,17.17,22.32,131.55,5.39,14.21,19.49,14.47,49.45,69.28,24.36,3.66,80.05,17.09,3.4,6.68,55.5,31.17,21.59,5.41,28.65,3.59,24.32,12.92,19.71,6.12,11.58,44.71,141.5,12.01,18.69,11.28,35.4,13.47,23.02,30.92,14.16,80.4,18.96,28.81,37.8,8.9,14.88,4.59,3.22,8.18,17.42,39.55,11.62,186.35,6.58,8.34,9.02,3.53,6.9,21.93,17.3,6.91,5.47,131.88,33.13,22.84,25.5,7.98,5.81,10.24,8.92,35.99,11.8,4.98,25.92,5.25,15.91,32.9,3.6,8.65,41.49,7.28,41.42,9.78,27.65,5.39,88.06,7.8,89.06,33.93,39.88,5.85,4.29,13.28,20.85,4.71,8.64,13.16,25.08,15.98,6.63,12.96,,,76.75,7.74,96.88,4.98,114.67,33.02,3.76,7.17,10.39,13.59,2.24,19.93,32.88,28.85,16.48,22.95,95.48,23.56,1.5,14.31,12.95,5.81,5.37,48.23,9.19,144.0
2019-09-02,72.96,31.52,88.5,3.62,1138.76,34.34,54.23,87.42,18.38,66.98,72.82,24.74,17.26,22.77,137.28,5.39,14.52,20.01,15.02,49.72,70.2,25.29,3.72,79.61,17.43,3.41,6.7,57.47,33.39,23.45,5.44,28.58,3.63,24.71,13.17,20.0,6.16,11.68,44.9,141.89,12.87,19.37,11.34,36.72,13.73,23.38,31.5,14.45,80.27,19.35,29.36,37.68,9.17,15.2,4.73,3.27,8.26,19.16,40.3,11.64,189.84,6.66,8.59,9.01,3.54,6.88,22.02,18.0,7.03,5.56,137.0,34.26,23.13,26.89,8.05,5.88,10.65,9.05,39.59,12.05,5.02,26.05,5.28,15.99,34.0,3.67,8.73,41.05,7.37,40.47,9.74,28.71,5.44,96.85,7.83,97.97,36.8,39.54,5.95,4.43,13.64,21.3,4.72,8.66,13.58,25.4,16.22,6.75,13.1,,,79.1,7.82,98.07,5.04,114.02,33.15,3.78,7.31,10.53,14.1,2.26,20.65,35.58,28.93,17.15,23.6,94.39,24.59,1.51,14.55,13.43,5.87,5.56,49.13,9.47,155.02
2019-09-03,71.2,34.16,88.25,3.57,1140.0,34.15,54.31,83.93,18.64,69.13,76.86,25.6,17.24,22.84,143.95,5.4,15.01,21.15,14.98,49.49,74.39,27.5,3.74,78.5,17.56,3.41,6.73,57.8,34.35,25.8,5.44,28.41,3.71,24.85,13.55,20.27,6.15,11.5,44.7,141.5,12.66,19.38,11.35,37.03,13.59,23.58,33.29,14.3,81.0,19.33,29.83,37.62,9.23,15.28,4.81,3.28,8.46,20.0,41.55,11.65,184.46,6.65,8.57,8.99,3.55,6.88,21.9,18.55,7.08,5.62,141.12,35.09,23.4,26.72,8.09,5.9,10.65,8.97,41.69,12.08,5.02,25.35,5.3,15.75,33.93,3.64,9.42,41.3,7.4,39.95,9.74,28.9,5.44,98.0,7.84,100.5,37.29,39.45,5.99,4.44,13.67,21.24,4.66,8.53,14.94,26.35,16.22,6.7,13.07,,,79.45,7.8,96.16,4.98,113.68,33.35,3.76,7.3,10.6,14.36,2.23,21.27,36.13,28.86,16.97,23.44,94.58,24.38,1.52,14.5,13.56,5.89,5.58,49.89,9.49,154.01
2019-09-04,71.18,34.85,88.3,3.59,1125.01,34.89,54.45,81.95,18.53,71.0,77.4,25.1,17.58,23.33,144.77,5.47,15.13,21.03,15.5,49.37,73.93,26.98,3.74,78.28,17.85,3.45,6.77,59.85,34.7,26.41,5.51,28.53,3.7,24.37,14.3,20.15,6.19,11.62,45.58,138.31,12.61,19.59,11.49,38.8,13.85,23.58,33.07,14.44,80.16,19.74,29.6,38.2,9.27,16.81,5.02,3.32,8.68,19.85,41.5,11.68,182.86,6.73,8.59,9.08,3.6,7.0,22.16,19.17,7.08,5.78,139.06,34.99,23.5,27.24,8.17,6.01,10.72,9.46,42.11,12.0,5.09,25.04,5.38,15.86,34.35,3.7,9.38,41.75,7.54,39.76,9.78,28.79,5.48,95.55,8.08,106.97,35.81,39.84,6.07,4.55,13.88,21.9,4.77,8.53,15.05,25.94,16.41,6.92,13.17,,,76.34,7.86,94.25,5.22,113.21,33.49,3.84,7.42,10.57,14.59,2.25,20.91,36.58,29.26,17.38,23.8,92.24,24.32,1.53,14.69,13.78,6.1,5.54,50.28,9.55,150.92
2019-09-05,71.3,38.34,89.23,3.63,1144.0,35.52,53.9,82.2,18.47,72.22,77.9,25.54,17.85,23.83,141.9,5.5,15.2,22.7,16.05,50.14,74.41,26.3,3.84,78.48,18.49,3.48,6.86,58.87,38.17,27.29,5.54,29.02,3.72,24.9,14.79,21.25,6.23,11.94,46.97,138.9,12.59,19.42,11.62,38.58,14.6,23.44,33.06,14.58,82.39,20.18,30.65,38.53,9.18,17.05,4.94,3.41,8.9,21.64,45.65,11.82,182.33,6.77,8.72,9.14,3.62,7.09,22.25,19.5,7.02,5.76,140.27,34.91,24.28,26.95,8.28,6.06,10.75,9.34,40.75,11.92,5.11,26.45,5.43,15.97,34.75,3.72,10.15,41.86,7.55,39.65,9.82,28.95,5.52,97.02,8.18,117.67,36.4,40.0,6.03,4.62,14.35,22.13,4.73,8.86,14.87,26.16,17.01,6.9,13.24,,,75.84,7.87,94.5,5.39,112.96,34.6,3.94,7.48,10.64,14.75,2.28,21.49,36.3,29.6,17.55,23.93,93.05,24.49,1.54,14.87,13.6,6.07,5.46,51.26,9.44,150.75
2019-09-06,71.86,41.99,90.7,3.54,1142.49,35.89,54.21,82.16,18.6,70.32,75.2,25.63,17.97,24.15,141.0,5.52,15.31,22.77,16.3,50.49,72.1,25.67,3.91,80.11,18.83,3.49,6.88,58.8,39.38,26.88,5.57,29.13,3.7,24.51,14.65,21.26,6.26,12.2,46.7,140.01,12.29,19.64,11.69,38.9,14.75,23.72,33.89,14.81,76.02,20.42,33.49,39.13,9.16,17.31,4.97,3.42,8.88,21.85,48.11,11.67,183.4,6.8,8.96,9.19,3.63,7.11,22.97,19.9,6.86,5.77,141.2,34.72,24.44,26.55,8.4,6.08,10.85,9.43,40.8,12.31,5.15,26.38,5.44,16.02,34.76,3.71,10.39,40.33,7.52,39.44,9.51,28.05,5.51,98.59,8.27,123.58,36.09,38.0,6.19,4.65,14.49,22.04,4.7,8.92,14.69,25.8,17.26,6.99,13.17,,,76.0,7.88,94.03,5.34,112.93,34.71,3.97,7.61,10.59,14.62,2.27,21.3,37.08,29.6,17.5,23.72,94.18,24.14,1.53,14.88,13.57,6.06,5.5,51.73,9.5,149.84
2019-09-09,77.0,41.95,90.4,3.55,1136.52,35.5,54.11,82.11,18.54,72.54,76.28,26.07,17.79,24.32,155.1,5.51,15.36,23.57,16.5,51.58,74.89,26.51,4.1,79.25,19.14,3.49,6.91,59.34,40.12,27.55,5.56,29.69,3.74,24.81,15.37,21.4,6.33,12.27,47.2,139.2,12.66,19.6,11.75,40.28,14.87,24.44,34.71,14.69,72.98,20.6,36.84,38.51,9.25,18.33,4.97,3.55,8.92,22.42,48.0,11.9,182.28,6.84,9.21,9.17,3.63,7.09,23.0,20.2,6.79,5.77,151.07,36.62,24.37,27.8,8.41,6.09,11.02,9.52,43.85,12.54,5.19,27.18,5.44,15.91,36.0,3.83,10.79,38.97,7.59,39.0,9.55,27.97,5.53,105.3,8.25,127.53,38.88,38.24,6.33,4.72,14.65,22.73,4.71,9.02,15.1,26.65,17.71,7.19,13.46,,,76.96,7.88,93.25,5.36,112.9,34.93,3.96,7.65,10.69,15.0,2.28,21.36,37.08,29.47,18.03,24.33,93.8,24.42,1.55,15.0,13.84,6.11,5.72,51.67,9.59,154.03
2019-09-10,77.22,39.48,89.44,3.54,1123.85,35.0,53.84,82.02,18.66,70.0,76.95,25.27,17.66,24.2,153.99,5.5,15.1,22.2,16.44,51.15,74.7,25.71,4.01,80.57,19.15,3.48,6.87,59.4,39.02,25.89,5.56,30.06,3.77,25.04,15.77,21.46,6.35,12.18,47.2,137.25,12.51,19.56,11.85,38.73,14.67,,34.91,14.55,73.0,20.6,36.93,37.95,9.18,18.75,4.91,3.58,8.78,21.9,46.27,11.93,179.9,6.82,9.06,9.21,3.62,7.06,22.84,20.26,7.13,5.75,149.43,35.39,24.31,26.97,8.45,6.1,11.27,9.45,43.0,12.95,5.22,27.29,5.44,15.81,35.19,3.79,10.36,39.24,7.59,38.7,9.48,27.75,5.51,105.95,8.27,123.19,39.33,37.49,6.69,4.7,14.53,22.83,4.67,9.03,14.81,27.46,17.59,7.33,13.47,,,75.9,7.79,92.7,5.27,112.42,35.1,3.95,7.61,10.66,15.03,2.31,20.83,36.15,29.14,17.8,25.13,92.99,24.45,1.54,15.06,13.82,6.11,5.74,51.4,9.86,148.57
2019-09-11,77.77,38.99,89.56,3.56,1069.52,35.05,53.4,80.85,18.65,68.58,76.13,24.37,17.81,24.39,150.72,5.55,15.21,22.29,16.42,51.11,73.23,25.38,4.05,78.09,19.19,3.52,6.92,58.7,38.39,27.12,5.64,29.73,3.77,24.45,15.34,21.07,6.32,12.3,46.5,129.26,12.26,19.53,11.95,38.38,14.6,23.98,34.0,14.56,69.8,20.66,35.46,38.23,9.13,19.04,4.91,3.76,8.7,21.38,45.62,11.94,180.2,6.79,8.96,9.28,3.66,7.14,22.51,20.1,7.27,5.76,155.05,34.9,24.59,26.68,8.5,6.15,11.48,9.5,43.55,13.01,5.26,26.75,5.52,15.85,34.42,3.8,9.98,38.38,7.67,38.7,9.54,27.62,5.51,107.0,8.34,118.3,40.19,37.65,6.43,4.68,14.69,22.32,4.67,9.66,14.37,27.96,17.88,7.6,13.58,,,72.13,7.78,87.51,5.27,109.8,36.44,3.95,7.49,10.81,15.04,2.3,20.45,36.02,29.28,17.93,24.79,91.11,24.45,1.54,15.0,13.58,6.14,5.66,51.68,9.57,145.68
2019-09-12,78.0,39.32,92.34,3.55,1099.0,35.29,54.1,80.64,18.85,69.18,73.04,24.88,17.89,24.71,151.2,5.57,15.31,22.1,16.55,50.79,70.95,25.43,4.03,78.6,19.29,3.53,6.93,59.61,38.25,26.1,5.63,29.75,3.78,24.5,15.36,21.5,6.28,12.23,46.89,131.55,12.64,19.61,12.0,38.75,14.75,24.72,34.5,14.68,70.3,20.81,35.74,38.79,9.15,18.69,4.99,3.72,8.75,21.46,45.4,11.84,180.26,6.83,8.97,9.33,3.66,7.14,23.11,20.02,7.41,5.83,150.97,34.8,24.7,26.61,8.5,6.17,11.49,9.53,39.2,12.98,5.21,26.95,5.53,15.94,34.58,3.81,10.0,38.33,7.69,38.72,9.48,27.98,5.52,103.07,8.39,120.85,39.16,37.29,6.43,4.72,14.82,22.47,4.73,9.46,14.52,27.68,17.89,7.57,13.52,,,75.04,7.82,88.89,5.29,111.2,36.48,3.99,7.53,10.77,15.19,2.33,20.59,35.67,29.8,18.05,24.8,92.39,24.28,1.54,15.05,13.72,6.25,5.66,52.51,9.9,146.68
2019-09-16,76.7,40.68,91.35,3.58,1099.0,35.0,53.47,80.97,19.0,70.44,73.22,26.0,17.86,24.28,149.96,5.57,14.88,22.48,16.27,51.16,71.0,26.63,4.03,79.76,19.04,3.52,6.88,58.93,39.84,26.12,5.61,29.32,3.83,24.34,15.18,21.19,6.5,12.07,47.27,130.92,12.5,19.72,11.93,39.19,14.58,25.35,34.5,14.45,72.0,20.38,35.29,37.85,9.17,19.4,4.96,3.69,8.6,21.73,45.54,11.79,181.9,6.83,8.98,9.28,3.66,7.12,23.0,19.99,7.37,5.77,151.18,34.81,24.37,26.79,8.48,6.13,11.62,9.46,38.11,13.25,5.35,28.21,5.51,15.83,34.73,3.79,10.55,38.45,7.66,39.51,9.59,28.2,5.52,101.75,8.36,117.9,40.78,38.19,6.38,4.69,14.71,22.83,4.66,9.46,15.06,27.76,17.7,7.62,13.39,,,74.56,7.78,86.79,5.2,111.0,35.79,3.97,7.48,10.84,15.07,2.33,20.62,35.6,29.31,17.86,25.19,92.75,24.06,1.53,15.18,13.49,6.3,5.55,51.46,9.82,153.33
2019-09-17,74.52,39.08,89.52,3.49,1094.01,34.79,53.0,80.42,18.51,67.98,71.48,26.07,17.56,23.53,144.02,5.51,14.17,21.89,15.7,49.97,68.99,26.8,3.91,79.03,18.52,3.49,6.74,57.6,38.0,26.7,5.52,28.92,3.72,24.73,14.85,20.22,6.42,11.78,46.49,131.54,12.0,19.72,11.81,37.37,14.32,24.54,33.6,14.24,72.3,19.8,34.4,37.29,9.08,18.28,4.93,3.7,8.27,20.16,44.23,11.53,181.97,6.7,8.77,9.2,3.62,7.04,22.49,19.5,7.31,5.68,150.66,33.35,23.81,25.44,8.31,6.06,11.49,9.42,38.41,13.08,5.16,27.79,5.41,15.52,33.37,3.68,10.55,38.29,7.54,39.87,9.32,27.56,5.42,104.26,8.22,116.19,40.4,37.33,6.21,4.54,14.26,22.46,4.93,9.43,15.13,27.11,17.18,7.68,13.39,,,74.02,7.69,87.82,5.01,108.44,36.04,3.95,7.26,10.57,14.85,2.27,19.4,34.49,28.71,17.3,24.35,92.04,23.26,1.49,14.79,13.09,6.21,5.48,50.27,9.36,151.9
2019-09-18,74.59,38.89,90.0,3.48,1148.9,34.8,52.71,82.9,18.79,68.54,70.5,27.0,17.44,23.43,147.4,5.5,14.36,21.63,15.58,50.04,69.5,27.21,3.89,79.81,18.54,3.48,6.75,58.22,37.62,26.52,5.52,29.0,3.72,24.23,14.8,20.19,6.33,11.81,46.2,135.56,11.78,19.55,11.93,36.93,14.4,24.4,33.76,14.41,72.08,19.6,34.02,37.19,9.07,18.48,4.86,3.66,8.31,20.22,43.88,11.47,184.66,6.69,8.82,9.19,3.6,7.05,22.54,19.82,7.46,5.68,149.6,33.0,24.2,25.34,8.3,6.05,11.95,9.39,36.3,13.44,5.07,26.91,5.41,15.6,33.35,3.65,11.22,38.34,7.54,41.11,9.25,27.21,5.39,102.49,8.23,110.09,40.12,36.81,6.18,4.59,14.29,22.33,4.78,9.25,15.72,26.77,17.22,7.45,13.66,,,78.28,7.65,90.2,4.96,112.96,35.64,3.97,7.26,10.57,14.72,2.24,19.1,34.28,28.68,17.39,24.44,93.8,23.2,1.5,14.74,13.08,6.14,5.49,50.46,9.32,167.09
2019-09-19,75.38,39.45,89.6,3.47,1145.0,34.51,52.84,82.4,18.65,70.11,72.53,27.1,17.46,23.59,150.3,5.5,14.49,22.6,15.83,50.19,70.29,28.09,3.95,80.14,18.59,3.48,6.74,58.49,37.92,26.97,5.52,28.79,3.73,24.4,15.56,20.32,6.35,11.7,45.96,134.92,11.95,19.48,11.94,37.4,14.44,24.78,34.45,14.84,74.98,19.8,35.0,37.14,9.1,19.09,4.86,3.81,8.39,20.5,44.72,11.56,184.07,6.71,9.03,9.18,3.61,7.05,22.5,19.75,7.48,5.67,154.89,34.09,24.08,25.85,8.33,6.08,11.68,9.46,36.55,13.25,5.09,27.07,5.42,15.82,33.75,3.64,11.19,38.64,7.58,40.91,9.32,27.17,5.41,104.7,8.24,112.31,40.38,36.55,6.25,4.58,14.52,23.17,4.71,9.26,15.86,27.13,17.29,7.5,14.09,,,77.56,7.71,88.7,4.99,110.28,35.8,3.98,7.4,10.6,15.2,2.24,20.09,34.73,28.81,17.51,26.05,95.61,23.4,1.5,14.76,13.16,6.18,5.46,50.63,9.5,172.11
2019-09-20,74.86,39.45,89.85,3.5,1157.42,34.51,52.7,84.5,18.87,70.98,73.43,27.71,17.57,23.34,163.9,5.53,14.49,22.8,15.64,50.07,70.7,28.3,3.94,81.5,18.36,3.49,6.77,58.04,37.46,28.72,5.56,28.89,3.73,24.87,15.34,21.3,6.38,11.82,45.17,136.84,11.92,19.6,11.95,38.01,14.82,24.48,34.41,15.34,74.97,19.67,34.4,37.2,9.0,19.91,4.9,3.78,8.39,20.78,44.86,11.68,187.16,6.68,8.97,9.29,3.61,7.08,22.35,20.47,7.8,5.58,158.07,35.09,24.16,28.44,8.34,6.09,11.57,9.55,34.89,13.25,5.07,27.65,5.42,15.83,33.85,3.63,11.23,38.66,7.72,40.4,9.43,27.55,5.43,109.99,8.28,110.7,40.46,37.49,6.19,4.66,14.38,22.97,4.77,9.23,16.79,26.97,17.21,7.3,13.87,,,77.87,7.69,89.0,4.91,111.12,36.93,3.96,7.38,10.59,15.23,2.24,19.75,33.66,28.97,17.04,26.4,93.37,23.4,1.5,14.74,13.27,6.17,5.43,50.58,9.4,183.5
2019-09-23,72.99,38.9,88.91,3.45,1149.0,34.04,52.08,82.6,18.71,78.08,75.98,27.87,17.48,22.97,180.29,5.48,14.21,22.43,15.42,49.18,70.39,29.98,3.9,81.1,18.08,3.47,6.7,57.71,37.6,29.15,5.5,28.39,3.67,25.2,15.08,20.92,6.36,11.64,44.95,134.85,11.7,19.22,11.75,36.99,14.44,25.07,34.04,15.38,72.46,19.3,33.69,36.45,8.88,19.97,4.91,3.81,8.14,20.75,45.14,11.37,183.36,6.61,8.86,9.18,3.6,6.99,21.98,20.68,7.8,5.51,164.7,35.27,23.8,26.6,8.27,6.05,11.54,9.38,31.4,13.2,5.05,28.19,5.35,15.67,33.52,3.59,11.77,38.2,7.6,39.23,9.37,27.06,5.41,113.6,8.15,111.9,42.88,37.63,6.11,4.55,14.13,22.76,4.83,9.03,17.28,26.72,16.96,7.3,14.17,,,76.96,7.6,87.65,4.78,110.1,36.92,3.92,7.25,10.69,15.24,2.22,19.97,33.39,28.63,16.66,26.51,92.79,22.9,1.49,14.48,12.92,6.12,5.35,49.74,9.48,193.33
2019-09-24,72.73,41.63,88.95,3.44,1184.0,34.08,52.07,85.0,18.98,81.85,81.57,27.23,17.37,22.96,172.88,5.5,15.59,21.85,15.49,49.87,73.41,29.35,3.9,82.5,18.08,3.47,6.72,58.16,38.49,28.47,5.5,28.3,3.69,24.76,15.23,20.92,6.26,11.68,44.71,136.51,11.88,19.4,11.75,37.74,14.34,24.92,34.09,15.18,69.49,19.33,34.53,35.46,8.93,20.05,4.94,3.82,8.17,21.69,46.11,11.29,186.98,6.61,8.95,9.19,3.6,6.96,21.91,21.5,7.75,5.5,163.05,34.61,23.75,28.28,8.25,6.04,11.65,9.43,31.9,13.14,5.04,27.78,5.35,15.46,34.56,3.6,11.44,37.21,7.54,38.75,9.37,28.2,5.4,112.0,8.13,111.7,42.8,37.71,6.19,4.59,14.11,22.92,4.78,8.91,18.05,27.74,17.05,7.44,14.22,,,79.69,7.65,88.5,4.87,110.88,39.77,3.9,7.21,10.81,15.37,2.21,20.18,33.36,28.5,16.55,26.27,93.8,22.9,1.49,14.49,13.11,6.07,5.35,49.75,9.34,193.01
2019-09-25,72.96,37.49,88.78,3.41,1174.0,34.35,51.08,86.39,18.44,79.8,77.2,26.54,17.32,22.86,158.38,5.49,15.34,19.67,15.38,49.04,70.26,28.12,3.77,82.83,18.04,3.46,6.73,57.82,36.54,26.98,5.5,27.84,3.77,24.37,15.29,20.1,6.15,11.58,44.68,136.54,11.54,19.2,11.81,36.39,14.4,24.89,33.06,15.75,69.6,19.18,33.88,35.58,8.94,18.43,4.98,3.64,8.17,19.78,43.0,11.15,189.83,6.56,8.9,9.29,3.59,6.98,21.73,21.15,7.75,5.47,159.35,33.15,24.2,29.17,8.37,6.03,11.32,9.08,30.87,13.08,5.01,27.45,5.35,15.15,33.63,3.56,10.81,37.44,7.44,37.8,9.27,26.39,5.36,106.18,8.16,105.19,40.8,37.32,6.13,4.57,13.91,24.36,4.96,8.68,17.18,28.73,17.09,7.28,14.43,,,79.46,7.67,88.01,4.74,110.9,39.84,3.93,7.12,10.69,15.28,2.2,19.12,32.75,28.15,16.95,28.89,94.19,22.5,1.48,14.42,13.0,6.01,5.42,49.76,9.02,191.05
2019-09-26,71.45,34.47,88.35,3.31,1167.0,35.22,51.0,86.0,18.42,71.82,70.97,26.12,17.51,22.72,148.51,5.55,15.03,19.82,15.01,48.49,66.72,27.68,3.71,81.31,17.99,3.5,6.79,57.62,34.92,25.1,5.52,28.05,3.68,22.24,14.1,19.61,6.1,11.24,44.23,134.1,11.4,19.3,11.97,34.81,14.39,24.87,33.2,15.71,62.64,19.18,32.61,35.69,8.93,18.12,5.09,3.61,8.17,19.25,40.91,10.73,189.88,6.5,8.68,9.4,3.61,7.05,21.69,20.62,7.36,5.45,151.1,32.1,25.51,27.0,8.44,6.06,11.11,9.02,31.23,12.87,5.0,26.43,5.39,15.25,32.44,3.52,10.54,34.9,7.37,38.01,8.82,26.41,5.33,98.98,8.47,101.5,39.5,34.18,6.03,4.52,13.73,23.18,5.15,8.56,16.52,28.94,16.91,6.79,13.79,,,77.67,7.66,87.74,4.55,109.51,38.44,4.09,7.05,10.44,14.87,2.18,18.42,31.51,28.11,16.53,28.08,93.53,21.92,1.47,14.45,12.56,6.03,5.44,49.56,8.77,171.95
2019-09-27,71.46,35.18,88.3,3.29,1174.75,35.2,51.32,87.04,18.2,69.0,72.57,27.9,17.69,23.05,148.02,5.54,15.07,20.2,15.22,48.58,68.3,27.71,3.76,81.05,18.07,3.49,6.79,56.9,35.35,25.46,5.49,28.29,3.67,22.19,14.92,20.07,6.11,11.33,44.17,133.8,11.48,18.69,11.9,34.97,14.41,24.7,33.19,15.9,68.0,19.33,33.2,35.6,8.78,17.96,5.0,3.65,8.13,19.5,41.16,10.75,189.84,6.52,8.71,9.38,3.6,7.07,21.68,20.62,7.43,5.47,156.1,31.98,25.81,27.13,8.44,6.04,11.23,8.97,31.45,12.99,4.99,28.15,5.39,15.37,32.64,3.54,11.22,36.7,7.36,39.21,8.7,26.47,5.33,104.17,8.61,102.01,41.07,34.05,6.08,4.48,13.81,22.95,4.79,8.56,18.17,28.85,16.94,7.28,13.95,,,77.46,7.61,87.22,4.57,109.3,39.1,4.02,7.07,10.01,15.39,2.19,18.99,31.55,28.06,16.3,27.2,93.01,22.01,1.46,14.4,12.66,5.92,5.34,49.4,8.86,168.92
2019-09-30,71.5,34.58,87.04,3.27,1150.0,34.75,51.1,86.7,18.23,65.58,68.85,26.76,17.53,22.48,145.38,5.53,14.4,19.7,14.78,48.78,63.27,24.94,3.75,80.68,17.57,3.46,6.71,57.3,34.5,24.5,5.45,28.52,3.64,22.01,14.3,20.0,6.19,11.22,44.15,129.8,11.3,18.78,11.84,34.33,14.28,24.33,32.3,15.59,70.5,19.09,32.01,34.87,8.73,17.21,4.76,3.56,8.12,18.98,40.64,10.87,184.46,6.5,8.64,9.35,3.58,6.99,21.48,20.45,7.66,5.43,151.0,31.48,25.21,25.7,8.45,6.02,11.08,8.97,30.39,13.16,5.02,27.01,5.36,15.3,31.86,3.52,10.3,37.18,7.32,39.42,8.68,26.23,5.29,98.11,8.59,99.2,40.12,33.89,6.01,4.43,13.57,22.56,4.77,8.47,17.58,26.91,16.45,7.3,13.41,,,77.31,7.59,85.22,4.5,109.91,38.5,3.94,7.07,9.89,15.52,2.17,18.89,31.0,27.48,15.98,27.2,93.06,21.87,1.46,14.37,12.52,5.91,5.25,48.67,8.96,171.53
2019-10-08,70.26,33.81,88.0,3.26,1167.1,34.81,52.65,83.7,18.58,65.3,66.91,26.2,17.96,22.33,140.35,5.56,14.6,19.29,14.77,48.42,61.17,24.92,3.75,80.35,17.41,3.48,6.76,58.15,34.35,24.1,5.49,28.54,3.61,21.46,14.0,19.3,6.11,11.11,44.45,132.76,11.43,18.65,11.9,34.16,14.55,24.49,,16.2,75.15,18.85,31.81,35.56,8.84,17.0,4.64,3.52,8.35,19.41,40.3,10.93,183.49,6.52,8.75,9.41,3.6,7.08,21.62,20.54,8.04,5.45,140.22,31.15,26.24,24.8,8.52,6.08,11.13,8.9,29.91,13.07,5.0,27.37,5.39,15.55,31.01,3.53,10.7,37.97,7.29,38.18,8.71,25.8,5.31,96.6,8.78,99.74,40.85,33.69,6.03,4.5,13.51,22.56,5.1,8.47,16.88,26.15,16.34,7.11,13.28,,,77.3,7.55,88.25,4.55,109.1,39.58,4.09,7.1,9.81,16.12,2.18,19.05,29.92,27.66,16.45,27.4,97.1,21.71,1.47,14.36,13.11,5.9,5.19,49.15,8.55,162.0
2019-10-09,69.1,36.63,88.18,3.32,1146.81,35.18,52.5,83.46,18.47,66.63,68.3,25.95,18.3,22.23,142.66,5.58,14.23,19.35,14.92,48.09,61.76,25.62,3.75,78.69,17.38,3.49,6.84,57.02,35.48,24.46,5.54,28.2,3.62,21.49,14.24,19.27,6.1,11.23,43.59,131.81,11.43,18.9,11.99,34.48,14.39,24.15,,16.25,76.0,18.66,32.15,36.07,8.81,17.13,4.72,3.5,8.33,19.75,40.66,11.03,175.3,6.57,8.74,9.56,3.62,7.14,21.38,21.09,8.33,5.48,146.2,31.52,26.94,25.2,8.59,6.14,11.58,8.77,32.9,12.79,5.01,28.1,5.45,15.59,31.55,3.55,10.65,37.65,7.3,40.51,8.93,26.31,5.33,100.0,8.73,101.61,39.52,35.27,6.06,4.52,13.54,22.5,5.29,8.72,17.01,25.98,16.36,7.22,13.5,,,77.28,7.6,87.48,4.63,109.73,39.55,4.23,7.14,10.08,16.04,2.18,19.33,30.12,27.74,16.55,26.51,93.25,21.95,1.48,14.31,13.15,5.89,5.13,49.54,9.41,170.8
2019-10-10,70.9,39.55,88.5,3.33,1155.0,35.11,52.18,88.23,18.24,69.09,69.34,27.05,18.32,22.39,146.51,5.57,14.64,20.16,15.06,49.0,62.5,26.4,3.77,83.0,17.5,3.49,6.85,57.71,36.5,25.35,5.53,28.47,3.61,21.82,14.72,19.46,6.09,11.46,44.24,130.99,11.45,18.81,11.96,34.96,14.42,24.11,30.9,16.24,82.01,18.65,32.87,35.94,8.82,17.3,5.09,3.54,8.4,20.12,41.41,10.96,185.03,6.58,8.75,9.56,3.6,7.14,21.49,21.65,8.17,5.48,150.0,31.9,26.95,25.97,8.61,6.11,11.62,8.86,34.58,13.38,5.0,30.33,5.47,15.73,33.98,3.56,11.72,38.85,7.31,41.16,8.93,26.58,5.35,101.3,8.69,102.46,40.5,35.18,6.09,4.52,13.66,22.66,5.82,8.87,18.07,25.91,16.67,7.11,13.45,,,78.72,7.6,86.68,4.67,109.58,40.92,4.26,7.17,10.05,16.02,2.19,19.31,30.14,27.93,16.74,26.93,95.28,21.99,1.48,14.41,13.38,5.92,5.15,49.63,9.61,174.63
2019-10-11,71.46,40.2,89.9,3.34,1174.6,36.29,52.92,88.63,18.37,66.34,67.95,27.2,18.66,22.94,141.2,5.64,14.82,20.0,15.31,48.43,61.44,27.85,3.76,83.39,17.79,3.53,6.93,58.57,36.35,25.81,5.59,28.3,3.62,21.55,14.72,19.12,6.17,11.88,44.78,131.25,10.61,18.92,12.45,34.64,14.75,24.65,30.68,16.81,82.3,19.02,32.9,36.49,8.87,16.67,5.25,3.53,8.39,19.6,40.79,10.92,182.36,6.59,8.63,9.59,3.64,7.21,21.85,21.6,8.28,5.51,161.5,31.83,27.53,26.59,8.69,6.17,11.66,9.05,33.39,13.2,5.08,30.88,5.54,15.77,33.88,3.58,12.26,38.3,7.37,41.4,8.92,26.52,5.38,99.0,9.0,107.37,40.72,34.72,6.12,4.66,13.89,22.29,6.4,8.82,18.4,24.55,17.01,7.14,13.34,,,79.98,7.63,87.67,4.72,110.14,40.71,4.31,7.15,10.05,16.31,2.2,18.96,29.96,28.41,16.43,26.05,94.81,21.91,1.48,14.5,13.23,5.96,5.16,50.18,10.06,169.58
2019-10-14,70.85,41.58,90.45,3.33,1180.0,36.83,53.45,88.3,18.23,67.5,68.36,28.4,19.01,23.09,146.8,5.72,15.2,20.31,15.48,48.85,63.08,27.94,3.8,83.56,18.08,3.56,7.18,58.7,36.66,27.13,5.7,28.53,3.65,22.36,15.32,18.98,6.16,12.21,45.12,130.86,10.88,18.94,12.94,35.57,14.77,25.56,30.97,17.22,83.15,19.08,32.96,37.09,8.92,18.0,5.19,3.58,8.38,20.55,42.65,10.93,180.01,6.64,8.77,9.76,3.67,7.3,22.04,22.5,8.47,5.56,160.63,32.14,27.4,26.9,8.85,6.27,11.72,9.11,33.28,13.63,5.08,31.8,5.64,15.81,33.94,3.61,13.49,37.6,7.43,41.38,8.88,26.69,5.38,103.67,9.11,107.2,42.88,34.0,6.15,4.69,14.25,22.88,7.04,8.89,18.7,24.97,17.24,7.15,13.45,,,79.9,7.68,87.66,4.75,110.35,38.9,4.6,7.2,10.1,16.98,2.21,19.32,30.75,29.02,16.53,26.55,94.63,22.12,1.49,14.6,13.25,6.0,5.45,50.75,10.07,186.54
2019-10-15,70.97,39.12,90.2,3.3,1211.0,36.64,53.47,88.0,17.9,64.63,66.73,28.16,19.07,22.69,138.5,5.72,14.91,19.85,15.54,48.0,61.62,25.93,3.74,85.25,17.98,3.58,7.21,58.9,37.28,25.93,5.72,28.61,3.6,22.02,15.12,18.6,6.11,12.06,43.94,132.69,10.44,18.68,13.09,34.28,15.01,24.03,30.31,17.18,83.79,18.59,32.05,36.92,8.81,17.14,5.0,3.5,8.22,20.16,40.8,10.7,179.85,6.62,8.67,9.98,3.68,7.36,21.79,21.76,8.89,5.49,150.99,30.87,27.12,25.83,8.84,6.26,11.69,8.98,34.0,13.33,5.04,31.33,5.67,15.63,33.14,3.56,13.78,37.5,7.38,41.3,8.78,26.38,5.36,100.3,9.14,100.28,43.3,33.4,6.19,4.75,14.05,22.48,7.0,8.6,18.04,25.16,17.1,7.17,13.37,,,86.3,7.67,88.33,4.7,110.25,38.4,4.62,7.07,10.0,16.77,2.19,19.38,29.82,29.05,16.67,25.02,95.31,21.84,1.47,14.4,12.77,5.97,5.31,50.39,11.08,181.25
2019-10-16,69.69,38.11,90.58,3.28,1170.0,36.81,53.66,88.23,17.81,63.5,64.8,27.85,19.08,22.56,137.3,5.72,14.77,19.3,15.4,47.52,60.02,25.48,3.72,85.97,17.95,3.59,7.15,59.02,37.52,25.53,5.71,28.28,3.56,21.63,15.08,18.5,6.09,12.09,44.07,130.13,10.25,18.6,13.08,34.67,14.87,23.85,30.67,16.79,82.35,18.44,32.01,36.76,8.83,16.85,4.9,3.5,8.33,19.7,40.5,10.44,172.13,6.59,8.64,9.81,3.69,7.27,21.7,21.8,8.99,5.5,151.7,30.76,26.97,25.47,8.78,6.23,11.58,8.69,35.05,13.19,5.05,31.47,5.62,15.64,35.02,3.52,13.35,37.05,7.36,41.57,8.72,24.11,5.33,99.88,9.14,99.2,42.8,32.68,6.1,4.68,14.01,22.01,6.59,8.64,18.21,24.4,17.13,6.96,13.18,,,85.98,7.72,85.82,4.65,110.0,38.74,4.55,7.05,9.98,16.92,2.17,19.06,29.91,29.26,16.88,24.99,95.7,21.94,1.47,14.28,12.68,5.95,5.53,50.4,11.46,177.88
2019-10-17,69.3,38.25,91.72,3.27,1183.33,37.0,53.22,89.9,17.87,63.0,63.69,29.4,19.03,22.52,137.72,5.71,15.21,19.38,15.28,47.52,59.32,25.53,3.7,85.8,17.84,3.59,7.1,58.25,37.0,25.41,5.69,28.18,3.56,21.45,15.37,18.56,6.11,12.08,43.45,130.3,10.15,18.38,13.17,34.3,14.79,23.24,30.93,16.7,83.05,18.38,32.16,36.72,8.78,16.7,4.82,3.5,8.45,19.48,40.15,10.42,179.28,6.58,8.5,9.71,3.68,7.26,21.55,21.84,9.29,5.57,156.35,30.3,26.9,25.42,8.73,6.22,11.47,8.87,34.54,13.21,5.04,31.31,5.59,15.6,35.2,3.55,13.25,36.8,7.37,41.08,8.77,24.2,5.3,100.78,9.02,100.09,43.96,32.97,6.19,4.66,13.96,22.13,6.06,8.6,19.1,23.98,17.23,6.85,13.15,,,85.5,7.7,86.12,4.74,108.42,38.91,4.49,7.04,9.92,16.33,2.2,18.57,29.44,29.58,16.53,25.52,96.25,21.8,1.47,14.35,12.74,5.93,5.65,50.7,12.08,178.0
2019-10-18,70.09,37.0,89.75,3.21,1175.79,36.18,52.65,88.5,17.73,62.66,64.15,29.01,18.73,22.0,132.0,5.67,15.23,19.21,14.82,46.9,60.9,24.92,3.64,84.27,17.45,3.57,7.02,57.8,36.26,24.5,5.61,28.01,3.5,21.06,15.18,18.46,6.06,11.86,43.25,127.3,9.97,18.18,12.78,33.88,14.41,23.2,30.44,16.51,87.3,18.23,32.53,35.86,8.58,16.25,4.73,3.4,8.41,19.14,40.25,10.17,176.9,6.5,8.36,9.57,3.66,7.25,21.54,21.76,9.75,5.5,152.32,30.02,26.54,24.76,8.59,6.09,11.17,8.92,32.96,13.53,4.99,31.11,5.53,15.49,34.77,3.49,13.28,36.8,7.27,40.92,8.65,23.35,5.25,97.45,8.91,97.94,43.23,32.17,6.09,4.66,13.65,22.35,5.95,8.4,18.08,23.95,16.62,6.71,12.98,,,83.6,7.7,84.5,4.52,107.44,38.67,4.41,6.92,9.85,15.57,2.16,18.07,28.94,29.35,16.38,26.08,95.25,21.32,1.45,14.11,12.26,5.88,5.62,49.32,11.54,177.88
2019-10-21,69.64,38.17,90.07,3.22,1168.5,36.22,53.48,85.25,17.42,63.49,61.46,29.0,19.0,21.85,135.49,5.79,15.28,18.6,14.77,46.57,58.6,24.67,3.6,82.61,17.32,3.6,7.08,58.44,36.1,23.86,5.69,27.89,3.46,21.25,14.93,18.34,6.06,11.81,43.7,128.12,9.9,18.27,12.91,33.3,14.46,23.2,31.61,16.89,88.27,17.19,31.98,36.1,8.59,16.28,4.75,3.35,8.48,19.03,40.7,10.22,175.18,6.48,8.27,9.65,3.69,7.36,21.55,21.23,9.26,5.5,151.0,30.24,27.15,25.33,8.67,6.15,11.17,9.17,33.08,13.61,4.98,31.12,5.58,15.52,34.67,3.5,13.0,38.45,7.29,42.5,8.67,23.29,5.27,96.54,9.04,96.22,42.8,32.52,6.16,4.64,13.64,22.19,5.79,8.44,18.27,23.4,16.85,6.56,12.87,,,85.82,7.58,83.57,4.54,107.0,38.58,4.48,6.96,9.81,15.67,2.17,17.87,29.2,30.81,16.35,26.02,94.75,21.08,1.45,14.18,12.16,5.82,5.63,50.4,11.13,177.8
2019-10-22,70.72,38.56,90.29,3.21,1170.8,36.13,53.94,86.05,17.62,64.18,62.03,29.88,18.93,22.1,141.45,5.81,15.81,19.53,14.96,46.8,59.0,24.9,3.66,83.69,17.41,3.61,7.03,58.81,38.28,24.53,5.68,27.97,3.47,21.18,15.18,18.6,6.07,11.82,43.79,129.0,9.99,18.12,12.93,33.73,14.5,23.81,31.7,16.42,89.8,17.57,32.16,35.78,8.53,16.76,4.8,3.36,8.51,19.53,41.29,10.24,176.01,6.51,8.34,9.61,3.69,7.37,21.78,21.55,8.8,5.47,152.31,30.75,26.73,25.4,8.65,6.16,11.24,9.18,33.2,14.35,4.98,31.15,5.56,15.5,34.82,3.52,13.42,38.53,7.3,43.32,8.63,23.21,5.26,100.69,8.93,98.86,42.93,32.42,6.08,4.72,13.77,22.17,5.83,8.42,18.08,24.16,16.74,6.62,13.04,,,85.53,7.64,85.1,4.56,108.15,39.55,4.46,6.97,9.85,15.84,2.18,18.67,29.42,30.68,16.46,25.88,94.32,21.26,1.45,14.3,12.38,5.82,5.6,50.8,11.59,188.55
2019-10-23,70.76,38.72,89.5,3.24,1158.91,36.0,53.73,84.39,17.76,63.01,65.23,30.43,18.94,21.79,141.0,5.87,16.11,19.67,14.77,46.6,62.14,25.28,3.75,82.78,17.26,3.64,7.02,58.73,37.81,24.45,5.69,27.67,3.45,20.93,15.48,18.67,6.05,11.8,43.9,127.32,9.83,18.04,12.86,33.93,14.27,24.28,31.68,16.45,89.39,17.63,32.32,35.28,8.51,16.96,4.71,3.36,8.3,19.38,40.5,10.11,174.87,6.49,8.25,9.55,3.71,7.38,21.55,21.2,8.36,5.41,151.7,30.42,26.59,24.56,8.63,6.14,11.2,9.2,33.03,13.94,4.97,30.65,5.54,15.47,33.9,3.48,12.67,38.7,7.22,41.5,8.72,23.3,5.22,101.7,8.87,96.85,44.64,32.76,5.92,4.7,13.64,21.42,5.65,8.32,17.1,23.66,16.65,6.6,12.88,,,84.9,7.69,84.0,4.49,107.45,38.9,4.46,6.86,9.84,15.82,2.17,18.32,28.98,30.77,16.18,25.02,92.07,21.26,1.45,14.19,12.29,5.77,5.49,50.62,11.13,184.78
2019-10-24,71.63,38.43,89.8,3.21,1150.27,36.5,53.75,82.7,17.76,63.04,63.77,30.51,19.03,21.85,136.59,5.92,16.19,19.06,14.85,46.66,61.05,24.61,3.71,82.71,17.34,3.65,7.09,58.18,37.5,24.07,5.75,27.15,3.46,22.15,15.27,18.82,6.06,11.78,43.12,124.53,9.82,18.3,13.09,33.84,14.01,24.26,31.83,16.87,90.66,17.59,32.2,35.39,8.42,16.78,4.68,3.38,8.13,19.25,40.0,10.07,171.91,6.48,8.22,9.56,3.75,7.43,21.7,21.02,7.94,5.4,149.48,29.9,27.15,24.1,8.65,6.19,11.45,9.23,33.16,14.15,4.99,30.27,5.6,15.21,34.42,3.5,12.95,39.7,7.21,40.43,8.59,23.13,5.22,103.1,8.95,98.0,46.86,31.2,5.92,4.62,13.66,21.35,5.65,8.8,17.52,23.67,16.71,6.58,12.89,,,83.25,7.65,81.75,4.52,104.29,38.73,4.5,6.84,9.92,15.79,2.21,18.12,29.08,30.46,16.2,25.75,88.65,21.32,1.45,14.43,12.0,5.81,5.65,50.45,11.06,182.17
2019-10-25,71.02,39.14,88.0,3.24,1171.35,36.4,53.8,83.18,17.79,64.85,62.44,31.96,18.85,22.06,142.2,5.98,15.88,20.27,15.08,47.04,59.98,24.79,3.7,87.54,17.5,3.66,7.13,57.15,37.8,24.67,5.71,27.37,3.47,22.16,15.67,19.08,6.06,12.03,44.71,128.2,9.93,18.13,12.9,34.0,14.07,24.27,32.26,16.88,99.73,17.72,33.35,35.11,8.58,17.31,4.63,3.38,8.19,19.81,40.33,10.1,176.29,6.5,8.25,9.64,3.73,7.44,21.81,21.2,8.22,5.43,152.88,30.05,27.16,24.79,8.77,6.19,11.27,9.11,34.44,14.5,5.0,30.69,5.53,15.5,33.31,3.5,13.34,41.03,7.25,40.94,8.68,23.26,5.2,104.75,8.96,100.11,48.92,32.42,5.95,4.72,13.81,21.48,5.65,8.74,17.84,23.93,16.82,6.62,12.95,,,83.85,7.64,83.0,4.54,107.04,38.88,4.48,6.94,9.94,15.55,2.19,18.22,29.82,30.5,16.28,25.97,90.39,21.41,1.46,14.38,12.42,5.82,5.65,49.85,11.1,182.99
2019-10-28,70.81,39.93,88.64,3.36,1178.29,36.2,53.59,85.49,17.73,67.29,65.84,32.07,18.7,22.35,149.26,5.93,16.01,20.49,15.87,47.3,61.55,26.55,3.74,91.08,17.72,3.65,7.14,56.9,38.25,25.77,5.66,27.61,3.49,22.32,16.4,18.99,6.07,12.0,44.82,130.05,10.23,18.26,12.7,35.35,13.94,24.63,32.8,16.66,99.78,17.81,33.64,35.42,8.63,18.48,4.65,3.44,8.17,20.37,41.45,10.31,176.2,6.54,8.45,9.62,3.71,7.36,21.89,21.58,8.53,5.44,157.44,31.46,27.0,25.9,8.96,6.18,12.11,9.19,35.19,14.48,5.01,30.5,5.54,15.69,34.2,3.52,13.42,40.57,7.29,41.05,8.75,23.22,5.21,104.75,8.86,105.57,48.62,33.08,6.19,4.73,14.07,21.8,5.58,8.75,18.23,25.0,17.03,6.76,13.05,,,85.8,7.63,84.88,4.56,108.55,38.5,4.46,7.22,9.95,15.71,2.19,18.76,29.93,31.23,16.62,26.22,91.57,21.44,1.46,14.4,13.11,5.92,5.64,49.86,11.4,191.1
2019-10-29,69.28,38.14,88.2,3.31,1193.0,36.15,54.0,85.88,17.5,66.68,64.83,33.18,18.67,21.87,144.5,5.91,15.7,19.88,15.18,47.15,60.38,25.57,3.66,90.76,17.31,3.61,7.05,59.39,36.2,24.02,5.64,28.01,3.44,21.4,15.51,19.07,6.03,11.78,44.88,131.5,10.06,18.41,12.77,34.34,13.86,24.54,32.54,16.91,101.03,17.5,33.74,34.67,8.46,18.75,4.56,3.35,8.07,19.41,41.2,10.16,178.58,6.47,8.25,9.36,3.69,7.3,21.89,21.39,8.35,5.36,149.94,29.89,27.25,25.88,8.96,6.16,12.25,9.23,36.01,14.19,4.99,30.35,5.51,15.69,33.01,3.46,13.11,41.35,7.2,40.25,8.62,22.75,5.22,101.71,8.71,99.0,47.6,32.2,6.1,4.65,13.81,21.96,5.53,8.79,17.96,24.87,16.7,6.8,12.88,,,88.65,7.61,85.83,4.47,109.1,39.16,4.46,7.13,9.8,14.96,2.16,18.29,29.67,30.87,16.54,25.79,91.93,21.07,1.44,14.16,13.03,5.89,5.89,49.28,10.94,195.01
2019-10-30,69.52,38.08,87.95,3.35,1183.8,35.41,53.47,85.52,17.59,68.69,66.0,33.85,18.92,,158.6,5.95,15.77,20.24,14.99,43.96,59.99,23.01,3.64,90.18,17.04,3.62,7.12,58.67,35.9,22.91,5.63,27.12,3.4,20.99,15.54,18.76,5.98,12.05,45.08,130.95,9.91,18.43,12.59,33.78,13.91,25.0,32.53,16.43,100.18,17.32,33.23,34.55,8.49,18.5,4.59,3.33,8.0,19.37,42.0,9.96,179.16,6.44,8.01,9.39,3.69,7.32,21.54,21.64,8.47,5.29,150.22,29.33,26.82,25.42,9.1,6.16,12.39,8.99,37.37,14.39,4.96,30.0,5.54,15.22,33.02,3.42,13.1,41.5,7.16,39.02,8.31,22.84,5.14,107.45,8.78,97.76,46.61,32.0,6.13,4.6,13.72,21.78,5.36,8.76,19.03,24.9,16.33,6.6,12.66,,,89.32,7.6,85.8,4.5,110.16,38.84,4.5,7.08,9.61,14.8,2.16,17.97,29.15,32.41,16.16,25.38,90.15,21.12,1.42,14.24,12.52,5.85,6.05,49.34,10.82,214.51
2019-10-31,68.71,38.45,88.12,3.38,1180.01,35.5,55.5,94.07,17.86,70.75,67.6,31.81,18.72,21.7,153.93,5.91,15.35,20.61,14.92,42.85,58.29,22.5,3.57,90.88,17.06,3.64,7.07,58.7,35.44,21.69,5.61,29.0,3.4,20.44,15.06,18.77,5.88,11.56,45.61,132.08,9.78,18.44,12.51,33.42,13.47,24.93,32.35,16.26,98.5,17.45,33.4,34.51,8.38,18.66,4.61,3.29,7.93,19.96,43.9,10.05,178.0,6.42,8.02,9.33,3.7,7.29,21.25,21.95,8.52,5.24,148.84,29.42,27.01,26.39,9.0,6.15,12.39,8.95,36.91,14.0,4.9,30.65,5.54,16.0,33.09,3.39,13.2,40.28,7.2,39.63,8.23,22.84,5.06,109.99,8.63,97.21,44.15,31.78,6.14,4.52,13.72,21.81,5.51,8.63,18.58,24.55,16.44,6.52,12.7,,,89.0,7.63,87.2,4.39,111.68,38.91,4.34,6.99,9.42,14.54,2.17,17.8,29.41,33.45,16.89,25.15,90.35,21.14,1.37,14.14,12.57,5.8,6.0,47.72,10.76,217.01
2019-11-01,69.33,36.81,90.04,3.37,1185.0,36.6,58.89,94.46,17.88,70.95,70.09,32.81,19.39,22.18,159.84,5.94,15.59,20.67,15.16,43.57,59.25,23.35,3.59,92.5,17.26,3.66,7.24,63.78,35.07,21.85,5.66,29.44,3.42,20.52,15.32,18.57,5.89,12.69,45.77,133.7,9.89,18.38,12.75,33.5,13.9,25.03,32.9,16.86,94.65,17.66,34.0,35.3,8.47,18.75,4.69,3.39,8.17,20.14,43.41,10.29,179.8,6.45,8.08,9.35,3.7,7.3,21.55,22.4,8.51,5.28,148.46,29.66,28.47,26.71,9.27,6.18,12.7,8.93,38.3,14.3,4.89,29.83,5.63,17.36,33.52,3.42,13.6,39.98,7.21,39.7,8.38,22.38,5.08,107.28,8.81,98.83,45.74,32.23,6.16,4.57,13.91,22.18,5.49,8.89,18.63,24.6,16.35,6.66,12.86,,,92.98,7.73,88.2,4.46,112.29,40.48,4.5,6.98,9.47,14.71,2.18,17.82,29.35,33.32,16.79,25.59,90.81,21.19,1.37,14.2,12.62,5.8,6.16,48.19,10.94,211.5
2019-11-04,69.93,37.79,90.29,3.47,1199.59,37.18,59.14,97.1,18.0,71.08,70.79,32.84,19.83,22.26,165.12,5.9,15.78,21.15,15.2,43.43,61.74,23.99,3.6,92.2,17.28,3.65,7.26,64.45,35.8,22.22,5.66,29.45,3.45,20.47,15.87,18.03,5.89,13.0,46.49,133.99,9.89,18.26,12.74,33.85,14.09,25.06,32.85,16.92,95.66,17.76,34.48,36.14,8.44,19.05,4.89,3.45,8.39,20.81,43.7,10.17,188.1,6.53,8.24,9.28,3.7,7.34,22.21,22.37,8.83,5.25,152.6,30.27,28.27,28.45,9.27,6.19,12.83,8.87,36.71,14.5,4.9,30.35,5.66,17.61,33.68,3.44,13.94,39.46,7.23,40.52,8.43,22.8,5.05,109.85,8.83,99.03,45.98,32.38,6.16,4.54,14.02,22.7,5.7,9.01,19.81,25.0,16.28,6.6,12.83,,,92.1,7.84,87.4,4.55,114.29,39.8,4.54,6.96,9.44,14.65,2.17,17.88,29.24,34.81,16.95,27.29,92.92,21.08,1.36,14.25,12.49,5.72,6.2,48.52,11.23,217.81
2019-11-05,73.48,37.15,90.06,3.47,1199.0,37.66,59.39,95.47,18.08,72.75,69.47,34.76,20.0,22.62,173.8,5.92,15.9,21.13,15.36,43.95,62.16,24.0,3.61,91.3,17.48,3.66,7.37,64.08,35.27,22.32,5.73,29.87,3.54,20.7,15.92,17.99,5.9,13.06,46.72,134.28,10.12,18.3,12.95,33.81,14.13,25.32,33.3,17.15,99.1,17.85,34.24,36.44,8.59,19.09,4.95,3.45,8.45,20.95,43.5,10.24,192.95,6.53,8.23,9.45,3.72,7.38,22.45,22.45,8.81,5.34,154.2,30.09,28.38,29.03,9.42,6.26,13.01,8.8,40.38,14.34,4.93,30.23,5.74,18.01,34.03,3.47,13.85,39.93,7.27,40.17,8.4,22.77,5.08,115.55,8.94,103.73,46.42,31.78,6.18,4.56,14.18,23.32,5.68,9.02,20.0,26.34,16.37,6.57,12.86,,,92.5,7.81,86.75,4.63,115.2,41.41,4.67,6.97,9.44,14.7,2.18,18.04,29.08,35.75,17.6,28.03,92.82,21.18,1.36,14.46,13.04,5.7,6.16,49.08,11.07,223.43
2019-11-06,75.9,36.17,90.0,3.59,1193.0,38.15,59.84,94.74,18.07,69.92,66.76,34.24,20.17,22.43,169.52,5.98,15.62,20.88,15.07,44.31,61.13,22.82,3.6,91.19,17.27,3.68,7.34,63.5,34.2,22.0,5.74,29.47,3.53,21.05,15.71,17.76,5.85,12.8,46.71,132.63,10.57,18.18,12.92,33.46,13.87,25.28,33.57,16.96,94.79,17.79,33.22,36.14,8.58,18.51,4.92,3.49,8.46,20.54,42.64,10.27,189.31,6.52,8.13,9.47,3.74,7.49,22.11,22.22,,5.26,155.91,28.9,28.65,28.26,9.43,6.26,13.0,8.71,40.15,14.37,4.93,29.79,5.74,18.13,33.43,3.42,13.99,39.16,7.2,39.04,8.24,23.0,5.05,116.85,8.91,99.98,48.38,30.74,6.08,4.56,13.97,23.58,5.42,8.95,19.68,26.77,16.14,6.56,12.92,,,90.7,7.83,84.86,4.55,115.57,42.03,4.56,6.97,9.36,14.31,2.18,17.9,30.13,35.8,17.6,29.02,92.39,21.4,1.34,14.5,12.86,5.7,6.14,49.28,11.38,218.03
2019-11-07,75.3,35.83,89.77,3.59,1201.37,38.16,59.5,95.3,17.82,71.0,69.6,34.39,20.15,22.71,167.4,5.95,15.32,21.03,15.14,44.68,63.98,22.69,3.68,90.58,17.44,3.66,7.31,63.71,34.49,22.31,5.73,29.65,3.49,20.65,15.92,17.71,5.82,12.86,46.45,133.17,10.4,18.06,12.76,33.59,14.1,25.35,33.68,16.89,95.68,17.96,33.33,36.78,8.54,18.57,4.87,3.62,9.0,20.58,43.35,10.15,195.0,6.5,8.18,9.5,3.73,7.49,22.39,22.56,8.94,5.22,155.9,29.12,28.72,28.97,9.34,6.26,13.05,8.91,39.15,14.4,4.94,30.22,5.71,18.3,33.48,3.44,14.7,39.81,7.2,39.3,8.25,22.82,5.08,111.99,8.89,95.08,47.88,30.66,6.05,4.61,14.0,23.44,5.37,8.81,19.92,26.78,16.21,6.53,12.88,,,91.4,7.78,84.91,4.57,115.7,43.95,4.5,6.99,9.33,14.68,2.17,17.75,29.19,34.88,17.17,28.04,90.65,21.34,1.34,14.43,12.74,5.67,6.08,49.46,11.23,220.02
2019-11-08,75.62,36.54,89.17,3.59,1205.0,37.75,59.62,94.7,18.0,69.88,68.88,34.46,19.88,22.42,166.99,5.87,16.0,20.8,15.07,44.88,67.0,22.62,3.63,91.3,17.21,3.61,7.21,63.61,34.65,21.92,5.66,29.47,3.47,20.81,16.04,17.93,5.79,12.77,46.46,134.59,10.29,18.04,12.57,33.91,14.09,25.14,34.4,16.65,93.02,17.71,32.85,36.81,8.44,18.25,4.97,3.6,8.99,20.41,44.57,10.05,194.46,6.51,8.22,9.39,3.68,7.35,22.72,22.51,8.75,5.16,155.88,29.12,28.35,28.75,9.31,6.2,12.95,8.84,39.06,14.15,4.93,29.0,5.64,18.56,34.5,3.42,14.37,38.88,7.19,39.62,8.16,22.55,5.03,113.45,8.85,95.23,48.45,30.08,5.96,4.55,13.79,23.98,5.39,8.76,19.91,26.52,16.25,6.53,12.81,,,90.77,7.75,85.62,4.58,113.81,41.55,4.46,7.01,9.34,14.55,2.17,18.1,28.98,34.84,17.2,28.36,90.5,20.48,1.32,14.42,12.87,5.61,5.98,48.88,10.6,226.99
2019-11-11,73.7,36.01,88.21,3.5,1199.0,37.31,57.2,92.69,18.0,68.58,65.5,34.18,19.68,22.0,166.93,5.77,15.58,19.84,14.6,43.95,67.63,22.41,3.56,88.88,16.9,3.55,7.1,61.17,33.49,21.06,5.6,29.0,3.4,20.16,15.2,17.54,5.67,12.69,45.89,132.72,9.93,17.63,12.29,32.68,13.9,24.86,34.2,16.28,93.88,17.59,32.37,36.33,8.19,17.66,4.9,3.49,8.75,19.65,44.12,9.9,189.3,6.43,8.05,9.26,3.64,7.22,22.5,22.5,8.55,5.03,152.74,28.19,28.19,28.95,9.1,6.13,13.01,8.92,39.13,13.88,4.86,28.26,5.56,17.85,33.6,3.35,13.7,38.18,7.12,38.8,7.84,22.23,4.9,112.79,8.58,94.3,47.11,29.62,5.81,4.44,13.4,23.41,5.46,8.36,20.08,25.69,16.13,6.43,12.68,,,90.94,7.66,85.0,4.41,112.89,40.8,4.34,6.82,9.02,14.08,2.14,17.12,28.0,35.3,16.8,27.42,87.7,19.96,1.27,14.05,12.52,5.48,5.9,48.02,10.1,220.46
2019-11-12,74.45,35.93,88.22,3.44,1201.6,37.2,56.09,92.58,18.09,69.2,65.79,33.93,19.74,22.03,163.6,5.8,15.78,19.56,14.53,44.1,65.94,23.04,3.66,89.67,17.07,3.56,7.13,59.16,33.65,22.53,5.57,29.19,3.4,20.24,15.08,17.37,5.63,12.71,45.96,133.37,9.87,17.67,12.24,32.24,13.93,25.1,34.03,16.33,96.0,17.57,32.49,36.83,8.3,17.7,4.88,3.51,8.81,19.15,42.8,9.66,191.27,6.42,8.11,9.24,3.66,7.24,22.26,23.02,8.9,5.06,152.7,27.84,28.7,28.63,9.12,6.15,13.1,8.85,38.08,14.24,4.87,28.53,5.59,17.88,33.03,3.36,13.4,38.28,7.11,39.73,7.74,21.41,4.86,113.0,8.7,94.98,48.95,28.96,5.84,4.43,13.43,23.39,5.49,8.25,19.76,25.87,16.29,6.31,12.5,,,93.61,7.66,85.23,4.46,112.61,41.25,4.33,6.77,8.92,14.25,2.14,16.73,28.03,35.42,16.88,27.62,86.92,19.9,1.25,14.07,12.43,5.43,5.9,47.96,10.19,222.7
2019-11-13,73.94,35.92,88.0,3.49,1224.0,37.0,56.55,96.25,17.99,76.12,69.59,35.19,19.5,21.84,175.75,5.78,15.66,19.67,14.42,43.28,70.81,22.94,3.64,91.39,16.81,3.57,7.12,58.85,33.78,22.56,5.55,29.2,3.4,19.79,15.15,17.65,5.57,12.62,46.58,134.62,9.88,17.41,12.23,32.43,13.96,25.1,34.21,16.33,94.13,17.32,32.56,35.57,8.25,18.9,4.82,3.41,8.63,19.07,42.23,9.5,197.6,6.37,8.3,9.12,3.65,7.19,22.44,22.68,9.07,5.04,154.98,27.91,28.85,30.36,9.06,6.12,13.16,8.81,39.46,14.2,4.87,29.42,5.57,17.94,33.07,3.34,13.52,38.12,6.97,39.5,7.95,22.05,4.78,123.71,8.67,94.64,49.29,30.34,5.85,4.4,13.32,23.05,5.6,8.33,20.62,25.53,16.29,6.22,12.45,,,94.6,7.64,86.45,4.42,113.13,41.6,4.33,6.77,8.8,14.24,2.13,16.54,27.84,34.6,16.91,27.05,85.3,19.95,1.22,14.12,12.56,5.35,5.9,47.38,10.13,244.97
2019-11-14,74.1,36.13,88.03,3.44,1230.0,36.74,56.59,98.34,17.81,79.11,70.25,35.19,19.27,21.9,180.88,5.75,15.99,20.59,14.45,43.52,70.0,23.53,3.76,94.33,16.84,3.56,7.06,59.13,34.1,23.25,5.53,29.1,3.39,19.87,15.31,17.78,5.6,12.61,46.87,134.55,9.83,17.25,12.14,33.37,14.07,25.08,33.37,16.32,94.95,17.32,32.77,35.03,8.2,20.1,4.73,3.54,9.1,19.28,42.21,9.55,198.0,6.36,8.35,9.15,3.62,7.16,22.28,23.57,8.94,5.04,163.19,28.26,28.7,30.55,9.01,6.1,13.58,8.79,39.41,14.79,4.85,29.41,5.58,17.74,33.84,3.35,13.84,37.7,6.95,39.42,7.91,22.3,4.8,127.0,8.63,94.5,51.69,30.09,5.85,4.46,13.32,22.8,5.54,8.31,21.12,24.99,16.26,6.21,12.4,,,97.76,7.7,86.46,4.41,112.82,42.84,4.3,6.72,8.89,14.22,2.12,16.56,27.94,34.22,16.96,26.97,84.72,19.8,1.23,14.11,12.48,5.34,5.78,46.94,10.31,245.99
2019-11-15,72.6,35.28,87.9,,1224.9,36.83,56.55,97.13,17.95,77.24,70.4,34.76,19.47,21.71,171.9,5.79,16.01,20.44,13.95,43.12,70.08,23.26,3.69,92.7,16.73,3.57,7.03,58.86,33.53,22.83,5.51,28.95,3.37,20.07,14.79,17.4,5.5,12.48,45.65,133.33,9.58,16.9,12.15,33.77,13.89,24.75,32.8,16.34,90.78,17.11,31.34,34.88,8.04,19.8,4.76,3.48,8.9,18.9,41.2,9.73,194.0,6.31,8.18,9.13,3.61,7.15,22.12,23.7,8.94,4.95,164.91,28.56,28.15,30.5,8.95,6.1,13.06,8.74,39.7,14.83,4.85,28.96,5.58,17.57,32.79,3.31,13.55,36.63,6.82,38.69,7.77,21.97,4.73,129.93,8.55,93.17,51.0,29.42,5.75,4.38,13.2,22.74,5.9,8.18,20.7,24.74,16.24,6.24,12.45,,,98.6,7.63,85.21,4.35,112.26,44.7,4.25,6.63,8.74,14.05,2.11,16.25,27.9,34.6,16.48,26.42,84.5,19.17,1.28,13.98,12.19,5.28,5.84,46.0,10.1,247.3
2019-11-18,72.87,35.62,88.71,,1227.28,37.5,56.69,97.15,18.07,76.85,69.98,34.31,19.93,21.89,172.6,5.82,15.94,20.13,14.13,42.83,69.36,22.31,3.72,92.9,16.89,3.59,7.03,58.99,33.92,22.45,5.54,29.0,3.38,19.83,14.54,17.76,5.52,13.07,45.7,133.0,9.6,17.16,12.24,33.93,14.19,24.99,33.1,16.45,92.57,17.15,31.36,35.81,8.09,20.15,4.92,3.52,9.05,18.76,41.88,9.72,194.31,6.37,8.25,9.21,3.62,7.17,21.78,24.18,8.93,4.99,160.63,29.07,29.05,31.25,9.07,6.14,13.19,8.92,39.0,14.42,4.91,31.86,5.61,17.74,33.09,3.31,13.9,36.62,6.88,38.93,7.76,22.11,4.75,124.87,8.63,95.35,50.0,29.34,5.79,4.43,13.33,23.5,5.96,8.12,20.67,24.83,16.44,6.23,12.42,,126.35,96.62,7.72,85.06,4.39,112.62,44.27,4.36,6.83,9.19,14.07,2.11,16.39,28.22,35.56,16.54,27.14,86.65,19.59,1.27,13.95,12.41,5.27,5.88,46.14,10.13,247.42
2019-11-19,76.94,39.18,88.89,,1232.32,37.52,57.83,98.8,18.07,77.35,72.45,35.42,19.84,22.15,178.9,5.85,16.08,20.1,14.44,43.74,69.89,22.49,3.73,95.63,16.96,3.6,6.98,59.46,35.98,23.0,5.55,29.81,3.46,19.99,14.7,17.93,5.54,13.05,46.13,133.5,9.92,17.26,12.23,34.34,14.65,25.82,33.99,16.41,95.68,17.22,31.89,35.59,8.26,20.45,4.9,3.51,9.35,18.7,44.87,9.89,195.02,6.42,8.32,9.21,3.63,7.19,21.9,24.05,8.79,5.02,162.3,29.33,29.0,32.5,9.03,6.13,13.58,9.53,40.3,14.97,4.9,32.1,5.61,18.33,33.87,3.35,13.93,36.6,6.94,39.84,7.86,22.79,4.8,127.62,8.61,97.2,51.62,29.61,5.88,4.45,13.45,25.45,5.95,8.34,20.98,27.31,16.49,6.32,12.58,,136.01,98.49,7.75,85.52,4.45,113.68,45.16,4.33,6.82,9.51,14.37,2.14,16.78,28.55,35.09,17.27,28.89,86.95,19.63,1.28,14.04,12.47,5.37,6.08,46.46,10.3,258.0
2019-11-20,76.3,38.83,88.05,,1233.75,36.58,57.15,98.4,18.12,75.8,71.8,34.7,19.16,21.72,170.38,5.8,16.21,19.26,14.09,43.1,67.5,22.42,3.66,95.0,16.64,3.58,6.98,58.86,35.6,22.68,5.5,29.41,3.44,19.78,14.4,17.6,5.52,12.78,46.0,134.0,9.74,17.23,12.04,33.9,14.58,26.37,33.69,15.85,92.5,17.04,31.36,34.69,8.26,19.97,4.8,3.48,9.45,18.9,43.97,10.18,195.01,6.39,8.22,9.12,3.62,7.11,21.81,23.95,8.69,5.01,161.0,29.03,28.72,30.98,8.82,6.08,13.4,9.54,42.12,14.97,4.92,31.87,5.54,18.11,33.37,3.31,14.11,36.06,6.88,39.7,8.0,22.52,4.76,123.8,8.4,95.7,51.93,30.49,5.85,4.33,13.24,25.38,5.98,8.24,20.25,27.8,16.22,6.37,12.72,,147.2,98.7,7.78,87.0,4.46,114.3,44.61,4.22,6.79,9.43,14.35,2.12,16.64,28.03,34.6,17.33,28.74,86.41,19.51,1.27,14.03,12.0,5.38,5.96,45.85,10.12,259.99
2019-11-21,77.15,38.17,86.34,3.53,1231.3,36.44,56.2,95.0,18.0,76.04,70.78,34.64,19.14,21.64,169.3,5.73,16.8,19.02,14.14,43.62,66.6,22.81,3.67,92.6,16.58,3.59,6.93,57.45,35.21,22.4,5.48,29.15,3.41,20.15,14.27,17.64,5.61,12.73,46.36,133.66,9.98,17.19,11.96,34.04,14.6,27.3,33.46,15.86,93.53,17.03,31.09,34.63,8.3,20.05,4.74,3.48,9.36,18.72,42.98,9.98,190.0,6.41,8.18,9.18,3.63,7.13,21.77,23.88,8.66,5.0,160.3,28.63,28.33,31.2,8.82,6.08,13.48,9.28,42.0,15.37,4.94,31.41,5.55,17.85,33.5,3.3,13.93,36.07,6.87,38.8,7.96,23.0,4.77,124.08,8.37,94.92,52.68,30.43,5.83,4.32,13.24,25.04,6.3,8.21,20.4,27.5,16.28,6.27,12.49,,141.93,98.45,7.83,87.48,4.43,112.76,44.96,4.21,6.76,9.32,14.12,2.12,16.58,28.65,33.55,17.05,28.37,86.28,19.99,1.29,13.89,12.07,5.38,5.92,45.5,10.15,249.2
2019-11-22,80.5,37.13,84.89,3.62,1194.0,36.23,55.73,91.17,17.9,72.71,68.57,32.98,19.07,21.49,161.9,5.71,16.82,18.65,14.02,43.82,67.25,22.2,3.65,88.98,16.53,3.6,6.93,56.72,35.34,21.88,5.5,29.01,3.43,19.74,14.28,17.41,5.61,12.79,46.87,128.97,10.04,17.3,11.99,33.12,14.47,27.13,31.99,15.59,92.0,16.9,30.7,34.5,8.29,20.18,4.7,3.48,9.36,18.18,43.9,9.87,182.69,6.41,8.13,9.24,3.61,7.14,21.73,23.49,8.94,5.07,153.08,27.9,27.6,29.7,8.72,6.08,13.27,9.16,41.48,15.43,4.94,31.34,5.55,17.61,34.08,3.32,12.54,35.56,6.91,38.75,8.04,22.94,4.8,118.81,8.36,95.27,49.87,31.1,5.79,4.29,13.27,25.77,6.14,8.15,18.96,27.79,16.28,6.27,12.46,,133.48,94.49,7.85,84.2,4.45,109.92,45.0,4.18,6.67,9.39,13.82,2.13,16.12,28.31,32.79,17.07,28.16,84.7,20.02,1.3,13.87,12.1,5.5,5.84,45.46,9.85,224.28
2019-11-25,83.58,36.3,85.5,3.77,1182.06,36.58,56.53,89.9,18.15,70.61,65.15,32.45,19.31,21.62,157.51,5.83,16.2,18.23,13.94,44.87,63.7,21.58,3.71,88.12,16.67,3.64,7.02,57.81,32.41,20.75,5.57,29.14,3.55,19.55,14.44,17.12,5.71,13.38,48.9,128.7,10.24,17.8,12.07,32.5,14.91,26.88,31.71,15.8,89.22,17.15,30.41,34.93,8.63,18.61,4.87,3.59,9.5,17.84,42.38,9.95,182.5,6.51,8.2,9.3,3.65,7.21,22.29,23.53,8.78,5.25,142.48,26.32,27.69,29.55,8.83,6.18,13.37,9.5,41.83,14.7,5.02,31.63,5.61,17.87,33.0,3.42,12.22,35.2,7.04,38.3,7.98,22.75,4.87,113.5,8.43,92.93,48.02,30.28,5.78,4.45,13.42,25.68,6.48,8.52,18.52,28.02,16.4,6.38,12.62,,133.96,92.92,7.92,84.35,4.73,109.36,44.88,4.26,6.78,9.47,13.64,2.18,16.33,27.95,33.19,16.8,27.92,83.03,19.96,1.34,14.18,12.11,5.76,5.88,46.15,9.66,213.0
2019-11-26,88.0,35.98,85.4,3.77,1185.0,36.0,56.56,90.69,18.37,71.5,65.06,33.3,19.03,21.52,162.87,5.85,16.41,18.78,13.89,44.6,63.98,21.72,3.86,88.9,16.74,3.64,6.99,58.54,31.9,21.16,5.56,29.35,3.48,20.34,14.25,17.46,5.66,13.38,49.24,130.72,10.27,17.66,12.06,32.92,14.94,27.22,32.0,15.62,91.0,17.01,30.4,34.55,8.82,19.65,4.82,3.74,9.24,17.79,42.8,10.05,184.65,6.53,8.1,9.32,3.67,7.21,22.38,23.39,8.84,5.22,144.88,28.14,26.89,29.39,8.93,6.19,13.41,9.79,45.14,15.05,5.03,31.99,5.59,17.61,33.22,3.36,12.38,35.6,7.08,38.91,8.1,23.25,4.95,120.52,8.36,92.0,48.9,30.6,5.83,4.53,13.38,26.66,6.5,8.68,18.88,28.8,16.65,6.31,12.28,,133.8,94.0,7.95,85.3,4.57,110.8,46.7,4.23,6.64,9.36,13.64,2.16,16.12,28.4,33.65,16.79,29.3,84.38,20.36,1.32,14.07,12.03,5.66,5.82,45.78,9.61,214.31
2019-11-27,87.25,36.36,84.91,3.68,1189.95,36.65,55.13,90.29,18.09,76.05,66.66,34.58,19.14,21.43,166.25,5.88,16.54,18.95,13.72,43.9,66.08,21.91,3.89,89.65,16.6,3.66,6.93,57.64,32.2,21.11,5.55,29.48,3.63,20.34,14.55,17.49,5.66,13.35,48.8,131.49,10.1,17.4,11.99,33.28,14.89,26.76,31.79,15.47,89.94,16.94,30.46,34.68,8.64,21.2,4.71,3.72,9.3,18.2,43.33,10.04,183.01,6.51,8.08,9.28,3.66,7.22,22.07,23.2,8.91,5.14,144.84,27.41,26.99,29.98,8.78,6.15,13.75,10.02,45.31,15.21,5.02,33.0,5.57,17.32,33.24,3.37,12.54,35.85,7.02,37.85,7.99,23.11,4.88,128.58,8.3,91.15,50.35,30.48,5.78,4.58,13.3,27.4,6.24,8.57,19.23,30.84,16.37,6.35,12.33,,134.3,93.57,7.85,85.83,4.52,109.72,47.18,4.2,6.66,9.58,13.54,2.15,16.51,28.04,33.86,16.56,30.0,84.07,20.15,1.3,14.22,11.87,5.6,5.72,44.98,9.63,219.0
2019-11-28,87.41,36.73,84.4,3.64,1175.8,36.63,55.17,90.65,18.12,77.0,67.37,34.34,18.97,21.51,166.79,5.84,16.38,18.98,13.76,43.18,65.42,22.81,3.84,89.68,16.63,3.64,6.84,58.45,32.48,21.34,5.54,29.4,3.58,20.3,14.48,18.05,5.62,13.13,49.4,130.81,10.09,17.24,11.96,33.33,14.84,26.5,31.75,15.49,90.5,16.97,30.65,34.43,8.56,21.02,4.72,3.74,9.1,18.04,43.2,10.07,184.85,6.51,8.07,9.19,3.65,7.14,22.3,23.2,8.61,5.15,144.69,27.44,26.67,29.52,8.7,6.16,13.1,9.81,45.09,15.02,5.01,32.05,5.56,17.41,33.03,3.34,12.75,35.84,7.0,37.63,,23.44,4.84,125.85,8.3,91.46,49.75,30.34,5.73,4.58,13.29,27.5,6.24,8.67,19.57,30.5,16.34,6.27,12.11,,133.68,93.22,7.9,84.5,4.44,109.39,45.1,4.18,6.57,9.4,13.46,2.13,16.1,27.97,33.55,17.29,29.57,83.1,20.15,1.27,14.09,11.57,5.5,5.6,44.49,9.47,214.39
2019-11-29,87.41,37.21,83.62,3.56,1129.0,36.03,54.3,87.99,18.13,78.2,66.81,34.03,18.89,21.41,165.4,5.79,16.66,19.1,13.85,43.39,65.43,22.91,3.9,85.9,16.71,3.62,6.9,57.71,32.71,22.49,5.51,29.09,3.56,20.13,14.5,18.72,5.59,13.19,48.41,127.55,10.22,17.21,11.91,33.97,14.48,26.27,31.41,15.29,86.8,16.97,30.71,34.25,8.48,20.72,4.73,3.84,9.03,18.15,44.0,9.94,179.7,6.49,8.1,9.19,3.63,7.1,22.23,22.96,8.6,5.11,146.09,27.05,26.58,29.94,8.71,6.17,14.11,9.75,44.78,14.77,4.99,31.71,5.56,17.06,32.96,3.28,12.83,35.8,6.97,37.95,7.84,23.85,4.86,125.2,8.27,91.24,49.4,30.09,5.71,4.58,13.34,27.75,5.94,8.67,19.39,30.49,16.48,6.26,12.11,,136.5,89.34,7.93,81.75,4.45,106.98,43.62,4.13,6.58,9.42,13.55,2.13,16.09,28.11,32.81,17.27,29.87,83.8,20.28,1.28,14.09,11.59,5.47,5.6,44.52,9.69,214.0
2019-12-02,87.1,37.58,83.29,3.7,1133.0,36.11,54.75,87.88,17.94,80.0,66.9,33.75,18.92,21.68,171.6,5.81,17.02,19.26,13.91,43.15,65.86,23.36,3.89,83.73,16.85,3.62,6.95,,32.8,22.64,5.49,29.67,3.5,19.87,14.56,20.18,5.56,13.31,49.29,127.0,10.59,17.29,11.87,33.72,14.92,26.38,31.08,15.36,90.17,17.38,30.57,34.52,8.55,21.11,4.76,3.78,9.18,18.6,44.4,9.74,180.35,6.5,8.05,9.24,3.62,7.12,22.13,23.0,8.63,5.12,145.85,27.16,26.22,30.5,8.74,6.17,13.68,9.88,45.2,15.0,4.95,31.1,5.55,16.9,32.96,3.27,13.02,36.38,6.9,37.65,7.79,24.18,4.8,134.1,8.26,91.95,50.24,29.88,5.63,4.59,13.45,26.96,5.94,8.85,19.53,29.63,16.54,6.28,12.01,,138.29,88.32,7.91,81.74,4.5,107.38,43.92,4.19,6.59,9.34,13.58,2.13,16.17,28.28,32.7,17.71,29.39,83.48,20.12,1.28,14.29,11.54,5.46,5.78,44.49,9.56,224.0
2019-12-03,86.4,37.52,84.27,3.73,1118.0,36.46,54.53,88.78,17.95,79.99,65.0,33.52,19.06,21.85,179.55,5.79,17.09,18.95,14.02,43.79,65.16,23.38,3.96,84.55,16.97,3.63,7.0,60.8,34.0,23.14,5.49,30.38,3.51,19.96,14.75,20.18,5.58,13.57,49.0,126.04,10.8,17.38,11.86,34.0,15.04,27.6,31.03,15.45,89.95,17.46,30.67,34.45,8.5,21.83,4.8,3.84,9.12,18.73,44.69,9.9,180.03,6.45,8.04,9.25,3.61,7.15,21.87,22.46,8.57,5.12,146.58,27.28,26.59,30.83,8.76,6.18,13.47,9.64,48.22,15.01,4.93,31.1,5.53,16.93,32.66,3.29,13.11,35.9,6.88,37.6,7.88,24.45,4.82,146.0,8.29,91.0,51.49,29.89,5.62,4.61,13.51,27.92,5.87,8.56,19.83,30.0,16.77,6.26,12.0,,137.0,88.18,7.92,80.36,4.53,106.78,43.38,4.19,6.61,9.35,13.75,2.14,16.31,29.25,33.04,17.73,29.64,83.88,19.97,1.28,14.26,11.48,5.39,5.78,44.47,9.54,246.4
2019-12-04,86.7,36.43,84.07,3.77,1122.33,36.28,55.36,89.91,17.94,86.33,70.48,34.35,18.91,21.77,181.7,5.76,16.84,18.5,13.98,44.13,68.1,23.01,4.04,85.65,16.88,3.61,6.99,62.58,33.6,22.73,5.46,30.47,3.61,20.14,14.61,20.06,5.58,13.44,48.76,128.45,11.12,17.18,11.75,34.33,14.81,27.42,30.52,15.31,90.6,17.59,31.18,34.36,8.4,22.05,4.75,3.94,9.04,18.44,43.8,10.24,181.18,6.37,8.01,9.28,3.6,7.14,21.85,20.9,8.56,5.06,143.1,27.6,26.61,30.6,8.64,6.16,13.39,10.0,48.55,14.77,4.91,31.25,5.51,16.95,32.05,3.31,13.05,34.88,6.86,38.0,8.19,24.4,4.88,142.4,8.26,89.9,51.63,32.22,5.51,4.58,13.49,28.74,5.78,8.33,19.93,31.39,16.76,6.37,12.19,,139.66,88.08,7.9,81.72,4.54,107.04,43.44,4.15,6.64,9.31,13.89,2.14,16.38,29.64,32.41,17.47,29.95,84.82,20.28,1.29,14.32,11.45,5.43,5.75,44.25,9.59,241.9
2019-12-05,92.0,38.17,84.67,3.7,1129.8,36.38,55.53,91.46,17.83,88.16,71.7,36.05,19.02,22.3,188.5,5.77,17.14,20.26,14.3,44.04,69.49,23.58,4.04,85.91,17.24,3.62,7.02,62.27,34.48,23.01,5.47,30.22,3.62,20.22,14.97,20.14,5.63,13.95,49.86,128.16,11.17,17.16,11.89,34.65,15.29,27.63,31.13,15.43,90.4,17.91,31.95,34.74,8.34,22.36,4.79,3.95,9.31,18.82,45.36,10.18,182.3,6.38,8.07,9.29,3.62,7.14,21.95,20.64,8.31,5.07,145.83,27.94,26.93,31.09,8.68,6.18,13.73,9.96,48.07,14.92,4.93,30.91,5.54,16.93,32.38,3.32,13.73,35.11,6.89,38.05,8.07,24.94,4.87,140.69,8.26,94.84,51.94,31.79,5.58,4.64,13.65,29.09,5.97,8.27,20.72,32.1,16.97,6.41,12.2,,138.08,88.18,7.86,81.49,4.53,110.1,44.48,4.21,6.68,9.34,13.95,2.15,16.65,30.3,33.3,17.8,30.19,86.28,20.5,1.29,14.31,11.56,5.4,5.75,45.53,9.63,243.0
2019-12-06,93.0,38.76,84.74,3.68,1170.0,36.41,56.2,93.05,17.83,90.31,74.8,37.3,18.93,22.38,194.05,5.75,16.8,20.68,14.32,43.71,69.93,23.62,4.07,87.1,17.51,3.61,7.06,62.39,35.08,23.18,5.47,30.25,3.74,20.69,15.2,20.52,5.64,14.03,50.19,130.98,11.23,17.17,11.92,34.5,15.57,27.86,31.28,15.6,91.15,17.9,31.91,34.82,8.41,22.79,4.92,3.96,9.35,19.64,45.18,10.21,186.18,6.4,8.13,9.3,3.62,7.14,22.08,20.7,8.02,5.1,144.95,29.45,27.36,29.9,8.71,6.19,13.71,10.19,49.58,14.93,4.92,31.25,5.55,17.05,32.42,3.33,13.9,35.05,6.9,37.9,8.06,25.6,4.9,144.9,8.28,97.1,52.53,31.67,5.65,4.68,13.87,28.91,6.57,8.2,21.05,32.09,17.09,6.45,12.21,,136.9,89.61,7.88,82.59,4.53,111.24,43.59,4.19,6.96,9.44,13.98,2.16,16.74,30.0,33.04,18.2,29.48,87.2,20.47,1.29,14.3,11.61,5.41,5.64,46.16,9.67,255.0
2019-12-09,92.89,37.91,83.65,3.85,1158.7,36.27,56.81,90.5,17.92,88.64,78.4,36.36,18.91,22.25,196.85,5.74,17.53,20.97,14.2,43.38,71.9,23.44,4.12,83.62,17.56,3.61,7.07,62.15,35.1,23.11,5.5,30.85,3.74,20.63,15.33,20.56,5.65,14.01,50.7,130.49,11.12,17.49,11.9,35.4,15.55,27.66,30.69,15.41,88.7,17.94,31.6,34.81,8.63,22.9,4.89,4.09,9.51,19.49,45.01,10.23,181.9,6.4,8.14,9.25,3.62,7.09,22.24,20.82,8.18,5.23,146.88,29.7,27.05,31.85,8.8,6.21,13.72,10.21,50.0,14.98,4.95,32.19,5.57,16.88,32.54,3.35,13.89,34.82,6.95,36.61,7.98,25.22,4.93,145.86,8.33,97.6,49.73,31.11,5.66,4.65,13.97,28.32,6.78,8.14,20.54,31.6,17.12,6.46,12.2,,143.6,87.61,7.89,82.36,4.58,107.5,44.91,4.17,6.93,9.46,14.18,2.17,17.04,30.03,33.23,17.93,27.72,85.3,20.29,1.31,14.5,11.88,5.63,5.61,45.79,9.69,
2019-12-10,93.35,36.85,83.59,3.96,1164.4,36.12,57.65,90.39,17.84,90.1,79.45,36.82,18.86,22.21,199.11,5.7,17.75,21.16,14.3,43.43,73.65,23.81,4.13,84.5,17.54,3.61,7.08,62.16,35.0,23.48,5.48,30.6,3.76,20.69,15.52,20.72,5.65,14.01,51.86,130.86,11.11,17.25,11.86,35.7,16.08,27.59,30.59,15.33,84.0,17.89,32.08,34.91,8.64,23.88,4.94,4.13,9.74,19.62,45.28,10.2,180.6,6.4,8.17,9.19,3.61,7.07,22.28,20.6,8.05,5.2,147.0,29.99,26.74,32.18,8.8,6.19,13.79,10.17,49.87,14.88,4.94,31.77,5.56,16.84,32.72,3.37,14.16,33.51,6.9,36.45,7.98,25.05,4.91,154.5,8.29,98.9,50.12,31.12,5.66,4.72,13.95,28.41,6.85,7.9,21.5,31.84,17.14,6.52,12.25,5.61,151.5,88.03,7.79,81.93,4.66,107.16,45.2,4.16,6.86,9.43,14.17,2.19,17.12,29.9,33.41,18.18,27.88,88.47,20.17,1.29,15.09,11.73,5.61,5.6,45.87,9.71,
2019-12-11,91.49,36.5,84.04,3.95,1158.98,36.4,57.06,90.05,18.01,89.87,78.04,35.79,19.3,22.23,200.0,5.75,17.82,21.17,14.25,44.12,72.51,24.28,4.0,85.0,17.47,3.61,7.13,61.4,34.79,23.84,5.5,30.22,3.71,21.06,15.24,20.37,5.65,13.83,51.2,128.82,10.9,17.28,11.98,34.86,16.07,27.42,31.35,15.66,82.35,18.06,31.85,35.31,8.55,23.3,4.96,3.9,9.74,18.96,44.31,10.1,178.45,6.48,8.09,9.21,3.61,7.1,22.64,20.65,8.19,5.21,150.72,29.35,27.43,31.65,8.91,6.2,13.5,10.02,46.91,14.58,4.96,32.29,5.57,17.29,32.63,3.35,13.9,33.18,6.9,37.02,8.06,24.78,4.94,155.5,8.46,100.04,49.18,31.25,5.7,5.01,13.93,27.67,6.89,7.68,20.49,29.86,17.03,6.5,12.17,5.63,153.97,87.2,7.8,80.89,4.66,107.2,45.09,4.32,6.79,9.4,14.18,2.19,16.99,30.49,33.88,17.85,27.71,88.6,20.15,1.3,15.2,11.62,5.66,5.6,45.86,10.52,
2019-12-12,89.7,38.19,84.04,3.93,1137.0,36.4,56.92,91.3,18.42,90.8,82.61,35.52,19.23,22.2,210.0,5.74,17.79,21.17,14.25,43.48,72.13,24.3,4.01,85.1,17.39,3.61,7.15,61.48,35.09,23.62,5.49,30.27,3.68,21.7,15.32,21.25,5.63,14.18,52.15,127.78,10.82,17.16,11.9,35.03,15.61,28.22,31.13,15.6,82.61,17.76,32.85,35.82,8.5,23.42,4.9,3.91,9.9,19.88,47.24,10.27,180.5,6.43,8.02,9.14,3.61,7.11,22.5,20.24,8.12,5.2,148.01,30.06,27.22,31.29,8.88,6.19,13.7,9.86,47.75,14.66,4.95,31.58,5.55,17.17,32.2,3.32,13.77,33.25,6.89,36.54,8.03,24.98,4.96,155.03,8.39,98.97,48.29,31.4,5.65,4.99,13.77,27.78,6.92,7.7,20.1,30.1,16.87,6.4,12.2,5.6,153.6,87.0,7.83,80.49,4.58,106.6,45.82,4.31,6.87,9.41,14.02,2.19,16.8,30.1,33.71,17.66,27.59,88.8,20.18,1.28,15.19,11.65,5.56,5.53,45.87,10.42,
2019-12-13,93.0,38.7,86.77,3.96,1163.0,37.5,58.4,94.58,18.51,90.3,83.0,36.7,19.61,23.0,203.33,5.82,18.92,21.9,15.18,43.37,71.6,23.39,4.11,86.85,17.96,3.66,7.15,62.99,35.36,23.73,5.55,30.65,3.76,21.76,15.57,21.4,5.69,14.3,51.95,129.52,11.0,17.28,12.12,35.5,15.73,28.78,31.9,16.12,83.25,18.54,33.2,37.1,8.58,23.01,5.12,3.94,10.0,19.99,48.6,10.3,185.3,6.5,8.1,9.33,3.65,7.2,22.93,20.62,8.02,5.28,147.8,30.04,28.25,31.77,9.05,6.27,13.77,9.9,52.53,16.13,4.99,32.69,5.63,18.51,32.7,3.37,14.2,33.56,6.98,36.8,8.01,25.0,5.02,150.63,8.52,108.87,48.61,30.88,5.74,5.05,14.03,28.74,6.76,7.14,20.42,30.6,17.36,6.45,12.24,5.59,153.61,88.7,7.93,82.0,4.69,107.5,46.69,4.41,6.9,9.47,14.22,2.2,17.02,30.03,35.69,18.8,27.72,90.12,20.33,1.3,15.28,11.91,5.69,5.8,47.41,10.52,
2019-12-16,92.3,40.15,85.64,3.95,1147.92,37.28,58.11,96.05,18.83,92.3,83.3,36.96,19.64,23.32,204.99,5.78,19.15,22.94,15.4,44.13,74.6,24.04,4.39,85.25,18.09,3.64,7.18,63.1,36.85,24.35,5.54,30.44,3.76,22.8,16.21,21.88,5.77,14.7,53.45,128.83,11.2,17.39,12.13,36.6,15.58,29.33,32.13,16.13,82.88,19.13,33.55,37.31,8.59,24.36,5.1,4.33,10.01,20.4,49.75,10.44,181.76,6.55,8.31,9.28,3.65,7.15,23.17,21.05,7.91,5.29,153.14,30.55,27.68,33.2,9.16,6.25,14.08,10.3,56.03,16.1,5.01,33.26,5.61,18.76,33.65,3.4,14.7,33.25,7.02,37.69,8.03,25.54,5.09,149.09,8.49,114.03,48.8,31.13,5.82,5.04,14.22,29.22,7.14,7.12,20.91,31.03,17.55,6.53,12.33,5.58,167.0,88.01,7.95,81.6,4.82,107.04,46.08,4.39,6.9,9.52,14.51,2.2,17.3,31.93,35.02,19.18,27.63,86.12,20.67,1.31,15.27,11.94,5.73,5.86,47.48,10.72,
2019-12-17,95.39,44.17,86.13,3.99,1169.98,37.5,58.5,97.8,18.77,90.67,83.32,37.71,19.98,23.87,203.55,5.84,19.02,23.01,15.73,45.04,74.62,23.91,4.75,86.04,18.47,3.66,7.26,64.11,37.6,24.53,5.6,30.79,3.82,22.68,16.34,22.16,5.85,14.75,53.3,130.25,11.19,17.67,12.39,36.49,15.65,29.2,32.77,16.5,83.76,19.58,33.59,37.51,8.76,24.23,5.17,4.45,10.4,20.89,50.66,10.69,181.75,6.62,8.4,9.4,3.68,7.23,23.17,21.5,7.82,5.4,154.96,31.6,27.9,32.8,9.25,6.32,14.4,10.24,56.34,16.5,5.08,33.15,5.7,18.66,33.77,3.46,14.64,34.11,7.13,38.6,8.15,25.76,5.14,151.65,8.78,113.03,49.26,31.55,5.88,5.02,14.64,32.14,7.06,7.25,22.3,32.14,17.9,6.62,12.67,5.85,165.9,88.6,8.0,83.04,4.99,107.5,46.65,4.49,7.0,9.78,14.67,2.23,17.41,32.25,35.13,19.47,29.06,85.61,20.73,1.32,15.65,12.14,5.8,5.86,48.4,10.69,
2019-12-18,93.19,44.51,85.98,3.97,1168.0,37.99,58.2,94.64,18.4,91.8,84.16,36.55,20.0,23.8,205.97,5.87,18.93,23.47,15.63,44.7,75.47,23.3,4.66,84.75,18.23,3.68,7.22,64.37,36.89,24.04,5.61,30.45,3.81,22.35,16.46,22.36,5.82,14.65,52.51,130.94,11.23,17.57,12.4,36.27,15.85,29.4,33.1,16.46,81.91,19.56,34.25,37.85,8.72,23.74,5.11,4.44,10.27,20.81,49.8,10.61,178.48,6.6,8.39,9.4,3.67,7.24,22.98,21.4,7.89,5.36,151.15,31.1,27.75,32.78,9.19,6.29,14.22,11.26,54.13,16.62,5.07,34.79,5.69,18.48,33.8,3.45,15.0,33.88,7.14,38.19,8.21,25.57,5.14,149.33,8.73,113.23,50.71,31.81,5.84,5.04,14.83,31.91,7.02,7.55,21.48,31.93,17.77,6.64,12.63,5.72,171.31,88.73,8.1,82.5,5.09,106.5,46.88,4.48,6.98,9.72,14.71,2.22,17.26,31.58,34.77,19.16,,85.11,20.62,1.34,15.48,11.94,5.76,6.24,48.7,10.48,
2019-12-19,93.25,42.76,85.7,4.1,1157.4,37.77,58.08,94.3,18.41,87.7,79.9,36.1,19.91,23.75,195.97,5.93,18.15,22.75,15.49,44.97,74.12,22.47,4.69,84.86,18.18,3.69,7.23,65.0,37.05,23.42,5.62,29.95,3.8,21.82,17.47,22.0,5.82,14.66,52.3,129.86,11.14,17.72,12.41,36.63,15.65,29.5,32.57,16.55,81.65,19.4,34.49,37.68,8.79,22.78,5.15,4.43,10.11,21.23,49.83,10.57,179.3,6.61,8.39,9.46,3.69,7.26,22.9,21.87,7.87,5.45,148.8,30.97,28.35,32.72,9.18,6.3,14.21,11.71,54.29,16.13,5.06,34.51,5.69,18.6,33.94,3.46,14.67,33.79,7.14,38.54,8.17,24.8,5.13,146.93,8.76,112.5,48.22,31.3,5.88,5.03,14.82,31.07,7.49,7.5,20.92,31.34,17.75,6.64,12.59,5.74,160.16,87.0,8.17,82.0,5.14,105.65,46.1,4.48,7.01,9.74,14.97,2.21,17.32,31.31,34.59,19.21,,85.47,20.65,1.33,15.55,11.9,5.73,6.23,48.6,10.62,
2019-12-20,92.78,41.64,85.53,4.02,1146.3,37.54,57.8,92.5,18.29,85.82,79.02,35.97,19.98,23.58,195.3,5.94,18.15,22.34,15.31,46.62,73.0,22.2,4.68,84.9,18.17,3.71,7.19,64.51,37.11,23.16,5.63,30.01,3.73,21.55,17.07,21.89,5.8,14.61,53.09,129.1,10.93,17.77,12.42,35.31,15.49,29.38,32.21,16.59,83.14,19.38,33.37,37.6,8.75,22.1,5.1,4.35,10.21,20.3,49.83,10.39,176.05,6.59,8.27,9.54,3.7,7.25,23.08,21.18,7.92,5.45,148.18,30.33,28.1,31.41,9.16,6.3,14.17,11.46,53.0,16.39,5.05,34.36,5.71,18.81,33.43,3.43,14.38,34.31,7.1,38.39,8.19,24.55,5.12,150.38,8.77,111.36,47.71,31.37,5.88,4.96,14.73,31.14,7.11,7.29,20.38,30.47,17.77,6.62,12.55,5.75,166.95,85.88,8.22,82.15,5.12,105.89,46.43,4.43,6.88,9.56,15.03,2.2,17.05,31.05,34.09,19.21,,87.69,20.31,1.32,15.24,11.89,5.62,6.29,48.2,10.38,
2019-12-23,92.9,41.05,84.29,3.97,1149.3,37.4,57.27,92.6,18.26,82.5,75.41,35.39,19.76,23.05,182.3,5.88,17.87,21.5,14.96,45.54,68.63,20.7,4.56,85.23,17.67,3.69,7.13,64.5,36.14,21.83,5.57,29.85,3.73,21.27,16.31,21.68,5.71,14.77,53.0,128.14,10.45,17.47,12.2,34.1,15.69,28.73,31.41,16.24,80.18,18.9,32.26,37.01,8.68,21.35,5.09,4.39,10.31,19.71,49.35,10.28,174.55,6.51,8.12,9.42,3.67,7.19,23.02,21.19,8.19,5.33,140.67,29.85,27.74,29.3,9.05,6.25,13.68,11.38,53.0,16.4,4.99,34.8,5.62,18.96,33.07,3.34,13.92,33.23,6.99,38.01,8.12,24.23,5.06,149.58,8.65,105.16,43.45,31.43,5.8,5.05,14.27,32.29,7.04,7.09,20.29,32.1,17.28,6.56,12.26,5.82,157.0,85.53,8.15,81.61,5.01,105.9,46.8,4.39,6.74,9.36,14.76,2.17,16.75,30.91,33.62,19.72,,86.83,19.83,1.29,14.9,11.69,5.58,6.08,46.85,10.2,259.0
2019-12-24,99.5,43.01,84.46,4.12,1148.0,38.01,57.08,92.05,18.2,86.5,79.1,35.55,19.9,23.18,195.38,5.86,17.87,21.9,15.19,46.78,69.32,20.84,4.7,84.5,17.74,3.68,7.15,65.02,37.24,22.21,5.58,30.24,4.1,21.65,16.46,22.18,5.73,15.19,53.15,128.7,10.56,17.62,12.28,34.4,15.93,29.09,31.8,16.4,78.77,19.24,33.12,36.92,8.75,22.17,5.11,4.47,10.35,20.08,50.88,10.57,176.1,6.56,8.22,9.47,3.67,7.19,23.05,21.01,8.07,5.34,141.67,30.23,28.22,29.91,9.12,6.26,13.73,11.91,54.25,17.06,5.02,35.76,5.63,19.41,33.72,3.41,14.15,32.79,7.0,38.39,8.16,24.42,5.07,151.5,8.69,106.57,45.25,31.71,5.8,5.07,14.41,34.3,7.18,7.36,20.43,35.31,17.43,6.81,12.88,5.8,163.2,85.15,8.09,82.05,5.25,106.0,49.7,4.38,6.92,9.43,15.28,2.25,17.0,31.72,33.5,20.83,,87.21,20.05,1.31,16.23,11.62,5.64,6.33,47.18,9.7,284.9
2019-12-25,105.3,43.09,83.93,4.14,1133.7,37.79,57.2,91.15,18.08,93.99,89.0,35.5,19.76,23.13,214.92,5.83,18.08,22.86,15.19,46.85,73.49,21.02,4.74,83.38,17.69,3.67,7.14,64.4,37.2,22.4,5.57,29.98,4.2,21.83,17.08,22.75,5.72,15.29,53.96,128.1,10.72,17.55,12.24,35.1,16.55,29.0,32.21,16.3,78.18,19.21,33.75,36.8,8.63,22.84,5.09,4.48,10.18,20.44,51.46,10.48,175.95,6.56,8.27,9.42,3.66,7.17,22.83,21.68,8.02,5.35,142.78,31.29,28.16,29.91,9.06,6.23,13.64,12.28,52.11,17.22,5.01,35.58,5.61,19.12,34.05,3.36,14.19,32.65,6.97,37.9,8.19,24.8,4.98,162.99,8.61,105.1,44.81,31.94,5.82,5.29,14.43,34.24,7.23,7.25,20.22,36.3,17.45,6.69,12.73,5.69,161.4,83.14,8.12,80.86,5.18,105.99,49.56,4.37,7.04,9.35,15.17,2.23,17.01,31.35,33.65,20.58,,87.12,19.99,1.3,16.24,11.42,5.58,6.42,47.3,9.49,289.1
2019-12-26,105.12,43.0,84.43,4.19,1135.1,38.1,57.6,93.15,18.18,92.86,91.4,35.37,19.96,23.75,210.33,5.86,18.0,22.89,15.49,46.41,74.88,21.06,4.83,84.38,17.94,3.71,7.2,64.78,37.49,22.44,5.6,30.12,4.16,21.71,17.03,22.28,5.73,15.27,52.35,128.15,10.67,17.69,12.29,35.2,16.58,29.1,32.36,16.47,77.78,19.53,33.9,37.05,8.8,22.5,5.33,4.69,10.54,20.37,51.5,10.53,178.15,6.59,8.29,9.46,3.68,7.23,22.83,21.6,7.95,5.5,143.13,31.3,28.15,29.79,9.16,6.25,13.61,12.02,51.86,17.11,5.02,36.5,5.64,19.9,35.54,3.38,14.11,32.4,7.0,37.75,8.19,24.44,4.99,154.53,8.71,109.8,44.27,31.94,5.83,5.34,14.82,35.24,7.78,7.2,20.23,36.87,17.73,6.72,12.92,5.69,165.32,85.35,8.13,80.73,5.15,105.89,49.0,4.43,7.31,9.38,15.21,2.26,17.39,31.45,34.13,20.89,26.9,88.16,20.36,1.3,16.17,11.45,5.63,6.36,47.5,9.41,279.5
2019-12-27,104.2,40.26,84.72,4.46,1163.0,37.86,57.2,91.22,18.19,88.81,95.0,35.38,19.96,23.33,200.0,5.9,17.51,22.43,15.06,46.0,73.39,20.77,4.64,84.38,17.76,3.73,7.19,64.53,36.52,22.04,5.62,30.64,4.33,21.42,16.25,21.77,5.78,15.36,54.4,129.0,10.48,17.82,12.32,34.39,16.65,29.5,32.0,16.63,82.97,19.44,33.64,36.78,8.9,21.97,5.23,4.52,10.66,19.95,49.58,10.84,175.48,6.56,8.2,9.46,3.69,7.25,22.74,21.42,7.98,5.49,140.13,30.91,28.02,29.42,9.1,6.27,13.44,11.83,48.55,16.97,5.05,37.29,5.63,19.45,34.3,3.5,13.64,33.08,7.02,37.51,8.28,24.41,5.01,147.6,8.78,104.75,44.01,32.31,5.78,5.44,14.5,34.18,7.64,7.3,20.14,38.85,17.53,6.76,13.04,5.74,161.7,88.08,8.1,81.71,5.25,106.28,49.8,4.44,7.18,9.42,15.2,2.33,17.04,31.18,33.8,20.7,28.47,88.12,20.65,1.32,16.79,11.53,5.68,6.24,47.61,9.22,258.1
2019-12-30,110.0,39.25,85.89,4.49,1185.8,37.83,58.23,90.99,18.37,88.61,93.31,35.19,19.76,25.66,207.38,5.89,17.6,22.43,15.79,47.64,71.35,20.68,4.56,85.5,18.68,3.72,7.21,65.58,36.4,22.2,5.64,30.83,4.38,21.39,16.33,22.57,5.82,15.65,56.05,132.82,10.69,18.26,12.34,34.64,16.78,30.85,32.58,16.57,85.1,20.6,34.35,38.25,9.04,22.0,5.25,4.46,10.9,20.19,52.2,10.91,178.12,6.62,8.25,9.52,3.71,7.23,23.29,21.34,8.38,5.56,142.37,31.24,27.85,30.03,9.15,6.31,13.78,11.87,49.33,17.39,5.08,37.0,5.66,19.31,34.46,3.54,13.79,33.26,7.15,37.7,8.36,24.98,5.01,144.0,8.75,111.28,44.67,32.12,5.89,5.48,15.3,34.25,7.87,7.49,19.79,39.39,18.55,6.83,13.18,5.81,163.9,90.22,8.22,85.73,5.19,107.51,49.83,4.39,7.29,9.41,15.34,2.36,17.2,30.98,34.81,20.72,28.4,89.0,21.46,1.32,17.29,11.67,5.75,6.3,49.07,9.26,249.98
2019-12-31,106.4,40.14,85.46,4.59,1183.0,37.58,58.25,92.12,18.38,88.0,92.4,36.5,19.8,25.3,204.89,5.88,18.27,23.15,15.77,47.67,71.61,20.92,4.54,87.52,18.49,3.69,7.24,65.58,38.26,22.21,5.63,30.94,4.36,21.76,16.31,22.28,5.83,15.88,56.17,133.01,10.53,18.25,12.37,34.58,17.05,30.64,32.74,16.45,88.79,20.31,35.39,37.84,8.99,21.98,5.27,4.47,10.9,20.29,52.15,10.84,181.9,6.65,8.3,9.49,3.69,7.23,23.99,21.18,8.8,5.62,142.1,31.6,28.15,30.1,9.16,6.31,13.77,11.43,50.16,17.33,5.11,36.96,5.68,19.5,34.48,3.54,13.82,33.6,7.14,37.19,8.48,24.83,5.0,143.4,8.77,109.11,44.9,32.62,5.89,5.47,15.17,34.83,8.26,7.38,19.92,,18.29,6.85,13.04,5.86,163.9,89.7,8.21,86.68,5.14,107.51,49.75,4.41,7.28,9.51,15.19,2.33,17.16,31.6,34.87,20.7,30.18,88.95,21.68,1.32,16.93,11.95,5.74,6.26,49.15,9.15,252.48
